対象県（富山/石川/福井）,アンケート回答日,居住都道府県,性別,年代,職業,世帯年収,同伴者,宿泊数（全行程）,宿泊エリア（県外）,宿泊エリア（県内）,宿泊数（県内）,１泊目　宿泊先,１泊目　食事プラン,２泊目　宿泊先,２泊目　食事プラン,３泊目　宿泊先,３泊目　食事プラン,４泊目　宿泊先,４泊目　食事プラン,交通手段１（目的地まで）,自家用車,レンタカー,新幹線,在来線,飛行機,旅行会社ツアーバス,県外から訪れていない（福井県在住）,交通手段２（目的地から）,タクシー,路線バス,徒歩,レンタサイクル,交通の満足度,交通の満足度の理由,来県回数（観光）,エリアへの訪問回数,施設への訪問回数,目的,宿でのんびり過ごす,温泉や露天風呂,地元の美味しいものを食べる,花見や紅葉などの自然鑑賞,名所、旧跡の観光,テーマパーク（遊園地、動物園、博物館など）,買い物、アウトレット,お祭りやイベントへの参加・見物,スポーツ観戦や芸能鑑賞（コンサート等）,アウトドア（海水浴、釣り、登山など）,まちあるき、都市散策,各種体験（手作り、果物狩りなど）,スキー・スノボ、マリンスポーツ,その他スポーツ（ゴルフ、テニスなど）,ドライブ・ツーリング,友人・親戚を尋ねる,出張など仕事関係,その他の目的,情報源,Facebook,Google,Googleマップ,Instagram,TikTok,X（旧Twitter）,YouTube,SNS広告,ブログ,まとめサイト,インターネット・アプリ,デジタルニュース,宿泊予約Webサイト,宿泊施設,TV・ラジオ番組やCM,ラブライブのスタンプラリー,新聞・雑誌・ガイドブック,旅行会社,友人・知人,地元の人,観光パンフレット・ポスター,観光案内所,観光展・物産展,観光連盟やDMOのHP,その他,他を検討した？,どこと比較した？（県）,どこと比較した？（観光地）,交通費,飲食費,宿泊費,買い物費,施設orエリア消費総額,観光費,訪問場所,寿司,ます寿司,海の幸食べたか,海の幸感動,満足度（食べ物・料理）,満足度（宿泊施設）,満足度（買い物（工芸品・特産品など））,満足度（観光・体験）,満足度（旅行全体）,満足度（商品・サービス）,満足度理由(サービス),満足度理由,不便に感じたこと・困ったこと,最も幸せを感じた食べ物,最も幸せを感じた観光・体験,おすすめ度,再訪意向,自由意見,回答場所,個人情報保護の方針について,アンケート前に訪れた主な場所（施設やスポット名称、エリアなど）,上記名称リストにない場合について、具体的にお答えください。(前),アンケート後に訪れる予定の場所（施設やスポット名称、エリア）,上記名称リストにない場合について、具体的にお答えください。(後),会員ID,登録エリア,生まれ年,回答時の年齢,UA(UserAgent),回答月,回答エリア2,DMO,推奨項目
石川,2026/01/08 0:31:16,静岡県,男,1991,,600万円以上 700万円未満,自分ひとり,4泊以上,フェリー、山口、兵庫、福井,金沢エリア  （湯涌温泉、深谷温泉、犀川温泉など）,2泊,,,,,,,,,自家用車,1,0,0,0,0,0,0,,0,0,0,0,,,,,2～5回目,"地元の美味しいものを食べる, 名所、旧跡の観光, テーマパーク（遊園地、動物園、博物館など）, まちあるき、都市散策, スタンプラリー",0,0,1,0,1,1,0,0,0,0,1,0,0,0,0,0,0,0,"インターネット・アプリ, X(旧：Twitter)",0,0,0,0,0,1,0,0,0,0,1,0,0,0,0,0,0,0,0,0,0,0,0,0,0,,,,,,"20,000円以上 30,000円未満",,使わない,,,,,,,,,,,5,4,全般的に清掃が行き届いていた,クリスマスの飾り付けがあり、季節感を感じられた,,,,7,また行きたい（1年以内）,○飲食に際し、「石川県産」とそうでないものの区別がつきづらいため、県産ブランドを強調するロゴ等があればわかりやすいと感じた。　○引き続きラブライブコラボを定期的に実施して頂きたい 県立歴史博物館が旧軍の施設であったと知り、周辺の他施設と併せて、状態の良い戦跡・遺構として探索するのも面白そうだと感じた。,石川県政記念しいのき迎賓館,同意する,,県立図書館,,,,,1991,,,,,,
石川,2026/02/01 15:35:47,東京都,男,1983,,"1,000万円以上 1,200万円未満",小学生以下連れの家族,1泊,石川県外には泊まらない,金沢エリア  （湯涌温泉、深谷温泉、犀川温泉など）,1泊,,,,,,,,,飛行機,0,0,0,0,1,0,0,,0,0,0,0,5,時間とおりに移動できるから,,,初めて,"温泉や露天風呂, 名所、旧跡の観光",0,1,0,0,1,0,0,0,0,0,0,0,0,0,0,0,0,0,"新聞・雑誌・ガイドブック, インターネット・アプリ, X(旧：Twitter), 友人・知人",0,0,0,0,0,1,0,0,0,0,1,0,0,0,0,0,1,0,1,0,0,0,0,0,0,,,,,,"10,000円以上 20,000円未満",,"1,000円未満",,,,,,,,,,,5,4,雪の風景に風情があったため,,,,,9,機会があれば行きたい,特になし 観光だけでなく、,天然温泉加賀の湧泉　ドーミーイン金沢,同意する,,,,兼六園,,,1983,,,,,,
石川,2026/01/01 8:17:59,神奈川県,男,1963,,700万円以上 800万円未満,自分ひとり,4泊以上,石川県外には泊まらない,金沢エリア  （湯涌温泉、深谷温泉、犀川温泉など）,4泊以上,,,,,,,,,飛行機,0,0,0,0,1,0,0,,0,0,0,0,5,,,,2～5回目,"宿でのんびり過ごす, 地元の美味しいものを食べる, まちあるき、都市散策",1,0,1,0,0,0,0,0,0,0,1,0,0,0,0,0,0,0,インターネット・アプリ,0,0,0,0,0,0,0,0,0,0,1,0,0,0,0,0,0,0,0,0,0,0,0,0,0,,,,,,"50,000円以上 100,000円未満",,"1,000円以上 3,000円未満",,,,,,,,,,,5,5,,,,,,8,また行きたい（1年以内）,海産物,ガーデンホテル金沢,同意する,,,,,,,1963,,,,,,
石川,2026/01/01 9:31:02,兵庫県,その他,1976,,"1,200万円以上 1,500万円未満",中学生以上連れの家族,1泊,石川県外には泊まらない,金沢エリア  （湯涌温泉、深谷温泉、犀川温泉など）,1泊,,,,,,,,,自家用車,1,0,0,0,0,0,0,,0,0,0,0,3,公共交通機関は充実しているとはいえないため。特に北鉄バスはICOCAやPASMOなど使えないのは相当いただけない。,,,11回目以上,友人・親戚を訪ねる,0,0,0,0,0,0,0,0,0,0,0,0,0,0,0,0,0,0,"インターネット・アプリ, X(旧：Twitter), Instagram, Facebook",1,0,0,1,0,1,0,0,0,0,1,0,0,0,0,0,0,0,0,0,0,0,0,0,0,,,,,,"5,000円以上 10,000円未満",,"5,000円以上 10,000円未満",,,,,,,,,,,2,3,,全体的に古さ,,,,5,どちらともいえない,特になし,金沢国際ホテル,同意する,,,,,,,1976,,,,,,
石川,2026/01/01 10:30:38,長野県,男,1970,,700万円以上 800万円未満,自分ひとり,3泊,富山県,金沢エリア  （湯涌温泉、深谷温泉、犀川温泉など）,2泊,,,,,,,,,自家用車,1,0,0,0,0,0,0,,0,0,0,0,,,,,初めて,"宿でのんびり過ごす, 温泉や露天風呂, 帰省",1,1,0,0,0,0,0,0,0,0,0,0,0,0,0,0,0,0,インターネット・アプリ,0,0,0,0,0,0,0,0,0,0,1,0,0,0,0,0,0,0,0,0,0,0,0,0,0,,,,,,"20,000円以上 30,000円未満",,"20,000円以上 30,000円未満",,,,,,,,,,,3,4,部屋,部屋,,,,7,また行きたい（1年以内）,海鮮,金沢国際ホテル,同意する,,観光なし,,観光なし,,,1970,,,,,,
石川,2026/01/01 10:50:26,沖縄県,女,1976,,"1,000万円以上 1,200万円未満",恋人,4泊以上,富山、新潟、群馬、東京、埼玉,金沢エリア  （湯涌温泉、深谷温泉、犀川温泉など）,1泊,,,,,,,,,"レンタカー, 飛行機",0,1,0,0,1,0,0,,0,0,0,0,4,駐車場が狭い,,,初めて,"温泉や露天風呂, 地元の美味しいものを食べる",0,1,1,0,0,0,0,0,0,0,0,0,0,0,0,0,0,0,Instagram,0,0,0,1,0,0,0,0,0,0,0,0,0,0,0,0,0,0,0,0,0,0,0,0,0,,,,,,"50,000円以上 100,000円未満",,"20,000円以上 30,000円未満",,,,,,,,,,,5,5,おもてなしが素晴らしい。年越しそば、初詣、餅つき、とても良かったです。,古いけど、エレベーターがすぐきた。トイレについてたの電話がレトロすぎてウケた。,,,,8,機会があれば行きたい,能登牛 忍者寺,金沢国際ホテル,同意する,,忍者寺、忍者ミュージアム,,,,,1976,,,,,,
石川,2026/01/01 11:21:33,静岡県,女,1980,,"900万円以上 1,000万円未満",小学生以下連れの家族,3泊,石川県外には泊まらない,加賀エリア （山代温泉、山中温泉、片山津温泉、粟津温泉、辰口温泉、加賀市、小松市など）,3泊,,,,,,,,,自家用車,1,0,0,0,0,0,0,,0,0,0,0,4,,,,初めて,"地元の美味しいものを食べる, まちあるき、都市散策",0,0,1,0,0,0,0,0,0,0,1,0,0,0,0,0,0,0,インターネット・アプリ,0,0,0,0,0,0,0,0,0,0,1,0,0,0,0,0,0,0,0,0,0,0,0,0,0,,,,,,"5,000円以上 10,000円未満",,"5,000円以上 10,000円未満",,,,,,,,,,,5,5,,,,,,5,また行きたい（1年以内）,古きを残して欲しい,長町武家屋敷休憩館,同意する,,忍者寺,,,,,1980,,,,,,
石川,2026/01/01 11:31:03,兵庫県,女,2003,,100万円未満,恋人,2泊,石川県外には泊まらない,金沢エリア  （湯涌温泉、深谷温泉、犀川温泉など）,2泊,,,,,,,,,新幹線,0,0,1,0,0,0,0,,0,0,0,0,5,,,,2～5回目,"宿でのんびり過ごす, 地元の美味しいものを食べる, お祭りやイベントへの参加・見物",1,0,1,0,0,0,0,1,0,0,0,0,0,0,0,0,0,0,"観光展・物産展, TV・ラジオ番組やCM, インターネット・アプリ, Instagram, Facebook",1,0,0,1,0,0,0,0,0,0,1,0,0,0,1,0,0,0,0,0,0,0,1,0,0,,,,,,"20,000円以上 30,000円未満",,"3,000円以上 5,000円未満",,,,,,,,,,,5,5,,,,,,10,また行きたい（1年以内）,石川県の伝統についてより深く知りたいと思いました。,金沢駅,同意する,,,,,,,2003,,,,,,
石川,2026/01/01 12:10:08,千葉県,女,1974,,300万円以上 400万円未満,自分ひとり,4泊以上,石川県外には泊まらない,金沢エリア  （湯涌温泉、深谷温泉、犀川温泉など）,4泊以上,,,,,,,,,新幹線,0,0,1,0,0,0,0,,0,0,0,0,,,,,11回目以上,"地元の美味しいものを食べる, 名所、旧跡の観光, まちあるき、都市散策, 初詣",0,0,1,0,1,0,0,0,0,0,1,0,0,0,0,0,0,0,"新聞・雑誌・ガイドブック, インターネット・アプリ, Instagram",0,0,0,1,0,0,0,0,0,0,1,0,0,0,0,0,1,0,0,0,0,0,0,0,0,,,,,,"10,000円以上 20,000円未満",,"1,000円未満",,,,,,,,,,,5,5,お城ビューでお茶がいただけるため,トイレや施設がキレイでゆっくりできるため,,,,10,また行きたい（1年以内）,素晴らしい事ばかりで求める事はないです。 冬の風物詩「こもがけ」や金沢城公園や兼六園雪吊りは季節感を感じられて、大切に守りながらも魅せられる美しさは他にはない文化だと思います。帰宅しましたら金沢にしかない魅力を皆さんにお伝えしてお連れしたいです。,金沢城公園,同意する,,玉泉院丸庭園,,金沢城公園内を散策,,,1974,,,,,,
石川,2026/01/01 13:16:52,富山県,女,1992,,500万円以上 600万円未満,自分ひとり,4泊以上,石川県外には泊まらない,金沢エリア  （湯涌温泉、深谷温泉、犀川温泉など）,4泊以上,,,,,,,,,在来線,0,0,0,1,0,0,0,,0,0,0,0,4,バスの遅延がやはりあるなぁという印象でした。年末年始なので道が混んでいるので仕方ないのかなと思います。,,,初めて,友人・親戚を訪ねる,0,0,0,0,0,0,0,0,0,0,0,0,0,0,0,0,0,0,友人・知人,0,0,0,0,0,0,0,0,0,0,0,0,0,0,0,0,0,0,1,0,0,0,0,0,0,,,,,,"5,000円以上 10,000円未満",,"1,000円以上 3,000円未満",,,,,,,,,,,5,5,新年のお参りができた。素敵なお守りに出会えた。,,,,,8,また行きたい（1年以内）,手軽に食べれる郷土料理,金沢中央観光案内所,同意する,,,,尾崎神社,,,1992,,,,,,
石川,2026/01/01 13:41:59,愛知県,女,1978,,600万円以上 700万円未満,中学生以上連れの家族,2泊,石川県外には泊まらない,金沢エリア  （湯涌温泉、深谷温泉、犀川温泉など）,2泊,,,,,,,,,レンタカー,0,1,0,0,0,0,0,,0,0,0,0,4,,,,初めて,"地元の美味しいものを食べる, 名所、旧跡の観光, まちあるき、都市散策",0,0,1,0,1,0,0,0,0,0,1,0,0,0,0,0,0,0,"新聞・雑誌・ガイドブック, インターネット・アプリ",0,0,0,0,0,0,0,0,0,0,1,0,0,0,0,0,1,0,0,0,0,0,0,0,0,,,,,,"50,000円以上 100,000円未満",,"30,000円以上 40,000円未満",,,,,,,,,,,4,4,,,,,,8,機会があれば行きたい,特になし,金沢城公園,同意する,,,,,,,1978,,,,,,
石川,2026/01/01 14:48:52,石川県,女,1992,,500万円以上 600万円未満,親,日帰り,石川県外には泊まらない,金沢エリア  （湯涌温泉、深谷温泉、犀川温泉など）,4泊以上,,,,,,,,,県外から訪れていない（石川県内在住）,0,0,0,0,0,0,0,,0,0,0,0,,,,,初めて,"名所、旧跡の観光, 友人・親戚を訪ねる",0,0,0,0,1,0,0,0,0,0,0,0,0,0,0,0,0,0,友人・知人,0,0,0,0,0,0,0,0,0,0,0,0,0,0,0,0,0,0,1,0,0,0,0,0,0,,,,,,使わない,,使わない,,,,,,,,,,,5,5,マンホールカードをゲットできた,とても綺麗だった。みんな親切に教えてくれた,,,,10,石川県在住,とくになし,金沢中央観光案内所,同意する,,,,,,,1992,,,,,,
石川,2026/01/01 15:11:46,北海道,女,2002,,100万円以上 200万円未満,親,2泊,石川県外には泊まらない,金沢エリア  （湯涌温泉、深谷温泉、犀川温泉など）,2泊,,,,,,,,,自家用車,1,0,0,0,0,0,0,,0,0,0,0,,,,,初めて,"宿でのんびり過ごす, 地元の美味しいものを食べる, 名所、旧跡の観光",1,0,1,0,1,0,0,0,0,0,0,0,0,0,0,0,0,0,"新聞・雑誌・ガイドブック, 観光パンフレット・ポスター",0,0,0,0,0,0,0,0,0,0,0,0,0,0,0,0,1,0,0,0,1,0,0,0,0,,,,,,"20,000円以上 30,000円未満",,"3,000円以上 5,000円未満",,,,,,,,,,,4,4,,,,,,10,機会があれば行きたい,海産物、友禅,石川県観光物産館,同意する,,,,,,,2002,,,,,,
石川,2026/01/01 15:19:44,東京都,その他,1976,,400万円以上 500万円未満,夫婦2人,1泊,石川県外には泊まらない,金沢エリア  （湯涌温泉、深谷温泉、犀川温泉など）,1泊,,,,,,,,,新幹線,0,0,1,0,0,0,0,,0,0,0,0,,,,,初めて,初詣,0,0,0,0,0,0,0,0,0,0,0,0,0,0,0,0,0,0,観光協会等の案内所,0,0,0,0,0,0,0,0,0,0,0,0,0,0,0,0,0,0,0,0,0,1,0,0,0,,,,,,"5,000円以上 10,000円未満",,"1,000円未満",,,,,,,,,,,5,3,,元日にお手洗いを借りることができた,,,,4,また行きたい（1年以内）,無添加の食品 食べ物,石川県立美術館,同意する,,白山市,,,,,1976,,,,,,
石川,2026/01/01 16:15:40,愛知県,女,2003,,"900万円以上 1,000万円未満",中学生以上連れの家族,1泊,岐阜県,石川県内には宿泊しない,石川県内には宿泊しない,,,,,,,,,自家用車,1,0,0,0,0,0,0,,0,0,0,0,,,,,2～5回目,"地元の美味しいものを食べる, 花見や紅葉などの自然鑑賞, まちあるき、都市散策",0,0,1,1,0,0,0,0,0,0,1,0,0,0,0,0,0,0,"新聞・雑誌・ガイドブック, 観光パンフレット・ポスター, インターネット・アプリ, Instagram",0,0,0,1,0,0,0,0,0,0,1,0,0,0,0,0,1,0,0,0,1,0,0,0,0,,,,,,"1,000円以上 3,000円未満",,"1,000円以上 3,000円未満",,,,,,,,,,,5,4,,,,,,8,機会があれば行きたい,特になし,兼六駐車場,同意する,,,,,,,2003,,,,,,
石川,2026/01/01 16:27:33,東京都,男,1961,,"900万円以上 1,000万円未満",団体旅行,2泊,富山県,石川県内には宿泊しない,石川県内には宿泊しない,,,,,,,,,旅行会社ツアーバス,0,0,0,0,0,1,0,,0,0,0,0,4,尾山神社に近接,,,初めて,名所、旧跡の観光,0,0,0,0,1,0,0,0,0,0,0,0,0,0,0,0,0,0,友人・知人,0,0,0,0,0,0,0,0,0,0,0,0,0,0,0,0,0,0,1,0,0,0,0,0,0,,,,,,使わない,,使わない,,,,,,,,,,,5,5,情報が多く参考になった,,,,,8,機会があれば行きたい,特になし 落ち着いた雰囲気と上品な観光地,金沢中央観光案内所,同意する,,,,,,,1961,,,,,,
石川,2026/01/01 16:53:28,京都府,女,1998,,400万円以上 500万円未満,恋人,2泊,石川県外には泊まらない,金沢エリア  （湯涌温泉、深谷温泉、犀川温泉など）,2泊,,,,,,,,,"新幹線, 在来線",0,0,1,1,0,0,0,,0,0,0,0,3,,,,2～5回目,蓮ノ空聖地巡礼,0,0,0,0,0,0,0,0,0,0,0,0,0,0,0,0,0,0,せーので蓮ノ空,0,0,0,0,0,0,0,0,0,0,0,0,0,0,0,0,0,0,0,0,0,0,0,0,1,,,,,,"10,000円以上 20,000円未満",,使わない,,,,,,,,,,,4,5,,,,,,9,また行きたい（1年以内）,蓮ノ空コラボ,金沢城公園,同意する,,,,,,,1998,,,,,,
石川,2026/01/01 16:56:58,石川県,男,1973,,"1,000万円以上 1,200万円未満",友人,1泊,石川県外には泊まらない,加賀エリア （山代温泉、山中温泉、片山津温泉、粟津温泉、辰口温泉、加賀市、小松市など）,1泊,,,,,,,,,"新幹線, 飛行機",0,0,1,0,1,0,0,,0,0,0,0,5,アクセスが良い,,,2～5回目,"宿でのんびり過ごす, 温泉や露天風呂, 地元の美味しいものを食べる, 名所、旧跡の観光",1,1,1,0,1,0,0,0,0,0,0,0,0,0,0,0,0,0,"インターネット・アプリ, X(旧：Twitter), Instagram, 友人・知人",0,0,0,1,0,1,0,0,0,0,1,0,0,0,0,0,0,0,1,0,0,0,0,0,0,,,,,,"10,000円以上 20,000円未満",,"10,000円以上 20,000円未満",,,,,,,,,,,4,5,,,,,,9,機会があれば行きたい,特になし 観光兼六園金沢城,石川県政記念しいのき迎賓館,同意する,,,,,,,1973,,,,,,
石川,2026/01/01 17:08:51,愛知県,男,1966,,"1,500万円以上",中学生以上連れの家族,日帰り,岐阜県,石川県内には宿泊しない,石川県内には宿泊しない,,,,,,,,,自家用車,1,0,0,0,0,0,0,,0,0,0,0,,,,,2～5回目,"地元の美味しいものを食べる, 名所、旧跡の観光, まちあるき、都市散策",0,0,1,0,1,0,0,0,0,0,1,0,0,0,0,0,0,0,"新聞・雑誌・ガイドブック, TV・ラジオ番組やCM, 観光パンフレット・ポスター, インターネット・アプリ",0,0,0,0,0,0,0,0,0,0,1,0,0,0,1,0,1,0,0,0,1,0,0,0,0,,,,,,使わない,,"1,000円以上 3,000円未満",,,,,,,,,,,4,4,,,,,,10,また行きたい（1年以内）,地元のお土産で夕飯のおかずになるようなもの 金沢城の復元,兼六駐車場,同意する,,,,,,,1966,,,,,,
石川,2026/01/01 19:29:23,神奈川県,女,1958,,500万円以上 600万円未満,中学生以上連れの家族,2泊,石川県外には泊まらない,金沢エリア  （湯涌温泉、深谷温泉、犀川温泉など）,2泊,,,,,,,,,新幹線,0,0,1,0,0,0,0,,0,0,0,0,4,路線バスの路線、本数が多い。,,,2～5回目,"名所、旧跡の観光, まちあるき、都市散策, 各種体験（手作り、果物狩りなど）",0,0,0,0,1,0,0,0,0,0,1,1,0,0,0,0,0,0,"観光パンフレット・ポスター, インターネット・アプリ, 観光協会等の案内所",0,0,0,0,0,0,0,0,0,0,1,0,0,0,0,0,0,0,0,0,1,1,0,0,0,,,,,,"20,000円以上 30,000円未満",,"1,000円未満",,,,,,,,,,,4,5,スタッフの方が親切、また朝ごはんも美味しいから,古い施設だが、よく手入れがされ、清潔。,,,,9,また行きたい（1年以内）,城下町の良さ、文化の豊かさが魅力と思います。町並みや資料館、博物館など多く見どころ満載です。観光誘致も大切かと思いますが、観光のためにまちを壊さないよう、住む方が不快な思いをされないようにお願いします。一度荒らされるともとに戻すことはできないと思います。どうぞ安売りしないでください。 見どころ多く、体験もできて　楽しめる。泊まる施設も多い。,ＨＯＴＥＬ金沢　兼六荘,同意する,,金石地区　銭屋五兵衛記念館　銭五の館,,,,,1958,,,,,,
石川,2026/01/01 22:21:05,愛知県,女,1978,,300万円以上 400万円未満,中学生以上連れの家族,2泊,石川県外には泊まらない,金沢エリア  （湯涌温泉、深谷温泉、犀川温泉など）,2泊,,,,,,,,,レンタカー,0,1,0,0,0,0,0,,0,0,0,0,4,,,,初めて,"地元の美味しいものを食べる, 名所、旧跡の観光",0,0,1,0,1,0,0,0,0,0,0,0,0,0,0,0,0,0,インターネット・アプリ,0,0,0,0,0,0,0,0,0,0,1,0,0,0,0,0,0,0,0,0,0,0,0,0,0,,,,,,"40,000円以上 50,000円未満",,"40,000円以上 50,000円未満",,,,,,,,,,,4,4,,,,,,8,機会があれば行きたい,特になし,スーパーホテルPremier金沢駅東口,同意する,,,,,,,1978,,,,,,
石川,2026/01/02 8:56:00,岐阜県,女,1999,,"1,000万円以上 1,200万円未満",親,1泊,石川県外には泊まらない,金沢エリア  （湯涌温泉、深谷温泉、犀川温泉など）,1泊,,,,,,,,,自家用車,1,0,0,0,0,0,0,,0,0,0,0,,,,,初めて,"温泉や露天風呂, 地元の美味しいものを食べる",0,1,1,0,0,0,0,0,0,0,0,0,0,0,0,0,0,0,友人・知人,0,0,0,0,0,0,0,0,0,0,0,0,0,0,0,0,0,0,1,0,0,0,0,0,0,,,,,,"5,000円以上 10,000円未満",,"1,000円未満",,,,,,,,,,,4,4,ラウンジでのドリンクサービスがよかった。,近江市場に近く駐車場が使えたのが便利だった。朝ごはん付きのプランでの予約だったが昼ごはんに変更していただけて助かった。,,,,7,機会があれば行きたい,海鮮がおいしくて、また来たいと思いました。 食べ物がおいしい,ANAホリディ・イン金沢スカイ,同意する,,朝の川温泉,,,,,1999,,,,,,
石川,2026/01/02 9:16:28,兵庫県,女,2009,,100万円以上 200万円未満,自分ひとり,3泊,石川県外には泊まらない,金沢エリア  （湯涌温泉、深谷温泉、犀川温泉など）,3泊,,,,,,,,,バス,0,0,0,0,0,0,0,,0,0,0,0,5,運転手がたくさん話してくださった。,,,11回目以上,"地元の美味しいものを食べる, 友人・親戚を訪ねる",0,0,1,0,0,0,0,0,0,0,0,0,0,0,0,0,0,0,タクシードライバーや地元の人,0,0,0,0,0,0,0,0,0,0,0,0,0,0,0,0,0,0,0,1,0,0,0,0,0,,,,,,使わない,,"3,000円以上 5,000円未満",,,,,,,,,,,5,5,おいしい,いろんなものがある,,,,10,また行きたい（1年以内）,特になし 雪が降らない地域にとって雪が新鮮,金沢駅,同意する,,,,,,,2009,,,,,,
石川,2026/01/02 9:37:49,愛知県,女,1956,,400万円以上 500万円未満,小学生以下連れの家族,2泊,石川県外には泊まらない,金沢エリア  （湯涌温泉、深谷温泉、犀川温泉など）,2泊,,,,,,,,,自家用車,1,0,0,0,0,0,0,,0,0,0,0,,,,,2～5回目,"宿でのんびり過ごす, 地元の美味しいものを食べる, 名所、旧跡の観光",1,0,1,0,1,0,0,0,0,0,0,0,0,0,0,0,0,0,観光展・物産展,0,0,0,0,0,0,0,0,0,0,0,0,0,0,0,0,0,0,0,0,0,0,1,0,0,,,,,,"10,000円以上 20,000円未満",,"5,000円以上 10,000円未満",,,,,,,,,,,5,5,,夕食が美味しかった,,,,5,また行きたい（1年以内）,食の新鮮さ,金沢国際ホテル,同意する,,,,,,,1956,,,,,,
石川,2026/01/02 9:39:58,新潟県,女,1973,,600万円以上 700万円未満,中学生以上連れの家族,1泊,石川県外には泊まらない,金沢エリア  （湯涌温泉、深谷温泉、犀川温泉など）,1泊,,,,,,,,,自家用車,1,0,0,0,0,0,0,,0,0,0,0,,,,,初めて,友人・親戚を訪ねる,0,0,0,0,0,0,0,0,0,0,0,0,0,0,0,0,0,0,インターネット・アプリ,0,0,0,0,0,0,0,0,0,0,1,0,0,0,0,0,0,0,0,0,0,0,0,0,0,,,,,,"10,000円以上 20,000円未満",,"1,000円未満",,,,,,,,,,,4,4,料金がリーズナブルで、スタッフの方々のサービスはとても良かったです。,少し設備が古い感じがしました。,,,,8,また行きたい（1年以内）,地元の食材を活かしたメニューを楽しみたいです。 金沢駅の雰囲気が良かったです。,金沢国際ホテル,同意する,,金沢駅,,,,,1973,,,,,,
石川,2026/01/02 10:04:36,滋賀県,男,1993,,500万円以上 600万円未満,小学生以下連れの家族,2泊,石川県外には泊まらない,金沢エリア  （湯涌温泉、深谷温泉、犀川温泉など）,2泊,,,,,,,,,自家用車,1,0,0,0,0,0,0,,0,0,0,0,,,,,初めて,友人・親戚を訪ねる,0,0,0,0,0,0,0,0,0,0,0,0,0,0,0,0,0,0,インターネット・アプリ,0,0,0,0,0,0,0,0,0,0,1,0,0,0,0,0,0,0,0,0,0,0,0,0,0,,,,,,"40,000円以上 50,000円未満",,"40,000円以上 50,000円未満",,,,,,,,,,,4,3,,,,,,5,また行きたい（1年以内）,特になし 海鮮が美味しい,金沢国際ホテル,同意する,,,,,,,1993,,,,,,
石川,2026/01/02 10:17:38,東京都,男,1968,,"1,000万円以上 1,200万円未満",夫婦2人,3泊,石川県外には泊まらない,金沢エリア  （湯涌温泉、深谷温泉、犀川温泉など）,3泊,,,,,,,,,"レンタカー, 飛行機",0,1,0,0,1,0,0,,0,0,0,0,4,スムーズについたから,,,11回目以上,友人・親戚を訪ねる,0,0,0,0,0,0,0,0,0,0,0,0,0,0,0,0,0,0,友人・知人,0,0,0,0,0,0,0,0,0,0,0,0,0,0,0,0,0,0,1,0,0,0,0,0,0,,,,,,"10,000円以上 20,000円未満",,使わない,,,,,,,,,,,3,3,特にない,特にない,,,,5,どちらともいえない,宿泊税が不満,金沢国際ホテル,同意する,,,,,,,1968,,,,,,
石川,2026/01/02 11:52:30,石川県,女,1974,,800万円以上 900万円未満,親戚,1泊,石川県外には泊まらない,金沢エリア  （湯涌温泉、深谷温泉、犀川温泉など）,1泊,,,,,,,,,県外から訪れていない（石川県内在住）,0,0,0,0,0,0,0,,0,0,0,0,,,,,2～5回目,"宿でのんびり過ごす, 地元の美味しいものを食べる",1,0,1,0,0,0,0,0,0,0,0,0,0,0,0,0,0,0,友人・知人,0,0,0,0,0,0,0,0,0,0,0,0,0,0,0,0,0,0,1,0,0,0,0,0,0,,,,,,"10,000円以上 20,000円未満",,"10,000円以上 20,000円未満",,,,,,,,,,,5,5,,スタッフのみなさん、お料理,,,,10,石川県在住,品の良さと金の華やかさ 人と料理,金沢国際ホテル,同意する,,,,,,,1974,,,,,,
石川,2026/01/02 13:56:55,愛知県,男,2004,,300万円以上 400万円未満,中学生以上連れの家族,2泊,石川県外には泊まらない,金沢エリア  （湯涌温泉、深谷温泉、犀川温泉など）,2泊,,,,,,,,,レンタカー,0,1,0,0,0,0,0,,0,0,0,0,,,,,初めて,"名所、旧跡の観光, まちあるき、都市散策",0,0,0,0,1,0,0,0,0,0,1,0,0,0,0,0,0,0,インターネット・アプリ,0,0,0,0,0,0,0,0,0,0,1,0,0,0,0,0,0,0,0,0,0,0,0,0,0,,,,,,"40,000円以上 50,000円未満",,使わない,,,,,,,,,,,5,3,商品は別に売ってるわけではないから,とても分かりやすい展示でした,,,,5,また行きたい（1年以内）,特になし 兼六園　日本三名園ってだけあってすごい綺麗な景色でした,西茶屋資料館,同意する,,主計町茶屋街,,東尋坊,,,2004,,,,,,
石川,2026/01/02 14:27:23,千葉県,女,1970,,400万円以上 500万円未満,自分ひとり,2泊,石川県外には泊まらない,金沢エリア  （湯涌温泉、深谷温泉、犀川温泉など）,2泊,,,,,,,,,"飛行機, 小松空港からリムジンバス",0,0,0,0,1,0,0,,0,0,0,0,4,年末年始、無料開放で嬉しい　又、兼六亭を前日予約して再度ゆっくり出向き、,,,初めて,"温泉や露天風呂, 地元の美味しいものを食べる, 名所、旧跡の観光, お祭りやイベントへの参加・見物, 観光ガイド2日間利用・一番良いコースを堪能",0,1,1,0,1,0,0,1,0,0,0,0,0,0,0,0,0,0,"新聞・雑誌・ガイドブック, 観光連盟やDMOのHP, インターネット・アプリ, ブログ, 有料の個人観光ガイド、note",0,0,0,0,0,0,0,0,1,0,1,0,0,0,0,0,1,0,0,0,0,0,0,1,0,,,,,,"10,000円以上 20,000円未満",,使わない,,,,,,,,,,,4,4,兼六亭（冬景色を窓枠をフレームにして日本画のようだった）,無料開放、ありがとうございます。2回連続で来訪しました。,,,,8,機会があれば行きたい,今のままで十分 近江町市場・芸妓の街など　歴史を知ってから行くとより楽しかったから,兼六園,同意する,,市場、複数の芸妓の街、神社仏閣を多数、金沢城,,一般的に知られていない、歴史・文化・窯元・工房など,,,1970,,,,,,
石川,2026/01/02 16:30:23,埼玉県,女,1978,,800万円以上 900万円未満,夫婦2人,2泊,なし,金沢エリア  （湯涌温泉、深谷温泉、犀川温泉など）,2泊,,,,,,,,,新幹線,0,0,1,0,0,0,0,,0,0,0,0,4,そこそこ乗れた,,,6～10回目,"宿でのんびり過ごす, 温泉や露天風呂, 地元の美味しいものを食べる",1,1,1,0,0,0,0,0,0,0,0,0,0,0,0,0,0,0,インターネット・アプリ,0,0,0,0,0,0,0,0,0,0,1,0,0,0,0,0,0,0,0,0,0,0,0,0,0,,,,,,"50,000円以上 100,000円未満",,"5,000円以上 10,000円未満",,,,,,,,,,,5,4,,,,,,8,また行きたい（1年以内）,なし,金沢駅,同意する,,,,,,,1978,,,,,,
石川,2026/01/02 17:01:13,岐阜県,男,1968,,"1,000万円以上 1,200万円未満",中学生以上連れの家族,1泊,石川県外には泊まらない,金沢エリア  （湯涌温泉、深谷温泉、犀川温泉など）,1泊,,,,,,,,,自家用車,1,0,0,0,0,0,0,,0,0,0,0,,,,,2～5回目,"宿でのんびり過ごす, 温泉や露天風呂, 地元の美味しいものを食べる",1,1,1,0,0,0,0,0,0,0,0,0,0,0,0,0,0,0,インターネット・アプリ,0,0,0,0,0,0,0,0,0,0,1,0,0,0,0,0,0,0,0,0,0,0,0,0,0,,,,,,"10,000円以上 20,000円未満",,"5,000円以上 10,000円未満",,,,,,,,,,,5,5,ゆっくり出来る,静かに落ち着ける,,,,9,また行きたい（1年以内）,美味しいものがたくさんあり、たびたび訪れたい 美味しいものが食べられる,ANAホリディ・イン金沢スカイ,同意する,,,,,,,1968,,,,,,
石川,2026/01/02 17:14:50,静岡県,男,1983,,600万円以上 700万円未満,小学生以下連れの家族,4泊以上,石川県外には泊まらない,金沢エリア  （湯涌温泉、深谷温泉、犀川温泉など）,4泊以上,,,,,,,,,自家用車,1,0,0,0,0,0,0,,0,0,0,0,,,,,11回目以上,地元の美味しいものを食べる,0,0,1,0,0,0,0,0,0,0,0,0,0,0,0,0,0,0,"X(旧：Twitter), Instagram",0,0,0,1,0,1,0,0,0,0,0,0,0,0,0,0,0,0,0,0,0,0,0,0,0,,,,,,使わない,,使わない,,,,,,,,,,,5,4,,,,,,10,また行きたい（1年以内）,特になし,金沢城公園,同意する,,,,,,,1983,,,,,,
石川,2026/01/03 0:53:50,愛知県,男,1971,,500万円以上 600万円未満,自分ひとり,4泊以上,富山県,金沢エリア  （湯涌温泉、深谷温泉、犀川温泉など）,2泊,,,,,,,,,在来線,0,0,0,1,0,0,0,,0,0,0,0,1,私鉄が多すぎて不便,,,初めて,"地元の美味しいものを食べる, まちあるき、都市散策",0,0,1,0,0,0,0,0,0,0,1,0,0,0,0,0,0,0,インターネット・アプリ,0,0,0,0,0,0,0,0,0,0,1,0,0,0,0,0,0,0,0,0,0,0,0,0,0,,,,,,"1,000円以上 3,000円未満",,"5,000円以上 10,000円未満",,,,,,,,,,,4,3,あまり見てない,あまり見てない,,,,7,機会があれば行きたい,特になし 町が華やか,金沢カプセルホテル武蔵町,同意する,,七尾,,輪島,,,1971,,,,,,
石川,2026/01/03 8:00:26,大阪府,男,1985,,"900万円以上 1,000万円未満",親,2泊,石川県外には泊まらない,金沢エリア  （湯涌温泉、深谷温泉、犀川温泉など）,2泊,,,,,,,,,自家用車,1,0,0,0,0,0,0,,0,0,0,0,,,,,初めて,名所、旧跡の観光,0,0,0,0,1,0,0,0,0,0,0,0,0,0,0,0,0,0,友人・知人,0,0,0,0,0,0,0,0,0,0,0,0,0,0,0,0,0,0,1,0,0,0,0,0,0,,,,,,"10,000円以上 20,000円未満",,使わない,,,,,,,,,,,5,5,たのしかった,たのしかった,,,,10,また行きたい（1年以内）,特になし,ホテルマイステイズプレミア金沢,同意する,,金沢駅,,,,,1985,,,,,,
石川,2026/01/03 8:02:38,大阪府,男,1985,,"900万円以上 1,000万円未満",小学生以下連れの家族,2泊,石川県外には泊まらない,金沢エリア  （湯涌温泉、深谷温泉、犀川温泉など）,2泊,,,,,,,,,自家用車,1,0,0,0,0,0,0,,0,0,0,0,,,,,11回目以上,地元の美味しいものを食べる,0,0,1,0,0,0,0,0,0,0,0,0,0,0,0,0,0,0,X(旧：Twitter),0,0,0,0,0,1,0,0,0,0,0,0,0,0,0,0,0,0,0,0,0,0,0,0,0,,,,,,"10,000円以上 20,000円未満",,"1,000円以上 3,000円未満",,,,,,,,,,,5,3,非日常的な体験ができるから,雪の時期なので良かった,,,,10,また行きたい（1年以内）,特になし 美味しい食べ物が食べれるから,ホテルマイステイズプレミア金沢,同意する,,金沢駅,,,,,1985,,,,,,
石川,2026/01/03 9:24:54,東京都,女,1962,,800万円以上 900万円未満,自分ひとり,4泊以上,富山県,金沢エリア  （湯涌温泉、深谷温泉、犀川温泉など）,4泊以上,,,,,,,,,在来線,0,0,0,1,0,0,0,,0,0,0,0,4,ホテルへ濡れずに行ける,,,11回目以上,"宿でのんびり過ごす, 地元の美味しいものを食べる, 名所、旧跡の観光, まちあるき、都市散策",1,0,1,0,1,0,0,0,0,0,1,0,0,0,0,0,0,0,ホテルのHP,0,0,0,0,0,0,0,0,0,0,0,0,0,0,0,0,0,0,0,0,0,0,0,0,1,,,,,,"100,000円以上",,"3,000円以上 5,000円未満",,,,,,,,,,,5,4,,,,,,9,また行きたい（1年以内）,治部煮が好きです 兼六園の雪景色,ANAホリディ・イン金沢スカイ,同意する,,,,,,,1962,,,,,,
石川,2026/01/03 10:17:04,富山県,男,2005,,"1,000万円以上 1,200万円未満",中学生以上連れの家族,1泊,富山県,金沢エリア  （湯涌温泉、深谷温泉、犀川温泉など）,1泊,,,,,,,,,自家用車,1,0,0,0,0,0,0,,0,0,0,0,,,,,初めて,"宿でのんびり過ごす, 温泉や露天風呂, 友人・親戚を訪ねる",1,1,0,0,0,0,0,0,0,0,0,0,0,0,0,0,0,0,友人・知人,0,0,0,0,0,0,0,0,0,0,0,0,0,0,0,0,0,0,1,0,0,0,0,0,0,,,,,,"5,000円以上 10,000円未満",,"1,000円以上 3,000円未満",,,,,,,,,,,5,5,,,,,,10,また行きたい（1年以内）,特になし,倶利伽羅塾,同意する,,,,,,,2005,,,,,,
石川,2026/01/03 10:17:42,富山県,女,1970,,"900万円以上 1,000万円未満",中学生以上連れの家族,1泊,石川県外には泊まらない,金沢エリア  （湯涌温泉、深谷温泉、犀川温泉など）,1泊,,,,,,,,,自家用車,1,0,0,0,0,0,0,,0,0,0,0,,,,,初めて,"温泉や露天風呂, 名所、旧跡の観光",0,1,0,0,1,0,0,0,0,0,0,0,0,0,0,0,0,0,インターネット・アプリ,0,0,0,0,0,0,0,0,0,0,1,0,0,0,0,0,0,0,0,0,0,0,0,0,0,,,,,,"5,000円以上 10,000円未満",,"1,000円未満",,,,,,,,,,,5,5,,,,,,10,また行きたい（1年以内）,特になし,倶利伽羅塾,同意する,,,,倶利伽羅不動尊鳳凰殿,,,1970,,,,,,
石川,2026/01/03 10:20:39,福岡県,男,1997,,600万円以上 700万円未満,中学生以上連れの家族,1泊,石川県外には泊まらない,金沢エリア  （湯涌温泉、深谷温泉、犀川温泉など）,1泊,,,,,,,,,自家用車,1,0,0,0,0,0,0,,0,0,0,0,,,,,初めて,友人・親戚を訪ねる,0,0,0,0,0,0,0,0,0,0,0,0,0,0,0,0,0,0,友人・知人,0,0,0,0,0,0,0,0,0,0,0,0,0,0,0,0,0,0,1,0,0,0,0,0,0,,,,,,"5,000円以上 10,000円未満",,"5,000円以上 10,000円未満",,,,,,,,,,,4,4,,,,,,9,また行きたい（1年以内）,観光地はいくつも挙がるが、お土産やアクティビティの代表的なものが若い世代に浸透していないように感じる。今後あれば売り出して行っていただきたいです。,倶利伽羅塾,同意する,,,,,,,1997,,,,,,
石川,2026/01/03 10:21:21,富山県,女,1998,,300万円以上 400万円未満,団体旅行,1泊,石川県外には泊まらない,金沢エリア  （湯涌温泉、深谷温泉、犀川温泉など）,1泊,,,,,,,,,自家用車,1,0,0,0,0,0,0,,0,0,0,0,,,,,初めて,"温泉や露天風呂, 地元の美味しいものを食べる",0,1,1,0,0,0,0,0,0,0,0,0,0,0,0,0,0,0,インターネット・アプリ,0,0,0,0,0,0,0,0,0,0,1,0,0,0,0,0,0,0,0,0,0,0,0,0,0,,,,,,"5,000円以上 10,000円未満",,"5,000円以上 10,000円未満",,,,,,,,,,,5,5,費用対効果が良かった。大きなお風呂もあり、部屋も家族5人で泊まることができた。,,,,,9,また行きたい（1年以内）,おいしい、安い、たのしい,倶利伽羅塾,同意する,,,,,,,1998,,,,,,
石川,2026/01/03 10:23:43,富山県,男,1967,,500万円以上 600万円未満,中学生以上連れの家族,1泊,石川県外には泊まらない,金沢エリア  （湯涌温泉、深谷温泉、犀川温泉など）,1泊,,,,,,,,,自家用車,1,0,0,0,0,0,0,,0,0,0,0,,,,,初めて,"宿でのんびり過ごす, 温泉や露天風呂, 地元の美味しいものを食べる, 友人・親戚を訪ねる",1,1,1,0,0,0,0,0,0,0,0,0,0,0,0,0,0,0,インターネット・アプリ,0,0,0,0,0,0,0,0,0,0,1,0,0,0,0,0,0,0,0,0,0,0,0,0,0,,,,,,"5,000円以上 10,000円未満",,"1,000円以上 3,000円未満",,,,,,,,,,,5,5,良心的な価格だった,雪景色が素晴らしかった,,,,10,また行きたい（1年以内）,価格帯がもう少し安価であれば良い,倶利伽羅塾,同意する,,,,,,,1967,,,,,,
石川,2026/01/03 15:26:51,埼玉県,女,1997,,700万円以上 800万円未満,親,2泊,石川県外には泊まらない,金沢エリア  （湯涌温泉、深谷温泉、犀川温泉など）,2泊,,,,,,,,,新幹線,0,0,1,0,0,0,0,,0,0,0,0,4,たくさんバスが走っていて便利だが、支払いの方法がわからず、最初に手間取ったため。,,,初めて,"地元の美味しいものを食べる, 名所、旧跡の観光, まちあるき、都市散策",0,0,1,0,1,0,0,0,0,0,1,0,0,0,0,0,0,0,インターネット・アプリ,0,0,0,0,0,0,0,0,0,0,1,0,0,0,0,0,0,0,0,0,0,0,0,0,0,,,,,,"10,000円以上 20,000円未満",,"1,000円以上 3,000円未満",,,,,,,,,,,4,5,和菓子作り体験をして、とても面白かった,体験の内容がよかった,,,,8,機会があれば行きたい,特になし,石川県観光物産館,同意する,,金沢城,,,,,1997,,,,,,
石川,2026/01/03 15:27:22,埼玉県,女,1972,,700万円以上 800万円未満,中学生以上連れの家族,2泊,石川県外には泊まらない,金沢エリア  （湯涌温泉、深谷温泉、犀川温泉など）,2泊,,,,,,,,,新幹線,0,0,1,0,0,0,0,,0,0,0,0,4,バス停に雪よけなどされていた。本数もあり不便ではなかった,,,初めて,"地元の美味しいものを食べる, 名所、旧跡の観光",0,0,1,0,1,0,0,0,0,0,0,0,0,0,0,0,0,0,"観光パンフレット・ポスター, インターネット・アプリ",0,0,0,0,0,0,0,0,0,0,1,0,0,0,0,0,0,0,0,0,1,0,0,0,0,,,,,,"30,000円以上 40,000円未満",,"3,000円以上 5,000円未満",,,,,,,,,,,5,5,和菓子作り体験が楽しかった,買い物券もいただき、お土産も買えた,,,,9,機会があれば行きたい,特になし 雪でも楽しめることがあった。金沢城のスタンプラリーが楽しかった,石川県観光物産館,同意する,,金沢城,,,,,1972,,,,,,
石川,2026/01/03 16:06:19,北海道,女,1976,,100万円未満,自分ひとり,4泊以上,福岡、萩、岡山、鳥取、京都,金沢エリア  （湯涌温泉、深谷温泉、犀川温泉など）,3泊,,,,,,,,,"新幹線, 在来線",0,0,1,1,0,0,0,,0,0,0,0,5,,,,2～5回目,"花見や紅葉などの自然鑑賞, 名所、旧跡の観光",0,0,0,1,1,0,0,0,0,0,0,0,0,0,0,0,0,0,"インターネット・アプリ, Instagram, ブログ, 観光協会等の案内所, 市役所web",0,0,0,1,0,0,0,0,1,0,1,0,0,0,0,0,0,0,0,0,0,1,0,0,0,,,,,,"10,000円以上 20,000円未満",,"1,000円以上 3,000円未満",,,,,,,,,,,5,5,,,,,,9,機会があれば行きたい,特になし,金沢中央観光案内所,同意する,,,,金沢城,,,1976,,,,,,
石川,2026/01/03 19:48:47,神奈川県,女,1982,,"1,200万円以上 1,500万円未満",小学生と中学生連れの家族,4泊以上,滋賀,金沢エリア  （湯涌温泉、深谷温泉、犀川温泉など）,3泊,,,,,,,,,"新幹線, 飛行機",0,0,1,0,1,0,0,,0,0,0,0,,,,,初めて,"地元の美味しいものを食べる, 名所、旧跡の観光, 買い物、アウトレット, まちあるき、都市散策, 各種体験（手作り、果物狩りなど）",0,0,1,0,1,0,1,0,0,0,1,1,0,0,0,0,0,0,通りかかったので,0,0,0,0,0,0,0,0,0,0,0,0,0,0,0,0,0,0,0,0,0,0,0,0,1,,,,,,"20,000円以上 30,000円未満",,使わない,,,,,,,,,,,5,4,マンホールカードをいただくために立ち寄ったので,寒い中暖を取れました。,,,,8,機会があれば行きたい,満足しているので、特にありません。 香箱ガニが気に入ったので。,金沢中央観光案内所,同意する,,,,,,,1982,,,,,,
石川,2026/01/03 20:02:04,石川県,女,1983,,300万円以上 400万円未満,小学生以下連れの家族,1泊,石川県外には泊まらない,金沢エリア  （湯涌温泉、深谷温泉、犀川温泉など）,1泊,,,,,,,,,自家用車,1,0,0,0,0,0,0,,0,0,0,0,4,徒歩圏内でも十分楽しめる,,,2～5回目,買い物、アウトレット,0,0,0,0,0,0,1,0,0,0,0,0,0,0,0,0,0,0,インターネット・アプリ,0,0,0,0,0,0,0,0,0,0,1,0,0,0,0,0,0,0,0,0,0,0,0,0,0,,,,,,"30,000円以上 40,000円未満",,"10,000円以上 20,000円未満",,,,,,,,,,,4,4,,,,,,9,また行きたい（1年以内）,ROUND1に行くこと,ホテルマイステイズプレミア金沢,同意する,,,,,,,1983,,,,,,
石川,2026/01/03 20:59:08,大阪府,男,2001,,300万円以上 400万円未満,友人,2泊,福井県,金沢エリア  （湯涌温泉、深谷温泉、犀川温泉など）,2泊,,,,,,,,,新幹線,0,0,1,0,0,0,0,,0,0,0,0,4,,,,初めて,"宿でのんびり過ごす, 地元の美味しいものを食べる, スキー・スノボ・マリンスポーツ",1,0,1,0,0,0,0,0,0,0,0,0,0,0,0,0,0,0,インターネット・アプリ,0,0,0,0,0,0,0,0,0,0,1,0,0,0,0,0,0,0,0,0,0,0,0,0,0,,,,,,"30,000円以上 40,000円未満",,"10,000円以上 20,000円未満",,,,,,,,,,,4,4,,,,,,8,機会があれば行きたい,観光、グルメ巡り,金沢城公園,同意する,,,,,,,2001,,,,,,
石川,2026/01/04 1:40:04,石川県,女,1983,,400万円以上 500万円未満,自分ひとり,1泊,石川県外には泊まらない,金沢エリア  （湯涌温泉、深谷温泉、犀川温泉など）,1泊,,,,,,,,,県外から訪れていない（石川県内在住）,0,0,0,0,0,0,0,,0,0,0,0,5,バスの本数が多くて便利だから。,,,11回目以上,地元の美味しいものを食べる,0,0,1,0,0,0,0,0,0,0,0,0,0,0,0,0,0,0,"インターネット・アプリ, X(旧：Twitter)",0,0,0,0,0,1,0,0,0,0,1,0,0,0,0,0,0,0,0,0,0,0,0,0,0,,,,,,"10,000円以上 20,000円未満",,"10,000円以上 20,000円未満",,,,,,,,,,,5,4,,,,,,9,機会があれば行きたい,特になし,金沢中央観光案内所,同意する,,,,,,,1983,,,,,,
石川,2026/01/04 8:38:27,愛知県,女,1979,,300万円以上 400万円未満,夫婦2人,1泊,石川県外には泊まらない,金沢エリア  （湯涌温泉、深谷温泉、犀川温泉など）,2泊,,,,,,,,,自家用車,1,0,0,0,0,0,0,,0,0,0,0,,,,,初めて,友人・親戚を訪ねる,0,0,0,0,0,0,0,0,0,0,0,0,0,0,0,0,0,0,booking.com,0,0,0,0,0,0,0,0,0,0,0,0,0,0,0,0,0,0,0,0,0,0,0,0,1,,,,,,"10,000円以上 20,000円未満",,"1,000円以上 3,000円未満",,,,,,,,,,,5,4,金箔貼り体験が楽しかった。,楽しかったので。,,,,5,また行きたい（1年以内）,特になし 宿でゆっくりするだけでも癒される,KOKOHOTEL Premier 金沢香林坊,同意する,,,,,,,1979,,,,,,
石川,2026/01/04 9:21:43,京都府,男,1960,,"900万円以上 1,000万円未満",中学生以上連れの家族,1泊,石川県外には泊まらない,金沢エリア  （湯涌温泉、深谷温泉、犀川温泉など）,1泊,,,,,,,,,自家用車,1,0,0,0,0,0,0,,0,0,0,0,,,,,初めて,"地元の美味しいものを食べる, 名所、旧跡の観光, まちあるき、都市散策",0,0,1,0,1,0,0,0,0,0,1,0,0,0,0,0,0,0,インターネット・アプリ,0,0,0,0,0,0,0,0,0,0,1,0,0,0,0,0,0,0,0,0,0,0,0,0,0,,,,,,"50,000円以上 100,000円未満",,"1,000円以上 3,000円未満",,,,,,,,,,,4,3,,,,,,6,機会があれば行きたい,特になし,金沢国際ホテル,同意する,,,,,,,1960,,,,,,
石川,2026/01/04 9:26:17,佐賀県,男,1993,,500万円以上 600万円未満,友人,2泊,石川県外には泊まらない,金沢エリア  （湯涌温泉、深谷温泉、犀川温泉など）,2泊,,,,,,,,,自家用車,1,0,0,0,0,0,0,,0,0,0,0,5,,,,2～5回目,"温泉や露天風呂, 地元の美味しいものを食べる, 名所、旧跡の観光",0,1,1,0,1,0,0,0,0,0,0,0,0,0,0,0,0,0,"インターネット・アプリ, X(旧：Twitter), Instagram, ブログ",0,0,0,1,0,1,0,0,1,0,1,0,0,0,0,0,0,0,0,0,0,0,0,0,0,,,,,,"10,000円以上 20,000円未満",,"1,000円未満",,,,,,,,,,,5,4,,,,,,7,また行きたい（1年以内）,とくになし,石川県政記念しいのき迎賓館,同意する,,,,,,,1993,,,,,,
石川,2026/01/04 9:27:30,愛知県,男,1997,,400万円以上 500万円未満,友人,1泊,石川県外には泊まらない,金沢エリア  （湯涌温泉、深谷温泉、犀川温泉など）,1泊,,,,,,,,,自家用車,1,0,0,0,0,0,0,,0,0,0,0,,,,,2～5回目,"名所、旧跡の観光, 友人・親戚を訪ねる",0,0,0,0,1,0,0,0,0,0,0,0,0,0,0,0,0,0,"X(旧：Twitter), 友人・知人",0,0,0,0,0,1,0,0,0,0,0,0,0,0,0,0,0,0,1,0,0,0,0,0,0,,,,,,"3,000円以上 5,000円未満",,"1,000円以上 3,000円未満",,,,,,,,,,,5,4,,,,,,8,また行きたい（1年以内）,特になし,石川県政記念しいのき迎賓館,同意する,,,,,,,1997,,,,,,
石川,2026/01/04 9:28:50,千葉県,男,1985,,300万円以上 400万円未満,友人,4泊以上,福井県,加賀エリア （山代温泉、山中温泉、片山津温泉、粟津温泉、辰口温泉、加賀市、小松市など）,2泊,,,,,,,,,レンタカー,0,1,0,0,0,0,0,,0,0,0,0,3,,,,2～5回目,"宿でのんびり過ごす, 温泉や露天風呂, 地元の美味しいものを食べる",1,1,1,0,0,0,0,0,0,0,0,0,0,0,0,0,0,0,インターネット・アプリ,0,0,0,0,0,0,0,0,0,0,1,0,0,0,0,0,0,0,0,0,0,0,0,0,0,,,,,,"30,000円以上 40,000円未満",,"10,000円以上 20,000円未満",,,,,,,,,,,5,5,,,,,,10,また行きたい（1年以内）,特になし,石川県政記念しいのき迎賓館,同意する,,,,,,,1985,,,,,,
石川,2026/01/04 11:10:03,愛知県,男,1998,,400万円以上 500万円未満,恋人,1泊,石川県外には泊まらない,金沢エリア  （湯涌温泉、深谷温泉、犀川温泉など）,1泊,,,,,,,,,在来線,0,0,0,1,0,0,0,,0,0,0,0,4,,,,初めて,名所、旧跡の観光,0,0,0,0,1,0,0,0,0,0,0,0,0,0,0,0,0,0,"インターネット・アプリ, Instagram, Facebook",1,0,0,1,0,0,0,0,0,0,1,0,0,0,0,0,0,0,0,0,0,0,0,0,0,,,,,,"1,000円以上 3,000円未満",,"1,000円以上 3,000円未満",,,,,,,,,,,5,4,,,,,,10,また行きたい（1年以内）,特になし,金沢城公園,同意する,,,,,,,1998,,,,,,
石川,2026/01/04 12:30:49,大阪府,女,1978,,100万円以上 200万円未満,小学生以下連れの家族,2泊,石川県外には泊まらない,金沢エリア  （湯涌温泉、深谷温泉、犀川温泉など）,2泊,,,,,,,,,"新幹線, 在来線",0,0,1,1,0,0,0,,0,0,0,0,4,早い,,,初めて,"地元の美味しいものを食べる, 名所、旧跡の観光, テーマパーク（遊園地、動物園、博物館など）, 各種体験（手作り、果物狩りなど）",0,0,1,0,1,1,0,0,0,0,0,1,0,0,0,0,0,0,"新聞・雑誌・ガイドブック, 観光パンフレット・ポスター, インターネット・アプリ",0,0,0,0,0,0,0,0,0,0,1,0,0,0,0,0,1,0,0,0,1,0,0,0,0,,,,,,"10,000円以上 20,000円未満",,"1,000円以上 3,000円未満",,,,,,,,,,,4,4,楽しい,子供が喜ぶ,,,,9,機会があれば行きたい,食べるのも体験も人たちも良い 雪、兼六園、観光物産館、２１世紀美術館,石川県観光物産館,同意する,,,,,,,1978,,,,,,
石川,2026/01/04 14:42:16,岐阜県,女,1988,,700万円以上 800万円未満,小学生以下連れの家族,1泊,石川県外には泊まらない,金沢エリア  （湯涌温泉、深谷温泉、犀川温泉など）,1泊,,,,,,,,,自家用車,1,0,0,0,0,0,0,,0,0,0,0,,,,,2～5回目,"地元の美味しいものを食べる, 名所、旧跡の観光, 買い物、アウトレット, 友人・親戚を訪ねる",0,0,1,0,1,0,1,0,0,0,0,0,0,0,0,0,0,0,"インターネット・アプリ, Instagram, 友人・知人",0,0,0,1,0,0,0,0,0,0,1,0,0,0,0,0,0,0,1,0,0,0,0,0,0,,,,,,"10,000円以上 20,000円未満",,"1,000円未満",,,,,,,,,,,4,5,地元にはない。珍しい施設でとても面白かったです。,,,,,10,また行きたい（1年以内）,特になし 子供の室内遊び場が多い。しかも新しく綺麗なところが多い。,からくり記念館,同意する,,もりのすみか,,,,,1988,,,,,,
石川,2026/01/04 15:05:34,熊本県,女,1996,,400万円以上 500万円未満,親,日帰り,石川県外には泊まらない,石川県内には宿泊しない,石川県内には宿泊しない,,,,,,,,,自家用車,1,0,0,0,0,0,0,,0,0,0,0,,,,,初めて,まちあるき、都市散策,0,0,0,0,0,0,0,0,0,0,1,0,0,0,0,0,0,0,友人・知人,0,0,0,0,0,0,0,0,0,0,0,0,0,0,0,0,0,0,1,0,0,0,0,0,0,,,,,,使わない,,使わない,,,,,,,,,,,4,4,,,,,,8,また行きたい（1年以内）,なし,ひがし茶屋休憩館,同意する,,,,,,,1996,,,,,,
石川,2026/01/04 16:35:58,新潟県,女,1988,,200万円以上 300万円未満,親,日帰り,石川県外には泊まらない,石川県内には宿泊しない,石川県内には宿泊しない,,,,,,,,,自家用車,1,0,0,0,0,0,0,,0,0,0,0,5,静かな環境でゆっくり観光できて良かったです,,,11回目以上,"名所、旧跡の観光, 買い物、アウトレット",0,0,0,0,1,0,1,0,0,0,0,0,0,0,0,0,0,0,"インターネット・アプリ, X(旧：Twitter)",0,0,0,0,0,1,0,0,0,0,1,0,0,0,0,0,0,0,0,0,0,0,0,0,0,,,,,,"3,000円以上 5,000円未満",,"1,000円未満",,,,,,,,,,,5,5,,,,,,3,また行きたい（1年以内）,特になし,石川県立美術館,同意する,,金沢神社,,,,,1988,,,,,,
石川,2026/01/04 17:04:42,鹿児島県,女,2002,,200万円以上 300万円未満,親,3泊,石川県外には泊まらない,金沢エリア  （湯涌温泉、深谷温泉、犀川温泉など）,3泊,,,,,,,,,"新幹線, 飛行機",0,0,1,0,1,0,0,,0,0,0,0,4,,,,初めて,友人・親戚を訪ねる,0,0,0,0,0,0,0,0,0,0,0,0,0,0,0,0,0,0,観光連盟やDMOのHP,0,0,0,0,0,0,0,0,0,0,0,0,0,0,0,0,0,0,0,0,0,0,0,1,0,,,,,,"10,000円以上 20,000円未満",,使わない,,,,,,,,,,,4,4,,,,,,8,また行きたい（1年以内）,飲食店の広い駐車場がほしいです！,ARIGATO STAY KANAZAWA,同意する,,ゴーゴーカレースタジアム,,,,,2002,,,,,,
石川,2026/01/04 20:11:26,愛知県,男,1985,,"1,000万円以上 1,200万円未満",中学生以上連れの家族,1泊,石川県外には泊まらない,金沢エリア  （湯涌温泉、深谷温泉、犀川温泉など）,1泊,,,,,,,,,自家用車,1,0,0,0,0,0,0,,0,0,0,0,,,,,2～5回目,友人・親戚を訪ねる,0,0,0,0,0,0,0,0,0,0,0,0,0,0,0,0,0,0,友人・知人,0,0,0,0,0,0,0,0,0,0,0,0,0,0,0,0,0,0,1,0,0,0,0,0,0,,,,,,"40,000円以上 50,000円未満",,"3,000円以上 5,000円未満",,,,,,,,,,,5,4,,,,,,6,機会があれば行きたい,特になし,金沢国際ホテル,同意する,,,,,,,1985,,,,,,
石川,2026/01/04 20:54:59,東京都,男,1964,,200万円以上 300万円未満,親、兄弟,2泊,石川県外には泊まらない,金沢エリア  （湯涌温泉、深谷温泉、犀川温泉など）,2泊,,,,,,,,,新幹線,0,0,1,0,0,0,0,,0,0,0,0,,,,,初めて,"地元の美味しいものを食べる, 名所、旧跡の観光, 友人・親戚を訪ねる",0,0,1,0,1,0,0,0,0,0,0,0,0,0,0,0,0,0,インターネット・アプリ,0,0,0,0,0,0,0,0,0,0,1,0,0,0,0,0,0,0,0,0,0,0,0,0,0,,,,,,"30,000円以上 40,000円未満",,"1,000円未満",,,,,,,,,,,4,3,混雑でゆっくり楽しめなかった,景色は良かったが散策以外はしなかった,,,,6,また行きたい（1年以内）,特になし グルメの多さ、おいしさただ事前予約可能なら必ず予約しておいた方がよいことを伝えたい,ホテル日航金沢,同意する,,,,,,,1964,,,,,,
石川,2026/01/04 22:01:34,長野県,男,1974,,"1,200万円以上 1,500万円未満",夫婦2人,4泊以上,京都,金沢エリア  （湯涌温泉、深谷温泉、犀川温泉など）,2泊,,,,,,,,,自家用車,1,0,0,0,0,0,0,,0,0,0,0,,,,,2～5回目,友人・親戚を訪ねる,0,0,0,0,0,0,0,0,0,0,0,0,0,0,0,0,0,0,"インターネット・アプリ, 友人・知人",0,0,0,0,0,0,0,0,0,0,1,0,0,0,0,0,0,0,1,0,0,0,0,0,0,,,,,,"5,000円以上 10,000円未満",,"10,000円以上 20,000円未満",,,,,,,,,,,3,4,リーズナブルな料金と立地,部屋が広い,,,,7,また行きたい（1年以内）,海鮮,金沢国際ホテル,同意する,,,,,,,1974,,,,,,
石川,2026/01/05 0:02:57,愛知県,女,1976,,700万円以上 800万円未満,夫婦2人,1泊,石川県外には泊まらない,金沢エリア  （湯涌温泉、深谷温泉、犀川温泉など）,1泊,,,,,,,,,"新幹線, 在来線",0,0,1,1,0,0,0,,0,0,0,0,4,夜でも乗れる時間帯の路線バスがあったから,,,初めて,友人・親戚を訪ねる,0,0,0,0,0,0,0,0,0,0,0,0,0,0,0,0,0,0,インターネット・アプリ,0,0,0,0,0,0,0,0,0,0,1,0,0,0,0,0,0,0,0,0,0,0,0,0,0,,,,,,"10,000円以上 20,000円未満",,"20,000円以上 30,000円未満",,,,,,,,,,,4,5,食事が美味しく、対応してくれた女性たちがみな感じが良かった,清掃が行き届いており、対応してくれた女性たちがみな感じが良かった,,,,10,また行きたい（1年以内）,最近はパソコンで体が凝っている人が多いので、ヨガやピラティス、鍼やお灸、整体、カイロなど身体を整えに来る街にしていくとよいと思います。金沢国際ホテルにも気軽に使える鍼、お灸 、整体などがあるとさらによかったと思います。 料理が美味しく、心地よく、もてなしてもらえる金沢国際ホテルのほかは、芝寿し。理由は県外から見たら、珍しく、おいしいのに、県外ではあまり知られていないから。,金沢国際ホテル,同意する,,,,,,,1976,,,,,,
石川,2026/01/05 8:03:26,茨城県,男,2006,,100万円未満,自分ひとり,2泊,福井県,金沢エリア  （湯涌温泉、深谷温泉、犀川温泉など）,1泊,,,,,,,,,新幹線,0,0,1,0,0,0,0,,0,0,0,0,5,ローカルな地方鉄道にたくさん乗れて大満足だったから。,,,初めて,"地元の美味しいものを食べる, 名所、旧跡の観光",0,0,1,0,1,0,0,0,0,0,0,0,0,0,0,0,0,0,"観光パンフレット・ポスター, インターネット・アプリ",0,0,0,0,0,0,0,0,0,0,1,0,0,0,0,0,0,0,0,0,1,0,0,0,0,,,,,,"20,000円以上 30,000円未満",,"5,000円以上 10,000円未満",,,,,,,,,,,4,5,兼六園に徒歩でいけ、大学生にも低価格なホテルを探していてとてもぴったり合ったホテルだったから。,お手頃なホテルなのにも関わらず、ホテルの方々の接客がとても良く、ホテルはどこもきれいだったから。,,,,10,機会があれば行きたい,雪 兼六園　日本の庭園というものを初めてみたがとてもきれいで細かいところまですごく繊細に見えたから。また季節によって庭園が変わって見えるので再び訪れたい。,ＨＯＴＥＬ金沢　兼六荘,同意する,,,,,,,2006,,,,,,
石川,2026/01/05 8:49:52,愛知県,女,1952,,400万円以上 500万円未満,夫婦2人,1泊,岐阜県,金沢エリア  （湯涌温泉、深谷温泉、犀川温泉など）,1泊,,,,,,,,,自家用車,1,0,0,0,0,0,0,,0,0,0,0,,,,,2～5回目,"宿でのんびり過ごす, 名所、旧跡の観光, 買い物、アウトレット, まちあるき、都市散策",1,0,0,0,1,0,1,0,0,0,1,0,0,0,0,0,0,0,インターネット・アプリ,0,0,0,0,0,0,0,0,0,0,1,0,0,0,0,0,0,0,0,0,0,0,0,0,0,,,,,,"10,000円以上 20,000円未満",,"3,000円以上 5,000円未満",,,,,,,,,,,4,4,,,,,,5,また行きたい（1年以内）,特になし,金沢国際ホテル,同意する,,,,,,,1952,,,,,,
石川,2026/01/05 8:55:33,愛知県,男,1951,,400万円以上 500万円未満,夫婦2人,1泊,石川県外には泊まらない,金沢エリア  （湯涌温泉、深谷温泉、犀川温泉など）,1泊,,,,,,,,,自家用車,1,0,0,0,0,0,0,,0,0,0,0,,,,,2～5回目,"宿でのんびり過ごす, 名所、旧跡の観光, 買い物、アウトレット, まちあるき、都市散策",1,0,0,0,1,0,1,0,0,0,1,0,0,0,0,0,0,0,"インターネット・アプリ, ブログ",0,0,0,0,0,0,0,0,1,0,1,0,0,0,0,0,0,0,0,0,0,0,0,0,0,,,,,,"10,000円以上 20,000円未満",,"10,000円以上 20,000円未満",,,,,,,,,,,4,4,,,,,,8,機会があれば行きたい,特に無し,金沢国際ホテル,同意する,,,,,,,1951,,,,,,
石川,2026/01/05 11:15:15,神奈川県,女,1988,,600万円以上 700万円未満,小学生以下連れの家族,1泊,石川県外には泊まらない,金沢エリア  （湯涌温泉、深谷温泉、犀川温泉など）,1泊,,,,,,,,,"新幹線, 在来線",0,0,1,1,0,0,0,,0,0,0,0,5,,,,2～5回目,"地元の美味しいものを食べる, ドライブ・ツーリング, 友人・親戚を訪ねる",0,0,1,0,0,0,0,0,0,0,0,0,0,0,1,0,0,0,"インターネット・アプリ, 友人・知人",0,0,0,0,0,0,0,0,0,0,1,0,0,0,0,0,0,0,1,0,0,0,0,0,0,,,,,,"3,000円以上 5,000円未満",,使わない,,,,,,,,,,,5,5,,,,,,8,また行きたい（1年以内）,回転寿司の質の良さ,金沢国際ホテル,同意する,,,,,,,1988,,,,,,
石川,2026/01/05 11:42:36,神奈川県,女,1975,,200万円以上 300万円未満,小学生以下連れの家族,2泊,石川県外には泊まらない,金沢エリア  （湯涌温泉、深谷温泉、犀川温泉など）,2泊,,,,,,,,,自家用車,1,0,0,0,0,0,0,,0,0,0,0,,,,,2～5回目,"地元の美味しいものを食べる, 名所、旧跡の観光",0,0,1,0,1,0,0,0,0,0,0,0,0,0,0,0,0,0,新聞・雑誌・ガイドブック,0,0,0,0,0,0,0,0,0,0,0,0,0,0,0,0,1,0,0,0,0,0,0,0,0,,,,,,"10,000円以上 20,000円未満",,"3,000円以上 5,000円未満",,,,,,,,,,,5,4,,,,,,9,また行きたい（1年以内）,エビが食べたい,金沢城公園,同意する,,石川県立図書館,,近江市場,,,1975,,,,,,
石川,2026/01/05 12:23:52,兵庫県,女,2003,,"900万円以上 1,000万円未満",親,1泊,福井県,石川県内には宿泊しない,石川県内には宿泊しない,,,,,,,,,自家用車,1,0,0,0,0,0,0,,0,0,0,0,,,,,6～10回目,"まちあるき、都市散策, 蓮ノ空の聖地巡り",0,0,0,0,0,0,0,0,0,0,1,0,0,0,0,0,0,0,"インターネット・アプリ, X(旧：Twitter), 友人・知人",0,0,0,0,0,1,0,0,0,0,1,0,0,0,0,0,0,0,1,0,0,0,0,0,0,,,,,,使わない,,"1,000円未満",,,,,,,,,,,5,4,観光がしやすかった,立地が良い,,,,9,また行きたい（1年以内）,もっと蓮ノ空を大々的にしてほしい 蓮ノ空の聖地を感じた,兼六駐車場,同意する,,,,,,,2003,,,,,,
石川,2026/01/05 13:10:55,岐阜県,男,1994,,800万円以上 900万円未満,夫婦2人,1泊,石川県外には泊まらない,金沢エリア  （湯涌温泉、深谷温泉、犀川温泉など）,1泊,,,,,,,,,自家用車,1,0,0,0,0,0,0,,0,0,0,0,,,,,2～5回目,地元の美味しいものを食べる,0,0,1,0,0,0,0,0,0,0,0,0,0,0,0,0,0,0,"観光展・物産展, 新聞・雑誌・ガイドブック, 観光パンフレット・ポスター, Instagram",0,0,0,1,0,0,0,0,0,0,0,0,0,0,0,0,1,0,0,0,1,0,1,0,0,,,,,,"10,000円以上 20,000円未満",,"1,000円未満",,,,,,,,,,,5,5,トイレが綺麗でした。,1台あたりの駐車場が広かったです。,,,,10,また行きたい（1年以内）,北海道や沖縄のように海産物を郵送するサービスがもっと使いやす居場所にあるといい。 近江町市場の方の人柄が良かったことです。,兼六駐車場,同意する,,,,,,,1994,,,,,,
石川,2026/01/05 14:18:16,東京都,女,1987,,600万円以上 700万円未満,夫婦2人,3泊,石川県外には泊まらない,金沢エリア  （湯涌温泉、深谷温泉、犀川温泉など）,3泊,,,,,,,,,新幹線,0,0,1,0,0,0,0,,0,0,0,0,,,,,初めて,"宿でのんびり過ごす, 地元の美味しいものを食べる, 名所、旧跡の観光",1,0,1,0,1,0,0,0,0,0,0,0,0,0,0,0,0,0,"観光パンフレット・ポスター, インターネット・アプリ, 中国のSNS「Red」",0,0,0,0,0,0,0,0,0,0,1,0,0,0,0,0,0,0,0,0,1,0,0,0,0,,,,,,"5,000円以上 10,000円未満",,使わない,,,,,,,,,,,4,4,,Wifiが遅い,,,,6,どちらともいえない,PASMOなども北陸バスで使えるようになって欲しい 観光地が集中していて回りやすい,金沢中央観光案内所,同意する,,,,,,,1987,,,,,,
石川,2026/01/05 14:57:02,広島県,男,2002,,100万円未満,友人,1泊,石川県外には泊まらない,金沢エリア  （湯涌温泉、深谷温泉、犀川温泉など）,1泊,,,,,,,,,旅行会社ツアーバス,0,0,0,0,0,1,0,,0,0,0,0,4,,,,初めて,"地元の美味しいものを食べる, 名所、旧跡の観光, 蓮ノ空聖地巡礼",0,0,1,0,1,0,0,0,0,0,0,0,0,0,0,0,0,0,"X(旧：Twitter), 友人・知人, 蓮ノ空",0,0,0,0,0,1,0,0,0,0,0,0,0,0,0,0,0,0,1,0,0,0,0,0,0,,,,,,"10,000円以上 20,000円未満",,"1,000円未満",,,,,,,,,,,5,4,,,,,,10,また行きたい（1年以内）,海鮮,金沢中央観光案内所,同意する,,,,,,,2002,,,,,,
石川,2026/01/06 11:10:39,広島県,男,1991,,300万円以上 400万円未満,自分ひとり,2泊,石川県外には泊まらない,金沢エリア  （湯涌温泉、深谷温泉、犀川温泉など）,2泊,,,,,,,,,"新幹線, 在来線",0,0,1,1,0,0,0,,0,0,0,0,5,,,,2～5回目,"名所、旧跡の観光, まちあるき、都市散策, 推し活",0,0,0,0,1,0,0,0,0,0,1,0,0,0,0,0,0,0,X(旧：Twitter),0,0,0,0,0,1,0,0,0,0,0,0,0,0,0,0,0,0,0,0,0,0,0,0,0,,,,,,"10,000円以上 20,000円未満",,"1,000円以上 3,000円未満",,,,,,,,,,,5,5,,,,,,10,機会があれば行きたい,特になし,石川県立図書館,同意する,,,,,,,1991,,,,,,
石川,2026/01/06 12:20:00,神奈川県,女,1968,,800万円以上 900万円未満,中学生以上連れの家族,2泊,石川県外には泊まらない,金沢エリア  （湯涌温泉、深谷温泉、犀川温泉など）,2泊,,,,,,,,,飛行機,0,0,0,0,1,0,0,,0,0,0,0,4,バスがわかりやすくクレカタッチできるので非常に便利だと思った。,,,初めて,"温泉や露天風呂, 地元の美味しいものを食べる, 買い物、アウトレット, まちあるき、都市散策",0,1,1,0,0,0,1,0,0,0,1,0,0,0,0,0,0,0,"インターネット・アプリ, X(旧：Twitter), Instagram",0,0,0,1,0,1,0,0,0,0,1,0,0,0,0,0,0,0,0,0,0,0,0,0,0,,,,,,"10,000円以上 20,000円未満",,"1,000円以上 3,000円未満",,,,,,,,,,,5,5,趣きある建物が非日常的で心が落ち着くから,とても落ち着きます,,,,10,また行きたい（1年以内）,能登牛や生麩、お寿司など 食べ物が何と言っても美味しい。また人情味あって素敵な街だったから。,金沢中央観光案内所,同意する,,,,,,,1968,,,,,,
石川,2026/01/06 12:20:30,神奈川県,女,2005,,800万円以上 900万円未満,親,2泊,石川県外には泊まらない,金沢エリア  （湯涌温泉、深谷温泉、犀川温泉など）,2泊,,,,,,,,,飛行機,0,0,0,0,1,0,0,,0,0,0,0,5,バス停から行きやすい距離,,,初めて,"温泉や露天風呂, 地元の美味しいものを食べる, テーマパーク（遊園地、動物園、博物館など）",0,1,1,0,0,1,0,0,0,0,0,0,0,0,0,0,0,0,"インターネット・アプリ, Instagram",0,0,0,1,0,0,0,0,0,0,1,0,0,0,0,0,0,0,0,0,0,0,0,0,0,,,,,,"10,000円以上 20,000円未満",,"1,000円以上 3,000円未満",,,,,,,,,,,5,5,昔の情景が美しいと感じたから,普段見ることの出来ない景色と空気を感じたから,,,,10,また行きたい（1年以内）,金箔の商品もう少し安く手に入れば買いたい 能登牛炙りサーロインが口の中でとろけて今まで食べたお肉の中で1番美味しくて感動した。,金沢中央観光案内所,同意する,,,,,,,2005,,,,,,
石川,2026/01/07 12:34:01,東京都,女,1967,,700万円以上 800万円未満,自分ひとり,1泊,石川県外には泊まらない,金沢エリア  （湯涌温泉、深谷温泉、犀川温泉など）,1泊,,,,,,,,,自家用車,1,0,0,0,0,0,0,,0,0,0,0,5,お料理が、美味しかった,,,6～10回目,地元の美味しいものを食べる,0,0,1,0,0,0,0,0,0,0,0,0,0,0,0,0,0,0,友人・知人,0,0,0,0,0,0,0,0,0,0,0,0,0,0,0,0,0,0,1,0,0,0,0,0,0,,,,,,"5,000円以上 10,000円未満",,"1,000円以上 3,000円未満",,,,,,,,,,,5,5,,,,,,5,また行きたい（1年以内）,海の幸が美味しい お料理が、美味しい,金沢国際ホテル,同意する,,,,,,,1967,,,,,,
石川,2026/01/07 12:48:32,静岡県,女,1982,,"1,000万円以上 1,200万円未満",小学生以下連れの家族,2泊,石川県外には泊まらない,金沢エリア  （湯涌温泉、深谷温泉、犀川温泉など）,2泊,,,,,,,,,自家用車,1,0,0,0,0,0,0,,0,0,0,0,,,,,初めて,"名所、旧跡の観光, まちあるき、都市散策, 各種体験（手作り、果物狩りなど）",0,0,0,0,1,0,0,0,0,0,1,1,0,0,0,0,0,0,インターネット・アプリ,0,0,0,0,0,0,0,0,0,0,1,0,0,0,0,0,0,0,0,0,0,0,0,0,0,,,,,,"50,000円以上 100,000円未満",,使わない,,,,,,,,,,,5,4,,,,,,9,また行きたい（1年以内）,特になし 観光する所が沢山あるのと食べ物も美味しい,金沢中央観光案内所,同意する,,金沢城,,第7ギョーザの店,,,1982,,,,,,
石川,2026/01/07 12:56:57,静岡県,女,1984,,"1,000万円以上 1,200万円未満",小学生以下連れの家族,2泊,石川県外には泊まらない,金沢エリア  （湯涌温泉、深谷温泉、犀川温泉など）,2泊,,,,,,,,,自家用車,1,0,0,0,0,0,0,,0,0,0,0,4,,,,初めて,"名所、旧跡の観光, まちあるき、都市散策",0,0,0,0,1,0,0,0,0,0,1,0,0,0,0,0,0,0,インターネット・アプリ,0,0,0,0,0,0,0,0,0,0,1,0,0,0,0,0,0,0,0,0,0,0,0,0,0,,,,,,"50,000円以上 100,000円未満",,使わない,,,,,,,,,,,5,4,マンホールカードが貰いにきました。,,,,,10,また行きたい（1年以内）,特になし,金沢中央観光案内所,同意する,,金沢城,,第７ギョーザのみせ,,,1984,,,,,,
石川,2026/01/07 18:27:04,神奈川県,女,1987,,"1,000万円以上 1,200万円未満",自分ひとり,2泊,石川県外には泊まらない,白山エリア （一里野温泉、白峰温泉、白山市など）,2泊,,,,,,,,,新幹線,0,0,1,0,0,0,0,,0,0,0,0,5,北陸新幹線便利,,,2～5回目,出張など仕事関係,0,0,0,0,0,0,0,0,0,0,0,0,0,0,0,0,1,0,インターネット・アプリ,0,0,0,0,0,0,0,0,0,0,1,0,0,0,0,0,0,0,0,0,0,0,0,0,0,,,,,,"5,000円以上 10,000円未満",,"20,000円以上 30,000円未満",,,,,,,,,,,5,5,新鮮な海鮮,,,,,10,また行きたい（1年以内）,鉄道関係の観光施設,ARIGATO STAY KANAZAWA,同意する,,,,,,,1987,,,,,,
石川,2026/01/08 8:13:57,東京都,男,1986,,500万円以上 600万円未満,友人,1泊,石川県外には泊まらない,金沢エリア  （湯涌温泉、深谷温泉、犀川温泉など）,1泊,,,,,,,,,新幹線,0,0,1,0,0,0,0,,0,0,0,0,2,交通系のICが使えない,,,初めて,"地元の美味しいものを食べる, 名所、旧跡の観光",0,0,1,0,1,0,0,0,0,0,0,0,0,0,0,0,0,0,"Instagram, 友人・知人",0,0,0,1,0,0,0,0,0,0,0,0,0,0,0,0,0,0,1,0,0,0,0,0,0,,,,,,"10,000円以上 20,000円未満",,"5,000円以上 10,000円未満",,,,,,,,,,,5,4,人がとても親切,人がとても親切,,,,10,また行きたい（1年以内）,特になし,ひがし茶屋休憩館,同意する,,,,,,,1986,,,,,,
石川,2026/01/08 8:52:29,静岡県,男,1966,,500万円以上 600万円未満,職場の同僚,2泊,石川県外には泊まらない,金沢エリア  （湯涌温泉、深谷温泉、犀川温泉など）,2泊,,,,,,,,,"新幹線, 在来線",0,0,1,1,0,0,0,,0,0,0,0,,,,,2～5回目,名所、旧跡の観光,0,0,0,0,1,0,0,0,0,0,0,0,0,0,0,0,0,0,"インターネット・アプリ, 友人・知人",0,0,0,0,0,0,0,0,0,0,1,0,0,0,0,0,0,0,1,0,0,0,0,0,0,,,,,,"10,000円以上 20,000円未満",,"1,000円以上 3,000円未満",,,,,,,,,,,3,3,店が閉まっていた,建設中だった,,,,4,機会があれば行きたい,特になし,スーパーホテルPremier金沢駅東口,同意する,,,,,,,1966,,,,,,
石川,2026/01/08 15:09:33,香川県,女,1973,,300万円以上 400万円未満,小学生以下連れの家族,4泊以上,京都,金沢エリア  （湯涌温泉、深谷温泉、犀川温泉など）,3泊,,,,,,,,,新幹線,0,0,1,0,0,0,0,,0,0,0,0,4,すべてICカードが良いです。,,,初めて,"地元の美味しいものを食べる, 名所、旧跡の観光, 雪を見たいから",0,0,1,0,1,0,0,0,0,0,0,0,0,0,0,0,0,0,インターネット・アプリ,0,0,0,0,0,0,0,0,0,0,1,0,0,0,0,0,0,0,0,0,0,0,0,0,0,,,,,,"10,000円以上 20,000円未満",,"1,000円未満",,,,,,,,,,,5,4,子供に優しい,蓄音機の聴き比べが楽しかったです。,,,,10,機会があれば行きたい,安くて美味しいお店 蒔絵体験,金沢蓄音器館,同意する,,,,,,,1973,,,,,,
石川,2026/01/08 15:34:15,東京都,女,1999,,500万円以上 600万円未満,恋人,2泊,石川県外には泊まらない,金沢エリア  （湯涌温泉、深谷温泉、犀川温泉など）,2泊,,,,,,,,,飛行機,0,0,0,0,1,0,0,,0,0,0,0,4,バスの運転が荒くて酔ってしまったため。,,,初めて,"宿でのんびり過ごす, 地元の美味しいものを食べる, 花見や紅葉などの自然鑑賞, 名所、旧跡の観光, 買い物、アウトレット, まちあるき、都市散策",1,0,1,1,1,0,1,0,0,0,1,0,0,0,0,0,0,0,インターネット・アプリ,0,0,0,0,0,0,0,0,0,0,1,0,0,0,0,0,0,0,0,0,0,0,0,0,0,,,,,,"3,000円以上 5,000円未満",,"1,000円未満",,,,,,,,,,,5,5,早めにチェックインさせてもらったり、ウェルカムドリンクとお茶も美味しかったため。,可もなく不可もなく、宿泊に欲しい要素がしっかりあったため。,,,,8,また行きたい（1年以内）,お菓子のビーバーがとても好きなので、お土産用のバラエティパックなどが欲しいと思いました。 海鮮がとてもおいしかったため。,ホテル・トリフィート金沢,同意する,,,,,,,1999,,,,,,
石川,2026/01/09 8:32:19,東京都,男,1982,,800万円以上 900万円未満,友人,2泊,石川県外には泊まらない,金沢エリア  （湯涌温泉、深谷温泉、犀川温泉など）,2泊,,,,,,,,,新幹線,0,0,1,0,0,0,0,,0,0,0,0,4,,,,初めて,ゲームコラボのスタンプラリーなど,0,0,0,0,0,0,0,0,0,0,0,0,0,0,0,0,0,0,旅行会社のプラン,0,0,0,0,0,0,0,0,0,0,0,0,0,0,0,0,0,1,0,0,0,0,0,0,0,,,,,,"10,000円以上 20,000円未満",,使わない,,,,,,,,,,,5,4,,,,,,7,機会があれば行きたい,特になし,ガーデンホテル金沢,同意する,,,,,,,1982,,,,,,
石川,2026/01/09 9:51:49,京都府,女,1966,,100万円未満,自分ひとり,2泊,石川県外には泊まらない,金沢エリア  （湯涌温泉、深谷温泉、犀川温泉など）,2泊,,,,,,,,,"新幹線, 在来線",0,0,1,1,0,0,0,,0,0,0,0,,,,,6～10回目,"地元の美味しいものを食べる, 名所、旧跡の観光, まちあるき、都市散策",0,0,1,0,1,0,0,0,0,0,1,0,0,0,0,0,0,0,"新聞・雑誌・ガイドブック, 観光協会等の案内所",0,0,0,0,0,0,0,0,0,0,0,0,0,0,0,0,1,0,0,0,0,1,0,0,0,,,,,,"10,000円以上 20,000円未満",,使わない,,,,,,,,,,,4,5,地図など資料がたくさんあるから,,,,,8,また行きたい（1年以内）,次回はもっとたくさん体験（工芸）をしたいと思います 見処や体験がたくさんあるから,長町武家屋敷休憩館,同意する,,,,,,,1966,,,,,,
石川,2026/01/09 10:14:11,広島県,男,1967,,"1,500万円以上",自分ひとり,2泊,富山県,金沢エリア  （湯涌温泉、深谷温泉、犀川温泉など）,1泊,,,,,,,,,"新幹線, 在来線",0,0,1,1,0,0,0,,0,0,0,0,,,,,11回目以上,地元の美味しいものを食べる,0,0,1,0,0,0,0,0,0,0,0,0,0,0,0,0,0,0,Instagram,0,0,0,1,0,0,0,0,0,0,0,0,0,0,0,0,0,0,0,0,0,0,0,0,0,,,,,,"3,000円以上 5,000円未満",,使わない,,,,,,,,,,,5,3,,,,,,9,また行きたい（1年以内）,特になし 食事が美味しい,ガーデンホテル金沢,同意する,,,,,,,1967,,,,,,
石川,2026/01/09 17:21:19,愛知県,女,1980,,"900万円以上 1,000万円未満",自分ひとり,1泊,石川県外には泊まらない,金沢エリア  （湯涌温泉、深谷温泉、犀川温泉など）,1泊,,,,,,,,,新幹線,0,0,1,0,0,0,0,,0,0,0,0,5,タクシー親切でした,,,初めて,"地元の美味しいものを食べる, 名所、旧跡の観光, まちあるき、都市散策, 各種体験（手作り、果物狩りなど）",0,0,1,0,1,0,0,0,0,0,1,1,0,0,0,0,0,0,"観光展・物産展, インターネット・アプリ, Instagram, 友人・知人",0,0,0,1,0,0,0,0,0,0,1,0,0,0,0,0,0,0,1,0,0,0,1,0,0,,,,,,"30,000円以上 40,000円未満",,"1,000円未満",,,,,,,,,,,5,5,親切でした,空いていてスムーズに見れた,,,,10,また行きたい（1年以内）,夜もっと遊びたい ご飯が美味しい,金沢駅,同意する,,,,,,,1980,,,,,,
石川,2026/01/09 18:08:06,愛知県,男,1977,,500万円以上 600万円未満,自分ひとり,4泊以上,石川県外には泊まらない,金沢エリア  （湯涌温泉、深谷温泉、犀川温泉など）,4泊以上,,,,,,,,,"新幹線, 高速バス",0,0,1,0,0,0,0,,0,0,0,0,,,,,初めて,"名所、旧跡の観光, 出張など仕事関係",0,0,0,0,1,0,0,0,0,0,0,0,0,0,0,0,1,0,インターネット・アプリ,0,0,0,0,0,0,0,0,0,0,1,0,0,0,0,0,0,0,0,0,0,0,0,0,0,,,,,,"50,000円以上 100,000円未満",,"1,000円以上 3,000円未満",,,,,,,,,,,5,5,ボランティアの方が説明してくれた,ブッフェが美味しい,,,,10,どちらともいえない,寿司はシャリを多くして欲しい 金沢城の櫓の復元,ホテルマイステイズプレミア金沢,同意する,,金沢城,,,,,1977,,,,,,
石川,2026/01/09 20:10:05,兵庫県,女,1969,,600万円以上 700万円未満,友人,1泊,石川県外には泊まらない,金沢エリア  （湯涌温泉、深谷温泉、犀川温泉など）,1泊,,,,,,,,,新幹線,0,0,1,0,0,0,0,,0,0,0,0,4,金沢駅がきれいだし、買い物にも便利,,,2～5回目,"名所、旧跡の観光, まちあるき、都市散策",0,0,0,0,1,0,0,0,0,0,1,0,0,0,0,0,0,0,"新聞・雑誌・ガイドブック, インターネット・アプリ",0,0,0,0,0,0,0,0,0,0,1,0,0,0,0,0,1,0,0,0,0,0,0,0,0,,,,,,"5,000円以上 10,000円未満",,"3,000円以上 5,000円未満",,,,,,,,,,,5,5,展示が良かった,,,,,9,また行きたい（1年以内）,食べ物と芸術が楽しめる 食べ物と文化芸術が素晴らしい。東茶屋では九谷焼の江戸から大正の品物が手軽に買える,石川県政記念しいのき迎賓館,同意する,,九谷焼美術館,,,,,1969,,,,,,
石川,2026/01/09 21:02:42,京都府,男,1965,,"1,500万円以上",職場の同僚,1泊,石川県外には泊まらない,金沢エリア  （湯涌温泉、深谷温泉、犀川温泉など）,1泊,,,,,,,,,飛行機,0,0,0,0,1,0,0,,0,0,0,0,4,便利だった。,,,11回目以上,出張など仕事関係,0,0,0,0,0,0,0,0,0,0,0,0,0,0,0,0,1,0,仕事先の情報,0,0,0,0,0,0,0,0,0,0,0,0,0,0,0,0,0,0,0,0,0,0,0,0,1,,,,,,"5,000円以上 10,000円未満",,"50,000円以上 100,000円未満",,,,,,,,,,,5,5,金沢はとても良い。,コスパを考えるととても良い。,,,,8,機会があれば行きたい,肉がもう少し美味しいと良い。ら ご飯が美味しい。,ガーデンホテル金沢,同意する,,,,トナミロジスティクス,,,1965,,,,,,
石川,2026/01/10 10:46:15,埼玉県,男,1967,,"900万円以上 1,000万円未満",妻と友人,1泊,なし,金沢エリア  （湯涌温泉、深谷温泉、犀川温泉など）,1泊,,,,,,,,,新幹線,0,0,1,0,0,0,0,,0,0,0,0,,,,,2～5回目,地元の美味しいものを食べる,0,0,1,0,0,0,0,0,0,0,0,0,0,0,0,0,0,0,"新聞・雑誌・ガイドブック, インターネット・アプリ",0,0,0,0,0,0,0,0,0,0,1,0,0,0,0,0,1,0,0,0,0,0,0,0,0,,,,,,"10,000円以上 20,000円未満",,"1,000円以上 3,000円未満",,,,,,,,,,,4,5,品豊富,,,,,10,機会があれば行きたい,とくになし,金沢駅,同意する,,金沢駅,,宝生寿司,,,1967,,,,,,
石川,2026/01/10 11:18:52,富山県,男,1955,,400万円以上 500万円未満,自分ひとり,日帰り,石川県外には泊まらない,石川県内には宿泊しない,石川県内には宿泊しない,,,,,,,,,在来線,0,0,0,1,0,0,0,,0,0,0,0,,,,,2～5回目,名所、旧跡の観光,0,0,0,0,1,0,0,0,0,0,0,0,0,0,0,0,0,0,観光展・物産展,0,0,0,0,0,0,0,0,0,0,0,0,0,0,0,0,0,0,0,0,0,0,1,0,0,,,,,,"20,000円以上 30,000円未満",,"5,000円以上 10,000円未満",,,,,,,,,,,5,5,,,,,,8,また行きたい（1年以内）,歴史的伝承行事の発掘,金沢城公園,同意する,,,,,,,1955,,,,,,
石川,2026/01/10 11:19:53,東京都,女,1998,,400万円以上 500万円未満,友人,1泊,石川県外には泊まらない,金沢エリア  （湯涌温泉、深谷温泉、犀川温泉など）,1泊,,,,,,,,,新幹線,0,0,1,0,0,0,0,,0,0,0,0,,,,,初めて,"宿でのんびり過ごす, 地元の美味しいものを食べる, 名所、旧跡の観光",1,0,1,0,1,0,0,0,0,0,0,0,0,0,0,0,0,0,"インターネット・アプリ, Instagram, 友人・知人",0,0,0,1,0,0,0,0,0,0,1,0,0,0,0,0,0,0,1,0,0,0,0,0,0,,,,,,"10,000円以上 20,000円未満",,"1,000円未満",,,,,,,,,,,4,4,,,,,,8,また行きたい（1年以内）,酒の試飲がしたい,金沢駅,同意する,,,,,,,1998,,,,,,
石川,2026/01/10 12:07:22,東京都,女,1960,,"1,500万円以上",中学生以上連れの家族,2泊,石川県外には泊まらない,金沢エリア  （湯涌温泉、深谷温泉、犀川温泉など）,2泊,,,,,,,,,新幹線,0,0,1,0,0,0,0,,0,0,0,0,,,,,初めて,"宿でのんびり過ごす, 温泉や露天風呂, 地元の美味しいものを食べる, 名所、旧跡の観光, 各種体験（手作り、果物狩りなど）",1,1,1,0,1,0,0,0,0,0,0,1,0,0,0,0,0,0,観光協会等の案内所,0,0,0,0,0,0,0,0,0,0,0,0,0,0,0,0,0,0,0,0,0,1,0,0,0,,,,,,"100,000円以上",,"10,000円以上 20,000円未満",,,,,,,,,,,4,4,,皆さんの対応が的確で感じの良い方々でした。,,,,10,機会があれば行きたい,お正月の疲れを癒しに蟹と温泉を目的に訪れました。お食事は全て美味しかったですし、九谷焼や起上がりの絵付け体験も楽しかったです。出会った方々も皆さん優しかったです。ただ雨や雪は少し大変でした。また伺います！ 素敵な街をゆっくり歩きながら楽しめました。また人も穏やかで優しかったです！,金沢中央観光案内所,同意する,,,,,,,1960,,,,,,
石川,2026/01/10 12:28:53,石川県,女,1954,,300万円以上 400万円未満,夫婦2人,日帰り,金沢在住,石川県内には宿泊しない,石川県内には宿泊しない,,,,,,,,,金沢在住,0,0,0,0,0,0,0,,0,0,0,0,,,,,2～5回目,金沢在住です,0,0,0,0,0,0,0,0,0,0,0,0,0,0,0,0,0,0,インターネット・アプリ,0,0,0,0,0,0,0,0,0,0,1,0,0,0,0,0,0,0,0,0,0,0,0,0,0,,,,,,使わない,,"1,000円以上 3,000円未満",,,,,,,,,,,5,5,親切,美しい,,,,10,また行きたい（1年以内）,分かりません 金沢城,金沢城公園,同意する,,,,金沢城のみ,,,1954,,,,,,
石川,2026/01/10 14:26:55,東京都,男,2003,,"1,500万円以上",恋人,4泊以上,石川県外には泊まらない,金沢エリア  （湯涌温泉、深谷温泉、犀川温泉など）,4泊以上,,,,,,,,,レンタカー,0,1,0,0,0,0,0,,0,0,0,0,5,,,,6～10回目,"温泉や露天風呂, 地元の美味しいものを食べる, 花見や紅葉などの自然鑑賞, 名所、旧跡の観光, 買い物、アウトレット, まちあるき、都市散策",0,1,1,1,1,0,1,0,0,0,1,0,0,0,0,0,0,0,"観光展・物産展, インターネット・アプリ, Instagram",0,0,0,1,0,0,0,0,0,0,1,0,0,0,0,0,0,0,0,0,0,0,1,0,0,,,,,,"50,000円以上 100,000円未満",,"10,000円以上 20,000円未満",,,,,,,,,,,5,5,,,,,,10,また行きたい（1年以内）,特になし,兼六駐車場,同意する,,,,,,,2003,,,,,,
石川,2026/01/10 15:18:37,東京都,女,1979,,600万円以上 700万円未満,自分ひとり,1泊,石川県外には泊まらない,金沢エリア  （湯涌温泉、深谷温泉、犀川温泉など）,1泊,,,,,,,,,新幹線,0,0,1,0,0,0,0,,0,0,0,0,5,,,,2～5回目,"地元の美味しいものを食べる, まちあるき、都市散策, 友人・親戚を訪ねる",0,0,1,0,0,0,0,0,0,0,1,0,0,0,0,0,0,0,"観光連盟やDMOのHP, X(旧：Twitter), Instagram, 友人・知人, 観光協会等の案内所",0,0,0,1,0,1,0,0,0,0,0,0,0,0,0,0,0,0,1,0,0,1,0,1,0,,,,,,"5,000円以上 10,000円未満",,"1,000円未満",,,,,,,,,,,5,5,,,,,,10,また行きたい（1年以内）,特になし,石川県政記念しいのき迎賓館,同意する,,,,金沢港、石川県庁,,,1979,,,,,,
石川,2026/01/10 15:53:11,岐阜県,女,1995,,800万円以上 900万円未満,親,1泊,石川県外には泊まらない,能登エリア （和倉温泉、七尾市、輪島市、珠洲市など）,1泊,,,,,,,,,自家用車,1,0,0,0,0,0,0,,0,0,0,0,,,,,2～5回目,地元の美味しいものを食べる,0,0,1,0,0,0,0,0,0,0,0,0,0,0,0,0,0,0,インターネット・アプリ,0,0,0,0,0,0,0,0,0,0,1,0,0,0,0,0,0,0,0,0,0,0,0,0,0,,,,,,"5,000円以上 10,000円未満",,使わない,,,,,,,,,,,5,5,充実した時間で、駐車場代も高くない、またじっくり来たいと思った,,,,,10,また行きたい（1年以内）,なし,道の駅「高松」,同意する,,石川県立図書館,,,,,1995,,,,,,
石川,2026/01/10 15:53:58,岐阜県,男,1967,,"1,000万円以上 1,200万円未満",娘,1泊,石川県外には泊まらない,能登エリア （和倉温泉、七尾市、輪島市、珠洲市など）,1泊,,,,,,,,,自家用車,1,0,0,0,0,0,0,,0,0,0,0,,,,,11回目以上,地元の美味しいものを食べる,0,0,1,0,0,0,0,0,0,0,0,0,0,0,0,0,0,0,"新聞・雑誌・ガイドブック, 観光パンフレット・ポスター, インターネット・アプリ",0,0,0,0,0,0,0,0,0,0,1,0,0,0,0,0,1,0,0,0,1,0,0,0,0,,,,,,"40,000円以上 50,000円未満",,"3,000円以上 5,000円未満",,,,,,,,,,,5,5,丁寧で親切な接客,海が近い　店員さんが親切　トイレがきれい,,,,10,また行きたい（1年以内）,満足しているので特にありません,道の駅「高松」,同意する,,県立図書館,,白川郷,,,1967,,,,,,
石川,2026/01/10 15:57:17,岐阜県,女,1967,,"1,200万円以上 1,500万円未満",中学生以上連れの家族,1泊,岐阜県,金沢エリア  （湯涌温泉、深谷温泉、犀川温泉など）,1泊,,,,,,,,,自家用車,1,0,0,0,0,0,0,,0,0,0,0,,,,,初めて,"宿でのんびり過ごす, 地元の美味しいものを食べる",1,0,1,0,0,0,0,0,0,0,0,0,0,0,0,0,0,0,"インターネット・アプリ, Instagram",0,0,0,1,0,0,0,0,0,0,1,0,0,0,0,0,0,0,0,0,0,0,0,0,0,,,,,,"20,000円以上 30,000円未満",,"1,000円以上 3,000円未満",,,,,,,,,,,4,4,能登のお土産が充実している。,景観がよくゆったり過ごせる。,,,,10,また行きたい（1年以内）,海鮮が美味しい。景色が素敵。 図書館がとてもよかった,道の駅「高松」,同意する,,石川県立図書館,,,,,1967,,,,,,
石川,2026/01/10 16:11:12,栃木県,男,1964,,400万円以上 500万円未満,中学生以上連れの家族,1泊,石川県外には泊まらない,金沢エリア  （湯涌温泉、深谷温泉、犀川温泉など）,1泊,,,,,,,,,新幹線,0,0,1,0,0,0,0,,0,0,0,0,4,運転手の交通案内があった。,,,初めて,"地元の美味しいものを食べる, 名所、旧跡の観光, 買い物、アウトレット",0,0,1,0,1,0,1,0,0,0,0,0,0,0,0,0,0,0,インターネット・アプリ,0,0,0,0,0,0,0,0,0,0,1,0,0,0,0,0,0,0,0,0,0,0,0,0,0,,,,,,"5,000円以上 10,000円未満",,使わない,,,,,,,,,,,4,3,,,,,,8,機会があれば行きたい,特になし 海鮮丼が美味しい,石川県観光物産館,同意する,,,,,,,1964,,,,,,
石川,2026/01/10 16:12:54,東京都,女,1992,,600万円以上 700万円未満,小学生以下連れの家族,2泊,石川県外には泊まらない,金沢エリア  （湯涌温泉、深谷温泉、犀川温泉など）,2泊,,,,,,,,,新幹線,0,0,1,0,0,0,0,,0,0,0,0,,,,,初めて,友人・親戚を訪ねる,0,0,0,0,0,0,0,0,0,0,0,0,0,0,0,0,0,0,インターネット・アプリ,0,0,0,0,0,0,0,0,0,0,1,0,0,0,0,0,0,0,0,0,0,0,0,0,0,,,,,,"10,000円以上 20,000円未満",,使わない,,,,,,,,,,,5,5,お風呂が広く、朝食も充実している。,設備がキレイで清潔感もある。駅からも近い。,,,,10,また行きたい（1年以内）,今年初めて、子どもを連れて帰省しました。金沢駅に子供が遊べる場所があり、とてもありがたかったです。キッズメニューのあるレストランなど、子連れ向けのサービスが増えると有り難いです。 金沢駅のお土産屋さん。雑貨から食べ物まで、素敵なものが多く魅力的。,ホテル・トリフィート金沢,同意する,,,,,,,1992,,,,,,
石川,2026/01/10 16:28:23,東京都,女,1991,,"1,200万円以上 1,500万円未満",夫婦2人,1泊,石川県外には泊まらない,金沢エリア  （湯涌温泉、深谷温泉、犀川温泉など）,1泊,,,,,,,,,飛行機,0,0,0,0,1,0,0,,0,0,0,0,5,タッチ決済とICカードどちらも利用できた。路線バス,,,初めて,"宿でのんびり過ごす, 地元の美味しいものを食べる, 名所、旧跡の観光",1,0,1,0,1,0,0,0,0,0,0,0,0,0,0,0,0,0,"インターネット・アプリ, Instagram",0,0,0,1,0,0,0,0,0,0,1,0,0,0,0,0,0,0,0,0,0,0,0,0,0,,,,,,"10,000円以上 20,000円未満",,使わない,,,,,,,,,,,4,5,風情と文化を感じられた,,,,,7,機会があれば行きたい,九谷焼の集合施設がほしい 食が最高！,兼六園,同意する,,,,,,,1991,,,,,,
石川,2026/01/10 16:55:54,石川県,男,2002,,200万円以上 300万円未満,自分ひとり,日帰り,石川県外には泊まらない,金沢エリア  （湯涌温泉、深谷温泉、犀川温泉など）,4泊以上,,,,,,,,,県外から訪れていない（石川県内在住）,0,0,0,0,0,0,0,,0,0,0,0,3,坂で少し疲れる,,,11回目以上,テーマパーク（遊園地、動物園、博物館など）,0,0,0,0,0,1,0,0,0,0,0,0,0,0,0,0,0,0,"インターネット・アプリ, 友人・知人",0,0,0,0,0,0,0,0,0,0,1,0,0,0,0,0,0,0,1,0,0,0,0,0,0,,,,,,使わない,,"1,000円未満",,,,,,,,,,,4,4,石川県について広く学習できる場であったため。藩政期以前についてももう少し知りたかった。,,,,,7,石川県在住,特になし,石川県立歴史博物館,同意する,,,,,,,2002,,,,,,
石川,2026/01/10 17:12:06,東京都,女,1963,,"1,200万円以上 1,500万円未満",夫婦2人,2泊,石川県外には泊まらない,金沢エリア  （湯涌温泉、深谷温泉、犀川温泉など）,2泊,,,,,,,,,飛行機,0,0,0,0,1,0,0,,0,0,0,0,5,飛行機からの乗り継ぎもよく直通で来られるので,,,初めて,地元の美味しいものを食べる,0,0,1,0,0,0,0,0,0,0,0,0,0,0,0,0,0,0,インターネット・アプリ,0,0,0,0,0,0,0,0,0,0,1,0,0,0,0,0,0,0,0,0,0,0,0,0,0,,,,,,"10,000円以上 20,000円未満",,"10,000円以上 20,000円未満",,,,,,,,,,,5,5,ドリンクサービスなどのサービスが良かった,,,,,10,機会があれば行きたい,加能がにやのどぐろなどの海鮮,ガーデンホテル金沢,同意する,,,,,,,1963,,,,,,
石川,2026/01/10 17:38:44,大阪府,女,1988,,600万円以上 700万円未満,恋人,1泊,石川県外には泊まらない,金沢エリア  （湯涌温泉、深谷温泉、犀川温泉など）,1泊,,,,,,,,,旅行会社ツアーバス,0,0,0,0,0,1,0,,0,0,0,0,,,,,2～5回目,"地元の美味しいものを食べる, まちあるき、都市散策",0,0,1,0,0,0,0,0,0,0,1,0,0,0,0,0,0,0,"X(旧：Twitter), 友人・知人",0,0,0,0,0,1,0,0,0,0,0,0,0,0,0,0,0,0,1,0,0,0,0,0,0,,,,,,"3,000円以上 5,000円未満",,使わない,,,,,,,,,,,4,4,,,,,,8,また行きたい（1年以内）,特になし,金沢中央観光案内所,同意する,,,,,,,1988,,,,,,
石川,2026/01/10 17:46:43,沖縄県,女,1979,,700万円以上 800万円未満,親,2泊,長野県,石川県内には宿泊しない,1泊,,,,,,,,,飛行機,0,0,0,0,1,0,0,,0,0,0,0,3,,,,2～5回目,名所、旧跡の観光,0,0,0,0,1,0,0,0,0,0,0,0,0,0,0,0,0,0,インターネット・アプリ,0,0,0,0,0,0,0,0,0,0,1,0,0,0,0,0,0,0,0,0,0,0,0,0,0,,,,,,"20,000円以上 30,000円未満",,使わない,,,,,,,,,,,4,3,,,,,,10,また行きたい（1年以内）,特に無し,石川県立図書館,同意する,,,,,,,1979,,,,,,
石川,2026/01/10 18:04:48,岐阜県,女,1967,,"1,200万円以上 1,500万円未満",中学生以上連れの家族,1泊,岐阜県,金沢エリア  （湯涌温泉、深谷温泉、犀川温泉など）,1泊,,,,,,,,,自家用車,1,0,0,0,0,0,0,,0,0,0,0,,,,,初めて,"宿でのんびり過ごす, 地元の美味しいものを食べる, ドライブ・ツーリング",1,0,1,0,0,0,0,0,0,0,0,0,0,0,1,0,0,0,インターネット・アプリ,0,0,0,0,0,0,0,0,0,0,1,0,0,0,0,0,0,0,0,0,0,0,0,0,0,,,,,,"20,000円以上 30,000円未満",,"1,000円以上 3,000円未満",,,,,,,,,,,4,4,地域のお土産が充実している,景観がいいし、ゆったり過ごせるところ,,,,10,また行きたい（1年以内）,充分楽しんでます 海鮮料理が美味しい。金沢の建物がおしゃれ。,道の駅「高松」,同意する,,石川県立図書館,,宿泊先,,,1967,,,,,,
石川,2026/01/10 18:23:04,埼玉県,女,1999,,300万円以上 400万円未満,友人,3泊,石川県外には泊まらない,金沢エリア  （湯涌温泉、深谷温泉、犀川温泉など）,3泊,,,,,,,,,新幹線,0,0,1,0,0,0,0,,0,0,0,0,5,駅近で快適でした！,,,初めて,地元の美味しいものを食べる,0,0,1,0,0,0,0,0,0,0,0,0,0,0,0,0,0,0,インターネット・アプリ,0,0,0,0,0,0,0,0,0,0,1,0,0,0,0,0,0,0,0,0,0,0,0,0,0,,,,,,"10,000円以上 20,000円未満",,"10,000円以上 20,000円未満",,,,,,,,,,,5,5,金沢にしか購入できない新鮮なお魚が沢山ありました！,金沢の文化を楽しめて、風景もとても綺麗でした！,,,,10,また行きたい（1年以内）,特になし 食べ物がとても美味しいです！！！,スーパーホテルPremier金沢駅東口,同意する,,,,,,,1999,,,,,,
石川,2026/01/10 20:12:14,東京都,女,1973,,"1,000万円以上 1,200万円未満",中学生以上連れの家族,3泊,富山県,石川県内には宿泊しない,石川県内には宿泊しない,,,,,,,,,新幹線,0,0,1,0,0,0,0,,0,0,0,0,1,ひがし茶屋でバス停で、並ぶ列が複数あり、並んでら人もどこに行くのがどの列かわからず、バスが来ると人が群がり、バスに乗れなかった。並ぶ列がわかるようにして欲しい,,,2～5回目,"地元の美味しいものを食べる, 名所、旧跡の観光, 各種体験（手作り、果物狩りなど）",0,0,1,0,1,0,0,0,0,0,0,1,0,0,0,0,0,0,"観光パンフレット・ポスター, インターネット・アプリ",0,0,0,0,0,0,0,0,0,0,1,0,0,0,0,0,0,0,0,0,1,0,0,0,0,,,,,,使わない,,"3,000円以上 5,000円未満",,,,,,,,,,,4,5,ボランティアの人がよかった。,整備され、わりやすく散策しやすい,,,,10,機会があれば行きたい,他の観光地にはないお土産がほしい。 鈴木大拙館の静けさがよかった。,金沢城公園,同意する,,鈴木大拙館,,,,,1973,,,,,,
石川,2026/01/10 20:23:36,石川県,男,1962,,"1,200万円以上 1,500万円未満",自分ひとり,日帰り,日帰り,石川県内には宿泊しない,石川県内には宿泊しない,,,,,,,,,在来線,0,0,0,1,0,0,0,,0,0,0,0,,,,,11回目以上,出張など仕事関係,0,0,0,0,0,0,0,0,0,0,0,0,0,0,0,0,1,0,友人・知人,0,0,0,0,0,0,0,0,0,0,0,0,0,0,0,0,0,0,1,0,0,0,0,0,0,,,,,,使わない,,使わない,,,,,,,,,,,3,3,,,,,,0,石川県在住,ペットと泊まれるホテル,ホテル金沢,同意する,,,,,,,1962,,,,,,
石川,2026/01/10 20:47:06,大阪府,女,1998,,300万円以上 400万円未満,親,3泊,石川県外には泊まらない,金沢エリア  （湯涌温泉、深谷温泉、犀川温泉など）,3泊,,,,,,,,,"新幹線, 特急サンダーバード",0,0,1,0,0,0,0,,0,0,0,0,4,景色を見ながら歩いて来れたのがとても楽しく趣がありました。,,,初めて,"地元の美味しいものを食べる, まちあるき、都市散策",0,0,1,0,0,0,0,0,0,0,1,0,0,0,0,0,0,0,"新聞・雑誌・ガイドブック, 観光パンフレット・ポスター",0,0,0,0,0,0,0,0,0,0,0,0,0,0,0,0,1,0,0,0,1,0,0,0,0,,,,,,使わない,,"3,000円以上 5,000円未満",,,,,,,,,,,4,4,金沢名物治部煮をいただいたお店がとても清潔で、気持ちよくお食事ができたからです。,お料理も美味しく、どの場所でも店員さんが親切に対応してくださったからです。,,,,10,また行きたい（1年以内）,特になし 街並みや空気感がとても綺麗で散策していて気分が良かったので、心が浄化されたような気がしました。ぜひ訪れて欲しいです。思わず、写真に収めたくなるような風景が多かったです。,兼六園,同意する,,,,,,,1998,,,,,,
石川,2026/01/10 23:03:55,埼玉県,女,1997,,800万円以上 900万円未満,親,1泊,石川県外には泊まらない,金沢エリア  （湯涌温泉、深谷温泉、犀川温泉など）,1泊,,,,,,,,,新幹線,0,0,1,0,0,0,0,,0,0,0,0,4,,,,11回目以上,友人・親戚を訪ねる,0,0,0,0,0,0,0,0,0,0,0,0,0,0,0,0,0,0,インターネット・アプリ,0,0,0,0,0,0,0,0,0,0,1,0,0,0,0,0,0,0,0,0,0,0,0,0,0,,,,,,"5,000円以上 10,000円未満",,"3,000円以上 5,000円未満",,,,,,,,,,,4,4,,,,,,7,また行きたい（1年以内）,魚介類,ガーデンホテル金沢,同意する,,,,,,,1997,,,,,,
石川,2026/01/11 7:16:37,東京都,女,1994,,400万円以上 500万円未満,親,1泊,石川県外には泊まらない,金沢エリア  （湯涌温泉、深谷温泉、犀川温泉など）,1泊,,,,,,,,,新幹線,0,0,1,0,0,0,0,,0,0,0,0,,,,,2～5回目,友人・親戚を訪ねる,0,0,0,0,0,0,0,0,0,0,0,0,0,0,0,0,0,0,インターネット・アプリ,0,0,0,0,0,0,0,0,0,0,1,0,0,0,0,0,0,0,0,0,0,0,0,0,0,,,,,,"5,000円以上 10,000円未満",,使わない,,,,,,,,,,,4,4,,,,,,7,機会があれば行きたい,特になし,ガーデンホテル金沢,同意する,,,,,,,1994,,,,,,
石川,2026/01/11 8:57:43,長野県,女,1969,,700万円以上 800万円未満,夫婦2人,1泊,石川県外には泊まらない,金沢エリア  （湯涌温泉、深谷温泉、犀川温泉など）,1泊,,,,,,,,,自家用車,1,0,0,0,0,0,0,,0,0,0,0,,,,,初めて,"温泉や露天風呂, 息子に荷物を届ける",0,1,0,0,0,0,0,0,0,0,0,0,0,0,0,0,0,0,友人・知人,0,0,0,0,0,0,0,0,0,0,0,0,0,0,0,0,0,0,1,0,0,0,0,0,0,,,,,,"10,000円以上 20,000円未満",,"10,000円以上 20,000円未満",,,,,,,,,,,4,4,,,,,,7,また行きたい（1年以内）,特になし,金沢国際ホテル,同意する,,尼御前岬,,白山イオン,,,1969,,,,,,
石川,2026/01/11 10:10:54,富山県,男,1963,,300万円以上 400万円未満,親,1泊,石川県外には泊まらない,加賀エリア （山代温泉、山中温泉、片山津温泉、粟津温泉、辰口温泉、加賀市、小松市など）,1泊,,,,,,,,,自家用車,1,0,0,0,0,0,0,,0,0,0,0,,,,,初めて,"宿でのんびり過ごす, 温泉や露天風呂, 地元の美味しいものを食べる, 花見や紅葉などの自然鑑賞, 名所、旧跡の観光, お祭りやイベントへの参加・見物",1,1,1,1,1,0,0,1,0,0,0,0,0,0,0,0,0,0,"新聞・雑誌・ガイドブック, インターネット・アプリ, 観光協会等の案内所",0,0,0,0,0,0,0,0,0,0,1,0,0,0,0,0,1,0,0,0,0,1,0,0,0,,,,,,"20,000円以上 30,000円未満",,"5,000円以上 10,000円未満",,,,,,,,,,,5,4,天候も良く景色が最高だった,案内看板が分かりやすい,,,,9,機会があれば行きたい,獅子吼高原と森養魚場が最高 獅子吼高原と森養魚場の岩魚の塩焼き,石川県立図書館,同意する,,,,獅子吼高原,,,1963,,,,,,
石川,2026/01/11 10:48:42,福井県,男,1992,,700万円以上 800万円未満,小学生以下連れの家族,1泊,石川県外には泊まらない,白山エリア （一里野温泉、白峰温泉、白山市など）,1泊,,,,,,,,,自家用車,1,0,0,0,0,0,0,,0,0,0,0,,,,,初めて,"地元の美味しいものを食べる, 名所、旧跡の観光, 買い物、アウトレット",0,0,1,0,1,0,1,0,0,0,0,0,0,0,0,0,0,0,"TV・ラジオ番組やCM, インターネット・アプリ, Instagram",0,0,0,1,0,0,0,0,0,0,1,0,0,0,1,0,0,0,0,0,0,0,0,0,0,,,,,,"5,000円以上 10,000円未満",,"10,000円以上 20,000円未満",,,,,,,,,,,4,4,目当てのものが買えた、食べれた、兼六園の景色が良かった,,,,,9,機会があれば行きたい,特になし 食べ物が美味しい,金沢国際ホテル,同意する,,金沢フォーラス、波自加彌神社、まいもん寿司,,イオンモール新小松,,,1992,,,,,,
石川,2026/01/11 11:30:14,神奈川県,男,1999,,600万円以上 700万円未満,親,1泊,石川県外には泊まらない,金沢エリア  （湯涌温泉、深谷温泉、犀川温泉など）,2泊,,,,,,,,,新幹線,0,0,1,0,0,0,0,,0,0,0,0,2,バス乗り場がわからない,,,2～5回目,"地元の美味しいものを食べる, まちあるき、都市散策, ",0,0,1,0,0,0,0,0,0,0,1,0,0,0,0,0,0,0,友人・知人,0,0,0,0,0,0,0,0,0,0,0,0,0,0,0,0,0,0,1,0,0,0,0,0,0,,,,,,"1,000円以上 3,000円未満",,使わない,,,,,,,,,,,3,4,来てみたかったので,見学ツアーなどあったらよかった。,,,,8,機会があれば行きたい,ほうじ茶、さしみが美味しかった。香箱がには年内なら安い時もあると聞いている。冷凍で良いので、カニ面のお手頃価格のがあれば試食してみたかった。 冬の凛とした空気、物腰の柔らかい金沢弁、とても豊かな気持ちになれた。,石川県立図書館,同意する,,美大　福光屋見学,,白川郷,,,1999,,,,,,
石川,2026/01/11 11:58:03,神奈川県,男,1972,,500万円以上 600万円未満,友人,2泊,石川県外には泊まらない,金沢エリア  （湯涌温泉、深谷温泉、犀川温泉など）,2泊,,,,,,,,,飛行機,0,0,0,0,1,0,0,,0,0,0,0,5,,,,2～5回目,温泉や露天風呂,0,1,0,0,0,0,0,0,0,0,0,0,0,0,0,0,0,0,友人・知人,0,0,0,0,0,0,0,0,0,0,0,0,0,0,0,0,0,0,1,0,0,0,0,0,0,,,,,,"20,000円以上 30,000円未満",,"5,000円以上 10,000円未満",,,,,,,,,,,5,5,どれを食べても満足がいきます,,,,,10,また行きたい（1年以内）,特になし 魚介類が新鮮でした,西茶屋資料館,同意する,,忍者寺,,飲食,,,1972,,,,,,
石川,2026/01/11 12:51:23,大阪府,無回答,2004,,100万円以上 200万円未満,自分ひとり,3泊,長野県、千葉県,石川県内には宿泊しない,石川県内には宿泊しない,,,,,,,,,新幹線,0,0,1,0,0,0,0,,0,0,0,0,4,新幹線が平常運転したものの、在来線は強風で見合わせたため、乗る予定の七尾線ではなくレンタカーで来ました。,,,2～5回目,"名所、旧跡の観光, ドライブ・ツーリング",0,0,0,0,1,0,0,0,0,0,0,0,0,0,1,0,0,0,"インターネット・アプリ, 授業内容",0,0,0,0,0,0,0,0,0,0,1,0,0,0,0,0,0,0,0,0,0,0,0,0,0,,,,,,使わない,,"1,000円以上 3,000円未満",,,,,,,,,,,5,5,特に不満足な点がない,特に不満足な点がない,,,,10,機会があれば行きたい,特になし,西田幾多郎記念館,同意する,,なし,,イオンモールかほく,,,2004,,,,,,
石川,2026/01/11 13:06:57,千葉県,女,1986,,500万円以上 600万円未満,親,2泊,石川県外には泊まらない,金沢エリア  （湯涌温泉、深谷温泉、犀川温泉など）,2泊,,,,,,,,,新幹線,0,0,1,0,0,0,0,,0,0,0,0,,,,,2～5回目,"地元の美味しいものを食べる, 名所、旧跡の観光",0,0,1,0,1,0,0,0,0,0,0,0,0,0,0,0,0,0,"新聞・雑誌・ガイドブック, インターネット・アプリ",0,0,0,0,0,0,0,0,0,0,1,0,0,0,0,0,1,0,0,0,0,0,0,0,0,,,,,,"10,000円以上 20,000円未満",,"1,000円未満",,,,,,,,,,,4,4,,,,,,5,また行きたい（1年以内）,手軽なもの、ご当地ものを強く押して欲しい おいしいものがたくさんあるところ,石川県政記念しいのき迎賓館,同意する,,,,,,,1986,,,,,,
石川,2026/01/11 13:14:00,兵庫県,女,1961,,800万円以上 900万円未満,夫婦2人,2泊,石川県外には泊まらない,金沢エリア  （湯涌温泉、深谷温泉、犀川温泉など）,2泊,,,,,,,,,新幹線,0,0,1,0,0,0,0,,0,0,0,0,4,バスの本数が適度にあること,,,2～5回目,"地元の美味しいものを食べる, 名所、旧跡の観光, 買い物、アウトレット",0,0,1,0,1,0,1,0,0,0,0,0,0,0,0,0,0,0,観光パンフレット・ポスター,0,0,0,0,0,0,0,0,0,0,0,0,0,0,0,0,0,0,0,0,1,0,0,0,0,,,,,,"5,000円以上 10,000円未満",,"3,000円以上 5,000円未満",,,,,,,,,,,4,4,店舗がたくさんある,スーパーマーケットもあること,,,,8,機会があれば行きたい,食事が美味しいが、高いなぁと思う 食べ物,金沢駅,同意する,,,,,,,1961,,,,,,
石川,2026/01/11 13:18:56,兵庫県,男,1960,,800万円以上 900万円未満,夫婦2人,2泊,石川県外には泊まらない,金沢エリア  （湯涌温泉、深谷温泉、犀川温泉など）,2泊,,,,,,,,,"新幹線, 在来線",0,0,1,1,0,0,0,,0,0,0,0,5,快適,,,2～5回目,"地元の美味しいものを食べる, 名所、旧跡の観光, 買い物、アウトレット",0,0,1,0,1,0,1,0,0,0,0,0,0,0,0,0,0,0,"観光パンフレット・ポスター, インターネット・アプリ, 観光協会等の案内所",0,0,0,0,0,0,0,0,0,0,1,0,0,0,0,0,0,0,0,0,1,1,0,0,0,,,,,,"10,000円以上 20,000円未満",,"1,000円未満",,,,,,,,,,,4,4,対応が丁寧,広々としている,,,,8,また行きたい（1年以内）,観光地だからか飲食費が高いように思う 観光資源の豊富さ,金沢駅,同意する,,,,,,,1960,,,,,,
石川,2026/01/11 15:16:48,石川県,女,2010,,300万円以上 400万円未満,小学生以下連れの家族,日帰り,東京,石川県内には宿泊しない,石川県内には宿泊しない,,,,,,,,,自家用車,1,0,0,0,0,0,0,,0,0,0,0,,,,,2～5回目,成人式,0,0,0,0,0,0,0,0,0,0,0,0,0,0,0,0,0,0,観光パンフレット・ポスター,0,0,0,0,0,0,0,0,0,0,0,0,0,0,0,0,0,0,0,0,1,0,0,0,0,,,,,,使わない,,使わない,,,,,,,,,,,4,5,飲み物等の設置が完璧,静かな雰囲気が好き,,,,7,石川県在住,特に無し,石川県立歴史博物館,同意する,,,,,,,2010,,,,,,
石川,2026/01/11 15:31:08,富山県,女,1972,,700万円以上 800万円未満,夫婦2人,日帰り,岐阜県,能登エリア （和倉温泉、七尾市、輪島市、珠洲市など）,石川県内には宿泊しない,,,,,,,,,自家用車,1,0,0,0,0,0,0,,0,0,0,0,4,,,,6～10回目,お祭りやイベントへの参加・見物,0,0,0,0,0,0,0,1,0,0,0,0,0,0,0,0,0,0,インターネット・アプリ,0,0,0,0,0,0,0,0,0,0,1,0,0,0,0,0,0,0,0,0,0,0,0,0,0,,,,,,"3,000円以上 5,000円未満",,"3,000円以上 5,000円未満",,,,,,,,,,,5,5,無料ガイドさんが大変良かった,,,,,3,また行きたい（1年以内）,地元民の穴場スポット 良かったから,石川県政記念しいのき迎賓館,同意する,,,,近江町,,,1972,,,,,,
石川,2026/01/11 16:12:34,新潟県,女,1993,,200万円以上 300万円未満,自分ひとり,2泊,石川県外には泊まらない,金沢エリア  （湯涌温泉、深谷温泉、犀川温泉など）,3泊,,,,,,,,,高速バス,0,0,0,0,0,0,0,,0,0,0,0,2,,,,初めて,出張など仕事関係,0,0,0,0,0,0,0,0,0,0,0,0,0,0,0,0,1,0,"観光パンフレット・ポスター, X(旧：Twitter), Instagram, 観光協会等の案内所",0,0,0,1,0,1,0,0,0,0,0,0,0,0,0,0,0,0,0,0,1,1,0,0,0,,,,,,"20,000円以上 30,000円未満",,"1,000円以上 3,000円未満",,,,,,,,,,,4,4,,,,,,9,また行きたい（1年以内）,特になし,金沢駅,同意する,,,,,,,1993,,,,,,
石川,2026/01/11 16:57:04,兵庫県,女,1974,,"1,000万円以上 1,200万円未満",夫婦2人,1泊,石川県外には泊まらない,金沢エリア  （湯涌温泉、深谷温泉、犀川温泉など）,1泊,,,,,,,,,自家用車,1,0,0,0,0,0,0,,0,0,0,0,,初めてで、よくわからない,,,初めて,温泉や露天風呂,0,1,0,0,0,0,0,0,0,0,0,0,0,0,0,0,0,0,インターネット・アプリ,0,0,0,0,0,0,0,0,0,0,1,0,0,0,0,0,0,0,0,0,0,0,0,0,0,,,,,,"20,000円以上 30,000円未満",,"5,000円以上 10,000円未満",,,,,,,,,,,3,3,,,,,,3,どちらともいえない,特にない,兼六駐車場,同意する,,,,,,,1974,,,,,,
石川,2026/01/11 17:02:36,富山県,男,1947,,200万円以上 300万円未満,夫婦2人,日帰り,富山県,石川県内には宿泊しない,石川県内には宿泊しない,,,,,,,,,自家用車,1,0,0,0,0,0,0,,0,0,0,0,,,,,2～5回目,"地元の美味しいものを食べる, 名所、旧跡の観光",0,0,1,0,1,0,0,0,0,0,0,0,0,0,0,0,0,0,新聞・雑誌・ガイドブック,0,0,0,0,0,0,0,0,0,0,0,0,0,0,0,0,1,0,0,0,0,0,0,0,0,,,,,,使わない,,"1,000円以上 3,000円未満",,,,,,,,,,,4,5,,,,,,5,また行きたい（1年以内）,特になし,ホテル日航金沢,同意する,,,,,,,1947,,,,,,
石川,2026/01/11 20:35:33,三重県,女,1970,,500万円以上 600万円未満,夫婦2人,2泊,石川県外には泊まらない,金沢エリア  （湯涌温泉、深谷温泉、犀川温泉など）,2泊,,,,,,,,,自家用車,1,0,0,0,0,0,0,,0,0,0,0,,,,,初めて,"地元の美味しいものを食べる, 名所、旧跡の観光, 買い物、アウトレット, まちあるき、都市散策",0,0,1,0,1,0,1,0,0,0,1,0,0,0,0,0,0,0,Instagram,0,0,0,1,0,0,0,0,0,0,0,0,0,0,0,0,0,0,0,0,0,0,0,0,0,,,,,,"10,000円以上 20,000円未満",,"1,000円以上 3,000円未満",,,,,,,,,,,3,3,,,,,,4,どちらともいえない,金沢駅前をもっと活性化して欲しい。,ガーデンホテル金沢,同意する,,,,,,,1970,,,,,,
石川,2026/01/11 20:48:42,三重県,男,1969,,"1,500万円以上",夫婦2人,2泊,石川県外には泊まらない,加賀エリア （山代温泉、山中温泉、片山津温泉、粟津温泉、辰口温泉、加賀市、小松市など）,2泊,,,,,,,,,自家用車,1,0,0,0,0,0,0,,0,0,0,0,5,,,,初めて,"宿でのんびり過ごす, 地元の美味しいものを食べる, 花見や紅葉などの自然鑑賞",1,0,1,1,0,0,0,0,0,0,0,0,0,0,0,0,0,0,観光展・物産展,0,0,0,0,0,0,0,0,0,0,0,0,0,0,0,0,0,0,0,0,0,0,1,0,0,,,,,,"10,000円以上 20,000円未満",,"5,000円以上 10,000円未満",,,,,,,,,,,4,4,,,,,,8,機会があれば行きたい,特になし 地域が素晴らしい,ガーデンホテル金沢,同意する,,,,,,,1969,,,,,,
石川,2026/01/12 3:14:44,埼玉県,女,1972,,"1,000万円以上 1,200万円未満",中学生以上連れの家族,2泊,石川県外には泊まらない,金沢エリア  （湯涌温泉、深谷温泉、犀川温泉など）,2泊,,,,,,,,,新幹線,0,0,1,0,0,0,0,,0,0,0,0,,,,,初めて,"地元の美味しいものを食べる, 友人・親戚を訪ねる",0,0,1,0,0,0,0,0,0,0,0,0,0,0,0,0,0,0,"インターネット・アプリ, Instagram",0,0,0,1,0,0,0,0,0,0,1,0,0,0,0,0,0,0,0,0,0,0,0,0,0,,,,,,"30,000円以上 40,000円未満",,"20,000円以上 30,000円未満",,,,,,,,,,,5,5,朝食バイキング、素晴らしい！美味しい,,,,,10,機会があれば行きたい,特になし 食べ物美味しい、街の、風情が、すてき！,ホテル・トリフィート金沢,同意する,,,,,,,1972,,,,,,
石川,2026/01/12 6:37:40,愛媛県,女,1977,,600万円以上 700万円未満,クラブチーム,2泊,石川県外には泊まらない,金沢エリア  （湯涌温泉、深谷温泉、犀川温泉など）,2泊,,,,,,,,,"新幹線, 在来線",0,0,1,1,0,0,0,,0,0,0,0,4,接客の対応が気持ちよい,,,2～5回目,"出張など仕事関係, スポーツ合宿",0,0,0,0,0,0,0,0,0,0,0,0,0,0,0,0,1,0,観光協会等の案内所,0,0,0,0,0,0,0,0,0,0,0,0,0,0,0,0,0,0,0,0,0,1,0,0,0,,,,,,"20,000円以上 30,000円未満",,"1,000円以上 3,000円未満",,,,,,,,,,,5,5,臨機応変に対応してもらえた,きれい,,,,5,また行きたい（1年以内）,金沢牛,ARIGATO STAY KANAZAWA-KATAMACHI,同意する,,金沢学院大学,,金沢学院大学,,,1977,,,,,,
石川,2026/01/12 7:12:44,栃木県,男,1987,,600万円以上 700万円未満,自分ひとり,2泊,石川県外には泊まらない,金沢エリア  （湯涌温泉、深谷温泉、犀川温泉など）,2泊,,,,,,,,,新幹線,0,0,1,0,0,0,0,,0,0,0,0,4,新幹線で快適に来ることができた,,,2～5回目,出張など仕事関係,0,0,0,0,0,0,0,0,0,0,0,0,0,0,0,0,1,0,インターネット・アプリ,0,0,0,0,0,0,0,0,0,0,1,0,0,0,0,0,0,0,0,0,0,0,0,0,0,,,,,,"10,000円以上 20,000円未満",,使わない,,,,,,,,,,,4,4,,,,,,8,また行きたい（1年以内）,もう少しリーズナブルに日本酒が飲めるところ,ガーデンホテル金沢,同意する,,,,,,,1987,,,,,,
石川,2026/01/12 8:27:57,東京都,女,1975,,"900万円以上 1,000万円未満",小学生以下連れの家族,3泊,富山県,金沢エリア  （湯涌温泉、深谷温泉、犀川温泉など）,1泊,,,,,,,,,新幹線,0,0,1,0,0,0,0,,0,0,0,0,,,,,初めて,地元の美味しいものを食べる,0,0,1,0,0,0,0,0,0,0,0,0,0,0,0,0,0,0,インターネット・アプリ,0,0,0,0,0,0,0,0,0,0,1,0,0,0,0,0,0,0,0,0,0,0,0,0,0,,,,,,"20,000円以上 30,000円未満",,"10,000円以上 20,000円未満",,,,,,,,,,,4,3,朝食会場のスタッフ覇気がない,結露が凄い。同じビジネスホテルなら笑顔が多い方を選ぶ,,,,5,機会があれば行きたい,伝統工芸品のまとまったお土産施設  駅近でもっと体験施設が欲しい 魚介が美味しい。,ホテル・トリフィート金沢,同意する,,駅商業施設,,金沢神社,,,1975,,,,,,
石川,2026/01/12 8:54:36,京都府,男,1980,,700万円以上 800万円未満,小学生以下連れの家族,1泊,福井県,金沢エリア  （湯涌温泉、深谷温泉、犀川温泉など）,1泊,,,,,,,,,自家用車,1,0,0,0,0,0,0,,0,0,0,0,5,自由に行動できた,,,2～5回目,"温泉や露天風呂, 花見や紅葉などの自然鑑賞, アウトドア（海水浴、釣り、登山など）, 友人・親戚を訪ねる",0,1,0,1,0,0,0,0,0,1,0,0,0,0,0,0,0,0,友人・知人,0,0,0,0,0,0,0,0,0,0,0,0,0,0,0,0,0,0,1,0,0,0,0,0,0,,,,,,"30,000円以上 40,000円未満",,"10,000円以上 20,000円未満",,,,,,,,,,,4,3,宿泊のみだから,何回か来て慣れているから,,,,5,また行きたい（1年以内）,海鮮もの 家族連れにちょうどいい,金沢国際ホテル,同意する,,エンゼルランドなど,,雪のあるところ,,,1980,,,,,,
石川,2026/01/12 9:28:37,神奈川県,男,1999,,"1,000万円以上 1,200万円未満",夫婦2人,2泊,石川県外には泊まらない,金沢エリア  （湯涌温泉、深谷温泉、犀川温泉など）,2泊,,,,,,,,,新幹線,0,0,1,0,0,0,0,,0,0,0,0,,,,,初めて,友人・親戚を訪ねる,0,0,0,0,0,0,0,0,0,0,0,0,0,0,0,0,0,0,インターネット・アプリ,0,0,0,0,0,0,0,0,0,0,1,0,0,0,0,0,0,0,0,0,0,0,0,0,0,,,,,,"10,000円以上 20,000円未満",,"1,000円以上 3,000円未満",,,,,,,,,,,4,4,,,,,,7,また行きたい（1年以内）,冬のカニ、ブリの飲食、金沢の和菓子、スキースノーボードのレジャー関東では感じられない特産を経験しに来ました。 冬の名産品が美味しかった。カニがなくなっていたのは残念だったが、また年末に来てみたいと思いました。,KOKOHOTEL Premier 金沢香林坊,同意する,,,,,,,1999,,,,,,
石川,2026/01/12 9:34:17,長野県,女,1993,,400万円以上 500万円未満,恋人,2泊,石川県外には泊まらない,金沢エリア  （湯涌温泉、深谷温泉、犀川温泉など）,2泊,,,,,,,,,自家用車,1,0,0,0,0,0,0,,0,0,0,0,,,,,初めて,"地元の美味しいものを食べる, 名所、旧跡の観光",0,0,1,0,1,0,0,0,0,0,0,0,0,0,0,0,0,0,"新聞・雑誌・ガイドブック, 観光パンフレット・ポスター, インターネット・アプリ",0,0,0,0,0,0,0,0,0,0,1,0,0,0,0,0,1,0,0,0,1,0,0,0,0,,,,,,"20,000円以上 30,000円未満",,"10,000円以上 20,000円未満",,,,,,,,,,,4,5,楽しめた,,,,,10,また行きたい（1年以内）,だるまが、かわいかった バスでいろんなところにいけたところ,KOKOHOTEL Premier 金沢香林坊,同意する,,,,どの作品もすごかった、見どころが多く楽しかった,,,1993,,,,,,
石川,2026/01/12 9:36:51,長野県,男,1987,,300万円以上 400万円未満,恋人,2泊,石川県外には泊まらない,金沢エリア  （湯涌温泉、深谷温泉、犀川温泉など）,2泊,,,,,,,,,"自家用車, 在来線",1,0,0,1,0,0,0,,0,0,0,0,,,,,2～5回目,"地元の美味しいものを食べる, 名所、旧跡の観光",0,0,1,0,1,0,0,0,0,0,0,0,0,0,0,0,0,0,Instagram,0,0,0,1,0,0,0,0,0,0,0,0,0,0,0,0,0,0,0,0,0,0,0,0,0,,,,,,"5,000円以上 10,000円未満",,"3,000円以上 5,000円未満",,,,,,,,,,,4,4,,,,,,8,機会があれば行きたい,特になし,KOKOHOTEL Premier 金沢香林坊,同意する,,,,,,,1987,,,,,,
石川,2026/01/12 10:14:47,石川県,女,1975,,400万円以上 500万円未満,中学生以上連れの家族,日帰り,石川県外には泊まらない,石川県内には宿泊しない,石川県内には宿泊しない,,,,,,,,,県外から訪れていない（石川県内在住）,0,0,0,0,0,0,0,,0,0,0,0,,,,,2～5回目,名所、旧跡の観光,0,0,0,0,1,0,0,0,0,0,0,0,0,0,0,0,0,0,"新聞・雑誌・ガイドブック, 友人・知人",0,0,0,0,0,0,0,0,0,0,0,0,0,0,0,0,1,0,1,0,0,0,0,0,0,,,,,,使わない,,使わない,,,,,,,,,,,5,5,素敵な建物でしたし、雰囲気も良かったです,雪景色が綺麗。駐車場が空いていてよかった。,,,,10,石川県在住,金沢駅周辺の道路や駐車場が混雑しすぎ。特に週末や夕方。あの混雑に巻き込まれると、駐車場から車を出したくてもだせなくて、駐車場料金は上がってしまうし、県外から来た人たちをがっかりさせると思います。 金沢駅周辺は混雑していて、おすすめできないのて、郊外のあたりをおすすめしたい,石川県立図書館,同意する,,金沢産の食材が買えるほがらか村,,,,,1975,,,,,,
石川,2026/01/12 12:14:09,大阪府,女,1973,,"1,500万円以上",親,1泊,なし,金沢エリア  （湯涌温泉、深谷温泉、犀川温泉など）,1泊,,,,,,,,,"新幹線, 在来線",0,0,1,1,0,0,0,,0,0,0,0,5,駅近かった,,,2～5回目,"宿でのんびり過ごす, 地元の美味しいものを食べる, 名所、旧跡の観光",1,0,1,0,1,0,0,0,0,0,0,0,0,0,0,0,0,0,"Instagram, 友人・知人",0,0,0,1,0,0,0,0,0,0,0,0,0,0,0,0,0,0,1,0,0,0,0,0,0,,,,,,"30,000円以上 40,000円未満",,"1,000円以上 3,000円未満",,,,,,,,,,,5,4,種類豊富,広くて過ごしやすい,,,,8,また行きたい（1年以内）,お寿司屋さんの更なる充実 利便性よく来れるようになった。ゆっくり出来る。,石川県観光物産館,同意する,,,,,,,1973,,,,,,
石川,2026/01/12 12:18:13,大阪府,女,1964,,400万円以上 500万円未満,友人,1泊,なし,金沢エリア  （湯涌温泉、深谷温泉、犀川温泉など）,1泊,,,,,,,,,新幹線,0,0,1,0,0,0,0,,0,0,0,0,4,すぐこれた,,,2～5回目,"宿でのんびり過ごす, 温泉や露天風呂, 地元の美味しいものを食べる, 友人・親戚を訪ねる",1,1,1,0,0,0,0,0,0,0,0,0,0,0,0,0,0,0,"新聞・雑誌・ガイドブック, 友人・知人",0,0,0,0,0,0,0,0,0,0,0,0,0,0,0,0,1,0,1,0,0,0,0,0,0,,,,,,"30,000円以上 40,000円未満",,"1,000円以上 3,000円未満",,,,,,,,,,,5,5,体験が良かった,お買い物も体験もできてよかったです,,,,10,また行きたい（1年以内）,お寿司がおいしかった,石川県観光物産館,同意する,,,,,,,1964,,,,,,
石川,2026/01/12 12:25:36,愛知県,女,1974,,800万円以上 900万円未満,中学生以上連れの家族,1泊,白馬(長野県),金沢エリア  （湯涌温泉、深谷温泉、犀川温泉など）,1泊,,,,,,,,,自家用車,1,0,0,0,0,0,0,,0,0,0,0,,,,,2～5回目,"名所、旧跡の観光, スポーツ観戦や芸術鑑賞（コンサート等）, まちあるき、都市散策, 雪を見に",0,0,0,0,1,0,0,0,0,0,1,0,0,0,0,0,0,0,"観光展・物産展, 観光パンフレット・ポスター, Instagram, 友人・知人",0,0,0,1,0,0,0,0,0,0,0,0,0,0,0,0,0,0,1,0,1,0,1,0,0,,,,,,"10,000円以上 20,000円未満",,"3,000円以上 5,000円未満",,,,,,,,,,,5,5,ここだけで色々なお土産が買える,寒いときでも暖かくて良かった,,,,10,機会があれば行きたい,特になし 美術館が好きなので21世紀美術館が好きですすめたい,石川県観光物産館,同意する,,,,,,,1974,,,,,,
石川,2026/01/12 12:28:25,大阪府,女,1969,,500万円以上 600万円未満,兄妹,1泊,石川県外には泊まらない,金沢エリア  （湯涌温泉、深谷温泉、犀川温泉など）,1泊,,,,,,,,,新幹線,0,0,1,0,0,0,0,,0,0,0,0,5,わかりやすく便利だったから,,,2～5回目,"宿でのんびり過ごす, 地元の美味しいものを食べる, 名所、旧跡の観光",1,0,1,0,1,0,0,0,0,0,0,0,0,0,0,0,0,0,"新聞・雑誌・ガイドブック, TV・ラジオ番組やCM, Instagram",0,0,0,1,0,0,0,0,0,0,0,0,0,0,1,0,1,0,0,0,0,0,0,0,0,,,,,,"30,000円以上 40,000円未満",,"1,000円以上 3,000円未満",,,,,,,,,,,5,4,ゆっくり色々なものを見れて買えたから,体験もできるから,,,,8,機会があれば行きたい,魚介類が美味しいので、お寿司は絶対食べないとと思いました。次は能登牛をたべに来たいです。 宿泊場所がよかったのと、兼六園が雪で綺麗だったから。,石川県観光物産館,同意する,,,,ルミュゼドゥアッシュ,,,1969,,,,,,
石川,2026/01/12 12:28:34,愛知県,男,1980,,800万円以上 900万円未満,中学生以上連れの家族,2泊,長野,金沢エリア  （湯涌温泉、深谷温泉、犀川温泉など）,1泊,,,,,,,,,自家用車,1,0,0,0,0,0,0,,0,0,0,0,,雪が積もって風情があって良かった,,,2～5回目,"名所、旧跡の観光, 買い物、アウトレット",0,0,0,0,1,0,1,0,0,0,0,0,0,0,0,0,0,0,友人・知人,0,0,0,0,0,0,0,0,0,0,0,0,0,0,0,0,0,0,1,0,0,0,0,0,0,,,,,,使わない,,"3,000円以上 5,000円未満",,,,,,,,,,,4,4,土産を見に寄っただけ,商品がたくさんある,,,,8,機会があれば行きたい,今のまま維持 いいとこ,石川県観光物産館,同意する,,,,,,,1980,,,,,,
石川,2026/01/12 12:57:27,愛知県,女,1974,,800万円以上 900万円未満,中学生以上連れの家族,1泊,長野県,金沢エリア  （湯涌温泉、深谷温泉、犀川温泉など）,1泊,,,,,,,,,自家用車,1,0,0,0,0,0,0,,0,0,0,0,,,,,2～5回目,"地元の美味しいものを食べる, スポーツ観戦や芸術鑑賞（コンサート等）, まちあるき、都市散策",0,0,1,0,0,0,0,0,0,0,1,0,0,0,0,0,0,0,"観光展・物産展, インターネット・アプリ, X(旧：Twitter), Instagram, 友人・知人",0,0,0,1,0,1,0,0,0,0,1,0,0,0,0,0,0,0,1,0,0,0,1,0,0,,,,,,"10,000円以上 20,000円未満",,"1,000円以上 3,000円未満",,,,,,,,,,,5,5,色々なものが勢揃いで良かった,外が寒くても暖かくてゆっくりできる,,,,10,機会があれば行きたい,海鮮と甘味が美味しかった 雪景色の兼六園がすごく良かった,石川県観光物産館,同意する,,,,,,,1974,,,,,,
石川,2026/01/12 13:03:46,福井県,女,1982,,"900万円以上 1,000万円未満",夫婦2人,日帰り,石川県外には泊まらない,石川県内には宿泊しない,石川県内には宿泊しない,,,,,,,,,自家用車,1,0,0,0,0,0,0,,0,0,0,0,4,,,,初めて,"地元の美味しいものを食べる, 名所、旧跡の観光",0,0,1,0,1,0,0,0,0,0,0,0,0,0,0,0,0,0,インターネット・アプリ,0,0,0,0,0,0,0,0,0,0,1,0,0,0,0,0,0,0,0,0,0,0,0,0,0,,,,,,使わない,,"1,000円以上 3,000円未満",,,,,,,,,,,4,5,,,,,,8,機会があれば行きたい,寒いので暖かい食べ物があるとよい,兼六駐車場,同意する,,,,,,,1982,,,,,,
石川,2026/01/12 14:28:09,東京都,女,2002,,300万円以上 400万円未満,友人,3泊,石川県外には泊まらない,金沢エリア  （湯涌温泉、深谷温泉、犀川温泉など）,3泊,,,,,,,,,新幹線,0,0,1,0,0,0,0,,0,0,0,0,4,,,,初めて,"地元の美味しいものを食べる, 名所、旧跡の観光",0,0,1,0,1,0,0,0,0,0,0,0,0,0,0,0,0,0,Instagram,0,0,0,1,0,0,0,0,0,0,0,0,0,0,0,0,0,0,0,0,0,0,0,0,0,,,,,,"10,000円以上 20,000円未満",,"1,000円未満",,,,,,,,,,,4,4,,,,,,9,また行きたい（1年以内）,ない,石川県政記念しいのき迎賓館,同意する,,,,,,,2002,,,,,,
石川,2026/01/13 7:15:03,大阪府,男,1976,,800万円以上 900万円未満,小学生以下連れの家族,2泊,石川県外には泊まらない,加賀エリア （山代温泉、山中温泉、片山津温泉、粟津温泉、辰口温泉、加賀市、小松市など）,2泊,,,,,,,,,"新幹線, 在来線",0,0,1,1,0,0,0,,0,0,0,0,4,レンタカー使用のため　駐車場も近くでとれました,,,2～5回目,"地元の美味しいものを食べる, 花見や紅葉などの自然鑑賞, 名所、旧跡の観光",0,0,1,1,1,0,0,0,0,0,0,0,0,0,0,0,0,0,"インターネット・アプリ, 友人・知人, タクシードライバーや地元の人",0,0,0,0,0,0,0,0,0,0,1,0,0,0,0,0,0,0,1,1,0,0,0,0,0,,,,,,"30,000円以上 40,000円未満",,"3,000円以上 5,000円未満",,,,,,,,,,,4,5,案内が素晴らしい（建物に魅力あり）,とにかく魅力的な建物で内容が濃い,,,,10,機会があれば行きたい,海産物のお土産がリーズナブルで購入したい 町並みが素敵なことと食べ物が美味しい,金沢国際ホテル,同意する,,妙立寺,,年末年始のため休館日　妙立寺,,,1976,,,,,,
石川,2026/01/13 11:47:23,香川県,男,2003,,200万円以上 300万円未満,親,1泊,福井県,金沢エリア  （湯涌温泉、深谷温泉、犀川温泉など）,1泊,,,,,,,,,旅行会社ツアーバス,0,0,0,0,0,1,0,,0,0,0,0,5,,,,初めて,花見や紅葉などの自然鑑賞,0,0,0,1,0,0,0,0,0,0,0,0,0,0,0,0,0,0,観光パンフレット・ポスター,0,0,0,0,0,0,0,0,0,0,0,0,0,0,0,0,0,0,0,0,1,0,0,0,0,,,,,,"3,000円以上 5,000円未満",,"50,000円以上 100,000円未満",,,,,,,,,,,4,4,,,,,,8,機会があれば行きたい,特になし,兼六駐車場,同意する,,,,,,,2003,,,,,,
石川,2026/01/13 12:04:59,滋賀県,男,2003,,300万円以上 400万円未満,自分ひとり,1泊,石川県外には泊まらない,金沢エリア  （湯涌温泉、深谷温泉、犀川温泉など）,1泊,,,,,,,,,在来線,0,0,0,1,0,0,0,,0,0,0,0,4,雪と風による運休がなければとても満足だった,,,初めて,"地元の美味しいものを食べる, 花見や紅葉などの自然鑑賞, 名所、旧跡の観光",0,0,1,1,1,0,0,0,0,0,0,0,0,0,0,0,0,0,"インターネット・アプリ, 友人・知人",0,0,0,0,0,0,0,0,0,0,1,0,0,0,0,0,0,0,1,0,0,0,0,0,0,,,,,,"1,000円以上 3,000円未満",,"1,000円以上 3,000円未満",,,,,,,,,,,5,5,,,,,,8,機会があれば行きたい,特になし,金沢カプセルホテル武蔵町,同意する,,,,,,,2003,,,,,,
石川,2026/01/13 17:49:15,東京都,男,1973,,200万円以上 300万円未満,自分ひとり,3泊,石川県外には泊まらない,金沢エリア  （湯涌温泉、深谷温泉、犀川温泉など）,3泊,,,,,,,,,新幹線,0,0,1,0,0,0,0,,0,0,0,0,,,,,初めて,"地元の美味しいものを食べる, 名所、旧跡の観光, お祭りやイベントへの参加・見物, まちあるき、都市散策",0,0,1,0,1,0,0,1,0,0,1,0,0,0,0,0,0,0,駅でお土産を買っていたら、施設があった,0,0,0,0,0,0,0,0,0,0,0,0,0,0,0,0,0,0,0,0,0,0,0,0,1,,,,,,"3,000円以上 5,000円未満",,"1,000円以上 3,000円未満",,,,,,,,,,,4,4,新幹線で食べれるお土産が充実している,アップダウンがないのが、旅疲れた身にはありがたかった,,,,6,機会があれば行きたい,有名でまぁ美味いのだけれど、明らかにお値段が割高。（だらずを除く） ふるさと食堂だらず、というできたばかりの名店を発見して、既に友人たちに薦めている　,金沢駅,同意する,,加賀友禅会館,,新幹線に乗って帰ります,,,1973,,,,,,
石川,2026/01/13 18:55:13,千葉県,女,1964,,600万円以上 700万円未満,友人,1泊,石川県外には泊まらない,金沢エリア  （湯涌温泉、深谷温泉、犀川温泉など）,1泊,,,,,,,,,新幹線,0,0,1,0,0,0,0,,0,0,0,0,4,バスでSuicaが使えないのが不便なのでとても、を取りました,,,初めて,スポーツ観戦や芸術鑑賞（コンサート等）,0,0,0,0,0,0,0,0,0,0,0,0,0,0,0,0,0,0,インターネット・アプリ,0,0,0,0,0,0,0,0,0,0,1,0,0,0,0,0,0,0,0,0,0,0,0,0,0,,,,,,"5,000円以上 10,000円未満",,使わない,,,,,,,,,,,5,3,,,,,,10,機会があれば行きたい,お寿司屋さんだけのバンフとか欲しい 兼六園は、いままで訪れた庭園(西欧のガーデン含む)で一番感銘をうけました。また、蟹を食べましたが、あまりにも美味でお値段も良心的で驚きました(あかめ寿司さん),スーパーホテルPremier金沢駅東口,同意する,,音楽堂,,,,,1964,,,,,,
石川,2026/01/13 19:24:58,千葉県,女,1964,,"1,200万円以上 1,500万円未満",夫婦2人,2泊,石川県外には泊まらない,金沢エリア  （湯涌温泉、深谷温泉、犀川温泉など）,2泊,,,,,,,,,新幹線,0,0,1,0,0,0,0,,0,0,0,0,5,接客素晴らしい,,,初めて,"地元の美味しいものを食べる, 名所、旧跡の観光, 買い物、アウトレット",0,0,1,0,1,0,1,0,0,0,0,0,0,0,0,0,0,0,"観光展・物産展, 新聞・雑誌・ガイドブック, TV・ラジオ番組やCM, 観光パンフレット・ポスター, インターネット・アプリ, X(旧：Twitter), Instagram, ブログ",0,0,0,1,0,1,0,0,1,0,1,0,0,0,1,0,1,0,0,0,1,0,1,0,0,,,,,,"3,000円以上 5,000円未満",,"5,000円以上 10,000円未満",,,,,,,,,,,5,5,接客素晴らしい,接客素晴らしい,,,,9,また行きたい（1年以内）,日本人向けのコスパ 接客素晴らしい,金沢駅,同意する,,,,,,,1964,,,,,,
石川,2026/01/14 7:35:43,福井県,女,1972,,500万円以上 600万円未満,自分ひとり,1泊,石川県外には泊まらない,金沢エリア  （湯涌温泉、深谷温泉、犀川温泉など）,1泊,,,,,,,,,自家用車,1,0,0,0,0,0,0,,0,0,0,0,,,,,6～10回目,"地元の美味しいものを食べる, 買い物、アウトレット, 出張など仕事関係",0,0,1,0,0,0,1,0,0,0,0,0,0,0,0,0,1,0,インターネット・アプリ,0,0,0,0,0,0,0,0,0,0,1,0,0,0,0,0,0,0,0,0,0,0,0,0,0,,,,,,"5,000円以上 10,000円未満",,"5,000円以上 10,000円未満",,,,,,,,,,,5,5,毎回金沢に来る時はここで泊まるので！今回は安いプランで泊まることが出来ました,,,,,9,また行きたい（1年以内）,安くて美味しいものをたくさん食べたいです！ 金沢は、美味しいものたくさんあるし、観光地またくさんあるから,ガーデンホテル金沢,同意する,,フォーラス,,,,,1972,,,,,,
石川,2026/01/14 9:01:14,東京都,女,1996,,"1,500万円以上",夫婦2人,2泊,石川県外には泊まらない,白山エリア （一里野温泉、白峰温泉、白山市など）,2泊,,,,,,,,,"新幹線, 在来線",0,0,1,1,0,0,0,,0,0,0,0,4,金沢から鶴来にいった。IRから鉄道への乗り換えもスムーズであった。,,,2～5回目,"宿でのんびり過ごす, 温泉や露天風呂, 地元の美味しいものを食べる",1,1,1,0,0,0,0,0,0,0,0,0,0,0,0,0,0,0,Instagram,0,0,0,1,0,0,0,0,0,0,0,0,0,0,0,0,0,0,0,0,0,0,0,0,0,,,,,,"30,000円以上 40,000円未満",,"1,000円未満",,,,,,,,,,,5,5,寺の由緒や歴史を知ることができた,,,,,10,機会があれば行きたい,北陸の美味しいものを教えてもらえること,兼六園,同意する,,,,忍者寺,,,1996,,,,,,
石川,2026/01/14 9:19:15,東京都,男,1997,,"1,500万円以上",夫婦2人,2泊,石川県外には泊まらない,金沢エリア  （湯涌温泉、深谷温泉、犀川温泉など）,2泊,,,,,,,,,"新幹線, 在来線",0,0,1,1,0,0,0,,0,0,0,0,,,,,2～5回目,"宿でのんびり過ごす, 地元の美味しいものを食べる",1,0,1,0,0,0,0,0,0,0,0,0,0,0,0,0,0,0,インターネット・アプリ,0,0,0,0,0,0,0,0,0,0,1,0,0,0,0,0,0,0,0,0,0,0,0,0,0,,,,,,"50,000円以上 100,000円未満",,使わない,,,,,,,,,,,4,4,,,,,,6,機会があれば行きたい,特になし,兼六園,同意する,,,,,,,1997,,,,,,
石川,2026/01/14 10:02:39,石川県,女,1976,,200万円以上 300万円未満,友人,1泊,京都,金沢エリア  （湯涌温泉、深谷温泉、犀川温泉など）,1泊,,,,,,,,,自家用車,1,0,0,0,0,0,0,,0,0,0,0,5,コインパーキングが宿泊施設の真後ろにあり、駐車場を探す手間が省ける,,,初めて,女子会,0,0,0,0,0,0,0,0,0,0,0,0,0,0,0,0,0,0,"Instagram, Googleマップ",0,1,1,1,0,0,0,0,0,0,0,0,0,0,0,0,0,0,0,0,0,0,0,0,0,,,,,,"3,000円以上 5,000円未満",,"10,000円以上 20,000円未満",,,,,,,,,,,5,5,無料のウォーターサーバーが24時間対応だった,大浴場もあり、ゆっくり休む事が出来た,,,,10,石川県在住,現状維持,トリフィートホテル&ポッド金沢百万石通,同意する,,飲食店,,金沢駅,,,1976,,,,,,
石川,2026/01/14 11:54:06,埼玉県,男,2001,,400万円以上 500万円未満,自分ひとり,1泊,石川県外には泊まらない,金沢エリア  （湯涌温泉、深谷温泉、犀川温泉など）,1泊,,,,,,,,,旅行会社ツアーバス,0,0,0,0,0,1,0,,0,0,0,0,,,,,初めて,"温泉や露天風呂, 地元の美味しいものを食べる, 花見や紅葉などの自然鑑賞, 名所、旧跡の観光, テーマパーク（遊園地、動物園、博物館など）, 買い物、アウトレット, お祭りやイベントへの参加・見物, まちあるき、都市散策",0,1,1,1,1,1,1,1,0,0,1,0,0,0,0,0,0,0,"観光展・物産展, 新聞・雑誌・ガイドブック, インターネット・アプリ, X(旧：Twitter)",0,0,0,0,0,1,0,0,0,0,1,0,0,0,0,0,1,0,0,0,0,0,1,0,0,,,,,,"5,000円以上 10,000円未満",,"1,000円未満",,,,,,,,,,,5,5,,,,,,10,また行きたい（1年以内）,特になし,石川県観光物産館,同意する,,,,,,,2001,,,,,,
石川,2026/01/14 12:11:00,三重県,男,1996,,400万円以上 500万円未満,友人,2泊,石川県外には泊まらない,金沢エリア  （湯涌温泉、深谷温泉、犀川温泉など）,2泊,,,,,,,,,"新幹線, 在来線",0,0,1,1,0,0,0,,0,0,0,0,4,,,,初めて,"宿でのんびり過ごす, 地元の美味しいものを食べる, 名所、旧跡の観光, まちあるき、都市散策",1,0,1,0,1,0,0,0,0,0,1,0,0,0,0,0,0,0,蓮ノ空スタンプラリー,0,0,0,0,0,0,0,0,0,0,0,0,0,0,0,0,0,0,0,0,0,0,0,0,1,,,,,,"10,000円以上 20,000円未満",,"1,000円未満",,,,,,,,,,,5,4,,,,,,5,また行きたい（1年以内）,特になし,石川県立歴史博物館,同意する,,,,,,,1996,,,,,,
石川,2026/01/14 13:00:58,大阪府,男,1972,,"1,500万円以上",自分ひとり,4泊以上,石川県外には泊まらない,金沢エリア  （湯涌温泉、深谷温泉、犀川温泉など）,4泊以上,,,,,,,,,新幹線,0,0,1,0,0,0,0,,0,0,0,0,4,,,,2～5回目,"地元の美味しいものを食べる, 名所、旧跡の観光, テーマパーク（遊園地、動物園、博物館など）, アウトドア（海水浴、釣り、登山など）, まちあるき、都市散策",0,0,1,0,1,1,0,0,0,1,1,0,0,0,0,0,0,0,観光パンフレット・ポスター,0,0,0,0,0,0,0,0,0,0,0,0,0,0,0,0,0,0,0,0,1,0,0,0,0,,,,,,使わない,,"1,000円未満",,,,,,,,,,,5,5,,,,,,9,また行きたい（1年以内）,特になし,石川県立歴史博物館,同意する,,,,,,,1972,,,,,,
石川,2026/01/14 13:27:53,石川県,女,1992,,400万円以上 500万円未満,自分ひとり,日帰り,石川県在住,石川県内には宿泊しない,石川県内には宿泊しない,,,,,,,,,自家用車,1,0,0,0,0,0,0,,0,0,0,0,,,,,6～10回目,出張など仕事関係,0,0,0,0,0,0,0,0,0,0,0,0,0,0,0,0,1,0,インターネット・アプリ,0,0,0,0,0,0,0,0,0,0,1,0,0,0,0,0,0,0,0,0,0,0,0,0,0,,,,,,使わない,,"1,000円以上 3,000円未満",,,,,,,,,,,3,5,この土地のものが置いてある　食事が美味しい,スタッフさんが親切、施設の清潔感,,,,9,石川県在住,特になし　現状維持を頑張ってほしい 石川県は魅力がいっぱいで、住んでいて家族などを連れて行きたいと思うところがたくさんある,道の駅「高松」,同意する,,出張先,,職場,,,1992,,,,,,
石川,2026/01/14 15:14:49,神奈川県,男,2004,,"1,000万円以上 1,200万円未満",友人,1泊,石川県外には泊まらない,金沢エリア  （湯涌温泉、深谷温泉、犀川温泉など）,1泊,,,,,,,,,ばす,0,0,0,0,0,0,0,,0,0,0,0,5,,,,初めて,まちあるき、都市散策,0,0,0,0,0,0,0,0,0,0,1,0,0,0,0,0,0,0,街を歩いてたら見つけた,0,0,0,0,0,0,0,0,0,0,0,0,0,0,0,0,0,0,0,0,0,0,0,0,1,,,,,,"5,000円以上 10,000円未満",,使わない,,,,,,,,,,,5,5,,,,,,2,また行きたい（1年以内）,新鮮な海鮮,西茶屋資料館,同意する,,,,,,,2004,,,,,,
石川,2026/01/14 16:02:05,東京都,女,1996,,300万円以上 400万円未満,友人,2泊,石川県外には泊まらない,石川県内には宿泊しない,2泊,,,,,,,,,新幹線,0,0,1,0,0,0,0,,0,0,0,0,5,金沢駅をでてすぐのバス停がわかりやすかった,,,初めて,"地元の美味しいものを食べる, 名所、旧跡の観光",0,0,1,0,1,0,0,0,0,0,0,0,0,0,0,0,0,0,"インターネット・アプリ, Instagram",0,0,0,1,0,0,0,0,0,0,1,0,0,0,0,0,0,0,0,0,0,0,0,0,0,,,,,,"10,000円以上 20,000円未満",,使わない,,,,,,,,,,,5,5,無料で回れるところが多い,広々として、どこも整備されて綺麗,,,,8,また行きたい（1年以内）,お酒 兼六園の景色,金沢城公園,同意する,,,,,,,1996,,,,,,
石川,2026/01/14 20:10:13,埼玉県,男,1956,,300万円以上 400万円未満,夫婦2人,1泊,石川県外には泊まらない,加賀エリア （山代温泉、山中温泉、片山津温泉、粟津温泉、辰口温泉、加賀市、小松市など）,2泊,,,,,,,,,新幹線,0,0,1,0,0,0,0,,0,0,0,0,4,早い,,,2～5回目,"宿でのんびり過ごす, 温泉や露天風呂, 地元の美味しいものを食べる",1,1,1,0,0,0,0,0,0,0,0,0,0,0,0,0,0,0,"新聞・雑誌・ガイドブック, インターネット・アプリ",0,0,0,0,0,0,0,0,0,0,1,0,0,0,0,0,1,0,0,0,0,0,0,0,0,,,,,,"50,000円以上 100,000円未満",,使わない,,,,,,,,,,,4,3,,,,,,8,機会があれば行きたい,今回金沢おでんをいたただました。地元ならではの食べ物が食べたいです。,金沢駅,同意する,,,,,,,1956,,,,,,
石川,2026/01/15 9:27:03,鹿児島県,女,1989,,400万円以上 500万円未満,自分ひとり,2泊,石川県外には泊まらない,金沢エリア  （湯涌温泉、深谷温泉、犀川温泉など）,2泊,,,,,,,,,新幹線,0,0,1,0,0,0,0,,0,0,0,0,3,,,,初めて,"地元の美味しいものを食べる, 花見や紅葉などの自然鑑賞, 名所、旧跡の観光",0,0,1,1,1,0,0,0,0,0,0,0,0,0,0,0,0,0,インターネット・アプリ,0,0,0,0,0,0,0,0,0,0,1,0,0,0,0,0,0,0,0,0,0,0,0,0,0,,,,,,"30,000円以上 40,000円未満",,"3,000円以上 5,000円未満",,,,,,,,,,,4,3,,,,,,9,機会があれば行きたい,特になし,金沢城公園,同意する,,,,,,,1989,,,,,,
石川,2026/01/15 9:50:00,香川県,女,1986,,300万円以上 400万円未満,友人,2泊,石川県外には泊まらない,金沢エリア  （湯涌温泉、深谷温泉、犀川温泉など）,2泊,,,,,,,,,"新幹線, 在来線",0,0,1,1,0,0,0,,0,0,0,0,4,本数が多くバス亭から目的地も近かったため,,,初めて,"地元の美味しいものを食べる, まちあるき、都市散策",0,0,1,0,0,0,0,0,0,0,1,0,0,0,0,0,0,0,"インターネット・アプリ, Instagram, ブログ, 友人・知人",0,0,0,1,0,0,0,0,1,0,1,0,0,0,0,0,0,0,1,0,0,0,0,0,0,,,,,,"10,000円以上 20,000円未満",,"1,000円以上 3,000円未満",,,,,,,,,,,5,5,からくり屋敷がすごく興味深かった。お話も聞けて歴史のことも知れてよかった。,上記の理由と同じ,,,,10,機会があれば行きたい,初めてだったので今回は特に要望はないです。 妙立寺。バスでのアクセスが便利,妙立寺,同意する,,,,,,,1986,,,,,,
石川,2026/01/15 11:35:27,岐阜県,男,1997,,700万円以上 800万円未満,友人,1泊,石川県外には泊まらない,金沢エリア  （湯涌温泉、深谷温泉、犀川温泉など）,1泊,,,,,,,,,自家用車,1,0,0,0,0,0,0,,0,0,0,0,,,,,初めて,"宿でのんびり過ごす, 温泉や露天風呂, 地元の美味しいものを食べる, 名所、旧跡の観光",1,1,1,0,1,0,0,0,0,0,0,0,0,0,0,0,0,0,インターネット・アプリ,0,0,0,0,0,0,0,0,0,0,1,0,0,0,0,0,0,0,0,0,0,0,0,0,0,,,,,,"30,000円以上 40,000円未満",,"5,000円以上 10,000円未満",,,,,,,,,,,5,4,日本海の海産物を安く手に入れられたから,,,,,8,機会があれば行きたい,特になし 歴史のある街並みに風情があり、食事も美味しい,湯の出,同意する,,,,,,,1997,,,,,,
石川,2026/01/15 13:44:32,神奈川県,女,1964,,200万円以上 300万円未満,友人,1泊,石川県外には泊まらない,金沢エリア  （湯涌温泉、深谷温泉、犀川温泉など）,1泊,,,,,,,,,新幹線,0,0,1,0,0,0,0,,0,0,0,0,,,,,初めて,地元の美味しいものを食べる,0,0,1,0,0,0,0,0,0,0,0,0,0,0,0,0,0,0,Instagram,0,0,0,1,0,0,0,0,0,0,0,0,0,0,0,0,0,0,0,0,0,0,0,0,0,,,,,,"20,000円以上 30,000円未満",,"3,000円以上 5,000円未満",,,,,,,,,,,3,4,おばあちゃんが可愛い,風情がある,,,,7,機会があれば行きたい,写真映えスポットを多く欲しい 海鮮が美味しい,ひがし茶屋休憩館,同意する,,,,,,,1964,,,,,,
石川,2026/01/15 13:58:04,奈良県,男,1978,,"1,500万円以上",友人,3泊,石川県外には泊まらない,加賀エリア （山代温泉、山中温泉、片山津温泉、粟津温泉、辰口温泉、加賀市、小松市など）,3泊,,,,,,,,,"新幹線, 在来線",0,0,1,1,0,0,0,,0,0,0,0,4,乗り場等がわかりやすくて良かった,,,初めて,"温泉や露天風呂, 地元の美味しいものを食べる, 名所、旧跡の観光, テーマパーク（遊園地、動物園、博物館など）, まちあるき、都市散策",0,1,1,0,1,1,0,0,0,0,1,0,0,0,0,0,0,0,新聞・雑誌・ガイドブック,0,0,0,0,0,0,0,0,0,0,0,0,0,0,0,0,1,0,0,0,0,0,0,0,0,,,,,,"1,000円以上 3,000円未満",,"1,000円未満",,,,,,,,,,,4,4,図書かんなのに開放感があり良かった,,,,,8,機会があれば行きたい,特になし,石川県立図書館,同意する,,,,,,,1978,,,,,,
石川,2026/01/15 17:46:21,千葉県,女,1963,,600万円以上 700万円未満,夫婦2人,1泊,石川県外には泊まらない,金沢エリア  （湯涌温泉、深谷温泉、犀川温泉など）,1泊,,,,,,,,,新幹線,0,0,1,0,0,0,0,,0,0,0,0,,,,,初めて,"テーマパーク（遊園地、動物園、博物館など）, 友人・親戚を訪ねる",0,0,0,0,0,1,0,0,0,0,0,0,0,0,0,0,0,0,観光パンフレット・ポスター,0,0,0,0,0,0,0,0,0,0,0,0,0,0,0,0,0,0,0,0,1,0,0,0,0,,,,,,"20,000円以上 30,000円未満",,"1,000円未満",,,,,,,,,,,5,4,,もっとお土産があればいい,,,,6,機会があれば行きたい,美味しいものかたくさんあった,石川県立歴史博物館,同意する,,,,,,,1963,,,,,,
石川,2026/01/15 19:18:27,大阪府,その他,1987,,500万円以上 600万円未満,夫婦2人,1泊,石川県外には泊まらない,金沢エリア  （湯涌温泉、深谷温泉、犀川温泉など）,1泊,,,,,,,,,"新幹線, 在来線",0,0,1,1,0,0,0,,0,0,0,0,3,金沢市内1日フリー乗車券をWebで購入したが、乗車時に毎度画面を開くのが、寒い中乗るときに手がかじかんで手間に感じた。,,,2～5回目,地元の美味しいものを食べる,0,0,1,0,0,0,0,0,0,0,0,0,0,0,0,0,0,0,"新聞・雑誌・ガイドブック, 観光連盟やDMOのHP, インターネット・アプリ",0,0,0,0,0,0,0,0,0,0,1,0,0,0,0,0,1,0,0,0,0,0,0,1,0,,,,,,"5,000円以上 10,000円未満",,使わない,,,,,,,,,,,4,4,スタッフの方は 丁寧に対応してくれた。,スタッフの方が丁寧に対応してくれた。,,,,7,機会があれば行きたい,特になし。 飲食,西茶屋資料館,同意する,,最初に訪れた場所だから,,,,,1987,,,,,,
石川,2026/01/16 6:51:59,兵庫県,女,1999,,400万円以上 500万円未満,自分ひとり,1泊,石川県外には泊まらない,金沢エリア  （湯涌温泉、深谷温泉、犀川温泉など）,1泊,,,,,,,,,新幹線,0,0,1,0,0,0,0,,0,0,0,0,4,,,,初めて,出張など仕事関係,0,0,0,0,0,0,0,0,0,0,0,0,0,0,0,0,1,0,友人・知人,0,0,0,0,0,0,0,0,0,0,0,0,0,0,0,0,0,0,1,0,0,0,0,0,0,,,,,,"5,000円以上 10,000円未満",,"5,000円以上 10,000円未満",,,,,,,,,,,4,4,,,,,,8,機会があれば行きたい,美味しいもの,金沢国際ホテル,同意する,,,,,,,1999,,,,,,
石川,2026/01/16 7:53:20,東京都,男,1968,,700万円以上 800万円未満,自分ひとり,1泊,石川県外には泊まらない,白山エリア （一里野温泉、白峰温泉、白山市など）,1泊,,,,,,,,,新幹線,0,0,1,0,0,0,0,,0,0,0,0,3,特に他県と変わりない,,,11回目以上,出張など仕事関係,0,0,0,0,0,0,0,0,0,0,0,0,0,0,0,0,1,0,インターネット・アプリ,0,0,0,0,0,0,0,0,0,0,1,0,0,0,0,0,0,0,0,0,0,0,0,0,0,,,,,,"5,000円以上 10,000円未満",,"1,000円以上 3,000円未満",,,,,,,,,,,4,4,独特で美味しから,,,,,8,機会があれば行きたい,特に無し 文化と歴史,金沢国際ホテル,同意する,,,,チャンピオンカレー本店,,,1968,,,,,,
石川,2026/01/16 11:46:40,神奈川県,女,1972,,500万円以上 600万円未満,中学生以上連れの家族,1泊,石川県外には泊まらない,金沢エリア  （湯涌温泉、深谷温泉、犀川温泉など）,1泊,,,,,,,,,新幹線,0,0,1,0,0,0,0,,0,0,0,0,,,,,初めて,"地元の美味しいものを食べる, 名所、旧跡の観光",0,0,1,0,1,0,0,0,0,0,0,0,0,0,0,0,0,0,観光パンフレット・ポスター,0,0,0,0,0,0,0,0,0,0,0,0,0,0,0,0,0,0,0,0,1,0,0,0,0,,,,,,"1,000円以上 3,000円未満",,"1,000円未満",,,,,,,,,,,5,5,綺麗,清潔感,,,,5,また行きたい（1年以内）,特になし,石川県立歴史博物館,同意する,,,,,,,1972,,,,,,
石川,2026/01/16 13:05:16,神奈川県,女,2001,,200万円以上 300万円未満,恋人,1泊,石川県外には泊まらない,金沢エリア  （湯涌温泉、深谷温泉、犀川温泉など）,1泊,,,,,,,,,"新幹線, 在来線",0,0,1,1,0,0,0,,0,0,0,0,5,駅から歩いていける距離なのと、バスも選べる点,,,初めて,"地元の美味しいものを食べる, 名所、旧跡の観光",0,0,1,0,1,0,0,0,0,0,0,0,0,0,0,0,0,0,"観光連盟やDMOのHP, インターネット・アプリ",0,0,0,0,0,0,0,0,0,0,1,0,0,0,0,0,0,0,0,0,0,0,0,1,0,,,,,,"10,000円以上 20,000円未満",,"1,000円以上 3,000円未満",,,,,,,,,,,5,5,庭園内にベンチもあって満足,雪でなくとも満足できる綺麗さのため,,,,10,機会があれば行きたい,美味しい魚と日本酒を味わうこと,兼六園,同意する,,金沢城跡,,,,,2001,,,,,,
石川,2026/01/16 13:46:00,埼玉県,女,1962,,200万円以上 300万円未満,親,1泊,石川県外には泊まらない,金沢エリア  （湯涌温泉、深谷温泉、犀川温泉など）,1泊,,,,,,,,,新幹線,0,0,1,0,0,0,0,,0,0,0,0,,,,,初めて,"地元の美味しいものを食べる, 名所、旧跡の観光",0,0,1,0,1,0,0,0,0,0,0,0,0,0,0,0,0,0,Instagram,0,0,0,1,0,0,0,0,0,0,0,0,0,0,0,0,0,0,0,0,0,0,0,0,0,,,,,,"10,000円以上 20,000円未満",,"40,000円以上 50,000円未満",,,,,,,,,,,5,4,,,,,,10,また行きたい（1年以内）,静か 歴史,金沢中央観光案内所,同意する,,,,,,,1962,,,,,,
石川,2026/01/16 17:23:54,埼玉県,男,1998,,300万円以上 400万円未満,親,2泊,石川県外には泊まらない,金沢エリア  （湯涌温泉、深谷温泉、犀川温泉など）,2泊,,,,,,,,,"新幹線, 在来線",0,0,1,1,0,0,0,,0,0,0,0,5,バスが便利,,,初めて,"地元の美味しいものを食べる, 花見や紅葉などの自然鑑賞, 名所、旧跡の観光, まちあるき、都市散策",0,0,1,1,1,0,0,0,0,0,1,0,0,0,0,0,0,0,"観光展・物産展, 新聞・雑誌・ガイドブック, 観光パンフレット・ポスター, インターネット・アプリ",0,0,0,0,0,0,0,0,0,0,1,0,0,0,0,0,1,0,0,0,1,0,1,0,0,,,,,,"10,000円以上 20,000円未満",,"3,000円以上 5,000円未満",,,,,,,,,,,4,3,ほぼ閉まってた,ほぼ閉まってた,,,,9,どちらともいえない,夜が早い,金沢中央観光案内所,同意する,,,,,,,1998,,,,,,
石川,2026/01/16 17:25:57,石川県,女,1977,,"1,500万円以上",中学生以上連れの家族,2泊,石川県外には泊まらない,金沢エリア  （湯涌温泉、深谷温泉、犀川温泉など）,2泊,,,,,,,,,自家用車,1,0,0,0,0,0,0,,0,0,0,0,5,運転しやすい,,,11回目以上,受験,0,0,0,0,0,0,0,0,0,0,0,0,0,0,0,0,0,0,"観光展・物産展, 新聞・雑誌・ガイドブック",0,0,0,0,0,0,0,0,0,0,0,0,0,0,0,0,1,0,0,0,0,0,1,0,0,,,,,,"20,000円以上 30,000円未満",,"30,000円以上 40,000円未満",,,,,,,,,,,5,5,掃除が行き届いている,綺麗,,,,9,石川県在住,海、山の幸が非常に美味しい,金沢国際ホテル,同意する,,,,百貨店,,,1977,,,,,,
石川,2026/01/16 18:44:47,滋賀県,女,1970,,800万円以上 900万円未満,夫婦2人,2泊,富山県,金沢エリア  （湯涌温泉、深谷温泉、犀川温泉など）,1泊,,,,,,,,,自家用車,1,0,0,0,0,0,0,,0,0,0,0,,,,,初めて,"地元の美味しいものを食べる, 名所、旧跡の観光, まちあるき、都市散策, ドライブ・ツーリング",0,0,1,0,1,0,0,0,0,0,1,0,0,0,1,0,0,0,インターネット・アプリ,0,0,0,0,0,0,0,0,0,0,1,0,0,0,0,0,0,0,0,0,0,0,0,0,0,,,,,,"1,000円以上 3,000円未満",,"1,000円以上 3,000円未満",,,,,,,,,,,3,3,,,,,,6,機会があれば行きたい,ちょこっと食べたいシリーズ,ホテルエコノ東金沢,同意する,,アルプラザ津幡,,,,,1970,,,,,,
石川,2026/01/16 19:00:42,富山県,男,1963,,100万円以上 200万円未満,自分ひとり,1泊,石川県外には泊まらない,金沢エリア  （湯涌温泉、深谷温泉、犀川温泉など）,1泊,,,,,,,,,自家用車,1,0,0,0,0,0,0,,0,0,0,0,,,,,11回目以上,出張など仕事関係,0,0,0,0,0,0,0,0,0,0,0,0,0,0,0,0,1,0,"新聞・雑誌・ガイドブック, 友人・知人",0,0,0,0,0,0,0,0,0,0,0,0,0,0,0,0,1,0,1,0,0,0,0,0,0,,,,,,"10,000円以上 20,000円未満",,"10,000円以上 20,000円未満",,,,,,,,,,,5,4,特に不便なことはありません。,,,,,8,また行きたい（1年以内）,宿泊費が安いと助かります。 見るべきところがたくさんあります。,ガーデンホテル金沢,同意する,,,,,,,1963,,,,,,
石川,2026/01/16 20:08:35,石川県,女,1974,,600万円以上 700万円未満,子ども,2泊,石川県外には泊まらない,金沢エリア  （湯涌温泉、深谷温泉、犀川温泉など）,2泊,,,,,,,,,自家用車,1,0,0,0,0,0,0,,0,0,0,0,,,,,2～5回目,受験付き添い,0,0,0,0,0,0,0,0,0,0,0,0,0,0,0,0,0,0,友人・知人,0,0,0,0,0,0,0,0,0,0,0,0,0,0,0,0,0,0,1,0,0,0,0,0,0,,,,,,"10,000円以上 20,000円未満",,"10,000円以上 20,000円未満",,,,,,,,,,,4,4,思ったより広い部屋だったこと。受験生にとっては、デスクライトが暗いこと。,同上,,,,9,また行きたい（1年以内）,おしゃれなカフェが知りたいです。 受験のために利用する施設として、金沢国際ホテルを勧めたい。とても静かだった。確認はしなかったが、学習できる会議室があってもよかった。もう少し安価だと助かります。例えば2泊するなら少しリーズナブルになるとか。,金沢国際ホテル,同意する,,,,受験のため部屋に戻る,,,1974,,,,,,
石川,2026/01/16 21:44:26,岡山県,男,1960,,400万円以上 500万円未満,夫婦2人,2泊,福井県,金沢エリア  （湯涌温泉、深谷温泉、犀川温泉など）,1泊,,,,,,,,,自家用車,1,0,0,0,0,0,0,,0,0,0,0,,,,,初めて,"温泉や露天風呂, 地元の美味しいものを食べる, 名所、旧跡の観光, まちあるき、都市散策, ドライブ・ツーリング",0,1,1,0,1,0,0,0,0,0,1,0,0,0,1,0,0,0,観光パンフレット・ポスター,0,0,0,0,0,0,0,0,0,0,0,0,0,0,0,0,0,0,0,0,1,0,0,0,0,,,,,,"10,000円以上 20,000円未満",,"10,000円以上 20,000円未満",,,,,,,,,,,4,4,コスパいい、細かいところは行き届かない所もあるが、値段の割には最上級のおもてなしでした,フロントの対応がとても良かった,,,,10,また行きたい（1年以内）,震災の復興をもっと急いでしっかりやって欲しい。県北と金沢周辺では物凄くレベルが違う 土地柄、人柄、とても良かった。見るべき所も沢山ある、一度では見切れない。,KKRホテル金沢,同意する,,越前大野城、雲海に浮かぶ城,,,,,1960,,,,,,
石川,2026/01/17 10:17:11,富山県,女,1979,,500万円以上 600万円未満,小学生以下連れの家族,1泊,石川県外には泊まらない,加賀エリア （山代温泉、山中温泉、片山津温泉、粟津温泉、辰口温泉、加賀市、小松市など）,1泊,,,,,,,,,自家用車,1,0,0,0,0,0,0,,0,0,0,0,4,自由に行動できる,,,初めて,"宿でのんびり過ごす, 温泉や露天風呂, ゴジラ愽",1,1,0,0,0,0,0,0,0,0,0,0,0,0,0,0,0,0,インターネット・アプリ,0,0,0,0,0,0,0,0,0,0,1,0,0,0,0,0,0,0,0,0,0,0,0,0,0,,,,,,"20,000円以上 30,000円未満",,"5,000円以上 10,000円未満",,,,,,,,,,,4,5,,,,,,10,また行きたい（1年以内）,混雑緩和,石川県立歴史博物館,同意する,,,,,,,1979,,,,,,
石川,2026/01/17 11:58:32,兵庫県,女,1985,,"900万円以上 1,000万円未満",小学生以下連れの家族,2泊,富山県,金沢エリア  （湯涌温泉、深谷温泉、犀川温泉など）,1泊,,,,,,,,,新幹線,0,0,1,0,0,0,0,,0,0,0,0,,,,,初めて,"地元の美味しいものを食べる, 名所、旧跡の観光",0,0,1,0,1,0,0,0,0,0,0,0,0,0,0,0,0,0,インターネット・アプリ,0,0,0,0,0,0,0,0,0,0,1,0,0,0,0,0,0,0,0,0,0,0,0,0,0,,,,,,"1,000円以上 3,000円未満",,"5,000円以上 10,000円未満",,,,,,,,,,,5,4,入場の際にカードが使えた,歴史ある施設だが掃除などが行き届いていてよかった,,,,9,機会があれば行きたい,ミッフィーとコラボしてほしい 食べ物がおいしい。歴史ある施設も多い。,兼六園,同意する,,,,,,,1985,,,,,,
石川,2026/01/17 12:52:10,大阪府,男,1996,,200万円以上 300万円未満,恋人,1泊,石川県外には泊まらない,金沢エリア  （湯涌温泉、深谷温泉、犀川温泉など）,1泊,,,,,,,,,"新幹線, 在来線",0,0,1,1,0,0,0,,0,0,0,0,,,,,初めて,"地元の美味しいものを食べる, 名所、旧跡の観光, まちあるき、都市散策",0,0,1,0,1,0,0,0,0,0,1,0,0,0,0,0,0,0,インターネット・アプリ,0,0,0,0,0,0,0,0,0,0,1,0,0,0,0,0,0,0,0,0,0,0,0,0,0,,,,,,"5,000円以上 10,000円未満",,使わない,,,,,,,,,,,5,5,,,,,,10,機会があれば行きたい,特になし,石川県立歴史博物館,同意する,,,,,,,1996,,,,,,
石川,2026/01/17 14:50:52,富山県,男,1964,,300万円以上 400万円未満,夫婦2人,日帰り,宿泊しない,石川県内には宿泊しない,石川県内には宿泊しない,,,,,,,,,自家用車,1,0,0,0,0,0,0,,0,0,0,0,,,,,初めて,"温泉や露天風呂, テーマパーク（遊園地、動物園、博物館など）, お祭りやイベントへの参加・見物",0,1,0,0,0,1,0,1,0,0,0,0,0,0,0,0,0,0,インターネット・アプリ,0,0,0,0,0,0,0,0,0,0,1,0,0,0,0,0,0,0,0,0,0,0,0,0,0,,,,,,使わない,,"1,000円以上 3,000円未満",,,,,,,,,,,5,5,,,,,,10,また行きたい（1年以内）,特になし,からくり記念館,同意する,,石川県立歴史博物館,,,,,1964,,,,,,
石川,2026/01/17 15:03:02,北海道,女,1968,,300万円以上 400万円未満,恋人,3泊,石川県外には泊まらない,金沢エリア  （湯涌温泉、深谷温泉、犀川温泉など）,3泊,,,,,,,,,飛行機,0,0,0,0,1,0,0,,0,0,0,0,5,歴史を堪能できた。好きな建築家の建物がたくさん観れた,,,2～5回目,まちあるき、都市散策,0,0,0,0,0,0,0,0,0,0,1,0,0,0,0,0,0,0,"新聞・雑誌・ガイドブック, インターネット・アプリ",0,0,0,0,0,0,0,0,0,0,1,0,0,0,0,0,1,0,0,0,0,0,0,0,0,,,,,,"30,000円以上 40,000円未満",,使わない,,,,,,,,,,,5,5,地形や水を利用した建築,金沢に恩返しをしているところが素晴らしいと思った,,,,10,また行きたい（1年以内）,地元のスーパーなどを訪れてみたかった,金沢中央観光案内所,同意する,,,,谷口吉郎、吉生記念館と鈴木大拙館,,,1968,,,,,,
石川,2026/01/17 15:58:42,埼玉県,男,1976,,800万円以上 900万円未満,自分ひとり,2泊,石川県外には泊まらない,金沢エリア  （湯涌温泉、深谷温泉、犀川温泉など）,2泊,,,,,,,,,新幹線,0,0,1,0,0,0,0,,0,0,0,0,3,交通系ICカードが使えない,,,2～5回目,出張など仕事関係,0,0,0,0,0,0,0,0,0,0,0,0,0,0,0,0,1,0,仕事場から近い,0,0,0,0,0,0,0,0,0,0,0,0,0,0,0,0,0,0,0,0,0,0,0,0,1,,,,,,"10,000円以上 20,000円未満",,"3,000円以上 5,000円未満",,,,,,,,,,,3,3,まだよくわからな赤等,以前、朝食が良かったから,,,,7,機会があれば行きたい,特になし まだプライベートで来たことはないが、行きたいところがある,金沢国際ホテル,同意する,,どこも行っていない,,仕事できているから,,,1976,,,,,,
石川,2026/01/17 16:11:30,千葉県,女,1962,,100万円以上 200万円未満,夫婦2人,2泊,石川県外には泊まらない,金沢エリア  （湯涌温泉、深谷温泉、犀川温泉など）,2泊,,,,,,,,,夜行バス,0,0,0,0,0,0,0,,0,0,0,0,4,,,,初めて,"地元の美味しいものを食べる, 花見や紅葉などの自然鑑賞, 名所、旧跡の観光, テーマパーク（遊園地、動物園、博物館など）, 買い物、アウトレット, まちあるき、都市散策",0,0,1,1,1,1,1,0,0,0,1,0,0,0,0,0,0,0,"新聞・雑誌・ガイドブック, 観光パンフレット・ポスター",0,0,0,0,0,0,0,0,0,0,0,0,0,0,0,0,1,0,0,0,1,0,0,0,0,,,,,,"5,000円以上 10,000円未満",,"1,000円未満",,,,,,,,,,,5,5,,,,,,9,また行きたい（1年以内）,金沢おでんがおいしかった 金沢駅周辺に観光施設が多い,石川県立歴史博物館,同意する,,,,,,,1962,,,,,,
石川,2026/01/17 16:13:29,東京都,男,1979,,"1,000万円以上 1,200万円未満",中学生以上連れの家族,1泊,石川県外には泊まらない,金沢エリア  （湯涌温泉、深谷温泉、犀川温泉など）,1泊,,,,,,,,,新幹線,0,0,1,0,0,0,0,,0,0,0,0,5,待たずに乗れたこと、空いていたこと,,,初めて,"宿でのんびり過ごす, 地元の美味しいものを食べる, 名所、旧跡の観光, テーマパーク（遊園地、動物園、博物館など）, 各種体験（手作り、果物狩りなど）",1,0,1,0,1,1,0,0,0,0,0,1,0,0,0,0,0,0,"新聞・雑誌・ガイドブック, インターネット・アプリ, Instagram",0,0,0,1,0,0,0,0,0,0,1,0,0,0,0,0,1,0,0,0,0,0,0,0,0,,,,,,"10,000円以上 20,000円未満",,使わない,,,,,,,,,,,5,5,見どころがたくさんあった,見どころがたくさんあった,,,,10,また行きたい（1年以内）,温泉 食べ物も美味しかったし、綺麗だった。,金沢中央観光案内所,同意する,,,,,,,1979,,,,,,
石川,2026/01/17 16:19:59,石川県,男,1998,,"1,200万円以上 1,500万円未満",恋人,1泊,石川県外には泊まらない,金沢エリア  （湯涌温泉、深谷温泉、犀川温泉など）,1泊,,,,,,,,,自家用車,1,0,0,0,0,0,0,,0,0,0,0,,,,,2～5回目,"宿でのんびり過ごす, 地元の美味しいものを食べる",1,0,1,0,0,0,0,0,0,0,0,0,0,0,0,0,0,0,"友人・知人, アプリ",0,0,0,0,0,0,0,0,0,0,0,0,0,0,0,0,0,0,1,0,0,0,0,0,0,,,,,,"10,000円以上 20,000円未満",,"5,000円以上 10,000円未満",,,,,,,,,,,5,5,,,,,,10,石川県在住,短時間の移動で、いろんな体験ができ、食文化を楽しめること。,ゲストルーム心音-金澤表参道-,同意する,,,,,,,1998,,,,,,
石川,2026/01/17 16:23:37,石川県,女,1999,,500万円以上 600万円未満,恋人,1泊,石川県外には泊まらない,金沢エリア  （湯涌温泉、深谷温泉、犀川温泉など）,1泊,,,,,,,,,"県外から訪れていない（石川県内在住）, ",0,0,0,0,0,0,0,,0,0,0,0,,,,,2～5回目,"地元の美味しいものを食べる, まちあるき、都市散策, 各種体験（手作り、果物狩りなど）",0,0,1,0,0,0,0,0,0,0,1,1,0,0,0,0,0,0,インターネット・アプリ,0,0,0,0,0,0,0,0,0,0,1,0,0,0,0,0,0,0,0,0,0,0,0,0,0,,,,,,"5,000円以上 10,000円未満",,"3,000円以上 5,000円未満",,,,,,,,,,,5,5,,,,,,10,石川県在住,大型遊園地,ゲストルーム心音-金澤表参道-,同意する,,,,,,,1999,,,,,,
石川,2026/01/17 18:50:12,埼玉県,女,1996,,300万円以上 400万円未満,親,1泊,石川県外には泊まらない,金沢エリア  （湯涌温泉、深谷温泉、犀川温泉など）,1泊,,,,,,,,,新幹線,0,0,1,0,0,0,0,,0,0,0,0,3,金沢駅からのバスがもう少し多いとより便利かなと思いました。,,,初めて,"宿でのんびり過ごす, 地元の美味しいものを食べる, まちあるき、都市散策, 各種体験（手作り、果物狩りなど）",1,0,1,0,0,0,0,0,0,0,1,1,0,0,0,0,0,0,google map,0,0,0,0,0,0,0,0,0,0,0,0,0,0,0,0,0,0,0,0,0,0,0,0,1,,,,,,"3,000円以上 5,000円未満",,"1,000円未満",,,,,,,,,,,5,5,大人でも楽しめるからくりパズルがたくさんあって時間が足りなくなりました！,からくりの歴史を学び、実際に手で触って楽しむことができました。期待以上でした！,,,,10,また行きたい（1年以内）,赤玉さんでいただいたかに面が最高でした。ホテル日航さんの朝食でいただいた車麩のフレンチトーストもとても美味しかったです。おしゃれなカフェもたくさんあって、もう足りないものはないのではないかと思いました。次回はレンタサイクルも試してみたいです。 何度目かの金沢でしたが、それでも楽しめる場所が多くありました。大野からくり記念館さんは60代の母も本当に楽しんでいました。,からくり記念館,同意する,,やまと麹パーク,,,,,1996,,,,,,
石川,2026/01/17 19:54:13,沖縄県,女,1992,,300万円以上 400万円未満,自分ひとり,3泊,石川県外には泊まらない,金沢エリア  （湯涌温泉、深谷温泉、犀川温泉など）,3泊,,,,,,,,,"飛行機, リムジンバス",0,0,0,0,1,0,0,,0,0,0,0,5,,,,初めて,"名所、旧跡の観光, テーマパーク（遊園地、動物園、博物館など）, まちあるき、都市散策",0,0,0,0,1,1,0,0,0,0,1,0,0,0,0,0,0,0,"新聞・雑誌・ガイドブック, インターネット・アプリ, 観光協会等の案内所",0,0,0,0,0,0,0,0,0,0,1,0,0,0,0,0,1,0,0,0,0,1,0,0,0,,,,,,"30,000円以上 40,000円未満",,"3,000円以上 5,000円未満",,,,,,,,,,,4,5,,,,,,10,機会があれば行きたい,特になし 食事と酒が美味しかった景観も良い,ガーデンホテル金沢,同意する,,施設が最初の場所である,,,,,1992,,,,,,
石川,2026/01/17 20:57:16,石川県,男,1970,,700万円以上 800万円未満,夫婦2人,1泊,石川県外には泊まらない,金沢エリア  （湯涌温泉、深谷温泉、犀川温泉など）,1泊,,,,,,,,,"新幹線, 在来線",0,0,1,1,0,0,0,,0,0,0,0,4,バスの本数があったから,,,2～5回目,"地元の美味しいものを食べる, 花見や紅葉などの自然鑑賞",0,0,1,1,0,0,0,0,0,0,0,0,0,0,0,0,0,0,インターネット・アプリ,0,0,0,0,0,0,0,0,0,0,1,0,0,0,0,0,0,0,0,0,0,0,0,0,0,,,,,,"1,000円以上 3,000円未満",,"3,000円以上 5,000円未満",,,,,,,,,,,4,4,温泉でないのが、残念,温泉でないのが残念,,,,9,機会があれば行きたい,特になし 雨が多いから,KKRホテル金沢,同意する,,,,,,,1970,,,,,,
石川,2026/01/18 8:34:29,東京都,女,1992,,500万円以上 600万円未満,友人,1泊,石川県外には泊まらない,金沢エリア  （湯涌温泉、深谷温泉、犀川温泉など）,1泊,,,,,,,,,新幹線,0,0,1,0,0,0,0,,0,0,0,0,4,駅から近かった,,,2～5回目,"温泉や露天風呂, 地元の美味しいものを食べる",0,1,1,0,0,0,0,0,0,0,0,0,0,0,0,0,0,0,"新聞・雑誌・ガイドブック, 観光パンフレット・ポスター, インターネット・アプリ",0,0,0,0,0,0,0,0,0,0,1,0,0,0,0,0,1,0,0,0,1,0,0,0,0,,,,,,"5,000円以上 10,000円未満",,"5,000円以上 10,000円未満",,,,,,,,,,,5,4,コーヒーサービス、アメニティの充実,,,,,8,機会があれば行きたい,ビーバーシリーズ美味しかった 兼六園はさすがにキレイでした。金沢城も一緒に見れるのは熱いと思います。,KKRホテル金沢,同意する,,,,,,,1992,,,,,,
石川,2026/01/18 9:12:23,愛知県,女,1964,,200万円以上 300万円未満,自分ひとり,2泊,関東圏内,金沢エリア  （湯涌温泉、深谷温泉、犀川温泉など）,2泊,,,,,,,,,"新幹線, 在来線",0,0,1,1,0,0,0,,0,0,0,0,1,遅い時間の移動は、タクシーしか思いつかないから。,,,2～5回目,出張など仕事関係,0,0,0,0,0,0,0,0,0,0,0,0,0,0,0,0,1,0,インターネット・アプリ,0,0,0,0,0,0,0,0,0,0,1,0,0,0,0,0,0,0,0,0,0,0,0,0,0,,,,,,"10,000円以上 20,000円未満",,"1,000円以上 3,000円未満",,,,,,,,,,,3,3,周りにコンビニがないから、買いたい物が買えない,暗い,,,,3,どちらともいえない,特にない,金沢国際ホテル,同意する,,仕事オンリーです。,,帰宅します,,,1964,,,,,,
石川,2026/01/18 9:18:23,長崎県,男,1998,,"900万円以上 1,000万円未満",親,1泊,石川県外には泊まらない,金沢エリア  （湯涌温泉、深谷温泉、犀川温泉など）,1泊,,,,,,,,,飛行機,0,0,0,0,1,0,0,,0,0,0,0,5,バスの本数が多く、観光地の近くまであったから。,,,初めて,"地元の美味しいものを食べる, 名所、旧跡の観光",0,0,1,0,1,0,0,0,0,0,0,0,0,0,0,0,0,0,"新聞・雑誌・ガイドブック, インターネット・アプリ",0,0,0,0,0,0,0,0,0,0,1,0,0,0,0,0,1,0,0,0,0,0,0,0,0,,,,,,"10,000円以上 20,000円未満",,"3,000円以上 5,000円未満",,,,,,,,,,,5,5,,,,,,10,機会があれば行きたい,特になし,兼六園,同意する,,,,,,,1998,,,,,,
石川,2026/01/18 9:43:52,京都府,女,1973,,600万円以上 700万円未満,小学生以下連れの家族,2泊,石川県外には泊まらない,金沢エリア  （湯涌温泉、深谷温泉、犀川温泉など）,2泊,,,,,,,,,新幹線,0,0,1,0,0,0,0,,0,0,0,0,2,乗り換えが大変、本数が少ない,,,6～10回目,"温泉や露天風呂, 買い物、アウトレット, 各種体験（手作り、果物狩りなど）",0,1,0,0,0,0,1,0,0,0,0,1,0,0,0,0,0,0,インターネット・アプリ,0,0,0,0,0,0,0,0,0,0,1,0,0,0,0,0,0,0,0,0,0,0,0,0,0,,,,,,"30,000円以上 40,000円未満",,"1,000円未満",,,,,,,,,,,4,4,,,,,,8,機会があれば行きたい,子供が楽しめるところが少ない 温泉,ＨＯＴＥＬゆめのゆ,同意する,,,,,,,1973,,,,,,
石川,2026/01/18 11:28:15,岐阜県,女,1975,,"1,000万円以上 1,200万円未満",親,1泊,石川県外には泊まらない,金沢エリア  （湯涌温泉、深谷温泉、犀川温泉など）,1泊,,,,,,,,,自家用車,1,0,0,0,0,0,0,,0,0,0,0,4,慣れない道を運転したくないから,,,2～5回目,"地元の美味しいものを食べる, 名所、旧跡の観光, テーマパーク（遊園地、動物園、博物館など）",0,0,1,0,1,1,0,0,0,0,0,0,0,0,0,0,0,0,Instagram,0,0,0,1,0,0,0,0,0,0,0,0,0,0,0,0,0,0,0,0,0,0,0,0,0,,,,,,"20,000円以上 30,000円未満",,"1,000円以上 3,000円未満",,,,,,,,,,,5,5,ゆっくり過ごせた,,,,,8,機会があれば行きたい,とくにない,石川県立歴史博物館,同意する,,,,,,,1975,,,,,,
石川,2026/01/18 11:31:52,石川県,女,1999,,200万円以上 300万円未満,自分ひとり,日帰り,石川県外には泊まらない,金沢エリア  （湯涌温泉、深谷温泉、犀川温泉など）,1泊,,,,,,,,,在来線,0,0,0,1,0,0,0,,0,0,0,0,4,,,,初めて,"宿でのんびり過ごす, 地元の美味しいものを食べる",1,0,1,0,0,0,0,0,0,0,0,0,0,0,0,0,0,0,観光展・物産展,0,0,0,0,0,0,0,0,0,0,0,0,0,0,0,0,0,0,0,0,0,0,1,0,0,,,,,,"3,000円以上 5,000円未満",,"1,000円未満",,,,,,,,,,,5,4,,,,,,9,また行きたい（1年以内）,なし,ひがし茶屋休憩館,同意する,,,,,,,1999,,,,,,
石川,2026/01/18 12:14:42,大阪府,男,1985,,500万円以上 600万円未満,自分ひとり,1泊,石川県外には泊まらない,金沢エリア  （湯涌温泉、深谷温泉、犀川温泉など）,1泊,,,,,,,,,"新幹線, 在来線",0,0,1,1,0,0,0,,0,0,0,0,4,バスの路線が分かりにくい、車内に路線図を掲示してほしい,,,初めて,"地元の美味しいものを食べる, テーマパーク（遊園地、動物園、博物館など）, まちあるき、都市散策",0,0,1,0,0,1,0,0,0,0,1,0,0,0,0,0,0,0,"Instagram, ブログ",0,0,0,1,0,0,0,0,1,0,0,0,0,0,0,0,0,0,0,0,0,0,0,0,0,,,,,,"5,000円以上 10,000円未満",,使わない,,,,,,,,,,,5,4,品数が豊富,清潔で店員さんも親切,,,,8,機会があれば行きたい,子どもが楽しめる施設 食事が美味しく、街並みが綺麗,石川県観光物産館,同意する,,県立図書館,,,,,1985,,,,,,
石川,2026/01/18 12:21:54,秋田県,女,1998,,500万円以上 600万円未満,恋人,3泊,石川県外には泊まらない,金沢エリア  （湯涌温泉、深谷温泉、犀川温泉など）,3泊,,,,,,,,,新幹線,0,0,1,0,0,0,0,,0,0,0,0,,,,,初めて,"地元の美味しいものを食べる, スポーツ観戦や芸術鑑賞（コンサート等）",0,0,1,0,0,0,0,0,0,0,0,0,0,0,0,0,0,0,"観光展・物産展, X(旧：Twitter), Instagram, 友人・知人",0,0,0,1,0,1,0,0,0,0,0,0,0,0,0,0,0,0,1,0,0,0,1,0,0,,,,,,"30,000円以上 40,000円未満",,"1,000円未満",,,,,,,,,,,5,3,広くて立派な施設なのでもう少し有効活用できると思う(映像などを写せるモニターを増やすなど)。トイレなどもあり綺麗で良かった,,,,,0,また行きたい（1年以内）,特産物などが多く食べるものに困らなかった 美術館や伝統工芸品などがとても良かった。体験できる伝統工芸品もあり、観光に力を入れているのがわかった,金沢中央観光案内所,同意する,,,,,,,1998,,,,,,
石川,2026/01/18 12:56:45,大阪府,女,1996,,700万円以上 800万円未満,中学生以上連れの家族,1泊,福井県,石川県内には宿泊しない,石川県内には宿泊しない,,,,,,,,,自家用車,1,0,0,0,0,0,0,,0,0,0,0,,,,,初めて,"宿でのんびり過ごす, 温泉や露天風呂, 地元の美味しいものを食べる, 花見や紅葉などの自然鑑賞, 名所、旧跡の観光",1,1,1,1,1,0,0,0,0,0,0,0,0,0,0,0,0,0,インターネット・アプリ,0,0,0,0,0,0,0,0,0,0,1,0,0,0,0,0,0,0,0,0,0,0,0,0,0,,,,,,"20,000円以上 30,000円未満",,"1,000円以上 3,000円未満",,,,,,,,,,,5,5,,,,,,10,機会があれば行きたい,特になし,兼六駐車場,同意する,,,,,,,1996,,,,,,
石川,2026/01/18 13:24:15,愛知県,男,1995,,"900万円以上 1,000万円未満",夫婦2人,1泊,石川県外には泊まらない,金沢エリア  （湯涌温泉、深谷温泉、犀川温泉など）,1泊,,,,,,,,,自家用車,1,0,0,0,0,0,0,,0,0,0,0,,,,,初めて,"地元の美味しいものを食べる, 花見や紅葉などの自然鑑賞, 名所、旧跡の観光",0,0,1,1,1,0,0,0,0,0,0,0,0,0,0,0,0,0,"TV・ラジオ番組やCM, X(旧：Twitter), Instagram",0,0,0,1,0,1,0,0,0,0,0,0,0,0,1,0,0,0,0,0,0,0,0,0,0,,,,,,"5,000円以上 10,000円未満",,"3,000円以上 5,000円未満",,,,,,,,,,,4,4,,,,,,6,また行きたい（1年以内）,特になし 美味しい,兼六駐車場,同意する,,,,,,,1995,,,,,,
石川,2026/01/18 13:26:38,愛知県,女,1990,,"900万円以上 1,000万円未満",夫婦2人,1泊,石川県外には泊まらない,金沢エリア  （湯涌温泉、深谷温泉、犀川温泉など）,1泊,,,,,,,,,自家用車,1,0,0,0,0,0,0,,0,0,0,0,,,,,11回目以上,"地元の美味しいものを食べる, 名所、旧跡の観光, まちあるき、都市散策",0,0,1,0,1,0,0,0,0,0,1,0,0,0,0,0,0,0,"インターネット・アプリ, X(旧：Twitter), Instagram",0,0,0,1,0,1,0,0,0,0,1,0,0,0,0,0,0,0,0,0,0,0,0,0,0,,,,,,"5,000円以上 10,000円未満",,"1,000円以上 3,000円未満",,,,,,,,,,,5,5,,,,,,9,また行きたい（1年以内）,加賀野菜が美味しかったので地元食材を使ったお土産と、アートの街なのでパッケージのデザインが凝ったものがより増えるとうれしいです。,兼六駐車場,同意する,,,,,,,1990,,,,,,
石川,2026/01/18 14:11:00,石川県,女,1984,,500万円以上 600万円未満,小学生以下連れの家族,日帰り,石川県外には泊まらない,石川県内には宿泊しない,石川県内には宿泊しない,,,,,,,,,自家用車,1,0,0,0,0,0,0,,0,0,0,0,3,駐車場の出入りが分かりづらかった,,,2～5回目,ゴジラ博in金沢,0,0,0,0,0,0,0,0,0,0,0,0,0,0,0,0,0,0,"TV・ラジオ番組やCM, Instagram",0,0,0,1,0,0,0,0,0,0,0,0,0,0,1,0,0,0,0,0,0,0,0,0,0,,,,,,使わない,,"3,000円以上 5,000円未満",,,,,,,,,,,5,3,ゴジラ博再入場できず残念,素敵な建物で嬉しい,,,,10,また行きたい（1年以内）,特になし ゴジラ博in金沢,石川県立歴史博物館,同意する,,,,帰る予定,,,1984,,,,,,
石川,2026/01/18 14:13:15,東京都,女,1986,,700万円以上 800万円未満,親,1泊,石川県外には泊まらない,金沢エリア  （湯涌温泉、深谷温泉、犀川温泉など）,1泊,,,,,,,,,新幹線,0,0,1,0,0,0,0,,0,0,0,0,4,特に不便はなかった,,,初めて,まちあるき、都市散策,0,0,0,0,0,0,0,0,0,0,1,0,0,0,0,0,0,0,インターネット・アプリ,0,0,0,0,0,0,0,0,0,0,1,0,0,0,0,0,0,0,0,0,0,0,0,0,0,,,,,,"10,000円以上 20,000円未満",,使わない,,,,,,,,,,,4,4,,,,,,8,機会があれば行きたい,海鮮,金沢駅,同意する,,,,,,,1986,,,,,,
石川,2026/01/18 14:30:01,京都府,女,1965,,600万円以上 700万円未満,夫婦2人,1泊,石川県外には泊まらない,金沢エリア  （湯涌温泉、深谷温泉、犀川温泉など）,1泊,,,,,,,,,"新幹線, 在来線",0,0,1,1,0,0,0,,0,0,0,0,3,,,,2～5回目,"地元の美味しいものを食べる, 友人・親戚を訪ねる",0,0,1,0,0,0,0,0,0,0,0,0,0,0,0,0,0,0,インターネット・アプリ,0,0,0,0,0,0,0,0,0,0,1,0,0,0,0,0,0,0,0,0,0,0,0,0,0,,,,,,"5,000円以上 10,000円未満",,"3,000円以上 5,000円未満",,,,,,,,,,,4,3,,,,,,6,また行きたい（1年以内）,特になし,金沢駅,同意する,,,,,,,1965,,,,,,
石川,2026/01/18 14:31:35,京都府,男,1961,,800万円以上 900万円未満,夫婦2人,1泊,石川県外には泊まらない,金沢エリア  （湯涌温泉、深谷温泉、犀川温泉など）,1泊,,,,,,,,,新幹線,0,0,1,0,0,0,0,,0,0,0,0,,,,,2～5回目,孫に会いに,0,0,0,0,0,0,0,0,0,0,0,0,0,0,0,0,0,0,インターネット・アプリ,0,0,0,0,0,0,0,0,0,0,1,0,0,0,0,0,0,0,0,0,0,0,0,0,0,,,,,,"10,000円以上 20,000円未満",,"20,000円以上 30,000円未満",,,,,,,,,,,4,4,可もなく不可もなく,まあよかった,,,,8,また行きたい（1年以内）,ノドグロ 店が多い,金沢駅,同意する,,フォーラス,,なし,,,1961,,,,,,
石川,2026/01/18 15:03:33,東京都,女,1983,,600万円以上 700万円未満,中学生以上連れの家族,1泊,石川県外には泊まらない,金沢エリア  （湯涌温泉、深谷温泉、犀川温泉など）,1泊,,,,,,,,,新幹線,0,0,1,0,0,0,0,,0,0,0,0,,,,,初めて,"地元の美味しいものを食べる, まちあるき、都市散策",0,0,1,0,0,0,0,0,0,0,1,0,0,0,0,0,0,0,"新聞・雑誌・ガイドブック, X(旧：Twitter), Instagram",0,0,0,1,0,1,0,0,0,0,0,0,0,0,0,0,1,0,0,0,0,0,0,0,0,,,,,,"5,000円以上 10,000円未満",,使わない,,,,,,,,,,,4,5,部屋が綺麗,金沢駅に近い,,,,10,機会があれば行きたい,特になし 食べ物が美味しい,ホテル・トリフィート金沢,同意する,,,,,,,1983,,,,,,
石川,2026/01/18 15:05:04,東京都,女,1986,,300万円以上 400万円未満,中学生以上連れの家族,1泊,石川県外には泊まらない,金沢エリア  （湯涌温泉、深谷温泉、犀川温泉など）,1泊,,,,,,,,,新幹線,0,0,1,0,0,0,0,,0,0,0,0,,,,,初めて,"地元の美味しいものを食べる, 名所、旧跡の観光",0,0,1,0,1,0,0,0,0,0,0,0,0,0,0,0,0,0,"インターネット・アプリ, Instagram",0,0,0,1,0,0,0,0,0,0,1,0,0,0,0,0,0,0,0,0,0,0,0,0,0,,,,,,"5,000円以上 10,000円未満",,使わない,,,,,,,,,,,4,4,,,,,,8,機会があれば行きたい,特になし お寿司や能登牛など食べ物がおいしかったのでオススメしたいです。,ホテル・トリフィート金沢,同意する,,,,,,,1986,,,,,,
石川,2026/01/18 15:49:30,東京都,無回答,2002,,600万円以上 700万円未満,自分ひとり,4泊以上,石川県外には泊まらない,金沢エリア  （湯涌温泉、深谷温泉、犀川温泉など）,4泊以上,,,,,,,,,飛行機,0,0,0,0,1,0,0,,0,0,0,0,3,,,,初めて,"地元の美味しいものを食べる, テーマパーク（遊園地、動物園、博物館など）, 買い物、アウトレット, まちあるき、都市散策, 各種体験（手作り、果物狩りなど）, 聖地巡礼",0,0,1,0,0,1,1,0,0,0,1,1,0,0,0,0,0,0,蓮ノ空女学院スクールアイドルクラブ,0,0,0,0,0,0,0,0,0,0,0,0,0,0,0,0,0,0,0,0,0,0,0,0,1,,,,,,"50,000円以上 100,000円未満",,"1,000円未満",,,,,,,,,,,5,3,,,,,,7,機会があれば行きたい,うっこけいソフトのお店がもう少しあればいいなと思います,加賀友禅会館（加賀友禅ミュージアムそめりあ）,同意する,,金沢物産展,,水引きミュージアム,,,2002,,,,,,
石川,2026/01/18 16:22:43,石川県,男,1983,,"900万円以上 1,000万円未満",夫婦2人,日帰り,石川県外には泊まらない,石川県内には宿泊しない,石川県内には宿泊しない,,,,,,,,,県外から訪れていない（石川県内在住）,0,0,0,0,0,0,0,,0,0,0,0,,,,,11回目以上,まちあるき、都市散策,0,0,0,0,0,0,0,0,0,0,1,0,0,0,0,0,0,0,新聞・雑誌・ガイドブック,0,0,0,0,0,0,0,0,0,0,0,0,0,0,0,0,1,0,0,0,0,0,0,0,0,,,,,,使わない,,"1,000円以上 3,000円未満",,,,,,,,,,,4,5,,,,,,9,石川県在住,お寿司の食べ比べができるフェア,尾山神社,同意する,,,,,,,1983,,,,,,
石川,2026/01/18 18:14:49,大阪府,男,1966,,800万円以上 900万円未満,自分ひとり,4泊以上,富山県,金沢エリア  （湯涌温泉、深谷温泉、犀川温泉など）,4泊以上,,,,,,,,,会社営業車,0,0,0,0,0,0,0,,0,0,0,0,3,仕事での利用だから,,,2～5回目,出張など仕事関係,0,0,0,0,0,0,0,0,0,0,0,0,0,0,0,0,1,0,取引き先の紹介,0,0,0,0,0,0,0,0,0,0,0,0,0,0,0,0,0,0,0,0,0,0,0,0,1,,,,,,"20,000円以上 30,000円未満",,"5,000円以上 10,000円未満",,,,,,,,,,,3,4,朝食が良い,古い,,,,2,また行きたい（1年以内）,子供を連れて来れる施設、テーマパーク等を作って欲しい 食べ物が美味しい,金沢国際ホテル,同意する,,仕事での出張だから,,仕事だから,,,1966,,,,,,
石川,2026/01/18 18:45:23,福岡県,女,1954,,200万円以上 300万円未満,自分ひとり,2泊,長野,金沢エリア  （湯涌温泉、深谷温泉、犀川温泉など）,2泊,,,,,,,,,"新幹線, 在来線",0,0,1,1,0,0,0,,0,0,0,0,4,近道をしてくれたから,,,6～10回目,出張など仕事関係,0,0,0,0,0,0,0,0,0,0,0,0,0,0,0,0,1,0,友人・知人,0,0,0,0,0,0,0,0,0,0,0,0,0,0,0,0,0,0,1,0,0,0,0,0,0,,,,,,"20,000円以上 30,000円未満",,"3,000円以上 5,000円未満",,,,,,,,,,,4,3,,,,,,7,また行きたい（1年以内）,特になし 楽しく過ごせるから,金沢国際ホテル,同意する,,,,帰りの電車の都合,,,1954,,,,,,
石川,2026/01/19 1:28:26,静岡県,女,1990,,500万円以上 600万円未満,母親・妹,1泊,石川県外には泊まらない,金沢エリア  （湯涌温泉、深谷温泉、犀川温泉など）,1泊,,,,,,,,,自家用車,1,0,0,0,0,0,0,,0,0,0,0,,,,,2～5回目,"地元の美味しいものを食べる, 名所、旧跡の観光, 買い物、アウトレット",0,0,1,0,1,0,1,0,0,0,0,0,0,0,0,0,0,0,"新聞・雑誌・ガイドブック, TV・ラジオ番組やCM, インターネット・アプリ, X(旧：Twitter)",0,0,0,0,0,1,0,0,0,0,1,0,0,0,1,0,1,0,0,0,0,0,0,0,0,,,,,,"5,000円以上 10,000円未満",,"5,000円以上 10,000円未満",,,,,,,,,,,4,4,,,,,,9,機会があれば行きたい,静岡県からだと自家用車以外の交通が不便なので冬は敬遠しがち,ホテル・トリフィート金沢,同意する,,石浦神社・ちいわからんど金沢,,富山県氷見・富山市内,,,1990,,,,,,
石川,2026/01/19 8:13:02,東京都,女,2000,,500万円以上 600万円未満,友人,1泊,石川県外には泊まらない,金沢エリア  （湯涌温泉、深谷温泉、犀川温泉など）,1泊,,,,,,,,,"新幹線, 在来線",0,0,1,1,0,0,0,,0,0,0,0,4,,,,初めて,"地元の美味しいものを食べる, 名所、旧跡の観光, テーマパーク（遊園地、動物園、博物館など）, まちあるき、都市散策",0,0,1,0,1,1,0,0,0,0,1,0,0,0,0,0,0,0,歩いていたらたまたま知った,0,0,0,0,0,0,0,0,0,0,0,0,0,0,0,0,0,0,0,0,0,0,0,0,1,,,,,,"5,000円以上 10,000円未満",,使わない,,,,,,,,,,,5,4,,,,,,6,また行きたい（1年以内）,特になし,兼六駐車場,同意する,,,,,,,2000,,,,,,
石川,2026/01/19 8:18:17,東京都,女,2003,,100万円未満,親,3泊,石川県外には泊まらない,金沢エリア  （湯涌温泉、深谷温泉、犀川温泉など）,3泊,,,,,,,,,新幹線,0,0,1,0,0,0,0,,0,0,0,0,,,,,2～5回目,"地元の美味しいものを食べる, 名所、旧跡の観光, まちあるき、都市散策",0,0,1,0,1,0,0,0,0,0,1,0,0,0,0,0,0,0,"観光パンフレット・ポスター, Instagram, 友人・知人",0,0,0,1,0,0,0,0,0,0,0,0,0,0,0,0,0,0,1,0,1,0,0,0,0,,,,,,"30,000円以上 40,000円未満",,"1,000円未満",,,,,,,,,,,5,4,,,,,,10,また行きたい（1年以内）,お寿司!,兼六園,同意する,,,,,,,2003,,,,,,
石川,2026/01/19 8:18:30,東京都,女,2004,,800万円以上 900万円未満,親,3泊,石川県外には泊まらない,金沢エリア  （湯涌温泉、深谷温泉、犀川温泉など）,3泊,,,,,,,,,新幹線,0,0,1,0,0,0,0,,0,0,0,0,,,,,2～5回目,"地元の美味しいものを食べる, 友人・親戚を訪ねる",0,0,1,0,0,0,0,0,0,0,0,0,0,0,0,0,0,0,友人・知人,0,0,0,0,0,0,0,0,0,0,0,0,0,0,0,0,0,0,1,0,0,0,0,0,0,,,,,,"3,000円以上 5,000円未満",,"10,000円以上 20,000円未満",,,,,,,,,,,4,4,綺麗でした,綺麗でした,,,,8,また行きたい（1年以内）,海鮮 海鮮が美味しい,兼六園,同意する,,能登,,,,,2004,,,,,,
石川,2026/01/19 10:29:25,兵庫県,男,1999,,"900万円以上 1,000万円未満",職場の同僚,4泊以上,京都、大阪、松本、東京,加賀エリア （山代温泉、山中温泉、片山津温泉、粟津温泉、辰口温泉、加賀市、小松市など）,1泊,,,,,,,,,"新幹線, 旅行会社ツアーバス",0,0,1,0,0,1,0,,0,0,0,0,5,自分は何もしなくても到着場所に着くから楽。,,,初めて,"各種体験（手作り、果物狩りなど）, 出張など仕事関係",0,0,0,0,0,0,0,0,0,0,0,1,0,0,0,0,1,0,観光協会等の案内所,0,0,0,0,0,0,0,0,0,0,0,0,0,0,0,0,0,0,0,0,0,1,0,0,0,,,,,,"10,000円以上 20,000円未満",,"5,000円以上 10,000円未満",,,,,,,,,,,5,5,古い街並みが見えてその土地の文化を感じられた。,,,,,10,また行きたい（1年以内）,特になし,兼六園,同意する,,野村家,,,,,1999,,,,,,
石川,2026/01/19 11:00:51,兵庫県,女,2006,,"900万円以上 1,000万円未満",親,1泊,石川県外には泊まらない,金沢エリア  （湯涌温泉、深谷温泉、犀川温泉など）,1泊,,,,,,,,,"新幹線, 在来線",0,0,1,1,0,0,0,,0,0,0,0,4,,,,初めて,"宿でのんびり過ごす, 地元の美味しいものを食べる, 名所、旧跡の観光, まちあるき、都市散策",1,0,1,0,1,0,0,0,0,0,1,0,0,0,0,0,0,0,通りがかり,0,0,0,0,0,0,0,0,0,0,0,0,0,0,0,0,0,0,0,0,0,0,0,0,1,,,,,,"10,000円以上 20,000円未満",,使わない,,,,,,,,,,,4,4,マップなど資料が充実していた,,,,,5,機会があれば行きたい,この土地ならではの料理やここでしか手に入らないもの 程よく発展していて観光地感もあって楽しかったから,金沢駅,同意する,,,,,,,2006,,,,,,
石川,2026/01/19 12:38:11,富山県,男,1965,,200万円以上 300万円未満,自分ひとり,1泊,石川県外には泊まらない,金沢エリア  （湯涌温泉、深谷温泉、犀川温泉など）,1泊,,,,,,,,,自家用車,1,0,0,0,0,0,0,,0,0,0,0,,,,,2～5回目,まちあるき、都市散策,0,0,0,0,0,0,0,0,0,0,1,0,0,0,0,0,0,0,観光パンフレット・ポスター,0,0,0,0,0,0,0,0,0,0,0,0,0,0,0,0,0,0,0,0,1,0,0,0,0,,,,,,"1,000円以上 3,000円未満",,使わない,,,,,,,,,,,4,4,良かったよ,良かったよ,,,,8,また行きたい（1年以内）,可愛い、綺麗を求めたい 卯辰山をドライブした　気持ち良かった,石川県政記念しいのき迎賓館,同意する,,,,,,,1965,,,,,,
石川,2026/01/19 13:59:08,岩手県,女,1993,,400万円以上 500万円未満,恋人,2泊,石川県外には泊まらない,金沢エリア  （湯涌温泉、深谷温泉、犀川温泉など）,2泊,,,,,,,,,新幹線,0,0,1,0,0,0,0,,0,0,0,0,4,路線バスをクレジットカード決済できたため,,,初めて,"地元の美味しいものを食べる, 名所、旧跡の観光, まちあるき、都市散策, 出張など仕事関係",0,0,1,0,1,0,0,0,0,0,1,0,0,0,0,0,1,0,"X(旧：Twitter), Instagram, 友人・知人",0,0,0,1,0,1,0,0,0,0,0,0,0,0,0,0,0,0,1,0,0,0,0,0,0,,,,,,"10,000円以上 20,000円未満",,使わない,,,,,,,,,,,5,4,綺麗で静か。歩き疲れていたのでありがたいです。,,,,,10,また行きたい（1年以内）,チェーン店ではなく、ローカルのお店に行きたかったが全体的に閉まるのが早く、日曜定休でもっと地元のお店にお金を落としたいと思った。 駅から主要エリアまでは遠いと感じたが、交通アクセスが豊かであり、宿泊費がリーズナブルなので飲食費に回せること。,金沢中央観光案内所,同意する,,,,,,,1993,,,,,,
石川,2026/01/19 14:02:32,滋賀県,女,1999,,200万円以上 300万円未満,自分ひとり,日帰り,石川県外には泊まらない,加賀エリア （山代温泉、山中温泉、片山津温泉、粟津温泉、辰口温泉、加賀市、小松市など）,1泊,,,,,,,,,自家用車,1,0,0,0,0,0,0,,0,0,0,0,4,少し天気が悪く運転がしずらい,,,2～5回目,友人・親戚を訪ねる,0,0,0,0,0,0,0,0,0,0,0,0,0,0,0,0,0,0,インターネット・アプリ,0,0,0,0,0,0,0,0,0,0,1,0,0,0,0,0,0,0,0,0,0,0,0,0,0,,,,,,"30,000円以上 40,000円未満",,"5,000円以上 10,000円未満",,,,,,,,,,,5,5,美味しい素敵なものが食べれた,綺麗でお上品な施設だった。,,,,9,また行きたい（1年以内）,海鮮など石川県の魅力がたくさん詰まった金沢市にこれてよかった！これてよかった！ 金沢の街並みが素敵,ホテル日航金沢,同意する,,,,,,,1999,,,,,,
石川,2026/01/19 15:18:35,東京都,男,2002,,400万円以上 500万円未満,自分ひとり,2泊,石川県外には泊まらない,金沢エリア  （湯涌温泉、深谷温泉、犀川温泉など）,2泊,,,,,,,,,"新幹線, 飛行機",0,0,1,0,1,0,0,,0,0,0,0,5,,,,11回目以上,"宿でのんびり過ごす, 地元の美味しいものを食べる, まちあるき、都市散策",1,0,1,0,0,0,0,0,0,0,1,0,0,0,0,0,0,0,"観光展・物産展, 新聞・雑誌・ガイドブック, TV・ラジオ番組やCM, X(旧：Twitter), Instagram",0,0,0,1,0,1,0,0,0,0,0,0,0,0,1,0,1,0,0,0,0,0,1,0,0,,,,,,"20,000円以上 30,000円未満",,"5,000円以上 10,000円未満",,,,,,,,,,,5,4,,,,,,10,また行きたい（1年以内）,印象、アクティビティ,金沢中央観光案内所,同意する,,,,,,,2002,,,,,,
石川,2026/01/19 16:57:52,東京都,男,1967,,500万円以上 600万円未満,自分ひとり,2泊,石川県外には泊まらない,金沢エリア  （湯涌温泉、深谷温泉、犀川温泉など）,2泊,,,,,,,,,飛行機,0,0,0,0,1,0,0,,0,0,0,0,4,問題なく乗れました,,,2～5回目,名所、旧跡の観光,0,0,0,0,1,0,0,0,0,0,0,0,0,0,0,0,0,0,"新聞・雑誌・ガイドブック, 観光協会等の案内所",0,0,0,0,0,0,0,0,0,0,0,0,0,0,0,0,1,0,0,0,0,1,0,0,0,,,,,,"30,000円以上 40,000円未満",,"3,000円以上 5,000円未満",,,,,,,,,,,4,3,感じよかったわけではなくて,感じよかったわけではなくて,,,,8,また行きたい（1年以内）,九谷焼が好きになりました。ノドグロ美味しかったし美味しいものがいっぱい。でも🦀を一人でなかなか食べにお店に入れないのが悲しい。次は文化体験します。 季節がよいときの兼六園,金沢中央観光案内所,同意する,,,,,,,1967,,,,,,
石川,2026/01/19 17:21:02,千葉県,女,1988,,500万円以上 600万円未満,夫婦2人,2泊,石川県外には泊まらない,能登エリア （和倉温泉、七尾市、輪島市、珠洲市など）,2泊,,,,,,,,,"新幹線, 在来線",0,0,1,1,0,0,0,,0,0,0,0,4,観光の後にバスを利用しましたが、支払いが難しかったです。,,,初めて,"宿でのんびり過ごす, 温泉や露天風呂, 地元の美味しいものを食べる, 宿泊することで復興支援したかったです。",1,1,1,0,0,0,0,0,0,0,0,0,0,0,0,0,0,0,"インターネット・アプリ, Instagram, YouTube",0,0,0,1,0,0,1,0,0,0,1,0,0,0,0,0,0,0,0,0,0,0,0,0,0,,,,,,"20,000円以上 30,000円未満",,"5,000円以上 10,000円未満",,,,,,,,,,,5,5,石川県内各地の特産品が充実していて、最後まで石川を感じることができて嬉しかったです！,トイレが綺麗かつ、個数がたくさんあって女性には有り難かったです。,,,,8,また行きたい（1年以内）,次回は文化的な体験もしてみたいです！加賀友禅の小物作りなど 大満足のグルメ旅になりました！特に海鮮が本当に美味しかったです！今回、私たちは能登半島を応援したくて和倉温泉を目指し、石川県にやってきましたが、どこでご飯を食べても新鮮で美味しかったです！,金沢駅,同意する,,,,,,,1988,,,,,,
石川,2026/01/19 17:37:06,愛知県,女,1972,,600万円以上 700万円未満,友人,2泊,石川県外には泊まらない,金沢エリア  （湯涌温泉、深谷温泉、犀川温泉など）,2泊,,,,,,,,,高速バス,0,0,0,0,0,0,0,,0,0,0,0,4,バスが乗り換えもなく、値段が安いから,,,2～5回目,"地元の美味しいものを食べる, 名所、旧跡の観光",0,0,1,0,1,0,0,0,0,0,0,0,0,0,0,0,0,0,"TV・ラジオ番組やCM, Instagram",0,0,0,1,0,0,0,0,0,0,0,0,0,0,1,0,0,0,0,0,0,0,0,0,0,,,,,,"5,000円以上 10,000円未満",,"5,000円以上 10,000円未満",,,,,,,,,,,4,3,近江町市場は、外国人が多くてマナーが悪いのが残念,,,,,8,また行きたい（1年以内）,ひがし茶屋街の店が17時30分に閉まるのは残念。せめて18時半にして欲しい。その流れで食事に行けるのがベスト,金沢駅,同意する,,,,,,,1972,,,,,,
石川,2026/01/19 18:37:22,東京都,女,1976,,"1,000万円以上 1,200万円未満",職場の同僚,3泊,石川県外には泊まらない,能登エリア （和倉温泉、七尾市、輪島市、珠洲市など）,3泊,,,,,,,,,"新幹線, 在来線",0,0,1,1,0,0,0,,0,0,0,0,4,,,,初めて,"地元の美味しいものを食べる, 名所、旧跡の観光, まちあるき、都市散策, 輪島での復興ボランティア参加",0,0,1,0,1,0,0,0,0,0,1,0,0,0,0,0,0,0,"観光連盟やDMOのHP, インターネット・アプリ, 友人・知人",0,0,0,0,0,0,0,0,0,0,1,0,0,0,0,0,0,0,1,0,0,0,0,1,0,,,,,,"20,000円以上 30,000円未満",,"5,000円以上 10,000円未満",,,,,,,,,,,5,5,大浴場と朝ごはんメニューに金沢らしさがあった,,,,,9,機会があれば行きたい,混みすぎていないのがありがたいです かに面のおでん、季節性もあるし土地特有,ホテル・トリフィート金沢,同意する,,,,金沢城公園、金沢港の魚市場など,,,1976,,,,,,
石川,2026/01/19 19:15:47,長野県,男,1990,,700万円以上 800万円未満,恋人,3泊,石川県外には泊まらない,金沢エリア  （湯涌温泉、深谷温泉、犀川温泉など）,3泊,,,,,,,,,自家用車,1,0,0,0,0,0,0,,0,0,0,0,,,,,初めて,"宿でのんびり過ごす, 誕生日旅行",1,0,0,0,0,0,0,0,0,0,0,0,0,0,0,0,0,0,"インターネット・アプリ, Instagram",0,0,0,1,0,0,0,0,0,0,1,0,0,0,0,0,0,0,0,0,0,0,0,0,0,,,,,,"50,000円以上 100,000円未満",,"20,000円以上 30,000円未満",,,,,,,,,,,5,5,お風呂とトイレが別れてる,お風呂とトイレが別れてる,,,,5,また行きたい（1年以内）,外国人に依存しない観光業をして欲しい 海辺は景色いい 歴史遺産もあり食事も美味しい,ダイワロイネットホテル金沢MIYABI,同意する,,,,,,,1990,,,,,,
石川,2026/01/20 8:40:58,群馬県,女,1962,,300万円以上 400万円未満,友人,2泊,石川県外には泊まらない,金沢エリア  （湯涌温泉、深谷温泉、犀川温泉など）,2泊,,,,,,,,,友人の車,0,0,0,0,0,0,0,,0,0,0,0,,,,,初めて,"地元の美味しいものを食べる, 名所、旧跡の観光, まちあるき、都市散策",0,0,1,0,1,0,0,0,0,0,1,0,0,0,0,0,0,0,勤務先、保養所,0,0,0,0,0,0,0,0,0,0,0,0,0,0,0,0,0,0,0,0,0,0,0,0,1,,,,,,"1,000円未満",,"1,000円以上 3,000円未満",,,,,,,,,,,4,5,宿泊費が安い。,綺麗,,,,8,機会があれば行きたい,とくになし。,KKRホテル金沢,同意する,,金沢駅,,,,,1962,,,,,,
石川,2026/01/20 10:35:33,大阪府,女,1977,,700万円以上 800万円未満,職場の同僚,1泊,石川県外には泊まらない,金沢エリア  （湯涌温泉、深谷温泉、犀川温泉など）,1泊,,,,,,,,,新幹線,0,0,1,0,0,0,0,,0,0,0,0,,,,,初めて,出張など仕事関係,0,0,0,0,0,0,0,0,0,0,0,0,0,0,0,0,1,0,インターネット・アプリ,0,0,0,0,0,0,0,0,0,0,1,0,0,0,0,0,0,0,0,0,0,0,0,0,0,,,,,,"10,000円以上 20,000円未満",,"1,000円以上 3,000円未満",,,,,,,,,,,5,5,,,,,,10,また行きたい（1年以内）,特になし 観光地に行けてないので、次回は行きたい,ダイワロイネットホテル金沢MIYABI,同意する,,,,病院のDX化に向けて石川県の病院に訪問するための宿泊だった,,,1977,,,,,,
石川,2026/01/20 10:54:32,大阪府,女,1969,,700万円以上 800万円未満,職場の同僚,1泊,石川県外には泊まらない,金沢エリア  （湯涌温泉、深谷温泉、犀川温泉など）,1泊,,,,,,,,,新幹線,0,0,1,0,0,0,0,,0,0,0,0,4,あまり混んでなかったので,,,初めて,出張など仕事関係,0,0,0,0,0,0,0,0,0,0,0,0,0,0,0,0,1,0,インターネット・アプリ,0,0,0,0,0,0,0,0,0,0,1,0,0,0,0,0,0,0,0,0,0,0,0,0,0,,,,,,"10,000円以上 20,000円未満",,"5,000円以上 10,000円未満",,,,,,,,,,,4,4,足らないところはなかった,清潔感あり,,,,8,機会があれば行きたい,塗り物,ダイワロイネットホテル金沢MIYABI,同意する,,,,七尾市,,,1969,,,,,,
石川,2026/01/20 11:20:51,石川県,女,2008,,300万円以上 400万円未満,親,4泊以上,石川県外には泊まらない,金沢エリア  （湯涌温泉、深谷温泉、犀川温泉など）,4泊以上,,,,,,,,,県外から訪れていない（石川県内在住）,0,0,0,0,0,0,0,,0,0,0,0,4,,,,11回目以上,"宿でのんびり過ごす, 温泉や露天風呂",1,1,0,0,0,0,0,0,0,0,0,0,0,0,0,0,0,0,友人・知人,0,0,0,0,0,0,0,0,0,0,0,0,0,0,0,0,0,0,1,0,0,0,0,0,0,,,,,,"40,000円以上 50,000円未満",,"1,000円以上 3,000円未満",,,,,,,,,,,4,4,,,,,,8,また行きたい（1年以内）,特になし,兼六駐車場,同意する,,,,,,,2008,,,,,,
石川,2026/01/20 11:21:15,石川県,男,1999,,200万円以上 300万円未満,自分ひとり,日帰り,福井県,石川県内には宿泊しない,石川県内には宿泊しない,,,,,,,,,自家用車,1,0,0,0,0,0,0,,0,0,0,0,1,何も無い,,,2～5回目,"宿でのんびり過ごす, 温泉や露天風呂",1,1,0,0,0,0,0,0,0,0,0,0,0,0,0,0,0,0,観光展・物産展,0,0,0,0,0,0,0,0,0,0,0,0,0,0,0,0,0,0,0,0,0,0,1,0,0,,,,,,使わない,,使わない,,,,,,,,,,,1,1,,,,,,0,行きたくない,特になし,兼六駐車場,同意する,,,,,,,1999,,,,,,
石川,2026/01/20 11:23:04,石川県,女,1965,,200万円以上 300万円未満,自分ひとり,2泊,石川県外には泊まらない,金沢エリア  （湯涌温泉、深谷温泉、犀川温泉など）,2泊,,,,,,,,,自家用車,1,0,0,0,0,0,0,,0,0,0,0,4,,,,6～10回目,"宿でのんびり過ごす, 温泉や露天風呂",1,1,0,0,0,0,0,0,0,0,0,0,0,0,0,0,0,0,"観光展・物産展, Instagram",0,0,0,1,0,0,0,0,0,0,0,0,0,0,0,0,0,0,0,0,0,0,1,0,0,,,,,,"20,000円以上 30,000円未満",,"10,000円以上 20,000円未満",,,,,,,,,,,4,4,,,,,,7,どちらともいえない,おいしさやかかく,兼六駐車場,同意する,,,,,,,1965,,,,,,
石川,2026/01/20 13:52:34,三重県,男,1973,,400万円以上 500万円未満,自分ひとり,2泊,石川県外には泊まらない,白山エリア （一里野温泉、白峰温泉、白山市など）,2泊,,,,,,,,,自家用車,1,0,0,0,0,0,0,,0,0,0,0,4,丁度、雪が降っていて、雪の金沢市が体験出来た。お刺身美味しい。,,,2～5回目,"温泉や露天風呂, 地元の美味しいものを食べる, 名所、旧跡の観光",0,1,1,0,1,0,0,0,0,0,0,0,0,0,0,0,0,0,"観光パンフレット・ポスター, X(旧：Twitter), ブログ, 観光協会等の案内所",0,0,0,0,0,1,0,0,1,0,0,0,0,0,0,0,0,0,0,0,1,1,0,0,0,,,,,,"5,000円以上 10,000円未満",,"1,000円未満",,,,,,,,,,,4,4,Wi-Fi使えて、休憩場あり,駐車場無料でビックリ。,,,,7,また行きたい（1年以内）,特になし お刺身美味しいし、いろんな観光地がある。,石川県立歴史博物館,同意する,,,,,,,1973,,,,,,
石川,2026/01/20 13:55:02,神奈川県,女,1950,,300万円以上 400万円未満,夫婦2人,4泊以上,石川県外には泊まらない,加賀エリア （山代温泉、山中温泉、片山津温泉、粟津温泉、辰口温泉、加賀市、小松市など）,4泊以上,,,,,,,,,"レンタカー, 新幹線",0,1,1,0,0,0,0,,0,0,0,0,4,手軽さ ,,,6～10回目,"温泉や露天風呂, 地元の美味しいものを食べる, 名所、旧跡の観光, まちあるき、都市散策",0,1,1,0,1,0,0,0,0,0,1,0,0,0,0,0,0,0,"新聞・雑誌・ガイドブック, TV・ラジオ番組やCM, 観光パンフレット・ポスター",0,0,0,0,0,0,0,0,0,0,0,0,0,0,1,0,1,0,0,0,1,0,0,0,0,,,,,,"10,000円以上 20,000円未満",,"1,000円以上 3,000円未満",,,,,,,,,,,5,4,楽しめる,楽しい,,,,8,また行きたい（1年以内）,特になし 新旧いろいろ楽しめる,石川県立歴史博物館,同意する,,,,金沢港,,,1950,,,,,,
石川,2026/01/20 17:15:11,千葉県,女,2002,,300万円以上 400万円未満,自分ひとり,日帰り,福井県,石川県内には宿泊しない,石川県内には宿泊しない,,,,,,,,,新幹線,0,0,1,0,0,0,0,,0,0,0,0,,,,,初めて,"地元の美味しいものを食べる, 名所、旧跡の観光",0,0,1,0,1,0,0,0,0,0,0,0,0,0,0,0,0,0,"観光展・物産展, X(旧：Twitter)",0,0,0,0,0,1,0,0,0,0,0,0,0,0,0,0,0,0,0,0,0,0,1,0,0,,,,,,使わない,,"1,000円以上 3,000円未満",,,,,,,,,,,4,4,,,,,,5,機会があれば行きたい,ご当地フード,尾山神社,同意する,,,,,,,2002,,,,,,
石川,2026/01/20 20:35:43,広島県,女,2001,,700万円以上 800万円未満,職場の同僚,4泊以上,石川県外には泊まらない,金沢エリア  （湯涌温泉、深谷温泉、犀川温泉など）,4泊以上,,,,,,,,,新幹線,0,0,1,0,0,0,0,,0,0,0,0,2,港方面から金沢駅に向かう交通手段が少ない,,,初めて,"温泉や露天風呂, 地元の美味しいものを食べる, 花見や紅葉などの自然鑑賞, まちあるき、都市散策, 出張など仕事関係",0,1,1,1,0,0,0,0,0,0,1,0,0,0,0,0,1,0,"インターネット・アプリ, タクシードライバーや地元の人",0,0,0,0,0,0,0,0,0,0,1,0,0,0,0,0,0,0,0,1,0,0,0,0,0,,,,,,"20,000円以上 30,000円未満",,"10,000円以上 20,000円未満",,,,,,,,,,,5,5,温泉がすごく心地よかった,ドリンクメニューが豊富,,,,9,また行きたい（1年以内）,飲食は地元の新鮮な海産物を使われているお店が多くて街歩きが楽しいが、大きな飲み屋の繁華街のようなものがあればもっといいと思う。 尾山神社,湯来楽　内灘店,同意する,,お魚センター,,,,,2001,,,,,,
石川,2026/01/21 8:28:52,千葉県,男,1990,,300万円以上 400万円未満,恋人,2泊,石川県外には泊まらない,金沢エリア  （湯涌温泉、深谷温泉、犀川温泉など）,2泊,,,,,,,,,新幹線,0,0,1,0,0,0,0,,0,0,0,0,5,金沢の街並みや情緒あふれる建物。歴史を感じる事ができました。,,,初めて,"温泉や露天風呂, 地元の美味しいものを食べる, 名所、旧跡の観光, テーマパーク（遊園地、動物園、博物館など）, 各種体験（手作り、果物狩りなど）",0,1,1,0,1,1,0,0,0,0,0,1,0,0,0,0,0,0,"新聞・雑誌・ガイドブック, Instagram, 友人・知人",0,0,0,1,0,0,0,0,0,0,0,0,0,0,0,0,1,0,1,0,0,0,0,0,0,,,,,,"10,000円以上 20,000円未満",,"5,000円以上 10,000円未満",,,,,,,,,,,5,5,絵付け体験が思った以上に難しいけれど、その分集中し、時間を忘れて没頭し良い作品ができました。,様々な作品を見ながら、作品作りをすることができ、説明も丁寧でわかりやすかったです。,,,,10,また行きたい（1年以内）,もっと日本酒や郷土料理を知ってみたい。 歴史ある建物もあり、家族での旅行や恋人とのデートプランにも事欠かないほどの沢山のスポットがあり。なにより郷土料理も美味しく楽しめれるので薦めたいと感じました。,金沢中央観光案内所,同意する,,,,ひょんの木工房さんで、九谷焼の絵付け体験に参加,,,1990,,,,,,
石川,2026/01/21 9:14:39,埼玉県,女,1973,,"1,500万円以上",職場の同僚,1泊,石川県外には泊まらない,金沢エリア  （湯涌温泉、深谷温泉、犀川温泉など）,1泊,,,,,,,,,新幹線,0,0,1,0,0,0,0,,0,0,0,0,5,,,,初めて,出張など仕事関係,0,0,0,0,0,0,0,0,0,0,0,0,0,0,0,0,1,0,インターネット・アプリ,0,0,0,0,0,0,0,0,0,0,1,0,0,0,0,0,0,0,0,0,0,0,0,0,0,,,,,,"10,000円以上 20,000円未満",,使わない,,,,,,,,,,,5,3,,,,,,10,機会があれば行きたい,食べ物がとても美味しいと聞くので、いろいろな種類の食事をしてみたいです,ダイワロイネットホテル金沢MIYABI,同意する,,,,,,,1973,,,,,,
石川,2026/01/21 12:46:41,長崎県,男,1964,,200万円以上 300万円未満,夫婦2人,2泊,石川県外には泊まらない,金沢エリア  （湯涌温泉、深谷温泉、犀川温泉など）,2泊,,,,,,,,,飛行機,0,0,0,0,1,0,0,,0,0,0,0,,,,,初めて,"地元の美味しいものを食べる, 名所、旧跡の観光, まちあるき、都市散策, 各種体験（手作り、果物狩りなど）",0,0,1,0,1,0,0,0,0,0,1,1,0,0,0,0,0,0,インターネット・アプリ,0,0,0,0,0,0,0,0,0,0,1,0,0,0,0,0,0,0,0,0,0,0,0,0,0,,,,,,"40,000円以上 50,000円未満",,"5,000円以上 10,000円未満",,,,,,,,,,,4,4,他では体験出来ないから,金沢の工芸品等が揃っている,,,,8,機会があれば行きたい,おでん 観光場所がまとまっている,石川県観光物産館,同意する,,,,,,,1964,,,,,,
石川,2026/01/21 14:23:32,東京都,男,1977,,"1,200万円以上 1,500万円未満",自分ひとり,4泊以上,福井県,金沢エリア  （湯涌温泉、深谷温泉、犀川温泉など）,3泊,,,,,,,,,新幹線,0,0,1,0,0,0,0,,0,0,0,0,,,,,11回目以上,友人・親戚を訪ねる,0,0,0,0,0,0,0,0,0,0,0,0,0,0,0,0,0,0,特になし,0,0,0,0,0,0,0,0,0,0,0,0,0,0,0,0,0,0,0,0,0,0,0,0,1,,,,,,"20,000円以上 30,000円未満",,"5,000円以上 10,000円未満",,,,,,,,,,,4,4,,,,,,7,また行きたい（1年以内）,特になし,石川県立歴史博物館,同意する,,鈴木大拙館,,,,,1977,,,,,,
石川,2026/01/21 14:42:11,兵庫県,男,1987,,800万円以上 900万円未満,自分ひとり,2泊,新潟県,石川県内には宿泊しない,石川県内には宿泊しない,,,,,,,,,新幹線,0,0,1,0,0,0,0,,0,0,0,0,4,近い場所にバス停がある,,,初めて,"温泉や露天風呂, 名所、旧跡の観光",0,1,0,0,1,0,0,0,0,0,0,0,0,0,0,0,0,0,観光協会等の案内所,0,0,0,0,0,0,0,0,0,0,0,0,0,0,0,0,0,0,0,0,0,1,0,0,0,,,,,,"10,000円以上 20,000円未満",,"20,000円以上 30,000円未満",,,,,,,,,,,4,4,金沢の歴史が無料で知れる,無料で入れる,,,,8,また行きたい（1年以内）,新鮮な魚介 落ち着いた歴史ある街並み,西茶屋資料館,同意する,,,,,,,1987,,,,,,
石川,2026/01/21 15:36:55,石川県,男,1964,,200万円以上 300万円未満,家族,4泊以上,石川県外には泊まらない,金沢エリア  （湯涌温泉、深谷温泉、犀川温泉など）,4泊以上,,,,,,,,,自家用車,1,0,0,0,0,0,0,,0,0,0,0,,,,,2～5回目,ゴジラ博,0,0,0,0,0,0,0,0,0,0,0,0,0,0,0,0,0,0,インターネット・アプリ,0,0,0,0,0,0,0,0,0,0,1,0,0,0,0,0,0,0,0,0,0,0,0,0,0,,,,,,"50,000円以上 100,000円未満",,"10,000円以上 20,000円未満",,,,,,,,,,,4,5,展示内容,鑑賞し易い、煉瓦伝統建築で綺麗,,,,8,また行きたい（1年以内）,海産物 美術館。博物館等,石川県立歴史博物館,同意する,,,,,,,1964,,,,,,
石川,2026/01/21 16:01:38,神奈川県,男,1975,,500万円以上 600万円未満,恋人,2泊,福井県,金沢エリア  （湯涌温泉、深谷温泉、犀川温泉など）,1泊,,,,,,,,,新幹線,0,0,1,0,0,0,0,,0,0,0,0,,,,,初めて,"宿でのんびり過ごす, 温泉や露天風呂, 地元の美味しいものを食べる",1,1,1,0,0,0,0,0,0,0,0,0,0,0,0,0,0,0,観光展・物産展,0,0,0,0,0,0,0,0,0,0,0,0,0,0,0,0,0,0,0,0,0,0,1,0,0,,,,,,"10,000円以上 20,000円未満",,"3,000円以上 5,000円未満",,,,,,,,,,,4,4,,,,,,8,機会があれば行きたい,特に無し,石川県観光物産館,同意する,,,,,,,1975,,,,,,
石川,2026/01/21 17:12:32,東京都,男,1985,,600万円以上 700万円未満,自分ひとり,2泊,富山県,金沢エリア  （湯涌温泉、深谷温泉、犀川温泉など）,1泊,,,,,,,,,"在来線, 旅行会社ツアーバス",0,0,0,1,0,1,0,,0,0,0,0,4,移動しやすいから,,,2～5回目,"宿でのんびり過ごす, 買い物、アウトレット",1,0,0,0,0,0,1,0,0,0,0,0,0,0,0,0,0,0,"観光展・物産展, X(旧：Twitter), Instagram",0,0,0,1,0,1,0,0,0,0,0,0,0,0,0,0,0,0,0,0,0,0,1,0,0,,,,,,"50,000円以上 100,000円未満",,"5,000円以上 10,000円未満",,,,,,,,,,,4,4,特になし,雰囲気がよい,,,,8,また行きたい（1年以内）,日本酒巡りをしたい 御飯がおいしいところ,兼六駐車場,同意する,,福光屋酒造,,,,,1985,,,,,,
石川,2026/01/21 19:41:16,石川県,男,1983,,600万円以上 700万円未満,自分ひとり,1泊,石川県外には泊まらない,金沢エリア  （湯涌温泉、深谷温泉、犀川温泉など）,1泊,,,,,,,,,県外から訪れていない（石川県内在住）,0,0,0,0,0,0,0,,0,0,0,0,5,便利であった。,,,初めて,出張など仕事関係,0,0,0,0,0,0,0,0,0,0,0,0,0,0,0,0,1,0,インターネット・アプリ,0,0,0,0,0,0,0,0,0,0,1,0,0,0,0,0,0,0,0,0,0,0,0,0,0,,,,,,"3,000円以上 5,000円未満",,"3,000円以上 5,000円未満",,,,,,,,,,,5,5,ゆっくり出来た。,きれいにされていた。,,,,8,石川県在住,御当地物を食べるとより楽しめると思う。 兼六園が風情があり良かった。,ARIGATO STAY KANAZAWA,同意する,,,,,,,1983,,,,,,
石川,2026/01/22 7:05:30,東京都,女,1994,,500万円以上 600万円未満,友人,2泊,石川県外には泊まらない,金沢エリア  （湯涌温泉、深谷温泉、犀川温泉など）,2泊,,,,,,,,,新幹線,0,0,1,0,0,0,0,,0,0,0,0,5,タクシーがつかまりやすい。親切,,,初めて,"温泉や露天風呂, 地元の美味しいものを食べる, 名所、旧跡の観光, まちあるき、都市散策",0,1,1,0,1,0,0,0,0,0,1,0,0,0,0,0,0,0,"インターネット・アプリ, Instagram",0,0,0,1,0,0,0,0,0,0,1,0,0,0,0,0,0,0,0,0,0,0,0,0,0,,,,,,"20,000円以上 30,000円未満",,"1,000円未満",,,,,,,,,,,5,5,きれい,,,,,9,機会があれば行きたい,海鮮料理を手軽に食べられるところ。,湯の出,同意する,,,,,,,1994,,,,,,
石川,2026/01/22 9:23:47,香川県,女,1975,,500万円以上 600万円未満,恋人,2泊,石川県外には泊まらない,金沢エリア  （湯涌温泉、深谷温泉、犀川温泉など）,2泊,,,,,,,,,自家用車,1,0,0,0,0,0,0,,0,0,0,0,,,,,初めて,地元の美味しいものを食べる,0,0,1,0,0,0,0,0,0,0,0,0,0,0,0,0,0,0,ケイケイアールホテルの情報誌,0,0,0,0,0,0,0,0,0,0,0,0,0,0,0,0,0,0,0,0,0,0,0,0,1,,,,,,"10,000円以上 20,000円未満",,"20,000円以上 30,000円未満",,,,,,,,,,,5,5,海鮮や肉野菜など取り揃えてて地元のものがお得に買える,,,,,10,また行きたい（1年以内）,とくになし 料理がおいしく、綺麗な見どころがたくさんある,KKRホテル金沢,同意する,,,,,,,1975,,,,,,
石川,2026/01/22 18:14:16,石川県,女,1993,,500万円以上 600万円未満,自分ひとり,日帰り,岐阜県,石川県内には宿泊しない,石川県内には宿泊しない,,,,,,,,,新幹線,0,0,1,0,0,0,0,,0,0,0,0,5,美味しいものを食べることができた,,,11回目以上,"温泉や露天風呂, 地元の美味しいものを食べる",0,1,1,0,0,0,0,0,0,0,0,0,0,0,0,0,0,0,Instagram,0,0,0,1,0,0,0,0,0,0,0,0,0,0,0,0,0,0,0,0,0,0,0,0,0,,,,,,"30,000円以上 40,000円未満",,"1,000円未満",,,,,,,,,,,4,3,観光名所のため,ゆっくり楽しめた,,,,8,機会があれば行きたい,特になし,ホテル金沢,同意する,,,,,,,1993,,,,,,
石川,2026/01/23 8:13:59,愛知県,女,1977,,800万円以上 900万円未満,自分ひとり,4泊以上,石川県外には泊まらない,金沢エリア  （湯涌温泉、深谷温泉、犀川温泉など）,4泊以上,,,,,,,,,高速バス,0,0,0,0,0,0,0,,0,0,0,0,4,頻繁に便が出ているので便利でした,,,初めて,"宿でのんびり過ごす, 地元の美味しいものを食べる, 名所、旧跡の観光, まちあるき、都市散策",1,0,1,0,1,0,0,0,0,0,1,0,0,0,0,0,0,0,"観光パンフレット・ポスター, インターネット・アプリ, X(旧：Twitter), Instagram, ブログ",0,0,0,1,0,1,0,0,1,0,1,0,0,0,0,0,0,0,0,0,1,0,0,0,0,,,,,,"100,000円以上",,"1,000円以上 3,000円未満",,,,,,,,,,,4,5,,綺麗に整備されており気持ちのいい場所でした,,,,10,また行きたい（1年以内）,特になし 雪の季節の金沢はぜひ体験して欲しいです,金沢城公園,同意する,,,,,,,1977,,,,,,
石川,2026/01/23 11:30:34,京都府,女,1989,,700万円以上 800万円未満,自分ひとり,日帰り,岐阜県,金沢エリア  （湯涌温泉、深谷温泉、犀川温泉など）,石川県内には宿泊しない,,,,,,,,,新幹線,0,0,1,0,0,0,0,,0,0,0,0,,,,,初めて,名所、旧跡の観光,0,0,0,0,1,0,0,0,0,0,0,0,0,0,0,0,0,0,"新聞・雑誌・ガイドブック, 友人・知人",0,0,0,0,0,0,0,0,0,0,0,0,0,0,0,0,1,0,1,0,0,0,0,0,0,,,,,,"1,000円以上 3,000円未満",,"5,000円以上 10,000円未満",,,,,,,,,,,5,5,,,,,,10,また行きたい（1年以内）,no,兼六園,同意する,,,,,,,1989,,,,,,
石川,2026/01/23 13:24:13,神奈川県,女,2005,,100万円以上 200万円未満,自分ひとり,1泊,石川県外には泊まらない,金沢エリア  （湯涌温泉、深谷温泉、犀川温泉など）,1泊,,,,,,,,,"新幹線, 在来線",0,0,1,1,0,0,0,,0,0,0,0,,,,,初めて,"地元の美味しいものを食べる, 花見や紅葉などの自然鑑賞, 名所、旧跡の観光",0,0,1,1,1,0,0,0,0,0,0,0,0,0,0,0,0,0,Instagram,0,0,0,1,0,0,0,0,0,0,0,0,0,0,0,0,0,0,0,0,0,0,0,0,0,,,,,,"10,000円以上 20,000円未満",,"1,000円以上 3,000円未満",,,,,,,,,,,5,5,,,,,,7,機会があれば行きたい,特になし,石川県立歴史博物館,同意する,,,,,,,2005,,,,,,
石川,2026/01/23 14:41:27,東京都,女,1984,,700万円以上 800万円未満,友人,1泊,石川県外には泊まらない,金沢エリア  （湯涌温泉、深谷温泉、犀川温泉など）,1泊,,,,,,,,,新幹線,0,0,1,0,0,0,0,,0,0,0,0,4,歩いて回りやすい,,,初めて,"地元の美味しいものを食べる, 名所、旧跡の観光",0,0,1,0,1,0,0,0,0,0,0,0,0,0,0,0,0,0,"新聞・雑誌・ガイドブック, 友人・知人",0,0,0,0,0,0,0,0,0,0,0,0,0,0,0,0,1,0,1,0,0,0,0,0,0,,,,,,"50,000円以上 100,000円未満",,"1,000円以上 3,000円未満",,,,,,,,,,,4,4,ほんとにからくり屋敷でおもしろかった,,,,,8,機会があれば行きたい,特になし 食べ物がおいしい,妙立寺,同意する,,,,,,,1984,,,,,,
石川,2026/01/23 15:16:54,愛知県,男,1984,,"900万円以上 1,000万円未満",自分ひとり,1泊,富山県,金沢エリア  （湯涌温泉、深谷温泉、犀川温泉など）,4泊以上,,,,,,,,,"自家用車, レンタカー",1,1,0,0,0,0,0,,0,0,0,0,,,,,11回目以上,出張など仕事関係,0,0,0,0,0,0,0,0,0,0,0,0,0,0,0,0,1,0,"インターネット・アプリ, 友人・知人",0,0,0,0,0,0,0,0,0,0,1,0,0,0,0,0,0,0,1,0,0,0,0,0,0,,,,,,"5,000円以上 10,000円未満",,"5,000円以上 10,000円未満",,,,,,,,,,,5,5,土産店では買えないので,店舗ではないので,,,,10,また行きたい（1年以内）,九谷焼、日本酒、海鮮など一同に会するものが有れば素晴らしい いきいき魚市場は人も少なくとても見やすいサイズで良かった。飲食は少ないが鮮魚の購入に向いていました。,金沢国際ホテル,同意する,,,,吉田酒造,,,1984,,,,,,
石川,2026/01/23 15:39:01,福岡県,男,1999,,600万円以上 700万円未満,友人,1泊,富山県,金沢エリア  （湯涌温泉、深谷温泉、犀川温泉など）,1泊,,,,,,,,,レンタカー,0,1,0,0,0,0,0,,0,0,0,0,3,,,,初めて,"名所、旧跡の観光, 買い物、アウトレット",0,0,0,0,1,0,1,0,0,0,0,0,0,0,0,0,0,0,インターネット・アプリ,0,0,0,0,0,0,0,0,0,0,1,0,0,0,0,0,0,0,0,0,0,0,0,0,0,,,,,,"20,000円以上 30,000円未満",,"10,000円以上 20,000円未満",,,,,,,,,,,4,4,,,,,,7,機会があれば行きたい,特になし,石川県観光物産館,同意する,,,,,,,1999,,,,,,
石川,2026/01/23 16:52:02,福井県,女,2001,,300万円以上 400万円未満,親,日帰り,石川県外には泊まらない,石川県内には宿泊しない,石川県内には宿泊しない,,,,,,,,,在来線,0,0,0,1,0,0,0,,0,0,0,0,3,休日で混んでいたのと乗れるバスがすぐに分からなかった,,,11回目以上,各種体験（手作り、果物狩りなど）,0,0,0,0,0,0,0,0,0,0,0,1,0,0,0,0,0,0,インターネット・アプリ,0,0,0,0,0,0,0,0,0,0,1,0,0,0,0,0,0,0,0,0,0,0,0,0,0,,,,,,使わない,,"3,000円以上 5,000円未満",,,,,,,,,,,4,3,(観光物産館)今までにも訪れていたが、和菓子づくり進むのが早すぎてあっという間すぎた,アンケートの設定ミスだと思うがこの施設がどこを指しているか分からない,,,,7,機会があれば行きたい,石川県庁の屋上に展望台があって高いところから新幹線等が眺められて綺麗なので金沢周遊パスでそこまで行けると観光の幅が広がると思います 主要なところは金沢周遊パスで回ったり使えたりしたから,石川県観光物産館,同意する,,,,香林坊ブッフェ,,,2001,,,,,,
石川,2026/01/23 21:08:38,東京都,女,1978,,100万円未満,恋人,2泊,石川県外には泊まらない,金沢エリア  （湯涌温泉、深谷温泉、犀川温泉など）,2泊,,,,,,,,,新幹線,0,0,1,0,0,0,0,,0,0,0,0,4,バスの本数も多く、道路の雪対策もしっかりとしている為快適。ただ、土地勘がないので、バス停にさまざまな行き先のバスが来て、どれに乗って良いのか分からず困りました。,,,初めて,"宿でのんびり過ごす, 地元の美味しいものを食べる, 花見や紅葉などの自然鑑賞, 名所、旧跡の観光, 買い物、アウトレット, まちあるき、都市散策",1,0,1,1,1,0,1,0,0,0,1,0,0,0,0,0,0,0,観光パンフレット・ポスター,0,0,0,0,0,0,0,0,0,0,0,0,0,0,0,0,0,0,0,0,1,0,0,0,0,,,,,,"10,000円以上 20,000円未満",,使わない,,,,,,,,,,,5,4,建物内が暖かく、お手洗いも綺麗でありがたかったです。この折り紙や、スタンプなどもあり、良い旅の思い出になりました。,上記理由と同じです,,,,10,機会があれば行きたい,特になし 金沢駅から各観光地へのアクセスがバスで便利に移動出来る。,金沢中央観光案内所,同意する,,,,,,,1978,,,,,,
石川,2026/01/23 22:40:28,福井県,女,1964,,700万円以上 800万円未満,中学生以上連れの家族,日帰り,石川県外には泊まらない,石川県内には宿泊しない,石川県内には宿泊しない,,,,,,,,,在来線,0,0,0,1,0,0,0,,0,0,0,0,4,便数が多いから。,,,6～10回目,"名所、旧跡の観光, まちあるき、都市散策, 各種体験（手作り、果物狩りなど）",0,0,0,0,1,0,0,0,0,0,1,1,0,0,0,0,0,0,いつも通りの行先,0,0,0,0,0,0,0,0,0,0,0,0,0,0,0,0,0,0,0,0,0,0,0,0,1,,,,,,使わない,,"1,000円以上 3,000円未満",,,,,,,,,,,4,4,楽しかった。お茶がおいしい。,上と同じ。く,,,,9,石川県在住,新しいメニューがてきたら食べたい。 楽しかった。お茶がおいしい。,石川県観光物産館,同意する,,,,中村記念美術館,,,1964,,,,,,
石川,2026/01/24 9:34:44,東京都,女,1989,,"1,000万円以上 1,200万円未満",小学生以下連れの家族,2泊,石川県外には泊まらない,金沢エリア  （湯涌温泉、深谷温泉、犀川温泉など）,2泊,,,,,,,,,新幹線,0,0,1,0,0,0,0,,0,0,0,0,4,レンタカーで自由にいろいろなところへ行けるため。,,,初めて,"地元の美味しいものを食べる, 名所、旧跡の観光",0,0,1,0,1,0,0,0,0,0,0,0,0,0,0,0,0,0,インターネット・アプリ,0,0,0,0,0,0,0,0,0,0,1,0,0,0,0,0,0,0,0,0,0,0,0,0,0,,,,,,"5,000円以上 10,000円未満",,"1,000円以上 3,000円未満",,,,,,,,,,,5,4,,,,,,7,機会があれば行きたい,美味しいものがたくさんあり、ならではの名物もあり、大変楽しめました。 食べ物がおいしい。観光地が集結していてコンパクトにまわれる,金沢国際ホテル,同意する,,,,,,,1989,,,,,,
石川,2026/01/24 10:07:47,東京都,男,1972,,"1,000万円以上 1,200万円未満",夫婦2人,1泊,石川県外には泊まらない,金沢エリア  （湯涌温泉、深谷温泉、犀川温泉など）,1泊,,,,,,,,,新幹線,0,0,1,0,0,0,0,,0,0,0,0,4,案内がわかり易い,,,初めて,"地元の美味しいものを食べる, まちあるき、都市散策",0,0,1,0,0,0,0,0,0,0,1,0,0,0,0,0,0,0,"新聞・雑誌・ガイドブック, 観光パンフレット・ポスター, インターネット・アプリ",0,0,0,0,0,0,0,0,0,0,1,0,0,0,0,0,1,0,0,0,1,0,0,0,0,,,,,,"10,000円以上 20,000円未満",,"5,000円以上 10,000円未満",,,,,,,,,,,5,4,,,,,,9,機会があれば行きたい,伝統工芸の体験,金沢駅,同意する,,,,,,,1972,,,,,,
石川,2026/01/24 10:46:08,愛知県,男,1976,,500万円以上 600万円未満,夫婦2人,2泊,石川県外には泊まらない,金沢エリア  （湯涌温泉、深谷温泉、犀川温泉など）,2泊,,,,,,,,,自家用車,1,0,0,0,0,0,0,,0,0,0,0,,,,,2～5回目,名所、旧跡の観光,0,0,0,0,1,0,0,0,0,0,0,0,0,0,0,0,0,0,インターネット・アプリ,0,0,0,0,0,0,0,0,0,0,1,0,0,0,0,0,0,0,0,0,0,0,0,0,0,,,,,,"10,000円以上 20,000円未満",,"5,000円以上 10,000円未満",,,,,,,,,,,4,4,概ね期待通りだった点、食事も美味しかった為。特に海鮮類。,安かったので多少心配も、杞憂に終わったから。,,,,8,機会があれば行きたい,海鮮類かな。食には目がないので。 雪の金沢はらしさがあって風情もあり良い。それほどドカ雪でもなく良かった。,ホテルエコノ東金沢,同意する,,,,,,,1976,,,,,,
石川,2026/01/24 12:05:32,新潟県,男,1987,,"900万円以上 1,000万円未満",夫婦2人,1泊,富山県,石川県内には宿泊しない,石川県内には宿泊しない,,,,,,,,,自家用車,1,0,0,0,0,0,0,,0,0,0,0,,,,,初めて,"宿でのんびり過ごす, 地元の美味しいものを食べる, テーマパーク（遊園地、動物園、博物館など）",1,0,1,0,0,1,0,0,0,0,0,0,0,0,0,0,0,0,観光パンフレット・ポスター,0,0,0,0,0,0,0,0,0,0,0,0,0,0,0,0,0,0,0,0,1,0,0,0,0,,,,,,使わない,,"1,000円未満",,,,,,,,,,,5,5,妻が満足していた,,,,,5,機会があれば行きたい,特になし,兼六駐車場,同意する,,,,なし,,,1987,,,,,,
石川,2026/01/24 12:06:27,新潟県,女,1982,,"1,000万円以上 1,200万円未満",夫婦2人,2泊,富山県,能登エリア （和倉温泉、七尾市、輪島市、珠洲市など）,1泊,,,,,,,,,自家用車,1,0,0,0,0,0,0,,0,0,0,0,,,,,2～5回目,"宿でのんびり過ごす, 温泉や露天風呂, 地元の美味しいものを食べる, 名所、旧跡の観光, 買い物、アウトレット, お祭りやイベントへの参加・見物, まちあるき、都市散策",1,1,1,0,1,0,1,1,0,0,1,0,0,0,0,0,0,0,インターネット・アプリ,0,0,0,0,0,0,0,0,0,0,1,0,0,0,0,0,0,0,0,0,0,0,0,0,0,,,,,,"30,000円以上 40,000円未満",,"5,000円以上 10,000円未満",,,,,,,,,,,5,5,非日常の体験が出来て良かった,,,,,10,機会があれば行きたい,日本らしい雰囲気のままでいて欲しい。 食べ物も、観光も、お土産も充実していて良かったです。,兼六駐車場,同意する,,,,,,,1982,,,,,,
石川,2026/01/24 15:33:09,石川県,男,1971,,800万円以上 900万円未満,自分ひとり,日帰り,石川県在住です。,石川県内には宿泊しない,石川県内には宿泊しない,,,,,,,,,県外から訪れていない（石川県内在住）,0,0,0,0,0,0,0,,0,0,0,0,4,今回一日フリー券を購入したが、いろんなバスや施設の割引があって、実用的でした。,,,2～5回目,"名所、旧跡の観光, 蓮ノ空スクールアイドルと石川県とのコラボでスタンプラリーで訪問",0,0,0,0,1,0,0,0,0,0,0,0,0,0,0,0,0,0,"新聞・雑誌・ガイドブック, インターネット・アプリ",0,0,0,0,0,0,0,0,0,0,1,0,0,0,0,0,1,0,0,0,0,0,0,0,0,,,,,,使わない,,"1,000円未満",,,,,,,,,,,4,4,,,,,,8,石川県在住,石川県のグルメや、美味しいもの沢山アピールしたほうごよい,石川県政記念しいのき迎賓館,同意する,,石川県歴史博物館、金沢くらし館、金沢観光会館,,,,,1971,,,,,,
石川,2026/01/24 16:21:23,神奈川県,女,1992,,"1,000万円以上 1,200万円未満",中学生以上連れの家族,1泊,石川県外には泊まらない,金沢エリア  （湯涌温泉、深谷温泉、犀川温泉など）,1泊,,,,,,,,,"新幹線, 在来線",0,0,1,1,0,0,0,,0,0,0,0,3,,,,初めて,"地元の美味しいものを食べる, 友人・親戚を訪ねる",0,0,1,0,0,0,0,0,0,0,0,0,0,0,0,0,0,0,インターネット・アプリ,0,0,0,0,0,0,0,0,0,0,1,0,0,0,0,0,0,0,0,0,0,0,0,0,0,,,,,,"10,000円以上 20,000円未満",,"10,000円以上 20,000円未満",,,,,,,,,,,4,4,,,,,,5,また行きたい（1年以内）,特になし 海鮮が美味しい,KKRホテル金沢,同意する,,,,,,,1992,,,,,,
石川,2026/01/24 17:08:08,石川県,女,1990,,"1,500万円以上",小学生以下連れの家族,日帰り,日帰り,石川県内には宿泊しない,石川県内には宿泊しない,,,,,,,,,"県外から訪れていない（石川県内在住）, ",0,0,0,0,0,0,0,,0,0,0,0,,,,,2～5回目,テーマパーク（遊園地、動物園、博物館など）,0,0,0,0,0,1,0,0,0,0,0,0,0,0,0,0,0,0,インターネット・アプリ,0,0,0,0,0,0,0,0,0,0,1,0,0,0,0,0,0,0,0,0,0,0,0,0,0,,,,,,"10,000円以上 20,000円未満",,"1,000円未満",,,,,,,,,,,4,3,,,,,,7,石川県在住,文化体験(子どもと楽しめるもの)が増えると転勤者として嬉しいです,金沢蓄音器館,同意する,,,,,,,1990,,,,,,
石川,2026/01/24 18:47:34,埼玉県,女,1999,,400万円以上 500万円未満,親,2泊,石川県外には泊まらない,金沢エリア  （湯涌温泉、深谷温泉、犀川温泉など）,2泊,,,,,,,,,新幹線,0,0,1,0,0,0,0,,0,0,0,0,5,1日乗車券を使ったので、お得だった。,,,初めて,"地元の美味しいものを食べる, 名所、旧跡の観光, まちあるき、都市散策",0,0,1,0,1,0,0,0,0,0,1,0,0,0,0,0,0,0,Googleマップ,0,1,1,0,0,0,0,0,0,0,0,0,0,0,0,0,0,0,0,0,0,0,0,0,0,,,,,,"20,000円以上 30,000円未満",,使わない,,,,,,,,,,,5,5,係の方が解説してくださり、わかりやすかった。,無料で入ることができ、写真撮影スポットがあり、係の方が親切だった。,,,,8,また行きたい（1年以内）,新鮮な海鮮、歴史的建造物、工芸品 妙立寺のガイドツアー。時間がちょうど良く、内容もおもしろかった。,西茶屋資料館,同意する,,妙立寺,,,,,1999,,,,,,
石川,2026/01/24 20:12:46,東京都,男,2001,,100万円未満,恋人,2泊,石川県外には泊まらない,金沢エリア  （湯涌温泉、深谷温泉、犀川温泉など）,2泊,,,,,,,,,夜間バス,0,0,0,0,0,0,0,,0,0,0,0,5,,,,初めて,"地元の美味しいものを食べる, 名所、旧跡の観光, ハスの空",0,0,1,0,1,0,0,0,0,0,0,0,0,0,0,0,0,0,観光協会等の案内所,0,0,0,0,0,0,0,0,0,0,0,0,0,0,0,0,0,0,0,0,0,1,0,0,0,,,,,,"5,000円以上 10,000円未満",,"1,000円以上 3,000円未満",,,,,,,,,,,5,5,,,,,,10,また行きたい（1年以内）,ハスの空！,金沢中央観光案内所,同意する,,,,,,,2001,,,,,,
石川,2026/01/24 20:38:12,千葉県,女,1987,,500万円以上 600万円未満,親,2泊,福井県,金沢エリア  （湯涌温泉、深谷温泉、犀川温泉など）,1泊,,,,,,,,,"新幹線, 在来線",0,0,1,1,0,0,0,,0,0,0,0,,,,,初めて,"名所、旧跡の観光, 買い物、アウトレット, まちあるき、都市散策",0,0,0,0,1,0,1,0,0,0,1,0,0,0,0,0,0,0,"観光パンフレット・ポスター, 友人・知人",0,0,0,0,0,0,0,0,0,0,0,0,0,0,0,0,0,0,1,0,1,0,0,0,0,,,,,,"20,000円以上 30,000円未満",,"1,000円以上 3,000円未満",,,,,,,,,,,5,4,お守り買うところなど新しいブースもあって入りやすかった,バス停からかなり(雪道のなか)歩いたためちょっと疲れました,,,,8,機会があれば行きたい,バスをどれにのればいいのか迷ったので(すでに色々工夫されてると重思いいましたが)よりわかりやすいといいかも？と思いました 一泊でも色々見れるところを回れるのがいいと思いました,尾山神社,同意する,,,,,,,1987,,,,,,
石川,2026/01/25 0:59:24,愛知県,男,1971,,800万円以上 900万円未満,自分ひとり,3泊,石川県外には泊まらない,金沢エリア  （湯涌温泉、深谷温泉、犀川温泉など）,3泊,,,,,,,,,高速夜行バス,0,0,0,0,0,0,0,,0,0,0,0,4,雪がかなり強く助かりました,,,初めて,"温泉や露天風呂, 地元の美味しいものを食べる, 名所、旧跡の観光",0,1,1,0,1,0,0,0,0,0,0,0,0,0,0,0,0,0,インターネット・アプリ,0,0,0,0,0,0,0,0,0,0,1,0,0,0,0,0,0,0,0,0,0,0,0,0,0,,,,,,"20,000円以上 30,000円未満",,"3,000円以上 5,000円未満",,,,,,,,,,,5,5,美しい公園が雪と調和して趣がある。,立地が便利で安い,,,,10,また行きたい（1年以内）,鮮魚、市場、兼六園、歴史博物館など食事と文化を堪能,金沢カプセルホテル武蔵町,同意する,,,,,,,1971,,,,,,
石川,2026/01/25 11:56:04,福岡県,女,1973,,"900万円以上 1,000万円未満",夫婦2人,2泊,石川県外には泊まらない,金沢エリア  （湯涌温泉、深谷温泉、犀川温泉など）,2泊,,,,,,,,,飛行機,0,0,0,0,1,0,0,,0,0,0,0,4,,,,初めて,"地元の美味しいものを食べる, 名所、旧跡の観光",0,0,1,0,1,0,0,0,0,0,0,0,0,0,0,0,0,0,"観光パンフレット・ポスター, 観光協会等の案内所",0,0,0,0,0,0,0,0,0,0,0,0,0,0,0,0,0,0,0,0,1,1,0,0,0,,,,,,"5,000円以上 10,000円未満",,使わない,,,,,,,,,,,4,4,,,,,,8,機会があれば行きたい,海鮮、おでん 街並みや食事,金沢中央観光案内所,同意する,,武家屋敷,,,,,1973,,,,,,
石川,2026/01/25 12:20:22,石川県,女,1972,,300万円以上 400万円未満,小学生以下連れの家族,日帰り,石川県外には泊まらない,白山エリア （一里野温泉、白峰温泉、白山市など）,石川県内には宿泊しない,,,,,,,,,在来線,0,0,0,1,0,0,0,,0,0,0,0,4,,,,11回目以上,地元の美味しいものを食べる,0,0,1,0,0,0,0,0,0,0,0,0,0,0,0,0,0,0,"観光パンフレット・ポスター, 観光協会等の案内所",0,0,0,0,0,0,0,0,0,0,0,0,0,0,0,0,0,0,0,0,1,1,0,0,0,,,,,,"10,000円以上 20,000円未満",,"1,000円未満",,,,,,,,,,,4,4,,,,,,7,また行きたい（1年以内）,金沢らしい和菓子,金沢駅,同意する,,,,,,,1972,,,,,,
石川,2026/01/25 13:37:33,茨城県,男,1972,,"900万円以上 1,000万円未満",友人,2泊,京都,加賀エリア （山代温泉、山中温泉、片山津温泉、粟津温泉、辰口温泉、加賀市、小松市など）,1泊,,,,,,,,,"自家用車, 新幹線",1,0,1,0,0,0,0,,0,0,0,0,,積雪の中、安心して停められてよかった,,,2～5回目,"温泉や露天風呂, 地元の美味しいものを食べる, 名所、旧跡の観光",0,1,1,0,1,0,0,0,0,0,0,0,0,0,0,0,0,0,"友人・知人, AI",0,0,0,0,0,0,0,0,0,0,0,0,0,0,0,0,0,0,1,0,0,0,0,0,0,,,,,,"10,000円以上 20,000円未満",,"3,000円以上 5,000円未満",,,,,,,,,,,5,5,品がありおもてなしがグッド,満足,,,,7,機会があれば行きたい,金沢おでん、金箔ソフト、イカ団子、海鮮 日本らしいし品の高い観光,兼六駐車場,同意する,,,,,,,1972,,,,,,
石川,2026/01/25 16:32:30,千葉県,女,1999,,300万円以上 400万円未満,親,2泊,石川県外には泊まらない,金沢エリア  （湯涌温泉、深谷温泉、犀川温泉など）,2泊,,,,,,,,,レンタカー,0,1,0,0,0,0,0,,0,0,0,0,,,,,初めて,友人・親戚を訪ねる,0,0,0,0,0,0,0,0,0,0,0,0,0,0,0,0,0,0,"インターネット・アプリ, 友人・知人",0,0,0,0,0,0,0,0,0,0,1,0,0,0,0,0,0,0,1,0,0,0,0,0,0,,,,,,"5,000円以上 10,000円未満",,"5,000円以上 10,000円未満",,,,,,,,,,,4,3,,,,,,4,また行きたい（1年以内）,かにをお手軽な値段で食べることができたらいいなと思います,金沢国際ホテル,同意する,,,,,,,1999,,,,,,
石川,2026/01/25 19:46:37,石川県,女,1983,,800万円以上 900万円未満,自分ひとり,1泊,石川県外には泊まらない,金沢エリア  （湯涌温泉、深谷温泉、犀川温泉など）,1泊,,,,,,,,,県外から訪れていない（石川県内在住）,0,0,0,0,0,0,0,,0,0,0,0,4,,,,2～5回目,出張など仕事関係,0,0,0,0,0,0,0,0,0,0,0,0,0,0,0,0,1,0,インターネット・アプリ,0,0,0,0,0,0,0,0,0,0,1,0,0,0,0,0,0,0,0,0,0,0,0,0,0,,,,,,"3,000円以上 5,000円未満",,"1,000円以上 3,000円未満",,,,,,,,,,,5,4,,,,,,10,また行きたい（1年以内）,去年とは違う目新しさ,KOKOHOTEL Premier 金沢香林坊,同意する,,大和香林坊店,,,,,1983,,,,,,
石川,2026/01/25 22:54:49,東京都,女,2002,,700万円以上 800万円未満,友人,2泊,岐阜県,金沢エリア  （湯涌温泉、深谷温泉、犀川温泉など）,1泊,,,,,,,,,新幹線,0,0,1,0,0,0,0,,0,0,0,0,5,,,,初めて,"宿でのんびり過ごす, 温泉や露天風呂, 地元の美味しいものを食べる, 花見や紅葉などの自然鑑賞, 名所、旧跡の観光, まちあるき、都市散策",1,1,1,1,1,0,0,0,0,0,1,0,0,0,0,0,0,0,"インターネット・アプリ, 友人・知人",0,0,0,0,0,0,0,0,0,0,1,0,0,0,0,0,0,0,1,0,0,0,0,0,0,,,,,,"10,000円以上 20,000円未満",,"5,000円以上 10,000円未満",,,,,,,,,,,5,5,,,,,,10,機会があれば行きたい,新鮮な食べもの,ひがし茶屋休憩館,同意する,,,,金沢駅,,,2002,,,,,,
石川,2026/01/25 23:20:37,東京都,女,1996,,700万円以上 800万円未満,親,3泊,石川県外には泊まらない,金沢エリア  （湯涌温泉、深谷温泉、犀川温泉など）,3泊,,,,,,,,,飛行機,0,0,0,0,1,0,0,,0,0,0,0,,,,,初めて,"地元の美味しいものを食べる, 名所、旧跡の観光, 白川郷ライトアップ訪問",0,0,1,0,1,0,0,0,0,0,0,0,0,0,0,0,0,0,"TV・ラジオ番組やCM, 観光連盟やDMOのHP, インターネット・アプリ",0,0,0,0,0,0,0,0,0,0,1,0,0,0,1,0,0,0,0,0,0,0,0,1,0,,,,,,"30,000円以上 40,000円未満",,"30,000円以上 40,000円未満",,,,,,,,,,,5,4,,,,,,8,機会があれば行きたい,特になし,ダイワロイネットホテル金沢MIYABI,同意する,,白川郷,,,,,1996,,,,,,
石川,2026/01/26 0:04:31,宮崎県,男,1963,,600万円以上 700万円未満,中学生以上連れの家族,3泊,石川県外には泊まらない,金沢エリア  （湯涌温泉、深谷温泉、犀川温泉など）,3泊,,,,,,,,,飛行機,0,0,0,0,1,0,0,,0,0,0,0,,,,,初めて,名所、旧跡の観光,0,0,0,0,1,0,0,0,0,0,0,0,0,0,0,0,0,0,インターネット・アプリ,0,0,0,0,0,0,0,0,0,0,1,0,0,0,0,0,0,0,0,0,0,0,0,0,0,,,,,,"40,000円以上 50,000円未満",,"5,000円以上 10,000円未満",,,,,,,,,,,5,5,,,,,,10,機会があれば行きたい,特になし,ダイワロイネットホテル金沢MIYABI,同意する,,白川郷,,,,,1963,,,,,,
石川,2026/01/26 8:34:28,神奈川県,女,1971,,400万円以上 500万円未満,友人,1泊,石川県外には泊まらない,金沢エリア  （湯涌温泉、深谷温泉、犀川温泉など）,1泊,,,,,,,,,新幹線,0,0,1,0,0,0,0,,0,0,0,0,,,,,初めて,地元の美味しいものを食べる,0,0,1,0,0,0,0,0,0,0,0,0,0,0,0,0,0,0,インターネット・アプリ,0,0,0,0,0,0,0,0,0,0,1,0,0,0,0,0,0,0,0,0,0,0,0,0,0,,,,,,"20,000円以上 30,000円未満",,"5,000円以上 10,000円未満",,,,,,,,,,,4,4,,,,,,7,機会があれば行きたい,今回は雪で無理でしたが､駅周辺をのんびり歩いてまわることもできそうなくらい観光地がコンパクトにまとまっているように感じました。,ガーデンホテル金沢,同意する,,,,,,,1971,,,,,,
石川,2026/01/26 8:34:40,神奈川県,女,1970,,"1,200万円以上 1,500万円未満",友人,1泊,石川県外には泊まらない,金沢エリア  （湯涌温泉、深谷温泉、犀川温泉など）,1泊,,,,,,,,,新幹線,0,0,1,0,0,0,0,,0,0,0,0,,,,,初めて,"地元の美味しいものを食べる, 名所、旧跡の観光, まちあるき、都市散策",0,0,1,0,1,0,0,0,0,0,1,0,0,0,0,0,0,0,"インターネット・アプリ, 友人・知人",0,0,0,0,0,0,0,0,0,0,1,0,0,0,0,0,0,0,1,0,0,0,0,0,0,,,,,,"5,000円以上 10,000円未満",,使わない,,,,,,,,,,,5,5,丁寧な対応　朝食が美味しい,部屋が綺麗　マイナス要素がない,,,,9,また行きたい（1年以内）,楽しめる場所がたくさんある 海鮮や能登牛など食べ物が多い移動しやすく、短時間でも様々なところに行ける,ガーデンホテル金沢,同意する,,,,,,,1970,,,,,,
石川,2026/01/26 8:36:57,神奈川県,女,1970,,"900万円以上 1,000万円未満",友人,1泊,石川県外には泊まらない,金沢エリア  （湯涌温泉、深谷温泉、犀川温泉など）,1泊,,,,,,,,,新幹線,0,0,1,0,0,0,0,,0,0,0,0,,,,,初めて,"地元の美味しいものを食べる, 名所、旧跡の観光, 買い物、アウトレット",0,0,1,0,1,0,1,0,0,0,0,0,0,0,0,0,0,0,インターネット・アプリ,0,0,0,0,0,0,0,0,0,0,1,0,0,0,0,0,0,0,0,0,0,0,0,0,0,,,,,,"20,000円以上 30,000円未満",,使わない,,,,,,,,,,,5,5,朝食の充実,ベッドが大きく快適に過ごせた,,,,10,また行きたい（1年以内）,美味しい海鮮目的で来たので、今のままで満足 路線バスの本数が多く、1日フリーパスもあるので移動しやすい,ガーデンホテル金沢,同意する,,,,,,,1970,,,,,,
石川,2026/01/26 9:02:24,東京都,女,1977,,"1,500万円以上",小学生以下連れの家族,2泊,石川県外には泊まらない,金沢エリア  （湯涌温泉、深谷温泉、犀川温泉など）,2泊,,,,,,,,,新幹線,0,0,1,0,0,0,0,,0,0,0,0,2,バスによって使用できる決済手段が異なるため、とてもわかりにくいです。,,,2～5回目,"名所、旧跡の観光, まちあるき、都市散策",0,0,0,0,1,0,0,0,0,0,1,0,0,0,0,0,0,0,"新聞・雑誌・ガイドブック, インターネット・アプリ, 友人・知人",0,0,0,0,0,0,0,0,0,0,1,0,0,0,0,0,1,0,1,0,0,0,0,0,0,,,,,,"20,000円以上 30,000円未満",,"1,000円以上 3,000円未満",,,,,,,,,,,4,5,建物の構造を模型化した物に子供がら興味を示した際の施設の方のご説明がとてもわかりやすく、子供がもう一度行こうとしたくらい気に入ったため。,同上,,,,9,また行きたい（1年以内）,子供と手軽に食べられる加賀料理のお店があると良いと思う。 金沢は旧跡と近代の文化が同時に見られる都市としてとても良い,金沢城公園,同意する,,,,,,,1977,,,,,,
石川,2026/01/26 9:24:00,石川県,男,1976,,"1,000万円以上 1,200万円未満",自分ひとり,日帰り,石川県外には泊まらない,石川県内には宿泊しない,石川県内には宿泊しない,,,,,,,,,在来線,0,0,0,1,0,0,0,,0,0,0,0,3,普通,,,初めて,出張など仕事関係,0,0,0,0,0,0,0,0,0,0,0,0,0,0,0,0,1,0,観光パンフレット・ポスター,0,0,0,0,0,0,0,0,0,0,0,0,0,0,0,0,0,0,0,0,1,0,0,0,0,,,,,,使わない,,"5,000円以上 10,000円未満",,,,,,,,,,,4,5,料理が美味しい,施設が清潔,,,,8,機会があれば行きたい,とくになし,ホテル金沢,同意する,,最初,,最後,,,1976,,,,,,
石川,2026/01/26 10:13:49,奈良県,男,1974,,"1,000万円以上 1,200万円未満",職場の同僚,1泊,富山県,石川県内には宿泊しない,石川県内には宿泊しない,,,,,,,,,"新幹線, 在来線",0,0,1,1,0,0,0,,0,0,0,0,,,,,2～5回目,出張など仕事関係,0,0,0,0,0,0,0,0,0,0,0,0,0,0,0,0,1,0,インターネット・アプリ,0,0,0,0,0,0,0,0,0,0,1,0,0,0,0,0,0,0,0,0,0,0,0,0,0,,,,,,使わない,,"1,000円以上 3,000円未満",,,,,,,,,,,4,5,観光案内が充実,導線がわかりやすい,,,,8,機会があれば行きたい,和菓子 雪の景色,金沢駅,同意する,,,,,,,1974,,,,,,
石川,2026/01/26 10:58:23,石川県,女,1983,,200万円以上 300万円未満,自分ひとり,1泊,石川県外には泊まらない,金沢エリア  （湯涌温泉、深谷温泉、犀川温泉など）,1泊,,,,,,,,,県外から訪れていない（石川県内在住）,0,0,0,0,0,0,0,,0,0,0,0,,,,,2～5回目,宿でのんびり過ごす,1,0,0,0,0,0,0,0,0,0,0,0,0,0,0,0,0,0,インターネット・アプリ,0,0,0,0,0,0,0,0,0,0,1,0,0,0,0,0,0,0,0,0,0,0,0,0,0,,,,,,"3,000円以上 5,000円未満",,"1,000円以上 3,000円未満",,,,,,,,,,,4,4,特に問題が無かったから,特に問題が無かったから,,,,6,石川県在住,食べ物大抵美味しい 飲食,ガーデンホテル金沢,同意する,,武家屋敷,,,,,1983,,,,,,
石川,2026/01/26 13:15:34,千葉県,女,2000,,200万円以上 300万円未満,恋人,1泊,石川県外には泊まらない,金沢エリア  （湯涌温泉、深谷温泉、犀川温泉など）,1泊,,,,,,,,,新幹線,0,0,1,0,0,0,0,,0,0,0,0,,,,,初めて,"温泉や露天風呂, 地元の美味しいものを食べる, まちあるき、都市散策",0,1,1,0,0,0,0,0,0,0,1,0,0,0,0,0,0,0,インターネット・アプリ,0,0,0,0,0,0,0,0,0,0,1,0,0,0,0,0,0,0,0,0,0,0,0,0,0,,,,,,"5,000円以上 10,000円未満",,"1,000円未満",,,,,,,,,,,5,5,LPの体験をスタッフの方に教えていただきながらできてありがたかったから。,様々な蓄音機やその歴史に触れられて大変興味深かったから。,,,,9,機会があれば行きたい,特になし 金沢駅周辺で食や観光を楽しむことができ、満足度が高かったから。,金沢蓄音器館,同意する,,,,,,,2000,,,,,,
石川,2026/01/26 17:02:52,東京都,男,1997,,600万円以上 700万円未満,恋人,1泊,石川県外には泊まらない,加賀エリア （山代温泉、山中温泉、片山津温泉、粟津温泉、辰口温泉、加賀市、小松市など）,1泊,,,,,,,,,新幹線,0,0,1,0,0,0,0,,0,0,0,0,5,,,,6～10回目,"宿でのんびり過ごす, 温泉や露天風呂, 地元の美味しいものを食べる, 名所、旧跡の観光, まちあるき、都市散策",1,1,1,0,1,0,0,0,0,0,1,0,0,0,0,0,0,0,友人・知人,0,0,0,0,0,0,0,0,0,0,0,0,0,0,0,0,0,0,1,0,0,0,0,0,0,,,,,,"20,000円以上 30,000円未満",,"1,000円以上 3,000円未満",,,,,,,,,,,5,5,,,,,,9,また行きたい（1年以内）,海産品,石川県観光物産館,同意する,,,,,,,1997,,,,,,
石川,2026/01/26 17:04:46,東京都,男,1998,,"1,200万円以上 1,500万円未満",恋人,1泊,石川県外には泊まらない,金沢エリア  （湯涌温泉、深谷温泉、犀川温泉など）,1泊,,,,,,,,,新幹線,0,0,1,0,0,0,0,,0,0,0,0,3,,,,初めて,"地元の美味しいものを食べる, まちあるき、都市散策",0,0,1,0,0,0,0,0,0,0,1,0,0,0,0,0,0,0,友人・知人,0,0,0,0,0,0,0,0,0,0,0,0,0,0,0,0,0,0,1,0,0,0,0,0,0,,,,,,"10,000円以上 20,000円未満",,"1,000円以上 3,000円未満",,,,,,,,,,,4,4,,,,,,7,機会があれば行きたい,特になし。満足。,石川県立歴史博物館,同意する,,,,,,,1998,,,,,,
石川,2026/01/26 17:05:06,東京都,女,1996,,500万円以上 600万円未満,恋人,1泊,石川県外には泊まらない,金沢エリア  （湯涌温泉、深谷温泉、犀川温泉など）,1泊,,,,,,,,,"新幹線, 在来線",0,0,1,1,0,0,0,,0,0,0,0,5,丁寧に入り口の目の前までご案内いただけた、会話もたのしかった,,,2～5回目,"地元の美味しいものを食べる, 名所、旧跡の観光, まちあるき、都市散策",0,0,1,0,1,0,0,0,0,0,1,0,0,0,0,0,0,0,"インターネット・アプリ, X(旧：Twitter), Instagram, 友人・知人, タクシードライバーや地元の人",0,0,0,1,0,1,0,0,0,0,1,0,0,0,0,0,0,0,1,1,0,0,0,0,0,,,,,,"5,000円以上 10,000円未満",,"1,000円以上 3,000円未満",,,,,,,,,,,5,5,施設の方が親切だった,,,,,10,機会があれば行きたい,酒蔵巡りツアー,石川県立歴史博物館,同意する,,,,,,,1996,,,,,,
石川,2026/01/26 17:36:55,富山県,男,1958,,"1,500万円以上",自分ひとり,1泊,福井県,金沢エリア  （湯涌温泉、深谷温泉、犀川温泉など）,4泊以上,,,,,,,,,"自家用車, 在来線",1,0,0,1,0,0,0,,0,0,0,0,4,富山からの利便性が良い。,,,11回目以上,出張など仕事関係,0,0,0,0,0,0,0,0,0,0,0,0,0,0,0,0,1,0,インターネット・アプリ,0,0,0,0,0,0,0,0,0,0,1,0,0,0,0,0,0,0,0,0,0,0,0,0,0,,,,,,"5,000円以上 10,000円未満",,"1,000円以上 3,000円未満",,,,,,,,,,,4,4,飲食店が多い,美味しいものが多い,,,,8,また行きたい（1年以内）,飲食店、歴史的建造物,ガーデンホテル金沢,同意する,,金沢駅百番街,,,,,1958,,,,,,
石川,2026/01/27 12:34:38,愛知県,無回答,1965,,500万円以上 600万円未満,自分ひとり,1泊,石川県外には泊まらない,金沢エリア  （湯涌温泉、深谷温泉、犀川温泉など）,1泊,,,,,,,,,バス,0,0,0,0,0,0,0,,0,0,0,0,,,,,2～5回目,"スポーツ観戦や芸術鑑賞（コンサート等）, 友人・親戚を訪ねる",0,0,0,0,0,0,0,0,0,0,0,0,0,0,0,0,0,0,"インターネット・アプリ, Instagram, 友人・知人",0,0,0,1,0,0,0,0,0,0,1,0,0,0,0,0,0,0,1,0,0,0,0,0,0,,,,,,"5,000円以上 10,000円未満",,"5,000円以上 10,000円未満",,,,,,,,,,,4,3,なんとなく,混んでいて休める場所がない,,,,6,また行きたい（1年以内）,特になし なんとなく,金沢駅,同意する,,,,帰宅前,,,1965,,,,,,
石川,2026/01/27 15:23:10,東京都,男,1966,,"900万円以上 1,000万円未満",自分ひとり,3泊,石川県外には泊まらない,金沢エリア  （湯涌温泉、深谷温泉、犀川温泉など）,4泊以上,,,,,,,,,新幹線,0,0,1,0,0,0,0,,0,0,0,0,,,,,11回目以上,出張など仕事関係,0,0,0,0,0,0,0,0,0,0,0,0,0,0,0,0,1,0,"友人・知人, タクシードライバーや地元の人",0,0,0,0,0,0,0,0,0,0,0,0,0,0,0,0,0,0,1,1,0,0,0,0,0,,,,,,使わない,,"5,000円以上 10,000円未満",,,,,,,,,,,5,5,感じがよいから,駅に近く濡れずに来れるから,,,,9,また行きたい（1年以内）,特になし,ホテル金沢,同意する,,,,金沢駅付近の居酒屋,,,1966,,,,,,
石川,2026/01/27 18:31:06,富山県,女,1978,,700万円以上 800万円未満,自分ひとり,2泊,石川県外には泊まらない,金沢エリア  （湯涌温泉、深谷温泉、犀川温泉など）,2泊,,,,,,,,,自家用車,1,0,0,0,0,0,0,,0,0,0,0,3,,,,11回目以上,出張など仕事関係,0,0,0,0,0,0,0,0,0,0,0,0,0,0,0,0,1,0,友人・知人,0,0,0,0,0,0,0,0,0,0,0,0,0,0,0,0,0,0,1,0,0,0,0,0,0,,,,,,"5,000円以上 10,000円未満",,"1,000円以上 3,000円未満",,,,,,,,,,,4,4,,,,,,6,また行きたい（1年以内）,TABETEアプリを使っているが、石川県や金沢で使える店が少ない。,KOKOHOTEL Premier 金沢香林坊,同意する,,金沢エムザ,,金沢駅,,,1978,,,,,,
石川,2026/01/27 18:34:47,富山県,女,1978,,700万円以上 800万円未満,自分ひとり,1泊,石川県外には泊まらない,金沢エリア  （湯涌温泉、深谷温泉、犀川温泉など）,1泊,,,,,,,,,自家用車,1,0,0,0,0,0,0,,0,0,0,0,3,,,,11回目以上,"宿でのんびり過ごす, 地元の美味しいものを食べる",1,0,1,0,0,0,0,0,0,0,0,0,0,0,0,0,0,0,"新聞・雑誌・ガイドブック, 友人・知人, タクシードライバーや地元の人",0,0,0,0,0,0,0,0,0,0,0,0,0,0,0,0,1,0,1,1,0,0,0,0,0,,,,,,"1,000円以上 3,000円未満",,"1,000円以上 3,000円未満",,,,,,,,,,,4,4,,,,,,7,また行きたい（1年以内）,特になし,ホテルリソルトリニティ金沢,同意する,,金沢エムザ,,金沢駅,,,1978,,,,,,
石川,2026/01/27 21:45:55,東京都,男,1995,,500万円以上 600万円未満,恋人,3泊,石川県外には泊まらない,金沢エリア  （湯涌温泉、深谷温泉、犀川温泉など）,3泊,,,,,,,,,新幹線,0,0,1,0,0,0,0,,0,0,0,0,5,金沢全体がとても交通インフラが整っていて快適に行きたいところに行ける,,,初めて,"地元の美味しいものを食べる, 名所、旧跡の観光, まちあるき、都市散策",0,0,1,0,1,0,0,0,0,0,1,0,0,0,0,0,0,0,インターネット・アプリ,0,0,0,0,0,0,0,0,0,0,1,0,0,0,0,0,0,0,0,0,0,0,0,0,0,,,,,,"40,000円以上 50,000円未満",,"30,000円以上 40,000円未満",,,,,,,,,,,5,4,駅からとても近くて便利です,温泉施設があれば尚良し,,,,10,また行きたい（1年以内）,特になし 交通インフラが整っている美味しいものが沢山ある,ガーデンホテル金沢,同意する,,,,,,,1995,,,,,,
石川,2026/01/27 21:51:47,神奈川県,女,1996,,500万円以上 600万円未満,恋人,3泊,石川県外には泊まらない,金沢エリア  （湯涌温泉、深谷温泉、犀川温泉など）,3泊,,,,,,,,,新幹線,0,0,1,0,0,0,0,,0,0,0,0,,,,,初めて,"地元の美味しいものを食べる, 名所、旧跡の観光, まちあるき、都市散策",0,0,1,0,1,0,0,0,0,0,1,0,0,0,0,0,0,0,インターネット・アプリ,0,0,0,0,0,0,0,0,0,0,1,0,0,0,0,0,0,0,0,0,0,0,0,0,0,,,,,,"10,000円以上 20,000円未満",,"1,000円以上 3,000円未満",,,,,,,,,,,4,5,店員さんが丁寧に話しかけてくれたため。,お土産を買えたため。,,,,10,機会があれば行きたい,スタンプラリーや、観光しながら謎解きクイズ、観光専用のアプリなど。 ゆっくりできる。バスでどこでも行ける。,ガーデンホテル金沢,同意する,,,,,,,1996,,,,,,
石川,2026/01/27 22:44:51,群馬県,男,1993,,300万円以上 400万円未満,友人,1泊,石川県外には泊まらない,金沢エリア  （湯涌温泉、深谷温泉、犀川温泉など）,1泊,,,,,,,,,新幹線,0,0,1,0,0,0,0,,0,0,0,0,4,,,,2～5回目,"地元の美味しいものを食べる, 花見や紅葉などの自然鑑賞, 名所、旧跡の観光, お祭りやイベントへの参加・見物, まちあるき、都市散策",0,0,1,1,1,0,0,1,0,0,1,0,0,0,0,0,0,0,インターネット・アプリ,0,0,0,0,0,0,0,0,0,0,1,0,0,0,0,0,0,0,0,0,0,0,0,0,0,,,,,,"5,000円以上 10,000円未満",,使わない,,,,,,,,,,,5,5,,,,,,7,また行きたい（1年以内）,謎解き街歩き,ガーデンホテル金沢,同意する,,,,,,,1993,,,,,,
石川,2026/01/28 7:37:14,千葉県,男,1979,,400万円以上 500万円未満,夫婦2人,1泊,富山県,金沢エリア  （湯涌温泉、深谷温泉、犀川温泉など）,1泊,,,,,,,,,レンタカー,0,1,0,0,0,0,0,,0,0,0,0,5,,,,6～10回目,"温泉や露天風呂, 名所、旧跡の観光",0,1,0,0,1,0,0,0,0,0,0,0,0,0,0,0,0,0,観光パンフレット・ポスター,0,0,0,0,0,0,0,0,0,0,0,0,0,0,0,0,0,0,0,0,1,0,0,0,0,,,,,,"20,000円以上 30,000円未満",,"10,000円以上 20,000円未満",,,,,,,,,,,4,4,,,,,,9,機会があれば行きたい,パラグライダー,KOKOHOTEL Premier 金沢香林坊,同意する,,,,,,,1979,,,,,,
石川,2026/01/28 9:08:23,東京都,女,1954,,200万円以上 300万円未満,兄,4泊以上,石川県外には泊まらない,金沢エリア  （湯涌温泉、深谷温泉、犀川温泉など）,4泊以上,,,,,,,,,新幹線,0,0,1,0,0,0,0,,0,0,0,0,,,,,11回目以上,地元の美味しいものを食べる,0,0,1,0,0,0,0,0,0,0,0,0,0,0,0,0,0,0,インターネット・アプリ,0,0,0,0,0,0,0,0,0,0,1,0,0,0,0,0,0,0,0,0,0,0,0,0,0,,,,,,"10,000円以上 20,000円未満",,"50,000円以上 100,000円未満",,,,,,,,,,,4,4,料理がおいしい。,場所がよい。,,,,9,また行きたい（1年以内）,香箱蟹が特によい。 味覚がよい為、おいしいものが合う人ならよい。,ガーデンホテル金沢,同意する,,,,,,,1954,,,,,,
石川,2026/01/28 10:07:47,神奈川県,女,1986,,600万円以上 700万円未満,小学生以下連れの家族,2泊,石川県外には泊まらない,金沢エリア  （湯涌温泉、深谷温泉、犀川温泉など）,2泊,,,,,,,,,新幹線,0,0,1,0,0,0,0,,0,0,0,0,4,新幹線の本数が少ないと感じた,,,初めて,"地元の美味しいものを食べる, 名所、旧跡の観光",0,0,1,0,1,0,0,0,0,0,0,0,0,0,0,0,0,0,インターネット・アプリ,0,0,0,0,0,0,0,0,0,0,1,0,0,0,0,0,0,0,0,0,0,0,0,0,0,,,,,,"30,000円以上 40,000円未満",,使わない,,,,,,,,,,,5,5,城のことを知ることができた,綺麗で無料,,,,9,機会があれば行きたい,歴史スポット、観光施設,金沢城公園,同意する,,,,,,,1986,,,,,,
石川,2026/01/28 11:46:19,富山県,女,1978,,600万円以上 700万円未満,自分ひとり,3泊,石川県外には泊まらない,金沢エリア  （湯涌温泉、深谷温泉、犀川温泉など）,3泊,,,,,,,,,自家用車,1,0,0,0,0,0,0,,0,0,0,0,3,,,,11回目以上,宿でのんびり過ごす,1,0,0,0,0,0,0,0,0,0,0,0,0,0,0,0,0,0,友人・知人,0,0,0,0,0,0,0,0,0,0,0,0,0,0,0,0,0,0,1,0,0,0,0,0,0,,,,,,"10,000円以上 20,000円未満",,"1,000円以上 3,000円未満",,,,,,,,,,,4,3,,,,,,6,また行きたい（1年以内）,特になし,KOKOHOTEL Premier 金沢香林坊,同意する,,金沢エムザ,,金沢駅,,,1978,,,,,,
石川,2026/01/28 14:15:40,東京都,女,1951,,100万円未満,友人,3泊,石川県外には泊まらない,加賀エリア （山代温泉、山中温泉、片山津温泉、粟津温泉、辰口温泉、加賀市、小松市など）,3泊,,,,,,,,,新幹線,0,0,1,0,0,0,0,,0,0,0,0,4,便利性,,,初めて,"温泉や露天風呂, 地元の美味しいものを食べる",0,1,1,0,0,0,0,0,0,0,0,0,0,0,0,0,0,0,"新聞・雑誌・ガイドブック, 観光パンフレット・ポスター, インターネット・アプリ",0,0,0,0,0,0,0,0,0,0,1,0,0,0,0,0,1,0,0,0,1,0,0,0,0,,,,,,"50,000円以上 100,000円未満",,"1,000円以上 3,000円未満",,,,,,,,,,,4,4,施設内　ゆっくり出来る,,,,,10,また行きたい（1年以内）,鮮魚　菓子 美術館品　庭園,石川県立美術館,同意する,,,,,,,1951,,,,,,
石川,2026/01/28 14:27:58,東京都,女,1949,,100万円以上 200万円未満,夫婦2人,2泊,石川県外には泊まらない,金沢エリア  （湯涌温泉、深谷温泉、犀川温泉など）,2泊,,,,,,,,,新幹線,0,0,1,0,0,0,0,,0,0,0,0,,,,,2～5回目,地元の美味しいものを食べる,0,0,1,0,0,0,0,0,0,0,0,0,0,0,0,0,0,0,インターネット・アプリ,0,0,0,0,0,0,0,0,0,0,1,0,0,0,0,0,0,0,0,0,0,0,0,0,0,,,,,,"30,000円以上 40,000円未満",,"1,000円未満",,,,,,,,,,,4,4,施設、待遇とも良かった,環境がいい,,,,7,機会があれば行きたい,特に無し 県立歴史博物館,石川県立歴史博物館,同意する,,,,武家屋敷,,,1949,,,,,,
石川,2026/01/28 14:50:14,徳島県,男,1975,,"1,000万円以上 1,200万円未満",職場の同僚,3泊,石川県外には泊まらない,金沢エリア  （湯涌温泉、深谷温泉、犀川温泉など）,3泊,,,,,,,,,船,0,0,0,0,0,0,0,,0,0,0,0,3,Suicaが使えないバス,,,6～10回目,出張など仕事関係,0,0,0,0,0,0,0,0,0,0,0,0,0,0,0,0,1,0,友人・知人,0,0,0,0,0,0,0,0,0,0,0,0,0,0,0,0,0,0,1,0,0,0,0,0,0,,,,,,使わない,,"3,000円以上 5,000円未満",,,,,,,,,,,4,3,値段がお高い,お高い,,,,2,また行きたい（1年以内）,寿司がお高い 金沢駅,金沢城公園,同意する,,,,,,,1975,,,,,,
石川,2026/01/28 20:17:07,埼玉県,男,1973,,500万円以上 600万円未満,夫婦2人,3泊,石川県外には泊まらない,金沢エリア  （湯涌温泉、深谷温泉、犀川温泉など）,3泊,,,,,,,,,会社の車,0,0,0,0,0,0,0,,0,0,0,0,,,,,11回目以上,"地元の美味しいものを食べる, 出張など仕事関係",0,0,1,0,0,0,0,0,0,0,0,0,0,0,0,0,1,0,インターネット・アプリ,0,0,0,0,0,0,0,0,0,0,1,0,0,0,0,0,0,0,0,0,0,0,0,0,0,,,,,,"5,000円以上 10,000円未満",,使わない,,,,,,,,,,,4,3,,,,,,5,また行きたい（1年以内）,温泉,金沢東急ホテル,同意する,,,,,,,1973,,,,,,
石川,2026/01/29 10:50:46,神奈川県,男,1940,,400万円以上 500万円未満,夫婦2人,4泊以上,石川県外には泊まらない,金沢エリア  （湯涌温泉、深谷温泉、犀川温泉など）,4泊以上,,,,,,,,,旅行会社ツアーバス,0,0,0,0,0,1,0,,0,0,0,0,,,,,6～10回目,"地元の美味しいものを食べる, 名所、旧跡の観光, テーマパーク（遊園地、動物園、博物館など）, まちあるき、都市散策",0,0,1,0,1,1,0,0,0,0,1,0,0,0,0,0,0,0,"新聞・雑誌・ガイドブック, 観光パンフレット・ポスター, インターネット・アプリ",0,0,0,0,0,0,0,0,0,0,1,0,0,0,0,0,1,0,0,0,1,0,0,0,0,,,,,,"50,000円以上 100,000円未満",,"40,000円以上 50,000円未満",,,,,,,,,,,5,5,安い,綺麗,,,,10,また行きたい（1年以内）,季節毎にどれも素晴らしい 雪景色,スーパーホテルPremier金沢駅東口,同意する,,,,,,,1940,,,,,,
石川,2026/01/29 11:44:52,東京都,男,1959,,600万円以上 700万円未満,夫婦2人,1泊,石川県外には泊まらない,金沢エリア  （湯涌温泉、深谷温泉、犀川温泉など）,1泊,,,,,,,,,新幹線,0,0,1,0,0,0,0,,0,0,0,0,4,安くて便数も多く便利でしたがで交通系ICカードが使えるともっと便利だと思います。,,,初めて,"地元の美味しいものを食べる, 名所、旧跡の観光, 買い物、アウトレット, まちあるき、都市散策",0,0,1,0,1,0,1,0,0,0,1,0,0,0,0,0,0,0,"新聞・雑誌・ガイドブック, インターネット・アプリ",0,0,0,0,0,0,0,0,0,0,1,0,0,0,0,0,1,0,0,0,0,0,0,0,0,,,,,,"30,000円以上 40,000円未満",,"20,000円以上 30,000円未満",,,,,,,,,,,5,5,眺めの良い部屋で、従業員の方々も丁寧でしんせつでした。,アクセス、眺望、接客全て満足です。,,,,10,また行きたい（1年以内）,美味しい魚介類、歴史を味わえる学びのある日帰りツアー 加賀百万石の歴史を味わえる数々の建築物と文化,金沢東急ホテル,同意する,,,,,,,1959,,,,,,
石川,2026/01/29 14:05:31,千葉県,女,1966,,400万円以上 500万円未満,友人,1泊,石川県外には泊まらない,加賀エリア （山代温泉、山中温泉、片山津温泉、粟津温泉、辰口温泉、加賀市、小松市など）,1泊,,,,,,,,,新幹線,0,0,1,0,0,0,0,,0,0,0,0,2,バスの運転手さんがスゴく不親切でした。1人だけでしたが,,,2～5回目,"温泉や露天風呂, 地元の美味しいものを食べる",0,1,1,0,0,0,0,0,0,0,0,0,0,0,0,0,0,0,インターネット・アプリ,0,0,0,0,0,0,0,0,0,0,1,0,0,0,0,0,0,0,0,0,0,0,0,0,0,,,,,,"10,000円以上 20,000円未満",,"1,000円以上 3,000円未満",,,,,,,,,,,4,4,,,,,,8,また行きたい（1年以内）,温泉,金沢駅,同意する,,,,,,,1966,,,,,,
石川,2026/01/29 14:23:04,愛知県,女,1969,,500万円以上 600万円未満,自分ひとり,4泊以上,石川県外には泊まらない,加賀エリア （山代温泉、山中温泉、片山津温泉、粟津温泉、辰口温泉、加賀市、小松市など）,4泊以上,,,,,,,,,"新幹線, 在来線",0,0,1,1,0,0,0,,0,0,0,0,5,便利,,,2～5回目,友人・親戚を訪ねる,0,0,0,0,0,0,0,0,0,0,0,0,0,0,0,0,0,0,インターネット・アプリ,0,0,0,0,0,0,0,0,0,0,1,0,0,0,0,0,0,0,0,0,0,0,0,0,0,,,,,,"5,000円以上 10,000円未満",,"5,000円以上 10,000円未満",,,,,,,,,,,5,5,便利,便利,,,,10,また行きたい（1年以内）,オシャレ バス,石川県立歴史博物館,同意する,,,,,,,1969,,,,,,
石川,2026/01/29 14:44:09,東京都,男,1965,,500万円以上 600万円未満,夫婦2人,2泊,石川県外には泊まらない,金沢エリア  （湯涌温泉、深谷温泉、犀川温泉など）,2泊,,,,,,,,,新幹線,0,0,1,0,0,0,0,,0,0,0,0,,,,,2～5回目,"宿でのんびり過ごす, 地元の美味しいものを食べる, まちあるき、都市散策",1,0,1,0,0,0,0,0,0,0,1,0,0,0,0,0,0,0,"インターネット・アプリ, 観光協会等の案内所",0,0,0,0,0,0,0,0,0,0,1,0,0,0,0,0,0,0,0,0,0,1,0,0,0,,,,,,"50,000円以上 100,000円未満",,"5,000円以上 10,000円未満",,,,,,,,,,,4,4,いろいろあって良き,座れる場所がもう少し欲しい,,,,8,また行きたい（1年以内）,特になし いろいろ美味しい,金沢駅,同意する,,最初にここに来ました,,,,,1965,,,,,,
石川,2026/01/29 14:54:53,神奈川県,男,1965,,100万円未満,夫婦2人,2泊,石川県外には泊まらない,金沢エリア  （湯涌温泉、深谷温泉、犀川温泉など）,2泊,,,,,,,,,新幹線,0,0,1,0,0,0,0,,0,0,0,0,5,路線のわかりやすさ,,,2～5回目,"温泉や露天風呂, 地元の美味しいものを食べる, 名所、旧跡の観光",0,1,1,0,1,0,0,0,0,0,0,0,0,0,0,0,0,0,"観光パンフレット・ポスター, インターネット・アプリ",0,0,0,0,0,0,0,0,0,0,1,0,0,0,0,0,0,0,0,0,1,0,0,0,0,,,,,,"20,000円以上 30,000円未満",,"1,000円未満",,,,,,,,,,,5,4,,,,,,8,また行きたい（1年以内）,歴史を知る,石川県立歴史博物館,同意する,,,,,,,1965,,,,,,
石川,2026/01/29 15:33:17,奈良県,女,1966,,800万円以上 900万円未満,夫婦2人,日帰り,富山県,金沢エリア  （湯涌温泉、深谷温泉、犀川温泉など）,4泊以上,,,,,,,,,"新幹線, 在来線",0,0,1,1,0,0,0,,0,0,0,0,5,,,,2～5回目,"温泉や露天風呂, 地元の美味しいものを食べる",0,1,1,0,0,0,0,0,0,0,0,0,0,0,0,0,0,0,"新聞・雑誌・ガイドブック, 観光パンフレット・ポスター, インターネット・アプリ, X(旧：Twitter), Instagram",0,0,0,1,0,1,0,0,0,0,1,0,0,0,0,0,1,0,0,0,1,0,0,0,0,,,,,,"30,000円以上 40,000円未満",,"5,000円以上 10,000円未満",,,,,,,,,,,5,4,,,,,,10,また行きたい（1年以内）,テーマパークが有れば良い,ホテル金沢,同意する,,,,,,,1966,,,,,,
石川,2026/01/29 15:43:45,石川県,男,1986,,"900万円以上 1,000万円未満",職場の同僚,日帰り,富山県,石川県内には宿泊しない,1泊,,,,,,,,,新幹線,0,0,1,0,0,0,0,,0,0,0,0,4,,,,2～5回目,"地元の美味しいものを食べる, 名所、旧跡の観光",0,0,1,0,1,0,0,0,0,0,0,0,0,0,0,0,0,0,インターネット・アプリ,0,0,0,0,0,0,0,0,0,0,1,0,0,0,0,0,0,0,0,0,0,0,0,0,0,,,,,,"10,000円以上 20,000円未満",,"5,000円以上 10,000円未満",,,,,,,,,,,4,4,,,,,,8,機会があれば行きたい,特になし,ホテル金沢,同意する,,,,,,,1986,,,,,,
石川,2026/01/29 19:58:29,富山県,男,1990,,600万円以上 700万円未満,自分ひとり,1泊,石川県外には泊まらない,金沢エリア  （湯涌温泉、深谷温泉、犀川温泉など）,1泊,,,,,,,,,新幹線,0,0,1,0,0,0,0,,0,0,0,0,4,雪が降っていたが、   ほぼダイヤ通りに運行していたため。,,,2～5回目,"宿でのんびり過ごす, 地元の美味しいものを食べる, 出張など仕事関係",1,0,1,0,0,0,0,0,0,0,0,0,0,0,0,0,1,0,友人・知人,0,0,0,0,0,0,0,0,0,0,0,0,0,0,0,0,0,0,1,0,0,0,0,0,0,,,,,,"1,000円未満",,"1,000円未満",,,,,,,,,,,4,5,朝食が豪華なため,朝食が豪華な上、安く泊まれるため。,,,,8,また行きたい（1年以内）,美味しい飲食店はどこも混んでいるため、回転が早い海鮮丼などのお店が欲しい。 施設の朝食が美味しい。,KKRホテル金沢,同意する,,職場,,,,,1990,,,,,,
石川,2026/01/29 22:53:37,福岡県,女,1980,,100万円以上 200万円未満,友人,4泊以上,富山県,石川県内には宿泊しない,2泊,,,,,,,,,旅行会社ツアーバス,0,0,0,0,0,1,0,,0,0,0,0,5,楽です,,,2～5回目,"地元の美味しいものを食べる, 名所、旧跡の観光, まちあるき、都市散策",0,0,1,0,1,0,0,0,0,0,1,0,0,0,0,0,0,0,友人・知人,0,0,0,0,0,0,0,0,0,0,0,0,0,0,0,0,0,0,1,0,0,0,0,0,0,,,,,,"10,000円以上 20,000円未満",,"5,000円以上 10,000円未満",,,,,,,,,,,5,5,種類が多いです,スタッフの対応が鈍い､失礼なところいっぱいがありました,,,,8,また行きたい（1年以内）,特になし 食べ物が多いし、お美味しいし,ダイワロイネットホテル金沢MIYABI,同意する,,,,,,,1980,,,,,,
石川,2026/01/30 9:33:31,群馬県,男,1979,,500万円以上 600万円未満,夫婦2人,1泊,石川県外には泊まらない,金沢エリア  （湯涌温泉、深谷温泉、犀川温泉など）,1泊,,,,,,,,,新幹線,0,0,1,0,0,0,0,,0,0,0,0,5,本数が多い,,,初めて,"地元の美味しいものを食べる, 名所、旧跡の観光, まちあるき、都市散策",0,0,1,0,1,0,0,0,0,0,1,0,0,0,0,0,0,0,"新聞・雑誌・ガイドブック, X(旧：Twitter)",0,0,0,0,0,1,0,0,0,0,0,0,0,0,0,0,1,0,0,0,0,0,0,0,0,,,,,,"5,000円以上 10,000円未満",,"3,000円以上 5,000円未満",,,,,,,,,,,5,5,,,,,,9,また行きたい（1年以内）,特になし,KOKOHOTEL Premier 金沢香林坊,同意する,,,,,,,1979,,,,,,
石川,2026/01/30 9:58:51,福井県,女,1986,,600万円以上 700万円未満,中学生以上連れの家族,1泊,石川県外には泊まらない,金沢エリア  （湯涌温泉、深谷温泉、犀川温泉など）,1泊,,,,,,,,,自家用車,1,0,0,0,0,0,0,,0,0,0,0,,,,,2～5回目,県外から金沢の高校へ受験のため,0,0,0,0,0,0,0,0,0,0,0,0,0,0,0,0,0,0,インターネット・アプリ,0,0,0,0,0,0,0,0,0,0,1,0,0,0,0,0,0,0,0,0,0,0,0,0,0,,,,,,"5,000円以上 10,000円未満",,"5,000円以上 10,000円未満",,,,,,,,,,,4,4,,チェックアウト時刻が11時だったので、ゆったりと過ごせた,,,,7,機会があれば行きたい,特になし,金沢国際ホテル,同意する,,,,,,,1986,,,,,,
石川,2026/01/30 11:49:37,石川県,女,1979,,100万円以上 200万円未満,夫婦2人,日帰り,石川県外には泊まらない,石川県内には宿泊しない,石川県内には宿泊しない,,,,,,,,,自家用車,1,0,0,0,0,0,0,,0,0,0,0,5,駐車場がそばにある,,,2～5回目,お祭りやイベントへの参加・見物,0,0,0,0,0,0,0,1,0,0,0,0,0,0,0,0,0,0,"インターネット・アプリ, Instagram",0,0,0,1,0,0,0,0,0,0,1,0,0,0,0,0,0,0,0,0,0,0,0,0,0,,,,,,使わない,,"3,000円以上 5,000円未満",,,,,,,,,,,5,5,無料休憩所が景色が素晴らしく快適すぎる,建物の外観が素敵,,,,10,また行きたい（1年以内）,金沢にスキー場があるといいな 雪の金沢が綺麗,石川県立歴史博物館,同意する,,金沢駅,,香林坊,,,1979,,,,,,
石川,2026/01/30 12:26:59,岐阜県,女,1975,,300万円以上 400万円未満,家族,1泊,石川県外には泊まらない,金沢エリア  （湯涌温泉、深谷温泉、犀川温泉など）,1泊,,,,,,,,,自家用車,1,0,0,0,0,0,0,,0,0,0,0,,,,,初めて,"地元の美味しいものを食べる, 名所、旧跡の観光",0,0,1,0,1,0,0,0,0,0,0,0,0,0,0,0,0,0,観光パンフレット・ポスター,0,0,0,0,0,0,0,0,0,0,0,0,0,0,0,0,0,0,0,0,1,0,0,0,0,,,,,,"20,000円以上 30,000円未満",,"5,000円以上 10,000円未満",,,,,,,,,,,5,5,とてもきれいで落ち着いて見学できました！,特になし,,,,10,また行きたい（1年以内）,特にぬし 歴史好き,石川県立歴史博物館,同意する,,,,,,,1975,,,,,,
石川,2026/01/30 12:27:22,岐阜県,女,1998,,200万円以上 300万円未満,家族,1泊,石川県外には泊まらない,金沢エリア  （湯涌温泉、深谷温泉、犀川温泉など）,1泊,,,,,,,,,自家用車,1,0,0,0,0,0,0,,0,0,0,0,,,,,初めて,小さい頃に泊まったホテルに訪れるため,0,0,0,0,0,0,0,0,0,0,0,0,0,0,0,0,0,0,"観光パンフレット・ポスター, ホテルの方の紹介",0,0,0,0,0,0,0,0,0,0,0,0,0,0,0,0,0,0,0,0,1,0,0,0,0,,,,,,"20,000円以上 30,000円未満",,"1,000円以上 3,000円未満",,,,,,,,,,,4,3,特にサービスは受けてません。,解説もわかりやすく、見応えがあり楽しかったです。,,,,8,また行きたい（1年以内）,特になし ごはん,石川県立歴史博物館,同意する,,,,,,,1998,,,,,,
石川,2026/01/30 14:59:56,福岡県,女,1965,,300万円以上 400万円未満,自分ひとり,3泊,福井県,金沢エリア  （湯涌温泉、深谷温泉、犀川温泉など）,2泊,,,,,,,,,新幹線,0,0,1,0,0,0,0,,0,0,0,0,,,,,初めて,"地元の美味しいものを食べる, 名所、旧跡の観光, 友人・親戚を訪ねる, 出張など仕事関係",0,0,1,0,1,0,0,0,0,0,0,0,0,0,0,0,1,0,観光パンフレット・ポスター,0,0,0,0,0,0,0,0,0,0,0,0,0,0,0,0,0,0,0,0,1,0,0,0,0,,,,,,"10,000円以上 20,000円未満",,使わない,,,,,,,,,,,5,4,歩き疲れた時の休憩、トイレ利用などありがたい,,,,,6,機会があれば行きたい,特にありません満足です 観光名所が沢山あり、雪景色も綺麗てした,金沢中央観光案内所,同意する,,,,,,,1965,,,,,,
石川,2026/01/30 15:17:42,東京都,女,2003,,500万円以上 600万円未満,親,1泊,石川県外には泊まらない,金沢エリア  （湯涌温泉、深谷温泉、犀川温泉など）,1泊,,,,,,,,,新幹線,0,0,1,0,0,0,0,,0,0,0,0,,,,,初めて,"地元の美味しいものを食べる, 花見や紅葉などの自然鑑賞, 名所、旧跡の観光, テーマパーク（遊園地、動物園、博物館など）, 買い物、アウトレット",0,0,1,1,1,1,1,0,0,0,0,0,0,0,0,0,0,0,観光展・物産展,0,0,0,0,0,0,0,0,0,0,0,0,0,0,0,0,0,0,0,0,0,0,1,0,0,,,,,,"5,000円以上 10,000円未満",,使わない,,,,,,,,,,,5,4,,,,,,10,また行きたい（1年以内）,特になし,金沢中央観光案内所,同意する,,,,,,,2003,,,,,,
石川,2026/01/30 18:24:18,和歌山県,男,1974,,400万円以上 500万円未満,夫婦2人,1泊,石川県外には泊まらない,金沢エリア  （湯涌温泉、深谷温泉、犀川温泉など）,1泊,,,,,,,,,新幹線,0,0,1,0,0,0,0,,0,0,0,0,3,,,,初めて,地元の美味しいものを食べる,0,0,1,0,0,0,0,0,0,0,0,0,0,0,0,0,0,0,"新聞・雑誌・ガイドブック, インターネット・アプリ, 友人・知人",0,0,0,0,0,0,0,0,0,0,1,0,0,0,0,0,1,0,1,0,0,0,0,0,0,,,,,,"50,000円以上 100,000円未満",,"20,000円以上 30,000円未満",,,,,,,,,,,5,5,ゆっくりできたよ,ゆっくりできたよ,,,,8,また行きたい（1年以内）,海鮮 歴史を感じれた,ホテル・トリフィート金沢,同意する,,,,,,,1974,,,,,,
石川,2026/01/30 21:45:43,石川県,女,1992,,200万円以上 300万円未満,恋人,日帰り,富山県,能登エリア （和倉温泉、七尾市、輪島市、珠洲市など）,1泊,,,,,,,,,県外から訪れていない（石川県内在住）,0,0,0,0,0,0,0,,0,0,0,0,,,,,6～10回目,温泉や露天風呂,0,1,0,0,0,0,0,0,0,0,0,0,0,0,0,0,0,0,インターネット・アプリ,0,0,0,0,0,0,0,0,0,0,1,0,0,0,0,0,0,0,0,0,0,0,0,0,0,,,,,,"5,000円以上 10,000円未満",,"1,000円未満",,,,,,,,,,,4,4,,,,,,9,石川県在住,特になし,湯来楽　内灘店,同意する,,,,,,,1992,,,,,,
石川,2026/01/30 22:52:36,長野県,男,1990,,500万円以上 600万円未満,恋人,3泊,石川県外には泊まらない,金沢エリア  （湯涌温泉、深谷温泉、犀川温泉など）,3泊,,,,,,,,,新幹線,0,0,1,0,0,0,0,,0,0,0,0,,,,,初めて,"地元の美味しいものを食べる, 花見や紅葉などの自然鑑賞, 名所、旧跡の観光, まちあるき、都市散策",0,0,1,1,1,0,0,0,0,0,1,0,0,0,0,0,0,0,歩いていたら見つけたので寄った,0,0,0,0,0,0,0,0,0,0,0,0,0,0,0,0,0,0,0,0,0,0,0,0,1,,,,,,"50,000円以上 100,000円未満",,"1,000円以上 3,000円未満",,,,,,,,,,,5,4,ゆっくりとした空間でお茶を飲んで休めたため,入りやすい雰囲気だった,,,,3,また行きたい（1年以内）,特になし ごはんがとても美味しかった。どこに行っても新鮮な魚介類が楽しめたので、海鮮が好きな人には是非薦めたい。,石川県政記念しいのき迎賓館,同意する,,,,,,,1990,,,,,,
石川,2026/01/31 8:37:18,福岡県,男,1979,,300万円以上 400万円未満,友人,2泊,石川県外には泊まらない,金沢エリア  （湯涌温泉、深谷温泉、犀川温泉など）,2泊,,,,,,,,,飛行機,0,0,0,0,1,0,0,,0,0,0,0,4,雪を楽しめた,,,2～5回目,"地元の美味しいものを食べる, 出張など仕事関係",0,0,1,0,0,0,0,0,0,0,0,0,0,0,0,0,1,0,友人・知人,0,0,0,0,0,0,0,0,0,0,0,0,0,0,0,0,0,0,1,0,0,0,0,0,0,,,,,,"10,000円以上 20,000円未満",,"3,000円以上 5,000円未満",,,,,,,,,,,4,5,便と綺麗なところ,隣の音が気にならない,,,,8,機会があれば行きたい,昔から引き継いでいるものや石川ならではの物産を知れる情報がほしい 食事が美味しい,KOKOHOTEL Premier 金沢香林坊,同意する,,,,,,,1979,,,,,,
石川,2026/01/31 9:11:50,富山県,女,1978,,500万円以上 600万円未満,自分ひとり,3泊,石川県外には泊まらない,金沢エリア  （湯涌温泉、深谷温泉、犀川温泉など）,3泊,,,,,,,,,自家用車,1,0,0,0,0,0,0,,0,0,0,0,,,,,11回目以上,宿でのんびり過ごす,1,0,0,0,0,0,0,0,0,0,0,0,0,0,0,0,0,0,"新聞・雑誌・ガイドブック, 友人・知人",0,0,0,0,0,0,0,0,0,0,0,0,0,0,0,0,1,0,1,0,0,0,0,0,0,,,,,,"10,000円以上 20,000円未満",,"1,000円以上 3,000円未満",,,,,,,,,,,4,4,,,,,,7,また行きたい（1年以内）,特になし,KOKOHOTEL Premier 金沢香林坊,同意する,,金沢エムザ,,金沢駅,,,1978,,,,,,
石川,2026/01/31 10:16:47,石川県,男,1991,,300万円以上 400万円未満,小学生以下連れの家族,日帰り,石川県外には泊まらない,石川県内には宿泊しない,石川県内には宿泊しない,,,,,,,,,自家用車,1,0,0,0,0,0,0,,0,0,0,0,5,,,,11回目以上,"宿でのんびり過ごす, 地元の美味しいものを食べる",1,0,1,0,0,0,0,0,0,0,0,0,0,0,0,0,0,0,新聞・雑誌・ガイドブック,0,0,0,0,0,0,0,0,0,0,0,0,0,0,0,0,1,0,0,0,0,0,0,0,0,,,,,,"20,000円以上 30,000円未満",,"1,000円以上 3,000円未満",,,,,,,,,,,5,5,,,,,,8,また行きたい（1年以内）,アレルギーフリー,石川県立図書館,同意する,,,,,,,1991,,,,,,
石川,2026/01/31 11:12:06,富山県,男,1986,,800万円以上 900万円未満,小学生以下連れの家族,日帰り,富山県,石川県内には宿泊しない,石川県内には宿泊しない,,,,,,,,,在来線,0,0,0,1,0,0,0,,0,0,0,0,5,,,,11回目以上,地元の美味しいものを食べる,0,0,1,0,0,0,0,0,0,0,0,0,0,0,0,0,0,0,友人・知人,0,0,0,0,0,0,0,0,0,0,0,0,0,0,0,0,0,0,1,0,0,0,0,0,0,,,,,,"20,000円以上 30,000円未満",,"5,000円以上 10,000円未満",,,,,,,,,,,5,4,,,,,,9,また行きたい（1年以内）,美味しい海鮮！,香林坊大和,同意する,,,,,,,1986,,,,,,
石川,2026/01/31 12:38:49,石川県,男,1986,,700万円以上 800万円未満,小学生以下連れの家族,日帰り,石川県外には泊まらない,金沢エリア  （湯涌温泉、深谷温泉、犀川温泉など）,4泊以上,,,,,,,,,自家用車,1,0,0,0,0,0,0,,0,0,0,0,,,,,2～5回目,まちあるき、都市散策,0,0,0,0,0,0,0,0,0,0,1,0,0,0,0,0,0,0,"TV・ラジオ番組やCM, 友人・知人",0,0,0,0,0,0,0,0,0,0,0,0,0,0,1,0,0,0,1,0,0,0,0,0,0,,,,,,"5,000円以上 10,000円未満",,"3,000円以上 5,000円未満",,,,,,,,,,,5,5,,,,,,10,石川県在住,特に無し,石川県立歴史博物館,同意する,,,,,,,1986,,,,,,
石川,2026/01/31 13:35:19,埼玉県,その他,1991,,600万円以上 700万円未満,夫婦2人,3泊,福井県,金沢エリア  （湯涌温泉、深谷温泉、犀川温泉など）,1泊,,,,,,,,,自家用車,1,0,0,0,0,0,0,,0,0,0,0,,,,,6～10回目,"地元の美味しいものを食べる, イベント",0,0,1,0,0,0,0,0,0,0,0,0,0,0,0,0,0,0,駅メモアプリ,0,0,0,0,0,0,0,0,0,0,0,0,0,0,0,0,0,0,0,0,0,0,0,0,1,,,,,,"1,000円以上 3,000円未満",,"1,000円未満",,,,,,,,,,,4,4,中途半端だった,中途半端だった,,,,6,また行きたい（1年以内）,金沢おでん屋に白ご飯が売っておらず残念だった。同行者曰くかなり近江町市場の価格が高騰しているとのこと。大雪だったのでひがし茶屋街等は車内から見たのみ。落ち着いたらきたい。,石川県立図書館,同意する,,,,,,,1991,,,,,,
石川,2026/01/31 14:49:52,大阪府,男,2010,,100万円未満,親,1泊,石川県外には泊まらない,金沢エリア  （湯涌温泉、深谷温泉、犀川温泉など）,1泊,,,,,,,,,"新幹線, 在来線",0,0,1,1,0,0,0,,0,0,0,0,5,,,,初めて,"宿でのんびり過ごす, 地元の美味しいものを食べる, 名所、旧跡の観光, アウトドア（海水浴、釣り、登山など）",1,0,1,0,1,0,0,0,0,1,0,0,0,0,0,0,0,0,"新聞・雑誌・ガイドブック, TV・ラジオ番組やCM, インターネット・アプリ",0,0,0,0,0,0,0,0,0,0,1,0,0,0,1,0,1,0,0,0,0,0,0,0,0,,,,,,"10,000円以上 20,000円未満",,"1,000円未満",,,,,,,,,,,5,5,,暖かいから,,,,10,機会があれば行きたい,特になし,石川県立歴史博物館,同意する,,,,金沢城公園,,,2010,,,,,,
石川,2026/01/31 15:02:13,福井県,男,2009,,"900万円以上 1,000万円未満",小学生以下連れの家族,1泊,石川県外には泊まらない,金沢エリア  （湯涌温泉、深谷温泉、犀川温泉など）,3泊,,,,,,,,,自家用車,1,0,0,0,0,0,0,,0,0,0,0,,,,,2～5回目,地元の美味しいものを食べる,0,0,1,0,0,0,0,0,0,0,0,0,0,0,0,0,0,0,"観光展・物産展, 観光パンフレット・ポスター",0,0,0,0,0,0,0,0,0,0,0,0,0,0,0,0,0,0,0,0,1,0,1,0,0,,,,,,"40,000円以上 50,000円未満",,"3,000円以上 5,000円未満",,,,,,,,,,,5,5,,,,,,9,また行きたい（1年以内）,特になし,石川県立歴史博物館,同意する,,,,,,,2009,,,,,,
石川,2026/01/31 15:06:27,富山県,男,2005,,100万円未満,自分ひとり,日帰り,石川県外には泊まらない,石川県内には宿泊しない,石川県内には宿泊しない,,,,,,,,,在来線,0,0,0,1,0,0,0,,0,0,0,0,4,バスの本数が多く、利便性が良かった。しかし、車内が混雑していた。,,,2～5回目,"名所、旧跡の観光, スポーツ観戦や芸術鑑賞（コンサート等）",0,0,0,0,1,0,0,0,0,0,0,0,0,0,0,0,0,0,"観光パンフレット・ポスター, インターネット・アプリ, Instagram, 観光協会等の案内所",0,0,0,1,0,0,0,0,0,0,1,0,0,0,0,0,0,0,0,0,1,1,0,0,0,,,,,,使わない,,"3,000円以上 5,000円未満",,,,,,,,,,,5,5,入館料等、手頃な値段設定であった。,雪景色がとても綺麗だった。,,,,10,機会があれば行きたい,特になし 兼六園どのシーズンに来ても良く、それぞれ違った景色を見ることができる。,兼六駐車場,同意する,,,,本多の森北電ホールホール,,,2005,,,,,,
石川,2026/01/31 15:38:08,石川県,女,1986,,"1,000万円以上 1,200万円未満",小学生以下連れの家族,日帰り,石川県外には泊まらない,石川県内には宿泊しない,石川県内には宿泊しない,,,,,,,,,県外から訪れていない（石川県内在住）,0,0,0,0,0,0,0,,0,0,0,0,5,無料駐車場が完備され、除雪もされていました！,,,初めて,名所、旧跡の観光,0,0,0,0,1,0,0,0,0,0,0,0,0,0,0,0,0,0,観光パンフレット・ポスター,0,0,0,0,0,0,0,0,0,0,0,0,0,0,0,0,0,0,0,0,1,0,0,0,0,,,,,,使わない,,"1,000円未満",,,,,,,,,,,5,4,クイズラリーで景品がいただけて思い出になりました,清潔感があり、ゆったりと見ることができました。,,,,10,石川県在住,子供が楽しめるような工夫があると何度も連れて行きたいと思います。 雪が多いエリアですが、街中よりも静かで除雪も綺麗にされて風情を感じられるからです。,金沢湯涌夢二館,同意する,,,,湯涌江戸村,,,1986,,,,,,
石川,2026/01/31 15:45:37,埼玉県,女,2000,,700万円以上 800万円未満,恋人,1泊,石川県外には泊まらない,金沢エリア  （湯涌温泉、深谷温泉、犀川温泉など）,1泊,,,,,,,,,新幹線,0,0,1,0,0,0,0,,0,0,0,0,,,,,2～5回目,お祭りやイベントへの参加・見物,0,0,0,0,0,0,0,1,0,0,0,0,0,0,0,0,0,0,"観光連盟やDMOのHP, インターネット・アプリ, Facebook",1,0,0,0,0,0,0,0,0,0,1,0,0,0,0,0,0,0,0,0,0,0,0,1,0,,,,,,"1,000円以上 3,000円未満",,"1,000円未満",,,,,,,,,,,5,5,,,,,,10,また行きたい（1年以内）,石川県ならではの自然を感じられるもの,石川県立歴史博物館,同意する,,金沢城,,,,,2000,,,,,,
石川,2026/01/31 17:22:38,愛知県,男,1961,,200万円以上 300万円未満,夫婦2人,2泊,富山県,金沢エリア  （湯涌温泉、深谷温泉、犀川温泉など）,1泊,,,,,,,,,自家用車,1,0,0,0,0,0,0,,0,0,0,0,,,,,初めて,"地元の美味しいものを食べる, まちあるき、都市散策, 友人・親戚を訪ねる",0,0,1,0,0,0,0,0,0,0,1,0,0,0,0,0,0,0,友人・知人,0,0,0,0,0,0,0,0,0,0,0,0,0,0,0,0,0,0,1,0,0,0,0,0,0,,,,,,"3,000円以上 5,000円未満",,使わない,,,,,,,,,,,4,4,美しい,静か,,,,9,また行きたい（1年以内）,伝統芸能,石川県立能楽堂,同意する,,,,,,,1961,,,,,,
石川,2026/01/31 19:21:11,長崎県,女,1991,,500万円以上 600万円未満,夫婦2人,3泊,石川県外には泊まらない,金沢エリア  （湯涌温泉、深谷温泉、犀川温泉など）,3泊,,,,,,,,,飛行機,0,0,0,0,1,0,0,,0,0,0,0,5,頻繁にバスが走ってるため,,,初めて,"地元の美味しいものを食べる, 名所、旧跡の観光",0,0,1,0,1,0,0,0,0,0,0,0,0,0,0,0,0,0,"新聞・雑誌・ガイドブック, Instagram",0,0,0,1,0,0,0,0,0,0,0,0,0,0,0,0,1,0,0,0,0,0,0,0,0,,,,,,"20,000円以上 30,000円未満",,"1,000円以上 3,000円未満",,,,,,,,,,,5,5,ゆったり観れた,きちんと整備されていた,,,,10,また行きたい（1年以内）,キャッシュレス化が進んで欲しい ご飯がおいしい,金沢城公園,同意する,,,,,,,1991,,,,,,
石川,2026/01/31 21:15:28,京都府,女,1996,,300万円以上 400万円未満,友人,1泊,石川県外には泊まらない,金沢エリア  （湯涌温泉、深谷温泉、犀川温泉など）,1泊,,,,,,,,,夜行バス,0,0,0,0,0,0,0,,0,0,0,0,,,,,初めて,"地元の美味しいものを食べる, スポーツ観戦や芸術鑑賞（コンサート等）",0,0,1,0,0,0,0,0,0,0,0,0,0,0,0,0,0,0,"観光パンフレット・ポスター, インターネット・アプリ",0,0,0,0,0,0,0,0,0,0,1,0,0,0,0,0,0,0,0,0,1,0,0,0,0,,,,,,"5,000円以上 10,000円未満",,"1,000円以上 3,000円未満",,,,,,,,,,,5,5,,,,,,9,また行きたい（1年以内）,特になし,ダイワロイネットホテル金沢MIYABI,同意する,,,,,,,1996,,,,,,
石川,2026/01/31 21:53:22,埼玉県,男,1979,,700万円以上 800万円未満,自分ひとり,1泊,石川県外には泊まらない,金沢エリア  （湯涌温泉、深谷温泉、犀川温泉など）,1泊,,,,,,,,,新幹線,0,0,1,0,0,0,0,,0,0,0,0,5,人が温かい,,,初めて,"地元の美味しいものを食べる, 出張など仕事関係",0,0,1,0,0,0,0,0,0,0,0,0,0,0,0,0,1,0,"インターネット・アプリ, X(旧：Twitter), Instagram, タクシードライバーや地元の人",0,0,0,1,0,1,0,0,0,0,1,0,0,0,0,0,0,0,0,1,0,0,0,0,0,,,,,,使わない,,使わない,,,,,,,,,,,5,3,,期待通りの雰囲気を味わえた,,,,10,また行きたい（1年以内）,変にテーマパーク化した施設よりも金沢の文化街並み、人の温かみを体感出来る施設や環境を極端に近代化すること無く街並みを守り育んでください 人、食事や街並み全てがとても良かった,金沢国際ホテル,同意する,,,,,,,1979,,,,,,
石川,2026/01/31 22:14:19,富山県,男,1980,,800万円以上 900万円未満,中学生以上連れの家族,2泊,石川県外には泊まらない,金沢エリア  （湯涌温泉、深谷温泉、犀川温泉など）,2泊,,,,,,,,,自家用車,1,0,0,0,0,0,0,,0,0,0,0,,,,,2～5回目,お祭りやイベントへの参加・見物,0,0,0,0,0,0,0,1,0,0,0,0,0,0,0,0,0,0,インターネット・アプリ,0,0,0,0,0,0,0,0,0,0,1,0,0,0,0,0,0,0,0,0,0,0,0,0,0,,,,,,"5,000円以上 10,000円未満",,"5,000円以上 10,000円未満",,,,,,,,,,,4,4,接客の対応が良い,エレベーターの老朽化,,,,6,また行きたい（1年以内）,機会があればひがし茶屋街に行きたい 家族,金沢国際ホテル,同意する,,,,,,,1980,,,,,,
石川,2026/01/31 22:20:03,新潟県,女,1993,,500万円以上 600万円未満,夫婦2人,1泊,石川県外には泊まらない,金沢エリア  （湯涌温泉、深谷温泉、犀川温泉など）,1泊,,,,,,,,,自家用車,1,0,0,0,0,0,0,,0,0,0,0,,,,,6～10回目,スポーツ観戦や芸術鑑賞（コンサート等）,0,0,0,0,0,0,0,0,0,0,0,0,0,0,0,0,0,0,友人・知人,0,0,0,0,0,0,0,0,0,0,0,0,0,0,0,0,0,0,1,0,0,0,0,0,0,,,,,,"3,000円以上 5,000円未満",,"3,000円以上 5,000円未満",,,,,,,,,,,4,4,21世紀美術館辺りに近くて出かけやすいので,のんびり過ごせました,,,,8,機会があれば行きたい,石川県独自の味のビーバーを買って帰りたいです 金沢おでん、金沢カレーが美味しかったです,東横イン金沢兼六園香林坊,同意する,,,,,,,1993,,,,,,
石川,2026/02/01 0:13:25,大阪府,女,1975,,300万円以上 400万円未満,自分ひとり,日帰り,石川県外には泊まらない,石川県内には宿泊しない,石川県内には宿泊しない,,,,,,,,,"新幹線, 在来線",0,0,1,1,0,0,0,,0,0,0,0,4,バスがステンドグラスを使っていて可愛かった,,,2～5回目,友人・親戚を訪ねる,0,0,0,0,0,0,0,0,0,0,0,0,0,0,0,0,0,0,"TV・ラジオ番組やCM, インターネット・アプリ, 友人・知人",0,0,0,0,0,0,0,0,0,0,1,0,0,0,1,0,0,0,1,0,0,0,0,0,0,,,,,,使わない,,"1,000円以上 3,000円未満",,,,,,,,,,,5,4,館内のカフェ利用,館内のトイレ、案内の方の応対,,,,2,機会があれば行きたい,特にない、満足 お寿司、兼六園、尾山神社,石川県立美術館,同意する,,,,,,,1975,,,,,,
石川,2026/02/01 0:29:46,奈良県,男,1972,,700万円以上 800万円未満,夫婦2人,2泊,石川県外には泊まらない,金沢エリア  （湯涌温泉、深谷温泉、犀川温泉など）,2泊,,,,,,,,,新幹線,0,0,1,0,0,0,0,,0,0,0,0,2,なかなか探せないから,,,2～5回目,"地元の美味しいものを食べる, 名所、旧跡の観光, 買い物、アウトレット, まちあるき、都市散策",0,0,1,0,1,0,1,0,0,0,1,0,0,0,0,0,0,0,インターネット・アプリ,0,0,0,0,0,0,0,0,0,0,1,0,0,0,0,0,0,0,0,0,0,0,0,0,0,,,,,,"20,000円以上 30,000円未満",,"1,000円未満",,,,,,,,,,,4,4,普通の神社だから,普通の神社だから,,,,7,機会があれば行きたい,海鮮が手軽に食べられたら 雪が幻想的だから,金沢東急ホテル,同意する,,,,,,,1972,,,,,,
石川,2026/02/01 0:49:26,奈良県,女,1978,,600万円以上 700万円未満,夫婦2人,2泊,石川県外には泊まらない,金沢エリア  （湯涌温泉、深谷温泉、犀川温泉など）,2泊,,,,,,,,,新幹線,0,0,1,0,0,0,0,,0,0,0,0,4,駅からホテル前まで路線バスで行けたのが便利だった,,,2～5回目,"地元の美味しいものを食べる, 名所、旧跡の観光, まちあるき、都市散策",0,0,1,0,1,0,0,0,0,0,1,0,0,0,0,0,0,0,友人・知人,0,0,0,0,0,0,0,0,0,0,0,0,0,0,0,0,0,0,1,0,0,0,0,0,0,,,,,,"10,000円以上 20,000円未満",,使わない,,,,,,,,,,,4,4,スタッフの方の対応が丁寧。,部屋が清潔。朝食ビュッフェも充実している。,,,,6,機会があれば行きたい,飲食について、観光地だから仕方ない所もあるが、評判の割には期待外れの味のお店があった。 小さめの町なのでバスや徒歩でも周りやすい点。,金沢東急ホテル,同意する,,着いてすぐホテルへ直行した為,,,,,1978,,,,,,
石川,2026/02/01 8:33:23,東京都,女,1999,,700万円以上 800万円未満,恋人,2泊,石川県外には泊まらない,金沢エリア  （湯涌温泉、深谷温泉、犀川温泉など）,2泊,,,,,,,,,飛行機,0,0,0,0,1,0,0,,0,0,0,0,2,バスの遅延情報をバス停で電光掲示板等を利用してお知らせしてほしかった。,,,初めて,"宿でのんびり過ごす, 温泉や露天風呂, 地元の美味しいものを食べる, 名所、旧跡の観光, まちあるき、都市散策, 各種体験（手作り、果物狩りなど）",1,1,1,0,1,0,0,0,0,0,1,1,0,0,0,0,0,0,"インターネット・アプリ, Instagram",0,0,0,1,0,0,0,0,0,0,1,0,0,0,0,0,0,0,0,0,0,0,0,0,0,,,,,,"10,000円以上 20,000円未満",,"1,000円以上 3,000円未満",,,,,,,,,,,5,5,,,,,,10,機会があれば行きたい,九谷焼の絵付け体験は良い思い出作りになった。,KOKOHOTEL Premier 金沢香林坊,同意する,,,,,,,1999,,,,,,
石川,2026/02/01 10:22:58,東京都,女,1957,,700万円以上 800万円未満,親,2泊,石川県外には泊まらない,金沢エリア  （湯涌温泉、深谷温泉、犀川温泉など）,2泊,,,,,,,,,"新幹線, 在来線",0,0,1,1,0,0,0,,0,0,0,0,5,,,,初めて,"名所、旧跡の観光, 買い物、アウトレット, 友人・親戚を訪ねる",0,0,0,0,1,0,1,0,0,0,0,0,0,0,0,0,0,0,友人・知人,0,0,0,0,0,0,0,0,0,0,0,0,0,0,0,0,0,0,1,0,0,0,0,0,0,,,,,,"20,000円以上 30,000円未満",,"5,000円以上 10,000円未満",,,,,,,,,,,5,5,,,,,,7,また行きたい（1年以内）,能登まいもん寿司、能登牛を頂く機会がありました。大変美味しかったです。,石川県立伝統産業工芸館,同意する,,,,,,,1957,,,,,,
石川,2026/02/01 10:41:32,石川県,男,1972,,400万円以上 500万円未満,夫婦　娘　孫娘,日帰り,野々市市在住,石川県内には宿泊しない,石川県内には宿泊しない,,,,,,,,,県外から訪れていない（石川県内在住）,0,0,0,0,0,0,0,,0,0,0,0,,,,,2～5回目,ちょいお出かけ,0,0,0,0,0,0,0,0,0,0,0,0,0,0,0,0,0,0,TV・ラジオ番組やCM,0,0,0,0,0,0,0,0,0,0,0,0,0,0,1,0,0,0,0,0,0,0,0,0,0,,,,,,"5,000円以上 10,000円未満",,"3,000円以上 5,000円未満",,,,,,,,,,,4,5,ゴジラ展を楽しめた,　建物　雰囲気が素敵,,,,8,石川県在住,特になし,石川県立歴史博物館,同意する,,自宅からの直接,,香林坊大和,,,1972,,,,,,
石川,2026/02/01 11:55:46,大阪府,男,1971,,700万円以上 800万円未満,自分ひとり,1泊,石川県外には泊まらない,金沢エリア  （湯涌温泉、深谷温泉、犀川温泉など）,1泊,,,,,,,,,"新幹線, 在来線",0,0,1,1,0,0,0,,0,0,0,0,4,バス停前で利便性が良かった,,,初めて,"名所、旧跡の観光, テーマパーク（遊園地、動物園、博物館など）, まちあるき、都市散策",0,0,0,0,1,1,0,0,0,0,1,0,0,0,0,0,0,0,インターネット・アプリ,0,0,0,0,0,0,0,0,0,0,1,0,0,0,0,0,0,0,0,0,0,0,0,0,0,,,,,,"10,000円以上 20,000円未満",,"1,000円以上 3,000円未満",,,,,,,,,,,4,3,,体験や飲食、無料展示、休憩所などゆっくりできた,,,,7,また行きたい（1年以内）,石川県内の郷土料理が、1ヵ所で楽しめる場所があれば行ってみたい 場所や時間帯により、人混みを避けて楽しむことができたため,石川県観光物産館,同意する,,,,,,,1971,,,,,,
石川,2026/02/01 12:07:25,富山県,無回答,1975,,400万円以上 500万円未満,小学生以下連れの家族,日帰り,名古屋,石川県内には宿泊しない,石川県内には宿泊しない,,,,,,,,,自家用車,1,0,0,0,0,0,0,,0,0,0,0,,,,,2～5回目,もりのひみつきち,0,0,0,0,0,0,0,0,0,0,0,0,0,0,0,0,0,0,友人・知人,0,0,0,0,0,0,0,0,0,0,0,0,0,0,0,0,0,0,1,0,0,0,0,0,0,,,,,,使わない,,"1,000円未満",,,,,,,,,,,3,3,,,,,,5,機会があれば行きたい,幼児が遊べる所、食べれるもの,屋内木育施設 もりのひみつきち,同意する,,,,,,,1975,,,,,,
石川,2026/02/01 12:25:59,滋賀県,女,1971,,500万円以上 600万円未満,夫婦2人,2泊,石川県外には泊まらない,加賀エリア （山代温泉、山中温泉、片山津温泉、粟津温泉、辰口温泉、加賀市、小松市など）,2泊,,,,,,,,,自家用車,1,0,0,0,0,0,0,,0,0,0,0,,食べ物も温泉も最高,,,初めて,"温泉や露天風呂, 地元の美味しいものを食べる",0,1,1,0,0,0,0,0,0,0,0,0,0,0,0,0,0,0,インターネット・アプリ,0,0,0,0,0,0,0,0,0,0,1,0,0,0,0,0,0,0,0,0,0,0,0,0,0,,,,,,"40,000円以上 50,000円未満",,"1,000円未満",,,,,,,,,,,5,5,休憩できる,観光案内が沢山ある,,,,8,また行きたい（1年以内）,特になし 武家屋敷,長町武家屋敷休憩館,同意する,,,,,,,1971,,,,,,
石川,2026/02/01 13:11:51,岐阜県,女,1998,,"1,500万円以上",親,1泊,石川県外には泊まらない,金沢エリア  （湯涌温泉、深谷温泉、犀川温泉など）,1泊,,,,,,,,,自家用車,1,0,0,0,0,0,0,,0,0,0,0,5,,,,初めて,"宿でのんびり過ごす, 地元の美味しいものを食べる",1,0,1,0,0,0,0,0,0,0,0,0,0,0,0,0,0,0,インターネット・アプリ,0,0,0,0,0,0,0,0,0,0,1,0,0,0,0,0,0,0,0,0,0,0,0,0,0,,,,,,"40,000円以上 50,000円未満",,"3,000円以上 5,000円未満",,,,,,,,,,,5,4,,,,,,9,また行きたい（1年以内）,美味しい魚を求めてます,石川県観光物産館,同意する,,,,,,,1998,,,,,,
石川,2026/02/01 13:17:51,東京都,女,1998,,300万円以上 400万円未満,恋人,2泊,石川県外には泊まらない,金沢エリア  （湯涌温泉、深谷温泉、犀川温泉など）,2泊,,,,,,,,,新幹線,0,0,1,0,0,0,0,,0,0,0,0,5,,,,初めて,"宿でのんびり過ごす, 温泉や露天風呂, 地元の美味しいものを食べる, 名所、旧跡の観光",1,1,1,0,1,0,0,0,0,0,0,0,0,0,0,0,0,0,TV・ラジオ番組やCM,0,0,0,0,0,0,0,0,0,0,0,0,0,0,1,0,0,0,0,0,0,0,0,0,0,,,,,,"10,000円以上 20,000円未満",,"1,000円以上 3,000円未満",,,,,,,,,,,4,3,,,,,,6,機会があれば行きたい,ご飯がどれもおいしかったです！,尾山神社,同意する,,,,,,,1998,,,,,,
石川,2026/02/01 13:20:14,千葉県,男,1997,,400万円以上 500万円未満,恋人,2泊,石川県外には泊まらない,加賀エリア （山代温泉、山中温泉、片山津温泉、粟津温泉、辰口温泉、加賀市、小松市など）,2泊,,,,,,,,,新幹線,0,0,1,0,0,0,0,,0,0,0,0,4,停留所の場所がわからない,,,初めて,"温泉や露天風呂, 地元の美味しいものを食べる, 名所、旧跡の観光, テーマパーク（遊園地、動物園、博物館など）, 各種体験（手作り、果物狩りなど）",0,1,1,0,1,1,0,0,0,0,0,1,0,0,0,0,0,0,観光展・物産展,0,0,0,0,0,0,0,0,0,0,0,0,0,0,0,0,0,0,0,0,0,0,1,0,0,,,,,,"100,000円以上",,"1,000円以上 3,000円未満",,,,,,,,,,,5,3,,,,,,10,機会があれば行きたい,とくになし,尾山神社,同意する,,,,,,,1997,,,,,,
石川,2026/02/01 13:50:41,東京都,女,1994,,400万円以上 500万円未満,恋人,1泊,石川県外には泊まらない,金沢エリア  （湯涌温泉、深谷温泉、犀川温泉など）,1泊,,,,,,,,,新幹線,0,0,1,0,0,0,0,,0,0,0,0,4,,,,2～5回目,"地元の美味しいものを食べる, 名所、旧跡の観光",0,0,1,0,1,0,0,0,0,0,0,0,0,0,0,0,0,0,X(旧：Twitter),0,0,0,0,0,1,0,0,0,0,0,0,0,0,0,0,0,0,0,0,0,0,0,0,0,,,,,,"5,000円以上 10,000円未満",,使わない,,,,,,,,,,,4,3,,,,,,7,機会があれば行きたい,特になし,金沢中央観光案内所,同意する,,,,,,,1994,,,,,,
石川,2026/02/01 14:02:58,東京都,男,2005,,100万円未満,自分ひとり,1泊,石川県外には泊まらない,金沢エリア  （湯涌温泉、深谷温泉、犀川温泉など）,1泊,,,,,,,,,飛行機,0,0,0,0,1,0,0,,0,0,0,0,4,バスがちょうど良い時間に来る,,,初めて,"地元の美味しいものを食べる, 名所、旧跡の観光",0,0,1,0,1,0,0,0,0,0,0,0,0,0,0,0,0,0,"観光展・物産展, 新聞・雑誌・ガイドブック, インターネット・アプリ, Instagram",0,0,0,1,0,0,0,0,0,0,1,0,0,0,0,0,1,0,0,0,0,0,1,0,0,,,,,,"3,000円以上 5,000円未満",,使わない,,,,,,,,,,,5,5,図書館感のクオリティではなく感動したからです。,無料でここまでは凄いです。,,,,10,また行きたい（1年以内）,このままでも十分ですが、美術の祭典などがあればもっと盛り上がると思いました。 食べ物が群を抜いて美味しかったからです。,石川県立図書館,同意する,,,,,,,2005,,,,,,
石川,2026/02/01 15:51:20,東京都,その他,2000,,400万円以上 500万円未満,友人,1泊,石川県外には泊まらない,金沢エリア  （湯涌温泉、深谷温泉、犀川温泉など）,1泊,,,,,,,,,新幹線,0,0,1,0,0,0,0,,0,0,0,0,4,,,,初めて,"宿でのんびり過ごす, 温泉や露天風呂, 名所、旧跡の観光",1,1,0,0,1,0,0,0,0,0,0,0,0,0,0,0,0,0,観光展・物産展,0,0,0,0,0,0,0,0,0,0,0,0,0,0,0,0,0,0,0,0,0,0,1,0,0,,,,,,"5,000円以上 10,000円未満",,"3,000円以上 5,000円未満",,,,,,,,,,,5,4,,,,,,7,機会があれば行きたい,特になし,石川県立歴史博物館,同意する,,,,,,,2000,,,,,,
石川,2026/02/01 16:13:05,石川県,男,1983,,"1,200万円以上 1,500万円未満",自分ひとり,日帰り,石川県外には泊まらない,石川県内には宿泊しない,石川県内には宿泊しない,,,,,,,,,県外から訪れていない（石川県内在住）,0,0,0,0,0,0,0,,0,0,0,0,,,,,11回目以上,"温泉や露天風呂, 名所、旧跡の観光, ドライブ・ツーリング",0,1,0,0,1,0,0,0,0,0,0,0,0,0,1,0,0,0,X(旧：Twitter),0,0,0,0,0,1,0,0,0,0,0,0,0,0,0,0,0,0,0,0,0,0,0,0,0,,,,,,使わない,,"1,000円以上 3,000円未満",,,,,,,,,,,5,5,,ここでしか見れない伝統と現代の文化を体験できる,,,,10,石川県在住,アクティビティが全体的にすくないので、特に冬はイベントを企画してほしい,石川県立図書館,同意する,,,,,,,1983,,,,,,
石川,2026/02/01 16:22:55,大阪府,女,1991,,"900万円以上 1,000万円未満",夫婦2人,1泊,石川県外には泊まらない,金沢エリア  （湯涌温泉、深谷温泉、犀川温泉など）,1泊,,,,,,,,,自家用車,1,0,0,0,0,0,0,,0,0,0,0,,,,,初めて,"地元の美味しいものを食べる, 買い物、アウトレット, まちあるき、都市散策, ドライブ・ツーリング",0,0,1,0,0,0,1,0,0,0,1,0,0,0,1,0,0,0,"TV・ラジオ番組やCM, ",0,0,0,0,0,0,0,0,0,0,0,0,0,0,1,0,0,0,0,0,0,0,0,0,0,,,,,,"10,000円以上 20,000円未満",,使わない,,,,,,,,,,,4,3,,,,,,8,機会があれば行きたい,特になし,金沢中央観光案内所,同意する,,,,,,,1991,,,,,,
石川,2026/02/01 16:59:37,石川県,女,1963,,800万円以上 900万円未満,自分ひとり,1泊,石川県外には泊まらない,能登エリア （和倉温泉、七尾市、輪島市、珠洲市など）,1泊,,,,,,,,,県外から訪れていない（石川県内在住）,0,0,0,0,0,0,0,,0,0,0,0,,,,,初めて,友人・親戚を訪ねる,0,0,0,0,0,0,0,0,0,0,0,0,0,0,0,0,0,0,インターネット・アプリ,0,0,0,0,0,0,0,0,0,0,1,0,0,0,0,0,0,0,0,0,0,0,0,0,0,,,,,,"5,000円以上 10,000円未満",,"1,000円以上 3,000円未満",,,,,,,,,,,4,5,,,,,,10,石川県在住,地元メーカーの素材デザイン等地元色の濃いお菓子,石川県立図書館,同意する,,,,,,,1963,,,,,,
石川,2026/02/01 20:21:44,大阪府,男,1963,,"900万円以上 1,000万円未満",自分ひとり,1泊,石川県外には泊まらない,金沢エリア  （湯涌温泉、深谷温泉、犀川温泉など）,1泊,,,,,,,,,新幹線,0,0,1,0,0,0,0,,0,0,0,0,4,,,,6～10回目,出張など仕事関係,0,0,0,0,0,0,0,0,0,0,0,0,0,0,0,0,1,0,得意先の新年会,0,0,0,0,0,0,0,0,0,0,0,0,0,0,0,0,0,0,0,0,0,0,0,0,1,,,,,,"5,000円以上 10,000円未満",,"3,000円以上 5,000円未満",,,,,,,,,,,4,4,,,,,,8,また行きたい（1年以内）,お寿司,金沢国際ホテル,同意する,,石川県内、得意先周り,,金沢駅土産物街,,,1963,,,,,,
石川,2026/02/01 21:33:07,長野県,女,1999,,"900万円以上 1,000万円未満",夫婦2人,1泊,石川県外には泊まらない,金沢エリア  （湯涌温泉、深谷温泉、犀川温泉など）,1泊,,,,,,,,,新幹線,0,0,1,0,0,0,0,,0,0,0,0,,,,,2～5回目,"地元の美味しいものを食べる, 名所、旧跡の観光, まちあるき、都市散策, 各種体験（手作り、果物狩りなど）, 新婚旅行",0,0,1,0,1,0,0,0,0,0,1,1,0,0,0,0,0,0,"X(旧：Twitter), Instagram",0,0,0,1,0,1,0,0,0,0,0,0,0,0,0,0,0,0,0,0,0,0,0,0,0,,,,,,"50,000円以上 100,000円未満",,"5,000円以上 10,000円未満",,,,,,,,,,,5,4,,,,,,10,機会があれば行きたい,特になし,ホテル日航金沢,同意する,,,,,,,1999,,,,,,
石川,2026/02/02 13:24:50,鳥取県,女,1991,,100万円未満,友人,2泊,富山県,石川県内には宿泊しない,石川県内には宿泊しない,,,,,,,,,レンタカー,0,1,0,0,0,0,0,,0,0,0,0,5,,,,2～5回目,名所、旧跡の観光,0,0,0,0,1,0,0,0,0,0,0,0,0,0,0,0,0,0,友人・知人,0,0,0,0,0,0,0,0,0,0,0,0,0,0,0,0,0,0,1,0,0,0,0,0,0,,,,,,使わない,,"1,000円未満",,,,,,,,,,,4,2,日本なのに英語飛び交ってる,順路とかあれば嬉しい,,,,3,また行きたい（1年以内）,特になし,兼六駐車場,同意する,,,,時間がなかった,,,1991,,,,,,
石川,2026/02/02 15:45:19,長野県,男,1987,,300万円以上 400万円未満,恋人,1泊,石川県外には泊まらない,金沢エリア  （湯涌温泉、深谷温泉、犀川温泉など）,1泊,,,,,,,,,自家用車,1,0,0,0,0,0,0,,0,0,0,0,,,,,初めて,"宿でのんびり過ごす, 温泉や露天風呂, 地元の美味しいものを食べる, 買い物、アウトレット",1,1,1,0,0,0,1,0,0,0,0,0,0,0,0,0,0,0,"インターネット・アプリ, Instagram",0,0,0,1,0,0,0,0,0,0,1,0,0,0,0,0,0,0,0,0,0,0,0,0,0,,,,,,"30,000円以上 40,000円未満",,"50,000円以上 100,000円未満",,,,,,,,,,,5,5,風情あふれる街並み,,,,,10,また行きたい（1年以内）,特になし,兼六駐車場,同意する,,,,,,,1987,,,,,,
石川,2026/02/03 7:50:20,北海道,男,1995,,"1,000万円以上 1,200万円未満",職場の同僚,3泊,富山県,金沢エリア  （湯涌温泉、深谷温泉、犀川温泉など）,2泊,,,,,,,,,飛行機,0,0,0,0,1,0,0,,0,0,0,0,5,空港到着後のバスの接続がスムーズだった,,,初めて,出張など仕事関係,0,0,0,0,0,0,0,0,0,0,0,0,0,0,0,0,1,0,インターネット・アプリ,0,0,0,0,0,0,0,0,0,0,1,0,0,0,0,0,0,0,0,0,0,0,0,0,0,,,,,,"5,000円以上 10,000円未満",,使わない,,,,,,,,,,,4,4,駅近、安いが、天井に雨漏りの跡が目立った,朝ごはんがおいしい、安い、便利,,,,9,機会があれば行きたい,空港連絡バスがクレジットタッチで乗れることを空港内に書いて欲しい。,ガーデンホテル金沢,同意する,,金沢大学,,,,,1995,,,,,,
石川,2026/02/03 13:14:01,大阪府,女,1998,,300万円以上 400万円未満,職場の同僚,4泊以上,富山、東京,金沢エリア  （湯涌温泉、深谷温泉、犀川温泉など）,1泊,,,,,,,,,"新幹線, 在来線",0,0,1,1,0,0,0,,0,0,0,0,,,,,2～5回目,"名所、旧跡の観光, まちあるき、都市散策, 友人・親戚を訪ねる, 出張など仕事関係",0,0,0,0,1,0,0,0,0,0,1,0,0,0,0,0,1,0,"インターネット・アプリ, TikTok",0,0,0,0,1,0,0,0,0,0,1,0,0,0,0,0,0,0,0,0,0,0,0,0,0,,,,,,"5,000円以上 10,000円未満",,"3,000円以上 5,000円未満",,,,,,,,,,,5,5,,,,,,10,また行きたい（1年以内）,バスを利用しての移動に不安がある。各地へのバスを使用しての行き方がもっと簡単にわかったら嬉しいです。,金沢駅,同意する,,スタート地点,,,,,1998,,,,,,
石川,2026/02/03 15:53:53,愛知県,女,1977,,500万円以上 600万円未満,中学生以上連れの家族,1泊,石川県外には泊まらない,金沢エリア  （湯涌温泉、深谷温泉、犀川温泉など）,1泊,,,,,,,,,新幹線,0,0,1,0,0,0,0,,0,0,0,0,2,最寄りのバス停がやや遠い,,,初めて,"宿でのんびり過ごす, 地元の美味しいものを食べる",1,0,1,0,0,0,0,0,0,0,0,0,0,0,0,0,0,0,インターネット・アプリ,0,0,0,0,0,0,0,0,0,0,1,0,0,0,0,0,0,0,0,0,0,0,0,0,0,,,,,,"10,000円以上 20,000円未満",,"5,000円以上 10,000円未満",,,,,,,,,,,4,4,施設が広々としてきれい。窓からの眺めが素敵。,ゆっくりできる。,,,,8,また行きたい（1年以内）,特になし 美しい街並みや静かな雰囲気、美味しい食事,KKRホテル金沢,同意する,,,,,,,1977,,,,,,
石川,2026/02/03 18:36:37,沖縄県,女,1964,,300万円以上 400万円未満,自分ひとり,3泊,石川県外には泊まらない,金沢エリア  （湯涌温泉、深谷温泉、犀川温泉など）,3泊,,,,,,,,,"飛行機, 空港リムジンバス",0,0,0,0,1,0,0,,0,0,0,0,,,,,6～10回目,"名所、旧跡の観光, 出張など仕事関係, 雪が見たい",0,0,0,0,1,0,0,0,0,0,0,0,0,0,0,0,1,0,"観光展・物産展, ブログ, 観光協会等の案内所",0,0,0,0,0,0,0,0,1,0,0,0,0,0,0,0,0,0,0,0,0,1,1,0,0,,,,,,"1,000円以上 3,000円未満",,"1,000円以上 3,000円未満",,,,,,,,,,,4,4,以前来てよかった印象がそのまま,歴史を感じられてよかった,,,,8,機会があれば行きたい,金沢らしいおでんを食べられるところをもっと紹介してほしい 雪景色の金沢はどこも素敵,金沢駅,同意する,,,,,,,1964,,,,,,
石川,2026/02/03 20:11:00,愛知県,男,1987,,"900万円以上 1,000万円未満",夫婦2人,1泊,石川県外には泊まらない,金沢エリア  （湯涌温泉、深谷温泉、犀川温泉など）,1泊,,,,,,,,,自家用車,1,0,0,0,0,0,0,,0,0,0,0,,,,,初めて,"地元の美味しいものを食べる, 名所、旧跡の観光",0,0,1,0,1,0,0,0,0,0,0,0,0,0,0,0,0,0,"インターネット・アプリ, Instagram, chatGPT",0,0,0,1,0,0,0,0,0,0,1,0,0,0,0,0,0,0,0,0,0,0,0,0,0,,,,,,"5,000円以上 10,000円未満",,"1,000円未満",,,,,,,,,,,4,3,,,,,,8,機会があれば行きたい,特になし 食事が美味しかった,KOKOHOTEL Premier 金沢香林坊,同意する,,,,,,,1987,,,,,,
石川,2026/02/03 20:28:34,徳島県,男,1983,,"1,200万円以上 1,500万円未満",自分ひとり,4泊以上,新潟,金沢エリア  （湯涌温泉、深谷温泉、犀川温泉など）,2泊,,,,,,,,,"新幹線, 在来線",0,0,1,1,0,0,0,,0,0,0,0,,,,,2～5回目,出張など仕事関係,0,0,0,0,0,0,0,0,0,0,0,0,0,0,0,0,1,0,インターネット・アプリ,0,0,0,0,0,0,0,0,0,0,1,0,0,0,0,0,0,0,0,0,0,0,0,0,0,,,,,,"5,000円以上 10,000円未満",,"5,000円以上 10,000円未満",,,,,,,,,,,4,5,,,,,,8,機会があれば行きたい,海鮮,ガーデンホテル金沢,同意する,,,,,,,1983,,,,,,
石川,2026/02/03 21:17:24,大阪府,男,1961,,700万円以上 800万円未満,自分ひとり,2泊,富山県,金沢エリア  （湯涌温泉、深谷温泉、犀川温泉など）,2泊,,,,,,,,,会社の営業車,0,0,0,0,0,0,0,,0,0,0,0,5,時刻表を気にせず移動可能な所,,,11回目以上,出張など仕事関係,0,0,0,0,0,0,0,0,0,0,0,0,0,0,0,0,1,0,インターネット・アプリ,0,0,0,0,0,0,0,0,0,0,1,0,0,0,0,0,0,0,0,0,0,0,0,0,0,,,,,,"5,000円以上 10,000円未満",,使わない,,,,,,,,,,,4,3,立ち寄って居ない。,立ち寄って居ない。,,,,10,また行きたい（1年以内）,インバウンド観光客がこれ以上増加せず、ゆっくり飲食や観光を楽しみたい。 食べ物が美味し。,ガーデンホテル金沢,同意する,,ヒジネス出張の為、観光等の立ち寄りが無い。,,ヒジネス出張の為。,,,1961,,,,,,
石川,2026/02/04 13:55:02,東京都,女,1981,,"1,500万円以上",小学生以下連れの家族,2泊,石川県外には泊まらない,金沢エリア  （湯涌温泉、深谷温泉、犀川温泉など）,2泊,,,,,,,,,"新幹線, 在来線",0,0,1,1,0,0,0,,0,0,0,0,,,,,2～5回目,21世紀美術館,0,0,0,0,0,0,0,0,0,0,0,0,0,0,0,0,0,0,"新聞・雑誌・ガイドブック, インターネット・アプリ",0,0,0,0,0,0,0,0,0,0,1,0,0,0,0,0,1,0,0,0,0,0,0,0,0,,,,,,"20,000円以上 30,000円未満",,"1,000円以上 3,000円未満",,,,,,,,,,,4,4,,昼食を取らずこちら方面に来てしまい、レストランが全くないことに気づきましたが、飲食可能なレストスペースとお菓子の自販機があり、子連れだったので助かりました。,,,,9,また行きたい（1年以内）,特にありません 東京から新幹線で来れて、レンタカーを使わず公共交通機関のみで多様な観光施設を回れることと、街中も建物も美しく、今回は雪も綺麗に積もっていてとても素敵でした。また、やはり日本海の海の幸は新鮮でとてもおいしかったです。,石川県立歴史博物館,同意する,,,,,,,1981,,,,,,
石川,2026/02/04 14:51:51,富山県,女,1985,,"1,500万円以上",夫婦2人,日帰り,富山県,石川県内には宿泊しない,石川県内には宿泊しない,,,,,,,,,自家用車,1,0,0,0,0,0,0,,0,0,0,0,,,,,11回目以上,"テーマパーク（遊園地、動物園、博物館など）, 買い物、アウトレット, スポーツ観戦や芸術鑑賞（コンサート等）, ドライブ・ツーリング",0,0,0,0,0,1,1,0,0,0,0,0,0,0,1,0,0,0,インターネット・アプリ,0,0,0,0,0,0,0,0,0,0,1,0,0,0,0,0,0,0,0,0,0,0,0,0,0,,,,,,使わない,,"1,000円以上 3,000円未満",,,,,,,,,,,4,5,ゴジラ博が面白く見応えがあった,入ってすぐの休憩スペースが不思議な空間でゆったり過ごせた,,,,5,また行きたい（1年以内）,特になし お隣県だからドライブにちょうど良い,石川県立歴史博物館,同意する,,,,白山イオン,,,1985,,,,,,
石川,2026/02/04 15:24:39,神奈川県,女,1973,,"1,200万円以上 1,500万円未満",中学生以上連れの家族,1泊,石川県外には泊まらない,金沢エリア  （湯涌温泉、深谷温泉、犀川温泉など）,1泊,,,,,,,,,新幹線,0,0,1,0,0,0,0,,0,0,0,0,3,,,,初めて,"地元の美味しいものを食べる, 名所、旧跡の観光, まちあるき、都市散策",0,0,1,0,1,0,0,0,0,0,1,0,0,0,0,0,0,0,"インターネット・アプリ, Instagram",0,0,0,1,0,0,0,0,0,0,1,0,0,0,0,0,0,0,0,0,0,0,0,0,0,,,,,,"5,000円以上 10,000円未満",,"1,000円以上 3,000円未満",,,,,,,,,,,5,4,丁寧だった,綺麗だった。,,,,8,また行きたい（1年以内）,今回の旅は満足しました。 金沢城,石川県立美術館,同意する,,,,全ての工程を終えたから,,,1973,,,,,,
石川,2026/02/04 16:06:51,岐阜県,女,1962,,500万円以上 600万円未満,夫婦2人,1泊,石川県外には泊まらない,加賀エリア （山代温泉、山中温泉、片山津温泉、粟津温泉、辰口温泉、加賀市、小松市など）,1泊,,,,,,,,,自家用車,1,0,0,0,0,0,0,,0,0,0,0,,,,,2～5回目,"温泉や露天風呂, 名所、旧跡の観光",0,1,0,0,1,0,0,0,0,0,0,0,0,0,0,0,0,0,観光展・物産展,0,0,0,0,0,0,0,0,0,0,0,0,0,0,0,0,0,0,0,0,0,0,1,0,0,,,,,,"50,000円以上 100,000円未満",,"5,000円以上 10,000円未満",,,,,,,,,,,4,4,降雪にも関わらず動線確保されて歩きやすかったです,,,,,10,機会があれば行きたい,特にありません,兼六園,同意する,,,,,,,1962,,,,,,
石川,2026/02/04 17:17:52,東京都,女,1956,,300万円以上 400万円未満,夫婦2人,1泊,石川県外には泊まらない,金沢エリア  （湯涌温泉、深谷温泉、犀川温泉など）,1泊,,,,,,,,,新幹線,0,0,1,0,0,0,0,,0,0,0,0,,,,,初めて,"宿でのんびり過ごす, 名所、旧跡の観光",1,0,0,0,1,0,0,0,0,0,0,0,0,0,0,0,0,0,"新聞・雑誌・ガイドブック, インターネット・アプリ",0,0,0,0,0,0,0,0,0,0,1,0,0,0,0,0,1,0,0,0,0,0,0,0,0,,,,,,"10,000円以上 20,000円未満",,"3,000円以上 5,000円未満",,,,,,,,,,,4,4,,,,,,5,また行きたい（1年以内）,特になし,金沢中央観光案内所,同意する,,,,,,,1956,,,,,,
石川,2026/02/04 18:21:22,千葉県,女,2005,,600万円以上 700万円未満,友人,2泊,石川県外には泊まらない,金沢エリア  （湯涌温泉、深谷温泉、犀川温泉など）,2泊,,,,,,,,,"新幹線, 在来線",0,0,1,1,0,0,0,,0,0,0,0,,,,,初めて,"名所、旧跡の観光, 各種体験（手作り、果物狩りなど）",0,0,0,0,1,0,0,0,0,0,0,1,0,0,0,0,0,0,友人・知人,0,0,0,0,0,0,0,0,0,0,0,0,0,0,0,0,0,0,1,0,0,0,0,0,0,,,,,,"10,000円以上 20,000円未満",,"1,000円未満",,,,,,,,,,,5,5,アメニティが豊富,,,,,10,機会があれば行きたい,特になし,ダイワロイネットホテル金沢MIYABI,同意する,,加賀伝統工芸村,,,,,2005,,,,,,
石川,2026/02/04 20:07:57,東京都,女,1964,,300万円以上 400万円未満,自分ひとり,1泊,石川県外には泊まらない,金沢エリア  （湯涌温泉、深谷温泉、犀川温泉など）,2泊,,,,,,,,,飛行機,0,0,0,0,1,0,0,,0,0,0,0,4,思ったより本数があった,,,初めて,"地元の美味しいものを食べる, まちあるき、都市散策",0,0,1,0,0,0,0,0,0,0,1,0,0,0,0,0,0,0,インターネット・アプリ,0,0,0,0,0,0,0,0,0,0,1,0,0,0,0,0,0,0,0,0,0,0,0,0,0,,,,,,"10,000円以上 20,000円未満",,使わない,,,,,,,,,,,4,4,きれいで広い,,,,,9,機会があれば行きたい,北陸の食材を使ったグルメやスイーツ 雪の景色はきれい,ガーデンホテル金沢,同意する,,金沢芸術村,,氷見番屋,,,1964,,,,,,
石川,2026/02/04 20:08:19,大阪府,女,1961,,300万円以上 400万円未満,夫婦2人,1泊,石川県外には泊まらない,金沢エリア  （湯涌温泉、深谷温泉、犀川温泉など）,1泊,,,,,,,,,自家用車,1,0,0,0,0,0,0,,0,0,0,0,,,,,初めて,名所、旧跡の観光,0,0,0,0,1,0,0,0,0,0,0,0,0,0,0,0,0,0,旅行サイト,0,0,0,0,0,0,0,0,0,0,0,0,0,0,0,0,0,0,0,0,0,0,0,0,1,,,,,,"10,000円以上 20,000円未満",,"5,000円以上 10,000円未満",,,,,,,,,,,4,4,,チェックインが早く立地がよい,,,,9,機会があれば行きたい,特にない,KOKOHOTEL Premier 金沢香林坊,同意する,,,,,,,1961,,,,,,
石川,2026/02/05 8:20:41,神奈川県,女,1979,,"1,000万円以上 1,200万円未満",職場の同僚,2泊,石川県外には泊まらない,金沢エリア  （湯涌温泉、深谷温泉、犀川温泉など）,2泊,,,,,,,,,新幹線,0,0,1,0,0,0,0,,0,0,0,0,5,新幹線、駅がとてもきれい。きちんと空間が保たれている。,,,初めて,出張など仕事関係,0,0,0,0,0,0,0,0,0,0,0,0,0,0,0,0,1,0,"インターネット・アプリ, X(旧：Twitter), Instagram, タクシードライバーや地元の人",0,0,0,1,0,1,0,0,0,0,1,0,0,0,0,0,0,0,0,1,0,0,0,0,0,,,,,,"10,000円以上 20,000円未満",,使わない,,,,,,,,,,,5,4,,,,,,8,また行きたい（1年以内）,和菓子以外のインパクトのあるお土産 食事がおいしく感じる。,ホテル・トリフィート金沢,同意する,,,,,,,1979,,,,,,
石川,2026/02/05 9:17:06,新潟県,女,1959,,100万円以上 200万円未満,夫婦2人,1泊,石川県外には泊まらない,金沢エリア  （湯涌温泉、深谷温泉、犀川温泉など）,1泊,,,,,,,,,新幹線,0,0,1,0,0,0,0,,0,0,0,0,5,早くこれた,,,2～5回目,"宿でのんびり過ごす, 名所、旧跡の観光",1,0,0,0,1,0,0,0,0,0,0,0,0,0,0,0,0,0,新聞・雑誌・ガイドブック,0,0,0,0,0,0,0,0,0,0,0,0,0,0,0,0,1,0,0,0,0,0,0,0,0,,,,,,"5,000円以上 10,000円未満",,"5,000円以上 10,000円未満",,,,,,,,,,,5,5,納得した,きれいだった,,,,8,また行きたい（1年以内）,特になし 見どころが沢山,金沢城公園,同意する,,,,行ってみたいと思う,,,1959,,,,,,
石川,2026/02/05 13:19:18,東京都,女,1997,,"1,000万円以上 1,200万円未満",小学生以下連れの家族,2泊,富山県,金沢エリア  （湯涌温泉、深谷温泉、犀川温泉など）,1泊,,,,,,,,,"新幹線, 在来線",0,0,1,1,0,0,0,,0,0,0,0,,,,,2～5回目,"地元の美味しいものを食べる, 花見や紅葉などの自然鑑賞",0,0,1,1,0,0,0,0,0,0,0,0,0,0,0,0,0,0,X(旧：Twitter),0,0,0,0,0,1,0,0,0,0,0,0,0,0,0,0,0,0,0,0,0,0,0,0,0,,,,,,"3,000円以上 5,000円未満",,"1,000円未満",,,,,,,,,,,4,4,雪景色が綺麗だった。,安価な入場料でのんびりお散歩ができ満足です。,,,,9,また行きたい（1年以内）,特になし,兼六園,同意する,,,,,,,1997,,,,,,
石川,2026/02/05 16:53:12,大阪府,男,1985,,700万円以上 800万円未満,職場の同僚,1泊,石川県外には泊まらない,金沢エリア  （湯涌温泉、深谷温泉、犀川温泉など）,1泊,,,,,,,,,"新幹線, 在来線",0,0,1,1,0,0,0,,0,0,0,0,,,,,初めて,"地元の美味しいものを食べる, 名所、旧跡の観光, まちあるき、都市散策",0,0,1,0,1,0,0,0,0,0,1,0,0,0,0,0,0,0,"新聞・雑誌・ガイドブック, インターネット・アプリ",0,0,0,0,0,0,0,0,0,0,1,0,0,0,0,0,1,0,0,0,0,0,0,0,0,,,,,,"3,000円以上 5,000円未満",,"1,000円未満",,,,,,,,,,,4,5,,,,,,8,また行きたい（1年以内）,特になし,尾山神社,同意する,,,,,,,1985,,,,,,
石川,2026/02/06 9:00:55,東京都,男,1981,,"1,500万円以上",自分ひとり,1泊,石川県外には泊まらない,金沢エリア  （湯涌温泉、深谷温泉、犀川温泉など）,1泊,,,,,,,,,新幹線,0,0,1,0,0,0,0,,0,0,0,0,2,交通系ICがバスで使えないところ,,,初めて,出張など仕事関係,0,0,0,0,0,0,0,0,0,0,0,0,0,0,0,0,1,0,"観光展・物産展, 新聞・雑誌・ガイドブック",0,0,0,0,0,0,0,0,0,0,0,0,0,0,0,0,1,0,0,0,0,0,1,0,0,,,,,,"10,000円以上 20,000円未満",,"3,000円以上 5,000円未満",,,,,,,,,,,5,5,料理がよかった,不満がない,,,,9,また行きたい（1年以内）,いい地酒がもっとアピールしてほしい いい街だった,金沢東急ホテル,同意する,,,,,,,1981,,,,,,
石川,2026/02/06 9:26:40,京都府,女,2003,,100万円未満,自分ひとり,4泊以上,石川県外には泊まらない,金沢エリア  （湯涌温泉、深谷温泉、犀川温泉など）,4泊以上,,,,,,,,,新幹線,0,0,1,0,0,0,0,,0,0,0,0,,,,,初めて,"温泉や露天風呂, 地元の美味しいものを食べる, まちあるき、都市散策",0,1,1,0,0,0,0,0,0,0,1,0,0,0,0,0,0,0,"観光展・物産展, TV・ラジオ番組やCM",0,0,0,0,0,0,0,0,0,0,0,0,0,0,1,0,0,0,0,0,0,0,1,0,0,,,,,,"5,000円以上 10,000円未満",,"1,000円以上 3,000円未満",,,,,,,,,,,4,5,,,,,,7,機会があれば行きたい,祭り参加したい,金沢カプセルホテル武蔵町,同意する,,,,,,,2003,,,,,,
石川,2026/02/06 11:56:20,三重県,無回答,2000,,500万円以上 600万円未満,恋人,日帰り,富山県,石川県内には宿泊しない,石川県内には宿泊しない,,,,,,,,,自家用車,1,0,0,0,0,0,0,,0,0,0,0,,,,,11回目以上,名所、旧跡の観光,0,0,0,0,1,0,0,0,0,0,0,0,0,0,0,0,0,0,インターネット・アプリ,0,0,0,0,0,0,0,0,0,0,1,0,0,0,0,0,0,0,0,0,0,0,0,0,0,,,,,,"10,000円以上 20,000円未満",,"3,000円以上 5,000円未満",,,,,,,,,,,5,5,清潔、安全、楽しい,清潔、安全、楽しい,,,,10,また行きたい（1年以内）,特になし,石川県立図書館,同意する,,石川県立図書館,,,,,2000,,,,,,
石川,2026/02/06 13:30:32,宮城県,男,2003,,100万円未満,恋人,3泊,石川県外には泊まらない,金沢エリア  （湯涌温泉、深谷温泉、犀川温泉など）,3泊,,,,,,,,,新幹線,0,0,1,0,0,0,0,,0,0,0,0,,,,,初めて,"地元の美味しいものを食べる, 名所、旧跡の観光, まちあるき、都市散策",0,0,1,0,1,0,0,0,0,0,1,0,0,0,0,0,0,0,"インターネット・アプリ, Instagram",0,0,0,1,0,0,0,0,0,0,1,0,0,0,0,0,0,0,0,0,0,0,0,0,0,,,,,,"10,000円以上 20,000円未満",,"1,000円未満",,,,,,,,,,,5,5,,,,,,8,機会があれば行きたい,特になし,石川県立歴史博物館,同意する,,,,,,,2003,,,,,,
石川,2026/02/06 16:31:46,京都府,女,1980,,400万円以上 500万円未満,親,3泊,石川県外には泊まらない,金沢エリア  （湯涌温泉、深谷温泉、犀川温泉など）,3泊,,,,,,,,,新幹線,0,0,1,0,0,0,0,,0,0,0,0,4,,,,2～5回目,"宿でのんびり過ごす, 地元の美味しいものを食べる, 名所、旧跡の観光",1,0,1,0,1,0,0,0,0,0,0,0,0,0,0,0,0,0,インターネット・アプリ,0,0,0,0,0,0,0,0,0,0,1,0,0,0,0,0,0,0,0,0,0,0,0,0,0,,,,,,"5,000円以上 10,000円未満",,"3,000円以上 5,000円未満",,,,,,,,,,,4,4,,,,,,8,また行きたい（1年以内）,特になし,兼六駐車場,同意する,,,,,,,1980,,,,,,
石川,2026/02/06 19:14:39,愛知県,女,1997,,400万円以上 500万円未満,職場の同僚,3泊,石川県外には泊まらない,金沢エリア  （湯涌温泉、深谷温泉、犀川温泉など）,3泊,,,,,,,,,"新幹線, 在来線",0,0,1,1,0,0,0,,0,0,0,0,3,本数は多いが値段が微妙に違ったり、駅からはどれに乗っていいか迷ったため,,,6～10回目,"地元の美味しいものを食べる, 出張など仕事関係",0,0,1,0,0,0,0,0,0,0,0,0,0,0,0,0,1,0,"Instagram, 友人・知人",0,0,0,1,0,0,0,0,0,0,0,0,0,0,0,0,0,0,1,0,0,0,0,0,0,,,,,,"20,000円以上 30,000円未満",,"1,000円以上 3,000円未満",,,,,,,,,,,4,4,,,,,,8,また行きたい（1年以内）,おでんと海鮮が美味しすぎる,KOKOHOTEL Premier 金沢香林坊,同意する,,,,,,,1997,,,,,,
石川,2026/02/06 19:34:18,滋賀県,女,1962,,"1,200万円以上 1,500万円未満",自分ひとり,3泊,石川県外には泊まらない,金沢エリア  （湯涌温泉、深谷温泉、犀川温泉など）,3泊,,,,,,,,,自家用車,1,0,0,0,0,0,0,,0,0,0,0,,,,,11回目以上,"宿でのんびり過ごす, 地元の美味しいものを食べる",1,0,1,0,0,0,0,0,0,0,0,0,0,0,0,0,0,0,Instagram,0,0,0,1,0,0,0,0,0,0,0,0,0,0,0,0,0,0,0,0,0,0,0,0,0,,,,,,"10,000円以上 20,000円未満",,"20,000円以上 30,000円未満",,,,,,,,,,,5,4,安定している,安定している,,,,9,また行きたい（1年以内）,美味しいこと 海鮮以外の料理,KOKOHOTEL Premier 金沢香林坊,同意する,,,,,,,1962,,,,,,
石川,2026/02/06 20:22:29,東京都,女,2000,,"1,500万円以上",親,2泊,岐阜県,金沢エリア  （湯涌温泉、深谷温泉、犀川温泉など）,1泊,,,,,,,,,自家用車,1,0,0,0,0,0,0,,0,0,0,0,,,,,2～5回目,カニを食べる,0,0,0,0,0,0,0,0,0,0,0,0,0,0,0,0,0,0,"新聞・雑誌・ガイドブック, Facebook, 友人・知人",1,0,0,0,0,0,0,0,0,0,0,0,0,0,0,0,1,0,1,0,0,0,0,0,0,,,,,,"20,000円以上 30,000円未満",,"20,000円以上 30,000円未満",,,,,,,,,,,5,4,ホテルがとても綺麗だったし、行きたいお店から近くて便利だった。ただ、個人的には大浴場のある宿に泊まりたかった。,,,,,10,また行きたい（1年以内）,とにかくカニがうまい。カニの時期にまた来たい。 カニが食べられること。東京だと高いし、こんなに美味しいものは滅多に食べられない。かにを食べるだけのためにここに来たいと思わせる力があると感じた。,金沢東急ホテル,同意する,,,,,,,2000,,,,,,
石川,2026/02/06 20:37:56,広島県,女,1965,,800万円以上 900万円未満,親,1泊,石川県外には泊まらない,金沢エリア  （湯涌温泉、深谷温泉、犀川温泉など）,石川県内には宿泊しない,,,,,,,,,新幹線,0,0,1,0,0,0,0,,0,0,0,0,4,路線バスを金沢駅から利用したが分かりやすく便もすぐ来た,,,2～5回目,"買い物、アウトレット, まちあるき、都市散策",0,0,0,0,0,0,1,0,0,0,1,0,0,0,0,0,0,0,"インターネット・アプリ, Instagram",0,0,0,1,0,0,0,0,0,0,1,0,0,0,0,0,0,0,0,0,0,0,0,0,0,,,,,,"10,000円以上 20,000円未満",,"3,000円以上 5,000円未満",,,,,,,,,,,5,4,品揃えがよい,,,,,10,また行きたい（1年以内）,このまま続けて欲しいです。 文化と歴史を感じ、食べ物もバラエティーに富んで楽しい美しい街です。,KKRホテル金沢,同意する,,,,金沢駅,,,1965,,,,,,
石川,2026/02/07 8:22:32,神奈川県,男,1967,,"900万円以上 1,000万円未満",中学生以上連れの家族,2泊,富山県,金沢エリア  （湯涌温泉、深谷温泉、犀川温泉など）,1泊,,,,,,,,,自家用車,1,0,0,0,0,0,0,,0,0,0,0,,,,,初めて,"地元の美味しいものを食べる, 名所、旧跡の観光",0,0,1,0,1,0,0,0,0,0,0,0,0,0,0,0,0,0,インターネット・アプリ,0,0,0,0,0,0,0,0,0,0,1,0,0,0,0,0,0,0,0,0,0,0,0,0,0,,,,,,"10,000円以上 20,000円未満",,"10,000円以上 20,000円未満",,,,,,,,,,,4,4,,,,,,5,機会があれば行きたい,自然を満喫できる所,ホテルマイステイズプレミア金沢,同意する,,,,,,,1967,,,,,,
石川,2026/02/07 10:17:48,福井県,女,1985,,500万円以上 600万円未満,小学生以下連れの家族,日帰り,福井県,石川県内には宿泊しない,石川県内には宿泊しない,,,,,,,,,自家用車,1,0,0,0,0,0,0,,0,0,0,0,,,,,初めて,テーマパーク（遊園地、動物園、博物館など）,0,0,0,0,0,1,0,0,0,0,0,0,0,0,0,0,0,0,"新聞・雑誌・ガイドブック, TV・ラジオ番組やCM, Instagram",0,0,0,1,0,0,0,0,0,0,0,0,0,0,1,0,1,0,0,0,0,0,0,0,0,,,,,,"5,000円以上 10,000円未満",,"3,000円以上 5,000円未満",,,,,,,,,,,4,4,,,,,,9,機会があれば行きたい,子供を遊ばせる場所や、食べやすい環境である場所,石川県立歴史博物館,同意する,,,,,,,1985,,,,,,
石川,2026/02/07 11:44:58,静岡県,女,1971,,400万円以上 500万円未満,夫婦2人,2泊,石川県外には泊まらない,金沢エリア  （湯涌温泉、深谷温泉、犀川温泉など）,2泊,,,,,,,,,"新幹線, 在来線",0,0,1,1,0,0,0,,0,0,0,0,4,複数の路線がある,,,初めて,"地元の美味しいものを食べる, 花見や紅葉などの自然鑑賞, 名所、旧跡の観光",0,0,1,1,1,0,0,0,0,0,0,0,0,0,0,0,0,0,"新聞・雑誌・ガイドブック, インターネット・アプリ",0,0,0,0,0,0,0,0,0,0,1,0,0,0,0,0,1,0,0,0,0,0,0,0,0,,,,,,"10,000円以上 20,000円未満",,"1,000円未満",,,,,,,,,,,4,4,展示が充実してる,,,,,7,機会があれば行きたい,お土産は迷うほどたくさん。特に工芸品 工芸が素晴らしい,石川県立歴史博物館,同意する,,県立工芸博物館,,県立図書館,,,1971,,,,,,
石川,2026/02/07 12:21:22,東京都,女,1964,,300万円以上 400万円未満,夫婦2人,4泊以上,東京,石川県内には宿泊しない,4泊以上,,,,,,,,,"新幹線, 飛行機",0,0,1,0,1,0,0,,0,0,0,0,,,,,2～5回目,"宿でのんびり過ごす, 花見や紅葉などの自然鑑賞, 名所、旧跡の観光",1,0,0,1,1,0,0,0,0,0,0,0,0,0,0,0,0,0,"新聞・雑誌・ガイドブック, 観光パンフレット・ポスター",0,0,0,0,0,0,0,0,0,0,0,0,0,0,0,0,1,0,0,0,1,0,0,0,0,,,,,,"5,000円以上 10,000円未満",,"1,000円以上 3,000円未満",,,,,,,,,,,4,4,観光客に対して親切です,標示が分かり易いです,,,,8,機会があれば行きたい,特になし のんびりできること,石川県政記念しいのき迎賓館,同意する,,,,,,,1964,,,,,,
石川,2026/02/07 12:21:45,富山県,男,1965,,600万円以上 700万円未満,自分ひとり,日帰り,富山県,石川県内には宿泊しない,石川県内には宿泊しない,,,,,,,,,自家用車,1,0,0,0,0,0,0,,0,0,0,0,,,,,11回目以上,スポーツ観戦や芸術鑑賞（コンサート等）,0,0,0,0,0,0,0,0,0,0,0,0,0,0,0,0,0,0,"インターネット・アプリ, Facebook, 友人・知人",1,0,0,0,0,0,0,0,0,0,1,0,0,0,0,0,0,0,1,0,0,0,0,0,0,,,,,,"1,000円以上 3,000円未満",,"1,000円以上 3,000円未満",,,,,,,,,,,4,4,,,,,,7,また行きたい（1年以内）,特になり,石川県政記念しいのき迎賓館,同意する,,,,,,,1965,,,,,,
石川,2026/02/07 12:42:17,東京都,男,1964,,"1,200万円以上 1,500万円未満",夫婦2人,4泊以上,関東,金沢エリア  （湯涌温泉、深谷温泉、犀川温泉など）,4泊以上,,,,,,,,,"新幹線, 飛行機",0,0,1,0,1,0,0,,0,0,0,0,4,便利,,,2～5回目,"宿でのんびり過ごす, 温泉や露天風呂, 地元の美味しいものを食べる, 名所、旧跡の観光, テーマパーク（遊園地、動物園、博物館など）, 買い物、アウトレット, スキー・スノボ・マリンスポーツ",1,1,1,0,1,1,1,0,0,0,0,0,0,0,0,0,0,0,"観光展・物産展, 新聞・雑誌・ガイドブック, 観光パンフレット・ポスター, 友人・知人, 観光協会等の案内所",0,0,0,0,0,0,0,0,0,0,0,0,0,0,0,0,1,0,1,0,1,1,1,0,0,,,,,,"5,000円以上 10,000円未満",,"3,000円以上 5,000円未満",,,,,,,,,,,4,3,スタッフは丁寧で,スタッフは丁寧で,,,,8,機会があれば行きたい,特になし 便利でリラックスできる場所,石川県政記念しいのき迎賓館,同意する,,金沢市商店街,,茶屋,,,1964,,,,,,
石川,2026/02/07 13:57:54,福井県,女,1997,,600万円以上 700万円未満,恋人,1泊,富山県,石川県内には宿泊しない,石川県内には宿泊しない,,,,,,,,,自家用車,1,0,0,0,0,0,0,,0,0,0,0,,,,,初めて,"地元の美味しいものを食べる, 名所、旧跡の観光, 各種体験（手作り、果物狩りなど）",0,0,1,0,1,0,0,0,0,0,0,1,0,0,0,0,0,0,Instagram,0,0,0,1,0,0,0,0,0,0,0,0,0,0,0,0,0,0,0,0,0,0,0,0,0,,,,,,使わない,,"1,000円以上 3,000円未満",,,,,,,,,,,4,4,和菓子作りがとても楽しかったです,お土産も沢山あってよかった,,,,8,また行きたい（1年以内）,特になし 食べ物が美味しい,石川県観光物産館,同意する,,,,,,,1997,,,,,,
石川,2026/02/07 15:06:05,東京都,女,1972,,700万円以上 800万円未満,家族,2泊,石川県外には泊まらない,金沢エリア  （湯涌温泉、深谷温泉、犀川温泉など）,2泊,,,,,,,,,新幹線,0,0,1,0,0,0,0,,0,0,0,0,4,バス乗り場がわかりやすい,,,初めて,"地元の美味しいものを食べる, 名所、旧跡の観光, まちあるき、都市散策",0,0,1,0,1,0,0,0,0,0,1,0,0,0,0,0,0,0,観光展・物産展,0,0,0,0,0,0,0,0,0,0,0,0,0,0,0,0,0,0,0,0,0,0,1,0,0,,,,,,"20,000円以上 30,000円未満",,使わない,,,,,,,,,,,5,4,情報が豊富,,,,,9,機会があれば行きたい,のどぐろがおいしかった 金沢街歩き、白山比咩神社,金沢中央観光案内所,同意する,,,,武家屋敷,,,1972,,,,,,
石川,2026/02/07 15:06:15,新潟県,男,1973,,"900万円以上 1,000万円未満",夫婦2人,1泊,石川県外には泊まらない,金沢エリア  （湯涌温泉、深谷温泉、犀川温泉など）,1泊,,,,,,,,,自家用車,1,0,0,0,0,0,0,,0,0,0,0,,,,,2～5回目,名所、旧跡の観光,0,0,0,0,1,0,0,0,0,0,0,0,0,0,0,0,0,0,"新聞・雑誌・ガイドブック, インターネット・アプリ",0,0,0,0,0,0,0,0,0,0,1,0,0,0,0,0,1,0,0,0,0,0,0,0,0,,,,,,"10,000円以上 20,000円未満",,"5,000円以上 10,000円未満",,,,,,,,,,,4,4,ゆったり過ごせた,居心地が良かった,,,,8,機会があれば行きたい,新しいものと、昔ながらのもののコラボ 兼六園、雪景色で風情があった。,石川県観光物産館,同意する,,,,,,,1973,,,,,,
石川,2026/02/07 15:34:06,福井県,男,1962,,"1,200万円以上 1,500万円未満",夫婦2人,日帰り,石川県外には泊まらない,石川県内には宿泊しない,石川県内には宿泊しない,,,,,,,,,旅行会社ツアーバス,0,0,0,0,0,1,0,,0,0,0,0,4,運転しなくてもいいから,,,初めて,"地元の美味しいものを食べる, 名所、旧跡の観光",0,0,1,0,1,0,0,0,0,0,0,0,0,0,0,0,0,0,観光会社のツアー,0,0,0,0,0,0,0,0,0,0,0,0,0,0,0,0,0,0,0,0,0,0,0,0,1,,,,,,使わない,,使わない,,,,,,,,,,,4,4,,,,,,7,また行きたい（1年以内）,特になし,石川県銭屋五兵衛記念館,同意する,,能登上布の館,,ここから帰る,,,1962,,,,,,
石川,2026/02/07 15:38:44,鳥取県,男,1996,,500万円以上 600万円未満,夫婦2人,3泊,石川県外には泊まらない,金沢エリア  （湯涌温泉、深谷温泉、犀川温泉など）,3泊,,,,,,,,,自家用車,1,0,0,0,0,0,0,,0,0,0,0,,,,,初めて,"地元の美味しいものを食べる, 名所、旧跡の観光, まちあるき、都市散策",0,0,1,0,1,0,0,0,0,0,1,0,0,0,0,0,0,0,"観光展・物産展, Instagram, 観光協会等の案内所",0,0,0,1,0,0,0,0,0,0,0,0,0,0,0,0,0,0,0,0,0,1,1,0,0,,,,,,"10,000円以上 20,000円未満",,"3,000円以上 5,000円未満",,,,,,,,,,,5,5,商品の説明を丁寧にしていただいた,街が綺麗だった,,,,10,また行きたい（1年以内）,金沢といえばこれ！といった品々(お酒とおつまみ等)をセット化してお得に売り出されていたら、絶対に買ってしまう気がします。 非日常を味わうことができるため,金沢駅,同意する,,,,,,,1996,,,,,,
石川,2026/02/07 15:53:19,兵庫県,男,1983,,400万円以上 500万円未満,自分ひとり,1泊,石川県外には泊まらない,金沢エリア  （湯涌温泉、深谷温泉、犀川温泉など）,1泊,,,,,,,,,新幹線,0,0,1,0,0,0,0,,0,0,0,0,4,アクセスが良すぎはしないが悪すぎでもない,,,2～5回目,"地元の美味しいものを食べる, まちあるき、都市散策",0,0,1,0,0,0,0,0,0,0,1,0,0,0,0,0,0,0,インターネット・アプリ,0,0,0,0,0,0,0,0,0,0,1,0,0,0,0,0,0,0,0,0,0,0,0,0,0,,,,,,"5,000円以上 10,000円未満",,"1,000円以上 3,000円未満",,,,,,,,,,,5,4,商品が充実していた,現地感が味わえた,,,,7,また行きたい（1年以内）,石川県特有の海産物と和菓子に満足です 美味しい飲食店,からくり記念館,同意する,,,,,,,1983,,,,,,
石川,2026/02/07 16:22:49,埼玉県,女,2000,,300万円以上 400万円未満,恋人,1泊,石川県外には泊まらない,金沢エリア  （湯涌温泉、深谷温泉、犀川温泉など）,1泊,,,,,,,,,新幹線,0,0,1,0,0,0,0,,0,0,0,0,,,,,初めて,地元の美味しいものを食べる,0,0,1,0,0,0,0,0,0,0,0,0,0,0,0,0,0,0,偶然見かけました,0,0,0,0,0,0,0,0,0,0,0,0,0,0,0,0,0,0,0,0,0,0,0,0,1,,,,,,"10,000円以上 20,000円未満",,"20,000円以上 30,000円未満",,,,,,,,,,,5,5,石川県がぎゅぎゅっと詰まっていて、前日に訪れた観光場所で買い忘れたお土産なども揃っていたため,特に不満がなかったため,,,,8,機会があれば行きたい,特になし たのしかったです！ 埼玉に住んでいるのですが、やはりお魚の美味しさは友人らに積極的に進めるポイントであると感じます。埼玉には海がないので！,金沢駅,同意する,,,,,,,2000,,,,,,
石川,2026/02/07 16:23:34,埼玉県,男,1999,,400万円以上 500万円未満,恋人,1泊,石川県外には泊まらない,金沢エリア  （湯涌温泉、深谷温泉、犀川温泉など）,1泊,,,,,,,,,新幹線,0,0,1,0,0,0,0,,0,0,0,0,4,,,,初めて,"宿でのんびり過ごす, 地元の美味しいものを食べる, 名所、旧跡の観光, 買い物、アウトレット",1,0,1,0,1,0,1,0,0,0,0,0,0,0,0,0,0,0,"観光パンフレット・ポスター, インターネット・アプリ, Instagram",0,0,0,1,0,0,0,0,0,0,1,0,0,0,0,0,0,0,0,0,1,0,0,0,0,,,,,,"1,000円以上 3,000円未満",,"20,000円以上 30,000円未満",,,,,,,,,,,5,5,一つのお土産屋さんにおける商人の種類が充実,食べ物、新幹線の待ち時間に困らない,,,,9,また行きたい（1年以内）,海鮮が美味しかったです！主要観光地が徒歩圏内にあり嬉しい。加賀や能登に行くには2泊必要かなと思いました,金沢駅,同意する,,,,,,,1999,,,,,,
石川,2026/02/07 16:40:16,千葉県,女,2002,,300万円以上 400万円未満,親,3泊,石川県外には泊まらない,金沢エリア  （湯涌温泉、深谷温泉、犀川温泉など）,3泊,,,,,,,,,新幹線,0,0,1,0,0,0,0,,0,0,0,0,2,運転が荒く、怖かった,,,2～5回目,"地元の美味しいものを食べる, 名所、旧跡の観光, お祭りやイベントへの参加・見物",0,0,1,0,1,0,0,1,0,0,0,0,0,0,0,0,0,0,なし,0,0,0,0,0,0,0,0,0,0,0,0,0,0,0,0,0,0,0,0,0,0,0,0,1,,,,,,"30,000円以上 40,000円未満",,"1,000円以上 3,000円未満",,,,,,,,,,,4,4,,,,,,5,機会があれば行きたい,ガスエビ、のどぐろ、かに 食べ物が美味しい。古くからの街並みが残っていて歴史を感じられる雰囲気がいい,長町武家屋敷休憩館,同意する,,にし茶屋街,,,,,2002,,,,,,
石川,2026/02/07 16:58:54,福井県,女,1986,,"1,000万円以上 1,200万円未満",親,日帰り,日帰り,石川県内には宿泊しない,石川県内には宿泊しない,,,,,,,,,旅行会社ツアーバス,0,0,0,0,0,1,0,,0,0,0,0,5,,,,初めて,"地元の美味しいものを食べる, 名所、旧跡の観光",0,0,1,0,1,0,0,0,0,0,0,0,0,0,0,0,0,0,観光ツアーの一部,0,0,0,0,0,0,0,0,0,0,0,0,0,0,0,0,0,0,0,0,0,0,0,0,1,,,,,,使わない,,使わない,,,,,,,,,,,5,5,説明がとてもよかった,,,,,8,機会があれば行きたい,特になし,石川県銭屋五兵衛記念館,同意する,,能登を観光だった,,,,,1986,,,,,,
石川,2026/02/07 17:48:50,東京都,男,2001,,"900万円以上 1,000万円未満",親,1泊,石川県外には泊まらない,金沢エリア  （湯涌温泉、深谷温泉、犀川温泉など）,1泊,,,,,,,,,新幹線,0,0,1,0,0,0,0,,0,0,0,0,5,雪が降っていたので歩けなかったから,,,初めて,"地元の美味しいものを食べる, まちあるき、都市散策",0,0,1,0,0,0,0,0,0,0,1,0,0,0,0,0,0,0,"新聞・雑誌・ガイドブック, TV・ラジオ番組やCM, Instagram",0,0,0,1,0,0,0,0,0,0,0,0,0,0,1,0,1,0,0,0,0,0,0,0,0,,,,,,"20,000円以上 30,000円未満",,使わない,,,,,,,,,,,5,3,,,,,,5,機会があれば行きたい,のどぐろ、ぶり、ほたて 楽しかったです,兼六駐車場,同意する,,,,,,,2001,,,,,,
石川,2026/02/07 17:52:24,大阪府,男,1997,,500万円以上 600万円未満,恋人,1泊,石川県外には泊まらない,金沢エリア  （湯涌温泉、深谷温泉、犀川温泉など）,1泊,,,,,,,,,"新幹線, 在来線",0,0,1,1,0,0,0,,0,0,0,0,,,,,2～5回目,"地元の美味しいものを食べる, 名所、旧跡の観光, まちあるき、都市散策, 雪景色の写真撮影",0,0,1,0,1,0,0,0,0,0,1,0,0,0,0,0,0,0,"インターネット・アプリ, 友人・知人",0,0,0,0,0,0,0,0,0,0,1,0,0,0,0,0,0,0,1,0,0,0,0,0,0,,,,,,"5,000円以上 10,000円未満",,"1,000円未満",,,,,,,,,,,5,4,,,,,,10,また行きたい（1年以内）,満足しているので特にありません 食べ物が美味しくて観光しがいがとてもあります,金沢城公園,同意する,,,,,,,1997,,,,,,
石川,2026/02/07 18:10:36,奈良県,女,1977,,"900万円以上 1,000万円未満",自分ひとり,1泊,石川県外には泊まらない,金沢エリア  （湯涌温泉、深谷温泉、犀川温泉など）,1泊,,,,,,,,,"新幹線, 在来線",0,0,1,1,0,0,0,,0,0,0,0,4,移動手段がなかったから,,,初めて,友人・親戚を訪ねる,0,0,0,0,0,0,0,0,0,0,0,0,0,0,0,0,0,0,インターネット・アプリ,0,0,0,0,0,0,0,0,0,0,1,0,0,0,0,0,0,0,0,0,0,0,0,0,0,,,,,,"5,000円以上 10,000円未満",,"1,000円以上 3,000円未満",,,,,,,,,,,4,4,,,,,,5,また行きたい（1年以内）,グルメ,金沢国際ホテル,同意する,,,,,,,1977,,,,,,
石川,2026/02/07 19:39:21,奈良県,女,2000,,300万円以上 400万円未満,友人,1泊,石川県外には泊まらない,金沢エリア  （湯涌温泉、深谷温泉、犀川温泉など）,1泊,,,,,,,,,新幹線,0,0,1,0,0,0,0,,0,0,0,0,,,,,2～5回目,地元の美味しいものを食べる,0,0,1,0,0,0,0,0,0,0,0,0,0,0,0,0,0,0,"Instagram, 友人・知人",0,0,0,1,0,0,0,0,0,0,0,0,0,0,0,0,0,0,1,0,0,0,0,0,0,,,,,,"3,000円以上 5,000円未満",,使わない,,,,,,,,,,,4,3,,,,,,7,機会があれば行きたい,美味しい海鮮,金沢中央観光案内所,同意する,,,,,,,2000,,,,,,
石川,2026/02/07 20:26:06,岩手県,女,1978,,"1,200万円以上 1,500万円未満",夫婦2人,3泊,グアム,金沢エリア  （湯涌温泉、深谷温泉、犀川温泉など）,3泊,,,,,,,,,飛行機,0,0,0,0,1,0,0,,0,0,0,0,3,バス混んでた,,,初めて,"地元の美味しいものを食べる, 名所、旧跡の観光, まちあるき、都市散策",0,0,1,0,1,0,0,0,0,0,1,0,0,0,0,0,0,0,X(旧：Twitter),0,0,0,0,0,1,0,0,0,0,0,0,0,0,0,0,0,0,0,0,0,0,0,0,0,,,,,,"100,000円以上",,"1,000円未満",,,,,,,,,,,4,3,,思ったよりしょぼい,,,,2,機会があれば行きたい,ごはん高すぎる ごはん　お茶,兼六園,同意する,,,,,,,1978,,,,,,
石川,2026/02/07 21:00:38,北海道,男,1974,,600万円以上 700万円未満,自分ひとり,2泊,石川県外には泊まらない,金沢エリア  （湯涌温泉、深谷温泉、犀川温泉など）,2泊,,,,,,,,,"新幹線, 飛行機",0,0,1,0,1,0,0,,0,0,0,0,,,,,2～5回目,"地元の美味しいものを食べる, 名所、旧跡の観光, まちあるき、都市散策, 出張など仕事関係",0,0,1,0,1,0,0,0,0,0,1,0,0,0,0,0,1,0,観光展・物産展,0,0,0,0,0,0,0,0,0,0,0,0,0,0,0,0,0,0,0,0,0,0,1,0,0,,,,,,"5,000円以上 10,000円未満",,"1,000円未満",,,,,,,,,,,5,5,コストパフォーマンス,交通手段の充実,,,,9,また行きたい（1年以内）,とても綺麗な街なので現状に満足です。 観光客ファーストな街全体の姿勢,ガーデンホテル金沢,同意する,,,,,,,1974,,,,,,
石川,2026/02/07 21:25:57,愛知県,女,1993,,400万円以上 500万円未満,親,1泊,石川県外には泊まらない,金沢エリア  （湯涌温泉、深谷温泉、犀川温泉など）,1泊,,,,,,,,,"新幹線, 在来線",0,0,1,1,0,0,0,,0,0,0,0,4,本数は少ないが駅から宿泊施設へ直接行けるので便利,,,2～5回目,"地元の美味しいものを食べる, 名所、旧跡の観光, まちあるき、都市散策",0,0,1,0,1,0,0,0,0,0,1,0,0,0,0,0,0,0,インターネット・アプリ,0,0,0,0,0,0,0,0,0,0,1,0,0,0,0,0,0,0,0,0,0,0,0,0,0,,,,,,"5,000円以上 10,000円未満",,"5,000円以上 10,000円未満",,,,,,,,,,,4,5,食事がとても美味しかった。,スタッフさんの対応もいい。質と価格のバランスに満足。,,,,7,機会があれば行きたい,生麩や抹茶の食、リノベーションした建物を使用した施設の利用。 雪景色、食事,KKRホテル金沢,同意する,,,,,,,1993,,,,,,
石川,2026/02/07 21:44:29,岩手県,男,1972,,"1,200万円以上 1,500万円未満",夫婦2人,4泊以上,石川県外には泊まらない,金沢エリア  （湯涌温泉、深谷温泉、犀川温泉など）,3泊,,,,,,,,,飛行機,0,0,0,0,1,0,0,,0,0,0,0,5,金沢駅・観光地周辺のバスが10〜20分毎に来るので、待ち時間が少なくていい。,,,初めて,"地元の美味しいものを食べる, 名所、旧跡の観光, テーマパーク（遊園地、動物園、博物館など）, まちあるき、都市散策",0,0,1,0,1,1,0,0,0,0,1,0,0,0,0,0,0,0,"新聞・雑誌・ガイドブック, 観光パンフレット・ポスター, 観光連盟やDMOのHP, インターネット・アプリ",0,0,0,0,0,0,0,0,0,0,1,0,0,0,0,0,1,0,0,0,1,0,0,1,0,,,,,,"30,000円以上 40,000円未満",,"1,000円未満",,,,,,,,,,,4,4,綺麗な日本庭園でした。,,,,,7,機会があれば行きたい,海産物。和菓子。 食事が美味しい。　金沢独自のものが珍しい（食材、兼六園、茶屋街など）。,兼六園,同意する,,,,,,,1972,,,,,,
石川,2026/02/07 22:53:28,千葉県,男,1986,,600万円以上 700万円未満,自分ひとり,1泊,石川県外には泊まらない,金沢エリア  （湯涌温泉、深谷温泉、犀川温泉など）,1泊,,,,,,,,,レンタカー,0,1,0,0,0,0,0,,0,0,0,0,4,,,,11回目以上,宿でのんびり過ごす,1,0,0,0,0,0,0,0,0,0,0,0,0,0,0,0,0,0,インターネット・アプリ,0,0,0,0,0,0,0,0,0,0,1,0,0,0,0,0,0,0,0,0,0,0,0,0,0,,,,,,"5,000円以上 10,000円未満",,"3,000円以上 5,000円未満",,,,,,,,,,,4,3,,,,,,2,また行きたい（1年以内）,特になし,金沢国際ホテル,同意する,,,,,,,1986,,,,,,
石川,2026/02/08 7:39:14,福岡県,男,1989,,500万円以上 600万円未満,自分ひとり,3泊,大阪,金沢エリア  （湯涌温泉、深谷温泉、犀川温泉など）,1泊,,,,,,,,,新幹線,0,0,1,0,0,0,0,,0,0,0,0,,,,,初めて,名所、旧跡の観光,0,0,0,0,1,0,0,0,0,0,0,0,0,0,0,0,0,0,インターネット・アプリ,0,0,0,0,0,0,0,0,0,0,1,0,0,0,0,0,0,0,0,0,0,0,0,0,0,,,,,,"5,000円以上 10,000円未満",,使わない,,,,,,,,,,,3,4,,,,,,6,また行きたい（1年以内）,特になし,KKRホテル金沢,同意する,,,,,,,1989,,,,,,
石川,2026/02/08 8:45:19,三重県,男,1997,,400万円以上 500万円未満,職場の同僚,1泊,石川県外には泊まらない,金沢エリア  （湯涌温泉、深谷温泉、犀川温泉など）,1泊,,,,,,,,,自家用車,1,0,0,0,0,0,0,,0,0,0,0,,,,,初めて,"地元の美味しいものを食べる, 花見や紅葉などの自然鑑賞, 名所、旧跡の観光",0,0,1,1,1,0,0,0,0,0,0,0,0,0,0,0,0,0,インターネット・アプリ,0,0,0,0,0,0,0,0,0,0,1,0,0,0,0,0,0,0,0,0,0,0,0,0,0,,,,,,"5,000円以上 10,000円未満",,"3,000円以上 5,000円未満",,,,,,,,,,,5,4,とても安価で立地がいい,ドリンクバー完備,,,,6,また行きたい（1年以内）,美味しいご飯(海産物、山の幸、お肉) ここ2年で6回目の訪問となりますが、どこも観光客向けに整備されており、ただ人が多くて疲れてしまうというわけではない環境が大変いい場所だと思っています。,金沢フレックスホテル,同意する,,,,,,,1997,,,,,,
石川,2026/02/08 8:54:45,滋賀県,男,1970,,800万円以上 900万円未満,夫婦2人,3泊,富山県,金沢エリア  （湯涌温泉、深谷温泉、犀川温泉など）,2泊,,,,,,,,,自家用車,1,0,0,0,0,0,0,,0,0,0,0,,,,,2～5回目,"宿でのんびり過ごす, 地元の美味しいものを食べる, まちあるき、都市散策, ドライブ・ツーリング",1,0,1,0,0,0,0,0,0,0,1,0,0,0,1,0,0,0,インターネット・アプリ,0,0,0,0,0,0,0,0,0,0,1,0,0,0,0,0,0,0,0,0,0,0,0,0,0,,,,,,"30,000円以上 40,000円未満",,"5,000円以上 10,000円未満",,,,,,,,,,,5,5,雰囲気が良かった。場所もいいですね。,ウェルカムドリンクは良いがスナックが今ひとつ。お酒に合うものが欲しいです。,,,,5,機会があれば行きたい,ここでしか体験できないこと 冬の金沢。雪いいですね。と、おでんも美味しいが今回は宇宙軒。味が想像を超えた。,KOKOHOTEL Premier 金沢香林坊,同意する,,,,,,,1970,,,,,,
石川,2026/02/08 11:05:17,石川県,男,1958,,"1,000万円以上 1,200万円未満",夫婦2人,日帰り,地元,石川県内には宿泊しない,石川県内には宿泊しない,,,,,,,,,自家用車,1,0,0,0,0,0,0,,0,0,0,0,,,,,11回目以上,お祭りやイベントへの参加・見物,0,0,0,0,0,0,0,1,0,0,0,0,0,0,0,0,0,0,"観光展・物産展, インターネット・アプリ",0,0,0,0,0,0,0,0,0,0,1,0,0,0,0,0,0,0,0,0,0,0,1,0,0,,,,,,使わない,,"5,000円以上 10,000円未満",,,,,,,,,,,3,2,イベント中止のため,ゆっくりできること,,,,8,石川県在住,地元のものを地産地消にこだわること,石川県観光物産館,同意する,,,,,,,1958,,,,,,
石川,2026/02/08 13:23:31,北海道,男,1983,,"1,000万円以上 1,200万円未満",小学生以下連れの家族,4泊以上,岐阜県,金沢エリア  （湯涌温泉、深谷温泉、犀川温泉など）,2泊,,,,,,,,,飛行機,0,0,0,0,1,0,0,,0,0,0,0,4,,,,初めて,名所、旧跡の観光,0,0,0,0,1,0,0,0,0,0,0,0,0,0,0,0,0,0,"Facebook, ブログ",1,0,0,0,0,0,0,0,1,0,0,0,0,0,0,0,0,0,0,0,0,0,0,0,0,,,,,,"10,000円以上 20,000円未満",,"10,000円以上 20,000円未満",,,,,,,,,,,4,4,,,,,,9,機会があれば行きたい,Good,金沢中央観光案内所,同意する,,,,,,,1983,,,,,,
石川,2026/02/08 15:01:14,奈良県,女,1985,,500万円以上 600万円未満,職場の同僚,2泊,石川県外には泊まらない,金沢エリア  （湯涌温泉、深谷温泉、犀川温泉など）,2泊,,,,,,,,,新幹線,0,0,1,0,0,0,0,,0,0,0,0,5,交通が便利,,,初めて,"地元の美味しいものを食べる, 名所、旧跡の観光, まちあるき、都市散策",0,0,1,0,1,0,0,0,0,0,1,0,0,0,0,0,0,0,"観光展・物産展, 新聞・雑誌・ガイドブック, TV・ラジオ番組やCM, 観光パンフレット・ポスター, インターネット・アプリ, Instagram, Facebook, ブログ",1,0,0,1,0,0,0,0,1,0,1,0,0,0,1,0,1,0,0,0,1,0,1,0,0,,,,,,"3,000円以上 5,000円未満",,"10,000円以上 20,000円未満",,,,,,,,,,,5,5,観光案内所、販売の方が詳しく丁寧に教えてくださった。,きれい、広い,,,,10,機会があれば行きたい,特になし 観光者に対してとても親切,金沢駅,同意する,,,,,,,1985,,,,,,
石川,2026/02/08 15:10:08,奈良県,女,1969,,300万円以上 400万円未満,友人,2泊,石川県外には泊まらない,金沢エリア  （湯涌温泉、深谷温泉、犀川温泉など）,2泊,,,,,,,,,新幹線,0,0,1,0,0,0,0,,0,0,0,0,4,,,,初めて,"地元の美味しいものを食べる, 名所、旧跡の観光, まちあるき、都市散策, 神社巡り",0,0,1,0,1,0,0,0,0,0,1,0,0,0,0,0,0,0,"観光パンフレット・ポスター, インターネット・アプリ, 観光協会等の案内所",0,0,0,0,0,0,0,0,0,0,1,0,0,0,0,0,0,0,0,0,1,1,0,0,0,,,,,,"1,000円未満",,"1,000円未満",,,,,,,,,,,4,4,,,,,,8,また行きたい（1年以内）,特になし,金沢駅,同意する,,白山比め神社,,,,,1969,,,,,,
石川,2026/02/08 16:55:19,東京都,男,1990,,"1,500万円以上",小学生以下連れの家族,4泊以上,石川県外には泊まらない,金沢エリア  （湯涌温泉、深谷温泉、犀川温泉など）,4泊以上,,,,,,,,,"新幹線, 在来線",0,0,1,1,0,0,0,,0,0,0,0,4,タクシーの運転手さんが親切だったため。,,,初めて,"名所、旧跡の観光, テーマパーク（遊園地、動物園、博物館など）, アウトドア（海水浴、釣り、登山など）",0,0,0,0,1,1,0,0,0,1,0,0,0,0,0,0,0,0,友人・知人,0,0,0,0,0,0,0,0,0,0,0,0,0,0,0,0,0,0,1,0,0,0,0,0,0,,,,,,"50,000円以上 100,000円未満",,"10,000円以上 20,000円未満",,,,,,,,,,,5,4,期待以上のものがあったため。,期待以上のものがあったため、,,,,9,また行きたい（1年以内）,子どもを連れていけるアミューズメント施設をもっと増やしてほしいです。 ご飯（能登牛、能登豚、海鮮、ほうじ茶など）,KKRホテル金沢,同意する,,,,,,,1990,,,,,,
石川,2026/02/08 16:55:27,東京都,女,1989,,"1,500万円以上",小学生以下連れの家族,4泊以上,石川県外には泊まらない,金沢エリア  （湯涌温泉、深谷温泉、犀川温泉など）,4泊以上,,,,,,,,,新幹線,0,0,1,0,0,0,0,,0,0,0,0,4,運転手さんが親切に案内してくれたから。,,,2～5回目,"地元の美味しいものを食べる, 名所、旧跡の観光, まちあるき、都市散策",0,0,1,0,1,0,0,0,0,0,1,0,0,0,0,0,0,0,TV・ラジオ番組やCM,0,0,0,0,0,0,0,0,0,0,0,0,0,0,1,0,0,0,0,0,0,0,0,0,0,,,,,,"5,000円以上 10,000円未満",,"10,000円以上 20,000円未満",,,,,,,,,,,5,4,立地条件が素晴らしかったから。,目の前の美しい景観に感動したから。,,,,8,機会があれば行きたい,ご当地グルメが沢山あり美味しい。 コンパクトでありながら、見所が沢山あるから。,KKRホテル金沢,同意する,,,,,,,1989,,,,,,
石川,2026/02/08 17:36:25,福岡県,男,1982,,400万円以上 500万円未満,恋人,2泊,石川県外には泊まらない,金沢エリア  （湯涌温泉、深谷温泉、犀川温泉など）,2泊,,,,,,,,,新幹線,0,0,1,0,0,0,0,,0,0,0,0,4,風情があり、食べ物がおいしい,,,初めて,地元の美味しいものを食べる,0,0,1,0,0,0,0,0,0,0,0,0,0,0,0,0,0,0,観光展・物産展,0,0,0,0,0,0,0,0,0,0,0,0,0,0,0,0,0,0,0,0,0,0,1,0,0,,,,,,"10,000円以上 20,000円未満",,"1,000円以上 3,000円未満",,,,,,,,,,,4,4,,,,,,9,機会があれば行きたい,お寿司,金沢中央観光案内所,同意する,,,,,,,1982,,,,,,
石川,2026/02/08 17:51:33,東京都,女,1981,,100万円未満,夫、こどもと義両親,2泊,石川県外には泊まらない,金沢エリア  （湯涌温泉、深谷温泉、犀川温泉など）,2泊,,,,,,,,,新幹線,0,0,1,0,0,0,0,,0,0,0,0,,,,,初めて,"宿でのんびり過ごす, 地元の美味しいものを食べる, まちあるき、都市散策",1,0,1,0,0,0,0,0,0,0,1,0,0,0,0,0,0,0,ホテルのホームページ,0,0,0,0,0,0,0,0,0,0,0,0,0,0,0,0,0,0,0,0,0,0,0,0,1,,,,,,"5,000円以上 10,000円未満",,"1,000円以上 3,000円未満",,,,,,,,,,,4,4,アメニティも揃っているし、ドリップコーヒーやお茶、入浴剤などもあるのでよかった,周辺にはなにもないが、隣にはコンビニがあるし部屋が広くてゆっくりできるので満足,,,,8,機会があれば行きたい,行ってみたいお店が、ほとんどこどもが入れないところで、ちょっとハードルが高いかなぁ… おいしいものがたくさんなのと、美術館や兼六園、観て欲しいところがたくさん,ホテルマイステイズプレミア金沢,同意する,,,,,,,1981,,,,,,
石川,2026/02/08 19:45:56,愛知県,女,1964,,400万円以上 500万円未満,夫婦2人,1泊,石川県外には泊まらない,金沢エリア  （湯涌温泉、深谷温泉、犀川温泉など）,1泊,,,,,,,,,在来線,0,0,0,1,0,0,0,,0,0,0,0,5,親切なご案内でした,,,初めて,"地元の美味しいものを食べる, 名所、旧跡の観光, 買い物、アウトレット, まちあるき、都市散策",0,0,1,0,1,0,1,0,0,0,1,0,0,0,0,0,0,0,観光パンフレット・ポスター,0,0,0,0,0,0,0,0,0,0,0,0,0,0,0,0,0,0,0,0,1,0,0,0,0,,,,,,"20,000円以上 30,000円未満",,"1,000円以上 3,000円未満",,,,,,,,,,,5,5,施設の移動など　随時　案内があり　わかりやすかったです,清潔感がありました,,,,8,機会があれば行きたい,特に無し 街並みが風情があり　美味しい食べ物もいっぱいある,KKRホテル金沢,同意する,,,,,,,1964,,,,,,
石川,2026/02/09 8:36:49,東京都,女,1985,,"1,000万円以上 1,200万円未満",夫婦2人,2泊,石川県外には泊まらない,金沢エリア  （湯涌温泉、深谷温泉、犀川温泉など）,2泊,,,,,,,,,高速バス,0,0,0,0,0,0,0,,0,0,0,0,4,徒歩圏内に観光スポットがまとまっているため,,,初めて,地元の美味しいものを食べる,0,0,1,0,0,0,0,0,0,0,0,0,0,0,0,0,0,0,Instagram,0,0,0,1,0,0,0,0,0,0,0,0,0,0,0,0,0,0,0,0,0,0,0,0,0,,,,,,"10,000円以上 20,000円未満",,"1,000円以上 3,000円未満",,,,,,,,,,,5,4,街中の除雪が追いついていなく、向かう道中の足場が悪かったちめ,以前来た時ほど混雑していなく、周り安かった,,,,8,また行きたい（1年以内）,飲食店やお土産屋さんが閉まるのが早い グルメ,兼六園,同意する,,,,,,,1985,,,,,,
石川,2026/02/09 11:34:11,石川県,女,1963,,400万円以上 500万円未満,親,2泊,石川県外には泊まらない,金沢エリア  （湯涌温泉、深谷温泉、犀川温泉など）,2泊,,,,,,,,,県外から訪れていない（石川県内在住）,0,0,0,0,0,0,0,,0,0,0,0,,,,,6～10回目,宿でのんびり過ごす,1,0,0,0,0,0,0,0,0,0,0,0,0,0,0,0,0,0,友人・知人,0,0,0,0,0,0,0,0,0,0,0,0,0,0,0,0,0,0,1,0,0,0,0,0,0,,,,,,"1,000円以上 3,000円未満",,"10,000円以上 20,000円未満",,,,,,,,,,,5,5,接客サービスが良い,,,,,10,石川県在住,休みの曜日が重なっている。月曜日定休が多い 景色が綺麗,金沢東急ホテル,同意する,,,,,,,1963,,,,,,
石川,2026/02/09 12:58:47,京都府,女,2004,,400万円以上 500万円未満,親,4泊以上,石川県外には泊まらない,金沢エリア  （湯涌温泉、深谷温泉、犀川温泉など）,4泊以上,,,,,,,,,新幹線,0,0,1,0,0,0,0,,0,0,0,0,,,,,初めて,"地元の美味しいものを食べる, 花見や紅葉などの自然鑑賞, 名所、旧跡の観光",0,0,1,1,1,0,0,0,0,0,0,0,0,0,0,0,0,0,"新聞・雑誌・ガイドブック, 観光パンフレット・ポスター",0,0,0,0,0,0,0,0,0,0,0,0,0,0,0,0,1,0,0,0,1,0,0,0,0,,,,,,"40,000円以上 50,000円未満",,"1,000円以上 3,000円未満",,,,,,,,,,,5,5,展示や体験が面白かった,お菓子作りが楽しかった,,,,7,機会があれば行きたい,体験型のアクティビティ 雪姿の兼六園,石川県観光物産館,同意する,,,,,,,2004,,,,,,
石川,2026/02/09 13:08:12,埼玉県,男,2003,,300万円以上 400万円未満,自分ひとり,2泊,石川県外には泊まらない,金沢エリア  （湯涌温泉、深谷温泉、犀川温泉など）,2泊,,,,,,,,,新幹線,0,0,1,0,0,0,0,,0,0,0,0,,,,,初めて,"名所、旧跡の観光, まちあるき、都市散策",0,0,0,0,1,0,0,0,0,0,1,0,0,0,0,0,0,0,"Instagram, 友人・知人, 生成AI",0,0,0,1,0,0,0,0,0,0,0,0,0,0,0,0,0,0,1,0,0,0,0,0,0,,,,,,"5,000円以上 10,000円未満",,"1,000円未満",,,,,,,,,,,4,4,何も買っていない。自販機と休憩スペースがあってよかった。,県外出身なので全く知らなかった石川の歴史を知ることができた。,,,,5,機会があれば行きたい,飲食が海鮮とおでんしか見当たらなくて何が有名なのか分かりにくかった。,石川県立歴史博物館,同意する,,,,,,,2003,,,,,,
石川,2026/02/09 13:30:42,新潟県,女,1984,,"900万円以上 1,000万円未満",自分ひとり,1泊,石川県外には泊まらない,金沢エリア  （湯涌温泉、深谷温泉、犀川温泉など）,1泊,,,,,,,,,"新幹線, 在来線",0,0,1,1,0,0,0,,0,0,0,0,5,雪の金沢市内をゆっくり歩けて美しい景色を堪能した,,,11回目以上,"宿でのんびり過ごす, 温泉や露天風呂, 地元の美味しいものを食べる, 花見や紅葉などの自然鑑賞, 名所、旧跡の観光",1,1,1,1,1,0,0,0,0,0,0,0,0,0,0,0,0,0,"インターネット・アプリ, X(旧：Twitter), Instagram, 友人・知人, 観光協会等の案内所, タクシードライバーや地元の人",0,0,0,1,0,1,0,0,0,0,1,0,0,0,0,0,0,0,1,1,0,1,0,0,0,,,,,,"20,000円以上 30,000円未満",,"1,000円未満",,,,,,,,,,,5,5,雪景色を堪能したかった目的が達成できた,積雪と太陽が美しいタイミングで訪問できた,,,,10,また行きたい（1年以内）,雪の季節の温かい飲食は満足感が増します。毎回楽しみです。 雪景色の美しさ,兼六園,同意する,,,,,,,1984,,,,,,
石川,2026/02/09 18:37:36,京都府,女,1973,,"1,500万円以上",自分ひとり,1泊,石川県外には泊まらない,金沢エリア  （湯涌温泉、深谷温泉、犀川温泉など）,1泊,,,,,,,,,新幹線,0,0,1,0,0,0,0,,0,0,0,0,5,スムーズに移動できた,,,2～5回目,名所、旧跡の観光,0,0,0,0,1,0,0,0,0,0,0,0,0,0,0,0,0,0,"インターネット・アプリ, Instagram, 友人・知人",0,0,0,1,0,0,0,0,0,0,1,0,0,0,0,0,0,0,1,0,0,0,0,0,0,,,,,,"5,000円以上 10,000円未満",,"1,000円以上 3,000円未満",,,,,,,,,,,5,4,雪も降っててよかった,安全に動けた,,,,7,また行きたい（1年以内）,美味しいものが沢山あって食べきれなかったので、また訪れたい 兼六園,金沢駅,同意する,,,,,,,1973,,,,,,
石川,2026/02/09 20:26:26,宮城県,女,1969,,700万円以上 800万円未満,職場の同僚,3泊,石川県外には泊まらない,能登エリア （和倉温泉、七尾市、輪島市、珠洲市など）,2泊,,,,,,,,,新幹線,0,0,1,0,0,0,0,,0,0,0,0,5,観光場所を公共交通機関が上手く連動していて、移動がスムーズでした,,,2～5回目,能登復興ボランティアです,0,0,0,0,0,0,0,0,0,0,0,0,0,0,0,0,0,0,"新聞・雑誌・ガイドブック, TV・ラジオ番組やCM, 観光パンフレット・ポスター, 観光協会等の案内所",0,0,0,0,0,0,0,0,0,0,0,0,0,0,1,0,1,0,0,0,1,1,0,0,0,,,,,,"10,000円以上 20,000円未満",,"10,000円以上 20,000円未満",,,,,,,,,,,5,5,街がきれいです。公共機関で行きたいところにスムーズに行けるところです。,噂通り、噂以上の素敵な図書館でした。地元に居たら、毎週末通いたいです。家族連れはもちろん、それぞれ好きな本を読んだり、ゆったりした時間が過ごせそうです。,,,,10,また行きたい（1年以内）,週末は観光客や地元の方々が外食で混んでいたので、ゆっくり食べ歩きが出来ませんでしたが、お勧めがわかればいろいろ食べてみたいです。 何を食べても美味しいです。金沢おでん、ノドグロ、魚介、本当に感激しました！,石川県立図書館,同意する,,能登　塩田村,,,,,1969,,,,,,
石川,2026/02/10 0:09:57,石川県,女,1983,,300万円以上 400万円未満,中学生以上連れの家族,1泊,石川県外には泊まらない,金沢エリア  （湯涌温泉、深谷温泉、犀川温泉など）,1泊,,,,,,,,,自家用車,1,0,0,0,0,0,0,,0,0,0,0,,,,,初めて,宿でのんびり過ごす,1,0,0,0,0,0,0,0,0,0,0,0,0,0,0,0,0,0,"インターネット・アプリ, Instagram",0,0,0,1,0,0,0,0,0,0,1,0,0,0,0,0,0,0,0,0,0,0,0,0,0,,,,,,"5,000円以上 10,000円未満",,"3,000円以上 5,000円未満",,,,,,,,,,,5,5,食事がおいしいから。セルフラウンジが良かったから。,快適に過ごせたから。スタッフの方の対応がとても良かったから。,,,,9,また行きたい（1年以内）,治部煮が好きです！,ANAホリディ・イン金沢スカイ,同意する,,,,,,,1983,,,,,,
石川,2026/02/10 9:20:54,埼玉県,女,1957,,300万円以上 400万円未満,夫婦2人,4泊以上,岐阜県,金沢エリア  （湯涌温泉、深谷温泉、犀川温泉など）,1泊,,,,,,,,,自家用車,1,0,0,0,0,0,0,,0,0,0,0,,,,,2～5回目,"温泉や露天風呂, 地元の美味しいものを食べる, まちあるき、都市散策",0,1,1,0,0,0,0,0,0,0,1,0,0,0,0,0,0,0,"TV・ラジオ番組やCM, インターネット・アプリ",0,0,0,0,0,0,0,0,0,0,1,0,0,0,1,0,0,0,0,0,0,0,0,0,0,,,,,,"5,000円以上 10,000円未満",,"3,000円以上 5,000円未満",,,,,,,,,,,5,5,抹茶が飲めてわらび餅、金粉団子が美味しかった,２階の席が外が見えて情緒があったから,,,,9,また行きたい（1年以内）,団子と抹茶セットがもう少し安ければ最高 ひがし茶屋での抹茶と団子の楽しみ,ひがし茶屋休憩館,同意する,,,,,,,1957,,,,,,
石川,2026/02/10 10:59:31,岐阜県,男,1981,,500万円以上 600万円未満,親,1泊,福井県,石川県内には宿泊しない,石川県内には宿泊しない,,,,,,,,,自家用車,1,0,0,0,0,0,0,,0,0,0,0,4,雪景色が見れて街並みが風情がありました。,,,初めて,"宿でのんびり過ごす, 温泉や露天風呂, 地元の美味しいものを食べる, 名所、旧跡の観光",1,1,1,0,1,0,0,0,0,0,0,0,0,0,0,0,0,0,Instagram,0,0,0,1,0,0,0,0,0,0,0,0,0,0,0,0,0,0,0,0,0,0,0,0,0,,,,,,"3,000円以上 5,000円未満",,"5,000円以上 10,000円未満",,,,,,,,,,,4,4,,,,,,7,機会があれば行きたい,特になし,兼六園,同意する,,,,,,,1981,,,,,,
石川,2026/02/10 13:11:09,東京都,男,1958,,700万円以上 800万円未満,夫婦2人,2泊,石川県外には泊まらない,加賀エリア （山代温泉、山中温泉、片山津温泉、粟津温泉、辰口温泉、加賀市、小松市など）,2泊,,,,,,,,,新幹線,0,0,1,0,0,0,0,,0,0,0,0,4,,,,初めて,"地元の美味しいものを食べる, まちあるき、都市散策",0,0,1,0,0,0,0,0,0,0,1,0,0,0,0,0,0,0,"観光パンフレット・ポスター, インターネット・アプリ, 観光協会等の案内所",0,0,0,0,0,0,0,0,0,0,1,0,0,0,0,0,0,0,0,0,1,1,0,0,0,,,,,,"10,000円以上 20,000円未満",,使わない,,,,,,,,,,,5,5,,,,,,9,また行きたい（1年以内）,美味し海産物が色々とあって素晴らしい。,ひがし茶屋休憩館,同意する,,,,,,,1958,,,,,,
石川,2026/02/10 14:32:52,埼玉県,男,1976,,500万円以上 600万円未満,夫婦2人,4泊以上,富山県,金沢エリア  （湯涌温泉、深谷温泉、犀川温泉など）,1泊,,,,,,,,,自家用車,1,0,0,0,0,0,0,,0,0,0,0,,,,,2～5回目,"温泉や露天風呂, 地元の美味しいものを食べる, まちあるき、都市散策",0,1,1,0,0,0,0,0,0,0,1,0,0,0,0,0,0,0,"新聞・雑誌・ガイドブック, TV・ラジオ番組やCM, インターネット・アプリ",0,0,0,0,0,0,0,0,0,0,1,0,0,0,1,0,1,0,0,0,0,0,0,0,0,,,,,,"10,000円以上 20,000円未満",,"5,000円以上 10,000円未満",,,,,,,,,,,4,5,金箔ダンゴとお抹茶が普段味わえないのでウレしぃ,町並みが古く、でも２階の席から観光客を見れるのが新鮮,,,,8,また行きたい（1年以内）,個別に配れるような、お土産・３００〜４００円のお土産を充実させてほしい この季節（雪）なので動きにくいですが、やはり食べ物がウマい！と、伝えたい,ひがし茶屋休憩館,同意する,,,,,,,1976,,,,,,
石川,2026/02/10 14:39:53,長野県,女,1970,,"1,000万円以上 1,200万円未満",職場の同僚,1泊,石川県外には泊まらない,金沢エリア  （湯涌温泉、深谷温泉、犀川温泉など）,1泊,,,,,,,,,新幹線,0,0,1,0,0,0,0,,0,0,0,0,5,定期的にバスがきてくれる、支払いがわかりやすいなど,,,2～5回目,"地元の美味しいものを食べる, 名所、旧跡の観光",0,0,1,0,1,0,0,0,0,0,0,0,0,0,0,0,0,0,"観光パンフレット・ポスター, インターネット・アプリ, 友人・知人, 観光協会等の案内所",0,0,0,0,0,0,0,0,0,0,1,0,0,0,0,0,0,0,1,0,1,1,0,0,0,,,,,,"20,000円以上 30,000円未満",,"1,000円未満",,,,,,,,,,,5,4,,,,,,7,また行きたい（1年以内）,海鮮丼、百万さんグッズ 金沢がきれいで見るところがたくさんあるから,石川県立歴史博物館,同意する,,,,,,,1970,,,,,,
石川,2026/02/10 15:19:04,福岡県,女,1958,,700万円以上 800万円未満,自分ひとり,2泊,石川県外には泊まらない,金沢エリア  （湯涌温泉、深谷温泉、犀川温泉など）,2泊,,,,,,,,,飛行機,0,0,0,0,1,0,0,,0,0,0,0,5,1日フリーパスでちょっと見てみたいと思ったとこで降りてまた好きに乗れるところ,,,初めて,"地元の美味しいものを食べる, 名所、旧跡の観光",0,0,1,0,1,0,0,0,0,0,0,0,0,0,0,0,0,0,"インターネット・アプリ, Instagram, 観光協会等の案内所",0,0,0,1,0,0,0,0,0,0,1,0,0,0,0,0,0,0,0,0,0,1,0,0,0,,,,,,"10,000円以上 20,000円未満",,"3,000円以上 5,000円未満",,,,,,,,,,,5,5,受付の女性がとても親切,おしゃれなフリースペースで自販機のコーヒーが飲めるのはありがたい,,,,10,機会があれば行きたい,特に無し 金沢限定で言えば、コンパクトシティなので効率よく回れる観光での見どころ満載,石川県立歴史博物館,同意する,,,,,,,1958,,,,,,
石川,2026/02/10 15:25:17,富山県,女,1952,,200万円以上 300万円未満,友人,日帰り,富山県,石川県内には宿泊しない,石川県内には宿泊しない,,,,,,,,,自家用車,1,0,0,0,0,0,0,,0,0,0,0,5,とても駅構内が綺麗,,,11回目以上,"地元の美味しいものを食べる, 買い物、アウトレット",0,0,1,0,0,0,1,0,0,0,0,0,0,0,0,0,0,0,"インターネット・アプリ, 友人・知人",0,0,0,0,0,0,0,0,0,0,1,0,0,0,0,0,0,0,1,0,0,0,0,0,0,,,,,,使わない,,"20,000円以上 30,000円未満",,,,,,,,,,,4,5,新鮮さ,,,,,7,機会があれば行きたい,お寿司　魚市場,金沢駅,同意する,,りんと、フォーラス,,,,,1952,,,,,,
石川,2026/02/10 15:48:27,神奈川県,女,1992,,300万円以上 400万円未満,友人,4泊以上,福井県,金沢エリア  （湯涌温泉、深谷温泉、犀川温泉など）,3泊,,,,,,,,,新幹線,0,0,1,0,0,0,0,,0,0,0,0,,,,,初めて,"地元の美味しいものを食べる, スポーツ観戦や芸術鑑賞（コンサート等）",0,0,1,0,0,0,0,0,0,0,0,0,0,0,0,0,0,0,通りかかった,0,0,0,0,0,0,0,0,0,0,0,0,0,0,0,0,0,0,0,0,0,0,0,0,1,,,,,,"30,000円以上 40,000円未満",,"1,000円未満",,,,,,,,,,,5,5,休憩できるところがあってよい,混んでなくてゆっくり落ち着いてすごせてよかった,,,,9,また行きたい（1年以内）,結構現金不可のお店が多いと感じたのでキャッシュのお店が増えるといいなと思います ご飯が美味しい！ホテル代も他県と比べて安くて助かりました,石川県立歴史博物館,同意する,,,,,,,1992,,,,,,
石川,2026/02/10 18:45:29,愛知県,女,1982,,"1,500万円以上",小学生以下連れの家族,1泊,石川県外には泊まらない,金沢エリア  （湯涌温泉、深谷温泉、犀川温泉など）,1泊,,,,,,,,,新幹線,0,0,1,0,0,0,0,,0,0,0,0,4,思ったより駅から近かったから。,,,初めて,"地元の美味しいものを食べる, 名所、旧跡の観光, まちあるき、都市散策",0,0,1,0,1,0,0,0,0,0,1,0,0,0,0,0,0,0,"インターネット・アプリ, Instagram, Facebook, ブログ, 友人・知人",1,0,0,1,0,0,0,0,1,0,1,0,0,0,0,0,0,0,1,0,0,0,0,0,0,,,,,,"50,000円以上 100,000円未満",,"50,000円以上 100,000円未満",,,,,,,,,,,5,5,接客がとても親切でした。,大浴場ができた後だったら良かったなと思いました。,,,,10,また行きたい（1年以内）,特になし。 兼六園の素晴らしさと町並みが素敵でした。,KKRホテル金沢,同意する,,中央市場とポケモンセンターに行きました。,,,,,1982,,,,,,
石川,2026/02/10 19:34:28,茨城県,男,1973,,"1,000万円以上 1,200万円未満",夫婦2人,2泊,石川県外には泊まらない,金沢エリア  （湯涌温泉、深谷温泉、犀川温泉など）,2泊,,,,,,,,,新幹線,0,0,1,0,0,0,0,,0,0,0,0,,,,,2～5回目,"宿でのんびり過ごす, 地元の美味しいものを食べる, 買い物、アウトレット, 友人・親戚を訪ねる",1,0,1,0,0,0,1,0,0,0,0,0,0,0,0,0,0,0,"インターネット・アプリ, X(旧：Twitter), Instagram, Facebook, 友人・知人",1,0,0,1,0,1,0,0,0,0,1,0,0,0,0,0,0,0,1,0,0,0,0,0,0,,,,,,"10,000円以上 20,000円未満",,"5,000円以上 10,000円未満",,,,,,,,,,,5,5,,,,,,10,また行きたい（1年以内）,リーズナブルで美味しいもの 21世紀美術館,金沢駅,同意する,,,,,,,1973,,,,,,
石川,2026/02/10 19:46:57,千葉県,女,2001,,"1,000万円以上 1,200万円未満",親,2泊,石川県外には泊まらない,金沢エリア  （湯涌温泉、深谷温泉、犀川温泉など）,2泊,,,,,,,,,新幹線,0,0,1,0,0,0,0,,0,0,0,0,4,周遊券があり、利用しやすかったため。,,,初めて,"宿でのんびり過ごす, 地元の美味しいものを食べる, 名所、旧跡の観光, 買い物、アウトレット, 各種体験（手作り、果物狩りなど）",1,0,1,0,1,0,1,0,0,0,0,1,0,0,0,0,0,0,"観光展・物産展, 新聞・雑誌・ガイドブック, インターネット・アプリ, Instagram",0,0,0,1,0,0,0,0,0,0,1,0,0,0,0,0,1,0,0,0,0,0,1,0,0,,,,,,"20,000円以上 30,000円未満",,"1,000円以上 3,000円未満",,,,,,,,,,,5,5,おみくじも出来て、お守りもほかとは違ったデザインのものが多かったため。,スムーズに回れたのに加えて、欲しかったものも買えたため。,,,,10,また行きたい（1年以内）,お土産の種類も豊富で食べ物も美味しいので、現時点でとても満足です。 とにかく食べ物が美味しいです。お寿司も回転寿司のネタが大きく、都内にはないネタも豊富で満足感がありました。兼六園や神社などの歴史的建造物も見応えがあり、是非訪れて欲しいと感じたからです。,兼六園,同意する,,,,石浦神社,,,2001,,,,,,
石川,2026/02/10 21:10:32,愛知県,男,1984,,"1,500万円以上",小学生以下連れの家族,1泊,石川県外には泊まらない,金沢エリア  （湯涌温泉、深谷温泉、犀川温泉など）,1泊,,,,,,,,,"新幹線, 在来線",0,0,1,1,0,0,0,,0,0,0,0,5,,,,初めて,"地元の美味しいものを食べる, 買い物、アウトレット",0,0,1,0,0,0,1,0,0,0,0,0,0,0,0,0,0,0,インターネット・アプリ,0,0,0,0,0,0,0,0,0,0,1,0,0,0,0,0,0,0,0,0,0,0,0,0,0,,,,,,"50,000円以上 100,000円未満",,"5,000円以上 10,000円未満",,,,,,,,,,,5,4,,,,,,10,また行きたい（1年以内）,海鮮がとても美味しかったのが良かった,KKRホテル金沢,同意する,,,,,,,1984,,,,,,
石川,2026/02/10 22:16:21,滋賀県,女,1968,,"1,000万円以上 1,200万円未満",友人,日帰り,石川県外には泊まらない,石川県内には宿泊しない,石川県内には宿泊しない,,,,,,,,,新幹線,0,0,1,0,0,0,0,,0,0,0,0,4,バスが乗りやすい,,,2～5回目,地元の美味しいものを食べる,0,0,1,0,0,0,0,0,0,0,0,0,0,0,0,0,0,0,インターネット・アプリ,0,0,0,0,0,0,0,0,0,0,1,0,0,0,0,0,0,0,0,0,0,0,0,0,0,,,,,,使わない,,"5,000円以上 10,000円未満",,,,,,,,,,,5,3,,,,,,10,また行きたい（1年以内）,新鮮な海鮮と美味しい和菓子 美味しいものがいっぱいあるから,近江町市場商店街,同意する,,,,,,,1968,,,,,,
石川,2026/02/11 9:37:32,富山県,男,1991,,800万円以上 900万円未満,家族,日帰り,富山県,金沢エリア  （湯涌温泉、深谷温泉、犀川温泉など）,石川県内には宿泊しない,,,,,,,,,自家用車,1,0,0,0,0,0,0,,0,0,0,0,,,,,11回目以上,テーマパーク（遊園地、動物園、博物館など）,0,0,0,0,0,1,0,0,0,0,0,0,0,0,0,0,0,0,インターネット・アプリ,0,0,0,0,0,0,0,0,0,0,1,0,0,0,0,0,0,0,0,0,0,0,0,0,0,,,,,,使わない,,使わない,,,,,,,,,,,3,3,,,,,,1,どちらともいえない,子供の遊び場,屋内木育施設 もりのひみつきち,同意する,,,,,,,1991,,,,,,
石川,2026/02/11 10:01:35,石川県,女,1992,,500万円以上 600万円未満,親,1泊,石川県外には泊まらない,金沢エリア  （湯涌温泉、深谷温泉、犀川温泉など）,1泊,,,,,,,,,自家用車,1,0,0,0,0,0,0,,0,0,0,0,,,,,初めて,"宿でのんびり過ごす, 地元の美味しいものを食べる",1,0,1,0,0,0,0,0,0,0,0,0,0,0,0,0,0,0,友人・知人,0,0,0,0,0,0,0,0,0,0,0,0,0,0,0,0,0,0,1,0,0,0,0,0,0,,,,,,"30,000円以上 40,000円未満",,"30,000円以上 40,000円未満",,,,,,,,,,,5,5,,,,,,8,石川県在住,記念に体験できるもの,湯の出,同意する,,,,,,,1992,,,,,,
石川,2026/02/11 10:08:20,石川県,女,1964,,"1,000万円以上 1,200万円未満",中学生以上連れの家族,1泊,石川県外には泊まらない,金沢エリア  （湯涌温泉、深谷温泉、犀川温泉など）,1泊,,,,,,,,,自家用車,1,0,0,0,0,0,0,,0,0,0,0,,,,,2～5回目,"宿でのんびり過ごす, 地元の美味しいものを食べる",1,0,1,0,0,0,0,0,0,0,0,0,0,0,0,0,0,0,友人・知人,0,0,0,0,0,0,0,0,0,0,0,0,0,0,0,0,0,0,1,0,0,0,0,0,0,,,,,,"30,000円以上 40,000円未満",,"30,000円以上 40,000円未満",,,,,,,,,,,4,4,,,,,,8,石川県在住,特になし,湯の出,同意する,,,,,,,1964,,,,,,
石川,2026/02/11 10:54:54,栃木県,女,1964,,700万円以上 800万円未満,自分ひとり,2泊,石川県外には泊まらない,金沢エリア  （湯涌温泉、深谷温泉、犀川温泉など）,1泊,,,,,,,,,飛行機,0,0,0,0,1,0,0,,0,0,0,0,,,,,初めて,"地元の美味しいものを食べる, 名所、旧跡の観光, まちあるき、都市散策",0,0,1,0,1,0,0,0,0,0,1,0,0,0,0,0,0,0,インターネット・アプリ,0,0,0,0,0,0,0,0,0,0,1,0,0,0,0,0,0,0,0,0,0,0,0,0,0,,,,,,"10,000円以上 20,000円未満",,"1,000円未満",,,,,,,,,,,5,4,綺麗,勉強になった,,,,8,機会があれば行きたい,人気のお店になかなか入れないのが残念でした ボランティアガイドさんなど、地域の皆さんが親切だから,前田土佐守家資料館,同意する,,西茶屋,,,,,1964,,,,,,
石川,2026/02/11 11:55:15,石川県,女,1993,,"900万円以上 1,000万円未満",小学生以下連れの家族,日帰り,石川県外には泊まらない,石川県内には宿泊しない,石川県内には宿泊しない,,,,,,,,,自家用車,1,0,0,0,0,0,0,,0,0,0,0,,,,,2～5回目,テーマパーク（遊園地、動物園、博物館など）,0,0,0,0,0,1,0,0,0,0,0,0,0,0,0,0,0,0,Instagram,0,0,0,1,0,0,0,0,0,0,0,0,0,0,0,0,0,0,0,0,0,0,0,0,0,,,,,,"1,000円以上 3,000円未満",,"1,000円以上 3,000円未満",,,,,,,,,,,4,4,,,,,,8,石川県在住,特になし,屋内木育施設 もりのひみつきち,同意する,,,,,,,1993,,,,,,
石川,2026/02/11 12:37:47,東京都,男,1990,,800万円以上 900万円未満,友人,2泊,石川県外には泊まらない,金沢エリア  （湯涌温泉、深谷温泉、犀川温泉など）,2泊,,,,,,,,,新幹線,0,0,1,0,0,0,0,,0,0,0,0,,,,,2～5回目,"名所、旧跡の観光, 買い物、アウトレット, お祭りやイベントへの参加・見物, まちあるき、都市散策",0,0,0,0,1,0,1,1,0,0,1,0,0,0,0,0,0,0,友人・知人,0,0,0,0,0,0,0,0,0,0,0,0,0,0,0,0,0,0,1,0,0,0,0,0,0,,,,,,"30,000円以上 40,000円未満",,"1,000円未満",,,,,,,,,,,5,5,,,,,,8,機会があれば行きたい,居酒屋街,石川県立歴史博物館,同意する,,,,,,,1990,,,,,,
石川,2026/02/11 15:13:23,東京都,男,2001,,400万円以上 500万円未満,恋人,1泊,石川県外には泊まらない,金沢エリア  （湯涌温泉、深谷温泉、犀川温泉など）,1泊,,,,,,,,,新幹線,0,0,1,0,0,0,0,,0,0,0,0,,,,,初めて,"地元の美味しいものを食べる, 名所、旧跡の観光",0,0,1,0,1,0,0,0,0,0,0,0,0,0,0,0,0,0,インターネット・アプリ,0,0,0,0,0,0,0,0,0,0,1,0,0,0,0,0,0,0,0,0,0,0,0,0,0,,,,,,"10,000円以上 20,000円未満",,使わない,,,,,,,,,,,5,5,,お部屋の清掃が行き届いていて、清潔感があった。朝食もバラエティ豊富で、地元の食材を多く食べれたのがとても良かったです。,,,,9,機会があれば行きたい,食べ物周遊パス的なものがあると嬉しい,ホテル・トリフィート金沢,同意する,,,,,,,2001,,,,,,
石川,2026/02/11 15:18:26,千葉県,女,2003,,600万円以上 700万円未満,恋人,1泊,石川県外には泊まらない,金沢エリア  （湯涌温泉、深谷温泉、犀川温泉など）,1泊,,,,,,,,,"新幹線, 在来線",0,0,1,1,0,0,0,,0,0,0,0,5,,,,初めて,"地元の美味しいものを食べる, 名所、旧跡の観光",0,0,1,0,1,0,0,0,0,0,0,0,0,0,0,0,0,0,インターネット・アプリ,0,0,0,0,0,0,0,0,0,0,1,0,0,0,0,0,0,0,0,0,0,0,0,0,0,,,,,,"10,000円以上 20,000円未満",,"1,000円以上 3,000円未満",,,,,,,,,,,4,4,,,,,,7,機会があれば行きたい,特になし,ホテル・トリフィート金沢,同意する,,,,,,,2003,,,,,,
石川,2026/02/11 17:02:03,石川県,女,1969,,500万円以上 600万円未満,中学生以上連れの家族,1泊,石川県外には泊まらない,金沢エリア  （湯涌温泉、深谷温泉、犀川温泉など）,1泊,,,,,,,,,自家用車,1,0,0,0,0,0,0,,0,0,0,0,,,,,2～5回目,"宿でのんびり過ごす, 地元の美味しいものを食べる",1,0,1,0,0,0,0,0,0,0,0,0,0,0,0,0,0,0,インターネット・アプリ,0,0,0,0,0,0,0,0,0,0,1,0,0,0,0,0,0,0,0,0,0,0,0,0,0,,,,,,"10,000円以上 20,000円未満",,"10,000円以上 20,000円未満",,,,,,,,,,,5,5,価格以上のお料理,大浴場がないのは残念ですが、客室も広く、お料理も満足。,,,,10,また行きたい（1年以内）,特になし特になし 石川在住ですが、石川のほのぼのしているところが好きで、県外から母を連れて一泊しました。大浴場ができたらまた期待です。,KKRホテル金沢,同意する,,,,予定なし,,,1969,,,,,,
石川,2026/02/11 17:13:14,東京都,女,1964,,600万円以上 700万円未満,夫婦2人,1泊,石川県外には泊まらない,金沢エリア  （湯涌温泉、深谷温泉、犀川温泉など）,1泊,,,,,,,,,新幹線,0,0,1,0,0,0,0,,0,0,0,0,3,金沢駅から目的施設までのタクシーの運転手さんは感じの良い方でしたが、目的地から金沢駅までの帰りの運転手さんは、イライラした感じで少し怖かったからです。,,,初めて,"地元の美味しいものを食べる, 名所、旧跡の観光",0,0,1,0,1,0,0,0,0,0,0,0,0,0,0,0,0,0,"新聞・雑誌・ガイドブック, 観光パンフレット・ポスター, インターネット・アプリ, 観光協会等の案内所",0,0,0,0,0,0,0,0,0,0,1,0,0,0,0,0,1,0,0,0,1,1,0,0,0,,,,,,"10,000円以上 20,000円未満",,"3,000円以上 5,000円未満",,,,,,,,,,,5,4,お天気が悪い為、足元が悪かったのが残念です,志摩を見学したのですが、歴史を感じる建物でタイムスリップした感じが良かったです,,,,8,機会があれば行きたい,四季折々の石川県の美味しい物を食べたいです 食べ物，特に海鮮が美味しいと思いました。お刺身が肉厚で甘さがあり食感もふんわりと美味しいです。,KKRホテル金沢,同意する,,,,,,,1964,,,,,,
石川,2026/02/11 20:32:51,徳島県,女,1960,,200万円以上 300万円未満,夫婦2人,2泊,滋賀県,金沢エリア  （湯涌温泉、深谷温泉、犀川温泉など）,1泊,,,,,,,,,自家用車,1,0,0,0,0,0,0,,0,0,0,0,,,,,2～5回目,"地元の美味しいものを食べる, 買い物、アウトレット, まちあるき、都市散策",0,0,1,0,0,0,1,0,0,0,1,0,0,0,0,0,0,0,"新聞・雑誌・ガイドブック, インターネット・アプリ",0,0,0,0,0,0,0,0,0,0,1,0,0,0,0,0,1,0,0,0,0,0,0,0,0,,,,,,"3,000円以上 5,000円未満",,"3,000円以上 5,000円未満",,,,,,,,,,,4,4,食べたものに満足,,,,,8,また行きたい（1年以内）,寿司が美味しい,KKRホテル金沢,同意する,,,,,,,1960,,,,,,
石川,2026/02/11 20:34:24,徳島県,男,1959,,100万円以上 200万円未満,夫婦2人,2泊,滋賀県,金沢エリア  （湯涌温泉、深谷温泉、犀川温泉など）,1泊,,,,,,,,,自家用車,1,0,0,0,0,0,0,,0,0,0,0,,,,,初めて,"地元の美味しいものを食べる, 名所、旧跡の観光",0,0,1,0,1,0,0,0,0,0,0,0,0,0,0,0,0,0,インターネット・アプリ,0,0,0,0,0,0,0,0,0,0,1,0,0,0,0,0,0,0,0,0,0,0,0,0,0,,,,,,"3,000円以上 5,000円未満",,"1,000円未満",,,,,,,,,,,4,4,,,,,,8,また行きたい（1年以内）,特になし,KKRホテル金沢,同意する,,,,,,,1959,,,,,,
石川,2026/02/11 20:39:54,徳島県,女,1960,,200万円以上 300万円未満,夫婦2人,2泊,滋賀県,金沢エリア  （湯涌温泉、深谷温泉、犀川温泉など）,1泊,,,,,,,,,自家用車,1,0,0,0,0,0,0,,0,0,0,0,4,,,,2～5回目,"地元の美味しいものを食べる, 買い物、アウトレット, まちあるき、都市散策",0,0,1,0,0,0,1,0,0,0,1,0,0,0,0,0,0,0,"新聞・雑誌・ガイドブック, インターネット・アプリ",0,0,0,0,0,0,0,0,0,0,1,0,0,0,0,0,1,0,0,0,0,0,0,0,0,,,,,,"3,000円以上 5,000円未満",,"1,000円以上 3,000円未満",,,,,,,,,,,4,4,,,,,,8,また行きたい（1年以内）,食べ物が美味しい,KKRホテル金沢,同意する,,,,,,,1960,,,,,,
石川,2026/02/12 8:40:08,愛知県,男,1970,,"1,000万円以上 1,200万円未満",自分ひとり,4泊以上,富山県,金沢エリア  （湯涌温泉、深谷温泉、犀川温泉など）,2泊,,,,,,,,,自家用車,1,0,0,0,0,0,0,,0,0,0,0,,,,,2～5回目,出張など仕事関係,0,0,0,0,0,0,0,0,0,0,0,0,0,0,0,0,1,0,リピート,0,0,0,0,0,0,0,0,0,0,0,0,0,0,0,0,0,0,0,0,0,0,0,0,1,,,,,,"10,000円以上 20,000円未満",,"5,000円以上 10,000円未満",,,,,,,,,,,5,5,いつ行っても飽きない,いつ行っても飽きない,,,,5,また行きたい（1年以内）,ツーリストプライスかなと感じる事が多い 歴史と文化,KOKOHOTEL Premier 金沢香林坊,同意する,,夕方にチェックインのため,,,,,1970,,,,,,
石川,2026/02/12 9:10:12,愛知県,女,1966,,800万円以上 900万円未満,友人,1泊,石川県外には泊まらない,金沢エリア  （湯涌温泉、深谷温泉、犀川温泉など）,1泊,,,,,,,,,新幹線,0,0,1,0,0,0,0,,0,0,0,0,,,,,2～5回目,"温泉や露天風呂, 地元の美味しいものを食べる, 名所、旧跡の観光, 各種体験（手作り、果物狩りなど）",0,1,1,0,1,0,0,0,0,0,0,1,0,0,0,0,0,0,新聞・雑誌・ガイドブック,0,0,0,0,0,0,0,0,0,0,0,0,0,0,0,0,1,0,0,0,0,0,0,0,0,,,,,,"10,000円以上 20,000円未満",,"1,000円以上 3,000円未満",,,,,,,,,,,5,4,,,,,,9,また行きたい（1年以内）,なし,金沢城公園,同意する,,,,,,,1966,,,,,,
石川,2026/02/12 9:25:19,石川県,男,1955,,200万円以上 300万円未満,自分ひとり,日帰り,福井県,石川県内には宿泊しない,石川県内には宿泊しない,,,,,,,,,自家用車,1,0,0,0,0,0,0,,0,0,0,0,,,,,初めて,"温泉や露天風呂, 地元の美味しいものを食べる",0,1,1,0,0,0,0,0,0,0,0,0,0,0,0,0,0,0,"新聞・雑誌・ガイドブック, TV・ラジオ番組やCM",0,0,0,0,0,0,0,0,0,0,0,0,0,0,1,0,1,0,0,0,0,0,0,0,0,,,,,,"10,000円以上 20,000円未満",,使わない,,,,,,,,,,,4,4,種類が豊富,普通,,,,5,機会があれば行きたい,カニや海鮮物がお手ごろに食出来るところ コンパクトで交通も便利,石川県立歴史博物館,同意する,,,,,,,1955,,,,,,
石川,2026/02/12 10:02:43,奈良県,男,1983,,300万円以上 400万円未満,恋人,3泊,石川県外には泊まらない,金沢エリア  （湯涌温泉、深谷温泉、犀川温泉など）,3泊,,,,,,,,,自家用車,1,0,0,0,0,0,0,,0,0,0,0,5,,,,2～5回目,"宿でのんびり過ごす, 温泉や露天風呂, 地元の美味しいものを食べる",1,1,1,0,0,0,0,0,0,0,0,0,0,0,0,0,0,0,インターネット・アプリ,0,0,0,0,0,0,0,0,0,0,1,0,0,0,0,0,0,0,0,0,0,0,0,0,0,,,,,,"30,000円以上 40,000円未満",,"30,000円以上 40,000円未満",,,,,,,,,,,5,5,,,,,,10,また行きたい（1年以内）,ない,道の駅「高松」,同意する,,,,,,,1983,,,,,,
石川,2026/02/12 11:31:32,三重県,女,1961,,500万円以上 600万円未満,友人,2泊,石川県外には泊まらない,金沢エリア  （湯涌温泉、深谷温泉、犀川温泉など）,2泊,,,,,,,,,"新幹線, 在来線",0,0,1,1,0,0,0,,0,0,0,0,3,バスの本数が少ない事,,,2～5回目,"温泉や露天風呂, 地元の美味しいものを食べる, 名所、旧跡の観光, まちあるき、都市散策",0,1,1,0,1,0,0,0,0,0,1,0,0,0,0,0,0,0,"観光展・物産展, インターネット・アプリ",0,0,0,0,0,0,0,0,0,0,1,0,0,0,0,0,0,0,0,0,0,0,1,0,0,,,,,,"30,000円以上 40,000円未満",,"1,000円未満",,,,,,,,,,,4,4,想像以上にステキな場所だった,良い場所だった。,,,,8,機会があれば行きたい,海産物 美味しい物たくさん有る,石川県立図書館,同意する,,,,,,,1961,,,,,,
石川,2026/02/12 11:52:41,三重県,女,1958,,300万円以上 400万円未満,友人,2泊,石川県外には泊まらない,金沢エリア  （湯涌温泉、深谷温泉、犀川温泉など）,2泊,,,,,,,,,新幹線,0,0,1,0,0,0,0,,0,0,0,0,4,もう少し便が有ればとおもった,,,2～5回目,"地元の美味しいものを食べる, 名所、旧跡の観光, 買い物、アウトレット, まちあるき、都市散策",0,0,1,0,1,0,1,0,0,0,1,0,0,0,0,0,0,0,インターネット・アプリ,0,0,0,0,0,0,0,0,0,0,1,0,0,0,0,0,0,0,0,0,0,0,0,0,0,,,,,,"20,000円以上 30,000円未満",,"1,000円以上 3,000円未満",,,,,,,,,,,5,4,スタッフが親切,建物が素晴らしい,,,,8,また行きたい（1年以内）,のどくろ製品がもっと欲しい 雪の金沢が素晴らしい,石川県立図書館,同意する,,ホテルから直行,,,,,1958,,,,,,
石川,2026/02/12 12:32:54,愛知県,女,1977,,600万円以上 700万円未満,親,1泊,石川県外には泊まらない,加賀エリア （山代温泉、山中温泉、片山津温泉、粟津温泉、辰口温泉、加賀市、小松市など）,1泊,,,,,,,,,レンタカー,0,1,0,0,0,0,0,,0,0,0,0,5,高齢の親がいたので、広い車でゆったり来れたので。,,,2～5回目,"宿でのんびり過ごす, 温泉や露天風呂, 地元の美味しいものを食べる, 名所、旧跡の観光",1,1,1,0,1,0,0,0,0,0,0,0,0,0,0,0,0,0,"観光パンフレット・ポスター, インターネット・アプリ, Instagram",0,0,0,1,0,0,0,0,0,0,1,0,0,0,0,0,0,0,0,0,1,0,0,0,0,,,,,,"20,000円以上 30,000円未満",,"1,000円未満",,,,,,,,,,,5,4,車椅子を使用していたが、優しく声をかけてくれた。,雪で車椅子で通れない道があったが、迂回して景色が見れた,,,,9,また行きたい（1年以内）,次は暖かい時期に来て、その時期の旬を味わいたい 海の幸など美味しいものがたくさん食べれたし、山中温泉での宿のサービスや温泉も良かった,兼六駐車場,同意する,,,,,,,1977,,,,,,
石川,2026/02/12 15:30:17,福井県,男,1994,,600万円以上 700万円未満,親,日帰り,福井県,石川県内には宿泊しない,石川県内には宿泊しない,,,,,,,,,自家用車,1,0,0,0,0,0,0,,0,0,0,0,,,,,11回目以上,地元の美味しいものを食べる,0,0,1,0,0,0,0,0,0,0,0,0,0,0,0,0,0,0,"TV・ラジオ番組やCM, インターネット・アプリ",0,0,0,0,0,0,0,0,0,0,1,0,0,0,1,0,0,0,0,0,0,0,0,0,0,,,,,,"20,000円以上 30,000円未満",,"1,000円以上 3,000円未満",,,,,,,,,,,3,3,,,,,,4,また行きたい（1年以内）,のどぐろ,石川県立図書館,同意する,,,,,,,1994,,,,,,
石川,2026/02/12 15:40:06,神奈川県,女,1984,,600万円以上 700万円未満,夫婦2人,1泊,石川県外には泊まらない,金沢エリア  （湯涌温泉、深谷温泉、犀川温泉など）,1泊,,,,,,,,,新幹線,0,0,1,0,0,0,0,,0,0,0,0,,,,,初めて,地元の美味しいものを食べる,0,0,1,0,0,0,0,0,0,0,0,0,0,0,0,0,0,0,インターネット・アプリ,0,0,0,0,0,0,0,0,0,0,1,0,0,0,0,0,0,0,0,0,0,0,0,0,0,,,,,,"10,000円以上 20,000円未満",,使わない,,,,,,,,,,,5,4,綺麗で立派な施設、休憩にも気軽に利用出来た為,上記回答のまま,,,,10,機会があれば行きたい,ひゃくまんさんグッズを取り扱うお店が想像より少なく感じたのでもう少し増やして欲しい。 食べ物もおいしく坂が少なく移動しやすい,金沢中央観光案内所,同意する,,,,武家屋敷,,,1984,,,,,,
石川,2026/02/12 16:24:00,奈良県,女,1977,,300万円以上 400万円未満,自分ひとり,3泊,石川県外には泊まらない,金沢エリア  （湯涌温泉、深谷温泉、犀川温泉など）,3泊,,,,,,,,,"新幹線, 在来線",0,0,1,1,0,0,0,,0,0,0,0,,,,,2～5回目,"地元の美味しいものを食べる, 名所、旧跡の観光, テーマパーク（遊園地、動物園、博物館など）, まちあるき、都市散策, 友人・親戚を訪ねる",0,0,1,0,1,1,0,0,0,0,1,0,0,0,0,0,0,0,観光パンフレット・ポスター,0,0,0,0,0,0,0,0,0,0,0,0,0,0,0,0,0,0,0,0,1,0,0,0,0,,,,,,"10,000円以上 20,000円未満",,使わない,,,,,,,,,,,4,4,,,,,,7,機会があれば行きたい,特になし,石川県立歴史博物館,同意する,,,,,,,1977,,,,,,
石川,2026/02/12 17:08:08,広島県,男,1986,,600万円以上 700万円未満,夫婦2人,2泊,石川県外には泊まらない,金沢エリア  （湯涌温泉、深谷温泉、犀川温泉など）,2泊,,,,,,,,,"新幹線, 在来線",0,0,1,1,0,0,0,,0,0,0,0,5,快適に来れた,,,初めて,"地元の美味しいものを食べる, 名所、旧跡の観光",0,0,1,0,1,0,0,0,0,0,0,0,0,0,0,0,0,0,"新聞・雑誌・ガイドブック, インターネット・アプリ, Instagram",0,0,0,1,0,0,0,0,0,0,1,0,0,0,0,0,1,0,0,0,0,0,0,0,0,,,,,,"10,000円以上 20,000円未満",,"5,000円以上 10,000円未満",,,,,,,,,,,5,4,,,,,,9,また行きたい（1年以内）,海鮮,金沢駅,同意する,,,,,,,1986,,,,,,
石川,2026/02/12 17:31:51,神奈川県,女,1997,,200万円以上 300万円未満,親,2泊,石川県外には泊まらない,金沢エリア  （湯涌温泉、深谷温泉、犀川温泉など）,2泊,,,,,,,,,飛行機,0,0,0,0,1,0,0,,0,0,0,0,4,金沢駅近くだった事もあり、アクセスが非常によく、分かりやすい立地であった為。,,,初めて,"地元の美味しいものを食べる, 花見や紅葉などの自然鑑賞, 名所、旧跡の観光",0,0,1,1,1,0,0,0,0,0,0,0,0,0,0,0,0,0,"観光パンフレット・ポスター, インターネット・アプリ",0,0,0,0,0,0,0,0,0,0,1,0,0,0,0,0,0,0,0,0,1,0,0,0,0,,,,,,"10,000円以上 20,000円未満",,"20,000円以上 30,000円未満",,,,,,,,,,,4,4,食事なしプランであったが、駅も近く、様々な場所へのアクセスがよく良い料金設定だった,バストイレが別であり、トイレをよく使う身としてはすごく嬉しかった。音姫があるのもポイントが高い。,,,,10,機会があれば行きたい,カニを探して予約するのがなかなか大変だったので、もっと色々と比較して分かりやすければもっといいなと思った。 兼六園を含め、金沢駅周辺、のとじま水族館を進めたい,ホテル・トリフィート金沢,同意する,,,,のとじま水族館に行く予定,,,1997,,,,,,
石川,2026/02/12 22:54:43,神奈川県,無回答,1970,,"1,000万円以上 1,200万円未満",自分ひとり,4泊以上,石川県外には泊まらない,金沢エリア  （湯涌温泉、深谷温泉、犀川温泉など）,4泊以上,,,,,,,,,新幹線,0,0,1,0,0,0,0,,0,0,0,0,,,,,6～10回目,友人・親戚を訪ねる,0,0,0,0,0,0,0,0,0,0,0,0,0,0,0,0,0,0,友人・知人,0,0,0,0,0,0,0,0,0,0,0,0,0,0,0,0,0,0,1,0,0,0,0,0,0,,,,,,"40,000円以上 50,000円未満",,"1,000円以上 3,000円未満",,,,,,,,,,,4,5,,,,,,8,機会があれば行きたい,わかりやすいバス路線図,石川県立図書館,同意する,,,,鈴木大拙館,,,1970,,,,,,
石川,2026/02/13 4:36:24,埼玉県,男,1961,,"1,500万円以上",夫婦2人,1泊,石川県外には泊まらない,金沢エリア  （湯涌温泉、深谷温泉、犀川温泉など）,1泊,,,,,,,,,新幹線,0,0,1,0,0,0,0,,0,0,0,0,4,乗り放題パスがあった,,,11回目以上,"宿でのんびり過ごす, 地元の美味しいものを食べる",1,0,1,0,0,0,0,0,0,0,0,0,0,0,0,0,0,0,"新聞・雑誌・ガイドブック, TV・ラジオ番組やCM, Instagram, 観光協会等の案内所",0,0,0,1,0,0,0,0,0,0,0,0,0,0,1,0,1,0,0,0,0,1,0,0,0,,,,,,"10,000円以上 20,000円未満",,"20,000円以上 30,000円未満",,,,,,,,,,,5,5,接客が非常に良い,接客が非常に良い,,,,9,また行きたい（1年以内）,特になし 美味しいものが、食べられる,金沢東急ホテル,同意する,,,,,,,1961,,,,,,
石川,2026/02/13 9:40:47,三重県,男,1988,,600万円以上 700万円未満,親と家族,4泊以上,名古屋と加賀温泉,金沢エリア  （湯涌温泉、深谷温泉、犀川温泉など）,3泊,,,,,,,,,高速バス,0,0,0,0,0,0,0,,0,0,0,0,5,便利,,,初めて,"温泉や露天風呂, 名所、旧跡の観光, まちあるき、都市散策",0,1,0,0,1,0,0,0,0,0,1,0,0,0,0,0,0,0,"観光パンフレット・ポスター, インターネット・アプリ",0,0,0,0,0,0,0,0,0,0,1,0,0,0,0,0,0,0,0,0,1,0,0,0,0,,,,,,"20,000円以上 30,000円未満",,"5,000円以上 10,000円未満",,,,,,,,,,,5,4,,,,,,8,機会があれば行きたい,歴史ものを見ると休憩の時間(温泉、芸術、グルメなど),スーパーホテルPremier金沢駅東口,同意する,,金沢城,,加賀温泉,,,1988,,,,,,
石川,2026/02/13 10:39:18,神奈川県,女,2001,,300万円以上 400万円未満,親,2泊,富山県,金沢エリア  （湯涌温泉、深谷温泉、犀川温泉など）,1泊,,,,,,,,,"飛行機, 旅行会社ツアーバス",0,0,0,0,1,1,0,,0,0,0,0,4,ツアーバスが止まりやすい場所にあり、観光がとてもしやすかったです。,,,初めて,ツアーでの観光,0,0,0,0,0,0,0,0,0,0,0,0,0,0,0,0,0,0,"インターネット・アプリ, X(旧：Twitter), Instagram",0,0,0,1,0,1,0,0,0,0,1,0,0,0,0,0,0,0,0,0,0,0,0,0,0,,,,,,"20,000円以上 30,000円未満",,使わない,,,,,,,,,,,4,3,,,,,,7,機会があれば行きたい,特にはありません。,兼六駐車場,同意する,,,,,,,2001,,,,,,
石川,2026/02/13 10:44:47,神奈川県,女,1964,,500万円以上 600万円未満,中学生以上連れの家族,2泊,富山県,金沢エリア  （湯涌温泉、深谷温泉、犀川温泉など）,1泊,,,,,,,,,"飛行機, 旅行会社ツアーバス",0,0,0,0,1,1,0,,0,0,0,0,3,必然的だから,,,2～5回目,"温泉や露天風呂, 地元の美味しいものを食べる, 名所、旧跡の観光",0,1,1,0,1,0,0,0,0,0,0,0,0,0,0,0,0,0,インターネット・アプリ,0,0,0,0,0,0,0,0,0,0,1,0,0,0,0,0,0,0,0,0,0,0,0,0,0,,,,,,"10,000円以上 20,000円未満",,使わない,,,,,,,,,,,4,4,VRが良かった,とても綺麗に整備されていた,,,,8,機会があれば行きたい,特になし 他の季節にまた来たい,兼六駐車場,同意する,,,,,,,1964,,,,,,
石川,2026/02/13 11:11:54,新潟県,男,1974,,500万円以上 600万円未満,自分ひとり,1泊,石川県外には泊まらない,金沢エリア  （湯涌温泉、深谷温泉、犀川温泉など）,1泊,,,,,,,,,新幹線,0,0,1,0,0,0,0,,0,0,0,0,5,交通系ICが使えて良かった,,,初めて,"地元の美味しいものを食べる, 名所、旧跡の観光, まちあるき、都市散策",0,0,1,0,1,0,0,0,0,0,1,0,0,0,0,0,0,0,インターネット・アプリ,0,0,0,0,0,0,0,0,0,0,1,0,0,0,0,0,0,0,0,0,0,0,0,0,0,,,,,,"5,000円以上 10,000円未満",,使わない,,,,,,,,,,,5,4,スタッフの挨拶良く親切だった,広くて知りたい情報が見つかった,,,,5,また行きたい（1年以内）,特になし グルメあり、歴史あり、観光地が駅から近い位置にあることで、観光しやすく、バスも充実しており移動もしやすい,金沢中央観光案内所,同意する,,,,,,,1974,,,,,,
石川,2026/02/13 13:03:05,愛知県,女,1963,,200万円以上 300万円未満,中学生以上連れの家族,2泊,石川県外には泊まらない,金沢エリア  （湯涌温泉、深谷温泉、犀川温泉など）,2泊,,,,,,,,,"新幹線, 在来線",0,0,1,1,0,0,0,,0,0,0,0,3,,,,2～5回目,"地元の美味しいものを食べる, 名所、旧跡の観光",0,0,1,0,1,0,0,0,0,0,0,0,0,0,0,0,0,0,"観光パンフレット・ポスター, インターネット・アプリ",0,0,0,0,0,0,0,0,0,0,1,0,0,0,0,0,0,0,0,0,1,0,0,0,0,,,,,,"10,000円以上 20,000円未満",,"1,000円以上 3,000円未満",,,,,,,,,,,4,3,,,,,,2,機会があれば行きたい,特になし,石川県観光物産館,同意する,,,,,,,1963,,,,,,
石川,2026/02/13 13:06:59,神奈川県,女,1958,,300万円以上 400万円未満,友人,3泊,福井県,金沢エリア  （湯涌温泉、深谷温泉、犀川温泉など）,2泊,,,,,,,,,"新幹線, 在来線",0,0,1,1,0,0,0,,0,0,0,0,,,,,2～5回目,"宿でのんびり過ごす, 温泉や露天風呂, 地元の美味しいものを食べる, 買い物、アウトレット",1,1,1,0,0,0,1,0,0,0,0,0,0,0,0,0,0,0,友人・知人,0,0,0,0,0,0,0,0,0,0,0,0,0,0,0,0,0,0,1,0,0,0,0,0,0,,,,,,"20,000円以上 30,000円未満",,"1,000円以上 3,000円未満",,,,,,,,,,,5,4,,,,,,8,また行きたい（1年以内）,特に無し,尾山神社,同意する,,,,,,,1958,,,,,,
石川,2026/02/13 13:09:37,東京都,女,1958,,200万円以上 300万円未満,友人,3泊,福井県,金沢エリア  （湯涌温泉、深谷温泉、犀川温泉など）,2泊,,,,,,,,,新幹線,0,0,1,0,0,0,0,,0,0,0,0,,,,,2～5回目,"温泉や露天風呂, 地元の美味しいものを食べる, 買い物、アウトレット, まちあるき、都市散策",0,1,1,0,0,0,1,0,0,0,1,0,0,0,0,0,0,0,友人・知人,0,0,0,0,0,0,0,0,0,0,0,0,0,0,0,0,0,0,1,0,0,0,0,0,0,,,,,,"20,000円以上 30,000円未満",,"1,000円未満",,,,,,,,,,,5,3,,,,,,8,機会があれば行きたい,食べ物がとても美味しく2〜3年に一度は来たい場所。 粟津温泉が良かった。,尾山神社,同意する,,着いたばかり、近くのひらみパンでランチしてから来ました。,,工芸美術館など。,,,1958,,,,,,
石川,2026/02/13 13:38:59,東京都,女,1989,,300万円以上 400万円未満,親,2泊,石川県外には泊まらない,金沢エリア  （湯涌温泉、深谷温泉、犀川温泉など）,2泊,,,,,,,,,新幹線,0,0,1,0,0,0,0,,0,0,0,0,5,,,,2～5回目,"宿でのんびり過ごす, 温泉や露天風呂, 地元の美味しいものを食べる, 名所、旧跡の観光",1,1,1,0,1,0,0,0,0,0,0,0,0,0,0,0,0,0,Instagram,0,0,0,1,0,0,0,0,0,0,0,0,0,0,0,0,0,0,0,0,0,0,0,0,0,,,,,,"50,000円以上 100,000円未満",,使わない,,,,,,,,,,,5,5,,,,,,10,機会があれば行きたい,特になし,金沢城公園,同意する,,,,,,,1989,,,,,,
石川,2026/02/13 13:41:35,千葉県,女,1966,,800万円以上 900万円未満,娘達(二人),2泊,石川県外には泊まらない,金沢エリア  （湯涌温泉、深谷温泉、犀川温泉など）,2泊,,,,,,,,,新幹線,0,0,1,0,0,0,0,,0,0,0,0,4,周遊バスを利用したが便利,,,初めて,還暦の誕生日を娘達に祝ってもらう為に訪れた,0,0,0,0,0,0,0,0,0,0,0,0,0,0,0,0,0,0,友人・知人,0,0,0,0,0,0,0,0,0,0,0,0,0,0,0,0,0,0,1,0,0,0,0,0,0,,,,,,使わない,,"3,000円以上 5,000円未満",,,,,,,,,,,5,5,,,,,,9,機会があれば行きたい,ここでしか味わえない食べ物が美味しいのと、金粉を使った化粧品は魅力的です。 お料理がおいしったし、風情のある建物は多いし、金沢城も良かった。,金沢城公園,同意する,,,,,,,1966,,,,,,
石川,2026/02/13 13:41:36,千葉県,女,1993,,200万円以上 300万円未満,親,2泊,石川県外には泊まらない,金沢エリア  （湯涌温泉、深谷温泉、犀川温泉など）,2泊,,,,,,,,,新幹線,0,0,1,0,0,0,0,,0,0,0,0,5,道も景色も綺麗で歩いてて楽しかった,,,初めて,"宿でのんびり過ごす, 温泉や露天風呂, 地元の美味しいものを食べる, 名所、旧跡の観光",1,1,1,0,1,0,0,0,0,0,0,0,0,0,0,0,0,0,"インターネット・アプリ, Instagram, 友人・知人",0,0,0,1,0,0,0,0,0,0,1,0,0,0,0,0,0,0,1,0,0,0,0,0,0,,,,,,"100,000円以上",,"1,000円以上 3,000円未満",,,,,,,,,,,5,5,,,,,,10,機会があれば行きたい,特になし 色んな観光地がみんな近場にあるので回りやす方良い,金沢城公園,同意する,,,,,,,1993,,,,,,
石川,2026/02/13 13:57:02,鹿児島県,女,1978,,400万円以上 500万円未満,自分ひとり,2泊,石川県外には泊まらない,金沢エリア  （湯涌温泉、深谷温泉、犀川温泉など）,2泊,,,,,,,,,"在来線, 飛行機",0,0,0,1,1,0,0,,0,0,0,0,5,快適でした,,,2～5回目,"地元の美味しいものを食べる, 名所、旧跡の観光, まちあるき、都市散策",0,0,1,0,1,0,0,0,0,0,1,0,0,0,0,0,0,0,"観光連盟やDMOのHP, インターネット・アプリ, 観光協会等の案内所",0,0,0,0,0,0,0,0,0,0,1,0,0,0,0,0,0,0,0,0,0,1,0,1,0,,,,,,"10,000円以上 20,000円未満",,"5,000円以上 10,000円未満",,,,,,,,,,,5,5,,色々な店舗などがあり楽しく過ごせた,,,,10,また行きたい（1年以内）,今ので満足です。特にありません。,金沢駅,同意する,,,,,,,1978,,,,,,
石川,2026/02/13 14:05:26,大阪府,女,1972,,"1,500万円以上",自分ひとり,4泊以上,石川県外には泊まらない,金沢エリア  （湯涌温泉、深谷温泉、犀川温泉など）,4泊以上,,,,,,,,,在来線,0,0,0,1,0,0,0,,0,0,0,0,,,,,初めて,友人・親戚を訪ねる,0,0,0,0,0,0,0,0,0,0,0,0,0,0,0,0,0,0,インターネット・アプリ,0,0,0,0,0,0,0,0,0,0,1,0,0,0,0,0,0,0,0,0,0,0,0,0,0,,,,,,使わない,,"1,000円以上 3,000円未満",,,,,,,,,,,5,5,専門書が揃っているから,接客が丁寧,,,,10,また行きたい（1年以内）,地物の魚を食べられる店が知りたい 海産物が美味しいから,石川県立歴史博物館,同意する,,,,,,,1972,,,,,,
石川,2026/02/13 14:38:13,京都府,男,1965,,"1,500万円以上",自分ひとり,1泊,石川県外には泊まらない,金沢エリア  （湯涌温泉、深谷温泉、犀川温泉など）,1泊,,,,,,,,,在来線,0,0,0,1,0,0,0,,0,0,0,0,4,レンタカーは移動しやすくて便利。,,,11回目以上,出張など仕事関係,0,0,0,0,0,0,0,0,0,0,0,0,0,0,0,0,1,0,楽天トラベル,0,0,0,0,0,0,0,0,0,0,0,0,0,0,0,0,0,0,0,0,0,0,0,0,1,,,,,,"5,000円以上 10,000円未満",,"5,000円以上 10,000円未満",,,,,,,,,,,5,5,朝食が美味しい。,やや古めのホテルだが、とても綺麗にしているので。,,,,8,また行きたい（1年以内）,烏骨鶏の金箔カステラと中田屋さんの金鍔はとても喜ばれます。 魚がとても美味しい。,ガーデンホテル金沢,同意する,,該当無し,,お客様以外のところは会食以外行きません。,,,1965,,,,,,
石川,2026/02/13 15:45:15,東京都,男,1996,,700万円以上 800万円未満,自分ひとり,4泊以上,福井県,金沢エリア  （湯涌温泉、深谷温泉、犀川温泉など）,4泊以上,,,,,,,,,新幹線,0,0,1,0,0,0,0,,0,0,0,0,,,,,初めて,"地元の美味しいものを食べる, 名所、旧跡の観光, まちあるき、都市散策, 友人・親戚を訪ねる",0,0,1,0,1,0,0,0,0,0,1,0,0,0,0,0,0,0,観光展・物産展,0,0,0,0,0,0,0,0,0,0,0,0,0,0,0,0,0,0,0,0,0,0,1,0,0,,,,,,"1,000円以上 3,000円未満",,"1,000円以上 3,000円未満",,,,,,,,,,,4,4,,,,,,7,また行きたい（1年以内）,美味しい海鮮を食べたいです,石川県立歴史博物館,同意する,,,,,,,1996,,,,,,
石川,2026/02/13 16:19:57,群馬県,男,1978,,"1,200万円以上 1,500万円未満",夫婦2人,1泊,石川県外には泊まらない,金沢エリア  （湯涌温泉、深谷温泉、犀川温泉など）,1泊,,,,,,,,,"新幹線, 在来線",0,0,1,1,0,0,0,,0,0,0,0,,,,,初めて,"地元の美味しいものを食べる, 名所、旧跡の観光",0,0,1,0,1,0,0,0,0,0,0,0,0,0,0,0,0,0,"観光パンフレット・ポスター, 友人・知人",0,0,0,0,0,0,0,0,0,0,0,0,0,0,0,0,0,0,1,0,1,0,0,0,0,,,,,,"10,000円以上 20,000円未満",,"3,000円以上 5,000円未満",,,,,,,,,,,5,4,,,,,,8,また行きたい（1年以内）,遊園施設 お寿司と金沢城,KKRホテル金沢,同意する,,,,,,,1978,,,,,,
石川,2026/02/13 16:34:21,兵庫県,女,1994,,"1,500万円以上",小学生以下連れの家族,4泊以上,神奈川県、東京都,金沢エリア  （湯涌温泉、深谷温泉、犀川温泉など）,2泊,,,,,,,,,新幹線,0,0,1,0,0,0,0,,0,0,0,0,5,,,,初めて,"地元の美味しいものを食べる, 名所、旧跡の観光",0,0,1,0,1,0,0,0,0,0,0,0,0,0,0,0,0,0,インターネット・アプリ,0,0,0,0,0,0,0,0,0,0,1,0,0,0,0,0,0,0,0,0,0,0,0,0,0,,,,,,"10,000円以上 20,000円未満",,"1,000円未満",,,,,,,,,,,5,4,,,,,,7,機会があれば行きたい,海鮮が素晴らしい,石川県立歴史博物館,同意する,,,,,,,1994,,,,,,
石川,2026/02/13 16:39:38,兵庫県,男,1967,,700万円以上 800万円未満,夫婦2人,1泊,岐阜県,能登エリア （和倉温泉、七尾市、輪島市、珠洲市など）,1泊,,,,,,,,,"新幹線, 在来線",0,0,1,1,0,0,0,,0,0,0,0,4,乗り換えが面倒だったが、スムーズにこれた,,,初めて,"地元の美味しいものを食べる, 名所、旧跡の観光, まちあるき、都市散策",0,0,1,0,1,0,0,0,0,0,1,0,0,0,0,0,0,0,"新聞・雑誌・ガイドブック, インターネット・アプリ",0,0,0,0,0,0,0,0,0,0,1,0,0,0,0,0,1,0,0,0,0,0,0,0,0,,,,,,"10,000円以上 20,000円未満",,使わない,,,,,,,,,,,4,4,和洋折衷の様式が、他に無くよかった。,庭園も整備されていて良かった,,,,8,機会があれば行きたい,寿司などの海産、野菜など食べ物が新鮮、美味しいイメージは浸透しているので、あとは、乗り換えなしで行ける様になったら最高だと皆言っている。乗り換えの手間分を宿泊やおみあげで使えるクーポンなどにして支援されれば、大阪からも沢山の人が観光に来ると思います。 大阪からは、新幹線になり、サンダーバード一本でなく、わざわざ乗り換えが面倒くさいと思っていたが、JR西日本の格安プランがあったので、利用してみました。敦賀での乗り換えは面倒なものの、大阪からの割引き次第では、金沢も十分に魅力的,尾山神社,同意する,,,,金沢城,,,1967,,,,,,
石川,2026/02/13 18:16:47,宮城県,女,1994,,300万円以上 400万円未満,自分ひとり,4泊以上,福井県,金沢エリア  （湯涌温泉、深谷温泉、犀川温泉など）,3泊,,,,,,,,,"在来線, 飛行機",0,0,0,1,1,0,0,,0,0,0,0,3,駅からはちょっと遠いが、観光はしやすかったため,,,初めて,"地元の美味しいものを食べる, 名所、旧跡の観光, まちあるき、都市散策, ワーケーション",0,0,1,0,1,0,0,0,0,0,1,0,0,0,0,0,0,0,"観光パンフレット・ポスター, 友人・知人",0,0,0,0,0,0,0,0,0,0,0,0,0,0,0,0,0,0,1,0,1,0,0,0,0,,,,,,"3,000円以上 5,000円未満",,"5,000円以上 10,000円未満",,,,,,,,,,,4,5,,,,,,9,また行きたい（1年以内）,地元の人が行くようなお手頃価格の美味しいお店。,トリフィートホテル&ポッド金沢百万石通,同意する,,,,,,,1994,,,,,,
石川,2026/02/13 18:57:39,岐阜県,女,1959,,300万円以上 400万円未満,自分ひとり,1泊,石川県外には泊まらない,金沢エリア  （湯涌温泉、深谷温泉、犀川温泉など）,1泊,,,,,,,,,自家用車,1,0,0,0,0,0,0,,0,0,0,0,,,,,2～5回目,スキー・スノボ・マリンスポーツ,0,0,0,0,0,0,0,0,0,0,0,0,0,0,0,0,0,0,インターネット・アプリ,0,0,0,0,0,0,0,0,0,0,1,0,0,0,0,0,0,0,0,0,0,0,0,0,0,,,,,,"3,000円以上 5,000円未満",,"10,000円以上 20,000円未満",,,,,,,,,,,3,4,部屋が広いから,大浴場がない,,,,6,また行きたい（1年以内）,魚、お酒 宿がお手頃,金沢国際ホテル,同意する,,,,スキー場,,,1959,,,,,,
石川,2026/02/13 22:01:47,千葉県,男,1975,,500万円以上 600万円未満,自分ひとり,3泊,石川県外には泊まらない,白山エリア （一里野温泉、白峰温泉、白山市など）,3泊,,,,,,,,,自家用車,1,0,0,0,0,0,0,,0,0,0,0,,,,,6～10回目,出張など仕事関係,0,0,0,0,0,0,0,0,0,0,0,0,0,0,0,0,1,0,インターネット・アプリ,0,0,0,0,0,0,0,0,0,0,1,0,0,0,0,0,0,0,0,0,0,0,0,0,0,,,,,,"20,000円以上 30,000円未満",,"5,000円以上 10,000円未満",,,,,,,,,,,4,2,以前の様な商業施設として魅力のある店舗がない。,商業施設とは思えない。住宅展示会社などが入っており全く施設の目指しているところがわからない。テナントが少なすぎる,,,,2,また行きたい（1年以内）,金沢駅周辺に人が集まり過ぎで、特に飲食店に入れず困る。オリジナルアプリを導入などして飲食店と連動し待ち時間の表示や席予約など出来ると良いと思う 県内の温泉や食事が良い,金沢国際ホテル,同意する,,,,片町きらら,,,1975,,,,,,
石川,2026/02/14 7:39:29,京都府,女,1959,,"900万円以上 1,000万円未満",友人,1泊,石川県外には泊まらない,金沢エリア  （湯涌温泉、深谷温泉、犀川温泉など）,1泊,,,,,,,,,新幹線,0,0,1,0,0,0,0,,0,0,0,0,4,空いていた。座れた。,,,2～5回目,"地元の美味しいものを食べる, 名所、旧跡の観光, 買い物、アウトレット, まちあるき、都市散策",0,0,1,0,1,0,1,0,0,0,1,0,0,0,0,0,0,0,友人・知人,0,0,0,0,0,0,0,0,0,0,0,0,0,0,0,0,0,0,1,0,0,0,0,0,0,,,,,,"5,000円以上 10,000円未満",,"5,000円以上 10,000円未満",,,,,,,,,,,5,5,快適な部屋。6人で利用できた。,眺めがよい。コンシェルジュの対応がよい。,,,,10,また行きたい（1年以内）,新鮮な海鮮を手に入れたい 宿泊施設がニーズに合っていること。人数、足場、快適さ,金沢東急ホテル,同意する,,,,,,,1959,,,,,,
石川,2026/02/14 9:30:01,神奈川県,女,2004,,100万円未満,親,3泊,福井県,金沢エリア  （湯涌温泉、深谷温泉、犀川温泉など）,2泊,,,,,,,,,新幹線,0,0,1,0,0,0,0,,0,0,0,0,3,,,,初めて,"地元の美味しいものを食べる, まちあるき、都市散策",0,0,1,0,0,0,0,0,0,0,1,0,0,0,0,0,0,0,"新聞・雑誌・ガイドブック, Instagram",0,0,0,1,0,0,0,0,0,0,0,0,0,0,0,0,1,0,0,0,0,0,0,0,0,,,,,,"5,000円以上 10,000円未満",,"1,000円未満",,,,,,,,,,,5,5,,,,,,10,また行きたい（1年以内）,なし,石川県立歴史博物館,同意する,,,,,,,2004,,,,,,
石川,2026/02/14 10:09:00,神奈川県,女,1997,,100万円以上 200万円未満,自分ひとり,2泊,石川県外には泊まらない,金沢エリア  （湯涌温泉、深谷温泉、犀川温泉など）,2泊,,,,,,,,,"在来線, 飛行機",0,0,0,1,1,0,0,,0,0,0,0,3,,,,初めて,"地元の美味しいものを食べる, 名所、旧跡の観光, まちあるき、都市散策",0,0,1,0,1,0,0,0,0,0,1,0,0,0,0,0,0,0,"観光連盟やDMOのHP, インターネット・アプリ, Instagram",0,0,0,1,0,0,0,0,0,0,1,0,0,0,0,0,0,0,0,0,0,0,0,1,0,,,,,,"20,000円以上 30,000円未満",,"1,000円未満",,,,,,,,,,,4,4,,,,,,6,機会があれば行きたい,特になし 風情ある街並みがよかった,金沢東急ホテル,同意する,,,,,,,1997,,,,,,
石川,2026/02/14 11:01:08,富山県,男,1987,,500万円以上 600万円未満,夫婦2人,3泊,富山県,金沢エリア  （湯涌温泉、深谷温泉、犀川温泉など）,3泊,,,,,,,,,飛行機,0,0,0,0,1,0,0,,0,0,0,0,5,ご飯が美味しい,,,初めて,"宿でのんびり過ごす, 温泉や露天風呂",1,1,0,0,0,0,0,0,0,0,0,0,0,0,0,0,0,0,観光展・物産展,0,0,0,0,0,0,0,0,0,0,0,0,0,0,0,0,0,0,0,0,0,0,1,0,0,,,,,,"20,000円以上 30,000円未満",,"20,000円以上 30,000円未満",,,,,,,,,,,5,5,美味しい,温泉,,,,7,どちらともいえない,特になし,屋内木育施設 もりのひみつきち,同意する,,,,,,,1987,,,,,,
石川,2026/02/14 11:02:51,富山県,女,1991,,500万円以上 600万円未満,小学生以下連れの家族,日帰り,石川県外には泊まらない,石川県内には宿泊しない,石川県内には宿泊しない,,,,,,,,,自家用車,1,0,0,0,0,0,0,,0,0,0,0,,車は便利ですね,,,6～10回目,テーマパーク（遊園地、動物園、博物館など）,0,0,0,0,0,1,0,0,0,0,0,0,0,0,0,0,0,0,Instagram,0,0,0,1,0,0,0,0,0,0,0,0,0,0,0,0,0,0,0,0,0,0,0,0,0,,,,,,使わない,,"1,000円未満",,,,,,,,,,,5,5,子供が喜んでいる,,,,,10,また行きたい（1年以内）,特になし 美味しいものが沢山,屋内木育施設 もりのひみつきち,同意する,,,,,,,1991,,,,,,
石川,2026/02/14 11:51:48,石川県,男,1977,,800万円以上 900万円未満,恋人,日帰り,石川県外には泊まらない,石川県内には宿泊しない,石川県内には宿泊しない,,,,,,,,,自家用車,1,0,0,0,0,0,0,,0,0,0,0,,,,,初めて,テーマパーク（遊園地、動物園、博物館など）,0,0,0,0,0,1,0,0,0,0,0,0,0,0,0,0,0,0,インターネット・アプリ,0,0,0,0,0,0,0,0,0,0,1,0,0,0,0,0,0,0,0,0,0,0,0,0,0,,,,,,使わない,,"3,000円以上 5,000円未満",,,,,,,,,,,5,5,ゴジラ展が面白かった,キレイな施設と趣きのある建物,,,,10,石川県在住,体験型の物があれば楽しい 歴史を感じる建物や町並み,石川県立歴史博物館,同意する,,,,,,,1977,,,,,,
石川,2026/02/14 12:26:30,大阪府,女,1986,,700万円以上 800万円未満,中学生以上連れの家族,1泊,石川県外には泊まらない,金沢エリア  （湯涌温泉、深谷温泉、犀川温泉など）,1泊,,,,,,,,,自家用車,1,0,0,0,0,0,0,,0,0,0,0,,,,,2～5回目,"温泉や露天風呂, 名所、旧跡の観光",0,1,0,0,1,0,0,0,0,0,0,0,0,0,0,0,0,0,友人・知人,0,0,0,0,0,0,0,0,0,0,0,0,0,0,0,0,0,0,1,0,0,0,0,0,0,,,,,,"3,000円以上 5,000円未満",,"1,000円以上 3,000円未満",,,,,,,,,,,5,5,,,,,,9,また行きたい（1年以内）,食べ歩き,長町武家屋敷休憩館,同意する,,,,,,,1986,,,,,,
石川,2026/02/14 15:44:39,富山県,男,1998,,300万円以上 400万円未満,恋人,1泊,石川県外には泊まらない,金沢エリア  （湯涌温泉、深谷温泉、犀川温泉など）,1泊,,,,,,,,,自家用車,1,0,0,0,0,0,0,,0,0,0,0,,,,,初めて,買い物、アウトレット,0,0,0,0,0,0,1,0,0,0,0,0,0,0,0,0,0,0,Instagram,0,0,0,1,0,0,0,0,0,0,0,0,0,0,0,0,0,0,0,0,0,0,0,0,0,,,,,,"1,000円以上 3,000円未満",,"1,000円以上 3,000円未満",,,,,,,,,,,5,5,ドリンクバー美味しいです,部屋が広い,,,,7,また行きたい（1年以内）,歴史と文化 ご飯が美味しい,金沢フレックスホテル,同意する,,,,,,,1998,,,,,,
石川,2026/02/14 15:45:39,富山県,女,1997,,500万円以上 600万円未満,恋人,1泊,石川県外には泊まらない,金沢エリア  （湯涌温泉、深谷温泉、犀川温泉など）,1泊,,,,,,,,,自家用車,1,0,0,0,0,0,0,,0,0,0,0,,,,,初めて,買い物、アウトレット,0,0,0,0,0,0,1,0,0,0,0,0,0,0,0,0,0,0,インターネット・アプリ,0,0,0,0,0,0,0,0,0,0,1,0,0,0,0,0,0,0,0,0,0,0,0,0,0,,,,,,"1,000円以上 3,000円未満",,"1,000円以上 3,000円未満",,,,,,,,,,,5,5,ドリンクバー、スープバーがある,部屋が広い、清潔感がある,,,,10,また行きたい（1年以内）,手軽な価格での飲食、体験等,金沢フレックスホテル,同意する,,,,,,,1997,,,,,,
石川,2026/02/14 16:20:55,富山県,男,1994,,"1,200万円以上 1,500万円未満",夫婦2人,1泊,石川県外には泊まらない,金沢エリア  （湯涌温泉、深谷温泉、犀川温泉など）,1泊,,,,,,,,,自家用車,1,0,0,0,0,0,0,,0,0,0,0,,,,,初めて,名所、旧跡の観光,0,0,0,0,1,0,0,0,0,0,0,0,0,0,0,0,0,0,インターネット・アプリ,0,0,0,0,0,0,0,0,0,0,1,0,0,0,0,0,0,0,0,0,0,0,0,0,0,,,,,,"5,000円以上 10,000円未満",,"5,000円以上 10,000円未満",,,,,,,,,,,4,4,ロビーが落ち着いた感じであり、スタッフの方が丁寧に接客してくれたため。,地下駐車場から直結でホテルに行くことができ、香林坊大和へも行けるので。,,,,8,機会があれば行きたい,特になし,金沢東急ホテル,同意する,,,,香林坊大和,,,1994,,,,,,
石川,2026/02/14 16:21:53,石川県,女,1979,,500万円以上 600万円未満,夫婦2人,日帰り,石川県内から,石川県内には宿泊しない,石川県内には宿泊しない,,,,,,,,,自家用車,1,0,0,0,0,0,0,,0,0,0,0,,,,,2～5回目,ドライブ・ツーリング,0,0,0,0,0,0,0,0,0,0,0,0,0,0,1,0,0,0,以前から知っていた,0,0,0,0,0,0,0,0,0,0,0,0,0,0,0,0,0,0,0,0,0,0,0,0,1,,,,,,使わない,,使わない,,,,,,,,,,,4,3,,,,,,7,また行きたい（1年以内）,魚だけではない,道の駅「内灘サンセットパーク」,同意する,,,,,,,1979,,,,,,
石川,2026/02/14 17:06:43,富山県,男,1986,,800万円以上 900万円未満,小学生以下連れの家族,日帰り,富山県,石川県内には宿泊しない,石川県内には宿泊しない,,,,,,,,,自家用車,1,0,0,0,0,0,0,,0,0,0,0,,,,,初めて,子供の遊戯施設,0,0,0,0,0,0,0,0,0,0,0,0,0,0,0,0,0,0,"インターネット・アプリ, X(旧：Twitter), Instagram",0,0,0,1,0,1,0,0,0,0,1,0,0,0,0,0,0,0,0,0,0,0,0,0,0,,,,,,使わない,,使わない,,,,,,,,,,,4,4,,,,,,5,また行きたい（1年以内）,特になし,屋内木育施設 もりのひみつきち,同意する,,,,,,,1986,,,,,,
石川,2026/02/14 17:06:44,大阪府,女,1960,,300万円以上 400万円未満,自分ひとり,1泊,石川県外には泊まらない,金沢エリア  （湯涌温泉、深谷温泉、犀川温泉など）,1泊,,,,,,,,,新幹線,0,0,1,0,0,0,0,,0,0,0,0,5,便数が多くどこから乗るにもとても便利だった,,,2～5回目,"名所、旧跡の観光, まちあるき、都市散策",0,0,0,0,1,0,0,0,0,0,1,0,0,0,0,0,0,0,"新聞・雑誌・ガイドブック, 観光パンフレット・ポスター, インターネット・アプリ",0,0,0,0,0,0,0,0,0,0,1,0,0,0,0,0,1,0,0,0,1,0,0,0,0,,,,,,"5,000円以上 10,000円未満",,"1,000円以上 3,000円未満",,,,,,,,,,,5,4,説明がたくさんあってよくわかった,VRシアターが良かった,,,,9,機会があれば行きたい,温泉へのアクセスがもう少し良ければと思う 美術館がたくさんあって見どころが多い,金沢城公園,同意する,,石川県立図書館,,,,,1960,,,,,,
石川,2026/02/14 18:32:24,岐阜県,女,2003,,300万円以上 400万円未満,恋人,1泊,石川県外には泊まらない,金沢エリア  （湯涌温泉、深谷温泉、犀川温泉など）,1泊,,,,,,,,,"新幹線, 在来線",0,0,1,1,0,0,0,,0,0,0,0,,,,,初めて,"地元の美味しいものを食べる, 名所、旧跡の観光, まちあるき、都市散策",0,0,1,0,1,0,0,0,0,0,1,0,0,0,0,0,0,0,"新聞・雑誌・ガイドブック, 観光パンフレット・ポスター, 観光連盟やDMOのHP, インターネット・アプリ, タクシードライバーや地元の人",0,0,0,0,0,0,0,0,0,0,1,0,0,0,0,0,1,0,0,1,1,0,0,1,0,,,,,,"5,000円以上 10,000円未満",,"1,000円未満",,,,,,,,,,,5,5,兼六園内の茶店のサービスがよかった。,雪の溶けかけで、それがまた美しかった。,,,,10,また行きたい（1年以内）,品質の維持 刺身！最高に美味しかった。,兼六園,同意する,,,,,,,2003,,,,,,
石川,2026/02/14 18:37:01,岐阜県,男,2001,,200万円以上 300万円未満,恋人,1泊,石川県外には泊まらない,金沢エリア  （湯涌温泉、深谷温泉、犀川温泉など）,1泊,,,,,,,,,"新幹線, 在来線",0,0,1,1,0,0,0,,0,0,0,0,,,,,初めて,"宿でのんびり過ごす, 温泉や露天風呂, 地元の美味しいものを食べる, 花見や紅葉などの自然鑑賞, 名所、旧跡の観光, 買い物、アウトレット, まちあるき、都市散策, 各種体験（手作り、果物狩りなど）",1,1,1,1,1,0,1,0,0,0,1,1,0,0,0,0,0,0,"新聞・雑誌・ガイドブック, 観光パンフレット・ポスター, インターネット・アプリ",0,0,0,0,0,0,0,0,0,0,1,0,0,0,0,0,1,0,0,0,1,0,0,0,0,,,,,,"5,000円以上 10,000円未満",,"1,000円未満",,,,,,,,,,,5,4,,,,,,9,また行きたい（1年以内）,やはり海鮮系だったり能登牛だったりと石川県ならではの食べ物は美味しかったし、市場や兼六園、駅周辺など散策できる場所がいっぱいあってまた来たくなりました！,兼六園,同意する,,,,,,,2001,,,,,,
石川,2026/02/14 22:51:04,東京都,女,1982,,"1,500万円以上",恋人,1泊,石川県外には泊まらない,金沢エリア  （湯涌温泉、深谷温泉、犀川温泉など）,1泊,,,,,,,,,飛行機,0,0,0,0,1,0,0,,0,0,0,0,4,時間通りだったので,,,初めて,地元の美味しいものを食べる,0,0,1,0,0,0,0,0,0,0,0,0,0,0,0,0,0,0,インターネット・アプリ,0,0,0,0,0,0,0,0,0,0,1,0,0,0,0,0,0,0,0,0,0,0,0,0,0,,,,,,"10,000円以上 20,000円未満",,使わない,,,,,,,,,,,4,3,,,,,,4,機会があれば行きたい,海鮮 かに,ガーデンホテル金沢,同意する,,,,,,,1982,,,,,,
石川,2026/02/15 6:20:23,宮崎県,男,1962,,500万円以上 600万円未満,小学生以下連れの家族,2泊,愛知県,金沢エリア  （湯涌温泉、深谷温泉、犀川温泉など）,1泊,,,,,,,,,"レンタカー, 飛行機",0,1,0,0,1,0,0,,0,0,0,0,5,行きたいところを自由に行ける,,,初めて,"温泉や露天風呂, 名所、旧跡の観光, まちあるき、都市散策",0,1,0,0,1,0,0,0,0,0,1,0,0,0,0,0,0,0,"観光連盟やDMOのHP, インターネット・アプリ, YouTube",0,0,0,0,0,0,1,0,0,0,1,0,0,0,0,0,0,0,0,0,0,0,0,1,0,,,,,,"10,000円以上 20,000円未満",,"1,000円以上 3,000円未満",,,,,,,,,,,3,5,24時間温泉に入れる,食　楽　遊が揃っているから,,,,8,機会があれば行きたい,金沢の特産や名産や食べ物がわからない例えば富山のブラックラーメンみたいに まだ観光してないのでわからない,ＨＯＴＥＬゆめのゆ,同意する,,白川郷,,,,,1962,,,,,,
石川,2026/02/15 7:56:11,大阪府,男,1963,,700万円以上 800万円未満,自分ひとり,1泊,石川県外には泊まらない,金沢エリア  （湯涌温泉、深谷温泉、犀川温泉など）,1泊,,,,,,,,,"新幹線, 在来線",0,0,1,1,0,0,0,,0,0,0,0,4,,,,11回目以上,出張など仕事関係,0,0,0,0,0,0,0,0,0,0,0,0,0,0,0,0,1,0,会社関係の指定,0,0,0,0,0,0,0,0,0,0,0,0,0,0,0,0,0,0,0,0,0,0,0,0,1,,,,,,"5,000円以上 10,000円未満",,"5,000円以上 10,000円未満",,,,,,,,,,,4,3,交通の便が悪い,老朽化が否めない,,,,5,機会があれば行きたい,ホテル代が割高,金沢国際ホテル,同意する,,得意先への訪問,,帰阪,,,1963,,,,,,
石川,2026/02/15 9:20:14,石川県,女,2001,,300万円以上 400万円未満,恋人,1泊,石川県外には泊まらない,金沢エリア  （湯涌温泉、深谷温泉、犀川温泉など）,1泊,,,,,,,,,"自家用車, 県外から訪れていない（石川県内在住）",1,0,0,0,0,0,0,,0,0,0,0,,,,,初めて,"宿でのんびり過ごす, 名所、旧跡の観光, スポーツ観戦や芸術鑑賞（コンサート等）",1,0,0,0,1,0,0,0,0,0,0,0,0,0,0,0,0,0,インターネット・アプリ,0,0,0,0,0,0,0,0,0,0,1,0,0,0,0,0,0,0,0,0,0,0,0,0,0,,,,,,"10,000円以上 20,000円未満",,使わない,,,,,,,,,,,4,4,,,,,,7,また行きたい（1年以内）,特になし,金沢東急ホテル,同意する,,,,,,,2001,,,,,,
石川,2026/02/15 11:30:33,東京都,女,1993,,"1,200万円以上 1,500万円未満",夫婦2人,1泊,石川県外には泊まらない,金沢エリア  （湯涌温泉、深谷温泉、犀川温泉など）,1泊,,,,,,,,,新幹線,0,0,1,0,0,0,0,,0,0,0,0,5,,,,初めて,"宿でのんびり過ごす, 温泉や露天風呂, 地元の美味しいものを食べる",1,1,1,0,0,0,0,0,0,0,0,0,0,0,0,0,0,0,"新聞・雑誌・ガイドブック, TV・ラジオ番組やCM, X(旧：Twitter), Instagram",0,0,0,1,0,1,0,0,0,0,0,0,0,0,1,0,1,0,0,0,0,0,0,0,0,,,,,,"50,000円以上 100,000円未満",,"1,000円以上 3,000円未満",,,,,,,,,,,4,4,庭園綺麗でした。,庭園が綺麗でした、。,,,,7,機会があれば行きたい,金沢駅前にはお土産屋さん駅前にまとまってて有難かったです。 家族。観光名所が市内にまとまっていて観光しやすかったです。,兼六園,同意する,,,,旅館,,,1993,,,,,,
石川,2026/02/15 11:49:57,富山県,女,1982,,100万円未満,夫婦2人,日帰り,石川県外には泊まらない,石川県内には宿泊しない,石川県内には宿泊しない,,,,,,,,,自家用車,1,0,0,0,0,0,0,,0,0,0,0,,,,,初めて,"温泉や露天風呂, 地元の美味しいものを食べる",0,1,1,0,0,0,0,0,0,0,0,0,0,0,0,0,0,0,インターネット・アプリ,0,0,0,0,0,0,0,0,0,0,1,0,0,0,0,0,0,0,0,0,0,0,0,0,0,,,,,,"3,000円以上 5,000円未満",,"3,000円以上 5,000円未満",,,,,,,,,,,5,5,シュークリーム美味しいね,座ってのんびり休めるところがいいね,,,,10,機会があれば行きたい,特になし 道の駅,道の駅「倶利伽羅　源平の郷」,同意する,,,,かほく市,,,1982,,,,,,
石川,2026/02/15 12:27:25,富山県,女,1971,,800万円以上 900万円未満,夫婦2人,日帰り,石川県外には泊まらない,金沢エリア  （湯涌温泉、深谷温泉、犀川温泉など）,1泊,,,,,,,,,自家用車,1,0,0,0,0,0,0,,0,0,0,0,,,,,2～5回目,"宿でのんびり過ごす, 地元の美味しいものを食べる, 名所、旧跡の観光, まちあるき、都市散策",1,0,1,0,1,0,0,0,0,0,1,0,0,0,0,0,0,0,"インターネット・アプリ, Instagram",0,0,0,1,0,0,0,0,0,0,1,0,0,0,0,0,0,0,0,0,0,0,0,0,0,,,,,,"3,000円以上 5,000円未満",,使わない,,,,,,,,,,,5,4,観光のヒントになる,立地がいい,,,,10,また行きたい（1年以内）,特になし,金沢中央観光案内所,同意する,,,,,,,1971,,,,,,
石川,2026/02/15 13:26:38,愛知県,女,1970,,200万円以上 300万円未満,中学生以上連れの家族,1泊,石川県外には泊まらない,金沢エリア  （湯涌温泉、深谷温泉、犀川温泉など）,1泊,,,,,,,,,"新幹線, 在来線",0,0,1,1,0,0,0,,0,0,0,0,,,,,2～5回目,"地元の美味しいものを食べる, 名所、旧跡の観光, まちあるき、都市散策",0,0,1,0,1,0,0,0,0,0,1,0,0,0,0,0,0,0,インターネット・アプリ,0,0,0,0,0,0,0,0,0,0,1,0,0,0,0,0,0,0,0,0,0,0,0,0,0,,,,,,"5,000円以上 10,000円未満",,"1,000円未満",,,,,,,,,,,5,5,,,,,,10,また行きたい（1年以内）,街がとても綺麗で清潔感があります。今以上の発展を願います。頑張って下さい。,長町武家屋敷休憩館,同意する,,,,特になし,,,1970,,,,,,
石川,2026/02/15 14:14:04,東京都,女,1987,,200万円以上 300万円未満,友人,1泊,石川県外には泊まらない,金沢エリア  （湯涌温泉、深谷温泉、犀川温泉など）,1泊,,,,,,,,,夜行バス,0,0,0,0,0,0,0,,0,0,0,0,3,香林坊より先の武家屋敷跡界隈前まで行くバスがあると嬉しい,,,2～5回目,"地元の美味しいものを食べる, 花見や紅葉などの自然鑑賞, 名所、旧跡の観光, 買い物、アウトレット, お祭りやイベントへの参加・見物, まちあるき、都市散策, 各種体験（手作り、果物狩りなど）",0,0,1,1,1,0,1,1,0,0,1,1,0,0,0,0,0,0,"観光展・物産展, インターネット・アプリ, X(旧：Twitter), Instagram, ブログ",0,0,0,1,0,1,0,0,1,0,1,0,0,0,0,0,0,0,0,0,0,0,1,0,0,,,,,,"5,000円以上 10,000円未満",,"1,000円未満",,,,,,,,,,,4,4,QRコードを展示物ひとつひとつ読み込まないといけないのが大変だった,上記と同じ,,,,5,また行きたい（1年以内）,富来までのバスの本数がもう1〜2本増えたら行きやすいのにと思っています 観光で見るものがたくさんあり、ご飯が美味しい、サービスが良く、スタッフの方が皆優しい,前田土佐守家資料館,同意する,,,,長町武家屋敷跡界隈散策,,,1987,,,,,,
石川,2026/02/15 14:29:03,千葉県,男,1993,,"1,000万円以上 1,200万円未満",夫婦2人,2泊,石川県外には泊まらない,金沢エリア  （湯涌温泉、深谷温泉、犀川温泉など）,2泊,,,,,,,,,新幹線,0,0,1,0,0,0,0,,0,0,0,0,5,楽しかったので,,,2～5回目,"宿でのんびり過ごす, 地元の美味しいものを食べる, 名所、旧跡の観光, まちあるき、都市散策",1,0,1,0,1,0,0,0,0,0,1,0,0,0,0,0,0,0,"新聞・雑誌・ガイドブック, 観光パンフレット・ポスター, インターネット・アプリ, X(旧：Twitter)",0,0,0,0,0,1,0,0,0,0,1,0,0,0,0,0,1,0,0,0,1,0,0,0,0,,,,,,"10,000円以上 20,000円未満",,"1,000円以上 3,000円未満",,,,,,,,,,,5,5,とても綺麗で満足、併設カフェもゆったりできて最高です,館内も美しくて最高です,,,,10,また行きたい（1年以内）,海鮮が一番です。でも他の歴史的な施設や美術館や図書館など文化的な施設全てが高いレベルであるのが魅力的な場所です 海鮮と石川県立図書館です、とても美味しいのと綺麗でゆったりできる施設だから,石川県立図書館,同意する,,,,,,,1993,,,,,,
石川,2026/02/15 14:46:57,東京都,男,2001,,400万円以上 500万円未満,友人,3泊,石川県外には泊まらない,加賀エリア （山代温泉、山中温泉、片山津温泉、粟津温泉、辰口温泉、加賀市、小松市など）,3泊,,,,,,,,,"レンタカー, 新幹線",0,1,1,0,0,0,0,,0,0,0,0,,,,,2～5回目,"宿でのんびり過ごす, 温泉や露天風呂, 地元の美味しいものを食べる, 名所、旧跡の観光, スキー・スノボ・マリンスポーツ",1,1,1,0,1,0,0,0,0,0,0,0,0,0,0,0,0,0,"インターネット・アプリ, X(旧：Twitter), Instagram",0,0,0,1,0,1,0,0,0,0,1,0,0,0,0,0,0,0,0,0,0,0,0,0,0,,,,,,"30,000円以上 40,000円未満",,使わない,,,,,,,,,,,4,4,,,,,,5,機会があれば行きたい,温泉と海鮮,金沢中央観光案内所,同意する,,,,決まってません,,,2001,,,,,,
石川,2026/02/15 16:07:05,富山県,男,1981,,400万円以上 500万円未満,夫婦2人,日帰り,石川県外には泊まらない,石川県内には宿泊しない,石川県内には宿泊しない,,,,,,,,,自家用車,1,0,0,0,0,0,0,,0,0,0,0,,,,,初めて,名所、旧跡の観光,0,0,0,0,1,0,0,0,0,0,0,0,0,0,0,0,0,0,AI,0,0,0,0,0,0,0,0,0,0,0,0,0,0,0,0,0,0,0,0,0,0,0,0,1,,,,,,使わない,,"1,000円未満",,,,,,,,,,,5,5,キレイで広い。本が沢山ある。,ゆっくりできる。,,,,9,また行きたい（1年以内）,特になし,西田幾多郎記念館,同意する,,,,道の駅,,,1981,,,,,,
石川,2026/02/15 16:15:43,東京都,女,1977,,500万円以上 600万円未満,自分ひとり,日帰り,富山県,金沢エリア  （湯涌温泉、深谷温泉、犀川温泉など）,4泊以上,,,,,,,,,"新幹線, 飛行機",0,0,1,0,1,0,0,,0,0,0,0,4,,,,2～5回目,"名所、旧跡の観光, まちあるき、都市散策",0,0,0,0,1,0,0,0,0,0,1,0,0,0,0,0,0,0,"インターネット・アプリ, Facebook, ブログ, 観光協会等の案内所",1,0,0,0,0,0,0,0,1,0,1,0,0,0,0,0,0,0,0,0,0,1,0,0,0,,,,,,"50,000円以上 100,000円未満",,"1,000円未満",,,,,,,,,,,5,5,,,,,,10,機会があれば行きたい,特になし,KOKOHOTEL Premier 金沢香林坊,同意する,,,,,,,1977,,,,,,
石川,2026/02/15 16:41:23,石川県,女,1971,,600万円以上 700万円未満,中学生以上連れの家族,1泊,石川県外には泊まらない,金沢エリア  （湯涌温泉、深谷温泉、犀川温泉など）,1泊,,,,,,,,,自家用車,1,0,0,0,0,0,0,,0,0,0,0,,,,,2～5回目,"温泉や露天風呂, 地元の美味しいものを食べる, 名所、旧跡の観光, テーマパーク（遊園地、動物園、博物館など）, まちあるき、都市散策",0,1,1,0,1,1,0,0,0,0,1,0,0,0,0,0,0,0,"新聞・雑誌・ガイドブック, インターネット・アプリ",0,0,0,0,0,0,0,0,0,0,1,0,0,0,0,0,1,0,0,0,0,0,0,0,0,,,,,,"30,000円以上 40,000円未満",,"1,000円以上 3,000円未満",,,,,,,,,,,5,5,,,,,,10,また行きたい（1年以内）,お寿司がおいしかった,からくり記念館,同意する,,,,,,,1971,,,,,,
石川,2026/02/15 17:41:16,京都府,女,1967,,100万円以上 200万円未満,友人,1泊,石川県外には泊まらない,金沢エリア  （湯涌温泉、深谷温泉、犀川温泉など）,1泊,,,,,,,,,新幹線,0,0,1,0,0,0,0,,0,0,0,0,,,,,2～5回目,"地元の美味しいものを食べる, 名所、旧跡の観光, 買い物、アウトレット",0,0,1,0,1,0,1,0,0,0,0,0,0,0,0,0,0,0,友人・知人,0,0,0,0,0,0,0,0,0,0,0,0,0,0,0,0,0,0,1,0,0,0,0,0,0,,,,,,"5,000円以上 10,000円未満",,"5,000円以上 10,000円未満",,,,,,,,,,,5,5,夕食でおいしいお店も丁寧に探して頂き、お部屋も素敵で何もかも揃っており、笑顔で皆様に接客して頂きました。,お部屋が素敵で窓から見える景色に感動しました。,,,,10,機会があれば行きたい,大満足で、特になしです。 近江町市場の海鮮丼最高でした。,金沢東急ホテル,同意する,,,,,,,1967,,,,,,
石川,2026/02/15 19:37:21,石川県,女,1988,,600万円以上 700万円未満,小学生以下連れの家族,日帰り,石川県外には泊まらない,石川県内には宿泊しない,石川県内には宿泊しない,,,,,,,,,県外から訪れていない（石川県内在住）,0,0,0,0,0,0,0,,0,0,0,0,,,,,初めて,まちあるき、都市散策,0,0,0,0,0,0,0,0,0,0,1,0,0,0,0,0,0,0,観光パンフレット・ポスター,0,0,0,0,0,0,0,0,0,0,0,0,0,0,0,0,0,0,0,0,1,0,0,0,0,,,,,,"5,000円以上 10,000円未満",,使わない,,,,,,,,,,,4,4,,,,,,8,石川県在住,子供も楽しんだり体験できるところ,前田土佐守家資料館,同意する,,,,,,,1988,,,,,,
石川,2026/02/15 21:02:57,茨城県,女,1970,,"1,200万円以上 1,500万円未満",自分ひとり,1泊,石川県外には泊まらない,金沢エリア  （湯涌温泉、深谷温泉、犀川温泉など）,1泊,,,,,,,,,"新幹線, 高速バス",0,0,1,0,0,0,0,,0,0,0,0,,,,,初めて,名所、旧跡の観光,0,0,0,0,1,0,0,0,0,0,0,0,0,0,0,0,0,0,"インターネット・アプリ, Instagram",0,0,0,1,0,0,0,0,0,0,1,0,0,0,0,0,0,0,0,0,0,0,0,0,0,,,,,,"5,000円以上 10,000円未満",,"5,000円以上 10,000円未満",,,,,,,,,,,4,5,ウェルカムドリンクが充実している,清潔、親切,,,,10,機会があれば行きたい,特になし 県立図書館　毎日でも通いたくなるような図書館だった、県民の方は自慢できると思うわざわざ見に行く価値があると思う,KOKOHOTEL Premier 金沢香林坊,同意する,,,,,,,1970,,,,,,
石川,2026/02/16 11:41:32,京都府,男,1997,,"1,000万円以上 1,200万円未満",夫婦2人,1泊,石川県外には泊まらない,金沢エリア  （湯涌温泉、深谷温泉、犀川温泉など）,1泊,,,,,,,,,"新幹線, 在来線",0,0,1,1,0,0,0,,0,0,0,0,5,ご飯が美味しい,,,2～5回目,地元の美味しいものを食べる,0,0,1,0,0,0,0,0,0,0,0,0,0,0,0,0,0,0,"インターネット・アプリ, Instagram",0,0,0,1,0,0,0,0,0,0,1,0,0,0,0,0,0,0,0,0,0,0,0,0,0,,,,,,"5,000円以上 10,000円未満",,"1,000円未満",,,,,,,,,,,5,5,土地柄が感じられる,美しいが人が多い,,,,8,機会があれば行きたい,板谷本店 食べ物がとにかく美味しい,金沢城公園,同意する,,,,,,,1997,,,,,,
石川,2026/02/16 12:18:37,東京都,女,1977,,"1,000万円以上 1,200万円未満",中学生以上連れの家族,2泊,石川県外には泊まらない,金沢エリア  （湯涌温泉、深谷温泉、犀川温泉など）,2泊,,,,,,,,,新幹線,0,0,1,0,0,0,0,,0,0,0,0,2,バスの路線がわかりにくい。全て交通系ICが使えたら良いと思ったから。,,,初めて,"地元の美味しいものを食べる, 名所、旧跡の観光, 買い物、アウトレット, まちあるき、都市散策",0,0,1,0,1,0,1,0,0,0,1,0,0,0,0,0,0,0,通りすがり,0,0,0,0,0,0,0,0,0,0,0,0,0,0,0,0,0,0,0,0,0,0,0,0,1,,,,,,"20,000円以上 30,000円未満",,使わない,,,,,,,,,,,5,4,きれい,きれい,,,,7,機会があれば行きたい,特になし 海鮮を楽しみにしていたが、海鮮以上に能登牛が美味しかったです。,金沢中央観光案内所,同意する,,にし茶屋街,,金沢駅,,,1977,,,,,,
石川,2026/02/16 13:53:24,東京都,女,2002,,200万円以上 300万円未満,自分ひとり,2泊,岐阜県,金沢エリア  （湯涌温泉、深谷温泉、犀川温泉など）,1泊,,,,,,,,,新幹線,0,0,1,0,0,0,0,,0,0,0,0,,,,,初めて,"温泉や露天風呂, 地元の美味しいものを食べる",0,1,1,0,0,0,0,0,0,0,0,0,0,0,0,0,0,0,Instagram,0,0,0,1,0,0,0,0,0,0,0,0,0,0,0,0,0,0,0,0,0,0,0,0,0,,,,,,"10,000円以上 20,000円未満",,"5,000円以上 10,000円未満",,,,,,,,,,,4,5,,,,,,7,機会があれば行きたい,特になし,金沢中央観光案内所,同意する,,,,,,,2002,,,,,,
石川,2026/02/16 15:12:18,富山県,男,2006,,100万円未満,恋人,日帰り,石川県外には泊まらない,石川県内には宿泊しない,石川県内には宿泊しない,,,,,,,,,在来線,0,0,0,1,0,0,0,,0,0,0,0,,,,,初めて,まちあるき、都市散策,0,0,0,0,0,0,0,0,0,0,1,0,0,0,0,0,0,0,新聞・雑誌・ガイドブック,0,0,0,0,0,0,0,0,0,0,0,0,0,0,0,0,1,0,0,0,0,0,0,0,0,,,,,,使わない,,"1,000円未満",,,,,,,,,,,5,5,,,,,,8,機会があれば行きたい,もう少し値段を安くして欲しい,石川県立歴史博物館,同意する,,,,,,,2006,,,,,,
石川,2026/02/16 17:28:45,福井県,男,1961,,100万円以上 200万円未満,夫婦2人,1泊,石川県外には泊まらない,白山エリア （一里野温泉、白峰温泉、白山市など）,1泊,,,,,,,,,自家用車,1,0,0,0,0,0,0,,0,0,0,0,,,,,初めて,"温泉や露天風呂, 買い物、アウトレット",0,1,0,0,0,0,1,0,0,0,0,0,0,0,0,0,0,0,"観光パンフレット・ポスター, インターネット・アプリ, 観光協会等の案内所",0,0,0,0,0,0,0,0,0,0,1,0,0,0,0,0,0,0,0,0,1,1,0,0,0,,,,,,"5,000円以上 10,000円未満",,使わない,,,,,,,,,,,5,3,特に利用していない,落ち着ける,,,,5,また行きたい（1年以内）,食を楽しみたい,金沢中央観光案内所,同意する,,DAIWA,,,,,1961,,,,,,
石川,2026/02/16 18:35:38,東京都,女,1969,,"900万円以上 1,000万円未満",夫婦2人,2泊,富山県,金沢エリア  （湯涌温泉、深谷温泉、犀川温泉など）,1泊,,,,,,,,,新幹線,0,0,1,0,0,0,0,,0,0,0,0,4,一番早く着く,,,2～5回目,"地元の美味しいものを食べる, 名所、旧跡の観光, 友人・親戚を訪ねる",0,0,1,0,1,0,0,0,0,0,0,0,0,0,0,0,0,0,特になし,0,0,0,0,0,0,0,0,0,0,0,0,0,0,0,0,0,0,0,0,0,0,0,0,1,,,,,,"5,000円以上 10,000円未満",,"3,000円以上 5,000円未満",,,,,,,,,,,5,4,帰りに複数のお土産を購入できたから。,お土産がいろいろと選択できてよい。,,,,10,機会があれば行きたい,特になひ 古い伝統、史跡や文化、新しい文化の両方を楽しむことができるから。,金沢駅,同意する,,新幹線で金沢駅に着いてから、観光したため。,,,,,1969,,,,,,
石川,2026/02/16 19:32:08,石川県,男,1964,,500万円以上 600万円未満,夫婦2人,日帰り,石川県外には泊まらない,石川県内には宿泊しない,石川県内には宿泊しない,,,,,,,,,県外から訪れていない（石川県内在住）,0,0,0,0,0,0,0,,0,0,0,0,4,ホテル前にバス停がある,,,11回目以上,まちあるき、都市散策,0,0,0,0,0,0,0,0,0,0,1,0,0,0,0,0,0,0,新聞・雑誌・ガイドブック,0,0,0,0,0,0,0,0,0,0,0,0,0,0,0,0,1,0,0,0,0,0,0,0,0,,,,,,使わない,,"5,000円以上 10,000円未満",,,,,,,,,,,4,4,対応がしっかりしてます,近くのよいホテル,,,,8,石川県在住,いいとこです 食べ物、見学地が優れている,金沢国際ホテル,同意する,,ホテルが目的,,,,,1964,,,,,,
石川,2026/02/17 7:13:21,千葉県,女,1996,,"1,000万円以上 1,200万円未満",小学生以下連れの家族,1泊,石川県外には泊まらない,金沢エリア  （湯涌温泉、深谷温泉、犀川温泉など）,1泊,,,,,,,,,"新幹線, 在来線",0,0,1,1,0,0,0,,0,0,0,0,5,観光地からお宿までバスで来ましたが、バス停からの距離や混み具合などちょうどよかった！,,,初めて,"温泉や露天風呂, 地元の美味しいものを食べる, 名所、旧跡の観光",0,1,1,0,1,0,0,0,0,0,0,0,0,0,0,0,0,0,インターネット・アプリ,0,0,0,0,0,0,0,0,0,0,1,0,0,0,0,0,0,0,0,0,0,0,0,0,0,,,,,,"20,000円以上 30,000円未満",,"20,000円以上 30,000円未満",,,,,,,,,,,5,5,子どもが食事時に寝てしまったり泣いて機嫌が悪くなってしまったりしましたが、スタップの皆さんに気を遣っていただいて快適に過ごすことができました。お食事もお風呂も大満足です。,旅館に来たー！という特別感をたっぷり味わえました！,,,,10,機会があれば行きたい,お茶やお茶菓子 お宿は最高！金沢の趣ある風景やお店が旅行にぴったり！,湯の出,同意する,,金沢城,,,,,1996,,,,,,
石川,2026/02/17 10:02:21,埼玉県,女,1998,,400万円以上 500万円未満,自分ひとり,3泊,石川県外には泊まらない,金沢エリア  （湯涌温泉、深谷温泉、犀川温泉など）,3泊,,,,,,,,,レンタカー,0,1,0,0,0,0,0,,0,0,0,0,5,金沢はあるかでも楽しめるのでありがたいです,,,6～10回目,"宿でのんびり過ごす, 温泉や露天風呂, 地元の美味しいものを食べる",1,1,1,0,0,0,0,0,0,0,0,0,0,0,0,0,0,0,"X(旧：Twitter), Instagram",0,0,0,1,0,1,0,0,0,0,0,0,0,0,0,0,0,0,0,0,0,0,0,0,0,,,,,,"30,000円以上 40,000円未満",,"3,000円以上 5,000円未満",,,,,,,,,,,5,5,,,,,,10,また行きたい（1年以内）,特になし,スーパーホテルPremier金沢駅東口,同意する,,,,,,,1998,,,,,,
石川,2026/02/17 10:14:48,神奈川県,女,1969,,500万円以上 600万円未満,中学生以上連れの家族,1泊,富山県,石川県内には宿泊しない,石川県内には宿泊しない,,,,,,,,,旅行会社ツアーバス,0,0,0,0,0,1,0,,0,0,0,0,4,移動距離が長いのでバス移動は良かったです。,,,初めて,名所、旧跡の観光,0,0,0,0,1,0,0,0,0,0,0,0,0,0,0,0,0,0,"新聞・雑誌・ガイドブック, ツアーからの情報",0,0,0,0,0,0,0,0,0,0,0,0,0,0,0,0,1,0,0,0,0,0,0,0,0,,,,,,"10,000円以上 20,000円未満",,使わない,,,,,,,,,,,4,3,,,,,,9,機会があれば行きたい,ツアーで時間が限られていたので、次回はゆっくり観光したいです。,兼六駐車場,同意する,,,,飛騨高山,,,1969,,,,,,
石川,2026/02/17 10:46:58,兵庫県,男,1970,,"1,200万円以上 1,500万円未満",夫婦2人,4泊以上,石川県外には泊まらない,金沢エリア  （湯涌温泉、深谷温泉、犀川温泉など）,4泊以上,,,,,,,,,"新幹線, 在来線",0,0,1,1,0,0,0,,0,0,0,0,4,スムーズに乗れました。,,,2～5回目,地元の美味しいものを食べる,0,0,1,0,0,0,0,0,0,0,0,0,0,0,0,0,0,0,インターネット・アプリ,0,0,0,0,0,0,0,0,0,0,1,0,0,0,0,0,0,0,0,0,0,0,0,0,0,,,,,,"100,000円以上",,"1,000円未満",,,,,,,,,,,5,4,,,,,,8,また行きたい（1年以内）,特になし 食べ物,金沢駅,同意する,,,,,,,1970,,,,,,
石川,2026/02/17 10:52:45,福岡県,男,1962,,800万円以上 900万円未満,夫婦2人,2泊,石川県外には泊まらない,金沢エリア  （湯涌温泉、深谷温泉、犀川温泉など）,2泊,,,,,,,,,新幹線,0,0,1,0,0,0,0,,0,0,0,0,,,,,初めて,お誕生日,0,0,0,0,0,0,0,0,0,0,0,0,0,0,0,0,0,0,"新聞・雑誌・ガイドブック, TV・ラジオ番組やCM, 観光パンフレット・ポスター",0,0,0,0,0,0,0,0,0,0,0,0,0,0,1,0,1,0,0,0,1,0,0,0,0,,,,,,"50,000円以上 100,000円未満",,"3,000円以上 5,000円未満",,,,,,,,,,,5,3,特にありません,風情がある,,,,8,また行きたい（1年以内）,ノドグロ 風情がある,兼六園,同意する,,,,,,,1962,,,,,,
石川,2026/02/17 15:24:35,福井県,女,1995,,700万円以上 800万円未満,夫婦2人,4泊以上,福井県,石川県内には宿泊しない,石川県内には宿泊しない,,,,,,,,,新幹線,0,0,1,0,0,0,0,,0,0,0,0,5,,,,初めて,"名所、旧跡の観光, テーマパーク（遊園地、動物園、博物館など）",0,0,0,0,1,1,0,0,0,0,0,0,0,0,0,0,0,0,"インターネット・アプリ, Instagram",0,0,0,1,0,0,0,0,0,0,1,0,0,0,0,0,0,0,0,0,0,0,0,0,0,,,,,,使わない,,"3,000円以上 5,000円未満",,,,,,,,,,,5,5,,,,,,10,また行きたい（1年以内）,特になし,金沢中央観光案内所,同意する,,,,,,,1995,,,,,,
石川,2026/02/17 17:57:37,京都府,女,1959,,"900万円以上 1,000万円未満",友人,1泊,石川県外には泊まらない,金沢エリア  （湯涌温泉、深谷温泉、犀川温泉など）,1泊,,,,,,,,,新幹線,0,0,1,0,0,0,0,,0,0,0,0,5,大きな荷物を持って座席に座れた,,,2～5回目,"地元の美味しいものを食べる, 名所、旧跡の観光, 買い物、アウトレット, まちあるき、都市散策",0,0,1,0,1,0,1,0,0,0,1,0,0,0,0,0,0,0,"インターネット・アプリ, 友人・知人",0,0,0,0,0,0,0,0,0,0,1,0,0,0,0,0,0,0,1,0,0,0,0,0,0,,,,,,"5,000円以上 10,000円未満",,"5,000円以上 10,000円未満",,,,,,,,,,,5,5,,,,,,10,また行きたい（1年以内）,色んな海鮮を頂く。 海鮮がリーズナブルで美味しい。現地の方々のお人柄が、皆さん親切で穏やか。,金沢東急ホテル,同意する,,,,,,,1959,,,,,,
石川,2026/02/17 19:29:59,神奈川県,女,1987,,600万円以上 700万円未満,自分ひとり,2泊,石川県外には泊まらない,金沢エリア  （湯涌温泉、深谷温泉、犀川温泉など）,2泊,,,,,,,,,"新幹線, 在来線",0,0,1,1,0,0,0,,0,0,0,0,,,,,初めて,"地元の美味しいものを食べる, 友人・親戚を訪ねる, 出張など仕事関係",0,0,1,0,0,0,0,0,0,0,0,0,0,0,0,0,1,0,インターネット・アプリ,0,0,0,0,0,0,0,0,0,0,1,0,0,0,0,0,0,0,0,0,0,0,0,0,0,,,,,,"10,000円以上 20,000円未満",,使わない,,,,,,,,,,,5,3,,,,,,8,機会があれば行きたい,あんこ系のお土産をさらに充実させていただけるとうれしいです！,KOKOHOTEL Premier 金沢香林坊,同意する,,金沢大学,,↑が最後の施設,,,1987,,,,,,
石川,2026/02/18 8:10:16,東京都,女,1998,,300万円以上 400万円未満,夫婦2人,1泊,石川県外には泊まらない,金沢エリア  （湯涌温泉、深谷温泉、犀川温泉など）,1泊,,,,,,,,,新幹線,0,0,1,0,0,0,0,,0,0,0,0,,,,,2～5回目,誕生日お祝い,0,0,0,0,0,0,0,0,0,0,0,0,0,0,0,0,0,0,"Instagram, ブログ",0,0,0,1,0,0,0,0,1,0,0,0,0,0,0,0,0,0,0,0,0,0,0,0,0,,,,,,"10,000円以上 20,000円未満",,"5,000円以上 10,000円未満",,,,,,,,,,,5,5,,,,,,10,機会があれば行きたい,予約できる施設がもっとほしい,金沢駅,同意する,,,,,,,1998,,,,,,
石川,2026/02/18 8:16:13,東京都,女,1968,,700万円以上 800万円未満,自分ひとり,1泊,石川県外には泊まらない,金沢エリア  （湯涌温泉、深谷温泉、犀川温泉など）,1泊,,,,,,,,,新幹線,0,0,1,0,0,0,0,,0,0,0,0,3,,,,6～10回目,出張など仕事関係,0,0,0,0,0,0,0,0,0,0,0,0,0,0,0,0,1,0,インターネット・アプリ,0,0,0,0,0,0,0,0,0,0,1,0,0,0,0,0,0,0,0,0,0,0,0,0,0,,,,,,"5,000円以上 10,000円未満",,使わない,,,,,,,,,,,4,3,,,,,,5,機会があれば行きたい,治部煮 つば甚のカニ雑炊　宴席の最後に、たっぷり出たから,ガーデンホテル金沢,同意する,,,,,,,1968,,,,,,
石川,2026/02/18 11:20:38,滋賀県,無回答,1970,,200万円以上 300万円未満,自分ひとり,2泊,富山県,金沢エリア  （湯涌温泉、深谷温泉、犀川温泉など）,1泊,,,,,,,,,"新幹線, 在来線",0,0,1,1,0,0,0,,0,0,0,0,3,バスの行き先が分かりにくかった,,,初めて,"温泉や露天風呂, 地元の美味しいものを食べる",0,1,1,0,0,0,0,0,0,0,0,0,0,0,0,0,0,0,"インターネット・アプリ, Instagram",0,0,0,1,0,0,0,0,0,0,1,0,0,0,0,0,0,0,0,0,0,0,0,0,0,,,,,,"5,000円以上 10,000円未満",,使わない,,,,,,,,,,,4,4,建物および蔵書数の魔力がスゴい！,同上,,,,8,機会があれば行きたい,特になし ご飯が美味しい,石川県立図書館,同意する,,,,このまま富山に向かいます,,,1970,,,,,,
石川,2026/02/18 11:42:33,茨城県,女,1999,,200万円以上 300万円未満,友人,3泊,石川県外には泊まらない,金沢エリア  （湯涌温泉、深谷温泉、犀川温泉など）,3泊,,,,,,,,,新幹線,0,0,1,0,0,0,0,,0,0,0,0,4,,,,初めて,"名所、旧跡の観光, まちあるき、都市散策, 友人・親戚を訪ねる",0,0,0,0,1,0,0,0,0,0,1,0,0,0,0,0,0,0,"インターネット・アプリ, 友人・知人",0,0,0,0,0,0,0,0,0,0,1,0,0,0,0,0,0,0,1,0,0,0,0,0,0,,,,,,使わない,,"1,000円以上 3,000円未満",,,,,,,,,,,5,4,,,,,,7,機会があれば行きたい,食べ物がすごく美味しかったです！工芸品もきれいで様々なものがあってどれにしようか迷います。,石川県立歴史博物館,同意する,,,,,,,1999,,,,,,
石川,2026/02/18 14:21:51,東京都,女,1969,,"900万円以上 1,000万円未満",親,2泊,石川県外には泊まらない,金沢エリア  （湯涌温泉、深谷温泉、犀川温泉など）,2泊,,,,,,,,,新幹線,0,0,1,0,0,0,0,,0,0,0,0,,,,,初めて,"地元の美味しいものを食べる, 名所、旧跡の観光",0,0,1,0,1,0,0,0,0,0,0,0,0,0,0,0,0,0,"新聞・雑誌・ガイドブック, インターネット・アプリ",0,0,0,0,0,0,0,0,0,0,1,0,0,0,0,0,1,0,0,0,0,0,0,0,0,,,,,,"5,000円以上 10,000円未満",,"10,000円以上 20,000円未満",,,,,,,,,,,4,4,テイクアウトのお弁当が美味しかった,程よく買い周りやすかった,,,,8,機会があれば行きたい,近江町市場は水曜日が休みなので旅行最終日は避けるべき コンパクトにまとまっているので観光で回りやすい,金沢駅,同意する,,,,,,,1969,,,,,,
石川,2026/02/18 14:35:37,茨城県,男,1998,,500万円以上 600万円未満,自分ひとり,2泊,石川県外には泊まらない,金沢エリア  （湯涌温泉、深谷温泉、犀川温泉など）,2泊,,,,,,,,,新幹線,0,0,1,0,0,0,0,,0,0,0,0,,,,,初めて,"地元の美味しいものを食べる, 名所、旧跡の観光, まちあるき、都市散策",0,0,1,0,1,0,0,0,0,0,1,0,0,0,0,0,0,0,Googleマップ,0,1,1,0,0,0,0,0,0,0,0,0,0,0,0,0,0,0,0,0,0,0,0,0,0,,,,,,"5,000円以上 10,000円未満",,"1,000円以上 3,000円未満",,,,,,,,,,,5,5,外が寒かったが暖房が効いていた,展示物が面白かった,,,,10,機会があれば行きたい,特になし 街の景観が素敵,石川県立歴史博物館,同意する,,,,,,,1998,,,,,,
石川,2026/02/18 20:32:18,千葉県,男,1970,,"1,500万円以上",職場の同僚,1泊,富山県,金沢エリア  （湯涌温泉、深谷温泉、犀川温泉など）,1泊,,,,,,,,,新幹線,0,0,1,0,0,0,0,,0,0,0,0,,,,,初めて,"地元の美味しいものを食べる, 買い物、アウトレット",0,0,1,0,0,0,1,0,0,0,0,0,0,0,0,0,0,0,インターネット・アプリ,0,0,0,0,0,0,0,0,0,0,1,0,0,0,0,0,0,0,0,0,0,0,0,0,0,,,,,,"5,000円以上 10,000円未満",,"1,000円以上 3,000円未満",,,,,,,,,,,4,4,,,,,,9,機会があれば行きたい,鮮魚料理のお店が少ない,ガーデンホテル金沢,同意する,,,,,,,1970,,,,,,
石川,2026/02/19 9:53:47,滋賀県,女,2002,,300万円以上 400万円未満,友人,1泊,石川県外には泊まらない,金沢エリア  （湯涌温泉、深谷温泉、犀川温泉など）,1泊,,,,,,,,,"新幹線, 在来線",0,0,1,1,0,0,0,,0,0,0,0,,,,,初めて,まちあるき、都市散策,0,0,0,0,0,0,0,0,0,0,1,0,0,0,0,0,0,0,インターネット・アプリ,0,0,0,0,0,0,0,0,0,0,1,0,0,0,0,0,0,0,0,0,0,0,0,0,0,,,,,,"5,000円以上 10,000円未満",,"1,000円未満",,,,,,,,,,,5,5,とても綺麗な場所,静か,,,,9,また行きたい（1年以内）,特になし 海鮮,ダイワロイネットホテル金沢MIYABI,同意する,,,,石川県立図書館,,,2002,,,,,,
石川,2026/02/19 13:01:51,千葉県,男,1964,,"1,200万円以上 1,500万円未満",夫婦2人,2泊,石川県外には泊まらない,金沢エリア  （湯涌温泉、深谷温泉、犀川温泉など）,2泊,,,,,,,,,新幹線,0,0,1,0,0,0,0,,0,0,0,0,4,,,,2～5回目,地元の美味しいものを食べる,0,0,1,0,0,0,0,0,0,0,0,0,0,0,0,0,0,0,インターネット・アプリ,0,0,0,0,0,0,0,0,0,0,1,0,0,0,0,0,0,0,0,0,0,0,0,0,0,,,,,,"40,000円以上 50,000円未満",,"3,000円以上 5,000円未満",,,,,,,,,,,5,4,加賀友禅が見事だった。,染め付け体験が楽しかった。,,,,9,機会があれば行きたい,特に無し 宿　滝亭,加賀友禅会館（加賀友禅ミュージアムそめりあ）,同意する,,,,,,,1964,,,,,,
石川,2026/02/19 13:22:14,神奈川県,男,2004,,"1,000万円以上 1,200万円未満",恋人,2泊,石川県外には泊まらない,金沢エリア  （湯涌温泉、深谷温泉、犀川温泉など）,2泊,,,,,,,,,新幹線,0,0,1,0,0,0,0,,0,0,0,0,5,バスの本数が多く、バスの待ち時間が短いので快適に移動できたため。,,,初めて,"地元の美味しいものを食べる, 名所、旧跡の観光, 買い物、アウトレット",0,0,1,0,1,0,1,0,0,0,0,0,0,0,0,0,0,0,"観光展・物産展, 新聞・雑誌・ガイドブック, インターネット・アプリ, X(旧：Twitter), Instagram",0,0,0,1,0,1,0,0,0,0,1,0,0,0,0,0,1,0,0,0,0,0,1,0,0,,,,,,"10,000円以上 20,000円未満",,"1,000円未満",,,,,,,,,,,5,5,人混みがそこまで無く、快適だったため。,スタッフの対応が良かった。,,,,10,また行きたい（1年以内）,特になし。大満足です。 兼六園は是非勧めたい。理由として、雪が溶け切っててない兼六園はとても幻想的ながらも日本の風情を楽しめるのでとてもよかったから。,金沢中央観光案内所,同意する,,,,,,,2004,,,,,,
石川,2026/02/19 13:28:29,神奈川県,男,2003,,"1,000万円以上 1,200万円未満",自分ひとり,2泊,石川県外には泊まらない,金沢エリア  （湯涌温泉、深谷温泉、犀川温泉など）,2泊,,,,,,,,,夜行バス,0,0,0,0,0,0,0,,0,0,0,0,4,北陸バスだけ交通系が使えないのがどうしても不便だったから,,,初めて,"地元の美味しいものを食べる, 花見や紅葉などの自然鑑賞, 名所、旧跡の観光, テーマパーク（遊園地、動物園、博物館など）, 買い物、アウトレット, アウトドア（海水浴、釣り、登山など）, まちあるき、都市散策, ラブライブの聖地巡礼",0,0,1,1,1,1,1,0,0,1,1,0,0,0,0,0,0,0,"インターネット・アプリ, Instagram",0,0,0,1,0,0,0,0,0,0,1,0,0,0,0,0,0,0,0,0,0,0,0,0,0,,,,,,"10,000円以上 20,000円未満",,使わない,,,,,,,,,,,5,5,,,,,,10,また行きたい（1年以内）,どうしても市場なだけあって、近江町市場の各店の閉店時間が早めに感じてしまうため、日本酒＋現地の名産料理を試せる機会が少し少なくなるのだけ残念でした。どの組み合わせも相性が良かったりするので、「現地民がおすすめする組み合わせ」的なのがあったらいいなぁとは思いました！,金沢中央観光案内所,同意する,,,,,,,2003,,,,,,
石川,2026/02/19 13:32:50,富山県,女,1997,,500万円以上 600万円未満,小学生以下連れの家族,日帰り,石川県外には泊まらない,石川県内には宿泊しない,石川県内には宿泊しない,,,,,,,,,自家用車,1,0,0,0,0,0,0,,0,0,0,0,,,,,初めて,各種体験（手作り、果物狩りなど）,0,0,0,0,0,0,0,0,0,0,0,1,0,0,0,0,0,0,Instagram,0,0,0,1,0,0,0,0,0,0,0,0,0,0,0,0,0,0,0,0,0,0,0,0,0,,,,,,使わない,,"1,000円未満",,,,,,,,,,,5,5,,,,,,8,また行きたい（1年以内）,子供が遊べる遊び場がたくさんあってうれしい！ 子連れ,屋内木育施設 もりのひみつきち,同意する,,トレジャーふぁーむ,,,,,1997,,,,,,
石川,2026/02/19 15:21:14,石川県,男,1997,,300万円以上 400万円未満,夫婦2人,日帰り,富山県,石川県内には宿泊しない,石川県内には宿泊しない,,,,,,,,,自家用車,1,0,0,0,0,0,0,,0,0,0,0,,,,,2～5回目,"地元の美味しいものを食べる, 買い物、アウトレット",0,0,1,0,0,0,1,0,0,0,0,0,0,0,0,0,0,0,"インターネット・アプリ, Instagram",0,0,0,1,0,0,0,0,0,0,1,0,0,0,0,0,0,0,0,0,0,0,0,0,0,,,,,,"10,000円以上 20,000円未満",,使わない,,,,,,,,,,,4,5,,,,,,8,また行きたい（1年以内）,気軽に入れる金沢おでん,ホテル金沢,同意する,,,,,,,1997,,,,,,
石川,2026/02/19 15:25:06,石川県,女,2008,,500万円以上 600万円未満,友人,1泊,石川県外には泊まらない,加賀エリア （山代温泉、山中温泉、片山津温泉、粟津温泉、辰口温泉、加賀市、小松市など）,1泊,,,,,,,,,県外から訪れていない（石川県内在住）,0,0,0,0,0,0,0,,0,0,0,0,3,,,,11回目以上,"宿でのんびり過ごす, 温泉や露天風呂",1,1,0,0,0,0,0,0,0,0,0,0,0,0,0,0,0,0,友人・知人,0,0,0,0,0,0,0,0,0,0,0,0,0,0,0,0,0,0,1,0,0,0,0,0,0,,,,,,"10,000円以上 20,000円未満",,使わない,,,,,,,,,,,5,5,,,,,,8,機会があれば行きたい,特になし,石川県立図書館,同意する,,,,,,,2008,,,,,,
石川,2026/02/19 15:26:18,富山県,女,2009,,500万円以上 600万円未満,恋人,2泊,石川県外には泊まらない,金沢エリア  （湯涌温泉、深谷温泉、犀川温泉など）,2泊,,,,,,,,,新幹線,0,0,1,0,0,0,0,,0,0,0,0,,,,,2～5回目,"宿でのんびり過ごす, 温泉や露天風呂, 地元の美味しいものを食べる",1,1,1,0,0,0,0,0,0,0,0,0,0,0,0,0,0,0,Instagram,0,0,0,1,0,0,0,0,0,0,0,0,0,0,0,0,0,0,0,0,0,0,0,0,0,,,,,,"5,000円以上 10,000円未満",,使わない,,,,,,,,,,,5,5,,,,,,10,また行きたい（1年以内）,おいしいおすし ご飯！,石川県立図書館,同意する,,,,,,,2009,,,,,,
石川,2026/02/19 15:26:59,愛知県,女,1997,,600万円以上 700万円未満,夫婦2人,1泊,石川県外には泊まらない,金沢エリア  （湯涌温泉、深谷温泉、犀川温泉など）,1泊,,,,,,,,,"新幹線, 在来線",0,0,1,1,0,0,0,,0,0,0,0,5,15分〜20分に一本周遊バスがあった為。,,,初めて,"地元の美味しいものを食べる, 名所、旧跡の観光, テーマパーク（遊園地、動物園、博物館など）",0,0,1,0,1,1,0,0,0,0,0,0,0,0,0,0,0,0,旦那に教えて貰い行きました。,0,0,0,0,0,0,0,0,0,0,0,0,0,0,0,0,0,0,0,0,0,0,0,0,1,,,,,,"1,000円未満",,"10,000円以上 20,000円未満",,,,,,,,,,,5,5,市場では海鮮が美味しく、Instagramで見つけたお目当てのお店に行けたから。,,,,,10,機会があれば行きたい,とにかく、人がいい人ばかりでした。もっと人のアピールもしてもいいのでわ、、、と思いました。 復興支援にもなるのと、雪がなかなか見れない県なので雪が見れることも魅力の一つでした。,金沢東急ホテル,同意する,,,,,,,1997,,,,,,
石川,2026/02/19 20:37:21,富山県,男,1977,,600万円以上 700万円未満,恋人,1泊,富山県,金沢エリア  （湯涌温泉、深谷温泉、犀川温泉など）,1泊,,,,,,,,,自家用車,1,0,0,0,0,0,0,,0,0,0,0,,,,,初めて,"地元の美味しいものを食べる, まちあるき、都市散策",0,0,1,0,0,0,0,0,0,0,1,0,0,0,0,0,0,0,インターネット・アプリ,0,0,0,0,0,0,0,0,0,0,1,0,0,0,0,0,0,0,0,0,0,0,0,0,0,,,,,,"5,000円以上 10,000円未満",,"3,000円以上 5,000円未満",,,,,,,,,,,4,4,,,,,,7,また行きたい（1年以内）,郷土料理をまた食べに来たいです。,ガーデンホテル金沢,同意する,,,,,,,1977,,,,,,
石川,2026/02/20 11:47:00,大阪府,女,1965,,600万円以上 700万円未満,中学生以上連れの家族,1泊,石川県外には泊まらない,金沢エリア  （湯涌温泉、深谷温泉、犀川温泉など）,1泊,,,,,,,,,新幹線,0,0,1,0,0,0,0,,0,0,0,0,3,バスの運転手が親切ではない　北陸鉄道バス,,,2～5回目,"地元の美味しいものを食べる, 名所、旧跡の観光",0,0,1,0,1,0,0,0,0,0,0,0,0,0,0,0,0,0,"インターネット・アプリ, Instagram",0,0,0,1,0,0,0,0,0,0,1,0,0,0,0,0,0,0,0,0,0,0,0,0,0,,,,,,"20,000円以上 30,000円未満",,"1,000円未満",,,,,,,,,,,4,5,整備されている,交通の便がよい,,,,9,機会があれば行きたい,日本酒が美味しい アートに触れる旅,尾山神社,同意する,,石川県立図書館,,鈴木たいせい博物館,,,1965,,,,,,
石川,2026/02/20 11:47:22,東京都,女,1988,,"900万円以上 1,000万円未満",親,1泊,石川県外には泊まらない,金沢エリア  （湯涌温泉、深谷温泉、犀川温泉など）,1泊,,,,,,,,,新幹線,0,0,1,0,0,0,0,,0,0,0,0,1,バスの乗り方が分かり辛く、バスの運転手さんもすごく不親切で怒られたし、我々以外にも怒られている方を連日拝見した。,,,2～5回目,"地元の美味しいものを食べる, 名所、旧跡の観光, まちあるき、都市散策",0,0,1,0,1,0,0,0,0,0,1,0,0,0,0,0,0,0,"インターネット・アプリ, 友人・知人",0,0,0,0,0,0,0,0,0,0,1,0,0,0,0,0,0,0,1,0,0,0,0,0,0,,,,,,"10,000円以上 20,000円未満",,"1,000円未満",,,,,,,,,,,4,5,,,,,,10,機会があれば行きたい,特になし,尾山神社,同意する,,ホテルから直行,,鈴木大拙,,,1988,,,,,,
石川,2026/02/20 11:52:34,兵庫県,女,1992,,500万円以上 600万円未満,友人,2泊,石川県外には泊まらない,金沢エリア  （湯涌温泉、深谷温泉、犀川温泉など）,2泊,,,,,,,,,"新幹線, 在来線",0,0,1,1,0,0,0,,0,0,0,0,4,バスの本数が多かった,,,2～5回目,"宿でのんびり過ごす, 温泉や露天風呂, 名所、旧跡の観光, まちあるき、都市散策",1,1,0,0,1,0,0,0,0,0,1,0,0,0,0,0,0,0,"観光展・物産展, 観光パンフレット・ポスター, Instagram",0,0,0,1,0,0,0,0,0,0,0,0,0,0,0,0,0,0,0,0,1,0,1,0,0,,,,,,"40,000円以上 50,000円未満",,"1,000円未満",,,,,,,,,,,5,5,全て綺麗だった,トイレも多かった,,,,8,また行きたい（1年以内）,移動もしやすく食事ができる場所も多くよかった ご飯が美味しい,兼六園,同意する,,,,,,,1992,,,,,,
石川,2026/02/20 11:54:24,群馬県,男,1968,,"900万円以上 1,000万円未満",夫婦2人,1泊,石川県外には泊まらない,金沢エリア  （湯涌温泉、深谷温泉、犀川温泉など）,1泊,,,,,,,,,新幹線,0,0,1,0,0,0,0,,0,0,0,0,,,,,初めて,地元の美味しいものを食べる,0,0,1,0,0,0,0,0,0,0,0,0,0,0,0,0,0,0,インターネット・アプリ,0,0,0,0,0,0,0,0,0,0,1,0,0,0,0,0,0,0,0,0,0,0,0,0,0,,,,,,"20,000円以上 30,000円未満",,"30,000円以上 40,000円未満",,,,,,,,,,,4,5,,,,,,5,機会があれば行きたい,美味しい食べ物,兼六園,同意する,,,,,,,1968,,,,,,
石川,2026/02/20 13:32:24,千葉県,男,2001,,"1,200万円以上 1,500万円未満",中学生以上連れの家族,1泊,石川県外には泊まらない,金沢エリア  （湯涌温泉、深谷温泉、犀川温泉など）,1泊,,,,,,,,,飛行機,0,0,0,0,1,0,0,,0,0,0,0,,,,,2～5回目,地元の美味しいものを食べる,0,0,1,0,0,0,0,0,0,0,0,0,0,0,0,0,0,0,"インターネット・アプリ, YouTube",0,0,0,0,0,0,1,0,0,0,1,0,0,0,0,0,0,0,0,0,0,0,0,0,0,,,,,,"3,000円以上 5,000円未満",,"1,000円以上 3,000円未満",,,,,,,,,,,5,5,,,,,,8,また行きたい（1年以内）,十分満足していますが、デートで楽しめるようなコンテンツが増えるとより楽しくなると思います。ひがし茶屋街で着物を着て歩くような、金沢の風情を感じて楽しめるものがより増えると旅行の特別感が増すと感じた次第です。,金沢中央観光案内所,同意する,,,,,,,2001,,,,,,
石川,2026/02/20 14:32:43,京都府,男,2003,,100万円以上 200万円未満,自分ひとり,1泊,石川県外には泊まらない,金沢エリア  （湯涌温泉、深谷温泉、犀川温泉など）,1泊,,,,,,,,,"新幹線, 在来線",0,0,1,1,0,0,0,,0,0,0,0,,,,,初めて,名所、旧跡の観光,0,0,0,0,1,0,0,0,0,0,0,0,0,0,0,0,0,0,インターネット・アプリ,0,0,0,0,0,0,0,0,0,0,1,0,0,0,0,0,0,0,0,0,0,0,0,0,0,,,,,,"10,000円以上 20,000円未満",,"1,000円未満",,,,,,,,,,,5,5,,,,,,10,機会があれば行きたい,特になし,石川県立歴史博物館,同意する,,,,,,,2003,,,,,,
石川,2026/02/20 14:40:44,京都府,女,1979,,400万円以上 500万円未満,小学生以下連れの家族,1泊,石川県外には泊まらない,金沢エリア  （湯涌温泉、深谷温泉、犀川温泉など）,1泊,,,,,,,,,新幹線,0,0,1,0,0,0,0,,0,0,0,0,5,兼六園と金沢城を見ながら金箔アイスクリームを食べて最高思い出をできました。,,,初めて,名所、旧跡の観光,0,0,0,0,1,0,0,0,0,0,0,0,0,0,0,0,0,0,"友人・知人, 観光協会等の案内所",0,0,0,0,0,0,0,0,0,0,0,0,0,0,0,0,0,0,1,0,0,1,0,0,0,,,,,,"10,000円以上 20,000円未満",,"40,000円以上 50,000円未満",,,,,,,,,,,5,5,雪と梅林が見えて嬉しい,,,,,10,機会があれば行きたい,特になし,兼六園,同意する,,,,,,,1979,,,,,,
石川,2026/02/20 14:45:38,神奈川県,男,1988,,"1,500万円以上",親,2泊,石川県外には泊まらない,金沢エリア  （湯涌温泉、深谷温泉、犀川温泉など）,2泊,,,,,,,,,新幹線,0,0,1,0,0,0,0,,0,0,0,0,5,タクシーの運転手が親切に対応してくれた,,,初めて,"宿でのんびり過ごす, 地元の美味しいものを食べる, 名所、旧跡の観光, まちあるき、都市散策",1,0,1,0,1,0,0,0,0,0,1,0,0,0,0,0,0,0,"新聞・雑誌・ガイドブック, Instagram, YouTube",0,0,0,1,0,0,1,0,0,0,0,0,0,0,0,0,1,0,0,0,0,0,0,0,0,,,,,,"30,000円以上 40,000円未満",,"1,000円未満",,,,,,,,,,,5,5,貴重な施設を案内いただけた,,,,,10,機会があれば行きたい,石川県の独自性のあるものをこれからも提供してもらえると嬉しいです,妙立寺,同意する,,,,,,,1988,,,,,,
石川,2026/02/20 14:53:17,奈良県,男,2004,,500万円以上 600万円未満,自分ひとり,1泊,石川県外には泊まらない,金沢エリア  （湯涌温泉、深谷温泉、犀川温泉など）,1泊,,,,,,,,,"新幹線, 在来線",0,0,1,1,0,0,0,,0,0,0,0,,,,,初めて,"地元の美味しいものを食べる, 花見や紅葉などの自然鑑賞, 名所、旧跡の観光",0,0,1,1,1,0,0,0,0,0,0,0,0,0,0,0,0,0,インターネット・アプリ,0,0,0,0,0,0,0,0,0,0,1,0,0,0,0,0,0,0,0,0,0,0,0,0,0,,,,,,"5,000円以上 10,000円未満",,使わない,,,,,,,,,,,5,5,主要観光地の近くにあり、ギャラリーや情報誌などを見て休憩ができる,観光地にありながら落ち着いた空間で良いと感じた,,,,8,また行きたい（1年以内）,海鮮 兼六園と鈴木大拙館、つい長居してしまうような環境,石川県政記念しいのき迎賓館,同意する,,金沢城,,,,,2004,,,,,,
石川,2026/02/20 16:21:30,千葉県,女,1978,,300万円以上 400万円未満,親,2泊,石川県外には泊まらない,金沢エリア  （湯涌温泉、深谷温泉、犀川温泉など）,2泊,,,,,,,,,新幹線,0,0,1,0,0,0,0,,0,0,0,0,4,,,,11回目以上,"温泉や露天風呂, 地元の美味しいものを食べる, 友人・親戚を訪ねる",0,1,1,0,0,0,0,0,0,0,0,0,0,0,0,0,0,0,観光展・物産展,0,0,0,0,0,0,0,0,0,0,0,0,0,0,0,0,0,0,0,0,0,0,1,0,0,,,,,,"20,000円以上 30,000円未満",,"3,000円以上 5,000円未満",,,,,,,,,,,5,5,,,,,,10,また行きたい（1年以内）,お寿司,石川県立美術館,同意する,,,,,,,1978,,,,,,
石川,2026/02/20 18:44:44,東京都,女,1970,,100万円以上 200万円未満,友人,2泊,福井県,金沢エリア  （湯涌温泉、深谷温泉、犀川温泉など）,1泊,,,,,,,,,新幹線,0,0,1,0,0,0,0,,0,0,0,0,,,,,2～5回目,地元の美味しいものを食べる,0,0,1,0,0,0,0,0,0,0,0,0,0,0,0,0,0,0,"新聞・雑誌・ガイドブック, TV・ラジオ番組やCM, 観光パンフレット・ポスター, Instagram, 友人・知人, 観光協会等の案内所",0,0,0,1,0,0,0,0,0,0,0,0,0,0,1,0,1,0,1,0,1,1,0,0,0,,,,,,"30,000円以上 40,000円未満",,"3,000円以上 5,000円未満",,,,,,,,,,,4,4,,,,,,8,機会があれば行きたい,特になし,金沢駅,同意する,,,,,,,1970,,,,,,
石川,2026/02/20 19:04:37,新潟県,女,1971,,"900万円以上 1,000万円未満",夫婦2人,2泊,福井県,金沢エリア  （湯涌温泉、深谷温泉、犀川温泉など）,2泊,,,,,,,,,自家用車,1,0,0,0,0,0,0,,0,0,0,0,5,キレイ,,,2～5回目,宿でのんびり過ごす,1,0,0,0,0,0,0,0,0,0,0,0,0,0,0,0,0,0,観光展・物産展,0,0,0,0,0,0,0,0,0,0,0,0,0,0,0,0,0,0,0,0,0,0,1,0,0,,,,,,使わない,,"5,000円以上 10,000円未満",,,,,,,,,,,5,4,,,,,,5,また行きたい（1年以内）,特になし 街がキレイ,湯来楽　内灘店,同意する,,,,,,,1971,,,,,,
石川,2026/02/20 19:09:11,新潟県,男,1967,,400万円以上 500万円未満,夫婦2人,2泊,石川県外には泊まらない,能登エリア （和倉温泉、七尾市、輪島市、珠洲市など）,2泊,,,,,,,,,自家用車,1,0,0,0,0,0,0,,0,0,0,0,4,,,,6～10回目,"温泉や露天風呂, 地元の美味しいものを食べる",0,1,1,0,0,0,0,0,0,0,0,0,0,0,0,0,0,0,"新聞・雑誌・ガイドブック, 観光パンフレット・ポスター, Facebook",1,0,0,0,0,0,0,0,0,0,0,0,0,0,0,0,1,0,0,0,1,0,0,0,0,,,,,,"20,000円以上 30,000円未満",,"5,000円以上 10,000円未満",,,,,,,,,,,4,4,,,,,,5,また行きたい（1年以内）,特になし,湯来楽　内灘店,同意する,,,,,,,1967,,,,,,
石川,2026/02/20 19:12:20,京都府,男,1995,,700万円以上 800万円未満,職場の同僚,1泊,石川県外には泊まらない,金沢エリア  （湯涌温泉、深谷温泉、犀川温泉など）,1泊,,,,,,,,,会社のバス,0,0,0,0,0,0,0,,0,0,0,0,3,大型バス駐車場がない,,,初めて,出張など仕事関係,0,0,0,0,0,0,0,0,0,0,0,0,0,0,0,0,1,0,インターネット・アプリ,0,0,0,0,0,0,0,0,0,0,1,0,0,0,0,0,0,0,0,0,0,0,0,0,0,,,,,,"1,000円以上 3,000円未満",,使わない,,,,,,,,,,,4,3,レストランが高い,立地抜群！,,,,7,また行きたい（1年以内）,お土産の名物 美術館、兼六園などの名所とグルメ,ガーデンホテル金沢,同意する,,,,,,,1995,,,,,,
石川,2026/02/20 19:53:05,東京都,男,1987,,"1,500万円以上",小学生以下連れの家族,4泊以上,福井県,金沢エリア  （湯涌温泉、深谷温泉、犀川温泉など）,1泊,,,,,,,,,新幹線,0,0,1,0,0,0,0,,0,0,0,0,5,,,,初めて,"名所、旧跡の観光, 各種体験（手作り、果物狩りなど）",0,0,0,0,1,0,0,0,0,0,0,1,0,0,0,0,0,0,インターネット・アプリ,0,0,0,0,0,0,0,0,0,0,1,0,0,0,0,0,0,0,0,0,0,0,0,0,0,,,,,,"40,000円以上 50,000円未満",,"30,000円以上 40,000円未満",,,,,,,,,,,5,5,,,,,,10,また行きたい（1年以内）,石川の特産を体験すること,ホテル・トリフィート金沢,同意する,,,,,,,1987,,,,,,
石川,2026/02/20 20:34:51,千葉県,女,2000,,600万円以上 700万円未満,親,2泊,石川県外には泊まらない,金沢エリア  （湯涌温泉、深谷温泉、犀川温泉など）,2泊,,,,,,,,,新幹線,0,0,1,0,0,0,0,,0,0,0,0,,,,,初めて,"地元の美味しいものを食べる, 名所、旧跡の観光",0,0,1,0,1,0,0,0,0,0,0,0,0,0,0,0,0,0,チャットGPT,0,0,0,0,0,0,0,0,0,0,0,0,0,0,0,0,0,0,0,0,0,0,0,0,1,,,,,,"10,000円以上 20,000円未満",,使わない,,,,,,,,,,,5,5,,,,,,10,機会があれば行きたい,新鮮な海鮮,尾山神社,同意する,,白川郷ツアー,,赤玉本店,,,2000,,,,,,
石川,2026/02/20 22:42:32,京都府,男,2001,,100万円未満,友人,1泊,石川県外には泊まらない,金沢エリア  （湯涌温泉、深谷温泉、犀川温泉など）,1泊,,,,,,,,,"新幹線, 在来線",0,0,1,1,0,0,0,,0,0,0,0,5,,,,初めて,"地元の美味しいものを食べる, 花見や紅葉などの自然鑑賞, 名所、旧跡の観光, まちあるき、都市散策",0,0,1,1,1,0,0,0,0,0,1,0,0,0,0,0,0,0,インターネット・アプリ,0,0,0,0,0,0,0,0,0,0,1,0,0,0,0,0,0,0,0,0,0,0,0,0,0,,,,,,"30,000円以上 40,000円未満",,使わない,,,,,,,,,,,5,5,,,,,,10,また行きたい（1年以内）,特になし,金沢駅,同意する,,,,,,,2001,,,,,,
石川,2026/02/21 0:35:08,長野県,男,1993,,500万円以上 600万円未満,自分ひとり,1泊,石川県外には泊まらない,金沢エリア  （湯涌温泉、深谷温泉、犀川温泉など）,1泊,,,,,,,,,"新幹線, 在来線",0,0,1,1,0,0,0,,0,0,0,0,4,タクシーの当たり外れがでかい,,,初めて,出張など仕事関係,0,0,0,0,0,0,0,0,0,0,0,0,0,0,0,0,1,0,"インターネット・アプリ, 友人・知人, タクシードライバーや地元の人",0,0,0,0,0,0,0,0,0,0,1,0,0,0,0,0,0,0,1,1,0,0,0,0,0,,,,,,"5,000円以上 10,000円未満",,"1,000円未満",,,,,,,,,,,4,3,まだ行ってないですよ,まだ行ってないですよ,,,,10,また行きたい（1年以内）,もすこし何がオススメか分かりやすくしてほすぃ… 空気感、人のやさしさ,ガーデンホテル金沢,同意する,,中村留精密工業,,,,,1993,,,,,,
石川,2026/02/21 8:55:34,栃木県,男,1954,,400万円以上 500万円未満,夫婦2人,3泊,富山県,能登エリア （和倉温泉、七尾市、輪島市、珠洲市など）,2泊,,,,,,,,,新幹線,0,0,1,0,0,0,0,,0,0,0,0,4,安心した案内・運転・美味しい食事・温泉満足でした。,,,初めて,"温泉や露天風呂, 地元の美味しいものを食べる, 名所、旧跡の観光",0,1,1,0,1,0,0,0,0,0,0,0,0,0,0,0,0,0,"新聞・雑誌・ガイドブック, 観光パンフレット・ポスター",0,0,0,0,0,0,0,0,0,0,0,0,0,0,0,0,1,0,0,0,1,0,0,0,0,,,,,,"20,000円以上 30,000円未満",,"3,000円以上 5,000円未満",,,,,,,,,,,4,4,美味し食事,冬の景色,,,,2,機会があれば行きたい,海産物 冬の北陸の有り様,金沢東急ホテル,同意する,,JR氷見線乗車,,,,,1954,,,,,,
石川,2026/02/21 11:52:01,福井県,女,1993,,"900万円以上 1,000万円未満",自分ひとり,日帰り,石川県外には泊まらない,石川県内には宿泊しない,石川県内には宿泊しない,,,,,,,,,在来線,0,0,0,1,0,0,0,,0,0,0,0,4,福井から乗り換えなしで来られた。混雑していて疲れたのはちょっと残念だった。,,,11回目以上,テーマパーク（遊園地、動物園、博物館など）,0,0,0,0,0,1,0,0,0,0,0,0,0,0,0,0,0,0,X(旧：Twitter),0,0,0,0,0,1,0,0,0,0,0,0,0,0,0,0,0,0,0,0,0,0,0,0,0,,,,,,使わない,,"1,000円以上 3,000円未満",,,,,,,,,,,5,4,赤レンガの雰囲気が素晴らしく、癒されました。,飲食できるスペースが、日差しが入ってソファも柔らかくとても気持ちよかったです。こういった施設でこんなに休憩スペースが充実して居心地良いのは初めてで感動しました。ぜひこれからもこの場所は続けてほしいです。ホッとサロンという名前だったかと思います。,,,,10,また行きたい（1年以内）,飲食について、加賀野菜もお魚も両方楽しめるお店があると嬉しいです。お魚の店はお魚のみで野菜が乏しいのがちょっともったいないなと思います。石川らしい美味しいお魚と、加賀野菜がどちらも同じお店で食べられたら最高です！ 県立歴史博物館周辺の文化エリア。どの施設も見応えがあり、また外観もすてきでした。,石川県立歴史博物館,同意する,,,,国立工芸館,,,1993,,,,,,
石川,2026/02/21 13:08:59,千葉県,男,1980,,400万円以上 500万円未満,恋人,3泊,石川県外には泊まらない,金沢エリア  （湯涌温泉、深谷温泉、犀川温泉など）,2泊,,,,,,,,,"新幹線, 飛行機",0,0,1,0,1,0,0,,0,0,0,0,4,,,,初めて,"宿でのんびり過ごす, 温泉や露天風呂, 地元の美味しいものを食べる",1,1,1,0,0,0,0,0,0,0,0,0,0,0,0,0,0,0,"観光展・物産展, 観光パンフレット・ポスター, インターネット・アプリ",0,0,0,0,0,0,0,0,0,0,1,0,0,0,0,0,0,0,0,0,1,0,1,0,0,,,,,,"30,000円以上 40,000円未満",,"5,000円以上 10,000円未満",,,,,,,,,,,4,4,,,,,,9,機会があれば行きたい,次回は夏の美味しいものを食べに来たいです,兼六園,同意する,,,,,,,1980,,,,,,
石川,2026/02/21 13:21:31,千葉県,女,1986,,100万円未満,友人,4泊以上,夜行バスにで一泊,能登エリア （和倉温泉、七尾市、輪島市、珠洲市など）,3泊,,,,,,,,,"飛行機, 旅行会社ツアーバス",0,0,0,0,1,1,0,,0,0,0,0,4,これほどの庭園なのでやはりどうしても坂道や段差はあると思うのですが、通路を広く取ったり周遊バスを用意してくださっているので素敵な場所だなと思いました。,,,初めて,"宿でのんびり過ごす, 温泉や露天風呂, 地元の美味しいものを食べる, 花見や紅葉などの自然鑑賞, 名所、旧跡の観光, テーマパーク（遊園地、動物園、博物館など）, 買い物、アウトレット, お祭りやイベントへの参加・見物, まちあるき、都市散策, 各種体験（手作り、果物狩りなど）, ドライブ・ツーリング",1,1,1,1,1,1,1,1,0,0,1,1,0,0,1,0,0,0,"観光展・物産展, 新聞・雑誌・ガイドブック, 観光パンフレット・ポスター, 観光連盟やDMOのHP, インターネット・アプリ, Instagram, Facebook, ブログ, 観光協会等の案内所",1,0,0,1,0,0,0,0,1,0,1,0,0,0,0,0,1,0,0,0,1,1,1,1,0,,,,,,"20,000円以上 30,000円未満",,使わない,,,,,,,,,,,4,5,デジタルガイドや景観の維持・保護、ライトアップと力を入れていることが伺えました。,大きく構えた景勝地で金沢の誇りなるというのが窺えました。,,,,9,機会があれば行きたい,各市が各々LINEでPRされているお祭りを自分なりにしゅうしゅうしました。まとめて発信されるともっとたくさんの方が広域に楽しめるのでは無いかな、と思います。ただ、本当に観光どころがたくさんあるんだ、しばらく住むくらいで無いと堪能できない、という石川県の魅力を痛感しました。 金沢、能登の魅力をたくさん調べました。,兼六園,同意する,,,,金沢城,,,1986,,,,,,
石川,2026/02/21 13:26:35,愛知県,女,1964,,600万円以上 700万円未満,姉,1泊,石川県外には泊まらない,金沢エリア  （湯涌温泉、深谷温泉、犀川温泉など）,1泊,,,,,,,,,新幹線,0,0,1,0,0,0,0,,0,0,0,0,4,迷わずに来ることができたし、道路からの坂道をを思うとタクシーでよかった,,,2～5回目,"名所、旧跡の観光, 買い物、アウトレット, スポーツ観戦や芸術鑑賞（コンサート等）",0,0,0,0,1,0,1,0,0,0,0,0,0,0,0,0,0,0,インターネット・アプリ,0,0,0,0,0,0,0,0,0,0,1,0,0,0,0,0,0,0,0,0,0,0,0,0,0,,,,,,"5,000円以上 10,000円未満",,"1,000円以上 3,000円未満",,,,,,,,,,,4,4,きれいな建物でトイレも明るかった,エスカレーターがあってよかった,,,,8,機会があれば行きたい,おでん、治部煮の味がすきだった。のどぐろが美味しくて驚いた。いろいろ買いたくなって沢山お金を使ってしまいそうです。きれいなものが多いですね。 寒いイメージだったが、とても暖かくてよかった。道の端には雪がたくさん残っていたけれど道はきれいだった。見どころが多いのでタクシーを使って効率よく回ろうと思っている。,石川県立美術館,同意する,,,,県立図書館,,,1964,,,,,,
石川,2026/02/21 13:29:29,神奈川県,女,1961,,700万円以上 800万円未満,妹,2泊,愛知県,金沢エリア  （湯涌温泉、深谷温泉、犀川温泉など）,1泊,,,,,,,,,新幹線,0,0,1,0,0,0,0,,0,0,0,0,4,タクシーをすぐにつかまえられた,,,初めて,名所、旧跡の観光,0,0,0,0,1,0,0,0,0,0,0,0,0,0,0,0,0,0,友人・知人,0,0,0,0,0,0,0,0,0,0,0,0,0,0,0,0,0,0,1,0,0,0,0,0,0,,,,,,"3,000円以上 5,000円未満",,"1,000円以上 3,000円未満",,,,,,,,,,,4,3,,明るくて綺麗,,,,7,機会があれば行きたい,学芸員さんのお話を伺うことが初めてなので楽しみにしてる 兼六園のライトアップ幻想的,石川県立美術館,同意する,,,,,,,1961,,,,,,
石川,2026/02/21 13:51:22,神奈川県,女,1999,,500万円以上 600万円未満,友人,2泊,石川県外には泊まらない,金沢エリア  （湯涌温泉、深谷温泉、犀川温泉など）,2泊,,,,,,,,,新幹線,0,0,1,0,0,0,0,,0,0,0,0,4,,,,初めて,"地元の美味しいものを食べる, 名所、旧跡の観光",0,0,1,0,1,0,0,0,0,0,0,0,0,0,0,0,0,0,"新聞・雑誌・ガイドブック, TV・ラジオ番組やCM",0,0,0,0,0,0,0,0,0,0,0,0,0,0,1,0,1,0,0,0,0,0,0,0,0,,,,,,"10,000円以上 20,000円未満",,"1,000円未満",,,,,,,,,,,5,4,,,,,,7,機会があれば行きたい,能登牛たのしみです,兼六園,同意する,,,,,,,1999,,,,,,
石川,2026/02/21 13:52:35,東京都,女,1999,,600万円以上 700万円未満,友人,2泊,石川県外には泊まらない,金沢エリア  （湯涌温泉、深谷温泉、犀川温泉など）,2泊,,,,,,,,,新幹線,0,0,1,0,0,0,0,,0,0,0,0,,,,,初めて,地元の美味しいものを食べる,0,0,1,0,0,0,0,0,0,0,0,0,0,0,0,0,0,0,"観光展・物産展, Facebook",1,0,0,0,0,0,0,0,0,0,0,0,0,0,0,0,0,0,0,0,0,0,1,0,0,,,,,,"40,000円以上 50,000円未満",,"1,000円未満",,,,,,,,,,,4,5,,,,,,9,機会があれば行きたい,美味しいもの,兼六園,同意する,,,,,,,1999,,,,,,
石川,2026/02/21 15:19:15,千葉県,男,1995,,500万円以上 600万円未満,恋人,1泊,石川県外には泊まらない,金沢エリア  （湯涌温泉、深谷温泉、犀川温泉など）,1泊,,,,,,,,,新幹線,0,0,1,0,0,0,0,,0,0,0,0,3,,,,2～5回目,"宿でのんびり過ごす, 地元の美味しいものを食べる",1,0,1,0,0,0,0,0,0,0,0,0,0,0,0,0,0,0,"インターネット・アプリ, X(旧：Twitter)",0,0,0,0,0,1,0,0,0,0,1,0,0,0,0,0,0,0,0,0,0,0,0,0,0,,,,,,"50,000円以上 100,000円未満",,"10,000円以上 20,000円未満",,,,,,,,,,,5,4,,歴史を感じる,,,,8,機会があれば行きたい,のどぐろ ご飯が美味しい,石川県観光物産館,同意する,,,,,,,1995,,,,,,
石川,2026/02/21 16:03:05,神奈川県,男,1999,,400万円以上 500万円未満,友人,1泊,石川県外には泊まらない,金沢エリア  （湯涌温泉、深谷温泉、犀川温泉など）,1泊,,,,,,,,,高速バス,0,0,0,0,0,0,0,,0,0,0,0,4,金沢で有名観光地とのアクセスが多い香林坊から路線バスが出ているため。路線バスが遅れ気味なのは気になるため。,,,初めて,"花見や紅葉などの自然鑑賞, 名所、旧跡の観光, 友人・親戚を訪ねる",0,0,0,1,1,0,0,0,0,0,0,0,0,0,0,0,0,0,"TV・ラジオ番組やCM, 観光パンフレット・ポスター, 友人・知人",0,0,0,0,0,0,0,0,0,0,0,0,0,0,1,0,0,0,1,0,1,0,0,0,0,,,,,,"5,000円以上 10,000円未満",,使わない,,,,,,,,,,,5,5,のんびりと本を楽しめるため。,とても綺麗な施設でそれぞれやりたいことに応じた場所が作られていて退屈することがなく、むしろ楽しく本を読んだり石川を知ることができたから。,,,,10,また行きたい（1年以内）,もう十分なくらい体験できていますが、強いて言えば、石川の自然の素晴らしさをもっと楽しめるものを求めてます。 特におすすめしたいのは街を歩くときに感じた自然の素晴らしさです。都会に住むとどうしても時間に追われて忙しい生活になってしまっています。そんな時、ふとした風景に癒しを感じられるのがまた良いと感じました。,石川県立図書館,同意する,,,,片町きらら,,,1999,,,,,,
石川,2026/02/21 16:19:57,東京都,女,1991,,"1,500万円以上",小学生以下連れの家族,1泊,石川県外には泊まらない,加賀エリア （山代温泉、山中温泉、片山津温泉、粟津温泉、辰口温泉、加賀市、小松市など）,1泊,,,,,,,,,新幹線,0,0,1,0,0,0,0,,0,0,0,0,4,周遊バスもあり時間ロスが少なかったが、どれに乗れば良いか迷ってしまった。,,,初めて,"宿でのんびり過ごす, 温泉や露天風呂, 地元の美味しいものを食べる, 名所、旧跡の観光",1,1,1,0,1,0,0,0,0,0,0,0,0,0,0,0,0,0,"観光パンフレット・ポスター, 観光連盟やDMOのHP, インターネット・アプリ, X(旧：Twitter)",0,0,0,0,0,1,0,0,0,0,1,0,0,0,0,0,0,0,0,0,1,0,0,1,0,,,,,,"50,000円以上 100,000円未満",,"3,000円以上 5,000円未満",,,,,,,,,,,5,4,,,,,,8,また行きたい（1年以内）,次回はもっとゆっくり観光したいです。また伺います。,金沢蓄音器館,同意する,,,,旅のほぼラストで来ました。,,,1991,,,,,,
石川,2026/02/21 16:26:51,富山県,女,1998,,200万円以上 300万円未満,恋人,1泊,石川県外には泊まらない,金沢エリア  （湯涌温泉、深谷温泉、犀川温泉など）,1泊,,,,,,,,,自家用車,1,0,0,0,0,0,0,,0,0,0,0,,素敵な宿と町,,,初めて,地元の美味しいものを食べる,0,0,1,0,0,0,0,0,0,0,0,0,0,0,0,0,0,0,インターネット・アプリ,0,0,0,0,0,0,0,0,0,0,1,0,0,0,0,0,0,0,0,0,0,0,0,0,0,,,,,,"5,000円以上 10,000円未満",,"5,000円以上 10,000円未満",,,,,,,,,,,5,5,,,,,,10,また行きたい（1年以内）,色んな観光地があって素晴らしい,金沢フレックスホテル,同意する,,,,調べ中,,,1998,,,,,,
石川,2026/02/21 16:29:08,岡山県,女,1989,,300万円以上 400万円未満,親,2泊,石川県外には泊まらない,金沢エリア  （湯涌温泉、深谷温泉、犀川温泉など）,2泊,,,,,,,,,新幹線,0,0,1,0,0,0,0,,0,0,0,0,,,,,初めて,"地元の美味しいものを食べる, 名所、旧跡の観光, テーマパーク（遊園地、動物園、博物館など）, 買い物、アウトレット, まちあるき、都市散策",0,0,1,0,1,1,1,0,0,0,1,0,0,0,0,0,0,0,"新聞・雑誌・ガイドブック, 友人・知人",0,0,0,0,0,0,0,0,0,0,0,0,0,0,0,0,1,0,1,0,0,0,0,0,0,,,,,,"10,000円以上 20,000円未満",,"5,000円以上 10,000円未満",,,,,,,,,,,5,5,,,,,,8,機会があれば行きたい,食べ歩き,ガーデンホテル金沢,同意する,,,,,,,1989,,,,,,
石川,2026/02/21 17:27:15,東京都,女,1969,,"1,500万円以上",夫婦2人,2泊,石川県外には泊まらない,金沢エリア  （湯涌温泉、深谷温泉、犀川温泉など）,2泊,,,,,,,,,新幹線,0,0,1,0,0,0,0,,0,0,0,0,,,,,2～5回目,"地元の美味しいものを食べる, 名所、旧跡の観光, 各種体験（手作り、果物狩りなど）",0,0,1,0,1,0,0,0,0,0,0,1,0,0,0,0,0,0,インターネット・アプリ,0,0,0,0,0,0,0,0,0,0,1,0,0,0,0,0,0,0,0,0,0,0,0,0,0,,,,,,"30,000円以上 40,000円未満",,"20,000円以上 30,000円未満",,,,,,,,,,,4,4,,,,,,8,また行きたい（1年以内）,食が魅力的,KKRホテル金沢,同意する,,長町,,,,,1969,,,,,,
石川,2026/02/21 17:37:15,石川県,女,1978,,"900万円以上 1,000万円未満",中学生以上連れの家族,日帰り,石川県外には泊まらない,石川県内には宿泊しない,石川県内には宿泊しない,,,,,,,,,県外から訪れていない（石川県内在住）,0,0,0,0,0,0,0,,0,0,0,0,,,,,11回目以上,テーマパーク（遊園地、動物園、博物館など）,0,0,0,0,0,1,0,0,0,0,0,0,0,0,0,0,0,0,看板、チラシ,0,0,0,0,0,0,0,0,0,0,0,0,0,0,0,0,0,0,0,0,0,0,0,0,1,,,,,,使わない,,"5,000円以上 10,000円未満",,,,,,,,,,,1,4,,,,,,10,石川県在住,特になし,石川県立美術館,同意する,,,,,,,1978,,,,,,
石川,2026/02/21 19:54:56,東京都,女,1977,,500万円以上 600万円未満,親,1泊,石川県外には泊まらない,金沢エリア  （湯涌温泉、深谷温泉、犀川温泉など）,1泊,,,,,,,,,レンタカー,0,1,0,0,0,0,0,,0,0,0,0,4,近いので、効率よくレンタカー半日レンタルでまわれた。,,,初めて,"温泉や露天風呂, 地元の美味しいものを食べる, 名所、旧跡の観光",0,1,1,0,1,0,0,0,0,0,0,0,0,0,0,0,0,0,インターネット・アプリ,0,0,0,0,0,0,0,0,0,0,1,0,0,0,0,0,0,0,0,0,0,0,0,0,0,,,,,,"10,000円以上 20,000円未満",,"3,000円以上 5,000円未満",,,,,,,,,,,4,4,海鮮が立ち飲みで気楽に買えた。,たくさんお店があった。,,,,8,また行きたい（1年以内）,とても満足 浅野川周辺が素敵,兼六園,同意する,,金こん宮、白山ひめ神社,,,,,1977,,,,,,
石川,2026/02/21 20:35:52,岡山県,女,1959,,300万円以上 400万円未満,中学生以上連れの家族,2泊,石川県外には泊まらない,金沢エリア  （湯涌温泉、深谷温泉、犀川温泉など）,2泊,,,,,,,,,"新幹線, 在来線",0,0,1,1,0,0,0,,0,0,0,0,5,バスの便が沢山有ってバス停に立って居ると直ぐに目的地行きのバスに乗れるところ,,,6～10回目,"地元の美味しいものを食べる, 名所、旧跡の観光, テーマパーク（遊園地、動物園、博物館など）, 買い物、アウトレット, まちあるき、都市散策",0,0,1,0,1,1,1,0,0,0,1,0,0,0,0,0,0,0,"新聞・雑誌・ガイドブック, インターネット・アプリ",0,0,0,0,0,0,0,0,0,0,1,0,0,0,0,0,1,0,0,0,0,0,0,0,0,,,,,,"10,000円以上 20,000円未満",,"10,000円以上 20,000円未満",,,,,,,,,,,4,4,,,,,,9,機会があれば行きたい,いしかわ動物園,ガーデンホテル金沢,同意する,,,,,,,1959,,,,,,
石川,2026/02/21 21:24:08,東京都,女,1982,,"1,500万円以上",夫婦2人,2泊,石川県外には泊まらない,金沢エリア  （湯涌温泉、深谷温泉、犀川温泉など）,2泊,,,,,,,,,新幹線,0,0,1,0,0,0,0,,0,0,0,0,5,,,,初めて,"地元の美味しいものを食べる, 名所、旧跡の観光, まちあるき、都市散策",0,0,1,0,1,0,0,0,0,0,1,0,0,0,0,0,0,0,"新聞・雑誌・ガイドブック, インターネット・アプリ, Instagram",0,0,0,1,0,0,0,0,0,0,1,0,0,0,0,0,1,0,0,0,0,0,0,0,0,,,,,,"30,000円以上 40,000円未満",,"10,000円以上 20,000円未満",,,,,,,,,,,5,4,,,,,,10,また行きたい（1年以内）,のどぐろ、寿司,金沢中央観光案内所,同意する,,,,,,,1982,,,,,,
石川,2026/02/21 22:32:29,東京都,女,1999,,400万円以上 500万円未満,恋人,2泊,福井県,金沢エリア  （湯涌温泉、深谷温泉、犀川温泉など）,1泊,,,,,,,,,自家用車,1,0,0,0,0,0,0,,0,0,0,0,,,,,初めて,"地元の美味しいものを食べる, 花見や紅葉などの自然鑑賞, まちあるき、都市散策",0,0,1,1,0,0,0,0,0,0,1,0,0,0,0,0,0,0,友人・知人,0,0,0,0,0,0,0,0,0,0,0,0,0,0,0,0,0,0,1,0,0,0,0,0,0,,,,,,"5,000円以上 10,000円未満",,"3,000円以上 5,000円未満",,,,,,,,,,,5,4,,大浴場があること。,,,,9,また行きたい（1年以内）,海鮮が大変おいしかった。街も広々としていてよかった。 お寿司が美味しかった。,ダイワロイネットホテル金沢MIYABI,同意する,,,,金沢駅,,,1999,,,,,,
石川,2026/02/22 0:37:50,東京都,女,2007,,500万円以上 600万円未満,自分ひとり,4泊以上,富山県,金沢エリア  （湯涌温泉、深谷温泉、犀川温泉など）,1泊,,,,,,,,,"新幹線, 在来線",0,0,1,1,0,0,0,,0,0,0,0,4,,,,初めて,名所、旧跡の観光,0,0,0,0,1,0,0,0,0,0,0,0,0,0,0,0,0,0,"観光展・物産展, X(旧：Twitter)",0,0,0,0,0,1,0,0,0,0,0,0,0,0,0,0,0,0,0,0,0,0,1,0,0,,,,,,"3,000円以上 5,000円未満",,"5,000円以上 10,000円未満",,,,,,,,,,,5,4,,,,,,9,機会があれば行きたい,特になし,兼六園,同意する,,,,,,,2007,,,,,,
石川,2026/02/22 10:00:46,埼玉県,女,2001,,400万円以上 500万円未満,親,2泊,石川県外には泊まらない,金沢エリア  （湯涌温泉、深谷温泉、犀川温泉など）,2泊,,,,,,,,,"自家用車, 新幹線",1,0,1,0,0,0,0,,0,0,0,0,5,お散歩として最適でした,,,初めて,"地元の美味しいものを食べる, まちあるき、都市散策",0,0,1,0,0,0,0,0,0,0,1,0,0,0,0,0,0,0,"Instagram, TikTok",0,0,0,1,1,0,0,0,0,0,0,0,0,0,0,0,0,0,0,0,0,0,0,0,0,,,,,,"50,000円以上 100,000円未満",,"1,000円以上 3,000円未満",,,,,,,,,,,5,5,,梅の花が綺麗だった,,,,10,また行きたい（1年以内）,朝ごはんが食べられるカフェがもっと増えて欲しい(9時開店くらいの) 魚がすごく美味しい,兼六園,同意する,,,,,,,2001,,,,,,
石川,2026/02/22 10:20:43,富山県,男,1985,,500万円以上 600万円未満,夫婦2人,日帰り,富山県,石川県内には宿泊しない,石川県内には宿泊しない,,,,,,,,,自家用車,1,0,0,0,0,0,0,,0,0,0,0,,,,,2～5回目,"名所、旧跡の観光, 放鷹",0,0,0,0,1,0,0,0,0,0,0,0,0,0,0,0,0,0,インターネット・アプリ,0,0,0,0,0,0,0,0,0,0,1,0,0,0,0,0,0,0,0,0,0,0,0,0,0,,,,,,使わない,,使わない,,,,,,,,,,,5,5,鷹がかっこ良かった,きれいに整備されていた。,,,,10,また行きたい（1年以内）,生和菓子 鷹はかっこよい。,金沢城公園,同意する,,,,,,,1985,,,,,,
石川,2026/02/22 11:30:46,大阪府,女,1963,,200万円以上 300万円未満,中学生以上連れの家族,1泊,石川県外には泊まらない,金沢エリア  （湯涌温泉、深谷温泉、犀川温泉など）,1泊,,,,,,,,,新幹線,0,0,1,0,0,0,0,,0,0,0,0,4,,,,初めて,友達と会う,0,0,0,0,0,0,0,0,0,0,0,0,0,0,0,0,0,0,インターネット・アプリ,0,0,0,0,0,0,0,0,0,0,1,0,0,0,0,0,0,0,0,0,0,0,0,0,0,,,,,,"10,000円以上 20,000円未満",,"5,000円以上 10,000円未満",,,,,,,,,,,4,4,,,,,,5,また行きたい（1年以内）,和菓子が美味しい,ダイワロイネットホテル金沢MIYABI,同意する,,,,,,,1963,,,,,,
石川,2026/02/22 11:40:34,富山県,女,1978,,800万円以上 900万円未満,夫婦2人,日帰り,富山県,石川県内には宿泊しない,石川県内には宿泊しない,,,,,,,,,在来線,0,0,0,1,0,0,0,,0,0,0,0,5,国立工芸館へ来る時、ラグジュアリーバスに乗せてもらえて最高でした！,,,2～5回目,"地元の美味しいものを食べる, 名所、旧跡の観光",0,0,1,0,1,0,0,0,0,0,0,0,0,0,0,0,0,0,観光パンフレット・ポスター,0,0,0,0,0,0,0,0,0,0,0,0,0,0,0,0,0,0,0,0,1,0,0,0,0,,,,,,"20,000円以上 30,000円未満",,"1,000円以上 3,000円未満",,,,,,,,,,,5,5,施設が綺麗,,,,,10,また行きたい（1年以内）,特になし 観光名所がたくさんある,石川県立歴史博物館,同意する,,,,国立工芸館,,,1978,,,,,,
石川,2026/02/22 11:41:06,静岡県,女,1999,,400万円以上 500万円未満,友人,1泊,石川県外には泊まらない,金沢エリア  （湯涌温泉、深谷温泉、犀川温泉など）,1泊,,,,,,,,,在来線,0,0,0,1,0,0,0,,0,0,0,0,3,特になんとも思わなかったため,,,初めて,"宿でのんびり過ごす, 地元の美味しいものを食べる",1,0,1,0,0,0,0,0,0,0,0,0,0,0,0,0,0,0,Instagram,0,0,0,1,0,0,0,0,0,0,0,0,0,0,0,0,0,0,0,0,0,0,0,0,0,,,,,,"10,000円以上 20,000円未満",,使わない,,,,,,,,,,,5,4,,,,,,10,また行きたい（1年以内）,観光スポット,石川県立図書館,同意する,,,,,,,1999,,,,,,
石川,2026/02/22 11:41:24,石川県,女,1998,,700万円以上 800万円未満,友人,1泊,石川県外には泊まらない,金沢エリア  （湯涌温泉、深谷温泉、犀川温泉など）,1泊,,,,,,,,,県外から訪れていない（石川県内在住）,0,0,0,0,0,0,0,,0,0,0,0,,,,,2～5回目,"宿でのんびり過ごす, 地元の美味しいものを食べる, まちあるき、都市散策, 友人・親戚を訪ねる",1,0,1,0,0,0,0,0,0,0,1,0,0,0,0,0,0,0,友人・知人,0,0,0,0,0,0,0,0,0,0,0,0,0,0,0,0,0,0,1,0,0,0,0,0,0,,,,,,"20,000円以上 30,000円未満",,"1,000円未満",,,,,,,,,,,5,5,,,,,,10,また行きたい（1年以内）,食あり工芸あり最高！ありがとう石川！頑張れ能登！,石川県立図書館,同意する,,,,,,,1998,,,,,,
石川,2026/02/22 12:12:43,兵庫県,女,1981,,"900万円以上 1,000万円未満",中学生以上連れの家族,2泊,石川県外には泊まらない,金沢エリア  （湯涌温泉、深谷温泉、犀川温泉など）,2泊,,,,,,,,,"新幹線, 在来線",0,0,1,1,0,0,0,,0,0,0,0,5,安価で定期的に発着があり、便利。,,,初めて,"地元の美味しいものを食べる, 名所、旧跡の観光, まちあるき、都市散策",0,0,1,0,1,0,0,0,0,0,1,0,0,0,0,0,0,0,"観光パンフレット・ポスター, インターネット・アプリ",0,0,0,0,0,0,0,0,0,0,1,0,0,0,0,0,0,0,0,0,1,0,0,0,0,,,,,,"50,000円以上 100,000円未満",,"3,000円以上 5,000円未満",,,,,,,,,,,5,5,イベントがある。案内、休憩所など、適切な情報提供とサービスがある。,整備されており、案内がわかりやすい。,,,,10,また行きたい（1年以内）,アクティビティの情報提供と体験の機会をもっと増やしてほしい。 観光サービスか、充実している。,金沢城公園,同意する,,,,,,,1981,,,,,,
石川,2026/02/22 12:30:29,大阪府,女,1980,,700万円以上 800万円未満,夫婦2人,2泊,石川県外には泊まらない,金沢エリア  （湯涌温泉、深谷温泉、犀川温泉など）,2泊,,,,,,,,,"新幹線, 在来線",0,0,1,1,0,0,0,,0,0,0,0,5,新幹線が快適でした。,,,2～5回目,"宿でのんびり過ごす, 温泉や露天風呂, 地元の美味しいものを食べる, 名所、旧跡の観光, まちあるき、都市散策, 各種体験（手作り、果物狩りなど）",1,1,1,0,1,0,0,0,0,0,1,1,0,0,0,0,0,0,観光パンフレット・ポスター,0,0,0,0,0,0,0,0,0,0,0,0,0,0,0,0,0,0,0,0,1,0,0,0,0,,,,,,"50,000円以上 100,000円未満",,"3,000円以上 5,000円未満",,,,,,,,,,,5,4,金沢のお土産がたくさん選べたから。大きなひゃくまんさんもあって綺麗でした。,食事ができて、お土産も買えて、便利でした。,,,,10,また行きたい（1年以内）,お餅のお土産が好きです。 美術館や兼六園や、古い町並みなど、魅力的な観光地がいろいろあり、良かったです。伝統工芸の体験も選べるほどあり、楽しかったです。また来たいです。,金沢駅,同意する,,,,,,,1980,,,,,,
石川,2026/02/22 12:57:59,群馬県,女,1976,,700万円以上 800万円未満,夫婦2人,2泊,石川県外には泊まらない,加賀エリア （山代温泉、山中温泉、片山津温泉、粟津温泉、辰口温泉、加賀市、小松市など）,2泊,,,,,,,,,"新幹線, 在来線",0,0,1,1,0,0,0,,0,0,0,0,4,新幹線が混雑しすぎて指定席に途中まで座れなかった,,,初めて,"温泉や露天風呂, 地元の美味しいものを食べる, 名所、旧跡の観光, 買い物、アウトレット, まちあるき、都市散策",0,1,1,0,1,0,1,0,0,0,1,0,0,0,0,0,0,0,"新聞・雑誌・ガイドブック, 観光連盟やDMOのHP, インターネット・アプリ, 友人・知人, 観光協会等の案内所",0,0,0,0,0,0,0,0,0,0,1,0,0,0,0,0,1,0,1,0,0,1,0,1,0,,,,,,"10,000円以上 20,000円未満",,"1,000円以上 3,000円未満",,,,,,,,,,,5,4,めちゃめちゃ混んでてお目当てのお店に入れなかった,街並みが素敵だった,,,,10,また行きたい（1年以内）,お魚が新鮮でおいしかった！ 歴史に触れることも、街並みが素敵だったこともとても良かった,スーパーホテルPremier金沢駅東口,同意する,,,,,,,1976,,,,,,
石川,2026/02/22 13:06:26,富山県,女,1982,,800万円以上 900万円未満,友人,日帰り,富山県,石川県内には宿泊しない,石川県内には宿泊しない,,,,,,,,,自家用車,1,0,0,0,0,0,0,,0,0,0,0,,,,,11回目以上,名所、旧跡の観光,0,0,0,0,1,0,0,0,0,0,0,0,0,0,0,0,0,0,インターネット・アプリ,0,0,0,0,0,0,0,0,0,0,1,0,0,0,0,0,0,0,0,0,0,0,0,0,0,,,,,,使わない,,"3,000円以上 5,000円未満",,,,,,,,,,,4,4,昔ながらな様子,人が優しい,,,,8,また行きたい（1年以内）,なし 近いし魅力的,妙立寺,同意する,,,,,,,1982,,,,,,
石川,2026/02/22 13:07:43,東京都,女,1973,,800万円以上 900万円未満,夫婦2人,2泊,石川県外には泊まらない,金沢エリア  （湯涌温泉、深谷温泉、犀川温泉など）,2泊,,,,,,,,,新幹線,0,0,1,0,0,0,0,,0,0,0,0,,,,,2～5回目,"地元の美味しいものを食べる, 名所、旧跡の観光, 買い物、アウトレット, まちあるき、都市散策",0,0,1,0,1,0,1,0,0,0,1,0,0,0,0,0,0,0,"観光パンフレット・ポスター, インターネット・アプリ, 観光協会等の案内所",0,0,0,0,0,0,0,0,0,0,1,0,0,0,0,0,0,0,0,0,1,1,0,0,0,,,,,,"100,000円以上",,"10,000円以上 20,000円未満",,,,,,,,,,,5,5,,,,,,10,また行きたい（1年以内）,このままで充分です！,金沢駅,同意する,,,,,,,1973,,,,,,
石川,2026/02/22 13:46:46,神奈川県,女,2002,,300万円以上 400万円未満,友人,2泊,石川県外には泊まらない,金沢エリア  （湯涌温泉、深谷温泉、犀川温泉など）,2泊,,,,,,,,,新幹線,0,0,1,0,0,0,0,,0,0,0,0,,,,,6～10回目,地元の美味しいものを食べる,0,0,1,0,0,0,0,0,0,0,0,0,0,0,0,0,0,0,Instagram,0,0,0,1,0,0,0,0,0,0,0,0,0,0,0,0,0,0,0,0,0,0,0,0,0,,,,,,"5,000円以上 10,000円未満",,使わない,,,,,,,,,,,5,4,,,,,,5,また行きたい（1年以内）,特になし,ひがし茶屋休憩館,同意する,,,,,,,2002,,,,,,
石川,2026/02/22 13:47:01,東京都,女,2001,,300万円以上 400万円未満,友人,2泊,石川県外には泊まらない,金沢エリア  （湯涌温泉、深谷温泉、犀川温泉など）,2泊,,,,,,,,,新幹線,0,0,1,0,0,0,0,,0,0,0,0,,,,,2～5回目,"地元の美味しいものを食べる, まちあるき、都市散策",0,0,1,0,0,0,0,0,0,0,1,0,0,0,0,0,0,0,"観光展・物産展, Instagram",0,0,0,1,0,0,0,0,0,0,0,0,0,0,0,0,0,0,0,0,0,0,1,0,0,,,,,,"5,000円以上 10,000円未満",,"1,000円以上 3,000円未満",,,,,,,,,,,5,5,,,,,,9,機会があれば行きたい,特になし,ひがし茶屋休憩館,同意する,,,,,,,2001,,,,,,
石川,2026/02/22 13:47:30,東京都,女,2001,,200万円以上 300万円未満,友人,2泊,石川県外には泊まらない,金沢エリア  （湯涌温泉、深谷温泉、犀川温泉など）,2泊,,,,,,,,,新幹線,0,0,1,0,0,0,0,,0,0,0,0,,,,,初めて,地元の美味しいものを食べる,0,0,1,0,0,0,0,0,0,0,0,0,0,0,0,0,0,0,友人・知人,0,0,0,0,0,0,0,0,0,0,0,0,0,0,0,0,0,0,1,0,0,0,0,0,0,,,,,,"5,000円以上 10,000円未満",,"1,000円以上 3,000円未満",,,,,,,,,,,4,4,,,,,,8,機会があれば行きたい,特になし,ひがし茶屋休憩館,同意する,,,,,,,2001,,,,,,
石川,2026/02/22 14:00:47,新潟県,女,1976,,"1,500万円以上",小学生以下連れの家族,2泊,石川県外には泊まらない,加賀エリア （山代温泉、山中温泉、片山津温泉、粟津温泉、辰口温泉、加賀市、小松市など）,2泊,,,,,,,,,自家用車,1,0,0,0,0,0,0,,0,0,0,0,,,,,2～5回目,"温泉や露天風呂, テーマパーク（遊園地、動物園、博物館など）, 買い物、アウトレット",0,1,0,0,0,1,1,0,0,0,0,0,0,0,0,0,0,0,インターネット・アプリ,0,0,0,0,0,0,0,0,0,0,1,0,0,0,0,0,0,0,0,0,0,0,0,0,0,,,,,,"10,000円以上 20,000円未満",,"3,000円以上 5,000円未満",,,,,,,,,,,5,5,説明がうまかった。,,,,,10,また行きたい（1年以内）,プール,妙立寺,同意する,,手取フィッシュランド,,山中温泉,,,1976,,,,,,
石川,2026/02/22 14:24:02,静岡県,女,1975,,600万円以上 700万円未満,中学生以上連れの家族,4泊以上,石川県外には泊まらない,金沢エリア  （湯涌温泉、深谷温泉、犀川温泉など）,4泊以上,,,,,,,,,自家用車,1,0,0,0,0,0,0,,0,0,0,0,,,,,6～10回目,"宿でのんびり過ごす, 温泉や露天風呂, 地元の美味しいものを食べる, 名所、旧跡の観光, 買い物、アウトレット",1,1,1,0,1,0,1,0,0,0,0,0,0,0,0,0,0,0,"新聞・雑誌・ガイドブック, TV・ラジオ番組やCM, 観光パンフレット・ポスター, インターネット・アプリ, Instagram, ブログ, 友人・知人",0,0,0,1,0,0,0,0,1,0,1,0,0,0,1,0,1,0,1,0,1,0,0,0,0,,,,,,"50,000円以上 100,000円未満",,"3,000円以上 5,000円未満",,,,,,,,,,,5,5,清潔だった清潔だった,清潔だった,,,,10,また行きたい（1年以内）,特になし 金沢駅　お土産などの買い物が一気に済ませることができる,兼六駐車場,同意する,,,,,,,1975,,,,,,
石川,2026/02/22 15:14:41,東京都,女,1982,,"1,000万円以上 1,200万円未満",職場の同僚,1泊,石川県外には泊まらない,金沢エリア  （湯涌温泉、深谷温泉、犀川温泉など）,1泊,,,,,,,,,新幹線,0,0,1,0,0,0,0,,0,0,0,0,,,,,初めて,地元の美味しいものを食べる,0,0,1,0,0,0,0,0,0,0,0,0,0,0,0,0,0,0,インターネット・アプリ,0,0,0,0,0,0,0,0,0,0,1,0,0,0,0,0,0,0,0,0,0,0,0,0,0,,,,,,"50,000円以上 100,000円未満",,"50,000円以上 100,000円未満",,,,,,,,,,,5,4,,,,,,8,機会があれば行きたい,観光アプリの充実をお願いします,長町武家屋敷休憩館,同意する,,,,,,,1982,,,,,,
石川,2026/02/22 15:27:11,大阪府,女,2000,,300万円以上 400万円未満,恋人,日帰り,石川県外には泊まらない,石川県内には宿泊しない,石川県内には宿泊しない,,,,,,,,,"新幹線, 在来線",0,0,1,1,0,0,0,,0,0,0,0,2,,,,2～5回目,名所、旧跡の観光,0,0,0,0,1,0,0,0,0,0,0,0,0,0,0,0,0,0,観光パンフレット・ポスター,0,0,0,0,0,0,0,0,0,0,0,0,0,0,0,0,0,0,0,0,1,0,0,0,0,,,,,,使わない,,使わない,,,,,,,,,,,4,4,,,,,,7,機会があれば行きたい,海鮮,兼六園,同意する,,,,,,,2000,,,,,,
石川,2026/02/22 15:31:52,東京都,男,1973,,"1,500万円以上",小学生以下連れの家族,3泊,岐阜県,石川県内には宿泊しない,石川県内には宿泊しない,,,,,,,,,自家用車,1,0,0,0,0,0,0,,0,0,0,0,,,,,初めて,"地元の美味しいものを食べる, 名所、旧跡の観光",0,0,1,0,1,0,0,0,0,0,0,0,0,0,0,0,0,0,"新聞・雑誌・ガイドブック, TV・ラジオ番組やCM, インターネット・アプリ",0,0,0,0,0,0,0,0,0,0,1,0,0,0,1,0,1,0,0,0,0,0,0,0,0,,,,,,使わない,,"10,000円以上 20,000円未満",,,,,,,,,,,5,5,全てとても良かった。,全て良い,,,,9,機会があれば行きたい,美味しい海の幸 食べ物も美味しいし、体験も多いし、観るものも多い。,兼六駐車場,同意する,,,,,,,1973,,,,,,
石川,2026/02/22 16:16:02,静岡県,女,2000,,300万円以上 400万円未満,夫婦2人,2泊,石川県外には泊まらない,金沢エリア  （湯涌温泉、深谷温泉、犀川温泉など）,2泊,,,,,,,,,自家用車,1,0,0,0,0,0,0,,0,0,0,0,,,,,2～5回目,"地元の美味しいものを食べる, 名所、旧跡の観光",0,0,1,0,1,0,0,0,0,0,0,0,0,0,0,0,0,0,"観光展・物産展, 新聞・雑誌・ガイドブック, X(旧：Twitter), Instagram",0,0,0,1,0,1,0,0,0,0,0,0,0,0,0,0,1,0,0,0,0,0,1,0,0,,,,,,"30,000円以上 40,000円未満",,"3,000円以上 5,000円未満",,,,,,,,,,,5,5,,,,,,10,また行きたい（1年以内）,特になし,金沢中央観光案内所,同意する,,,,,,,2000,,,,,,
石川,2026/02/22 16:39:14,香川県,男,1969,,700万円以上 800万円未満,小学生以下連れの家族,1泊,石川県外には泊まらない,金沢エリア  （湯涌温泉、深谷温泉、犀川温泉など）,1泊,,,,,,,,,"新幹線, 在来線",0,0,1,1,0,0,0,,0,0,0,0,4,タクシーの運転手の案内が丁寧だった,,,初めて,"地元の美味しいものを食べる, 花見や紅葉などの自然鑑賞, 名所、旧跡の観光, まちあるき、都市散策",0,0,1,1,1,0,0,0,0,0,1,0,0,0,0,0,0,0,"新聞・雑誌・ガイドブック, インターネット・アプリ",0,0,0,0,0,0,0,0,0,0,1,0,0,0,0,0,1,0,0,0,0,0,0,0,0,,,,,,"30,000円以上 40,000円未満",,"100,000円以上",,,,,,,,,,,5,5,説明が丁寧,清潔,,,,8,機会があれば行きたい,品のよい対応,KKRホテル金沢,同意する,,,,,,,1969,,,,,,
石川,2026/02/22 17:06:28,広島県,女,1980,,"900万円以上 1,000万円未満",夫婦2人,2泊,石川県外には泊まらない,金沢エリア  （湯涌温泉、深谷温泉、犀川温泉など）,2泊,,,,,,,,,新幹線,0,0,1,0,0,0,0,,0,0,0,0,,,,,初めて,"地元の美味しいものを食べる, 名所、旧跡の観光, まちあるき、都市散策",0,0,1,0,1,0,0,0,0,0,1,0,0,0,0,0,0,0,観光連盟やDMOのHP,0,0,0,0,0,0,0,0,0,0,0,0,0,0,0,0,0,0,0,0,0,0,0,1,0,,,,,,"30,000円以上 40,000円未満",,使わない,,,,,,,,,,,4,4,情報がたくさん得られる,スペースが広くゆっくりできる,,,,9,機会があれば行きたい,特になし,金沢中央観光案内所,同意する,,,,食事に行くから,,,1980,,,,,,
石川,2026/02/22 17:11:46,岐阜県,女,1989,,700万円以上 800万円未満,夫婦2人,1泊,石川県外には泊まらない,金沢エリア  （湯涌温泉、深谷温泉、犀川温泉など）,1泊,,,,,,,,,自家用車,1,0,0,0,0,0,0,,0,0,0,0,,,,,初めて,地元の美味しいものを食べる,0,0,1,0,0,0,0,0,0,0,0,0,0,0,0,0,0,0,インターネット・アプリ,0,0,0,0,0,0,0,0,0,0,1,0,0,0,0,0,0,0,0,0,0,0,0,0,0,,,,,,"10,000円以上 20,000円未満",,"10,000円以上 20,000円未満",,,,,,,,,,,4,4,,,,,,5,機会があれば行きたい,特になし,ホテル・トリフィート金沢,同意する,,,,,,,1989,,,,,,
石川,2026/02/22 17:12:14,岐阜県,男,1997,,700万円以上 800万円未満,夫婦2人,1泊,石川県外には泊まらない,金沢エリア  （湯涌温泉、深谷温泉、犀川温泉など）,1泊,,,,,,,,,自家用車,1,0,0,0,0,0,0,,0,0,0,0,,,,,初めて,地元の美味しいものを食べる,0,0,1,0,0,0,0,0,0,0,0,0,0,0,0,0,0,0,"観光展・物産展, インターネット・アプリ, X(旧：Twitter), Instagram",0,0,0,1,0,1,0,0,0,0,1,0,0,0,0,0,0,0,0,0,0,0,1,0,0,,,,,,"10,000円以上 20,000円未満",,"10,000円以上 20,000円未満",,,,,,,,,,,4,4,,,,,,8,機会があれば行きたい,お土産でスイーツがあると嬉しい,ホテル・トリフィート金沢,同意する,,,,鮨　高森,,,1997,,,,,,
石川,2026/02/22 17:23:46,神奈川県,女,1989,,"1,500万円以上",友人,2泊,石川県外には泊まらない,金沢エリア  （湯涌温泉、深谷温泉、犀川温泉など）,3泊,,,,,,,,,新幹線,0,0,1,0,0,0,0,,0,0,0,0,4,,,,初めて,"地元の美味しいものを食べる, 花見や紅葉などの自然鑑賞, 名所、旧跡の観光, まちあるき、都市散策",0,0,1,1,1,0,0,0,0,0,1,0,0,0,0,0,0,0,友人・知人,0,0,0,0,0,0,0,0,0,0,0,0,0,0,0,0,0,0,1,0,0,0,0,0,0,,,,,,"50,000円以上 100,000円未満",,"40,000円以上 50,000円未満",,,,,,,,,,,5,5,,,,,,9,機会があれば行きたい,海鮮が特に美味しかった。街歩きをしても独特なデザインの建造物も多く楽しかった。,KKRホテル金沢,同意する,,,,,,,1989,,,,,,
石川,2026/02/22 17:26:52,神奈川県,女,1993,,700万円以上 800万円未満,職場の同僚,2泊,石川県外には泊まらない,金沢エリア  （湯涌温泉、深谷温泉、犀川温泉など）,3泊,,,,,,,,,新幹線,0,0,1,0,0,0,0,,0,0,0,0,3,駅や観光施設から近くさほど遠くないため(シャトルバスの本数が多いとより嬉しいです),,,2～5回目,"地元の美味しいものを食べる, 名所、旧跡の観光, 買い物、アウトレット, お祭りやイベントへの参加・見物",0,0,1,0,1,0,1,1,0,0,0,0,0,0,0,0,0,0,"インターネット・アプリ, Instagram, ブログ, 友人・知人",0,0,0,1,0,0,0,0,1,0,1,0,0,0,0,0,0,0,1,0,0,0,0,0,0,,,,,,"50,000円以上 100,000円未満",,"50,000円以上 100,000円未満",,,,,,,,,,,5,3,ウェルカムドリンクがコーヒーしかなくて残念、大浴場がなくて残念、アメニティーバーやショップがあるのは嬉しい,上記の通り嬉しい部分と残念な部分があるため決められないです。ご飯は美味しくスタッフの方は親切でした,,,,8,また行きたい（1年以内）,地元の方おすすめのお店をホテル内で案内してくださる資料やサービスがあると嬉しいと思った(観光地価格の場所も多い、、) 食の宝庫！,KKRホテル金沢,同意する,,石川県立図書館,,,,,1993,,,,,,
石川,2026/02/22 18:09:11,東京都,女,1999,,500万円以上 600万円未満,友人,2泊,石川県外には泊まらない,金沢エリア  （湯涌温泉、深谷温泉、犀川温泉など）,2泊,,,,,,,,,新幹線,0,0,1,0,0,0,0,,0,0,0,0,4,遠いところも行けるから。,,,初めて,"地元の美味しいものを食べる, 名所、旧跡の観光, テーマパーク（遊園地、動物園、博物館など）, 買い物、アウトレット, まちあるき、都市散策, 友人・親戚を訪ねる",0,0,1,0,1,1,1,0,0,0,1,0,0,0,0,0,0,0,"インターネット・アプリ, 友人・知人",0,0,0,0,0,0,0,0,0,0,1,0,0,0,0,0,0,0,1,0,0,0,0,0,0,,,,,,"10,000円以上 20,000円未満",,"1,000円以上 3,000円未満",,,,,,,,,,,5,3,,,,,,9,機会があれば行きたい,美味しいご飯情報を入手したい。知的欲求が満たされるコンテンツがあれば参加したい。 おすしが美味しかった。観光地がまとまっていて旅行しやすい。,兼六駐車場,同意する,,宇宙科学博物館 コスモアイル羽咋,,宿泊地,,,1999,,,,,,
石川,2026/02/22 19:30:05,東京都,女,1971,,600万円以上 700万円未満,中学生以上連れの家族,2泊,石川県外には泊まらない,金沢エリア  （湯涌温泉、深谷温泉、犀川温泉など）,2泊,,,,,,,,,新幹線,0,0,1,0,0,0,0,,0,0,0,0,4,バスの本数が少ない,,,初めて,"地元の美味しいものを食べる, 名所、旧跡の観光, まちあるき、都市散策",0,0,1,0,1,0,0,0,0,0,1,0,0,0,0,0,0,0,"観光展・物産展, 観光パンフレット・ポスター",0,0,0,0,0,0,0,0,0,0,0,0,0,0,0,0,0,0,0,0,1,0,1,0,0,,,,,,"10,000円以上 20,000円未満",,"5,000円以上 10,000円未満",,,,,,,,,,,5,3,,,,,,5,機会があれば行きたい,特になし,兼六駐車場,同意する,,,,,,,1971,,,,,,
石川,2026/02/22 19:41:09,千葉県,男,1959,,400万円以上 500万円未満,自分ひとり,1泊,富山県,金沢エリア  （湯涌温泉、深谷温泉、犀川温泉など）,1泊,,,,,,,,,自家用車,1,0,0,0,0,0,0,,0,0,0,0,,,,,初めて,"宿でのんびり過ごす, 地元の美味しいものを食べる",1,0,1,0,0,0,0,0,0,0,0,0,0,0,0,0,0,0,"インターネット・アプリ, KKR年金だより",0,0,0,0,0,0,0,0,0,0,1,0,0,0,0,0,0,0,0,0,0,0,0,0,0,,,,,,"10,000円以上 20,000円未満",,"10,000円以上 20,000円未満",,,,,,,,,,,4,5,手頃な価格で新鮮な加賀懐石料理を食べることができたから。,①観光名所が近くて便利。②夕食が最高‼️,,,,10,また行きたい（1年以内）,特になし 加賀懐石料理と料理の器。,KKRホテル金沢,同意する,,,,湯涌温泉,,,1959,,,,,,
石川,2026/02/22 21:12:48,大阪府,女,1980,,600万円以上 700万円未満,夫婦2人,2泊,石川県外には泊まらない,金沢エリア  （湯涌温泉、深谷温泉、犀川温泉など）,2泊,,,,,,,,,新幹線,0,0,1,0,0,0,0,,0,0,0,0,5,快適でした,,,2～5回目,地元の美味しいものを食べる,0,0,1,0,0,0,0,0,0,0,0,0,0,0,0,0,0,0,観光パンフレット・ポスター,0,0,0,0,0,0,0,0,0,0,0,0,0,0,0,0,0,0,0,0,1,0,0,0,0,,,,,,"10,000円以上 20,000円未満",,"1,000円未満",,,,,,,,,,,5,5,,,,,,10,機会があれば行きたい,グルメ おいしいものがたくさんある。,金沢中央観光案内所,同意する,,,,,,,1980,,,,,,
石川,2026/02/22 23:35:13,神奈川県,女,1999,,"900万円以上 1,000万円未満",中学生以上連れの家族,4泊以上,石川県外には泊まらない,金沢エリア  （湯涌温泉、深谷温泉、犀川温泉など）,4泊以上,,,,,,,,,新幹線,0,0,1,0,0,0,0,,0,0,0,0,5,街並みなどを見ながら神社まで伺えて、とても良かったから。,,,初めて,"宿でのんびり過ごす, 温泉や露天風呂, 地元の美味しいものを食べる, まちあるき、都市散策",1,1,1,0,0,0,0,0,0,0,1,0,0,0,0,0,0,0,"インターネット・アプリ, X(旧：Twitter), Instagram, 友人・知人, タクシードライバーや地元の人",0,0,0,1,0,1,0,0,0,0,1,0,0,0,0,0,0,0,1,1,0,0,0,0,0,,,,,,"100,000円以上",,"1,000円未満",,,,,,,,,,,5,5,他の神社にはない建物の造形や、像が見られたから。,特に不便を感じることなく過ごせたから。,,,,6,機会があれば行きたい,求めている以上のものがあったのでとくに希望ありませんが、地元や近隣のお野菜やお魚、お肉を引き続き美味しく食べられる環境が続くとうれしいかぎりです。 食をメインにいつも旅をしているので、何を食べても美味しく、雑貨など自分へや知人へのお土産もとても素敵なものが揃っていて、とても楽しく過ごせたから。,尾山神社,同意する,,宿から直接行きました,,,,,1999,,,,,,
石川,2026/02/23 7:18:39,東京都,女,1974,,600万円以上 700万円未満,自分ひとり,2泊,石川県外には泊まらない,金沢エリア  （湯涌温泉、深谷温泉、犀川温泉など）,2泊,,,,,,,,,飛行機,0,0,0,0,1,0,0,,0,0,0,0,4,本数が少ない,,,初めて,名所、旧跡の観光,0,0,0,0,1,0,0,0,0,0,0,0,0,0,0,0,0,0,インターネット・アプリ,0,0,0,0,0,0,0,0,0,0,1,0,0,0,0,0,0,0,0,0,0,0,0,0,0,,,,,,"10,000円以上 20,000円未満",,"5,000円以上 10,000円未満",,,,,,,,,,,4,4,宿泊費安い,駅から近い,,,,6,また行きたい（1年以内）,特にない 食事が美味しい,ガーデンホテル金沢,同意する,,のとじま水族館,,,,,1974,,,,,,
石川,2026/02/23 7:51:16,富山県,男,1994,,"1,000万円以上 1,200万円未満",小学生以下連れの家族,1泊,石川県外には泊まらない,金沢エリア  （湯涌温泉、深谷温泉、犀川温泉など）,1泊,,,,,,,,,自家用車,1,0,0,0,0,0,0,,0,0,0,0,,,,,初めて,スポーツ観戦や芸術鑑賞（コンサート等）,0,0,0,0,0,0,0,0,0,0,0,0,0,0,0,0,0,0,インターネット・アプリ,0,0,0,0,0,0,0,0,0,0,1,0,0,0,0,0,0,0,0,0,0,0,0,0,0,,,,,,"20,000円以上 30,000円未満",,"10,000円以上 20,000円未満",,,,,,,,,,,5,5,朝食が充実していた。部屋が畳で、小さい子供でもとても過ごしやすかった。部屋にリファがあった。部屋のコンセントがとても使いやすい数、使いやすい場所だった。大浴場があって気持ちよかった。女風呂の脱衣所にクレンジングなどのアメニティが充実していた。,朝食が充実していた。部屋が畳で、小さい子供でもとても過ごしやすかった。部屋にリファがあった。部屋のコンセントがとても使いやすい数、使いやすい場所だった。大浴場があって気持ちよかった。女風呂の脱衣所にクレンジングなどのアメニティが充実していた。,,,,10,また行きたい（1年以内）,金沢百番街のお土産が充実していて素晴らしいと思う。いいなと思うものがすぐに見つかり、スムーズに買い物できた。 おかあさんといっしょファミリーコンサート,ホテル・トリフィート金沢,同意する,,本多の森北電ホール,,金沢百番街,,,1994,,,,,,
石川,2026/02/23 10:03:21,愛知県,男,1985,,200万円以上 300万円未満,小学生以下連れの家族,2泊,石川県外には泊まらない,金沢エリア  （湯涌温泉、深谷温泉、犀川温泉など）,2泊,,,,,,,,,自家用車,1,0,0,0,0,0,0,,0,0,0,0,5,,,,初めて,スポーツ観戦や芸術鑑賞（コンサート等）,0,0,0,0,0,0,0,0,0,0,0,0,0,0,0,0,0,0,インターネット・アプリ,0,0,0,0,0,0,0,0,0,0,1,0,0,0,0,0,0,0,0,0,0,0,0,0,0,,,,,,"30,000円以上 40,000円未満",,"3,000円以上 5,000円未満",,,,,,,,,,,5,4,,,,,,9,機会があれば行きたい,おいしいお菓子,ARIGATO STAY KANAZAWA,同意する,,,,,,,1985,,,,,,
石川,2026/02/23 10:07:36,東京都,女,1984,,"1,200万円以上 1,500万円未満",小学生以下連れの家族,2泊,石川県外には泊まらない,金沢エリア  （湯涌温泉、深谷温泉、犀川温泉など）,2泊,,,,,,,,,新幹線,0,0,1,0,0,0,0,,0,0,0,0,1,バスの運転手の方の態度が悪くて驚いた。,,,初めて,"地元の美味しいものを食べる, 名所、旧跡の観光",0,0,1,0,1,0,0,0,0,0,0,0,0,0,0,0,0,0,"インターネット・アプリ, Instagram",0,0,0,1,0,0,0,0,0,0,1,0,0,0,0,0,0,0,0,0,0,0,0,0,0,,,,,,"20,000円以上 30,000円未満",,使わない,,,,,,,,,,,4,5,あまりに綺麗で驚いたから。,家族のニーズにマッチしたから。,,,,10,あまり行きたいと思わない,期待していたものとは異なった。 街並み,石川県立図書館,同意する,,,,,,,1984,,,,,,
石川,2026/02/23 10:10:13,兵庫県,女,1975,,"900万円以上 1,000万円未満",夫婦2人,1泊,石川県外には泊まらない,金沢エリア  （湯涌温泉、深谷温泉、犀川温泉など）,1泊,,,,,,,,,自家用車,1,0,0,0,0,0,0,,0,0,0,0,,,,,初めて,"地元の美味しいものを食べる, 名所、旧跡の観光",0,0,1,0,1,0,0,0,0,0,0,0,0,0,0,0,0,0,"TV・ラジオ番組やCM, インターネット・アプリ",0,0,0,0,0,0,0,0,0,0,1,0,0,0,1,0,0,0,0,0,0,0,0,0,0,,,,,,"20,000円以上 30,000円未満",,"1,000円以上 3,000円未満",,,,,,,,,,,5,5,,,,,,8,機会があれば行きたい,今のままで良い 歴史的建造物と近代的建造物,石川県立図書館,同意する,,,,,,,1975,,,,,,
石川,2026/02/23 10:11:11,東京都,女,1984,,800万円以上 900万円未満,小学生以下連れの家族,1泊,石川県外には泊まらない,金沢エリア  （湯涌温泉、深谷温泉、犀川温泉など）,1泊,,,,,,,,,新幹線,0,0,1,0,0,0,0,,0,0,0,0,3,徒歩では少し遠い,,,2～5回目,"名所、旧跡の観光, 各種体験（手作り、果物狩りなど）",0,0,0,0,1,0,0,0,0,0,0,1,0,0,0,0,0,0,インターネット・アプリ,0,0,0,0,0,0,0,0,0,0,1,0,0,0,0,0,0,0,0,0,0,0,0,0,0,,,,,,"20,000円以上 30,000円未満",,使わない,,,,,,,,,,,4,5,,,,,,8,機会があれば行きたい,ちいさめのこどもも出来る金箔貼り体験,金沢城公園,同意する,,,,,,,1984,,,,,,
石川,2026/02/23 10:21:03,東京都,女,1976,,600万円以上 700万円未満,友人,1泊,石川県外には泊まらない,加賀エリア （山代温泉、山中温泉、片山津温泉、粟津温泉、辰口温泉、加賀市、小松市など）,1泊,,,,,,,,,新幹線,0,0,1,0,0,0,0,,0,0,0,0,,,,,6～10回目,"まちあるき、都市散策, 友人・親戚を訪ねる",0,0,0,0,0,0,0,0,0,0,1,0,0,0,0,0,0,0,インターネット・アプリ,0,0,0,0,0,0,0,0,0,0,1,0,0,0,0,0,0,0,0,0,0,0,0,0,0,,,,,,"30,000円以上 40,000円未満",,"3,000円以上 5,000円未満",,,,,,,,,,,4,5,,,,,,8,また行きたい（1年以内）,自由に選べる　体験型,石川県立図書館,同意する,,最初,,,,,1976,,,,,,
石川,2026/02/23 10:21:29,兵庫県,男,1976,,"1,000万円以上 1,200万円未満",夫婦2人,1泊,石川県外には泊まらない,金沢エリア  （湯涌温泉、深谷温泉、犀川温泉など）,1泊,,,,,,,,,自家用車,1,0,0,0,0,0,0,,0,0,0,0,,,,,初めて,"名所、旧跡の観光, テーマパーク（遊園地、動物園、博物館など）",0,0,0,0,1,1,0,0,0,0,0,0,0,0,0,0,0,0,"TV・ラジオ番組やCM, 友人・知人",0,0,0,0,0,0,0,0,0,0,0,0,0,0,1,0,0,0,1,0,0,0,0,0,0,,,,,,"10,000円以上 20,000円未満",,"1,000円以上 3,000円未満",,,,,,,,,,,4,3,トートバッグの作りがしっかりしてる、ただし値段の割にシンプルすぎます。機能的使いができるように小さな内ポケットがほしいですね。,読みたい本が貸し出し中で読めなかった。,,,,3,機会があれば行きたい,お土産は先方に渡すために日にちを要すことがありますが、賞味期限がとても長いと、こちらも先方も健康面や心理面で心地良さが低減されます。適度な賞味期限内のメインお土産は魅力がありますので企画をお願いします。 芸術文化施設が多く感じられた。都会的なギスギスした雑踏感が少なく住みやすそう。,石川県立図書館,同意する,,,,金沢駅,,,1976,,,,,,
石川,2026/02/23 10:43:20,群馬県,女,1971,,"1,000万円以上 1,200万円未満",中学生以上連れの家族,2泊,石川県外には泊まらない,金沢エリア  （湯涌温泉、深谷温泉、犀川温泉など）,2泊,,,,,,,,,"新幹線, 在来線",0,0,1,1,0,0,0,,0,0,0,0,,,,,2～5回目,"地元の美味しいものを食べる, 名所、旧跡の観光, 買い物、アウトレット",0,0,1,0,1,0,1,0,0,0,0,0,0,0,0,0,0,0,インターネット・アプリ,0,0,0,0,0,0,0,0,0,0,1,0,0,0,0,0,0,0,0,0,0,0,0,0,0,,,,,,"100,000円以上",,"30,000円以上 40,000円未満",,,,,,,,,,,5,5,金箔体験がわかりやすかったから,一箇所で買い物と体験ができるから,,,,10,また行きたい（1年以内）,喫茶店が多いので喫茶店MAPが欲しいです 新幹線ですぐに来られるから,石川県観光物産館,同意する,,,,,,,1971,,,,,,
石川,2026/02/23 10:43:36,群馬県,女,1971,,"1,000万円以上 1,200万円未満",中学生以上連れの家族,2泊,石川県外には泊まらない,金沢エリア  （湯涌温泉、深谷温泉、犀川温泉など）,2泊,,,,,,,,,"新幹線, 在来線",0,0,1,1,0,0,0,,0,0,0,0,,,,,2～5回目,"地元の美味しいものを食べる, 名所、旧跡の観光, 買い物、アウトレット",0,0,1,0,1,0,1,0,0,0,0,0,0,0,0,0,0,0,インターネット・アプリ,0,0,0,0,0,0,0,0,0,0,1,0,0,0,0,0,0,0,0,0,0,0,0,0,0,,,,,,"100,000円以上",,"30,000円以上 40,000円未満",,,,,,,,,,,5,5,金箔体験がわかりやすかったから,一箇所で買い物と体験ができるから,,,,10,また行きたい（1年以内）,喫茶店が多いので喫茶店MAPが欲しいです 新幹線ですぐに来られるから,石川県観光物産館,同意する,,,,,,,1971,,,,,,
石川,2026/02/23 11:57:09,兵庫県,男,1960,,400万円以上 500万円未満,夫婦2人,日帰り,石川県外には泊まらない,石川県内には宿泊しない,石川県内には宿泊しない,,,,,,,,,"新幹線, 在来線",0,0,1,1,0,0,0,,0,0,0,0,5,近くにバス停があるから,,,2～5回目,"地元の美味しいものを食べる, 名所、旧跡の観光",0,0,1,0,1,0,0,0,0,0,0,0,0,0,0,0,0,0,インターネット・アプリ,0,0,0,0,0,0,0,0,0,0,1,0,0,0,0,0,0,0,0,0,0,0,0,0,0,,,,,,"3,000円以上 5,000円未満",,"1,000円以上 3,000円未満",,,,,,,,,,,4,3,,,,,,8,また行きたい（1年以内）,能登の海産物,金沢中央観光案内所,同意する,,,,,,,1960,,,,,,
石川,2026/02/23 11:58:44,兵庫県,女,1964,,300万円以上 400万円未満,夫婦2人,日帰り,石川県外には泊まらない,石川県内には宿泊しない,石川県内には宿泊しない,,,,,,,,,"新幹線, 在来線",0,0,1,1,0,0,0,,0,0,0,0,5,快適でした,,,2～5回目,"地元の美味しいものを食べる, 名所、旧跡の観光",0,0,1,0,1,0,0,0,0,0,0,0,0,0,0,0,0,0,"TV・ラジオ番組やCM, 友人・知人, 観光協会等の案内所",0,0,0,0,0,0,0,0,0,0,0,0,0,0,1,0,0,0,1,0,0,1,0,0,0,,,,,,使わない,,使わない,,,,,,,,,,,5,4,Wi-Fiがあったから,ゆっくり座って次の予定を立てれたから,,,,6,機会があれば行きたい,とくにありません 金沢城が意外と良かったです,金沢中央観光案内所,同意する,,,,にし茶屋町,,,1964,,,,,,
石川,2026/02/23 12:32:24,愛知県,男,1997,,"1,000万円以上 1,200万円未満",友人,2泊,富山県,金沢エリア  （湯涌温泉、深谷温泉、犀川温泉など）,1泊,,,,,,,,,自家用車,1,0,0,0,0,0,0,,0,0,0,0,,,,,2～5回目,"宿でのんびり過ごす, 温泉や露天風呂, 地元の美味しいものを食べる, 買い物、アウトレット",1,1,1,0,0,0,1,0,0,0,0,0,0,0,0,0,0,0,"Instagram, 友人・知人",0,0,0,1,0,0,0,0,0,0,0,0,0,0,0,0,0,0,1,0,0,0,0,0,0,,,,,,"5,000円以上 10,000円未満",,"1,000円未満",,,,,,,,,,,5,5,,,,,,9,また行きたい（1年以内）,特になし！最高です！,兼六駐車場,同意する,,,,,,,1997,,,,,,
石川,2026/02/23 13:17:27,石川県,女,1978,,"1,000万円以上 1,200万円未満",小学生以下連れの家族,日帰り,石川県外には泊まらない,石川県内には宿泊しない,石川県内には宿泊しない,,,,,,,,,自家用車,1,0,0,0,0,0,0,,0,0,0,0,,,,,2～5回目,ゴジラ博,0,0,0,0,0,0,0,0,0,0,0,0,0,0,0,0,0,0,TV・ラジオ番組やCM,0,0,0,0,0,0,0,0,0,0,0,0,0,0,1,0,0,0,0,0,0,0,0,0,0,,,,,,使わない,,"3,000円以上 5,000円未満",,,,,,,,,,,3,4,きれい,,,,,5,石川県在住,子供が喜ぶスポットがもっとあると良い,石川県立歴史博物館,同意する,,,,,,,1978,,,,,,
石川,2026/02/23 13:22:47,東京都,女,1977,,"1,500万円以上",小学生以下連れの家族,2泊,石川県外には泊まらない,金沢エリア  （湯涌温泉、深谷温泉、犀川温泉など）,2泊,,,,,,,,,"新幹線, 在来線",0,0,1,1,0,0,0,,0,0,0,0,,,,,2～5回目,"地元の美味しいものを食べる, 名所、旧跡の観光",0,0,1,0,1,0,0,0,0,0,0,0,0,0,0,0,0,0,"インターネット・アプリ, X(旧：Twitter)",0,0,0,0,0,1,0,0,0,0,1,0,0,0,0,0,0,0,0,0,0,0,0,0,0,,,,,,"20,000円以上 30,000円未満",,"3,000円以上 5,000円未満",,,,,,,,,,,4,4,スタバで休憩、お弁当美味しい,仕方がないですが混んでいる！,,,,5,機会があれば行きたい,海鮮を食べる　体験 海鮮が美味しい,金沢駅,同意する,,,,,,,1977,,,,,,
石川,2026/02/23 13:22:54,埼玉県,男,1981,,400万円以上 500万円未満,中学生以上連れの家族,1泊,石川県外には泊まらない,金沢エリア  （湯涌温泉、深谷温泉、犀川温泉など）,1泊,,,,,,,,,新幹線,0,0,1,0,0,0,0,,0,0,0,0,4,タクシーがどこでも捕まる,,,2～5回目,"地元の美味しいものを食べる, 名所、旧跡の観光",0,0,1,0,1,0,0,0,0,0,0,0,0,0,0,0,0,0,インターネット・アプリ,0,0,0,0,0,0,0,0,0,0,1,0,0,0,0,0,0,0,0,0,0,0,0,0,0,,,,,,"40,000円以上 50,000円未満",,"5,000円以上 10,000円未満",,,,,,,,,,,4,4,,やはり庭はキレイ。,,,,7,機会があれば行きたい,観光地価格になってるので、もう少し安く提供してくれると助かる。,長町武家屋敷休憩館,同意する,,,,,,,1981,,,,,,
石川,2026/02/23 13:30:18,石川県,女,1981,,200万円以上 300万円未満,小学生以下連れの家族,日帰り,石川県外には泊まらない,石川県内には宿泊しない,石川県内には宿泊しない,,,,,,,,,県外から訪れていない（石川県内在住）,0,0,0,0,0,0,0,,0,0,0,0,,,,,2～5回目,テーマパーク（遊園地、動物園、博物館など）,0,0,0,0,0,1,0,0,0,0,0,0,0,0,0,0,0,0,インターネット・アプリ,0,0,0,0,0,0,0,0,0,0,1,0,0,0,0,0,0,0,0,0,0,0,0,0,0,,,,,,使わない,,"1,000円未満",,,,,,,,,,,4,4,,,,,,8,石川県在住,特になし,夢ミルク館（ホリ牧場）,同意する,,,,,,,1981,,,,,,
石川,2026/02/23 13:32:36,東京都,男,2001,,"1,500万円以上",自分ひとり,2泊,石川県外には泊まらない,加賀エリア （山代温泉、山中温泉、片山津温泉、粟津温泉、辰口温泉、加賀市、小松市など）,1泊,,,,,,,,,"新幹線, 在来線",0,0,1,1,0,0,0,,0,0,0,0,,,,,初めて,"地元の美味しいものを食べる, 買い物、アウトレット, まちあるき、都市散策",0,0,1,0,0,0,1,0,0,0,1,0,0,0,0,0,0,0,Instagram,0,0,0,1,0,0,0,0,0,0,0,0,0,0,0,0,0,0,0,0,0,0,0,0,0,,,,,,"10,000円以上 20,000円未満",,"1,000円未満",,,,,,,,,,,4,5,,,,,,10,また行きたい（1年以内）,特になし 小松めっちゃいい,石川県立図書館,同意する,,,,,,,2001,,,,,,
石川,2026/02/23 14:03:06,千葉県,男,1994,,400万円以上 500万円未満,中学生以上連れの家族,2泊,福井県,石川県内には宿泊しない,石川県内には宿泊しない,,,,,,,,,新幹線,0,0,1,0,0,0,0,,0,0,0,0,4,,,,2～5回目,"地元の美味しいものを食べる, 名所、旧跡の観光",0,0,1,0,1,0,0,0,0,0,0,0,0,0,0,0,0,0,"インターネット・アプリ, Instagram",0,0,0,1,0,0,0,0,0,0,1,0,0,0,0,0,0,0,0,0,0,0,0,0,0,,,,,,使わない,,"1,000円未満",,,,,,,,,,,5,4,,,,,,8,また行きたい（1年以内）,特に無し,兼六駐車場,同意する,,イキイキ魚市場,,,,,1994,,,,,,
石川,2026/02/23 14:11:12,石川県,男,1982,,"1,200万円以上 1,500万円未満",夫婦2人,日帰り,石川県外には泊まらない,石川県内には宿泊しない,石川県内には宿泊しない,,,,,,,,,県外から訪れていない（石川県内在住）,0,0,0,0,0,0,0,,0,0,0,0,,,,,2～5回目,地元の美味しいものを食べる,0,0,1,0,0,0,0,0,0,0,0,0,0,0,0,0,0,0,新聞・雑誌・ガイドブック,0,0,0,0,0,0,0,0,0,0,0,0,0,0,0,0,1,0,0,0,0,0,0,0,0,,,,,,使わない,,"1,000円未満",,,,,,,,,,,4,5,,,,,,9,石川県在住,ミャクミャクの人気があるうちにコラボして、「能登のお土産買って！買って！！」キャンペーンでもやってほしい。,夢ミルク館（ホリ牧場）,同意する,,,,,,,1982,,,,,,
石川,2026/02/23 14:41:07,東京都,女,1963,,100万円未満,友人,2泊,石川県外には泊まらない,金沢エリア  （湯涌温泉、深谷温泉、犀川温泉など）,2泊,,,,,,,,,新幹線,0,0,1,0,0,0,0,,0,0,0,0,4,バスの本数が多い,,,6～10回目,"地元の美味しいものを食べる, まちあるき、都市散策",0,0,1,0,0,0,0,0,0,0,1,0,0,0,0,0,0,0,友人・知人,0,0,0,0,0,0,0,0,0,0,0,0,0,0,0,0,0,0,1,0,0,0,0,0,0,,,,,,"40,000円以上 50,000円未満",,"5,000円以上 10,000円未満",,,,,,,,,,,5,4,,,,,,1,また行きたい（1年以内）,食事と観光,尾山神社,同意する,,,,,,,1963,,,,,,
石川,2026/02/23 15:22:09,東京都,男,1972,,500万円以上 600万円未満,恋人,2泊,石川県外には泊まらない,金沢エリア  （湯涌温泉、深谷温泉、犀川温泉など）,2泊,,,,,,,,,新幹線,0,0,1,0,0,0,0,,0,0,0,0,3,全国交通系icカードが使えない,,,初めて,"地元の美味しいものを食べる, 名所、旧跡の観光, まちあるき、都市散策",0,0,1,0,1,0,0,0,0,0,1,0,0,0,0,0,0,0,"観光パンフレット・ポスター, インターネット・アプリ, 観光協会等の案内所",0,0,0,0,0,0,0,0,0,0,1,0,0,0,0,0,0,0,0,0,1,1,0,0,0,,,,,,"10,000円以上 20,000円未満",,"1,000円未満",,,,,,,,,,,4,5,施設設備、建築、蔵書、空間の素晴らしさ,建物が芸術的,,,,8,機会があれば行きたい,香林坊の飲食街での夕食は、金沢名物を売りにしている店は、予約しないとどこも入らないのは、減点ポイントでした。 金沢兼六園周辺の文化施設と街並み,石川県立図書館,同意する,,,,県立図書館,,,1972,,,,,,
石川,2026/02/23 16:30:09,神奈川県,男,1977,,800万円以上 900万円未満,小学生以下連れの家族,1泊,石川県外には泊まらない,金沢エリア  （湯涌温泉、深谷温泉、犀川温泉など）,1泊,,,,,,,,,新幹線,0,0,1,0,0,0,0,,0,0,0,0,4,バスの便数がもう少しだけ多いとよいと思いますが、種類が多く助かりました。,,,2～5回目,地元の美味しいものを食べる,0,0,1,0,0,0,0,0,0,0,0,0,0,0,0,0,0,0,新聞・雑誌・ガイドブック,0,0,0,0,0,0,0,0,0,0,0,0,0,0,0,0,1,0,0,0,0,0,0,0,0,,,,,,"10,000円以上 20,000円未満",,"5,000円以上 10,000円未満",,,,,,,,,,,5,4,体験が楽しめた。,特になし。,,,,7,機会があれば行きたい,蟹料理 混雑具合,スーパーホテルPremier金沢駅東口,同意する,,,,観光物産館,,,1977,,,,,,
石川,2026/02/23 16:32:22,愛知県,男,1979,,"1,000万円以上 1,200万円未満",友人,1泊,石川県外には泊まらない,金沢エリア  （湯涌温泉、深谷温泉、犀川温泉など）,1泊,,,,,,,,,在来線,0,0,0,1,0,0,0,,0,0,0,0,4,身体の負担が少ない,,,初めて,"花見や紅葉などの自然鑑賞, 名所、旧跡の観光",0,0,0,1,1,0,0,0,0,0,0,0,0,0,0,0,0,0,"観光展・物産展, インターネット・アプリ",0,0,0,0,0,0,0,0,0,0,1,0,0,0,0,0,0,0,0,0,0,0,1,0,0,,,,,,"20,000円以上 30,000円未満",,"10,000円以上 20,000円未満",,,,,,,,,,,5,5,,,,,,8,機会があれば行きたい,市内のツアーバスが欲しい,金沢駅,同意する,,,,,,,1979,,,,,,
石川,2026/02/23 17:12:00,石川県,女,1994,,"900万円以上 1,000万円未満",小学生以下連れの家族,日帰り,石川県外には泊まらない,石川県内には宿泊しない,石川県内には宿泊しない,,,,,,,,,自家用車,1,0,0,0,0,0,0,,0,0,0,0,5,,,,初めて,まちあるき、都市散策,0,0,0,0,0,0,0,0,0,0,1,0,0,0,0,0,0,0,友人・知人,0,0,0,0,0,0,0,0,0,0,0,0,0,0,0,0,0,0,1,0,0,0,0,0,0,,,,,,使わない,,使わない,,,,,,,,,,,5,5,,,,,,10,また行きたい（1年以内）,特になし,屋内木育施設 もりのひみつきち,同意する,,,,,,,1994,,,,,,
石川,2026/02/23 17:36:59,秋田県,女,1976,,700万円以上 800万円未満,中学生以上連れの家族,3泊,石川県外には泊まらない,金沢エリア  （湯涌温泉、深谷温泉、犀川温泉など）,3泊,,,,,,,,,新幹線,0,0,1,0,0,0,0,,0,0,0,0,4,新幹線はたくさん時間も余裕がありよかったが、海外の方のマナーが悪かった,,,初めて,名所、旧跡の観光,0,0,0,0,1,0,0,0,0,0,0,0,0,0,0,0,0,0,インターネット・アプリ,0,0,0,0,0,0,0,0,0,0,1,0,0,0,0,0,0,0,0,0,0,0,0,0,0,,,,,,"20,000円以上 30,000円未満",,"3,000円以上 5,000円未満",,,,,,,,,,,5,5,本の多さ,一度来てみたかったから,,,,10,また行きたい（1年以内）,特になし 自然豊かなところ,石川県立図書館,同意する,,金沢駅に到着後にすぐにこちらに来たから,,,,,1976,,,,,,
石川,2026/02/23 18:09:07,神奈川県,男,1998,,400万円以上 500万円未満,恋人,1泊,石川県外には泊まらない,金沢エリア  （湯涌温泉、深谷温泉、犀川温泉など）,1泊,,,,,,,,,新幹線,0,0,1,0,0,0,0,,0,0,0,0,,,,,初めて,地元の美味しいものを食べる,0,0,1,0,0,0,0,0,0,0,0,0,0,0,0,0,0,0,インターネット・アプリ,0,0,0,0,0,0,0,0,0,0,1,0,0,0,0,0,0,0,0,0,0,0,0,0,0,,,,,,"10,000円以上 20,000円未満",,"10,000円以上 20,000円未満",,,,,,,,,,,5,5,,,,,,10,また行きたい（1年以内）,特になし,金沢中央観光案内所,同意する,,,,,,,1998,,,,,,
石川,2026/02/23 18:11:20,神奈川県,女,1998,,300万円以上 400万円未満,恋人,1泊,石川県外には泊まらない,金沢エリア  （湯涌温泉、深谷温泉、犀川温泉など）,1泊,,,,,,,,,新幹線,0,0,1,0,0,0,0,,0,0,0,0,3,,,,初めて,"地元の美味しいものを食べる, 各種体験（手作り、果物狩りなど）",0,0,1,0,0,0,0,0,0,0,0,1,0,0,0,0,0,0,Instagram,0,0,0,1,0,0,0,0,0,0,0,0,0,0,0,0,0,0,0,0,0,0,0,0,0,,,,,,"5,000円以上 10,000円未満",,使わない,,,,,,,,,,,5,5,,,,,,7,機会があれば行きたい,特になし,金沢中央観光案内所,同意する,,,,,,,1998,,,,,,
石川,2026/02/23 20:19:34,岡山県,女,1975,,700万円以上 800万円未満,夫婦2人,1泊,石川県外には泊まらない,金沢エリア  （湯涌温泉、深谷温泉、犀川温泉など）,1泊,,,,,,,,,"新幹線, サンダーバード",0,0,1,0,0,0,0,,0,0,0,0,4,バス乗り場が近いため,,,初めて,"名所、旧跡の観光, 友人・親戚を訪ねる",0,0,0,0,1,0,0,0,0,0,0,0,0,0,0,0,0,0,楽天トラベル,0,0,0,0,0,0,0,0,0,0,0,0,0,0,0,0,0,0,0,0,0,0,0,0,1,,,,,,"10,000円以上 20,000円未満",,"10,000円以上 20,000円未満",,,,,,,,,,,5,4,街歩きに最適な場所、朝食バイキングが大変おいしかった,街をすぐに散策できるところがよい,,,,10,また行きたい（1年以内）,街の便利なところに物産館のような体験ができる場があるとうれしい。 景色や街並みがきれいで、食事（特に海産物）や和菓子が美味しい,金沢東急ホテル,同意する,,,,石川県観光物産館で体験活動,,,1975,,,,,,
石川,2026/02/23 20:32:36,愛知県,女,1984,,500万円以上 600万円未満,小学生以下連れの家族,2泊,石川県外には泊まらない,金沢エリア  （湯涌温泉、深谷温泉、犀川温泉など）,2泊,,,,,,,,,自家用車,1,0,0,0,0,0,0,,0,0,0,0,,,,,初めて,子どもの大会,0,0,0,0,0,0,0,0,0,0,0,0,0,0,0,0,0,0,インターネット・アプリ,0,0,0,0,0,0,0,0,0,0,1,0,0,0,0,0,0,0,0,0,0,0,0,0,0,,,,,,"10,000円以上 20,000円未満",,"5,000円以上 10,000円未満",,,,,,,,,,,4,4,施設は過ごしやすかった,施設が綺麗だった,,,,8,また行きたい（1年以内）,金沢おでんを食べ損ねてしまい、お土産で購入しようとしたが少し離れるとなかなか売っておらず買えなかったので次回は絶対リベンジしたいです。 建物が素敵なものが多かった,ARIGATO STAY KANAZAWA,同意する,,白山市,,白山市,,,1984,,,,,,
石川,2026/02/23 21:24:42,神奈川県,女,1976,,500万円以上 600万円未満,親,2泊,石川県外には泊まらない,金沢エリア  （湯涌温泉、深谷温泉、犀川温泉など）,2泊,,,,,,,,,新幹線,0,0,1,0,0,0,0,,0,0,0,0,5,JR西日本のtabiwaにて、バスの2日券をゲットして、史跡の入場料などもコミコミで、とても楽しめました。JRバスのほか右回り左回りのバスは自由に乗れたので乗れないバス多いなりに便利に観光させてもらいました。,,,2～5回目,"温泉や露天風呂, 地元の美味しいものを食べる, 名所、旧跡の観光, まちあるき、都市散策",0,1,1,0,1,0,0,0,0,0,1,0,0,0,0,0,0,0,"観光パンフレット・ポスター, インターネット・アプリ",0,0,0,0,0,0,0,0,0,0,1,0,0,0,0,0,0,0,0,0,1,0,0,0,0,,,,,,"20,000円以上 30,000円未満",,"1,000円以上 3,000円未満",,,,,,,,,,,5,4,お手頃な値段で海鮮丼が食べられました。,市場の中の食堂って感じで雰囲気あったから。,,,,6,また行きたい（1年以内）,能登の蟹が、蟹屋さんの店の片隅でももう少し小綺麗な空間で食べられたら食べてみたいとおもいました。金沢城の有料観覧エリア、行くまでの導線がわかりにくかった。つい、門につられて、五十間長屋外からぐるっとあるいて入り口まで回るルート歩いていたので。 レンタカーなしで、観光専用路線バスが充実していて、主要観光地は路線バスで訪れることができて楽しめました。,金沢城公園,同意する,,,,,,,1976,,,,,,
石川,2026/02/24 12:29:03,大阪府,女,1972,,700万円以上 800万円未満,夫婦2人,1泊,石川県外には泊まらない,白山エリア （一里野温泉、白峰温泉、白山市など）,1泊,,,,,,,,,自家用車,1,0,0,0,0,0,0,,0,0,0,0,,,,,初めて,名所、旧跡の観光,0,0,0,0,1,0,0,0,0,0,0,0,0,0,0,0,0,0,インターネット・アプリ,0,0,0,0,0,0,0,0,0,0,1,0,0,0,0,0,0,0,0,0,0,0,0,0,0,,,,,,"5,000円以上 10,000円未満",,"3,000円以上 5,000円未満",,,,,,,,,,,5,5,ただ雪景色も見たかったかなと,庭園体験もできて良かった,,,,10,また行きたい（1年以内）,特になし,兼六園,同意する,,県外,,,,,1972,,,,,,
石川,2026/02/24 13:26:51,大阪府,男,2000,,400万円以上 500万円未満,恋人,1泊,石川県外には泊まらない,金沢エリア  （湯涌温泉、深谷温泉、犀川温泉など）,1泊,,,,,,,,,"新幹線, 在来線",0,0,1,1,0,0,0,,0,0,0,0,,,,,2～5回目,"地元の美味しいものを食べる, 名所、旧跡の観光, まちあるき、都市散策, 友人・親戚を訪ねる",0,0,1,0,1,0,0,0,0,0,1,0,0,0,0,0,0,0,"インターネット・アプリ, Instagram, 友人・知人",0,0,0,1,0,0,0,0,0,0,1,0,0,0,0,0,0,0,1,0,0,0,0,0,0,,,,,,"10,000円以上 20,000円未満",,"1,000円以上 3,000円未満",,,,,,,,,,,4,5,,,,,,6,機会があれば行きたい,特に無し,石川県立歴史博物館,同意する,,,,,,,2000,,,,,,
石川,2026/02/24 13:49:43,神奈川県,女,1959,,400万円以上 500万円未満,夫婦2人,2泊,石川県外には泊まらない,石川県内には宿泊しない,石川県内には宿泊しない,,,,,,,,,新幹線,0,0,1,0,0,0,0,,0,0,0,0,4,1日乗り放題チケットが使えること,,,初めて,地元の美味しいものを食べる,0,0,1,0,0,0,0,0,0,0,0,0,0,0,0,0,0,0,新聞・雑誌・ガイドブック,0,0,0,0,0,0,0,0,0,0,0,0,0,0,0,0,1,0,0,0,0,0,0,0,0,,,,,,"30,000円以上 40,000円未満",,"30,000円以上 40,000円未満",,,,,,,,,,,4,4,対応が丁寧。,とても清潔。,,,,9,また行きたい（1年以内）,海の幸、和菓子。 移動が便利。,金沢東急ホテル,同意する,,,,,,,1959,,,,,,
石川,2026/02/24 15:25:46,埼玉県,男,2005,,"1,500万円以上",友人,4泊以上,京都,金沢エリア  （湯涌温泉、深谷温泉、犀川温泉など）,2泊,,,,,,,,,新幹線,0,0,1,0,0,0,0,,0,0,0,0,,,,,初めて,"地元の美味しいものを食べる, 名所、旧跡の観光",0,0,1,0,1,0,0,0,0,0,0,0,0,0,0,0,0,0,Instagram,0,0,0,1,0,0,0,0,0,0,0,0,0,0,0,0,0,0,0,0,0,0,0,0,0,,,,,,"5,000円以上 10,000円未満",,"3,000円以上 5,000円未満",,,,,,,,,,,5,5,,,,,,8,また行きたい（1年以内）,ご飯が美味しければいい,加賀友禅会館（加賀友禅ミュージアムそめりあ）,同意する,,,,,,,2005,,,,,,
石川,2026/02/24 15:29:54,埼玉県,男,2005,,400万円以上 500万円未満,友人,4泊以上,京都,金沢エリア  （湯涌温泉、深谷温泉、犀川温泉など）,2泊,,,,,,,,,新幹線,0,0,1,0,0,0,0,,0,0,0,0,,,,,2～5回目,"地元の美味しいものを食べる, 花見や紅葉などの自然鑑賞, 名所、旧跡の観光, まちあるき、都市散策, 各種体験（手作り、果物狩りなど）, 聖地巡礼",0,0,1,1,1,0,0,0,0,0,1,1,0,0,0,0,0,0,"新聞・雑誌・ガイドブック, インターネット・アプリ, X(旧：Twitter)",0,0,0,0,0,1,0,0,0,0,1,0,0,0,0,0,1,0,0,0,0,0,0,0,0,,,,,,"5,000円以上 10,000円未満",,"3,000円以上 5,000円未満",,,,,,,,,,,5,5,,,,,,10,また行きたい（1年以内）,のどぐろを安く食べたいです,加賀友禅会館（加賀友禅ミュージアムそめりあ）,同意する,,,,金沢くらしの博物館,,,2005,,,,,,
石川,2026/02/24 16:20:13,東京都,男,2005,,600万円以上 700万円未満,親,2泊,石川県外には泊まらない,金沢エリア  （湯涌温泉、深谷温泉、犀川温泉など）,2泊,,,,,,,,,"在来線, 飛行機",0,0,0,1,1,0,0,,0,0,0,0,2,金沢駅でのバス停が多すぎて訳がわからない,,,2～5回目,"地元の美味しいものを食べる, 名所、旧跡の観光, まちあるき、都市散策",0,0,1,0,1,0,0,0,0,0,1,0,0,0,0,0,0,0,蓮ノ空女学院スクールアイドルクラブの各種媒体,0,0,0,0,0,0,0,0,0,0,0,0,0,0,0,0,0,0,0,0,0,0,0,0,1,,,,,,"30,000円以上 40,000円未満",,使わない,,,,,,,,,,,4,3,,,,,,5,また行きたい（1年以内）,特になし,兼六駐車場,同意する,,加賀友禅会館,,,,,2005,,,,,,
石川,2026/02/24 16:39:29,東京都,女,1973,,"1,500万円以上",夫婦2人,4泊以上,沖縄,金沢エリア  （湯涌温泉、深谷温泉、犀川温泉など）,2泊,,,,,,,,,飛行機,0,0,0,0,1,0,0,,0,0,0,0,3,空港からのアクセスは良いがいきいき魚市場からのバスが少なく沢山歩いてつかれてしまった,,,2～5回目,"宿でのんびり過ごす, 温泉や露天風呂, 地元の美味しいものを食べる",1,1,1,0,0,0,0,0,0,0,0,0,0,0,0,0,0,0,インターネット・アプリ,0,0,0,0,0,0,0,0,0,0,1,0,0,0,0,0,0,0,0,0,0,0,0,0,0,,,,,,"30,000円以上 40,000円未満",,"1,000円未満",,,,,,,,,,,4,5,市中を回るのに手ぶら観光サービスはありがたい,立地と豊富な情報の提供,,,,10,また行きたい（1年以内）,価格に対して満足度が宿、食、施設は全て優れていると思う。ベタな観光地化をせず本物を貫いていってほしい 景観、食、文化、みどころの多さと集中で回りやすい,金沢中央観光案内所,同意する,,,,いきいき魚市場,,,1973,,,,,,
石川,2026/02/24 17:42:58,三重県,女,2003,,500万円以上 600万円未満,友人,1泊,石川県外には泊まらない,金沢エリア  （湯涌温泉、深谷温泉、犀川温泉など）,1泊,,,,,,,,,旅行会社ツアーバス,0,0,0,0,0,1,0,,0,0,0,0,4,,,,初めて,地元の美味しいものを食べる,0,0,1,0,0,0,0,0,0,0,0,0,0,0,0,0,0,0,"インターネット・アプリ, Instagram, 友人・知人",0,0,0,1,0,0,0,0,0,0,1,0,0,0,0,0,0,0,1,0,0,0,0,0,0,,,,,,"3,000円以上 5,000円未満",,"5,000円以上 10,000円未満",,,,,,,,,,,5,4,,,,,,9,また行きたい（1年以内）,もう少し安い金箔パックがほしい,金沢駅,同意する,,,,,,,2003,,,,,,
石川,2026/02/24 18:53:33,大阪府,女,1981,,400万円以上 500万円未満,自分ひとり,1泊,石川県外には泊まらない,金沢エリア  （湯涌温泉、深谷温泉、犀川温泉など）,1泊,,,,,,,,,新幹線,0,0,1,0,0,0,0,,0,0,0,0,4,以前は大阪から金沢までサンダーバードで乗り換えなしだったが、敦賀で乗り換えがあり面倒になった。,,,2～5回目,出張など仕事関係,0,0,0,0,0,0,0,0,0,0,0,0,0,0,0,0,1,0,Instagram,0,0,0,1,0,0,0,0,0,0,0,0,0,0,0,0,0,0,0,0,0,0,0,0,0,,,,,,"10,000円以上 20,000円未満",,"5,000円以上 10,000円未満",,,,,,,,,,,5,5,街の雰囲気がよかった,,,,,9,また行きたい（1年以内）,何度も来たいので、様々な見どころを紹介して欲しい,金沢駅,同意する,,,,庭園内の食事処のすき焼きが美味しかった,,,1981,,,,,,
石川,2026/02/24 21:37:25,神奈川県,女,1996,,600万円以上 700万円未満,親,1泊,石川県外には泊まらない,金沢エリア  （湯涌温泉、深谷温泉、犀川温泉など）,1泊,,,,,,,,,新幹線,0,0,1,0,0,0,0,,0,0,0,0,,,,,2～5回目,"宿でのんびり過ごす, 地元の美味しいものを食べる, まちあるき、都市散策",1,0,1,0,0,0,0,0,0,0,1,0,0,0,0,0,0,0,"新聞・雑誌・ガイドブック, 観光協会等の案内所",0,0,0,0,0,0,0,0,0,0,0,0,0,0,0,0,1,0,0,0,0,1,0,0,0,,,,,,"30,000円以上 40,000円未満",,"30,000円以上 40,000円未満",,,,,,,,,,,5,5,食事がおいしかった。またサービスがよい。,館内施設が充実,,,,8,機会があれば行きたい,駅周辺の案内も、観光地の案内等もみなさん非常に親切でありがたい。これからも観光客はたくさん来ると思うが、変わらずにいて欲しい。 金沢駅周辺だけでも十分観光ができる。また、バスを利用して少し足を伸ばしても様々な体験ができる。,KKRホテル金沢,同意する,,,,,,,1996,,,,,,
石川,2026/02/24 22:13:32,千葉県,女,2002,,200万円以上 300万円未満,友人,2泊,石川県外には泊まらない,金沢エリア  （湯涌温泉、深谷温泉、犀川温泉など）,2泊,,,,,,,,,"新幹線, 夜行バス",0,0,1,0,0,0,0,,0,0,0,0,4,,,,2～5回目,"スキー・スノボ・マリンスポーツ, 友人・親戚を訪ねる",0,0,0,0,0,0,0,0,0,0,0,0,0,0,0,0,0,0,"インターネット・アプリ, 友人・知人",0,0,0,0,0,0,0,0,0,0,1,0,0,0,0,0,0,0,1,0,0,0,0,0,0,,,,,,使わない,,"1,000円未満",,,,,,,,,,,4,4,,,,,,8,機会があれば行きたい,のどぐろビーバー食べたいです,石川県立図書館,同意する,,,,,,,2002,,,,,,
石川,2026/02/25 9:48:44,北海道,女,1997,,300万円以上 400万円未満,親,1泊,石川県外には泊まらない,金沢エリア  （湯涌温泉、深谷温泉、犀川温泉など）,2泊,,,,,,,,,飛行機,0,0,0,0,1,0,0,,0,0,0,0,4,,,,初めて,"地元の美味しいものを食べる, 名所、旧跡の観光, まちあるき、都市散策",0,0,1,0,1,0,0,0,0,0,1,0,0,0,0,0,0,0,"観光展・物産展, インターネット・アプリ",0,0,0,0,0,0,0,0,0,0,1,0,0,0,0,0,0,0,0,0,0,0,1,0,0,,,,,,"20,000円以上 30,000円未満",,"5,000円以上 10,000円未満",,,,,,,,,,,5,5,,,,,,10,機会があれば行きたい,お魚が美味しい。カフェや雑貨店などおしゃれなお店が多い。,KOKOHOTEL Premier 金沢香林坊,同意する,,,,,,,1997,,,,,,
石川,2026/02/25 10:11:33,東京都,女,1951,,100万円未満,中学生以上連れの家族,2泊,石川県外には泊まらない,金沢エリア  （湯涌温泉、深谷温泉、犀川温泉など）,2泊,,,,,,,,,飛行機,0,0,0,0,1,0,0,,0,0,0,0,4,便利,,,2～5回目,"地元の美味しいものを食べる, 名所、旧跡の観光, まちあるき、都市散策",0,0,1,0,1,0,0,0,0,0,1,0,0,0,0,0,0,0,"観光展・物産展, 新聞・雑誌・ガイドブック, 観光協会等の案内所",0,0,0,0,0,0,0,0,0,0,0,0,0,0,0,0,1,0,0,0,0,1,1,0,0,,,,,,"30,000円以上 40,000円未満",,"10,000円以上 20,000円未満",,,,,,,,,,,4,3,,,,,,8,機会があれば行きたい,フリーで行くには便利な面と不便な面とある,兼六園,同意する,,,,,,,1951,,,,,,
石川,2026/02/25 11:44:09,岐阜県,男,1976,,800万円以上 900万円未満,中学生以上連れの家族,1泊,石川県外には泊まらない,金沢エリア  （湯涌温泉、深谷温泉、犀川温泉など）,1泊,,,,,,,,,自家用車,1,0,0,0,0,0,0,,0,0,0,0,,,,,初めて,"友人・親戚を訪ねる, 受験",0,0,0,0,0,0,0,0,0,0,0,0,0,0,0,0,0,0,"新聞・雑誌・ガイドブック, インターネット・アプリ",0,0,0,0,0,0,0,0,0,0,1,0,0,0,0,0,1,0,0,0,0,0,0,0,0,,,,,,"5,000円以上 10,000円未満",,"1,000円未満",,,,,,,,,,,4,5,とても綺麗で近代的な図書館,とても綺麗で近代的な図書館,,,,9,また行きたい（1年以内）,兼六園周辺以外のアクティビティの充実,石川県立図書館,同意する,,下宿している息子の家,,金沢大学,,,1976,,,,,,
石川,2026/02/25 12:17:19,京都府,女,1991,,"900万円以上 1,000万円未満",夫婦2人,4泊以上,石川県外には泊まらない,金沢エリア  （湯涌温泉、深谷温泉、犀川温泉など）,3泊,,,,,,,,,レンタカー,0,1,0,0,0,0,0,,0,0,0,0,5,,,,初めて,"温泉や露天風呂, 地元の美味しいものを食べる, 買い物、アウトレット, スポーツ観戦や芸術鑑賞（コンサート等）, 各種体験（手作り、果物狩りなど）",0,1,1,0,0,0,1,0,0,0,0,1,0,0,0,0,0,0,"観光展・物産展, Instagram",0,0,0,1,0,0,0,0,0,0,0,0,0,0,0,0,0,0,0,0,0,0,1,0,0,,,,,,"10,000円以上 20,000円未満",,"1,000円以上 3,000円未満",,,,,,,,,,,5,5,,,,,,9,機会があれば行きたい,all good,兼六園,同意する,,,,,,,1991,,,,,,
石川,2026/02/25 12:28:13,東京都,女,1961,,700万円以上 800万円未満,友人,1泊,石川県外には泊まらない,金沢エリア  （湯涌温泉、深谷温泉、犀川温泉など）,1泊,,,,,,,,,新幹線,0,0,1,0,0,0,0,,0,0,0,0,4,,,,2～5回目,"地元の美味しいものを食べる, 出張など仕事関係",0,0,1,0,0,0,0,0,0,0,0,0,0,0,0,0,1,0,"Instagram, 友人・知人",0,0,0,1,0,0,0,0,0,0,0,0,0,0,0,0,0,0,1,0,0,0,0,0,0,,,,,,"10,000円以上 20,000円未満",,"10,000円以上 20,000円未満",,,,,,,,,,,5,4,,,,,,9,また行きたい（1年以内）,特になし,ホテル日航金沢,同意する,,みふく,,,,,1961,,,,,,
石川,2026/02/25 13:36:30,鹿児島県,男,1995,,800万円以上 900万円未満,夫婦2人,4泊以上,富山県,金沢エリア  （湯涌温泉、深谷温泉、犀川温泉など）,1泊,,,,,,,,,"新幹線, 飛行機",0,0,1,0,1,0,0,,0,0,0,0,4,バスがわかりやすくて乗りやすい,,,初めて,"温泉や露天風呂, 地元の美味しいものを食べる",0,1,1,0,0,0,0,0,0,0,0,0,0,0,0,0,0,0,観光展・物産展,0,0,0,0,0,0,0,0,0,0,0,0,0,0,0,0,0,0,0,0,0,0,1,0,0,,,,,,"20,000円以上 30,000円未満",,"3,000円以上 5,000円未満",,,,,,,,,,,4,4,,,,,,6,機会があれば行きたい,特になし,ひがし茶屋休憩館,同意する,,,,,,,1995,,,,,,
石川,2026/02/25 13:54:17,神奈川県,男,1988,,"1,000万円以上 1,200万円未満",自分ひとり,4泊以上,愛知県,金沢エリア  （湯涌温泉、深谷温泉、犀川温泉など）,2泊,,,,,,,,,新幹線,0,0,1,0,0,0,0,,0,0,0,0,4,市街地本数多い,,,2～5回目,"地元の美味しいものを食べる, 名所、旧跡の観光",0,0,1,0,1,0,0,0,0,0,0,0,0,0,0,0,0,0,"観光展・物産展, 新聞・雑誌・ガイドブック, 観光パンフレット・ポスター, インターネット・アプリ",0,0,0,0,0,0,0,0,0,0,1,0,0,0,0,0,1,0,0,0,1,0,1,0,0,,,,,,"5,000円以上 10,000円未満",,"1,000円以上 3,000円未満",,,,,,,,,,,4,4,,,,,,9,また行きたい（1年以内）,蓮ノ空のイベント、コラボあれば好き,妙立寺,同意する,,,,,,,1988,,,,,,
石川,2026/02/25 16:54:04,神奈川県,男,1995,,"1,200万円以上 1,500万円未満",夫婦2人,3泊,石川県外には泊まらない,白山エリア （一里野温泉、白峰温泉、白山市など）,3泊,,,,,,,,,新幹線,0,0,1,0,0,0,0,,0,0,0,0,4,,,,初めて,"地元の美味しいものを食べる, 名所、旧跡の観光, スポーツ観戦や芸術鑑賞（コンサート等）, 友人・親戚を訪ねる",0,0,1,0,1,0,0,0,0,0,0,0,0,0,0,0,0,0,インターネット・アプリ,0,0,0,0,0,0,0,0,0,0,1,0,0,0,0,0,0,0,0,0,0,0,0,0,0,,,,,,使わない,,"1,000円未満",,,,,,,,,,,4,5,歴史的な蓄音機の実演を聴くことができたため,,,,,8,機会があれば行きたい,歴史的なものに触れる体験,金沢蓄音器館,同意する,,,,,,,1995,,,,,,
石川,2026/02/25 17:32:51,大阪府,女,1965,,400万円以上 500万円未満,自分ひとり,1泊,石川県外には泊まらない,金沢エリア  （湯涌温泉、深谷温泉、犀川温泉など）,1泊,,,,,,,,,"新幹線, 在来線",0,0,1,1,0,0,0,,0,0,0,0,4,バスの本数が多い,,,初めて,スポーツ観戦や芸術鑑賞（コンサート等）,0,0,0,0,0,0,0,0,0,0,0,0,0,0,0,0,0,0,インターネット・アプリ,0,0,0,0,0,0,0,0,0,0,1,0,0,0,0,0,0,0,0,0,0,0,0,0,0,,,,,,"10,000円以上 20,000円未満",,"1,000円未満",,,,,,,,,,,5,4,きれい　清潔感がある,きれい,,,,10,また行きたい（1年以内）,能登方面に行きたい 感じがいい所がたくさんある,KOKOHOTEL Premier 金沢香林坊,同意する,,,,,,,1965,,,,,,
石川,2026/02/25 17:51:03,富山県,女,1974,,"900万円以上 1,000万円未満",自分ひとり,日帰り,石川県外には泊まらない,石川県内には宿泊しない,石川県内には宿泊しない,,,,,,,,,自家用車,1,0,0,0,0,0,0,,0,0,0,0,4,駐車場が多い、割引がある,,,11回目以上,スポーツ観戦や芸術鑑賞（コンサート等）,0,0,0,0,0,0,0,0,0,0,0,0,0,0,0,0,0,0,インターネット・アプリ,0,0,0,0,0,0,0,0,0,0,1,0,0,0,0,0,0,0,0,0,0,0,0,0,0,,,,,,使わない,,"1,000円以上 3,000円未満",,,,,,,,,,,5,5,食事が良かった,毎回来るたび満足しているから,,,,10,また行きたい（1年以内）,特になし,金沢駅,同意する,,,,本多の森ホール,,,1974,,,,,,
石川,2026/02/25 18:49:46,東京都,女,2003,,"1,000万円以上 1,200万円未満",友人,1泊,富山県,石川県内には宿泊しない,石川県内には宿泊しない,,,,,,,,,新幹線,0,0,1,0,0,0,0,,0,0,0,0,4,観光地を巡ってくれるので、アクセスしやすい,,,2～5回目,"地元の美味しいものを食べる, 名所、旧跡の観光, まちあるき、都市散策",0,0,1,0,1,0,0,0,0,0,1,0,0,0,0,0,0,0,"Instagram, 友人・知人",0,0,0,1,0,0,0,0,0,0,0,0,0,0,0,0,0,0,1,0,0,0,0,0,0,,,,,,使わない,,使わない,,,,,,,,,,,5,5,とても綺麗,とても綺麗,,,,10,また行きたい（1年以内）,特になし ご飯も美味しく、街並みも綺麗,石川県立図書館,同意する,,富山駅で昼食を食べてから。,,,,,2003,,,,,,
石川,2026/02/25 18:52:39,神奈川県,女,2004,,100万円未満,友人,1泊,富山県,石川県内には宿泊しない,石川県内には宿泊しない,,,,,,,,,新幹線,0,0,1,0,0,0,0,,0,0,0,0,5,,,,2～5回目,"地元の美味しいものを食べる, 花見や紅葉などの自然鑑賞, 名所、旧跡の観光, まちあるき、都市散策",0,0,1,1,1,0,0,0,0,0,1,0,0,0,0,0,0,0,Instagram,0,0,0,1,0,0,0,0,0,0,0,0,0,0,0,0,0,0,0,0,0,0,0,0,0,,,,,,使わない,,使わない,,,,,,,,,,,5,5,,自分の住んでいる街にはない規模の図書館であり、おしゃべり可能などユニークで多くの人が利用しやすそうであると感じだから。,,,,10,また行きたい（1年以内）,特になし 海鮮、静か,石川県立図書館,同意する,,,,,,,2004,,,,,,
石川,2026/02/25 19:38:57,埼玉県,男,1998,,500万円以上 600万円未満,恋人,2泊,金沢・和倉温泉エリア,金沢エリア  （湯涌温泉、深谷温泉、犀川温泉など）,2泊,,,,,,,,,"新幹線, 在来線",0,0,1,1,0,0,0,,0,0,0,0,,,,,初めて,"温泉や露天風呂, 地元の美味しいものを食べる, まちあるき、都市散策, 各種体験（手作り、果物狩りなど）, 復興支援の為に能登でお金使う為",0,1,1,0,0,0,0,0,0,0,1,1,0,0,0,0,0,0,"観光連盟やDMOのHP, インターネット・アプリ",0,0,0,0,0,0,0,0,0,0,1,0,0,0,0,0,0,0,0,0,0,0,0,1,0,,,,,,"40,000円以上 50,000円未満",,"1,000円以上 3,000円未満",,,,,,,,,,,5,5,庭園を観ながら抹茶を呑んで嗜む為,日々の時間を忘れてまったりとした時間を楽しめたため,,,,10,また行きたい（1年以内）,のと鉄道の廃線を復活させて、輪島方面のアクセスが欲しい,ホテル・トリフィート金沢,同意する,,,,,,,1998,,,,,,
石川,2026/02/26 8:28:26,埼玉県,女,1978,,600万円以上 700万円未満,自分ひとり,1泊,石川県外には泊まらない,金沢エリア  （湯涌温泉、深谷温泉、犀川温泉など）,1泊,,,,,,,,,新幹線,0,0,1,0,0,0,0,,0,0,0,0,3,バスの運転手さんが下車する人にお釣りの両替してから乗ってって言ってた。しかし、それも確かにわかる。その人のせいでだいぶ時間がかかったから。やっぱりSuicaとか対応したらどうかな。と思いました。クレームではなく、ただの話です。,,,2～5回目,スポーツ観戦や芸術鑑賞（コンサート等）,0,0,0,0,0,0,0,0,0,0,0,0,0,0,0,0,0,0,"インターネット・アプリ, you tube",0,0,0,0,0,0,0,0,0,0,1,0,0,0,0,0,0,0,0,0,0,0,0,0,0,,,,,,"5,000円以上 10,000円未満",,"10,000円以上 20,000円未満",,,,,,,,,,,4,4,洗面所のゴミ箱ちいさめ。,お値段的に相応かな。,,,,8,機会があれば行きたい,ちょっと全体的に愛想がない地域なのかしらって思いました。そこまで気になってないけど都内百貨店の感じが日常になってて。都内が異常かもしれない。,KOKOHOTEL Premier 金沢香林坊,同意する,,,,,,,1978,,,,,,
石川,2026/02/26 9:44:05,山梨県,女,1956,,400万円以上 500万円未満,友人,2泊,石川県外には泊まらない,金沢エリア  （湯涌温泉、深谷温泉、犀川温泉など）,2泊,,,,,,,,,レンタカー,0,1,0,0,0,0,0,,0,0,0,0,5,街並みの風情が良い,,,初めて,"地元の美味しいものを食べる, 名所、旧跡の観光, まちあるき、都市散策",0,0,1,0,1,0,0,0,0,0,1,0,0,0,0,0,0,0,"インターネット・アプリ, 観光協会等の案内所",0,0,0,0,0,0,0,0,0,0,1,0,0,0,0,0,0,0,0,0,0,1,0,0,0,,,,,,"40,000円以上 50,000円未満",,"5,000円以上 10,000円未満",,,,,,,,,,,5,5,金沢市で1番見たかった場所を見ることができて良かった,情緒があり、金沢は、素晴らしい,,,,10,また行きたい（1年以内）,新酒と、カニが良かった 街並みに風情があり、安らぎを頂いた,妙立寺,同意する,,,,,,,1956,,,,,,
石川,2026/02/26 10:21:26,秋田県,無回答,2007,,600万円以上 700万円未満,親,2泊,石川県外には泊まらない,金沢エリア  （湯涌温泉、深谷温泉、犀川温泉など）,2泊,,,,,,,,,"レンタカー, 新幹線",0,1,1,0,0,0,0,,0,0,0,0,4,広い,,,初めて,宿でのんびり過ごす,1,0,0,0,0,0,0,0,0,0,0,0,0,0,0,0,0,0,インターネット・アプリ,0,0,0,0,0,0,0,0,0,0,1,0,0,0,0,0,0,0,0,0,0,0,0,0,0,,,,,,"5,000円以上 10,000円未満",,"1,000円未満",,,,,,,,,,,5,4,綺麗,22世紀とは違ったセンスだった,,,,10,機会があれば行きたい,特に無し 景観が良い,兼六駐車場,同意する,,,,,,,2007,,,,,,
石川,2026/02/26 11:20:02,岐阜県,女,1973,,800万円以上 900万円未満,中学生以上連れの家族,2泊,石川県外には泊まらない,金沢エリア  （湯涌温泉、深谷温泉、犀川温泉など）,2泊,,,,,,,,,自家用車,1,0,0,0,0,0,0,,0,0,0,0,,,,,2～5回目,まちあるき、都市散策,0,0,0,0,0,0,0,0,0,0,1,0,0,0,0,0,0,0,インターネット・アプリ,0,0,0,0,0,0,0,0,0,0,1,0,0,0,0,0,0,0,0,0,0,0,0,0,0,,,,,,"10,000円以上 20,000円未満",,使わない,,,,,,,,,,,3,3,,,,,,5,どちらともいえない,特になし,兼六駐車場,同意する,,,,,,,1973,,,,,,
石川,2026/02/26 11:47:30,新潟県,女,1985,,400万円以上 500万円未満,自分ひとり,1泊,石川県外には泊まらない,金沢エリア  （湯涌温泉、深谷温泉、犀川温泉など）,1泊,,,,,,,,,高速バス,0,0,0,0,0,0,0,,0,0,0,0,5,,,,初めて,お祭りやイベントへの参加・見物,0,0,0,0,0,0,0,1,0,0,0,0,0,0,0,0,0,0,新聞・雑誌・ガイドブック,0,0,0,0,0,0,0,0,0,0,0,0,0,0,0,0,1,0,0,0,0,0,0,0,0,,,,,,"5,000円以上 10,000円未満",,使わない,,,,,,,,,,,5,5,,,,,,10,機会があれば行きたい,職場に配るようなお土産の定番が思い浮かばないです。あと、あっても割高だったり、数が足りなかったり。（職場にそんなにお金を掛けたくないが、何もないわけにはいかない）,石川県立図書館,同意する,,,,,,,1985,,,,,,
石川,2026/02/26 11:53:05,群馬県,女,1968,,400万円以上 500万円未満,中学生以上連れの家族,3泊,石川県外には泊まらない,金沢エリア  （湯涌温泉、深谷温泉、犀川温泉など）,3泊,,,,,,,,,自家用車,1,0,0,0,0,0,0,,0,0,0,0,,,,,初めて,"名所、旧跡の観光, 受験",0,0,0,0,1,0,0,0,0,0,0,0,0,0,0,0,0,0,インターネット・アプリ,0,0,0,0,0,0,0,0,0,0,1,0,0,0,0,0,0,0,0,0,0,0,0,0,0,,,,,,"40,000円以上 50,000円未満",,"1,000円以上 3,000円未満",,,,,,,,,,,5,4,施設内が綺麗,建物が素晴らしい,,,,10,機会があれば行きたい,特に無し 市内が美術館の様に美しい,石川県立歴史博物館,同意する,,,,,,,1968,,,,,,
石川,2026/02/26 13:30:37,大阪府,男,2005,,100万円以上 200万円未満,友人,2泊,石川県外には泊まらない,金沢エリア  （湯涌温泉、深谷温泉、犀川温泉など）,2泊,,,,,,,,,新幹線,0,0,1,0,0,0,0,,0,0,0,0,4,,,,初めて,地元の美味しいものを食べる,0,0,1,0,0,0,0,0,0,0,0,0,0,0,0,0,0,0,TV・ラジオ番組やCM,0,0,0,0,0,0,0,0,0,0,0,0,0,0,1,0,0,0,0,0,0,0,0,0,0,,,,,,"20,000円以上 30,000円未満",,"1,000円以上 3,000円未満",,,,,,,,,,,4,5,,,,,,8,また行きたい（1年以内）,特になし,金沢中央観光案内所,同意する,,,,,,,2005,,,,,,
石川,2026/02/26 13:33:35,鳥取県,男,2006,,100万円未満,友人,2泊,石川県外には泊まらない,金沢エリア  （湯涌温泉、深谷温泉、犀川温泉など）,2泊,,,,,,,,,"新幹線, 在来線",0,0,1,1,0,0,0,,0,0,0,0,,,,,初めて,"宿でのんびり過ごす, 地元の美味しいものを食べる, 名所、旧跡の観光",1,0,1,0,1,0,0,0,0,0,0,0,0,0,0,0,0,0,インターネット・アプリ,0,0,0,0,0,0,0,0,0,0,1,0,0,0,0,0,0,0,0,0,0,0,0,0,0,,,,,,"30,000円以上 40,000円未満",,"1,000円以上 3,000円未満",,,,,,,,,,,5,4,,,,,,8,機会があれば行きたい,特になし 街並みが綺麗でバスがたくさんある,金沢中央観光案内所,同意する,,,,,,,2006,,,,,,
石川,2026/02/26 13:34:56,大阪府,男,2006,,100万円未満,友人,2泊,石川県外には泊まらない,金沢エリア  （湯涌温泉、深谷温泉、犀川温泉など）,2泊,,,,,,,,,新幹線,0,0,1,0,0,0,0,,0,0,0,0,5,便利で行きやすかった,,,初めて,"宿でのんびり過ごす, 地元の美味しいものを食べる, 名所、旧跡の観光",1,0,1,0,1,0,0,0,0,0,0,0,0,0,0,0,0,0,観光展・物産展,0,0,0,0,0,0,0,0,0,0,0,0,0,0,0,0,0,0,0,0,0,0,1,0,0,,,,,,"20,000円以上 30,000円未満",,"3,000円以上 5,000円未満",,,,,,,,,,,5,5,,,,,,10,また行きたい（1年以内）,特になし 楽しいから,金沢中央観光案内所,同意する,,,,,,,2006,,,,,,
石川,2026/02/26 13:47:47,富山県,女,1978,,700万円以上 800万円未満,自分ひとり,2泊,石川県外には泊まらない,金沢エリア  （湯涌温泉、深谷温泉、犀川温泉など）,石川県内には宿泊しない,,,,,,,,,自家用車,1,0,0,0,0,0,0,,0,0,0,0,4,,,,11回目以上,買い物、アウトレット,0,0,0,0,0,0,1,0,0,0,0,0,0,0,0,0,0,0,友人・知人,0,0,0,0,0,0,0,0,0,0,0,0,0,0,0,0,0,0,1,0,0,0,0,0,0,,,,,,"5,000円以上 10,000円未満",,"1,000円以上 3,000円未満",,,,,,,,,,,4,4,,,,,,7,また行きたい（1年以内）,美味しい物が食べたい 特になし,KOKOHOTEL Premier 金沢香林坊,同意する,,金沢エムザ,,金沢駅,,,1978,,,,,,
石川,2026/02/26 13:50:38,石川県,男,1961,,400万円以上 500万円未満,自分ひとり,日帰り,石川県外には泊まらない,石川県内には宿泊しない,石川県内には宿泊しない,,,,,,,,,県外から訪れていない（石川県内在住）,0,0,0,0,0,0,0,,0,0,0,0,4,駐車場が広い,,,11回目以上,温泉や露天風呂,0,1,0,0,0,0,0,0,0,0,0,0,0,0,0,0,0,0,友人・知人,0,0,0,0,0,0,0,0,0,0,0,0,0,0,0,0,0,0,1,0,0,0,0,0,0,,,,,,使わない,,"1,000円以上 3,000円未満",,,,,,,,,,,4,4,お風呂が良い,,,,,7,石川県在住,特になし,湯来楽　内灘店,同意する,,,,,,,1961,,,,,,
石川,2026/02/26 14:45:43,兵庫県,男,1966,,300万円以上 400万円未満,自分ひとり,1泊,石川県外には泊まらない,金沢エリア  （湯涌温泉、深谷温泉、犀川温泉など）,1泊,,,,,,,,,"新幹線, 在来線",0,0,1,1,0,0,0,,0,0,0,0,4,わかりやすい,,,初めて,まちあるき、都市散策,0,0,0,0,0,0,0,0,0,0,1,0,0,0,0,0,0,0,"X(旧：Twitter), Instagram",0,0,0,1,0,1,0,0,0,0,0,0,0,0,0,0,0,0,0,0,0,0,0,0,0,,,,,,"5,000円以上 10,000円未満",,"1,000円以上 3,000円未満",,,,,,,,,,,4,4,リーズナブル,とても魅力的,,,,8,機会があれば行きたい,特にない 石川県立図書館　魅力ある建築,石川県立図書館,同意する,,,,,,,1966,,,,,,
石川,2026/02/26 14:48:37,神奈川県,男,2002,,200万円以上 300万円未満,自分ひとり,1泊,石川県外には泊まらない,金沢エリア  （湯涌温泉、深谷温泉、犀川温泉など）,1泊,,,,,,,,,新幹線,0,0,1,0,0,0,0,,0,0,0,0,,,,,初めて,"宿でのんびり過ごす, 地元の美味しいものを食べる, 名所、旧跡の観光, 買い物、アウトレット",1,0,1,0,1,0,1,0,0,0,0,0,0,0,0,0,0,0,"観光展・物産展, 観光パンフレット・ポスター, X(旧：Twitter)",0,0,0,0,0,1,0,0,0,0,0,0,0,0,0,0,0,0,0,0,1,0,1,0,0,,,,,,"5,000円以上 10,000円未満",,使わない,,,,,,,,,,,5,4,非常に清潔感があり、見てて気持ち良かったからです,値段がリーズナブルで良かったから,,,,10,機会があれば行きたい,特になし 新幹線で気軽に来れることや金沢駅周辺にはたくさんのホテルがあり、宿泊にも困らないかと思ったからです！,石川県立歴史博物館,同意する,,,,金沢城,,,2002,,,,,,
石川,2026/02/26 15:21:35,東京都,女,1997,,400万円以上 500万円未満,自分ひとり,4泊以上,石川県外には泊まらない,金沢エリア  （湯涌温泉、深谷温泉、犀川温泉など）,4泊以上,,,,,,,,,新幹線,0,0,1,0,0,0,0,,0,0,0,0,,,,,初めて,"地元の美味しいものを食べる, 名所、旧跡の観光, 買い物、アウトレット, 友人・親戚を訪ねる, ワーケーション",0,0,1,0,1,0,1,0,0,0,0,0,0,0,0,0,0,0,友人・知人,0,0,0,0,0,0,0,0,0,0,0,0,0,0,0,0,0,0,1,0,0,0,0,0,0,,,,,,使わない,,"1,000円以上 3,000円未満",,,,,,,,,,,5,5,ゴジラの企画展が面白かった,休憩スペースがおしゃれ,,,,8,また行きたい（1年以内）,季節の野菜,石川県立歴史博物館,同意する,,金沢城,,,,,1997,,,,,,
石川,2026/02/26 16:51:07,京都府,女,1976,,100万円以上 200万円未満,親,日帰り,石川県外には泊まらない,石川県内には宿泊しない,石川県内には宿泊しない,,,,,,,,,新幹線,0,0,1,0,0,0,0,,0,0,0,0,3,バスの運転手がだるそうだった,,,初めて,"地元の美味しいものを食べる, 名所、旧跡の観光",0,0,1,0,1,0,0,0,0,0,0,0,0,0,0,0,0,0,たまたま,0,0,0,0,0,0,0,0,0,0,0,0,0,0,0,0,0,0,0,0,0,0,0,0,1,,,,,,使わない,,使わない,,,,,,,,,,,4,3,たまたまきたので,,,,,5,機会があれば行きたい,図書館にまた来たい,石川県立歴史博物館,同意する,,,,,,,1976,,,,,,
石川,2026/02/26 17:57:45,神奈川県,女,1978,,400万円以上 500万円未満,中学生以上連れの家族,2泊,石川県外には泊まらない,金沢エリア  （湯涌温泉、深谷温泉、犀川温泉など）,2泊,,,,,,,,,新幹線,0,0,1,0,0,0,0,,0,0,0,0,,,,,初めて,スポーツ観戦や芸術鑑賞（コンサート等）,0,0,0,0,0,0,0,0,0,0,0,0,0,0,0,0,0,0,"観光展・物産展, 新聞・雑誌・ガイドブック, 観光パンフレット・ポスター, インターネット・アプリ, Instagram, 観光協会等の案内所",0,0,0,1,0,0,0,0,0,0,1,0,0,0,0,0,1,0,0,0,1,1,1,0,0,,,,,,"10,000円以上 20,000円未満",,"1,000円以上 3,000円未満",,,,,,,,,,,5,5,親子丼が美味しすぎた,楽しかった,,,,10,機会があれば行きたい,特になし 昔ながらのことを大切にしている,21世紀美術館,同意する,,,,,,,1978,,,,,,
石川,2026/02/26 19:38:22,神奈川県,男,2004,,100万円未満,自分ひとり,1泊,石川県外には泊まらない,金沢エリア  （湯涌温泉、深谷温泉、犀川温泉など）,1泊,,,,,,,,,飛行機,0,0,0,0,1,0,0,,0,0,0,0,5,,,,初めて,"地元の美味しいものを食べる, 名所、旧跡の観光",0,0,1,0,1,0,0,0,0,0,0,0,0,0,0,0,0,0,インターネット・アプリ,0,0,0,0,0,0,0,0,0,0,1,0,0,0,0,0,0,0,0,0,0,0,0,0,0,,,,,,"5,000円以上 10,000円未満",,"1,000円以上 3,000円未満",,,,,,,,,,,5,5,,,,,,10,また行きたい（1年以内）,特になし,ガーデンホテル金沢,同意する,,,,,,,2004,,,,,,
石川,2026/02/27 8:01:38,東京都,男,1984,,100万円未満,親,3泊,新潟,金沢エリア  （湯涌温泉、深谷温泉、犀川温泉など）,2泊,,,,,,,,,自家用車,1,0,0,0,0,0,0,,0,0,0,0,,,,,初めて,名所、旧跡の観光,0,0,0,0,1,0,0,0,0,0,0,0,0,0,0,0,0,0,インターネット・アプリ,0,0,0,0,0,0,0,0,0,0,1,0,0,0,0,0,0,0,0,0,0,0,0,0,0,,,,,,"50,000円以上 100,000円未満",,使わない,,,,,,,,,,,5,5,,,,,,5,機会があれば行きたい,特になし,KKRホテル金沢,同意する,,,,七尾城高岡城,,,1984,,,,,,
石川,2026/02/27 8:24:38,東京都,男,1978,,300万円以上 400万円未満,友人,1泊,石川県外には泊まらない,金沢エリア  （湯涌温泉、深谷温泉、犀川温泉など）,1泊,,,,,,,,,新幹線,0,0,1,0,0,0,0,,0,0,0,0,5,受付のかたが親切、レンタサイクルで回るのにはちょうど良い、サイクルステーションもたくさんある。,,,初めて,"地元の美味しいものを食べる, 名所、旧跡の観光, 買い物、アウトレット, まちあるき、都市散策",0,0,1,0,1,0,1,0,0,0,1,0,0,0,0,0,0,0,"新聞・雑誌・ガイドブック, 観光パンフレット・ポスター, インターネット・アプリ",0,0,0,0,0,0,0,0,0,0,1,0,0,0,0,0,1,0,0,0,1,0,0,0,0,,,,,,"10,000円以上 20,000円未満",,"1,000円以上 3,000円未満",,,,,,,,,,,5,5,いぬねこが好きなため,朝イチで落ち着けた,,,,10,機会があれば行きたい,朝ごはん 海鮮,妙立寺,同意する,,長町長者屋敷,,ゴーゴーカレー本店　百万力うどん屋さん,,,1978,,,,,,
石川,2026/02/27 9:38:47,石川県,その他,1967,,500万円以上 600万円未満,友人,1泊,石川県外には泊まらない,加賀エリア （山代温泉、山中温泉、片山津温泉、粟津温泉、辰口温泉、加賀市、小松市など）,1泊,,,,,,,,,自家用車,1,0,0,0,0,0,0,,0,0,0,0,,,,,11回目以上,"宿でのんびり過ごす, 温泉や露天風呂, 地元の美味しいものを食べる, ドライブ・ツーリング, 友人・親戚を訪ねる",1,1,1,0,0,0,0,0,0,0,0,0,0,0,1,0,0,0,"観光展・物産展, X(旧：Twitter), Instagram, Facebook",1,0,0,1,0,1,0,0,0,0,0,0,0,0,0,0,0,0,0,0,0,0,1,0,0,,,,,,"10,000円以上 20,000円未満",,"10,000円以上 20,000円未満",,,,,,,,,,,4,4,食べ物、魚が新鮮で美味しい、安い,,,,,8,また行きたい（1年以内）,魚の乾物、ビーバーおかき,金沢駅,同意する,,,,,,,1967,,,,,,
石川,2026/02/27 10:55:13,山口県,男,1963,,200万円以上 300万円未満,夫婦2人,1泊,石川県外には泊まらない,金沢エリア  （湯涌温泉、深谷温泉、犀川温泉など）,1泊,,,,,,,,,新幹線,0,0,1,0,0,0,0,,0,0,0,0,3,,,,初めて,"地元の美味しいものを食べる, 名所、旧跡の観光",0,0,1,0,1,0,0,0,0,0,0,0,0,0,0,0,0,0,新聞・雑誌・ガイドブック,0,0,0,0,0,0,0,0,0,0,0,0,0,0,0,0,1,0,0,0,0,0,0,0,0,,,,,,"10,000円以上 20,000円未満",,使わない,,,,,,,,,,,5,4,,,,,,9,機会があれば行きたい,閉まるのが早すぎる,前田土佐守家資料館,同意する,,,,,,,1963,,,,,,
石川,2026/02/27 10:56:06,兵庫県,男,1966,,300万円以上 400万円未満,自分ひとり,1泊,石川県外には泊まらない,金沢エリア  （湯涌温泉、深谷温泉、犀川温泉など）,1泊,,,,,,,,,"新幹線, 在来線",0,0,1,1,0,0,0,,0,0,0,0,,,,,初めて,まちあるき、都市散策,0,0,0,0,0,0,0,0,0,0,1,0,0,0,0,0,0,0,"インターネット・アプリ, Instagram",0,0,0,1,0,0,0,0,0,0,1,0,0,0,0,0,0,0,0,0,0,0,0,0,0,,,,,,"5,000円以上 10,000円未満",,使わない,,,,,,,,,,,4,4,魅力的な建築,落ち着く,,,,7,機会があれば行きたい,特にない 街全体の魅力,石川県立歴史博物館,同意する,,,,,,,1966,,,,,,
石川,2026/02/27 10:56:27,山口県,女,1965,,200万円以上 300万円未満,夫婦2人,1泊,石川県外には泊まらない,金沢エリア  （湯涌温泉、深谷温泉、犀川温泉など）,1泊,,,,,,,,,新幹線,0,0,1,0,0,0,0,,0,0,0,0,3,あまり興味は惹かれなかった,,,初めて,"地元の美味しいものを食べる, 名所、旧跡の観光",0,0,1,0,1,0,0,0,0,0,0,0,0,0,0,0,0,0,新聞・雑誌・ガイドブック,0,0,0,0,0,0,0,0,0,0,0,0,0,0,0,0,1,0,0,0,0,0,0,0,0,,,,,,"5,000円以上 10,000円未満",,"20,000円以上 30,000円未満",,,,,,,,,,,5,3,あまり興味を惹かれなかった,あまり興味を惹かれなかった,,,,2,また行きたい（1年以内）,もっと地理的な面白さを広報すべき 金沢の地理,前田土佐守家資料館,同意する,,,,,,,1965,,,,,,
石川,2026/02/27 11:01:20,石川県,男,1996,,400万円以上 500万円未満,友人,3泊,石川県外には泊まらない,石川県内には宿泊しない,1泊,,,,,,,,,レンタカー,0,1,0,0,0,0,0,,0,0,0,0,5,,,,2～5回目,名所、旧跡の観光,0,0,0,0,1,0,0,0,0,0,0,0,0,0,0,0,0,0,"X(旧：Twitter), Instagram, Facebook",1,0,0,1,0,1,0,0,0,0,0,0,0,0,0,0,0,0,0,0,0,0,0,0,0,,,,,,"5,000円以上 10,000円未満",,"30,000円以上 40,000円未満",,,,,,,,,,,5,5,,,,,,7,機会があれば行きたい,特ninashi,金沢城公園,同意する,,,,,,,1996,,,,,,
石川,2026/02/27 11:12:07,福井県,男,1955,,"1,500万円以上",自分ひとり,1泊,富山県,金沢エリア  （湯涌温泉、深谷温泉、犀川温泉など）,1泊,,,,,,,,,自家用車,1,0,0,0,0,0,0,,0,0,0,0,,,,,11回目以上,出張など仕事関係,0,0,0,0,0,0,0,0,0,0,0,0,0,0,0,0,1,0,"インターネット・アプリ, ",0,0,0,0,0,0,0,0,0,0,1,0,0,0,0,0,0,0,0,0,0,0,0,0,0,,,,,,"5,000円以上 10,000円未満",,"10,000円以上 20,000円未満",,,,,,,,,,,4,4,,,,,,7,機会があれば行きたい,静かな街であって欲しい。,金沢ニューグランドホテル,同意する,,,,,,,1955,,,,,,
石川,2026/02/27 12:30:33,東京都,男,1979,,"1,000万円以上 1,200万円未満",恋人,1泊,石川県外には泊まらない,金沢エリア  （湯涌温泉、深谷温泉、犀川温泉など）,1泊,,,,,,,,,新幹線,0,0,1,0,0,0,0,,0,0,0,0,,,,,初めて,"地元の美味しいものを食べる, 名所、旧跡の観光",0,0,1,0,1,0,0,0,0,0,0,0,0,0,0,0,0,0,観光協会等の案内所,0,0,0,0,0,0,0,0,0,0,0,0,0,0,0,0,0,0,0,0,0,1,0,0,0,,,,,,"5,000円以上 10,000円未満",,使わない,,,,,,,,,,,5,5,案内所でひゃくまんさんの情報を教えてくれた,綺麗で静か,,,,5,機会があれば行きたい,特になし コンパクトに楽しめる,金沢中央観光案内所,同意する,,正久山 妙立寺(忍者寺),,,,,1979,,,,,,
石川,2026/02/27 14:54:00,山口県,女,1999,,"1,200万円以上 1,500万円未満",親,2泊,石川県外には泊まらない,金沢エリア  （湯涌温泉、深谷温泉、犀川温泉など）,2泊,,,,,,,,,"新幹線, 在来線",0,0,1,1,0,0,0,,0,0,0,0,5,,,,初めて,"地元の美味しいものを食べる, 名所、旧跡の観光",0,0,1,0,1,0,0,0,0,0,0,0,0,0,0,0,0,0,"TV・ラジオ番組やCM, Instagram",0,0,0,1,0,0,0,0,0,0,0,0,0,0,1,0,0,0,0,0,0,0,0,0,0,,,,,,"20,000円以上 30,000円未満",,"1,000円以上 3,000円未満",,,,,,,,,,,5,4,,,,,,10,機会があれば行きたい,回るところがいろいろあって楽しい！,妙立寺,同意する,,HIMITO,,,,,1999,,,,,,
石川,2026/02/27 15:16:57,千葉県,男,2004,,300万円以上 400万円未満,親,3泊,石川県外には泊まらない,金沢エリア  （湯涌温泉、深谷温泉、犀川温泉など）,3泊,,,,,,,,,新幹線,0,0,1,0,0,0,0,,0,0,0,0,3,金沢の交通マナーがあまり良いとは言えないため,,,初めて,地元の美味しいものを食べる,0,0,1,0,0,0,0,0,0,0,0,0,0,0,0,0,0,0,新聞・雑誌・ガイドブック,0,0,0,0,0,0,0,0,0,0,0,0,0,0,0,0,1,0,0,0,0,0,0,0,0,,,,,,"40,000円以上 50,000円未満",,"1,000円以上 3,000円未満",,,,,,,,,,,4,4,,,,,,7,機会があれば行きたい,飲食がインバウンド価格二なってしまっているため、価格低下して頂けると助かる,尾山神社,同意する,,,,,,,2004,,,,,,
石川,2026/02/27 15:20:07,千葉県,女,1969,,300万円以上 400万円未満,中学生以上連れの家族,3泊,石川県外には泊まらない,金沢エリア  （湯涌温泉、深谷温泉、犀川温泉など）,3泊,,,,,,,,,新幹線,0,0,1,0,0,0,0,,0,0,0,0,4,駐車場があるから,,,初めて,"地元の美味しいものを食べる, 名所、旧跡の観光",0,0,1,0,1,0,0,0,0,0,0,0,0,0,0,0,0,0,"新聞・雑誌・ガイドブック, 観光協会等の案内所",0,0,0,0,0,0,0,0,0,0,0,0,0,0,0,0,1,0,0,0,0,1,0,0,0,,,,,,"100,000円以上",,"1,000円以上 3,000円未満",,,,,,,,,,,4,4,御朱印,御朱印,,,,8,機会があれば行きたい,特になし,尾山神社,同意する,,,,,,,1969,,,,,,
石川,2026/02/27 15:46:42,兵庫県,男,1989,,500万円以上 600万円未満,自分ひとり,4泊以上,富山県,金沢エリア  （湯涌温泉、深谷温泉、犀川温泉など）,2泊,,,,,,,,,新幹線,0,0,1,0,0,0,0,,0,0,0,0,4,特に問題なくこれたから,,,初めて,"地元の美味しいものを食べる, まちあるき、都市散策, 出張など仕事関係",0,0,1,0,0,0,0,0,0,0,1,0,0,0,0,0,1,0,"インターネット・アプリ, Instagram, Facebook",1,0,0,1,0,0,0,0,0,0,1,0,0,0,0,0,0,0,0,0,0,0,0,0,0,,,,,,"3,000円以上 5,000円未満",,"1,000円以上 3,000円未満",,,,,,,,,,,4,4,梅が綺麗に咲いていたから,近江町市場から近くて良かった,,,,8,機会があれば行きたい,とにかくたくさん寿司や刺身、海鮮丼がうまいのでまた遊びに行きたいです 近江町市場の海鮮丼と赤玉の金沢おでんが美味しかったから,尾山神社,同意する,,,,富山市街,,,1989,,,,,,
石川,2026/02/27 17:26:39,長野県,男,1972,,500万円以上 600万円未満,自分ひとり,4泊以上,長野県,金沢エリア  （湯涌温泉、深谷温泉、犀川温泉など）,4泊以上,,,,,,,,,自家用車,1,0,0,0,0,0,0,,0,0,0,0,,,,,11回目以上,"温泉や露天風呂, 地元の美味しいものを食べる, 名所、旧跡の観光, スキー・スノボ・マリンスポーツ, 友人・親戚を訪ねる",0,1,1,0,1,0,0,0,0,0,0,0,0,0,0,0,0,0,"インターネット・アプリ, 友人・知人",0,0,0,0,0,0,0,0,0,0,1,0,0,0,0,0,0,0,1,0,0,0,0,0,0,,,,,,"30,000円以上 40,000円未満",,"5,000円以上 10,000円未満",,,,,,,,,,,5,5,人の良さ、柔らかな対応が良かったです,人の良さ、スタッフの接客の良さ,,,,10,また行きたい（1年以内）,金沢駅周辺の宿泊施設の料金が少し他県と比べると高いかなと感じました。リーズナブルに泊まれるといいですね 金沢駅周辺の食べ歩きがオススメです,湯来楽　内灘店,同意する,,,,,,,1972,,,,,,
石川,2026/02/27 17:34:11,京都府,女,1981,,200万円以上 300万円未満,自分ひとり,1泊,石川県外には泊まらない,金沢エリア  （湯涌温泉、深谷温泉、犀川温泉など）,1泊,,,,,,,,,新幹線,0,0,1,0,0,0,0,,0,0,0,0,5,7日前に予約したので新幹線が安かった。,,,2～5回目,温泉や露天風呂,0,1,0,0,0,0,0,0,0,0,0,0,0,0,0,0,0,0,観光展・物産展,0,0,0,0,0,0,0,0,0,0,0,0,0,0,0,0,0,0,0,0,0,0,1,0,0,,,,,,"10,000円以上 20,000円未満",,"1,000円以上 3,000円未満",,,,,,,,,,,5,5,,,,,,8,機会があれば行きたい,海鮮,金沢駅,同意する,,,,,,,1981,,,,,,
石川,2026/02/27 17:35:17,大阪府,男,1981,,600万円以上 700万円未満,職場の同僚,4泊以上,石川県外には泊まらない,金沢エリア  （湯涌温泉、深谷温泉、犀川温泉など）,3泊,,,,,,,,,"新幹線, 在来線",0,0,1,1,0,0,0,,0,0,0,0,3,大阪からなので乗り換え無しできたい,,,2～5回目,出張など仕事関係,0,0,0,0,0,0,0,0,0,0,0,0,0,0,0,0,1,0,"観光パンフレット・ポスター, Instagram",0,0,0,1,0,0,0,0,0,0,0,0,0,0,0,0,0,0,0,0,1,0,0,0,0,,,,,,"20,000円以上 30,000円未満",,"3,000円以上 5,000円未満",,,,,,,,,,,5,4,アートに触れて楽しかった,平日だったのでゆっくり見れたこと,,,,9,また行きたい（1年以内）,特に無し 美術館,金沢駅,同意する,,,,,,,1981,,,,,,
石川,2026/02/27 17:38:09,神奈川県,男,1956,,500万円以上 600万円未満,夫婦2人,1泊,富山県,金沢エリア  （湯涌温泉、深谷温泉、犀川温泉など）,1泊,,,,,,,,,"自家用車, 新幹線",1,0,1,0,0,0,0,,0,0,0,0,5,新幹線は早くて正確だから,,,11回目以上,"宿でのんびり過ごす, アウトドア（海水浴、釣り、登山など）",1,0,0,0,0,0,0,0,0,1,0,0,0,0,0,0,0,0,インターネット・アプリ,0,0,0,0,0,0,0,0,0,0,1,0,0,0,0,0,0,0,0,0,0,0,0,0,0,,,,,,"3,000円以上 5,000円未満",,"3,000円以上 5,000円未満",,,,,,,,,,,5,5,キャンプ場の雰囲気が素晴らしいため,キャンプサイトが広々している。キャンパーのマナーが良い。,,,,8,また行きたい（1年以内）,特になし,石川県森林公園三国山キャンプ場,同意する,,,,,,,1956,,,,,,
石川,2026/02/27 20:25:51,神奈川県,女,1996,,500万円以上 600万円未満,自分ひとり,1泊,石川県外には泊まらない,金沢エリア  （湯涌温泉、深谷温泉、犀川温泉など）,2泊,,,,,,,,,新幹線,0,0,1,0,0,0,0,,0,0,0,0,,,,,初めて,"地元の美味しいものを食べる, 名所、旧跡の観光, まちあるき、都市散策",0,0,1,0,1,0,0,0,0,0,1,0,0,0,0,0,0,0,"インターネット・アプリ, 友人・知人",0,0,0,0,0,0,0,0,0,0,1,0,0,0,0,0,0,0,1,0,0,0,0,0,0,,,,,,"10,000円以上 20,000円未満",,"1,000円以上 3,000円未満",,,,,,,,,,,5,3,備え付けのアイテム、ボックスティッシュが夜の時点でなく、翌朝宿泊者で譲り合いながら使用する事になった,価格,,,,3,また行きたい（1年以内）,特になし 食べ物　雰囲気,金沢カプセルホテル武蔵町,同意する,,,,,,,1996,,,,,,
石川,2026/02/27 20:43:45,静岡県,男,2000,,400万円以上 500万円未満,友人,1泊,石川県外には泊まらない,金沢エリア  （湯涌温泉、深谷温泉、犀川温泉など）,1泊,,,,,,,,,"新幹線, 在来線",0,0,1,1,0,0,0,,0,0,0,0,5,,,,初めて,"宿でのんびり過ごす, 温泉や露天風呂, 地元の美味しいものを食べる, 名所、旧跡の観光, まちあるき、都市散策",1,1,1,0,1,0,0,0,0,0,1,0,0,0,0,0,0,0,インターネット・アプリ,0,0,0,0,0,0,0,0,0,0,1,0,0,0,0,0,0,0,0,0,0,0,0,0,0,,,,,,"5,000円以上 10,000円未満",,"10,000円以上 20,000円未満",,,,,,,,,,,4,5,,,,,,7,機会があれば行きたい,ジェネリック京都味を感じるので、独自のもの(近代美術館等)をより強く出してくれたら嬉しい,スーパーホテルPremier金沢駅東口,同意する,,,,,,,2000,,,,,,
石川,2026/02/27 21:56:33,富山県,男,1990,,600万円以上 700万円未満,職場の同僚,3泊,富山県,金沢エリア  （湯涌温泉、深谷温泉、犀川温泉など）,2泊,,,,,,,,,新幹線,0,0,1,0,0,0,0,,0,0,0,0,5,新幹線は快適で速いです,,,11回目以上,出張など仕事関係,0,0,0,0,0,0,0,0,0,0,0,0,0,0,0,0,1,0,インターネット・アプリ,0,0,0,0,0,0,0,0,0,0,1,0,0,0,0,0,0,0,0,0,0,0,0,0,0,,,,,,"5,000円以上 10,000円未満",,使わない,,,,,,,,,,,4,5,ウェルカムドリンクが加賀棒茶とコーヒーの2種類あり、今回は広い部屋を用意して頂いた。,サービスがよく、朝食バイキングも豪華で、その上職場の補助も使えるので安い。,,,,8,また行きたい（1年以内）,金箔の文化を絶やさないように。 富山で見た立山連峰の美しさ,KKRホテル金沢,同意する,,職場,,職場,,,1990,,,,,,
石川,2026/02/28 9:56:45,福井県,男,1982,,500万円以上 600万円未満,小学生以下連れの家族,1泊,新潟県,石川県内には宿泊しない,石川県内には宿泊しない,,,,,,,,,自家用車,1,0,0,0,0,0,0,,0,0,0,0,,,,,初めて,各種体験（手作り、果物狩りなど）,0,0,0,0,0,0,0,0,0,0,0,1,0,0,0,0,0,0,インターネット・アプリ,0,0,0,0,0,0,0,0,0,0,1,0,0,0,0,0,0,0,0,0,0,0,0,0,0,,,,,,使わない,,"3,000円以上 5,000円未満",,,,,,,,,,,4,5,体験が出来て子供が喜んだ,建物が古い以外は満足,,,,10,また行きたい（1年以内）,伝統文化の体験で子供が出来るものを増やしてほしい 和菓子作り体験,石川県観光物産館,同意する,,この施設のみ,,,,,1982,,,,,,
石川,2026/02/28 11:05:52,東京都,男,2000,,500万円以上 600万円未満,恋人,2泊,石川県外には泊まらない,金沢エリア  （湯涌温泉、深谷温泉、犀川温泉など）,2泊,,,,,,,,,新幹線,0,0,1,0,0,0,0,,0,0,0,0,,駅から近い,,,初めて,"宿でのんびり過ごす, 温泉や露天風呂, 地元の美味しいものを食べる, 花見や紅葉などの自然鑑賞",1,1,1,1,0,0,0,0,0,0,0,0,0,0,0,0,0,0,観光展・物産展,0,0,0,0,0,0,0,0,0,0,0,0,0,0,0,0,0,0,0,0,0,0,1,0,0,,,,,,"50,000円以上 100,000円未満",,"5,000円以上 10,000円未満",,,,,,,,,,,5,5,,,,,,10,また行きたい（1年以内）,のどぐろ,ダイワロイネットホテル金沢MIYABI,同意する,,,,,,,2000,,,,,,
石川,2026/02/28 11:16:40,石川県,女,1982,,100万円以上 200万円未満,小学生以下連れの家族,日帰り,富山県,能登エリア （和倉温泉、七尾市、輪島市、珠洲市など）,1泊,,,,,,,,,飛行機,0,0,0,0,1,0,0,,0,0,0,0,4,,,,2～5回目,温泉や露天風呂,0,1,0,0,0,0,0,0,0,0,0,0,0,0,0,0,0,0,新聞・雑誌・ガイドブック,0,0,0,0,0,0,0,0,0,0,0,0,0,0,0,0,1,0,0,0,0,0,0,0,0,,,,,,"10,000円以上 20,000円未満",,"5,000円以上 10,000円未満",,,,,,,,,,,3,4,,,,,,7,どちらともいえない,なし,屋内木育施設 もりのひみつきち,同意する,,,,,,,1982,,,,,,
石川,2026/02/28 12:17:27,千葉県,男,1979,,"900万円以上 1,000万円未満",親,1泊,石川県外には泊まらない,金沢エリア  （湯涌温泉、深谷温泉、犀川温泉など）,1泊,,,,,,,,,新幹線,0,0,1,0,0,0,0,,0,0,0,0,5,タクシーの接客が非常に良い,,,初めて,"地元の美味しいものを食べる, 名所、旧跡の観光, 買い物、アウトレット, まちあるき、都市散策",0,0,1,0,1,0,1,0,0,0,1,0,0,0,0,0,0,0,親族,0,0,0,0,0,0,0,0,0,0,0,0,0,0,0,0,0,0,0,0,0,0,0,0,1,,,,,,"10,000円以上 20,000円未満",,"10,000円以上 20,000円未満",,,,,,,,,,,4,5,朝食バイキングの素晴らしさ,部屋が大変広く優雅に過ごせたから,,,,10,機会があれば行きたい,水産物堪能 東京駅から容易なアクセス,KKR金沢,同意する,,,,,,,1979,,,,,,
石川,2026/02/28 13:00:11,静岡県,男,2000,,300万円以上 400万円未満,友人,1泊,石川県外には泊まらない,金沢エリア  （湯涌温泉、深谷温泉、犀川温泉など）,1泊,,,,,,,,,自家用車,1,0,0,0,0,0,0,,0,0,0,0,,,,,初めて,"地元の美味しいものを食べる, 名所、旧跡の観光",0,0,1,0,1,0,0,0,0,0,0,0,0,0,0,0,0,0,Instagram,0,0,0,1,0,0,0,0,0,0,0,0,0,0,0,0,0,0,0,0,0,0,0,0,0,,,,,,"30,000円以上 40,000円未満",,"3,000円以上 5,000円未満",,,,,,,,,,,5,5,,,,,,10,また行きたい（1年以内）,とくになし,金沢城公園,同意する,,,,,,,2000,,,,,,
石川,2026/02/28 15:31:37,福井県,女,1999,,400万円以上 500万円未満,恋人,日帰り,石川県外には泊まらない,石川県内には宿泊しない,石川県内には宿泊しない,,,,,,,,,自家用車,1,0,0,0,0,0,0,,0,0,0,0,,,,,初めて,お祭りやイベントへの参加・見物,0,0,0,0,0,0,0,1,0,0,0,0,0,0,0,0,0,0,Instagram,0,0,0,1,0,0,0,0,0,0,0,0,0,0,0,0,0,0,0,0,0,0,0,0,0,,,,,,使わない,,"5,000円以上 10,000円未満",,,,,,,,,,,5,5,コンサートはほとんど初めてでしたが、とても素敵で癒されました。素敵な休日を過ごすことができました。また機会があれば是非参加したいです。,,,,,10,また行きたい（1年以内）,美味しい海の幸、癒しの空間など,石川県立音楽堂,同意する,,石川県立図書館,,,,,1999,,,,,,
石川,2026/02/28 15:32:22,滋賀県,女,1976,,200万円以上 300万円未満,友人,1泊,石川県外には泊まらない,金沢エリア  （湯涌温泉、深谷温泉、犀川温泉など）,1泊,,,,,,,,,新幹線,0,0,1,0,0,0,0,,0,0,0,0,5,,,,初めて,"温泉や露天風呂, 地元の美味しいものを食べる, 名所、旧跡の観光, 各種体験（手作り、果物狩りなど）",0,1,1,0,1,0,0,0,0,0,0,1,0,0,0,0,0,0,Instagram,0,0,0,1,0,0,0,0,0,0,0,0,0,0,0,0,0,0,0,0,0,0,0,0,0,,,,,,"10,000円以上 20,000円未満",,"5,000円以上 10,000円未満",,,,,,,,,,,5,4,,,,,,10,また行きたい（1年以内）,新鮮なさかな,石川県観光物産館,同意する,,,,,,,1976,,,,,,
石川,2026/02/28 16:01:34,石川県,女,1974,,600万円以上 700万円未満,夫婦2人,日帰り,石川県外には泊まらない,石川県内には宿泊しない,石川県内には宿泊しない,,,,,,,,,自家用車,1,0,0,0,0,0,0,,0,0,0,0,,,,,11回目以上,地元の美味しいものを食べる,0,0,1,0,0,0,0,0,0,0,0,0,0,0,0,0,0,0,通りがかり,0,0,0,0,0,0,0,0,0,0,0,0,0,0,0,0,0,0,0,0,0,0,0,0,1,,,,,,使わない,,"1,000円未満",,,,,,,,,,,5,4,美味しい,清潔,,,,10,また行きたい（1年以内）,満足してます お寿司が美味しい,手作り工房　はなのね,同意する,,もりもり寿司,,帰宅,,,1974,,,,,,
石川,2026/02/28 16:43:57,神奈川県,女,1970,,100万円未満,夫婦2人,1泊,石川県外には泊まらない,金沢エリア  （湯涌温泉、深谷温泉、犀川温泉など）,1泊,,,,,,,,,新幹線,0,0,1,0,0,0,0,,0,0,0,0,5,,,,初めて,温泉や露天風呂,0,1,0,0,0,0,0,0,0,0,0,0,0,0,0,0,0,0,TV・ラジオ番組やCM,0,0,0,0,0,0,0,0,0,0,0,0,0,0,1,0,0,0,0,0,0,0,0,0,0,,,,,,"1,000円以上 3,000円未満",,"3,000円以上 5,000円未満",,,,,,,,,,,5,5,,,,,,9,また行きたい（1年以内）,楽しかった,金沢蓄音器館,同意する,,,,,,,1970,,,,,,
石川,2026/02/28 17:01:27,兵庫県,男,1976,,500万円以上 600万円未満,恋人,1泊,石川県外には泊まらない,金沢エリア  （湯涌温泉、深谷温泉、犀川温泉など）,1泊,,,,,,,,,新幹線,0,0,1,0,0,0,0,,0,0,0,0,4,思ってたより駅前の交通量が多くて驚いた,,,初めて,お祭りやイベントへの参加・見物,0,0,0,0,0,0,0,1,0,0,0,0,0,0,0,0,0,0,インターネット・アプリ,0,0,0,0,0,0,0,0,0,0,1,0,0,0,0,0,0,0,0,0,0,0,0,0,0,,,,,,"5,000円以上 10,000円未満",,"5,000円以上 10,000円未満",,,,,,,,,,,4,4,ゆっくり出来る,もうちょっと駅前にあると便利,,,,9,機会があれば行きたい,観光案内所に飲食特化情報が少ない気がします まだ明日色々回るのでもっと点数上がるかも,金沢中央観光案内所,同意する,,北國新聞赤羽ホール,,片町周辺,,,1976,,,,,,
石川,2026/02/28 17:49:07,埼玉県,男,1972,,"1,000万円以上 1,200万円未満",夫婦2人,1泊,石川県外には泊まらない,金沢エリア  （湯涌温泉、深谷温泉、犀川温泉など）,1泊,,,,,,,,,新幹線,0,0,1,0,0,0,0,,0,0,0,0,,,,,初めて,まちあるき、都市散策,0,0,0,0,0,0,0,0,0,0,1,0,0,0,0,0,0,0,"新聞・雑誌・ガイドブック, 観光パンフレット・ポスター",0,0,0,0,0,0,0,0,0,0,0,0,0,0,0,0,1,0,0,0,1,0,0,0,0,,,,,,"20,000円以上 30,000円未満",,"5,000円以上 10,000円未満",,,,,,,,,,,4,4,,,,,,8,機会があれば行きたい,パワースポット巡り,金沢東急ホテル,同意する,,,,,,,1972,,,,,,
石川,2026/02/28 17:51:58,愛知県,女,1979,,200万円以上 300万円未満,団体旅行,1泊,石川県外には泊まらない,金沢エリア  （湯涌温泉、深谷温泉、犀川温泉など）,1泊,,,,,,,,,レンタカー,0,1,0,0,0,0,0,,0,0,0,0,3,,,,11回目以上,その他スポーツ（ゴルフ、テニスなど）,0,0,0,0,0,0,0,0,0,0,0,0,0,1,0,0,0,1,友人・知人,0,0,0,0,0,0,0,0,0,0,0,0,0,0,0,0,0,0,1,0,0,0,0,0,0,,,,,,"10,000円以上 20,000円未満",,使わない,,,,,,,,,,,4,5,,洗濯をしてもらえるし、大浴場があるから,,,,10,また行きたい（1年以内）,海鮮物,ＨＯＴＥＬゆめのゆ,同意する,,中学校の体育館,,内灘の体育館,,,1979,,,,,,
石川,2026/02/28 18:38:59,福井県,女,1975,,600万円以上 700万円未満,自分ひとり,日帰り,福井県,石川県内には宿泊しない,石川県内には宿泊しない,,,,,,,,,自家用車,1,0,0,0,0,0,0,,0,0,0,0,,,,,初めて,"地元の美味しいものを食べる, お祭りやイベントへの参加・見物, まちあるき、都市散策, ドライブ・ツーリング",0,0,1,0,0,0,0,1,0,0,1,0,0,0,1,0,0,0,友人・知人,0,0,0,0,0,0,0,0,0,0,0,0,0,0,0,0,0,0,1,0,0,0,0,0,0,,,,,,使わない,,"3,000円以上 5,000円未満",,,,,,,,,,,4,4,,,,,,7,機会があれば行きたい,美味しいものが多い,ホテル金沢,同意する,,,,,,,1975,,,,,,
石川,2026/02/28 20:26:35,福井県,男,1965,,"1,000万円以上 1,200万円未満",自分ひとり,日帰り,福井県,金沢エリア  （湯涌温泉、深谷温泉、犀川温泉など）,4泊以上,,,,,,,,,自家用車,1,0,0,0,0,0,0,,0,0,0,0,,,,,6～10回目,出張など仕事関係,0,0,0,0,0,0,0,0,0,0,0,0,0,0,0,0,1,0,仕事で何回も利用しているから,0,0,0,0,0,0,0,0,0,0,0,0,0,0,0,0,0,0,0,0,0,0,0,0,1,,,,,,"10,000円以上 20,000円未満",,使わない,,,,,,,,,,,3,4,会議で気持ちよく利用させていただきました,不満な点が見当たらないため,,,,9,また行きたい（1年以内）,特になし,ホテル金沢,同意する,,,,,,,1965,,,,,,
石川,2026/02/28 20:44:56,東京都,男,1992,,500万円以上 600万円未満,自分ひとり,4泊以上,富山県,金沢エリア  （湯涌温泉、深谷温泉、犀川温泉など）,3泊,,,,,,,,,レンタカー,0,1,0,0,0,0,0,,0,0,0,0,3,自由に移動ができるが、駐車場が高い。,,,初めて,"地元の美味しいものを食べる, 名所、旧跡の観光, ドライブ・ツーリング, 出張など仕事関係",0,0,1,0,1,0,0,0,0,0,0,0,0,0,1,0,1,0,"観光パンフレット・ポスター, インターネット・アプリ",0,0,0,0,0,0,0,0,0,0,1,0,0,0,0,0,0,0,0,0,1,0,0,0,0,,,,,,"20,000円以上 30,000円未満",,"1,000円未満",,,,,,,,,,,4,4,,撮影待ちの列があるとは思っていなかった,,,,7,機会があれば行きたい,特になし グルメの守備範囲,兼六駐車場,同意する,,輪島、珠洲,,他県に移動,,,1992,,,,,,
石川,2026/02/28 22:09:10,大阪府,女,1974,,500万円以上 600万円未満,自分ひとり,2泊,東京,金沢エリア  （湯涌温泉、深谷温泉、犀川温泉など）,2泊,,,,,,,,,新幹線,0,0,1,0,0,0,0,,0,0,0,0,,,,,11回目以上,"テーマパーク（遊園地、動物園、博物館など）, スポーツ観戦や芸術鑑賞（コンサート等）, 友人・親戚を訪ねる",0,0,0,0,0,1,0,0,0,0,0,0,0,0,0,0,0,0,"観光展・物産展, 新聞・雑誌・ガイドブック, 観光パンフレット・ポスター, 友人・知人, 観光協会等の案内所",0,0,0,0,0,0,0,0,0,0,0,0,0,0,0,0,1,0,1,0,1,1,1,0,0,,,,,,"3,000円以上 5,000円未満",,"1,000円未満",,,,,,,,,,,4,5,,,,,,7,また行きたい（1年以内）,石川らしさ,金沢カプセルホテル武蔵町,同意する,,,,,,,1974,,,,,,
石川,2026/03/01 0:10:03,北海道,男,1977,,600万円以上 700万円未満,親,3泊,石川県外には泊まらない,金沢エリア  （湯涌温泉、深谷温泉、犀川温泉など）,3泊,,,,,,,,,飛行機,0,0,0,0,1,0,0,,0,0,0,0,4,駐車場がキレイ。トイレもキレイ。,,,6～10回目,"地元の美味しいものを食べる, 名所、旧跡の観光",0,0,1,0,1,0,0,0,0,0,0,0,0,0,0,0,0,0,"TV・ラジオ番組やCM, タクシードライバーや地元の人",0,0,0,0,0,0,0,0,0,0,0,0,0,0,1,0,0,0,0,1,0,0,0,0,0,,,,,,"50,000円以上 100,000円未満",,"5,000円以上 10,000円未満",,,,,,,,,,,4,4,史跡巡りなので余り余計なサービスはなくて良いと考えます,,,,,8,機会があれば行きたい,現状で十分 東茶屋街,金沢城公園,同意する,,,,,,,1977,,,,,,
石川,2026/03/01 8:26:04,三重県,男,1968,,700万円以上 800万円未満,友人,1泊,石川県外には泊まらない,金沢エリア  （湯涌温泉、深谷温泉、犀川温泉など）,1泊,,,,,,,,,レンタカー,0,1,0,0,0,0,0,,0,0,0,0,4,運転手付きで時間の自由度,,,初めて,"名所、旧跡の観光, 買い物、アウトレット",0,0,0,0,1,0,1,0,0,0,0,0,0,0,0,0,0,0,友人が予約,0,0,0,0,0,0,0,0,0,0,0,0,0,0,0,0,0,0,1,0,0,0,0,0,0,,,,,,"5,000円以上 10,000円未満",,使わない,,,,,,,,,,,4,4,,,,,,9,機会があれば行きたい,特になし,金沢東急ホテル,同意する,,三国神社、三国競艇場,,,,,1968,,,,,,
石川,2026/03/01 9:31:49,富山県,女,1971,,200万円以上 300万円未満,夫婦2人,日帰り,石川県外には泊まらない,石川県内には宿泊しない,石川県内には宿泊しない,,,,,,,,,自家用車,1,0,0,0,0,0,0,,0,0,0,0,,,,,11回目以上,"地元の美味しいものを食べる, 花見や紅葉などの自然鑑賞, 名所、旧跡の観光, 買い物、アウトレット",0,0,1,1,1,0,1,0,0,0,0,0,0,0,0,0,0,0,"インターネット・アプリ, Instagram",0,0,0,1,0,0,0,0,0,0,1,0,0,0,0,0,0,0,0,0,0,0,0,0,0,,,,,,使わない,,"5,000円以上 10,000円未満",,,,,,,,,,,5,5,　落ち着いた店内の雰囲気　味　サービス,,,,,10,また行きたい（1年以内）,天守閣　体験　リユース　能登の復興 白山イオン,北陸自動車道　不動寺ＰＡ（上り）,同意する,,図書館　白山神社,,駅周辺　ホテルビュッフェ,,,1971,,,,,,
石川,2026/03/01 10:14:32,東京都,女,1976,,"1,500万円以上",中学生以上連れの家族,2泊,富山県,金沢エリア  （湯涌温泉、深谷温泉、犀川温泉など）,1泊,,,,,,,,,新幹線,0,0,1,0,0,0,0,,0,0,0,0,4,バスの本数が少ない,,,6～10回目,"温泉や露天風呂, 地元の美味しいものを食べる",0,1,1,0,0,0,0,0,0,0,0,0,0,0,0,0,0,0,"インターネット・アプリ, Instagram",0,0,0,1,0,0,0,0,0,0,1,0,0,0,0,0,0,0,0,0,0,0,0,0,0,,,,,,"10,000円以上 20,000円未満",,"10,000円以上 20,000円未満",,,,,,,,,,,4,4,リーズナブルな値段で、綺麗な設備が整っている,,,,,7,機会があれば行きたい,東京よりもリーズナブルに美味しいものが食べられる 食事、何を食べても美味しい,KOKOHOTEL Premier 金沢香林坊,同意する,,,,,,,1976,,,,,,
石川,2026/03/01 10:53:28,香川県,男,1975,,"1,000万円以上 1,200万円未満",小学生以下連れの家族,1泊,石川県外には泊まらない,金沢エリア  （湯涌温泉、深谷温泉、犀川温泉など）,1泊,,,,,,,,,レンタカー,0,1,0,0,0,0,0,,0,0,0,0,,,,,2～5回目,スポーツ観戦や芸術鑑賞（コンサート等）,0,0,0,0,0,0,0,0,0,0,0,0,0,0,0,0,0,0,インターネット・アプリ,0,0,0,0,0,0,0,0,0,0,1,0,0,0,0,0,0,0,0,0,0,0,0,0,0,,,,,,"20,000円以上 30,000円未満",,"5,000円以上 10,000円未満",,,,,,,,,,,4,4,,,,,,5,機会があれば行きたい,子供の遊び場がもっと欲しい,石川県観光物産館,同意する,,,,,,,1975,,,,,,
石川,2026/03/01 11:02:08,香川県,女,1987,,600万円以上 700万円未満,小学生以下連れの家族,1泊,石川県外には泊まらない,金沢エリア  （湯涌温泉、深谷温泉、犀川温泉など）,1泊,,,,,,,,,自家用車,1,0,0,0,0,0,0,,0,0,0,0,,,,,初めて,スポーツ観戦や芸術鑑賞（コンサート等）,0,0,0,0,0,0,0,0,0,0,0,0,0,0,0,0,0,0,インターネット・アプリ,0,0,0,0,0,0,0,0,0,0,1,0,0,0,0,0,0,0,0,0,0,0,0,0,0,,,,,,"5,000円以上 10,000円未満",,"1,000円以上 3,000円未満",,,,,,,,,,,4,4,子供も出来る体験が良かった。,お土産の試食があって買う参考になった。,,,,8,機会があれば行きたい,金沢といったらこれを食べるというものがわからなかったのが残念だった。趣のある町並みが素敵で、歩くだけで旅行気分を味わえて良かった。 サッカー観戦がメインで、多くの滞在時間はなかったが駅付近の散歩も心地良かった。,石川県観光物産館,同意する,,,,ゴーゴーカレースタジアム,,,1987,,,,,,
石川,2026/03/01 11:03:17,石川県,男,1960,,200万円以上 300万円未満,自分ひとり,1泊,石川県外には泊まらない,金沢エリア  （湯涌温泉、深谷温泉、犀川温泉など）,1泊,,,,,,,,,県外から訪れていない（石川県内在住）,0,0,0,0,0,0,0,,0,0,0,0,5,,,,11回目以上,"宿でのんびり過ごす, アウトドア（海水浴、釣り、登山など）",1,0,0,0,0,0,0,0,0,1,0,0,0,0,0,0,0,0,"インターネット・アプリ, 友人・知人",0,0,0,0,0,0,0,0,0,0,1,0,0,0,0,0,0,0,1,0,0,0,0,0,0,,,,,,"1,000円以上 3,000円未満",,"1,000円以上 3,000円未満",,,,,,,,,,,4,5,,,,,,10,石川県在住,特になし,石川県森林公園三国山キャンプ場,同意する,,三国山キャンプ場,,,,,1960,,,,,,
石川,2026/03/01 11:39:35,石川県,女,1983,,500万円以上 600万円未満,自分ひとり,日帰り,石川県外には泊まらない,石川県内には宿泊しない,石川県内には宿泊しない,,,,,,,,,県外から訪れていない（石川県内在住）,0,0,0,0,0,0,0,,0,0,0,0,2,電車とバスの乗継が円滑でない,,,11回目以上,"地元の美味しいものを食べる, 名所、旧跡の観光, まちあるき、都市散策, 出張など仕事関係",0,0,1,0,1,0,0,0,0,0,1,0,0,0,0,0,1,0,"新聞・雑誌・ガイドブック, TV・ラジオ番組やCM, 観光パンフレット・ポスター, 友人・知人, 観光協会等の案内所",0,0,0,0,0,0,0,0,0,0,0,0,0,0,1,0,1,0,1,0,1,1,0,0,0,,,,,,使わない,,使わない,,,,,,,,,,,3,2,加賀棒茶サービスのポットが空のまま置いてあった,呈茶サービスは残念だったが能登ヒバのフレグランスで精神浄化効果が得られた,,,,4,機会があれば行きたい,魚のせり市はありふれているため選果場見学→道の駅などのコト・モノ体験ツアーを催行されたい,金沢東急ホテル,同意する,,広坂合同庁舎,,津幡駅,,,1983,,,,,,
石川,2026/03/01 12:13:00,石川県,女,1994,,500万円以上 600万円未満,小学生以下連れの家族,日帰り,石川県外には泊まらない,石川県内には宿泊しない,石川県内には宿泊しない,,,,,,,,,自家用車,1,0,0,0,0,0,0,,0,0,0,0,,,,,2～5回目,"地元の美味しいものを食べる, アウトドア（海水浴、釣り、登山など）, まちあるき、都市散策, 各種体験（手作り、果物狩りなど）",0,0,1,0,0,0,0,0,0,1,1,1,0,0,0,0,0,0,友人・知人,0,0,0,0,0,0,0,0,0,0,0,0,0,0,0,0,0,0,1,0,0,0,0,0,0,,,,,,使わない,,"1,000円以上 3,000円未満",,,,,,,,,,,5,5,,,,,,10,石川県在住,特になし,夢ミルク館（ホリ牧場）,同意する,,あがた公園,,千里浜なぎさドライブウェイ,,,1994,,,,,,
石川,2026/03/01 12:17:14,大阪府,女,1974,,600万円以上 700万円未満,自分ひとり,2泊,石川県外には泊まらない,金沢エリア  （湯涌温泉、深谷温泉、犀川温泉など）,2泊,,,,,,,,,新幹線,0,0,1,0,0,0,0,,0,0,0,0,,,,,11回目以上,"地元の美味しいものを食べる, 花見や紅葉などの自然鑑賞, テーマパーク（遊園地、動物園、博物館など）, 買い物、アウトレット, 友人・親戚を訪ねる",0,0,1,1,0,1,1,0,0,0,0,0,0,0,0,0,0,0,"観光パンフレット・ポスター, 友人・知人",0,0,0,0,0,0,0,0,0,0,0,0,0,0,0,0,0,0,1,0,1,0,0,0,0,,,,,,"5,000円以上 10,000円未満",,"1,000円以上 3,000円未満",,,,,,,,,,,5,5,,,,,,10,また行きたい（1年以内）,石川らしさ,金沢能楽美術館,同意する,,,,,,,1974,,,,,,
石川,2026/03/01 13:23:58,大阪府,女,1987,,100万円未満,親,2泊,石川県外には泊まらない,金沢エリア  （湯涌温泉、深谷温泉、犀川温泉など）,2泊,,,,,,,,,"新幹線, 在来線",0,0,1,1,0,0,0,,0,0,0,0,,,,,初めて,"地元の美味しいものを食べる, まちあるき、都市散策",0,0,1,0,0,0,0,0,0,0,1,0,0,0,0,0,0,0,インターネット・アプリ,0,0,0,0,0,0,0,0,0,0,1,0,0,0,0,0,0,0,0,0,0,0,0,0,0,,,,,,"10,000円以上 20,000円未満",,使わない,,,,,,,,,,,5,5,,,,,,10,機会があれば行きたい,和菓子と海鮮,金沢中央観光案内所,同意する,,,,,,,1987,,,,,,
石川,2026/03/01 14:13:39,富山県,男,1954,,200万円以上 300万円未満,夫婦、親,1泊,石川県外には泊まらない,金沢エリア  （湯涌温泉、深谷温泉、犀川温泉など）,1泊,,,,,,,,,自家用車,1,0,0,0,0,0,0,,0,0,0,0,,,,,初めて,"宿でのんびり過ごす, 温泉や露天風呂, 名所、旧跡の観光",1,1,0,0,1,0,0,0,0,0,0,0,0,0,0,0,0,0,友人・知人,0,0,0,0,0,0,0,0,0,0,0,0,0,0,0,0,0,0,1,0,0,0,0,0,0,,,,,,"50,000円以上 100,000円未満",,"1,000円未満",,,,,,,,,,,5,5,,,,,,10,また行きたい（1年以内）,特に無し,金沢湯涌夢二館,同意する,,,,,,,1954,,,,,,
石川,2026/03/01 14:41:08,神奈川県,男,2000,,400万円以上 500万円未満,自分ひとり,2泊,石川県外には泊まらない,金沢エリア  （湯涌温泉、深谷温泉、犀川温泉など）,2泊,,,,,,,,,新幹線,0,0,1,0,0,0,0,,0,0,0,0,4,金沢周遊バスが各地の観光地へのアクセスに便利で、かつフリーパスもあってお得だったから。,,,初めて,"名所、旧跡の観光, スポーツ観戦や芸術鑑賞（コンサート等）, まちあるき、都市散策",0,0,0,0,1,0,0,0,0,0,1,0,0,0,0,0,0,0,インターネット・アプリ,0,0,0,0,0,0,0,0,0,0,1,0,0,0,0,0,0,0,0,0,0,0,0,0,0,,,,,,"3,000円以上 5,000円未満",,"1,000円以上 3,000円未満",,,,,,,,,,,5,5,,,,,,10,また行きたい（1年以内）,特になし 各地の飲食店で食べたぶりの刺身や治部煮などがとても美味しかった。特産品や名産品が多くて周りにもおすすめしたいと感じた。,石川県立美術館,同意する,,鈴木大拙館、金沢駅,,,,,2000,,,,,,
石川,2026/03/01 14:53:13,福井県,女,1966,,"900万円以上 1,000万円未満",団体旅行,日帰り,福井県,石川県内には宿泊しない,石川県内には宿泊しない,,,,,,,,,旅行会社ツアーバス,0,0,0,0,0,1,0,,0,0,0,0,5,,,,6～10回目,"地元の美味しいものを食べる, まちあるき、都市散策",0,0,1,0,0,0,0,0,0,0,1,0,0,0,0,0,0,0,友人・知人,0,0,0,0,0,0,0,0,0,0,0,0,0,0,0,0,0,0,1,0,0,0,0,0,0,,,,,,使わない,,"5,000円以上 10,000円未満",,,,,,,,,,,4,4,,,,,,8,機会があれば行きたい,特に無し,ホテル日航金沢,同意する,,,,金沢港大野からくり記念館,,,1966,,,,,,
石川,2026/03/01 15:16:14,石川県,女,1972,,"900万円以上 1,000万円未満",夫婦2人,日帰り,石川県外には泊まらない,金沢エリア  （湯涌温泉、深谷温泉、犀川温泉など）,1泊,,,,,,,,,県外から訪れていない（石川県内在住）,0,0,0,0,0,0,0,,0,0,0,0,,,,,初めて,まちあるき、都市散策,0,0,0,0,0,0,0,0,0,0,1,0,0,0,0,0,0,0,新聞・雑誌・ガイドブック,0,0,0,0,0,0,0,0,0,0,0,0,0,0,0,0,1,0,0,0,0,0,0,0,0,,,,,,使わない,,使わない,,,,,,,,,,,4,4,休憩スポットが良い,綺麗でモダン,,,,7,石川県在住,特になし 歴史博物館,石川県立歴史博物館,同意する,,自宅,,金沢エムザ,,,1972,,,,,,
石川,2026/03/01 15:18:39,石川県,男,1966,,"1,000万円以上 1,200万円未満",夫婦2人,日帰り,石川県外には泊まらない,石川県内には宿泊しない,石川県内には宿泊しない,,,,,,,,,県外から訪れていない（石川県内在住）,0,0,0,0,0,0,0,,0,0,0,0,,,,,2～5回目,スポーツ観戦や芸術鑑賞（コンサート等）,0,0,0,0,0,0,0,0,0,0,0,0,0,0,0,0,0,0,TV・ラジオ番組やCM,0,0,0,0,0,0,0,0,0,0,0,0,0,0,1,0,0,0,0,0,0,0,0,0,0,,,,,,使わない,,使わない,,,,,,,,,,,4,4,施設が綺麗,雰囲気がいい,,,,8,石川県在住,ペットと行ける飲食店を増やして欲しい,石川県立歴史博物館,同意する,,,,エムザ,,,1966,,,,,,
石川,2026/03/01 16:11:33,高知県,男,1985,,300万円以上 400万円未満,親,3泊,大阪府,金沢エリア  （湯涌温泉、深谷温泉、犀川温泉など）,2泊,,,,,,,,,在来線,0,0,0,1,0,0,0,,0,0,0,0,,,,,初めて,"地元の美味しいものを食べる, 名所、旧跡の観光, まちあるき、都市散策",0,0,1,0,1,0,0,0,0,0,1,0,0,0,0,0,0,0,"インターネット・アプリ, X(旧：Twitter)",0,0,0,0,0,1,0,0,0,0,1,0,0,0,0,0,0,0,0,0,0,0,0,0,0,,,,,,"10,000円以上 20,000円未満",,"1,000円以上 3,000円未満",,,,,,,,,,,4,4,休憩スペースが埋まっていることがあった。,展示物が工夫されていた。,,,,7,機会があれば行きたい,全ての会社バスの路線が全部分かるアプリがあればよかった。またバスでの支払方法を統一してほしい。 食事が美味しい。名所が近くにあるので観光しやすい。,金沢21世紀美術館,同意する,,,,,,,1985,,,,,,
石川,2026/03/01 16:35:08,福井県,女,1981,,300万円以上 400万円未満,自分ひとり,日帰り,石川県外には泊まらない,石川県内には宿泊しない,石川県内には宿泊しない,,,,,,,,,自家用車,1,0,0,0,0,0,0,,0,0,0,0,,,,,6～10回目,石川県立図書館に来ることが目的,0,0,0,0,0,0,0,0,0,0,0,0,0,0,0,0,0,0,TV・ラジオ番組やCM,0,0,0,0,0,0,0,0,0,0,0,0,0,0,1,0,0,0,0,0,0,0,0,0,0,,,,,,使わない,,"1,000円以上 3,000円未満",,,,,,,,,,,5,5,,毎度訪れるたびに、非日常的な空間を味わえるのか良い,,,,10,また行きたい（1年以内）,特にないです 石川県立図書館がホントに良い,石川県立図書館,同意する,,,,,,,1981,,,,,,
石川,2026/03/01 18:15:38,神奈川県,女,1962,,400万円以上 500万円未満,中学生以上連れの家族,2泊,石川県外には泊まらない,金沢エリア  （湯涌温泉、深谷温泉、犀川温泉など）,2泊,,,,,,,,,新幹線,0,0,1,0,0,0,0,,0,0,0,0,,,,,初めて,"地元の美味しいものを食べる, 名所、旧跡の観光, 買い物、アウトレット, まちあるき、都市散策",0,0,1,0,1,0,1,0,0,0,1,0,0,0,0,0,0,0,"観光連盟やDMOのHP, インターネット・アプリ, 友人・知人",0,0,0,0,0,0,0,0,0,0,1,0,0,0,0,0,0,0,1,0,0,0,0,1,0,,,,,,"30,000円以上 40,000円未満",,"1,000円以上 3,000円未満",,,,,,,,,,,5,5,充電器もあり、休憩もできる、施設がレトロですばらしい感動した,歴史、金沢の良さが詰まっている,,,,9,また行きたい（1年以内）,復興支援、食べて応援したいので、宅配料金だけ何とか安く出来ないか考えて 美しい兼六園、美術館、食べ物も美味しい,石川県政記念しいのき迎賓館,同意する,,,,,,,1962,,,,,,
石川,2026/03/01 20:58:02,東京都,男,1988,,600万円以上 700万円未満,自分ひとり,1泊,石川県外には泊まらない,金沢エリア  （湯涌温泉、深谷温泉、犀川温泉など）,1泊,,,,,,,,,飛行機,0,0,0,0,1,0,0,,0,0,0,0,,,,,初めて,"名所、旧跡の観光, まちあるき、都市散策",0,0,0,0,1,0,0,0,0,0,1,0,0,0,0,0,0,0,インターネット・アプリ,0,0,0,0,0,0,0,0,0,0,1,0,0,0,0,0,0,0,0,0,0,0,0,0,0,,,,,,"5,000円以上 10,000円未満",,"5,000円以上 10,000円未満",,,,,,,,,,,5,5,,,,,,10,また行きたい（1年以内）,美味しい海鮮を食べたい。 魅力的な建築が多く、町中を歩くだけで楽しい,ANAホリディ・イン金沢スカイ,同意する,,,,県立歴史博物館,,,1988,,,,,,
石川,2026/03/02 9:47:20,香川県,女,1977,,400万円以上 500万円未満,親,1泊,石川県外には泊まらない,加賀エリア （山代温泉、山中温泉、片山津温泉、粟津温泉、辰口温泉、加賀市、小松市など）,1泊,,,,,,,,,旅行会社ツアーバス,0,0,0,0,0,1,0,,0,0,0,0,,,,,2～5回目,"宿でのんびり過ごす, 温泉や露天風呂, 地元の美味しいものを食べる",1,1,1,0,0,0,0,0,0,0,0,0,0,0,0,0,0,0,"新聞・雑誌・ガイドブック, TV・ラジオ番組やCM, 観光パンフレット・ポスター",0,0,0,0,0,0,0,0,0,0,0,0,0,0,1,0,1,0,0,0,1,0,0,0,0,,,,,,"5,000円以上 10,000円未満",,"3,000円以上 5,000円未満",,,,,,,,,,,4,4,,,,,,7,また行きたい（1年以内）,特になし,石川県観光物産館,同意する,,,,,,,1977,,,,,,
石川,2026/03/02 9:51:15,石川県,男,1987,,"1,000万円以上 1,200万円未満",自分ひとり,1泊,石川県外には泊まらない,金沢エリア  （湯涌温泉、深谷温泉、犀川温泉など）,1泊,,,,,,,,,県外から訪れていない（石川県内在住）,0,0,0,0,0,0,0,,0,0,0,0,,,,,初めて,アウトドア（海水浴、釣り、登山など）,0,0,0,0,0,0,0,0,0,1,0,0,0,0,0,0,0,0,インターネット・アプリ,0,0,0,0,0,0,0,0,0,0,1,0,0,0,0,0,0,0,0,0,0,0,0,0,0,,,,,,"1,000円未満",,"1,000円未満",,,,,,,,,,,5,5,,,,,,7,石川県在住,安全な低山・ハイキングコースの整備,石川県森林公園三国山キャンプ場,同意する,,三国山キャンプ場,,,,,1987,,,,,,
石川,2026/03/02 11:12:01,大阪府,女,1974,,500万円以上 600万円未満,自分ひとり,2泊,石川県外には泊まらない,金沢エリア  （湯涌温泉、深谷温泉、犀川温泉など）,3泊,,,,,,,,,新幹線,0,0,1,0,0,0,0,,0,0,0,0,,,,,11回目以上,"地元の美味しいものを食べる, テーマパーク（遊園地、動物園、博物館など）, 友人・親戚を訪ねる",0,0,1,0,0,1,0,0,0,0,0,0,0,0,0,0,0,0,"観光展・物産展, 観光パンフレット・ポスター, 友人・知人, 観光協会等の案内所",0,0,0,0,0,0,0,0,0,0,0,0,0,0,0,0,0,0,1,0,1,1,1,0,0,,,,,,"3,000円以上 5,000円未満",,"1,000円以上 3,000円未満",,,,,,,,,,,5,5,,,,,,10,また行きたい（1年以内）,石川らしさ,石川県立美術館,同意する,,,,,,,1974,,,,,,
石川,2026/03/02 11:38:06,福岡県,女,1970,,400万円以上 500万円未満,中学生以上連れの家族,1泊,石川県外には泊まらない,金沢エリア  （湯涌温泉、深谷温泉、犀川温泉など）,1泊,,,,,,,,,"新幹線, 在来線",0,0,1,1,0,0,0,,0,0,0,0,,,,,初めて,"地元の美味しいものを食べる, 名所、旧跡の観光, テーマパーク（遊園地、動物園、博物館など）, まちあるき、都市散策",0,0,1,0,1,1,0,0,0,0,1,0,0,0,0,0,0,0,"インターネット・アプリ, Instagram, 友人・知人",0,0,0,1,0,0,0,0,0,0,1,0,0,0,0,0,0,0,1,0,0,0,0,0,0,,,,,,"10,000円以上 20,000円未満",,"1,000円未満",,,,,,,,,,,5,4,ミュージアムショップの充実希望,地方独特の祭り、祭壇が興味深かった,,,,8,機会があれば行きたい,職場のばらまき用の軽くて有名なお菓子があると助かります 大変風情があり、観光客も程よい多さ,石川県立歴史博物館,同意する,,,,金沢城,,,1970,,,,,,
石川,2026/03/02 11:48:18,千葉県,女,1970,,"900万円以上 1,000万円未満",夫婦2人,2泊,石川県外には泊まらない,金沢エリア  （湯涌温泉、深谷温泉、犀川温泉など）,2泊,,,,,,,,,新幹線,0,0,1,0,0,0,0,,0,0,0,0,,,,,初めて,"地元の美味しいものを食べる, 名所、旧跡の観光, まちあるき、都市散策",0,0,1,0,1,0,0,0,0,0,1,0,0,0,0,0,0,0,"観光パンフレット・ポスター, インターネット・アプリ",0,0,0,0,0,0,0,0,0,0,1,0,0,0,0,0,0,0,0,0,1,0,0,0,0,,,,,,"10,000円以上 20,000円未満",,"40,000円以上 50,000円未満",,,,,,,,,,,5,5,　どれも良い,立地条件が良い　接客がとても良い　食事が美味しい　清潔感がある,,,,10,機会があれば行きたい,特になし どれも薦めたい,金沢ニューグランドホテル,同意する,,,,,,,1970,,,,,,
石川,2026/03/02 13:31:54,愛知県,男,2006,,100万円未満,友人,2泊,石川県外には泊まらない,金沢エリア  （湯涌温泉、深谷温泉、犀川温泉など）,2泊,,,,,,,,,高速バス,0,0,0,0,0,0,0,,0,0,0,0,3,交通系ICカードが使えないバスがあった,,,初めて,"名所、旧跡の観光, まちあるき、都市散策",0,0,0,0,1,0,0,0,0,0,1,0,0,0,0,0,0,0,友人・知人,0,0,0,0,0,0,0,0,0,0,0,0,0,0,0,0,0,0,1,0,0,0,0,0,0,,,,,,"1,000円以上 3,000円未満",,"1,000円以上 3,000円未満",,,,,,,,,,,4,3,,詳しい石川の歴史が知れた,,,,6,どちらともいえない,特になし 歴史が好きな人には勧めたい,石川県立歴史博物館,同意する,,,,,,,2006,,,,,,
石川,2026/03/02 16:35:32,大阪府,男,1972,,400万円以上 500万円未満,夫婦2人,2泊,石川県外には泊まらない,金沢エリア  （湯涌温泉、深谷温泉、犀川温泉など）,2泊,,,,,,,,,"新幹線, 在来線",0,0,1,1,0,0,0,,0,0,0,0,5,旅行会社のパックがお得だった,,,初めて,"名所、旧跡の観光, まちあるき、都市散策",0,0,0,0,1,0,0,0,0,0,1,0,0,0,0,0,0,0,インターネット・アプリ,0,0,0,0,0,0,0,0,0,0,1,0,0,0,0,0,0,0,0,0,0,0,0,0,0,,,,,,"30,000円以上 40,000円未満",,"1,000円未満",,,,,,,,,,,5,5,,,,,,10,機会があれば行きたい,美の感覚が素晴らしい,金沢城公園,同意する,,金沢城,,,,,1972,,,,,,
石川,2026/03/02 16:44:02,東京都,女,2003,,100万円以上 200万円未満,友人,2泊,石川県外には泊まらない,金沢エリア  （湯涌温泉、深谷温泉、犀川温泉など）,2泊,,,,,,,,,夜行バス,0,0,0,0,0,0,0,,0,0,0,0,,,,,初めて,ラブライブ聖地巡礼,0,0,0,0,0,0,0,0,0,0,0,0,0,0,0,0,0,0,"X(旧：Twitter), Instagram",0,0,0,1,0,1,0,0,0,0,0,0,0,0,0,0,0,0,0,0,0,0,0,0,0,,,,,,"1,000円以上 3,000円未満",,使わない,,,,,,,,,,,5,5,とにかく情報が多いから,情報を手に入れるのはもちろん、座って休むのもできるから,,,,10,機会があれば行きたい,美味しいが、ちょっと高い。 母国(韓国)の友達。日本文化を楽しめる施設と観光地が多いから。,金沢中央観光案内所,同意する,,,,金沢駅,,,2003,,,,,,
石川,2026/03/02 21:44:09,大阪府,女,2002,,100万円未満,親,2泊,石川県外には泊まらない,金沢エリア  （湯涌温泉、深谷温泉、犀川温泉など）,2泊,,,,,,,,,"新幹線, 在来線",0,0,1,1,0,0,0,,0,0,0,0,5,駅から30分以内で主要観光地にアクセスできた,,,初めて,名所、旧跡の観光,0,0,0,0,1,0,0,0,0,0,0,0,0,0,0,0,0,0,新聞・雑誌・ガイドブック,0,0,0,0,0,0,0,0,0,0,0,0,0,0,0,0,1,0,0,0,0,0,0,0,0,,,,,,"5,000円以上 10,000円未満",,"1,000円未満",,,,,,,,,,,5,5,刀剣を見に来たが、それ以外の展示も充実していた。,,,,,8,機会があれば行きたい,特になし 21世紀美術館　無料ゾーンだけでも十分楽しめたから。能登復興の展示が良かった。,石川県立歴史博物館,同意する,,,,金沢駅から帰阪,,,2002,,,,,,
石川,2026/03/03 6:31:27,愛知県,男,1962,,600万円以上 700万円未満,自分ひとり,1泊,石川県外には泊まらない,金沢エリア  （湯涌温泉、深谷温泉、犀川温泉など）,1泊,,,,,,,,,新幹線,0,0,1,0,0,0,0,,0,0,0,0,,,,,6～10回目,"名所、旧跡の観光, 買い物、アウトレット, 出張など仕事関係",0,0,0,0,1,0,1,0,0,0,0,0,0,0,0,0,1,0,"新聞・雑誌・ガイドブック, 観光パンフレット・ポスター",0,0,0,0,0,0,0,0,0,0,0,0,0,0,0,0,1,0,0,0,1,0,0,0,0,,,,,,"10,000円以上 20,000円未満",,"1,000円未満",,,,,,,,,,,4,4,,,,,,8,機会があれば行きたい,近江市場での食事が高い,尾山神社,同意する,,,,,,,1962,,,,,,
石川,2026/03/03 8:07:59,福岡県,女,1983,,500万円以上 600万円未満,友人,3泊,富山県,金沢エリア  （湯涌温泉、深谷温泉、犀川温泉など）,1泊,,,,,,,,,"新幹線, 在来線",0,0,1,1,0,0,0,,0,0,0,0,,,,,2～5回目,"地元の美味しいものを食べる, 名所、旧跡の観光, スポーツ観戦や芸術鑑賞（コンサート等）, 各種体験（手作り、果物狩りなど）",0,0,1,0,1,0,0,0,0,0,0,1,0,0,0,0,0,0,"観光パンフレット・ポスター, インターネット・アプリ, 観光協会等の案内所",0,0,0,0,0,0,0,0,0,0,1,0,0,0,0,0,0,0,0,0,1,1,0,0,0,,,,,,"3,000円以上 5,000円未満",,使わない,,,,,,,,,,,5,5,展示が充実していて、雰囲気も良かった,受付の方が親切だった,,,,8,また行きたい（1年以内）,石川県の特産を生かしたものが食べたい 文化施設が多く、どこも内容が充実していた,金沢市老舗記念館,同意する,,武家屋敷跡 野村家,,前田土佐守家資料館,,,1983,,,,,,
石川,2026/03/03 8:17:22,東京都,女,1981,,800万円以上 900万円未満,親,2泊,石川県外には泊まらない,金沢エリア  （湯涌温泉、深谷温泉、犀川温泉など）,2泊,,,,,,,,,新幹線,0,0,1,0,0,0,0,,0,0,0,0,4,,,,初めて,地元の美味しいものを食べる,0,0,1,0,0,0,0,0,0,0,0,0,0,0,0,0,0,0,インターネット・アプリ,0,0,0,0,0,0,0,0,0,0,1,0,0,0,0,0,0,0,0,0,0,0,0,0,0,,,,,,"30,000円以上 40,000円未満",,使わない,,,,,,,,,,,5,5,,,,,,10,機会があれば行きたい,特になし,金沢中央観光案内所,同意する,,,,,,,1981,,,,,,
石川,2026/03/03 8:57:02,埼玉県,女,2005,,100万円未満,友人,1泊,石川県外には泊まらない,金沢エリア  （湯涌温泉、深谷温泉、犀川温泉など）,1泊,,,,,,,,,"新幹線, 夜行バス",0,0,1,0,0,0,0,,0,0,0,0,,,,,初めて,"宿でのんびり過ごす, 温泉や露天風呂, 地元の美味しいものを食べる, 名所、旧跡の観光, ドライブ・ツーリング",1,1,1,0,1,0,0,0,0,0,0,0,0,0,1,0,0,0,"インターネット・アプリ, 友人・知人, YouTube",0,0,0,0,0,0,1,0,0,0,1,0,0,0,0,0,0,0,1,0,0,0,0,0,0,,,,,,"5,000円以上 10,000円未満",,"1,000円以上 3,000円未満",,,,,,,,,,,5,5,茶室がとても良かった,景観がどこも綺麗だった,,,,9,機会があれば行きたい,美味しいものを地図にまとめたものをインスタやXで出す 三井ガーデンホテルともりもり寿司。ホテルは朝食とお風呂がよく、もりもり寿司も味と見た目に大満足だったため,兼六園,同意する,,,,,,,2005,,,,,,
石川,2026/03/03 9:55:12,兵庫県,女,1983,,300万円以上 400万円未満,中学生以上連れの家族,2泊,石川県外には泊まらない,金沢エリア  （湯涌温泉、深谷温泉、犀川温泉など）,2泊,,,,,,,,,新幹線,0,0,1,0,0,0,0,,0,0,0,0,,,,,初めて,"地元の美味しいものを食べる, 名所、旧跡の観光, 買い物、アウトレット",0,0,1,0,1,0,1,0,0,0,0,0,0,0,0,0,0,0,"観光展・物産展, 新聞・雑誌・ガイドブック",0,0,0,0,0,0,0,0,0,0,0,0,0,0,0,0,1,0,0,0,0,0,1,0,0,,,,,,"10,000円以上 20,000円未満",,"5,000円以上 10,000円未満",,,,,,,,,,,5,5,充分魅力がある,案内の人が優しい,,,,10,機会があれば行きたい,特になし 歴史的な見るものもたくさんあるし、栄えてもいる、どの世代でも世代にあった楽しみ方ができる,石川県立歴史博物館,同意する,,,,,,,1983,,,,,,
石川,2026/03/03 12:21:22,大阪府,女,1979,,"1,000万円以上 1,200万円未満",親,2泊,岐阜県,石川県内には宿泊しない,石川県内には宿泊しない,,,,,,,,,"在来線, 旅行会社ツアーバス",0,0,0,1,0,1,0,,0,0,0,0,4,電車だけだと、こんなにも回れなかった。,,,2～5回目,"温泉や露天風呂, 地元の美味しいものを食べる, 名所、旧跡の観光, まちあるき、都市散策",0,1,1,0,1,0,0,0,0,0,1,0,0,0,0,0,0,0,旅行会社からもらったパンフレット,0,0,0,0,0,0,0,0,0,0,0,0,0,0,0,0,0,1,0,0,0,0,0,0,0,,,,,,使わない,,"1,000円以上 3,000円未満",,,,,,,,,,,5,4,美味しかった。,雪吊りを見たくて来たが、梅園も綺麗だった。,,,,10,機会があれば行きたい,観光地は多くあるが、それぞれの観光地どうしのアクセスがもう少しよくなったらもっと来やすくなる。 のんびりと過ごすには良いと感じました。,兼六駐車場,同意する,,,,,,,1979,,,,,,
石川,2026/03/03 13:59:10,埼玉県,女,1961,,200万円以上 300万円未満,自分ひとり,1泊,石川県外には泊まらない,金沢エリア  （湯涌温泉、深谷温泉、犀川温泉など）,1泊,,,,,,,,,"レンタカー, 新幹線",0,1,1,0,0,0,0,,0,0,0,0,4,金沢から近かった,,,2～5回目,"地元の美味しいものを食べる, ",0,0,1,0,0,0,0,0,0,0,0,0,0,0,0,0,0,0,"新聞・雑誌・ガイドブック, 友人・知人",0,0,0,0,0,0,0,0,0,0,0,0,0,0,0,0,1,0,1,0,0,0,0,0,0,,,,,,"10,000円以上 20,000円未満",,"1,000円未満",,,,,,,,,,,4,4,展示が充実していた,,,,,8,機会があれば行きたい,金沢の文化が素晴らしい 観光も食事も良い点,西田幾多郎記念館,同意する,,,,,,,1961,,,,,,
石川,2026/03/03 14:48:58,大阪府,男,2002,,700万円以上 800万円未満,職場の同僚,1泊,石川県外には泊まらない,金沢エリア  （湯涌温泉、深谷温泉、犀川温泉など）,1泊,,,,,,,,,新幹線,0,0,1,0,0,0,0,,0,0,0,0,4,,,,初めて,"名所、旧跡の観光, 各種体験（手作り、果物狩りなど）",0,0,0,0,1,0,0,0,0,0,0,1,0,0,0,0,0,0,友人・知人,0,0,0,0,0,0,0,0,0,0,0,0,0,0,0,0,0,0,1,0,0,0,0,0,0,,,,,,"10,000円以上 20,000円未満",,"5,000円以上 10,000円未満",,,,,,,,,,,4,3,,,,,,8,機会があれば行きたい,新鮮な食材,妙立寺,同意する,,,,,,,2002,,,,,,
石川,2026/03/03 14:49:49,大阪府,男,2001,,"1,500万円以上",友人,2泊,石川県外には泊まらない,金沢エリア  （湯涌温泉、深谷温泉、犀川温泉など）,2泊,,,,,,,,,"新幹線, 在来線",0,0,1,1,0,0,0,,0,0,0,0,5,,,,初めて,出張など仕事関係,0,0,0,0,0,0,0,0,0,0,0,0,0,0,0,0,1,0,友人・知人,0,0,0,0,0,0,0,0,0,0,0,0,0,0,0,0,0,0,1,0,0,0,0,0,0,,,,,,"5,000円以上 10,000円未満",,"1,000円以上 3,000円未満",,,,,,,,,,,5,5,,妙立寺の仕組みや成り立ちについて解説を通してよく知ることができたから。,,,,10,機会があれば行きたい,石川でしかできない体験（歴史的な体験）やここでしか食べられない食べ物 雰囲気もよく食べ物もおいしいため。,妙立寺,同意する,,,,,,,2001,,,,,,
石川,2026/03/03 14:51:13,愛知県,女,2001,,600万円以上 700万円未満,学校関係（修学旅行・社会科見学等）,1泊,石川県外には泊まらない,金沢エリア  （湯涌温泉、深谷温泉、犀川温泉など）,1泊,,,,,,,,,新幹線,0,0,1,0,0,0,0,,0,0,0,0,4,,,,2～5回目,出張など仕事関係,0,0,0,0,0,0,0,0,0,0,0,0,0,0,0,0,1,0,"インターネット・アプリ, Instagram, 友人・知人",0,0,0,1,0,0,0,0,0,0,1,0,0,0,0,0,0,0,1,0,0,0,0,0,0,,,,,,"5,000円以上 10,000円未満",,"1,000円以上 3,000円未満",,,,,,,,,,,4,3,,,,,,8,機会があれば行きたい,加賀棒茶,妙立寺,同意する,,にし茶屋街,,,,,2001,,,,,,
石川,2026/03/03 14:51:18,神奈川県,男,1952,,200万円以上 300万円未満,夫婦2人,日帰り,富山県,石川県内には宿泊しない,石川県内には宿泊しない,,,,,,,,,自家用車,1,0,0,0,0,0,0,,0,0,0,0,,,,,6～10回目,地元の美味しいものを食べる,0,0,1,0,0,0,0,0,0,0,0,0,0,0,0,0,0,0,インターネット・アプリ,0,0,0,0,0,0,0,0,0,0,1,0,0,0,0,0,0,0,0,0,0,0,0,0,0,,,,,,"10,000円以上 20,000円未満",,"5,000円以上 10,000円未満",,,,,,,,,,,4,3,,,,,,5,機会があれば行きたい,お寿司が美味しかった,石川県立歴史博物館,同意する,,,,,,,1952,,,,,,
石川,2026/03/03 14:56:10,大阪府,男,2001,,300万円以上 400万円未満,自分ひとり,2泊,石川県外には泊まらない,金沢エリア  （湯涌温泉、深谷温泉、犀川温泉など）,2泊,,,,,,,,,新幹線,0,0,1,0,0,0,0,,0,0,0,0,,,,,初めて,出張など仕事関係,0,0,0,0,0,0,0,0,0,0,0,0,0,0,0,0,1,0,友人・知人,0,0,0,0,0,0,0,0,0,0,0,0,0,0,0,0,0,0,1,0,0,0,0,0,0,,,,,,"5,000円以上 10,000円未満",,"1,000円以上 3,000円未満",,,,,,,,,,,5,5,丁寧に仕掛けを説明してくれたから,仕掛けがすべて面白かったから,,,,10,また行きたい（1年以内）,名産グルメが集まった施設 のどぐろが美味しかった,妙立寺,同意する,,,,,,,2001,,,,,,
石川,2026/03/03 15:30:13,兵庫県,女,1976,,700万円以上 800万円未満,友人,日帰り,石川県外には泊まらない,石川県内には宿泊しない,石川県内には宿泊しない,,,,,,,,,新幹線,0,0,1,0,0,0,0,,0,0,0,0,5,運転手さんが親切で優しい雰囲気だった,,,2～5回目,"地元の美味しいものを食べる, テーマパーク（遊園地、動物園、博物館など）, 買い物、アウトレット",0,0,1,0,0,1,1,0,0,0,0,0,0,0,0,0,0,0,"インターネット・アプリ, Instagram, ブログ, 友人・知人",0,0,0,1,0,0,0,0,1,0,1,0,0,0,0,0,0,0,1,0,0,0,0,0,0,,,,,,使わない,,"10,000円以上 20,000円未満",,,,,,,,,,,5,5,辻口さんのケーキがいただける,入り口に消毒液があり綺麗で清潔感がある,,,,10,また行きたい（1年以内）,石川県産のフルーツが好きなので購入したい 美味しいものが多い,石川県立美術館,同意する,,木佐貫,,金沢駅,,,1976,,,,,,
石川,2026/03/03 16:15:51,神奈川県,女,2006,,800万円以上 900万円未満,親,2泊,石川県外には泊まらない,金沢エリア  （湯涌温泉、深谷温泉、犀川温泉など）,2泊,,,,,,,,,"新幹線, 在来線",0,0,1,1,0,0,0,,0,0,0,0,,,,,初めて,"地元の美味しいものを食べる, 名所、旧跡の観光, 買い物、アウトレット, まちあるき、都市散策",0,0,1,0,1,0,1,0,0,0,1,0,0,0,0,0,0,0,"新聞・雑誌・ガイドブック, 観光パンフレット・ポスター",0,0,0,0,0,0,0,0,0,0,0,0,0,0,0,0,1,0,0,0,1,0,0,0,0,,,,,,"40,000円以上 50,000円未満",,使わない,,,,,,,,,,,5,4,新たな本との出会いがあったため。,手入れが行き届いていて綺麗であったため。,,,,9,機会があれば行きたい,特になし 金沢の観光スポットは、どこも趣があって歩いているだけで楽しかったため。ひがし茶屋街の陶器のお店は、素敵な作品が多くあり特におすすめしたい。,石川県立図書館,同意する,,マルガージェラート野々市,,,,,2006,,,,,,
石川,2026/03/03 16:20:45,神奈川県,女,1971,,"900万円以上 1,000万円未満",中学生以上連れの家族,2泊,石川県外には泊まらない,金沢エリア  （湯涌温泉、深谷温泉、犀川温泉など）,2泊,,,,,,,,,新幹線,0,0,1,0,0,0,0,,0,0,0,0,4,移動が楽で便利,,,初めて,"地元の美味しいものを食べる, 名所、旧跡の観光, まちあるき、都市散策",0,0,1,0,1,0,0,0,0,0,1,0,0,0,0,0,0,0,"インターネット・アプリ, Instagram",0,0,0,1,0,0,0,0,0,0,1,0,0,0,0,0,0,0,0,0,0,0,0,0,0,,,,,,"40,000円以上 50,000円未満",,使わない,,,,,,,,,,,4,4,施設が充実していた,建物が素敵だった,,,,8,機会があれば行きたい,お寿司が美味しかった,石川県立図書館,同意する,,大野,,,,,1971,,,,,,
石川,2026/03/03 16:22:33,神奈川県,男,1973,,"900万円以上 1,000万円未満",中学生以上連れの家族,2泊,石川県外には泊まらない,金沢エリア  （湯涌温泉、深谷温泉、犀川温泉など）,2泊,,,,,,,,,新幹線,0,0,1,0,0,0,0,,0,0,0,0,4,,,,初めて,"地元の美味しいものを食べる, まちあるき、都市散策",0,0,1,0,0,0,0,0,0,0,1,0,0,0,0,0,0,0,"インターネット・アプリ, 友人・知人",0,0,0,0,0,0,0,0,0,0,1,0,0,0,0,0,0,0,1,0,0,0,0,0,0,,,,,,"20,000円以上 30,000円未満",,使わない,,,,,,,,,,,5,4,,,,,,10,機会があれば行きたい,海鮮の食事,石川県立図書館,同意する,,,,,,,1973,,,,,,
石川,2026/03/03 17:48:01,埼玉県,女,1972,,"1,000万円以上 1,200万円未満",夫婦2人,1泊,石川県外には泊まらない,金沢エリア  （湯涌温泉、深谷温泉、犀川温泉など）,1泊,,,,,,,,,新幹線,0,0,1,0,0,0,0,,0,0,0,0,3,路線バス(北鉄バス)はSuicaが使えなくて不便。今まで国内旅行で色んな場所に行きバスに乗りましたが初めてです,,,初めて,名所、旧跡の観光,0,0,0,0,1,0,0,0,0,0,0,0,0,0,0,0,0,0,観光パンフレット・ポスター,0,0,0,0,0,0,0,0,0,0,0,0,0,0,0,0,0,0,0,0,1,0,0,0,0,,,,,,"20,000円以上 30,000円未満",,"5,000円以上 10,000円未満",,,,,,,,,,,3,3,,,,,,5,どちらともいえない,特になし,金沢東急ホテル,同意する,,,,,,,1972,,,,,,
石川,2026/03/03 18:36:01,東京都,女,1965,,700万円以上 800万円未満,中学生以上連れの家族,2泊,石川県外には泊まらない,金沢エリア  （湯涌温泉、深谷温泉、犀川温泉など）,2泊,,,,,,,,,新幹線,0,0,1,0,0,0,0,,0,0,0,0,5,路線が分かりやすく、支払いもクレジットカードを使えるのが便利,,,初めて,"地元の美味しいものを食べる, 名所、旧跡の観光",0,0,1,0,1,0,0,0,0,0,0,0,0,0,0,0,0,0,"インターネット・アプリ, ブログ, 観光協会等の案内所",0,0,0,0,0,0,0,0,1,0,1,0,0,0,0,0,0,0,0,0,0,1,0,0,0,,,,,,"5,000円以上 10,000円未満",,"1,000円未満",,,,,,,,,,,5,5,実際行ってみてネットの情報以上の感動を得られた,今日行く予定だったが混雑していて入れず、明日再チャレンジする予定でせ,,,,9,また行きたい（1年以内）,全てのバスが、ICカードが適用していると嬉しいです 町全体がこじんまりしているため、身動きが取りやすく、予定も立てやすい,KOKOHOTEL Premier 金沢香林坊,同意する,,,,,,,1965,,,,,,
石川,2026/03/03 20:42:10,千葉県,女,1979,,700万円以上 800万円未満,中学生以上連れの家族,2泊,石川県外には泊まらない,金沢エリア  （湯涌温泉、深谷温泉、犀川温泉など）,2泊,,,,,,,,,新幹線,0,0,1,0,0,0,0,,0,0,0,0,4,バスも短間隔で走っており、ホテルもバス停からすぐ近くだったので便利だった,,,初めて,"温泉や露天風呂, 地元の美味しいものを食べる, 名所、旧跡の観光, スキー・スノボ・マリンスポーツ",0,1,1,0,1,0,0,0,0,0,0,0,0,0,0,0,0,0,インターネット・アプリ,0,0,0,0,0,0,0,0,0,0,1,0,0,0,0,0,0,0,0,0,0,0,0,0,0,,,,,,"30,000円以上 40,000円未満",,"10,000円以上 20,000円未満",,,,,,,,,,,4,5,部屋もきれいで眺望もよかった。朝食も美味しかったです。,フロントロビーの雰囲気も落ち着いていてスタッフの応対もとても良かったです。部屋の設備も揃っていて過ごしやすかった。,,,,10,また行きたい（1年以内）,特になし 交通の便がよい。近い距離で観光を楽しめる。,金沢東急ホテル,同意する,,,,,,,1979,,,,,,
石川,2026/03/03 23:52:53,京都府,男,1971,,800万円以上 900万円未満,職場の同僚,1泊,石川県外には泊まらない,金沢エリア  （湯涌温泉、深谷温泉、犀川温泉など）,1泊,,,,,,,,,新幹線,0,0,1,0,0,0,0,,0,0,0,0,,,,,初めて,"地元の美味しいものを食べる, 名所、旧跡の観光, 出張など仕事関係",0,0,1,0,1,0,0,0,0,0,0,0,0,0,0,0,1,0,"観光展・物産展, インターネット・アプリ",0,0,0,0,0,0,0,0,0,0,1,0,0,0,0,0,0,0,0,0,0,0,1,0,0,,,,,,"5,000円以上 10,000円未満",,"3,000円以上 5,000円未満",,,,,,,,,,,5,5,,,,,,10,また行きたい（1年以内）,特になし,ガーデンホテル金沢,同意する,,,,,,,1971,,,,,,
石川,2026/03/04 12:58:31,和歌山県,男,1996,,100万円未満,自分ひとり,4泊以上,石川県外には泊まらない,金沢エリア  （湯涌温泉、深谷温泉、犀川温泉など）,4泊以上,,,,,,,,,"新幹線, 在来線",0,0,1,1,0,0,0,,0,0,0,0,,,,,初めて,"地元の美味しいものを食べる, スポーツ観戦や芸術鑑賞（コンサート等）, まちあるき、都市散策",0,0,1,0,0,0,0,0,0,0,1,0,0,0,0,0,0,0,観光パンフレット・ポスター,0,0,0,0,0,0,0,0,0,0,0,0,0,0,0,0,0,0,0,0,1,0,0,0,0,,,,,,"10,000円以上 20,000円未満",,使わない,,,,,,,,,,,5,5,休憩できた,お手洗いが綺麗だった,,,,9,また行きたい（1年以内）,特になし,ひがし茶屋休憩館,同意する,,,,,,,1996,,,,,,
石川,2026/03/04 15:01:47,千葉県,男,2003,,200万円以上 300万円未満,友人,1泊,石川県外には泊まらない,金沢エリア  （湯涌温泉、深谷温泉、犀川温泉など）,1泊,,,,,,,,,新幹線,0,0,1,0,0,0,0,,0,0,0,0,4,バス停から少し遠かったが、ほかの観光地が近くて一気に観光しやすかった。,,,2～5回目,"温泉や露天風呂, 地元の美味しいものを食べる, 花見や紅葉などの自然鑑賞, 名所、旧跡の観光",0,1,1,1,1,0,0,0,0,0,0,0,0,0,0,0,0,0,"観光展・物産展, 観光連盟やDMOのHP, X(旧：Twitter)",0,0,0,0,0,1,0,0,0,0,0,0,0,0,0,0,0,0,0,0,0,0,1,1,0,,,,,,"20,000円以上 30,000円未満",,"1,000円未満",,,,,,,,,,,5,5,,綺麗で、とてもわかりやすい展示だった。,,,,10,また行きたい（1年以内）,特になし 観光地の多さと街並みのおしゃれさ。,石川県立歴史博物館,同意する,,,,,,,2003,,,,,,
石川,2026/03/04 15:17:02,千葉県,男,2004,,100万円以上 200万円未満,友人,1泊,石川県外には泊まらない,金沢エリア  （湯涌温泉、深谷温泉、犀川温泉など）,1泊,,,,,,,,,新幹線,0,0,1,0,0,0,0,,0,0,0,0,5,800円で1日路線バスが利用できるので、とても満足していまづ。,,,初めて,"宿でのんびり過ごす, 名所、旧跡の観光, まちあるき、都市散策",1,0,0,0,1,0,0,0,0,0,1,0,0,0,0,0,0,0,"インターネット・アプリ, Instagram",0,0,0,1,0,0,0,0,0,0,1,0,0,0,0,0,0,0,0,0,0,0,0,0,0,,,,,,"5,000円以上 10,000円未満",,"1,000円以上 3,000円未満",,,,,,,,,,,4,5,館内の配置がとても良く、気持ち良く回ることが出来ました。,総合して、外観、内観含めてとても完成度が高くもう一度行きたいと思える施設でした。,,,,3,機会があれば行きたい,石川県の食べ物系の人気のお土産が、わからなかった。 兼六園の中と周辺の散歩が、観光地感がとてもあり、人に薦めたいと感じた。,石川県立歴史博物館,同意する,,,,,,,2004,,,,,,
石川,2026/03/04 16:10:08,石川県,男,2000,,500万円以上 600万円未満,恋人,日帰り,宿泊しない,石川県内には宿泊しない,石川県内には宿泊しない,,,,,,,,,自家用車,1,0,0,0,0,0,0,,0,0,0,0,,,,,6～10回目,地元の美味しいものを食べる,0,0,1,0,0,0,0,0,0,0,0,0,0,0,0,0,0,0,友人・知人,0,0,0,0,0,0,0,0,0,0,0,0,0,0,0,0,0,0,1,0,0,0,0,0,0,,,,,,使わない,,"1,000円以上 3,000円未満",,,,,,,,,,,4,5,,,,,,10,石川県在住,特になし,夢ミルク館（ホリ牧場）,同意する,,,,,,,2000,,,,,,
石川,2026/03/04 17:19:55,大阪府,女,1995,,"900万円以上 1,000万円未満",夫婦2人,4泊以上,岐阜県,金沢エリア  （湯涌温泉、深谷温泉、犀川温泉など）,2泊,,,,,,,,,"新幹線, バス",0,0,1,0,0,0,0,,0,0,0,0,4,,,,初めて,"宿でのんびり過ごす, 地元の美味しいものを食べる, 名所、旧跡の観光, まちあるき、都市散策, 各種体験（手作り、果物狩りなど）",1,0,1,0,1,0,0,0,0,0,1,1,0,0,0,0,0,0,"観光展・物産展, 観光パンフレット・ポスター, インターネット・アプリ",0,0,0,0,0,0,0,0,0,0,1,0,0,0,0,0,0,0,0,0,1,0,1,0,0,,,,,,"10,000円以上 20,000円未満",,"1,000円未満",,,,,,,,,,,5,5,,,,,,8,機会があれば行きたい,重要文化財など歴史にたくさん触れられ、郷土料理や名産品も楽しみ、満喫しました！,金沢蓄音器館,同意する,,,,,,,1995,,,,,,
石川,2026/03/05 6:57:13,栃木県,男,2001,,100万円以上 200万円未満,恋人,日帰り,石川県外には泊まらない,石川県内には宿泊しない,石川県内には宿泊しない,,,,,,,,,自家用車,1,0,0,0,0,0,0,,0,0,0,0,,,,,2～5回目,"地元の美味しいものを食べる, まちあるき、都市散策",0,0,1,0,0,0,0,0,0,0,1,0,0,0,0,0,0,0,X(旧：Twitter),0,0,0,0,0,1,0,0,0,0,0,0,0,0,0,0,0,0,0,0,0,0,0,0,0,,,,,,"1,000円以上 3,000円未満",,"3,000円以上 5,000円未満",,,,,,,,,,,5,4,,,,,,10,機会があれば行きたい,特になし,兼六駐車場,同意する,,,,,,,2001,,,,,,
石川,2026/03/05 6:58:11,愛知県,女,1970,,500万円以上 600万円未満,自分ひとり,1泊,石川県外には泊まらない,金沢エリア  （湯涌温泉、深谷温泉、犀川温泉など）,1泊,,,,,,,,,バス,0,0,0,0,0,0,0,,0,0,0,0,,,,,11回目以上,友人・親戚を訪ねる,0,0,0,0,0,0,0,0,0,0,0,0,0,0,0,0,0,0,"インターネット・アプリ, Instagram, 友人・知人",0,0,0,1,0,0,0,0,0,0,1,0,0,0,0,0,0,0,1,0,0,0,0,0,0,,,,,,"3,000円以上 5,000円未満",,使わない,,,,,,,,,,,4,4,建物が古い、でもお値段がお手頃で駅から近くて良い,,,,,3,また行きたい（1年以内）,カニをもう少しお手頃に食べたい,ガーデンホテル金沢,同意する,,六角堂で夕食,,帰宅,,,1970,,,,,,
石川,2026/03/05 10:19:58,神奈川県,女,2003,,500万円以上 600万円未満,友人,2泊,石川県外には泊まらない,金沢エリア  （湯涌温泉、深谷温泉、犀川温泉など）,2泊,,,,,,,,,新幹線,0,0,1,0,0,0,0,,0,0,0,0,,,,,初めて,"地元の美味しいものを食べる, テーマパーク（遊園地、動物園、博物館など）",0,0,1,0,0,1,0,0,0,0,0,0,0,0,0,0,0,0,"観光パンフレット・ポスター, インターネット・アプリ, Instagram, ブログ",0,0,0,1,0,0,0,0,1,0,1,0,0,0,0,0,0,0,0,0,1,0,0,0,0,,,,,,"5,000円以上 10,000円未満",,"3,000円以上 5,000円未満",,,,,,,,,,,4,5,,,,,,8,機会があれば行きたい,地元ならでは 宿が安い。京都などほど混雑していない。,金沢駅,同意する,,,,,,,2003,,,,,,
石川,2026/03/05 10:22:44,北海道,女,2003,,100万円未満,友人,2泊,石川県外には泊まらない,金沢エリア  （湯涌温泉、深谷温泉、犀川温泉など）,2泊,,,,,,,,,飛行機,0,0,0,0,1,0,0,,0,0,0,0,5,バスがすぐに来たことと、運転が丁寧だったため。,,,初めて,"地元の美味しいものを食べる, 名所、旧跡の観光, 買い物、アウトレット, まちあるき、都市散策, 各種体験（手作り、果物狩りなど）",0,0,1,0,1,0,1,0,0,0,1,1,0,0,0,0,0,0,"観光パンフレット・ポスター, インターネット・アプリ, X(旧：Twitter), Instagram, ブログ",0,0,0,1,0,1,0,0,1,0,1,0,0,0,0,0,0,0,0,0,1,0,0,0,0,,,,,,"10,000円以上 20,000円未満",,"5,000円以上 10,000円未満",,,,,,,,,,,5,5,お土産が充実していて楽しいため。,商業施設内も道幅がひろく、商品を見やすくて快適なため。,,,,10,また行きたい（1年以内）,小松のタレの取扱いを金沢駅にも増やして欲しいです。 近江町市場の回転寿司がネタが大きくてとても美味しかったです。,金沢駅,同意する,,,,,,,2003,,,,,,
石川,2026/03/05 10:24:47,東京都,女,2003,,100万円未満,友人,2泊,石川県外には泊まらない,金沢エリア  （湯涌温泉、深谷温泉、犀川温泉など）,2泊,,,,,,,,,新幹線,0,0,1,0,0,0,0,,0,0,0,0,,,,,初めて,"地元の美味しいものを食べる, 名所、旧跡の観光, テーマパーク（遊園地、動物園、博物館など）, 買い物、アウトレット, まちあるき、都市散策",0,0,1,0,1,1,1,0,0,0,1,0,0,0,0,0,0,0,"観光連盟やDMOのHP, インターネット・アプリ",0,0,0,0,0,0,0,0,0,0,1,0,0,0,0,0,0,0,0,0,0,0,0,1,0,,,,,,"5,000円以上 10,000円未満",,"3,000円以上 5,000円未満",,,,,,,,,,,5,4,お土産屋さんの規模が大きかった。欲を言えば、能登エリアや加賀エリアのお土産がもっとあっても良いと思った。,飲食店やお土産屋さんなど施設が充実していると感じた。また、飲食店の価格帯もリーズナブルなものからあり利用しやすかった。,,,,9,機会があれば行きたい,今のままでも十分魅力的に感じた 歴史を学べるところ、食がおいしいところ、道が整備されていて歩きやすく年老いても来れそうなところ,金沢駅,同意する,,,,,,,2003,,,,,,
石川,2026/03/05 11:12:56,石川県,女,1982,,400万円以上 500万円未満,親,日帰り,石川県外には泊まらない,石川県内には宿泊しない,石川県内には宿泊しない,,,,,,,,,県外から訪れていない（石川県内在住）,0,0,0,0,0,0,0,,0,0,0,0,,,,,初めて,名所、旧跡の観光,0,0,0,0,1,0,0,0,0,0,0,0,0,0,0,0,0,0,X(旧：Twitter),0,0,0,0,0,1,0,0,0,0,0,0,0,0,0,0,0,0,0,0,0,0,0,0,0,,,,,,使わない,,"1,000円以上 3,000円未満",,,,,,,,,,,4,5,,,,,,10,機会があれば行きたい,特になし,金沢湯涌夢二館,同意する,,,,,,,1982,,,,,,
石川,2026/03/05 15:12:48,東京都,女,1984,,"1,500万円以上",中学生以上連れの家族,2泊,富山県,金沢エリア  （湯涌温泉、深谷温泉、犀川温泉など）,1泊,,,,,,,,,新幹線,0,0,1,0,0,0,0,,0,0,0,0,,,,,2～5回目,地元の美味しいものを食べる,0,0,1,0,0,0,0,0,0,0,0,0,0,0,0,0,0,0,"インターネット・アプリ, 観光協会等の案内所",0,0,0,0,0,0,0,0,0,0,1,0,0,0,0,0,0,0,0,0,0,1,0,0,0,,,,,,"20,000円以上 30,000円未満",,"5,000円以上 10,000円未満",,,,,,,,,,,5,4,,特に不満がないので,,,,9,機会があれば行きたい,石川県は食事や和菓子、お土産など魅力的なものが多く、観光としてとても満足度が高いと感じました。街歩きも楽しく、食や文化を体験できるアクティビティが増えるとさらに魅力的になると思います。 美味しい海鮮と和菓子,ホテル日航金沢,同意する,,,,,,,1984,,,,,,
石川,2026/03/05 16:39:04,神奈川県,女,1964,,500万円以上 600万円未満,夫婦2人,3泊,石川県外には泊まらない,金沢エリア  （湯涌温泉、深谷温泉、犀川温泉など）,3泊,,,,,,,,,新幹線,0,0,1,0,0,0,0,,0,0,0,0,,,,,2～5回目,"地元の美味しいものを食べる, 各種体験（手作り、果物狩りなど）",0,0,1,0,0,0,0,0,0,0,0,1,0,0,0,0,0,0,観光協会等の案内所,0,0,0,0,0,0,0,0,0,0,0,0,0,0,0,0,0,0,0,0,0,1,0,0,0,,,,,,"30,000円以上 40,000円未満",,"5,000円以上 10,000円未満",,,,,,,,,,,5,5,楽しく体験ができ出来映えも満足。,大変丁寧におしえてくれた。,,,,10,また行きたい（1年以内）,体験ものを増やしてほしい。バスを乗る時にパスモが使えるといい。 美味しいもの、蟹やお寿司,今井金箔本店,同意する,,,,,,,1964,,,,,,
石川,2026/03/05 16:43:53,神奈川県,男,1961,,400万円以上 500万円未満,夫婦2人,3泊,石川県外には泊まらない,金沢エリア  （湯涌温泉、深谷温泉、犀川温泉など）,3泊,,,,,,,,,新幹線,0,0,1,0,0,0,0,,0,0,0,0,,,,,6～10回目,"宿でのんびり過ごす, 地元の美味しいものを食べる, まちあるき、都市散策, 各種体験（手作り、果物狩りなど）",1,0,1,0,0,0,0,0,0,0,1,1,0,0,0,0,0,0,"TV・ラジオ番組やCM, インターネット・アプリ, 観光協会等の案内所",0,0,0,0,0,0,0,0,0,0,1,0,0,0,1,0,0,0,0,0,0,1,0,0,0,,,,,,"10,000円以上 20,000円未満",,"1,000円以上 3,000円未満",,,,,,,,,,,5,5,体験が楽しかった,金箔商品が充実している,,,,9,また行きたい（1年以内）,特になし 蟹が美味しい,今井金箔,同意する,,大和百貨店香林坊店,,,,,1961,,,,,,
石川,2026/03/05 18:17:59,大分県,女,1972,,800万円以上 900万円未満,中学生以上連れの家族,2泊,石川県外には泊まらない,金沢エリア  （湯涌温泉、深谷温泉、犀川温泉など）,2泊,,,,,,,,,新幹線,0,0,1,0,0,0,0,,0,0,0,0,,,,,初めて,"地元の美味しいものを食べる, 名所、旧跡の観光",0,0,1,0,1,0,0,0,0,0,0,0,0,0,0,0,0,0,インターネット・アプリ,0,0,0,0,0,0,0,0,0,0,1,0,0,0,0,0,0,0,0,0,0,0,0,0,0,,,,,,"20,000円以上 30,000円未満",,"1,000円未満",,,,,,,,,,,5,4,ウェルカムのお茶が嬉しかったです。,清潔感があって、お部屋の広さも良かった。トイレと風呂が別なのも満足でした。,,,,8,機会があれば行きたい,満足だったので特にありません 落ち着く,ホテル・トリフィート金沢,同意する,,,,,,,1972,,,,,,
石川,2026/03/05 18:19:11,熊本県,女,2005,,100万円未満,親,2泊,石川県外には泊まらない,金沢エリア  （湯涌温泉、深谷温泉、犀川温泉など）,2泊,,,,,,,,,"新幹線, 在来線",0,0,1,1,0,0,0,,0,0,0,0,,,,,初めて,"宿でのんびり過ごす, 地元の美味しいものを食べる, 名所、旧跡の観光, まちあるき、都市散策",1,0,1,0,1,0,0,0,0,0,1,0,0,0,0,0,0,0,インターネット・アプリ,0,0,0,0,0,0,0,0,0,0,1,0,0,0,0,0,0,0,0,0,0,0,0,0,0,,,,,,"20,000円以上 30,000円未満",,"1,000円未満",,,,,,,,,,,5,4,welcamedrinkや、朝ごはんなどで石川を楽しめる物が充実していて良い,とても館内が綺麗で、部屋も風呂とトイレが別になっているのも良い,,,,8,機会があれば行きたい,特になし とても風情があり落ち着くから。日本の良さを感じられタイムスリップしたような感じがして楽しかったから。また魅せる城、金沢城など昔からの洗練された建物が多く見応えがあったから。,ホテル・トリフィート金沢,同意する,,,,,,,2005,,,,,,
石川,2026/03/05 19:47:17,東京都,男,1998,,500万円以上 600万円未満,自分ひとり,1泊,石川県外には泊まらない,金沢エリア  （湯涌温泉、深谷温泉、犀川温泉など）,1泊,,,,,,,,,高速バス,0,0,0,0,0,0,0,,0,0,0,0,,,,,2～5回目,"地元の美味しいものを食べる, 花見や紅葉などの自然鑑賞, 名所、旧跡の観光, 蓮ノ空",0,0,1,1,1,0,0,0,0,0,0,0,0,0,0,0,0,0,"観光連盟やDMOのHP, インターネット・アプリ, X(旧：Twitter), 観光協会等の案内所",0,0,0,0,0,1,0,0,0,0,1,0,0,0,0,0,0,0,0,0,0,1,0,1,0,,,,,,"3,000円以上 5,000円未満",,"1,000円以上 3,000円未満",,,,,,,,,,,5,5,,,,,,9,また行きたい（1年以内）,蓮ノ空コラボ,茜や,同意する,,金沢城,,,,,1998,,,,,,
石川,2026/03/06 9:43:15,東京都,男,1974,,300万円以上 400万円未満,自分ひとり,1泊,大阪,金沢エリア  （湯涌温泉、深谷温泉、犀川温泉など）,4泊以上,,,,,,,,,新幹線,0,0,1,0,0,0,0,,0,0,0,0,5,,,,初めて,"温泉や露天風呂, 地元の美味しいものを食べる, 名所、旧跡の観光, まちあるき、都市散策",0,1,1,0,1,0,0,0,0,0,1,0,0,0,0,0,0,0,"Instagram, Facebook",1,0,0,1,0,0,0,0,0,0,0,0,0,0,0,0,0,0,0,0,0,0,0,0,0,,,,,,"10,000円以上 20,000円未満",,"3,000円以上 5,000円未満",,,,,,,,,,,5,5,,,,,,10,機会があれば行きたい,特になし,ガーデンホテル金沢,同意する,,,,,,,1974,,,,,,
石川,2026/03/06 11:04:02,滋賀県,女,1974,,600万円以上 700万円未満,団体旅行,1泊,石川県外には泊まらない,金沢エリア  （湯涌温泉、深谷温泉、犀川温泉など）,1泊,,,,,,,,,旅行会社ツアーバス,0,0,0,0,0,1,0,,0,0,0,0,,,,,初めて,"地元の美味しいものを食べる, テーマパーク（遊園地、動物園、博物館など）",0,0,1,0,0,1,0,0,0,0,0,0,0,0,0,0,0,0,"新聞・雑誌・ガイドブック, 友人・知人",0,0,0,0,0,0,0,0,0,0,0,0,0,0,0,0,1,0,1,0,0,0,0,0,0,,,,,,"5,000円以上 10,000円未満",,"1,000円以上 3,000円未満",,,,,,,,,,,5,4,展示数が多かった,初めてだったので,,,,5,機会があれば行きたい,特になし 料理の豊富さ。ホスピタリティ,石川県立美術館,同意する,,,,,,,1974,,,,,,
石川,2026/03/06 12:29:16,富山県,女,1963,,400万円以上 500万円未満,自分ひとり,日帰り,石川県外には泊まらない,石川県内には宿泊しない,石川県内には宿泊しない,,,,,,,,,在来線,0,0,0,1,0,0,0,,0,0,0,0,3,少し遠いけれど、見どころはいろいろあります。,,,11回目以上,名所、旧跡の観光,0,0,0,0,1,0,0,0,0,0,0,0,0,0,0,0,0,0,インターネット・アプリ,0,0,0,0,0,0,0,0,0,0,1,0,0,0,0,0,0,0,0,0,0,0,0,0,0,,,,,,使わない,,"1,000円未満",,,,,,,,,,,4,4,きれいです,整っています,,,,8,機会があれば行きたい,近江町が安ければいいです 兼六園の梅,金沢城公園,同意する,,,,,,,1963,,,,,,
石川,2026/03/06 13:36:52,京都府,男,2000,,500万円以上 600万円未満,自分ひとり,2泊,石川県外には泊まらない,金沢エリア  （湯涌温泉、深谷温泉、犀川温泉など）,2泊,,,,,,,,,"新幹線, 在来線",0,0,1,1,0,0,0,,0,0,0,0,4,バスの本数が多く助かりました,,,2～5回目,"名所、旧跡の観光, 出張など仕事関係",0,0,0,0,1,0,0,0,0,0,0,0,0,0,0,0,1,0,"観光展・物産展, インターネット・アプリ",0,0,0,0,0,0,0,0,0,0,1,0,0,0,0,0,0,0,0,0,0,0,1,0,0,,,,,,"10,000円以上 20,000円未満",,"1,000円未満",,,,,,,,,,,5,4,前来た時にはVRなんてなかった気がしたので,上記におなじ,,,,10,機会があれば行きたい,安くておいしいかに料理 兼六園と金沢城のライトアップ、豊富な海産物とおでん、夜の金沢芸術館,金沢城公園,同意する,,,,,,,2000,,,,,,
石川,2026/03/06 14:59:02,埼玉県,女,1959,,200万円以上 300万円未満,友人,1泊,石川県外には泊まらない,金沢エリア  （湯涌温泉、深谷温泉、犀川温泉など）,1泊,,,,,,,,,新幹線,0,0,1,0,0,0,0,,0,0,0,0,5,金沢駅からタクシーやバスも沢山出ていて待ち時間なく目的地まで行けた事、またバス停到着マークの表示もあり、大変便利でした,,,2～5回目,"地元の美味しいものを食べる, 花見や紅葉などの自然鑑賞, 名所、旧跡の観光",0,0,1,1,1,0,0,0,0,0,0,0,0,0,0,0,0,0,"観光展・物産展, TV・ラジオ番組やCM, 観光パンフレット・ポスター, 友人・知人, タクシードライバーや地元の人",0,0,0,0,0,0,0,0,0,0,0,0,0,0,1,0,0,0,1,1,1,0,1,0,0,,,,,,"5,000円以上 10,000円未満",,"3,000円以上 5,000円未満",,,,,,,,,,,5,4,,,,,,10,また行きたい（1年以内）,新鮮なお魚や和菓子など、とても美味しい食べ物と文化施設が沢山ある事。市内をスムーズにまわれるため、若者から高齢者にも観光しやすいと感じました！春夏秋冬訪れたいです どの季節でもお魚がとても美味しく、更に価格がやさしいため！！,金沢東急ホテル,同意する,,石浦神社,,県立図書館、鈴木大拙館,,,1959,,,,,,
石川,2026/03/06 15:42:51,大阪府,男,1986,,"1,000万円以上 1,200万円未満",自分ひとり,1泊,石川県外には泊まらない,金沢エリア  （湯涌温泉、深谷温泉、犀川温泉など）,1泊,,,,,,,,,新幹線,0,0,1,0,0,0,0,,0,0,0,0,,,,,11回目以上,出張など仕事関係,0,0,0,0,0,0,0,0,0,0,0,0,0,0,0,0,1,0,"観光展・物産展, X(旧：Twitter), Instagram",0,0,0,1,0,1,0,0,0,0,0,0,0,0,0,0,0,0,0,0,0,0,1,0,0,,,,,,"10,000円以上 20,000円未満",,"1,000円以上 3,000円未満",,,,,,,,,,,5,4,,,,,,9,また行きたい（1年以内）,特になし,金沢駅,同意する,,,,,,,1986,,,,,,
石川,2026/03/06 15:56:52,栃木県,男,1974,,"1,500万円以上",親、兄夫婦、自分、嫁、妹、皆で,2泊,富山県,金沢エリア  （湯涌温泉、深谷温泉、犀川温泉など）,1泊,,,,,,,,,新幹線,0,0,1,0,0,0,0,,0,0,0,0,5,新幹線はグランクラスで快適な空間だった。路線バスもそれほど混んでなく早くバスが来たので満足,,,初めて,"地元の美味しいものを食べる, 名所、旧跡の観光",0,0,1,0,1,0,0,0,0,0,0,0,0,0,0,0,0,0,インターネット・アプリ,0,0,0,0,0,0,0,0,0,0,1,0,0,0,0,0,0,0,0,0,0,0,0,0,0,,,,,,"50,000円以上 100,000円未満",,"50,000円以上 100,000円未満",,,,,,,,,,,4,5,寿司やコース料理等、全ての料理がとても美味しかった。,ひがし茶屋街は趣があってよかった。近江町市場は、いろいろな店があって活気があり見ていて楽しい。お寿司美味しかった。,,,,9,機会があれば行きたい,金沢駅のあんとでお土産買ったけれど、訪れる人の数に対してお土産屋さんの配置が良くないので、お店を回りづらい。お弁当が多くてお土産売り場って感じがあまりしない。麩饅頭を買って帰りたかったが、冷蔵で帰りが長時間かかるので、買うのを諦めた（冷凍があると良かった） お寿司、のどぐろ、白子、ガス海老、ずわい蟹等新鮮で臭みが全くなくて美味しかった。,ホテル日航金沢,同意する,,,,,,,1974,,,,,,
石川,2026/03/06 16:05:52,千葉県,女,1970,,"1,200万円以上 1,500万円未満",夫婦2人,4泊以上,富山県,能登エリア （和倉温泉、七尾市、輪島市、珠洲市など）,2泊,,,,,,,,,"レンタカー, 新幹線",0,1,1,0,0,0,0,,0,0,0,0,5,とてもよい,,,初めて,"宿でのんびり過ごす, 温泉や露天風呂, 地元の美味しいものを食べる, 名所、旧跡の観光",1,1,1,0,1,0,0,0,0,0,0,0,0,0,0,0,0,0,観光パンフレット・ポスター,0,0,0,0,0,0,0,0,0,0,0,0,0,0,0,0,0,0,0,0,1,0,0,0,0,,,,,,"100,000円以上",,"5,000円以上 10,000円未満",,,,,,,,,,,5,5,,,,,,10,また行きたい（1年以内）,伝統,金沢能楽美術館,同意する,,,,,,,1970,,,,,,
石川,2026/03/06 17:42:02,岐阜県,女,2005,,800万円以上 900万円未満,親,1泊,石川県外には泊まらない,金沢エリア  （湯涌温泉、深谷温泉、犀川温泉など）,1泊,,,,,,,,,"新幹線, 在来線",0,0,1,1,0,0,0,,0,0,0,0,4,新幹線がとても綺麗、乗りやすかった,,,初めて,"地元の美味しいものを食べる, テーマパーク（遊園地、動物園、博物館など）, まちあるき、都市散策, 各種体験（手作り、果物狩りなど）",0,0,1,0,0,1,0,0,0,0,1,1,0,0,0,0,0,0,Instagram,0,0,0,1,0,0,0,0,0,0,0,0,0,0,0,0,0,0,0,0,0,0,0,0,0,,,,,,"10,000円以上 20,000円未満",,"30,000円以上 40,000円未満",,,,,,,,,,,4,5,安くとても良い部屋に泊まれた,安くとても良い部屋に泊まれた,,,,10,また行きたい（1年以内）,海鮮 徒歩でも楽しめることが沢山ある,金沢東急ホテル,同意する,,,,,,,2005,,,,,,
石川,2026/03/06 18:19:29,新潟県,女,2001,,100万円以上 200万円未満,自分ひとり,1泊,石川県外には泊まらない,金沢エリア  （湯涌温泉、深谷温泉、犀川温泉など）,1泊,,,,,,,,,高速バス,0,0,0,0,0,0,0,,0,0,0,0,4,,,,初めて,"地元の美味しいものを食べる, 名所、旧跡の観光",0,0,1,0,1,0,0,0,0,0,0,0,0,0,0,0,0,0,"インターネット・アプリ, X(旧：Twitter), Instagram, TikTok",0,0,0,1,1,1,0,0,0,0,1,0,0,0,0,0,0,0,0,0,0,0,0,0,0,,,,,,"3,000円以上 5,000円未満",,"1,000円以上 3,000円未満",,,,,,,,,,,4,4,,,,,,7,機会があれば行きたい,特になし,金沢駅,同意する,,,,,,,2001,,,,,,
石川,2026/03/06 20:10:06,東京都,女,1963,,"1,200万円以上 1,500万円未満",夫婦2人,2泊,石川県外には泊まらない,金沢エリア  （湯涌温泉、深谷温泉、犀川温泉など）,2泊,,,,,,,,,新幹線,0,0,1,0,0,0,0,,0,0,0,0,4,,,,2～5回目,花見や紅葉などの自然鑑賞,0,0,0,1,0,0,0,0,0,0,0,0,0,0,0,0,0,0,"新聞・雑誌・ガイドブック, 観光パンフレット・ポスター",0,0,0,0,0,0,0,0,0,0,0,0,0,0,0,0,1,0,0,0,1,0,0,0,0,,,,,,"50,000円以上 100,000円未満",,"5,000円以上 10,000円未満",,,,,,,,,,,4,4,,,,,,8,また行きたい（1年以内）,加賀野菜,KKRホテル金沢,同意する,,,,,,,1963,,,,,,
石川,2026/03/07 9:12:26,東京都,女,2002,,700万円以上 800万円未満,親,1泊,石川県外には泊まらない,金沢エリア  （湯涌温泉、深谷温泉、犀川温泉など）,1泊,,,,,,,,,"新幹線, 在来線",0,0,1,1,0,0,0,,0,0,0,0,,,,,初めて,"地元の美味しいものを食べる, 名所、旧跡の観光, まちあるき、都市散策",0,0,1,0,1,0,0,0,0,0,1,0,0,0,0,0,0,0,新聞・雑誌・ガイドブック,0,0,0,0,0,0,0,0,0,0,0,0,0,0,0,0,1,0,0,0,0,0,0,0,0,,,,,,"20,000円以上 30,000円未満",,使わない,,,,,,,,,,,5,5,丁寧な対応だったから,料理も美味しく部屋も綺麗だから,,,,10,機会があれば行きたい,特になし 街が素敵で料理も美味しいから,ホテル・トリフィート金沢,同意する,,,,,,,2002,,,,,,
石川,2026/03/07 10:01:15,石川県,女,1976,,400万円以上 500万円未満,友人,1泊,石川県外には泊まらない,金沢エリア  （湯涌温泉、深谷温泉、犀川温泉など）,1泊,,,,,,,,,自家用車,1,0,0,0,0,0,0,,0,0,0,0,5,駅から近い,,,2～5回目,地元の美味しいものを食べる,0,0,1,0,0,0,0,0,0,0,0,0,0,0,0,0,0,0,Instagram,0,0,0,1,0,0,0,0,0,0,0,0,0,0,0,0,0,0,0,0,0,0,0,0,0,,,,,,"5,000円以上 10,000円未満",,"3,000円以上 5,000円未満",,,,,,,,,,,5,5,綺麗広々,綺麗広々,,,,10,また行きたい（1年以内）,特になし 宿も食も良き,四季の彩アパートメントホテル金沢,同意する,,,,,,,1976,,,,,,
石川,2026/03/07 10:03:30,石川県,女,1973,,300万円以上 400万円未満,友人,1泊,石川県外には泊まらない,金沢エリア  （湯涌温泉、深谷温泉、犀川温泉など）,1泊,,,,,,,,,自家用車,1,0,0,0,0,0,0,,0,0,0,0,5,,,,2～5回目,"宿でのんびり過ごす, 地元の美味しいものを食べる, まちあるき、都市散策",1,0,1,0,0,0,0,0,0,0,1,0,0,0,0,0,0,0,"新聞・雑誌・ガイドブック, TV・ラジオ番組やCM",0,0,0,0,0,0,0,0,0,0,0,0,0,0,1,0,1,0,0,0,0,0,0,0,0,,,,,,"10,000円以上 20,000円未満",,"5,000円以上 10,000円未満",,,,,,,,,,,5,5,,,,,,10,また行きたい（1年以内）,新鮮な魚を食べたい,四季の彩アパートメントホテル金沢,同意する,,,,,,,1973,,,,,,
石川,2026/03/07 10:04:08,石川県,女,1975,,300万円以上 400万円未満,恋人,1泊,石川県外には泊まらない,金沢エリア  （湯涌温泉、深谷温泉、犀川温泉など）,1泊,,,,,,,,,自家用車,1,0,0,0,0,0,0,,0,0,0,0,4,部屋が豪華,,,初めて,宿でのんびり過ごす,1,0,0,0,0,0,0,0,0,0,0,0,0,0,0,0,0,0,友人・知人,0,0,0,0,0,0,0,0,0,0,0,0,0,0,0,0,0,0,1,0,0,0,0,0,0,,,,,,"3,000円以上 5,000円未満",,"20,000円以上 30,000円未満",,,,,,,,,,,5,5,豪華　広さ,,,,,9,また行きたい（1年以内）,温泉だとなおいい,四季の彩アパートメントホテル金沢,同意する,,,,,,,1975,,,,,,
石川,2026/03/07 10:06:20,石川県,女,1973,,300万円以上 400万円未満,友人,1泊,石川県外には泊まらない,石川県内には宿泊しない,石川県内には宿泊しない,,,,,,,,,自家用車,1,0,0,0,0,0,0,,0,0,0,0,,とっても雰囲気もあり良かった,,,初めて,"宿でのんびり過ごす, 地元の美味しいものを食べる",1,0,1,0,0,0,0,0,0,0,0,0,0,0,0,0,0,0,友人・知人,0,0,0,0,0,0,0,0,0,0,0,0,0,0,0,0,0,0,1,0,0,0,0,0,0,,,,,,"3,000円以上 5,000円未満",,"5,000円以上 10,000円未満",,,,,,,,,,,4,5,雰囲気と清潔感,雰囲気,,,,8,機会があれば行きたい,香水作り,四季の彩アパートメントホテル金沢,同意する,,,,,,,1973,,,,,,
石川,2026/03/07 10:08:44,石川県,女,1977,,200万円以上 300万円未満,友人,1泊,石川県外には泊まらない,金沢エリア  （湯涌温泉、深谷温泉、犀川温泉など）,1泊,,,,,,,,,県外から訪れていない（石川県内在住）,0,0,0,0,0,0,0,,0,0,0,0,,,,,初めて,"宿でのんびり過ごす, 地元の美味しいものを食べる",1,0,1,0,0,0,0,0,0,0,0,0,0,0,0,0,0,0,友人・知人,0,0,0,0,0,0,0,0,0,0,0,0,0,0,0,0,0,0,1,0,0,0,0,0,0,,,,,,"3,000円以上 5,000円未満",,"5,000円以上 10,000円未満",,,,,,,,,,,5,3,,,,,,10,石川県在住,特になし,四季の彩アパートメントホテル金沢,同意する,,,,,,,1977,,,,,,
石川,2026/03/07 10:39:07,愛知県,女,1998,,600万円以上 700万円未満,恋人,1泊,石川県外には泊まらない,金沢エリア  （湯涌温泉、深谷温泉、犀川温泉など）,1泊,,,,,,,,,旅行会社ツアーバス,0,0,0,0,0,1,0,,0,0,0,0,,,,,2～5回目,"地元の美味しいものを食べる, 名所、旧跡の観光",0,0,1,0,1,0,0,0,0,0,0,0,0,0,0,0,0,0,"TV・ラジオ番組やCM, Instagram",0,0,0,1,0,0,0,0,0,0,0,0,0,0,1,0,0,0,0,0,0,0,0,0,0,,,,,,"30,000円以上 40,000円未満",,"1,000円以上 3,000円未満",,,,,,,,,,,4,4,,,,,,8,機会があれば行きたい,なし,金沢駅,同意する,,,,,,,1998,,,,,,
石川,2026/03/07 10:56:06,茨城県,男,1988,,500万円以上 600万円未満,自分ひとり,1泊,福井県,金沢エリア  （湯涌温泉、深谷温泉、犀川温泉など）,1泊,,,,,,,,,新幹線,0,0,1,0,0,0,0,,0,0,0,0,5,とても過ごしやすい素晴らしいホテルでした。また利用します！,,,初めて,"宿でのんびり過ごす, 地元の美味しいものを食べる, 出張など仕事関係",1,0,1,0,0,0,0,0,0,0,0,0,0,0,0,0,1,0,"X(旧：Twitter), Instagram",0,0,0,1,0,1,0,0,0,0,0,0,0,0,0,0,0,0,0,0,0,0,0,0,0,,,,,,"5,000円以上 10,000円未満",,"5,000円以上 10,000円未満",,,,,,,,,,,5,5,,,,,,10,また行きたい（1年以内）,特になし,ホテルウィングインターナショナルプレミアム金沢駅前,同意する,,,,,,,1988,,,,,,
石川,2026/03/07 11:28:14,神奈川県,女,1994,,800万円以上 900万円未満,親,2泊,石川県外には泊まらない,金沢エリア  （湯涌温泉、深谷温泉、犀川温泉など）,2泊,,,,,,,,,"新幹線, 在来線",0,0,1,1,0,0,0,,0,0,0,0,,,,,2～5回目,"温泉や露天風呂, 地元の美味しいものを食べる, 名所、旧跡の観光, まちあるき、都市散策, 各種体験（手作り、果物狩りなど）",0,1,1,0,1,0,0,0,0,0,1,1,0,0,0,0,0,0,"観光連盟やDMOのHP, インターネット・アプリ, 友人・知人",0,0,0,0,0,0,0,0,0,0,1,0,0,0,0,0,0,0,1,0,0,0,0,1,0,,,,,,"30,000円以上 40,000円未満",,"5,000円以上 10,000円未満",,,,,,,,,,,5,5,綺麗だから,,,,,7,また行きたい（1年以内）,美味しいものをたくさん食べたい ごはんが美味しい,尾山神社,同意する,,,,,,,1994,,,,,,
石川,2026/03/07 11:28:25,神奈川県,女,1964,,"1,200万円以上 1,500万円未満",中学生以上連れの家族,2泊,石川県外には泊まらない,金沢エリア  （湯涌温泉、深谷温泉、犀川温泉など）,2泊,,,,,,,,,新幹線,0,0,1,0,0,0,0,,0,0,0,0,,,,,初めて,"地元の美味しいものを食べる, 名所、旧跡の観光, まちあるき、都市散策, 各種体験（手作り、果物狩りなど）",0,0,1,0,1,0,0,0,0,0,1,1,0,0,0,0,0,0,友人・知人,0,0,0,0,0,0,0,0,0,0,0,0,0,0,0,0,0,0,1,0,0,0,0,0,0,,,,,,"30,000円以上 40,000円未満",,"1,000円未満",,,,,,,,,,,4,4,,,,,,8,機会があれば行きたい,海の幸、加賀野菜〜楽しみに来ています,尾山神社,同意する,,,,,,,1964,,,,,,
石川,2026/03/07 11:28:40,神奈川県,男,1967,,100万円未満,中学生以上連れの家族,2泊,石川県外には泊まらない,金沢エリア  （湯涌温泉、深谷温泉、犀川温泉など）,2泊,,,,,,,,,新幹線,0,0,1,0,0,0,0,,0,0,0,0,,,,,初めて,"温泉や露天風呂, 地元の美味しいものを食べる, 買い物、アウトレット, まちあるき、都市散策",0,1,1,0,0,0,1,0,0,0,1,0,0,0,0,0,0,0,インターネット・アプリ,0,0,0,0,0,0,0,0,0,0,1,0,0,0,0,0,0,0,0,0,0,0,0,0,0,,,,,,"30,000円以上 40,000円未満",,"1,000円未満",,,,,,,,,,,5,5,何もないのがいい,何もないのがいい,,,,10,また行きたい（1年以内）,白エビ美味しい,尾山神社,同意する,,,,,,,1967,,,,,,
石川,2026/03/07 11:55:32,東京都,男,1993,,500万円以上 600万円未満,自分ひとり,1泊,石川県外には泊まらない,金沢エリア  （湯涌温泉、深谷温泉、犀川温泉など）,1泊,,,,,,,,,飛行機,0,0,0,0,1,0,0,,0,0,0,0,2,非常に混雑しており、遅延が目立つ,,,初めて,名所、旧跡の観光,0,0,0,0,1,0,0,0,0,0,0,0,0,0,0,0,0,0,"インターネット・アプリ, Instagram",0,0,0,1,0,0,0,0,0,0,1,0,0,0,0,0,0,0,0,0,0,0,0,0,0,,,,,,"5,000円以上 10,000円未満",,使わない,,,,,,,,,,,4,4,,,,,,7,また行きたい（1年以内）,特になし,石川県立図書館,同意する,,,,金沢港,,,1993,,,,,,
石川,2026/03/07 13:42:49,新潟県,女,1987,,400万円以上 500万円未満,小学生以下連れの家族,日帰り,石川県外には泊まらない,石川県内には宿泊しない,石川県内には宿泊しない,,,,,,,,,自家用車,1,0,0,0,0,0,0,,0,0,0,0,,,,,初めて,お祭りやイベントへの参加・見物,0,0,0,0,0,0,0,1,0,0,0,0,0,0,0,0,0,0,インターネット・アプリ,0,0,0,0,0,0,0,0,0,0,1,0,0,0,0,0,0,0,0,0,0,0,0,0,0,,,,,,使わない,,"5,000円以上 10,000円未満",,,,,,,,,,,4,4,,,,,,5,機会があれば行きたい,まちあるき,石川県立歴史博物館,同意する,,,,,,,1987,,,,,,
石川,2026/03/07 13:49:54,富山県,男,1962,,100万円以上 200万円未満,夫婦2人,日帰り,石川県外には泊まらない,石川県内には宿泊しない,石川県内には宿泊しない,,,,,,,,,在来線,0,0,0,1,0,0,0,,0,0,0,0,3,不満も満足もない,,,11回目以上,テーマパーク（遊園地、動物園、博物館など）,0,0,0,0,0,1,0,0,0,0,0,0,0,0,0,0,0,0,新聞・雑誌・ガイドブック,0,0,0,0,0,0,0,0,0,0,0,0,0,0,0,0,1,0,0,0,0,0,0,0,0,,,,,,使わない,,"1,000円未満",,,,,,,,,,,5,5,楽しかった,不満はない,,,,10,また行きたい（1年以内）,特になし 展示が楽しかった,石川県立歴史博物館,同意する,,駅から直接来た,,石川県立美術館,,,1962,,,,,,
石川,2026/03/07 14:07:29,愛知県,女,2007,,"1,500万円以上",恋人,1泊,福井県,金沢エリア  （湯涌温泉、深谷温泉、犀川温泉など）,4泊以上,,,,,,,,,"新幹線, 在来線",0,0,1,1,0,0,0,,0,0,0,0,,リファのアイロンがあって最高でした,,,初めて,"宿でのんびり過ごす, 温泉や露天風呂, 地元の美味しいものを食べる, 名所、旧跡の観光, スポーツ観戦や芸術鑑賞（コンサート等）, まちあるき、都市散策, 友人・親戚を訪ねる",1,1,1,0,1,0,0,0,0,0,1,0,0,0,0,0,0,0,インターネット・アプリ,0,0,0,0,0,0,0,0,0,0,1,0,0,0,0,0,0,0,0,0,0,0,0,0,0,,,,,,"20,000円以上 30,000円未満",,"20,000円以上 30,000円未満",,,,,,,,,,,5,5,いっぱい飲めるコーヒーがあって最高でした,とても綺麗で快適でした,,,,10,また行きたい（1年以内）,もう最高すぎた 加賀おでん,ダイワロイネットホテル金沢MIYABI,同意する,,,,,,,2007,,,,,,
石川,2026/03/07 14:12:00,東京都,女,1992,,700万円以上 800万円未満,自分ひとり,2泊,石川県外には泊まらない,金沢エリア  （湯涌温泉、深谷温泉、犀川温泉など）,2泊,,,,,,,,,"新幹線, 在来線",0,0,1,1,0,0,0,,0,0,0,0,,,,,初めて,"宿でのんびり過ごす, 地元の美味しいものを食べる, 花見や紅葉などの自然鑑賞, 名所、旧跡の観光, まちあるき、都市散策",1,0,1,1,1,0,0,0,0,0,1,0,0,0,0,0,0,0,歩いていたら目の前を通ったので立ち寄った。,0,0,0,0,0,0,0,0,0,0,0,0,0,0,0,0,0,0,0,0,0,0,0,0,1,,,,,,"10,000円以上 20,000円未満",,使わない,,,,,,,,,,,5,4,北陸の情報が沢山ある。,,,,,8,また行きたい（1年以内）,和菓子が好きなので、和菓子を求めて来ました。沢山のお店を巡れて楽しかったです。 ご飯が美味しい、観光地が多い。,金沢中央観光案内所,同意する,,,,,,,1992,,,,,,
石川,2026/03/07 15:09:46,宮崎県,男,1961,,300万円以上 400万円未満,娘家族,3泊,京都,石川県内には宿泊しない,石川県内には宿泊しない,,,,,,,,,飛行機,0,0,0,0,1,0,0,,0,0,0,0,3,道路は広い,,,初めて,墓参り,0,0,0,0,0,0,0,0,0,0,0,0,0,0,0,0,0,0,親戚,0,0,0,0,0,0,0,0,0,0,0,0,0,0,0,0,0,0,0,0,0,0,0,0,1,,,,,,使わない,,"10,000円以上 20,000円未満",,,,,,,,,,,4,4,店員の対応がいい,トイレが綺麗,,,,8,また行きたい（1年以内）,特になし 兼六園の綺麗さ。,兼六駐車場,同意する,,,,,,,1961,,,,,,
石川,2026/03/07 15:12:52,宮崎県,女,1958,,500万円以上 600万円未満,小学生以下連れの家族,2泊,石川県外には泊まらない,石川県内には宿泊しない,石川県内には宿泊しない,,,,,,,,,"自家用車, 飛行機",1,0,0,0,1,0,0,,0,0,0,0,4,駐車場が沢山あった,,,初めて,墓参り,0,0,0,0,0,0,0,0,0,0,0,0,0,0,0,0,0,0,"観光展・物産展, インターネット・アプリ",0,0,0,0,0,0,0,0,0,0,1,0,0,0,0,0,0,0,0,0,0,0,1,0,0,,,,,,使わない,,"5,000円以上 10,000円未満",,,,,,,,,,,4,4,ほぼ満足,満足,,,,6,また行きたい（1年以内）,無し キレイ,兼六駐車場,同意する,,なし,,無し,,,1958,,,,,,
石川,2026/03/07 15:19:16,滋賀県,女,2002,,800万円以上 900万円未満,親,1泊,石川県外には泊まらない,金沢エリア  （湯涌温泉、深谷温泉、犀川温泉など）,1泊,,,,,,,,,自家用車,1,0,0,0,0,0,0,,0,0,0,0,5,観光名所が近いから移動が楽でした,,,初めて,"地元の美味しいものを食べる, テーマパーク（遊園地、動物園、博物館など）",0,0,1,0,0,1,0,0,0,0,0,0,0,0,0,0,0,0,"インターネット・アプリ, X(旧：Twitter)",0,0,0,0,0,1,0,0,0,0,1,0,0,0,0,0,0,0,0,0,0,0,0,0,0,,,,,,"10,000円以上 20,000円未満",,"1,000円以上 3,000円未満",,,,,,,,,,,5,5,人が多くない、ゆっくり見れる,静かに落ち着いて見れて楽しかった,,,,8,機会があれば行きたい,海鮮 21世紀美術館が思ったより長く楽しめた,石川県立美術館,同意する,,,,,,,2002,,,,,,
石川,2026/03/07 15:20:39,滋賀県,女,1977,,300万円以上 400万円未満,親,1泊,石川県外には泊まらない,金沢エリア  （湯涌温泉、深谷温泉、犀川温泉など）,1泊,,,,,,,,,自家用車,1,0,0,0,0,0,0,,0,0,0,0,,駐車料金がかからない,,,初めて,"温泉や露天風呂, 地元の美味しいものを食べる, 名所、旧跡の観光, まちあるき、都市散策",0,1,1,0,1,0,0,0,0,0,1,0,0,0,0,0,0,0,"インターネット・アプリ, Instagram, Facebook, 友人・知人",1,0,0,1,0,0,0,0,0,0,1,0,0,0,0,0,0,0,1,0,0,0,0,0,0,,,,,,"10,000円以上 20,000円未満",,"1,000円以上 3,000円未満",,,,,,,,,,,4,5,楽しく過ごしましま,,,,,7,機会があれば行きたい,なし,石川県立美術館,同意する,,写真撮影,,食事,,,1977,,,,,,
石川,2026/03/07 16:15:29,長野県,女,1998,,200万円以上 300万円未満,恋人,2泊,石川県外には泊まらない,金沢エリア  （湯涌温泉、深谷温泉、犀川温泉など）,2泊,,,,,,,,,新幹線,0,0,1,0,0,0,0,,0,0,0,0,,,,,2～5回目,"宿でのんびり過ごす, 温泉や露天風呂, 地元の美味しいものを食べる",1,1,1,0,0,0,0,0,0,0,0,0,0,0,0,0,0,0,"観光展・物産展, X(旧：Twitter), Instagram",0,0,0,1,0,1,0,0,0,0,0,0,0,0,0,0,0,0,0,0,0,0,1,0,0,,,,,,"10,000円以上 20,000円未満",,"1,000円未満",,,,,,,,,,,5,4,,,,,,10,また行きたい（1年以内）,美味しいご飯のどぐろ、,尾山神社,同意する,,,,,,,1998,,,,,,
石川,2026/03/07 16:28:09,石川県,女,1979,,500万円以上 600万円未満,団体旅行,日帰り,石川県外には泊まらない,石川県内には宿泊しない,石川県内には宿泊しない,,,,,,,,,バス,0,0,0,0,0,0,0,,0,0,0,0,4,,,,11回目以上,テーマパーク（遊園地、動物園、博物館など）,0,0,0,0,0,1,0,0,0,0,0,0,0,0,0,0,0,0,友人・知人,0,0,0,0,0,0,0,0,0,0,0,0,0,0,0,0,0,0,1,0,0,0,0,0,0,,,,,,使わない,,"5,000円以上 10,000円未満",,,,,,,,,,,4,4,,,,,,9,また行きたい（1年以内）,特になし,夢ミルク館（ホリ牧場）,同意する,,,,,,,1979,,,,,,
石川,2026/03/07 17:04:05,大阪府,男,1977,,"1,000万円以上 1,200万円未満",夫婦2人,2泊,石川県外には泊まらない,加賀エリア （山代温泉、山中温泉、片山津温泉、粟津温泉、辰口温泉、加賀市、小松市など）,2泊,,,,,,,,,"新幹線, 在来線",0,0,1,1,0,0,0,,0,0,0,0,4,北陸新幹線はゆったりしてゆっくり出来て快適でした。,,,初めて,"温泉や露天風呂, 地元の美味しいものを食べる, 名所、旧跡の観光, まちあるき、都市散策, 各種体験（手作り、果物狩りなど）",0,1,1,0,1,0,0,0,0,0,1,1,0,0,0,0,0,0,"新聞・雑誌・ガイドブック, 観光パンフレット・ポスター, インターネット・アプリ",0,0,0,0,0,0,0,0,0,0,1,0,0,0,0,0,1,0,0,0,1,0,0,0,0,,,,,,"50,000円以上 100,000円未満",,"10,000円以上 20,000円未満",,,,,,,,,,,5,4,お土産処などか沢山あって楽しい,色々あって楽しい,,,,9,機会があれば行きたい,見る所が沢山あって満足。食べ物も美味しい 兼六園など名所、食べ物,金沢駅,同意する,,金沢駅は初めて着いた施設,,,,,1977,,,,,,
石川,2026/03/07 18:14:52,東京都,女,1990,,"1,000万円以上 1,200万円未満",親,1泊,石川県外には泊まらない,金沢エリア  （湯涌温泉、深谷温泉、犀川温泉など）,1泊,,,,,,,,,新幹線,0,0,1,0,0,0,0,,0,0,0,0,5,初めての金沢なのでとてもワクワクしながら楽しみに来ました！,,,初めて,"宿でのんびり過ごす, 地元の美味しいものを食べる, 名所、旧跡の観光, 買い物、アウトレット",1,0,1,0,1,0,1,0,0,0,0,0,0,0,0,0,0,0,インターネット・アプリ,0,0,0,0,0,0,0,0,0,0,1,0,0,0,0,0,0,0,0,0,0,0,0,0,0,,,,,,"50,000円以上 100,000円未満",,"5,000円以上 10,000円未満",,,,,,,,,,,5,3,明日行ってきます！,,,,,5,また行きたい（1年以内）,からびやかなものが好きなので、ずーっと来たかった金沢です！本当に楽します！！！ 着いた瞬間の華やかさを感じました,ホテル・トリフィート金沢,同意する,,到着したばかりでこれから散策します！,,谷村美術館,,,1990,,,,,,
石川,2026/03/07 18:21:54,東京都,女,1962,,400万円以上 500万円未満,家族3名,1泊,福井県,金沢エリア  （湯涌温泉、深谷温泉、犀川温泉など）,1泊,,,,,,,,,新幹線,0,0,1,0,0,0,0,,0,0,0,0,,,,,初めて,名所、旧跡の観光,0,0,0,0,1,0,0,0,0,0,0,0,0,0,0,0,0,0,インターネット・アプリ,0,0,0,0,0,0,0,0,0,0,1,0,0,0,0,0,0,0,0,0,0,0,0,0,0,,,,,,"10,000円以上 20,000円未満",,"10,000円以上 20,000円未満",,,,,,,,,,,4,4,綺麗で機能的,スタイリッシュ,,,,9,機会があれば行きたい,未だよくわからない 食べ物が美味しく景観が良い,ホテル・トリフィート金沢,同意する,,,,,,,1962,,,,,,
石川,2026/03/07 20:13:56,石川県,女,1989,,"900万円以上 1,000万円未満",小学生以下連れの家族,1泊,石川県外には泊まらない,金沢エリア  （湯涌温泉、深谷温泉、犀川温泉など）,1泊,,,,,,,,,県外から訪れていない（石川県内在住）,0,0,0,0,0,0,0,,0,0,0,0,,,,,初めて,"宿でのんびり過ごす, お祭りやイベントへの参加・見物",1,0,0,0,0,0,0,1,0,0,0,0,0,0,0,0,0,0,インターネット・アプリ,0,0,0,0,0,0,0,0,0,0,1,0,0,0,0,0,0,0,0,0,0,0,0,0,0,,,,,,"10,000円以上 20,000円未満",,"1,000円以上 3,000円未満",,,,,,,,,,,5,4,,,,,,8,また行きたい（1年以内）,高くても良いので本格的な味、見た目、サービスを求めます。新しい施設がどんどん増えているのでまた金沢に来たい。,KKRホテル金沢,同意する,,北電ホール,,,,,1989,,,,,,
石川,2026/03/07 20:57:14,石川県,男,1996,,700万円以上 800万円未満,恋人,日帰り,石川県外には泊まらない,石川県内には宿泊しない,石川県内には宿泊しない,,,,,,,,,自家用車,1,0,0,0,0,0,0,,0,0,0,0,5,,,,11回目以上,"宿でのんびり過ごす, 温泉や露天風呂, 地元の美味しいものを食べる",1,1,1,0,0,0,0,0,0,0,0,0,0,0,0,0,0,0,友人・知人,0,0,0,0,0,0,0,0,0,0,0,0,0,0,0,0,0,0,1,0,0,0,0,0,0,,,,,,使わない,,"3,000円以上 5,000円未満",,,,,,,,,,,5,5,,,,,,10,また行きたい（1年以内）,特になし,湯来楽　内灘店,同意する,,,,,,,1996,,,,,,
石川,2026/03/07 20:57:23,富山県,女,1994,,200万円以上 300万円未満,自分ひとり,日帰り,石川県外には泊まらない,石川県内には宿泊しない,石川県内には宿泊しない,,,,,,,,,新幹線,0,0,1,0,0,0,0,,0,0,0,0,4,,,,6～10回目,"宿でのんびり過ごす, 温泉や露天風呂",1,1,0,0,0,0,0,0,0,0,0,0,0,0,0,0,0,0,友人・知人,0,0,0,0,0,0,0,0,0,0,0,0,0,0,0,0,0,0,1,0,0,0,0,0,0,,,,,,使わない,,"1,000円未満",,,,,,,,,,,5,5,,,,,,10,また行きたい（1年以内）,特になし,湯来楽　内灘店,同意する,,,,,,,1994,,,,,,
石川,2026/03/07 21:26:36,神奈川県,女,1971,,300万円以上 400万円未満,中学生以上連れの家族,1泊,石川県外には泊まらない,金沢エリア  （湯涌温泉、深谷温泉、犀川温泉など）,1泊,,,,,,,,,新幹線,0,0,1,0,0,0,0,,0,0,0,0,3,,,,初めて,"地元の美味しいものを食べる, 花見や紅葉などの自然鑑賞, 名所、旧跡の観光, まちあるき、都市散策",0,0,1,1,1,0,0,0,0,0,1,0,0,0,0,0,0,0,インターネット・アプリ,0,0,0,0,0,0,0,0,0,0,1,0,0,0,0,0,0,0,0,0,0,0,0,0,0,,,,,,"20,000円以上 30,000円未満",,"20,000円以上 30,000円未満",,,,,,,,,,,4,2,,,,,,6,また行きたい（1年以内）,おでん 県立図書館,ガーデンホテル金沢,同意する,,県立図書館,,,,,1971,,,,,,
石川,2026/03/07 21:59:13,神奈川県,女,1971,,"900万円以上 1,000万円未満",中学生以上連れの家族,1泊,石川県外には泊まらない,金沢エリア  （湯涌温泉、深谷温泉、犀川温泉など）,1泊,,,,,,,,,新幹線,0,0,1,0,0,0,0,,0,0,0,0,4,,,,初めて,"地元の美味しいものを食べる, 名所、旧跡の観光, まちあるき、都市散策",0,0,1,0,1,0,0,0,0,0,1,0,0,0,0,0,0,0,"インターネット・アプリ, 友人・知人",0,0,0,0,0,0,0,0,0,0,1,0,0,0,0,0,0,0,1,0,0,0,0,0,0,,,,,,"20,000円以上 30,000円未満",,"20,000円以上 30,000円未満",,,,,,,,,,,4,3,,,,,,7,また行きたい（1年以内）,特に無し 県立図書館,ガーデンホテル金沢,同意する,,県立図書館,,,,,1971,,,,,,
石川,2026/03/08 7:21:38,東京都,男,1968,,"1,200万円以上 1,500万円未満",夫婦2人,1泊,石川県外には泊まらない,金沢エリア  （湯涌温泉、深谷温泉、犀川温泉など）,1泊,,,,,,,,,新幹線,0,0,1,0,0,0,0,,0,0,0,0,,,,,初めて,"地元の美味しいものを食べる, 名所、旧跡の観光",0,0,1,0,1,0,0,0,0,0,0,0,0,0,0,0,0,0,"観光展・物産展, 新聞・雑誌・ガイドブック",0,0,0,0,0,0,0,0,0,0,0,0,0,0,0,0,1,0,0,0,0,0,1,0,0,,,,,,"20,000円以上 30,000円未満",,"20,000円以上 30,000円未満",,,,,,,,,,,4,5,ゆったりできる,,,,,9,機会があれば行きたい,金沢独自の食事を期待してます 食事,金沢東急ホテル,同意する,,,,図書館,,,1968,,,,,,
石川,2026/03/08 7:32:43,茨城県,女,1962,,500万円以上 600万円未満,夫婦2人,1泊,石川県外には泊まらない,金沢エリア  （湯涌温泉、深谷温泉、犀川温泉など）,1泊,,,,,,,,,新幹線,0,0,1,0,0,0,0,,0,0,0,0,3,バスの本数が多いのは良いが交通系ICカードが使えないのは不便,,,初めて,"地元の美味しいものを食べる, 名所、旧跡の観光",0,0,1,0,1,0,0,0,0,0,0,0,0,0,0,0,0,0,インターネット・アプリ,0,0,0,0,0,0,0,0,0,0,1,0,0,0,0,0,0,0,0,0,0,0,0,0,0,,,,,,"5,000円以上 10,000円未満",,"1,000円未満",,,,,,,,,,,5,5,ウェルカムドリンクが充実している,立地が便利,,,,10,また行きたい（1年以内）,特になし 観光したいものが近くにたくさんある,KOKOHOTEL Premier 金沢香林坊,同意する,,,,,,,1962,,,,,,
石川,2026/03/08 9:21:35,神奈川県,男,1999,,400万円以上 500万円未満,自分ひとり,1泊,石川県外には泊まらない,金沢エリア  （湯涌温泉、深谷温泉、犀川温泉など）,1泊,,,,,,,,,"在来線, 飛行機",0,0,0,1,1,0,0,,0,0,0,0,,,,,6～10回目,"地元の美味しいものを食べる, スポーツ観戦や芸術鑑賞（コンサート等）",0,0,1,0,0,0,0,0,0,0,0,0,0,0,0,0,0,0,"新聞・雑誌・ガイドブック, インターネット・アプリ",0,0,0,0,0,0,0,0,0,0,1,0,0,0,0,0,1,0,0,0,0,0,0,0,0,,,,,,"5,000円以上 10,000円未満",,使わない,,,,,,,,,,,5,3,立地はとても良い。部屋と朝食は微妙だった,立地の良さが大きかった。,,,,7,また行きたい（1年以内）,白い恋人や博多通りもんのような全国的な知名度のあるお菓子があれば、お土産を買うのに悩まない 回転寿司大倉、近江町市場という立地ながらリーズナブルでとても美味しい、何度も来てしまう,ガーデンホテル金沢,同意する,,,,金沢ゴーゴーカレースタジアム,,,1999,,,,,,
石川,2026/03/08 11:11:01,東京都,男,2000,,500万円以上 600万円未満,小学生以下連れの家族,2泊,石川県外には泊まらない,金沢エリア  （湯涌温泉、深谷温泉、犀川温泉など）,2泊,,,,,,,,,"自家用車, 新幹線",1,0,1,0,0,0,0,,0,0,0,0,5,駐車場が多い,,,2～5回目,"宿でのんびり過ごす, 花見や紅葉などの自然鑑賞, 名所、旧跡の観光, テーマパーク（遊園地、動物園、博物館など）, 買い物、アウトレット",1,0,0,1,1,1,1,0,0,0,0,0,0,0,0,0,0,0,"観光展・物産展, インターネット・アプリ, X(旧：Twitter), Instagram",0,0,0,1,0,1,0,0,0,0,1,0,0,0,0,0,0,0,0,0,0,0,1,0,0,,,,,,"10,000円以上 20,000円未満",,"30,000円以上 40,000円未満",,,,,,,,,,,5,5,料理がリーズナブルでおいしい。,低価格かつ、豊富なコンテンツ,,,,9,また行きたい（1年以内）,とくになし 近江町市場おいしい食べ物がおおい。,西茶屋資料館,同意する,,なし,,なし,,,2000,,,,,,
石川,2026/03/08 12:04:16,兵庫県,女,2002,,300万円以上 400万円未満,恋人,2泊,石川県外には泊まらない,金沢エリア  （湯涌温泉、深谷温泉、犀川温泉など）,2泊,,,,,,,,,"新幹線, 在来線",0,0,1,1,0,0,0,,0,0,0,0,,,,,初めて,"地元の美味しいものを食べる, 名所、旧跡の観光, スポーツ観戦や芸術鑑賞（コンサート等）",0,0,1,0,1,0,0,0,0,0,0,0,0,0,0,0,0,0,"インターネット・アプリ, X(旧：Twitter), Instagram",0,0,0,1,0,1,0,0,0,0,1,0,0,0,0,0,0,0,0,0,0,0,0,0,0,,,,,,"10,000円以上 20,000円未満",,"1,000円未満",,,,,,,,,,,5,5,,,,,,10,また行きたい（1年以内）,刺身 食べ物が美味しい,石川県立歴史博物館,同意する,,,,,,,2002,,,,,,
石川,2026/03/08 12:11:00,千葉県,女,2005,,"1,000万円以上 1,200万円未満",親,3泊,石川県外には泊まらない,加賀エリア （山代温泉、山中温泉、片山津温泉、粟津温泉、辰口温泉、加賀市、小松市など）,3泊,,,,,,,,,自家用車,1,0,0,0,0,0,0,,0,0,0,0,,,,,初めて,"地元の美味しいものを食べる, 名所、旧跡の観光",0,0,1,0,1,0,0,0,0,0,0,0,0,0,0,0,0,0,"新聞・雑誌・ガイドブック, インターネット・アプリ",0,0,0,0,0,0,0,0,0,0,1,0,0,0,0,0,1,0,0,0,0,0,0,0,0,,,,,,"20,000円以上 30,000円未満",,"1,000円未満",,,,,,,,,,,5,3,商品・サービス等が特にないため。,無料ではいれ、風情ある建物を見学できたため。,,,,8,機会があれば行きたい,地元の食べ物や調味料を使った食事 石川といえば、地震というイメージがあり少し怖かったが、実際に訪れてみて人の温かさや様々な綺麗な景色を感じれたため。,西茶屋資料館,同意する,,,,妙立寺,,,2005,,,,,,
石川,2026/03/08 13:02:26,東京都,男,1994,,"1,500万円以上",恋人,2泊,石川県外には泊まらない,金沢エリア  （湯涌温泉、深谷温泉、犀川温泉など）,2泊,,,,,,,,,旅行会社ツアーバス,0,0,0,0,0,1,0,,0,0,0,0,5,はやかった,,,2～5回目,まちあるき、都市散策,0,0,0,0,0,0,0,0,0,0,1,0,0,0,0,0,0,0,観光パンフレット・ポスター,0,0,0,0,0,0,0,0,0,0,0,0,0,0,0,0,0,0,0,0,1,0,0,0,0,,,,,,"10,000円以上 20,000円未満",,使わない,,,,,,,,,,,5,4,展示品綺麗だった,展示品が綺麗だった,,,,8,機会があれば行きたい,海鮮 街の雰囲気,石川県政記念しいのき迎賓館,同意する,,,,,,,1994,,,,,,
石川,2026/03/08 13:05:28,東京都,女,1997,,600万円以上 700万円未満,恋人,2泊,石川県外には泊まらない,金沢エリア  （湯涌温泉、深谷温泉、犀川温泉など）,2泊,,,,,,,,,新幹線,0,0,1,0,0,0,0,,0,0,0,0,,,,,初めて,"宿でのんびり過ごす, 地元の美味しいものを食べる, 名所、旧跡の観光, まちあるき、都市散策",1,0,1,0,1,0,0,0,0,0,1,0,0,0,0,0,0,0,観光パンフレット・ポスター,0,0,0,0,0,0,0,0,0,0,0,0,0,0,0,0,0,0,0,0,1,0,0,0,0,,,,,,"20,000円以上 30,000円未満",,使わない,,,,,,,,,,,4,4,施設内の展示品に見応えがあった。,施設の外が開けていて、建物の外観、内観共に綺麗だった。,,,,7,機会があれば行きたい,石川県の名産品を一度に堪能できる場所が欲しい 兼六園日本三名園の一つとして、自然を感じることができた。園内の水がとても綺麗で、流れる音が心地よかった。また、別の季節に訪れたい。,石川県政記念しいのき迎賓館,同意する,,,,,,,1997,,,,,,
石川,2026/03/08 13:10:46,東京都,女,1982,,500万円以上 600万円未満,小学生以下連れの家族,4泊以上,石川県外には泊まらない,白山エリア （一里野温泉、白峰温泉、白山市など）,4泊以上,,,,,,,,,新幹線,0,0,1,0,0,0,0,,0,0,0,0,4,思ったよりもバスが混んでいました,,,初めて,"買い物、アウトレット, まちあるき、都市散策, 友人・親戚を訪ねる",0,0,0,0,0,0,1,0,0,0,1,0,0,0,0,0,0,0,"新聞・雑誌・ガイドブック, Instagram",0,0,0,1,0,0,0,0,0,0,0,0,0,0,0,0,1,0,0,0,0,0,0,0,0,,,,,,使わない,,"3,000円以上 5,000円未満",,,,,,,,,,,4,4,,,,,,8,また行きたい（1年以内）,観光客がとても多かったなと思いました 景色が良い,石川県立歴史博物館,同意する,,手取フィッシュランド,,,,,1982,,,,,,
石川,2026/03/08 13:14:43,神奈川県,女,1959,,700万円以上 800万円未満,夫婦2人,2泊,石川県外には泊まらない,金沢エリア  （湯涌温泉、深谷温泉、犀川温泉など）,2泊,,,,,,,,,"新幹線, 在来線",0,0,1,1,0,0,0,,0,0,0,0,2,道が混んでいて思ったより料金がかかった,,,初めて,"地元の美味しいものを食べる, 名所、旧跡の観光, 買い物、アウトレット, まちあるき、都市散策",0,0,1,0,1,0,1,0,0,0,1,0,0,0,0,0,0,0,"観光パンフレット・ポスター, 友人・知人",0,0,0,0,0,0,0,0,0,0,0,0,0,0,0,0,0,0,1,0,1,0,0,0,0,,,,,,"40,000円以上 50,000円未満",,"1,000円未満",,,,,,,,,,,4,4,素敵な建物だった,初めて見たから,,,,8,機会があれば行きたい,寿司が美味しくて満足です 金沢は、水がおいしい、バスがすぐ来るわりに混んでいないから座れる、京都のように混んでなく、人が優しいし、穏やか！でも城下町なので、それなりのプライドも感じられ、品がある食べ物特に寿司が美味しい,金沢東急ホテル,同意する,,金沢まいもんずし,,,,,1959,,,,,,
石川,2026/03/08 14:02:55,富山県,男,1984,,500万円以上 600万円未満,小学生以下連れの家族,日帰り,日帰り,石川県内には宿泊しない,石川県内には宿泊しない,,,,,,,,,自家用車,1,0,0,0,0,0,0,,0,0,0,0,,,,,初めて,スポーツ観戦や芸術鑑賞（コンサート等）,0,0,0,0,0,0,0,0,0,0,0,0,0,0,0,0,0,0,インターネット・アプリ,0,0,0,0,0,0,0,0,0,0,1,0,0,0,0,0,0,0,0,0,0,0,0,0,0,,,,,,使わない,,"1,000円以上 3,000円未満",,,,,,,,,,,4,4,ゴジラを見に来て石川の歴史も知れた,レンガ造りで雰囲気がある,,,,7,また行きたい（1年以内）,牡蠣などの海産物 富山から近くて旅行気分が味わえる,石川県立歴史博物館,同意する,,,,,,,1984,,,,,,
石川,2026/03/08 14:06:41,大阪府,女,1971,,"900万円以上 1,000万円未満",中学生以上連れの家族,1泊,石川県外には泊まらない,金沢エリア  （湯涌温泉、深谷温泉、犀川温泉など）,1泊,,,,,,,,,"新幹線, 在来線",0,0,1,1,0,0,0,,0,0,0,0,5,便利は場所で借りられたから,,,2～5回目,"温泉や露天風呂, 地元の美味しいものを食べる, 各種体験（手作り、果物狩りなど）",0,1,1,0,0,0,0,0,0,0,0,1,0,0,0,0,0,0,"観光展・物産展, 新聞・雑誌・ガイドブック, TV・ラジオ番組やCM, 観光パンフレット・ポスター, 観光連盟やDMOのHP, インターネット・アプリ, Instagram, 友人・知人",0,0,0,1,0,0,0,0,0,0,1,0,0,0,1,0,1,0,1,0,1,0,1,1,0,,,,,,"10,000円以上 20,000円未満",,"1,000円以上 3,000円未満",,,,,,,,,,,5,5,美しい景色が見られたから,,,,,10,また行きたい（1年以内）,金沢の郷土料理、美しい和菓子、予想以上に美味しく大満足です！ 街が美しく、人も親切で優しいから,兼六駐車場,同意する,,,,,,,1971,,,,,,
石川,2026/03/08 14:08:04,兵庫県,男,1971,,"1,000万円以上 1,200万円未満",小学生以下連れの家族,1泊,石川県外には泊まらない,金沢エリア  （湯涌温泉、深谷温泉、犀川温泉など）,1泊,,,,,,,,,自家用車,1,0,0,0,0,0,0,,0,0,0,0,5,高速から見える風景が素晴らしい。,,,初めて,"テーマパーク（遊園地、動物園、博物館など）, ゴジラ",0,0,0,0,0,1,0,0,0,0,0,0,0,0,0,0,0,0,"観光展・物産展, 新聞・雑誌・ガイドブック, 観光連盟やDMOのHP, インターネット・アプリ",0,0,0,0,0,0,0,0,0,0,1,0,0,0,0,0,1,0,0,0,0,0,1,1,0,,,,,,"10,000円以上 20,000円未満",,"10,000円以上 20,000円未満",,,,,,,,,,,5,5,,,,,,10,また行きたい（1年以内）,特になし,石川県立歴史博物館,同意する,,,,,,,1971,,,,,,
石川,2026/03/08 14:47:03,石川県,男,1993,,"900万円以上 1,000万円未満",夫婦2人,日帰り,石川県外には泊まらない,石川県内には宿泊しない,石川県内には宿泊しない,,,,,,,,,自家用車,1,0,0,0,0,0,0,,0,0,0,0,,,,,初めて,ドライブ・ツーリング,0,0,0,0,0,0,0,0,0,0,0,0,0,0,1,0,0,0,Instagram,0,0,0,1,0,0,0,0,0,0,0,0,0,0,0,0,0,0,0,0,0,0,0,0,0,,,,,,使わない,,"1,000円未満",,,,,,,,,,,4,3,,,,,,7,機会があれば行きたい,特になし,夢ミルク館（ホリ牧場）,同意する,,,,,,,1993,,,,,,
石川,2026/03/08 14:54:51,東京都,男,1991,,"1,200万円以上 1,500万円未満",小学生以下連れの家族,2泊,石川県外には泊まらない,金沢エリア  （湯涌温泉、深谷温泉、犀川温泉など）,2泊,,,,,,,,,"新幹線, 飛行機",0,0,1,0,1,0,0,,0,0,0,0,5,時間通りに送迎バスが来た。,,,2～5回目,"テーマパーク（遊園地、動物園、博物館など）, まちあるき、都市散策",0,0,0,0,0,1,0,0,0,0,1,0,0,0,0,0,0,0,インターネット・アプリ,0,0,0,0,0,0,0,0,0,0,1,0,0,0,0,0,0,0,0,0,0,0,0,0,0,,,,,,"30,000円以上 40,000円未満",,"20,000円以上 30,000円未満",,,,,,,,,,,5,5,子供のプレイパークがあり、遊べるので満足,ご飯がおいしかった。子供もホテルに満足していたため。,,,,10,また行きたい（1年以内）,小松のエリアに魅力的なご飯のお店ができて欲しい トレインパーク白山は良かった。,KKRホテル金沢,同意する,,トレインパーク白山,,,,,1991,,,,,,
石川,2026/03/08 15:08:25,東京都,女,1984,,"1,200万円以上 1,500万円未満",友人,1泊,石川県外には泊まらない,能登エリア （和倉温泉、七尾市、輪島市、珠洲市など）,1泊,,,,,,,,,"新幹線, 飛行機",0,0,1,0,1,0,0,,0,0,0,0,5,金沢駅から迷わず来れる,,,2～5回目,"地元の美味しいものを食べる, 能登演劇堂で観劇",0,0,1,0,0,0,0,0,0,0,0,0,0,0,0,0,0,0,"新聞・雑誌・ガイドブック, インターネット・アプリ, X(旧：Twitter), Instagram, 友人・知人",0,0,0,1,0,1,0,0,0,0,1,0,0,0,0,0,1,0,1,0,0,0,0,0,0,,,,,,"10,000円以上 20,000円未満",,"1,000円未満",,,,,,,,,,,5,5,素晴らしい図書館でした。ここに住みたい。,,,,,10,また行きたい（1年以内）,特になし。もっと時間をかけてきたい。 ご飯がとにかく美味しい。そして、街並みが美しい,石川県立図書館,同意する,,,,,,,1984,,,,,,
石川,2026/03/08 15:24:14,石川県,女,1988,,400万円以上 500万円未満,恋人,1泊,石川県外には泊まらない,金沢エリア  （湯涌温泉、深谷温泉、犀川温泉など）,1泊,,,,,,,,,自家用車,1,0,0,0,0,0,0,,0,0,0,0,,,,,2～5回目,"地元の美味しいものを食べる, 名所、旧跡の観光",0,0,1,0,1,0,0,0,0,0,0,0,0,0,0,0,0,0,"観光展・物産展, 新聞・雑誌・ガイドブック, TV・ラジオ番組やCM",0,0,0,0,0,0,0,0,0,0,0,0,0,0,1,0,1,0,0,0,0,0,1,0,0,,,,,,"10,000円以上 20,000円未満",,"10,000円以上 20,000円未満",,,,,,,,,,,5,5,どこも素敵で景色も良い,観やすい,,,,10,また行きたい（1年以内）,アクアリウム 歴史的建造物もあり、凝縮して回れる,石川県立歴史博物館,同意する,,,,,,,1988,,,,,,
石川,2026/03/08 15:31:39,富山県,男,1955,,400万円以上 500万円未満,自分ひとり,日帰り,石川県外には泊まらない,金沢エリア  （湯涌温泉、深谷温泉、犀川温泉など）,1泊,,,,,,,,,自家用車,1,0,0,0,0,0,0,,0,0,0,0,,,,,2～5回目,まちあるき、都市散策,0,0,0,0,0,0,0,0,0,0,1,0,0,0,0,0,0,0,観光展・物産展,0,0,0,0,0,0,0,0,0,0,0,0,0,0,0,0,0,0,0,0,0,0,1,0,0,,,,,,使わない,,使わない,,,,,,,,,,,5,4,,,,,,5,機会があれば行きたい,なし,石川県立歴史博物館,同意する,,,,,,,1955,,,,,,
石川,2026/03/08 16:24:18,神奈川県,男,1973,,"900万円以上 1,000万円未満",中学生以上連れの家族,1泊,石川県外には泊まらない,金沢エリア  （湯涌温泉、深谷温泉、犀川温泉など）,1泊,,,,,,,,,新幹線,0,0,1,0,0,0,0,,0,0,0,0,4,路線バスの充実,,,2～5回目,名所、旧跡の観光,0,0,0,0,1,0,0,0,0,0,0,0,0,0,0,0,0,0,"新聞・雑誌・ガイドブック, 観光パンフレット・ポスター",0,0,0,0,0,0,0,0,0,0,0,0,0,0,0,0,1,0,0,0,1,0,0,0,0,,,,,,"30,000円以上 40,000円未満",,"5,000円以上 10,000円未満",,,,,,,,,,,4,3,,,,,,7,機会があれば行きたい,とくになし 観光地が集中してある,金沢駅,同意する,,,,,,,1973,,,,,,
石川,2026/03/08 16:29:46,神奈川県,女,1974,,100万円未満,中学生以上連れの家族,1泊,石川県外には泊まらない,金沢エリア  （湯涌温泉、深谷温泉、犀川温泉など）,1泊,,,,,,,,,"新幹線, 在来線",0,0,1,1,0,0,0,,0,0,0,0,3,路線バスがIKOCAしか使えなくて不便でした。,,,初めて,"花見や紅葉などの自然鑑賞, 名所、旧跡の観光",0,0,0,1,1,0,0,0,0,0,0,0,0,0,0,0,0,0,一緒に来た人,0,0,0,0,0,0,0,0,0,0,0,0,0,0,0,0,0,0,0,0,0,0,0,0,1,,,,,,"10,000円以上 20,000円未満",,"1,000円以上 3,000円未満",,,,,,,,,,,4,4,,レジ待ちが長すぎた,,,,8,機会があれば行きたい,路線バスすべてでスイカが使えると良い 母,金沢駅,同意する,,,,新幹線で帰る前に寄ったから,,,1974,,,,,,
石川,2026/03/08 16:43:55,大阪府,女,1979,,700万円以上 800万円未満,小学生以下連れの家族,1泊,石川県外には泊まらない,金沢エリア  （湯涌温泉、深谷温泉、犀川温泉など）,1泊,,,,,,,,,新幹線,0,0,1,0,0,0,0,,0,0,0,0,5,タクシーの方もバスの方もとても親切,,,11回目以上,"名所、旧跡の観光, まちあるき、都市散策",0,0,0,0,1,0,0,0,0,0,1,0,0,0,0,0,0,0,"観光パンフレット・ポスター, 友人・知人, 観光協会等の案内所",0,0,0,0,0,0,0,0,0,0,0,0,0,0,0,0,0,0,1,0,1,1,0,0,0,,,,,,"5,000円以上 10,000円未満",,使わない,,,,,,,,,,,5,5,ちょうど足がつかれてきた所に、ゆっくり気兼ねなく休ませたただけ、暖も取れお手洗いにもいけた。,待っている間に、建物の歴史や復元の様子などにもふれられた。,,,,10,また行きたい（1年以内）,石川の食べののは、とても美味しくて大好きです。 妙立寺歴史や実際の建物をしりことができた。また、きれいに保存されており、ツアーを通じて、当時の技術の高さや生活の工夫も知れた。,ひがし茶屋休憩館,同意する,,,,今から、金沢駅から帰路につく,,,1979,,,,,,
石川,2026/03/08 17:37:55,新潟県,男,1993,,500万円以上 600万円未満,自分ひとり,2泊,富山県,金沢エリア  （湯涌温泉、深谷温泉、犀川温泉など）,1泊,,,,,,,,,"新幹線, 在来線",0,0,1,1,0,0,0,,0,0,0,0,4,車両がきれい,,,初めて,"名所、旧跡の観光, まちあるき、都市散策",0,0,0,0,1,0,0,0,0,0,1,0,0,0,0,0,0,0,職場配布のチラシ（今回の宿泊施設は職場の共済組合が運営している）,0,0,0,0,0,0,0,0,0,0,0,0,0,1,0,0,0,0,0,0,0,0,0,0,0,,,,,,"10,000円以上 20,000円未満",,"20,000円以上 30,000円未満",,,,,,,,,,,4,4,食事が立派、施設がきれい、リーズナブル,上に同じ,,,,9,機会があれば行きたい,・今度は是非能登半島へ行きたい（今回新潟から来たが、ちょっと遠い…）、金沢市内の飲食店での価格高騰が残念（数年前に来たときよりかなり高くなった気がする。海外観光客の影響であればとても残念）、金沢駅や近江町市場あたりの混雑がひどい 兼六園の美しさ,KKRホテル金沢,同意する,,,,,,,1993,,,,,,
石川,2026/03/08 18:11:02,東京都,女,2000,,100万円未満,親,2泊,石川県外には泊まらない,金沢エリア  （湯涌温泉、深谷温泉、犀川温泉など）,2泊,,,,,,,,,新幹線,0,0,1,0,0,0,0,,0,0,0,0,5,移動がスムーズ,,,2～5回目,"宿でのんびり過ごす, 温泉や露天風呂, 地元の美味しいものを食べる",1,1,1,0,0,0,0,0,0,0,0,0,0,0,0,0,0,0,観光展・物産展,0,0,0,0,0,0,0,0,0,0,0,0,0,0,0,0,0,0,0,0,0,0,1,0,0,,,,,,"20,000円以上 30,000円未満",,"20,000円以上 30,000円未満",,,,,,,,,,,5,5,ご飯が美味しかった,ご飯が美味しかった,,,,9,また行きたい（1年以内）,和菓子を小分けで少しずつ購入できると嬉しい 図書館が綺麗で楽しかった,金沢東急ホテル,同意する,,ホテルに直行,,ホテルに直行,,,2000,,,,,,
石川,2026/03/08 18:26:25,愛知県,女,1996,,500万円以上 600万円未満,夫婦2人,1泊,石川県外には泊まらない,金沢エリア  （湯涌温泉、深谷温泉、犀川温泉など）,1泊,,,,,,,,,"新幹線, 在来線",0,0,1,1,0,0,0,,0,0,0,0,5,,,,6～10回目,"地元の美味しいものを食べる, ドライブ・ツーリング",0,0,1,0,0,0,0,0,0,0,0,0,0,0,1,0,0,0,Instagram,0,0,0,1,0,0,0,0,0,0,0,0,0,0,0,0,0,0,0,0,0,0,0,0,0,,,,,,"5,000円以上 10,000円未満",,"1,000円未満",,,,,,,,,,,5,5,動物と間近で触れ合うことができたから。,同上,,,,10,また行きたい（1年以内）,海鮮 ホリ牧場の餌やり体験、山羊がとてもちかかった！スリルがありました。,夢ミルク館（ホリ牧場）,同意する,,西田幾太郎記念館,,,,,1996,,,,,,
石川,2026/03/08 18:29:36,神奈川県,男,1961,,400万円以上 500万円未満,夫婦2人,3泊,石川県外には泊まらない,金沢エリア  （湯涌温泉、深谷温泉、犀川温泉など）,3泊,,,,,,,,,新幹線,0,0,1,0,0,0,0,,0,0,0,0,,,,,初めて,"地元の美味しいものを食べる, 各種体験（手作り、果物狩りなど）",0,0,1,0,0,0,0,0,0,0,0,1,0,0,0,0,0,0,インターネット・アプリ,0,0,0,0,0,0,0,0,0,0,1,0,0,0,0,0,0,0,0,0,0,0,0,0,0,,,,,,"10,000円以上 20,000円未満",,"1,000円以上 3,000円未満",,,,,,,,,,,4,4,菓子作りが楽しかった,体験が豊富,,,,8,また行きたい（1年以内）,体験はいい 体験　菓子作り・金箔はり,石川県観光物産館,同意する,,今井金箔,,大和香林坊,,,1961,,,,,,
石川,2026/03/08 18:39:12,東京都,女,1967,,"1,000万円以上 1,200万円未満",中学生以上連れの家族,2泊,石川県外には泊まらない,金沢エリア  （湯涌温泉、深谷温泉、犀川温泉など）,2泊,,,,,,,,,新幹線,0,0,1,0,0,0,0,,0,0,0,0,5,行き帰りともに運転手さんが親切でした。,,,11回目以上,石川県立図書館,0,0,0,0,0,0,0,0,0,0,0,0,0,0,0,0,0,0,"観光展・物産展, 新聞・雑誌・ガイドブック, 観光パンフレット・ポスター",0,0,0,0,0,0,0,0,0,0,0,0,0,0,0,0,1,0,0,0,1,0,1,0,0,,,,,,"50,000円以上 100,000円未満",,"1,000円以上 3,000円未満",,,,,,,,,,,5,5,施設が圧巻でした,噂どおりの素晴らしい施設でした。,,,,10,また行きたい（1年以内）,加賀百万石の歴史を感じられるもの,金沢東急ホテル,同意する,,,,にし茶屋街,,,1967,,,,,,
石川,2026/03/08 18:57:39,千葉県,女,1983,,"1,000万円以上 1,200万円未満",友人,1泊,福井県,金沢エリア  （湯涌温泉、深谷温泉、犀川温泉など）,1泊,,,,,,,,,"新幹線, 在来線",0,0,1,1,0,0,0,,0,0,0,0,4,,,,初めて,"地元の美味しいものを食べる, 名所、旧跡の観光, まちあるき、都市散策, 各種体験（手作り、果物狩りなど）",0,0,1,0,1,0,0,0,0,0,1,1,0,0,0,0,0,0,観光パンフレット・ポスター,0,0,0,0,0,0,0,0,0,0,0,0,0,0,0,0,0,0,0,0,1,0,0,0,0,,,,,,"3,000円以上 5,000円未満",,"3,000円以上 5,000円未満",,,,,,,,,,,5,4,,,,,,8,また行きたい（1年以内）,特になし 美味しいものが多い,ホテルマイステイズプレミア金沢,同意する,,近江町市場,,,,,1983,,,,,,
石川,2026/03/09 6:23:10,兵庫県,女,1950,,200万円以上 300万円未満,恋人,2泊,石川県外には泊まらない,金沢エリア  （湯涌温泉、深谷温泉、犀川温泉など）,2泊,,,,,,,,,"新幹線, 在来線",0,0,1,1,0,0,0,,0,0,0,0,3,わかりにくい,,,2～5回目,"地元の美味しいものを食べる, 名所、旧跡の観光, まちあるき、都市散策",0,0,1,0,1,0,0,0,0,0,1,0,0,0,0,0,0,0,"新聞・雑誌・ガイドブック, 観光パンフレット・ポスター, 観光連盟やDMOのHP, 観光協会等の案内所",0,0,0,0,0,0,0,0,0,0,0,0,0,0,0,0,1,0,0,0,1,1,0,1,0,,,,,,"10,000円以上 20,000円未満",,"1,000円未満",,,,,,,,,,,4,5,図書館の本の量、細部に見やすいブロックで分けてあり新たな本への興味が湧いて来た,見やすい本の並び、施設の努力が垣間見れた,,,,10,機会があれば行きたい,特になし 近年にない図書館施設,石川県立図書館,同意する,,一日目は石川県立図書館に是非行きたかったから,,,,,1950,,,,,,
石川,2026/03/09 9:57:30,神奈川県,男,2003,,300万円以上 400万円未満,自分ひとり,1泊,石川県外には泊まらない,加賀エリア （山代温泉、山中温泉、片山津温泉、粟津温泉、辰口温泉、加賀市、小松市など）,1泊,,,,,,,,,旅行会社ツアーバス,0,0,0,0,0,1,0,,0,0,0,0,3,suicaが使えなかった,,,初めて,"宿でのんびり過ごす, 地元の美味しいものを食べる",1,0,1,0,0,0,0,0,0,0,0,0,0,0,0,0,0,0,インターネット・アプリ,0,0,0,0,0,0,0,0,0,0,1,0,0,0,0,0,0,0,0,0,0,0,0,0,0,,,,,,"20,000円以上 30,000円未満",,"5,000円以上 10,000円未満",,,,,,,,,,,4,4,品揃えがいい,品揃えがいい,,,,9,また行きたい（1年以内）,特になし 兼六園が良かった,石川県観光物産館,同意する,,,,,,,2003,,,,,,
石川,2026/03/09 10:28:45,大阪府,女,1987,,400万円以上 500万円未満,小学生以下連れの家族,3泊,大阪,加賀エリア （山代温泉、山中温泉、片山津温泉、粟津温泉、辰口温泉、加賀市、小松市など）,2泊,,,,,,,,,新幹線,0,0,1,0,0,0,0,,0,0,0,0,5,武家屋敷の町並みを観ながら観光できた,,,初めて,"宿でのんびり過ごす, 温泉や露天風呂, 地元の美味しいものを食べる",1,1,1,0,0,0,0,0,0,0,0,0,0,0,0,0,0,0,インターネット・アプリ,0,0,0,0,0,0,0,0,0,0,1,0,0,0,0,0,0,0,0,0,0,0,0,0,0,,,,,,"20,000円以上 30,000円未満",,"10,000円以上 20,000円未満",,,,,,,,,,,4,5,蟹とのどぐろの干物を実家に送り、喜んでくれた,新鮮なものがその場で食べれたりして美味しかった。お店の人も親切でした。,,,,8,機会があれば行きたい,可能カニと能登牛が大変、美味しかった。 ホテルでの朝食で金沢の郷土料理があり、とても美味しかった。,長町武家屋敷休憩館,同意する,,,,,,,1987,,,,,,
石川,2026/03/09 11:42:36,埼玉県,男,1985,,500万円以上 600万円未満,親,1泊,石川県外には泊まらない,金沢エリア  （湯涌温泉、深谷温泉、犀川温泉など）,1泊,,,,,,,,,新幹線,0,0,1,0,0,0,0,,0,0,0,0,3,,,,初めて,"地元の美味しいものを食べる, 名所、旧跡の観光",0,0,1,0,1,0,0,0,0,0,0,0,0,0,0,0,0,0,インターネット・アプリ,0,0,0,0,0,0,0,0,0,0,1,0,0,0,0,0,0,0,0,0,0,0,0,0,0,,,,,,"20,000円以上 30,000円未満",,"20,000円以上 30,000円未満",,,,,,,,,,,5,5,,,,,,9,機会があれば行きたい,酒,金沢駅,同意する,,,,,,,1985,,,,,,
石川,2026/03/09 12:18:46,埼玉県,女,1965,,"1,200万円以上 1,500万円未満",夫婦2人,1泊,福井県,金沢エリア  （湯涌温泉、深谷温泉、犀川温泉など）,1泊,,,,,,,,,新幹線,0,0,1,0,0,0,0,,0,0,0,0,5,,,,初めて,友人・親戚を訪ねる,0,0,0,0,0,0,0,0,0,0,0,0,0,0,0,0,0,0,新聞・雑誌・ガイドブック,0,0,0,0,0,0,0,0,0,0,0,0,0,0,0,0,1,0,0,0,0,0,0,0,0,,,,,,使わない,,使わない,,,,,,,,,,,5,5,,,,,,8,また行きたい（1年以内）,F,尾山神社,同意する,,,,,,,1965,,,,,,
石川,2026/03/09 12:21:01,東京都,男,1999,,300万円以上 400万円未満,恋人,1泊,石川県外には泊まらない,金沢エリア  （湯涌温泉、深谷温泉、犀川温泉など）,1泊,,,,,,,,,新幹線,0,0,1,0,0,0,0,,0,0,0,0,5,直行バスだけでなく周遊バスなどもあり、様々な選択肢から該当施設付近のバス停へ向かうことができて良かった。,,,初めて,"地元の美味しいものを食べる, 名所、旧跡の観光",0,0,1,0,1,0,0,0,0,0,0,0,0,0,0,0,0,0,"インターネット・アプリ, Instagram",0,0,0,1,0,0,0,0,0,0,1,0,0,0,0,0,0,0,0,0,0,0,0,0,0,,,,,,"10,000円以上 20,000円未満",,"1,000円未満",,,,,,,,,,,5,4,ホットスペースにて展示を見た後で穏やかな時間を過ごすことができ良かった。,石川県にまつわる歴史を深く知ることができた。時折クイズや映像部分で体験できるポイントがあり、全体を通して楽しく学べた部分が特に良かった。,,,,9,また行きたい（1年以内）,大変満足でした。特になし。 海鮮などの食事は特に満足だった。また、自分が今回伺ったタイミングでは混雑があまりなかったため、人気観光地の中では過ごしやすいと感じたため。,石川県立歴史博物館,同意する,,,,,,,1999,,,,,,
石川,2026/03/09 12:28:41,千葉県,女,1970,,"900万円以上 1,000万円未満",中学生以上連れの家族,2泊,石川県外には泊まらない,金沢エリア  （湯涌温泉、深谷温泉、犀川温泉など）,2泊,,,,,,,,,新幹線,0,0,1,0,0,0,0,,0,0,0,0,,,,,初めて,"地元の美味しいものを食べる, 名所、旧跡の観光, まちあるき、都市散策",0,0,1,0,1,0,0,0,0,0,1,0,0,0,0,0,0,0,"観光パンフレット・ポスター, インターネット・アプリ",0,0,0,0,0,0,0,0,0,0,1,0,0,0,0,0,0,0,0,0,1,0,0,0,0,,,,,,"1,000円以上 3,000円未満",,"1,000円未満",,,,,,,,,,,4,4,,,,,,9,機会があれば行きたい,特になし,尾山神社,同意する,,,,,,,1970,,,,,,
石川,2026/03/09 15:04:01,東京都,女,1975,,"1,000万円以上 1,200万円未満",親と兄弟,2泊,石川県外には泊まらない,金沢エリア  （湯涌温泉、深谷温泉、犀川温泉など）,2泊,,,,,,,,,"新幹線, 在来線",0,0,1,1,0,0,0,,0,0,0,0,4,,,,初めて,"地元の美味しいものを食べる, 名所、旧跡の観光",0,0,1,0,1,0,0,0,0,0,0,0,0,0,0,0,0,0,"新聞・雑誌・ガイドブック, インターネット・アプリ",0,0,0,0,0,0,0,0,0,0,1,0,0,0,0,0,1,0,0,0,0,0,0,0,0,,,,,,"20,000円以上 30,000円未満",,"1,000円以上 3,000円未満",,,,,,,,,,,5,4,,,,,,10,機会があれば行きたい,特になし,金沢駅,同意する,,,,,,,1975,,,,,,
石川,2026/03/09 16:01:55,神奈川県,女,1977,,700万円以上 800万円未満,夫婦2人,1泊,石川県外には泊まらない,金沢エリア  （湯涌温泉、深谷温泉、犀川温泉など）,1泊,,,,,,,,,新幹線,0,0,1,0,0,0,0,,0,0,0,0,4,感じの良い運転手さんでした。,,,2～5回目,"地元の美味しいものを食べる, まちあるき、都市散策, 友人・親戚を訪ねる",0,0,1,0,0,0,0,0,0,0,1,0,0,0,0,0,0,0,"インターネット・アプリ, 友人・知人, タクシードライバーや地元の人",0,0,0,0,0,0,0,0,0,0,1,0,0,0,0,0,0,0,1,1,0,0,0,0,0,,,,,,"10,000円以上 20,000円未満",,"1,000円以上 3,000円未満",,,,,,,,,,,5,4,お散歩にちょうど良いです。,金沢ならではなので。,,,,9,また行きたい（1年以内）,日本酒飲み比べや酒蔵巡りなど あったら 楽しそうですね。 おいしいお食事 街並み探索,金沢東急ホテル,同意する,,駅から直接ホテルに行きました,,武家屋敷跡,,,1977,,,,,,
石川,2026/03/09 16:21:51,神奈川県,女,1978,,"900万円以上 1,000万円未満",自分ひとり,2泊,石川県外には泊まらない,石川県内には宿泊しない,2泊,,,,,,,,,新幹線,0,0,1,0,0,0,0,,0,0,0,0,,,,,初めて,"名所、旧跡の観光, まちあるき、都市散策",0,0,0,0,1,0,0,0,0,0,1,0,0,0,0,0,0,0,観光協会等の案内所,0,0,0,0,0,0,0,0,0,0,0,0,0,0,0,0,0,0,0,0,0,1,0,0,0,,,,,,"20,000円以上 30,000円未満",,"1,000円未満",,,,,,,,,,,5,5,,,,,,9,また行きたい（1年以内）,1人向け人の焼肉、懐石料理等のレストラン,石川県立歴史博物館,同意する,,,,,,,1978,,,,,,
石川,2026/03/09 20:21:14,愛知県,女,1977,,800万円以上 900万円未満,団体旅行,3泊,石川県外には泊まらない,金沢エリア  （湯涌温泉、深谷温泉、犀川温泉など）,3泊,,,,,,,,,"新幹線, 在来線",0,0,1,1,0,0,0,,0,0,0,0,,,,,初めて,推し事,0,0,0,0,0,0,0,0,0,0,0,0,0,0,0,0,0,0,"新聞・雑誌・ガイドブック, インターネット・アプリ",0,0,0,0,0,0,0,0,0,0,1,0,0,0,0,0,1,0,0,0,0,0,0,0,0,,,,,,"50,000円以上 100,000円未満",,"1,000円以上 3,000円未満",,,,,,,,,,,5,5,体験（染め、和菓子）がとてもよかった,いろいろとできてよかった,,,,10,機会があれば行きたい,伝統的なことの体験が予約なしでできるといい 街並み、立地,石川県観光物産館,同意する,,,,,,,1977,,,,,,
石川,2026/03/10 0:06:37,福岡県,男,2000,,100万円未満,自分ひとり,4泊以上,石川県外には泊まらない,金沢エリア  （湯涌温泉、深谷温泉、犀川温泉など）,4泊以上,,,,,,,,,"新幹線, 夜行バス",0,0,1,0,0,0,0,,0,0,0,0,2,SUGOCAが使えない,,,初めて,蓮ノ空の聖地巡礼,0,0,0,0,0,0,0,0,0,0,0,0,0,0,0,0,0,0,"X(旧：Twitter), Link!Like!ラブライブ！活動記録",0,0,0,0,0,1,0,0,0,0,0,0,0,0,0,0,0,0,0,0,0,0,0,0,0,,,,,,"40,000円以上 50,000円未満",,"1,000円未満",,,,,,,,,,,5,4,,,,,,6,また行きたい（1年以内）,魚料理 兼六園の景色近江町市場の料理,尾山神社,同意する,,,,,,,2000,,,,,,
石川,2026/03/10 10:55:33,大阪府,男,2002,,200万円以上 300万円未満,団体旅行,1泊,石川県外には泊まらない,加賀エリア （山代温泉、山中温泉、片山津温泉、粟津温泉、辰口温泉、加賀市、小松市など）,1泊,,,,,,,,,旅行会社ツアーバス,0,0,0,0,0,1,0,,0,0,0,0,4,,,,初めて,出張など仕事関係,0,0,0,0,0,0,0,0,0,0,0,0,0,0,0,0,1,0,観光協会等の案内所,0,0,0,0,0,0,0,0,0,0,0,0,0,0,0,0,0,0,0,0,0,1,0,0,0,,,,,,"10,000円以上 20,000円未満",,使わない,,,,,,,,,,,4,4,,,,,,4,機会があれば行きたい,特になし,西田幾多郎記念館,同意する,,,,,,,2002,,,,,,
石川,2026/03/10 11:18:33,大阪府,女,2003,,500万円以上 600万円未満,友人,2泊,富山県,加賀エリア （山代温泉、山中温泉、片山津温泉、粟津温泉、辰口温泉、加賀市、小松市など）,2泊,,,,,,,,,新幹線,0,0,1,0,0,0,0,,0,0,0,0,4,,,,初めて,名所、旧跡の観光,0,0,0,0,1,0,0,0,0,0,0,0,0,0,0,0,0,0,観光展・物産展,0,0,0,0,0,0,0,0,0,0,0,0,0,0,0,0,0,0,0,0,0,0,1,0,0,,,,,,"10,000円以上 20,000円未満",,"3,000円以上 5,000円未満",,,,,,,,,,,4,4,,,,,,8,機会があれば行きたい,楽しかった,兼六園,同意する,,,,,,,2003,,,,,,
石川,2026/03/10 11:37:08,福島県,女,1971,,600万円以上 700万円未満,友人,2泊,石川県外には泊まらない,金沢エリア  （湯涌温泉、深谷温泉、犀川温泉など）,1泊,,,,,,,,,新幹線,0,0,1,0,0,0,0,,0,0,0,0,5,食べ物が美味しい。街並みが素敵。,,,初めて,"地元の美味しいものを食べる, 名所、旧跡の観光, テーマパーク（遊園地、動物園、博物館など）, 買い物、アウトレット",0,0,1,0,1,1,1,0,0,0,0,0,0,0,0,0,0,0,"観光パンフレット・ポスター, インターネット・アプリ, Instagram",0,0,0,1,0,0,0,0,0,0,1,0,0,0,0,0,0,0,0,0,1,0,0,0,0,,,,,,"50,000円以上 100,000円未満",,"1,000円以上 3,000円未満",,,,,,,,,,,5,5,綺麗,素敵,,,,5,また行きたい（1年以内）,とくになし 友人。女子旅にいいと思う,兼六園,同意する,,,,,,,1971,,,,,,
石川,2026/03/10 11:42:29,福島県,女,1972,,700万円以上 800万円未満,友人,2泊,石川県外には泊まらない,金沢エリア  （湯涌温泉、深谷温泉、犀川温泉など）,1泊,,,,,,,,,新幹線,0,0,1,0,0,0,0,,0,0,0,0,5,お酒、お魚美味しい☺文化歴史が学べて楽しい,,,2～5回目,"地元の美味しいものを食べる, 名所、旧跡の観光, 買い物、アウトレット",0,0,1,0,1,0,1,0,0,0,0,0,0,0,0,0,0,0,観光展・物産展,0,0,0,0,0,0,0,0,0,0,0,0,0,0,0,0,0,0,0,0,0,0,1,0,0,,,,,,"5,000円以上 10,000円未満",,"20,000円以上 30,000円未満",,,,,,,,,,,5,5,知らない事を学べた,,,,,10,また行きたい（1年以内）,ひゃくまんさんのオブジェを増やして欲しい お得なパスや、新しいカフェ情報など発信して欲しい,兼六園,同意する,,,,,,,1972,,,,,,
石川,2026/03/10 12:51:28,石川県,女,1981,,600万円以上 700万円未満,小学生以下連れの家族,日帰り,石川県外には泊まらない,白山エリア （一里野温泉、白峰温泉、白山市など）,石川県内には宿泊しない,,,,,,,,,県外から訪れていない（石川県内在住）,0,0,0,0,0,0,0,,0,0,0,0,,,,,2～5回目,テーマパーク（遊園地、動物園、博物館など）,0,0,0,0,0,1,0,0,0,0,0,0,0,0,0,0,0,0,"インターネット・アプリ, Instagram, Facebook",1,0,0,1,0,0,0,0,0,0,1,0,0,0,0,0,0,0,0,0,0,0,0,0,0,,,,,,使わない,,"1,000円以上 3,000円未満",,,,,,,,,,,4,4,うさぎに人参をあげられる,ソフトクリームが食べられる,,,,7,石川県在住,安価に子供達が目一杯身体を動かせる施設が欲しいです。混んでいたり、老化して使えない遊具が多く遊べない うさぎさんとのふれあいとソフトクリームがいい,夢ミルク館（ホリ牧場）,同意する,,,,,,,1981,,,,,,
石川,2026/03/10 13:50:53,大阪府,女,2005,,700万円以上 800万円未満,親,1泊,石川県外には泊まらない,金沢エリア  （湯涌温泉、深谷温泉、犀川温泉など）,1泊,,,,,,,,,"新幹線, 在来線",0,0,1,1,0,0,0,,0,0,0,0,4,本数が多く、主要な施設の近くにバス停が多く利用しやすかった。,,,初めて,"宿でのんびり過ごす, 地元の美味しいものを食べる, 名所、旧跡の観光, 買い物、アウトレット, まちあるき、都市散策, 各種体験（手作り、果物狩りなど）",1,0,1,0,1,0,1,0,0,0,1,1,0,0,0,0,0,0,"新聞・雑誌・ガイドブック, 観光パンフレット・ポスター",0,0,0,0,0,0,0,0,0,0,0,0,0,0,0,0,1,0,0,0,1,0,0,0,0,,,,,,"5,000円以上 10,000円未満",,"1,000円未満",,,,,,,,,,,5,4,中の庭園、茶室の多くを見ることができた。,,,,,8,機会があれば行きたい,お菓子屋さん、特に和菓子屋さんが多くてかつどれもとても美味しかったので和菓子が苦手だったのがとても好きになりました。 観光地がまとまっていて、とてもまわりやすかったから。,長町武家屋敷跡,同意する,,,,金沢駅,,,2005,,,,,,
石川,2026/03/10 14:29:08,神奈川県,女,2005,,400万円以上 500万円未満,自分ひとり,1泊,石川県外には泊まらない,金沢エリア  （湯涌温泉、深谷温泉、犀川温泉など）,1泊,,,,,,,,,"新幹線, 在来線",0,0,1,1,0,0,0,,0,0,0,0,,,,,初めて,"地元の美味しいものを食べる, 花見や紅葉などの自然鑑賞, 名所、旧跡の観光, まちあるき、都市散策",0,0,1,1,1,0,0,0,0,0,1,0,0,0,0,0,0,0,"インターネット・アプリ, Instagram",0,0,0,1,0,0,0,0,0,0,1,0,0,0,0,0,0,0,0,0,0,0,0,0,0,,,,,,"10,000円以上 20,000円未満",,"1,000円以上 3,000円未満",,,,,,,,,,,5,5,,,,,,10,機会があれば行きたい,特になし,石川県立歴史博物館,同意する,,,,,,,2005,,,,,,
石川,2026/03/10 15:52:18,愛知県,女,1988,,500万円以上 600万円未満,夫婦2人,2泊,石川県外には泊まらない,金沢エリア  （湯涌温泉、深谷温泉、犀川温泉など）,2泊,,,,,,,,,新幹線,0,0,1,0,0,0,0,,0,0,0,0,4,ICカードが使えなかったこと,,,初めて,"地元の美味しいものを食べる, 花見や紅葉などの自然鑑賞",0,0,1,1,0,0,0,0,0,0,0,0,0,0,0,0,0,0,Instagram,0,0,0,1,0,0,0,0,0,0,0,0,0,0,0,0,0,0,0,0,0,0,0,0,0,,,,,,"50,000円以上 100,000円未満",,"1,000円未満",,,,,,,,,,,5,5,解説がとても良かった,面白い仕掛けが間近に見れて良かった,,,,9,また行きたい（1年以内）,キャラクターグッズを増やして欲しい 街の雰囲気が良い,妙立寺,同意する,,,,,,,1988,,,,,,
石川,2026/03/10 15:53:18,愛知県,男,1986,,400万円以上 500万円未満,夫婦2人,2泊,石川県外には泊まらない,金沢エリア  （湯涌温泉、深谷温泉、犀川温泉など）,2泊,,,,,,,,,新幹線,0,0,1,0,0,0,0,,0,0,0,0,2,バスでICカードが使えない,,,2～5回目,地元の美味しいものを食べる,0,0,1,0,0,0,0,0,0,0,0,0,0,0,0,0,0,0,インターネット・アプリ,0,0,0,0,0,0,0,0,0,0,1,0,0,0,0,0,0,0,0,0,0,0,0,0,0,,,,,,"20,000円以上 30,000円未満",,"3,000円以上 5,000円未満",,,,,,,,,,,4,4,,,,,,10,また行きたい（1年以内）,おでん,妙立寺,同意する,,,,,,,1986,,,,,,
石川,2026/03/10 16:08:57,石川県,女,1963,,300万円以上 400万円未満,夫婦2人,日帰り,自宅,石川県内には宿泊しない,石川県内には宿泊しない,,,,,,,,,自家用車,1,0,0,0,0,0,0,,0,0,0,0,,,,,2～5回目,"買い物、アウトレット, まちあるき、都市散策, ドライブ・ツーリング",0,0,0,0,0,0,1,0,0,0,1,0,0,0,1,0,0,0,"新聞・雑誌・ガイドブック, 観光パンフレット・ポスター",0,0,0,0,0,0,0,0,0,0,0,0,0,0,0,0,1,0,0,0,1,0,0,0,0,,,,,,使わない,,"1,000円以上 3,000円未満",,,,,,,,,,,3,3,,,,,,4,どちらともいえない,特に無し,石川県立歴史博物館,同意する,,県立図書館,,帰宅する,,,1963,,,,,,
石川,2026/03/10 16:10:38,北海道,女,1972,,400万円以上 500万円未満,自分ひとり,4泊以上,石川県外には泊まらない,金沢エリア  （湯涌温泉、深谷温泉、犀川温泉など）,4泊以上,,,,,,,,,飛行機,0,0,0,0,1,0,0,,0,0,0,0,5,みなさん、優しく教えてくれませ,,,2～5回目,友人・親戚を訪ねる,0,0,0,0,0,0,0,0,0,0,0,0,0,0,0,0,0,0,"観光展・物産展, 観光パンフレット・ポスター, インターネット・アプリ",0,0,0,0,0,0,0,0,0,0,1,0,0,0,0,0,0,0,0,0,1,0,1,0,0,,,,,,"30,000円以上 40,000円未満",,"1,000円以上 3,000円未満",,,,,,,,,,,5,5,優しい案内人がいませ,歴史を感じる,,,,8,また行きたい（1年以内）,値段が、高いような、きがします まず、人が親切すぎて、こまらない。だから、安心して、旅できます,長町武家屋敷休憩館,同意する,,,,,,,1972,,,,,,
石川,2026/03/10 16:58:05,東京都,女,2008,,500万円以上 600万円未満,友人,2泊,石川県外には泊まらない,金沢エリア  （湯涌温泉、深谷温泉、犀川温泉など）,2泊,,,,,,,,,新幹線,0,0,1,0,0,0,0,,0,0,0,0,4,,,,初めて,"地元の美味しいものを食べる, 花見や紅葉などの自然鑑賞, 名所、旧跡の観光, 買い物、アウトレット, スポーツ観戦や芸術鑑賞（コンサート等）, まちあるき、都市散策, 各種体験（手作り、果物狩りなど）",0,0,1,1,1,0,1,0,0,0,1,1,0,0,0,0,0,0,"インターネット・アプリ, X(旧：Twitter), Instagram, ラブライブの聖地だった為",0,0,0,1,0,1,0,0,0,0,1,0,0,0,0,0,0,0,0,0,0,0,0,0,0,,,,,,"20,000円以上 30,000円未満",,"1,000円以上 3,000円未満",,,,,,,,,,,5,5,,一句詠むのが楽しい,,,,10,また行きたい（1年以内）,特になし,金沢城公園,同意する,,,,,,,2008,,,,,,
石川,2026/03/10 18:51:56,大阪府,女,2004,,100万円以上 200万円未満,団体旅行,2泊,石川県外には泊まらない,金沢エリア  （湯涌温泉、深谷温泉、犀川温泉など）,2泊,,,,,,,,,レンタカー,0,1,0,0,0,0,0,,0,0,0,0,,,,,2～5回目,"宿でのんびり過ごす, 温泉や露天風呂, 地元の美味しいものを食べる, 名所、旧跡の観光, まちあるき、都市散策",1,1,1,0,1,0,0,0,0,0,1,0,0,0,0,0,0,0,"観光展・物産展, インターネット・アプリ",0,0,0,0,0,0,0,0,0,0,1,0,0,0,0,0,0,0,0,0,0,0,1,0,0,,,,,,"20,000円以上 30,000円未満",,"3,000円以上 5,000円未満",,,,,,,,,,,4,4,,,,,,7,また行きたい（1年以内）,加賀棒茶が本当に好きでかなり飲み食いしました とにかく静かで落ち着いてかんこうできました,金沢中央観光案内所,同意する,,,,,,,2004,,,,,,
石川,2026/03/10 20:23:33,大阪府,男,1979,,600万円以上 700万円未満,自分ひとり,4泊以上,石川県外には泊まらない,金沢エリア  （湯涌温泉、深谷温泉、犀川温泉など）,4泊以上,,,,,,,,,新幹線,0,0,1,0,0,0,0,,0,0,0,0,3,,,,2～5回目,出張など仕事関係,0,0,0,0,0,0,0,0,0,0,0,0,0,0,0,0,1,0,友人・知人,0,0,0,0,0,0,0,0,0,0,0,0,0,0,0,0,0,0,1,0,0,0,0,0,0,,,,,,"20,000円以上 30,000円未満",,"1,000円以上 3,000円未満",,,,,,,,,,,4,4,,,,,,8,機会があれば行きたい,今までに行ってない場所に行きたいです。,ガーデンホテル金沢,同意する,,,,,,,1979,,,,,,
石川,2026/03/10 20:49:00,広島県,女,2001,,100万円未満,友人,2泊,石川県外には泊まらない,金沢エリア  （湯涌温泉、深谷温泉、犀川温泉など）,2泊,,,,,,,,,"新幹線, 在来線",0,0,1,1,0,0,0,,0,0,0,0,4,時間はかかったが、新幹線、サンダーバード共に車内では快適に過ごせたから。,,,初めて,"地元の美味しいものを食べる, 名所、旧跡の観光, テーマパーク（遊園地、動物園、博物館など）, まちあるき、都市散策",0,0,1,0,1,1,0,0,0,0,1,0,0,0,0,0,0,0,"インターネット・アプリ, Instagram, ブログ",0,0,0,1,0,0,0,0,1,0,1,0,0,0,0,0,0,0,0,0,0,0,0,0,0,,,,,,"5,000円以上 10,000円未満",,"1,000円未満",,,,,,,,,,,4,4,待ち合わせ前にカフェを利用したが、席も十分あり、ゆったり過ごせたから。,案内表示もわかりやすく、良かった。,,,,7,機会があれば行きたい,地の物を食べたいです。 海鮮が美味しかったです。,金沢駅,同意する,,,,森本駅、寿司屋,,,2001,,,,,,
石川,2026/03/10 23:01:44,福岡県,女,2001,,100万円未満,友人,2泊,石川県外には泊まらない,金沢エリア  （湯涌温泉、深谷温泉、犀川温泉など）,2泊,,,,,,,,,"在来線, 飛行機",0,0,0,1,1,0,0,,0,0,0,0,5,,,,初めて,"地元の美味しいものを食べる, 名所、旧跡の観光, テーマパーク（遊園地、動物園、博物館など）, まちあるき、都市散策",0,0,1,0,1,1,0,0,0,0,1,0,0,0,0,0,0,0,観光協会等の案内所,0,0,0,0,0,0,0,0,0,0,0,0,0,0,0,0,0,0,0,0,0,1,0,0,0,,,,,,"5,000円以上 10,000円未満",,使わない,,,,,,,,,,,5,3,,,,,,6,機会があれば行きたい,日本酒、魚、アート,金沢駅,同意する,,,,森本駅近くの寿司屋,,,2001,,,,,,
石川,2026/03/11 9:14:33,福井県,男,2001,,100万円未満,自分ひとり,日帰り,石川県外には泊まらない,石川県内には宿泊しない,石川県内には宿泊しない,,,,,,,,,在来線,0,0,0,1,0,0,0,,0,0,0,0,5,,,,11回目以上,"名所、旧跡の観光, まちあるき、都市散策",0,0,0,0,1,0,0,0,0,0,1,0,0,0,0,0,0,0,"観光展・物産展, X(旧：Twitter), 駅メモ！",0,0,0,0,0,1,0,0,0,0,0,0,0,0,0,0,0,0,0,0,0,0,1,0,0,,,,,,"3,000円以上 5,000円未満",,使わない,,,,,,,,,,,5,5,,,,,,10,また行きたい（1年以内）,市場が観光地価格でグルメを満喫できないので、お手頃かつ良いグルメを紹介するものがあると良いと思った,石川県立図書館,同意する,,,,,,,2001,,,,,,
石川,2026/03/11 14:19:03,東京都,男,2000,,600万円以上 700万円未満,親,4泊以上,石川県外には泊まらない,金沢エリア  （湯涌温泉、深谷温泉、犀川温泉など）,4泊以上,,,,,,,,,飛行機,0,0,0,0,1,0,0,,0,0,0,0,,,,,2～5回目,"地元の美味しいものを食べる, 名所、旧跡の観光, 買い物、アウトレット, まちあるき、都市散策",0,0,1,0,1,0,1,0,0,0,1,0,0,0,0,0,0,0,"新聞・雑誌・ガイドブック, インターネット・アプリ",0,0,0,0,0,0,0,0,0,0,1,0,0,0,0,0,1,0,0,0,0,0,0,0,0,,,,,,"30,000円以上 40,000円未満",,"1,000円以上 3,000円未満",,,,,,,,,,,5,5,,,,,,10,また行きたい（1年以内）,特になし,金沢城公園,同意する,,,,,,,2000,,,,,,
石川,2026/03/11 14:29:02,富山県,女,1959,,200万円以上 300万円未満,自分ひとり,日帰り,富山県,石川県内には宿泊しない,石川県内には宿泊しない,,,,,,,,,在来線,0,0,0,1,0,0,0,,0,0,0,0,,,,,2～5回目,"地元の美味しいものを食べる, 名所、旧跡の観光, スポーツ観戦や芸術鑑賞（コンサート等）, まちあるき、都市散策",0,0,1,0,1,0,0,0,0,0,1,0,0,0,0,0,0,0,"観光パンフレット・ポスター, インターネット・アプリ",0,0,0,0,0,0,0,0,0,0,1,0,0,0,0,0,0,0,0,0,1,0,0,0,0,,,,,,"5,000円以上 10,000円未満",,"1,000円以上 3,000円未満",,,,,,,,,,,5,4,お値打ち感,ゆっくり散策できてよかつた。,,,,9,また行きたい（1年以内）,金沢美味グルメの充実。 たくさんの見所がある。どこも、そこそこよい。,金沢城公園,同意する,,,,音楽堂,,,1959,,,,,,
石川,2026/03/11 14:34:47,富山県,女,1959,,200万円以上 300万円未満,自分ひとり,日帰り,富山県,石川県内には宿泊しない,石川県内には宿泊しない,,,,,,,,,在来線,0,0,0,1,0,0,0,,0,0,0,0,,,,,2～5回目,"地元の美味しいものを食べる, スポーツ観戦や芸術鑑賞（コンサート等）, まちあるき、都市散策",0,0,1,0,0,0,0,0,0,0,1,0,0,0,0,0,0,0,"観光パンフレット・ポスター, インターネット・アプリ",0,0,0,0,0,0,0,0,0,0,1,0,0,0,0,0,0,0,0,0,1,0,0,0,0,,,,,,"5,000円以上 10,000円未満",,"1,000円以上 3,000円未満",,,,,,,,,,,5,4,お値打ち感,ゆっくりできる,,,,9,また行きたい（1年以内）,美味グルメクーポンの充実 見所がたくさんある。,金沢城公園,同意する,,,,音楽堂,,,1959,,,,,,
石川,2026/03/11 16:08:20,福岡県,男,2003,,100万円未満,恋人,2泊,石川県外には泊まらない,金沢エリア  （湯涌温泉、深谷温泉、犀川温泉など）,2泊,,,,,,,,,飛行機,0,0,0,0,1,0,0,,0,0,0,0,,,,,初めて,"地元の美味しいものを食べる, 名所、旧跡の観光, まちあるき、都市散策, 各種体験（手作り、果物狩りなど）",0,0,1,0,1,0,0,0,0,0,1,1,0,0,0,0,0,0,ChatGPT,0,0,0,0,0,0,0,0,0,0,0,0,0,0,0,0,0,0,0,0,0,0,0,0,1,,,,,,"5,000円以上 10,000円未満",,"1,000円未満",,,,,,,,,,,5,4,,,,,,8,機会があれば行きたい,海鮮丼,金沢城公園,同意する,,,,,,,2003,,,,,,
石川,2026/03/11 16:11:30,福岡県,女,2005,,100万円未満,恋人,2泊,石川県外には泊まらない,金沢エリア  （湯涌温泉、深谷温泉、犀川温泉など）,2泊,,,,,,,,,飛行機,0,0,0,0,1,0,0,,0,0,0,0,,,,,初めて,"地元の美味しいものを食べる, 名所、旧跡の観光, まちあるき、都市散策, 各種体験（手作り、果物狩りなど）",0,0,1,0,1,0,0,0,0,0,1,1,0,0,0,0,0,0,"インターネット・アプリ, Instagram",0,0,0,1,0,0,0,0,0,0,1,0,0,0,0,0,0,0,0,0,0,0,0,0,0,,,,,,"1,000円未満",,"1,000円未満",,,,,,,,,,,5,5,VRなどを無料で見られるのが良かった。,綺麗でとても使いやすく、地図などもありわかりやすかった。,,,,10,また行きたい（1年以内）,飲食物が高いと感じた。 観光地が密集していてとてもまわりやすかったし、どの施設も面白く綺麗でとても過ごしやすかったから。,金沢城公園,同意する,,,,,,,2005,,,,,,
石川,2026/03/11 17:16:00,京都府,男,1980,,700万円以上 800万円未満,自分ひとり,2泊,石川県外には泊まらない,金沢エリア  （湯涌温泉、深谷温泉、犀川温泉など）,2泊,,,,,,,,,"新幹線, 在来線",0,0,1,1,0,0,0,,0,0,0,0,4,まちのりを頻繁に使うが、ゆめのゆに無いため、示野のイオン（しかも南の端）を使うことになる。関西人なのでノーマルタイヤしか無く、冬場はクルマで来ることが困難なので、再選された村山市長に期待している,,,11回目以上,"宿でのんびり過ごす, 地元の美味しいものを食べる, 馳浩知事候補の演説を聞きに",1,0,1,0,0,0,0,0,0,0,0,0,0,0,0,0,0,0,インターネット・アプリ,0,0,0,0,0,0,0,0,0,0,1,0,0,0,0,0,0,0,0,0,0,0,0,0,0,,,,,,"50,000円以上 100,000円未満",,"1,000円以上 3,000円未満",,,,,,,,,,,5,5,入園料も適切な価格で昼過ぎの散歩には最高なので,,,,,9,また行きたい（1年以内）,サンダーバードの直通を「特別加算料金を取っても良いので」実施してほしい 寿司を中心とした魚料理,金沢東急ホテル,同意する,,,,,,,1980,,,,,,
石川,2026/03/11 20:34:54,,,,,,友人,1泊,石川県外には泊まらない,金沢エリア  （湯涌温泉、深谷温泉、犀川温泉など）,1泊,,,,,,,,,自家用車,1,0,0,0,0,0,0,,0,0,0,0,,,,,,地元の美味しいものを食べる,0,0,1,0,0,0,0,0,0,0,0,0,0,0,0,0,0,0,,0,0,0,0,0,0,0,0,0,0,0,0,0,0,0,0,0,0,0,0,0,0,0,0,0,,,,,,,,,,,,,,,,,,,,,,,,,,,,,Tマークシティホテル金沢,同意する,,,,,,,,,,,,,
