対象県（富山/石川/福井）,アンケート回答日,居住都道府県,性別,年代,職業,世帯年収,同伴者,宿泊数（全行程）,宿泊エリア（県外）,宿泊エリア（県内）,宿泊数（県内）,１泊目　宿泊先,１泊目　食事プラン,２泊目　宿泊先,２泊目　食事プラン,３泊目　宿泊先,３泊目　食事プラン,４泊目　宿泊先,４泊目　食事プラン,交通手段１（目的地まで）,自家用車,レンタカー,新幹線,在来線,飛行機,旅行会社ツアーバス,県外から訪れていない（福井県在住）,交通手段２（目的地から）,タクシー,路線バス,徒歩,レンタサイクル,交通の満足度,交通の満足度の理由,来県回数（観光）,エリアへの訪問回数,施設への訪問回数,目的,宿でのんびり過ごす,温泉や露天風呂,地元の美味しいものを食べる,花見や紅葉などの自然鑑賞,名所、旧跡の観光,テーマパーク（遊園地、動物園、博物館など）,買い物、アウトレット,お祭りやイベントへの参加・見物,スポーツ観戦や芸能鑑賞（コンサート等）,アウトドア（海水浴、釣り、登山など）,まちあるき、都市散策,各種体験（手作り、果物狩りなど）,スキー・スノボ、マリンスポーツ,その他スポーツ（ゴルフ、テニスなど）,ドライブ・ツーリング,友人・親戚を尋ねる,出張など仕事関係,その他の目的,情報源,Facebook,Google,Googleマップ,Instagram,TikTok,X（旧Twitter）,YouTube,SNS広告,ブログ,まとめサイト,インターネット・アプリ,デジタルニュース,宿泊予約Webサイト,宿泊施設,TV・ラジオ番組やCM,ラブライブのスタンプラリー,新聞・雑誌・ガイドブック,旅行会社,友人・知人,地元の人,観光パンフレット・ポスター,観光案内所,観光展・物産展,観光連盟やDMOのHP,その他,他を検討した？,どこと比較した？（県）,どこと比較した？（観光地）,交通費,飲食費,宿泊費,買い物費,施設orエリア消費総額,観光費,訪問場所,寿司,ます寿司,海の幸食べたか,海の幸感動,満足度（食べ物・料理）,満足度（宿泊施設）,満足度（買い物（工芸品・特産品など））,満足度（観光・体験）,満足度（旅行全体）,満足度（商品・サービス）,満足度理由(サービス),満足度理由,不便に感じたこと・困ったこと,最も幸せを感じた食べ物,最も幸せを感じた観光・体験,おすすめ度,再訪意向,自由意見,回答場所,個人情報保護の方針について,アンケート前に訪れた主な場所（施設やスポット名称、エリアなど）,上記名称リストにない場合について、具体的にお答えください。(前),アンケート後に訪れる予定の場所（施設やスポット名称、エリア）,上記名称リストにない場合について、具体的にお答えください。(後),会員ID,登録エリア,生まれ年,回答時の年齢,UA(UserAgent),回答月,回答エリア2,DMO,推奨項目
石川,2024/01/01 11:20:55,岐阜県,女,2000,,200万円以上 300万円未満,親,3泊,岐阜県,金沢エリア  （湯涌温泉、深谷温泉、犀川温泉など）,2泊,,,,,,,,,自家用車,1,0,0,0,0,0,0,,0,0,0,0,,,,,初めて,"温泉や露天風呂, 地元の美味しいものを食べる, 名所、旧跡の観光, まちあるき、都市散策, ドライブ・ツーリング, マンホールカード",0,1,1,0,1,0,0,0,0,0,1,0,0,0,1,0,0,0,"観光パンフレット・ポスター, 観光連盟やDMOのHP, インターネット・アプリ",0,0,0,0,0,0,0,0,0,0,1,0,0,0,0,0,0,0,0,0,1,0,0,1,0,,,,,,"10,000円以上 20,000円未満",,"1,000円未満",,,,,,,,,,,,4,缶バッジをいただけるスタンプラリーが良かった。,おすすめの見学ルートがよりわかりやすく掲示されているとより良いと思う。,,,,8,機会があれば行きたい,海鮮料理、金箔ソフト、ひゃくまんさん 海の幸,金沢城公園,同意する,,,,,,,2000,,,,,,
石川,2024/01/01 20:21:38,京都府,女,1975,,"1,500万円以上",小学生以下連れの家族,2泊,石川県外には泊まらない,能登エリア （和倉温泉、七尾市、輪島市、珠洲市など）,2泊,,,,,,,,,在来線,0,0,0,1,0,0,0,,0,0,0,0,,,,,2～5回目,"地元の美味しいものを食べる, 名所、旧跡の観光",0,0,1,0,1,0,0,0,0,0,0,0,0,0,0,0,0,0,新聞・雑誌・ガイドブック,0,0,0,0,0,0,0,0,0,0,0,0,0,0,0,0,1,0,0,0,0,0,0,0,0,,,,,,"10,000円以上 20,000円未満",,"1,000円未満",,,,,,,,,,,,4,,,,,,8,機会があれば行きたい,特になし,金沢城公園,同意する,,,,,,,1975,,,,,,
石川,2024/01/01 20:29:06,京都府,男,1972,,"1,500万円以上",小学生以下連れの家族,3泊,石川県外には泊まらない,加賀エリア （山代温泉、山中温泉、片山津温泉、粟津温泉、辰口温泉、加賀市、小松市など）,3泊,,,,,,,,,"在来線, 旅行会社ツアーバス",0,0,0,1,0,1,0,,0,0,0,0,4,タクシーのドライバーさんが丁寧だったので。,,,2～5回目,"宿でのんびり過ごす, 地元の美味しいものを食べる, 名所、旧跡の観光",1,0,1,0,1,0,0,0,0,0,0,0,0,0,0,0,0,0,"新聞・雑誌・ガイドブック, インターネット・アプリ",0,0,0,0,0,0,0,0,0,0,1,0,0,0,0,0,1,0,0,0,0,0,0,0,0,,,,,,"10,000円以上 20,000円未満",,"1,000円以上 3,000円未満",,,,,,,,,,,,4,お正月で無料で兼六園に入園させていただけた,特別に高い観光地料金に設定されていないので。,,,,10,また行きたい（1年以内）,美味しい海産物と、豪華な印象の文化体験 ひゃくまんさんがかわいい。寿司が美味い。,金沢城公園,同意する,,,,,,,1972,,,,,,
石川,2024/01/03 11:58:12,滋賀県,男,1971,,300万円以上 400万円未満,小学生以下連れの家族,1泊,富山県,金沢エリア  （湯涌温泉、深谷温泉、犀川温泉など）,1泊,,,,,,,,,自家用車,1,0,0,0,0,0,0,,0,0,0,0,,,,,初めて,テーマパーク（遊園地、動物園、博物館など）,0,0,0,0,0,1,0,0,0,0,0,0,0,0,0,0,0,0,観光パンフレット・ポスター,0,0,0,0,0,0,0,0,0,0,0,0,0,0,0,0,0,0,0,0,1,0,0,0,0,,,,,,"30,000円以上 40,000円未満",,"1,000円以上 3,000円未満",,,,,,,,,,,,3,,,,,,5,機会があれば行きたい,特に無し,金沢城公園,同意する,,,,,,,1971,,,,,,
石川,2024/01/03 12:32:18,滋賀県,女,1984,,700万円以上 800万円未満,小学生以下連れの家族,1泊,石川県外には泊まらない,金沢エリア  （湯涌温泉、深谷温泉、犀川温泉など）,1泊,,,,,,,,,自家用車,1,0,0,0,0,0,0,,0,0,0,0,,,,,初めて,"地元の美味しいものを食べる, 名所、旧跡の観光, 買い物、アウトレット, まちあるき、都市散策, 各種体験（手作り、果物狩りなど）",0,0,1,0,1,0,1,0,0,0,1,1,0,0,0,0,0,0,"観光パンフレット・ポスター, インターネット・アプリ, 観光協会等の案内所",0,0,0,0,0,0,0,0,0,0,1,0,0,0,0,0,0,0,0,0,1,1,0,0,0,,,,,,"10,000円以上 20,000円未満",,"1,000円未満",,,,,,,,,,,,3,お土産や金沢城をアピールする、金銭を払える場を増やしてください。,施設内で案内？教えてくれるガイドの方の説明、充実,,,,10,また行きたい（1年以内）,金箔体験など伝統工芸の体験が豊富にある。ふらっと入ったチェーン店であろう回転寿司ですら美味しかった。そして地元をアピールもしていて良かった。 町、人の魅力。食も楽しい、文化や体験も素晴らしい,金沢城公園,同意する,,,,,,,1984,,,,,,
石川,2024/01/20 21:25:37,北海道,女,1968,,700万円以上 800万円未満,友人,4泊以上,石川県外には泊まらない,金沢エリア  （湯涌温泉、深谷温泉、犀川温泉など）,4泊以上,,,,,,,,,飛行機,0,0,0,0,1,0,0,,0,0,0,0,4,バスの本数が多い,,,初めて,"地元の美味しいものを食べる, 名所、旧跡の観光, まちあるき、都市散策, 各種体験（手作り、果物狩りなど）, 友人・親戚を訪ねる",0,0,1,0,1,0,0,0,0,0,1,1,0,0,0,0,0,0,"観光展・物産展, 新聞・雑誌・ガイドブック, 友人・知人",0,0,0,0,0,0,0,0,0,0,0,0,0,0,0,0,1,0,1,0,0,0,1,0,0,,,,,,"30,000円以上 40,000円未満",,"1,000円未満",,,,,,,,,,,,4,,,,,,8,また行きたい（1年以内）,どれも素晴らしい,金沢城公園,同意する,,,,,,,1968,,,,,,
石川,2024/01/22 21:01:14,愛知県,女,1987,,300万円以上 400万円未満,自分ひとり,1泊,石川県外には泊まらない,金沢エリア  （湯涌温泉、深谷温泉、犀川温泉など）,1泊,,,,,,,,,在来線,0,0,0,1,0,0,0,,0,0,0,0,,,,,初めて,"地元の美味しいものを食べる, 名所、旧跡の観光, 買い物、アウトレット, まちあるき、都市散策",0,0,1,0,1,0,1,0,0,0,1,0,0,0,0,0,0,0,観光連盟やDMOのHP,0,0,0,0,0,0,0,0,0,0,0,0,0,0,0,0,0,0,0,0,0,0,0,1,0,,,,,,"3,000円以上 5,000円未満",,"1,000円以上 3,000円未満",,,,,,,,,,,,5,,,,,,10,また行きたい（1年以内）,様々な地域の海産物の食事,金沢城公園,同意する,,,,,,,1987,,,,,,
石川,2024/01/29 11:33:50,愛知県,女,1975,,500万円以上 600万円未満,夫婦2人,1泊,石川県外には泊まらない,金沢エリア  （湯涌温泉、深谷温泉、犀川温泉など）,1泊,,,,,,,,,在来線,0,0,0,1,0,0,0,,0,0,0,0,4,しらさぎに初めて乗車したので、車窓の景色から楽しめた。,,,初めて,"地元の美味しいものを食べる, 名所、旧跡の観光, まちあるき、都市散策",0,0,1,0,1,0,0,0,0,0,1,0,0,0,0,0,0,0,"観光パンフレット・ポスター, インターネット・アプリ, 観光協会等の案内所",0,0,0,0,0,0,0,0,0,0,1,0,0,0,0,0,0,0,0,0,1,1,0,0,0,,,,,,"5,000円以上 10,000円未満",,"1,000円未満",,,,,,,,,,,,4,観光客に対する配慮を感じた。,綺麗に整備されている,,,,8,また行きたい（1年以内）,その土地の味を楽しむ 五十間長屋が、見ごたえあった,金沢城公園,同意する,,,,,,,1975,,,,,,
石川,2024/01/29 19:00:41,栃木県,男,1983,,600万円以上 700万円未満,職場の同僚,4泊以上,石川県外には泊まらない,金沢エリア  （湯涌温泉、深谷温泉、犀川温泉など）,4泊以上,,,,,,,,,自家用車,1,0,0,0,0,0,0,,0,0,0,0,,,,,初めて,出張など仕事関係,0,0,0,0,0,0,0,0,0,0,0,0,0,0,0,0,1,0,インターネット・アプリ,0,0,0,0,0,0,0,0,0,0,1,0,0,0,0,0,0,0,0,0,0,0,0,0,0,,,,,,使わない,,使わない,,,,,,,,,,,,4,,,,,,8,機会があれば行きたい,特になし,金沢城公園,同意する,,,,,,,1983,,,,,,
石川,2024/02/01 13:30:18,滋賀県,男,1970,,600万円以上 700万円未満,夫婦2人,1泊,石川県外には泊まらない,金沢エリア  （湯涌温泉、深谷温泉、犀川温泉など）,1泊,,,,,,,,,在来線,0,0,0,1,0,0,0,,0,0,0,0,4,時間が正確,,,2～5回目,"地元の美味しいものを食べる, 名所、旧跡の観光, まちあるき、都市散策",0,0,1,0,1,0,0,0,0,0,1,0,0,0,0,0,0,0,"新聞・雑誌・ガイドブック, インターネット・アプリ",0,0,0,0,0,0,0,0,0,0,1,0,0,0,0,0,1,0,0,0,0,0,0,0,0,,,,,,"3,000円以上 5,000円未満",,使わない,,,,,,,,,,,,3,,,,,,8,機会があれば行きたい,大変な時期でどうかと思いましたが、行ってよかったと感じました。,金沢城公園,同意する,,,,,,,1970,,,,,,
石川,2024/02/03 16:48:09,神奈川県,女,1987,,600万円以上 700万円未満,夫婦2人,2泊,石川県外には泊まらない,金沢エリア  （湯涌温泉、深谷温泉、犀川温泉など）,2泊,,,,,,,,,新幹線,0,0,1,0,0,0,0,,0,0,0,0,3,あまりバスに乗らないので、少し疲れた,,,初めて,"地元の美味しいものを食べる, 名所、旧跡の観光, 買い物、アウトレット, まちあるき、都市散策, 各種体験（手作り、果物狩りなど）",0,0,1,0,1,0,1,0,0,0,1,1,0,0,0,0,0,0,"新聞・雑誌・ガイドブック, 友人・知人",0,0,0,0,0,0,0,0,0,0,0,0,0,0,0,0,1,0,1,0,0,0,0,0,0,,,,,,"20,000円以上 30,000円未満",,"1,000円以上 3,000円未満",,,,,,,,,,,,3,雨が降ってきたから,ゆっくり観ることができた！,,,,10,また行きたい（1年以内）,ひゃくまんさんがとても可愛くてファンになったので、もっとグッズやお食事とのコラボがあったら嬉しいです 雪や雨に見舞われたけど、それでも景色がよく、ご飯も美味しくて、体験などもやれて、楽しかった,金沢城公園,同意する,,,,,,,1987,,,,,,
石川,2024/02/04 15:03:47,北海道,女,1996,,200万円以上 300万円未満,恋人,4泊以上,岐阜県,金沢エリア  （湯涌温泉、深谷温泉、犀川温泉など）,4泊以上,,,,,,,,,新幹線,0,0,1,0,0,0,0,,0,0,0,0,5,,,,初めて,"地元の美味しいものを食べる, 花見や紅葉などの自然鑑賞, 名所、旧跡の観光, お祭りやイベントへの参加・見物, まちあるき、都市散策",0,0,1,1,1,0,0,1,0,0,1,0,0,0,0,0,0,0,"インターネット・アプリ, Youtube",0,0,0,0,0,0,0,0,0,0,1,0,0,0,0,0,0,0,0,0,0,0,0,0,0,,,,,,"5,000円以上 10,000円未満",,使わない,,,,,,,,,,,,4,It was partialy closed but the workers informed us about and offered us alternative routes,,,,,10,機会があれば行きたい,"Food was delicious, we love the fresh fish of the area. We don't like that the only Way of transportation from here to Nagano is the shinkansen, because the bus doesn't work in winter months. ",金沢城公園,同意する,,,,,,,1996,,,,,,
石川,2024/02/04 21:30:54,東京都,女,1973,,"1,500万円以上",恋人,1泊,石川県外には泊まらない,金沢エリア  （湯涌温泉、深谷温泉、犀川温泉など）,1泊,,,,,,,,,新幹線,0,0,1,0,0,0,0,,0,0,0,0,4,わかりやすかった,,,初めて,"地元の美味しいものを食べる, 名所、旧跡の観光, まちあるき、都市散策",0,0,1,0,1,0,0,0,0,0,1,0,0,0,0,0,0,0,"新聞・雑誌・ガイドブック, 観光パンフレット・ポスター",0,0,0,0,0,0,0,0,0,0,0,0,0,0,0,0,1,0,0,0,1,0,0,0,0,,,,,,"5,000円以上 10,000円未満",,"1,000円未満",,,,,,,,,,,,3,スタンプラリーしながらの見学は楽しかったけれど、御城印をいただいた際の日付けをご自身で。というのはガッカリしました。,地震の影響のせい,,,,10,機会があれば行きたい,特になし 街歩き,金沢城公園,同意する,,,,夕食に出かけた,,,1973,,,,,,
石川,2024/02/05 21:56:59,石川県,女,1972,,800万円以上 900万円未満,友人,日帰り,石川県外には泊まらない,加賀エリア （山代温泉、山中温泉、片山津温泉、粟津温泉、辰口温泉、加賀市、小松市など）,1泊,,,,,,,,,ラン,0,0,0,0,0,0,0,,0,0,0,0,5,道がわかりやすい。金沢城に行くまでにも観光が楽しめる,,,11回目以上,お祭りやイベントへの参加・見物,0,0,0,0,0,0,0,1,0,0,0,0,0,0,0,0,0,0,"観光展・物産展, 観光パンフレット・ポスター",0,0,0,0,0,0,0,0,0,0,0,0,0,0,0,0,0,0,0,0,1,0,1,0,0,,,,,,使わない,,"3,000円以上 5,000円未満",,,,,,,,,,,,5,地元の観光客に対してのおもてなしが暖かい！私、野々市なのに！金沢のおもてなしは誰にでも平等に暖かいって感激しました。,地震の影響で入れない所があったのですがわざわざそとまで出て案内をしてくれました。,,,,10,また行きたい（1年以内）,金沢おでんってどういうやつ？って聞かれますヾ(=д= ；)。教えてください！ 宇多須神社の節分祭り、金沢芸妓さんの艶やかな姿と今もなお受け継がれている伝統をたくさんの国内外の方に見て貰いたいです。,金沢城公園,同意する,,,,,,,1972,,,,,,
石川,2024/02/06 14:07:06,千葉県,男,1973,,"900万円以上 1,000万円未満",自分ひとり,4泊以上,石川県外には泊まらない,金沢エリア  （湯涌温泉、深谷温泉、犀川温泉など）,4泊以上,,,,,,,,,新幹線,0,0,1,0,0,0,0,,0,0,0,0,,,,,初めて,出張など仕事関係,0,0,0,0,0,0,0,0,0,0,0,0,0,0,0,0,1,0,"新聞・雑誌・ガイドブック, 観光パンフレット・ポスター",0,0,0,0,0,0,0,0,0,0,0,0,0,0,0,0,1,0,0,0,1,0,0,0,0,,,,,,"50,000円以上 100,000円未満",,"1,000円未満",,,,,,,,,,,,3,開園前に立ち寄ったので,開園前でもある程度楽しめたため,,,,10,機会があれば行きたい,特になし 食べ物が美味しかった！,金沢城公園,同意する,,,,,,,1973,,,,,,
石川,2024/02/18 11:11:58,東京都,女,1950,,200万円以上 300万円未満,自分ひとり,2泊,石川県外には泊まらない,金沢エリア  （湯涌温泉、深谷温泉、犀川温泉など）,2泊,,,,,,,,,新幹線,0,0,1,0,0,0,0,,0,0,0,0,4,便利ではあったがバスが多くて1日チケットが使えるのかドキドキして乗ってました。,,,初めて,"地元の美味しいものを食べる, 名所、旧跡の観光, テーマパーク（遊園地、動物園、博物館など）, 買い物、アウトレット, まちあるき、都市散策",0,0,1,0,1,1,1,0,0,0,1,0,0,0,0,0,0,0,観光パンフレット・ポスター,0,0,0,0,0,0,0,0,0,0,0,0,0,0,0,0,0,0,0,0,1,0,0,0,0,,,,,,"5,000円以上 10,000円未満",,"1,000円未満",,,,,,,,,,,,4,よく分からず時間があったので行きました。,事前に復元工事の事など知らなかったので立派でびっくりしました。,,,,7,また行きたい（1年以内）,歩いて裏道とか行きたいが住所表記が少ない気がする。とても迷った。歩いてみてね。 地震後だったので見れない所もあり、まず私がもう一度行ってみる。,金沢城公園,同意する,,,,,,,1950,,,,,,
石川,2024/02/18 16:11:43,大阪府,男,2003,,700万円以上 800万円未満,友人,4泊以上,富山県,金沢エリア  （湯涌温泉、深谷温泉、犀川温泉など）,2泊,,,,,,,,,在来線,0,0,0,1,0,0,0,,0,0,0,0,4,,,,初めて,"地元の美味しいものを食べる, 花見や紅葉などの自然鑑賞, 名所、旧跡の観光, 買い物、アウトレット, 各種体験（手作り、果物狩りなど）",0,0,1,1,1,0,1,0,0,0,0,1,0,0,0,0,0,0,"インターネット・アプリ, X(旧：Twitter)",0,0,0,0,0,1,0,0,0,0,1,0,0,0,0,0,0,0,0,0,0,0,0,0,0,,,,,,"1,000円以上 3,000円未満",,"1,000円以上 3,000円未満",,,,,,,,,,,,4,,,,,,10,また行きたい（1年以内）,特になし,金沢城公園,同意する,,,,,,,2003,,,,,,
石川,2024/02/19 17:45:04,東京都,女,1983,,100万円未満,夫婦2人,2泊,福井県,金沢エリア  （湯涌温泉、深谷温泉、犀川温泉など）,1泊,,,,,,,,,"新幹線, 在来線",0,0,1,1,0,0,0,,0,0,0,0,,,,,初めて,"地元の美味しいものを食べる, 花見や紅葉などの自然鑑賞, 名所、旧跡の観光, 買い物、アウトレット, まちあるき、都市散策",0,0,1,1,1,0,1,0,0,0,1,0,0,0,0,0,0,0,インターネット・アプリ,0,0,0,0,0,0,0,0,0,0,1,0,0,0,0,0,0,0,0,0,0,0,0,0,0,,,,,,"1,000円以上 3,000円未満",,使わない,,,,,,,,,,,,5,缶バッジがいただけた,案内がよかった,,,,10,また行きたい（1年以内）,よかった！ きれいだった,金沢城公園,同意する,,,,,,,1983,,,,,,
石川,2024/02/19 23:05:38,奈良県,男,1975,,800万円以上 900万円未満,夫婦2人,2泊,石川県外には泊まらない,金沢エリア  （湯涌温泉、深谷温泉、犀川温泉など）,2泊,,,,,,,,,在来線,0,0,0,1,0,0,0,,0,0,0,0,3,,,,初めて,"地元の美味しいものを食べる, 名所、旧跡の観光",0,0,1,0,1,0,0,0,0,0,0,0,0,0,0,0,0,0,インターネット・アプリ,0,0,0,0,0,0,0,0,0,0,1,0,0,0,0,0,0,0,0,0,0,0,0,0,0,,,,,,"5,000円以上 10,000円未満",,"1,000円未満",,,,,,,,,,,,4,,,,,,5,機会があれば行きたい,兼六園は若い人、海外観光客が多かった。お抹茶おいしかった,金沢城公園,同意する,,,,,,,1975,,,,,,
石川,2024/02/20 12:07:14,神奈川県,男,2003,,"1,500万円以上",友人,2泊,石川県外には泊まらない,金沢エリア  （湯涌温泉、深谷温泉、犀川温泉など）,2泊,,,,,,,,,新幹線,0,0,1,0,0,0,0,,0,0,0,0,5,,,,初めて,"宿でのんびり過ごす, 地元の美味しいものを食べる, 名所、旧跡の観光, テーマパーク（遊園地、動物園、博物館など）, お祭りやイベントへの参加・見物",1,0,1,0,1,1,0,1,0,0,0,0,0,0,0,0,0,0,"観光展・物産展, 新聞・雑誌・ガイドブック",0,0,0,0,0,0,0,0,0,0,0,0,0,0,0,0,1,0,0,0,0,0,1,0,0,,,,,,"10,000円以上 20,000円未満",,"3,000円以上 5,000円未満",,,,,,,,,,,,5,,,,,,10,また行きたい（1年以内）,特になし,金沢城公園,同意する,,,,,,,2003,,,,,,
石川,2024/02/21 14:29:15,東京都,女,1971,,300万円以上 400万円未満,友人,1泊,石川県外には泊まらない,金沢エリア  （湯涌温泉、深谷温泉、犀川温泉など）,1泊,,,,,,,,,新幹線,0,0,1,0,0,0,0,,0,0,0,0,5,路線バスの充実,,,初めて,"地元の美味しいものを食べる, 名所、旧跡の観光",0,0,1,0,1,0,0,0,0,0,0,0,0,0,0,0,0,0,"観光パンフレット・ポスター, 友人・知人",0,0,0,0,0,0,0,0,0,0,0,0,0,0,0,0,0,0,1,0,1,0,0,0,0,,,,,,"5,000円以上 10,000円未満",,"1,000円未満",,,,,,,,,,,,4,待合室など充実,施設が綺麗,,,,10,また行きたい（1年以内）,なし 観光のし易さ,金沢城公園,同意する,,,,,,,1971,,,,,,
石川,2024/02/21 19:45:05,大阪府,女,1969,,200万円以上 300万円未満,友人,1泊,石川県外には泊まらない,金沢エリア  （湯涌温泉、深谷温泉、犀川温泉など）,1泊,,,,,,,,,在来線,0,0,0,1,0,0,0,,0,0,0,0,5,不便なく回れた,,,初めて,"地元の美味しいものを食べる, 名所、旧跡の観光, まちあるき、都市散策",0,0,1,0,1,0,0,0,0,0,1,0,0,0,0,0,0,0,"新聞・雑誌・ガイドブック, 観光パンフレット・ポスター, インターネット・アプリ, タクシードライバーや地元の人",0,0,0,0,0,0,0,0,0,0,1,0,0,0,0,0,1,0,0,1,1,0,0,0,0,,,,,,"10,000円以上 20,000円未満",,"1,000円未満",,,,,,,,,,,,5,不便なかつた,不便なかった,,,,10,また行きたい（1年以内）,とくになしあ 魚か美味しい,金沢城公園,同意する,,,,,,,1969,,,,,,
石川,2024/02/25 13:22:30,新潟県,女,1981,,"900万円以上 1,000万円未満",小学生以下連れの家族,1泊,石川県外には泊まらない,金沢エリア  （湯涌温泉、深谷温泉、犀川温泉など）,1泊,,,,,,,,,自家用車,1,0,0,0,0,0,0,,0,0,0,0,,,,,2～5回目,地元の美味しいものを食べる,0,0,1,0,0,0,0,0,0,0,0,0,0,0,0,0,0,0,インターネット・アプリ,0,0,0,0,0,0,0,0,0,0,1,0,0,0,0,0,0,0,0,0,0,0,0,0,0,,,,,,"5,000円以上 10,000円未満",,"1,000円未満",,,,,,,,,,,,5,スタンプラリーをするためにきました　スタンプラリーは今後も継続を希望します,スタッフの案内が親切で分かりやすかったです,,,,10,また行きたい（1年以内）,海産物を楽しみにきました。美味しいものが食べれて満足です。 金沢城のスタンプラリー,金沢城公園,同意する,,,,,,,1981,,,,,,
石川,2024/02/27 19:42:03,奈良県,男,1983,,500万円以上 600万円未満,自分ひとり,日帰り,石川県外には泊まらない,石川県内には宿泊しない,石川県内には宿泊しない,,,,,,,,,在来線,0,0,0,1,0,0,0,,0,0,0,0,5,レンタサイクルが充実していたし、金沢駅から自転車圏内に複数観光スポットがある。,,,2～5回目,"地元の美味しいものを食べる, 名所、旧跡の観光",0,0,1,0,1,0,0,0,0,0,0,0,0,0,0,0,0,0,観光協会等の案内所,0,0,0,0,0,0,0,0,0,0,0,0,0,0,0,0,0,0,0,0,0,1,0,0,0,,,,,,使わない,,"1,000円未満",,,,,,,,,,,,5,スタンプラリーが良かった。,久しぶりに訪れたが、休憩所など整備されていたり、復元物も綺麗になっていた。,,,,9,機会があれば行きたい,特になし。 日帰りでも観光や食事を駅周辺でも色々楽しめるので、気楽に来られます。,金沢城公園,同意する,,,,,,,1983,,,,,,
石川,2024/02/28 11:30:43,千葉県,女,1968,,600万円以上 700万円未満,夫婦2人,1泊,石川県外には泊まらない,金沢エリア  （湯涌温泉、深谷温泉、犀川温泉など）,1泊,,,,,,,,,新幹線,0,0,1,0,0,0,0,,0,0,0,0,,,,,2～5回目,"地元の美味しいものを食べる, まちあるき、都市散策",0,0,1,0,0,0,0,0,0,0,1,0,0,0,0,0,0,0,インターネット・アプリ,0,0,0,0,0,0,0,0,0,0,1,0,0,0,0,0,0,0,0,0,0,0,0,0,0,,,,,,"5,000円以上 10,000円未満",,使わない,,,,,,,,,,,,3,,,,,,10,また行きたい（1年以内）,特に無し 町並みがきれい,金沢城公園,同意する,,,,,,,1968,,,,,,
石川,2024/03/01 15:22:27,愛知県,女,1985,,200万円以上 300万円未満,親,1泊,石川県外には泊まらない,金沢エリア  （湯涌温泉、深谷温泉、犀川温泉など）,1泊,,,,,,,,,在来線,0,0,0,1,0,0,0,,0,0,0,0,,,,,初めて,"地元の美味しいものを食べる, 名所、旧跡の観光, まちあるき、都市散策",0,0,1,0,1,0,0,0,0,0,1,0,0,0,0,0,0,0,"新聞・雑誌・ガイドブック, 観光パンフレット・ポスター",0,0,0,0,0,0,0,0,0,0,0,0,0,0,0,0,1,0,0,0,1,0,0,0,0,,,,,,"5,000円以上 10,000円未満",,"1,000円未満",,,,,,,,,,,,5,,,,,,8,また行きたい（1年以内）,特になし,金沢城公園,同意する,,,,,,,1985,,,,,,
石川,2024/03/03 11:52:29,兵庫県,女,1968,,400万円以上 500万円未満,友人,日帰り,石川県外には泊まらない,石川県内には宿泊しない,石川県内には宿泊しない,,,,,,,,,在来線,0,0,0,1,0,0,0,,0,0,0,0,5,街歩きを楽しめたから,,,2～5回目,"地元の美味しいものを食べる, 名所、旧跡の観光, まちあるき、都市散策",0,0,1,0,1,0,0,0,0,0,1,0,0,0,0,0,0,0,"インターネット・アプリ, 友人・知人",0,0,0,0,0,0,0,0,0,0,1,0,0,0,0,0,0,0,1,0,0,0,0,0,0,,,,,,使わない,,"1,000円以上 3,000円未満",,,,,,,,,,,,5,石垣が素晴らしかった,,,,,8,機会があれば行きたい,特になし,金沢城公園,同意する,,,,妙立寺,,,1968,,,,,,
石川,2024/03/03 21:26:15,石川県,女,1981,,500万円以上 600万円未満,自分ひとり,日帰り,石川県外には泊まらない,石川県内には宿泊しない,石川県内には宿泊しない,,,,,,,,,県外から訪れていない（石川県内在住）,0,0,0,0,0,0,0,,0,0,0,0,4,,,,11回目以上,"名所、旧跡の観光, まちあるき、都市散策",0,0,0,0,1,0,0,0,0,0,1,0,0,0,0,0,0,0,"インターネット・アプリ, X(旧：Twitter)",0,0,0,0,0,1,0,0,0,0,1,0,0,0,0,0,0,0,0,0,0,0,0,0,0,,,,,,使わない,,使わない,,,,,,,,,,,,5,,,,,,10,石川県在住,特になし,金沢城公園,同意する,,,,,,,1981,,,,,,
石川,2024/03/06 0:15:47,神奈川県,女,1983,,500万円以上 600万円未満,夫婦2人,3泊,石川県外には泊まらない,金沢エリア  （湯涌温泉、深谷温泉、犀川温泉など）,3泊,,,,,,,,,"新幹線, 在来線",0,0,1,1,0,0,0,,0,0,0,0,,,,,2～5回目,"地元の美味しいものを食べる, 買い物、アウトレット, まちあるき、都市散策, 友人・親戚を訪ねる, 前撮り",0,0,1,0,0,0,1,0,0,0,1,0,0,0,0,0,0,0,"インターネット・アプリ, Instagram, 友人・知人",0,0,0,1,0,0,0,0,0,0,1,0,0,0,0,0,0,0,1,0,0,0,0,0,0,,,,,,"30,000円以上 40,000円未満",,"1,000円以上 3,000円未満",,,,,,,,,,,,5,混雑せずに、金箔ソフトクリームを食べながら金沢城がみれた。また、飲み物のカップがかわいかった。,歩く所が多くて、細かい所まで見ることができなかったが、また次回見る楽しみがあった。城から連なる雪山が見れて綺麗だった。,,,,9,また行きたい（1年以内）,金沢カレー食べ比べ店があると良い。土産は、ボールペン種類増やしてほしい。アクティビティは、もうあるかもしれないがタクシーで街周遊。 金沢城見ながらのカフェ。歩いて行ける近江市場の海鮮丼は、色々あるから面白い。,金沢城公園,同意する,,,,,,,1983,,,,,,
石川,2024/03/07 10:01:36,千葉県,女,2003,,"900万円以上 1,000万円未満",友人,1泊,石川県外には泊まらない,金沢エリア  （湯涌温泉、深谷温泉、犀川温泉など）,1泊,,,,,,,,,新幹線,0,0,1,0,0,0,0,,0,0,0,0,,,,,初めて,"宿でのんびり過ごす, 温泉や露天風呂, 地元の美味しいものを食べる, 花見や紅葉などの自然鑑賞, 名所、旧跡の観光",1,1,1,1,1,0,0,0,0,0,0,0,0,0,0,0,0,0,X(旧：Twitter),0,0,0,0,0,1,0,0,0,0,0,0,0,0,0,0,0,0,0,0,0,0,0,0,0,,,,,,"20,000円以上 30,000円未満",,"1,000円未満",,,,,,,,,,,,4,,,,,,10,また行きたい（1年以内）,特になし 海鮮丼　おいしかった,金沢城公園,同意する,,,,,,,2003,,,,,,
石川,2024/03/08 21:08:02,愛知県,男,1998,,100万円未満,自分ひとり,2泊,石川県外には泊まらない,金沢エリア  （湯涌温泉、深谷温泉、犀川温泉など）,2泊,,,,,,,,,旅行会社ツアーバス,0,0,0,0,0,1,0,,0,0,0,0,,,,,初めて,地元の美味しいものを食べる,0,0,1,0,0,0,0,0,0,0,0,0,0,0,0,0,0,0,観光展・物産展,0,0,0,0,0,0,0,0,0,0,0,0,0,0,0,0,0,0,0,0,0,0,1,0,0,,,,,,"5,000円以上 10,000円未満",,使わない,,,,,,,,,,,,5,,,,,,10,また行きたい（1年以内）,美味しいご飯,金沢城公園,同意する,,,,,,,1998,,,,,,
石川,2024/03/08 21:35:07,東京都,男,2004,,"1,000万円以上 1,200万円未満",友人,1泊,石川県外には泊まらない,金沢エリア  （湯涌温泉、深谷温泉、犀川温泉など）,1泊,,,,,,,,,新幹線,0,0,1,0,0,0,0,,0,0,0,0,,,,,初めて,"地元の美味しいものを食べる, 各種体験（手作り、果物狩りなど）",0,0,1,0,0,0,0,0,0,0,0,1,0,0,0,0,0,0,"TV・ラジオ番組やCM, X(旧：Twitter)",0,0,0,0,0,1,0,0,0,0,0,0,0,0,1,0,0,0,0,0,0,0,0,0,0,,,,,,"20,000円以上 30,000円未満",,使わない,,,,,,,,,,,,5,自然が豊だった,,,,,8,また行きたい（1年以内）,おいしいもの,金沢城公園,同意する,,,,,,,2004,,,,,,
石川,2024/03/09 9:46:31,鳥取県,男,1982,,500万円以上 600万円未満,団体旅行,2泊,福井県,金沢エリア  （湯涌温泉、深谷温泉、犀川温泉など）,1泊,,,,,,,,,旅行会社ツアーバス,0,0,0,0,0,1,0,,0,0,0,0,4,サンダーバードがすき,,,2～5回目,"地元の美味しいものを食べる, 名所、旧跡の観光",0,0,1,0,1,0,0,0,0,0,0,0,0,0,0,0,0,0,以前来ている,0,0,0,0,0,0,0,0,0,0,0,0,0,0,0,0,0,0,0,0,0,0,0,0,1,,,,,,"5,000円以上 10,000円未満",,"1,000円未満",,,,,,,,,,,,3,前回も来ているから,綺麗に手入れしてある,,,,10,また行きたい（1年以内）,日本酒が特に最高、魚介類が最高 美味しいものと街並みが好き,金沢城公園,同意する,,,,,,,1982,,,,,,
石川,2024/03/09 15:20:18,長野県,女,1998,,100万円以上 200万円未満,友人,1泊,石川県外には泊まらない,金沢エリア  （湯涌温泉、深谷温泉、犀川温泉など）,1泊,,,,,,,,,新幹線,0,0,1,0,0,0,0,,0,0,0,0,,,,,初めて,"地元の美味しいものを食べる, まちあるき、都市散策",0,0,1,0,0,0,0,0,0,0,1,0,0,0,0,0,0,0,"インターネット・アプリ, Instagram",0,0,0,1,0,0,0,0,0,0,1,0,0,0,0,0,0,0,0,0,0,0,0,0,0,,,,,,"5,000円以上 10,000円未満",,"1,000円以上 3,000円未満",,,,,,,,,,,,5,,,,,,10,また行きたい（1年以内）,特になし,金沢城公園,同意する,,,,,,,1998,,,,,,
石川,2024/03/11 8:55:17,大阪府,男,1991,,300万円以上 400万円未満,自分ひとり,1泊,石川県外には泊まらない,金沢エリア  （湯涌温泉、深谷温泉、犀川温泉など）,1泊,,,,,,,,,在来線,0,0,0,1,0,0,0,,0,0,0,0,,,,,2～5回目,"地元の美味しいものを食べる, 名所、旧跡の観光, まちあるき、都市散策",0,0,1,0,1,0,0,0,0,0,1,0,0,0,0,0,0,0,観光パンフレット・ポスター,0,0,0,0,0,0,0,0,0,0,0,0,0,0,0,0,0,0,0,0,1,0,0,0,0,,,,,,"3,000円以上 5,000円未満",,使わない,,,,,,,,,,,,4,,,,,,8,機会があれば行きたい,おすすめグルメスポットを紹介したフリーペーパーがあったらわかりやすい,金沢城公園,同意する,,,,,,,1991,,,,,,
石川,2024/03/17 9:50:30,栃木県,女,1965,,100万円以上 200万円未満,夫婦2人,2泊,石川県外には泊まらない,金沢エリア  （湯涌温泉、深谷温泉、犀川温泉など）,2泊,,,,,,,,,新幹線,0,0,1,0,0,0,0,,0,0,0,0,2,路線バスの香林坊から東部車庫行きに乗車したとき、立っている乗客に「安全のためつかまって下さい」と運転手さんがしつこく声をかけしていましたが、ちょっとしつこくて不自然な感じでした。声かけのわりに丁寧な運転には感じませんでした。,,,初めて,"地元の美味しいものを食べる, 名所、旧跡の観光",0,0,1,0,1,0,0,0,0,0,0,0,0,0,0,0,0,0,インターネット・アプリ,0,0,0,0,0,0,0,0,0,0,1,0,0,0,0,0,0,0,0,0,0,0,0,0,0,,,,,,"10,000円以上 20,000円未満",,"1,000円以上 3,000円未満",,,,,,,,,,,,5,全体的にきれい,とてもきれいに整備されている,,,,10,機会があれば行きたい,とくになし 金沢城と兼六園,金沢城公園,同意する,,,,,,,1965,,,,,,
石川,2024/03/17 16:49:26,京都府,女,1953,,300万円以上 400万円未満,友人,1泊,石川県外には泊まらない,金沢エリア  （湯涌温泉、深谷温泉、犀川温泉など）,1泊,,,,,,,,,"新幹線, 在来線",0,0,1,1,0,0,0,,0,0,0,0,,,,,初めて,北陸新幹線沿線開業,0,0,0,0,0,0,0,0,0,0,0,0,0,0,0,0,0,0,新聞・雑誌・ガイドブック,0,0,0,0,0,0,0,0,0,0,0,0,0,0,0,0,1,0,0,0,0,0,0,0,0,,,,,,"10,000円以上 20,000円未満",,使わない,,,,,,,,,,,,5,自由に散策できる,,,,,10,機会があれば行きたい,季節の海鮮料理をいただきたいと思う　バスが交通系カードか使えないのが不便　金沢駅のバス停のおじさんの無愛想なこと 庭園や長屋　　石垣　など見処がある,金沢城公園,同意する,,,,,,,1953,,,,,,
石川,2024/03/26 23:12:43,静岡県,女,1980,,400万円以上 500万円未満,小学生以下連れの家族,2泊,石川県外には泊まらない,金沢エリア  （湯涌温泉、深谷温泉、犀川温泉など）,2泊,,,,,,,,,新幹線,0,0,1,0,0,0,0,,0,0,0,0,,,,,初めて,大正琴の祭典に出場した,0,0,0,0,0,0,0,0,0,0,0,0,0,0,0,0,0,0,"新聞・雑誌・ガイドブック, 観光パンフレット・ポスター, インターネット・アプリ, Instagram, 友人・知人",0,0,0,1,0,0,0,0,0,0,1,0,0,0,0,0,1,0,1,0,1,0,0,0,0,,,,,,"20,000円以上 30,000円未満",,"1,000円以上 3,000円未満",,,,,,,,,,,,5,案内板がわかりやすかった。,実際に昔の建物の中に入ることができた。,,,,10,また行きたい（1年以内）,特になし 武家屋敷跡周辺　歴史的な街並みと人の温かさを感じることができた。,金沢城公園,同意する,,,,,,,1980,,,,,,
石川,2024/03/26 23:24:14,静岡県,女,1980,,400万円以上 500万円未満,小学生以下連れの家族,2泊,石川県外には泊まらない,金沢エリア  （湯涌温泉、深谷温泉、犀川温泉など）,2泊,,,,,,,,,新幹線,0,0,1,0,0,0,0,,0,0,0,0,,,,,初めて,大正琴の祭典に出場する,0,0,0,0,0,0,0,0,0,0,0,0,0,0,0,0,0,0,"新聞・雑誌・ガイドブック, 観光パンフレット・ポスター, インターネット・アプリ, Instagram, 友人・知人",0,0,0,1,0,0,0,0,0,0,1,0,0,0,0,0,1,0,1,0,1,0,0,0,0,,,,,,"20,000円以上 30,000円未満",,"1,000円以上 3,000円未満",,,,,,,,,,,,5,案内板がわかりやすい,実際に昔の建物の中に入れる,,,,10,また行きたい（1年以内）,特になし 武家屋敷跡周辺　歴史的な街並みと人の温かさ,金沢城公園,同意する,,,,,,,1980,,,,,,
石川,2024/03/27 15:12:25,兵庫県,女,1979,,600万円以上 700万円未満,夫婦2人,1泊,石川県外には泊まらない,金沢エリア  （湯涌温泉、深谷温泉、犀川温泉など）,1泊,,,,,,,,,新幹線,0,0,1,0,0,0,0,,0,0,0,0,3,バスの運転が全体的に荒かった,,,初めて,"温泉や露天風呂, 地元の美味しいものを食べる, 名所、旧跡の観光",0,1,1,0,1,0,0,0,0,0,0,0,0,0,0,0,0,0,新聞・雑誌・ガイドブック,0,0,0,0,0,0,0,0,0,0,0,0,0,0,0,0,1,0,0,0,0,0,0,0,0,,,,,,"5,000円以上 10,000円未満",,"1,000円未満",,,,,,,,,,,,4,ベンチもたくさんあり休みやすい。説明も多く退屈しない,どこも設備が綺麗でよかった,,,,7,機会があれば行きたい,特になし 兼六園,金沢城公園,同意する,,,,,,,1979,,,,,,
石川,2024/03/27 15:16:13,兵庫県,男,1976,,500万円以上 600万円未満,夫婦2人,1泊,石川県外には泊まらない,金沢エリア  （湯涌温泉、深谷温泉、犀川温泉など）,1泊,,,,,,,,,"新幹線, 在来線",0,0,1,1,0,0,0,,0,0,0,0,4,概ね満足ですが、交通系ICカードが使えないのは不便と思いました,,,初めて,"名所、旧跡の観光, まちあるき、都市散策",0,0,0,0,1,0,0,0,0,0,1,0,0,0,0,0,0,0,新聞・雑誌・ガイドブック,0,0,0,0,0,0,0,0,0,0,0,0,0,0,0,0,1,0,0,0,0,0,0,0,0,,,,,,"5,000円以上 10,000円未満",,"1,000円未満",,,,,,,,,,,,3,散歩に来たので,,,,,5,機会があれば行きたい,特に無し 兼六園は良かった,金沢城公園,同意する,,,,,,,1976,,,,,,
石川,2024/03/28 17:13:53,石川県,女,1977,,"900万円以上 1,000万円未満",夫婦2人,1泊,石川県外には泊まらない,金沢エリア  （湯涌温泉、深谷温泉、犀川温泉など）,1泊,,,,,,,,,自家用車,1,0,0,0,0,0,0,,0,0,0,0,,,,,11回目以上,"温泉や露天風呂, 地元の美味しいものを食べる, 名所、旧跡の観光, テーマパーク（遊園地、動物園、博物館など）, ドライブ・ツーリング",0,1,1,0,1,1,0,0,0,0,0,0,0,0,1,0,0,0,"新聞・雑誌・ガイドブック, Instagram, 友人・知人",0,0,0,1,0,0,0,0,0,0,0,0,0,0,0,0,1,0,1,0,0,0,0,0,0,,,,,,"10,000円以上 20,000円未満",,"1,000円未満",,,,,,,,,,,,5,お店がお洒落だった,お城がキレイ,,,,10,石川県在住,特になし 海鮮類　新鮮で美味しい,金沢城公園,同意する,,,,,,,1977,,,,,,
石川,2024/03/28 17:51:26,大阪府,女,1975,,100万円以上 200万円未満,夫婦2人,1泊,石川県外には泊まらない,金沢エリア  （湯涌温泉、深谷温泉、犀川温泉など）,1泊,,,,,,,,,新幹線,0,0,1,0,0,0,0,,0,0,0,0,,,,,初めて,スポーツ観戦や芸術鑑賞（コンサート等）,0,0,0,0,0,0,0,0,0,0,0,0,0,0,0,0,0,0,観光パンフレット・ポスター,0,0,0,0,0,0,0,0,0,0,0,0,0,0,0,0,0,0,0,0,1,0,0,0,0,,,,,,"5,000円以上 10,000円未満",,使わない,,,,,,,,,,,,5,ボランティアガイドの方が親切に質問に答えてくれた。,ドラクエウォーク(スマホアプリゲーム)でレアアイテムがゲットできる。,,,,10,また行きたい（1年以内）,金沢競馬をもっと盛り上げたい。 歴史と文化を感じ、どこも美しく食べ物がおいしい。兼六園内のような茶店があればうれしい。,金沢城公園,同意する,,,,,,,1975,,,,,,
石川,2024/03/29 12:31:23,石川県,女,1980,,100万円以上 200万円未満,自分ひとり,日帰り,石川県外には泊まらない,石川県内には宿泊しない,石川県内には宿泊しない,,,,,,,,,自家用車,1,0,0,0,0,0,0,,0,0,0,0,5,,,,11回目以上,名所、旧跡の観光,0,0,0,0,1,0,0,0,0,0,0,0,0,0,0,0,0,0,観光協会等の案内所,0,0,0,0,0,0,0,0,0,0,0,0,0,0,0,0,0,0,0,0,0,1,0,0,0,,,,,,使わない,,"1,000円未満",,,,,,,,,,,,5,,,,,,10,また行きたい（1年以内）,可愛いお土産のお菓子とか有ればいいな VR映像が凄かった,金沢城公園,同意する,,,,,,,1980,,,,,,
石川,2024/03/29 13:24:30,石川県,男,1980,,100万円未満,自分ひとり,日帰り,石川県外には泊まらない,石川県内には宿泊しない,石川県内には宿泊しない,,,,,,,,,"新幹線, 旅行会社ツアーバス",0,0,1,0,0,1,0,,0,0,0,0,5,支援物資等に説明明確していて最高です✨,,,11回目以上,"宿でのんびり過ごす, 温泉や露天風呂, 地元の美味しいものを食べる, 花見や紅葉などの自然鑑賞, 名所、旧跡の観光, テーマパーク（遊園地、動物園、博物館など）, 買い物、アウトレット, お祭りやイベントへの参加・見物, スポーツ観戦や芸術鑑賞（コンサート等）, アウトドア（海水浴、釣り、登山など）, まちあるき、都市散策, 各種体験（手作り、果物狩りなど）, スキー・スノボ・マリンスポーツ, その他スポーツ（ゴルフ、テニスなど）, ドライブ・ツーリング, 友人・親戚を訪ねる, 出張など仕事関係",1,1,1,1,1,1,1,1,0,1,1,1,0,1,1,0,1,1,"観光展・物産展, 新聞・雑誌・ガイドブック, TV・ラジオ番組やCM, 観光パンフレット・ポスター, 観光連盟やDMOのHP, インターネット・アプリ, X(旧：Twitter), Instagram, Facebook, ブログ, 友人・知人, 観光協会等の案内所, タクシードライバーや地元の人",1,0,0,1,0,1,0,0,1,0,1,0,0,0,1,0,1,0,1,1,1,1,1,1,0,,,,,,"100,000円以上",,"100,000円以上",,,,,,,,,,,,5,旅行支援や医療支援等に捗っておりとても充実しておりましす。,開催支援や交際支援等に説明明確でとても最高です✨,,,,10,石川県在住,エンタープライズ最高。 親近者や親族者等に説明明瞭していて最高。,金沢城公園,同意する,,食糧支援や警察支援等に役立っていて説明明瞭していて最高です✨,,詳細支援や観光支援等に説明明瞭していて最高です✨,,,1980,,,,,,
石川,2024/03/31 7:48:07,京都府,男,1964,,"900万円以上 1,000万円未満",夫婦2人,1泊,石川県外には泊まらない,金沢エリア  （湯涌温泉、深谷温泉、犀川温泉など）,1泊,,,,,,,,,自家用車,1,0,0,0,0,0,0,,0,0,0,0,,,,,初めて,"温泉や露天風呂, 地元の美味しいものを食べる",0,1,1,0,0,0,0,0,0,0,0,0,0,0,0,0,0,0,"新聞・雑誌・ガイドブック, 観光パンフレット・ポスター",0,0,0,0,0,0,0,0,0,0,0,0,0,0,0,0,1,0,0,0,1,0,0,0,0,,,,,,"20,000円以上 30,000円未満",,使わない,,,,,,,,,,,,4,公園がとても綺麗に整備されていた,とても綺麗に整備されていた,,,,5,機会があれば行きたい,特になし,金沢城公園,同意する,,,,,,,1964,,,,,,
石川,2024/03/31 7:54:06,京都府,男,1964,,"900万円以上 1,000万円未満",夫婦2人,1泊,石川県外には泊まらない,金沢エリア  （湯涌温泉、深谷温泉、犀川温泉など）,1泊,,,,,,,,,自家用車,1,0,0,0,0,0,0,,0,0,0,0,,,,,初めて,"温泉や露天風呂, 地元の美味しいものを食べる",0,1,1,0,0,0,0,0,0,0,0,0,0,0,0,0,0,0,観光連盟やDMOのHP,0,0,0,0,0,0,0,0,0,0,0,0,0,0,0,0,0,0,0,0,0,0,0,1,0,,,,,,"20,000円以上 30,000円未満",,使わない,,,,,,,,,,,,3,,,,,,5,機会があれば行きたい,特になし,金沢城公園,同意する,,,,,,,1964,,,,,,
石川,2024/04/02 15:39:42,千葉県,女,1988,,600万円以上 700万円未満,小学生以下連れの家族,1泊,石川県外には泊まらない,金沢エリア  （湯涌温泉、深谷温泉、犀川温泉など）,1泊,,,,,,,,,自家用車,1,0,0,0,0,0,0,,0,0,0,0,,,,,2～5回目,"地元の美味しいものを食べる, 名所、旧跡の観光, 買い物、アウトレット",0,0,1,0,1,0,1,0,0,0,0,0,0,0,0,0,0,0,"TV・ラジオ番組やCM, X(旧：Twitter), Instagram",0,0,0,1,0,1,0,0,0,0,0,0,0,0,1,0,0,0,0,0,0,0,0,0,0,,,,,,"10,000円以上 20,000円未満",,"1,000円未満",,,,,,,,,,,,4,ボランティアさんの説明が参考になった,綺麗なトイレがあった,,,,10,機会があれば行きたい,ご当地ガチャガチャが面白かったのでもっと増やして欲しい 金沢全体の利便性,金沢城公園,同意する,,,,,,,1988,,,,,,
石川,2024/04/05 15:32:31,東京都,男,1983,,700万円以上 800万円未満,自分ひとり,1泊,石川県外には泊まらない,金沢エリア  （湯涌温泉、深谷温泉、犀川温泉など）,1泊,,,,,,,,,"新幹線, 在来線",0,0,1,1,0,0,0,,0,0,0,0,,,,,2～5回目,"地元の美味しいものを食べる, 花見や紅葉などの自然鑑賞, 名所、旧跡の観光, まちあるき、都市散策, ラブライブ！のコラボイベント参加",0,0,1,1,1,0,0,0,0,0,1,0,0,0,0,0,0,0,"インターネット・アプリ, X(旧：Twitter), ラブライブ！コラボイベント",0,0,0,0,0,1,0,0,0,0,1,0,0,0,0,0,0,0,0,0,0,0,0,0,0,,,,,,"10,000円以上 20,000円未満",,"1,000円未満",,,,,,,,,,,5,4,桜が満開で素晴らしい景観だった,休憩所などが適度にあって良かった,,,,10,また行きたい（1年以内）,海の幸 伝統ある街の魅力と美味しい食べ物,金沢城公園,同意する,,石浦神社,,,,,1983,,,,,,
石川,2024/04/06 1:41:01,富山県,男,1985,,400万円以上 500万円未満,友人,日帰り,日帰り,石川県内には宿泊しない,石川県内には宿泊しない,,,,,,,,,自家用車,1,0,0,0,0,0,0,,0,0,0,0,,,,,2～5回目,お祭りやイベントへの参加・見物,0,0,0,0,0,0,0,1,0,0,0,0,0,0,0,0,0,0,"観光パンフレット・ポスター, インターネット・アプリ, X(旧：Twitter)",0,0,0,0,0,1,0,0,0,0,1,0,0,0,0,0,0,0,0,0,1,0,0,0,0,,,,,,使わない,,"1,000円以上 3,000円未満",,,,,,,,,,,5,4,団子が美味しかった,景色が良かった,,,,8,また行きたい（1年以内）,特になし 蓮ノ空女学院スクールアイドルクラブ,金沢城公園,同意する,,,,,,,1985,,,,,,
石川,2024/04/06 14:18:43,東京都,男,1975,,"1,500万円以上",友人,1泊,石川県外には泊まらない,金沢エリア  （湯涌温泉、深谷温泉、犀川温泉など）,1泊,,,,,,,,,飛行機,0,0,0,0,1,0,0,,0,0,0,0,4,並ばずに移動できる,,,2～5回目,"地元の美味しいものを食べる, 名所、旧跡の観光, まちあるき、都市散策, 蓮ノ空コラボ",0,0,1,0,1,0,0,0,0,0,1,0,0,0,0,0,0,0,蓮ノ空コラボ,0,0,0,0,0,0,0,0,0,0,0,0,0,0,0,0,0,0,0,0,0,0,0,0,1,,,,,,"10,000円以上 20,000円未満",,"1,000円未満",,,,,,,,,,,5,4,,,,,,10,また行きたい（1年以内）,蓮ノ空コラボ最高なのでまたやってください,金沢城公園,同意する,,,,,,,1975,,,,,,
石川,2024/04/06 15:59:25,東京都,女,1976,,700万円以上 800万円未満,中学生以上連れの家族,4泊以上,新潟県,金沢エリア  （湯涌温泉、深谷温泉、犀川温泉など）,2泊,,,,,,,,,自家用車,1,0,0,0,0,0,0,,0,0,0,0,,,,,初めて,"宿でのんびり過ごす, 地元の美味しいものを食べる, 名所、旧跡の観光, まちあるき、都市散策",1,0,1,0,1,0,0,0,0,0,1,0,0,0,0,0,0,0,インターネット・アプリ,0,0,0,0,0,0,0,0,0,0,1,0,0,0,0,0,0,0,0,0,0,0,0,0,0,,,,,,"30,000円以上 40,000円未満",,使わない,,,,,,,,,,,5,3,兼六園側にもお土産屋さんはあったが、金沢城公園の無料エリアには無かった気がするから。,色々な石垣があり良かった。建設中の物もあるようなのでそれに期待している,,,,8,機会があれば行きたい,九谷焼が１箇所にもっと種類豊富に揃っていたら良かった。色んなお店を回るのは大変だった。加賀まで行く時間は取れなかった。駅の土産売り場は種類が少なかった。美術館がまとまったエリアにあって良かった。 *SANRAKUさんのクラブラウンジはサービスの質が高くて良かった。朝食も良かった*兼六園近くのお店の手裏剣体験は子供が喜んでいた*兼六園、ひがし茶屋街等、散策ができる場所が楽しかった,金沢城公園,同意する,,,,,,,1976,,,,,,
石川,2024/04/06 18:57:10,石川県,女,2006,,100万円以上 200万円未満,親,日帰り,石川県外には泊まらない,石川県内には宿泊しない,石川県内には宿泊しない,,,,,,,,,県外から訪れていない（石川県内在住）,0,0,0,0,0,0,0,,0,0,0,0,,,,,11回目以上,"花見や紅葉などの自然鑑賞, 名所、旧跡の観光",0,0,0,1,1,0,0,0,0,0,0,0,0,0,0,0,0,0,友人・知人,0,0,0,0,0,0,0,0,0,0,0,0,0,0,0,0,0,0,1,0,0,0,0,0,0,,,,,,使わない,,使わない,,,,,,,,,,,4,4,,,,,,7,石川県在住,特になし,金沢城公園,同意する,,,,,,,2006,,,,,,
石川,2024/04/07 7:19:44,静岡県,男,1992,,500万円以上 600万円未満,自分ひとり,日帰り,石川県外には泊まらない,石川県内には宿泊しない,石川県内には宿泊しない,,,,,,,,,旅行会社ツアーバス,0,0,0,0,0,1,0,,0,0,0,0,,,,,2～5回目,蓮ノ空スタンプラリー,0,0,0,0,0,0,0,0,0,0,0,0,0,0,0,0,0,0,インターネット・アプリ,0,0,0,0,0,0,0,0,0,0,1,0,0,0,0,0,0,0,0,0,0,0,0,0,0,,,,,,使わない,,使わない,,,,,,,,,,,5,4,,,,,,8,また行きたい（1年以内）,第3回蓮ノ空コラボがあれば、石川県に行く回数は増えると懐います。,金沢城公園,同意する,,,,,,,1992,,,,,,
石川,2024/04/07 9:12:06,千葉県,女,1987,,400万円以上 500万円未満,友人,1泊,石川県外には泊まらない,金沢エリア  （湯涌温泉、深谷温泉、犀川温泉など）,1泊,,,,,,,,,"新幹線, 旅行会社ツアーバス",0,0,1,0,0,1,0,,0,0,0,0,2,全国のICカードが主要バスで使えると助かります,,,初めて,"地元の美味しいものを食べる, 花見や紅葉などの自然鑑賞, 名所、旧跡の観光, お祭りやイベントへの参加・見物, まちあるき、都市散策",0,0,1,1,1,0,0,1,0,0,1,0,0,0,0,0,0,0,友人・知人,0,0,0,0,0,0,0,0,0,0,0,0,0,0,0,0,0,0,1,0,0,0,0,0,0,,,,,,"5,000円以上 10,000円未満",,"1,000円未満",,,,,,,,,,,4,4,休憩所がキレイだった,まわりやすかった,,,,9,また行きたい（1年以内）,特になし とてもいい場所だから,金沢城公園,同意する,,,,,,,1987,,,,,,
石川,2024/04/07 9:28:15,石川県,男,1981,,600万円以上 700万円未満,夫婦2人,日帰り,石川県外には泊まらない,石川県内には宿泊しない,石川県内には宿泊しない,,,,,,,,,県外から訪れていない（石川県内在住）,0,0,0,0,0,0,0,,0,0,0,0,,,,,11回目以上,まちあるき、都市散策,0,0,0,0,0,0,0,0,0,0,1,0,0,0,0,0,0,0,"X(旧：Twitter), Instagram",0,0,0,1,0,1,0,0,0,0,0,0,0,0,0,0,0,0,0,0,0,0,0,0,0,,,,,,"1,000円以上 3,000円未満",,使わない,,,,,,,,,,,5,5,,,,,,10,石川県在住,特になし,金沢城公園,同意する,,,,しいのき迎賓館,,,1981,,,,,,
石川,2024/04/07 11:52:11,東京都,女,1975,,400万円以上 500万円未満,親同伴夫婦,1泊,石川県外には泊まらない,金沢エリア  （湯涌温泉、深谷温泉、犀川温泉など）,1泊,,,,,,,,,バス,0,0,0,0,0,0,0,,0,0,0,0,,,,,2～5回目,"地元の美味しいものを食べる, 花見や紅葉などの自然鑑賞",0,0,1,1,0,0,0,0,0,0,0,0,0,0,0,0,0,0,"新聞・雑誌・ガイドブック, インターネット・アプリ",0,0,0,0,0,0,0,0,0,0,1,0,0,0,0,0,1,0,0,0,0,0,0,0,0,,,,,,"1,000円以上 3,000円未満",,"1,000円未満",,,,,,,,,,,5,5,天気が良くて桜も咲いていてお城がよく映える,,,,,10,機会があれば行きたい,特になし 気持ちよかった,金沢城公園,同意する,,,,,,,1975,,,,,,
石川,2024/04/07 18:47:31,大阪府,女,1987,,100万円以上 200万円未満,夫婦2人,1泊,富山県,石川県内には宿泊しない,石川県内には宿泊しない,,,,,,,,,自家用車,1,0,0,0,0,0,0,,0,0,0,0,,,,,初めて,"宿でのんびり過ごす, 地元の美味しいものを食べる, 花見や紅葉などの自然鑑賞, 名所、旧跡の観光",1,0,1,1,1,0,0,0,0,0,0,0,0,0,0,0,0,0,"観光パンフレット・ポスター, インターネット・アプリ",0,0,0,0,0,0,0,0,0,0,1,0,0,0,0,0,0,0,0,0,1,0,0,0,0,,,,,,"1,000円以上 3,000円未満",,使わない,,,,,,,,,,,5,5,とても美しかったから,とても美しかったから,,,,10,また行きたい（1年以内）,ゆるキャラグッズ とても美しく楽しかったから,金沢城公園,同意する,,,,,,,1987,,,,,,
石川,2024/04/07 18:48:20,大阪府,男,1971,,100万円未満,恋人,1泊,富山県,石川県内には宿泊しない,石川県内には宿泊しない,,,,,,,,,自家用車,1,0,0,0,0,0,0,,0,0,0,0,,,,,初めて,"花見や紅葉などの自然鑑賞, 名所、旧跡の観光, ドライブ・ツーリング",0,0,0,1,1,0,0,0,0,0,0,0,0,0,1,0,0,0,"観光パンフレット・ポスター, インターネット・アプリ",0,0,0,0,0,0,0,0,0,0,1,0,0,0,0,0,0,0,0,0,1,0,0,0,0,,,,,,"1,000円以上 3,000円未満",,"1,000円未満",,,,,,,,,,,5,5,桜が満開の時に会わせて、兼六園が無料って！おどろきのサービス,石垣とライトアップが素敵,,,,10,また行きたい（1年以内）,イベントいっぱいお願いいたします！ 他の城跡にひけをとらない桜の名所！,金沢城公園,同意する,,,,,,,1971,,,,,,
石川,2024/04/07 22:20:45,富山県,男,1985,,300万円以上 400万円未満,自分ひとり,日帰り,宿泊しません,石川県内には宿泊しない,石川県内には宿泊しない,,,,,,,,,在来線,0,0,0,1,0,0,0,,0,0,0,0,3,バス停がどこにあるか分からなくなりました。,,,6～10回目,テーマパーク（遊園地、動物園、博物館など）,0,0,0,0,0,1,0,0,0,0,0,0,0,0,0,0,0,0,インターネット・アプリ,0,0,0,0,0,0,0,0,0,0,1,0,0,0,0,0,0,0,0,0,0,0,0,0,0,,,,,,使わない,,"1,000円未満",,,,,,,,,,,5,5,バーチャル映像で加賀藩の気風が分かったため。,値段が高かった気がします。,,,,10,また行きたい（1年以内）,能登支援 バーチャル映像を中心に文化を感じたため,金沢城公園,同意する,,,,石川県立美術館,,,1985,,,,,,
石川,2024/04/07 23:00:22,石川県,男,1989,,600万円以上 700万円未満,夫婦2人,4泊以上,石川県外には泊まらない,金沢エリア  （湯涌温泉、深谷温泉、犀川温泉など）,4泊以上,,,,,,,,,自家用車,1,0,0,0,0,0,0,,0,0,0,0,4,充電が少ない自転車が多かった,,,初めて,"地元の美味しいものを食べる, 花見や紅葉などの自然鑑賞, 買い物、アウトレット",0,0,1,1,0,0,1,0,0,0,0,0,0,0,0,0,0,0,"観光展・物産展, 新聞・雑誌・ガイドブック, 観光パンフレット・ポスター",0,0,0,0,0,0,0,0,0,0,0,0,0,0,0,0,1,0,0,0,1,0,1,0,0,,,,,,"10,000円以上 20,000円未満",,使わない,,,,,,,,,,,5,5,,,,,,8,また行きたい（1年以内）,ひゃくまんさんグッズの充実,金沢城公園,同意する,,,,,,,1989,,,,,,
石川,2024/04/08 1:08:38,埼玉県,女,1970,,200万円以上 300万円未満,自分ひとり,1泊,石川県外には泊まらない,金沢エリア  （湯涌温泉、深谷温泉、犀川温泉など）,1泊,,,,,,,,,新幹線,0,0,1,0,0,0,0,,0,0,0,0,4,様々な景色を見ながら乗車できるから,,,6～10回目,"花見や紅葉などの自然鑑賞, 名所、旧跡の観光",0,0,0,1,1,0,0,0,0,0,0,0,0,0,0,0,0,0,"観光連盟やDMOのHP, インターネット・アプリ",0,0,0,0,0,0,0,0,0,0,1,0,0,0,0,0,0,0,0,0,0,0,0,1,0,,,,,,"10,000円以上 20,000円未満",,"1,000円以上 3,000円未満",,,,,,,,,,,5,5,,施設内部の説明がわかりやすく、文化がよく学べた,,,,10,また行きたい（1年以内）,徒歩での移動も多いので、街の中に案内図を設置して頂けると有り難い 金沢の上品な文化や、人々の心の温かさ,金沢城公園,同意する,,,,,,,1970,,,,,,
石川,2024/04/08 22:47:59,栃木県,男,1988,,500万円以上 600万円未満,友人,2泊,石川県外には泊まらない,加賀エリア （山代温泉、山中温泉、片山津温泉、粟津温泉、辰口温泉、加賀市、小松市など）,2泊,,,,,,,,,新幹線,0,0,1,0,0,0,0,,0,0,0,0,5,レンタサイクルの貸し出し場所が多く存在し、観光地間の移動を円滑に行うことができたため,,,初めて,"温泉や露天風呂, 地元の美味しいものを食べる, 名所、旧跡の観光, お祭りやイベントへの参加・見物",0,1,1,0,1,0,0,1,0,0,0,0,0,0,0,0,0,0,"X(旧：Twitter), 友人・知人",0,0,0,0,0,1,0,0,0,0,0,0,0,0,0,0,0,0,1,0,0,0,0,0,0,,,,,,"20,000円以上 30,000円未満",,"1,000円未満",,,,,,,,,,,5,5,ボランティアスタッフの説明がわかりやすく興味が湧く内容であり大変満足できた。,公園自体がしっかりと整備されており休憩所やトイレも場所がわかりやすく使用しやすかった。,,,,10,また行きたい（1年以内）,強いて言えば、加賀友禅等の伝統工芸品を現代の生活に取り入れやすくなるようにスマートフォン、PC関係の商品を制作していただけるとありがたいです。 1 食について　海鮮も野菜もとにかく美味しいものばかりだった。2  観光について　観光名所は魅力的で3日間では回り切れないほど存在していたが、公共交通とレンタサイクルである程度は観光できるよう整備されており、ストレスなく過ごすことができた。,金沢城公園,同意する,,,,,,,1988,,,,,,
石川,2024/04/09 11:19:38,千葉県,男,1996,,400万円以上 500万円未満,自分ひとり,1泊,石川県外には泊まらない,金沢エリア  （湯涌温泉、深谷温泉、犀川温泉など）,1泊,,,,,,,,,新幹線,0,0,1,0,0,0,0,,0,0,0,0,3,,,,2～5回目,まちあるき、都市散策,0,0,0,0,0,0,0,0,0,0,1,0,0,0,0,0,0,0,"観光連盟やDMOのHP, ブログ",0,0,0,0,0,0,0,0,1,0,0,0,0,0,0,0,0,0,0,0,0,0,0,1,0,,,,,,"10,000円以上 20,000円未満",,使わない,,,,,,,,,,,5,3,,,,,,8,機会があれば行きたい,特になし,金沢城公園,同意する,,,,,,,1996,,,,,,
石川,2024/04/09 13:32:51,東京都,男,1992,,500万円以上 600万円未満,友人,2泊,石川県外には泊まらない,金沢エリア  （湯涌温泉、深谷温泉、犀川温泉など）,2泊,,,,,,,,,"新幹線, 夜行バス",0,0,1,0,0,0,0,,0,0,0,0,,,,,2～5回目,"温泉や露天風呂, 地元の美味しいものを食べる, 名所、旧跡の観光, 買い物、アウトレット, お祭りやイベントへの参加・見物, 各種体験（手作り、果物狩りなど）",0,1,1,0,1,0,1,1,0,0,0,1,0,0,0,0,0,0,"観光展・物産展, X(旧：Twitter)",0,0,0,0,0,1,0,0,0,0,0,0,0,0,0,0,0,0,0,0,0,0,1,0,0,,,,,,"20,000円以上 30,000円未満",,"1,000円未満",,,,,,,,,,,4,4,ボランティアスタッフさんの解説が面白かった,時期も良かったこともあり、景観がとても素晴らしかった。,,,,7,また行きたい（1年以内）,今回金沢周辺を自動車で回ったが、駐車をするためのパーキングエリアが空いているのかどうかをパーキング自身の「空」「満」で行っており、市内全域のパーキング状況をネットやアプリ上で見れるようになるととても便利だと感じました。大変難しいとは思いますが、検討していただけると助かります。 ほぼどの店舗、施設においてもスタッフさんがとても親切だったのがとても嬉しかった。,金沢城公園,同意する,,,,,,,1992,,,,,,
石川,2024/04/10 10:57:22,神奈川県,女,1987,,"900万円以上 1,000万円未満",夫婦2人,2泊,富山県,金沢エリア  （湯涌温泉、深谷温泉、犀川温泉など）,2泊,,,,,,,,,"レンタカー, 飛行機",0,1,0,0,1,0,0,,0,0,0,0,4,レンタカーを借りたらとても楽でした,,,初めて,"地元の美味しいものを食べる, 花見や紅葉などの自然鑑賞, 名所、旧跡の観光",0,0,1,1,1,0,0,0,0,0,0,0,0,0,0,0,0,0,新聞・雑誌・ガイドブック,0,0,0,0,0,0,0,0,0,0,0,0,0,0,0,0,1,0,0,0,0,0,0,0,0,,,,,,"20,000円以上 30,000円未満",,"1,000円未満",,,,,,,,,,,5,4,トイレが綺麗だった,桜も施設も綺麗でした,,,,10,また行きたい（1年以内）,ひゃくまんさんのグッズをもっと出して欲しい 本当に魚介類が美味しかったです,金沢城公園,同意する,,野村武家屋敷,,,,,1987,,,,,,
石川,2024/04/11 3:38:04,千葉県,女,1962,,200万円以上 300万円未満,自分ひとり,1泊,石川県外には泊まらない,金沢エリア  （湯涌温泉、深谷温泉、犀川温泉など）,1泊,,,,,,,,,新幹線,0,0,1,0,0,0,0,,0,0,0,0,,,,,2～5回目,名所、旧跡の観光,0,0,0,0,1,0,0,0,0,0,0,0,0,0,0,0,0,0,"観光展・物産展, インターネット・アプリ",0,0,0,0,0,0,0,0,0,0,1,0,0,0,0,0,0,0,0,0,0,0,1,0,0,,,,,,"5,000円以上 10,000円未満",,"3,000円以上 5,000円未満",,,,,,,,,,,4,3,,,,,,7,機会があれば行きたい,なし,金沢城公園,同意する,,,,,,,1962,,,,,,
石川,2024/04/11 9:24:12,兵庫県,男,1955,,200万円以上 300万円未満,夫婦2人,2泊,富山県,加賀エリア （山代温泉、山中温泉、片山津温泉、粟津温泉、辰口温泉、加賀市、小松市など）,1泊,,,,,,,,,"新幹線, 在来線",0,0,1,1,0,0,0,,0,0,0,0,3,特段不便は感じなかった,,,2～5回目,"温泉や露天風呂, 地元の美味しいものを食べる, 名所、旧跡の観光",0,1,1,0,1,0,0,0,0,0,0,0,0,0,0,0,0,0,"観光パンフレット・ポスター, インターネット・アプリ, 観光協会等の案内所",0,0,0,0,0,0,0,0,0,0,1,0,0,0,0,0,0,0,0,0,1,1,0,0,0,,,,,,"10,000円以上 20,000円未満",,"1,000円以上 3,000円未満",,,,,,,,,,,4,3,場内案内も適切で分かりやすかった,桜の時期で城とマッチングが良かった,,,,10,また行きたい（1年以内）,新鮮な海産物の食事を期待しています 兼六園や金沢城公園以外にもまだまだ見所がある,金沢城公園,同意する,,,,,,,1955,,,,,,
石川,2024/04/11 9:33:23,兵庫県,女,1959,,200万円以上 300万円未満,夫婦2人,2泊,富山県,加賀エリア （山代温泉、山中温泉、片山津温泉、粟津温泉、辰口温泉、加賀市、小松市など）,1泊,,,,,,,,,"新幹線, 在来線",0,0,1,1,0,0,0,,0,0,0,0,4,特に不便を感じなかった。,,,2～5回目,"温泉や露天風呂, 地元の美味しいものを食べる, 花見や紅葉などの自然鑑賞",0,1,1,1,0,0,0,0,0,0,0,0,0,0,0,0,0,0,"観光パンフレット・ポスター, インターネット・アプリ, 観光協会等の案内所",0,0,0,0,0,0,0,0,0,0,1,0,0,0,0,0,0,0,0,0,1,1,0,0,0,,,,,,"1,000円以上 3,000円未満",,"1,000円未満",,,,,,,,,,,5,4,特に不満無し,とても整備されていて、わかりやすかった。,,,,10,また行きたい（1年以内）,満足してます。 美味しい食事、美しい景色、そして温泉があるから,金沢城公園,同意する,,,,,,,1959,,,,,,
石川,2024/04/13 22:01:16,愛知県,女,1966,,"1,000万円以上 1,200万円未満",夫婦2人,1泊,石川県外には泊まらない,金沢エリア  （湯涌温泉、深谷温泉、犀川温泉など）,1泊,,,,,,,,,高速バス,0,0,0,0,0,0,0,,0,0,0,0,3,雨ふりのため思うように観光できなかった,,,2～5回目,"地元の美味しいものを食べる, 名所、旧跡の観光, 買い物、アウトレット, まちあるき、都市散策",0,0,1,0,1,0,1,0,0,0,1,0,0,0,0,0,0,0,"観光パンフレット・ポスター, インターネット・アプリ",0,0,0,0,0,0,0,0,0,0,1,0,0,0,0,0,0,0,0,0,1,0,0,0,0,,,,,,"5,000円以上 10,000円未満",,使わない,,,,,,,,,,,4,4,ライトアップよかったです,鼠多門よかった,,,,7,機会があれば行きたい,お土産の本よかったです YOUtubeを見て勉強しました,金沢城公園,同意する,,,,,,,1966,,,,,,
石川,2024/04/14 8:24:45,愛知県,男,1953,,400万円以上 500万円未満,友人,1泊,石川県外には泊まらない,金沢エリア  （湯涌温泉、深谷温泉、犀川温泉など）,1泊,,,,,,,,,自家用車,1,0,0,0,0,0,0,,0,0,0,0,,,,,2～5回目,大学時時代の同期会,0,0,0,0,0,0,0,0,0,0,0,0,0,0,0,0,0,0,"TV・ラジオ番組やCM, 友人・知人",0,0,0,0,0,0,0,0,0,0,0,0,0,0,1,0,0,0,1,0,0,0,0,0,0,,,,,,"5,000円以上 10,000円未満",,使わない,,,,,,,,,,,3,5,歴史施設のみであり、観光地にありがちな商業施設が無い点,,,,,10,また行きたい（1年以内）,特に無し,金沢城公園,同意する,,,,,,,1953,,,,,,
石川,2024/04/15 8:08:41,埼玉県,男,1955,,400万円以上 500万円未満,自分ひとり,1泊,石川県外には泊まらない,金沢エリア  （湯涌温泉、深谷温泉、犀川温泉など）,1泊,,,,,,,,,新幹線,0,0,1,0,0,0,0,,0,0,0,0,4,乗り換えなしの新幹線は便利だから。,,,2～5回目,名所、旧跡の観光,0,0,0,0,1,0,0,0,0,0,0,0,0,0,0,0,0,0,観光パンフレット・ポスター,0,0,0,0,0,0,0,0,0,0,0,0,0,0,0,0,0,0,0,0,1,0,0,0,0,,,,,,"5,000円以上 10,000円未満",,"3,000円以上 5,000円未満",,,,,,,,,,,4,4,,,,,,10,機会があれば行きたい,特になし,金沢城公園,同意する,,,,,,,1955,,,,,,
石川,2024/04/17 13:48:25,神奈川県,女,1977,,200万円以上 300万円未満,友人,1泊,石川県外には泊まらない,金沢エリア  （湯涌温泉、深谷温泉、犀川温泉など）,1泊,,,,,,,,,新幹線,0,0,1,0,0,0,0,,0,0,0,0,3,ある程度は仕方ないと思いますが、定刻通りには来ないことと、運転が荒かったです……,,,初めて,"花見や紅葉などの自然鑑賞, 名所、旧跡の観光, 買い物、アウトレット, スポーツ観戦や芸術鑑賞（コンサート等）, まちあるき、都市散策",0,0,0,1,1,0,1,0,0,0,1,0,0,0,0,0,0,0,"インターネット・アプリ, 友人・知人",0,0,0,0,0,0,0,0,0,0,1,0,0,0,0,0,0,0,1,0,0,0,0,0,0,,,,,,"10,000円以上 20,000円未満",,"1,000円以上 3,000円未満",,,,,,,,,,,5,3,御城印を求めてグルグルしました……,桜の時期に来れたので満足です,,,,7,機会があれば行きたい,特にないです のどぐろが大変美味しかったです,金沢城公園,同意する,,,,,,,1977,,,,,,
石川,2024/04/21 14:10:46,東京都,男,1968,,700万円以上 800万円未満,夫婦2人,1泊,石川県外には泊まらない,金沢エリア  （湯涌温泉、深谷温泉、犀川温泉など）,1泊,,,,,,,,,新幹線,0,0,1,0,0,0,0,,0,0,0,0,,,,,初めて,"地元の美味しいものを食べる, 花見や紅葉などの自然鑑賞, 名所、旧跡の観光",0,0,1,1,1,0,0,0,0,0,0,0,0,0,0,0,0,0,"観光パンフレット・ポスター, インターネット・アプリ, 観光協会等の案内所",0,0,0,0,0,0,0,0,0,0,1,0,0,0,0,0,0,0,0,0,1,1,0,0,0,,,,,,"10,000円以上 20,000円未満",,使わない,,,,,,,,,,,5,5,,,,,,10,機会があれば行きたい,美味しいお魚が食べたい,金沢城公園,同意する,,,,,,,1968,,,,,,
石川,2024/04/23 19:11:20,長野県,男,1973,,700万円以上 800万円未満,夫婦2人,1泊,石川県外には泊まらない,金沢エリア  （湯涌温泉、深谷温泉、犀川温泉など）,1泊,,,,,,,,,新幹線,0,0,1,0,0,0,0,,0,0,0,0,4,可もなく不可も無く…,,,初めて,"地元の美味しいものを食べる, 名所、旧跡の観光",0,0,1,0,1,0,0,0,0,0,0,0,0,0,0,0,0,0,"新聞・雑誌・ガイドブック, TV・ラジオ番組やCM, 観光パンフレット・ポスター",0,0,0,0,0,0,0,0,0,0,0,0,0,0,1,0,1,0,0,0,1,0,0,0,0,,,,,,"10,000円以上 20,000円未満",,"1,000円以上 3,000円未満",,,,,,,,,,,4,3,お金を払うような場所はなかった,天気もよく良い散歩になった,,,,7,機会があれば行きたい,特になし 新幹線で簡単に来れる,金沢城公園,同意する,,,,,,,1973,,,,,,
石川,2024/04/27 16:15:30,神奈川県,女,1961,,"1,000万円以上 1,200万円未満",成人した娘と,2泊,石川県外には泊まらない,金沢エリア  （湯涌温泉、深谷温泉、犀川温泉など）,2泊,,,,,,,,,新幹線,0,0,1,0,0,0,0,,0,0,0,0,,,,,初めて,"地元の美味しいものを食べる, 花見や紅葉などの自然鑑賞, 名所、旧跡の観光, まちあるき、都市散策",0,0,1,1,1,0,0,0,0,0,1,0,0,0,0,0,0,0,インターネット・アプリ,0,0,0,0,0,0,0,0,0,0,1,0,0,0,0,0,0,0,0,0,0,0,0,0,0,,,,,,"10,000円以上 20,000円未満",,使わない,,,,,,,,,,,4,3,4時から行ったらカフェがもう閉まっていたのが少し残念でした。,ゆったりしていてのんびり散策出来た点。,,,,7,機会があれば行きたい,金沢の和菓子が美味しかったので、また買いたいと思い八重洲のサテライトショップに行ったが、あまり品揃えが魅力できでなかったので、もう少し充実すればいいなと思った。 街や人の雰囲気がゆったりしている。博物館関連が充実。食べ物が美味しい。観光名所が街中に集まっていて便利。,金沢城公園,同意する,,,,,,,1961,,,,,,
石川,2024/04/29 13:52:49,愛知県,男,1978,,"1,000万円以上 1,200万円未満",夫婦2人,2泊,石川県外には泊まらない,加賀エリア （山代温泉、山中温泉、片山津温泉、粟津温泉、辰口温泉、加賀市、小松市など）,2泊,,,,,,,,,在来線,0,0,0,1,0,0,0,,0,0,0,0,,,,,2～5回目,"温泉や露天風呂, 地元の美味しいものを食べる",0,1,1,0,0,0,0,0,0,0,0,0,0,0,0,0,0,0,"新聞・雑誌・ガイドブック, TV・ラジオ番組やCM",0,0,0,0,0,0,0,0,0,0,0,0,0,0,1,0,1,0,0,0,0,0,0,0,0,,,,,,"30,000円以上 40,000円未満",,"1,000円以上 3,000円未満",,,,,,,,,,,5,5,茶店のぜんざいが美味しかったです😊,,,,,10,また行きたい（1年以内）,城下町ならではの伝統の和菓子,金沢城公園,同意する,,,,,,,1978,,,,,,
石川,2024/05/05 11:11:18,千葉県,女,1963,,200万円以上 300万円未満,自分ひとり,1泊,石川県外には泊まらない,金沢エリア  （湯涌温泉、深谷温泉、犀川温泉など）,1泊,,,,,,,,,新幹線,0,0,1,0,0,0,0,,0,0,0,0,4,,,,2～5回目,温泉や露天風呂,0,1,0,0,0,0,0,0,0,0,0,0,0,0,0,0,0,0,観光展・物産展,0,0,0,0,0,0,0,0,0,0,0,0,0,0,0,0,0,0,0,0,0,0,1,0,0,,,,,,"30,000円以上 40,000円未満",,"3,000円以上 5,000円未満",,,,,,,,,,,4,4,,,,,,7,どちらともいえない,なし,金沢城公園,同意する,,,,,,,1963,,,,,,
石川,2024/05/11 23:25:14,埼玉県,女,1989,,300万円以上 400万円未満,夫、夫の両親,1泊,石川県外には泊まらない,金沢エリア  （湯涌温泉、深谷温泉、犀川温泉など）,1泊,,,,,,,,,新幹線,0,0,1,0,0,0,0,,0,0,0,0,,,,,初めて,"宿でのんびり過ごす, 地元の美味しいものを食べる, 名所、旧跡の観光",1,0,1,0,1,0,0,0,0,0,0,0,0,0,0,0,0,0,"インターネット・アプリ, Instagram",0,0,0,1,0,0,0,0,0,0,1,0,0,0,0,0,0,0,0,0,0,0,0,0,0,,,,,,"5,000円以上 10,000円未満",,使わない,,,,,,,,,,,5,4,きれいだった,ちょうどいい広さ,,,,8,機会があれば行きたい,金沢駅のひゃくまんさんのパンが看板にあったのになくて残念でした。 兼六園、地元の味がおいしかった,金沢城公園,同意する,,,,,,,1989,,,,,,
石川,2024/05/14 1:30:17,東京都,女,1967,,100万円未満,夫婦2人,1泊,石川県外には泊まらない,金沢エリア  （湯涌温泉、深谷温泉、犀川温泉など）,1泊,,,,,,,,,新幹線,0,0,1,0,0,0,0,,0,0,0,0,4,バスの乗車券が会社により変わるのでわかりにくい,,,初めて,"地元の美味しいものを食べる, 名所、旧跡の観光, まちあるき、都市散策, 友人・親戚を訪ねる, 地震のお見舞い",0,0,1,0,1,0,0,0,0,0,1,0,0,0,0,0,0,0,インターネット・アプリ,0,0,0,0,0,0,0,0,0,0,1,0,0,0,0,0,0,0,0,0,0,0,0,0,0,,,,,,"50,000円以上 100,000円未満",,"1,000円未満",,,,,,,,,,,5,3,お賽銭しか使用していない,地震後の修復をお祈りしています,,,,10,機会があれば行きたい,十分美味しいものがあるので今の地産地消を守ってほしい 古いものが残っている所,金沢城公園,同意する,,,,,,,1967,,,,,,
石川,2024/05/14 8:31:10,石川県,女,1989,,300万円以上 400万円未満,自分ひとり,日帰り,石川県外には泊まらない,石川県内には宿泊しない,石川県内には宿泊しない,,,,,,,,,県外から訪れていない（石川県内在住）,0,0,0,0,0,0,0,,0,0,0,0,,,,,2～5回目,まちあるき、都市散策,0,0,0,0,0,0,0,0,0,0,1,0,0,0,0,0,0,0,Instagram,0,0,0,1,0,0,0,0,0,0,0,0,0,0,0,0,0,0,0,0,0,0,0,0,0,,,,,,使わない,,"1,000円未満",,,,,,,,,,,5,5,,,,,,8,また行きたい（1年以内）,特になし,金沢城公園,同意する,,,,,,,1989,,,,,,
石川,2024/05/17 15:31:27,石川県,女,1967,,500万円以上 600万円未満,友人,日帰り,石川県外には泊まらない,石川県内には宿泊しない,石川県内には宿泊しない,,,,,,,,,自家用車,1,0,0,0,0,0,0,,0,0,0,0,,,,,2～5回目,名所、旧跡の観光,0,0,0,0,1,0,0,0,0,0,0,0,0,0,0,0,0,0,新聞・雑誌・ガイドブック,0,0,0,0,0,0,0,0,0,0,0,0,0,0,0,0,1,0,0,0,0,0,0,0,0,,,,,,使わない,,使わない,,,,,,,,,,,3,3,買うものがない,迷子になって無駄に歩いて疲れました,,,,3,石川県在住,特になし,金沢城公園,同意する,,,,,,,1967,,,,,,
石川,2024/06/02 10:02:50,大阪府,女,1966,,"1,000万円以上 1,200万円未満",夫婦2人,2泊,石川県外には泊まらない,金沢エリア  （湯涌温泉、深谷温泉、犀川温泉など）,2泊,,,,,,,,,"新幹線, 在来線",0,0,1,1,0,0,0,,0,0,0,0,,,,,11回目以上,"地元の美味しいものを食べる, まちあるき、都市散策, ",0,0,1,0,0,0,0,0,0,0,1,0,0,0,0,0,0,0,情報源は必要ありませんでした,0,0,0,0,0,0,0,0,0,0,0,0,0,0,0,0,0,0,0,0,0,0,0,0,1,,,,,,"5,000円以上 10,000円未満",,使わない,,,,,,,,,,,5,5,ロケーションも良くゆっくりできて心身が癒される,とても丁寧に掃除等が行き届いているので,,,,10,また行きたい（1年以内）,古き良き物を大切にしてくださるなら、それ以上の物はありません わかりません。兎に角一度金沢を訪れてからとても気に入り、年に一度は必ず訪れています。,金沢城公園,同意する,,,,,,,1966,,,,,,
石川,2024/06/02 12:06:51,東京都,女,1952,,800万円以上 900万円未満,夫婦2人,2泊,長野,金沢エリア  （湯涌温泉、深谷温泉、犀川温泉など）,2泊,,,,,,,,,新幹線,0,0,1,0,0,0,0,,0,0,0,0,5,路線が解りやすく充実している,,,6～10回目,まちあるき、都市散策,0,0,0,0,0,0,0,0,0,0,1,0,0,0,0,0,0,0,"新聞・雑誌・ガイドブック, インターネット・アプリ",0,0,0,0,0,0,0,0,0,0,1,0,0,0,0,0,1,0,0,0,0,0,0,0,0,,,,,,"40,000円以上 50,000円未満",,"1,000円以上 3,000円未満",,,,,,,,,,,5,5,親切丁寧,加賀100万石の歴史を深く感じられる,,,,10,また行きたい（1年以内）,この10数年、加賀の和食文化が激減して来たことを心配しています。 加賀潘の栄華と食と文化の中央への影響力。歴史の変遷,金沢城公園,同意する,,,,,,,1952,,,,,,
石川,2024/06/02 13:22:36,愛知県,男,1985,,"900万円以上 1,000万円未満",自分ひとり,1泊,石川県外には泊まらない,金沢エリア  （湯涌温泉、深谷温泉、犀川温泉など）,1泊,,,,,,,,,"新幹線, 在来線",0,0,1,1,0,0,0,,0,0,0,0,4,市内の移動には、やはりタクシーが行きたい時間に行きたい所へ行けて便利,,,2～5回目,"温泉や露天風呂, 地元の美味しいものを食べる, 花見や紅葉などの自然鑑賞, 名所、旧跡の観光, まちあるき、都市散策",0,1,1,1,1,0,0,0,0,0,1,0,0,0,0,0,0,0,"新聞・雑誌・ガイドブック, 観光パンフレット・ポスター, インターネット・アプリ, 観光協会等の案内所, タクシードライバーや地元の人",0,0,0,0,0,0,0,0,0,0,1,0,0,0,0,0,1,0,0,1,1,1,0,0,0,,,,,,"10,000円以上 20,000円未満",,"1,000円以上 3,000円未満",,,,,,,,,,,5,3,もっと金沢城の歴史的価値やかつての威容をビジュアルで表現した商品が欲しい。,とても素晴らしい場所です。しかし、今後の復元等にもっと期待したい。,,,,10,機会があれば行きたい,酒、日本料理 酒や食事の美味しさ,金沢城公園,同意する,,,,片町,,,1985,,,,,,
石川,2024/06/02 14:19:59,愛知県,男,1958,,200万円以上 300万円未満,友人,1泊,富山県,金沢エリア  （湯涌温泉、深谷温泉、犀川温泉など）,1泊,,,,,,,,,在来線,0,0,0,1,0,0,0,,0,0,0,0,4,問題無く、現地に到達。金沢駅の景色も良かったです。,,,2～5回目,"宿でのんびり過ごす, 温泉や露天風呂, 地元の美味しいものを食べる, 名所、旧跡の観光, まちあるき、都市散策",1,1,1,0,1,0,0,0,0,0,1,0,0,0,0,0,0,0,前から知っていた,0,0,0,0,0,0,0,0,0,0,0,0,0,0,0,0,0,0,0,0,0,0,0,0,1,,,,,,"10,000円以上 20,000円未満",,"3,000円以上 5,000円未満",,,,,,,,,,,5,3,,金沢城・兼六園が良く整備されているため。,,,,7,また行きたい（1年以内）,のどぐろ、ハントンライス、近江市場の雰囲気つ のどぐろの美味しさと、ハントンライスなど特長のある食事,金沢城公園,同意する,,,,,,,1958,,,,,,
石川,2024/06/02 17:14:18,福井県,男,1987,,300万円以上 400万円未満,親,1泊,石川県外には泊まらない,金沢エリア  （湯涌温泉、深谷温泉、犀川温泉など）,1泊,,,,,,,,,自家用車,1,0,0,0,0,0,0,,0,0,0,0,,,,,6～10回目,"宿でのんびり過ごす, 地元の美味しいものを食べる, 名所、旧跡の観光, お祭りやイベントへの参加・見物, まちあるき、都市散策",1,0,1,0,1,0,0,1,0,0,1,0,0,0,0,0,0,0,"観光パンフレット・ポスター, インターネット・アプリ, X(旧：Twitter)",0,0,0,0,0,1,0,0,0,0,1,0,0,0,0,0,0,0,0,0,1,0,0,0,0,,,,,,"5,000円以上 10,000円未満",,"1,000円未満",,,,,,,,,,,4,3,地図の掲示が少ない。,施設再建に取り組んでいるから。,,,,5,また行きたい（1年以内）,有料駐車場の料金を割引をしてほしいです。 ラブライブのコラボで訪れましたが、それを抜きでも町並みが綺麗で食事も美味しく、県外の方の受入に慣れていて故郷に帰って来た感が味わえるところです。く,金沢城公園,同意する,,加賀友禅会館,,鳥鶏庵泉ヶ丘店,,,1987,,,,,,
石川,2024/06/02 22:27:41,千葉県,男,1967,,"1,000万円以上 1,200万円未満",自分ひとり,1泊,富山県,金沢エリア  （湯涌温泉、深谷温泉、犀川温泉など）,1泊,,,,,,,,,新幹線,0,0,1,0,0,0,0,,0,0,0,0,,,,,6～10回目,名所、旧跡の観光,0,0,0,0,1,0,0,0,0,0,0,0,0,0,0,0,0,0,頻繁に訪ねているので特に情報は得ていません,0,0,0,0,0,0,0,0,0,0,0,0,0,0,0,0,0,0,0,0,0,0,0,0,1,,,,,,"5,000円以上 10,000円未満",,使わない,,,,,,,,,,,4,3,特にサービスを受けていないから,素晴らしい復元努力を感じます,,,,8,また行きたい（1年以内）,観光立県だと思うのですがバスで全国交通系ICがほとんど使えないのは遅れていると思っています 街の風情,金沢城公園,同意する,,,,武家屋敷街,,,1967,,,,,,
石川,2024/06/03 10:12:48,大阪府,男,2000,,100万円未満,見学します,日帰り,ないです,石川県内には宿泊しない,石川県内には宿泊しない,,,,,,,,,"新幹線, ",0,0,1,0,0,0,0,,0,0,0,0,3,,,,11回目以上,温泉や露天風呂,0,1,0,0,0,0,0,0,0,0,0,0,0,0,0,0,0,0,"観光展・物産展, ",0,0,0,0,0,0,0,0,0,0,0,0,0,0,0,0,0,0,0,0,0,0,1,0,0,,,,,,使わない,,使わない,,,,,,,,,,,5,4,,,,,,1,また行きたい（1年以内）,あります,金沢城公園,同意する,,,,,,,2000,,,,,,
石川,2024/06/03 10:41:59,栃木県,女,1960,,600万円以上 700万円未満,高校生の孫,1泊,石川県外には泊まらない,金沢エリア  （湯涌温泉、深谷温泉、犀川温泉など）,1泊,,,,,,,,,新幹線,0,0,1,0,0,0,0,,0,0,0,0,5,どの路線も分かりやすい,,,2～5回目,"名所、旧跡の観光, まちあるき、都市散策, 孫の用事の同伴",0,0,0,0,1,0,0,0,0,0,1,0,0,0,0,0,0,0,"新聞・雑誌・ガイドブック, 観光パンフレット・ポスター",0,0,0,0,0,0,0,0,0,0,0,0,0,0,0,0,1,0,0,0,1,0,0,0,0,,,,,,"5,000円以上 10,000円未満",,使わない,,,,,,,,,,,4,3,,,,,,6,機会があれば行きたい,歴史的な場所の観光と新しいものとのミックス,金沢城公園,同意する,,,,,,,1960,,,,,,
石川,2024/06/03 11:52:50,北海道,男,1955,,200万円以上 300万円未満,夫婦2人,2泊,富山県,加賀エリア （山代温泉、山中温泉、片山津温泉、粟津温泉、辰口温泉、加賀市、小松市など）,1泊,,,,,,,,,飛行機,0,0,0,0,1,0,0,,0,0,0,0,,古い街並みが各所に見られたこと,,,初めて,名所、旧跡の観光,0,0,0,0,1,0,0,0,0,0,0,0,0,0,0,0,0,0,"観光展・物産展, 観光パンフレット・ポスター, インターネット・アプリ",0,0,0,0,0,0,0,0,0,0,1,0,0,0,0,0,0,0,0,0,1,0,1,0,0,,,,,,"5,000円以上 10,000円未満",,"3,000円以上 5,000円未満",,,,,,,,,,,4,4,,,,,,10,また行きたい（1年以内）,特になし,金沢城公園,同意する,,武家屋敷,,,,,1955,,,,,,
石川,2024/06/03 13:07:05,岐阜県,男,1948,,200万円以上 300万円未満,自分ひとり,2泊,富山県,加賀エリア （山代温泉、山中温泉、片山津温泉、粟津温泉、辰口温泉、加賀市、小松市など）,1泊,,,,,,,,,自家用車,1,0,0,0,0,0,0,,0,0,0,0,,,,,6～10回目,"温泉や露天風呂, 地元の美味しいものを食べる, 名所、旧跡の観光",0,1,1,0,1,0,0,0,0,0,0,0,0,0,0,0,0,0,"新聞・雑誌・ガイドブック, TV・ラジオ番組やCM, インターネット・アプリ",0,0,0,0,0,0,0,0,0,0,1,0,0,0,1,0,1,0,0,0,0,0,0,0,0,,,,,,"20,000円以上 30,000円未満",,"1,000円以上 3,000円未満",,,,,,,,,,,4,4,環境が整っている。,古いものと新しいものが調和している。,,,,6,機会があれば行きたい,海鮮 温泉が多くいやされる。,金沢城公園,同意する,,,,,,,1948,,,,,,
石川,2024/06/03 19:27:45,東京都,女,1960,,700万円以上 800万円未満,自分ひとり,3泊,石川県外には泊まらない,金沢エリア  （湯涌温泉、深谷温泉、犀川温泉など）,3泊,,,,,,,,,飛行機,0,0,0,0,1,0,0,,0,0,0,0,,,,,2～5回目,"名所、旧跡の観光, まちあるき、都市散策, 友人・親戚を訪ねる",0,0,0,0,1,0,0,0,0,0,1,0,0,0,0,0,0,0,"観光パンフレット・ポスター, インターネット・アプリ, 友人・知人",0,0,0,0,0,0,0,0,0,0,1,0,0,0,0,0,0,0,1,0,1,0,0,0,0,,,,,,"10,000円以上 20,000円未満",,"1,000円未満",,,,,,,,,,,4,3,特にない,お庭がきれい,,,,8,また行きたい（1年以内）,公共交通機関がバスのみなので、全国の交通系ICカードを全ての路線で使用可にして欲しい 緑に囲まれた美術館や工芸館を散策してると、豊かな気分になる,金沢城公園,同意する,,,,,,,1960,,,,,,
石川,2024/06/03 22:01:08,滋賀県,男,1948,,500万円以上 600万円未満,夫婦2人,1泊,石川県外には泊まらない,加賀エリア （山代温泉、山中温泉、片山津温泉、粟津温泉、辰口温泉、加賀市、小松市など）,1泊,,,,,,,,,自家用車,1,0,0,0,0,0,0,,0,0,0,0,,心が癒される　懐かしい　いろんな人に見せたい,,,11回目以上,"名所、旧跡の観光, まちあるき、都市散策, 友人・親戚を訪ねる, 墓参り",0,0,0,0,1,0,0,0,0,0,1,0,0,0,0,0,0,0,"新聞・雑誌・ガイドブック, 生まれ故郷　先祖が岡嶋喜三郎",0,0,0,0,0,0,0,0,0,0,0,0,0,0,0,0,1,0,0,0,0,0,0,0,0,,,,,,"10,000円以上 20,000円未満",,"1,000円以上 3,000円未満",,,,,,,,,,,5,4,,,,,,10,また行きたい（1年以内）,かぶらすし　ふぐのぬか漬けが大好き,金沢城公園,同意する,,金沢駅,,かな,,,1948,,,,,,
石川,2024/06/04 0:21:08,東京都,男,1959,,100万円以上 200万円未満,自分ひとり,日帰り,日帰り,石川県内には宿泊しない,石川県内には宿泊しない,,,,,,,,,新幹線,0,0,1,0,0,0,0,,0,0,0,0,5,自分のペースで移動・散策出来た。更に市内(卯辰山含む)を廻るのに随所に駐輪場が有るのも良かった。まちのり自転車の料金も手頃であった。,,,初めて,"名所、旧跡の観光, まちあるき、都市散策",0,0,0,0,1,0,0,0,0,0,1,0,0,0,0,0,0,0,"インターネット・アプリ, 観光協会等の案内所",0,0,0,0,0,0,0,0,0,0,1,0,0,0,0,0,0,0,0,0,0,1,0,0,0,,,,,,使わない,,"1,000円以上 3,000円未満",,,,,,,,,,,5,4,休憩場所にて一休み出来たのであちこち見て廻れた。,堀・石垣等の遺構も残っているし、櫓等の遺構(復元含む)も見応えがあった。御殿も復元されていたらもっと良かった。その時は来たい。,,,,10,また行きたい（1年以内）,この場所での名物、産物をもっと堪能したい。今回、宿が取れなかったから日帰りにならざる終えなかったが、次回は県内の出来れば温泉とかに宿泊してもっとじっくりと見たり食べたりしたいと思っている。 町の散策。それぞれに見どころがあるし、随所に風情を感じる。,金沢城公園,同意する,,,,金沢城公園は最後の方で、その後は駅に行って御土産を買ったりしていた。,,,1959,,,,,,
石川,2024/06/04 9:02:11,埼玉県,女,1958,,700万円以上 800万円未満,家族,1泊,石川県外には泊まらない,金沢エリア  （湯涌温泉、深谷温泉、犀川温泉など）,1泊,,,,,,,,,新幹線,0,0,1,0,0,0,0,,0,0,0,0,3,,,,2～5回目,"宿でのんびり過ごす, 地元の美味しいものを食べる, 名所、旧跡の観光, まちあるき、都市散策",1,0,1,0,1,0,0,0,0,0,1,0,0,0,0,0,0,0,"新聞・雑誌・ガイドブック, 観光パンフレット・ポスター",0,0,0,0,0,0,0,0,0,0,0,0,0,0,0,0,1,0,0,0,1,0,0,0,0,,,,,,"30,000円以上 40,000円未満",,"3,000円以上 5,000円未満",,,,,,,,,,,4,4,,,,,,8,機会があれば行きたい,特になし,金沢城公園,同意する,,,,,,,1958,,,,,,
石川,2024/06/04 10:56:12,兵庫県,男,1948,,200万円以上 300万円未満,友人,3泊,石川県外には泊まらない,加賀エリア （山代温泉、山中温泉、片山津温泉、粟津温泉、辰口温泉、加賀市、小松市など）,3泊,,,,,,,,,在来線,0,0,0,1,0,0,0,,0,0,0,0,5,便が適度,,,初めて,"宿でのんびり過ごす, 温泉や露天風呂, 地元の美味しいものを食べる, 花見や紅葉などの自然鑑賞",1,1,1,1,0,0,0,0,0,0,0,0,0,0,0,0,0,0,"観光連盟やDMOのHP, 友人・知人",0,0,0,0,0,0,0,0,0,0,0,0,0,0,0,0,0,0,1,0,0,0,0,1,0,,,,,,"5,000円以上 10,000円未満",,"1,000円以上 3,000円未満",,,,,,,,,,,5,5,,美しく整備され、休憩所などが豊富,,,,9,また行きたい（1年以内）,今回、行列も素晴らしいし、各処の催し物が楽しいです。薪能の素晴らしさは金沢ならではです。東京ではこの雰囲気は出せない 金沢市の雰囲気。和服がとても似合う,金沢城公園,同意する,,,,大拙館,,,1948,,,,,,
石川,2024/06/05 8:26:24,山形県,男,1959,,"1,200万円以上 1,500万円未満",夫婦2人,2泊,福井県,金沢エリア  （湯涌温泉、深谷温泉、犀川温泉など）,2泊,,,,,,,,,新幹線,0,0,1,0,0,0,0,,0,0,0,0,4,,,,2～5回目,"温泉や露天風呂, 地元の美味しいものを食べる, 名所、旧跡の観光",0,1,1,0,1,0,0,0,0,0,0,0,0,0,0,0,0,0,インターネット・アプリ,0,0,0,0,0,0,0,0,0,0,1,0,0,0,0,0,0,0,0,0,0,0,0,0,0,,,,,,"20,000円以上 30,000円未満",,"1,000円以上 3,000円未満",,,,,,,,,,,4,4,,,,,,10,また行きたい（1年以内）,特になし,金沢城公園,同意する,,,,,,,1959,,,,,,
石川,2024/06/05 10:32:20,愛知県,男,1972,,400万円以上 500万円未満,自分ひとり,1泊,石川県外には泊まらない,石川県内には宿泊しない,石川県内には宿泊しない,,,,,,,,,自家用車,1,0,0,0,0,0,0,,0,0,0,0,,,,,2～5回目,"地元の美味しいものを食べる, 名所、旧跡の観光, 買い物、アウトレット",0,0,1,0,1,0,1,0,0,0,0,0,0,0,0,0,0,0,"新聞・雑誌・ガイドブック, インターネット・アプリ, 観光協会等の案内所",0,0,0,0,0,0,0,0,0,0,1,0,0,0,0,0,1,0,0,0,0,1,0,0,0,,,,,,"5,000円以上 10,000円未満",,"3,000円以上 5,000円未満",,,,,,,,,,,5,4,城見学が好きなので,景色が良い,,,,9,また行きたい（1年以内）,特になし 海鮮などが美味しい,金沢城公園,同意する,,,,,,,1972,,,,,,
石川,2024/06/05 18:51:22,千葉県,男,1955,,800万円以上 900万円未満,夫婦2人,2泊,石川県外には泊まらない,能登エリア （和倉温泉、七尾市、輪島市、珠洲市など）,2泊,,,,,,,,,"レンタカー, 新幹線",0,1,1,0,0,0,0,,0,0,0,0,,,,,11回目以上,"お祭りやイベントへの参加・見物, 33回忌法要",0,0,0,0,0,0,0,1,0,0,0,0,0,0,0,0,0,0,"観光展・物産展, TV・ラジオ番組やCM, 観光協会等の案内所",0,0,0,0,0,0,0,0,0,0,0,0,0,0,1,0,0,0,0,0,0,1,1,0,0,,,,,,使わない,,"3,000円以上 5,000円未満",,,,,,,,,,,4,3,普通かな？,トイレがキレイ,,,,10,また行きたい（1年以内）,能登半島地震の復興で色々な物産品の購入をしたい 地元愛,金沢城公園,同意する,,,,,,,1955,,,,,,
石川,2024/06/06 13:05:53,東京都,男,1959,,400万円以上 500万円未満,自分ひとり,3泊,石川県外には泊まらない,金沢エリア  （湯涌温泉、深谷温泉、犀川温泉など）,3泊,,,,,,,,,飛行機,0,0,0,0,1,0,0,,0,0,0,0,4,バスは台数も多いし、スイカも使えて便利。,,,初めて,"地元の美味しいものを食べる, 名所、旧跡の観光",0,0,1,0,1,0,0,0,0,0,0,0,0,0,0,0,0,0,"観光パンフレット・ポスター, 観光連盟やDMOのHP",0,0,0,0,0,0,0,0,0,0,0,0,0,0,0,0,0,0,0,0,1,0,0,1,0,,,,,,"40,000円以上 50,000円未満",,使わない,,,,,,,,,,,5,3,散歩がてら、歩きながら景色を楽しんでたから。,掃除が行き届いて良かった!,,,,8,また行きたい（1年以内）,石川県民、輪島朝市の方達には、頑張って頂きたい💪 地震の１ヶ月前に輪島の朝市に金沢からバスで行ったのですが、テレビで地震の後見た時のショックは、忘れない😰,金沢城公園,同意する,,,,,,,1959,,,,,,
石川,2024/06/06 23:45:12,埼玉県,女,1973,,400万円以上 500万円未満,自分ひとり,2泊,石川県外には泊まらない,金沢エリア  （湯涌温泉、深谷温泉、犀川温泉など）,2泊,,,,,,,,,新幹線,0,0,1,0,0,0,0,,0,0,0,0,,,,,2～5回目,"地元の美味しいものを食べる, 名所、旧跡の観光, まちあるき、都市散策",0,0,1,0,1,0,0,0,0,0,1,0,0,0,0,0,0,0,"新聞・雑誌・ガイドブック, インターネット・アプリ, 観光協会等の案内所",0,0,0,0,0,0,0,0,0,0,1,0,0,0,0,0,1,0,0,0,0,1,0,0,0,,,,,,"20,000円以上 30,000円未満",,"1,000円以上 3,000円未満",,,,,,,,,,,4,3,ちょっと休憩したいと思っても、座ってお茶を飲めるような場所がないから,施設自体はきれいだったので満足でした。,,,,7,機会があれば行きたい,茶屋での食事。一人でも気軽に立ち寄れると尚可。 春の桜、手入された庭園の兼六園、街自体がこじんまりとしていて、徒歩でも街歩きを堪能できるところ。,金沢城公園,同意する,,,,,,,1973,,,,,,
石川,2024/06/07 20:17:24,大阪府,女,1966,,"1,200万円以上 1,500万円未満",友人,1泊,石川県外には泊まらない,金沢エリア  （湯涌温泉、深谷温泉、犀川温泉など）,1泊,,,,,,,,,"新幹線, 在来線",0,0,1,1,0,0,0,,0,0,0,0,5,バスの本数が多くすぐに目的地に到着出来たので,,,11回目以上,"地元の美味しいものを食べる, 名所、旧跡の観光, お祭りやイベントへの参加・見物, まちあるき、都市散策",0,0,1,0,1,0,0,1,0,0,1,0,0,0,0,0,0,0,"新聞・雑誌・ガイドブック, 観光パンフレット・ポスター, 観光連盟やDMOのHP, インターネット・アプリ, 観光協会等の案内所",0,0,0,0,0,0,0,0,0,0,1,0,0,0,0,0,1,0,0,0,1,1,0,1,0,,,,,,"10,000円以上 20,000円未満",,"1,000円以上 3,000円未満",,,,,,,,,,,5,5,色々なイベントがあり、その度にわくわく訪問したくなるので,キレイに整備されていて､しいの木迎賓館での食事も楽しみなので,,,,10,また行きたい（1年以内）,価格が上がっても良いので、飲食､土産､アクティビティの質は下げないで欲しい 食べる物がどれも美味しく、宿泊費用が納得のいく価格,金沢城公園,同意する,,,,,,,1966,,,,,,
石川,2024/06/08 1:58:52,富山県,男,1985,,100万円未満,自分ひとり,日帰り,石川県外には泊まらない,石川県内には宿泊しない,石川県内には宿泊しない,,,,,,,,,在来線,0,0,0,1,0,0,0,,0,0,0,0,1,なし,,,2～5回目,名所、旧跡の観光,0,0,0,0,1,0,0,0,0,0,0,0,0,0,0,0,0,0,観光展・物産展,0,0,0,0,0,0,0,0,0,0,0,0,0,0,0,0,0,0,0,0,0,0,1,0,0,,,,,,使わない,,使わない,,,,,,,,,,,3,3,,,,,,1,どちらともいえない,なし,金沢城公園,同意する,,特になし,,なし,,,1985,,,,,,
石川,2024/06/09 9:56:58,福岡県,女,1977,,500万円以上 600万円未満,小学生以下連れの家族,日帰り,岐阜県,金沢エリア  （湯涌温泉、深谷温泉、犀川温泉など）,1泊,,,,,,,,,自家用車,1,0,0,0,0,0,0,,0,0,0,0,,,,,初めて,名所、旧跡の観光,0,0,0,0,1,0,0,0,0,0,0,0,0,0,0,0,0,0,インターネット・アプリ,0,0,0,0,0,0,0,0,0,0,1,0,0,0,0,0,0,0,0,0,0,0,0,0,0,,,,,,"40,000円以上 50,000円未満",,"5,000円以上 10,000円未満",,,,,,,,,,,4,2,,,,,,6,あまり行きたいと思わない,飲食店を増やして欲しい,金沢城公園,同意する,,,,,,,1977,,,,,,
石川,2024/06/10 10:17:10,兵庫県,女,1966,,200万円以上 300万円未満,自分ひとり,1泊,石川県外には泊まらない,金沢エリア  （湯涌温泉、深谷温泉、犀川温泉など）,1泊,,,,,,,,,在来線,0,0,0,1,0,0,0,,0,0,0,0,5,電車でのんびり移動できたので,,,2～5回目,"名所、旧跡の観光, 各種体験（手作り、果物狩りなど）",0,0,0,0,1,0,0,0,0,0,0,1,0,0,0,0,0,0,インターネット・アプリ,0,0,0,0,0,0,0,0,0,0,1,0,0,0,0,0,0,0,0,0,0,0,0,0,0,,,,,,"5,000円以上 10,000円未満",,"1,000円以上 3,000円未満",,,,,,,,,,,5,5,ボランティアのガイドさんがとても親切丁寧だった。,公園内すべてが手入れの行き届いた環境で素敵だった,,,,10,また行きたい（1年以内）,特になし 史跡が大切にされていて、歴史や時間を感じることのできる空間が心地よい,金沢城公園,同意する,,金沢城公園が最初,,石川県立美術館,,,1966,,,,,,
石川,2024/06/10 19:25:29,群馬県,男,1971,,"1,500万円以上",夫婦2人,2泊,石川県外には泊まらない,金沢エリア  （湯涌温泉、深谷温泉、犀川温泉など）,2泊,,,,,,,,,新幹線,0,0,1,0,0,0,0,,0,0,0,0,5,待ち時間が少なくストレスを全く感じません。,,,6～10回目,"宿でのんびり過ごす, 温泉や露天風呂, 地元の美味しいものを食べる, 名所、旧跡の観光, 買い物、アウトレット, まちあるき、都市散策",1,1,1,0,1,0,1,0,0,0,1,0,0,0,0,0,0,0,"観光展・物産展, 新聞・雑誌・ガイドブック, 観光パンフレット・ポスター, インターネット・アプリ",0,0,0,0,0,0,0,0,0,0,1,0,0,0,0,0,1,0,0,0,1,0,1,0,0,,,,,,"100,000円以上",,"3,000円以上 5,000円未満",,,,,,,,,,,5,5,いつ訪れても進化し続けている（新しい施設や整備等）,,,,,10,また行きたい（1年以内）,特になし 歴史の街で風情に浸り食べ物が美味しくお酒も美味しい,金沢城公園,同意する,,,,香林坊,,,1971,,,,,,
石川,2024/06/12 15:51:12,静岡県,女,1970,,600万円以上 700万円未満,職場の同僚,2泊,石川県外には泊まらない,加賀エリア （山代温泉、山中温泉、片山津温泉、粟津温泉、辰口温泉、加賀市、小松市など）,2泊,,,,,,,,,新幹線,0,0,1,0,0,0,0,,0,0,0,0,4,北陸新幹線に乗車できたので,,,2～5回目,"地元の美味しいものを食べる, 名所、旧跡の観光",0,0,1,0,1,0,0,0,0,0,0,0,0,0,0,0,0,0,インターネット・アプリ,0,0,0,0,0,0,0,0,0,0,1,0,0,0,0,0,0,0,0,0,0,0,0,0,0,,,,,,"20,000円以上 30,000円未満",,使わない,,,,,,,,,,,4,4,ボランティアガイドさんがとても詳しく説明をしてくださいました。,石垣に興味があるため様々な様式を見学できました。,,,,7,機会があれば行きたい,特になし その土地の歴史に触れることができるので。,金沢城公園,同意する,,,,コスモアイル羽咋,,,1970,,,,,,
石川,2024/06/15 19:14:38,千葉県,女,1964,,800万円以上 900万円未満,友人,1泊,石川県外には泊まらない,加賀エリア （山代温泉、山中温泉、片山津温泉、粟津温泉、辰口温泉、加賀市、小松市など）,1泊,,,,,,,,,"新幹線, 在来線",0,0,1,1,0,0,0,,0,0,0,0,4,迷わず乗れる。利便性が良い。,,,2～5回目,"温泉や露天風呂, 地元の美味しいものを食べる, 名所、旧跡の観光, 買い物、アウトレット, まちあるき、都市散策",0,1,1,0,1,0,1,0,0,0,1,0,0,0,0,0,0,0,"新聞・雑誌・ガイドブック, インターネット・アプリ",0,0,0,0,0,0,0,0,0,0,1,0,0,0,0,0,1,0,0,0,0,0,0,0,0,,,,,,"10,000円以上 20,000円未満",,"1,000円以上 3,000円未満",,,,,,,,,,,4,3,,,,,,5,機会があれば行きたい,特に無し,金沢城公園,同意する,,,,,,,1964,,,,,,
石川,2024/06/18 1:04:27,大阪府,男,1980,,500万円以上 600万円未満,友人,1泊,石川県外には泊まらない,金沢エリア  （湯涌温泉、深谷温泉、犀川温泉など）,1泊,,,,,,,,,在来線,0,0,0,1,0,0,0,,0,0,0,0,4,走っているバスが多い,,,2～5回目,"地元の美味しいものを食べる, 名所、旧跡の観光, テーマパーク（遊園地、動物園、博物館など）, まちあるき、都市散策",0,0,1,0,1,1,0,0,0,0,1,0,0,0,0,0,0,0,TV・ラジオ番組やCM,0,0,0,0,0,0,0,0,0,0,0,0,0,0,1,0,0,0,0,0,0,0,0,0,0,,,,,,"3,000円以上 5,000円未満",,"1,000円未満",,,,,,,,,,,4,4,庭が綺麗だった。,きれいな緑の芝と白と海鼠壁が良かった。,,,,10,機会があれば行きたい,特になし,金沢城公園,同意する,,,,,,,1980,,,,,,
石川,2024/06/18 5:14:46,千葉県,男,1952,,"900万円以上 1,000万円未満",夫婦2人,1泊,福井県,白山エリア （一里野温泉、白峰温泉、白山市など）,1泊,,,,,,,,,新幹線,0,0,1,0,0,0,0,,0,0,0,0,4,,,,6～10回目,名所、旧跡の観光,0,0,0,0,1,0,0,0,0,0,0,0,0,0,0,0,0,0,観光展・物産展,0,0,0,0,0,0,0,0,0,0,0,0,0,0,0,0,0,0,0,0,0,0,1,0,0,,,,,,"5,000円以上 10,000円未満",,"1,000円未満",,,,,,,,,,,4,4,,,,,,10,また行きたい（1年以内）,他府県の資本介入が悲しい、地場資本は何してるの。,金沢城公園,同意する,,,,,,,1952,,,,,,
石川,2024/06/18 7:51:03,東京都,男,1961,,500万円以上 600万円未満,恋人,3泊,石川県外には泊まらない,金沢エリア  （湯涌温泉、深谷温泉、犀川温泉など）,3泊,,,,,,,,,飛行機,0,0,0,0,1,0,0,,0,0,0,0,,,,,6～10回目,"地元の美味しいものを食べる, 名所、旧跡の観光, 買い物、アウトレット, まちあるき、都市散策",0,0,1,0,1,0,1,0,0,0,1,0,0,0,0,0,0,0,"観光パンフレット・ポスター, インターネット・アプリ",0,0,0,0,0,0,0,0,0,0,1,0,0,0,0,0,0,0,0,0,1,0,0,0,0,,,,,,"10,000円以上 20,000円未満",,"1,000円以上 3,000円未満",,,,,,,,,,,5,4,,,,,,8,また行きたい（1年以内）,いつきても新たな発見もあり素晴らしいです 食物も美味しいし人情もあり九谷焼をはじめ文化も素晴らしい永住も考えているぐらい気に入ってますよーいろんな人に金沢最高と伝えています👏👏👏,金沢城公園,同意する,,,,,,,1961,,,,,,
石川,2024/01/08 19:34:35,神奈川県,男,1964,,"900万円以上 1,000万円未満",夫婦2人,2泊,石川県外には泊まらない,金沢エリア  （湯涌温泉、深谷温泉、犀川温泉など）,2泊,,,,,,,,,"レンタカー, 新幹線",0,1,1,0,0,0,0,,0,0,0,0,5,凄く楽しかった,,,2～5回目,"地元の美味しいものを食べる, 名所、旧跡の観光, 買い物、アウトレット, まちあるき、都市散策",0,0,1,0,1,0,1,0,0,0,1,0,0,0,0,0,0,0,インターネット・アプリ,0,0,0,0,0,0,0,0,0,0,1,0,0,0,0,0,0,0,0,0,0,0,0,0,0,,,,,,"5,000円以上 10,000円未満",,"1,000円未満",,,,,,,,,,,,3,買わない,良かった,,,,10,機会があれば行きたい,美味しい食事 食事が美味しい,兼六園,同意する,,,,ホテルに戻る,,,1964,,,,,,
石川,2024/01/10 17:56:49,三重県,男,1953,,300万円以上 400万円未満,夫婦2人,2泊,石川県外には泊まらない,金沢エリア  （湯涌温泉、深谷温泉、犀川温泉など）,2泊,,,,,,,,,自家用車,1,0,0,0,0,0,0,,0,0,0,0,,,,,11回目以上,"地元の美味しいものを食べる, 名所、旧跡の観光",0,0,1,0,1,0,0,0,0,0,0,0,0,0,0,0,0,0,"新聞・雑誌・ガイドブック, 観光パンフレット・ポスター",0,0,0,0,0,0,0,0,0,0,0,0,0,0,0,0,1,0,0,0,1,0,0,0,0,,,,,,"10,000円以上 20,000円未満",,"1,000円未満",,,,,,,,,,,,4,,,,,,4,また行きたい（1年以内）,美味し土産物,兼六園,同意する,,,,,,,1953,,,,,,
石川,2024/01/27 23:48:47,東京都,女,1989,,200万円以上 300万円未満,友人,1泊,石川県外には泊まらない,金沢エリア  （湯涌温泉、深谷温泉、犀川温泉など）,1泊,,,,,,,,,新幹線,0,0,1,0,0,0,0,,0,0,0,0,5,時間を有効活用できたから,,,2～5回目,"温泉や露天風呂, 地元の美味しいものを食べる, 名所、旧跡の観光",0,1,1,0,1,0,0,0,0,0,0,0,0,0,0,0,0,0,観光パンフレット・ポスター,0,0,0,0,0,0,0,0,0,0,0,0,0,0,0,0,0,0,0,0,1,0,0,0,0,,,,,,"20,000円以上 30,000円未満",,"1,000円未満",,,,,,,,,,,,4,花が咲いていることに気づかなかった,雪景色がとても綺麗だった,,,,10,機会があれば行きたい,駅周辺に土産を買える場所が点在していると良い 旅館のホスピタリティが抜群に良かった,兼六園,同意する,,,,,,,1989,,,,,,
石川,2024/01/28 21:22:12,神奈川県,男,1963,,600万円以上 700万円未満,夫婦2人,2泊,石川県外には泊まらない,金沢エリア  （湯涌温泉、深谷温泉、犀川温泉など）,2泊,,,,,,,,,飛行機,0,0,0,0,1,0,0,,0,0,0,0,,,,,2～5回目,"地元の美味しいものを食べる, 花見や紅葉などの自然鑑賞, 名所、旧跡の観光, まちあるき、都市散策, 各種体験（手作り、果物狩りなど）",0,0,1,1,1,0,0,0,0,0,1,1,0,0,0,0,0,0,"新聞・雑誌・ガイドブック, 観光パンフレット・ポスター",0,0,0,0,0,0,0,0,0,0,0,0,0,0,0,0,1,0,0,0,1,0,0,0,0,,,,,,"10,000円以上 20,000円未満",,"1,000円未満",,,,,,,,,,,,3,,,,,,9,機会があれば行きたい,海鮮に偏り過ぎかもしれません,兼六園,同意する,,,,,,,1963,,,,,,
石川,2024/01/29 18:13:31,東京都,女,1979,,500万円以上 600万円未満,自分ひとり,3泊,福井県,金沢エリア  （湯涌温泉、深谷温泉、犀川温泉など）,2泊,,,,,,,,,"在来線, 飛行機",0,0,0,1,1,0,0,,0,0,0,0,3,Pasmoが使用できなかった,,,初めて,"地元の美味しいものを食べる, 名所、旧跡の観光",0,0,1,0,1,0,0,0,0,0,0,0,0,0,0,0,0,0,"インターネット・アプリ, X(旧：Twitter)",0,0,0,0,0,1,0,0,0,0,1,0,0,0,0,0,0,0,0,0,0,0,0,0,0,,,,,,"10,000円以上 20,000円未満",,使わない,,,,,,,,,,,,3,海外からの旅行者のマナーがよくない,兼六園より金沢城散策がメインだったため,,,,10,機会があれば行きたい,金沢城の二の丸御殿の復元、楽しみにしております 金沢城が素晴らしかったので、また友人と訪れたい,兼六園,同意する,,,,,,,1979,,,,,,
石川,2024/02/03 21:50:57,東京都,男,1969,,"1,000万円以上 1,200万円未満",中学生以下連れの家族,2泊,福井県,金沢エリア  （湯涌温泉、深谷温泉、犀川温泉など）,1泊,,,,,,,,,在来線,0,0,0,1,0,0,0,,0,0,0,0,,,,,初めて,"地元の美味しいものを食べる, 名所、旧跡の観光",0,0,1,0,1,0,0,0,0,0,0,0,0,0,0,0,0,0,新聞・雑誌・ガイドブック,0,0,0,0,0,0,0,0,0,0,0,0,0,0,0,0,1,0,0,0,0,0,0,0,0,,,,,,"10,000円以上 20,000円未満",,"3,000円以上 5,000円未満",,,,,,,,,,,,4,金箔ソフト,,,,,9,機会があれば行きたい,特になし グルメ,兼六園,同意する,,,,長町武家屋敷,,,1969,,,,,,
石川,2024/02/11 14:32:28,滋賀県,女,1971,,400万円以上 500万円未満,親,日帰り,日帰り,石川県内には宿泊しない,石川県内には宿泊しない,,,,,,,,,在来線,0,0,0,1,0,0,0,,0,0,0,0,5,気軽に安く利用できたから,,,6～10回目,"地元の美味しいものを食べる, 名所、旧跡の観光",0,0,1,0,1,0,0,0,0,0,0,0,0,0,0,0,0,0,特になし,0,0,0,0,0,0,0,0,0,0,0,0,0,0,0,0,0,0,0,0,0,0,0,0,1,,,,,,使わない,,"1,000円未満",,,,,,,,,,,,5,,,,,,10,また行きたい（1年以内）,特になし,兼六園,同意する,,,,,,,1971,,,,,,
石川,2024/01/01 15:13:08,大阪府,女,1974,,200万円以上 300万円未満,小学生以下連れの家族,日帰り,石川県外には泊まらない,石川県内には宿泊しない,石川県内には宿泊しない,,,,,,,,,在来線,0,0,0,1,0,0,0,,0,0,0,0,4,,,,2～5回目,名所、旧跡の観光,0,0,0,0,1,0,0,0,0,0,0,0,0,0,0,0,0,0,インターネット・アプリ,0,0,0,0,0,0,0,0,0,0,1,0,0,0,0,0,0,0,0,0,0,0,0,0,0,,,,,,使わない,,"3,000円以上 5,000円未満",,,,,,,,,,,,4,,,,,,5,機会があれば行きたい,特になし,金沢駅,同意する,,,,,,,1974,,,,,,
石川,2024/01/01 17:25:27,東京都,女,1962,,500万円以上 600万円未満,夫婦2人,4泊以上,富山県,金沢エリア  （湯涌温泉、深谷温泉、犀川温泉など）,3泊,,,,,,,,,在来線,0,0,0,1,0,0,0,,0,0,0,0,5,座れた,,,11回目以上,"宿でのんびり過ごす, 温泉や露天風呂, 地元の美味しいものを食べる, 名所、旧跡の観光, まちあるき、都市散策",1,1,1,0,1,0,0,0,0,0,1,0,0,0,0,0,0,0,"観光パンフレット・ポスター, インターネット・アプリ",0,0,0,0,0,0,0,0,0,0,1,0,0,0,0,0,0,0,0,0,1,0,0,0,0,,,,,,"30,000円以上 40,000円未満",,"20,000円以上 30,000円未満",,,,,,,,,,,,5,あんとは充実していて好きです,あんとが好きだから,,,,10,また行きたい（1年以内）,海鮮やおでんが好きです。あんとのピザとビールの店も好きです。 好きで、毎年訪れている。昨年は３回来ました。兼六園、金沢城は何度訪れてもすばらしい。東京都民で金沢にゆかりはないですか、毎年尾山神社に初詣に来ています。,金沢駅,同意する,,金沢駅,,,,,1962,,,,,,
石川,2024/01/03 23:29:54,埼玉県,女,1961,,800万円以上 900万円未満,夫婦2人,2泊,石川県外には泊まらない,金沢エリア  （湯涌温泉、深谷温泉、犀川温泉など）,2泊,,,,,,,,,新幹線,0,0,1,0,0,0,0,,0,0,0,0,,,,,初めて,"地元の美味しいものを食べる, 名所、旧跡の観光, テーマパーク（遊園地、動物園、博物館など）, 買い物、アウトレット, まちあるき、都市散策",0,0,1,0,1,1,1,0,0,0,1,0,0,0,0,0,0,0,"新聞・雑誌・ガイドブック, 観光パンフレット・ポスター, インターネット・アプリ, X(旧：Twitter)",0,0,0,0,0,1,0,0,0,0,1,0,0,0,0,0,1,0,0,0,1,0,0,0,0,,,,,,"30,000円以上 40,000円未満",,"10,000円以上 20,000円未満",,,,,,,,,,,,5,お店がたくさんあり、きれいです。バスの案内も分かりやすいです。,案内の方も親切にいろいろ教えてくれました。,,,,10,また行きたい（1年以内）,先に書きましたが、スイカ、パスモを使えるようになると便利です。毎回運転席のところで両替したり、小銭を数えたりがとても不便でした。 どこの飲食店も美味しかったです。,金沢駅,同意する,,,,,,,1961,,,,,,
石川,2024/01/07 11:38:15,長野県,男,1991,,"1,000万円以上 1,200万円未満",夫婦2人,2泊,富山県,金沢エリア  （湯涌温泉、深谷温泉、犀川温泉など）,1泊,,,,,,,,,自家用車,1,0,0,0,0,0,0,,0,0,0,0,,,,,2～5回目,"宿でのんびり過ごす, 地元の美味しいものを食べる, 名所、旧跡の観光, まちあるき、都市散策",1,0,1,0,1,0,0,0,0,0,1,0,0,0,0,0,0,0,インターネット・アプリ,0,0,0,0,0,0,0,0,0,0,1,0,0,0,0,0,0,0,0,0,0,0,0,0,0,,,,,,"5,000円以上 10,000円未満",,"3,000円以上 5,000円未満",,,,,,,,,,,,4,,,,,,10,機会があれば行きたい,特になし,金沢駅,同意する,,,,,,,1991,,,,,,
石川,2024/01/17 1:21:15,埼玉県,男,1992,,100万円以上 200万円未満,親,1泊,石川県外には泊まらない,金沢エリア  （湯涌温泉、深谷温泉、犀川温泉など）,1泊,,,,,,,,,自家用車,1,0,0,0,0,0,0,,0,0,0,0,4,お買い物でもらえた200円分の乗車チケット,,,2～5回目,"地元の美味しいものを食べる, 花見や紅葉などの自然鑑賞, 名所、旧跡の観光, 買い物、アウトレット, まちあるき、都市散策",0,0,1,1,1,0,1,0,0,0,1,0,0,0,0,0,0,0,"新聞・雑誌・ガイドブック, 観光パンフレット・ポスター, X(旧：Twitter)",0,0,0,0,0,1,0,0,0,0,0,0,0,0,0,0,1,0,0,0,1,0,0,0,0,,,,,,"10,000円以上 20,000円未満",,"3,000円以上 5,000円未満",,,,,,,,,,,,4,,,,,,8,また行きたい（1年以内）,冬の金沢を楽しみにしております。,金沢駅,同意する,,,,石川県立美術館,,,1992,,,,,,
石川,2024/01/20 10:09:22,埼玉県,女,1976,,"1,500万円以上",親,2泊,石川県外には泊まらない,能登エリア （和倉温泉、七尾市、輪島市、珠洲市など）,2泊,,,,,,,,,新幹線,0,0,1,0,0,0,0,,0,0,0,0,,,,,2～5回目,"地元の美味しいものを食べる, お見舞い",0,0,1,0,0,0,0,0,0,0,0,0,0,0,0,0,0,0,"新聞・雑誌・ガイドブック, 観光パンフレット・ポスター, インターネット・アプリ, Instagram, 友人・知人, 観光協会等の案内所",0,0,0,1,0,0,0,0,0,0,1,0,0,0,0,0,1,0,1,0,1,1,0,0,0,,,,,,"40,000円以上 50,000円未満",,"5,000円以上 10,000円未満",,,,,,,,,,,,4,朝早く着いたので、やっていないお店が多かった,広すぎず、お手洗いなどわかりやすかったし、母に車椅子を貸していただいた,,,,10,また行きたい（1年以内）,七尾に被災お見舞いのために行きました。普段は能登空港を利用しますが、使えなかったため、金沢駅を利用しました。新幹線のアクセスもとても良く、主な観光地も近場で良かったです。とにかく食べ物が美味しかったので、アピールして欲しいと思いました! やはり、食べ物が美味しいし、文化の違いを感じられる,金沢駅,同意する,,,,,,,1976,,,,,,
石川,2024/01/20 13:22:42,愛知県,男,1970,,400万円以上 500万円未満,職場の同僚,4泊以上,石川県外には泊まらない,金沢エリア  （湯涌温泉、深谷温泉、犀川温泉など）,4泊以上,,,,,,,,,レンタカー,0,1,0,0,0,0,0,,0,0,0,0,4,金沢駅もとても変わっており 便利になっていました,,,2～5回目,出張など仕事関係,0,0,0,0,0,0,0,0,0,0,0,0,0,0,0,0,1,0,インターネット・アプリ,0,0,0,0,0,0,0,0,0,0,1,0,0,0,0,0,0,0,0,0,0,0,0,0,0,,,,,,"5,000円以上 10,000円未満",,"3,000円以上 5,000円未満",,,,,,,,,,,,4,様々な商品も売っていました,商業施設に生まれ変わっていました,,,,9,また行きたい（1年以内）,自然な感じ,金沢駅,同意する,,,,,,,1970,,,,,,
石川,2024/01/21 11:00:21,愛知県,男,1961,,"900万円以上 1,000万円未満",夫婦2人,2泊,東京,金沢エリア  （湯涌温泉、深谷温泉、犀川温泉など）,1泊,,,,,,,,,在来線,0,0,0,1,0,0,0,,0,0,0,0,4,定時運行,,,初めて,"地元の美味しいものを食べる, 名所、旧跡の観光",0,0,1,0,1,0,0,0,0,0,0,0,0,0,0,0,0,0,"観光パンフレット・ポスター, インターネット・アプリ",0,0,0,0,0,0,0,0,0,0,1,0,0,0,0,0,0,0,0,0,1,0,0,0,0,,,,,,"5,000円以上 10,000円未満",,"3,000円以上 5,000円未満",,,,,,,,,,,,4,,,,,,8,また行きたい（1年以内）,無し,金沢駅,同意する,,,,,,,1961,,,,,,
石川,2024/01/21 11:12:24,愛知県,女,1970,,600万円以上 700万円未満,夫婦2人,1泊,東京都,金沢エリア  （湯涌温泉、深谷温泉、犀川温泉など）,1泊,,,,,,,,,在来線,0,0,0,1,0,0,0,,0,0,0,0,4,定時運転。予定が立てやすい。楽。,,,初めて,"地元の美味しいものを食べる, 名所、旧跡の観光, まちあるき、都市散策",0,0,1,0,1,0,0,0,0,0,1,0,0,0,0,0,0,0,"観光展・物産展, 観光パンフレット・ポスター, インターネット・アプリ",0,0,0,0,0,0,0,0,0,0,1,0,0,0,0,0,0,0,0,0,1,0,1,0,0,,,,,,"5,000円以上 10,000円未満",,"10,000円以上 20,000円未満",,,,,,,,,,,,5,観光案内が広くて、自分で情報が入手しやすかった。,きれい。掃除行き届いている。,,,,10,また行きたい（1年以内）,輪島塗の保存に貢献できること。 愛知からは遠い印象があるので、なかなか足が向かないが、復興支援の意味でも、強く勧めたい。,金沢駅,同意する,,,,東京へ行き、中島みゆきのコンサートに行きます。,,,1970,,,,,,
石川,2024/01/22 19:45:44,埼玉県,男,1974,,"1,500万円以上",夫婦2人,1泊,石川県外には泊まらない,金沢エリア  （湯涌温泉、深谷温泉、犀川温泉など）,1泊,,,,,,,,,新幹線,0,0,1,0,0,0,0,,0,0,0,0,4,速いから,,,初めて,"地元の美味しいものを食べる, 名所、旧跡の観光",0,0,1,0,1,0,0,0,0,0,0,0,0,0,0,0,0,0,"新聞・雑誌・ガイドブック, 観光パンフレット・ポスター",0,0,0,0,0,0,0,0,0,0,0,0,0,0,0,0,1,0,0,0,1,0,0,0,0,,,,,,"10,000円以上 20,000円未満",,"10,000円以上 20,000円未満",,,,,,,,,,,,5,お土産が充実してるら,綺麗,,,,9,機会があれば行きたい,ひゃんまんさんがいたらとても嬉しいです。 美味しい食べ物。多くの名所。、,金沢駅,同意する,,,,,,,1974,,,,,,
石川,2024/01/23 8:29:17,埼玉県,女,1985,,"1,200万円以上 1,500万円未満",夫婦2人,1泊,石川県外には泊まらない,金沢エリア  （湯涌温泉、深谷温泉、犀川温泉など）,1泊,,,,,,,,,新幹線,0,0,1,0,0,0,0,,0,0,0,0,4,バスが充実している,,,2～5回目,"地元の美味しいものを食べる, 名所、旧跡の観光, まちあるき、都市散策",0,0,1,0,1,0,0,0,0,0,1,0,0,0,0,0,0,0,"新聞・雑誌・ガイドブック, 観光連盟やDMOのHP, 友人・知人",0,0,0,0,0,0,0,0,0,0,0,0,0,0,0,0,1,0,1,0,0,0,0,1,0,,,,,,"10,000円以上 20,000円未満",,"3,000円以上 5,000円未満",,,,,,,,,,,,4,最終の新幹線までお土産屋さんが営業していると良い,,,,,10,また行きたい（1年以内）,気軽なバラマキ土産がたくさんあると良い まいどさん（ボランティアガイド）,金沢駅,同意する,,,,,,,1985,,,,,,
石川,2024/01/25 21:08:04,愛知県,男,1970,,700万円以上 800万円未満,夫婦2人,日帰り,東京,石川県内には宿泊しない,石川県内には宿泊しない,,,,,,,,,新幹線,0,0,1,0,0,0,0,,0,0,0,0,4,,,,2～5回目,地元の美味しいものを食べる,0,0,1,0,0,0,0,0,0,0,0,0,0,0,0,0,0,0,インターネット・アプリ,0,0,0,0,0,0,0,0,0,0,1,0,0,0,0,0,0,0,0,0,0,0,0,0,0,,,,,,使わない,,"5,000円以上 10,000円未満",,,,,,,,,,,,4,,,,,,10,また行きたい（1年以内）,魚介類を常に美味しく頂きたい,金沢駅,同意する,,,,,,,1970,,,,,,
石川,2024/01/26 16:50:34,大阪府,男,2003,,300万円以上 400万円未満,自分ひとり,4泊以上,北海道,石川県内には宿泊しない,石川県内には宿泊しない,,,,,,,,,高速バス,0,0,0,0,0,0,0,,0,0,0,0,5,,,,6～10回目,"地元の美味しいものを食べる, 名所、旧跡の観光, まちあるき、都市散策",0,0,1,0,1,0,0,0,0,0,1,0,0,0,0,0,0,0,"観光展・物産展, 観光パンフレット・ポスター, X(旧：Twitter), 観光協会等の案内所",0,0,0,0,0,1,0,0,0,0,0,0,0,0,0,0,0,0,0,0,1,1,1,0,0,,,,,,使わない,,"1,000円未満",,,,,,,,,,,,4,,,,,,9,また行きたい（1年以内）,各地にある温泉,金沢駅,同意する,,,,,,,2003,,,,,,
石川,2024/01/28 20:53:05,大阪府,女,1975,,500万円以上 600万円未満,夫婦2人,1泊,石川県外には泊まらない,金沢エリア  （湯涌温泉、深谷温泉、犀川温泉など）,1泊,,,,,,,,,在来線,0,0,0,1,0,0,0,,0,0,0,0,5,バス移動ができるので移動しやすかった,,,初めて,"地元の美味しいものを食べる, 名所、旧跡の観光, まちあるき、都市散策",0,0,1,0,1,0,0,0,0,0,1,0,0,0,0,0,0,0,"観光パンフレット・ポスター, Instagram, ブログ",0,0,0,1,0,0,0,0,1,0,0,0,0,0,0,0,0,0,0,0,1,0,0,0,0,,,,,,"40,000円以上 50,000円未満",,"10,000円以上 20,000円未満",,,,,,,,,,,,5,お土産が揃う,グルメも土産もある,,,,10,また行きたい（1年以内）,手軽に体験できるものがいい　 海鮮が美味しい,金沢駅,同意する,,,,,,,1975,,,,,,
石川,2024/02/01 16:38:29,富山県,女,1970,,600万円以上 700万円未満,成人の娘,1泊,石川県外には泊まらない,金沢エリア  （湯涌温泉、深谷温泉、犀川温泉など）,1泊,,,,,,,,,"在来線, 高速バス",0,0,0,1,0,0,0,,0,0,0,0,5,降りてすぐに目的地があるし、バスもたくさん走ってるので待たなくても大丈夫。結構歩いてでもいろんなところに行ける,,,11回目以上,"宿でのんびり過ごす, 地元の美味しいものを食べる, 買い物、アウトレット, 少しでも復興支援したくて",1,0,1,0,0,0,1,0,0,0,0,0,0,0,0,0,0,0,"観光パンフレット・ポスター, インターネット・アプリ, Instagram",0,0,0,1,0,0,0,0,0,0,1,0,0,0,0,0,0,0,0,0,1,0,0,0,0,,,,,,"10,000円以上 20,000円未満",,"5,000円以上 10,000円未満",,,,,,,,,,,,4,お土産屋さんや色んなお店屋さんがたくさんあり、見た目にも美しい。バスの案内の女性が特に詳しく適切に丁寧に説明してくれて感動した。,きれいで清潔感ある。,,,,10,また行きたい（1年以内）,北陸の美味しい海鮮、加賀野菜、金沢らしい菓子やお茶。兼六園もとても美しく、所々に古い建物や町並みもあって最高！ ホテルの綺麗さと快適さ。美味しい食べ物。,金沢駅,同意する,,,,,,,1970,,,,,,
石川,2024/02/01 16:42:48,富山県,女,1993,,600万円以上 700万円未満,親,1泊,石川県外には泊まらない,金沢エリア  （湯涌温泉、深谷温泉、犀川温泉など）,1泊,,,,,,,,,高速バス,0,0,0,0,0,0,0,,0,0,0,0,5,沢山バスが走っているので、待ち時間が少ない,,,11回目以上,"宿でのんびり過ごす, 地元の美味しいものを食べる, 買い物、アウトレット, 観光客が減っていると言っていたので、少しでも石川県にお金を落とすために来ました",1,0,1,0,0,0,1,0,0,0,0,0,0,0,0,0,0,0,"インターネット・アプリ, X(旧：Twitter)",0,0,0,0,0,1,0,0,0,0,1,0,0,0,0,0,0,0,0,0,0,0,0,0,0,,,,,,"5,000円以上 10,000円未満",,"5,000円以上 10,000円未満",,,,,,,,,,,,5,美味しい物やお土産が、近い場所で全てそろうから,食事、お土産屋、バス停を雨に濡れないで行き来できる,,,,10,また行きたい（1年以内）,特になし バスで行ける範囲に観光地が多く行動しやすい。近江町市場やひがし茶屋街はとても美味しい物や、お得な海鮮物が多くておすすめできる。,金沢駅,同意する,,,,,,,1993,,,,,,
石川,2024/02/02 12:04:48,広島県,女,1958,,600万円以上 700万円未満,自分ひとり,1泊,福井県,金沢エリア  （湯涌温泉、深谷温泉、犀川温泉など）,1泊,,,,,,,,,"新幹線, 在来線",0,0,1,1,0,0,0,,0,0,0,0,,,,,2～5回目,北陸新幹線に乗るため,0,0,0,0,0,0,0,0,0,0,0,0,0,0,0,0,0,0,"新聞・雑誌・ガイドブック, 友人・知人",0,0,0,0,0,0,0,0,0,0,0,0,0,0,0,0,1,0,1,0,0,0,0,0,0,,,,,,"10,000円以上 20,000円未満",,"1,000円以上 3,000円未満",,,,,,,,,,,,4,歩いているだけで楽しい,活気がある,,,,10,また行きたい（1年以内）,巡回バスの運行 能登地震被害による観光面を応援したいから,金沢駅,同意する,,,,,,,1958,,,,,,
石川,2024/02/02 19:15:46,東京都,男,2007,,"1,500万円以上",自分ひとり,2泊,石川県外には泊まらない,金沢エリア  （湯涌温泉、深谷温泉、犀川温泉など）,2泊,,,,,,,,,新幹線,0,0,1,0,0,0,0,,0,0,0,0,,,,,初めて,災害ボランティア,0,0,0,0,0,0,0,0,0,0,0,0,0,0,0,0,0,0,観光パンフレット・ポスター,0,0,0,0,0,0,0,0,0,0,0,0,0,0,0,0,0,0,0,0,1,0,0,0,0,,,,,,"3,000円以上 5,000円未満",,"100,000円以上",,,,,,,,,,,,5,大好きになった。全てが程よい,,,,,10,また行きたい（1年以内）,海鮮、牛 金沢は静かで良い街です。これからもそうあってほしい。もう少しだけ栄えたら良い程度。ごみごみするから大都市にならないでほしい,金沢駅,同意する,,,,,,,2007,,,,,,
石川,2024/02/02 21:38:50,大阪府,男,1995,,800万円以上 900万円未満,恋人,日帰り,石川県外には泊まらない,石川県内には宿泊しない,石川県内には宿泊しない,,,,,,,,,在来線,0,0,0,1,0,0,0,,0,0,0,0,5,出発地から乗り換えなしで行けるため,,,2～5回目,"地元の美味しいものを食べる, 名所、旧跡の観光, テーマパーク（遊園地、動物園、博物館など）, まちあるき、都市散策",0,0,1,0,1,1,0,0,0,0,1,0,0,0,0,0,0,0,"新聞・雑誌・ガイドブック, 観光パンフレット・ポスター, 観光連盟やDMOのHP",0,0,0,0,0,0,0,0,0,0,0,0,0,0,0,0,1,0,0,0,1,0,0,1,0,,,,,,使わない,,"1,000円以上 3,000円未満",,,,,,,,,,,,5,種類豊富なお土産屋があったから,地域性を感じる駅のデザインだったから,,,,8,機会があれば行きたい,地魚を使ったお寿司、海鮮丼 海の幸,金沢駅,同意する,,,,,,,1995,,,,,,
石川,2024/02/05 19:17:36,大阪府,男,1971,,"900万円以上 1,000万円未満",職場の同僚,4泊以上,石川県外には泊まらない,金沢エリア  （湯涌温泉、深谷温泉、犀川温泉など）,4泊以上,,,,,,,,,在来線,0,0,0,1,0,0,0,,0,0,0,0,5,大阪から乗り換えなしで来れたから,,,11回目以上,出張など仕事関係,0,0,0,0,0,0,0,0,0,0,0,0,0,0,0,0,1,0,インターネット・アプリ,0,0,0,0,0,0,0,0,0,0,1,0,0,0,0,0,0,0,0,0,0,0,0,0,0,,,,,,"50,000円以上 100,000円未満",,"5,000円以上 10,000円未満",,,,,,,,,,,,5,充実している,きれい,,,,8,また行きたい（1年以内）,寿司 おもてなし,金沢駅,同意する,,,,,,,1971,,,,,,
石川,2024/02/07 15:05:22,埼玉県,女,1985,,700万円以上 800万円未満,自分ひとり,2泊,石川県外には泊まらない,金沢エリア  （湯涌温泉、深谷温泉、犀川温泉など）,2泊,,,,,,,,,新幹線,0,0,1,0,0,0,0,,0,0,0,0,4,観光地を回るのに便利,,,2～5回目,"地元の美味しいものを食べる, まちあるき、都市散策",0,0,1,0,0,0,0,0,0,0,1,0,0,0,0,0,0,0,Instagram,0,0,0,1,0,0,0,0,0,0,0,0,0,0,0,0,0,0,0,0,0,0,0,0,0,,,,,,"5,000円以上 10,000円未満",,"5,000円以上 10,000円未満",,,,,,,,,,,,4,あんとで色々なお土産が、見れるのでラクでした,食事もできて、金沢を満喫できました！,,,,10,また行きたい（1年以内）,特にないです。今で十分です！ 料理も日本酒も美味しいし、移動がラクなので、観光には最適でした！,金沢駅,同意する,,,,,,,1985,,,,,,
石川,2024/02/08 11:04:47,大阪府,男,1986,,800万円以上 900万円未満,自分ひとり,日帰り,石川県外には泊まらない,石川県内には宿泊しない,石川県内には宿泊しない,,,,,,,,,"在来線, 特急(サンダーバード)",0,0,0,1,0,0,0,,0,0,0,0,5,すごく速かったので,,,2～5回目,"地元の美味しいものを食べる, 名所、旧跡の観光, 買い物、アウトレット, まちあるき、都市散策",0,0,1,0,1,0,1,0,0,0,1,0,0,0,0,0,0,0,"観光展・物産展, インターネット・アプリ",0,0,0,0,0,0,0,0,0,0,1,0,0,0,0,0,0,0,0,0,0,0,1,0,0,,,,,,"10,000円以上 20,000円未満",,"3,000円以上 5,000円未満",,,,,,,,,,,,5,お土産屋コーナーが広くて種類が豊富だったので,綺麗で店舗も多いので,,,,9,機会があれば行きたい,金沢駅周辺で美味しい海鮮が食べられる店舗が増えると嬉しいです。 食べ物が美味しいのと街が綺麗,金沢駅,同意する,,,,,,,1986,,,,,,
石川,2024/02/11 11:36:58,東京都,女,1998,,100万円未満,自分ひとり,3泊,石川県外には泊まらない,金沢エリア  （湯涌温泉、深谷温泉、犀川温泉など）,3泊,,,,,,,,,新幹線,0,0,1,0,0,0,0,,0,0,0,0,3,IC利用希望です,,,初めて,"地元の美味しいものを食べる, 名所、旧跡の観光, まちあるき、都市散策",0,0,1,0,1,0,0,0,0,0,1,0,0,0,0,0,0,0,"観光パンフレット・ポスター, 友人・知人, 観光協会等の案内所",0,0,0,0,0,0,0,0,0,0,0,0,0,0,0,0,0,0,1,0,1,1,0,0,0,,,,,,"40,000円以上 50,000円未満",,"50,000円以上 100,000円未満",,,,,,,,,,,,3,高いので…,施設や接客は充分で、ほぼ満足。,,,,7,機会があれば行きたい,特になし 食べ物がおいしい。見るところが多い。,金沢駅,同意する,,野町,,,,,1998,,,,,,
石川,2024/02/11 11:45:27,石川県,女,1936,,100万円以上 200万円未満,親,日帰り,大阪,能登エリア （和倉温泉、七尾市、輪島市、珠洲市など）,1泊,,,,,,,,,自家用車,1,0,0,0,0,0,0,,0,0,0,0,,,,,6～10回目,スタンプを押すため,0,0,0,0,0,0,0,0,0,0,0,0,0,0,0,0,0,0,"TV・ラジオ番組やCM, 友人・知人, 観光協会等の案内所",0,0,0,0,0,0,0,0,0,0,0,0,0,0,1,0,0,0,1,0,0,1,0,0,0,,,,,,"10,000円以上 20,000円未満",,"3,000円以上 5,000円未満",,,,,,,,,,,,4,清潔感があり、随所に金沢らしさがある,百番街に石川県の観光パンフレットが沢山あり良かった。,,,,9,石川県在住,特になし 近江町市場でその場で海鮮が食べられる,金沢駅,同意する,,,,,,,1936,,,,,,
石川,2024/02/11 17:48:17,東京都,男,1993,,300万円以上 400万円未満,友人,1泊,福井県,石川県内には宿泊しない,石川県内には宿泊しない,,,,,,,,,"新幹線, 在来線",0,0,1,1,0,0,0,,0,0,0,0,4,福井方面からの北陸線は特急・普通あわせて1時間あたり3本程度は運行しており、主要駅間の移動には実用できる。金沢近郊エリア(西金沢、野々市、松任駅等)の列車密度をもう少し増やしてほしい。,,,2～5回目,"地元の美味しいものを食べる, 名所、旧跡の観光, まちあるき、都市散策, 聖地巡礼",0,0,1,0,1,0,0,0,0,0,1,0,0,0,0,0,0,0,"観光展・物産展, インターネット・アプリ, X(旧：Twitter)",0,0,0,0,0,1,0,0,0,0,1,0,0,0,0,0,0,0,0,0,0,0,1,0,0,,,,,,"10,000円以上 20,000円未満",,"1,000円以上 3,000円未満",,,,,,,,,,,,5,主要な土産品が一通り揃っている点,中央通路について、東西出口付近は扉があるものの、実質的には吹き抜けで、夏は蒸し暑く冬は寒いのが難点。冬はまだしも、昨夏訪れた際の蒸し暑さは異常だった。,,,,10,また行きたい（1年以内）,多角的なコンテンツとのコラボ,金沢駅,同意する,,,,フォーラス,,,1993,,,,,,
石川,2024/02/12 10:56:05,大阪府,男,1980,,"1,200万円以上 1,500万円未満",夫婦2人,1泊,石川県外には泊まらない,金沢エリア  （湯涌温泉、深谷温泉、犀川温泉など）,1泊,,,,,,,,,在来線,0,0,0,1,0,0,0,,0,0,0,0,4,サンダーバード直通で来れて楽,,,初めて,地元の美味しいものを食べる,0,0,1,0,0,0,0,0,0,0,0,0,0,0,0,0,0,0,"インターネット・アプリ, X(旧：Twitter), Instagram",0,0,0,1,0,1,0,0,0,0,1,0,0,0,0,0,0,0,0,0,0,0,0,0,0,,,,,,"5,000円以上 10,000円未満",,"10,000円以上 20,000円未満",,,,,,,,,,,,5,食事が美味しい,,,,,10,また行きたい（1年以内）,海産物、お酒が美味しく、大阪からも近いので、小旅行としてちょうど良い 食事,金沢駅,同意する,,,,,,,1980,,,,,,
石川,2024/02/12 10:59:37,大阪府,女,1988,,"900万円以上 1,000万円未満",夫婦2人,1泊,石川県外には泊まらない,金沢エリア  （湯涌温泉、深谷温泉、犀川温泉など）,1泊,,,,,,,,,在来線,0,0,0,1,0,0,0,,0,0,0,0,5,サンダーバードに初めて乗りましたがとても快適で、景色もよく、楽しめました。雪景色や山々、琵琶湖もとても印象的でした。,,,初めて,"地元の美味しいものを食べる, 名所、旧跡の観光",0,0,1,0,1,0,0,0,0,0,0,0,0,0,0,0,0,0,"インターネット・アプリ, X(旧：Twitter), Instagram",0,0,0,1,0,1,0,0,0,0,1,0,0,0,0,0,0,0,0,0,0,0,0,0,0,,,,,,"20,000円以上 30,000円未満",,"5,000円以上 10,000円未満",,,,,,,,,,,,5,海鮮丼と、刺身セットを昼食にいただきました。非常美味しく大満足でした。人柄もいい方ばかりでした。,どの場所も明るく清潔感がありました。,,,,10,また行きたい（1年以内）,詳しく調べてまた楽しめる場所を探したいです。 観光のしやすさ、食事のおいしさ。,金沢駅,同意する,,,,,,,1988,,,,,,
石川,2024/02/12 14:37:27,神奈川県,女,1971,,400万円以上 500万円未満,親戚,1泊,石川県外には泊まらない,金沢エリア  （湯涌温泉、深谷温泉、犀川温泉など）,1泊,,,,,,,,,新幹線,0,0,1,0,0,0,0,,0,0,0,0,5,,,,2～5回目,"名所、旧跡の観光, まちあるき、都市散策, 各種体験（手作り、果物狩りなど）, 支援",0,0,0,0,1,0,0,0,0,0,1,1,0,0,0,0,0,0,"観光展・物産展, TV・ラジオ番組やCM, 観光パンフレット・ポスター, インターネット・アプリ",0,0,0,0,0,0,0,0,0,0,1,0,0,0,1,0,0,0,0,0,1,0,1,0,0,,,,,,"10,000円以上 20,000円未満",,"20,000円以上 30,000円未満",,,,,,,,,,,,5,,,,,,10,また行きたい（1年以内）,海の幸美味しい,金沢駅,同意する,,,,,,,1971,,,,,,
石川,2024/02/13 12:54:50,富山県,女,1976,,"1,000万円以上 1,200万円未満",自分ひとり,1泊,石川県外には泊まらない,金沢エリア  （湯涌温泉、深谷温泉、犀川温泉など）,1泊,,,,,,,,,新幹線,0,0,1,0,0,0,0,,0,0,0,0,,,,,11回目以上,"宿でのんびり過ごす, 出張など仕事関係",1,0,0,0,0,0,0,0,0,0,0,0,0,0,0,0,1,0,"TV・ラジオ番組やCM, 友人・知人",0,0,0,0,0,0,0,0,0,0,0,0,0,0,1,0,0,0,1,0,0,0,0,0,0,,,,,,"5,000円以上 10,000円未満",,"5,000円以上 10,000円未満",,,,,,,,,,,,4,,,,,,10,また行きたい（1年以内）,前述した,金沢駅,同意する,,金沢駅付近の商業施設,,,,,1976,,,,,,
石川,2024/02/14 6:56:35,京都府,男,1986,,"1,000万円以上 1,200万円未満",災害支援,4泊以上,京都府,金沢エリア  （湯涌温泉、深谷温泉、犀川温泉など）,4泊以上,,,,,,,,,旅行会社ツアーバス,0,0,0,0,0,1,0,,0,0,0,0,5,,,,2～5回目,出張など仕事関係,0,0,0,0,0,0,0,0,0,0,0,0,0,0,0,0,1,0,ホテルが近くだった,0,0,0,0,0,0,0,0,0,0,0,0,0,0,0,0,0,0,0,0,0,0,0,0,1,,,,,,使わない,,"10,000円以上 20,000円未満",,,,,,,,,,,,5,,改札を入ると売店しかない,,,,10,また行きたい（1年以内）,のと鉄道と七尾線の直通運転 元気な能登を見てほしいから,金沢駅,同意する,,,,,,,1986,,,,,,
石川,2024/02/15 13:45:31,大阪府,女,1983,,400万円以上 500万円未満,自分ひとり,1泊,石川県外には泊まらない,金沢エリア  （湯涌温泉、深谷温泉、犀川温泉など）,1泊,,,,,,,,,在来線,0,0,0,1,0,0,0,,0,0,0,0,,,,,初めて,名所、旧跡の観光,0,0,0,0,1,0,0,0,0,0,0,0,0,0,0,0,0,0,インターネット・アプリ,0,0,0,0,0,0,0,0,0,0,1,0,0,0,0,0,0,0,0,0,0,0,0,0,0,,,,,,"5,000円以上 10,000円未満",,"3,000円以上 5,000円未満",,,,,,,,,,,,4,,,,,,9,また行きたい（1年以内）,他では味わえない食事　金沢でないと食べられない物,金沢駅,同意する,,,,,,,1983,,,,,,
石川,2024/02/15 21:36:36,大阪府,女,1999,,300万円以上 400万円未満,恋人,1泊,石川県外には泊まらない,金沢エリア  （湯涌温泉、深谷温泉、犀川温泉など）,1泊,,,,,,,,,在来線,0,0,0,1,0,0,0,,0,0,0,0,4,大阪からサンダーバードで一息だったから。,,,2～5回目,"温泉や露天風呂, 地元の美味しいものを食べる, 名所、旧跡の観光, スポーツ観戦や芸術鑑賞（コンサート等）, まちあるき、都市散策",0,1,1,0,1,0,0,0,0,0,1,0,0,0,0,0,0,0,"観光パンフレット・ポスター, 観光連盟やDMOのHP, インターネット・アプリ",0,0,0,0,0,0,0,0,0,0,1,0,0,0,0,0,0,0,0,0,1,0,0,1,0,,,,,,"5,000円以上 10,000円未満",,"3,000円以上 5,000円未満",,,,,,,,,,,,1,ゴーゴーカレーが美味しかったから。お土産屋さんも和菓子中心に沢山あり嬉しかった。,,,,,9,機会があれば行きたい,お土産でいうなら塩っぱいお菓子がほしい。 静かにゆったり過ごせたので、両親や祖父母が楽しめるかなと思った。,金沢駅,同意する,,,,,,,1999,,,,,,
石川,2024/02/17 12:41:52,大阪府,男,1965,,"1,000万円以上 1,200万円未満",自分ひとり,1泊,富山県,金沢エリア  （湯涌温泉、深谷温泉、犀川温泉など）,1泊,,,,,,,,,在来線,0,0,0,1,0,0,0,,0,0,0,0,4,すわれた,,,6～10回目,宿でのんびり過ごす,1,0,0,0,0,0,0,0,0,0,0,0,0,0,0,0,0,0,"新聞・雑誌・ガイドブック, TV・ラジオ番組やCM, 観光パンフレット・ポスター",0,0,0,0,0,0,0,0,0,0,0,0,0,0,1,0,1,0,0,0,1,0,0,0,0,,,,,,"10,000円以上 20,000円未満",,"1,000円以上 3,000円未満",,,,,,,,,,,,3,ありきたり,きれい,,,,7,機会があれば行きたい,すし 市場,金沢駅,同意する,,,,,,,1965,,,,,,
石川,2024/02/17 20:26:24,兵庫県,男,1974,,"1,200万円以上 1,500万円未満",夫婦2人,1泊,石川県外には泊まらない,金沢エリア  （湯涌温泉、深谷温泉、犀川温泉など）,1泊,,,,,,,,,在来線,0,0,0,1,0,0,0,,0,0,0,0,4,サンダーバードで来ました。旅してる感じが良い,,,2～5回目,"宿でのんびり過ごす, 友人・親戚を訪ねる",1,0,0,0,0,0,0,0,0,0,0,0,0,0,0,0,0,0,"インターネット・アプリ, Instagram",0,0,0,1,0,0,0,0,0,0,1,0,0,0,0,0,0,0,0,0,0,0,0,0,0,,,,,,"5,000円以上 10,000円未満",,"10,000円以上 20,000円未満",,,,,,,,,,,,4,あんと良いですね,デパ地下にイメージ近い感じ,,,,8,機会があれば行きたい,海鮮以外の食事も食べたい 徒歩でも結構移動できました,金沢駅,同意する,,サンダーバードで金沢駅に降りたので,,,,,1974,,,,,,
石川,2024/02/17 21:02:02,兵庫県,女,1977,,"1,000万円以上 1,200万円未満",夫婦2人,1泊,石川県外には泊まらない,金沢エリア  （湯涌温泉、深谷温泉、犀川温泉など）,1泊,,,,,,,,,在来線,0,0,0,1,0,0,0,,0,0,0,0,,,,,2～5回目,"地元の美味しいものを食べる, 名所、旧跡の観光",0,0,1,0,1,0,0,0,0,0,0,0,0,0,0,0,0,0,"インターネット・アプリ, Instagram, Googleマップ",0,1,1,1,0,0,0,0,0,0,1,0,0,0,0,0,0,0,0,0,0,0,0,0,0,,,,,,"5,000円以上 10,000円未満",,"10,000円以上 20,000円未満",,,,,,,,,,,,5,駅だけでもお土産物や飲食出来るところがいっぱいあって良かった。,トイレが混んでいた。,,,,10,また行きたい（1年以内）,珠洲が壊滅的ですが金沢から盛り上がってほしい。珠洲の祖母の家が全壊してしまいましたが。。 近畿から来やすくて一泊で見て回るのに良かった。美味しいものも多い。,金沢駅,同意する,,,,,,,1977,,,,,,
石川,2024/02/19 9:50:15,長野県,女,1968,,500万円以上 600万円未満,友人,1泊,石川県外には泊まらない,金沢エリア  （湯涌温泉、深谷温泉、犀川温泉など）,1泊,,,,,,,,,新幹線,0,0,1,0,0,0,0,,0,0,0,0,4,一本でこられるので楽,,,初めて,"地元の美味しいものを食べる, 名所、旧跡の観光, まちあるき、都市散策",0,0,1,0,1,0,0,0,0,0,1,0,0,0,0,0,0,0,"新聞・雑誌・ガイドブック, インターネット・アプリ",0,0,0,0,0,0,0,0,0,0,1,0,0,0,0,0,1,0,0,0,0,0,0,0,0,,,,,,"10,000円以上 20,000円未満",,"10,000円以上 20,000円未満",,,,,,,,,,,,4,きれいだ,駅の中がわかりやすい,,,,7,機会があれば行きたい,海鮮丼が有名だがもう少し安いのがあればいい、海鮮以外のご当地グルメもあるといい 観光が駅近でいい,金沢駅,同意する,,,,,,,1968,,,,,,
石川,2024/02/19 13:24:25,静岡県,女,1965,,400万円以上 500万円未満,夫婦2人,2泊,福井県,金沢エリア  （湯涌温泉、深谷温泉、犀川温泉など）,2泊,,,,,,,,,"新幹線, 在来線",0,0,1,1,0,0,0,,0,0,0,0,5,しらさぎに乗車してきたが、数年前に乗ったものに比べて、座席感覚が広くて良かったです,,,2～5回目,"お祭りやイベントへの参加・見物, ",0,0,0,0,0,0,0,1,0,0,0,0,0,0,0,0,0,0,"インターネット・アプリ, こどもの大学入学にあたり、観光も兼ねて訪問",0,0,0,0,0,0,0,0,0,0,1,0,0,0,0,0,0,0,0,0,0,0,0,0,0,,,,,,"10,000円以上 20,000円未満",,"20,000円以上 30,000円未満",,,,,,,,,,,,4,欲しい商品がなかったので、お店の人に聞いたら丁寧に答えてくれた。,お店が見つからなかった際にインフォメーションでの対応も丁寧,,,,10,機会があれば行きたい,商品の名前が覚えていないので、特になし 新しくなった金沢駅を見てほしい、宿泊したホテルもお勧めしたいから,金沢駅,同意する,,福井県❨新幹線試乗会で、乗車❩,,,,,1965,,,,,,
石川,2024/02/19 13:26:15,静岡県,男,1963,,500万円以上 600万円未満,夫婦2人,2泊,福井県,金沢エリア  （湯涌温泉、深谷温泉、犀川温泉など）,1泊,,,,,,,,,"新幹線, 在来線",0,0,1,1,0,0,0,,0,0,0,0,4,移動時間が短い,,,2～5回目,"まちあるき、都市散策, アパート探し",0,0,0,0,0,0,0,0,0,0,1,0,0,0,0,0,0,0,インターネット・アプリ,0,0,0,0,0,0,0,0,0,0,1,0,0,0,0,0,0,0,0,0,0,0,0,0,0,,,,,,"5,000円以上 10,000円未満",,"10,000円以上 20,000円未満",,,,,,,,,,,,5,全て揃っている。,但し、飲食店の数が少く、満席の店が殆ど。,,,,10,また行きたい（1年以内）,特になし 古い町並み、風情あり。海産物が美味しい。,金沢駅,同意する,,,,,,,1963,,,,,,
石川,2024/02/19 18:28:18,静岡県,女,1965,,500万円以上 600万円未満,家族❨大学生と社会人❩,2泊,福井県,金沢エリア  （湯涌温泉、深谷温泉、犀川温泉など）,1泊,,,,,,,,,"新幹線, 在来線",0,0,1,1,0,0,0,,0,0,0,0,2,今回北陸本線の線路トラブルがあり、北陸新幹線の試乗会に間に合うかヒヤヒヤだった❨名古屋発のしらさぎに乗る予定が急遽米原までの移動になったり、それも動くかどうか微妙なところだったため❩,,,2～5回目,新幹線の試乗会　大学生の新居探し,0,0,0,0,0,0,0,0,0,0,0,0,0,0,0,0,0,0,インターネット・アプリ,0,0,0,0,0,0,0,0,0,0,1,0,0,0,0,0,0,0,0,0,0,0,0,0,0,,,,,,"10,000円以上 20,000円未満",,"5,000円以上 10,000円未満",,,,,,,,,,,,5,欲しい商品が見つからなかった際にInformationでの対応　店舗において欲しい商品がなかった際の店員の丁寧な説明,以前来たときに比べると、お店が増えていて金沢料理を楽しむことができた,,,,10,機会があれば行きたい,金沢でしか食べられないような飲食店❨店の数❩がもう少しあると探すのがラク バスに乗車した際、わからないことがあったが地元の人が教えてくれたり❨運転手はもちろんのこと❩宿泊したホテルのスタッフの心づかいが嬉しかった❩,金沢駅,同意する,,福井駅❨北陸新幹線の試乗会❩,,武家屋敷跡界隈,,,1965,,,,,,
石川,2024/02/21 16:09:51,東京都,女,1987,,400万円以上 500万円未満,自分ひとり,2泊,石川県外には泊まらない,金沢エリア  （湯涌温泉、深谷温泉、犀川温泉など）,2泊,,,,,,,,,夜行バス,0,0,0,0,0,0,0,,0,0,0,0,4,医王山登山にバスを利用しましたが、冬季は登山口までは運行していないようで少しあるきましたが、路線バスがあるだけありがたいです。,,,2～5回目,"地元の美味しいものを食べる, アウトドア（海水浴、釣り、登山など）, ラブライブ ！蓮ノ空の聖地巡礼",0,0,1,0,0,0,0,0,0,1,0,0,0,0,0,0,0,0,"インターネット・アプリ, X(旧：Twitter)",0,0,0,0,0,1,0,0,0,0,1,0,0,0,0,0,0,0,0,0,0,0,0,0,0,,,,,,"5,000円以上 10,000円未満",,"1,000円未満",,,,,,,,,,,,4,お土産屋やトイレなど特に不便なく利用させていただきました。,バス乗り場がわかりやすくて良いと思う。,,,,8,また行きたい（1年以内）,冬季も白山へのバスをぜひ運行して下さい！！ 自家用車がなくても路線バスなど交通の便が良いと思う。,金沢駅,同意する,,,,,,,1987,,,,,,
石川,2024/02/22 14:26:18,沖縄県,女,1987,,600万円以上 700万円未満,夫婦2人,4泊以上,石川県外には泊まらない,金沢エリア  （湯涌温泉、深谷温泉、犀川温泉など）,4泊以上,,,,,,,,,飛行機,0,0,0,0,1,0,0,,0,0,0,0,4,,,,初めて,出張など仕事関係,0,0,0,0,0,0,0,0,0,0,0,0,0,0,0,0,1,0,"観光連盟やDMOのHP, インターネット・アプリ",0,0,0,0,0,0,0,0,0,0,1,0,0,0,0,0,0,0,0,0,0,0,0,1,0,,,,,,"30,000円以上 40,000円未満",,"1,000円以上 3,000円未満",,,,,,,,,,,,4,,,,,,5,機会があれば行きたい,特になし,金沢駅,同意する,,,,,,,1987,,,,,,
石川,2024/02/25 7:46:07,大阪府,女,1984,,100万円以上 200万円未満,自分ひとり,1泊,石川県外には泊まらない,金沢エリア  （湯涌温泉、深谷温泉、犀川温泉など）,1泊,,,,,,,,,在来線,0,0,0,1,0,0,0,,0,0,0,0,4,,,,初めて,"地元の美味しいものを食べる, 名所、旧跡の観光, 各種体験（手作り、果物狩りなど）",0,0,1,0,1,0,0,0,0,0,0,1,0,0,0,0,0,0,"新聞・雑誌・ガイドブック, インターネット・アプリ",0,0,0,0,0,0,0,0,0,0,1,0,0,0,0,0,1,0,0,0,0,0,0,0,0,,,,,,"5,000円以上 10,000円未満",,"20,000円以上 30,000円未満",,,,,,,,,,,,5,食事処やおみやげ屋さんがいっぱいある,おみやげ屋、食事処が充実している、バスの案内板が見易かった,,,,10,機会があれば行きたい,大阪にアンテナショップを作ってほしい 観光地などが集まっているので移動しやすい、兼六園、金沢城公園がよかった、食べ物が美味しい,金沢駅,同意する,,,,,,,1984,,,,,,
石川,2024/02/26 18:29:42,鹿児島県,男,1975,,500万円以上 600万円未満,災害支援チーム　JRAT,4泊以上,石川県外には泊まらない,金沢エリア  （湯涌温泉、深谷温泉、犀川温泉など）,4泊以上,,,,,,,,,"新幹線, 在来線",0,0,1,1,0,0,0,,0,0,0,0,2,鹿児島からは遠かった,,,初めて,災害支援,0,0,0,0,0,0,0,0,0,0,0,0,0,0,0,0,0,0,観光パンフレット・ポスター,0,0,0,0,0,0,0,0,0,0,0,0,0,0,0,0,0,0,0,0,1,0,0,0,0,,,,,,"20,000円以上 30,000円未満",,"3,000円以上 5,000円未満",,,,,,,,,,,,4,おでんか美味しかった,鹿児島中央駅にはない賑やかさがありました。,,,,7,機会があれば行きたい,今回は災害支援で来ましたので、次回は観光で兼六園等回ってみたい。 加賀百万石の魅力と復興を見てもらいたい,金沢駅,同意する,,,,石川県総合スポーツセンター　　避難所,,,1975,,,,,,
石川,2024/02/27 1:37:50,東京都,女,1990,,700万円以上 800万円未満,友人,3泊,富山県,金沢エリア  （湯涌温泉、深谷温泉、犀川温泉など）,2泊,,,,,,,,,新幹線,0,0,1,0,0,0,0,,0,0,0,0,,,,,2～5回目,"地元の美味しいものを食べる, 名所、旧跡の観光, 買い物、アウトレット, スポーツ観戦や芸術鑑賞（コンサート等）, まちあるき、都市散策, 各種体験（手作り、果物狩りなど）",0,0,1,0,1,0,1,0,0,0,1,1,0,0,0,0,0,0,"観光展・物産展, 新聞・雑誌・ガイドブック, インターネット・アプリ, X(旧：Twitter), Instagram, 観光協会等の案内所",0,0,0,1,0,1,0,0,0,0,1,0,0,0,0,0,1,0,0,0,0,1,1,0,0,,,,,,"10,000円以上 20,000円未満",,"5,000円以上 10,000円未満",,,,,,,,,,,,5,,,,,,10,また行きたい（1年以内）,特になし 文化の体験が楽しかったので。,金沢駅,同意する,,,,,,,1990,,,,,,
石川,2024/02/28 18:12:12,千葉県,女,1961,,300万円以上 400万円未満,夫婦2人,2泊,石川県外には泊まらない,金沢エリア  （湯涌温泉、深谷温泉、犀川温泉など）,2泊,,,,,,,,,飛行機,0,0,0,0,1,0,0,,0,0,0,0,3,仕方がないのですが電車の本数が少ない,,,2～5回目,"温泉や露天風呂, 地元の美味しいものを食べる, 復興支援",0,1,1,0,0,0,0,0,0,0,0,0,0,0,0,0,0,0,"新聞・雑誌・ガイドブック, インターネット・アプリ, Instagram",0,0,0,1,0,0,0,0,0,0,1,0,0,0,0,0,1,0,0,0,0,0,0,0,0,,,,,,"20,000円以上 30,000円未満",,"10,000円以上 20,000円未満",,,,,,,,,,,,4,とても食べ物が美味しかった,駅ビルが充実していた,,,,10,機会があれば行きたい,東京駅にアンテナショップができるのが楽しみ ぜひ復興割で皆さんにきて欲しい,金沢駅,同意する,,,,富山へ,,,1961,,,,,,
石川,2024/02/29 16:21:04,神奈川県,男,1984,,"1,000万円以上 1,200万円未満",職場の同僚,4泊以上,石川県外には泊まらない,金沢エリア  （湯涌温泉、深谷温泉、犀川温泉など）,4泊以上,,,,,,,,,自家用車,1,0,0,0,0,0,0,,0,0,0,0,4,タクシーは比較的走ってて捕まりやすい。バスは本数が少なめ。,,,初めて,"出張など仕事関係, 災害復興",0,0,0,0,0,0,0,0,0,0,0,0,0,0,0,0,1,0,"観光展・物産展, X(旧：Twitter), 友人・知人",0,0,0,0,0,1,0,0,0,0,0,0,0,0,0,0,0,0,1,0,0,0,1,0,0,,,,,,"30,000円以上 40,000円未満",,"20,000円以上 30,000円未満",,,,,,,,,,,,5,他県にない地元のものがたくさんある。,綺麗、お店豊富,,,,9,また行きたい（1年以内）,特に無し 自然と都会の融合,金沢駅,同意する,,,,,,,1984,,,,,,
石川,2024/02/29 16:54:01,奈良県,男,1960,,"1,000万円以上 1,200万円未満",自分ひとり,4泊以上,石川県外には泊まらない,金沢エリア  （湯涌温泉、深谷温泉、犀川温泉など）,4泊以上,,,,,,,,,在来線,0,0,0,1,0,0,0,,0,0,0,0,3,関西からの便の不便さ,,,11回目以上,"温泉や露天風呂, 地元の美味しいものを食べる, まちあるき、都市散策",0,1,1,0,0,0,0,0,0,0,1,0,0,0,0,0,0,0,"観光パンフレット・ポスター, インターネット・アプリ",0,0,0,0,0,0,0,0,0,0,1,0,0,0,0,0,0,0,0,0,1,0,0,0,0,,,,,,"10,000円以上 20,000円未満",,"1,000円未満",,,,,,,,,,,,3,土産の充実,全体的に高い　マクドナルドのみ,,,,8,機会があれば行きたい,日本酒と海鮮、昼から飲める場所が少ない 海鮮の安さと旨さ、人情,金沢駅,同意する,,,,銭湯くつわゆ,,,1960,,,,,,
石川,2024/03/01 11:16:37,長野県,男,1962,,100万円以上 200万円未満,夫婦2人,1泊,石川県外には泊まらない,金沢エリア  （湯涌温泉、深谷温泉、犀川温泉など）,1泊,,,,,,,,,新幹線,0,0,1,0,0,0,0,,0,0,0,0,4,バスなどが充実している,,,2～5回目,買い物、アウトレット,0,0,0,0,0,0,1,0,0,0,0,0,0,0,0,0,0,0,インターネット・アプリ,0,0,0,0,0,0,0,0,0,0,1,0,0,0,0,0,0,0,0,0,0,0,0,0,0,,,,,,"10,000円以上 20,000円未満",,"10,000円以上 20,000円未満",,,,,,,,,,,,4,,,,,,9,また行きたい（1年以内）,特になし,金沢駅,同意する,,,,,,,1962,,,,,,
石川,2024/03/02 11:59:27,兵庫県,男,1964,,"900万円以上 1,000万円未満",夫婦2人,1泊,石川県外には泊まらない,金沢エリア  （湯涌温泉、深谷温泉、犀川温泉など）,1泊,,,,,,,,,在来線,0,0,0,1,0,0,0,,0,0,0,0,4,大阪から乗換なしで来られたから,,,2～5回目,地元の美味しいものを食べる,0,0,1,0,0,0,0,0,0,0,0,0,0,0,0,0,0,0,新聞・雑誌・ガイドブック,0,0,0,0,0,0,0,0,0,0,0,0,0,0,0,0,1,0,0,0,0,0,0,0,0,,,,,,"20,000円以上 30,000円未満",,"5,000円以上 10,000円未満",,,,,,,,,,,,4,お店がたくさんある,,,,,10,また行きたい（1年以内）,試食を充実させてほしい。おいしさを確認して買い物をしたいから,金沢駅,同意する,,,,,,,1964,,,,,,
石川,2024/03/02 12:21:55,兵庫県,女,1964,,200万円以上 300万円未満,夫婦2人,1泊,石川県外には泊まらない,金沢エリア  （湯涌温泉、深谷温泉、犀川温泉など）,1泊,,,,,,,,,"在来線, サンダーバード",0,0,0,1,0,0,0,,0,0,0,0,5,サンダーバードの乗り納めができました！,,,2～5回目,"地元の美味しいものを食べる, 名所、旧跡の観光, 買い物、アウトレット, まちあるき、都市散策",0,0,1,0,1,0,1,0,0,0,1,0,0,0,0,0,0,0,"TV・ラジオ番組やCM, インターネット・アプリ",0,0,0,0,0,0,0,0,0,0,1,0,0,0,1,0,0,0,0,0,0,0,0,0,0,,,,,,"5,000円以上 10,000円未満",,"20,000円以上 30,000円未満",,,,,,,,,,,,5,SAKE食堂があったこと！,品揃えが多く綺麗なこと,,,,10,また行きたい（1年以内）,食もお酒も美味しいこと 食が美味しいこと,金沢駅,同意する,,あんとでお土産前日調査のため,,,,,1964,,,,,,
石川,2024/03/02 23:43:10,奈良県,男,1963,,"1,200万円以上 1,500万円未満",自分ひとり,3泊,石川県外には泊まらない,金沢エリア  （湯涌温泉、深谷温泉、犀川温泉など）,3泊,,,,,,,,,在来線,0,0,0,1,0,0,0,,0,0,0,0,4,時間に正確,,,11回目以上,"名所、旧跡の観光, 出張など仕事関係",0,0,0,0,1,0,0,0,0,0,0,0,0,0,0,0,1,0,インターネット・アプリ,0,0,0,0,0,0,0,0,0,0,1,0,0,0,0,0,0,0,0,0,0,0,0,0,0,,,,,,"30,000円以上 40,000円未満",,"5,000円以上 10,000円未満",,,,,,,,,,,,4,充実している,不足はない,,,,8,また行きたい（1年以内）,金沢らしさ 金沢特有のものがある。,金沢駅,同意する,,,,,,,1963,,,,,,
石川,2024/03/03 17:36:20,兵庫県,女,1964,,"1,000万円以上 1,200万円未満",夫婦2人,1泊,石川県外には泊まらない,金沢エリア  （湯涌温泉、深谷温泉、犀川温泉など）,1泊,,,,,,,,,在来線,0,0,0,1,0,0,0,,0,0,0,0,5,案内が明確,,,2～5回目,"地元の美味しいものを食べる, 名所、旧跡の観光",0,0,1,0,1,0,0,0,0,0,0,0,0,0,0,0,0,0,インターネット・アプリ,0,0,0,0,0,0,0,0,0,0,1,0,0,0,0,0,0,0,0,0,0,0,0,0,0,,,,,,"10,000円以上 20,000円未満",,"10,000円以上 20,000円未満",,,,,,,,,,,,5,買いたい商品が揃っている,案内がわかりやすく、掃除か行き届いていた,,,,10,また行きたい（1年以内）,美味しいものの品揃えか豊富なので特になし 買い物が楽しい　全体的に美しい,金沢駅,同意する,,,,,,,1964,,,,,,
石川,2024/03/04 23:46:50,東京都,男,1968,,"900万円以上 1,000万円未満",自分ひとり,日帰り,石川県外には泊まらない,石川県内には宿泊しない,石川県内には宿泊しない,,,,,,,,,乗り鉄旅、公共配布カード集め,0,0,0,0,0,0,0,,0,0,0,0,4,在来線特急で金沢入りするのは、多分きょうが最後になると思うので。,,,2～5回目,鉄道,0,0,0,0,0,0,0,0,0,0,0,0,0,0,0,0,0,0,"インターネット・アプリ, X(旧：Twitter), ブログ",0,0,0,0,0,1,0,0,1,0,1,0,0,0,0,0,0,0,0,0,0,0,0,0,0,,,,,,使わない,,"1,000円未満",,,,,,,,,,,,4,,,,,,8,また行きたい（1年以内）,新幹線の延長区間と第三セクター移管区間への乗車のためにまた来る予定。 新幹線で楽に行けるので。,金沢駅,同意する,,,,,,,1968,,,,,,
石川,2024/03/07 11:27:19,大阪府,女,2007,,500万円以上 600万円未満,友人,1泊,石川県外には泊まらない,金沢エリア  （湯涌温泉、深谷温泉、犀川温泉など）,1泊,,,,,,,,,新幹線,0,0,1,0,0,0,0,,0,0,0,0,4,,,,初めて,"宿でのんびり過ごす, 温泉や露天風呂, 地元の美味しいものを食べる",1,1,1,0,0,0,0,0,0,0,0,0,0,0,0,0,0,0,"新聞・雑誌・ガイドブック, Instagram",0,0,0,1,0,0,0,0,0,0,0,0,0,0,0,0,1,0,0,0,0,0,0,0,0,,,,,,"20,000円以上 30,000円未満",,"10,000円以上 20,000円未満",,,,,,,,,,,,5,,,,,,8,また行きたい（1年以内）,とくにし,金沢駅,同意する,,,,,,,2007,,,,,,
石川,2024/03/07 11:28:12,大阪府,女,2003,,800万円以上 900万円未満,親,1泊,石川県外には泊まらない,金沢エリア  （湯涌温泉、深谷温泉、犀川温泉など）,1泊,,,,,,,,,新幹線,0,0,1,0,0,0,0,,0,0,0,0,5,サンダーバードが快適だった,,,初めて,"温泉や露天風呂, 地元の美味しいものを食べる, 名所、旧跡の観光",0,1,1,0,1,0,0,0,0,0,0,0,0,0,0,0,0,0,"新聞・雑誌・ガイドブック, 観光パンフレット・ポスター, Instagram",0,0,0,1,0,0,0,0,0,0,0,0,0,0,0,0,1,0,0,0,1,0,0,0,0,,,,,,"10,000円以上 20,000円未満",,使わない,,,,,,,,,,,,3,,とても綺麗で案内がわかりやすい。観光案内所の人も親切だった,,,,10,機会があれば行きたい,特になし おいしい！！そして空気がきれい！楽しかった！,金沢駅,同意する,,,,,,,2003,,,,,,
石川,2024/03/08 19:04:36,愛知県,女,1993,,100万円未満,親,1泊,福井県,石川県内には宿泊しない,石川県内には宿泊しない,,,,,,,,,自家用車,1,0,0,0,0,0,0,,0,0,0,0,4,バスが来る間隔がはやい,,,2～5回目,"地元の美味しいものを食べる, まちあるき、都市散策",0,0,1,0,0,0,0,0,0,0,1,0,0,0,0,0,0,0,"観光展・物産展, 観光パンフレット・ポスター, インターネット・アプリ",0,0,0,0,0,0,0,0,0,0,1,0,0,0,0,0,0,0,0,0,1,0,1,0,0,,,,,,"5,000円以上 10,000円未満",,"5,000円以上 10,000円未満",,,,,,,,,,,,4,あんと。の店に買いたかった和菓子のお店が入っていたから。,店舗数が多すぎて迷ったり広すぎて予定通りに動くのが難しかった。,,,,5,機会があれば行きたい,ミニ金箔ソフトクリーム 金沢駅中の飲食店『おでんの山さん』の従業員の方の配慮も良く、食べた定食も手頃でとっても美味しかったです。疲れていたので構内でこんな静かに美味しいご飯食べれる場所もあるだと幸せでした。,金沢駅,同意する,,福井(母親の実家),,,,,1993,,,,,,
石川,2024/03/08 22:18:28,長野県,男,1968,,500万円以上 600万円未満,夫婦2人,1泊,石川県外には泊まらない,金沢エリア  （湯涌温泉、深谷温泉、犀川温泉など）,1泊,,,,,,,,,自家用車,1,0,0,0,0,0,0,,0,0,0,0,,,,,初めて,"地元の美味しいものを食べる, 名所、旧跡の観光, まちあるき、都市散策",0,0,1,0,1,0,0,0,0,0,1,0,0,0,0,0,0,0,インターネット・アプリ,0,0,0,0,0,0,0,0,0,0,1,0,0,0,0,0,0,0,0,0,0,0,0,0,0,,,,,,"5,000円以上 10,000円未満",,"3,000円以上 5,000円未満",,,,,,,,,,,,5,,,,,,10,また行きたい（1年以内）,特になし,金沢駅,同意する,,,,,,,1968,,,,,,
石川,2024/03/08 22:25:19,長野県,女,1971,,500万円以上 600万円未満,夫婦2人,1泊,石川県外には泊まらない,金沢エリア  （湯涌温泉、深谷温泉、犀川温泉など）,1泊,,,,,,,,,自家用車,1,0,0,0,0,0,0,,0,0,0,0,4,分かりやすかった,,,初めて,"地元の美味しいものを食べる, 名所、旧跡の観光, まちあるき、都市散策",0,0,1,0,1,0,0,0,0,0,1,0,0,0,0,0,0,0,新聞・雑誌・ガイドブック,0,0,0,0,0,0,0,0,0,0,0,0,0,0,0,0,1,0,0,0,0,0,0,0,0,,,,,,"5,000円以上 10,000円未満",,"5,000円以上 10,000円未満",,,,,,,,,,,,5,構内地図を見ていたら、声をかけてくれて、いろいろ教えてくれた方がいた,広くてキレイ,,,,10,また行きたい（1年以内）,全部良かった 食べ物が特に美味しかった,金沢駅,同意する,,,,,,,1971,,,,,,
石川,2024/03/09 9:00:50,富山県,男,1978,,100万円以上 200万円未満,自分ひとり,日帰り,石川県外には泊まらない,石川県内には宿泊しない,石川県内には宿泊しない,,,,,,,,,"新幹線, 在来線",0,0,1,1,0,0,0,,0,0,0,0,5,自家用車だと高速代や香林坊での駐車場代がかかるから,,,6～10回目,買い物、アウトレット,0,0,0,0,0,0,1,0,0,0,0,0,0,0,0,0,0,0,観光展・物産展,0,0,0,0,0,0,0,0,0,0,0,0,0,0,0,0,0,0,0,0,0,0,1,0,0,,,,,,使わない,,"1,000円以上 3,000円未満",,,,,,,,,,,,5,,,,,,10,また行きたい（1年以内）,特に無し,金沢駅,同意する,,,,,,,1978,,,,,,
石川,2024/03/10 19:26:27,東京都,男,1985,,"1,200万円以上 1,500万円未満",夫婦2人,1泊,石川県外には泊まらない,金沢エリア  （湯涌温泉、深谷温泉、犀川温泉など）,1泊,,,,,,,,,"新幹線, 在来線",0,0,1,1,0,0,0,,0,0,0,0,4,1日乗車券の範囲がもっと広いとなお良い。,,,2～5回目,"宿でのんびり過ごす, 温泉や露天風呂, 地元の美味しいものを食べる, テーマパーク（遊園地、動物園、博物館など）, まちあるき、都市散策",1,1,1,0,0,1,0,0,0,0,1,0,0,0,0,0,0,0,"新聞・雑誌・ガイドブック, インターネット・アプリ, X(旧：Twitter)",0,0,0,0,0,1,0,0,0,0,1,0,0,0,0,0,1,0,0,0,0,0,0,0,0,,,,,,"40,000円以上 50,000円未満",,"5,000円以上 10,000円未満",,,,,,,,,,,,5,お土産が豊富に取り揃えられている,駅全体がとてもきれい,,,,10,また行きたい（1年以内）,美味しいものが多いのはいいが、新しい名物を開発してほしい コンパクトシティで観光施設の移動に時間がかからないところ,金沢駅,同意する,,,,,,,1985,,,,,,
石川,2024/03/12 19:58:06,東京都,女,1993,,600万円以上 700万円未満,親,3泊,石川県外には泊まらない,金沢エリア  （湯涌温泉、深谷温泉、犀川温泉など）,3泊,,,,,,,,,新幹線,0,0,1,0,0,0,0,,0,0,0,0,3,Suicaが使えないから,,,11回目以上,地元の美味しいものを食べる,0,0,1,0,0,0,0,0,0,0,0,0,0,0,0,0,0,0,インターネット・アプリ,0,0,0,0,0,0,0,0,0,0,1,0,0,0,0,0,0,0,0,0,0,0,0,0,0,,,,,,"10,000円以上 20,000円未満",,"5,000円以上 10,000円未満",,,,,,,,,,,,4,,,,,,8,また行きたい（1年以内）,炎鵬グッズ 食べ物、名所,金沢駅,同意する,,,,,,,1993,,,,,,
石川,2024/03/15 22:00:57,兵庫県,無回答,2002,,100万円未満,自分ひとり,4泊以上,東京都、千葉県、山梨県,石川県内には宿泊しない,石川県内には宿泊しない,,,,,,,,,在来線,0,0,0,1,0,0,0,,0,0,0,0,5,,,,2～5回目,"地元の美味しいものを食べる, 名所、旧跡の観光, まちあるき、都市散策, 最後の北陸本線を楽しみに来た",0,0,1,0,1,0,0,0,0,0,1,0,0,0,0,0,0,0,インターネット・アプリ,0,0,0,0,0,0,0,0,0,0,1,0,0,0,0,0,0,0,0,0,0,0,0,0,0,,,,,,使わない,,使わない,,,,,,,,,,,,5,,,,,,8,また行きたい（1年以内）,旬の魚と地酒が少しずつ楽しめる(朝・昼・晩のご飯に限らず、コト消費的な感じで)場所　羽二重餅とか白エビとか富山米とか他県のものを拝借している金沢土産が多い。もっとオール金沢のお土産を増やすべき。,金沢駅,同意する,,金沢駅に到着した,,,,,2002,,,,,,
石川,2024/03/15 23:20:02,大阪府,女,1960,,100万円以上 200万円未満,夫婦2人,2泊,石川県外には泊まらない,加賀エリア （山代温泉、山中温泉、片山津温泉、粟津温泉、辰口温泉、加賀市、小松市など）,2泊,,,,,,,,,在来線,0,0,0,1,0,0,0,,0,0,0,0,4,乗り換え無しで目的地に着けた,,,2～5回目,"温泉や露天風呂, 地元の美味しいものを食べる, 名所、旧跡の観光",0,1,1,0,1,0,0,0,0,0,0,0,0,0,0,0,0,0,観光パンフレット・ポスター,0,0,0,0,0,0,0,0,0,0,0,0,0,0,0,0,0,0,0,0,1,0,0,0,0,,,,,,"50,000円以上 100,000円未満",,"3,000円以上 5,000円未満",,,,,,,,,,,,3,,,,,,5,機会があれば行きたい,特に無し 兼六園、長町武家屋敷,金沢駅,同意する,,,,,,,1960,,,,,,
石川,2024/03/17 10:01:02,大阪府,男,1960,,600万円以上 700万円未満,高校生の子供,2泊,富山県,加賀エリア （山代温泉、山中温泉、片山津温泉、粟津温泉、辰口温泉、加賀市、小松市など）,1泊,,,,,,,,,"新幹線, 在来線",0,0,1,1,0,0,0,,0,0,0,0,5,快適性,,,11回目以上,"温泉や露天風呂, 名所、旧跡の観光, まちあるき、都市散策",0,1,0,0,1,0,0,0,0,0,1,0,0,0,0,0,0,0,"観光パンフレット・ポスター, 観光協会等の案内所",0,0,0,0,0,0,0,0,0,0,0,0,0,0,0,0,0,0,0,0,1,1,0,0,0,,,,,,"10,000円以上 20,000円未満",,"3,000円以上 5,000円未満",,,,,,,,,,,,5,お店の方の接客,清潔きれい,,,,8,また行きたい（1年以内）,特になし 新幹線開業後がわからない,金沢駅,同意する,,金沢城,,,,,1960,,,,,,
石川,2024/03/17 14:17:46,愛知県,男,1974,,800万円以上 900万円未満,自分ひとり,1泊,石川県外には泊まらない,金沢エリア  （湯涌温泉、深谷温泉、犀川温泉など）,1泊,,,,,,,,,"新幹線, 在来線",0,0,1,1,0,0,0,,0,0,0,0,5,早く移動できる,,,11回目以上,地元の美味しいものを食べる,0,0,1,0,0,0,0,0,0,0,0,0,0,0,0,0,0,0,特に調べていない,0,0,0,0,0,0,0,0,0,0,0,0,0,0,0,0,0,0,0,0,0,0,0,0,1,,,,,,"5,000円以上 10,000円未満",,"5,000円以上 10,000円未満",,,,,,,,,,,,4,ショッピングエリアがもう少し充実してほしい,,,,,8,また行きたい（1年以内）,海産物やおでん等 食事や観光名所,金沢駅,同意する,,,,,,,1974,,,,,,
石川,2024/03/18 7:26:20,大阪府,男,1958,,300万円以上 400万円未満,兄弟,1泊,石川県外には泊まらない,金沢エリア  （湯涌温泉、深谷温泉、犀川温泉など）,1泊,,,,,,,,,"新幹線, 在来線",0,0,1,1,0,0,0,,0,0,0,0,,,,,2～5回目,"友人・親戚を訪ねる, 法事",0,0,0,0,0,0,0,0,0,0,0,0,0,0,0,0,0,0,"TV・ラジオ番組やCM, インターネット・アプリ",0,0,0,0,0,0,0,0,0,0,1,0,0,0,1,0,0,0,0,0,0,0,0,0,0,,,,,,"5,000円以上 10,000円未満",,"5,000円以上 10,000円未満",,,,,,,,,,,,5,ワクワクする,駅内で全部事足りること,,,,10,機会があれば行きたい,能登に行きたい！ 一度は行って欲しい,金沢駅,同意する,,,,,,,1958,,,,,,
石川,2024/03/18 11:04:30,兵庫県,女,1968,,500万円以上 600万円未満,家族,1泊,石川県外には泊まらない,金沢エリア  （湯涌温泉、深谷温泉、犀川温泉など）,1泊,,,,,,,,,自家用車,1,0,0,0,0,0,0,,0,0,0,0,,,,,初めて,"温泉や露天風呂, ",0,1,0,0,0,0,0,0,0,0,0,0,0,0,0,0,0,0,新聞・雑誌・ガイドブック,0,0,0,0,0,0,0,0,0,0,0,0,0,0,0,0,1,0,0,0,0,0,0,0,0,,,,,,"10,000円以上 20,000円未満",,"3,000円以上 5,000円未満",,,,,,,,,,,,4,,,,,,9,また行きたい（1年以内）,なし,金沢駅,同意する,,,,,,,1968,,,,,,
石川,2024/03/19 12:51:40,東京都,女,1980,,400万円以上 500万円未満,友人,1泊,石川県外には泊まらない,加賀エリア （山代温泉、山中温泉、片山津温泉、粟津温泉、辰口温泉、加賀市、小松市など）,1泊,,,,,,,,,新幹線,0,0,1,0,0,0,0,,0,0,0,0,4,レンタサイクルは画期的で歩くのが荷物もあり億劫だったのでサクサク限られた時間を有効に使えた。,,,初めて,"温泉や露天風呂, 地元の美味しいものを食べる",0,1,1,0,0,0,0,0,0,0,0,0,0,0,0,0,0,0,"新聞・雑誌・ガイドブック, TV・ラジオ番組やCM, インターネット・アプリ",0,0,0,0,0,0,0,0,0,0,1,0,0,0,1,0,1,0,0,0,0,0,0,0,0,,,,,,"20,000円以上 30,000円未満",,"10,000円以上 20,000円未満",,,,,,,,,,,,5,お寿司もおいしく、駅周辺で全部揃っているのでお土産買うのも楽しめた。,加賀温泉に宿泊しましたが、とにかく食べ物が美味しかった。白エビは最高。,,,,6,機会があれば行きたい,道の駅的な野菜地元のものが買いたい。 東京から新幹線で２時間近い。道の駅,金沢駅,同意する,,,,,,,1980,,,,,,
石川,2024/03/19 23:42:11,東京都,女,2003,,"1,200万円以上 1,500万円未満",恋人,3泊,富山県,金沢エリア  （湯涌温泉、深谷温泉、犀川温泉など）,2泊,,,,,,,,,"在来線, 飛行機",0,0,0,1,1,0,0,,0,0,0,0,4,小松空港からアクセスしやすかった。特急を使ったが、もうサンダーバードやしらさぎは金沢駅に来なくなったため、次回行くとしたら在来線を使うべきかと思った。小松から金沢で距離的に新幹線は使わないので、個人的には廃止するべきではないと思っていたため。,,,初めて,"宿でのんびり過ごす, 温泉や露天風呂, 地元の美味しいものを食べる, 名所、旧跡の観光, 買い物、アウトレット, まちあるき、都市散策",1,1,1,0,1,0,1,0,0,0,1,0,0,0,0,0,0,0,"新聞・雑誌・ガイドブック, 観光パンフレット・ポスター, 観光連盟やDMOのHP, インターネット・アプリ, Instagram",0,0,0,1,0,0,0,0,0,0,1,0,0,0,0,0,1,0,0,0,1,0,0,1,0,,,,,,"5,000円以上 10,000円未満",,"1,000円以上 3,000円未満",,,,,,,,,,,,5,,,,,,9,機会があれば行きたい,特になし 寿司屋、兼六園、近江町市場、Himito,金沢駅,同意する,,小松空港,,,,,2003,,,,,,
石川,2024/03/20 21:51:40,京都府,女,1963,,"1,200万円以上 1,500万円未満",姉,1泊,石川県外には泊まらない,加賀エリア （山代温泉、山中温泉、片山津温泉、粟津温泉、辰口温泉、加賀市、小松市など）,1泊,,,,,,,,,在来線,0,0,0,1,0,0,0,,0,0,0,0,4,直通のため利便性大,,,6～10回目,"温泉や露天風呂, 金沢〜京都あいだのサンダーバード乗車",0,1,0,0,0,0,0,0,0,0,0,0,0,0,0,0,0,0,"インターネット・アプリ, 友人・知人, 観光協会等の案内所",0,0,0,0,0,0,0,0,0,0,1,0,0,0,0,0,0,0,1,0,0,1,0,0,0,,,,,,"10,000円以上 20,000円未満",,"5,000円以上 10,000円未満",,,,,,,,,,,,4,観光案内所にスマホの充電出来るところがある（観光案内の方がおしえてくれた。困っていたので助かりました！）,,,,,8,機会があれば行きたい,香箱カニ、温泉,金沢駅,同意する,,,,,,,1963,,,,,,
石川,2024/03/24 12:21:24,東京都,女,1970,,800万円以上 900万円未満,夫婦2人,1泊,石川県外には泊まらない,金沢エリア  （湯涌温泉、深谷温泉、犀川温泉など）,1泊,,,,,,,,,飛行機,0,0,0,0,1,0,0,,0,0,0,0,4,座れた。時間通りの発着だった。,,,2～5回目,"地元の美味しいものを食べる, 名所、旧跡の観光, 買い物、アウトレット, まちあるき、都市散策",0,0,1,0,1,0,1,0,0,0,1,0,0,0,0,0,0,0,インターネット・アプリ,0,0,0,0,0,0,0,0,0,0,1,0,0,0,0,0,0,0,0,0,0,0,0,0,0,,,,,,"20,000円以上 30,000円未満",,"30,000円以上 40,000円未満",,,,,,,,,,,,5,カフェがたくさんなので休憩がとれる。コインロッカーがわかりやすくてたくさんある。いろんなお店があって、飽きない。,清潔であかるくてお店が活気あって、いるだけで楽しい,,,,10,機会があれば行きたい,特になし 駅からのバス本数が多いので、移動しやすいし、休憩とれるカフェがたくさんあるから居心地がいい,金沢駅,同意する,,小松空港から金沢駅にきました,,,,,1970,,,,,,
石川,2024/03/25 12:53:00,栃木県,男,1972,,"1,500万円以上",夫婦2人,3泊,石川県外には泊まらない,金沢エリア  （湯涌温泉、深谷温泉、犀川温泉など）,3泊,,,,,,,,,新幹線,0,0,1,0,0,0,0,,0,0,0,0,5,,,,初めて,名所、旧跡の観光,0,0,0,0,1,0,0,0,0,0,0,0,0,0,0,0,0,0,インターネット・アプリ,0,0,0,0,0,0,0,0,0,0,1,0,0,0,0,0,0,0,0,0,0,0,0,0,0,,,,,,"20,000円以上 30,000円未満",,使わない,,,,,,,,,,,,3,,,,,,9,機会があれば行きたい,海の幸と山の幸があってよかった,金沢駅,同意する,,,,,,,1972,,,,,,
石川,2024/03/25 23:17:32,埼玉県,女,1974,,"1,000万円以上 1,200万円未満",自分ひとり,2泊,石川県外には泊まらない,金沢エリア  （湯涌温泉、深谷温泉、犀川温泉など）,2泊,,,,,,,,,新幹線,0,0,1,0,0,0,0,,0,0,0,0,4,快適な乗り心地で移動できたため,,,2～5回目,"地元の美味しいものを食べる, まちあるき、都市散策, 各種体験（手作り、果物狩りなど）",0,0,1,0,0,0,0,0,0,0,1,1,0,0,0,0,0,0,"新聞・雑誌・ガイドブック, 観光パンフレット・ポスター, インターネット・アプリ, 観光協会等の案内所",0,0,0,0,0,0,0,0,0,0,1,0,0,0,0,0,1,0,0,0,1,1,0,0,0,,,,,,"5,000円以上 10,000円未満",,"3,000円以上 5,000円未満",,,,,,,,,,,,4,おみやげがたくさんあり買い物も楽しい。,清潔で人も親切でした,,,,9,また行きたい（1年以内）,今の状況で満足です。 ひとりでもコンパクトに観光できる。おいしい食事や、体験ものもあり楽しい。,金沢駅,同意する,,,,,,,1974,,,,,,
石川,2024/03/26 10:44:15,神奈川県,男,2007,,"1,500万円以上",親,4泊以上,石川県外には泊まらない,金沢エリア  （湯涌温泉、深谷温泉、犀川温泉など）,4泊以上,,,,,,,,,"新幹線, 在来線",0,0,1,1,0,0,0,,0,0,0,0,4,不満に思う点はないが特別優れた点もないから,,,初めて,"宿でのんびり過ごす, 地元の美味しいものを食べる, 名所、旧跡の観光",1,0,1,0,1,0,0,0,0,0,0,0,0,0,0,0,0,0,TV・ラジオ番組やCM,0,0,0,0,0,0,0,0,0,0,0,0,0,0,1,0,0,0,0,0,0,0,0,0,0,,,,,,"40,000円以上 50,000円未満",,"5,000円以上 10,000円未満",,,,,,,,,,,,5,,,,,,8,どちらともいえない,海鮮が美味しかった,金沢駅,同意する,,新幹線から降りたのが金沢駅だから,,,,,2007,,,,,,
石川,2024/03/28 13:00:27,埼玉県,女,2001,,400万円以上 500万円未満,親,2泊,石川県外には泊まらない,金沢エリア  （湯涌温泉、深谷温泉、犀川温泉など）,2泊,,,,,,,,,"新幹線, 在来線",0,0,1,1,0,0,0,,0,0,0,0,5,お得なツアーチケットがあったため,,,初めて,"宿でのんびり過ごす, 温泉や露天風呂, 地元の美味しいものを食べる, 花見や紅葉などの自然鑑賞, 名所、旧跡の観光",1,1,1,1,1,0,0,0,0,0,0,0,0,0,0,0,0,0,インターネット・アプリ,0,0,0,0,0,0,0,0,0,0,1,0,0,0,0,0,0,0,0,0,0,0,0,0,0,,,,,,"30,000円以上 40,000円未満",,"1,000円以上 3,000円未満",,,,,,,,,,,,4,綺麗,綺麗,,,,8,機会があれば行きたい,特になし 新幹線ですぐ着いた,金沢駅,同意する,,,,,,,2001,,,,,,
石川,2024/03/29 19:13:05,大阪府,男,2001,,500万円以上 600万円未満,親,2泊,石川県外には泊まらない,加賀エリア （山代温泉、山中温泉、片山津温泉、粟津温泉、辰口温泉、加賀市、小松市など）,2泊,,,,,,,,,新幹線,0,0,1,0,0,0,0,,0,0,0,0,4,,,,初めて,"地元の美味しいものを食べる, 花見や紅葉などの自然鑑賞, 名所、旧跡の観光, 買い物、アウトレット, まちあるき、都市散策",0,0,1,1,1,0,1,0,0,0,1,0,0,0,0,0,0,0,"新聞・雑誌・ガイドブック, TV・ラジオ番組やCM, インターネット・アプリ, X(旧：Twitter)",0,0,0,0,0,1,0,0,0,0,1,0,0,0,1,0,1,0,0,0,0,0,0,0,0,,,,,,"10,000円以上 20,000円未満",,"3,000円以上 5,000円未満",,,,,,,,,,,,4,,,,,,8,機会があれば行きたい,加賀棒茶、コスパの良い海鮮丼,金沢駅,同意する,,,,,,,2001,,,,,,
石川,2024/03/30 15:08:04,大阪府,男,1961,,"1,000万円以上 1,200万円未満",家族,1泊,石川県外には泊まらない,金沢エリア  （湯涌温泉、深谷温泉、犀川温泉など）,1泊,,,,,,,,,"新幹線, 在来線",0,0,1,1,0,0,0,,0,0,0,0,5,駅周辺に営業所が多かったから,,,11回目以上,"宿でのんびり過ごす, まちあるき、都市散策",1,0,0,0,0,0,0,0,0,0,1,0,0,0,0,0,0,0,"観光展・物産展, インターネット・アプリ, 観光協会等の案内所",0,0,0,0,0,0,0,0,0,0,1,0,0,0,0,0,0,0,0,0,0,1,1,0,0,,,,,,"10,000円以上 20,000円未満",,"5,000円以上 10,000円未満",,,,,,,,,,,,4,選択肢何多い,清潔,,,,10,また行きたい（1年以内）,特に無し 便利,金沢駅,同意する,,,,,,,1961,,,,,,
石川,2024/04/06 17:40:31,東京都,女,1980,,700万円以上 800万円未満,友人,2泊,石川県外には泊まらない,金沢エリア  （湯涌温泉、深谷温泉、犀川温泉など）,2泊,,,,,,,,,新幹線,0,0,1,0,0,0,0,,0,0,0,0,,,,,2～5回目,"地元の美味しいものを食べる, 花見や紅葉などの自然鑑賞, 名所、旧跡の観光",0,0,1,1,1,0,0,0,0,0,0,0,0,0,0,0,0,0,"観光展・物産展, 新聞・雑誌・ガイドブック, 友人・知人",0,0,0,0,0,0,0,0,0,0,0,0,0,0,0,0,1,0,1,0,0,0,1,0,0,,,,,,"10,000円以上 20,000円未満",,"20,000円以上 30,000円未満",,,,,,,,,,,,3,可もなく付加もなく,可もなく不可もなく,,,,7,機会があれば行きたい,牡蠣食べ放題,金沢駅,同意する,,,,,,,1980,,,,,,
石川,2024/04/06 21:51:50,千葉県,女,1995,,"1,500万円以上",職場の同僚,4泊以上,石川県外には泊まらない,金沢エリア  （湯涌温泉、深谷温泉、犀川温泉など）,4泊以上,,,,,,,,,新幹線,0,0,1,0,0,0,0,,0,0,0,0,5,時間通りに行き来出来たのでとても安心して過ごすことが出来ました！,,,2～5回目,"地元の美味しいものを食べる, 出張など仕事関係",0,0,1,0,0,0,0,0,0,0,0,0,0,0,0,0,1,0,"観光展・物産展, 観光パンフレット・ポスター, X(旧：Twitter), 観光協会等の案内所",0,0,0,0,0,1,0,0,0,0,0,0,0,0,0,0,0,0,0,0,1,1,1,0,0,,,,,,"10,000円以上 20,000円未満",,"50,000円以上 100,000円未満",,,,,,,,,,,,5,たくさんのお土産があって有難い🙏,スーパーもあってちょっと小腹が空いたときにふらっとよる事ができて有難い🙏また、コンビニもあるのでいつでも買うことができて嬉しい！,,,,10,また行きたい（1年以内）,のどぐろのおにぎり、お弁当、金箔など 兼六園での桜を見ることが出来て幸せそのものでした🌸,金沢駅,同意する,,,,,,,1995,,,,,,
石川,2024/04/06 21:57:29,千葉県,女,1996,,"1,500万円以上",職場の同僚,4泊以上,石川県外には泊まらない,金沢エリア  （湯涌温泉、深谷温泉、犀川温泉など）,4泊以上,,,,,,,,,"新幹線, 在来線",0,0,1,1,0,0,0,,0,0,0,0,5,バスがたくさんあって有難い🙏,,,2～5回目,"地元の美味しいものを食べる, 出張など仕事関係",0,0,1,0,0,0,0,0,0,0,0,0,0,0,0,0,1,0,"観光展・物産展, 新聞・雑誌・ガイドブック, 観光パンフレット・ポスター, 観光連盟やDMOのHP, X(旧：Twitter), 友人・知人, 観光協会等の案内所",0,0,0,0,0,1,0,0,0,0,0,0,0,0,0,0,1,0,1,0,1,1,1,1,0,,,,,,"30,000円以上 40,000円未満",,"30,000円以上 40,000円未満",,,,,,,,,,,,5,お土産が豊富,お土産が豊富,,,,10,また行きたい（1年以内）,のどぐろコロッケ,金沢駅,同意する,,,,,,,1996,,,,,,
石川,2024/04/08 12:27:51,大阪府,女,1974,,500万円以上 600万円未満,小学生以下連れの家族,日帰り,石川県外には泊まらない,石川県内には宿泊しない,石川県内には宿泊しない,,,,,,,,,在来線,0,0,0,1,0,0,0,,0,0,0,0,4,楽しかったから,,,2～5回目,名所、旧跡の観光,0,0,0,0,1,0,0,0,0,0,0,0,0,0,0,0,0,0,インターネット・アプリ,0,0,0,0,0,0,0,0,0,0,1,0,0,0,0,0,0,0,0,0,0,0,0,0,0,,,,,,使わない,,"3,000円以上 5,000円未満",,,,,,,,,,,,4,,,,,,5,機会があれば行きたい,特になし,金沢駅,同意する,,,,,,,1974,,,,,,
石川,2024/04/08 14:03:29,茨城県,女,1971,,200万円以上 300万円未満,息子,1泊,石川県外には泊まらない,石川県内には宿泊しない,1泊,,,,,,,,,新幹線,0,0,1,0,0,0,0,,0,0,0,0,,,,,2～5回目,"地元の美味しいものを食べる, 花見や紅葉などの自然鑑賞, 名所、旧跡の観光, まちあるき、都市散策",0,0,1,1,1,0,0,0,0,0,1,0,0,0,0,0,0,0,インターネット・アプリ,0,0,0,0,0,0,0,0,0,0,1,0,0,0,0,0,0,0,0,0,0,0,0,0,0,,,,,,"5,000円以上 10,000円未満",,"20,000円以上 30,000円未満",,,,,,,,,,,,4,,,,,,10,また行きたい（1年以内）,特になし,金沢駅,同意する,,武家屋敷,,,,,1971,,,,,,
石川,2024/04/13 14:49:36,大阪府,女,1973,,300万円以上 400万円未満,恋人,3泊,石川県外には泊まらない,白山エリア （一里野温泉、白峰温泉、白山市など）,3泊,,,,,,,,,"新幹線, 在来線",0,0,1,1,0,0,0,,0,0,0,0,5,,,,11回目以上,"温泉や露天風呂, 地元の美味しいものを食べる",0,1,1,0,0,0,0,0,0,0,0,0,0,0,0,0,0,0,友人・知人,0,0,0,0,0,0,0,0,0,0,0,0,0,0,0,0,0,0,1,0,0,0,0,0,0,,,,,,"20,000円以上 30,000円未満",,"5,000円以上 10,000円未満",,,,,,,,,,,,5,,,,,,10,また行きたい（1年以内）,ひゃくまんさんグッズをもっとふやしてほしい,金沢駅,同意する,,,,,,,1973,,,,,,
石川,2024/04/13 18:27:30,東京都,女,1985,,100万円以上 200万円未満,友人,3泊,富山県,金沢エリア  （湯涌温泉、深谷温泉、犀川温泉など）,1泊,,,,,,,,,新幹線,0,0,1,0,0,0,0,,0,0,0,0,4,一定間隔でバスがきたから。,,,2～5回目,"地元の美味しいものを食べる, まちあるき、都市散策, 各種体験（手作り、果物狩りなど）",0,0,1,0,0,0,0,0,0,0,1,1,0,0,0,0,0,0,"観光展・物産展, インターネット・アプリ, X(旧：Twitter), Instagram, ブログ",0,0,0,1,0,1,0,0,1,0,1,0,0,0,0,0,0,0,0,0,0,0,1,0,0,,,,,,"10,000円以上 20,000円未満",,"10,000円以上 20,000円未満",,,,,,,,,,,,4,駅周辺に金沢名物が集まっているから。,金沢を満喫できたから。,,,,10,また行きたい（1年以内）,手作り和菓子に参加しましたが、とてもよかったです。,金沢駅,同意する,,,,,,,1985,,,,,,
石川,2024/04/13 18:36:28,東京都,男,1953,,800万円以上 900万円未満,夫婦2人,2泊,石川県外には泊まらない,金沢エリア  （湯涌温泉、深谷温泉、犀川温泉など）,2泊,,,,,,,,,新幹線,0,0,1,0,0,0,0,,0,0,0,0,3,金沢市内から路線バスで駅まで行きましたが、可もなく不可もなしというところです。,,,2～5回目,"地元の美味しいものを食べる, 名所、旧跡の観光, まちあるき、都市散策",0,0,1,0,1,0,0,0,0,0,1,0,0,0,0,0,0,0,"観光パンフレット・ポスター, インターネット・アプリ, X(旧：Twitter), 友人・知人, 観光協会等の案内所",0,0,0,0,0,1,0,0,0,0,1,0,0,0,0,0,0,0,1,0,1,1,0,0,0,,,,,,"20,000円以上 30,000円未満",,"5,000円以上 10,000円未満",,,,,,,,,,,,3,,,,,,10,また行きたい（1年以内）,お寿司がとても美味しかった。,金沢駅,同意する,,,,,,,1953,,,,,,
石川,2024/04/14 10:19:18,岡山県,女,1976,,800万円以上 900万円未満,夫婦2人,2泊,福井県,金沢エリア  （湯涌温泉、深谷温泉、犀川温泉など）,1泊,,,,,,,,,自家用車,1,0,0,0,0,0,0,,0,0,0,0,5,バスが分かりやすい,,,6～10回目,"温泉や露天風呂, 名所、旧跡の観光",0,1,0,0,1,0,0,0,0,0,0,0,0,0,0,0,0,0,"観光展・物産展, 新聞・雑誌・ガイドブック",0,0,0,0,0,0,0,0,0,0,0,0,0,0,0,0,1,0,0,0,0,0,1,0,0,,,,,,"30,000円以上 40,000円未満",,"10,000円以上 20,000円未満",,,,,,,,,,,,5,売場が多い,たくさんある,,,,9,また行きたい（1年以内）,北陸料理,金沢駅,同意する,,さくら,,,,,1976,,,,,,
石川,2024/04/14 16:35:25,愛知県,女,1980,,400万円以上 500万円未満,自分ひとり,4泊以上,石川県外には泊まらない,金沢エリア  （湯涌温泉、深谷温泉、犀川温泉など）,4泊以上,,,,,,,,,自家用車,1,0,0,0,0,0,0,,0,0,0,0,3,本数が少ない,,,2～5回目,"花見や紅葉などの自然鑑賞, 名所、旧跡の観光, 出張など仕事関係",0,0,0,1,1,0,0,0,0,0,0,0,0,0,0,0,1,0,インターネット・アプリ,0,0,0,0,0,0,0,0,0,0,1,0,0,0,0,0,0,0,0,0,0,0,0,0,0,,,,,,"10,000円以上 20,000円未満",,"3,000円以上 5,000円未満",,,,,,,,,,,,4,色々お店が集まっている,きれい,,,,8,機会があれば行きたい,特にない,金沢駅,同意する,,,,,,,1980,,,,,,
石川,2024/04/15 11:57:03,東京都,女,1983,,400万円以上 500万円未満,自分ひとり,3泊,福井県,金沢エリア  （湯涌温泉、深谷温泉、犀川温泉など）,1泊,,,,,,,,,"新幹線, 在来線",0,0,1,1,0,0,0,,0,0,0,0,,,,,2～5回目,"地元の美味しいものを食べる, 花見や紅葉などの自然鑑賞, 名所、旧跡の観光, テーマパーク（遊園地、動物園、博物館など）",0,0,1,1,1,1,0,0,0,0,0,0,0,0,0,0,0,0,"観光パンフレット・ポスター, インターネット・アプリ",0,0,0,0,0,0,0,0,0,0,1,0,0,0,0,0,0,0,0,0,1,0,0,0,0,,,,,,"5,000円以上 10,000円未満",,"5,000円以上 10,000円未満",,,,,,,,,,,,4,観光案内所の方がものすごく知識豊富でいろんなプランを提示していただけてすごく助かりました。,,,,,7,機会があれば行きたい,もう少し海へ行くバスの本数を増やして欲しい,金沢駅,同意する,,,,高岡,,,1983,,,,,,
石川,2024/04/20 17:04:42,神奈川県,男,1962,,200万円以上 300万円未満,親子3人,1泊,石川県外には泊まらない,金沢エリア  （湯涌温泉、深谷温泉、犀川温泉など）,1泊,,,,,,,,,"新幹線, 夜行バス",0,0,1,0,0,0,0,,0,0,0,0,3,コスは良いが窮屈,,,2～5回目,"地元の美味しいものを食べる, 名所、旧跡の観光, 各種体験（手作り、果物狩りなど）",0,0,1,0,1,0,0,0,0,0,0,1,0,0,0,0,0,0,インターネット・アプリ,0,0,0,0,0,0,0,0,0,0,1,0,0,0,0,0,0,0,0,0,0,0,0,0,0,,,,,,"5,000円以上 10,000円未満",,"1,000円以上 3,000円未満",,,,,,,,,,,,4,,,,,,8,機会があれば行きたい,特に無し,金沢駅,同意する,,,,,,,1962,,,,,,
石川,2024/04/21 11:01:31,大阪府,男,1978,,500万円以上 600万円未満,自分ひとり,1泊,石川県外には泊まらない,金沢エリア  （湯涌温泉、深谷温泉、犀川温泉など）,1泊,,,,,,,,,新幹線,0,0,1,0,0,0,0,,0,0,0,0,3,少し早いが乗り換えがめんどくさい(大阪から),,,6～10回目,地元の美味しいものを食べる,0,0,1,0,0,0,0,0,0,0,0,0,0,0,0,0,0,0,"インターネット・アプリ, X(旧：Twitter)",0,0,0,0,0,1,0,0,0,0,1,0,0,0,0,0,0,0,0,0,0,0,0,0,0,,,,,,"5,000円以上 10,000円未満",,"5,000円以上 10,000円未満",,,,,,,,,,,,4,駅前で賄える,人が多い,,,,8,また行きたい（1年以内）,非日常感、人の温かさ,金沢駅,同意する,,,,,,,1978,,,,,,
石川,2024/04/21 18:36:06,愛知県,女,1995,,500万円以上 600万円未満,恋人,1泊,石川県外には泊まらない,金沢エリア  （湯涌温泉、深谷温泉、犀川温泉など）,1泊,,,,,,,,,新幹線,0,0,1,0,0,0,0,,0,0,0,0,4,北鉄とJRのバスの違いが分かりづらかった（ICカードが全部で使えると嬉しい）,,,6～10回目,地元の美味しいものを食べる,0,0,1,0,0,0,0,0,0,0,0,0,0,0,0,0,0,0,インターネット・アプリ,0,0,0,0,0,0,0,0,0,0,1,0,0,0,0,0,0,0,0,0,0,0,0,0,0,,,,,,"10,000円以上 20,000円未満",,"5,000円以上 10,000円未満",,,,,,,,,,,,5,ご飯が美味しかった,どこに何があるかわかりやすい,,,,8,また行きたい（1年以内）,美味しいご飯とお酒,金沢駅,同意する,,,,,,,1995,,,,,,
石川,2024/04/21 18:50:43,東京都,無回答,1990,,700万円以上 800万円未満,友人,1泊,石川県外には泊まらない,加賀エリア （山代温泉、山中温泉、片山津温泉、粟津温泉、辰口温泉、加賀市、小松市など）,1泊,,,,,,,,,自家用車,1,0,0,0,0,0,0,,0,0,0,0,4,行きたい場所へ行きやすかったから,,,11回目以上,"温泉や露天風呂, 地元の美味しいものを食べる, 復興支援",0,1,1,0,0,0,0,0,0,0,0,0,0,0,0,0,0,0,"観光展・物産展, 新聞・雑誌・ガイドブック, インターネット・アプリ, Instagram, 友人・知人, 観光協会等の案内所",0,0,0,1,0,0,0,0,0,0,1,0,0,0,0,0,1,0,1,0,0,1,1,0,0,,,,,,"10,000円以上 20,000円未満",,"3,000円以上 5,000円未満",,,,,,,,,,,,5,欲しいお土産が買えたから,混んで入るが食事できる場所が充実していたから,,,,9,また行きたい（1年以内）,能登の塩は好きなので関連商品が増えると嬉しい,金沢駅,同意する,,,,,,,1990,,,,,,
石川,2024/04/22 18:57:38,福島県,女,1968,,100万円未満,自分ひとり,1泊,石川県外には泊まらない,金沢エリア  （湯涌温泉、深谷温泉、犀川温泉など）,1泊,,,,,,,,,"新幹線, 在来線",0,0,1,1,0,0,0,,0,0,0,0,5,とても分かりやすかった,,,初めて,お祭りやイベントへの参加・見物,0,0,0,0,0,0,0,1,0,0,0,0,0,0,0,0,0,0,"新聞・雑誌・ガイドブック, インターネット・アプリ, 友人・知人",0,0,0,0,0,0,0,0,0,0,1,0,0,0,0,0,1,0,1,0,0,0,0,0,0,,,,,,"5,000円以上 10,000円未満",,"1,000円以上 3,000円未満",,,,,,,,,,,,5,とても種類がたくさんあって、かつ選びやすかった,近代的な中にも落ち着ける場所があった,,,,10,機会があれば行きたい,特になし,金沢駅,同意する,,,,,,,1968,,,,,,
石川,2024/04/23 13:49:14,千葉県,女,2004,,700万円以上 800万円未満,学校関係（修学旅行・社会科見学等）,2泊,岐阜県,石川県内には宿泊しない,石川県内には宿泊しない,,,,,,,,,"新幹線, 旅行会社ツアーバス",0,0,1,0,0,1,0,,0,0,0,0,5,,,,初めて,"宿でのんびり過ごす, 温泉や露天風呂, 地元の美味しいものを食べる, 花見や紅葉などの自然鑑賞, 名所、旧跡の観光, 買い物、アウトレット",1,1,1,1,1,0,1,0,0,0,0,0,0,0,0,0,0,0,"観光展・物産展, 新聞・雑誌・ガイドブック",0,0,0,0,0,0,0,0,0,0,0,0,0,0,0,0,1,0,0,0,0,0,1,0,0,,,,,,"20,000円以上 30,000円未満",,"5,000円以上 10,000円未満",,,,,,,,,,,,5,,,,,,10,また行きたい（1年以内）,特になし‼️大満足‼️,金沢駅,同意する,,,,,,,2004,,,,,,
石川,2024/04/25 23:28:46,群馬県,女,1979,,700万円以上 800万円未満,夫婦2人,1泊,石川県外には泊まらない,金沢エリア  （湯涌温泉、深谷温泉、犀川温泉など）,1泊,,,,,,,,,"新幹線, 在来線",0,0,1,1,0,0,0,,0,0,0,0,5,周遊バスのフリーパスで一日中ぐるりと回れ、バスの運転手さんも優しかった。,,,初めて,"地元の美味しいものを食べる, まちあるき、都市散策",0,0,1,0,0,0,0,0,0,0,1,0,0,0,0,0,0,0,インターネット・アプリ,0,0,0,0,0,0,0,0,0,0,1,0,0,0,0,0,0,0,0,0,0,0,0,0,0,,,,,,"10,000円以上 20,000円未満",,"5,000円以上 10,000円未満",,,,,,,,,,,,4,お土産の袋もつけてくれたし、空いているレジをアナウンスしてくれたり、他のお年寄りへ親切丁寧に説明をしているのを見たので。,各店舗わかりやすいし、荷物を預けられたり、旅行客のニーズに合っている。,,,,10,また行きたい（1年以内）,復興へのお手伝いとして能登の支援出来るようなお土産をたくさん紹介して欲しい。,金沢駅,同意する,,,,,,,1979,,,,,,
石川,2024/04/28 13:30:56,神奈川県,男,1992,,400万円以上 500万円未満,自分ひとり,日帰り,石川県外には泊まらない,石川県内には宿泊しない,石川県内には宿泊しない,,,,,,,,,"新幹線, 在来線",0,0,1,1,0,0,0,,0,0,0,0,4,,,,2～5回目,鉄道乗りつぶし（北陸新幹線、いしかわ鉄道）,0,0,0,0,0,0,0,0,0,0,0,0,0,0,0,0,0,0,"インターネット・アプリ, X(旧：Twitter)",0,0,0,0,0,1,0,0,0,0,1,0,0,0,0,0,0,0,0,0,0,0,0,0,0,,,,,,使わない,,"1,000円以上 3,000円未満",,,,,,,,,,,4,4,,フリーチャージスポットがこのアンケート貼紙の目の前にある,,,,9,また行きたい（1年以内）,海鮮 海鮮,金沢駅,同意する,,旬魚亭,,,,,1992,,,,,,
石川,2024/04/30 17:57:59,神奈川県,男,2010,,500万円以上 600万円未満,親,2泊,石川県外には泊まらない,金沢エリア  （湯涌温泉、深谷温泉、犀川温泉など）,2泊,,,,,,,,,新幹線,0,0,1,0,0,0,0,,0,0,0,0,5,便利だったから,,,初めて,地元の美味しいものを食べる,0,0,1,0,0,0,0,0,0,0,0,0,0,0,0,0,0,0,"観光展・物産展, 友人・知人",0,0,0,0,0,0,0,0,0,0,0,0,0,0,0,0,0,0,1,0,0,0,1,0,0,,,,,,"10,000円以上 20,000円未満",,"1,000円以上 3,000円未満",,,,,,,,,,,5,5,色んなお土産が売っていて色んなものが選ぶのに,シンプルでわかりやすいから,,,,8,機会があれば行きたい,電車に関するお土産 美味しいものが食べれて楽しいから,金沢駅,同意する,,,,,,,2010,,,,,,
石川,2024/05/02 9:50:35,石川県,男,1988,,200万円以上 300万円未満,親,1泊,富山県,加賀エリア （山代温泉、山中温泉、片山津温泉、粟津温泉、辰口温泉、加賀市、小松市など）,石川県内には宿泊しない,,,,,,,,,"自家用車, 新幹線",1,0,1,0,0,0,0,,0,0,0,0,5,,,,2～5回目,"テーマパーク（遊園地、動物園、博物館など）, 買い物、アウトレット, スキー・スノボ・マリンスポーツ",0,0,0,0,0,1,1,0,0,0,0,0,0,0,0,0,0,0,"新聞・雑誌・ガイドブック, Facebook, 友人・知人",1,0,0,0,0,0,0,0,0,0,0,0,0,0,0,0,1,0,1,0,0,0,0,0,0,,,,,,"10,000円以上 20,000円未満",,"10,000円以上 20,000円未満",,,,,,,,,,,4,3,,,,,,8,機会があれば行きたい,東茶街のような趣の雰囲気がより欲しい。,金沢駅,同意する,,,,,,,1988,,,,,,
石川,2024/05/05 13:49:13,長野県,女,1985,,500万円以上 600万円未満,夫婦2人,2泊,石川県外には泊まらない,金沢エリア  （湯涌温泉、深谷温泉、犀川温泉など）,2泊,,,,,,,,,自家用車,1,0,0,0,0,0,0,,0,0,0,0,5,寿司と秋吉が、おいしい！,,,2～5回目,"地元の美味しいものを食べる, 名所、旧跡の観光, 買い物、アウトレット, アウトドア（海水浴、釣り、登山など）",0,0,1,0,1,0,1,0,0,1,0,0,0,0,0,0,0,0,"観光展・物産展, インターネット・アプリ",0,0,0,0,0,0,0,0,0,0,1,0,0,0,0,0,0,0,0,0,0,0,1,0,0,,,,,,"10,000円以上 20,000円未満",,"5,000円以上 10,000円未満",,,,,,,,,,,5,5,おいしい,駅が豪華,,,,9,機会があれば行きたい,寿司を手軽に食べたい 海がいい、千里浜,金沢駅,同意する,,,,,,,1985,,,,,,
石川,2024/05/05 15:06:03,愛知県,男,1969,,"1,500万円以上",夫婦2人,1泊,石川県外には泊まらない,金沢エリア  （湯涌温泉、深谷温泉、犀川温泉など）,1泊,,,,,,,,,自家用車,1,0,0,0,0,0,0,,0,0,0,0,5,明瞭会計,,,6～10回目,"宿でのんびり過ごす, 買い物、アウトレット",1,0,0,0,0,0,1,0,0,0,0,0,0,0,0,0,0,0,インターネット・アプリ,0,0,0,0,0,0,0,0,0,0,1,0,0,0,0,0,0,0,0,0,0,0,0,0,0,,,,,,"10,000円以上 20,000円未満",,"10,000円以上 20,000円未満",,,,,,,,,,,5,5,,,,,,10,また行きたい（1年以内）,特になし,金沢駅,同意する,,,,,,,1969,,,,,,
石川,2024/05/08 14:19:30,東京都,女,1991,,"900万円以上 1,000万円未満",小学生以下連れの家族,2泊,石川県外には泊まらない,金沢エリア  （湯涌温泉、深谷温泉、犀川温泉など）,2泊,,,,,,,,,新幹線,0,0,1,0,0,0,0,,0,0,0,0,4,カーシェアを利用しました。簡単で便利でした。,,,2～5回目,"宿でのんびり過ごす, 地元の美味しいものを食べる, 友人・親戚を訪ねる",1,0,1,0,0,0,0,0,0,0,0,0,0,0,0,0,0,0,"インターネット・アプリ, 友人・知人",0,0,0,0,0,0,0,0,0,0,1,0,0,0,0,0,0,0,1,0,0,0,0,0,0,,,,,,"20,000円以上 30,000円未満",,"3,000円以上 5,000円未満",,,,,,,,,,,4,4,きれい,利便性が高かった,,,,8,機会があれば行きたい,海産物,金沢駅,同意する,,,,,,,1991,,,,,,
石川,2024/05/14 17:28:33,広島県,女,1970,,200万円以上 300万円未満,中学生以下連れの家族,3泊,石川県外には泊まらない,金沢エリア  （湯涌温泉、深谷温泉、犀川温泉など）,3泊,,,,,,,,,自家用車,1,0,0,0,0,0,0,,0,0,0,0,,,,,初めて,"名所、旧跡の観光, まちあるき、都市散策",0,0,0,0,1,0,0,0,0,0,1,0,0,0,0,0,0,0,"観光パンフレット・ポスター, インターネット・アプリ",0,0,0,0,0,0,0,0,0,0,1,0,0,0,0,0,0,0,0,0,1,0,0,0,0,,,,,,"5,000円以上 10,000円未満",,"1,000円以上 3,000円未満",,,,,,,,,,,4,4,,,,,,8,機会があれば行きたい,特になし,金沢駅,同意する,,,,,,,1970,,,,,,
石川,2024/05/14 17:30:03,広島県,男,1997,,500万円以上 600万円未満,親,3泊,石川県外には泊まらない,金沢エリア  （湯涌温泉、深谷温泉、犀川温泉など）,3泊,,,,,,,,,自家用車,1,0,0,0,0,0,0,,0,0,0,0,,,,,初めて,"宿でのんびり過ごす, 名所、旧跡の観光",1,0,0,0,1,0,0,0,0,0,0,0,0,0,0,0,0,0,友人・知人,0,0,0,0,0,0,0,0,0,0,0,0,0,0,0,0,0,0,1,0,0,0,0,0,0,,,,,,"10,000円以上 20,000円未満",,"1,000円以上 3,000円未満",,,,,,,,,,,4,4,,,,,,10,機会があれば行きたい,特に無,金沢駅,同意する,,,,,,,1997,,,,,,
石川,2024/05/16 14:57:38,愛知県,女,1972,,"900万円以上 1,000万円未満",自分ひとり,3泊,石川県外には泊まらない,金沢エリア  （湯涌温泉、深谷温泉、犀川温泉など）,3泊,,,,,,,,,高速バス,0,0,0,0,0,0,0,,0,0,0,0,4,値段,,,2～5回目,"温泉や露天風呂, 友人・親戚を訪ねる",0,1,0,0,0,0,0,0,0,0,0,0,0,0,0,0,0,0,インターネット・アプリ,0,0,0,0,0,0,0,0,0,0,1,0,0,0,0,0,0,0,0,0,0,0,0,0,0,,,,,,"10,000円以上 20,000円未満",,"20,000円以上 30,000円未満",,,,,,,,,,,4,4,コインロッカーがたくさん,とても綺麗,,,,8,また行きたい（1年以内）,いくつかお店や名所まわるとご褒美がある 駅の鼓門は素敵,金沢駅,同意する,,,,県立図書館,,,1972,,,,,,
石川,2024/05/19 10:46:35,佐賀県,女,1959,,200万円以上 300万円未満,夫婦2人,4泊以上,福井県,白山エリア （一里野温泉、白峰温泉、白山市など）,4泊以上,,,,,,,,,自家用車,1,0,0,0,0,0,0,,0,0,0,0,,,,,11回目以上,友人・親戚を訪ねる,0,0,0,0,0,0,0,0,0,0,0,0,0,0,0,0,0,0,友人・知人,0,0,0,0,0,0,0,0,0,0,0,0,0,0,0,0,0,0,1,0,0,0,0,0,0,,,,,,"50,000円以上 100,000円未満",,"5,000円以上 10,000円未満",,,,,,,,,,,4,5,丁寧でした,活気がある,,,,8,また行きたい（1年以内）,もう少しお寿司安く食べたい。立ち食い寿司でワンショット寿司バー作ったらいかがでしょうか？さっさと食べて金沢の食を満喫。江戸時代から元々お寿司って立ち食いできるファストフードだったそうですね、ぜひぜひ金沢駅に立ち食い寿司を誘致してください、立ち食いだから安いの！希望 お寿司！石川の県民食ですね、美味しい！,金沢駅,同意する,,金沢港クルーズターミナル,,,,,1959,,,,,,
石川,2024/05/19 18:46:53,岩手県,男,1993,,600万円以上 700万円未満,夫婦2人,4泊以上,岐阜県,金沢エリア  （湯涌温泉、深谷温泉、犀川温泉など）,3泊,,,,,,,,,自家用車,1,0,0,0,0,0,0,,0,0,0,0,5,駐車場が充実していた,,,2～5回目,"地元の美味しいものを食べる, 名所、旧跡の観光, テーマパーク（遊園地、動物園、博物館など）, 買い物、アウトレット, まちあるき、都市散策",0,0,1,0,1,1,1,0,0,0,1,0,0,0,0,0,0,0,"観光展・物産展, インターネット・アプリ, Instagram, 友人・知人",0,0,0,1,0,0,0,0,0,0,1,0,0,0,0,0,0,0,1,0,0,0,1,0,0,,,,,,"10,000円以上 20,000円未満",,"10,000円以上 20,000円未満",,,,,,,,,,,5,5,お土産が充実しており、とても楽しかった,お土産も飲食店も充実しており、様々な商業施設も便利だった,,,,10,また行きたい（1年以内）,特になし 名所が点在しており、ご飯も美味しい。,金沢駅,同意する,,,,,,,1993,,,,,,
石川,2024/05/19 18:46:55,岩手県,女,1993,,"1,000万円以上 1,200万円未満",夫婦2人,4泊以上,岐阜県,金沢エリア  （湯涌温泉、深谷温泉、犀川温泉など）,3泊,,,,,,,,,自家用車,1,0,0,0,0,0,0,,0,0,0,0,,,,,初めて,"温泉や露天風呂, 地元の美味しいものを食べる, まちあるき、都市散策",0,1,1,0,0,0,0,0,0,0,1,0,0,0,0,0,0,0,"新聞・雑誌・ガイドブック, インターネット・アプリ, Instagram, 友人・知人",0,0,0,1,0,0,0,0,0,0,1,0,0,0,0,0,1,0,1,0,0,0,0,0,0,,,,,,"10,000円以上 20,000円未満",,"20,000円以上 30,000円未満",,,,,,,,,,,5,5,自家用車で金沢に来ましたが、金沢の美味しいご飯が集まっているしお土産をたくさんあって楽しめました。,とでも綺麗でよかった。,,,,10,機会があれば行きたい,特になし。,金沢駅,同意する,,,,,,,1993,,,,,,
石川,2024/06/13 9:19:35,神奈川県,女,1986,,300万円以上 400万円未満,小学生以下連れの家族,4泊以上,石川県外には泊まらない,金沢エリア  （湯涌温泉、深谷温泉、犀川温泉など）,4泊以上,,,,,,,,,新幹線,0,0,1,0,0,0,0,,0,0,0,0,5,,,,2～5回目,"地元の美味しいものを食べる, 花見や紅葉などの自然鑑賞, 買い物、アウトレット",0,0,1,1,0,0,1,0,0,0,0,0,0,0,0,0,0,0,"TV・ラジオ番組やCM, 観光パンフレット・ポスター, 友人・知人",0,0,0,0,0,0,0,0,0,0,0,0,0,0,1,0,0,0,1,0,1,0,0,0,0,,,,,,"50,000円以上 100,000円未満",,"3,000円以上 5,000円未満",,,,,,,,,,,5,5,,,,,,10,また行きたい（1年以内）,特になし,金沢駅,同意する,,,,,,,1986,,,,,,
石川,2024/06/13 13:20:49,神奈川県,男,1984,,500万円以上 600万円未満,小学生以下連れの家族,4泊以上,石川県外には泊まらない,金沢エリア  （湯涌温泉、深谷温泉、犀川温泉など）,4泊以上,,,,,,,,,"新幹線, 在来線",0,0,1,1,0,0,0,,0,0,0,0,4,バス停が宿泊地からは遠かった。山側環状にもバス停があると便利,,,11回目以上,"地元の美味しいものを食べる, 花見や紅葉などの自然鑑賞, テーマパーク（遊園地、動物園、博物館など）, 買い物、アウトレット, まちあるき、都市散策, 友人・親戚を訪ねる",0,0,1,1,0,1,1,0,0,0,1,0,0,0,0,0,0,0,"インターネット・アプリ, 友人・知人",0,0,0,0,0,0,0,0,0,0,1,0,0,0,0,0,0,0,1,0,0,0,0,0,0,,,,,,使わない,,"100,000円以上",,,,,,,,,,,5,4,自然を満喫できた,授乳室がとても良かった,,,,9,また行きたい（1年以内）,能登まで行きやすいとより良いと思った ぶどうの森が良かった,金沢駅,同意する,,最初に金沢駅に来た,,ぶどうの森、戸水屋、白山比咩神社,,,1984,,,,,,
石川,2024/06/15 13:47:09,東京都,男,1970,,100万円未満,自分ひとり,1泊,福井県,金沢エリア  （湯涌温泉、深谷温泉、犀川温泉など）,1泊,,,,,,,,,新幹線,0,0,1,0,0,0,0,,0,0,0,0,3,,,,初めて,"宿でのんびり過ごす, 温泉や露天風呂",1,1,0,0,0,0,0,0,0,0,0,0,0,0,0,0,0,0,インターネット・アプリ,0,0,0,0,0,0,0,0,0,0,1,0,0,0,0,0,0,0,0,0,0,0,0,0,0,,,,,,"1,000円未満",,"1,000円未満",,,,,,,,,,,4,4,,,,,,8,機会があれば行きたい,なし,金沢駅,同意する,,,,,,,1970,,,,,,
石川,2024/01/01 11:57:50,東京都,男,1995,,500万円以上 600万円未満,親,1泊,福井県,石川県内には宿泊しない,石川県内には宿泊しない,,,,,,,,,自家用車,1,0,0,0,0,0,0,,0,0,0,0,5,,,,初めて,"温泉や露天風呂, 地元の美味しいものを食べる",0,1,1,0,0,0,0,0,0,0,0,0,0,0,0,0,0,0,インターネット・アプリ,0,0,0,0,0,0,0,0,0,0,1,0,0,0,0,0,0,0,0,0,0,0,0,0,0,,,,,,使わない,,使わない,,,,,,,,,,,,5,,,,,,10,また行きたい（1年以内）,特になし,金沢中央観光案内所,同意する,,,,,,,1995,,,,,,
石川,2024/01/01 12:28:42,宮崎県,男,1964,,"1,500万円以上",恋人,2泊,長野,金沢エリア  （湯涌温泉、深谷温泉、犀川温泉など）,2泊,,,,,,,,,自家用車,1,0,0,0,0,0,0,,0,0,0,0,,,,,2～5回目,宿でのんびり過ごす,1,0,0,0,0,0,0,0,0,0,0,0,0,0,0,0,0,0,たまたま,0,0,0,0,0,0,0,0,0,0,0,0,0,0,0,0,0,0,0,0,0,0,0,0,1,,,,,,"50,000円以上 100,000円未満",,"20,000円以上 30,000円未満",,,,,,,,,,,,5,綺麗,きれいな施設　トイレ,,,,10,また行きたい（1年以内）,いまでよい 雰囲気,金沢中央観光案内所,同意する,,,,,,,1964,,,,,,
石川,2024/01/01 13:13:53,広島県,男,1979,,700万円以上 800万円未満,小学生以下連れの家族,日帰り,福井県,石川県内には宿泊しない,石川県内には宿泊しない,,,,,,,,,自家用車,1,0,0,0,0,0,0,,0,0,0,0,4,,,,初めて,買い物、アウトレット,0,0,0,0,0,0,1,0,0,0,0,0,0,0,0,0,0,0,観光パンフレット・ポスター,0,0,0,0,0,0,0,0,0,0,0,0,0,0,0,0,0,0,0,0,1,0,0,0,0,,,,,,使わない,,"3,000円以上 5,000円未満",,,,,,,,,,,,4,,,,,,5,また行きたい（1年以内）,特になし,金沢中央観光案内所,同意する,,,,,,,1979,,,,,,
石川,2024/01/01 13:19:29,栃木県,男,1981,,700万円以上 800万円未満,親,1泊,石川県外には泊まらない,金沢エリア  （湯涌温泉、深谷温泉、犀川温泉など）,1泊,,,,,,,,,在来線,0,0,0,1,0,0,0,,0,0,0,0,2,どのバスに乗れば良いのか分かりにくい。場合によっては待ち時間がながい。,,,初めて,特急サンダーバードに乗るため,0,0,0,0,0,0,0,0,0,0,0,0,0,0,0,0,0,0,"観光展・物産展, 観光パンフレット・ポスター",0,0,0,0,0,0,0,0,0,0,0,0,0,0,0,0,0,0,0,0,1,0,1,0,0,,,,,,"5,000円以上 10,000円未満",,使わない,,,,,,,,,,,,4,トイレが綺麗,,,,,6,機会があれば行きたい,日本酒、美味しい食事 ひがし茶屋の街並み,金沢中央観光案内所,同意する,,,,武家屋敷,,,1981,,,,,,
石川,2024/01/01 13:23:26,兵庫県,女,1988,,400万円以上 500万円未満,小学生以下連れの家族,2泊,石川県外には泊まらない,金沢エリア  （湯涌温泉、深谷温泉、犀川温泉など）,2泊,,,,,,,,,在来線,0,0,0,1,0,0,0,,0,0,0,0,4,,,,初めて,"地元の美味しいものを食べる, 名所、旧跡の観光, テーマパーク（遊園地、動物園、博物館など）, 各種体験（手作り、果物狩りなど）, 図書館",0,0,1,0,1,1,0,0,0,0,0,1,0,0,0,0,0,0,通りすがり,0,0,0,0,0,0,0,0,0,0,0,0,0,0,0,0,0,0,0,0,0,0,0,0,1,,,,,,"5,000円以上 10,000円未満",,使わない,,,,,,,,,,,,4,,,,,,5,また行きたい（1年以内）,かに、体験,金沢中央観光案内所,同意する,,,,,,,1988,,,,,,
石川,2024/01/01 14:08:39,大阪府,男,1999,,300万円以上 400万円未満,夫婦2人,2泊,石川県外には泊まらない,金沢エリア  （湯涌温泉、深谷温泉、犀川温泉など）,2泊,,,,,,,,,在来線,0,0,0,1,0,0,0,,0,0,0,0,4,バスの本数が多かったから,,,初めて,地元の美味しいものを食べる,0,0,1,0,0,0,0,0,0,0,0,0,0,0,0,0,0,0,椅子があったから立ち寄った,0,0,0,0,0,0,0,0,0,0,0,0,0,0,0,0,0,0,0,0,0,0,0,0,1,,,,,,"10,000円以上 20,000円未満",,使わない,,,,,,,,,,,,4,椅子があるから,椅子があるから,,,,10,機会があれば行きたい,カニ食べ放題の宿 椅子があるから,金沢中央観光案内所,同意する,,,,,,,1999,,,,,,
石川,2024/01/01 15:17:04,大阪府,男,2001,,300万円以上 400万円未満,恋人,2泊,石川県外には泊まらない,金沢エリア  （湯涌温泉、深谷温泉、犀川温泉など）,2泊,,,,,,,,,在来線,0,0,0,1,0,0,0,,0,0,0,0,,,,,初めて,"地元の美味しいものを食べる, お祭りやイベントへの参加・見物, スポーツ観戦や芸術鑑賞（コンサート等）, まちあるき、都市散策",0,0,1,0,0,0,0,1,0,0,1,0,0,0,0,0,0,0,"新聞・雑誌・ガイドブック, 観光パンフレット・ポスター, インターネット・アプリ, Instagram",0,0,0,1,0,0,0,0,0,0,1,0,0,0,0,0,1,0,0,0,1,0,0,0,0,,,,,,"10,000円以上 20,000円未満",,使わない,,,,,,,,,,,,4,トイレが綺麗でした。,トイレが綺麗でかつ、施設も綺麗でかつ、暖かいかつ、休憩ができる。,,,,7,機会があれば行きたい,特になし。 ご飯やお酒が美味しい！,金沢中央観光案内所,同意する,,,,,,,2001,,,,,,
石川,2024/01/02 10:42:01,愛知県,男,1967,,"1,000万円以上 1,200万円未満",夫婦2人,2泊,石川県外には泊まらない,金沢エリア  （湯涌温泉、深谷温泉、犀川温泉など）,2泊,,,,,,,,,自家用車,1,0,0,0,0,0,0,,0,0,0,0,5,宿泊先の近くにあり、便利だった。,,,2～5回目,"宿でのんびり過ごす, 温泉や露天風呂, 地元の美味しいものを食べる, 名所、旧跡の観光, 買い物、アウトレット, まちあるき、都市散策",1,1,1,0,1,0,1,0,0,0,1,0,0,0,0,0,0,0,"観光展・物産展, インターネット・アプリ",0,0,0,0,0,0,0,0,0,0,1,0,0,0,0,0,0,0,0,0,0,0,1,0,0,,,,,,"20,000円以上 30,000円未満",,使わない,,,,,,,,,,,,4,いろんな情報を入手出来る。,施設が清潔でとても綺麗。係員が明るく親切。,,,,10,また行きたい（1年以内）,美味しい食事 係員がとても親切だ。,金沢中央観光案内所,同意する,,,,,,,1967,,,,,,
石川,2024/01/02 11:15:27,神奈川県,女,1958,,"1,500万円以上",夫婦2人,3泊,石川県外には泊まらない,金沢エリア  （湯涌温泉、深谷温泉、犀川温泉など）,3泊,,,,,,,,,新幹線,0,0,1,0,0,0,0,,0,0,0,0,5,わかりやすい,,,2～5回目,"地元の美味しいものを食べる, 名所、旧跡の観光",0,0,1,0,1,0,0,0,0,0,0,0,0,0,0,0,0,0,観光協会等の案内所,0,0,0,0,0,0,0,0,0,0,0,0,0,0,0,0,0,0,0,0,0,1,0,0,0,,,,,,"100,000円以上",,"1,000円未満",,,,,,,,,,,,4,わかりやすい,休めた,,,,8,機会があれば行きたい,特になし 尾山神社,金沢中央観光案内所,同意する,,,,,,,1958,,,,,,
石川,2024/01/02 11:28:24,神奈川県,男,1956,,"1,500万円以上",夫婦2人,3泊,石川県外には泊まらない,金沢エリア  （湯涌温泉、深谷温泉、犀川温泉など）,3泊,,,,,,,,,新幹線,0,0,1,0,0,0,0,,0,0,0,0,4,運転手の愛想が良い。,,,初めて,"地元の美味しいものを食べる, 名所、旧跡の観光, まちあるき、都市散策",0,0,1,0,1,0,0,0,0,0,1,0,0,0,0,0,0,0,道で見つけた,0,0,0,0,0,0,0,0,0,0,0,0,0,0,0,0,0,0,0,0,0,0,0,0,1,,,,,,"100,000円以上",,"1,000円未満",,,,,,,,,,,,3,正月情報が少ない,情報が少ない,,,,1,あまり行きたいと思わない,九谷焼の若手アーティスト作品の展示、販売に行ってみたい SANRAKU KANAZAWAの料理の素晴らしさ,金沢中央観光案内所,同意する,,,,,,,1956,,,,,,
石川,2024/01/02 12:05:11,北海道,女,1972,,300万円以上 400万円未満,親,3泊,石川県外には泊まらない,金沢エリア  （湯涌温泉、深谷温泉、犀川温泉など）,3泊,,,,,,,,,飛行機,0,0,0,0,1,0,0,,0,0,0,0,,,,,初めて,"地元の美味しいものを食べる, 名所、旧跡の観光",0,0,1,0,1,0,0,0,0,0,0,0,0,0,0,0,0,0,インターネット・アプリ,0,0,0,0,0,0,0,0,0,0,1,0,0,0,0,0,0,0,0,0,0,0,0,0,0,,,,,,"50,000円以上 100,000円未満",,"1,000円以上 3,000円未満",,,,,,,,,,,,5,,,,,,10,また行きたい（1年以内）,食べ物特に海鮮が美味しくて大満足です！,金沢中央観光案内所,同意する,,,,,,,1972,,,,,,
石川,2024/01/02 12:49:30,神奈川県,女,1963,,100万円以上 200万円未満,夫婦と成人娘の3人で,4泊以上,石川県外には泊まらない,金沢エリア  （湯涌温泉、深谷温泉、犀川温泉など）,4泊以上,,,,,,,,,新幹線,0,0,1,0,0,0,0,,0,0,0,0,,,,,初めて,"温泉や露天風呂, 地元の美味しいものを食べる, 名所、旧跡の観光, まちあるき、都市散策",0,1,1,0,1,0,0,0,0,0,1,0,0,0,0,0,0,0,観光パンフレット・ポスター,0,0,0,0,0,0,0,0,0,0,0,0,0,0,0,0,0,0,0,0,1,0,0,0,0,,,,,,"50,000円以上 100,000円未満",,使わない,,,,,,,,,,,,3,訪問した日は宿泊して三日目なのでほぼ　駅前の観光案内所で情報収集していました,広くて開放的,,,,7,また行きたい（1年以内）,特になし お正月期間だったので　開いているお店が分からず,金沢中央観光案内所,同意する,,,,,,,1963,,,,,,
石川,2024/01/02 12:49:32,神奈川県,女,1993,,300万円以上 400万円未満,親,4泊以上,石川県外には泊まらない,金沢エリア  （湯涌温泉、深谷温泉、犀川温泉など）,4泊以上,,,,,,,,,新幹線,0,0,1,0,0,0,0,,0,0,0,0,,,,,初めて,"宿でのんびり過ごす, 温泉や露天風呂, 地元の美味しいものを食べる",1,1,1,0,0,0,0,0,0,0,0,0,0,0,0,0,0,0,"新聞・雑誌・ガイドブック, インターネット・アプリ, Instagram",0,0,0,1,0,0,0,0,0,0,1,0,0,0,0,0,1,0,0,0,0,0,0,0,0,,,,,,"50,000円以上 100,000円未満",,使わない,,,,,,,,,,,,5,広々していて見やすい。,暖かく、綺麗,,,,10,また行きたい（1年以内）,カニを食べたいです 兼六園、ひがし茶屋街、近江町市場はスタッフも温かく、雰囲気が良かった,金沢中央観光案内所,同意する,,,,,,,1993,,,,,,
石川,2024/01/02 15:00:30,石川県,女,1978,,500万円以上 600万円未満,親,2泊,石川県外には泊まらない,金沢エリア  （湯涌温泉、深谷温泉、犀川温泉など）,2泊,,,,,,,,,自家用車,1,0,0,0,0,0,0,,0,0,0,0,4,アクセスしやすい。,,,2～5回目,"地元の美味しいものを食べる, 名所、旧跡の観光, 買い物、アウトレット",0,0,1,0,1,0,1,0,0,0,0,0,0,0,0,0,0,0,"新聞・雑誌・ガイドブック, 観光パンフレット・ポスター",0,0,0,0,0,0,0,0,0,0,0,0,0,0,0,0,1,0,0,0,1,0,0,0,0,,,,,,"5,000円以上 10,000円未満",,"50,000円以上 100,000円未満",,,,,,,,,,,,4,入りやすい雰囲気,混んでない,,,,9,また行きたい（1年以内）,特になし 食　美味しい(水も含めて),金沢中央観光案内所,同意する,,,,,,,1978,,,,,,
石川,2024/01/02 16:16:01,愛知県,女,1970,,500万円以上 600万円未満,恋人,2泊,愛知県,金沢エリア  （湯涌温泉、深谷温泉、犀川温泉など）,2泊,,,,,,,,,"新幹線, 在来線",0,0,1,1,0,0,0,,0,0,0,0,,,,,初めて,"まちあるき、都市散策, 兼六園、金沢21世紀美術館",0,0,0,0,0,0,0,0,0,0,1,0,0,0,0,0,0,0,歩いていて見つけた,0,0,0,0,0,0,0,0,0,0,0,0,0,0,0,0,0,0,0,0,0,0,0,0,1,,,,,,"10,000円以上 20,000円未満",,"1,000円未満",,,,,,,,,,,,5,今回地震でバスが全線運休、徒歩で金沢駅に向かいます。お手洗いに困っていたのでとても助かりました。観光の資料もいっぱいあってよかったです。,お手洗い助かります。,,,,10,機会があれば行きたい,温泉と海鮮、21世紀博物館 兼六園,金沢中央観光案内所,同意する,,,,武家屋敷群,,,1970,,,,,,
石川,2024/01/03 21:07:27,東京都,男,1965,,"1,000万円以上 1,200万円未満",夫婦2人,4泊以上,石川県外には泊まらない,金沢エリア  （湯涌温泉、深谷温泉、犀川温泉など）,4泊以上,,,,,,,,,新幹線,0,0,1,0,0,0,0,,0,0,0,0,4,バスの本数が多い,,,初めて,"温泉や露天風呂, 地元の美味しいものを食べる, 名所、旧跡の観光, まちあるき、都市散策, 各種体験（手作り、果物狩りなど）",0,1,1,0,1,0,0,0,0,0,1,1,0,0,0,0,0,0,街を歩いていて偶然知った,0,0,0,0,0,0,0,0,0,0,0,0,0,0,0,0,0,0,0,0,0,0,0,0,1,,,,,,"100,000円以上",,使わない,,,,,,,,,,,,3,そもそもあまり商品が少ない,,,,,8,機会があれば行きたい,季節ごとの料理の違いなどあれば知りたいです。 料理、和菓子、手仕事がユニークで、京都とは違った独自の世界を感じました。,金沢中央観光案内所,同意する,,,,,,,1965,,,,,,
石川,2024/01/04 16:35:32,千葉県,男,1994,,700万円以上 800万円未満,恋人,4泊以上,石川県外には泊まらない,金沢エリア  （湯涌温泉、深谷温泉、犀川温泉など）,4泊以上,,,,,,,,,新幹線,0,0,1,0,0,0,0,,0,0,0,0,5,わかりやすく迷わなかった,,,2～5回目,"地元の美味しいものを食べる, 友人・親戚を訪ねる",0,0,1,0,0,0,0,0,0,0,0,0,0,0,0,0,0,0,観光協会等の案内所,0,0,0,0,0,0,0,0,0,0,0,0,0,0,0,0,0,0,0,0,0,1,0,0,0,,,,,,"100,000円以上",,使わない,,,,,,,,,,,,4,必要に応じて対応してくれるから,トイレとかも綺麗でありがたい,,,,9,また行きたい（1年以内）,特になし 尾山神社での初詣,金沢中央観光案内所,同意する,,,,,,,1994,,,,,,
石川,2024/01/07 12:55:56,神奈川県,男,1970,,"900万円以上 1,000万円未満",大学生以下連れの家族,2泊,石川県外には泊まらない,金沢エリア  （湯涌温泉、深谷温泉、犀川温泉など）,2泊,,,,,,,,,新幹線,0,0,1,0,0,0,0,,0,0,0,0,,,,,初めて,"宿でのんびり過ごす, 地元の美味しいものを食べる, 名所、旧跡の観光",1,0,1,0,1,0,0,0,0,0,0,0,0,0,0,0,0,0,観光協会等の案内所,0,0,0,0,0,0,0,0,0,0,0,0,0,0,0,0,0,0,0,0,0,1,0,0,0,,,,,,"10,000円以上 20,000円未満",,使わない,,,,,,,,,,,,4,マップ、パンフレット,トイレ,,,,10,また行きたい（1年以内）,海産物、名所観光、地場品の発掘,金沢中央観光案内所,同意する,,,,,,,1970,,,,,,
石川,2024/01/07 13:34:12,新潟県,女,1979,,100万円未満,夫婦2人,1泊,富山県,金沢エリア  （湯涌温泉、深谷温泉、犀川温泉など）,1泊,,,,,,,,,自家用車,1,0,0,0,0,0,0,,0,0,0,0,5,スマホで検索してきたから,,,11回目以上,宿でのんびり過ごす,1,0,0,0,0,0,0,0,0,0,0,0,0,0,0,0,0,0,観光展・物産展,0,0,0,0,0,0,0,0,0,0,0,0,0,0,0,0,0,0,0,0,0,0,1,0,0,,,,,,"3,000円以上 5,000円未満",,"3,000円以上 5,000円未満",,,,,,,,,,,,5,,,,,,10,また行きたい（1年以内）,特になし,金沢中央観光案内所,同意する,,,,,,,1979,,,,,,
石川,2024/01/07 14:13:14,東京都,女,1997,,300万円以上 400万円未満,自分ひとり,2泊,福井県,金沢エリア  （湯涌温泉、深谷温泉、犀川温泉など）,1泊,,,,,,,,,新幹線,0,0,1,0,0,0,0,,0,0,0,0,,,,,6～10回目,出張など仕事関係,0,0,0,0,0,0,0,0,0,0,0,0,0,0,0,0,1,0,インターネット・アプリ,0,0,0,0,0,0,0,0,0,0,1,0,0,0,0,0,0,0,0,0,0,0,0,0,0,,,,,,"10,000円以上 20,000円未満",,使わない,,,,,,,,,,,,4,,,,,,10,また行きたい（1年以内）,伝統工芸作り体験,金沢中央観光案内所,同意する,,,,,,,1997,,,,,,
石川,2024/01/08 14:52:16,大阪府,男,1993,,400万円以上 500万円未満,自分ひとり,2泊,富山県,金沢エリア  （湯涌温泉、深谷温泉、犀川温泉など）,1泊,,,,,,,,,在来線,0,0,0,1,0,0,0,,0,0,0,0,4,,,,初めて,"地元の美味しいものを食べる, 名所、旧跡の観光",0,0,1,0,1,0,0,0,0,0,0,0,0,0,0,0,0,0,たまたま見つけた,0,0,0,0,0,0,0,0,0,0,0,0,0,0,0,0,0,0,0,0,0,0,0,0,1,,,,,,"3,000円以上 5,000円未満",,使わない,,,,,,,,,,,,4,,,,,,10,また行きたい（1年以内）,北陸新幹線の敦賀延伸と能登半島地震を機に、石川県内でも北陸全体の魅力を伝えられる催しを開催してほしい,金沢中央観光案内所,同意する,,,,,,,1993,,,,,,
石川,2024/01/11 14:03:20,埼玉県,女,1972,,400万円以上 500万円未満,夫婦2人,1泊,石川県外には泊まらない,金沢エリア  （湯涌温泉、深谷温泉、犀川温泉など）,1泊,,,,,,,,,新幹線,0,0,1,0,0,0,0,,0,0,0,0,,,,,初めて,"宿でのんびり過ごす, 地元の美味しいものを食べる, 名所、旧跡の観光",1,0,1,0,1,0,0,0,0,0,0,0,0,0,0,0,0,0,歩いていてたまたま見つけた,0,0,0,0,0,0,0,0,0,0,0,0,0,0,0,0,0,0,0,0,0,0,0,0,1,,,,,,"20,000円以上 30,000円未満",,使わない,,,,,,,,,,,,4,キレイな施設で色々な情報を得られて良かった,静かで落ち着いて調べられた,,,,7,機会があれば行きたい,とても魅力的なおみやげが多かったです 金沢は地震の影響があまり無いようなので行く予定の人はそのまま旅行して欲しい,金沢中央観光案内所,同意する,,,,,,,1972,,,,,,
石川,2024/01/14 12:08:42,福井県,女,1981,,500万円以上 600万円未満,自分ひとり,日帰り,石川県外には泊まらない,石川県内には宿泊しない,石川県内には宿泊しない,,,,,,,,,自家用車,1,0,0,0,0,0,0,,0,0,0,0,5,特になし,,,初めて,出張など仕事関係,0,0,0,0,0,0,0,0,0,0,0,0,0,0,0,0,1,0,インターネット・アプリ,0,0,0,0,0,0,0,0,0,0,1,0,0,0,0,0,0,0,0,0,0,0,0,0,0,,,,,,使わない,,使わない,,,,,,,,,,,,5,,,,,,10,また行きたい（1年以内）,特になし,金沢中央観光案内所,同意する,,,,,,,1981,,,,,,
石川,2024/01/15 15:59:59,滋賀県,男,2010,,400万円以上 500万円未満,親,1泊,石川県外には泊まらない,金沢エリア  （湯涌温泉、深谷温泉、犀川温泉など）,1泊,,,,,,,,,在来線,0,0,0,1,0,0,0,,0,0,0,0,3,普通のバスだった。,,,初めて,"地元の美味しいものを食べる, 名所、旧跡の観光",0,0,1,0,1,0,0,0,0,0,0,0,0,0,0,0,0,0,通りかかった,0,0,0,0,0,0,0,0,0,0,0,0,0,0,0,0,0,0,0,0,0,0,0,0,1,,,,,,"5,000円以上 10,000円未満",,使わない,,,,,,,,,,,,5,銭湯を教えていただいた。,新しくて清潔感がある。,,,,10,また行きたい（1年以内）,特になし 質問しやすい,金沢中央観光案内所,同意する,,,,,,,2010,,,,,,
石川,2024/01/15 16:00:36,滋賀県,女,1977,,600万円以上 700万円未満,中学生以下連れの家族,1泊,石川県外には泊まらない,金沢エリア  （湯涌温泉、深谷温泉、犀川温泉など）,1泊,,,,,,,,,在来線,0,0,0,1,0,0,0,,0,0,0,0,4,スムーズに移動できた。,,,初めて,地元の美味しいものを食べる,0,0,1,0,0,0,0,0,0,0,0,0,0,0,0,0,0,0,通りがかり,0,0,0,0,0,0,0,0,0,0,0,0,0,0,0,0,0,0,0,0,0,0,0,0,1,,,,,,"5,000円以上 10,000円未満",,使わない,,,,,,,,,,,,5,的確にわかりやすい案内だった。,あたたかくてほっこりした。外から寒すぎ。,,,,8,また行きたい（1年以内）,おいしいもの。 おいしい海鮮がいっぱい。,金沢中央観光案内所,同意する,,,,温泉,,,1977,,,,,,
石川,2024/01/16 14:10:25,石川県,男,1997,,100万円以上 200万円未満,団体旅行,4泊以上,岐阜県,金沢エリア  （湯涌温泉、深谷温泉、犀川温泉など）,2泊,,,,,,,,,新幹線,0,0,1,0,0,0,0,,0,0,0,0,,,,,初めて,"地元の美味しいものを食べる, 名所、旧跡の観光, まちあるき、都市散策",0,0,1,0,1,0,0,0,0,0,1,0,0,0,0,0,0,0,Passing by,0,0,0,0,0,0,0,0,0,0,0,0,0,0,0,0,0,0,0,0,0,0,0,0,1,,,,,,"10,000円以上 20,000円未満",,使わない,,,,,,,,,,,,5,Answered my inquiry properly in English ,,,,,10,機会があれば行きたい,Nothing in particular  Historical value ,金沢中央観光案内所,同意する,,,,,,,1997,,,,,,
石川,2024/01/19 13:24:34,奈良県,男,1975,,"1,000万円以上 1,200万円未満",夫婦2人,1泊,石川県外には泊まらない,金沢エリア  （湯涌温泉、深谷温泉、犀川温泉など）,1泊,,,,,,,,,在来線,0,0,0,1,0,0,0,,0,0,0,0,4,大阪から金沢まで、特急で一本だから。,,,初めて,地元の美味しいものを食べる,0,0,1,0,0,0,0,0,0,0,0,0,0,0,0,0,0,0,観光展・物産展,0,0,0,0,0,0,0,0,0,0,0,0,0,0,0,0,0,0,0,0,0,0,1,0,0,,,,,,"10,000円以上 20,000円未満",,使わない,,,,,,,,,,,,4,暖房があって、体が休まりました。,,,,,5,機会があれば行きたい,早く和倉温泉が復活してほしい。,金沢中央観光案内所,同意する,,,,,,,1975,,,,,,
石川,2024/01/19 20:40:58,奈良県,女,1975,,"1,000万円以上 1,200万円未満",夫婦2人,1泊,石川県外には泊まらない,金沢エリア  （湯涌温泉、深谷温泉、犀川温泉など）,1泊,,,,,,,,,在来線,0,0,0,1,0,0,0,,0,0,0,0,4,歩きやすかった,,,2～5回目,地元の美味しいものを食べる,0,0,1,0,0,0,0,0,0,0,0,0,0,0,0,0,0,0,観光パンフレット・ポスター,0,0,0,0,0,0,0,0,0,0,0,0,0,0,0,0,0,0,0,0,1,0,0,0,0,,,,,,"10,000円以上 20,000円未満",,"1,000円未満",,,,,,,,,,,,4,声かけがあった,舞妓さんの演舞のお知らせをしてもらえた,,,,10,機会があれば行きたい,海鮮がおいしいので、どんどんアピールして広めてください 人が皆さん親切で気持ちよかった,金沢中央観光案内所,同意する,,,,,,,1975,,,,,,
石川,2024/01/20 11:19:59,東京都,男,1958,,800万円以上 900万円未満,夫婦と大人娘２名の家族旅行,2泊,石川県外には泊まらない,金沢エリア  （湯涌温泉、深谷温泉、犀川温泉など）,2泊,,,,,,,,,"新幹線, 在来線",0,0,1,1,0,0,0,,0,0,0,0,5,バスの本数が多くある、便利,,,2～5回目,名所、旧跡の観光,0,0,0,0,1,0,0,0,0,0,0,0,0,0,0,0,0,0,観光協会等の案内所,0,0,0,0,0,0,0,0,0,0,0,0,0,0,0,0,0,0,0,0,0,1,0,0,0,,,,,,"40,000円以上 50,000円未満",,使わない,,,,,,,,,,,,4,パンフレット展示,休憩に利用,,,,10,機会があれば行きたい,美食 金沢、加賀温泉は２回目、良かったから娘を加えて,金沢中央観光案内所,同意する,,東茶屋街、1日目は兼六園、石浦神社、箔一、香林坊、武家屋敷、屋敷、,,,,,1958,,,,,,
石川,2024/01/20 17:27:36,兵庫県,女,1990,,"1,500万円以上",親,1泊,石川県外には泊まらない,金沢エリア  （湯涌温泉、深谷温泉、犀川温泉など）,1泊,,,,,,,,,在来線,0,0,0,1,0,0,0,,0,0,0,0,,,,,初めて,"地元の美味しいものを食べる, 名所、旧跡の観光",0,0,1,0,1,0,0,0,0,0,0,0,0,0,0,0,0,0,観光協会等の案内所,0,0,0,0,0,0,0,0,0,0,0,0,0,0,0,0,0,0,0,0,0,1,0,0,0,,,,,,"5,000円以上 10,000円未満",,使わない,,,,,,,,,,,,4,色々なパンフレットが置いてあってどこに行くか参考になる。どこが休館しているといった情報も得られる。,休憩もできていい,,,,7,また行きたい（1年以内）,はじめは輪島に行こうと計画を立てていましたがいけずに残念です。復興したら必ず行きたいです。金沢と白山を観光していますが美味しいものが多い。茶などを家でも楽しみたいので買って帰ります！ 冬に食べるお寿司は美味しい！！,金沢中央観光案内所,同意する,,,,,,,1990,,,,,,
石川,2024/01/21 16:30:56,富山県,女,1976,,600万円以上 700万円未満,夫婦2人,1泊,石川県外には泊まらない,金沢エリア  （湯涌温泉、深谷温泉、犀川温泉など）,1泊,,,,,,,,,自家用車,1,0,0,0,0,0,0,,0,0,0,0,,,,,初めて,宿でのんびり過ごす,1,0,0,0,0,0,0,0,0,0,0,0,0,0,0,0,0,0,"観光協会等の案内所, 歩いていたら、ありました。",0,0,0,0,0,0,0,0,0,0,0,0,0,0,0,0,0,0,0,0,0,1,0,0,0,,,,,,"20,000円以上 30,000円未満",,"1,000円未満",,,,,,,,,,,,3,,,,,,6,また行きたい（1年以内）,美味しいものを食べたい,金沢中央観光案内所,同意する,,,,,,,1976,,,,,,
石川,2024/01/21 22:38:18,大阪府,女,1966,,500万円以上 600万円未満,夫婦2人,1泊,石川県外には泊まらない,金沢エリア  （湯涌温泉、深谷温泉、犀川温泉など）,1泊,,,,,,,,,在来線,0,0,0,1,0,0,0,,0,0,0,0,,,,,2～5回目,"宿でのんびり過ごす, 地元の美味しいものを食べる, 名所、旧跡の観光, まちあるき、都市散策",1,0,1,0,1,0,0,0,0,0,1,0,0,0,0,0,0,0,観光パンフレット・ポスター,0,0,0,0,0,0,0,0,0,0,0,0,0,0,0,0,0,0,0,0,1,0,0,0,0,,,,,,"5,000円以上 10,000円未満",,使わない,,,,,,,,,,,,4,沢山のパンフレットが揃っている,綺麗　説明が丁寧,,,,10,また行きたい（1年以内）,特になし,金沢中央観光案内所,同意する,,,,,,,1966,,,,,,
石川,2024/01/22 0:30:16,兵庫県,女,1964,,"1,500万円以上",娘,1泊,石川県外には泊まらない,金沢エリア  （湯涌温泉、深谷温泉、犀川温泉など）,1泊,,,,,,,,,在来線,0,0,0,1,0,0,0,,0,0,0,0,,,,,初めて,"地元の美味しいものを食べる, 名所、旧跡の観光, まちあるき、都市散策",0,0,1,0,1,0,0,0,0,0,1,0,0,0,0,0,0,0,特にありません,0,0,0,0,0,0,0,0,0,0,0,0,0,0,0,0,0,0,0,0,0,0,0,0,1,,,,,,"5,000円以上 10,000円未満",,使わない,,,,,,,,,,,,4,観光の参考になるパンフレットをいただきました,,,,,5,また行きたい（1年以内）,能登地方に行きたいと思ってました。大変だと思いますが、早く復興されることを祈ってます。,金沢中央観光案内所,同意する,,,,,,,1964,,,,,,
石川,2024/01/24 23:52:59,石川県,女,1990,,100万円未満,友人,日帰り,石川県外には泊まらない,加賀エリア （山代温泉、山中温泉、片山津温泉、粟津温泉、辰口温泉、加賀市、小松市など）,3泊,,,,,,,,,飛行機,0,0,0,0,1,0,0,,0,0,0,0,1,,,,初めて,友人・親戚を訪ねる,0,0,0,0,0,0,0,0,0,0,0,0,0,0,0,0,0,0,インターネット・アプリ,0,0,0,0,0,0,0,0,0,0,1,0,0,0,0,0,0,0,0,0,0,0,0,0,0,,,,,,"100,000円以上",,"1,000円以上 3,000円未満",,,,,,,,,,,,4,,,,,,7,また行きたい（1年以内）,しりませn,金沢中央観光案内所,同意する,,,,,,,1990,,,,,,
石川,2024/01/26 20:16:22,富山県,女,1983,,400万円以上 500万円未満,自分ひとり,日帰り,石川県外には泊まらない,石川県内には宿泊しない,石川県内には宿泊しない,,,,,,,,,在来線,0,0,0,1,0,0,0,,0,0,0,0,3,バス停から遠い,,,初めて,名所、旧跡の観光,0,0,0,0,1,0,0,0,0,0,0,0,0,0,0,0,0,0,観光パンフレット・ポスター,0,0,0,0,0,0,0,0,0,0,0,0,0,0,0,0,0,0,0,0,1,0,0,0,0,,,,,,使わない,,使わない,,,,,,,,,,,,3,,,,,,7,また行きたい（1年以内）,海産物,金沢中央観光案内所,同意する,,,,,,,1983,,,,,,
石川,2024/01/27 10:20:38,京都府,男,1994,,300万円以上 400万円未満,自分ひとり,1泊,石川県外には泊まらない,金沢エリア  （湯涌温泉、深谷温泉、犀川温泉など）,1泊,,,,,,,,,在来線,0,0,0,1,0,0,0,,0,0,0,0,5,,,,2～5回目,"温泉や露天風呂, 地元の美味しいものを食べる",0,1,1,0,0,0,0,0,0,0,0,0,0,0,0,0,0,0,観光パンフレット・ポスター,0,0,0,0,0,0,0,0,0,0,0,0,0,0,0,0,0,0,0,0,1,0,0,0,0,,,,,,"40,000円以上 50,000円未満",,"1,000円未満",,,,,,,,,,,,4,,,,,,8,機会があれば行きたい,特になし,金沢中央観光案内所,同意する,,,,,,,1994,,,,,,
石川,2024/01/28 11:33:53,山形県,男,1991,,200万円以上 300万円未満,自分ひとり,1泊,富山県,金沢エリア  （湯涌温泉、深谷温泉、犀川温泉など）,1泊,,,,,,,,,レンタカー,0,1,0,0,0,0,0,,0,0,0,0,4,,,,6～10回目,宿でのんびり過ごす,1,0,0,0,0,0,0,0,0,0,0,0,0,0,0,0,0,0,インターネット・アプリ,0,0,0,0,0,0,0,0,0,0,1,0,0,0,0,0,0,0,0,0,0,0,0,0,0,,,,,,"5,000円以上 10,000円未満",,"3,000円以上 5,000円未満",,,,,,,,,,,,4,,,,,,7,また行きたい（1年以内）,満足です。,金沢中央観光案内所,同意する,,,,,,,1991,,,,,,
石川,2024/01/28 11:48:03,東京都,男,1975,,300万円以上 400万円未満,夫婦2人,3泊,石川県外には泊まらない,金沢エリア  （湯涌温泉、深谷温泉、犀川温泉など）,3泊,,,,,,,,,新幹線,0,0,1,0,0,0,0,,0,0,0,0,4,バスの本数が多い,,,初めて,"宿でのんびり過ごす, 地元の美味しいものを食べる, まちあるき、都市散策",1,0,1,0,0,0,0,0,0,0,1,0,0,0,0,0,0,0,観光協会等の案内所,0,0,0,0,0,0,0,0,0,0,0,0,0,0,0,0,0,0,0,0,0,1,0,0,0,,,,,,"5,000円以上 10,000円未満",,使わない,,,,,,,,,,,,3,,,,,,6,機会があれば行きたい,特になし,金沢中央観光案内所,同意する,,,,,,,1975,,,,,,
石川,2024/01/28 14:00:15,東京都,女,1970,,600万円以上 700万円未満,恋人,1泊,石川県外には泊まらない,金沢エリア  （湯涌温泉、深谷温泉、犀川温泉など）,1泊,,,,,,,,,飛行機,0,0,0,0,1,0,0,,0,0,0,0,,,,,初めて,"宿でのんびり過ごす, 地元の美味しいものを食べる",1,0,1,0,0,0,0,0,0,0,0,0,0,0,0,0,0,0,観光途中にあったから,0,0,0,0,0,0,0,0,0,0,0,0,0,0,0,0,0,0,0,0,0,0,0,0,1,,,,,,"10,000円以上 20,000円未満",,使わない,,,,,,,,,,,,4,観光情報のリーフレット,,,,,10,また行きたい（1年以内）,海の幸と日本酒 食事,金沢中央観光案内所,同意する,,武家屋敷跡,,,,,1970,,,,,,
石川,2024/01/28 16:49:45,神奈川県,男,1971,,"1,000万円以上 1,200万円未満",恋人,1泊,石川県外には泊まらない,金沢エリア  （湯涌温泉、深谷温泉、犀川温泉など）,1泊,,,,,,,,,飛行機,0,0,0,0,1,0,0,,0,0,0,0,4,路線バスの本数が多く待ち時間が少ない,,,初めて,"地元の美味しいものを食べる, 名所、旧跡の観光",0,0,1,0,1,0,0,0,0,0,0,0,0,0,0,0,0,0,たまたま見つけた,0,0,0,0,0,0,0,0,0,0,0,0,0,0,0,0,0,0,0,0,0,0,0,0,1,,,,,,"10,000円以上 20,000円未満",,使わない,,,,,,,,,,,,3,トイレを借りただけなので良くわからない,トイレが綺麗だった,,,,10,また行きたい（1年以内）,特になし 海産物が美味しい,金沢中央観光案内所,同意する,,武家屋敷跡,,,,,1971,,,,,,
石川,2024/01/29 15:09:43,富山県,男,1983,,500万円以上 600万円未満,恋人,日帰り,石川県外には泊まらない,石川県内には宿泊しない,石川県内には宿泊しない,,,,,,,,,自家用車,1,0,0,0,0,0,0,,0,0,0,0,,,,,初めて,まちあるき、都市散策,0,0,0,0,0,0,0,0,0,0,1,0,0,0,0,0,0,0,通りがかり,0,0,0,0,0,0,0,0,0,0,0,0,0,0,0,0,0,0,0,0,0,0,0,0,1,,,,,,使わない,,使わない,,,,,,,,,,,,4,情報が豊富,施設が綺麗,,,,8,また行きたい（1年以内）,温泉に入りたい ユナイテッドシネマ IMAXシアター,金沢中央観光案内所,同意する,,,,,,,1983,,,,,,
石川,2024/01/30 13:58:10,兵庫県,男,1958,,400万円以上 500万円未満,夫婦2人,1泊,石川県外には泊まらない,金沢エリア  （湯涌温泉、深谷温泉、犀川温泉など）,1泊,,,,,,,,,在来線,0,0,0,1,0,0,0,,0,0,0,0,,,,,初めて,"地元の美味しいものを食べる, 名所、旧跡の観光, まちあるき、都市散策",0,0,1,0,1,0,0,0,0,0,1,0,0,0,0,0,0,0,"新聞・雑誌・ガイドブック, 観光パンフレット・ポスター, 観光協会等の案内所",0,0,0,0,0,0,0,0,0,0,0,0,0,0,0,0,1,0,0,0,1,1,0,0,0,,,,,,"5,000円以上 10,000円未満",,"1,000円以上 3,000円未満",,,,,,,,,,,,4,親切に対応いただいた。,広くてきれい。,,,,7,機会があれば行きたい,特になし。 旧い街並み,金沢中央観光案内所,同意する,,,,,,,1958,,,,,,
石川,2024/01/31 11:06:18,東京都,男,1972,,"1,500万円以上",夫婦2人,3泊,石川県外には泊まらない,金沢エリア  （湯涌温泉、深谷温泉、犀川温泉など）,3泊,,,,,,,,,新幹線,0,0,1,0,0,0,0,,0,0,0,0,,,,,2～5回目,"宿でのんびり過ごす, 地元の美味しいものを食べる, 名所、旧跡の観光, スポーツ観戦や芸術鑑賞（コンサート等）",1,0,1,0,1,0,0,0,0,0,0,0,0,0,0,0,0,0,以前にきたことがあったので,0,0,0,0,0,0,0,0,0,0,0,0,0,0,0,0,0,0,0,0,0,0,0,0,1,,,,,,"10,000円以上 20,000円未満",,"10,000円以上 20,000円未満",,,,,,,,,,,,5,対応が丁寧だったので,きれいだったので,,,,10,また行きたい（1年以内）,今のままでよい。 食事関連。おいしいと思うので。,金沢中央観光案内所,同意する,,ホテルからまっすぐきた,,,,,1972,,,,,,
石川,2024/02/02 15:08:45,大阪府,男,1974,,"1,500万円以上",夫婦2人,1泊,石川県外には泊まらない,金沢エリア  （湯涌温泉、深谷温泉、犀川温泉など）,1泊,,,,,,,,,在来線,0,0,0,1,0,0,0,,0,0,0,0,4,案内が適切,,,2～5回目,"宿でのんびり過ごす, 温泉や露天風呂, 地元の美味しいものを食べる",1,1,1,0,0,0,0,0,0,0,0,0,0,0,0,0,0,0,通りすがり,0,0,0,0,0,0,0,0,0,0,0,0,0,0,0,0,0,0,0,0,0,0,0,0,1,,,,,,"30,000円以上 40,000円未満",,使わない,,,,,,,,,,,,4,トイレが綺麗,,,,,8,また行きたい（1年以内）,特になし,金沢中央観光案内所,同意する,,,,,,,1974,,,,,,
石川,2024/02/02 20:59:50,大阪府,女,2005,,300万円以上 400万円未満,親,1泊,石川県外には泊まらない,金沢エリア  （湯涌温泉、深谷温泉、犀川温泉など）,1泊,,,,,,,,,在来線,0,0,0,1,0,0,0,,0,0,0,0,,,,,初めて,"地元の美味しいものを食べる, 名所、旧跡の観光, まちあるき、都市散策, 各種体験（手作り、果物狩りなど）",0,0,1,0,1,0,0,0,0,0,1,1,0,0,0,0,0,0,観光パンフレット・ポスター,0,0,0,0,0,0,0,0,0,0,0,0,0,0,0,0,0,0,0,0,1,0,0,0,0,,,,,,"10,000円以上 20,000円未満",,使わない,,,,,,,,,,,,5,職員の方が親切だった,きれいな建物だった,,,,10,また行きたい（1年以内）,施設やお店の営業時間をもう少し伸ばしてくれたら、と思っています。 金沢城のスタンプラリー,金沢中央観光案内所,同意する,,,,長町武家屋敷,,,2005,,,,,,
石川,2024/02/03 15:46:58,石川県,女,1987,,700万円以上 800万円未満,小学生以下連れの家族,日帰り,石川県外には泊まらない,石川県内には宿泊しない,石川県内には宿泊しない,,,,,,,,,自家用車,1,0,0,0,0,0,0,,0,0,0,0,4,,,,初めて,まちあるき、都市散策,0,0,0,0,0,0,0,0,0,0,1,0,0,0,0,0,0,0,観光展・物産展,0,0,0,0,0,0,0,0,0,0,0,0,0,0,0,0,0,0,0,0,0,0,1,0,0,,,,,,使わない,,"1,000円未満",,,,,,,,,,,,4,,,,,,9,また行きたい（1年以内）,特になし,金沢中央観光案内所,同意する,,,,,,,1987,,,,,,
石川,2024/02/03 16:14:42,東京都,女,1978,,200万円以上 300万円未満,夫婦2人,4泊以上,石川県外には泊まらない,金沢エリア  （湯涌温泉、深谷温泉、犀川温泉など）,2泊,,,,,,,,,新幹線,0,0,1,0,0,0,0,,0,0,0,0,5,,,,初めて,まちあるき、都市散策,0,0,0,0,0,0,0,0,0,0,1,0,0,0,0,0,0,0,Facebook,1,0,0,0,0,0,0,0,0,0,0,0,0,0,0,0,0,0,0,0,0,0,0,0,0,,,,,,"10,000円以上 20,000円未満",,"10,000円以上 20,000円未満",,,,,,,,,,,,5,,,,,,10,機会があれば行きたい,Good,金沢中央観光案内所,同意する,,,,,,,1978,,,,,,
石川,2024/02/03 16:48:55,兵庫県,女,1968,,800万円以上 900万円未満,友人,1泊,石川県外には泊まらない,金沢エリア  （湯涌温泉、深谷温泉、犀川温泉など）,1泊,,,,,,,,,在来線,0,0,0,1,0,0,0,,0,0,0,0,3,,,,2～5回目,地元の美味しいものを食べる,0,0,1,0,0,0,0,0,0,0,0,0,0,0,0,0,0,0,新聞・雑誌・ガイドブック,0,0,0,0,0,0,0,0,0,0,0,0,0,0,0,0,1,0,0,0,0,0,0,0,0,,,,,,"5,000円以上 10,000円未満",,"3,000円以上 5,000円未満",,,,,,,,,,,,4,,,,,,7,機会があれば行きたい,食事が美味しい,金沢中央観光案内所,同意する,,,,,,,1968,,,,,,
石川,2024/02/03 16:49:47,兵庫県,女,1960,,500万円以上 600万円未満,友人,1泊,石川県外には泊まらない,金沢エリア  （湯涌温泉、深谷温泉、犀川温泉など）,1泊,,,,,,,,,在来線,0,0,0,1,0,0,0,,0,0,0,0,,,,,2～5回目,地元の美味しいものを食べる,0,0,1,0,0,0,0,0,0,0,0,0,0,0,0,0,0,0,"観光展・物産展, 新聞・雑誌・ガイドブック, インターネット・アプリ",0,0,0,0,0,0,0,0,0,0,1,0,0,0,0,0,1,0,0,0,0,0,1,0,0,,,,,,"5,000円以上 10,000円未満",,使わない,,,,,,,,,,,,4,静かでした,清潔でした,,,,10,機会があれば行きたい,特になし 新鮮な海鮮,金沢中央観光案内所,同意する,,,,,,,1960,,,,,,
石川,2024/02/03 17:10:35,東京都,女,1970,,"1,000万円以上 1,200万円未満",成人の子供と,2泊,石川県外には泊まらない,金沢エリア  （湯涌温泉、深谷温泉、犀川温泉など）,2泊,,,,,,,,,新幹線,0,0,1,0,0,0,0,,0,0,0,0,4,フラットバスを利用。18時ごろまでしか運転してないのは残念,,,初めて,"宿でのんびり過ごす, 温泉や露天風呂, 地元の美味しいものを食べる, 名所、旧跡の観光, まちあるき、都市散策",1,1,1,0,1,0,0,0,0,0,1,0,0,0,0,0,0,0,インターネット・アプリ,0,0,0,0,0,0,0,0,0,0,1,0,0,0,0,0,0,0,0,0,0,0,0,0,0,,,,,,"10,000円以上 20,000円未満",,使わない,,,,,,,,,,,,3,特に問い合わせしなかったので,,,,,7,機会があれば行きたい,特になし,金沢中央観光案内所,同意する,,,,,,,1970,,,,,,
石川,2024/02/03 18:44:05,石川県,男,2010,,100万円未満,県内在住,4泊以上,県内在住,金沢エリア  （湯涌温泉、深谷温泉、犀川温泉など）,4泊以上,,,,,,,,,県外から訪れていない（石川県内在住）,0,0,0,0,0,0,0,,0,0,0,0,,,,,2～5回目,県内在住,0,0,0,0,0,0,0,0,0,0,0,0,0,0,0,0,0,0,あったので寄った,0,0,0,0,0,0,0,0,0,0,0,0,0,0,0,0,0,0,0,0,0,0,0,0,1,,,,,,使わない,,使わない,,,,,,,,,,,,4,,,,,,5,石川県在住,特になし,金沢中央観光案内所,同意する,,,,,,,2010,,,,,,
石川,2024/02/03 20:40:46,大阪府,女,1984,,300万円以上 400万円未満,恋人,2泊,石川県外には泊まらない,金沢エリア  （湯涌温泉、深谷温泉、犀川温泉など）,2泊,,,,,,,,,在来線,0,0,0,1,0,0,0,,0,0,0,0,5,朝イチだったので、人も少なく、ゆったり電車移動ができた。昼前に到着し有意義な1日を過ごせたから。,,,2～5回目,"地元の美味しいものを食べる, 名所、旧跡の観光, まちあるき、都市散策, おいしいものを食べる",0,0,1,0,1,0,0,0,0,0,1,0,0,0,0,0,0,0,"インターネット・アプリ, Instagram, 友人・知人, 毎年行っているお気に入りの店、場所",0,0,0,1,0,0,0,0,0,0,1,0,0,0,0,0,0,0,1,0,0,0,0,0,0,,,,,,"3,000円以上 5,000円未満",,使わない,,,,,,,,,,,,3,信号待ちの間に、少し立ち寄っただけで特に何もみていないから,少し立ち寄っただけなので、でも施設内に携帯の充電ができるところがあるのはありがたいと思いました。,,,,5,また行きたい（1年以内）,食を楽しみにしています。,金沢中央観光案内所,同意する,,,,,,,1984,,,,,,
石川,2024/02/04 15:50:14,奈良県,男,1956,,400万円以上 500万円未満,夫婦2人,1泊,石川県外には泊まらない,金沢エリア  （湯涌温泉、深谷温泉、犀川温泉など）,1泊,,,,,,,,,在来線,0,0,0,1,0,0,0,,0,0,0,0,,,,,初めて,"地元の美味しいものを食べる, 名所、旧跡の観光",0,0,1,0,1,0,0,0,0,0,0,0,0,0,0,0,0,0,観光協会等の案内所,0,0,0,0,0,0,0,0,0,0,0,0,0,0,0,0,0,0,0,0,0,1,0,0,0,,,,,,"5,000円以上 10,000円未満",,使わない,,,,,,,,,,,,4,,ゆったりしていてじっくりと調べられた,,,,8,機会があれば行きたい,カニを堪能したい,金沢中央観光案内所,同意する,,,,,,,1956,,,,,,
石川,2024/02/04 16:04:25,東京都,女,1989,,300万円以上 400万円未満,自分ひとり,1泊,石川県外には泊まらない,金沢エリア  （湯涌温泉、深谷温泉、犀川温泉など）,1泊,,,,,,,,,新幹線,0,0,1,0,0,0,0,,0,0,0,0,2,バスの運転手の人が他の地域に比べて高確率で運転が荒く、アナウンスが聞こえない,,,2～5回目,"地元の美味しいものを食べる, 名所、旧跡の観光, テーマパーク（遊園地、動物園、博物館など）",0,0,1,0,1,1,0,0,0,0,0,0,0,0,0,0,0,0,観光パンフレット・ポスター,0,0,0,0,0,0,0,0,0,0,0,0,0,0,0,0,0,0,0,0,1,0,0,0,0,,,,,,"5,000円以上 10,000円未満",,"1,000円以上 3,000円未満",,,,,,,,,,,,5,積極的に声をかけられないず、案内を聞きに行くととても親切 にしてもらえる,広くて綺麗、ひゃくまんさんがいる,,,,10,機会があれば行きたい,金沢から温泉地への移動しやすさ 8番らーめん,金沢中央観光案内所,同意する,,,,石川県立美術館,,,1989,,,,,,
石川,2024/02/04 19:55:14,石川県,無回答,1988,,500万円以上 600万円未満,小学生以下連れの家族,日帰り,石川県外には泊まらない,石川県内には宿泊しない,石川県内には宿泊しない,,,,,,,,,県外から訪れていない（石川県内在住）,0,0,0,0,0,0,0,,0,0,0,0,,,,,初めて,名所、旧跡の観光,0,0,0,0,1,0,0,0,0,0,0,0,0,0,0,0,0,0,観光展・物産展,0,0,0,0,0,0,0,0,0,0,0,0,0,0,0,0,0,0,0,0,0,0,1,0,0,,,,,,使わない,,使わない,,,,,,,,,,,,3,,,,,,8,石川県在住,特になし,金沢中央観光案内所,同意する,,,,,,,1988,,,,,,
石川,2024/02/05 14:48:20,福井県,女,1979,,"900万円以上 1,000万円未満",高校生,1泊,石川県外には泊まらない,金沢エリア  （湯涌温泉、深谷温泉、犀川温泉など）,1泊,,,,,,,,,自家用車,1,0,0,0,0,0,0,,0,0,0,0,,,,,初めて,"名所、旧跡の観光, 出張など仕事関係",0,0,0,0,1,0,0,0,0,0,0,0,0,0,0,0,1,0,観光協会等の案内所,0,0,0,0,0,0,0,0,0,0,0,0,0,0,0,0,0,0,0,0,0,1,0,0,0,,,,,,"20,000円以上 30,000円未満",,使わない,,,,,,,,,,,,3,,,,,,3,また行きたい（1年以内）,特になし,金沢中央観光案内所,同意する,,,,,,,1979,,,,,,
石川,2024/02/06 11:00:43,石川県,女,1947,,100万円以上 200万円未満,親,4泊以上,石川県外には泊まらない,金沢エリア  （湯涌温泉、深谷温泉、犀川温泉など）,4泊以上,,,,,,,,,県外から訪れていない（石川県内在住）,0,0,0,0,0,0,0,,0,0,0,0,,,,,2～5回目,"宿でのんびり過ごす, 温泉や露天風呂, 地元の美味しいものを食べる, 名所、旧跡の観光, 買い物、アウトレット, まちあるき、都市散策, 友人・親戚を訪ねる",1,1,1,0,1,0,1,0,0,0,1,0,0,0,0,0,0,0,友人・知人,0,0,0,0,0,0,0,0,0,0,0,0,0,0,0,0,0,0,1,0,0,0,0,0,0,,,,,,"20,000円以上 30,000円未満",,使わない,,,,,,,,,,,,4,パンフレット資料の充実,パンフレットが充実している,,,,10,石川県在住,郷土料理の講座 自然が豊かで食べものが美味しい,金沢中央観光案内所,同意する,,白山ひめ神社,,,,,1947,,,,,,
石川,2024/02/07 15:36:17,東京都,男,1984,,"1,200万円以上 1,500万円未満",自分ひとり,1泊,富山県,金沢エリア  （湯涌温泉、深谷温泉、犀川温泉など）,1泊,,,,,,,,,新幹線,0,0,1,0,0,0,0,,0,0,0,0,5,,,,初めて,"名所、旧跡の観光, 買い物、アウトレット",0,0,0,0,1,0,1,0,0,0,0,0,0,0,0,0,0,0,タクシードライバーや地元の人,0,0,0,0,0,0,0,0,0,0,0,0,0,0,0,0,0,0,0,1,0,0,0,0,0,,,,,,"5,000円以上 10,000円未満",,使わない,,,,,,,,,,,,2,,,,,,8,機会があれば行きたい,OK,金沢中央観光案内所,同意する,,,,,,,1984,,,,,,
石川,2024/02/07 18:30:49,茨城県,男,1971,,700万円以上 800万円未満,夫婦と親戚,1泊,石川県外には泊まらない,金沢エリア  （湯涌温泉、深谷温泉、犀川温泉など）,1泊,,,,,,,,,"新幹線, 在来線",0,0,1,1,0,0,0,,0,0,0,0,,,,,初めて,"地元の美味しいものを食べる, 名所、旧跡の観光, 各種体験（手作り、果物狩りなど）",0,0,1,0,1,0,0,0,0,0,0,1,0,0,0,0,0,0,歩いていて見つけた,0,0,0,0,0,0,0,0,0,0,0,0,0,0,0,0,0,0,0,0,0,0,0,0,1,,,,,,"10,000円以上 20,000円未満",,使わない,,,,,,,,,,,,4,案内の方が親切,きれい,,,,7,機会があれば行きたい,夜間の観光スポットが少し少ない 自分でプランが無い人は相談した方が良い,金沢中央観光案内所,同意する,,,,案内所で紹介していただいた、飲食店,,,1971,,,,,,
石川,2024/02/07 18:31:17,茨城県,女,1973,,100万円未満,夫婦2人,1泊,石川県外には泊まらない,金沢エリア  （湯涌温泉、深谷温泉、犀川温泉など）,1泊,,,,,,,,,新幹線,0,0,1,0,0,0,0,,0,0,0,0,4,車窓からの眺めがとても良く新幹線内も退屈せず過ごせました,,,初めて,"地元の美味しいものを食べる, 名所、旧跡の観光",0,0,1,0,1,0,0,0,0,0,0,0,0,0,0,0,0,0,"観光展・物産展, 新聞・雑誌・ガイドブック, TV・ラジオ番組やCM",0,0,0,0,0,0,0,0,0,0,0,0,0,0,1,0,1,0,0,0,0,0,1,0,0,,,,,,"10,000円以上 20,000円未満",,"1,000円未満",,,,,,,,,,,,5,夕食の場所　おすすめを教えてくれた,優しい方だとた,,,,10,また行きたい（1年以内）,土産もたくさんでワクワクする 見るもの食べるもの沢山,金沢中央観光案内所,同意する,,プールに入れないのが残念だったけどぜひ行きたい場所だった,,街並みが大好きな雰囲気なので是非行ってみたい,,,1973,,,,,,
石川,2024/02/07 18:38:33,茨城県,男,2001,,200万円以上 300万円未満,親,1泊,石川県外には泊まらない,金沢エリア  （湯涌温泉、深谷温泉、犀川温泉など）,1泊,,,,,,,,,"新幹線, 在来線",0,0,1,1,0,0,0,,0,0,0,0,,,,,初めて,"地元の美味しいものを食べる, 名所、旧跡の観光",0,0,1,0,1,0,0,0,0,0,0,0,0,0,0,0,0,0,観光パンフレット・ポスター,0,0,0,0,0,0,0,0,0,0,0,0,0,0,0,0,0,0,0,0,1,0,0,0,0,,,,,,"5,000円以上 10,000円未満",,使わない,,,,,,,,,,,,5,金沢の観光地、その他情報についてよく知ることができたから,建物が綺麗,,,,10,機会があれば行きたい,特になし 観光する場所が一箇所に集中しているので観光しやすく、楽しいから,金沢中央観光案内所,同意する,,,,,,,2001,,,,,,
石川,2024/02/08 17:13:27,兵庫県,女,1973,,700万円以上 800万円未満,夫婦2人,1泊,石川県外には泊まらない,金沢エリア  （湯涌温泉、深谷温泉、犀川温泉など）,1泊,,,,,,,,,在来線,0,0,0,1,0,0,0,,0,0,0,0,,,,,初めて,地元の美味しいものを食べる,0,0,1,0,0,0,0,0,0,0,0,0,0,0,0,0,0,0,観光協会等の案内所,0,0,0,0,0,0,0,0,0,0,0,0,0,0,0,0,0,0,0,0,0,1,0,0,0,,,,,,"10,000円以上 20,000円未満",,"1,000円以上 3,000円未満",,,,,,,,,,,,4,,,,,,10,また行きたい（1年以内）,もう少し安ければいいかな。,金沢中央観光案内所,同意する,,,,,,,1973,,,,,,
石川,2024/02/10 17:11:56,沖縄県,女,1980,,300万円以上 400万円未満,自分ひとり,4泊以上,福井県,石川県内には宿泊しない,3泊,,,,,,,,,"新幹線, 在来線",0,0,1,1,0,0,0,,0,0,0,0,3,I am not japanese,,,初めて,"名所、旧跡の観光, まちあるき、都市散策",0,0,0,0,1,0,0,0,0,0,1,0,0,0,0,0,0,0,"観光協会等の案内所, passby",0,0,0,0,0,0,0,0,0,0,0,0,0,0,0,0,0,0,0,0,0,1,0,0,0,,,,,,"1,000円以上 3,000円未満",,使わない,,,,,,,,,,,,3,closed,tender service,,,,10,また行きたい（1年以内）,need more 飲食店 I like stamp collecting event of 金沢城跡 a lot,金沢中央観光案内所,同意する,,,,,,,1980,,,,,,
石川,2024/02/10 17:59:36,兵庫県,女,1971,,"1,500万円以上",友人,1泊,石川県外には泊まらない,金沢エリア  （湯涌温泉、深谷温泉、犀川温泉など）,1泊,,,,,,,,,在来線,0,0,0,1,0,0,0,,0,0,0,0,5,バスの便数も多く、移動がスムーズで楽だった,,,2～5回目,"地元の美味しいものを食べる, 名所、旧跡の観光, お祭りやイベントへの参加・見物",0,0,1,0,1,0,0,1,0,0,0,0,0,0,0,0,0,0,"観光展・物産展, 新聞・雑誌・ガイドブック, 観光パンフレット・ポスター, Instagram, 観光協会等の案内所",0,0,0,1,0,0,0,0,0,0,0,0,0,0,0,0,1,0,0,0,1,1,1,0,0,,,,,,"5,000円以上 10,000円未満",,使わない,,,,,,,,,,,,5,,,,,,10,また行きたい（1年以内）,特になし,金沢中央観光案内所,同意する,,,,,,,1971,,,,,,
石川,2024/02/10 19:21:21,東京都,女,1983,,500万円以上 600万円未満,親,2泊,石川県外には泊まらない,金沢エリア  （湯涌温泉、深谷温泉、犀川温泉など）,2泊,,,,,,,,,新幹線,0,0,1,0,0,0,0,,0,0,0,0,,,,,2～5回目,"地元の美味しいものを食べる, 名所、旧跡の観光, 買い物、アウトレット, 復興支援になればと思いました",0,0,1,0,1,0,1,0,0,0,0,0,0,0,0,0,0,0,歩いていて見かけました,0,0,0,0,0,0,0,0,0,0,0,0,0,0,0,0,0,0,0,0,0,0,0,0,1,,,,,,"30,000円以上 40,000円未満",,使わない,,,,,,,,,,,,3,,,,,,5,また行きたい（1年以内）,地酒をじっくり飲める場所をもっと増やしてほしい,金沢中央観光案内所,同意する,,,,,,,1983,,,,,,
石川,2024/02/10 20:09:34,東京都,女,1986,,600万円以上 700万円未満,自分ひとり,4泊以上,石川県外には泊まらない,金沢エリア  （湯涌温泉、深谷温泉、犀川温泉など）,4泊以上,,,,,,,,,新幹線,0,0,1,0,0,0,0,,0,0,0,0,5,バスの本数も多く、徒歩とバス柔軟に選択しながら観光できました,,,初めて,出張など仕事関係,0,0,0,0,0,0,0,0,0,0,0,0,0,0,0,0,1,0,友人・知人,0,0,0,0,0,0,0,0,0,0,0,0,0,0,0,0,0,0,1,0,0,0,0,0,0,,,,,,"5,000円以上 10,000円未満",,使わない,,,,,,,,,,,,5,金沢以外の観光情報もあり、いつかの次どこに行こうかと楽しくなりました,綺麗で居心地が良かったです,,,,10,機会があれば行きたい,このまま古き良きものと落ち着いた雰囲気の残るままでいて欲しいと思います。,金沢中央観光案内所,同意する,,,,,,,1986,,,,,,
石川,2024/02/10 20:44:21,秋田県,無回答,2008,,100万円以上 200万円未満,恋人,日帰り,岐阜県,石川県内には宿泊しない,3泊,,,,,,,,,県外から訪れていない（石川県内在住）,0,0,0,0,0,0,0,,0,0,0,0,,,,,11回目以上,宿でのんびり過ごす,1,0,0,0,0,0,0,0,0,0,0,0,0,0,0,0,0,0,新聞・雑誌・ガイドブック,0,0,0,0,0,0,0,0,0,0,0,0,0,0,0,0,1,0,0,0,0,0,0,0,0,,,,,,使わない,,"20,000円以上 30,000円未満",,,,,,,,,,,,5,,,,,,8,また行きたい（1年以内）,あか,金沢中央観光案内所,同意する,,,,,,,2008,,,,,,
石川,2024/02/11 10:22:46,山形県,女,1953,,300万円以上 400万円未満,恋人,日帰り,富山県,加賀エリア （山代温泉、山中温泉、片山津温泉、粟津温泉、辰口温泉、加賀市、小松市など）,2泊,,,,,,,,,レンタカー,0,1,0,0,0,0,0,,0,0,0,0,5,,,,2～5回目,"温泉や露天風呂, 地元の美味しいものを食べる",0,1,1,0,0,0,0,0,0,0,0,0,0,0,0,0,0,0,"観光協会等の案内所, タクシードライバーや地元の人",0,0,0,0,0,0,0,0,0,0,0,0,0,0,0,0,0,0,0,1,0,1,0,0,0,,,,,,"10,000円以上 20,000円未満",,"20,000円以上 30,000円未満",,,,,,,,,,,,5,,,,,,8,また行きたい（1年以内）,なし,金沢中央観光案内所,同意する,,,,,,,1953,,,,,,
石川,2024/02/11 10:57:16,秋田県,女,1984,,600万円以上 700万円未満,親,4泊以上,石川県外には泊まらない,石川県内には宿泊しない,4泊以上,,,,,,,,,レンタカー,0,1,0,0,0,0,0,,0,0,0,0,4,,,,初めて,"宿でのんびり過ごす, 名所、旧跡の観光",1,0,0,0,1,0,0,0,0,0,0,0,0,0,0,0,0,0,"観光展・物産展, 新聞・雑誌・ガイドブック",0,0,0,0,0,0,0,0,0,0,0,0,0,0,0,0,1,0,0,0,0,0,1,0,0,,,,,,"40,000円以上 50,000円未満",,"10,000円以上 20,000円未満",,,,,,,,,,,,4,,,,,,8,機会があれば行きたい,🈚️,金沢中央観光案内所,同意する,,,,,,,1984,,,,,,
石川,2024/02/11 13:24:37,島根県,女,1997,,500万円以上 600万円未満,恋人,2泊,石川県外には泊まらない,金沢エリア  （湯涌温泉、深谷温泉、犀川温泉など）,2泊,,,,,,,,,自家用車,1,0,0,0,0,0,0,,0,0,0,0,5,道中も楽しかった！,,,初めて,"宿でのんびり過ごす, 地元の美味しいものを食べる, テーマパーク（遊園地、動物園、博物館など）, まちあるき、都市散策",1,0,1,0,0,1,0,0,0,0,1,0,0,0,0,0,0,0,観光展・物産展,0,0,0,0,0,0,0,0,0,0,0,0,0,0,0,0,0,0,0,0,0,0,1,0,0,,,,,,"10,000円以上 20,000円未満",,使わない,,,,,,,,,,,,5,お姉さん優しかった,館内が綺麗,,,,10,また行きたい（1年以内）,特になし 異文化を味わえる,金沢中央観光案内所,同意する,,,,,,,1997,,,,,,
石川,2024/02/11 14:53:26,大阪府,女,1986,,400万円以上 500万円未満,親,4泊以上,福井県,金沢エリア  （湯涌温泉、深谷温泉、犀川温泉など）,4泊以上,,,,,,,,,新幹線,0,0,1,0,0,0,0,,0,0,0,0,,,,,初めて,"温泉や露天風呂, 地元の美味しいものを食べる, 花見や紅葉などの自然鑑賞, 名所、旧跡の観光, まちあるき、都市散策",0,1,1,1,1,0,0,0,0,0,1,0,0,0,0,0,0,0,観光協会等の案内所,0,0,0,0,0,0,0,0,0,0,0,0,0,0,0,0,0,0,0,0,0,1,0,0,0,,,,,,"5,000円以上 10,000円未満",,使わない,,,,,,,,,,,,3,,,,,,5,また行きたい（1年以内）,おいしいお寿司屋さん,金沢中央観光案内所,同意する,,,,,,,1986,,,,,,
石川,2024/02/11 16:24:33,神奈川県,男,1960,,"1,200万円以上 1,500万円未満",夫婦2人,2泊,石川県外には泊まらない,金沢エリア  （湯涌温泉、深谷温泉、犀川温泉など）,2泊,,,,,,,,,飛行機,0,0,0,0,1,0,0,,0,0,0,0,,,,,初めて,"地元の美味しいものを食べる, まちあるき、都市散策",0,0,1,0,0,0,0,0,0,0,1,0,0,0,0,0,0,0,観光協会等の案内所,0,0,0,0,0,0,0,0,0,0,0,0,0,0,0,0,0,0,0,0,0,1,0,0,0,,,,,,"10,000円以上 20,000円未満",,"1,000円未満",,,,,,,,,,,,4,,,,,,7,機会があれば行きたい,海鮮🦀 安心感！,金沢中央観光案内所,同意する,,,,,,,1960,,,,,,
石川,2024/02/11 16:28:33,東京都,女,1970,,"1,000万円以上 1,200万円未満",自分ひとり,2泊,石川県外には泊まらない,金沢エリア  （湯涌温泉、深谷温泉、犀川温泉など）,2泊,,,,,,,,,新幹線,0,0,1,0,0,0,0,,0,0,0,0,,,,,初めて,北陸応援の気持ちで来ました,0,0,0,0,0,0,0,0,0,0,0,0,0,0,0,0,0,0,観光パンフレット・ポスター,0,0,0,0,0,0,0,0,0,0,0,0,0,0,0,0,0,0,0,0,1,0,0,0,0,,,,,,"5,000円以上 10,000円未満",,"1,000円未満",,,,,,,,,,,,4,質問に丁寧に回答してくれました,新しくて綺麗です,,,,10,また行きたい（1年以内）,和菓子 どの季節もきれいだと思うので,金沢中央観光案内所,同意する,,,,,,,1970,,,,,,
石川,2024/02/11 17:42:50,東京都,男,1996,,300万円以上 400万円未満,恋人,2泊,富山県,金沢エリア  （湯涌温泉、深谷温泉、犀川温泉など）,1泊,,,,,,,,,"新幹線, 在来線",0,0,1,1,0,0,0,,0,0,0,0,,,,,初めて,地元の美味しいものを食べる,0,0,1,0,0,0,0,0,0,0,0,0,0,0,0,0,0,0,観光協会等の案内所,0,0,0,0,0,0,0,0,0,0,0,0,0,0,0,0,0,0,0,0,0,1,0,0,0,,,,,,"5,000円以上 10,000円未満",,使わない,,,,,,,,,,,,4,観光情報がまとまっていた。,設備がきれい。,,,,9,機会があれば行きたい,海鮮を中心とした食事がおいしいこと 食事が美味しい。,金沢中央観光案内所,同意する,,,,,,,1996,,,,,,
石川,2024/02/12 15:42:13,奈良県,男,1988,,600万円以上 700万円未満,職場の同僚,4泊以上,奈良県,金沢エリア  （湯涌温泉、深谷温泉、犀川温泉など）,4泊以上,,,,,,,,,在来線,0,0,0,1,0,0,0,,0,0,0,0,5,良かった,,,2～5回目,"温泉や露天風呂, 地元の美味しいものを食べる, 花見や紅葉などの自然鑑賞, 名所、旧跡の観光",0,1,1,1,1,0,0,0,0,0,0,0,0,0,0,0,0,0,観光展・物産展,0,0,0,0,0,0,0,0,0,0,0,0,0,0,0,0,0,0,0,0,0,0,1,0,0,,,,,,"10,000円以上 20,000円未満",,"1,000円以上 3,000円未満",,,,,,,,,,,,5,良かった,良かった,,,,9,また行きたい（1年以内）,なしら 良かった,金沢中央観光案内所,同意する,,,,,,,1988,,,,,,
石川,2024/02/12 15:49:22,東京都,女,1990,,"1,000万円以上 1,200万円未満",夫婦2人,2泊,富山県,金沢エリア  （湯涌温泉、深谷温泉、犀川温泉など）,1泊,,,,,,,,,新幹線,0,0,1,0,0,0,0,,0,0,0,0,4,,,,初めて,"温泉や露天風呂, 地元の美味しいものを食べる, 友人・親戚を訪ねる",0,1,1,0,0,0,0,0,0,0,0,0,0,0,0,0,0,0,たまたま歩いていて見つけた,0,0,0,0,0,0,0,0,0,0,0,0,0,0,0,0,0,0,0,0,0,0,0,0,1,,,,,,"40,000円以上 50,000円未満",,使わない,,,,,,,,,,,,4,,,,,,9,機会があれば行きたい,地元の新鮮な魚,金沢中央観光案内所,同意する,,武家屋敷,,,,,1990,,,,,,
石川,2024/02/13 13:19:17,神奈川県,女,1980,,800万円以上 900万円未満,自分ひとり,3泊,富山県,金沢エリア  （湯涌温泉、深谷温泉、犀川温泉など）,2泊,,,,,,,,,新幹線,0,0,1,0,0,0,0,,0,0,0,0,2,巡回バスの左回りが運休のため路線バスは観光客には分かりにくく、時間も読めないため不便。金沢ほどの都会で交通系ICカードが使えないのはありえない…,,,初めて,"名所、旧跡の観光, まちあるき、都市散策, 友人・親戚を訪ねる",0,0,0,0,1,0,0,0,0,0,1,0,0,0,0,0,0,0,通りすがり,0,0,0,0,0,0,0,0,0,0,0,0,0,0,0,0,0,0,0,0,0,0,0,0,1,,,,,,"10,000円以上 20,000円未満",,使わない,,,,,,,,,,,,3,特にサービスは受けていないので,きれい,,,,5,機会があれば行きたい,金沢以外の情報がもっと欲しい 白山比咩神社、鶴来、静かで良かった,金沢中央観光案内所,同意する,,,,尾崎神社,,,1980,,,,,,
石川,2024/02/13 20:55:58,大阪府,女,1975,,300万円以上 400万円未満,親,2泊,石川県外には泊まらない,金沢エリア  （湯涌温泉、深谷温泉、犀川温泉など）,2泊,,,,,,,,,在来線,0,0,0,1,0,0,0,,0,0,0,0,4,バスが比較的たくさんある,,,初めて,"温泉や露天風呂, 地元の美味しいものを食べる, 名所、旧跡の観光, まちあるき、都市散策",0,1,1,0,1,0,0,0,0,0,1,0,0,0,0,0,0,0,通りすがり,0,0,0,0,0,0,0,0,0,0,0,0,0,0,0,0,0,0,0,0,0,0,0,0,1,,,,,,"5,000円以上 10,000円未満",,使わない,,,,,,,,,,,,3,上品だった,パンフがたくさんあった,,,,10,また行きたい（1年以内）,地産地消 情報収集でき？,金沢中央観光案内所,同意する,,,,,,,1975,,,,,,
石川,2024/02/14 22:35:14,北海道,女,1957,,500万円以上 600万円未満,夫婦と友人夫婦６人,4泊以上,大阪、新潟,金沢エリア  （湯涌温泉、深谷温泉、犀川温泉など）,2泊,,,,,,,,,"新幹線, 飛行機",0,0,1,0,1,0,0,,0,0,0,0,2,PASMOやSuicaがバスで使えなかった,,,初めて,"地元の美味しいものを食べる, 名所、旧跡の観光",0,0,1,0,1,0,0,0,0,0,0,0,0,0,0,0,0,0,見かけたから,0,0,0,0,0,0,0,0,0,0,0,0,0,0,0,0,0,0,0,0,0,0,0,0,1,,,,,,"10,000円以上 20,000円未満",,"1,000円未満",,,,,,,,,,,,4,係員の方が親切だった,欲しかったパンフレットが英語版しかなかった,,,,10,機会があれば行きたい,特になし まだ着いたばかりなので今回の感想は書けないが、金沢はこじんまりとまとまっている街だから便利で薦めたい,金沢中央観光案内所,同意する,,駅でお土産を買った,,夕食を食べた,,,1957,,,,,,
石川,2024/02/15 2:58:14,香川県,男,2003,,100万円未満,恋人,3泊,石川県外には泊まらない,金沢エリア  （湯涌温泉、深谷温泉、犀川温泉など）,2泊,,,,,,,,,夜行バス,0,0,0,0,0,0,0,,0,0,0,0,4,JRのバスは親切だったが、運転の荒いバスもあったので乗り心地が悪かった。,,,初めて,"地元の美味しいものを食べる, 花見や紅葉などの自然鑑賞, 名所、旧跡の観光, まちあるき、都市散策, 各種体験（手作り、果物狩りなど）",0,0,1,1,1,0,0,0,0,0,1,1,0,0,0,0,0,0,"インターネット・アプリ, Instagram, 友人・知人",0,0,0,1,0,0,0,0,0,0,1,0,0,0,0,0,0,0,1,0,0,0,0,0,0,,,,,,"10,000円以上 20,000円未満",,"30,000円以上 40,000円未満",,,,,,,,,,,,5,,,,,,10,また行きたい（1年以内）,3日間本当に楽しかったです。彼女の誕生日にいい思い出作りができ、また金沢に来ます。,金沢中央観光案内所,同意する,,,,,,,2003,,,,,,
石川,2024/02/15 11:40:45,大阪府,女,1974,,800万円以上 900万円未満,夫婦2人,1泊,石川県外には泊まらない,金沢エリア  （湯涌温泉、深谷温泉、犀川温泉など）,1泊,,,,,,,,,在来線,0,0,0,1,0,0,0,,0,0,0,0,4,バスがたくさん走っている,,,初めて,"地元の美味しいものを食べる, 名所、旧跡の観光",0,0,1,0,1,0,0,0,0,0,0,0,0,0,0,0,0,0,観光パンフレット・ポスター,0,0,0,0,0,0,0,0,0,0,0,0,0,0,0,0,0,0,0,0,1,0,0,0,0,,,,,,"10,000円以上 20,000円未満",,使わない,,,,,,,,,,,,3,パンフレットがたくさんあってよかった,静かで落ち着く空間だった,,,,7,機会があれば行きたい,金沢おでんや海産など、私が知らなかっただけかも知れませんが、もっと宣伝してもいいと思いました。 尾山神社は期待以上に見応えがありました,金沢中央観光案内所,同意する,,,,,,,1974,,,,,,
石川,2024/02/15 11:53:33,東京都,女,1962,,500万円以上 600万円未満,夫婦2人,2泊,石川県外には泊まらない,金沢エリア  （湯涌温泉、深谷温泉、犀川温泉など）,2泊,,,,,,,,,新幹線,0,0,1,0,0,0,0,,0,0,0,0,,,,,初めて,"地元の美味しいものを食べる, 名所、旧跡の観光, まちあるき、都市散策",0,0,1,0,1,0,0,0,0,0,1,0,0,0,0,0,0,0,友人・知人,0,0,0,0,0,0,0,0,0,0,0,0,0,0,0,0,0,0,1,0,0,0,0,0,0,,,,,,"10,000円以上 20,000円未満",,使わない,,,,,,,,,,,,3,,,,,,7,また行きたい（1年以内）,地元の方オススメスポットが知りたい。行ってみたい。 ゆったりしている,金沢中央観光案内所,同意する,,,,,,,1962,,,,,,
石川,2024/02/16 11:22:09,大阪府,女,1976,,600万円以上 700万円未満,夫婦2人,1泊,石川県外には泊まらない,金沢エリア  （湯涌温泉、深谷温泉、犀川温泉など）,1泊,,,,,,,,,在来線,0,0,0,1,0,0,0,,0,0,0,0,4,,,,2～5回目,"宿でのんびり過ごす, 温泉や露天風呂, 地元の美味しいものを食べる, 名所、旧跡の観光",1,1,1,0,1,0,0,0,0,0,0,0,0,0,0,0,0,0,旅館スタッフの案内,0,0,0,0,0,0,0,0,0,0,0,0,0,0,0,0,0,0,0,0,0,0,0,0,1,,,,,,"20,000円以上 30,000円未満",,使わない,,,,,,,,,,,,3,おすすめのお土産も置いてたら良かった,,,,,5,機会があれば行きたい,美味しい地場食材が豊富なのでまた訪れたい,金沢中央観光案内所,同意する,,,,,,,1976,,,,,,
石川,2024/02/16 16:53:41,大阪府,女,1995,,200万円以上 300万円未満,親,1泊,石川県外には泊まらない,金沢エリア  （湯涌温泉、深谷温泉、犀川温泉など）,1泊,,,,,,,,,在来線,0,0,0,1,0,0,0,,0,0,0,0,4,バスの方は親切に乗り場を教えてくれました。,,,2～5回目,"宿でのんびり過ごす, 温泉や露天風呂, 地元の美味しいものを食べる, 名所、旧跡の観光, 買い物、アウトレット, まちあるき、都市散策",1,1,1,0,1,0,1,0,0,0,1,0,0,0,0,0,0,0,"TV・ラジオ番組やCM, インターネット・アプリ, Facebook",1,0,0,0,0,0,0,0,0,0,1,0,0,0,1,0,0,0,0,0,0,0,0,0,0,,,,,,"5,000円以上 10,000円未満",,"10,000円以上 20,000円未満",,,,,,,,,,,,4,綺麗な街で心地よなったです。蓄音機の博物館がとても良かったです。,このまま続けて続けてください。,,,,10,また行きたい（1年以内）,ご当地グルメ 蓄音機,金沢中央観光案内所,同意する,,,,,,,1995,,,,,,
石川,2024/02/16 16:56:12,大阪府,女,1988,,"900万円以上 1,000万円未満",家族,1泊,石川県外には泊まらない,金沢エリア  （湯涌温泉、深谷温泉、犀川温泉など）,1泊,,,,,,,,,在来線,0,0,0,1,0,0,0,,0,0,0,0,3,バス料金は全区間統一の方がわかりやすくてありがたいです。,,,2～5回目,"温泉や露天風呂, 地元の美味しいものを食べる, 名所、旧跡の観光, まちあるき、都市散策",0,1,1,0,1,0,0,0,0,0,1,0,0,0,0,0,0,0,通りすがり,0,0,0,0,0,0,0,0,0,0,0,0,0,0,0,0,0,0,0,0,0,0,0,0,1,,,,,,"5,000円以上 10,000円未満",,"1,000円以上 3,000円未満",,,,,,,,,,,,4,特になしです。,,,,,8,また行きたい（1年以内）,関西では味わえない新鮮でおいしい冬の味覚がリーズナブルに味わえること。石川県でしか体験できないアクティビティ。地産地消。 近江町市場。冬の海鮮尽くしは今までで一番最高でした。のどぐろ、白子、寒ぶり、たくさん堪能しました。。,金沢中央観光案内所,同意する,,,,,,,1988,,,,,,
石川,2024/02/17 11:36:30,大阪府,女,1980,,800万円以上 900万円未満,小学生以下連れの家族,2泊,岐阜県,金沢エリア  （湯涌温泉、深谷温泉、犀川温泉など）,1泊,,,,,,,,,レンタカー,0,1,0,0,0,0,0,,0,0,0,0,4,,,,初めて,"地元の美味しいものを食べる, 名所、旧跡の観光, まちあるき、都市散策",0,0,1,0,1,0,0,0,0,0,1,0,0,0,0,0,0,0,通りすがり,0,0,0,0,0,0,0,0,0,0,0,0,0,0,0,0,0,0,0,0,0,0,0,0,1,,,,,,"5,000円以上 10,000円未満",,使わない,,,,,,,,,,,,4,,,,,,7,機会があれば行きたい,子どもの好きな食べ物,金沢中央観光案内所,同意する,,,,,,,1980,,,,,,
石川,2024/02/17 15:34:52,東京都,男,1981,,100万円未満,夫婦2人,4泊以上,石川県外には泊まらない,金沢エリア  （湯涌温泉、深谷温泉、犀川温泉など）,4泊以上,,,,,,,,,飛行機,0,0,0,0,1,0,0,,0,0,0,0,4,,,,初めて,"地元の美味しいものを食べる, 花見や紅葉などの自然鑑賞, 出張など仕事関係",0,0,1,1,0,0,0,0,0,0,0,0,0,0,0,0,1,0,観光展・物産展,0,0,0,0,0,0,0,0,0,0,0,0,0,0,0,0,0,0,0,0,0,0,1,0,0,,,,,,"40,000円以上 50,000円未満",,"1,000円未満",,,,,,,,,,,,4,,,,,,8,あまり行きたいと思わない,特になし,金沢中央観光案内所,同意する,,,,,,,1981,,,,,,
石川,2024/02/18 14:31:02,千葉県,女,1997,,800万円以上 900万円未満,親,2泊,石川県外には泊まらない,金沢エリア  （湯涌温泉、深谷温泉、犀川温泉など）,2泊,,,,,,,,,飛行機,0,0,0,0,1,0,0,,0,0,0,0,3,複数のバスがあり迷った,,,初めて,"宿でのんびり過ごす, 地元の美味しいものを食べる, 花見や紅葉などの自然鑑賞",1,0,1,1,0,0,0,0,0,0,0,0,0,0,0,0,0,0,"観光展・物産展, Instagram",0,0,0,1,0,0,0,0,0,0,0,0,0,0,0,0,0,0,0,0,0,0,1,0,0,,,,,,"50,000円以上 100,000円未満",,使わない,,,,,,,,,,,,4,ガイドマップが豊富,綺麗,,,,7,また行きたい（1年以内）,駐車場が豊富にあると良いと思った ご飯が美味しい、街並みが綺麗,金沢中央観光案内所,同意する,,,,,,,1997,,,,,,
石川,2024/02/18 19:20:07,和歌山県,男,1978,,"900万円以上 1,000万円未満",夫婦2人,1泊,石川県外には泊まらない,金沢エリア  （湯涌温泉、深谷温泉、犀川温泉など）,1泊,,,,,,,,,在来線,0,0,0,1,0,0,0,,0,0,0,0,5,運賃が定額なので使いやすい,,,初めて,"地元の美味しいものを食べる, 買い物、アウトレット, まちあるき、都市散策",0,0,1,0,0,0,1,0,0,0,1,0,0,0,0,0,0,0,観光パンフレット・ポスター,0,0,0,0,0,0,0,0,0,0,0,0,0,0,0,0,0,0,0,0,1,0,0,0,0,,,,,,"5,000円以上 10,000円未満",,使わない,,,,,,,,,,,,4,お店の場所を聞くと親切に教えてもらえた,観光パンフレットが多く、ゆっくり閲覧する場所がある,,,,10,また行きたい（1年以内）,特になし 寿司やおでんなどの金沢グルメがどれを食べても美味しかったから,金沢中央観光案内所,同意する,,,,,,,1978,,,,,,
石川,2024/02/18 20:01:10,和歌山県,女,1976,,"900万円以上 1,000万円未満",夫婦2人,1泊,石川県外には泊まらない,金沢エリア  （湯涌温泉、深谷温泉、犀川温泉など）,1泊,,,,,,,,,在来線,0,0,0,1,0,0,0,,0,0,0,0,4,,,,2～5回目,"地元の美味しいものを食べる, 名所、旧跡の観光, まちあるき、都市散策",0,0,1,0,1,0,0,0,0,0,1,0,0,0,0,0,0,0,"観光パンフレット・ポスター, 観光協会等の案内所",0,0,0,0,0,0,0,0,0,0,0,0,0,0,0,0,0,0,0,0,1,1,0,0,0,,,,,,"5,000円以上 10,000円未満",,"3,000円以上 5,000円未満",,,,,,,,,,,,4,,,,,,3,また行きたい（1年以内）,足湯か手湯の施設が金沢市内の街中であれば嬉しい,金沢中央観光案内所,同意する,,,,,,,1976,,,,,,
石川,2024/02/19 15:07:36,京都府,女,1985,,100万円以上 200万円未満,自分ひとり,2泊,石川県外には泊まらない,金沢エリア  （湯涌温泉、深谷温泉、犀川温泉など）,2泊,,,,,,,,,旅行会社ツアーバス,0,0,0,0,0,1,0,,0,0,0,0,5,,,,初めて,名所、旧跡の観光,0,0,0,0,1,0,0,0,0,0,0,0,0,0,0,0,0,0,観光展・物産展,0,0,0,0,0,0,0,0,0,0,0,0,0,0,0,0,0,0,0,0,0,0,1,0,0,,,,,,"1,000円以上 3,000円未満",,使わない,,,,,,,,,,,,5,,,,,,10,また行きたい（1年以内）,nashi,金沢中央観光案内所,同意する,,,,,,,1985,,,,,,
石川,2024/02/19 15:09:53,東京都,男,1973,,"1,500万円以上",自分ひとり,日帰り,日帰り,石川県内には宿泊しない,石川県内には宿泊しない,,,,,,,,,"新幹線, 在来線",0,0,1,1,0,0,0,,0,0,0,0,,,,,初めて,"地元の美味しいものを食べる, まちあるき、都市散策",0,0,1,0,0,0,0,0,0,0,1,0,0,0,0,0,0,0,たまたま見つけた,0,0,0,0,0,0,0,0,0,0,0,0,0,0,0,0,0,0,0,0,0,0,0,0,1,,,,,,使わない,,使わない,,,,,,,,,,,,4,係の方の対応,豊富なパンフレット,,,,10,また行きたい（1年以内）,蟹、フグなどを銘酒と味わえる場所をわかりやすく案内していただきたいし、そういったお店が増えると嬉しいです。 鮨屋　大国鮨に行ったが主人も高齢で、お元気なうちに再訪したいと思ったから,金沢中央観光案内所,同意する,,,,,,,1973,,,,,,
石川,2024/02/19 16:47:05,兵庫県,女,1969,,600万円以上 700万円未満,夫婦2人,1泊,石川県外には泊まらない,金沢エリア  （湯涌温泉、深谷温泉、犀川温泉など）,1泊,,,,,,,,,在来線,0,0,0,1,0,0,0,,0,0,0,0,4,武家屋敷を見ながら尾山神社に向かう途中で寄りました。ちょうど良い場所で休憩できました,,,初めて,地元の美味しいものを食べる,0,0,1,0,0,0,0,0,0,0,0,0,0,0,0,0,0,0,観光パンフレット・ポスター,0,0,0,0,0,0,0,0,0,0,0,0,0,0,0,0,0,0,0,0,1,0,0,0,0,,,,,,"5,000円以上 10,000円未満",,使わない,,,,,,,,,,,,4,ゆっくりるるぶを読んで、明日の計画をたてられました,キレイで椅子もたくさんあって、ゆっくりできる,,,,5,機会があれば行きたい,カニ面が食べてみたいから、その時期にまた来たいです 金沢はコンパクトにまとまっていて、歩いて回るのも全然大丈夫とわかったから,金沢中央観光案内所,同意する,,,,夕飯食べにいきます,,,1969,,,,,,
石川,2024/02/19 19:27:00,島根県,男,1954,,100万円未満,夫婦2人,4泊以上,石川県外には泊まらない,金沢エリア  （湯涌温泉、深谷温泉、犀川温泉など）,4泊以上,,,,,,,,,在来線,0,0,0,1,0,0,0,,0,0,0,0,4,不便は感じなかった,,,初めて,"名所、旧跡の観光, まちあるき、都市散策, 友人・親戚を訪ねる",0,0,0,0,1,0,0,0,0,0,1,0,0,0,0,0,0,0,観光展・物産展,0,0,0,0,0,0,0,0,0,0,0,0,0,0,0,0,0,0,0,0,0,0,1,0,0,,,,,,"50,000円以上 100,000円未満",,使わない,,,,,,,,,,,,4,特に不満はない,特に不満はない,,,,10,機会があれば行きたい,特になし 長期旅程でも観光できる観光地が多く楽しめたため,金沢中央観光案内所,同意する,,,,,,,1954,,,,,,
石川,2024/02/19 21:56:12,愛知県,男,1970,,600万円以上 700万円未満,自分ひとり,1泊,石川県外には泊まらない,金沢エリア  （湯涌温泉、深谷温泉、犀川温泉など）,1泊,,,,,,,,,在来線,0,0,0,1,0,0,0,,0,0,0,0,,,,,初めて,"宿でのんびり過ごす, 温泉や露天風呂, 地元の美味しいものを食べる",1,1,1,0,0,0,0,0,0,0,0,0,0,0,0,0,0,0,インターネット・アプリ,0,0,0,0,0,0,0,0,0,0,1,0,0,0,0,0,0,0,0,0,0,0,0,0,0,,,,,,"10,000円以上 20,000円未満",,使わない,,,,,,,,,,,,3,,,,,,10,機会があれば行きたい,美味しい料理と美しい景色。温泉。愛知県から割と近い wifiや観光パンフレットがあり座る場所があるところ,金沢中央観光案内所,同意する,,加賀温泉,,金沢レトロ建築群。武家屋敷,,,1970,,,,,,
石川,2024/02/19 22:59:49,京都府,男,1973,,"900万円以上 1,000万円未満",自分ひとり,4泊以上,石川県外には泊まらない,金沢エリア  （湯涌温泉、深谷温泉、犀川温泉など）,4泊以上,,,,,,,,,在来線,0,0,0,1,0,0,0,,0,0,0,0,,,,,初めて,出張など仕事関係,0,0,0,0,0,0,0,0,0,0,0,0,0,0,0,0,1,0,たまたま前を通ったから,0,0,0,0,0,0,0,0,0,0,0,0,0,0,0,0,0,0,0,0,0,0,0,0,1,,,,,,"5,000円以上 10,000円未満",,使わない,,,,,,,,,,,,3,パンフレットは置いてあるが、それ以上でもそれ以下でもない。積極的に利用するメリットが感じられない。,閉じたかんじがする。,,,,3,機会があれば行きたい,地元のものを観光客向けではなく、地元向けの価格で飲食したい。観光客はぼったくられている感じがする。 近江町市場、金沢21世紀美術館,金沢中央観光案内所,同意する,,,,,,,1973,,,,,,
石川,2024/02/21 16:01:46,奈良県,男,1971,,"1,000万円以上 1,200万円未満",夫婦2人,2泊,石川県外には泊まらない,金沢エリア  （湯涌温泉、深谷温泉、犀川温泉など）,2泊,,,,,,,,,自家用車,1,0,0,0,0,0,0,,0,0,0,0,5,利用しやすいから,,,2～5回目,"宿でのんびり過ごす, 温泉や露天風呂, 地元の美味しいものを食べる",1,1,1,0,0,0,0,0,0,0,0,0,0,0,0,0,0,0,"観光展・物産展, 新聞・雑誌・ガイドブック, インターネット・アプリ, 観光協会等の案内所",0,0,0,0,0,0,0,0,0,0,1,0,0,0,0,0,1,0,0,0,0,1,1,0,0,,,,,,"10,000円以上 20,000円未満",,"20,000円以上 30,000円未満",,,,,,,,,,,,4,食べ物が美味しい、とても満足にならないのは、お値段が高い,,,,,9,また行きたい（1年以内）,お得にお酒とお食事が楽しめる場所があればいい,金沢中央観光案内所,同意する,,,,,,,1971,,,,,,
石川,2024/02/21 16:44:13,東京都,女,1967,,200万円以上 300万円未満,自分ひとり,日帰り,石川県外には泊まらない,石川県内には宿泊しない,石川県内には宿泊しない,,,,,,,,,高速バス,0,0,0,0,0,0,0,,0,0,0,0,,,,,初めて,友人・親戚を訪ねる,0,0,0,0,0,0,0,0,0,0,0,0,0,0,0,0,0,0,通りがかった,0,0,0,0,0,0,0,0,0,0,0,0,0,0,0,0,0,0,0,0,0,0,0,0,1,,,,,,使わない,,使わない,,,,,,,,,,,,5,スマホの充電をさせて頂きました,遅くまで開館時間がある事,,,,10,また行きたい（1年以内）,酒粕をお土産にしました　　 銭湯　安価でゆっくり温まりました,金沢中央観光案内所,同意する,,銭湯　香林坊,,食事,,,1967,,,,,,
石川,2024/02/22 14:12:21,宮城県,女,1980,,200万円以上 300万円未満,親,2泊,石川県外には泊まらない,金沢エリア  （湯涌温泉、深谷温泉、犀川温泉など）,2泊,,,,,,,,,"新幹線, 在来線",0,0,1,1,0,0,0,,0,0,0,0,,,,,初めて,"地元の美味しいものを食べる, 名所、旧跡の観光, 買い物、アウトレット, まちあるき、都市散策",0,0,1,0,1,0,1,0,0,0,1,0,0,0,0,0,0,0,"観光展・物産展, 新聞・雑誌・ガイドブック, 観光連盟やDMOのHP, インターネット・アプリ, X(旧：Twitter), Instagram",0,0,0,1,0,1,0,0,0,0,1,0,0,0,0,0,1,0,0,0,0,0,1,1,0,,,,,,"5,000円以上 10,000円未満",,"1,000円未満",,,,,,,,,,,,4,,,,,,9,機会があれば行きたい,特になし,金沢中央観光案内所,同意する,,,,石川県立美術館,,,1980,,,,,,
石川,2024/02/22 14:14:41,宮城県,女,1953,,200万円以上 300万円未満,次女と,2泊,石川県外には泊まらない,金沢エリア  （湯涌温泉、深谷温泉、犀川温泉など）,2泊,,,,,,,,,新幹線,0,0,1,0,0,0,0,,0,0,0,0,5,どの路線も分かりやすくなっていて、素晴らしい！,,,6～10回目,"地元の美味しいものを食べる, 名所、旧跡の観光, まちあるき、都市散策",0,0,1,0,1,0,0,0,0,0,1,0,0,0,0,0,0,0,インターネット・アプリ,0,0,0,0,0,0,0,0,0,0,1,0,0,0,0,0,0,0,0,0,0,0,0,0,0,,,,,,"10,000円以上 20,000円未満",,使わない,,,,,,,,,,,,3,,,,,,10,また行きたい（1年以内）,無し,金沢中央観光案内所,同意する,,大樋焼美術館,,,,,1953,,,,,,
石川,2024/02/23 11:15:20,東京都,無回答,1996,,500万円以上 600万円未満,友人,1泊,石川県外には泊まらない,金沢エリア  （湯涌温泉、深谷温泉、犀川温泉など）,1泊,,,,,,,,,新幹線,0,0,1,0,0,0,0,,0,0,0,0,5,,,,初めて,"地元の美味しいものを食べる, 花見や紅葉などの自然鑑賞, 名所、旧跡の観光, まちあるき、都市散策",0,0,1,1,1,0,0,0,0,0,1,0,0,0,0,0,0,0,尾山神社から出て目についた,0,0,0,0,0,0,0,0,0,0,0,0,0,0,0,0,0,0,0,0,0,0,0,0,1,,,,,,"10,000円以上 20,000円未満",,使わない,,,,,,,,,,,,5,,,,,,10,また行きたい（1年以内）,特になし,金沢中央観光案内所,同意する,,,,,,,1996,,,,,,
石川,2024/02/23 12:27:10,東京都,男,1994,,"900万円以上 1,000万円未満",自分ひとり,2泊,石川県外には泊まらない,金沢エリア  （湯涌温泉、深谷温泉、犀川温泉など）,2泊,,,,,,,,,新幹線,0,0,1,0,0,0,0,,0,0,0,0,2,路線バスの種類が多く、どれに乗ればいいのか分かりにくかった。またSuica等のICカードが使えない,,,初めて,"温泉や露天風呂, 地元の美味しいものを食べる",0,1,1,0,0,0,0,0,0,0,0,0,0,0,0,0,0,0,たまたま通りがかった,0,0,0,0,0,0,0,0,0,0,0,0,0,0,0,0,0,0,0,0,0,0,0,0,1,,,,,,"10,000円以上 20,000円未満",,使わない,,,,,,,,,,,,3,,,,,,9,機会があれば行きたい,特になし 魚を中心としたご飯全般。リーズナブルに最高級のものが食べられる,金沢中央観光案内所,同意する,,県立美術館,,,,,1994,,,,,,
石川,2024/02/23 13:36:18,石川県,男,2000,,300万円以上 400万円未満,小学生以下連れの家族,日帰り,石川県外には泊まらない,石川県内には宿泊しない,石川県内には宿泊しない,,,,,,,,,自家用車,1,0,0,0,0,0,0,,0,0,0,0,3,,,,初めて,地元の美味しいものを食べる,0,0,1,0,0,0,0,0,0,0,0,0,0,0,0,0,0,0,インターネット・アプリ,0,0,0,0,0,0,0,0,0,0,1,0,0,0,0,0,0,0,0,0,0,0,0,0,0,,,,,,使わない,,使わない,,,,,,,,,,,,3,,,,,,10,機会があれば行きたい,特になし,金沢中央観光案内所,同意する,,,,,,,2000,,,,,,
石川,2024/02/23 17:30:07,神奈川県,男,1963,,"1,000万円以上 1,200万円未満",夫婦2人,2泊,石川県外には泊まらない,金沢エリア  （湯涌温泉、深谷温泉、犀川温泉など）,2泊,,,,,,,,,飛行機,0,0,0,0,1,0,0,,0,0,0,0,3,,,,初めて,復興,0,0,0,0,0,0,0,0,0,0,0,0,0,0,0,0,0,0,災害情報,0,0,0,0,0,0,0,0,0,0,0,0,0,0,0,0,0,0,0,0,0,0,0,0,1,,,,,,"20,000円以上 30,000円未満",,"1,000円未満",,,,,,,,,,,,3,,,,,,8,機会があれば行きたい,工業製品では無い自然なものを嗜みたい,金沢中央観光案内所,同意する,,,,,,,1963,,,,,,
石川,2024/02/23 18:52:49,群馬県,女,1962,,"900万円以上 1,000万円未満",夫婦2人,3泊,長野県,金沢エリア  （湯涌温泉、深谷温泉、犀川温泉など）,2泊,,,,,,,,,自家用車,1,0,0,0,0,0,0,,0,0,0,0,,,,,2～5回目,"地元の美味しいものを食べる, 買い物、アウトレット, まちあるき、都市散策, 災害支援で、買い物をしようと来ました",0,0,1,0,0,0,1,0,0,0,1,0,0,0,0,0,0,0,観光協会等の案内所,0,0,0,0,0,0,0,0,0,0,0,0,0,0,0,0,0,0,0,0,0,1,0,0,0,,,,,,"20,000円以上 30,000円未満",,使わない,,,,,,,,,,,,4,落ち着く,資料が豊富,,,,10,また行きたい（1年以内）,山あり海あり　都会であり田舎でもあり　とても素敵なところです　　能登の復旧復興をお祈りしつつ、美味しいものを買って帰ります 街がきれい　食べ物が美味しい,金沢中央観光案内所,同意する,,エムザ,,買い物をしたのでホテルに戻ります,,,1962,,,,,,
石川,2024/02/23 22:05:30,奈良県,女,2003,,100万円未満,親,2泊,石川県外には泊まらない,金沢エリア  （湯涌温泉、深谷温泉、犀川温泉など）,2泊,,,,,,,,,在来線,0,0,0,1,0,0,0,,0,0,0,0,,,,,初めて,"地元の美味しいものを食べる, お祭りやイベントへの参加・見物, まちあるき、都市散策, 各種体験（手作り、果物狩りなど）",0,0,1,0,0,0,0,1,0,0,1,1,0,0,0,0,0,0,通りがかったから。,0,0,0,0,0,0,0,0,0,0,0,0,0,0,0,0,0,0,0,0,0,0,0,0,1,,,,,,"10,000円以上 20,000円未満",,使わない,,,,,,,,,,,,4,,,,,,9,機会があれば行きたい,落ち着いて海鮮丼が食べられる場所があれば嬉しいです。,金沢中央観光案内所,同意する,,,,,,,2003,,,,,,
石川,2024/02/23 22:18:21,鹿児島県,男,1975,,600万円以上 700万円未満,自分ひとり,4泊以上,石川県外には泊まらない,金沢エリア  （湯涌温泉、深谷温泉、犀川温泉など）,4泊以上,,,,,,,,,飛行機,0,0,0,0,1,0,0,,0,0,0,0,4,徒歩圏内に名所が集中しているから,,,初めて,出張など仕事関係,0,0,0,0,0,0,0,0,0,0,0,0,0,0,0,0,1,0,街歩き,0,0,0,0,0,0,0,0,0,0,0,0,0,0,0,0,0,0,0,0,0,0,0,0,1,,,,,,"30,000円以上 40,000円未満",,"1,000円未満",,,,,,,,,,,,3,特になし,きれい,,,,8,機会があれば行きたい,特になし,金沢中央観光案内所,同意する,,,,ほぼ訪れた,,,1975,,,,,,
石川,2024/02/23 22:48:07,千葉県,女,1963,,"1,500万円以上",夫婦2人,2泊,石川県外には泊まらない,金沢エリア  （湯涌温泉、深谷温泉、犀川温泉など）,2泊,,,,,,,,,新幹線,0,0,1,0,0,0,0,,0,0,0,0,3,それほどまたなかったから,,,2～5回目,地元の美味しいものを食べる,0,0,1,0,0,0,0,0,0,0,0,0,0,0,0,0,0,0,インターネット・アプリ,0,0,0,0,0,0,0,0,0,0,1,0,0,0,0,0,0,0,0,0,0,0,0,0,0,,,,,,"40,000円以上 50,000円未満",,使わない,,,,,,,,,,,,3,,,,,,5,機会があれば行きたい,特になし,金沢中央観光案内所,同意する,,,,,,,1963,,,,,,
石川,2024/02/24 8:05:42,滋賀県,女,1976,,300万円以上 400万円未満,恋人,1泊,石川県外には泊まらない,金沢エリア  （湯涌温泉、深谷温泉、犀川温泉など）,1泊,,,,,,,,,在来線,0,0,0,1,0,0,0,,0,0,0,0,5,バス、徒歩圏内に観光地があり便利に移動できる,,,初めて,"宿でのんびり過ごす, 地元の美味しいものを食べる, まちあるき、都市散策",1,0,1,0,0,0,0,0,0,0,1,0,0,0,0,0,0,0,観光協会等の案内所,0,0,0,0,0,0,0,0,0,0,0,0,0,0,0,0,0,0,0,0,0,1,0,0,0,,,,,,"10,000円以上 20,000円未満",,"1,000円未満",,,,,,,,,,,,4,色々な情報があった,広くてきれい,,,,10,また行きたい（1年以内）,地元ならではのもの 食べ物が美味しい、街並み,金沢中央観光案内所,同意する,,忍者寺,,,,,1976,,,,,,
石川,2024/02/24 8:09:29,大阪府,男,1971,,500万円以上 600万円未満,夫婦2人,1泊,石川県外には泊まらない,金沢エリア  （湯涌温泉、深谷温泉、犀川温泉など）,1泊,,,,,,,,,在来線,0,0,0,1,0,0,0,,0,0,0,0,5,京都からサンダーバード乗り換えなしで来れたのでよかった。,,,2～5回目,"宿でのんびり過ごす, 地元の美味しいものを食べる, 名所、旧跡の観光, まちあるき、都市散策",1,0,1,0,1,0,0,0,0,0,1,0,0,0,0,0,0,0,"観光展・物産展, TV・ラジオ番組やCM",0,0,0,0,0,0,0,0,0,0,0,0,0,0,1,0,0,0,0,0,0,0,1,0,0,,,,,,"10,000円以上 20,000円未満",,"3,000円以上 5,000円未満",,,,,,,,,,,,5,,観光案内所のスペースも広く北陸のリーフレットなどもかなり多くアピールがすごいと感心しました。他県ではあまりみたことない。力の入れようがすごく感じられた。,,,,10,機会があれば行きたい,このままで良いと思う 食も観光も金沢駅前似宿泊すれば味会えること,金沢中央観光案内所,同意する,,,,,,,1971,,,,,,
石川,2024/02/24 12:40:45,和歌山県,女,1969,,300万円以上 400万円未満,家族,1泊,石川県外には泊まらない,金沢エリア  （湯涌温泉、深谷温泉、犀川温泉など）,1泊,,,,,,,,,"在来線, 一部はころころサイコロきっぷ",0,0,0,1,0,0,0,,0,0,0,0,3,,,,初めて,"温泉や露天風呂, 地元の美味しいものを食べる, 名所、旧跡の観光",0,1,1,0,1,0,0,0,0,0,0,0,0,0,0,0,0,0,通りがかり,0,0,0,0,0,0,0,0,0,0,0,0,0,0,0,0,0,0,0,0,0,0,0,0,1,,,,,,"5,000円以上 10,000円未満",,使わない,,,,,,,,,,,,3,,,,,,5,機会があれば行きたい,特になし,金沢中央観光案内所,同意する,,,,,,,1969,,,,,,
石川,2024/02/24 18:06:29,大阪府,女,1967,,300万円以上 400万円未満,自分ひとり,3泊,岐阜県,金沢エリア  （湯涌温泉、深谷温泉、犀川温泉など）,2泊,,,,,,,,,在来線,0,0,0,1,0,0,0,,0,0,0,0,,,,,初めて,"花見や紅葉などの自然鑑賞, 名所、旧跡の観光",0,0,0,1,1,0,0,0,0,0,0,0,0,0,0,0,0,0,新聞・雑誌・ガイドブック,0,0,0,0,0,0,0,0,0,0,0,0,0,0,0,0,1,0,0,0,0,0,0,0,0,,,,,,"10,000円以上 20,000円未満",,使わない,,,,,,,,,,,,5,親切丁寧でした,キレイでわかりやすい,,,,10,機会があれば行きたい,近江町市場で夜食べたい。 地震のあとも頑張っていらっしゃるのが感じられたから,金沢中央観光案内所,同意する,,,,,,,1967,,,,,,
石川,2024/02/24 18:46:41,東京都,女,1997,,"1,000万円以上 1,200万円未満",恋人,3泊,富山県,金沢エリア  （湯涌温泉、深谷温泉、犀川温泉など）,2泊,,,,,,,,,新幹線,0,0,1,0,0,0,0,,0,0,0,0,3,,,,初めて,"宿でのんびり過ごす, 地元の美味しいものを食べる",1,0,1,0,0,0,0,0,0,0,0,0,0,0,0,0,0,0,友人・知人,0,0,0,0,0,0,0,0,0,0,0,0,0,0,0,0,0,0,1,0,0,0,0,0,0,,,,,,"50,000円以上 100,000円未満",,"20,000円以上 30,000円未満",,,,,,,,,,,,1,,,,,,2,あまり行きたいと思わない,特になし,金沢中央観光案内所,同意する,,,,,,,1997,,,,,,
石川,2024/02/24 23:17:57,東京都,女,1998,,400万円以上 500万円未満,友人,1泊,石川県外には泊まらない,金沢エリア  （湯涌温泉、深谷温泉、犀川温泉など）,1泊,,,,,,,,,"新幹線, 在来線",0,0,1,1,0,0,0,,0,0,0,0,4,全国の交通系ICカードが使えなかったこと以外は、満足であった。,,,初めて,"宿でのんびり過ごす, 地元の美味しいものを食べる, 花見や紅葉などの自然鑑賞, 名所、旧跡の観光, 買い物、アウトレット, まちあるき、都市散策",1,0,1,1,1,0,1,0,0,0,1,0,0,0,0,0,0,0,通りかかった,0,0,0,0,0,0,0,0,0,0,0,0,0,0,0,0,0,0,0,0,0,0,0,0,1,,,,,,"30,000円以上 40,000円未満",,使わない,,,,,,,,,,,,4,,,,,,10,機会があれば行きたい,特になし 観光地として素晴らしい,金沢中央観光案内所,同意する,,,,足軽,,,1998,,,,,,
石川,2024/02/25 1:23:48,東京都,女,1998,,"1,000万円以上 1,200万円未満",友人,1泊,石川県外には泊まらない,金沢エリア  （湯涌温泉、深谷温泉、犀川温泉など）,1泊,,,,,,,,,新幹線,0,0,1,0,0,0,0,,0,0,0,0,5,運転手が現金の両替などとても丁寧に対応してくれたため,,,初めて,"温泉や露天風呂, 地元の美味しいものを食べる, 花見や紅葉などの自然鑑賞, 名所、旧跡の観光, 買い物、アウトレット, まちあるき、都市散策",0,1,1,1,1,0,1,0,0,0,1,0,0,0,0,0,0,0,近くの看板,0,0,0,0,0,0,0,0,0,0,0,0,0,0,0,0,0,0,0,0,0,0,0,0,1,,,,,,"20,000円以上 30,000円未満",,使わない,,,,,,,,,,,,3,,,,,,5,機会があれば行きたい,ひゃくまんさんの活躍,金沢中央観光案内所,同意する,,,,足軽資料館,,,1998,,,,,,
石川,2024/02/25 2:15:31,千葉県,男,1995,,300万円以上 400万円未満,友人,2泊,石川県外には泊まらない,金沢エリア  （湯涌温泉、深谷温泉、犀川温泉など）,2泊,,,,,,,,,新幹線,0,0,1,0,0,0,0,,0,0,0,0,4,,,,初めて,"宿でのんびり過ごす, 温泉や露天風呂, 地元の美味しいものを食べる, お祭りやイベントへの参加・見物, まちあるき、都市散策, 各種体験（手作り、果物狩りなど）, ラブライブ！蓮ノ空 聖地巡礼",1,1,1,0,0,0,0,1,0,0,1,1,0,0,0,0,0,0,友人・知人,0,0,0,0,0,0,0,0,0,0,0,0,0,0,0,0,0,0,1,0,0,0,0,0,0,,,,,,"20,000円以上 30,000円未満",,使わない,,,,,,,,,,,,4,,,,,,10,また行きたい（1年以内）,マグロ解体ショーがとても楽しかった,金沢中央観光案内所,同意する,,,,,,,1995,,,,,,
石川,2024/02/25 10:31:09,東京都,女,1968,,"1,000万円以上 1,200万円未満",中学生以下連れの家族,日帰り,石川県外には泊まらない,石川県内には宿泊しない,石川県内には宿泊しない,,,,,,,,,飛行機,0,0,0,0,1,0,0,,0,0,0,0,,,,,2～5回目,"地元の美味しいものを食べる, 名所、旧跡の観光, まちあるき、都市散策, 各種体験（手作り、果物狩りなど）, 観光業応援のため",0,0,1,0,1,0,0,0,0,0,1,1,0,0,0,0,0,0,"新聞・雑誌・ガイドブック, 観光パンフレット・ポスター, インターネット・アプリ, 友人・知人",0,0,0,0,0,0,0,0,0,0,1,0,0,0,0,0,1,0,1,0,1,0,0,0,0,,,,,,使わない,,使わない,,,,,,,,,,,,4,資料が揃っている(街歩きのコンパクトな地図は友禅染会館にあったものの方が良かった。),キレイで立地がよい,,,,10,また行きたい（1年以内）,今回は使わなかったが次回は自転車を利用したいので、一時自転車置き場などの充実 コンパクトな範囲で充実した観光名所がたくさんある。,金沢中央観光案内所,同意する,,,,,,,1968,,,,,,
石川,2024/02/25 11:07:32,大阪府,男,1995,,500万円以上 600万円未満,恋人,1泊,石川県外には泊まらない,金沢エリア  （湯涌温泉、深谷温泉、犀川温泉など）,1泊,,,,,,,,,在来線,0,0,0,1,0,0,0,,0,0,0,0,,,,,初めて,"温泉や露天風呂, 地元の美味しいものを食べる",0,1,1,0,0,0,0,0,0,0,0,0,0,0,0,0,0,0,インターネット・アプリ,0,0,0,0,0,0,0,0,0,0,1,0,0,0,0,0,0,0,0,0,0,0,0,0,0,,,,,,"10,000円以上 20,000円未満",,使わない,,,,,,,,,,,,4,,,,,,8,機会があれば行きたい,特に無し,金沢中央観光案内所,同意する,,,,,,,1995,,,,,,
石川,2024/02/25 11:08:05,大阪府,女,1996,,600万円以上 700万円未満,両親とパートナー,1泊,石川県外には泊まらない,金沢エリア  （湯涌温泉、深谷温泉、犀川温泉など）,1泊,,,,,,,,,在来線,0,0,0,1,0,0,0,,0,0,0,0,,,,,初めて,"地元の美味しいものを食べる, 名所、旧跡の観光",0,0,1,0,1,0,0,0,0,0,0,0,0,0,0,0,0,0,"新聞・雑誌・ガイドブック, インターネット・アプリ, Instagram",0,0,0,1,0,0,0,0,0,0,1,0,0,0,0,0,1,0,0,0,0,0,0,0,0,,,,,,"10,000円以上 20,000円未満",,"5,000円以上 10,000円未満",,,,,,,,,,,,4,声をかけてくれた,暖かくて綺麗,,,,10,また行きたい（1年以内）,特になし 街並み,金沢中央観光案内所,同意する,,,,,,,1996,,,,,,
石川,2024/02/25 16:22:11,新潟県,女,2000,,300万円以上 400万円未満,中学生以下連れの家族,日帰り,富山県,石川県内には宿泊しない,1泊,,,,,,,,,飛行機,0,0,0,0,1,0,0,,0,0,0,0,5,,,,2～5回目,地元の美味しいものを食べる,0,0,1,0,0,0,0,0,0,0,0,0,0,0,0,0,0,0,インターネット・アプリ,0,0,0,0,0,0,0,0,0,0,1,0,0,0,0,0,0,0,0,0,0,0,0,0,0,,,,,,"10,000円以上 20,000円未満",,"5,000円以上 10,000円未満",,,,,,,,,,,,5,,,,,,10,また行きたい（1年以内）,特になし,金沢中央観光案内所,同意する,,,,,,,2000,,,,,,
石川,2024/02/25 20:48:13,和歌山県,その他,1967,,500万円以上 600万円未満,小学生以下連れの家族,1泊,石川県外には泊まらない,金沢エリア  （湯涌温泉、深谷温泉、犀川温泉など）,1泊,,,,,,,,,在来線,0,0,0,1,0,0,0,,0,0,0,0,,,,,初めて,"地元の美味しいものを食べる, 名所、旧跡の観光, まちあるき、都市散策",0,0,1,0,1,0,0,0,0,0,1,0,0,0,0,0,0,0,インターネット・アプリ,0,0,0,0,0,0,0,0,0,0,1,0,0,0,0,0,0,0,0,0,0,0,0,0,0,,,,,,"5,000円以上 10,000円未満",,使わない,,,,,,,,,,,,3,,,,,,6,また行きたい（1年以内）,良いものが沢山ありますもっとPRして欲しい,金沢中央観光案内所,同意する,,,,,,,1967,,,,,,
石川,2024/02/26 21:48:10,千葉県,男,1982,,"900万円以上 1,000万円未満",夫婦2人,4泊以上,石川県外には泊まらない,金沢エリア  （湯涌温泉、深谷温泉、犀川温泉など）,4泊以上,,,,,,,,,新幹線,0,0,1,0,0,0,0,,0,0,0,0,5,バスの便が多くあって待ち時間が少なかった,,,初めて,"地元の美味しいものを食べる, 花見や紅葉などの自然鑑賞, 名所、旧跡の観光, お祭りやイベントへの参加・見物, まちあるき、都市散策, 友人・親戚を訪ねる",0,0,1,1,1,0,0,1,0,0,1,0,0,0,0,0,0,0,"新聞・雑誌・ガイドブック, インターネット・アプリ, Instagram",0,0,0,1,0,0,0,0,0,0,1,0,0,0,0,0,1,0,0,0,0,0,0,0,0,,,,,,"50,000円以上 100,000円未満",,使わない,,,,,,,,,,,,5,震災の際に地元スパー等の場所を詳しく教えて頂きました。,綺麗な場所でした。,,,,10,また行きたい（1年以内）,治部煮とお寿司が美味しかったです。九谷焼が美しかったです。,金沢中央観光案内所,同意する,,,,,,,1982,,,,,,
石川,2024/02/26 22:08:37,大阪府,女,1986,,300万円以上 400万円未満,夫婦2人,1泊,石川県外には泊まらない,金沢エリア  （湯涌温泉、深谷温泉、犀川温泉など）,1泊,,,,,,,,,在来線,0,0,0,1,0,0,0,,0,0,0,0,,,,,初めて,"地元の美味しいものを食べる, 名所、旧跡の観光, 各種体験（手作り、果物狩りなど）",0,0,1,0,1,0,0,0,0,0,0,1,0,0,0,0,0,0,通りがかって,0,0,0,0,0,0,0,0,0,0,0,0,0,0,0,0,0,0,0,0,0,0,0,0,1,,,,,,"10,000円以上 20,000円未満",,使わない,,,,,,,,,,,,4,傘の貸し出しがあった。,震災の寄付金、募金などもっとわかりやすくあればいいと思う。,,,,8,機会があれば行きたい,食事は海鮮以外のご当地ものがもっとあればいいと思った。 今行っているイベントなどがわかるので、立ち寄ってから観光するのがいい,金沢中央観光案内所,同意する,,通りがかって,,,,,1986,,,,,,
石川,2024/02/27 16:47:34,石川県,男,1989,,400万円以上 500万円未満,自分ひとり,日帰り,石川県外には泊まらない,石川県内には宿泊しない,石川県内には宿泊しない,,,,,,,,,在来線,0,0,0,1,0,0,0,,0,0,0,0,4,自由に回れた,,,11回目以上,まちあるき、都市散策,0,0,0,0,0,0,0,0,0,0,1,0,0,0,0,0,0,0,観光協会等の案内所,0,0,0,0,0,0,0,0,0,0,0,0,0,0,0,0,0,0,0,0,0,1,0,0,0,,,,,,使わない,,使わない,,,,,,,,,,,,4,ほしいパンフレットがあったから,駐輪場があればよかった,,,,9,また行きたい（1年以内）,ホテルが高い 街なかがコンパクト,金沢中央観光案内所,同意する,,しいのき迎賓館,,Aコープ笠舞店,,,1989,,,,,,
石川,2024/02/27 17:24:05,三重県,男,1990,,500万円以上 600万円未満,友人,4泊以上,石川県外には泊まらない,能登エリア （和倉温泉、七尾市、輪島市、珠洲市など）,4泊以上,,,,,,,,,在来線,0,0,0,1,0,0,0,,0,0,0,0,5,バスの頻度と分かりやすさ,,,2～5回目,"宿でのんびり過ごす, まちあるき、都市散策",1,0,0,0,0,0,0,0,0,0,1,0,0,0,0,0,0,0,"観光展・物産展, 新聞・雑誌・ガイドブック",0,0,0,0,0,0,0,0,0,0,0,0,0,0,0,0,1,0,0,0,0,0,1,0,0,,,,,,"20,000円以上 30,000円未満",,"10,000円以上 20,000円未満",,,,,,,,,,,,4,,,,,,5,また行きたい（1年以内）,お土産販売はあっていいかなと 金沢周辺の雰囲気,金沢中央観光案内所,同意する,,,,,,,1990,,,,,,
石川,2024/02/27 21:18:05,埼玉県,女,1975,,"1,200万円以上 1,500万円未満",高校生の娘,1泊,石川県外には泊まらない,金沢エリア  （湯涌温泉、深谷温泉、犀川温泉など）,1泊,,,,,,,,,新幹線,0,0,1,0,0,0,0,,0,0,0,0,4,左周りバスが運休していたのが残念だったけど、それ以外は満足,,,初めて,娘の大学受験,0,0,0,0,0,0,0,0,0,0,0,0,0,0,0,0,0,0,尾山神社に来たら目に入った,0,0,0,0,0,0,0,0,0,0,0,0,0,0,0,0,0,0,0,0,0,0,0,0,1,,,,,,"10,000円以上 20,000円未満",,使わない,,,,,,,,,,,,4,たくさんのパンフレット類があって良かったが、ボランティアの方が、こちらがあまり興味のない事について語り出したのが、時間を有効に使いたかったので少し残念だった,綺麗で清潔感があった,,,,10,機会があれば行きたい,今度訪れた際には伝統工芸の体験をしてみたい 食事→どれも美味しい。忍者寺→非常に楽しめた。,金沢中央観光案内所,同意する,,,,忍者寺,,,1975,,,,,,
石川,2024/02/28 12:16:34,富山県,女,1985,,300万円以上 400万円未満,恋人,日帰り,石川県外には泊まらない,金沢エリア  （湯涌温泉、深谷温泉、犀川温泉など）,石川県内には宿泊しない,,,,,,,,,自家用車,1,0,0,0,0,0,0,,0,0,0,0,,,,,初めて,地元の美味しいものを食べる,0,0,1,0,0,0,0,0,0,0,0,0,0,0,0,0,0,0,観光協会等の案内所,0,0,0,0,0,0,0,0,0,0,0,0,0,0,0,0,0,0,0,0,0,1,0,0,0,,,,,,使わない,,使わない,,,,,,,,,,,,4,,,,,,8,また行きたい（1年以内）,特になし,金沢中央観光案内所,同意する,,,,,,,1985,,,,,,
石川,2024/02/28 14:56:43,大阪府,女,1995,,200万円以上 300万円未満,友人,日帰り,石川県外には泊まらない,石川県内には宿泊しない,石川県内には宿泊しない,,,,,,,,,在来線,0,0,0,1,0,0,0,,0,0,0,0,4,周遊バス以外わかりにくい,,,初めて,"地元の美味しいものを食べる, 花見や紅葉などの自然鑑賞, 名所、旧跡の観光, 買い物、アウトレット, まちあるき、都市散策",0,0,1,1,1,0,1,0,0,0,1,0,0,0,0,0,0,0,神社帰りに偶然見つけた,0,0,0,0,0,0,0,0,0,0,0,0,0,0,0,0,0,0,0,0,0,0,0,0,1,,,,,,使わない,,使わない,,,,,,,,,,,,5,トイレがありがたい,トイレがありがたい,,,,10,機会があれば行きたい,食べ歩き出来るところを増やしてほしい,金沢中央観光案内所,同意する,,,,,,,1995,,,,,,
石川,2024/03/01 8:44:25,和歌山県,女,1992,,400万円以上 500万円未満,両親と小学生以下の子どもと,1泊,石川県外には泊まらない,金沢エリア  （湯涌温泉、深谷温泉、犀川温泉など）,1泊,,,,,,,,,新幹線,0,0,1,0,0,0,0,,0,0,0,0,1,なかなかタクシーが捕まえられず、雨も降っていたのでずぶ濡れで寒かったです,,,初めて,"宿でのんびり過ごす, 温泉や露天風呂, 地元の美味しいものを食べる, 名所、旧跡の観光, まちあるき、都市散策",1,1,1,0,1,0,0,0,0,0,1,0,0,0,0,0,0,0,新聞・雑誌・ガイドブック,0,0,0,0,0,0,0,0,0,0,0,0,0,0,0,0,1,0,0,0,0,0,0,0,0,,,,,,"5,000円以上 10,000円未満",,"1,000円以上 3,000円未満",,,,,,,,,,,,4,,,,,,6,機会があれば行きたい,17時まで開いているはずのお店が雨のためか１６時すぎに閉まっており、せっかくはるばる来たのにとても残念でした（ひがし茶屋） 兼六園。時期的にライトアップがやってなくて残念でした。,金沢中央観光案内所,同意する,,金沢中央観光案内所を最初に訪れた,,,,,1992,,,,,,
石川,2024/03/01 15:54:26,埼玉県,女,1980,,400万円以上 500万円未満,両親と兄,1泊,石川県外には泊まらない,金沢エリア  （湯涌温泉、深谷温泉、犀川温泉など）,1泊,,,,,,,,,飛行機,0,0,0,0,1,0,0,,0,0,0,0,,,,,初めて,"地元の美味しいものを食べる, 名所、旧跡の観光",0,0,1,0,1,0,0,0,0,0,0,0,0,0,0,0,0,0,通りすがりに見かけたから,0,0,0,0,0,0,0,0,0,0,0,0,0,0,0,0,0,0,0,0,0,0,0,0,1,,,,,,"5,000円以上 10,000円未満",,使わない,,,,,,,,,,,,4,急な雨で入館したところスタッフの方が優しく対応してくれた。,石川県内だけではなく近隣地域の観光案内もあってよかった,,,,9,機会があれば行きたい,昨年12月から今回の石川旅行について計画していたが、地震があってどうなることかと一時は思っていたが、金沢付近は特に問題ないとのことで、復興支援の意味も込めて来ました。頑張ってください！石川県。 近江町市場。味はもちろんスタッフの人たちもみんなやさしくてよかった,金沢中央観光案内所,同意する,,,,,,,1980,,,,,,
石川,2024/03/01 21:04:09,石川県,女,1981,,"900万円以上 1,000万円未満",小学生以下連れの家族,日帰り,石川県外には泊まらない,金沢エリア  （湯涌温泉、深谷温泉、犀川温泉など）,石川県内には宿泊しない,,,,,,,,,県外から訪れていない（石川県内在住）,0,0,0,0,0,0,0,,0,0,0,0,3,,,,11回目以上,地元民です,0,0,0,0,0,0,0,0,0,0,0,0,0,0,0,0,0,0,友人・知人,0,0,0,0,0,0,0,0,0,0,0,0,0,0,0,0,0,0,1,0,0,0,0,0,0,,,,,,使わない,,使わない,,,,,,,,,,,,3,,,,,,5,石川県在住,特になし,金沢中央観光案内所,同意する,,,,,,,1981,,,,,,
石川,2024/03/02 14:19:11,京都府,男,1995,,400万円以上 500万円未満,恋人,1泊,石川県外には泊まらない,金沢エリア  （湯涌温泉、深谷温泉、犀川温泉など）,1泊,,,,,,,,,在来線,0,0,0,1,0,0,0,,0,0,0,0,3,バスが混んでいた,,,初めて,"地元の美味しいものを食べる, 名所、旧跡の観光, まちあるき、都市散策, 各種体験（手作り、果物狩りなど）, 友人・親戚を訪ねる",0,0,1,0,1,0,0,0,0,0,1,1,0,0,0,0,0,0,観光協会等の案内所,0,0,0,0,0,0,0,0,0,0,0,0,0,0,0,0,0,0,0,0,0,1,0,0,0,,,,,,"5,000円以上 10,000円未満",,使わない,,,,,,,,,,,,3,見ていない,見ていない,,,,5,また行きたい（1年以内）,海鮮 海鮮料理,金沢中央観光案内所,同意する,,,,忍者寺、ヤマト醤油,,,1995,,,,,,
石川,2024/03/02 14:24:23,東京都,男,1956,,300万円以上 400万円未満,自分ひとり,1泊,石川県外には泊まらない,金沢エリア  （湯涌温泉、深谷温泉、犀川温泉など）,1泊,,,,,,,,,新幹線,0,0,1,0,0,0,0,,0,0,0,0,4,金沢駅のバス案内所でとても親切に教えてもらいました。,,,2～5回目,"地元の美味しいものを食べる, スポーツ観戦や芸術鑑賞（コンサート等）, まちあるき、都市散策",0,0,1,0,0,0,0,0,0,0,1,0,0,0,0,0,0,0,"観光パンフレット・ポスター, 観光協会等の案内所",0,0,0,0,0,0,0,0,0,0,0,0,0,0,0,0,0,0,0,0,1,1,0,0,0,,,,,,"30,000円以上 40,000円未満",,使わない,,,,,,,,,,,,4,,,,,,8,また行きたい（1年以内）,海鮮と加賀野菜料理です。,金沢中央観光案内所,同意する,,,,,,,1956,,,,,,
石川,2024/03/03 10:49:19,愛知県,男,1962,,500万円以上 600万円未満,夫婦2人,1泊,石川県外には泊まらない,金沢エリア  （湯涌温泉、深谷温泉、犀川温泉など）,1泊,,,,,,,,,自家用車,1,0,0,0,0,0,0,,0,0,0,0,,,,,初めて,"地元の美味しいものを食べる, 名所、旧跡の観光, 買い物、アウトレット, まちあるき、都市散策",0,0,1,0,1,0,1,0,0,0,1,0,0,0,0,0,0,0,たまたま見かけました。,0,0,0,0,0,0,0,0,0,0,0,0,0,0,0,0,0,0,0,0,0,0,0,0,1,,,,,,"5,000円以上 10,000円未満",,使わない,,,,,,,,,,,,3,まだ拝見していません。,寒い中ほっとできる。,,,,9,機会があれば行きたい,カニを食べたいが···· 実際に町を歩いてみるととてもよい。,金沢中央観光案内所,同意する,,車を駐めてまず近江町に向かう途中で通りかかりました。,,車を駐めてまず近江町に向かう途中で通りかかった。,,,1962,,,,,,
石川,2024/03/03 13:03:35,静岡県,女,1971,,300万円以上 400万円未満,自分ひとり,1泊,石川県外には泊まらない,金沢エリア  （湯涌温泉、深谷温泉、犀川温泉など）,1泊,,,,,,,,,在来線,0,0,0,1,0,0,0,,0,0,0,0,5,18きっぷで北陸へ来れる最後だから,,,初めて,名所、旧跡の観光,0,0,0,0,1,0,0,0,0,0,0,0,0,0,0,0,0,0,たまたま歩いていて,0,0,0,0,0,0,0,0,0,0,0,0,0,0,0,0,0,0,0,0,0,0,0,0,1,,,,,,"10,000円以上 20,000円未満",,使わない,,,,,,,,,,,,4,パンフレットが豊富で休憩出来るので,同上,,,,9,また行きたい（1年以内）,一人旅に便利な情報が欲しい 街中でいろんな情報を紙媒体で見られるのは大きい,金沢中央観光案内所,同意する,,,,,,,1971,,,,,,
石川,2024/03/03 17:44:31,東京都,女,2001,,"1,000万円以上 1,200万円未満",恋人,1泊,石川県外には泊まらない,金沢エリア  （湯涌温泉、深谷温泉、犀川温泉など）,1泊,,,,,,,,,新幹線,0,0,1,0,0,0,0,,0,0,0,0,3,,,,2～5回目,地元の美味しいものを食べる,0,0,1,0,0,0,0,0,0,0,0,0,0,0,0,0,0,0,"観光展・物産展, インターネット・アプリ, Instagram",0,0,0,1,0,0,0,0,0,0,1,0,0,0,0,0,0,0,0,0,0,0,1,0,0,,,,,,"20,000円以上 30,000円未満",,使わない,,,,,,,,,,,,5,,,,,,10,また行きたい（1年以内）,特になし,金沢中央観光案内所,同意する,,,,,,,2001,,,,,,
石川,2024/03/03 19:55:21,神奈川県,女,1970,,300万円以上 400万円未満,夫婦2人,2泊,石川県外には泊まらない,金沢エリア  （湯涌温泉、深谷温泉、犀川温泉など）,2泊,,,,,,,,,"新幹線, 在来線",0,0,1,1,0,0,0,,0,0,0,0,5,滞在したホテルから近かった,,,初めて,"宿でのんびり過ごす, 地元の美味しいものを食べる, 名所、旧跡の観光, 買い物、アウトレット, まちあるき、都市散策",1,0,1,0,1,0,1,0,0,0,1,0,0,0,0,0,0,0,"X(旧：Twitter), Instagram",0,0,0,1,0,1,0,0,0,0,0,0,0,0,0,0,0,0,0,0,0,0,0,0,0,,,,,,"10,000円以上 20,000円未満",,"1,000円未満",,,,,,,,,,,,5,親切だったから,綺麗で居心地が良かった,,,,10,また行きたい（1年以内）,夜、居酒屋ではない飲食店が閉まるのが早すぎる,金沢中央観光案内所,同意する,,,,,,,1970,,,,,,
石川,2024/03/03 20:04:54,神奈川県,男,1982,,300万円以上 400万円未満,夫婦2人,2泊,石川県外には泊まらない,金沢エリア  （湯涌温泉、深谷温泉、犀川温泉など）,2泊,,,,,,,,,新幹線,0,0,1,0,0,0,0,,0,0,0,0,4,路線バスが時刻通りに来てくれるので、予定通り観光できる。,,,初めて,"宿でのんびり過ごす, 地元の美味しいものを食べる, 名所、旧跡の観光",1,0,1,0,1,0,0,0,0,0,0,0,0,0,0,0,0,0,"観光パンフレット・ポスター, インターネット・アプリ, タクシードライバーや地元の人",0,0,0,0,0,0,0,0,0,0,1,0,0,0,0,0,0,0,0,1,1,0,0,0,0,,,,,,"5,000円以上 10,000円未満",,"10,000円以上 20,000円未満",,,,,,,,,,,,5,私達に気遣いがあり、とても分かりやすく丁寧で、とても感謝してます。,それぞれの資料が分かりやすく配置しており、とても見やすかった。,,,,10,また行きたい（1年以内）,居酒屋以外の飲食店が閉まるのが早すぎる 料理も美味しくまた雰囲気もとても素敵だと思うので、親戚一同連れてきてきたいと思いました。,金沢中央観光案内所,同意する,,,,,,,1982,,,,,,
石川,2024/03/03 21:15:48,埼玉県,女,1971,,600万円以上 700万円未満,友人,1泊,石川県外には泊まらない,金沢エリア  （湯涌温泉、深谷温泉、犀川温泉など）,1泊,,,,,,,,,新幹線,0,0,1,0,0,0,0,,0,0,0,0,,,,,初めて,"温泉や露天風呂, 地元の美味しいものを食べる, まちあるき、都市散策, 各種体験（手作り、果物狩りなど）",0,1,1,0,0,0,0,0,0,0,1,1,0,0,0,0,0,0,観光していたらあったから,0,0,0,0,0,0,0,0,0,0,0,0,0,0,0,0,0,0,0,0,0,0,0,0,1,,,,,,"10,000円以上 20,000円未満",,使わない,,,,,,,,,,,,5,スタッフの対応,きれい,,,,10,機会があれば行きたい,地物 食べ物か美味しかった,金沢中央観光案内所,同意する,,,,,,,1971,,,,,,
石川,2024/03/03 21:24:06,東京都,女,1962,,500万円以上 600万円未満,娘,1泊,石川県外には泊まらない,金沢エリア  （湯涌温泉、深谷温泉、犀川温泉など）,1泊,,,,,,,,,新幹線,0,0,1,0,0,0,0,,0,0,0,0,4,歩いていた時に急に吹雪いて来たので休ませていただきました。混んでいなかったし、次の日にまわる所を考えるのに丁度良かったです。,,,2～5回目,"地元の美味しいものを食べる, 名所、旧跡の観光, 買い物、アウトレット, まちあるき、都市散策",0,0,1,0,1,0,1,0,0,0,1,0,0,0,0,0,0,0,歩いていてたまたま見つけました,0,0,0,0,0,0,0,0,0,0,0,0,0,0,0,0,0,0,0,0,0,0,0,0,1,,,,,,"10,000円以上 20,000円未満",,使わない,,,,,,,,,,,,3,欲しい物が無かった。,次に何処へ行こうかの参考になった。,,,,7,機会があれば行きたい,美味しいお菓子とお茶を楽しみたい。 美味しい和菓子が種類豊富にある。,金沢中央観光案内所,同意する,,,,彩の庭ホテル,,,1962,,,,,,
石川,2024/03/04 0:49:52,神奈川県,男,1960,,400万円以上 500万円未満,妻と娘,2泊,福井県,金沢エリア  （湯涌温泉、深谷温泉、犀川温泉など）,1泊,,,,,,,,,"レンタカー, 飛行機",0,1,0,0,1,0,0,,0,0,0,0,,,,,初めて,"宿でのんびり過ごす, 温泉や露天風呂, 地元の美味しいものを食べる, 名所、旧跡の観光, まちあるき、都市散策",1,1,1,0,1,0,0,0,0,0,1,0,0,0,0,0,0,0,町歩きで見つけました。,0,0,0,0,0,0,0,0,0,0,0,0,0,0,0,0,0,0,0,0,0,0,0,0,1,,,,,,"20,000円以上 30,000円未満",,使わない,,,,,,,,,,,,4,パンフレットが充実していた。,施設全体が綺麗。,,,,8,また行きたい（1年以内）,新鮮な海の幸 県内の観光情報,金沢中央観光案内所,同意する,,,,おでん屋さん,,,1960,,,,,,
石川,2024/03/05 13:11:20,千葉県,女,1974,,800万円以上 900万円未満,自分ひとり,2泊,石川県外には泊まらない,金沢エリア  （湯涌温泉、深谷温泉、犀川温泉など）,2泊,,,,,,,,,新幹線,0,0,1,0,0,0,0,,0,0,0,0,,,,,初めて,"地元の美味しいものを食べる, 名所、旧跡の観光, まちあるき、都市散策",0,0,1,0,1,0,0,0,0,0,1,0,0,0,0,0,0,0,観光協会等の案内所,0,0,0,0,0,0,0,0,0,0,0,0,0,0,0,0,0,0,0,0,0,1,0,0,0,,,,,,"30,000円以上 40,000円未満",,"1,000円未満",,,,,,,,,,,,4,対終してくださった方が丁寧だったから。,建物も綺麗で、館内の居心地がよかったから。,,,,8,また行きたい（1年以内）,能登の復興を願います!サイクリングするにはとても良いところだと思ったからです! 困ったことがあったら相談にのってくれるから。,金沢中央観光案内所,同意する,,,,,,,1974,,,,,,
石川,2024/03/06 11:23:44,岩手県,女,1962,,300万円以上 400万円未満,夫婦2人,2泊,石川県外には泊まらない,加賀エリア （山代温泉、山中温泉、片山津温泉、粟津温泉、辰口温泉、加賀市、小松市など）,2泊,,,,,,,,,新幹線,0,0,1,0,0,0,0,,0,0,0,0,5,皆さんとても親切です。,,,初めて,"温泉や露天風呂, 地元の美味しいものを食べる, ",0,1,1,0,0,0,0,0,0,0,0,0,0,0,0,0,0,0,観光展・物産展,0,0,0,0,0,0,0,0,0,0,0,0,0,0,0,0,0,0,0,0,0,0,1,0,0,,,,,,"100,000円以上",,"100,000円以上",,,,,,,,,,,,5,親切に案内してくださいました。,とにかく美しく上品な街です。,,,,10,また行きたい（1年以内）,お寿司がおいしかったです。 温泉の質の良さ,金沢中央観光案内所,同意する,,雨でしたが、梅が咲き美しい庭園にうっとりしました。,,,,,1962,,,,,,
石川,2024/03/06 13:16:58,茨城県,男,1984,,600万円以上 700万円未満,自分ひとり,3泊,石川県外には泊まらない,金沢エリア  （湯涌温泉、深谷温泉、犀川温泉など）,3泊,,,,,,,,,新幹線,0,0,1,0,0,0,0,,0,0,0,0,4,All good though it's raining ,,,初めて,まちあるき、都市散策,0,0,0,0,0,0,0,0,0,0,1,0,0,0,0,0,0,0,友人・知人,0,0,0,0,0,0,0,0,0,0,0,0,0,0,0,0,0,0,1,0,0,0,0,0,0,,,,,,"20,000円以上 30,000円未満",,"5,000円以上 10,000円未満",,,,,,,,,,,,5,,,,,,9,機会があれば行きたい,I only wish the weather were better ,金沢中央観光案内所,同意する,,Amazing garden ,,,,,1984,,,,,,
石川,2024/03/07 13:51:45,東京都,女,1972,,"1,000万円以上 1,200万円未満",成人した子どもと,1泊,石川県外には泊まらない,金沢エリア  （湯涌温泉、深谷温泉、犀川温泉など）,1泊,,,,,,,,,新幹線,0,0,1,0,0,0,0,,0,0,0,0,,,,,2～5回目,"宿でのんびり過ごす, 地元の美味しいものを食べる, まちあるき、都市散策",1,0,1,0,0,0,0,0,0,0,1,0,0,0,0,0,0,0,新聞・雑誌・ガイドブック,0,0,0,0,0,0,0,0,0,0,0,0,0,0,0,0,1,0,0,0,0,0,0,0,0,,,,,,"5,000円以上 10,000円未満",,"1,000円未満",,,,,,,,,,,,3,,,,,,8,また行きたい（1年以内）,美味しいものが沢山あり、観光地も整備されて、予想以上に素晴らしかったです。冬のレンタカー運転に不安があったので、バスで問題なく観光地巡りができて良かったです。,金沢中央観光案内所,同意する,,,,金沢駅,,,1972,,,,,,
石川,2024/03/08 19:53:52,東京都,男,1984,,"1,200万円以上 1,500万円未満",恋人,2泊,石川県外には泊まらない,金沢エリア  （湯涌温泉、深谷温泉、犀川温泉など）,2泊,,,,,,,,,新幹線,0,0,1,0,0,0,0,,0,0,0,0,5,九谷焼を見れた,,,2～5回目,"地元の美味しいものを食べる, 花見や紅葉などの自然鑑賞, 名所、旧跡の観光",0,0,1,1,1,0,0,0,0,0,0,0,0,0,0,0,0,0,"観光展・物産展, 新聞・雑誌・ガイドブック",0,0,0,0,0,0,0,0,0,0,0,0,0,0,0,0,1,0,0,0,0,0,1,0,0,,,,,,"50,000円以上 100,000円未満",,"50,000円以上 100,000円未満",,,,,,,,,,,,5,情報が豊富,キレイでわかりやすい,,,,10,また行きたい（1年以内）,アウトドア、ウォーキング,金沢中央観光案内所,同意する,,,,,,,1984,,,,,,
石川,2024/03/08 19:56:16,東京都,女,1981,,400万円以上 500万円未満,恋人,2泊,石川県外には泊まらない,金沢エリア  （湯涌温泉、深谷温泉、犀川温泉など）,2泊,,,,,,,,,新幹線,0,0,1,0,0,0,0,,0,0,0,0,,,,,初めて,"地元の美味しいものを食べる, 名所、旧跡の観光, 買い物、アウトレット, まちあるき、都市散策",0,0,1,0,1,0,1,0,0,0,1,0,0,0,0,0,0,0,観光展・物産展,0,0,0,0,0,0,0,0,0,0,0,0,0,0,0,0,0,0,0,0,0,0,1,0,0,,,,,,"50,000円以上 100,000円未満",,使わない,,,,,,,,,,,,4,パンフレットの充実,館内がキレイ,,,,8,また行きたい（1年以内）,お寿司が美味しかった 街並みが素敵だった,金沢中央観光案内所,同意する,,,,,,,1981,,,,,,
石川,2024/03/08 22:36:55,東京都,無回答,1986,,500万円以上 600万円未満,親,1泊,石川県外には泊まらない,金沢エリア  （湯涌温泉、深谷温泉、犀川温泉など）,1泊,,,,,,,,,新幹線,0,0,1,0,0,0,0,,0,0,0,0,,,,,初めて,"地元の美味しいものを食べる, 名所、旧跡の観光, 買い物、アウトレット, まちあるき、都市散策",0,0,1,0,1,0,1,0,0,0,1,0,0,0,0,0,0,0,とくになし,0,0,0,0,0,0,0,0,0,0,0,0,0,0,0,0,0,0,0,0,0,0,0,0,1,,,,,,"10,000円以上 20,000円未満",,使わない,,,,,,,,,,,,3,,,,,,7,機会があれば行きたい,特になし,金沢中央観光案内所,同意する,,,,,,,1986,,,,,,
石川,2024/03/09 14:02:44,東京都,女,1984,,"1,000万円以上 1,200万円未満",小学生以下連れの家族,1泊,石川県外には泊まらない,金沢エリア  （湯涌温泉、深谷温泉、犀川温泉など）,1泊,,,,,,,,,新幹線,0,0,1,0,0,0,0,,0,0,0,0,4,,,,2～5回目,"宿でのんびり過ごす, 地元の美味しいものを食べる, 名所、旧跡の観光",1,0,1,0,1,0,0,0,0,0,0,0,0,0,0,0,0,0,観光展・物産展,0,0,0,0,0,0,0,0,0,0,0,0,0,0,0,0,0,0,0,0,0,0,1,0,0,,,,,,"20,000円以上 30,000円未満",,"1,000円未満",,,,,,,,,,,,5,,,,,,8,また行きたい（1年以内）,海鮮,金沢中央観光案内所,同意する,,,,,,,1984,,,,,,
石川,2024/03/09 15:47:59,岐阜県,女,1994,,300万円以上 400万円未満,恋人,1泊,石川県外には泊まらない,金沢エリア  （湯涌温泉、深谷温泉、犀川温泉など）,1泊,,,,,,,,,在来線,0,0,0,1,0,0,0,,0,0,0,0,4,,,,初めて,"地元の美味しいものを食べる, 名所、旧跡の観光",0,0,1,0,1,0,0,0,0,0,0,0,0,0,0,0,0,0,見かけたから,0,0,0,0,0,0,0,0,0,0,0,0,0,0,0,0,0,0,0,0,0,0,0,0,1,,,,,,"5,000円以上 10,000円未満",,"5,000円以上 10,000円未満",,,,,,,,,,,,4,,,,,,7,また行きたい（1年以内）,グルメの拡充,金沢中央観光案内所,同意する,,,,,,,1994,,,,,,
石川,2024/03/09 16:37:23,大阪府,女,1965,,"900万円以上 1,000万円未満",親,1泊,石川県外には泊まらない,石川県内には宿泊しない,1泊,,,,,,,,,在来線,0,0,0,1,0,0,0,,0,0,0,0,5,数が多い,,,初めて,地元の美味しいものを食べる,0,0,1,0,0,0,0,0,0,0,0,0,0,0,0,0,0,0,観光展・物産展,0,0,0,0,0,0,0,0,0,0,0,0,0,0,0,0,0,0,0,0,0,0,1,0,0,,,,,,"5,000円以上 10,000円未満",,使わない,,,,,,,,,,,,5,,,,,,5,また行きたい（1年以内）,特にない,金沢中央観光案内所,同意する,,,,,,,1965,,,,,,
石川,2024/03/10 5:56:46,石川県,女,1959,,200万円以上 300万円未満,夫婦2人,日帰り,石川県外には泊まらない,石川県内には宿泊しない,石川県内には宿泊しない,,,,,,,,,自家用車,1,0,0,0,0,0,0,,0,0,0,0,,,,,初めて,スポーツ観戦や芸術鑑賞（コンサート等）,0,0,0,0,0,0,0,0,0,0,0,0,0,0,0,0,0,0,観光パンフレット・ポスター,0,0,0,0,0,0,0,0,0,0,0,0,0,0,0,0,0,0,0,0,1,0,0,0,0,,,,,,使わない,,"10,000円以上 20,000円未満",,,,,,,,,,,,4,,,,,,8,機会があれば行きたい,特に無し,金沢中央観光案内所,同意する,,,,,,,1959,,,,,,
石川,2024/03/10 14:26:38,滋賀県,男,1986,,"1,000万円以上 1,200万円未満",恋人,2泊,石川県外には泊まらない,加賀エリア （山代温泉、山中温泉、片山津温泉、粟津温泉、辰口温泉、加賀市、小松市など）,2泊,,,,,,,,,自家用車,1,0,0,0,0,0,0,,0,0,0,0,,,,,初めて,"宿でのんびり過ごす, 温泉や露天風呂, 地元の美味しいものを食べる, まちあるき、都市散策",1,1,1,0,0,0,0,0,0,0,1,0,0,0,0,0,0,0,観光協会等の案内所,0,0,0,0,0,0,0,0,0,0,0,0,0,0,0,0,0,0,0,0,0,1,0,0,0,,,,,,"10,000円以上 20,000円未満",,使わない,,,,,,,,,,,,3,,,,,,10,また行きたい（1年以内）,特になし 雰囲気が好きな街,金沢中央観光案内所,同意する,,,,,,,1986,,,,,,
石川,2024/03/10 16:28:56,東京都,女,1976,,300万円以上 400万円未満,大学生の子ども,2泊,富山県,金沢エリア  （湯涌温泉、深谷温泉、犀川温泉など）,1泊,,,,,,,,,新幹線,0,0,1,0,0,0,0,,0,0,0,0,4,混んでる。オーバーツーリズム気味だと思うので地元の人は不便かも、と逆に心配です。,,,初めて,"地元の美味しいものを食べる, 名所、旧跡の観光, まちあるき、都市散策",0,0,1,0,1,0,0,0,0,0,1,0,0,0,0,0,0,0,新聞・雑誌・ガイドブック,0,0,0,0,0,0,0,0,0,0,0,0,0,0,0,0,1,0,0,0,0,0,0,0,0,,,,,,"10,000円以上 20,000円未満",,"1,000円未満",,,,,,,,,,,,4,,,,,,8,機会があれば行きたい,お寿司が楽しみ,金沢中央観光案内所,同意する,,,,,,,1976,,,,,,
石川,2024/03/10 17:04:39,埼玉県,男,1960,,200万円以上 300万円未満,夫婦2人,2泊,石川県外には泊まらない,金沢エリア  （湯涌温泉、深谷温泉、犀川温泉など）,2泊,,,,,,,,,新幹線,0,0,1,0,0,0,0,,0,0,0,0,,,,,初めて,"名所、旧跡の観光, テーマパーク（遊園地、動物園、博物館など）, まちあるき、都市散策",0,0,0,0,1,1,0,0,0,0,1,0,0,0,0,0,0,0,新聞・雑誌・ガイドブック,0,0,0,0,0,0,0,0,0,0,0,0,0,0,0,0,1,0,0,0,0,0,0,0,0,,,,,,"10,000円以上 20,000円未満",,使わない,,,,,,,,,,,,4,情報が豊富,建物、屋内がとてもきれい,,,,7,機会があれば行きたい,クーポンがあれば嬉しい 役に立つ,金沢中央観光案内所,同意する,,,,,,,1960,,,,,,
石川,2024/03/11 13:55:01,京都府,女,1970,,"900万円以上 1,000万円未満",夫婦2人,1泊,石川県外には泊まらない,金沢エリア  （湯涌温泉、深谷温泉、犀川温泉など）,1泊,,,,,,,,,在来線,0,0,0,1,0,0,0,,0,0,0,0,,,,,初めて,"地元の美味しいものを食べる, まちあるき、都市散策",0,0,1,0,0,0,0,0,0,0,1,0,0,0,0,0,0,0,たまたま通りかかった,0,0,0,0,0,0,0,0,0,0,0,0,0,0,0,0,0,0,0,0,0,0,0,0,1,,,,,,"3,000円以上 5,000円未満",,使わない,,,,,,,,,,,,4,置いてある資料が良い,資料が見やすい、施設が綺麗,,,,10,また行きたい（1年以内）,能登応援メニューが金沢市内にもあれば、みなさん召し上がると思います 靴ののさか　,金沢中央観光案内所,同意する,,,,長町武家屋敷跡,,,1970,,,,,,
石川,2024/03/11 13:59:11,京都府,女,1970,,"900万円以上 1,000万円未満",夫婦2人,1泊,石川県外には泊まらない,金沢エリア  （湯涌温泉、深谷温泉、犀川温泉など）,1泊,,,,,,,,,在来線,0,0,0,1,0,0,0,,0,0,0,0,,,,,初めて,"地元の美味しいものを食べる, まちあるき、都市散策",0,0,1,0,0,0,0,0,0,0,1,0,0,0,0,0,0,0,たまたま通りかかった,0,0,0,0,0,0,0,0,0,0,0,0,0,0,0,0,0,0,0,0,0,0,0,0,1,,,,,,"3,000円以上 5,000円未満",,使わない,,,,,,,,,,,,5,置いてある資料がよい,資料がみやすい　施設が綺麗,,,,10,また行きたい（1年以内）,能登応援メニューが金沢でもあると良い 靴ののさか　能登115,金沢中央観光案内所,同意する,,,,長町,,,1970,,,,,,
石川,2024/03/11 13:59:55,京都府,男,1968,,"1,000万円以上 1,200万円未満",夫婦2人,1泊,石川県外には泊まらない,金沢エリア  （湯涌温泉、深谷温泉、犀川温泉など）,1泊,,,,,,,,,在来線,0,0,0,1,0,0,0,,0,0,0,0,,,,,初めて,"宿でのんびり過ごす, 地元の美味しいものを食べる, 名所、旧跡の観光, 買い物、アウトレット, まちあるき、都市散策",1,0,1,0,1,0,1,0,0,0,1,0,0,0,0,0,0,0,通りがかり,0,0,0,0,0,0,0,0,0,0,0,0,0,0,0,0,0,0,0,0,0,0,0,0,1,,,,,,"10,000円以上 20,000円未満",,使わない,,,,,,,,,,,,5,非常に分かりやすい情報提供,チラシ類が豊富で探しやすく欲しい情報がすぐに見つかった,,,,10,また行きたい（1年以内）,旬の魚介類を使った料理、地酒を堪能出来る飲食店と土産が買える店。センスの良い工芸品 のと115の生椎茸。これまで干し椎茸しか買えたことが無かった,金沢中央観光案内所,同意する,,,,,,,1968,,,,,,
石川,2024/03/11 16:27:59,東京都,女,1963,,200万円以上 300万円未満,夫婦2人,1泊,石川県外には泊まらない,金沢エリア  （湯涌温泉、深谷温泉、犀川温泉など）,1泊,,,,,,,,,新幹線,0,0,1,0,0,0,0,,0,0,0,0,4,,,,2～5回目,"宿でのんびり過ごす, 地元の美味しいものを食べる, 名所、旧跡の観光",1,0,1,0,1,0,0,0,0,0,0,0,0,0,0,0,0,0,"新聞・雑誌・ガイドブック, 観光パンフレット・ポスター",0,0,0,0,0,0,0,0,0,0,0,0,0,0,0,0,1,0,0,0,1,0,0,0,0,,,,,,"50,000円以上 100,000円未満",,"1,000円未満",,,,,,,,,,,,4,,,,,,9,また行きたい（1年以内）,鮮魚,金沢中央観光案内所,同意する,,,,,,,1963,,,,,,
石川,2024/03/11 16:56:21,東京都,女,1998,,500万円以上 600万円未満,友人,1泊,石川県外には泊まらない,金沢エリア  （湯涌温泉、深谷温泉、犀川温泉など）,1泊,,,,,,,,,飛行機,0,0,0,0,1,0,0,,0,0,0,0,,,,,2～5回目,"地元の美味しいものを食べる, 各種体験（手作り、果物狩りなど）",0,0,1,0,0,0,0,0,0,0,0,1,0,0,0,0,0,0,友人・知人,0,0,0,0,0,0,0,0,0,0,0,0,0,0,0,0,0,0,1,0,0,0,0,0,0,,,,,,"10,000円以上 20,000円未満",,使わない,,,,,,,,,,,,4,トイレが綺麗,たくさん情報やチラシがあるため,,,,10,また行きたい（1年以内）,海鮮 ご飯,金沢中央観光案内所,同意する,,,,金沢駅,,,1998,,,,,,
石川,2024/03/11 18:05:44,岐阜県,男,1959,,"1,200万円以上 1,500万円未満",自分ひとり,1泊,石川県外には泊まらない,金沢エリア  （湯涌温泉、深谷温泉、犀川温泉など）,1泊,,,,,,,,,自家用車,1,0,0,0,0,0,0,,0,0,0,0,,,,,2～5回目,名所、旧跡の観光,0,0,0,0,1,0,0,0,0,0,0,0,0,0,0,0,0,0,"観光展・物産展, 観光パンフレット・ポスター",0,0,0,0,0,0,0,0,0,0,0,0,0,0,0,0,0,0,0,0,1,0,1,0,0,,,,,,"10,000円以上 20,000円未満",,使わない,,,,,,,,,,,,5,とてもきれい,清潔,,,,10,また行きたい（1年以内）,とくになし 近江町市場の新鮮な魚,金沢中央観光案内所,同意する,,,,,,,1959,,,,,,
石川,2024/03/11 19:24:15,埼玉県,男,1991,,500万円以上 600万円未満,自分ひとり,3泊,福井県,金沢エリア  （湯涌温泉、深谷温泉、犀川温泉など）,2泊,,,,,,,,,新幹線,0,0,1,0,0,0,0,,0,0,0,0,,,,,2～5回目,地元の美味しいものを食べる,0,0,1,0,0,0,0,0,0,0,0,0,0,0,0,0,0,0,観光協会等の案内所,0,0,0,0,0,0,0,0,0,0,0,0,0,0,0,0,0,0,0,0,0,1,0,0,0,,,,,,"5,000円以上 10,000円未満",,使わない,,,,,,,,,,,,5,,,,,,10,また行きたい（1年以内）,特になし,金沢中央観光案内所,同意する,,長町武家屋敷,,,,,1991,,,,,,
石川,2024/03/12 12:21:27,愛知県,女,1988,,100万円以上 200万円未満,友人,4泊以上,岐阜県,金沢エリア  （湯涌温泉、深谷温泉、犀川温泉など）,2泊,,,,,,,,,"在来線, 飛行機",0,0,0,1,1,0,0,,0,0,0,0,4,,,,初めて,"花見や紅葉などの自然鑑賞, 名所、旧跡の観光, 買い物、アウトレット, まちあるき、都市散策",0,0,0,1,1,0,1,0,0,0,1,0,0,0,0,0,0,0,友人・知人,0,0,0,0,0,0,0,0,0,0,0,0,0,0,0,0,0,0,1,0,0,0,0,0,0,,,,,,"5,000円以上 10,000円未満",,使わない,,,,,,,,,,,,4,,,,,,1,機会があれば行きたい,観光,金沢中央観光案内所,同意する,,,,,,,1988,,,,,,
石川,2024/03/12 12:24:03,愛知県,女,1988,,100万円以上 200万円未満,友人,4泊以上,岐阜県,金沢エリア  （湯涌温泉、深谷温泉、犀川温泉など）,2泊,,,,,,,,,在来線,0,0,0,1,0,0,0,,0,0,0,0,,,,,初めて,"温泉や露天風呂, 地元の美味しいものを食べる, 名所、旧跡の観光, 買い物、アウトレット, まちあるき、都市散策",0,1,1,0,1,0,1,0,0,0,1,0,0,0,0,0,0,0,観光パンフレット・ポスター,0,0,0,0,0,0,0,0,0,0,0,0,0,0,0,0,0,0,0,0,1,0,0,0,0,,,,,,"5,000円以上 10,000円未満",,使わない,,,,,,,,,,,,4,,,,,,8,機会があれば行きたい,Nothing in particular ,金沢中央観光案内所,同意する,,,,,,,1988,,,,,,
石川,2024/03/13 13:28:07,愛知県,男,1970,,500万円以上 600万円未満,自分ひとり,2泊,富山県,金沢エリア  （湯涌温泉、深谷温泉、犀川温泉など）,3泊,,,,,,,,,在来線,0,0,0,1,0,0,0,,0,0,0,0,3,,,,初めて,亡くなった人の為,0,0,0,0,0,0,0,0,0,0,0,0,0,0,0,0,0,0,本人の希望,0,0,0,0,0,0,0,0,0,0,0,0,0,0,0,0,0,0,0,0,0,0,0,0,1,,,,,,"10,000円以上 20,000円未満",,使わない,,,,,,,,,,,,4,可愛いお姉さんがいた,,,,,8,どちらともいえない,寿司,金沢中央観光案内所,同意する,,金沢城,,,,,1970,,,,,,
石川,2024/03/13 13:37:02,東京都,男,2004,,"1,000万円以上 1,200万円未満",恋人,2泊,石川県外には泊まらない,金沢エリア  （湯涌温泉、深谷温泉、犀川温泉など）,2泊,,,,,,,,,高速バス,0,0,0,0,0,0,0,,0,0,0,0,,,,,初めて,"地元の美味しいものを食べる, 名所、旧跡の観光",0,0,1,0,1,0,0,0,0,0,0,0,0,0,0,0,0,0,観光パンフレット・ポスター,0,0,0,0,0,0,0,0,0,0,0,0,0,0,0,0,0,0,0,0,1,0,0,0,0,,,,,,"10,000円以上 20,000円未満",,使わない,,,,,,,,,,,,3,,,,,,5,どちらともいえない,観光名所がわかりやすく書かれたパンフレット,金沢中央観光案内所,同意する,,,,,,,2004,,,,,,
石川,2024/03/13 13:38:23,東京都,女,2005,,800万円以上 900万円未満,恋人,2泊,石川県外には泊まらない,金沢エリア  （湯涌温泉、深谷温泉、犀川温泉など）,2泊,,,,,,,,,夜行バス,0,0,0,0,0,0,0,,0,0,0,0,,,,,初めて,"宿でのんびり過ごす, 地元の美味しいものを食べる, 名所、旧跡の観光",1,0,1,0,1,0,0,0,0,0,0,0,0,0,0,0,0,0,ブログ,0,0,0,0,0,0,0,0,1,0,0,0,0,0,0,0,0,0,0,0,0,0,0,0,0,,,,,,"5,000円以上 10,000円未満",,使わない,,,,,,,,,,,,3,,,,,,3,機会があれば行きたい,新鮮な海鮮、食べ物 海鮮おいしい,金沢中央観光案内所,同意する,,,,,,,2005,,,,,,
石川,2024/03/14 7:33:54,大阪府,女,1963,,100万円以上 200万円未満,自分ひとり,1泊,石川県外には泊まらない,金沢エリア  （湯涌温泉、深谷温泉、犀川温泉など）,1泊,,,,,,,,,在来線,0,0,0,1,0,0,0,,0,0,0,0,,,,,2～5回目,"宿でのんびり過ごす, 地元の美味しいものを食べる, 名所、旧跡の観光, まちあるき、都市散策",1,0,1,0,1,0,0,0,0,0,1,0,0,0,0,0,0,0,観光協会等の案内所,0,0,0,0,0,0,0,0,0,0,0,0,0,0,0,0,0,0,0,0,0,1,0,0,0,,,,,,"10,000円以上 20,000円未満",,使わない,,,,,,,,,,,,5,スタッフが親切,無料での利用,,,,10,また行きたい（1年以内）,癒し ひがし茶屋のちょう吉,金沢中央観光案内所,同意する,,,,,,,1963,,,,,,
石川,2024/03/15 11:10:53,長野県,男,2001,,100万円未満,友人,3泊,石川県外には泊まらない,金沢エリア  （湯涌温泉、深谷温泉、犀川温泉など）,3泊,,,,,,,,,自家用車,1,0,0,0,0,0,0,,0,0,0,0,,,,,初めて,"地元の美味しいものを食べる, 名所、旧跡の観光, 能登半島地震ボランティア",0,0,1,0,1,0,0,0,0,0,0,0,0,0,0,0,0,0,観光協会等の案内所,0,0,0,0,0,0,0,0,0,0,0,0,0,0,0,0,0,0,0,0,0,1,0,0,0,,,,,,"3,000円以上 5,000円未満",,使わない,,,,,,,,,,,,5,,,,,,10,また行きたい（1年以内）,美味しい食べ物と豊かな自然,金沢中央観光案内所,同意する,,,,,,,2001,,,,,,
石川,2024/03/15 15:13:51,大阪府,男,1969,,300万円以上 400万円未満,夫婦2人,4泊以上,福井県,金沢エリア  （湯涌温泉、深谷温泉、犀川温泉など）,2泊,,,,,,,,,在来線,0,0,0,1,0,0,0,,0,0,0,0,,,,,初めて,"宿でのんびり過ごす, 温泉や露天風呂, 地元の美味しいものを食べる, 花見や紅葉などの自然鑑賞, 名所、旧跡の観光, お祭りやイベントへの参加・見物, まちあるき、都市散策",1,1,1,1,1,0,0,1,0,0,1,0,0,0,0,0,0,0,観光パンフレット・ポスター,0,0,0,0,0,0,0,0,0,0,0,0,0,0,0,0,0,0,0,0,1,0,0,0,0,,,,,,"20,000円以上 30,000円未満",,使わない,,,,,,,,,,,,4,,,,,,9,機会があれば行きたい,大阪金沢間をできるだけ安く行き来したい,金沢中央観光案内所,同意する,,,,,,,1969,,,,,,
石川,2024/03/16 11:53:29,東京都,男,1969,,"1,000万円以上 1,200万円未満",夫婦2人,日帰り,東京から日帰り,石川県内には宿泊しない,石川県内には宿泊しない,,,,,,,,,飛行機,0,0,0,0,1,0,0,,0,0,0,0,,,,,11回目以上,地元の美味しいものを食べる,0,0,1,0,0,0,0,0,0,0,0,0,0,0,0,0,0,0,セカンドハウス探し,0,0,0,0,0,0,0,0,0,0,0,0,0,0,0,0,0,0,0,0,0,0,0,0,1,,,,,,使わない,,"5,000円以上 10,000円未満",,,,,,,,,,,,5,とても親切,キレイ,,,,6,また行きたい（1年以内）,毎月東京から金沢に来てます。,金沢中央観光案内所,同意する,,,,カフェ,,,1969,,,,,,
石川,2024/03/16 12:51:50,神奈川県,女,1983,,200万円以上 300万円未満,友人,2泊,石川県外には泊まらない,金沢エリア  （湯涌温泉、深谷温泉、犀川温泉など）,2泊,,,,,,,,,自家用車,1,0,0,0,0,0,0,,0,0,0,0,,,,,初めて,"地元の美味しいものを食べる, 名所、旧跡の観光",0,0,1,0,1,0,0,0,0,0,0,0,0,0,0,0,0,0,歩いてたら見つけた,0,0,0,0,0,0,0,0,0,0,0,0,0,0,0,0,0,0,0,0,0,0,0,0,1,,,,,,"5,000円以上 10,000円未満",,"1,000円未満",,,,,,,,,,,,3,,無料で利用でき、休憩スペースもあったので非常に助かりました,,,,8,機会があれば行きたい,今のままで十分です 金沢城公園。広大でお散歩するにはとても気持ち良かったです。,金沢中央観光案内所,同意する,,,,長町武家屋敷跡,,,1983,,,,,,
石川,2024/03/16 16:16:31,東京都,女,1970,,"1,500万円以上",中学生以下連れの家族,3泊,石川県外には泊まらない,金沢エリア  （湯涌温泉、深谷温泉、犀川温泉など）,3泊,,,,,,,,,飛行機,0,0,0,0,1,0,0,,0,0,0,0,,,,,初めて,"地元の美味しいものを食べる, 名所、旧跡の観光, まちあるき、都市散策",0,0,1,0,1,0,0,0,0,0,1,0,0,0,0,0,0,0,インターネット・アプリ,0,0,0,0,0,0,0,0,0,0,1,0,0,0,0,0,0,0,0,0,0,0,0,0,0,,,,,,"30,000円以上 40,000円未満",,使わない,,,,,,,,,,,,3,課金サービルの種類があまりなかったため,広々として情報も探しやすかったです。,,,,5,また行きたい（1年以内）,特になし,金沢中央観光案内所,同意する,,,,,,,1970,,,,,,
石川,2024/03/16 16:29:14,茨城県,女,2000,,500万円以上 600万円未満,中学生以下連れの家族,2泊,石川県外には泊まらない,金沢エリア  （湯涌温泉、深谷温泉、犀川温泉など）,2泊,,,,,,,,,新幹線,0,0,1,0,0,0,0,,0,0,0,0,,,,,初めて,"地元の美味しいものを食べる, 花見や紅葉などの自然鑑賞, 名所、旧跡の観光, まちあるき、都市散策",0,0,1,1,1,0,0,0,0,0,1,0,0,0,0,0,0,0,たまたま通りかかった,0,0,0,0,0,0,0,0,0,0,0,0,0,0,0,0,0,0,0,0,0,0,0,0,1,,,,,,"40,000円以上 50,000円未満",,使わない,,,,,,,,,,,,3,ちょっと寄っただけだから,同上,,,,4,機会があれば行きたい,和菓子、和食、兼六園 海鮮丼、大ぶりで美味しかった,金沢中央観光案内所,同意する,,,,,,,2000,,,,,,
石川,2024/03/16 16:29:17,茨城県,男,2008,,"1,500万円以上",親,2泊,石川県外には泊まらない,金沢エリア  （湯涌温泉、深谷温泉、犀川温泉など）,2泊,,,,,,,,,"新幹線, 在来線",0,0,1,1,0,0,0,,0,0,0,0,,,,,初めて,"地元の美味しいものを食べる, 名所、旧跡の観光, 買い物、アウトレット",0,0,1,0,1,0,1,0,0,0,0,0,0,0,0,0,0,0,友人・知人,0,0,0,0,0,0,0,0,0,0,0,0,0,0,0,0,0,0,1,0,0,0,0,0,0,,,,,,"50,000円以上 100,000円未満",,使わない,,,,,,,,,,,,4,パンフレットがたくさんあり他県から来てもわかりやすい,とても綺麗で清潔感があるから,,,,10,機会があれば行きたい,特になし 近江町市場　普段の生活では味わえないから,金沢中央観光案内所,同意する,,,,,,,2008,,,,,,
石川,2024/03/16 16:30:01,京都府,女,1965,,500万円以上 600万円未満,夫婦2人,4泊以上,富山県,金沢エリア  （湯涌温泉、深谷温泉、犀川温泉など）,3泊,,,,,,,,,"新幹線, 在来線",0,0,1,1,0,0,0,,0,0,0,0,4,便利な場所にバス停があり利便性が良かった。,,,初めて,"地元の美味しいものを食べる, 名所、旧跡の観光, まちあるき、都市散策",0,0,1,0,1,0,0,0,0,0,1,0,0,0,0,0,0,0,"観光展・物産展, 観光パンフレット・ポスター, 観光協会等の案内所",0,0,0,0,0,0,0,0,0,0,0,0,0,0,0,0,0,0,0,0,1,1,1,0,0,,,,,,"50,000円以上 100,000円未満",,使わない,,,,,,,,,,,,3,,,,,,7,また行きたい（1年以内）,寿司、郷土料理、菓子、工芸品など,金沢中央観光案内所,同意する,,,,,,,1965,,,,,,
石川,2024/03/17 5:14:21,兵庫県,女,1970,,700万円以上 800万円未満,夫婦2人,1泊,石川県外には泊まらない,金沢エリア  （湯涌温泉、深谷温泉、犀川温泉など）,1泊,,,,,,,,,在来線,0,0,0,1,0,0,0,,0,0,0,0,4,バスの本数が多く、100円で利用できるバスもありよかった,,,初めて,"地元の美味しいものを食べる, まちあるき、都市散策",0,0,1,0,0,0,0,0,0,0,1,0,0,0,0,0,0,0,観光協会等の案内所,0,0,0,0,0,0,0,0,0,0,0,0,0,0,0,0,0,0,0,0,0,1,0,0,0,,,,,,"10,000円以上 20,000円未満",,使わない,,,,,,,,,,,,4,パンフレットが豊富,観光の途中、トイレをお借りできる助かりました,,,,5,また行きたい（1年以内）,特産品を利用した料理を手軽に食べれるお店 旅行の相談ができる,金沢中央観光案内所,同意する,,,,,,,1970,,,,,,
石川,2024/03/17 11:42:16,愛知県,女,1968,,"1,200万円以上 1,500万円未満",親,1泊,石川県外には泊まらない,金沢エリア  （湯涌温泉、深谷温泉、犀川温泉など）,1泊,,,,,,,,,在来線,0,0,0,1,0,0,0,,0,0,0,0,,,,,2～5回目,"地元の美味しいものを食べる, 名所、旧跡の観光, まちあるき、都市散策",0,0,1,0,1,0,0,0,0,0,1,0,0,0,0,0,0,0,通りかかったから,0,0,0,0,0,0,0,0,0,0,0,0,0,0,0,0,0,0,0,0,0,0,0,0,1,,,,,,"10,000円以上 20,000円未満",,使わない,,,,,,,,,,,,3,パンフレットもらっただけ,,,,,6,機会があれば行きたい,特になし,金沢中央観光案内所,同意する,,,,金沢駅,,,1968,,,,,,
石川,2024/03/17 16:32:31,東京都,男,1994,,400万円以上 500万円未満,職場の同僚,4泊以上,石川県外には泊まらない,能登エリア （和倉温泉、七尾市、輪島市、珠洲市など）,4泊以上,,,,,,,,,"自家用車, 在来線",1,0,0,1,0,0,0,,0,0,0,0,5,電車に座れる,,,2～5回目,出張など仕事関係,0,0,0,0,0,0,0,0,0,0,0,0,0,0,0,0,1,0,"観光展・物産展, TV・ラジオ番組やCM, 観光協会等の案内所",0,0,0,0,0,0,0,0,0,0,0,0,0,0,1,0,0,0,0,0,0,1,1,0,0,,,,,,"40,000円以上 50,000円未満",,"10,000円以上 20,000円未満",,,,,,,,,,,,3,,,,,,10,また行きたい（1年以内）,デカ盛りグルメを作って欲しい,金沢中央観光案内所,同意する,,,,,,,1994,,,,,,
石川,2024/03/18 8:50:09,大阪府,男,1963,,100万円未満,自分ひとり,1泊,石川県外には泊まらない,金沢エリア  （湯涌温泉、深谷温泉、犀川温泉など）,1泊,,,,,,,,,在来線,0,0,0,1,0,0,0,,0,0,0,0,,,,,2～5回目,"地元の美味しいものを食べる, サンダーバードに乗る",0,0,1,0,0,0,0,0,0,0,0,0,0,0,0,0,0,0,観光展・物産展,0,0,0,0,0,0,0,0,0,0,0,0,0,0,0,0,0,0,0,0,0,0,1,0,0,,,,,,"10,000円以上 20,000円未満",,使わない,,,,,,,,,,,,5,親切に教えてくれるとても清潔,とても清潔,,,,10,また行きたい（1年以内）,ハントンライスを、いろんなお店で食べ比べしたい 場所もわかりやすく、情報が多い,金沢中央観光案内所,同意する,,,,,,,1963,,,,,,
石川,2024/03/18 14:30:46,福岡県,女,1959,,500万円以上 600万円未満,夫婦2人,2泊,石川県外には泊まらない,金沢エリア  （湯涌温泉、深谷温泉、犀川温泉など）,2泊,,,,,,,,,新幹線,0,0,1,0,0,0,0,,0,0,0,0,4,100円で観光地を巡ることができた。,,,初めて,"宿でのんびり過ごす, 名所、旧跡の観光",1,0,0,0,1,0,0,0,0,0,0,0,0,0,0,0,0,0,観光パンフレット・ポスター,0,0,0,0,0,0,0,0,0,0,0,0,0,0,0,0,0,0,0,0,1,0,0,0,0,,,,,,"30,000円以上 40,000円未満",,使わない,,,,,,,,,,,,5,充電出来た。,とてもきれい。,,,,10,また行きたい（1年以内）,伝統工芸の体験がもっと安く短時間で出来るといいと思いました。擬似体験でもいいし、一部体験でもいいので。体験することで、その技術の素晴らしさが一層理解できると思います。 観光地のスケールが大きく、感動したから。,金沢中央観光案内所,同意する,,,,長町武家屋敷,,,1959,,,,,,
石川,2024/03/18 21:00:35,石川県,女,1985,,300万円以上 400万円未満,中学生以下連れの家族,日帰り,石川県外には泊まらない,石川県内には宿泊しない,石川県内には宿泊しない,,,,,,,,,県外から訪れていない（石川県内在住）,0,0,0,0,0,0,0,,0,0,0,0,,,,,2～5回目,県内在住,0,0,0,0,0,0,0,0,0,0,0,0,0,0,0,0,0,0,通りすがり,0,0,0,0,0,0,0,0,0,0,0,0,0,0,0,0,0,0,0,0,0,0,0,0,1,,,,,,使わない,,使わない,,,,,,,,,,,,3,,,,,,7,石川県在住,特になし,金沢中央観光案内所,同意する,,,,,,,1985,,,,,,
石川,2024/03/18 23:17:09,山梨県,女,1987,,700万円以上 800万円未満,友人,2泊,石川県外には泊まらない,金沢エリア  （湯涌温泉、深谷温泉、犀川温泉など）,2泊,,,,,,,,,"新幹線, 在来線",0,0,1,1,0,0,0,,0,0,0,0,,,,,2～5回目,"名所、旧跡の観光, 買い物、アウトレット, 復興のため石川にお金を落とすため",0,0,0,0,1,0,1,0,0,0,0,0,0,0,0,0,0,0,"観光展・物産展, 新聞・雑誌・ガイドブック, 観光パンフレット・ポスター, インターネット・アプリ",0,0,0,0,0,0,0,0,0,0,1,0,0,0,0,0,1,0,0,0,1,0,1,0,0,,,,,,"20,000円以上 30,000円未満",,"1,000円以上 3,000円未満",,,,,,,,,,,,5,,,,,,10,また行きたい（1年以内）,金沢の伝統,金沢中央観光案内所,同意する,,,,,,,1987,,,,,,
石川,2024/03/18 23:28:22,愛知県,女,1983,,600万円以上 700万円未満,友人,2泊,石川県外には泊まらない,金沢エリア  （湯涌温泉、深谷温泉、犀川温泉など）,2泊,,,,,,,,,"新幹線, 在来線",0,0,1,1,0,0,0,,0,0,0,0,3,,,,初めて,"地元の美味しいものを食べる, 名所、旧跡の観光, 買い物、アウトレット, まちあるき、都市散策, 各種体験（手作り、果物狩りなど）",0,0,1,0,1,0,1,0,0,0,1,1,0,0,0,0,0,0,観光パンフレット・ポスター,0,0,0,0,0,0,0,0,0,0,0,0,0,0,0,0,0,0,0,0,1,0,0,0,0,,,,,,"20,000円以上 30,000円未満",,使わない,,,,,,,,,,,,5,,,,,,10,また行きたい（1年以内）,ひゃくまんさんグッズ購入,金沢中央観光案内所,同意する,,,,,,,1983,,,,,,
石川,2024/03/19 15:11:01,富山県,女,1986,,400万円以上 500万円未満,小学生以下連れの家族,日帰り,石川県外には泊まらない,石川県内には宿泊しない,石川県内には宿泊しない,,,,,,,,,在来線,0,0,0,1,0,0,0,,0,0,0,0,,,,,初めて,"地元の美味しいものを食べる, 名所、旧跡の観光, 買い物、アウトレット, まちあるき、都市散策, 各種体験（手作り、果物狩りなど）",0,0,1,0,1,0,1,0,0,0,1,1,0,0,0,0,0,0,歩いていたら見つけた,0,0,0,0,0,0,0,0,0,0,0,0,0,0,0,0,0,0,0,0,0,0,0,0,1,,,,,,"5,000円以上 10,000円未満",,使わない,,,,,,,,,,,,4,ちょっと休むのにありがたい。,閑散としている。,,,,6,また行きたい（1年以内）,近江町市場ももっと食べ歩き、体験できるものがあれば楽しい。 尾山神社,金沢中央観光案内所,同意する,,エムザ,,香林坊、片町きらり、東茶屋街、フォーラス,,,1986,,,,,,
石川,2024/03/19 22:49:05,大阪府,女,1970,,400万円以上 500万円未満,夫婦2人,日帰り,石川県外には泊まらない,石川県内には宿泊しない,石川県内には宿泊しない,,,,,,,,,在来線,0,0,0,1,0,0,0,,0,0,0,0,5,サンダーバードで金沢まで最後の旅になりました。,,,初めて,"地元の美味しいものを食べる, 名所、旧跡の観光, まちあるき、都市散策",0,0,1,0,1,0,0,0,0,0,1,0,0,0,0,0,0,0,観光協会等の案内所,0,0,0,0,0,0,0,0,0,0,0,0,0,0,0,0,0,0,0,0,0,1,0,0,0,,,,,,使わない,,"1,000円未満",,,,,,,,,,,,5,ガイドさんに町を案内していただきました。,パンフレット等が沢山ありました。,,,,10,また行きたい（1年以内）,復興を応援しております。次は宿泊での観光にします。,金沢中央観光案内所,同意する,,,,,,,1970,,,,,,
石川,2024/03/20 13:14:22,埼玉県,女,1974,,500万円以上 600万円未満,子供,1泊,石川県外には泊まらない,金沢エリア  （湯涌温泉、深谷温泉、犀川温泉など）,1泊,,,,,,,,,新幹線,0,0,1,0,0,0,0,,0,0,0,0,5,運転手さんがとにかく親切でした。地元の路線バスではあり得ないくらい感じが良い運転手さんに感動しました。,,,初めて,"地元の美味しいものを食べる, 名所、旧跡の観光",0,0,1,0,1,0,0,0,0,0,0,0,0,0,0,0,0,0,"観光展・物産展, 観光パンフレット・ポスター",0,0,0,0,0,0,0,0,0,0,0,0,0,0,0,0,0,0,0,0,1,0,1,0,0,,,,,,"5,000円以上 10,000円未満",,使わない,,,,,,,,,,,,5,,,,,,10,また行きたい（1年以内）,特になし,金沢中央観光案内所,同意する,,,,,,,1974,,,,,,
石川,2024/03/20 20:39:46,兵庫県,女,1996,,300万円以上 400万円未満,親,1泊,石川県外には泊まらない,金沢エリア  （湯涌温泉、深谷温泉、犀川温泉など）,1泊,,,,,,,,,"新幹線, 在来線",0,0,1,1,0,0,0,,0,0,0,0,5,バスが高頻度で回ってるから,,,初めて,"宿でのんびり過ごす, 地元の美味しいものを食べる",1,0,1,0,0,0,0,0,0,0,0,0,0,0,0,0,0,0,通りかかった,0,0,0,0,0,0,0,0,0,0,0,0,0,0,0,0,0,0,0,0,0,0,0,0,1,,,,,,"10,000円以上 20,000円未満",,"5,000円以上 10,000円未満",,,,,,,,,,,,5,分かりやすかった,分かりやすかった,,,,10,また行きたい（1年以内）,のどぐろがお土産に買いたい 食べ物が美味しいし、観光もたのしい,金沢中央観光案内所,同意する,,,,,,,1996,,,,,,
石川,2024/03/21 11:43:50,東京都,男,1991,,"900万円以上 1,000万円未満",恋人,1泊,石川県外には泊まらない,金沢エリア  （湯涌温泉、深谷温泉、犀川温泉など）,1泊,,,,,,,,,飛行機,0,0,0,0,1,0,0,,0,0,0,0,,,,,2～5回目,"温泉や露天風呂, 地元の美味しいものを食べる, 名所、旧跡の観光",0,1,1,0,1,0,0,0,0,0,0,0,0,0,0,0,0,0,観光協会等の案内所,0,0,0,0,0,0,0,0,0,0,0,0,0,0,0,0,0,0,0,0,0,1,0,0,0,,,,,,"10,000円以上 20,000円未満",,使わない,,,,,,,,,,,,4,マップをいただけたから,情報が多い,,,,8,また行きたい（1年以内）,混雑しない工夫、待ち時間の少ない工夫,金沢中央観光案内所,同意する,,,,,,,1991,,,,,,
石川,2024/03/22 10:07:36,東京都,女,1985,,700万円以上 800万円未満,恋人,2泊,石川県外には泊まらない,金沢エリア  （湯涌温泉、深谷温泉、犀川温泉など）,2泊,,,,,,,,,新幹線,0,0,1,0,0,0,0,,0,0,0,0,,,,,初めて,"地元の美味しいものを食べる, 名所、旧跡の観光",0,0,1,0,1,0,0,0,0,0,0,0,0,0,0,0,0,0,新聞・雑誌・ガイドブック,0,0,0,0,0,0,0,0,0,0,0,0,0,0,0,0,1,0,0,0,0,0,0,0,0,,,,,,"30,000円以上 40,000円未満",,使わない,,,,,,,,,,,,4,折り紙折れる,折り紙,,,,9,機会があれば行きたい,蟹 カニが美味しい,金沢中央観光案内所,同意する,,,,金沢駅,,,1985,,,,,,
石川,2024/03/22 13:44:39,京都府,女,1989,,400万円以上 500万円未満,姉,1泊,石川県外には泊まらない,金沢エリア  （湯涌温泉、深谷温泉、犀川温泉など）,1泊,,,,,,,,,"新幹線, 在来線",0,0,1,1,0,0,0,,0,0,0,0,,,,,初めて,"地元の美味しいものを食べる, 各種体験（手作り、果物狩りなど）",0,0,1,0,0,0,0,0,0,0,0,1,0,0,0,0,0,0,通りがかり,0,0,0,0,0,0,0,0,0,0,0,0,0,0,0,0,0,0,0,0,0,0,0,0,1,,,,,,"10,000円以上 20,000円未満",,使わない,,,,,,,,,,,,4,お手洗いが清潔,,,,,9,機会があれば行きたい,毱作りたいです 楽しかったから,金沢中央観光案内所,同意する,,カフェに行ってました,,九谷焼絵付け体験をします,,,1989,,,,,,
石川,2024/03/22 17:44:23,京都府,女,1973,,300万円以上 400万円未満,友人,1泊,石川県外には泊まらない,金沢エリア  （湯涌温泉、深谷温泉、犀川温泉など）,1泊,,,,,,,,,"新幹線, 在来線",0,0,1,1,0,0,0,,0,0,0,0,4,駅がきれい,,,初めて,"宿でのんびり過ごす, 温泉や露天風呂, 地元の美味しいものを食べる, 花見や紅葉などの自然鑑賞, 名所、旧跡の観光, まちあるき、都市散策, 各種体験（手作り、果物狩りなど）",1,1,1,1,1,0,0,0,0,0,1,1,0,0,0,0,0,0,観光パンフレット・ポスター,0,0,0,0,0,0,0,0,0,0,0,0,0,0,0,0,0,0,0,0,1,0,0,0,0,,,,,,"10,000円以上 20,000円未満",,"1,000円以上 3,000円未満",,,,,,,,,,,,4,イベントが興味深い,わかりやすい位置にある,,,,6,また行きたい（1年以内）,日本酒、寿司、和菓子 金沢全般。街も良いし食べ物も美味しい。,金沢中央観光案内所,同意する,,,,,,,1973,,,,,,
石川,2024/03/22 17:46:47,東京都,女,1974,,"1,000万円以上 1,200万円未満",友人,1泊,石川県外には泊まらない,金沢エリア  （湯涌温泉、深谷温泉、犀川温泉など）,1泊,,,,,,,,,"新幹線, 在来線",0,0,1,1,0,0,0,,0,0,0,0,4,町歩きが楽しい,,,初めて,"宿でのんびり過ごす, 温泉や露天風呂, 地元の美味しいものを食べる, 花見や紅葉などの自然鑑賞, 名所、旧跡の観光, 買い物、アウトレット, まちあるき、都市散策",1,1,1,1,1,0,1,0,0,0,1,0,0,0,0,0,0,0,"新聞・雑誌・ガイドブック, 観光パンフレット・ポスター, 観光連盟やDMOのHP, X(旧：Twitter), 観光協会等の案内所",0,0,0,0,0,1,0,0,0,0,0,0,0,0,0,0,1,0,0,0,1,1,0,1,0,,,,,,"10,000円以上 20,000円未満",,"20,000円以上 30,000円未満",,,,,,,,,,,,5,ビデオが楽しみ,情報を得やすいし、ホテルから近かった,,,,10,また行きたい（1年以内）,海鮮 尾山神社のステンドグラス,金沢中央観光案内所,同意する,,,,,,,1974,,,,,,
石川,2024/03/23 10:20:16,新潟県,男,1994,,"1,000万円以上 1,200万円未満",自分ひとり,3泊,石川県外には泊まらない,金沢エリア  （湯涌温泉、深谷温泉、犀川温泉など）,3泊,,,,,,,,,"新幹線, 在来線",0,0,1,1,0,0,0,,0,0,0,0,4,まちバスはSuicaが使えるが、路線バスはSuicaが使えないから。,,,初めて,出張など仕事関係,0,0,0,0,0,0,0,0,0,0,0,0,0,0,0,0,1,0,たまたまホテルの一階だったため,0,0,0,0,0,0,0,0,0,0,0,0,0,0,0,0,0,0,0,0,0,0,0,0,1,,,,,,"10,000円以上 20,000円未満",,使わない,,,,,,,,,,,,4,スタッフさんから近隣の情報を教えてもらえた。,,,,,8,機会があれば行きたい,海鮮 観光情報、特産品情報が揃っているから。,金沢中央観光案内所,同意する,,,,奥能登での復興支援,,,1994,,,,,,
石川,2024/03/23 11:24:42,岐阜県,女,1982,,"1,000万円以上 1,200万円未満",小学生以下連れの家族,1泊,石川県外には泊まらない,石川県内には宿泊しない,1泊,,,,,,,,,自家用車,1,0,0,0,0,0,0,,0,0,0,0,,楽しい旅になりました,,,11回目以上,地元の美味しいものを食べる,0,0,1,0,0,0,0,0,0,0,0,0,0,0,0,0,0,0,インターネット・アプリ,0,0,0,0,0,0,0,0,0,0,1,0,0,0,0,0,0,0,0,0,0,0,0,0,0,,,,,,"10,000円以上 20,000円未満",,使わない,,,,,,,,,,,,4,,,,,,10,また行きたい（1年以内）,特になし,金沢中央観光案内所,同意する,,,,,,,1982,,,,,,
石川,2024/03/23 12:17:06,大分県,女,1994,,400万円以上 500万円未満,自分ひとり,4泊以上,石川県外には泊まらない,能登エリア （和倉温泉、七尾市、輪島市、珠洲市など）,3泊,,,,,,,,,新幹線,0,0,1,0,0,0,0,,0,0,0,0,,,,,初めて,災害ボランティア,0,0,0,0,0,0,0,0,0,0,0,0,0,0,0,0,0,0,観光展・物産展,0,0,0,0,0,0,0,0,0,0,0,0,0,0,0,0,0,0,0,0,0,0,1,0,0,,,,,,"5,000円以上 10,000円未満",,使わない,,,,,,,,,,,,5,,,,,,10,機会があれば行きたい,特になし,金沢中央観光案内所,同意する,,,,,,,1994,,,,,,
石川,2024/03/24 9:08:45,東京都,男,1976,,"1,200万円以上 1,500万円未満",夫婦2人,2泊,石川県外には泊まらない,金沢エリア  （湯涌温泉、深谷温泉、犀川温泉など）,2泊,,,,,,,,,"新幹線, 飛行機",0,0,1,0,1,0,0,,0,0,0,0,,,,,初めて,"地元の美味しいものを食べる, まちあるき、都市散策",0,0,1,0,0,0,0,0,0,0,1,0,0,0,0,0,0,0,インターネット・アプリ,0,0,0,0,0,0,0,0,0,0,1,0,0,0,0,0,0,0,0,0,0,0,0,0,0,,,,,,"5,000円以上 10,000円未満",,使わない,,,,,,,,,,,,3,観光パンフレットをいただいた程度です,,,,,7,機会があれば行きたい,センスのいいお土産雑貨屋さんも多いのに見つけにくいと思うので案内があるといいですね パンフレットが揃っている,金沢中央観光案内所,同意する,,,,武家屋敷街,,,1976,,,,,,
石川,2024/03/24 11:11:57,神奈川県,女,1995,,700万円以上 800万円未満,親,3泊,富山県,金沢エリア  （湯涌温泉、深谷温泉、犀川温泉など）,2泊,,,,,,,,,自家用車,1,0,0,0,0,0,0,,0,0,0,0,,,,,初めて,"宿でのんびり過ごす, 温泉や露天風呂, 地元の美味しいものを食べる",1,1,1,0,0,0,0,0,0,0,0,0,0,0,0,0,0,0,観光展・物産展,0,0,0,0,0,0,0,0,0,0,0,0,0,0,0,0,0,0,0,0,0,0,1,0,0,,,,,,"50,000円以上 100,000円未満",,"20,000円以上 30,000円未満",,,,,,,,,,,,5,,,,,,10,また行きたい（1年以内）,その土地でしか食べられないもの,金沢中央観光案内所,同意する,,,,,,,1995,,,,,,
石川,2024/03/24 14:00:47,青森県,男,1999,,200万円以上 300万円未満,自分ひとり,2泊,東京都,金沢エリア  （湯涌温泉、深谷温泉、犀川温泉など）,1泊,,,,,,,,,新幹線,0,0,1,0,0,0,0,,0,0,0,0,,,,,初めて,"地元の美味しいものを食べる, 名所、旧跡の観光",0,0,1,0,1,0,0,0,0,0,0,0,0,0,0,0,0,0,"観光パンフレット・ポスター, 観光協会等の案内所",0,0,0,0,0,0,0,0,0,0,0,0,0,0,0,0,0,0,0,0,1,1,0,0,0,,,,,,"10,000円以上 20,000円未満",,使わない,,,,,,,,,,,,5,金沢美味チケットが役に立った,金沢城・兼六園のマップのチラシが置いてた,,,,7,機会があれば行きたい,特になし 初めて金沢に旅行する際、道に迷わないため,金沢中央観光案内所,同意する,,,,,,,1999,,,,,,
石川,2024/03/24 20:35:02,東京都,女,1999,,"900万円以上 1,000万円未満",親,2泊,石川県外には泊まらない,金沢エリア  （湯涌温泉、深谷温泉、犀川温泉など）,2泊,,,,,,,,,新幹線,0,0,1,0,0,0,0,,0,0,0,0,,,,,2～5回目,"地元の美味しいものを食べる, まちあるき、都市散策, 各種体験（手作り、果物狩りなど）",0,0,1,0,0,0,0,0,0,0,1,1,0,0,0,0,0,0,観光展・物産展,0,0,0,0,0,0,0,0,0,0,0,0,0,0,0,0,0,0,0,0,0,0,1,0,0,,,,,,"20,000円以上 30,000円未満",,使わない,,,,,,,,,,,,4,パンフレットが充実していたから,お手洗いがきれいだったから,,,,8,機会があれば行きたい,特になし 金沢茶寮,金沢中央観光案内所,同意する,,,,武家屋敷跡,,,1999,,,,,,
石川,2024/03/24 20:39:27,東京都,女,1973,,"900万円以上 1,000万円未満",高校生以上連れの家族,2泊,石川県外には泊まらない,金沢エリア  （湯涌温泉、深谷温泉、犀川温泉など）,2泊,,,,,,,,,新幹線,0,0,1,0,0,0,0,,0,0,0,0,3,距離がバスを乗るまでもないが徒歩だと、トータル歩くことになってしまい、ばす券を買ってもお得にならなかった,,,初めて,"地元の美味しいものを食べる, 名所、旧跡の観光, まちあるき、都市散策",0,0,1,0,1,0,0,0,0,0,1,0,0,0,0,0,0,0,通りかかり,0,0,0,0,0,0,0,0,0,0,0,0,0,0,0,0,0,0,0,0,0,0,0,0,1,,,,,,"20,000円以上 30,000円未満",,使わない,,,,,,,,,,,,3,,,,,,6,機会があれば行きたい,特になし,金沢中央観光案内所,同意する,,,,にし茶屋街,,,1973,,,,,,
石川,2024/03/25 12:55:58,広島県,女,1975,,600万円以上 700万円未満,自分ひとり,2泊,富山県,金沢エリア  （湯涌温泉、深谷温泉、犀川温泉など）,1泊,,,,,,,,,新幹線,0,0,1,0,0,0,0,,0,0,0,0,,,,,初めて,"名所、旧跡の観光, まちあるき、都市散策",0,0,0,0,1,0,0,0,0,0,1,0,0,0,0,0,0,0,新聞・雑誌・ガイドブック,0,0,0,0,0,0,0,0,0,0,0,0,0,0,0,0,1,0,0,0,0,0,0,0,0,,,,,,"10,000円以上 20,000円未満",,使わない,,,,,,,,,,,,4,,,,,,8,機会があれば行きたい,特になし,金沢中央観光案内所,同意する,,,,,,,1975,,,,,,
石川,2024/03/25 14:17:42,岩手県,女,1970,,400万円以上 500万円未満,自分ひとり,4泊以上,名古屋　広島,金沢エリア  （湯涌温泉、深谷温泉、犀川温泉など）,1泊,,,,,,,,,"飛行機, 夜行バス",0,0,0,0,1,0,0,,0,0,0,0,2,街乗り をお借りしましたが ポートが分かりにくく 探しているうちに課金されてミットしました,,,初めて,初めての石川を楽しみたかったのと被災県応援になればと思ったので,0,0,0,0,0,0,0,0,0,0,0,0,0,0,0,0,0,0,自転車で走っていて見かけました 大変立派な建物だったのでよく目につきました,0,0,0,0,0,0,0,0,0,0,0,0,0,0,0,0,0,0,0,0,0,0,0,0,1,,,,,,"5,000円以上 10,000円未満",,使わない,,,,,,,,,,,,3,地図が欲しくてよっただけなので,広くて綺麗だと思います,,,,8,また行きたい（1年以内）,なし 見所は こじんまりとしているので徒歩でも観光可なところがいいと思います,金沢中央観光案内所,同意する,,,,,,,1970,,,,,,
石川,2024/03/25 15:58:16,埼玉県,女,1986,,"1,500万円以上",小学生以下連れの家族,1泊,石川県外には泊まらない,金沢エリア  （湯涌温泉、深谷温泉、犀川温泉など）,1泊,,,,,,,,,新幹線,0,0,1,0,0,0,0,,0,0,0,0,4,,,,初めて,"宿でのんびり過ごす, 地元の美味しいものを食べる, 名所、旧跡の観光, まちあるき、都市散策",1,0,1,0,1,0,0,0,0,0,1,0,0,0,0,0,0,0,インターネット・アプリ,0,0,0,0,0,0,0,0,0,0,1,0,0,0,0,0,0,0,0,0,0,0,0,0,0,,,,,,"20,000円以上 30,000円未満",,使わない,,,,,,,,,,,,4,,,,,,8,機会があれば行きたい,なし,金沢中央観光案内所,同意する,,,,,,,1986,,,,,,
石川,2024/03/25 16:57:48,大阪府,男,2005,,400万円以上 500万円未満,友人,1泊,石川県外には泊まらない,金沢エリア  （湯涌温泉、深谷温泉、犀川温泉など）,1泊,,,,,,,,,新幹線,0,0,1,0,0,0,0,,0,0,0,0,,,,,初めて,"地元の美味しいものを食べる, 名所、旧跡の観光",0,0,1,0,1,0,0,0,0,0,0,0,0,0,0,0,0,0,歩いていたら見つけた,0,0,0,0,0,0,0,0,0,0,0,0,0,0,0,0,0,0,0,0,0,0,0,0,1,,,,,,"30,000円以上 40,000円未満",,使わない,,,,,,,,,,,,5,,,,,,10,機会があれば行きたい,特になし,金沢中央観光案内所,同意する,,,,,,,2005,,,,,,
石川,2024/03/25 17:08:45,大阪府,女,1995,,600万円以上 700万円未満,親,1泊,石川県外には泊まらない,金沢エリア  （湯涌温泉、深谷温泉、犀川温泉など）,1泊,,,,,,,,,"新幹線, 在来線",0,0,1,1,0,0,0,,0,0,0,0,,,,,初めて,"地元の美味しいものを食べる, 名所、旧跡の観光",0,0,1,0,1,0,0,0,0,0,0,0,0,0,0,0,0,0,"観光展・物産展, 新聞・雑誌・ガイドブック, Instagram, TikTok",0,0,0,1,1,0,0,0,0,0,0,0,0,0,0,0,1,0,0,0,0,0,1,0,0,,,,,,"50,000円以上 100,000円未満",,"10,000円以上 20,000円未満",,,,,,,,,,,,5,,みんな優しい　食べ物美味しい,,,,9,また行きたい（1年以内）,店が閉まるのが早い,金沢中央観光案内所,同意する,,,,,,,1995,,,,,,
石川,2024/03/25 17:54:41,千葉県,男,1992,,"900万円以上 1,000万円未満",親,1泊,石川県外には泊まらない,金沢エリア  （湯涌温泉、深谷温泉、犀川温泉など）,1泊,,,,,,,,,新幹線,0,0,1,0,0,0,0,,0,0,0,0,4,,,,初めて,"宿でのんびり過ごす, 名所、旧跡の観光",1,0,0,0,1,0,0,0,0,0,0,0,0,0,0,0,0,0,歩いていたらあったので入ってみた。,0,0,0,0,0,0,0,0,0,0,0,0,0,0,0,0,0,0,0,0,0,0,0,0,1,,,,,,"50,000円以上 100,000円未満",,使わない,,,,,,,,,,,,4,,,,,,8,どちらともいえない,特になし,金沢中央観光案内所,同意する,,,,,,,1992,,,,,,
石川,2024/03/26 16:11:00,神奈川県,女,2009,,"900万円以上 1,000万円未満",親,1泊,石川県外には泊まらない,金沢エリア  （湯涌温泉、深谷温泉、犀川温泉など）,1泊,,,,,,,,,"新幹線, 在来線",0,0,1,1,0,0,0,,0,0,0,0,4,,,,初めて,"宿でのんびり過ごす, 地元の美味しいものを食べる, 名所、旧跡の観光, まちあるき、都市散策, 出張など仕事関係",1,0,1,0,1,0,0,0,0,0,1,0,0,0,0,0,1,0,観光パンフレット・ポスター,0,0,0,0,0,0,0,0,0,0,0,0,0,0,0,0,0,0,0,0,1,0,0,0,0,,,,,,"10,000円以上 20,000円未満",,使わない,,,,,,,,,,,,4,,,,,,7,機会があれば行きたい,特になし,金沢中央観光案内所,同意する,,,,,,,2009,,,,,,
石川,2024/03/27 14:25:01,東京都,女,2000,,300万円以上 400万円未満,恋人,1泊,石川県外には泊まらない,金沢エリア  （湯涌温泉、深谷温泉、犀川温泉など）,1泊,,,,,,,,,"新幹線, 在来線",0,0,1,1,0,0,0,,0,0,0,0,,,,,初めて,"宿でのんびり過ごす, 地元の美味しいものを食べる, 名所、旧跡の観光, スポーツ観戦や芸術鑑賞（コンサート等）, まちあるき、都市散策, 各種体験（手作り、果物狩りなど）",1,0,1,0,1,0,0,0,0,0,1,1,0,0,0,0,0,0,インターネット・アプリ,0,0,0,0,0,0,0,0,0,0,1,0,0,0,0,0,0,0,0,0,0,0,0,0,0,,,,,,"5,000円以上 10,000円未満",,使わない,,,,,,,,,,,,5,,,,,,10,また行きたい（1年以内）,のどくろ,金沢中央観光案内所,同意する,,,,,,,2000,,,,,,
石川,2024/03/27 18:24:25,東京都,男,1966,,"900万円以上 1,000万円未満",自分ひとり,4泊以上,石川県外には泊まらない,能登エリア （和倉温泉、七尾市、輪島市、珠洲市など）,4泊以上,,,,,,,,,新幹線,0,0,1,0,0,0,0,,0,0,0,0,4,思い出に残る仕事でした,,,初めて,出張など仕事関係,0,0,0,0,0,0,0,0,0,0,0,0,0,0,0,0,1,0,観光展・物産展,0,0,0,0,0,0,0,0,0,0,0,0,0,0,0,0,0,0,0,0,0,0,1,0,0,,,,,,使わない,,使わない,,,,,,,,,,,,4,,,,,,10,また行きたい（1年以内）,美味しいものが沢山ある,金沢中央観光案内所,同意する,,,,,,,1966,,,,,,
石川,2024/03/28 16:16:13,奈良県,女,1958,,400万円以上 500万円未満,夫婦2人,2泊,石川県外には泊まらない,金沢エリア  （湯涌温泉、深谷温泉、犀川温泉など）,2泊,,,,,,,,,自家用車,1,0,0,0,0,0,0,,0,0,0,0,5,金沢一日フリー乗車券で、気軽に移動できる　,,,初めて,"地元の美味しいものを食べる, 花見や紅葉などの自然鑑賞, 名所、旧跡の観光, まちあるき、都市散策",0,0,1,1,1,0,0,0,0,0,1,0,0,0,0,0,0,0,市内観光中　見つけたので、ぶらっと入った,0,0,0,0,0,0,0,0,0,0,0,0,0,0,0,0,0,0,0,0,0,0,0,0,1,,,,,,"3,000円以上 5,000円未満",,使わない,,,,,,,,,,,,3,,,,,,8,また行きたい（1年以内）,海鮮 街が整っている　庭園等歴史を感じる,金沢中央観光案内所,同意する,,,,ホテルに戻る,,,1958,,,,,,
石川,2024/03/28 16:18:39,奈良県,男,1957,,500万円以上 600万円未満,夫婦2人,2泊,石川県外には泊まらない,金沢エリア  （湯涌温泉、深谷温泉、犀川温泉など）,2泊,,,,,,,,,自家用車,1,0,0,0,0,0,0,,0,0,0,0,4,フリーバス乗車券があったのでうまく利用できたから。,,,初めて,名所、旧跡の観光,0,0,0,0,1,0,0,0,0,0,0,0,0,0,0,0,0,0,観光連盟やDMOのHP,0,0,0,0,0,0,0,0,0,0,0,0,0,0,0,0,0,0,0,0,0,0,0,1,0,,,,,,"40,000円以上 50,000円未満",,使わない,,,,,,,,,,,,3,休憩と情報収集のため利用したから。,十分理解していない。,,,,8,機会があれば行きたい,特になし 見どころの多さ。,金沢中央観光案内所,同意する,,,,,,,1957,,,,,,
石川,2024/03/29 14:10:52,静岡県,女,1954,,100万円未満,夫婦、娘夫婦、孫２人,2泊,石川県外には泊まらない,金沢エリア  （湯涌温泉、深谷温泉、犀川温泉など）,2泊,,,,,,,,,自家用車,1,0,0,0,0,0,0,,0,0,0,0,,,,,初めて,"地元の美味しいものを食べる, 名所、旧跡の観光, 友人・親戚を訪ねる",0,0,1,0,1,0,0,0,0,0,0,0,0,0,0,0,0,0,歩いていたらちょうどあったので入ってみた,0,0,0,0,0,0,0,0,0,0,0,0,0,0,0,0,0,0,0,0,0,0,0,0,1,,,,,,"10,000円以上 20,000円未満",,使わない,,,,,,,,,,,,3,,,,,,8,機会があれば行きたい,お土産がどれも綺麗で美味しいそうなのでどれにしようかとてもまよいます 金沢城がとても良いから,金沢中央観光案内所,同意する,,,,武家屋敷,,,1954,,,,,,
石川,2024/03/31 10:45:49,熊本県,女,2001,,"1,200万円以上 1,500万円未満",恋人,2泊,石川県外には泊まらない,金沢エリア  （湯涌温泉、深谷温泉、犀川温泉など）,2泊,,,,,,,,,新幹線,0,0,1,0,0,0,0,,0,0,0,0,,,,,初めて,"宿でのんびり過ごす, 温泉や露天風呂, 地元の美味しいものを食べる, 花見や紅葉などの自然鑑賞, 名所、旧跡の観光",1,1,1,1,1,0,0,0,0,0,0,0,0,0,0,0,0,0,"観光パンフレット・ポスター, インターネット・アプリ, Instagram",0,0,0,1,0,0,0,0,0,0,1,0,0,0,0,0,0,0,0,0,1,0,0,0,0,,,,,,"10,000円以上 20,000円未満",,"1,000円未満",,,,,,,,,,,,4,たくさんのパンフレットがあったから。,静かでゆっくりできる雰囲気だったから。,,,,9,また行きたい（1年以内）,カニを食べたい。 お食事が美味しい。街並みが綺麗。,金沢中央観光案内所,同意する,,,,,,,2001,,,,,,
石川,2024/03/31 16:36:37,群馬県,男,1966,,700万円以上 800万円未満,夫婦2人,1泊,石川県外には泊まらない,金沢エリア  （湯涌温泉、深谷温泉、犀川温泉など）,1泊,,,,,,,,,新幹線,0,0,1,0,0,0,0,,0,0,0,0,3,,,,初めて,"宿でのんびり過ごす, 地元の美味しいものを食べる, 名所、旧跡の観光, まちあるき、都市散策",1,0,1,0,1,0,0,0,0,0,1,0,0,0,0,0,0,0,通りがかった,0,0,0,0,0,0,0,0,0,0,0,0,0,0,0,0,0,0,0,0,0,0,0,0,1,,,,,,"20,000円以上 30,000円未満",,使わない,,,,,,,,,,,,4,,,,,,8,機会があれば行きたい,石川県らしいお土産屋がもっと増えて欲しい,金沢中央観光案内所,同意する,,,,,,,1966,,,,,,
石川,2024/04/01 12:23:44,東京都,女,1974,,"1,200万円以上 1,500万円未満",恋人,1泊,石川県外には泊まらない,金沢エリア  （湯涌温泉、深谷温泉、犀川温泉など）,1泊,,,,,,,,,新幹線,0,0,1,0,0,0,0,,0,0,0,0,4,,,,2～5回目,"名所、旧跡の観光, まちあるき、都市散策, 各種体験（手作り、果物狩りなど）",0,0,0,0,1,0,0,0,0,0,1,1,0,0,0,0,0,0,Instagram,0,0,0,1,0,0,0,0,0,0,0,0,0,0,0,0,0,0,0,0,0,0,0,0,0,,,,,,"10,000円以上 20,000円未満",,使わない,,,,,,,,,,,,3,,,,,,10,機会があれば行きたい,地元の方々とお話できると充実感が増すため、ただ見る観光ではなく、体験やガイドツアーが増えるとよいと思います,金沢中央観光案内所,同意する,,,,,,,1974,,,,,,
石川,2024/04/02 3:35:38,愛知県,男,1970,,500万円以上 600万円未満,自分ひとり,1泊,石川県外には泊まらない,金沢エリア  （湯涌温泉、深谷温泉、犀川温泉など）,1泊,,,,,,,,,新幹線,0,0,1,0,0,0,0,,0,0,0,0,,,,,初めて,名所、旧跡の観光,0,0,0,0,1,0,0,0,0,0,0,0,0,0,0,0,0,0,観光パンフレット・ポスター,0,0,0,0,0,0,0,0,0,0,0,0,0,0,0,0,0,0,0,0,1,0,0,0,0,,,,,,"3,000円以上 5,000円未満",,使わない,,,,,,,,,,,,4,,,,,,8,機会があれば行きたい,城めぐり,金沢中央観光案内所,同意する,,小松の杜,,,,,1970,,,,,,
石川,2024/04/02 17:46:47,福岡県,女,1978,,"1,000万円以上 1,200万円未満",中学生以下連れの家族,2泊,石川県外には泊まらない,金沢エリア  （湯涌温泉、深谷温泉、犀川温泉など）,2泊,,,,,,,,,新幹線,0,0,1,0,0,0,0,,0,0,0,0,4,流しのタクシーがあって良かった,,,初めて,卒業旅行,0,0,0,0,0,0,0,0,0,0,0,0,0,0,0,0,0,0,歩いていて偶然,0,0,0,0,0,0,0,0,0,0,0,0,0,0,0,0,0,0,0,0,0,0,0,0,1,,,,,,"30,000円以上 40,000円未満",,使わない,,,,,,,,,,,,5,トイレも使えて休憩もできたから,トイレが利用できて遅い時間まで開いている,,,,10,また行きたい（1年以内）,回転寿司,金沢中央観光案内所,同意する,,,,町屋ダイニング,,,1978,,,,,,
石川,2024/04/05 22:26:32,鹿児島県,女,1953,,300万円以上 400万円未満,自分ひとり,2泊,石川県外には泊まらない,金沢エリア  （湯涌温泉、深谷温泉、犀川温泉など）,2泊,,,,,,,,,"新幹線, 飛行機",0,0,1,0,1,0,0,,0,0,0,0,,,,,初めて,"地元の美味しいものを食べる, 花見や紅葉などの自然鑑賞, 名所、旧跡の観光, テーマパーク（遊園地、動物園、博物館など）, まちあるき、都市散策",0,0,1,1,1,1,0,0,0,0,1,0,0,0,0,0,0,0,香林坊に向かって歩いて見つけた,0,0,0,0,0,0,0,0,0,0,0,0,0,0,0,0,0,0,0,0,0,0,0,0,1,,,,,,"5,000円以上 10,000円未満",,"1,000円未満",,,,,,,,,,,4,4,観光パンフレットが豊富に揃って、テーマ別にわかりやすく設置されて利用しやすかったです。,ゆったりしたスペースで、時間に余裕があれば、ゆっくり活用することもできると思います,,,,9,また行きたい（1年以内）,北陸らしい海産物 新旧の魅力がつまっている,金沢中央観光案内所,同意する,,,,,,,1953,,,,,,
石川,2024/04/06 10:31:05,大阪府,女,2003,,600万円以上 700万円未満,親,1泊,石川県外には泊まらない,金沢エリア  （湯涌温泉、深谷温泉、犀川温泉など）,1泊,,,,,,,,,自家用車,1,0,0,0,0,0,0,,0,0,0,0,,,,,初めて,"地元の美味しいものを食べる, 花見や紅葉などの自然鑑賞, 名所、旧跡の観光, ドライブ・ツーリング",0,0,1,1,1,0,0,0,0,0,0,0,0,0,1,0,0,0,"観光展・物産展, 観光パンフレット・ポスター",0,0,0,0,0,0,0,0,0,0,0,0,0,0,0,0,0,0,0,0,1,0,1,0,0,,,,,,"5,000円以上 10,000円未満",,使わない,,,,,,,,,,,5,4,,,,,,10,機会があれば行きたい,特になし,金沢中央観光案内所,同意する,,,,,,,2003,,,,,,
石川,2024/04/06 11:19:47,新潟県,男,2006,,100万円未満,友人,3泊,福井県,金沢エリア  （湯涌温泉、深谷温泉、犀川温泉など）,2泊,,,,,,,,,"自家用車, 在来線",1,0,0,1,0,0,0,,0,0,0,0,5,,,,2～5回目,"名所、旧跡の観光, まちあるき、都市散策, 北陸特急の最終日を見学、蓮ノ空女学院の聖地を巡礼",0,0,0,0,1,0,0,0,0,0,1,0,0,0,0,0,0,0,前回訪問した際路線バスの路線マップがあったから,0,0,0,0,0,0,0,0,0,0,0,0,0,0,0,0,0,0,0,0,0,0,0,0,1,,,,,,使わない,,使わない,,,,,,,,,,,5,5,,,,,,10,また行きたい（1年以内）,北陸本線を時速130kmでかっ飛ばす特急にまた乗りたいそして撮りたい はすのそらさいきょー,金沢中央観光案内所,同意する,,金沢駅,,にし茶屋街,,,2006,,,,,,
石川,2024/04/06 14:46:28,東京都,女,1972,,"1,500万円以上",小学生以下連れの家族,1泊,石川県外には泊まらない,金沢エリア  （湯涌温泉、深谷温泉、犀川温泉など）,1泊,,,,,,,,,新幹線,0,0,1,0,0,0,0,,0,0,0,0,3,交通系ICカードが導入されるとより便利でした。,,,初めて,"地元の美味しいものを食べる, 名所、旧跡の観光, 友人・親戚を訪ねる",0,0,1,0,1,0,0,0,0,0,0,0,0,0,0,0,0,0,友人・知人,0,0,0,0,0,0,0,0,0,0,0,0,0,0,0,0,0,0,1,0,0,0,0,0,0,,,,,,"5,000円以上 10,000円未満",,使わない,,,,,,,,,,,4,4,,,,,,5,また行きたい（1年以内）,飲食や文化も、とても個性があって来て良かったと思っています。まだまだ時間が足りないので、また来たいと思います。新幹線ができて来県のハードルが下がりました。,金沢中央観光案内所,同意する,,,,,,,1972,,,,,,
石川,2024/04/06 17:17:43,福岡県,女,1990,,700万円以上 800万円未満,小学生以下連れの家族,2泊,石川県外には泊まらない,金沢エリア  （湯涌温泉、深谷温泉、犀川温泉など）,2泊,,,,,,,,,飛行機,0,0,0,0,1,0,0,,0,0,0,0,,,,,初めて,"地元の美味しいものを食べる, 花見や紅葉などの自然鑑賞, まちあるき、都市散策",0,0,1,1,0,0,0,0,0,0,1,0,0,0,0,0,0,0,観光展・物産展,0,0,0,0,0,0,0,0,0,0,0,0,0,0,0,0,0,0,0,0,0,0,1,0,0,,,,,,"20,000円以上 30,000円未満",,使わない,,,,,,,,,,,5,5,ゆっくり観光情報を見ることができた,静かでたくさんのパンフレットがありゆっくり見れた,,,,10,機会があれば行きたい,新鮮な魚介類目当てで来ました 食べ物も美味しくゆっくり過ごすことができました,金沢中央観光案内所,同意する,,,,,,,1990,,,,,,
石川,2024/04/07 13:50:54,埼玉県,女,2003,,300万円以上 400万円未満,自分ひとり,2泊,石川県外には泊まらない,金沢エリア  （湯涌温泉、深谷温泉、犀川温泉など）,2泊,,,,,,,,,夜行バス,0,0,0,0,0,0,0,,0,0,0,0,2,全く時刻表の通りに来なかったです,,,2～5回目,まちあるき、都市散策,0,0,0,0,0,0,0,0,0,0,1,0,0,0,0,0,0,0,インターネット・アプリ,0,0,0,0,0,0,0,0,0,0,1,0,0,0,0,0,0,0,0,0,0,0,0,0,0,,,,,,"20,000円以上 30,000円未満",,使わない,,,,,,,,,,,5,5,静かで清潔感のあるとてもいい施設と思いました。,上と同じです。,,,,10,また行きたい（1年以内）,おでんが美味しかったので、ほかの具を注文したいです！ 蓮ノ空のことが好きな人には絶対来てもらいたいです！,金沢中央観光案内所,同意する,,,,,,,2003,,,,,,
石川,2024/04/07 15:20:34,富山県,男,2000,,100万円未満,友人,日帰り,石川県外には泊まらない,石川県内には宿泊しない,石川県内には宿泊しない,,,,,,,,,自転車,0,0,0,0,0,0,0,,0,0,0,0,5,,,,2～5回目,まちあるき、都市散策,0,0,0,0,0,0,0,0,0,0,1,0,0,0,0,0,0,0,X(旧：Twitter),0,0,0,0,0,1,0,0,0,0,0,0,0,0,0,0,0,0,0,0,0,0,0,0,0,,,,,,使わない,,使わない,,,,,,,,,,,5,5,,,,,,10,また行きたい（1年以内）,特になし,金沢中央観光案内所,同意する,,,,,,,2000,,,,,,
石川,2024/04/07 15:21:35,富山県,男,2004,,"1,500万円以上",団体旅行,日帰り,富山県,石川県内には宿泊しない,石川県内には宿泊しない,,,,,,,,,自転車,0,0,0,0,0,0,0,,0,0,0,0,4,,,,初めて,アウトドア（海水浴、釣り、登山など）,0,0,0,0,0,0,0,0,0,1,0,0,0,0,0,0,0,0,観光展・物産展,0,0,0,0,0,0,0,0,0,0,0,0,0,0,0,0,0,0,0,0,0,0,1,0,0,,,,,,使わない,,"1,000円未満",,,,,,,,,,,5,5,,,,,,10,また行きたい（1年以内）,特になし,金沢中央観光案内所,同意する,,,,,,,2004,,,,,,
石川,2024/04/07 15:23:39,富山県,男,2001,,100万円未満,友人,日帰り,富山県,石川県内には宿泊しない,石川県内には宿泊しない,,,,,,,,,自転車,0,0,0,0,0,0,0,,0,0,0,0,5,,,,2～5回目,アウトドア（海水浴、釣り、登山など）,0,0,0,0,0,0,0,0,0,1,0,0,0,0,0,0,0,0,"X(旧：Twitter), 友人・知人",0,0,0,0,0,1,0,0,0,0,0,0,0,0,0,0,0,0,1,0,0,0,0,0,0,,,,,,使わない,,"1,000円未満",,,,,,,,,,,5,5,,,,,,10,また行きたい（1年以内）,特になし,金沢中央観光案内所,同意する,,,,,,,2001,,,,,,
石川,2024/04/07 15:59:22,東京都,無回答,1991,,400万円以上 500万円未満,夫婦2人,1泊,石川県外には泊まらない,金沢エリア  （湯涌温泉、深谷温泉、犀川温泉など）,1泊,,,,,,,,,新幹線,0,0,1,0,0,0,0,,0,0,0,0,,,,,初めて,"お祭りやイベントへの参加・見物, まちあるき、都市散策, 各種体験（手作り、果物狩りなど）",0,0,0,0,0,0,0,1,0,0,1,1,0,0,0,0,0,0,タクシードライバーや地元の人,0,0,0,0,0,0,0,0,0,0,0,0,0,0,0,0,0,0,0,1,0,0,0,0,0,,,,,,"10,000円以上 20,000円未満",,使わない,,,,,,,,,,,4,3,,,,,,6,また行きたい（1年以内）,特になし,金沢中央観光案内所,同意する,,,,,,,1991,,,,,,
石川,2024/04/08 14:34:33,愛知県,男,1975,,400万円以上 500万円未満,自分ひとり,1泊,石川県外には泊まらない,金沢エリア  （湯涌温泉、深谷温泉、犀川温泉など）,1泊,,,,,,,,,自家用車,1,0,0,0,0,0,0,,0,0,0,0,,,,,2～5回目,"名所、旧跡の観光, お祭りやイベントへの参加・見物, まちあるき、都市散策, ドライブ・ツーリング",0,0,0,0,1,0,0,1,0,0,1,0,0,0,1,0,0,0,"X(旧：Twitter), 蓮ノ空女学院スクールアイドルクラブとのコラボにて",0,0,0,0,0,1,0,0,0,0,0,0,0,0,0,0,0,0,0,0,0,0,0,0,0,,,,,,"5,000円以上 10,000円未満",,使わない,,,,,,,,,,,5,4,石川県の観光スポットがパンフレットなどで情報を拾いやすくなっているため,休憩スポットとしても利用できるため,,,,5,また行きたい（1年以内）,金沢おでんや海産物が美味しいのでリピートしてしまいますね。 観光スポットが多く、写真映えするので。,金沢中央観光案内所,同意する,,金沢城公園,,金沢駅,,,1975,,,,,,
石川,2024/04/09 20:41:35,栃木県,女,1997,,300万円以上 400万円未満,親,2泊,石川県外には泊まらない,金沢エリア  （湯涌温泉、深谷温泉、犀川温泉など）,2泊,,,,,,,,,新幹線,0,0,1,0,0,0,0,,0,0,0,0,,,,,初めて,"花見や紅葉などの自然鑑賞, まちあるき、都市散策",0,0,0,1,0,0,0,0,0,0,1,0,0,0,0,0,0,0,"観光展・物産展, 観光パンフレット・ポスター, X(旧：Twitter)",0,0,0,0,0,1,0,0,0,0,0,0,0,0,0,0,0,0,0,0,1,0,1,0,0,,,,,,"50,000円以上 100,000円未満",,使わない,,,,,,,,,,,4,5,対応が丁寧,施設が綺麗,,,,9,機会があれば行きたい,飲食が高い 桜のライトアップがとても綺麗,金沢中央観光案内所,同意する,,,,,,,1997,,,,,,
石川,2024/04/09 20:41:38,栃木県,女,1967,,400万円以上 500万円未満,中学生以下連れの家族,2泊,石川県外には泊まらない,金沢エリア  （湯涌温泉、深谷温泉、犀川温泉など）,2泊,,,,,,,,,新幹線,0,0,1,0,0,0,0,,0,0,0,0,,,,,初めて,"地元の美味しいものを食べる, 花見や紅葉などの自然鑑賞, 名所、旧跡の観光, まちあるき、都市散策, 各種体験（手作り、果物狩りなど）",0,0,1,1,1,0,0,0,0,0,1,1,0,0,0,0,0,0,新聞・雑誌・ガイドブック,0,0,0,0,0,0,0,0,0,0,0,0,0,0,0,0,1,0,0,0,0,0,0,0,0,,,,,,"50,000円以上 100,000円未満",,使わない,,,,,,,,,,,4,4,トイレもありパンフレットも充実していました。,とてもキレイでした。。,,,,7,機会があれば行きたい,飲食関係はとても高過ぎると思います。 桜や庭園が素晴らしいです。,金沢中央観光案内所,同意する,,,,,,,1967,,,,,,
石川,2024/04/10 16:50:29,京都府,女,1974,,200万円以上 300万円未満,自分ひとり,3泊,石川県外には泊まらない,金沢エリア  （湯涌温泉、深谷温泉、犀川温泉など）,3泊,,,,,,,,,"新幹線, 在来線",0,0,1,1,0,0,0,,0,0,0,0,4,すぐバス来る,,,6～10回目,"地元の美味しいものを食べる, 花見や紅葉などの自然鑑賞, まちあるき、都市散策",0,0,1,1,0,0,0,0,0,0,1,0,0,0,0,0,0,0,"観光パンフレット・ポスター, 観光協会等の案内所",0,0,0,0,0,0,0,0,0,0,0,0,0,0,0,0,0,0,0,0,1,1,0,0,0,,,,,,"30,000円以上 40,000円未満",,使わない,,,,,,,,,,,4,4,パンフ多い,みやげもある,,,,7,また行きたい（1年以内）,手軽にお茶飲みたい 観光アクセスが良い,金沢中央観光案内所,同意する,,,,,,,1974,,,,,,
石川,2024/04/11 18:23:40,埼玉県,男,1999,,400万円以上 500万円未満,友人,日帰り,日帰り,石川県内には宿泊しない,石川県内には宿泊しない,,,,,,,,,新幹線,0,0,1,0,0,0,0,,0,0,0,0,2,バスで使用できるICカードが限定されていたため。次回は用意したいと思います。,,,2～5回目,"地元の美味しいものを食べる, 名所、旧跡の観光, まちあるき、都市散策, 「蓮ノ空女学院スクールアイドルクラブ」の聖地巡礼とスタンプラリー",0,0,1,0,1,0,0,0,0,0,1,0,0,0,0,0,0,0,インターネット・アプリ,0,0,0,0,0,0,0,0,0,0,1,0,0,0,0,0,0,0,0,0,0,0,0,0,0,,,,,,使わない,,使わない,,,,,,,,,,,5,4,,金沢観光のパンフレット類が幅広く置かれていたため。,,,,10,また行きたい（1年以内）,(飲食)アレルギーで魚が食べられないので、色々なものを取り上げて欲しいです。(アクティビティ)蓮ノ空スタンプラリーをぜひまたやってほしいです。 金沢城公園と兼六園。歴史的な景観と綺麗な自然を観ることができたから。,金沢中央観光案内所,同意する,,,,,,,1999,,,,,,
石川,2024/04/12 11:13:17,千葉県,女,1967,,"1,500万円以上",夫婦2人,1泊,石川県外には泊まらない,金沢エリア  （湯涌温泉、深谷温泉、犀川温泉など）,1泊,,,,,,,,,飛行機,0,0,0,0,1,0,0,,0,0,0,0,5,主要観光地に停留所があり利便性が良い,,,初めて,"地元の美味しいものを食べる, 名所、旧跡の観光, まちあるき、都市散策",0,0,1,0,1,0,0,0,0,0,1,0,0,0,0,0,0,0,通りがかり,0,0,0,0,0,0,0,0,0,0,0,0,0,0,0,0,0,0,0,0,0,0,0,0,1,,,,,,"10,000円以上 20,000円未満",,"1,000円未満",,,,,,,,,,,4,4,欲しい情報がある,広くてイス・テーブルがありゆっくり情報を探せました。,,,,10,また行きたい（1年以内）,特になし,金沢中央観光案内所,同意する,,,,,,,1967,,,,,,
石川,2024/04/12 20:56:23,徳島県,女,1961,,500万円以上 600万円未満,夫婦2人,2泊,石川県外には泊まらない,金沢エリア  （湯涌温泉、深谷温泉、犀川温泉など）,2泊,,,,,,,,,自家用車,1,0,0,0,0,0,0,,0,0,0,0,,,,,2～5回目,"地元の美味しいものを食べる, 花見や紅葉などの自然鑑賞, 名所、旧跡の観光, まちあるき、都市散策",0,0,1,1,1,0,0,0,0,0,1,0,0,0,0,0,0,0,たまたま前を通ったから,0,0,0,0,0,0,0,0,0,0,0,0,0,0,0,0,0,0,0,0,0,0,0,0,1,,,,,,"1,000円以上 3,000円未満",,使わない,,,,,,,,,,,5,3,,,,,,5,また行きたい（1年以内）,特になし 食べ物が美味しい。兼六園とお城の桜が綺麗だった。,金沢中央観光案内所,同意する,,,,,,,1961,,,,,,
石川,2024/04/13 6:37:56,愛知県,女,1969,,700万円以上 800万円未満,自分ひとり,4泊以上,石川県外には泊まらない,金沢エリア  （湯涌温泉、深谷温泉、犀川温泉など）,4泊以上,,,,,,,,,"新幹線, 在来線",0,0,1,1,0,0,0,,0,0,0,0,5,,,,初めて,出張など仕事関係,0,0,0,0,0,0,0,0,0,0,0,0,0,0,0,0,1,0,新聞・雑誌・ガイドブック,0,0,0,0,0,0,0,0,0,0,0,0,0,0,0,0,1,0,0,0,0,0,0,0,0,,,,,,"50,000円以上 100,000円未満",,"5,000円以上 10,000円未満",,,,,,,,,,,4,5,,,,,,10,また行きたい（1年以内）,特になし,金沢中央観光案内所,同意する,,,,,,,1969,,,,,,
石川,2024/04/13 14:43:13,愛知県,男,1984,,700万円以上 800万円未満,友人,日帰り,石川県外には泊まらない,石川県内には宿泊しない,石川県内には宿泊しない,,,,,,,,,自家用車,1,0,0,0,0,0,0,,0,0,0,0,,,,,2～5回目,まちあるき、都市散策,0,0,0,0,0,0,0,0,0,0,1,0,0,0,0,0,0,0,観光展・物産展,0,0,0,0,0,0,0,0,0,0,0,0,0,0,0,0,0,0,0,0,0,0,1,0,0,,,,,,使わない,,使わない,,,,,,,,,,,5,5,,,,,,10,また行きたい（1年以内）,特になし,金沢中央観光案内所,同意する,,,,,,,1984,,,,,,
石川,2024/04/13 20:18:15,千葉県,男,1998,,400万円以上 500万円未満,親,1泊,石川県外には泊まらない,金沢エリア  （湯涌温泉、深谷温泉、犀川温泉など）,1泊,,,,,,,,,"新幹線, 在来線",0,0,1,1,0,0,0,,0,0,0,0,4,道がわかりやすい,,,初めて,"地元の美味しいものを食べる, 花見や紅葉などの自然鑑賞, 友人・親戚を訪ねる",0,0,1,1,0,0,0,0,0,0,0,0,0,0,0,0,0,0,観光展・物産展,0,0,0,0,0,0,0,0,0,0,0,0,0,0,0,0,0,0,0,0,0,0,1,0,0,,,,,,"5,000円以上 10,000円未満",,使わない,,,,,,,,,,,5,4,知らなかった金沢の知識を教えてくれたから,,,,,8,機会があれば行きたい,特になし,金沢中央観光案内所,同意する,,,,,,,1998,,,,,,
石川,2024/04/13 20:18:55,東京都,男,1998,,400万円以上 500万円未満,友人,1泊,石川県外には泊まらない,金沢エリア  （湯涌温泉、深谷温泉、犀川温泉など）,1泊,,,,,,,,,"新幹線, 在来線",0,0,1,1,0,0,0,,0,0,0,0,5,,,,初めて,"宿でのんびり過ごす, 温泉や露天風呂, 地元の美味しいものを食べる, 花見や紅葉などの自然鑑賞, 名所、旧跡の観光, テーマパーク（遊園地、動物園、博物館など）, 買い物、アウトレット, お祭りやイベントへの参加・見物, スポーツ観戦や芸術鑑賞（コンサート等）, アウトドア（海水浴、釣り、登山など）, まちあるき、都市散策",1,1,1,1,1,1,1,1,0,1,1,0,0,0,0,0,0,0,インターネット・アプリ,0,0,0,0,0,0,0,0,0,0,1,0,0,0,0,0,0,0,0,0,0,0,0,0,0,,,,,,"10,000円以上 20,000円未満",,"1,000円未満",,,,,,,,,,,5,5,,,,,,10,また行きたい（1年以内）,蓮ノ空きっかけで来ました！本当に楽しく、また来たいと友人と喋っています,金沢中央観光案内所,同意する,,,,,,,1998,,,,,,
石川,2024/04/13 20:21:15,神奈川県,男,1997,,400万円以上 500万円未満,友人,1泊,石川県外には泊まらない,金沢エリア  （湯涌温泉、深谷温泉、犀川温泉など）,1泊,,,,,,,,,新幹線,0,0,1,0,0,0,0,,0,0,0,0,,,,,初めて,"宿でのんびり過ごす, 温泉や露天風呂, 地元の美味しいものを食べる, 花見や紅葉などの自然鑑賞, 名所、旧跡の観光, 蓮ノ空のスタンプラリー",1,1,1,1,1,0,0,0,0,0,0,0,0,0,0,0,0,0,"インターネット・アプリ, X(旧：Twitter)",0,0,0,0,0,1,0,0,0,0,1,0,0,0,0,0,0,0,0,0,0,0,0,0,0,,,,,,"10,000円以上 20,000円未満",,使わない,,,,,,,,,,,5,5,加賀友禅について丁寧に教えていただいた。,,,,,10,また行きたい（1年以内）,特になし,金沢中央観光案内所,同意する,,,,,,,1997,,,,,,
石川,2024/04/14 9:47:36,千葉県,女,1971,,"1,200万円以上 1,500万円未満",夫婦2人,1泊,石川県外には泊まらない,金沢エリア  （湯涌温泉、深谷温泉、犀川温泉など）,1泊,,,,,,,,,飛行機,0,0,0,0,1,0,0,,0,0,0,0,5,バスの本数も多く主要観光地にも必ず最寄りバス停がある。１日観光バスを利用した。,,,初めて,"地元の美味しいものを食べる, 花見や紅葉などの自然鑑賞",0,0,1,1,0,0,0,0,0,0,0,0,0,0,0,0,0,0,新聞・雑誌・ガイドブック,0,0,0,0,0,0,0,0,0,0,0,0,0,0,0,0,1,0,0,0,0,0,0,0,0,,,,,,"10,000円以上 20,000円未満",,使わない,,,,,,,,,,,5,3,,,,,,7,機会があれば行きたい,去年は雪の兼六園、今年は桜の時期、過去には夏訪れたから、次は秋の紅葉のころに訪れたい。また、かに、寿司、能登牛、和菓子全てが、美味しく何度来ても飽きないし、また来たくなる。 兼六園、金沢城の桜が美しく、夜のライトアップも幻想的で良い。その他のエリアも金沢市内全体、川沿いなど桜が他にない美しさ。,金沢中央観光案内所,同意する,,,,武家屋敷群,,,1971,,,,,,
石川,2024/04/14 15:25:31,東京都,無回答,1963,,"1,000万円以上 1,200万円未満",夫婦2人,1泊,石川県外には泊まらない,金沢エリア  （湯涌温泉、深谷温泉、犀川温泉など）,1泊,,,,,,,,,新幹線,0,0,1,0,0,0,0,,0,0,0,0,3,路線バスが多く便利だか、初めて来た人間にはわかりにくい,,,2～5回目,"地元の美味しいものを食べる, 花見や紅葉などの自然鑑賞, テーマパーク（遊園地、動物園、博物館など）, 買い物、アウトレット, 各種体験（手作り、果物狩りなど）",0,0,1,1,0,1,1,0,0,0,0,1,0,0,0,0,0,0,"観光展・物産展, TV・ラジオ番組やCM, インターネット・アプリ, 観光協会等の案内所",0,0,0,0,0,0,0,0,0,0,1,0,0,0,1,0,0,0,0,0,0,1,1,0,0,,,,,,"1,000円以上 3,000円未満",,使わない,,,,,,,,,,,4,4,Wi-Fiが使え、観光案内資料が揃っていた,,,,,8,機会があれば行きたい,なし 食べ物　美味しい,金沢中央観光案内所,同意する,,,,武家屋敷,,,1963,,,,,,
石川,2024/04/14 21:27:37,北海道,女,1976,,800万円以上 900万円未満,夫婦2人,3泊,石川県外には泊まらない,金沢エリア  （湯涌温泉、深谷温泉、犀川温泉など）,3泊,,,,,,,,,飛行機,0,0,0,0,1,0,0,,0,0,0,0,,,,,初めて,"地元の美味しいものを食べる, 花見や紅葉などの自然鑑賞, 名所、旧跡の観光, まちあるき、都市散策",0,0,1,1,1,0,0,0,0,0,1,0,0,0,0,0,0,0,通りすがり,0,0,0,0,0,0,0,0,0,0,0,0,0,0,0,0,0,0,0,0,0,0,0,0,1,,,,,,"30,000円以上 40,000円未満",,使わない,,,,,,,,,,,5,4,外からひゃくまんさんが見えたので、写真を撮るために寄ってついでにトイレを借りたので満足です,要望は叶えられたから,,,,3,機会があれば行きたい,金沢市内は名所が比較的近くに集まっていて回りやすくとても良いなと思いました。今回はほとんど徒歩で移動しましたが、バスも充実しているし観光客にとっては嬉しい限りです！レンタサイクルを利用しようと思いましたが、歩道が狭いし車道も車の交通量が多いので断念しました。歩道を歩いていても自転車とすれ違ったり追い越されるときはドキッとすることもあったので残念でしたが仕方ないのかなとも感じました。 桜の時期の兼六園、金沢城跡、市内も景色がキレイで気候もちょうど良いですし、食事もB級グルメから海鮮丼など高級グルメまでとても美味しくて大満足の旅行だったからです。,金沢中央観光案内所,同意する,,,,武家屋敷,,,1976,,,,,,
石川,2024/04/15 14:26:26,神奈川県,女,1958,,300万円以上 400万円未満,夫婦2人,2泊,新潟県,金沢エリア  （湯涌温泉、深谷温泉、犀川温泉など）,2泊,,,,,,,,,自家用車,1,0,0,0,0,0,0,,0,0,0,0,,,,,初めて,"地元の美味しいものを食べる, 名所、旧跡の観光, まちあるき、都市散策, ドライブ・ツーリング",0,0,1,0,1,0,0,0,0,0,1,0,0,0,1,0,0,0,"観光パンフレット・ポスター, タクシードライバーや地元の人",0,0,0,0,0,0,0,0,0,0,0,0,0,0,0,0,0,0,0,1,1,0,0,0,0,,,,,,"20,000円以上 30,000円未満",,"1,000円未満",,,,,,,,,,,4,4,道を尋ねた際にとても親切に教えて頂いた,笑顔で丁寧に対応していただいたので,,,,10,また行きたい（1年以内）,特にない 地元の人達も親切でいい感じだったのでおすすめします,金沢中央観光案内所,同意する,,,,武家屋敷,,,1958,,,,,,
石川,2024/04/15 16:50:44,東京都,男,1970,,"1,500万円以上",自分ひとり,2泊,石川県外には泊まらない,金沢エリア  （湯涌温泉、深谷温泉、犀川温泉など）,2泊,,,,,,,,,新幹線,0,0,1,0,0,0,0,,0,0,0,0,5,便利な場所にポートがあった,,,初めて,出張など仕事関係,0,0,0,0,0,0,0,0,0,0,0,0,0,0,0,0,1,0,"観光展・物産展, 新聞・雑誌・ガイドブック, 観光パンフレット・ポスター",0,0,0,0,0,0,0,0,0,0,0,0,0,0,0,0,1,0,0,0,1,0,1,0,0,,,,,,"50,000円以上 100,000円未満",,"3,000円以上 5,000円未満",,,,,,,,,,,5,5,品揃えが良かった,,,,,10,また行きたい（1年以内）,特になし,金沢中央観光案内所,同意する,,,,,,,1970,,,,,,
石川,2024/04/17 11:03:07,大分県,男,1953,,200万円以上 300万円未満,自分ひとり,3泊,石川県外には泊まらない,金沢エリア  （湯涌温泉、深谷温泉、犀川温泉など）,3泊,,,,,,,,,新幹線,0,0,1,0,0,0,0,,0,0,0,0,4,簡単で早い,,,初めて,"宿でのんびり過ごす, 地元の美味しいものを食べる, 復興支援",1,0,1,0,0,0,0,0,0,0,0,0,0,0,0,0,0,0,長町武家屋敷通から、たまたま通りかかっただけ,0,0,0,0,0,0,0,0,0,0,0,0,0,0,0,0,0,0,0,0,0,0,0,0,1,,,,,,"10,000円以上 20,000円未満",,使わない,,,,,,,,,,,5,4,パンフレットが多彩、ロビーが広く気持ちよい,ロビーが広く気持ちよい,,,,9,機会があれば行きたい,浜野町商店街は有名だが全てが高い感じがした のんびり、ゆっくり出来る町,金沢中央観光案内所,同意する,,,,,,,1953,,,,,,
石川,2024/04/17 11:37:58,大阪府,男,1987,,600万円以上 700万円未満,親,日帰り,石川県外には泊まらない,石川県内には宿泊しない,石川県内には宿泊しない,,,,,,,,,"新幹線, 在来線",0,0,1,1,0,0,0,,0,0,0,0,4,,,,初めて,お祭りやイベントへの参加・見物,0,0,0,0,0,0,0,1,0,0,0,0,0,0,0,0,0,0,インターネット・アプリ,0,0,0,0,0,0,0,0,0,0,1,0,0,0,0,0,0,0,0,0,0,0,0,0,0,,,,,,使わない,,使わない,,,,,,,,,,,5,4,,加賀友禅の暖簾が綺麗だった,,,,7,機会があれば行きたい,特になし 金沢城公園の庭の景色,金沢中央観光案内所,同意する,,,,,,,1987,,,,,,
石川,2024/04/17 11:38:01,大阪府,女,1957,,600万円以上 700万円未満,夫と子(成年),日帰り,石川県外には泊まらない,石川県内には宿泊しない,石川県内には宿泊しない,,,,,,,,,"新幹線, 在来線",0,0,1,1,0,0,0,,0,0,0,0,4,バス停から近かった,,,初めて,お祭りやイベントへの参加・見物,0,0,0,0,0,0,0,1,0,0,0,0,0,0,0,0,0,0,インターネット・アプリ,0,0,0,0,0,0,0,0,0,0,1,0,0,0,0,0,0,0,0,0,0,0,0,0,0,,,,,,使わない,,使わない,,,,,,,,,,,5,4,加賀友禅の暖簾が美しかった,綺麗な施設でした,,,,7,機会があれば行きたい,特になし 美味しい食事と美しい景色,金沢中央観光案内所,同意する,,,,,,,1957,,,,,,
石川,2024/04/17 15:13:26,千葉県,男,1953,,300万円以上 400万円未満,夫婦2人,2泊,石川県外には泊まらない,金沢エリア  （湯涌温泉、深谷温泉、犀川温泉など）,2泊,,,,,,,,,新幹線,0,0,1,0,0,0,0,,0,0,0,0,,,,,初めて,"地元の美味しいものを食べる, 名所、旧跡の観光, まちあるき、都市散策, 友人・親戚を訪ねる",0,0,1,0,1,0,0,0,0,0,1,0,0,0,0,0,0,0,"観光パンフレット・ポスター, ネット閲覧",0,0,0,0,0,0,0,0,0,0,0,0,0,0,0,0,0,0,0,0,1,0,0,0,0,,,,,,"50,000円以上 100,000円未満",,"1,000円未満",,,,,,,,,,,5,4,徒歩観光の合間にユックリ休めた,綺麗,,,,6,機会があれば行きたい,焼き物や菓子などが充実している 昔の風情,金沢中央観光案内所,同意する,,,,長町武家屋敷,,,1953,,,,,,
石川,2024/04/18 8:44:01,大分県,男,1953,,200万円以上 300万円未満,自分ひとり,3泊,石川県外には泊まらない,金沢エリア  （湯涌温泉、深谷温泉、犀川温泉など）,3泊,,,,,,,,,"新幹線, 在来線",0,0,1,1,0,0,0,,0,0,0,0,4,路線バスは本数も多く利用しやすい,,,初めて,"宿でのんびり過ごす, 地元の美味しいものを食べる, 名所、旧跡の観光",1,0,1,0,1,0,0,0,0,0,0,0,0,0,0,0,0,0,たまたま通りかけて立ち寄ってみた,0,0,0,0,0,0,0,0,0,0,0,0,0,0,0,0,0,0,0,0,0,0,0,0,1,,,,,,"10,000円以上 20,000円未満",,使わない,,,,,,,,,,,4,4,広くて気持ちがよく立ち寄るのに持ってこいな所。情報源もいっぱい,さきに書いたように情報源がいっぱい,,,,10,機会があれば行きたい,特になし 昔を偲ばせる静かでゆったりした街,金沢中央観光案内所,同意する,,,,,,,1953,,,,,,
石川,2024/04/18 19:12:31,東京都,女,1968,,100万円未満,自分ひとり,2泊,石川県外には泊まらない,金沢エリア  （湯涌温泉、深谷温泉、犀川温泉など）,2泊,,,,,,,,,新幹線,0,0,1,0,0,0,0,,0,0,0,0,,,,,初めて,"地元の美味しいものを食べる, 名所、旧跡の観光, まちあるき、都市散策",0,0,1,0,1,0,0,0,0,0,1,0,0,0,0,0,0,0,"新聞・雑誌・ガイドブック, 観光パンフレット・ポスター, インターネット・アプリ",0,0,0,0,0,0,0,0,0,0,1,0,0,0,0,0,1,0,0,0,1,0,0,0,0,,,,,,"20,000円以上 30,000円未満",,使わない,,,,,,,,,,,5,5,親切に説明してくれる,広くて椅子がある,,,,10,機会があれば行きたい,石川でしか食べれない食材を食べたい。ガス海老 金沢城跡の石垣の壮大さ。実際に見るとデカっ！昔の人の苦労を想像する。,金沢中央観光案内所,同意する,,,,武家屋敷跡,,,1968,,,,,,
石川,2024/04/19 13:17:42,兵庫県,男,1957,,500万円以上 600万円未満,恋人,1泊,石川県外には泊まらない,金沢エリア  （湯涌温泉、深谷温泉、犀川温泉など）,1泊,,,,,,,,,新幹線,0,0,1,0,0,0,0,,0,0,0,0,4,１日乗車券でお得に回れるから,,,2～5回目,名所、旧跡の観光,0,0,0,0,1,0,0,0,0,0,0,0,0,0,0,0,0,0,"新聞・雑誌・ガイドブック, 観光パンフレット・ポスター, インターネット・アプリ",0,0,0,0,0,0,0,0,0,0,1,0,0,0,0,0,1,0,0,0,1,0,0,0,0,,,,,,"10,000円以上 20,000円未満",,使わない,,,,,,,,,,,4,3,,,,,,7,また行きたい（1年以内）,特になし,金沢中央観光案内所,同意する,,,,,,,1957,,,,,,
石川,2024/04/19 13:21:52,栃木県,女,1985,,300万円以上 400万円未満,親,1泊,石川県外には泊まらない,金沢エリア  （湯涌温泉、深谷温泉、犀川温泉など）,1泊,,,,,,,,,新幹線,0,0,1,0,0,0,0,,0,0,0,0,,,,,初めて,"宿でのんびり過ごす, 温泉や露天風呂, 地元の美味しいものを食べる, 名所、旧跡の観光, まちあるき、都市散策, 各種体験（手作り、果物狩りなど）",1,1,1,0,1,0,0,0,0,0,1,1,0,0,0,0,0,0,観光協会等の案内所,0,0,0,0,0,0,0,0,0,0,0,0,0,0,0,0,0,0,0,0,0,1,0,0,0,,,,,,"10,000円以上 20,000円未満",,使わない,,,,,,,,,,,5,4,綺麗で入りやすい,トイレも綺麗,,,,10,また行きたい（1年以内）,おいしい海鮮がたくさんたべたい コンパクト,金沢中央観光案内所,同意する,,,,,,,1985,,,,,,
石川,2024/04/20 12:39:00,京都府,女,1972,,800万円以上 900万円未満,自分ひとり,1泊,石川県外には泊まらない,金沢エリア  （湯涌温泉、深谷温泉、犀川温泉など）,1泊,,,,,,,,,"新幹線, 在来線",0,0,1,1,0,0,0,,0,0,0,0,,,,,初めて,"地元の美味しいものを食べる, 買い物、アウトレット, スポーツ観戦や芸術鑑賞（コンサート等）, まちあるき、都市散策, 各種体験（手作り、果物狩りなど）, 出張など仕事関係",0,0,1,0,0,0,1,0,0,0,1,1,0,0,0,0,1,0,インターネット・アプリ,0,0,0,0,0,0,0,0,0,0,1,0,0,0,0,0,0,0,0,0,0,0,0,0,0,,,,,,"3,000円以上 5,000円未満",,使わない,,,,,,,,,,,4,5,フリーWi-Fi、お手洗い、観光情報が充実,美しくて広い,,,,8,また行きたい（1年以内）,色々な伝統産業の体験ができるところがあればいいなと思います。あと、金沢港への金沢駅からのバスでのアクセスがもっと良ければ。。が 美術館が充実している,金沢中央観光案内所,同意する,,,,伝統産業工芸館,,,1972,,,,,,
石川,2024/04/20 15:27:39,大阪府,男,1964,,800万円以上 900万円未満,夫婦2人,2泊,富山県,金沢エリア  （湯涌温泉、深谷温泉、犀川温泉など）,1泊,,,,,,,,,新幹線,0,0,1,0,0,0,0,,0,0,0,0,4,100円だから良い,,,初めて,"宿でのんびり過ごす, 地元の美味しいものを食べる",1,0,1,0,0,0,0,0,0,0,0,0,0,0,0,0,0,0,通りがかり,0,0,0,0,0,0,0,0,0,0,0,0,0,0,0,0,0,0,0,0,0,0,0,0,1,,,,,,"10,000円以上 20,000円未満",,使わない,,,,,,,,,,,4,2,何がどうなっているか分からない,座って休める,,,,4,機会があれば行きたい,やっぱり魚介類！ 魚介は、やっぱり美味しい,金沢中央観光案内所,同意する,,,,金沢駅,,,1964,,,,,,
石川,2024/04/20 16:29:02,神奈川県,女,1983,,400万円以上 500万円未満,友人,1泊,石川県外には泊まらない,金沢エリア  （湯涌温泉、深谷温泉、犀川温泉など）,1泊,,,,,,,,,"新幹線, 在来線",0,0,1,1,0,0,0,,0,0,0,0,4,バス停、バスの頻度が高く利用しやすいが混雑していた,,,初めて,"地元の美味しいものを食べる, 名所、旧跡の観光",0,0,1,0,1,0,0,0,0,0,0,0,0,0,0,0,0,0,友人・知人,0,0,0,0,0,0,0,0,0,0,0,0,0,0,0,0,0,0,1,0,0,0,0,0,0,,,,,,"5,000円以上 10,000円未満",,使わない,,,,,,,,,,,4,3,,施設がきれい,,,,8,機会があれば行きたい,特になし 食事,金沢中央観光案内所,同意する,,,,,,,1983,,,,,,
石川,2024/04/21 12:14:40,東京都,女,1971,,"1,200万円以上 1,500万円未満",夫婦2人,2泊,石川県外には泊まらない,金沢エリア  （湯涌温泉、深谷温泉、犀川温泉など）,2泊,,,,,,,,,飛行機,0,0,0,0,1,0,0,,0,0,0,0,4,飛行機の便数もあり、空港からリムジンバスもあって便利だと思う。,,,初めて,"地元の美味しいものを食べる, 名所、旧跡の観光, スポーツ観戦や芸術鑑賞（コンサート等）, まちあるき、都市散策",0,0,1,0,1,0,0,0,0,0,1,0,0,0,0,0,0,0,新聞・雑誌・ガイドブック,0,0,0,0,0,0,0,0,0,0,0,0,0,0,0,0,1,0,0,0,0,0,0,0,0,,,,,,"10,000円以上 20,000円未満",,使わない,,,,,,,,,,,4,4,インフォメーションの方が親切です。パンフレットも日本語、外国語と揃っていた。,座って調べられるのがよい。FREEWi-Fi、トイレ、自販機も便利です。,,,,10,機会があれば行きたい,特になし 海鮮が美味しい,金沢中央観光案内所,同意する,,,,,,,1971,,,,,,
石川,2024/04/21 12:34:19,茨城県,女,1979,,600万円以上 700万円未満,中学生以下連れの家族,1泊,石川県外には泊まらない,金沢エリア  （湯涌温泉、深谷温泉、犀川温泉など）,1泊,,,,,,,,,新幹線,0,0,1,0,0,0,0,,0,0,0,0,4,少しバスの乗り方がわかりにくかった,,,初めて,"地元の美味しいものを食べる, 名所、旧跡の観光, テーマパーク（遊園地、動物園、博物館など）",0,0,1,0,1,1,0,0,0,0,0,0,0,0,0,0,0,0,観光協会等の案内所,0,0,0,0,0,0,0,0,0,0,0,0,0,0,0,0,0,0,0,0,0,1,0,0,0,,,,,,"20,000円以上 30,000円未満",,使わない,,,,,,,,,,,5,3,,,,,,2,機会があれば行きたい,海鮮が美味しかった,金沢中央観光案内所,同意する,,,,,,,1979,,,,,,
石川,2024/04/21 14:06:00,東京都,女,1999,,200万円以上 300万円未満,自分ひとり,4泊以上,石川県外には泊まらない,金沢エリア  （湯涌温泉、深谷温泉、犀川温泉など）,2泊,,,,,,,,,"新幹線, 飛行機",0,0,1,0,1,0,0,,0,0,0,0,,,,,初めて,"名所、旧跡の観光, まちあるき、都市散策, 各種体験（手作り、果物狩りなど）",0,0,0,0,1,0,0,0,0,0,1,1,0,0,0,0,0,0,観光パンフレット・ポスター,0,0,0,0,0,0,0,0,0,0,0,0,0,0,0,0,0,0,0,0,1,0,0,0,0,,,,,,"1,000円以上 3,000円未満",,"1,000円未満",,,,,,,,,,,5,4,,,,,,7,機会があれば行きたい,N/a,金沢中央観光案内所,同意する,,,,,,,1999,,,,,,
石川,2024/04/21 17:45:16,北海道,女,1975,,200万円以上 300万円未満,従姉妹,3泊,石川県外には泊まらない,金沢エリア  （湯涌温泉、深谷温泉、犀川温泉など）,3泊,,,,,,,,,"在来線, 飛行機",0,0,0,1,1,0,0,,0,0,0,0,4,空港からのリムジンバスに乗る際待っててくれた,,,初めて,"温泉や露天風呂, 地元の美味しいものを食べる, 名所、旧跡の観光, 買い物、アウトレット, 能登復興支援に金を落とす",0,1,1,0,1,0,1,0,0,0,0,0,0,0,0,0,0,0,観光パンフレット・ポスター,0,0,0,0,0,0,0,0,0,0,0,0,0,0,0,0,0,0,0,0,1,0,0,0,0,,,,,,"30,000円以上 40,000円未満",,使わない,,,,,,,,,,,5,4,パンフがたくさん,トイレの清潔感,,,,8,機会があれば行きたい,北海道から来て歴史の深さに感動しています。伝統を大事にしている姿は素晴らしいです。これからも頑張ってください。 居酒屋のグレードが高い。おいしい。,金沢中央観光案内所,同意する,,,,これから夕食,,,1975,,,,,,
石川,2024/04/22 14:30:48,東京都,女,1964,,500万円以上 600万円未満,自分ひとり,2泊,石川県外には泊まらない,金沢エリア  （湯涌温泉、深谷温泉、犀川温泉など）,2泊,,,,,,,,,高速バス,0,0,0,0,0,0,0,,0,0,0,0,,,,,2～5回目,友人・親戚を訪ねる,0,0,0,0,0,0,0,0,0,0,0,0,0,0,0,0,0,0,インターネット・アプリ,0,0,0,0,0,0,0,0,0,0,1,0,0,0,0,0,0,0,0,0,0,0,0,0,0,,,,,,使わない,,使わない,,,,,,,,,,,3,3,休憩を兼ねての情報収集のため,観光案内所のサービスの全体像を知らないため,,,,2,また行きたい（1年以内）,新鮮な魚介類 古い町並み,金沢中央観光案内所,同意する,,金沢駅前のホテル,,大和百貨店,,,1964,,,,,,
石川,2024/04/22 16:59:56,茨城県,男,1992,,"1,000万円以上 1,200万円未満",自分ひとり,4泊以上,富山県,金沢エリア  （湯涌温泉、深谷温泉、犀川温泉など）,2泊,,,,,,,,,高速バス,0,0,0,0,0,0,0,,0,0,0,0,4,便が多かった,,,初めて,"名所、旧跡の観光, 買い物、アウトレット, まちあるき、都市散策",0,0,0,0,1,0,1,0,0,0,1,0,0,0,0,0,0,0,"観光協会等の案内所, タクシードライバーや地元の人",0,0,0,0,0,0,0,0,0,0,0,0,0,0,0,0,0,0,0,1,0,1,0,0,0,,,,,,"5,000円以上 10,000円未満",,使わない,,,,,,,,,,,4,4,,,,,,9,機会があれば行きたい,五郎島金時の焼き芋を安く食べられる場所,金沢中央観光案内所,同意する,,,,,,,1992,,,,,,
石川,2024/04/22 19:48:57,静岡県,女,1986,,500万円以上 600万円未満,夫婦2人,1泊,石川県外には泊まらない,金沢エリア  （湯涌温泉、深谷温泉、犀川温泉など）,1泊,,,,,,,,,新幹線,0,0,1,0,0,0,0,,0,0,0,0,,,,,初めて,"地元の美味しいものを食べる, 名所、旧跡の観光, 買い物、アウトレット, まちあるき、都市散策",0,0,1,0,1,0,1,0,0,0,1,0,0,0,0,0,0,0,観光パンフレット・ポスター,0,0,0,0,0,0,0,0,0,0,0,0,0,0,0,0,0,0,0,0,1,0,0,0,0,,,,,,"3,000円以上 5,000円未満",,"1,000円以上 3,000円未満",,,,,,,,,,,4,4,文化の森パスを買いに行ったがすぐ対応してくれたので,対応が早かったので,,,,9,機会があれば行きたい,石川でしかできないこと、食べれないことをしたい バスを使って観光しやすいので,金沢中央観光案内所,同意する,,,,,,,1986,,,,,,
石川,2024/04/23 11:45:45,大阪府,女,1988,,700万円以上 800万円未満,中学生以下連れの家族,4泊以上,石川県外には泊まらない,金沢エリア  （湯涌温泉、深谷温泉、犀川温泉など）,4泊以上,,,,,,,,,在来線,0,0,0,1,0,0,0,,0,0,0,0,,町並みがキレイ,,,初めて,"地元の美味しいものを食べる, まちあるき、都市散策",0,0,1,0,0,0,0,0,0,0,1,0,0,0,0,0,0,0,観光パンフレット・ポスター,0,0,0,0,0,0,0,0,0,0,0,0,0,0,0,0,0,0,0,0,1,0,0,0,0,,,,,,"30,000円以上 40,000円未満",,"10,000円以上 20,000円未満",,,,,,,,,,,4,4,,,,,,7,機会があれば行きたい,特になし,金沢中央観光案内所,同意する,,,,,,,1988,,,,,,
石川,2024/04/23 11:47:46,大阪府,女,1983,,"1,000万円以上 1,200万円未満",兄弟,4泊以上,石川県外には泊まらない,金沢エリア  （湯涌温泉、深谷温泉、犀川温泉など）,4泊以上,,,,,,,,,"新幹線, 在来線",0,0,1,1,0,0,0,,0,0,0,0,,,,,初めて,"宿でのんびり過ごす, 地元の美味しいものを食べる, 花見や紅葉などの自然鑑賞, 名所、旧跡の観光",1,0,1,1,1,0,0,0,0,0,0,0,0,0,0,0,0,0,"観光パンフレット・ポスター, 観光連盟やDMOのHP",0,0,0,0,0,0,0,0,0,0,0,0,0,0,0,0,0,0,0,0,1,0,0,1,0,,,,,,"50,000円以上 100,000円未満",,使わない,,,,,,,,,,,5,4,資料が豊富,清潔で休憩スペースが多い,,,,10,機会があれば行きたい,海の幸が豊富で美味しい,金沢中央観光案内所,同意する,,,,,,,1983,,,,,,
石川,2024/04/23 13:15:14,静岡県,女,1960,,400万円以上 500万円未満,夫婦2人,2泊,石川県外には泊まらない,金沢エリア  （湯涌温泉、深谷温泉、犀川温泉など）,2泊,,,,,,,,,自家用車,1,0,0,0,0,0,0,,0,0,0,0,,,,,2～5回目,"温泉や露天風呂, 地元の美味しいものを食べる",0,1,1,0,0,0,0,0,0,0,0,0,0,0,0,0,0,0,インターネット・アプリ,0,0,0,0,0,0,0,0,0,0,1,0,0,0,0,0,0,0,0,0,0,0,0,0,0,,,,,,"40,000円以上 50,000円未満",,"20,000円以上 30,000円未満",,,,,,,,,,,3,4,Wifi がつながる。落ち着ける場所,Fifiがちながり落ち着ける,,,,5,また行きたい（1年以内）,特に無し,金沢中央観光案内所,同意する,,,,,,,1960,,,,,,
石川,2024/04/24 0:02:05,愛知県,男,1979,,600万円以上 700万円未満,夫婦2人,2泊,石川県外には泊まらない,金沢エリア  （湯涌温泉、深谷温泉、犀川温泉など）,2泊,,,,,,,,,自家用車,1,0,0,0,0,0,0,,0,0,0,0,,,,,初めて,"温泉や露天風呂, 名所、旧跡の観光, アウトドア（海水浴、釣り、登山など）, まちあるき、都市散策",0,1,0,0,1,0,0,0,0,1,1,0,0,0,0,0,0,0,観光協会等の案内所,0,0,0,0,0,0,0,0,0,0,0,0,0,0,0,0,0,0,0,0,0,1,0,0,0,,,,,,"10,000円以上 20,000円未満",,使わない,,,,,,,,,,,5,4,,,,,,7,また行きたい（1年以内）,釣り,金沢中央観光案内所,同意する,,,,,,,1979,,,,,,
石川,2024/04/24 0:04:10,愛知県,女,1982,,700万円以上 800万円未満,夫婦2人,2泊,石川県外には泊まらない,加賀エリア （山代温泉、山中温泉、片山津温泉、粟津温泉、辰口温泉、加賀市、小松市など）,2泊,,,,,,,,,自家用車,1,0,0,0,0,0,0,,0,0,0,0,,,,,2～5回目,"宿でのんびり過ごす, 温泉や露天風呂, 地元の美味しいものを食べる, 名所、旧跡の観光, まちあるき、都市散策, ドライブ・ツーリング",1,1,1,0,1,0,0,0,0,0,1,0,0,0,1,0,0,0,新聞・雑誌・ガイドブック,0,0,0,0,0,0,0,0,0,0,0,0,0,0,0,0,1,0,0,0,0,0,0,0,0,,,,,,"30,000円以上 40,000円未満",,使わない,,,,,,,,,,,5,5,前日閉館10分前にお伺いしたところ嫌な顔せずなにかお探しのものありますかと声をかけてもらえました。時間がなかったので少し見させてもらい明日またお伺いしますと声をかけて出ました。とても感じよく対応していただけました。また色々な情報、地図がいただけて観光の助けになりました。,店内が清潔感がありテーブルが設置してあるのでいただいた地図を見ながら観光の計画を立てることができました。,,,,10,また行きたい（1年以内）,治部煮、金沢おでん初めて食べました。美味しかったです。観光は兼六園、公園、武家屋敷、近江町市場、美術館と一日中楽しめました。あとは魚釣りが好きなので釣りスポットを紹介してもらえると嬉しいです。 温泉でゆっくりと観光でアクティブにと両方楽しむことができたのでどちらの楽しみ方が好きな人にもおすすめできると思いました。,金沢中央観光案内所,同意する,,,,,,,1982,,,,,,
石川,2024/04/24 17:42:13,長野県,男,1975,,700万円以上 800万円未満,夫婦2人,1泊,石川県外には泊まらない,金沢エリア  （湯涌温泉、深谷温泉、犀川温泉など）,1泊,,,,,,,,,自家用車,1,0,0,0,0,0,0,,0,0,0,0,4,山道を越えて長距離ドライブなので疲れました,,,初めて,"地元の美味しいものを食べる, 買い物、アウトレット, まちあるき、都市散策",0,0,1,0,0,0,1,0,0,0,1,0,0,0,0,0,0,0,歩いていて偶然見つけた,0,0,0,0,0,0,0,0,0,0,0,0,0,0,0,0,0,0,0,0,0,0,0,0,1,,,,,,"20,000円以上 30,000円未満",,使わない,,,,,,,,,,,4,4,係員が気さくに声を掛けてくれて調べ物に付き合ってくれた。嬉しい,パンフレットが置かれていて自由に見る。がメインだったので可もなく不可もなく,,,,6,また行きたい（1年以内）,棒茶が非常に美味しかった お魚など食事が美味しかった,金沢中央観光案内所,同意する,,,,飲食店（片町）,,,1975,,,,,,
石川,2024/04/25 18:49:42,香川県,男,1983,,300万円以上 400万円未満,自分ひとり,3泊,石川県外には泊まらない,加賀エリア （山代温泉、山中温泉、片山津温泉、粟津温泉、辰口温泉、加賀市、小松市など）,3泊,,,,,,,,,"新幹線, 在来線",0,0,1,1,0,0,0,,0,0,0,0,,,,,初めて,"宿でのんびり過ごす, 地元の美味しいものを食べる, 名所、旧跡の観光, まちあるき、都市散策",1,0,1,0,1,0,0,0,0,0,1,0,0,0,0,0,0,0,観光協会等の案内所,0,0,0,0,0,0,0,0,0,0,0,0,0,0,0,0,0,0,0,0,0,1,0,0,0,,,,,,"40,000円以上 50,000円未満",,使わない,,,,,,,,,,,5,4,営業時間,敷地の広さ,,,,5,機会があれば行きたい,循環併用を掛け流しと言いはらない温泉旅館,金沢中央観光案内所,同意する,,,,,,,1983,,,,,,
石川,2024/04/26 8:24:58,宮城県,男,1979,,"1,000万円以上 1,200万円未満",自分ひとり,1泊,石川県外には泊まらない,金沢エリア  （湯涌温泉、深谷温泉、犀川温泉など）,1泊,,,,,,,,,自家用車,1,0,0,0,0,0,0,,0,0,0,0,5,レンタサイクルの場所が沢山あって使いやすかった,,,2～5回目,お祭りやイベントへの参加・見物,0,0,0,0,0,0,0,1,0,0,0,0,0,0,0,0,0,0,インターネット・アプリ,0,0,0,0,0,0,0,0,0,0,1,0,0,0,0,0,0,0,0,0,0,0,0,0,0,,,,,,"3,000円以上 5,000円未満",,使わない,,,,,,,,,,,5,3,ラブライブ蓮ノ空のスタンプラリーで寄っただけなので,ラブライブの蓮ノ空スタンプラリーで寄っただけなので,,,,5,機会があれば行きたい,今のままでいいと思います 金沢城や兼六園は時間を気にせずゆっくりと回るのに適しているので,金沢中央観光案内所,同意する,,,,,,,1979,,,,,,
石川,2024/04/26 15:02:53,埼玉県,女,1992,,400万円以上 500万円未満,親,2泊,石川県外には泊まらない,金沢エリア  （湯涌温泉、深谷温泉、犀川温泉など）,2泊,,,,,,,,,新幹線,0,0,1,0,0,0,0,,0,0,0,0,4,,,,2～5回目,"地元の美味しいものを食べる, まちあるき、都市散策",0,0,1,0,0,0,0,0,0,0,1,0,0,0,0,0,0,0,通りすがり,0,0,0,0,0,0,0,0,0,0,0,0,0,0,0,0,0,0,0,0,0,0,0,0,1,,,,,,"5,000円以上 10,000円未満",,使わない,,,,,,,,,,,5,4,,,,,,9,また行きたい（1年以内）,海無し県に住んでいるため、美味しい魚介を期待して訪れています。 食べ物が美味しい,金沢中央観光案内所,同意する,,しいのき迎賓館,,金沢駅,,,1992,,,,,,
石川,2024/04/27 14:17:37,愛知県,男,1998,,300万円以上 400万円未満,自分ひとり,2泊,福井県,金沢エリア  （湯涌温泉、深谷温泉、犀川温泉など）,1泊,,,,,,,,,"自家用車, 新幹線",1,0,1,0,0,0,0,,0,0,0,0,4,,,,2～5回目,"地元の美味しいものを食べる, スポーツ観戦や芸術鑑賞（コンサート等）, まちあるき、都市散策",0,0,1,0,0,0,0,0,0,0,1,0,0,0,0,0,0,0,観光展・物産展,0,0,0,0,0,0,0,0,0,0,0,0,0,0,0,0,0,0,0,0,0,0,1,0,0,,,,,,"5,000円以上 10,000円未満",,使わない,,,,,,,,,,,5,5,,,,,,10,また行きたい（1年以内）,金沢駅の周辺にチャンカレがあると嬉しい…,金沢中央観光案内所,同意する,,,,,,,1998,,,,,,
石川,2024/04/27 18:41:20,神奈川県,男,1965,,"1,200万円以上 1,500万円未満",夫婦2人,4泊以上,石川県外には泊まらない,金沢エリア  （湯涌温泉、深谷温泉、犀川温泉など）,4泊以上,,,,,,,,,飛行機,0,0,0,0,1,0,0,,0,0,0,0,4,タクシーなどで知らない情報も得られる,,,2～5回目,地元の美味しいものを食べる,0,0,1,0,0,0,0,0,0,0,0,0,0,0,0,0,0,0,"新聞・雑誌・ガイドブック, タクシードライバーや地元の人",0,0,0,0,0,0,0,0,0,0,0,0,0,0,0,0,1,0,0,1,0,0,0,0,0,,,,,,"20,000円以上 30,000円未満",,使わない,,,,,,,,,,,5,3,,,,,,10,また行きたい（1年以内）,食物が美味しい、ゆっくりすごすによい所でしさ,金沢中央観光案内所,同意する,,,,,,,1965,,,,,,
石川,2024/04/27 19:16:04,北海道,女,1992,,500万円以上 600万円未満,友人,2泊,石川県外には泊まらない,金沢エリア  （湯涌温泉、深谷温泉、犀川温泉など）,2泊,,,,,,,,,飛行機,0,0,0,0,1,0,0,,0,0,0,0,,,,,初めて,"宿でのんびり過ごす, 地元の美味しいものを食べる, 花見や紅葉などの自然鑑賞, テーマパーク（遊園地、動物園、博物館など）, まちあるき、都市散策",1,0,1,1,0,1,0,0,0,0,1,0,0,0,0,0,0,0,その場で見つけて利用しました,0,0,0,0,0,0,0,0,0,0,0,0,0,0,0,0,0,0,0,0,0,0,0,0,1,,,,,,"40,000円以上 50,000円未満",,使わない,,,,,,,,,,,5,5,館内が明るくて綺麗だった。ひゃくまんさんの折り紙が楽しかった。,トイレも利用させていただきとても助かった。予約していた夕食までの間過ごさせていただきました。,,,,7,機会があれば行きたい,伝統工芸体験にも興味があったが、あまり情報を見つけられなかった。InstagramやTwitterでそういった施設がわかるとありがたい。 21世紀美術館。普段美術館に行く機会が少ないのだが、屋外屋内とても楽しめた。,金沢中央観光案内所,同意する,,,,夕食(のど黒めし本舗　いたる),,,1992,,,,,,
石川,2024/04/28 13:26:32,和歌山県,女,1969,,"1,500万円以上",自分ひとり,2泊,石川県外には泊まらない,金沢エリア  （湯涌温泉、深谷温泉、犀川温泉など）,2泊,,,,,,,,,"新幹線, 在来線",0,0,1,1,0,0,0,,0,0,0,0,3,混んでいる,,,初めて,お祭りやイベントへの参加・見物,0,0,0,0,0,0,0,1,0,0,0,0,0,0,0,0,0,0,観光パンフレット・ポスター,0,0,0,0,0,0,0,0,0,0,0,0,0,0,0,0,0,0,0,0,1,0,0,0,0,,,,,,"20,000円以上 30,000円未満",,使わない,,,,,,,,,,,4,4,親切に応対してくれた,きれい,,,,8,また行きたい（1年以内）,美味しいもの 観光名所が沢山ある,金沢中央観光案内所,同意する,,金沢駐屯地,,,,,1969,,,,,,
石川,2024/04/28 17:32:32,大阪府,女,1979,,"1,000万円以上 1,200万円未満",夫婦2人,1泊,石川県外には泊まらない,金沢エリア  （湯涌温泉、深谷温泉、犀川温泉など）,1泊,,,,,,,,,自家用車,1,0,0,0,0,0,0,,0,0,0,0,4,,,,初めて,"地元の美味しいものを食べる, 名所、旧跡の観光, まちあるき、都市散策",0,0,1,0,1,0,0,0,0,0,1,0,0,0,0,0,0,0,インターネット・アプリ,0,0,0,0,0,0,0,0,0,0,1,0,0,0,0,0,0,0,0,0,0,0,0,0,0,,,,,,"10,000円以上 20,000円未満",,使わない,,,,,,,,,,,5,5,,,,,,8,また行きたい（1年以内）,特になし,金沢中央観光案内所,同意する,,,,,,,1979,,,,,,
石川,2024/04/29 8:15:25,愛知県,男,2001,,"1,000万円以上 1,200万円未満",友人,1泊,石川県外には泊まらない,加賀エリア （山代温泉、山中温泉、片山津温泉、粟津温泉、辰口温泉、加賀市、小松市など）,1泊,,,,,,,,,自家用車,1,0,0,0,0,0,0,,0,0,0,0,,,,,初めて,"地元の美味しいものを食べる, お祭りやイベントへの参加・見物, 各種体験（手作り、果物狩りなど）",0,0,1,0,0,0,0,1,0,0,0,1,0,0,0,0,0,0,ブログ,0,0,0,0,0,0,0,0,1,0,0,0,0,0,0,0,0,0,0,0,0,0,0,0,0,,,,,,"30,000円以上 40,000円未満",,使わない,,,,,,,,,,,5,3,スタンプラリーで寄っただけなのでそれ以外利用していない,上記と同じ,,,,5,機会があれば行きたい,特になし 食べ物が美味しい,金沢中央観光案内所,同意する,,,,,,,2001,,,,,,
石川,2024/04/29 10:47:36,京都府,男,1993,,600万円以上 700万円未満,自分ひとり,1泊,石川県外には泊まらない,金沢エリア  （湯涌温泉、深谷温泉、犀川温泉など）,1泊,,,,,,,,,"自家用車, 新幹線",1,0,1,0,0,0,0,,0,0,0,0,5,,,,初めて,"お祭りやイベントへの参加・見物, まちあるき、都市散策",0,0,0,0,0,0,0,1,0,0,1,0,0,0,0,0,0,0,インターネット・アプリ,0,0,0,0,0,0,0,0,0,0,1,0,0,0,0,0,0,0,0,0,0,0,0,0,0,,,,,,"5,000円以上 10,000円未満",,使わない,,,,,,,,,,,4,5,,,,,,8,また行きたい（1年以内）,特になし,金沢中央観光案内所,同意する,,,,,,,1993,,,,,,
石川,2024/04/29 18:30:03,熊本県,男,1989,,800万円以上 900万円未満,夫婦2人,3泊,石川県外には泊まらない,金沢エリア  （湯涌温泉、深谷温泉、犀川温泉など）,3泊,,,,,,,,,"新幹線, 在来線",0,0,1,1,0,0,0,,0,0,0,0,,,,,初めて,"地元の美味しいものを食べる, 名所、旧跡の観光, 各種体験（手作り、果物狩りなど）",0,0,1,0,1,0,0,0,0,0,0,1,0,0,0,0,0,0,観光協会等の案内所,0,0,0,0,0,0,0,0,0,0,0,0,0,0,0,0,0,0,0,0,0,1,0,0,0,,,,,,"40,000円以上 50,000円未満",,使わない,,,,,,,,,,,5,5,,,,,,8,機会があれば行きたい,特になし,金沢中央観光案内所,同意する,,,,,,,1989,,,,,,
石川,2024/04/30 11:51:45,埼玉県,女,1964,,300万円以上 400万円未満,自分ひとり,2泊,石川県外には泊まらない,金沢エリア  （湯涌温泉、深谷温泉、犀川温泉など）,2泊,,,,,,,,,新幹線,0,0,1,0,0,0,0,,0,0,0,0,,,,,初めて,"温泉や露天風呂, 地元の美味しいものを食べる, 花見や紅葉などの自然鑑賞, 名所、旧跡の観光, 買い物、アウトレット, まちあるき、都市散策, 各種体験（手作り、果物狩りなど）",0,1,1,1,1,0,1,0,0,0,1,1,0,0,0,0,0,0,観光協会等の案内所,0,0,0,0,0,0,0,0,0,0,0,0,0,0,0,0,0,0,0,0,0,1,0,0,0,,,,,,"10,000円以上 20,000円未満",,"1,000円未満",,,,,,,,,,,4,3,,,,,,8,また行きたい（1年以内）,海鮮 街が綺麗で名所が多いので、又訪れたいと感じました。,金沢中央観光案内所,同意する,,物産館と成巽閣,,,,,1964,,,,,,
石川,2024/04/30 13:13:14,東京都,女,1982,,500万円以上 600万円未満,夫婦2人,日帰り,石川県外には泊まらない,石川県内には宿泊しない,4泊以上,,,,,,,,,飛行機,0,0,0,0,1,0,0,,0,0,0,0,,,,,初めて,"買い物、アウトレット, まちあるき、都市散策",0,0,0,0,0,0,1,0,0,0,1,0,0,0,0,0,0,0,友人・知人,0,0,0,0,0,0,0,0,0,0,0,0,0,0,0,0,0,0,1,0,0,0,0,0,0,,,,,,"10,000円以上 20,000円未満",,使わない,,,,,,,,,,,5,3,,,,,,10,機会があれば行きたい,和菓子,金沢中央観光案内所,同意する,,,,,,,1982,,,,,,
石川,2024/05/01 13:11:20,東京都,女,1991,,"900万円以上 1,000万円未満",小学生以下連れの家族,4泊以上,石川県外には泊まらない,金沢エリア  （湯涌温泉、深谷温泉、犀川温泉など）,4泊以上,,,,,,,,,飛行機,0,0,0,0,1,0,0,,0,0,0,0,4,,,,初めて,"宿でのんびり過ごす, まちあるき、都市散策",1,0,0,0,0,0,0,0,0,0,1,0,0,0,0,0,0,0,インターネット・アプリ,0,0,0,0,0,0,0,0,0,0,1,0,0,0,0,0,0,0,0,0,0,0,0,0,0,,,,,,"10,000円以上 20,000円未満",,使わない,,,,,,,,,,,4,3,,,,,,10,機会があれば行きたい,雨が降ったら、行くどころが少ないと思います,金沢中央観光案内所,同意する,,,,,,,1991,,,,,,
石川,2024/05/01 13:39:43,愛知県,男,1991,,800万円以上 900万円未満,夫婦2人,1泊,福井県,石川県内には宿泊しない,石川県内には宿泊しない,,,,,,,,,自家用車,1,0,0,0,0,0,0,,0,0,0,0,4,一日乗車券の使い勝手が良いため,,,初めて,"地元の美味しいものを食べる, 名所、旧跡の観光, まちあるき、都市散策, 能登支援",0,0,1,0,1,0,0,0,0,0,1,0,0,0,0,0,0,0,観光展・物産展,0,0,0,0,0,0,0,0,0,0,0,0,0,0,0,0,0,0,0,0,0,0,1,0,0,,,,,,使わない,,使わない,,,,,,,,,,,4,3,休憩利用のため,休憩できたため,,,,7,機会があれば行きたい,金箔売り1択が自分には不要なので、他の種類が欲しい 名所と一日乗車券の使い勝手の良さ,金沢中央観光案内所,同意する,,,,,,,1991,,,,,,
石川,2024/05/02 15:55:17,神奈川県,女,1999,,300万円以上 400万円未満,恋人,2泊,石川県外には泊まらない,金沢エリア  （湯涌温泉、深谷温泉、犀川温泉など）,2泊,,,,,,,,,新幹線,0,0,1,0,0,0,0,,0,0,0,0,,,,,初めて,"地元の美味しいものを食べる, 名所、旧跡の観光, まちあるき、都市散策",0,0,1,0,1,0,0,0,0,0,1,0,0,0,0,0,0,0,歩いている際に見つけた,0,0,0,0,0,0,0,0,0,0,0,0,0,0,0,0,0,0,0,0,0,0,0,0,1,,,,,,"10,000円以上 20,000円未満",,使わない,,,,,,,,,,,5,4,綺麗で居心地が良い,ゆっくりしながら街の情報が得られる,,,,6,また行きたい（1年以内）,金沢駅付近にタワーなどがほしい 海鮮がとても美味しく安い,金沢中央観光案内所,同意する,,,,,,,1999,,,,,,
石川,2024/05/02 18:08:37,神奈川県,女,1992,,400万円以上 500万円未満,職場の同僚,1泊,石川県外には泊まらない,金沢エリア  （湯涌温泉、深谷温泉、犀川温泉など）,1泊,,,,,,,,,新幹線,0,0,1,0,0,0,0,,0,0,0,0,,,,,初めて,"地元の美味しいものを食べる, 名所、旧跡の観光, お祭りやイベントへの参加・見物, まちあるき、都市散策",0,0,1,0,1,0,0,1,0,0,1,0,0,0,0,0,0,0,友人・知人,0,0,0,0,0,0,0,0,0,0,0,0,0,0,0,0,0,0,1,0,0,0,0,0,0,,,,,,"5,000円以上 10,000円未満",,使わない,,,,,,,,,,,5,4,,,,,,8,機会があれば行きたい,お寿司,金沢中央観光案内所,同意する,,,,,,,1992,,,,,,
石川,2024/05/03 13:19:54,愛知県,女,1971,,800万円以上 900万円未満,娘　大学生,1泊,石川県外には泊まらない,金沢エリア  （湯涌温泉、深谷温泉、犀川温泉など）,1泊,,,,,,,,,旅行会社ツアーバス,0,0,0,0,0,1,0,,0,0,0,0,3,わかりづらい,,,初めて,"地元の美味しいものを食べる, まちあるき、都市散策",0,0,1,0,0,0,0,0,0,0,1,0,0,0,0,0,0,0,インターネット・アプリ,0,0,0,0,0,0,0,0,0,0,1,0,0,0,0,0,0,0,0,0,0,0,0,0,0,,,,,,"5,000円以上 10,000円未満",,"3,000円以上 5,000円未満",,,,,,,,,,,5,3,,,,,,6,また行きたい（1年以内）,ほうじ茶スイーツ 市場です。品揃えはもちろん、コスパもよくてお土産までばっちり揃います！,金沢中央観光案内所,同意する,,,,,,,1971,,,,,,
石川,2024/05/04 13:35:48,東京都,男,1986,,"1,500万円以上",夫婦2人,日帰り,富山県,石川県内には宿泊しない,石川県内には宿泊しない,,,,,,,,,新幹線,0,0,1,0,0,0,0,,0,0,0,0,,,,,初めて,"地元の美味しいものを食べる, 花見や紅葉などの自然鑑賞, 名所、旧跡の観光, まちあるき、都市散策",0,0,1,1,1,0,0,0,0,0,1,0,0,0,0,0,0,0,"観光展・物産展, 新聞・雑誌・ガイドブック",0,0,0,0,0,0,0,0,0,0,0,0,0,0,0,0,1,0,0,0,0,0,1,0,0,,,,,,使わない,,使わない,,,,,,,,,,,5,5,,,,,,10,また行きたい（1年以内）,エンターテイメント、ループなどのモビリティ,金沢中央観光案内所,同意する,,,,,,,1986,,,,,,
石川,2024/05/04 14:37:11,群馬県,女,1968,,"900万円以上 1,000万円未満",夫婦2人,2泊,石川県外には泊まらない,金沢エリア  （湯涌温泉、深谷温泉、犀川温泉など）,2泊,,,,,,,,,新幹線,0,0,1,0,0,0,0,,0,0,0,0,4,本数が多い　フリーパスが使える,,,初めて,"地元の美味しいものを食べる, 名所、旧跡の観光",0,0,1,0,1,0,0,0,0,0,0,0,0,0,0,0,0,0,観光展・物産展,0,0,0,0,0,0,0,0,0,0,0,0,0,0,0,0,0,0,0,0,0,0,1,0,0,,,,,,"20,000円以上 30,000円未満",,使わない,,,,,,,,,,,5,4,パンフレットが豊富,広くてきれい　混んでいない,,,,7,また行きたい（1年以内）,特になし 街の人が親切　海鮮が美味しいし安いバスが便利,金沢中央観光案内所,同意する,,,,文芸館,,,1968,,,,,,
石川,2024/05/05 16:01:10,神奈川県,女,1972,,"1,200万円以上 1,500万円未満",夫婦2人,1泊,石川県外には泊まらない,金沢エリア  （湯涌温泉、深谷温泉、犀川温泉など）,1泊,,,,,,,,,新幹線,0,0,1,0,0,0,0,,0,0,0,0,3,,,,初めて,名所、旧跡の観光,0,0,0,0,1,0,0,0,0,0,0,0,0,0,0,0,0,0,たまたま通りがかりにあった,0,0,0,0,0,0,0,0,0,0,0,0,0,0,0,0,0,0,0,0,0,0,0,0,1,,,,,,"5,000円以上 10,000円未満",,"1,000円未満",,,,,,,,,,,4,4,,,,,,5,また行きたい（1年以内）,和菓子,金沢中央観光案内所,同意する,,,,,,,1972,,,,,,
石川,2024/05/06 12:25:56,栃木県,女,2009,,"1,000万円以上 1,200万円未満",中学生以下連れの家族,1泊,石川県外には泊まらない,金沢エリア  （湯涌温泉、深谷温泉、犀川温泉など）,1泊,,,,,,,,,自家用車,1,0,0,0,0,0,0,,0,0,0,0,,,,,初めて,"地元の美味しいものを食べる, 名所、旧跡の観光, まちあるき、都市散策, 各種体験（手作り、果物狩りなど）",0,0,1,0,1,0,0,0,0,0,1,1,0,0,0,0,0,0,蓮ノ空女学院スクールアイドルクラブ加賀友禅こらぼ,0,0,0,0,0,0,0,0,0,0,0,0,0,0,0,0,0,0,0,0,0,0,0,0,1,,,,,,"5,000円以上 10,000円未満",,使わない,,,,,,,,,,,5,5,地図などの資料がたくさんあったから。,広々としていてわかりやすいから。,,,,7,機会があれば行きたい,安くて美味しいご飯。石川県とアニメなどとのコラボ。 見どころがたくさんある。,金沢中央観光案内所,同意する,,蓮ノ空女学院スクールアイドルクラブ加賀友禅こらぼスタンプラリーのスポット,,,,,2009,,,,,,
石川,2024/05/06 14:28:56,石川県,女,1965,,200万円以上 300万円未満,夫婦2人,1泊,石川県外には泊まらない,加賀エリア （山代温泉、山中温泉、片山津温泉、粟津温泉、辰口温泉、加賀市、小松市など）,1泊,,,,,,,,,県外から訪れていない（石川県内在住）,0,0,0,0,0,0,0,,0,0,0,0,,,,,初めて,宿でのんびり過ごす,1,0,0,0,0,0,0,0,0,0,0,0,0,0,0,0,0,0,ブログ,0,0,0,0,0,0,0,0,1,0,0,0,0,0,0,0,0,0,0,0,0,0,0,0,0,,,,,,"10,000円以上 20,000円未満",,使わない,,,,,,,,,,,4,4,,,,,,8,石川県在住,特になし,金沢中央観光案内所,同意する,,,,,,,1965,,,,,,
石川,2024/05/08 10:49:05,富山県,女,1980,,600万円以上 700万円未満,小学生以下連れの家族,日帰り,富山県,石川県内には宿泊しない,石川県内には宿泊しない,,,,,,,,,自家用車,1,0,0,0,0,0,0,,0,0,0,0,,,,,初めて,"地元の美味しいものを食べる, 名所、旧跡の観光, まちあるき、都市散策",0,0,1,0,1,0,0,0,0,0,1,0,0,0,0,0,0,0,観光パンフレット・ポスター,0,0,0,0,0,0,0,0,0,0,0,0,0,0,0,0,0,0,0,0,1,0,0,0,0,,,,,,"5,000円以上 10,000円未満",,使わない,,,,,,,,,,,4,3,何ができるか、わからなかったです。,何ができるか、わからなかったです。,,,,2,また行きたい（1年以内）,スイーツ 和を感じる場所が多いからです。,金沢中央観光案内所,同意する,,,,金箔クレープ屋　カフェ,,,1980,,,,,,
石川,2024/05/09 16:42:55,石川県,女,1992,,700万円以上 800万円未満,小学生以下連れの家族,日帰り,石川県外には泊まらない,石川県内には宿泊しない,石川県内には宿泊しない,,,,,,,,,自家用車,1,0,0,0,0,0,0,,0,0,0,0,,,,,初めて,買い物、アウトレット,0,0,0,0,0,0,1,0,0,0,0,0,0,0,0,0,0,0,偶然通りかかった,0,0,0,0,0,0,0,0,0,0,0,0,0,0,0,0,0,0,0,0,0,0,0,0,1,,,,,,"1,000円以上 3,000円未満",,使わない,,,,,,,,,,,3,3,,,,,,5,どちらともいえない,特になし,金沢中央観光案内所,同意する,,,,,,,1992,,,,,,
石川,2024/05/10 12:27:16,千葉県,男,1963,,100万円未満,夫婦2人,1泊,石川県外には泊まらない,金沢エリア  （湯涌温泉、深谷温泉、犀川温泉など）,1泊,,,,,,,,,新幹線,0,0,1,0,0,0,0,,0,0,0,0,4,バス本数が多い,,,初めて,"地元の美味しいものを食べる, 名所、旧跡の観光, 各種体験（手作り、果物狩りなど）",0,0,1,0,1,0,0,0,0,0,0,1,0,0,0,0,0,0,尾山神社,0,0,0,0,0,0,0,0,0,0,0,0,0,0,0,0,0,0,0,0,0,0,0,0,1,,,,,,"20,000円以上 30,000円未満",,使わない,,,,,,,,,,,5,5,,,,,,8,機会があれば行きたい,カニを食べたい,金沢中央観光案内所,同意する,,,,,,,1963,,,,,,
石川,2024/05/10 18:44:27,東京都,男,2003,,100万円未満,自分ひとり,2泊,石川県外には泊まらない,金沢エリア  （湯涌温泉、深谷温泉、犀川温泉など）,2泊,,,,,,,,,旅行会社ツアーバス,0,0,0,0,0,1,0,,0,0,0,0,5,自転車数もポート数も多く使い勝手がいいから,,,2～5回目,"地元の美味しいものを食べる, 名所、旧跡の観光, お祭りやイベントへの参加・見物, まちあるき、都市散策, 各種体験（手作り、果物狩りなど）",0,0,1,0,1,0,0,1,0,0,1,1,0,0,0,0,0,0,X(旧：Twitter),0,0,0,0,0,1,0,0,0,0,0,0,0,0,0,0,0,0,0,0,0,0,0,0,0,,,,,,"10,000円以上 20,000円未満",,使わない,,,,,,,,,,,5,3,商品、サービスを利用していないから,商品、サービスを利用していないから,,,,10,また行きたい（1年以内）,特になし 食とアクティビティ金沢の食べ物はとても美味しく、歴史ある街なので文化体験も複数楽しむことができたから,金沢中央観光案内所,同意する,,,,しいのき迎賓館,,,2003,,,,,,
石川,2024/05/11 17:16:28,大阪府,女,1998,,300万円以上 400万円未満,恋人,1泊,石川県外には泊まらない,金沢エリア  （湯涌温泉、深谷温泉、犀川温泉など）,1泊,,,,,,,,,新幹線,0,0,1,0,0,0,0,,0,0,0,0,,,,,2～5回目,"宿でのんびり過ごす, 地元の美味しいものを食べる",1,0,1,0,0,0,0,0,0,0,0,0,0,0,0,0,0,0,"インターネット・アプリ, Instagram, 友人・知人",0,0,0,1,0,0,0,0,0,0,1,0,0,0,0,0,0,0,1,0,0,0,0,0,0,,,,,,"10,000円以上 20,000円未満",,使わない,,,,,,,,,,,5,4,,,,,,8,また行きたい（1年以内）,足湯,金沢中央観光案内所,同意する,,,,,,,1998,,,,,,
石川,2024/05/12 12:37:06,大阪府,男,1967,,600万円以上 700万円未満,夫婦2人,2泊,福井県,金沢エリア  （湯涌温泉、深谷温泉、犀川温泉など）,1泊,,,,,,,,,"新幹線, 在来線",0,0,1,1,0,0,0,,0,0,0,0,4,観光ポイントを回るので、わかりやすかった。,,,6～10回目,"地元の美味しいものを食べる, 名所、旧跡の観光",0,0,1,0,1,0,0,0,0,0,0,0,0,0,0,0,0,0,"観光展・物産展, 観光パンフレット・ポスター",0,0,0,0,0,0,0,0,0,0,0,0,0,0,0,0,0,0,0,0,1,0,1,0,0,,,,,,"3,000円以上 5,000円未満",,使わない,,,,,,,,,,,4,4,,,,,,5,機会があれば行きたい,特になし,金沢中央観光案内所,同意する,,,,,,,1967,,,,,,
石川,2024/05/12 13:11:43,大阪府,女,1969,,400万円以上 500万円未満,夫婦2人,1泊,石川県外には泊まらない,金沢エリア  （湯涌温泉、深谷温泉、犀川温泉など）,1泊,,,,,,,,,"新幹線, 在来線",0,0,1,1,0,0,0,,0,0,0,0,3,ホテルから徒歩です。,,,初めて,"地元の美味しいものを食べる, 買い物、アウトレット, まちあるき、都市散策",0,0,1,0,0,0,1,0,0,0,1,0,0,0,0,0,0,0,"新聞・雑誌・ガイドブック, 観光パンフレット・ポスター, インターネット・アプリ",0,0,0,0,0,0,0,0,0,0,1,0,0,0,0,0,1,0,0,0,1,0,0,0,0,,,,,,"10,000円以上 20,000円未満",,使わない,,,,,,,,,,,4,3,購入等していないので,観光ビデオが流れていてよかったです,,,,5,機会があれば行きたい,ゆっくり、街中を歩きたいですね。 兼六園も良いですが、古い街中はよいです。,金沢中央観光案内所,同意する,,,,,,,1969,,,,,,
石川,2024/05/12 16:11:38,富山県,女,1992,,300万円以上 400万円未満,親,日帰り,石川県外には泊まらない,石川県内には宿泊しない,石川県内には宿泊しない,,,,,,,,,自家用車,1,0,0,0,0,0,0,,0,0,0,0,,,,,初めて,"地元の美味しいものを食べる, お祭りやイベントへの参加・見物",0,0,1,0,0,0,0,1,0,0,0,0,0,0,0,0,0,0,観光協会等の案内所,0,0,0,0,0,0,0,0,0,0,0,0,0,0,0,0,0,0,0,0,0,1,0,0,0,,,,,,使わない,,使わない,,,,,,,,,,,4,4,,,,,,5,また行きたい（1年以内）,なし,金沢中央観光案内所,同意する,,,,,,,1992,,,,,,
石川,2024/05/13 5:17:47,愛知県,男,2000,,300万円以上 400万円未満,友人,2泊,石川県外には泊まらない,金沢エリア  （湯涌温泉、深谷温泉、犀川温泉など）,2泊,,,,,,,,,"レンタカー, 新幹線",0,1,1,0,0,0,0,,0,0,0,0,5,比較的安価な駐車場が多くて大変助かりました。,,,初めて,"地元の美味しいものを食べる, 花見や紅葉などの自然鑑賞, 名所、旧跡の観光, 買い物、アウトレット, お祭りやイベントへの参加・見物, まちあるき、都市散策",0,0,1,1,1,0,1,1,0,0,1,0,0,0,0,0,0,0,"インターネット・アプリ, X(旧：Twitter)",0,0,0,0,0,1,0,0,0,0,1,0,0,0,0,0,0,0,0,0,0,0,0,0,0,,,,,,"10,000円以上 20,000円未満",,使わない,,,,,,,,,,,5,4,今回は利用の機会がありませんでしたが、ナイトシアターやフリーパスの充実さがすごいと思いました。,館内全体とても綺麗で入りやすい施設でした。,,,,8,また行きたい（1年以内）,これ以上望むものはありません！ ご飯もよし、街並みもよし、文化もよしでとても良かったです。,金沢中央観光案内所,同意する,,,,,,,2000,,,,,,
石川,2024/05/13 16:45:10,沖縄県,女,1965,,400万円以上 500万円未満,娘,2泊,石川県外には泊まらない,金沢エリア  （湯涌温泉、深谷温泉、犀川温泉など）,2泊,,,,,,,,,飛行機,0,0,0,0,1,0,0,,0,0,0,0,,,,,初めて,地元の美味しいものを食べる,0,0,1,0,0,0,0,0,0,0,0,0,0,0,0,0,0,0,なし,0,0,0,0,0,0,0,0,0,0,0,0,0,0,0,0,0,0,0,0,0,0,0,0,1,,,,,,"10,000円以上 20,000円未満",,使わない,,,,,,,,,,,4,3,,,,,,4,あまり行きたいと思わない,特になし,金沢中央観光案内所,同意する,,,,西茶屋街,,,1965,,,,,,
石川,2024/05/14 11:43:30,茨城県,無回答,1999,,200万円以上 300万円未満,自分ひとり,1泊,石川県外には泊まらない,金沢エリア  （湯涌温泉、深谷温泉、犀川温泉など）,1泊,,,,,,,,,"新幹線, 在来線",0,0,1,1,0,0,0,,0,0,0,0,,,,,2～5回目,蓮ノ空スタンプラリーへの参加,0,0,0,0,0,0,0,0,0,0,0,0,0,0,0,0,0,0,"インターネット・アプリ, X(旧：Twitter)",0,0,0,0,0,1,0,0,0,0,1,0,0,0,0,0,0,0,0,0,0,0,0,0,0,,,,,,"5,000円以上 10,000円未満",,使わない,,,,,,,,,,,4,4,対応が良かった,施設自体がとても綺麗だし、スタッフの人が良かった,,,,7,また行きたい（1年以内）,蓮ノ空とのコラボ商品,金沢中央観光案内所,同意する,,,,,,,1999,,,,,,
石川,2024/05/16 22:42:37,宮城県,女,1965,,400万円以上 500万円未満,夫婦2人,1泊,石川県外には泊まらない,金沢エリア  （湯涌温泉、深谷温泉、犀川温泉など）,1泊,,,,,,,,,新幹線,0,0,1,0,0,0,0,,0,0,0,0,4,1日乗り放題の周遊券を利用したが、あまり待たずにバスが来て有意義な旅行が楽しめました,,,初めて,"地元の美味しいものを食べる, 名所、旧跡の観光, まちあるき、都市散策",0,0,1,0,1,0,0,0,0,0,1,0,0,0,0,0,0,0,"新聞・雑誌・ガイドブック, TV・ラジオ番組やCM, インターネット・アプリ",0,0,0,0,0,0,0,0,0,0,1,0,0,0,1,0,1,0,0,0,0,0,0,0,0,,,,,,"5,000円以上 10,000円未満",,使わない,,,,,,,,,,,5,4,,パンフレットが充実していた,,,,10,また行きたい（1年以内）,特に無し 海鮮,金沢中央観光案内所,同意する,,,,,,,1965,,,,,,
石川,2024/05/18 11:21:59,京都府,男,2002,,300万円以上 400万円未満,自分ひとり,3泊,福井県,金沢エリア  （湯涌温泉、深谷温泉、犀川温泉など）,2泊,,,,,,,,,"新幹線, 在来線",0,0,1,1,0,0,0,,0,0,0,0,,,,,初めて,"宿でのんびり過ごす, 地元の美味しいものを食べる, 買い物、アウトレット",1,0,1,0,0,0,1,0,0,0,0,0,0,0,0,0,0,0,X(旧：Twitter),0,0,0,0,0,1,0,0,0,0,0,0,0,0,0,0,0,0,0,0,0,0,0,0,0,,,,,,"10,000円以上 20,000円未満",,使わない,,,,,,,,,,,5,3,,冷暖房設備が完備されており、座る場所が用意されていたため,,,,5,機会があれば行きたい,特になし 近江町市場のご飯がとても美味しかったため。,金沢中央観光案内所,同意する,,,,金沢蓄音機館,,,2002,,,,,,
石川,2024/05/19 13:30:38,富山県,女,1968,,300万円以上 400万円未満,友人,1泊,石川県外には泊まらない,金沢エリア  （湯涌温泉、深谷温泉、犀川温泉など）,1泊,,,,,,,,,高速バス,0,0,0,0,0,0,0,,0,0,0,0,,,,,初めて,"宿でのんびり過ごす, 地元の美味しいものを食べる, まちあるき、都市散策",1,0,1,0,0,0,0,0,0,0,1,0,0,0,0,0,0,0,"友人・知人, 観光協会等の案内所, 通りすがり",0,0,0,0,0,0,0,0,0,0,0,0,0,0,0,0,0,0,1,0,0,1,0,0,0,,,,,,"3,000円以上 5,000円未満",,使わない,,,,,,,,,,,5,5,資料が充実。職員さん優しい。,,,,,9,また行きたい（1年以内）,特に無し 成巽閣,金沢中央観光案内所,同意する,,成巽閣,,,,,1968,,,,,,
石川,2024/05/19 13:44:36,富山県,女,1968,,300万円以上 400万円未満,友人,1泊,石川県外には泊まらない,金沢エリア  （湯涌温泉、深谷温泉、犀川温泉など）,1泊,,,,,,,,,旅行会社ツアーバス,0,0,0,0,0,1,0,,0,0,0,0,,,,,初めて,"宿でのんびり過ごす, 地元の美味しいものを食べる, 買い物、アウトレット",1,0,1,0,0,0,1,0,0,0,0,0,0,0,0,0,0,0,友人・知人,0,0,0,0,0,0,0,0,0,0,0,0,0,0,0,0,0,0,1,0,0,0,0,0,0,,,,,,"3,000円以上 5,000円未満",,使わない,,,,,,,,,,,5,5,,,,,,3,また行きたい（1年以内）,特に無し 食べ物顔医師を,金沢中央観光案内所,同意する,,,,成巽閣,,,1968,,,,,,
石川,2024/05/19 14:29:17,新潟県,女,1987,,"1,500万円以上",親,3泊,石川県外には泊まらない,金沢エリア  （湯涌温泉、深谷温泉、犀川温泉など）,3泊,,,,,,,,,新幹線,0,0,1,0,0,0,0,,0,0,0,0,4,,,,初めて,友人・親戚を訪ねる,0,0,0,0,0,0,0,0,0,0,0,0,0,0,0,0,0,0,観光協会等の案内所,0,0,0,0,0,0,0,0,0,0,0,0,0,0,0,0,0,0,0,0,0,1,0,0,0,,,,,,"5,000円以上 10,000円未満",,使わない,,,,,,,,,,,4,4,,,,,,8,また行きたい（1年以内）,UFOに関すること,金沢中央観光案内所,同意する,,,,,,,1987,,,,,,
石川,2024/05/19 16:49:38,大阪府,女,1978,,"1,500万円以上",友人,2泊,富山県,金沢エリア  （湯涌温泉、深谷温泉、犀川温泉など）,1泊,,,,,,,,,自家用車,1,0,0,0,0,0,0,,0,0,0,0,,,,,2～5回目,地元の美味しいものを食べる,0,0,1,0,0,0,0,0,0,0,0,0,0,0,0,0,0,0,記憶,0,0,0,0,0,0,0,0,0,0,0,0,0,0,0,0,0,0,0,0,0,0,0,0,1,,,,,,"5,000円以上 10,000円未満",,使わない,,,,,,,,,,,4,4,九谷焼のひゃくまんさんに会える,九谷焼のひゃくまんさんに会える,,,,5,機会があれば行きたい,特になし 忍者寺,金沢中央観光案内所,同意する,,,,金沢駅,,,1978,,,,,,
石川,2024/05/19 16:52:19,大阪府,男,1975,,"1,500万円以上",夫婦2人,2泊,富山県,金沢エリア  （湯涌温泉、深谷温泉、犀川温泉など）,1泊,,,,,,,,,自家用車,1,0,0,0,0,0,0,,0,0,0,0,,,,,2～5回目,"地元の美味しいものを食べる, 名所、旧跡の観光, 買い物、アウトレット",0,0,1,0,1,0,1,0,0,0,0,0,0,0,0,0,0,0,"観光展・物産展, 観光パンフレット・ポスター",0,0,0,0,0,0,0,0,0,0,0,0,0,0,0,0,0,0,0,0,1,0,1,0,0,,,,,,"5,000円以上 10,000円未満",,"1,000円未満",,,,,,,,,,,5,4,パンフレットが多かった,ホテルから近い,,,,10,また行きたい（1年以内）,特になし,金沢中央観光案内所,同意する,,最初に訪れた場所,,忍者寺,,,1975,,,,,,
石川,2024/05/20 10:05:41,石川県,男,1988,,300万円以上 400万円未満,自分ひとり,日帰り,石川県外には泊まらない,石川県内には宿泊しない,石川県内には宿泊しない,,,,,,,,,自家用車,1,0,0,0,0,0,0,,0,0,0,0,5,,,,初めて,買い物、アウトレット,0,0,0,0,0,0,1,0,0,0,0,0,0,0,0,0,0,0,観光展・物産展,0,0,0,0,0,0,0,0,0,0,0,0,0,0,0,0,0,0,0,0,0,0,1,0,0,,,,,,"1,000円未満",,"1,000円未満",,,,,,,,,,,5,5,,,,,,10,また行きたい（1年以内）,金箔,金沢中央観光案内所,同意する,,,,,,,1988,,,,,,
石川,2024/05/20 10:11:53,石川県,男,1994,,400万円以上 500万円未満,小学生以下連れの家族,日帰り,石川県外には泊まらない,石川県内には宿泊しない,石川県内には宿泊しない,,,,,,,,,自家用車,1,0,0,0,0,0,0,,0,0,0,0,5,,,,2～5回目,買い物、アウトレット,0,0,0,0,0,0,1,0,0,0,0,0,0,0,0,0,0,0,TV・ラジオ番組やCM,0,0,0,0,0,0,0,0,0,0,0,0,0,0,1,0,0,0,0,0,0,0,0,0,0,,,,,,"1,000円以上 3,000円未満",,"1,000円以上 3,000円未満",,,,,,,,,,,5,5,,,,,,10,また行きたい（1年以内）,雨,金沢中央観光案内所,同意する,,,,,,,1994,,,,,,
石川,2024/05/20 22:47:12,宮崎県,女,1972,,"1,000万円以上 1,200万円未満",夫婦2人,3泊,石川県外には泊まらない,加賀エリア （山代温泉、山中温泉、片山津温泉、粟津温泉、辰口温泉、加賀市、小松市など）,3泊,,,,,,,,,"新幹線, 在来線, 飛行機",0,0,1,1,1,0,0,,0,0,0,0,,,,,初めて,"地元の美味しいものを食べる, 名所、旧跡の観光, まちあるき、都市散策, 友人・親戚を訪ねる",0,0,1,0,1,0,0,0,0,0,1,0,0,0,0,0,0,0,観光パンフレット・ポスター,0,0,0,0,0,0,0,0,0,0,0,0,0,0,0,0,0,0,0,0,1,0,0,0,0,,,,,,"10,000円以上 20,000円未満",,使わない,,,,,,,,,,,5,4,,,,,,10,また行きたい（1年以内）,特になし 街が綺麗で風情があり、食べ物が美味しい,金沢中央観光案内所,同意する,,,,,,,1972,,,,,,
石川,2024/05/21 18:56:26,静岡県,男,1992,,300万円以上 400万円未満,友人,2泊,石川県外には泊まらない,金沢エリア  （湯涌温泉、深谷温泉、犀川温泉など）,2泊,,,,,,,,,自家用車,1,0,0,0,0,0,0,,0,0,0,0,5,歩いても街並みがよく楽しい！,,,2～5回目,推しの生誕祭,0,0,0,0,0,0,0,0,0,0,0,0,0,0,0,0,0,0,観光展・物産展,0,0,0,0,0,0,0,0,0,0,0,0,0,0,0,0,0,0,0,0,0,0,1,0,0,,,,,,"1,000円未満",,"10,000円以上 20,000円未満",,,,,,,,,,,5,4,町の人たちも優しくって楽しい,,,,,10,また行きたい（1年以内）,金沢限定の物。,金沢中央観光案内所,同意する,,,,,,,1992,,,,,,
石川,2024/05/22 20:26:33,宮城県,女,1963,,700万円以上 800万円未満,夫婦2人,1泊,石川県外には泊まらない,金沢エリア  （湯涌温泉、深谷温泉、犀川温泉など）,1泊,,,,,,,,,新幹線,0,0,1,0,0,0,0,,0,0,0,0,,,,,初めて,"名所、旧跡の観光, まちあるき、都市散策",0,0,0,0,1,0,0,0,0,0,1,0,0,0,0,0,0,0,観光協会等の案内所,0,0,0,0,0,0,0,0,0,0,0,0,0,0,0,0,0,0,0,0,0,1,0,0,0,,,,,,"5,000円以上 10,000円未満",,使わない,,,,,,,,,,,4,3,,,,,,4,機会があれば行きたい,特になし,金沢中央観光案内所,同意する,,,,,,,1963,,,,,,
石川,2024/05/25 10:29:34,東京都,女,1989,,300万円以上 400万円未満,自分ひとり,1泊,石川県外には泊まらない,金沢エリア  （湯涌温泉、深谷温泉、犀川温泉など）,1泊,,,,,,,,,新幹線,0,0,1,0,0,0,0,,0,0,0,0,2,バス停のバス停の行き先が分かりにくい,,,2～5回目,宇喜多秀家正室の豪姫法要,0,0,0,0,0,0,0,0,0,0,0,0,0,0,0,0,0,0,行き当たりばったり,0,0,0,0,0,0,0,0,0,0,0,0,0,0,0,0,0,0,0,0,0,0,0,0,1,,,,,,"1,000円以上 3,000円未満",,"1,000円以上 3,000円未満",,,,,,,,,,,5,5,お茶席の体験イベントとお茶席をさがしていただきました。,休憩ができました。,,,,10,また行きたい（1年以内）,橋のたもとに観光地地図看板が欲しいです。 5月23日の金沢市大蓮寺での豪姫の法要に、もっと大勢のお客様にお越し頂きたいです。,金沢中央観光案内所,同意する,,,,本多博物館,,,1989,,,,,,
石川,2024/05/25 10:40:17,東京都,女,1989,,300万円以上 400万円未満,自分ひとり,1泊,石川県外には泊まらない,金沢エリア  （湯涌温泉、深谷温泉、犀川温泉など）,1泊,,,,,,,,,新幹線,0,0,1,0,0,0,0,,0,0,0,0,4,,,,2～5回目,豪姫法要,0,0,0,0,0,0,0,0,0,0,0,0,0,0,0,0,0,0,行き当たりばったり,0,0,0,0,0,0,0,0,0,0,0,0,0,0,0,0,0,0,0,0,0,0,0,0,1,,,,,,"3,000円以上 5,000円未満",,"1,000円以上 3,000円未満",,,,,,,,,,,5,5,,,,,,10,また行きたい（1年以内）,特になし,金沢中央観光案内所,同意する,,,,本多博物館,,,1989,,,,,,
石川,2024/05/25 13:18:22,埼玉県,男,1993,,400万円以上 500万円未満,友人,1泊,石川県外には泊まらない,金沢エリア  （湯涌温泉、深谷温泉、犀川温泉など）,1泊,,,,,,,,,新幹線,0,0,1,0,0,0,0,,0,0,0,0,3,特に理由なし,,,初めて,"名所、旧跡の観光, まちあるき、都市散策",0,0,0,0,1,0,0,0,0,0,1,0,0,0,0,0,0,0,X(旧：Twitter),0,0,0,0,0,1,0,0,0,0,0,0,0,0,0,0,0,0,0,0,0,0,0,0,0,,,,,,"20,000円以上 30,000円未満",,使わない,,,,,,,,,,,5,4,めぐちゃんがいたから,めぐちゃんがいたから,,,,6,また行きたい（1年以内）,海鮮系 食べ物全般,金沢中央観光案内所,同意する,,,,,,,1993,,,,,,
石川,2024/05/25 15:19:54,大阪府,その他,1994,,400万円以上 500万円未満,自分ひとり,2泊,石川県外には泊まらない,金沢エリア  （湯涌温泉、深谷温泉、犀川温泉など）,2泊,,,,,,,,,"新幹線, サンダーバード",0,0,1,0,0,0,0,,0,0,0,0,4,行きたい観光地にだいたいいけるから。,,,初めて,"地元の美味しいものを食べる, 花見や紅葉などの自然鑑賞, 名所、旧跡の観光, 買い物、アウトレット, お祭りやイベントへの参加・見物, まちあるき、都市散策, 蓮ノ空女学院スタンプラリー",0,0,1,1,1,0,1,1,0,0,1,0,0,0,0,0,0,0,"観光パンフレット・ポスター, X(旧：Twitter)",0,0,0,0,0,1,0,0,0,0,0,0,0,0,0,0,0,0,0,0,1,0,0,0,0,,,,,,"5,000円以上 10,000円未満",,"1,000円未満",,,,,,,,,,,5,3,,施設が綺麗だから,,,,4,また行きたい（1年以内）,蓮ノ空女学院の舞台巡り、スタンプラリーはかなり良い観光の候補選定の指針になっています。ぜひもう一度別の機会をいただけると幸いです。 近江町市場　おでんがおいしい,金沢中央観光案内所,同意する,,,,,,,1994,,,,,,
石川,2024/05/25 16:36:46,大阪府,男,1994,,200万円以上 300万円未満,友人,1泊,石川県外には泊まらない,金沢エリア  （湯涌温泉、深谷温泉、犀川温泉など）,1泊,,,,,,,,,新幹線,0,0,1,0,0,0,0,,0,0,0,0,4,,,,初めて,"地元の美味しいものを食べる, まちあるき、都市散策",0,0,1,0,0,0,0,0,0,0,1,0,0,0,0,0,0,0,観光展・物産展,0,0,0,0,0,0,0,0,0,0,0,0,0,0,0,0,0,0,0,0,0,0,1,0,0,,,,,,"10,000円以上 20,000円未満",,使わない,,,,,,,,,,,5,3,,,,,,5,機会があれば行きたい,特になし,金沢中央観光案内所,同意する,,,,,,,1994,,,,,,
石川,2024/05/25 18:02:15,愛知県,女,1957,,500万円以上 600万円未満,夫婦2人,2泊,石川県外には泊まらない,金沢エリア  （湯涌温泉、深谷温泉、犀川温泉など）,2泊,,,,,,,,,高速バス,0,0,0,0,0,0,0,,0,0,0,0,,,,,初めて,"名所、旧跡の観光, まちあるき、都市散策",0,0,0,0,1,0,0,0,0,0,1,0,0,0,0,0,0,0,インターネット・アプリ,0,0,0,0,0,0,0,0,0,0,1,0,0,0,0,0,0,0,0,0,0,0,0,0,0,,,,,,"10,000円以上 20,000円未満",,使わない,,,,,,,,,,,4,4,情報が沢山ある,情報が沢山ある,,,,6,機会があれば行きたい,特になし ボランティアガイドの充実,金沢中央観光案内所,同意する,,金沢城,,,,,1957,,,,,,
石川,2024/05/26 11:43:02,福岡県,男,1977,,"1,200万円以上 1,500万円未満",自分ひとり,2泊,石川県外には泊まらない,金沢エリア  （湯涌温泉、深谷温泉、犀川温泉など）,2泊,,,,,,,,,飛行機,0,0,0,0,1,0,0,,0,0,0,0,5,バスの本数が多い,,,2～5回目,"地元の美味しいものを食べる, 名所、旧跡の観光, まちあるき、都市散策",0,0,1,0,1,0,0,0,0,0,1,0,0,0,0,0,0,0,観光パンフレット・ポスター,0,0,0,0,0,0,0,0,0,0,0,0,0,0,0,0,0,0,0,0,1,0,0,0,0,,,,,,"10,000円以上 20,000円未満",,"1,000円未満",,,,,,,,,,,5,4,,,,,,7,機会があれば行きたい,安くて旨い,金沢中央観光案内所,同意する,,,,,,,1977,,,,,,
石川,2024/05/26 14:40:21,長野県,男,2002,,"1,200万円以上 1,500万円未満",恋人,1泊,石川県外には泊まらない,金沢エリア  （湯涌温泉、深谷温泉、犀川温泉など）,1泊,,,,,,,,,新幹線,0,0,1,0,0,0,0,,0,0,0,0,,,,,初めて,"宿でのんびり過ごす, 地元の美味しいものを食べる, 名所、旧跡の観光",1,0,1,0,1,0,0,0,0,0,0,0,0,0,0,0,0,0,"インターネット・アプリ, Instagram",0,0,0,1,0,0,0,0,0,0,1,0,0,0,0,0,0,0,0,0,0,0,0,0,0,,,,,,"5,000円以上 10,000円未満",,使わない,,,,,,,,,,,5,4,,,,,,5,機会があれば行きたい,海鮮料理,金沢中央観光案内所,同意する,,,,,,,2002,,,,,,
石川,2024/05/26 15:15:15,埼玉県,女,1977,,"1,500万円以上",親と姉,2泊,石川県外には泊まらない,金沢エリア  （湯涌温泉、深谷温泉、犀川温泉など）,2泊,,,,,,,,,新幹線,0,0,1,0,0,0,0,,0,0,0,0,,,,,初めて,"地元の美味しいものを食べる, 名所、旧跡の観光, 買い物、アウトレット, まちあるき、都市散策",0,0,1,0,1,0,1,0,0,0,1,0,0,0,0,0,0,0,友人・知人,0,0,0,0,0,0,0,0,0,0,0,0,0,0,0,0,0,0,1,0,0,0,0,0,0,,,,,,"10,000円以上 20,000円未満",,使わない,,,,,,,,,,,5,2,九谷焼ひゃくまんさんの写真を正面から撮ろうとした際に職員の方が前に立っていて場所をあけてくださらずとても撮りづらかった。,立ち寄っただけではありますが、あまり親切な感じがしなかった,,,,6,また行きたい（1年以内）,これ以上は特にないです。 金沢城公園が広くて自然も豊かでとても癒されました、食べ物も海鮮もの中心においしくとても楽しめました,金沢中央観光案内所,同意する,,,,,,,1977,,,,,,
石川,2024/05/27 13:37:06,静岡県,男,1984,,800万円以上 900万円未満,自分ひとり,2泊,富山県,石川県内には宿泊しない,石川県内には宿泊しない,,,,,,,,,"新幹線, 在来線",0,0,1,1,0,0,0,,0,0,0,0,,,,,初めて,まちあるき、都市散策,0,0,0,0,0,0,0,0,0,0,1,0,0,0,0,0,0,0,蓮の空スタンプラリー,0,0,0,0,0,0,0,0,0,0,0,0,0,0,0,0,0,0,0,0,0,0,0,0,1,,,,,,使わない,,使わない,,,,,,,,,,,3,3,,,,,,6,機会があれば行きたい,寿司,金沢中央観光案内所,同意する,,,,金沢城公園,,,1984,,,,,,
石川,2024/05/27 21:18:08,愛知県,女,1979,,400万円以上 500万円未満,夫婦2人,2泊,石川県外には泊まらない,金沢エリア  （湯涌温泉、深谷温泉、犀川温泉など）,2泊,,,,,,,,,自家用車,1,0,0,0,0,0,0,,0,0,0,0,,,,,初めて,"宿でのんびり過ごす, 地元の美味しいものを食べる",1,0,1,0,0,0,0,0,0,0,0,0,0,0,0,0,0,0,目の前を通ったら見つけた,0,0,0,0,0,0,0,0,0,0,0,0,0,0,0,0,0,0,0,0,0,0,0,0,1,,,,,,"30,000円以上 40,000円未満",,"1,000円未満",,,,,,,,,,,5,4,知りたい情報が得られたから,入りやすく利用しやすかったから,,,,9,また行きたい（1年以内）,郷土料理や、加賀野菜が一目で分かって、それが食べれるお店のマップ付きなものが役立つ。 料理やお店の人柄の良さを家族に伝えたい。,金沢中央観光案内所,同意する,,,,,,,1979,,,,,,
石川,2024/05/29 14:40:27,東京都,男,1984,,300万円以上 400万円未満,自分ひとり,3泊,富山県,金沢エリア  （湯涌温泉、深谷温泉、犀川温泉など）,3泊,,,,,,,,,新幹線,0,0,1,0,0,0,0,,0,0,0,0,4,シェアサイクルはスマートフォンで完結する,,,2～5回目,"地元の美味しいものを食べる, 名所、旧跡の観光, 買い物、アウトレット, お祭りやイベントへの参加・見物, スポーツ観戦や芸術鑑賞（コンサート等）, まちあるき、都市散策, 各種体験（手作り、果物狩りなど）, その他スポーツ（ゴルフ、テニスなど）",0,0,1,0,1,0,1,1,0,0,1,1,0,1,0,0,0,1,インターネット・アプリ,0,0,0,0,0,0,0,0,0,0,1,0,0,0,0,0,0,0,0,0,0,0,0,0,0,,,,,,"20,000円以上 30,000円未満",,"1,000円未満",,,,,,,,,,,5,4,,,,,,9,また行きたい（1年以内）,特になし 金沢市の街としてのサイズ感が丁度良く、色々なものが楽しめる,金沢中央観光案内所,同意する,,,,金沢蓄音器館,,,1984,,,,,,
石川,2024/05/29 20:56:56,東京都,女,1984,,200万円以上 300万円未満,友人,4泊以上,石川県外には泊まらない,金沢エリア  （湯涌温泉、深谷温泉、犀川温泉など）,4泊以上,,,,,,,,,新幹線,0,0,1,0,0,0,0,,0,0,0,0,5,新幹線が便利だった,,,初めて,"宿でのんびり過ごす, 地元の美味しいものを食べる",1,0,1,0,0,0,0,0,0,0,0,0,0,0,0,0,0,0,"観光展・物産展, 観光パンフレット・ポスター, Instagram",0,0,0,1,0,0,0,0,0,0,0,0,0,0,0,0,0,0,0,0,1,0,1,0,0,,,,,,"40,000円以上 50,000円未満",,"100,000円以上",,,,,,,,,,,5,5,貸し傘がありがたかった,,,,,10,また行きたい（1年以内）,陶芸体験,金沢中央観光案内所,同意する,,,,,,,1984,,,,,,
石川,2024/05/31 16:03:49,長野県,その他,2004,,"1,500万円以上",友人,4泊以上,秋田県,金沢エリア  （湯涌温泉、深谷温泉、犀川温泉など）,4泊以上,,,,,,,,,新幹線,0,0,1,0,0,0,0,,0,0,0,0,5,,,,初めて,名所、旧跡の観光,0,0,0,0,1,0,0,0,0,0,0,0,0,0,0,0,0,0,友人・知人,0,0,0,0,0,0,0,0,0,0,0,0,0,0,0,0,0,0,1,0,0,0,0,0,0,,,,,,"5,000円以上 10,000円未満",,"3,000円以上 5,000円未満",,,,,,,,,,,5,5,,,,,,10,また行きたい（1年以内）,特になし,金沢中央観光案内所,同意する,,,,,,,2004,,,,,,
石川,2024/05/31 16:05:25,東京都,男,2003,,"1,200万円以上 1,500万円未満",自分ひとり,4泊以上,東京都,金沢エリア  （湯涌温泉、深谷温泉、犀川温泉など）,4泊以上,,,,,,,,,新幹線,0,0,1,0,0,0,0,,0,0,0,0,5,,,,11回目以上,"宿でのんびり過ごす, 温泉や露天風呂, 地元の美味しいものを食べる, 名所、旧跡の観光, お祭りやイベントへの参加・見物",1,1,1,0,1,0,0,1,0,0,0,0,0,0,0,0,0,0,"TV・ラジオ番組やCM, 友人・知人",0,0,0,0,0,0,0,0,0,0,0,0,0,0,1,0,0,0,1,0,0,0,0,0,0,,,,,,"50,000円以上 100,000円未満",,"5,000円以上 10,000円未満",,,,,,,,,,,5,5,,,,,,10,また行きたい（1年以内）,特になし,金沢中央観光案内所,同意する,,,,,,,2003,,,,,,
石川,2024/05/31 20:20:33,宮城県,女,1958,,700万円以上 800万円未満,自分ひとり,4泊以上,石川県外には泊まらない,金沢エリア  （湯涌温泉、深谷温泉、犀川温泉など）,4泊以上,,,,,,,,,新幹線,0,0,1,0,0,0,0,,0,0,0,0,,,,,2～5回目,お祭りやイベントへの参加・見物,0,0,0,0,0,0,0,1,0,0,0,0,0,0,0,0,0,0,たまたま見つけた,0,0,0,0,0,0,0,0,0,0,0,0,0,0,0,0,0,0,0,0,0,0,0,0,1,,,,,,"100,000円以上",,使わない,,,,,,,,,,,5,4,何回か訪れたが一度だけ不親切な方がいらっしゃいましたので最高評価は控えました,得る情報量が多い。お手洗いも綺麗。,,,,9,また行きたい（1年以内）,欲しいものが全て購入でき、買い物が楽しくてしょうがないほどである。 金沢の方はほぼ100%とにかく優しくて、街自体が旅行者を温かく迎えてくれる。人が1番の魅力。観光する場所がコンパクトにまとまっているので観光しやすい。食が抜群に楽しめる。本当に素晴らしい場所と自信を持って薦められる。,金沢中央観光案内所,同意する,,,,ホテルに戻る,,,1958,,,,,,
石川,2024/06/01 12:03:40,福島県,男,1954,,600万円以上 700万円未満,自分ひとり,2泊,石川県外には泊まらない,金沢エリア  （湯涌温泉、深谷温泉、犀川温泉など）,2泊,,,,,,,,,新幹線,0,0,1,0,0,0,0,,0,0,0,0,,,,,2～5回目,お祭りやイベントへの参加・見物,0,0,0,0,0,0,0,1,0,0,0,0,0,0,0,0,0,0,観光展・物産展,0,0,0,0,0,0,0,0,0,0,0,0,0,0,0,0,0,0,0,0,0,0,1,0,0,,,,,,"10,000円以上 20,000円未満",,"1,000円以上 3,000円未満",,,,,,,,,,,4,3,,,,,,7,また行きたい（1年以内）,特に無い,金沢中央観光案内所,同意する,,,,,,,1954,,,,,,
石川,2024/06/01 18:34:38,山形県,女,1996,,300万円以上 400万円未満,小学生以下連れの家族,日帰り,岐阜県,石川県内には宿泊しない,石川県内には宿泊しない,,,,,,,,,飛行機,0,0,0,0,1,0,0,,0,0,0,0,5,,,,初めて,お祭りやイベントへの参加・見物,0,0,0,0,0,0,0,1,0,0,0,0,0,0,0,0,0,0,友人・知人,0,0,0,0,0,0,0,0,0,0,0,0,0,0,0,0,0,0,1,0,0,0,0,0,0,,,,,,"10,000円以上 20,000円未満",,"30,000円以上 40,000円未満",,,,,,,,,,,5,5,,,,,,10,また行きたい（1年以内）,プリン,金沢中央観光案内所,同意する,,,,,,,1996,,,,,,
石川,2024/06/01 19:13:34,静岡県,女,1964,,300万円以上 400万円未満,大学生の息子,2泊,石川県外には泊まらない,金沢エリア  （湯涌温泉、深谷温泉、犀川温泉など）,2泊,,,,,,,,,自家用車,1,0,0,0,0,0,0,,0,0,0,0,3,特に不満はなく自宅の方で通常乗っているバスと一緒だったから,,,初めて,"宿でのんびり過ごす, 温泉や露天風呂, 地元の美味しいものを食べる, お祭りやイベントへの参加・見物",1,1,1,0,0,0,0,1,0,0,0,0,0,0,0,0,0,0,新聞・雑誌・ガイドブック,0,0,0,0,0,0,0,0,0,0,0,0,0,0,0,0,1,0,0,0,0,0,0,0,0,,,,,,"20,000円以上 30,000円未満",,使わない,,,,,,,,,,,5,4,,,,,,10,また行きたい（1年以内）,食べ物も美味しいし、人が優しい 百万石祭り皆で練り歩いて楽しそうだった　まとまりがある,金沢中央観光案内所,同意する,,名前は忘れたが桜の季節　川沿いに咲いてる桜がとてもきれいだった　金沢城　夜桜も美しい　,,,,,1964,,,,,,
石川,2024/06/02 11:22:12,大阪府,男,1960,,600万円以上 700万円未満,夫婦2人,1泊,石川県外には泊まらない,金沢エリア  （湯涌温泉、深谷温泉、犀川温泉など）,1泊,,,,,,,,,自家用車,1,0,0,0,0,0,0,,0,0,0,0,,,,,初めて,"地元の美味しいものを食べる, 名所、旧跡の観光",0,0,1,0,1,0,0,0,0,0,0,0,0,0,0,0,0,0,観光パンフレット・ポスター,0,0,0,0,0,0,0,0,0,0,0,0,0,0,0,0,0,0,0,0,1,0,0,0,0,,,,,,"5,000円以上 10,000円未満",,使わない,,,,,,,,,,,5,5,親切,資料が豊富,,,,8,また行きたい（1年以内）,特になし コンパクトに観光できる,金沢中央観光案内所,同意する,,武家屋敷,,,,,1960,,,,,,
石川,2024/06/02 11:22:15,大阪府,女,1964,,100万円以上 200万円未満,夫婦2人,2泊,石川県外には泊まらない,金沢エリア  （湯涌温泉、深谷温泉、犀川温泉など）,2泊,,,,,,,,,自家用車,1,0,0,0,0,0,0,,0,0,0,0,2,バス運賃に交通系ICカードが使えない,,,初めて,"地元の美味しいものを食べる, お祭りやイベントへの参加・見物, まちあるき、都市散策",0,0,1,0,0,0,0,1,0,0,1,0,0,0,0,0,0,0,友人・知人,0,0,0,0,0,0,0,0,0,0,0,0,0,0,0,0,0,0,1,0,0,0,0,0,0,,,,,,"1,000円未満",,使わない,,,,,,,,,,,5,4,トイレなど自由に使わせて頂ける,トイレなど自由に使わせて頂ける,,,,8,また行きたい（1年以内）,海鮮、街並み 海鮮,金沢中央観光案内所,同意する,,武家屋敷,,,,,1964,,,,,,
石川,2024/06/06 17:34:22,愛知県,女,1981,,"900万円以上 1,000万円未満",夫婦2人,2泊,石川県外には泊まらない,金沢エリア  （湯涌温泉、深谷温泉、犀川温泉など）,2泊,,,,,,,,,飛行機,0,0,0,0,1,0,0,,0,0,0,0,4,郊外は行きづらい,,,2～5回目,"宿でのんびり過ごす, 地元の美味しいものを食べる, 名所、旧跡の観光, まちあるき、都市散策",1,0,1,0,1,0,0,0,0,0,1,0,0,0,0,0,0,0,通りかかったので,0,0,0,0,0,0,0,0,0,0,0,0,0,0,0,0,0,0,0,0,0,0,0,0,1,,,,,,"10,000円以上 20,000円未満",,"1,000円以上 3,000円未満",,,,,,,,,,,4,4,観光の参考になる資料がたくさんあった,座りながら色々資料をみれた,,,,9,また行きたい（1年以内）,特になし 美味しい海鮮。安くて美味しかったから。,金沢中央観光案内所,同意する,,武家屋敷跡野村家,,,,,1981,,,,,,
石川,2024/06/06 17:34:51,愛知県,男,1973,,"900万円以上 1,000万円未満",夫婦2人,2泊,石川県外には泊まらない,金沢エリア  （湯涌温泉、深谷温泉、犀川温泉など）,2泊,,,,,,,,,飛行機,0,0,0,0,1,0,0,,0,0,0,0,,,,,初めて,"地元の美味しいものを食べる, 花見や紅葉などの自然鑑賞, 名所、旧跡の観光",0,0,1,1,1,0,0,0,0,0,0,0,0,0,0,0,0,0,偶然通りかかった,0,0,0,0,0,0,0,0,0,0,0,0,0,0,0,0,0,0,0,0,0,0,0,0,1,,,,,,"10,000円以上 20,000円未満",,使わない,,,,,,,,,,,4,4,パンフレットがたくさんあった,トイレがあっった,,,,6,機会があれば行きたい,なし なし,金沢中央観光案内所,同意する,,武家屋敷跡野村家,,,,,1973,,,,,,
石川,2024/06/08 20:30:50,石川県,女,2007,,100万円未満,親,日帰り,石川県外には泊まらない,石川県内には宿泊しない,石川県内には宿泊しない,,,,,,,,,自家用車,1,0,0,0,0,0,0,,0,0,0,0,,,,,初めて,まちあるき、都市散策,0,0,0,0,0,0,0,0,0,0,1,0,0,0,0,0,0,0,TV・ラジオ番組やCM,0,0,0,0,0,0,0,0,0,0,0,0,0,0,1,0,0,0,0,0,0,0,0,0,0,,,,,,使わない,,使わない,,,,,,,,,,,5,4,,,,,,4,石川県在住,特になし,金沢中央観光案内所,同意する,,,,,,,2007,,,,,,
石川,2024/06/10 12:32:00,埼玉県,女,1996,,800万円以上 900万円未満,親,1泊,石川県外には泊まらない,金沢エリア  （湯涌温泉、深谷温泉、犀川温泉など）,1泊,,,,,,,,,新幹線,0,0,1,0,0,0,0,,0,0,0,0,5,レンタルは安くて、バスのように時刻を気にせず、また小回りが利くため大変便利でした。,,,初めて,"宿でのんびり過ごす, 地元の美味しいものを食べる, 名所、旧跡の観光, まちあるき、都市散策",1,0,1,0,1,0,0,0,0,0,1,0,0,0,0,0,0,0,"インターネット・アプリ, 観光協会等の案内所",0,0,0,0,0,0,0,0,0,0,1,0,0,0,0,0,0,0,0,0,0,1,0,0,0,,,,,,"5,000円以上 10,000円未満",,使わない,,,,,,,,,,,5,4,外で買った和菓子をいただくことができたため。外が暑かったので、涼しいところで座ってゆっくりできて良かったです。,涼しくてきれいでした。,,,,7,また行きたい（1年以内）,特になし。 美味しい和菓子です。色々なところに美味しい和菓子があり、和菓子屋さん巡りが楽しかったです。あと、出会った人がみな優しかったです。駅の観光センターの方を始め、武家屋敷の案内所や近江市場での食事屋さんや、温かく優しく接してくださいました。,金沢中央観光案内所,同意する,,,,,,,1996,,,,,,
石川,2024/06/10 13:28:02,東京都,女,1987,,300万円以上 400万円未満,親,1泊,石川県外には泊まらない,金沢エリア  （湯涌温泉、深谷温泉、犀川温泉など）,1泊,,,,,,,,,新幹線,0,0,1,0,0,0,0,,0,0,0,0,5,,,,初めて,スポーツ観戦や芸術鑑賞（コンサート等）,0,0,0,0,0,0,0,0,0,0,0,0,0,0,0,0,0,0,インターネット・アプリ,0,0,0,0,0,0,0,0,0,0,1,0,0,0,0,0,0,0,0,0,0,0,0,0,0,,,,,,"10,000円以上 20,000円未満",,使わない,,,,,,,,,,,4,4,,,,,,7,機会があれば行きたい,海鮮,金沢中央観光案内所,同意する,,,,,,,1987,,,,,,
石川,2024/06/15 11:03:30,愛知県,女,1997,,500万円以上 600万円未満,友人,2泊,石川県外には泊まらない,金沢エリア  （湯涌温泉、深谷温泉、犀川温泉など）,2泊,,,,,,,,,新幹線,0,0,1,0,0,0,0,,0,0,0,0,,,,,初めて,"地元の美味しいものを食べる, 名所、旧跡の観光, まちあるき、都市散策",0,0,1,0,1,0,0,0,0,0,1,0,0,0,0,0,0,0,"観光展・物産展, 観光パンフレット・ポスター",0,0,0,0,0,0,0,0,0,0,0,0,0,0,0,0,0,0,0,0,1,0,1,0,0,,,,,,"20,000円以上 30,000円未満",,使わない,,,,,,,,,,,5,5,,,,,,10,また行きたい（1年以内）,ひゃくまんさんグッズが可愛いのでたくさん集めたくなりました!,金沢中央観光案内所,同意する,,,,,,,1997,,,,,,
石川,2024/06/15 11:04:09,静岡県,女,1998,,400万円以上 500万円未満,友人,2泊,石川県外には泊まらない,金沢エリア  （湯涌温泉、深谷温泉、犀川温泉など）,2泊,,,,,,,,,"新幹線, 在来線",0,0,1,1,0,0,0,,0,0,0,0,4,,,,初めて,"地元の美味しいものを食べる, 名所、旧跡の観光",0,0,1,0,1,0,0,0,0,0,0,0,0,0,0,0,0,0,"インターネット・アプリ, X(旧：Twitter), Instagram",0,0,0,1,0,1,0,0,0,0,1,0,0,0,0,0,0,0,0,0,0,0,0,0,0,,,,,,"5,000円以上 10,000円未満",,使わない,,,,,,,,,,,5,5,,,,,,8,機会があれば行きたい,ひゃくまんさんが可愛い,金沢中央観光案内所,同意する,,,,,,,1998,,,,,,
石川,2024/06/17 12:40:36,石川県,女,1976,,800万円以上 900万円未満,自分ひとり,日帰り,石川県外には泊まらない,金沢エリア  （湯涌温泉、深谷温泉、犀川温泉など）,石川県内には宿泊しない,,,,,,,,,自家用車,1,0,0,0,0,0,0,,0,0,0,0,5,,,,2～5回目,お祭りやイベントへの参加・見物,0,0,0,0,0,0,0,1,0,0,0,0,0,0,0,0,0,0,"観光パンフレット・ポスター, インターネット・アプリ, Instagram",0,0,0,1,0,0,0,0,0,0,1,0,0,0,0,0,0,0,0,0,1,0,0,0,0,,,,,,使わない,,使わない,,,,,,,,,,,5,5,,,,,,10,また行きたい（1年以内）,なし,金沢中央観光案内所,同意する,,,,,,,1976,,,,,,
石川,2024/01/04 20:00:40,北海道,男,2004,,100万円未満,自分ひとり,1泊,石川県外には泊まらない,金沢エリア  （湯涌温泉、深谷温泉、犀川温泉など）,1泊,,,,,,,,,"自家用車, 在来線",1,0,0,1,0,0,0,,0,0,0,0,5,,,,初めて,"まちあるき、都市散策, 友人・親戚を訪ねる",0,0,0,0,0,0,0,0,0,0,1,0,0,0,0,0,0,0,地図アプリ,0,0,0,0,0,0,0,0,0,0,0,0,0,0,0,0,0,0,0,0,0,0,0,0,1,,,,,,使わない,,使わない,,,,,,,,,,,,4,,,,,,9,また行きたい（1年以内）,明治大正期の建築巡り 金沢は無料で入れるスポットが多く点在しており、その多くが金沢城跡周辺にあるため免許がなくても大変周遊しやすいから,長町武家屋敷休憩館,同意する,,,,足軽資料館,,,2004,,,,,,
石川,2024/01/07 12:31:31,東京都,女,1995,,400万円以上 500万円未満,恋人,4泊以上,石川県外には泊まらない,金沢エリア  （湯涌温泉、深谷温泉、犀川温泉など）,4泊以上,,,,,,,,,新幹線,0,0,1,0,0,0,0,,0,0,0,0,5,,,,初めて,"地元の美味しいものを食べる, 名所、旧跡の観光, まちあるき、都市散策",0,0,1,0,1,0,0,0,0,0,1,0,0,0,0,0,0,0,"観光パンフレット・ポスター, 観光協会等の案内所",0,0,0,0,0,0,0,0,0,0,0,0,0,0,0,0,0,0,0,0,1,1,0,0,0,,,,,,"50,000円以上 100,000円未満",,使わない,,,,,,,,,,,,5,,,,,,6,また行きたい（1年以内）,Crabs are really delicious ,長町武家屋敷休憩館,同意する,,,,,,,1995,,,,,,
石川,2024/01/16 12:08:34,兵庫県,男,1993,,800万円以上 900万円未満,夫婦2人,1泊,石川県外には泊まらない,金沢エリア  （湯涌温泉、深谷温泉、犀川温泉など）,1泊,,,,,,,,,在来線,0,0,0,1,0,0,0,,0,0,0,0,5,金沢駅に近くバスの本数が多く訪れやすいと思います。,,,初めて,"地元の美味しいものを食べる, 名所、旧跡の観光, まちあるき、都市散策",0,0,1,0,1,0,0,0,0,0,1,0,0,0,0,0,0,0,インターネット・アプリ,0,0,0,0,0,0,0,0,0,0,1,0,0,0,0,0,0,0,0,0,0,0,0,0,0,,,,,,"5,000円以上 10,000円未満",,使わない,,,,,,,,,,,,5,無料で楽しめてふらっと寄ることができた。足軽について詳しく解説している所を訪れたのは初めてだった。,スタッフの方に親切に話かけていただき、オススメスポットを教えていただいた。,,,,10,機会があれば行きたい,今回の地震で能登について良く知る機会になったので、次回訪れる時は能登に関する催し物があれば嬉しい 街の雰囲気が凄く良かったです。古い町並みを散策できて楽しかった。,長町武家屋敷休憩館,同意する,,,,,,,1993,,,,,,
石川,2024/01/20 16:31:56,東京都,男,1964,,"1,200万円以上 1,500万円未満",夫婦2人,3泊,兵庫県,金沢エリア  （湯涌温泉、深谷温泉、犀川温泉など）,2泊,,,,,,,,,"在来線, 飛行機",0,0,0,1,1,0,0,,0,0,0,0,,,,,2～5回目,"地元の美味しいものを食べる, 名所、旧跡の観光, まちあるき、都市散策",0,0,1,0,1,0,0,0,0,0,1,0,0,0,0,0,0,0,歩いていてたまたま通りかかった。,0,0,0,0,0,0,0,0,0,0,0,0,0,0,0,0,0,0,0,0,0,0,0,0,1,,,,,,"20,000円以上 30,000円未満",,使わない,,,,,,,,,,,,5,トイレに行きたかったので。,寒いなか館内が温かく良かった。,,,,10,また行きたい（1年以内）,今回の内容で満足した。 江戸時代の風情に落ち着く。,長町武家屋敷休憩館,同意する,,,,,,,1964,,,,,,
石川,2024/01/20 16:33:40,東京都,女,1966,,"1,000万円以上 1,200万円未満",夫婦2人,2泊,石川県外には泊まらない,金沢エリア  （湯涌温泉、深谷温泉、犀川温泉など）,2泊,,,,,,,,,"新幹線, 飛行機",0,0,1,0,1,0,0,,0,0,0,0,5,地震の影響かとてもすいていて、ゆっくりできた。,,,2～5回目,"地元の美味しいものを食べる, 名所、旧跡の観光",0,0,1,0,1,0,0,0,0,0,0,0,0,0,0,0,0,0,タクシードライバーや地元の人,0,0,0,0,0,0,0,0,0,0,0,0,0,0,0,0,0,0,0,1,0,0,0,0,0,,,,,,"50,000円以上 100,000円未満",,"1,000円未満",,,,,,,,,,,,5,トイレをお借りしたが、とても感じよく接していただいた。,トイレが綺麗で、展示物が読みやすかった。,,,,10,また行きたい（1年以内）,特になし 何より暖かく、ゆっくりいられること。,長町武家屋敷休憩館,同意する,,,,,,,1966,,,,,,
石川,2024/01/26 15:42:54,千葉県,女,2003,,100万円未満,恋人,2泊,石川県外には泊まらない,加賀エリア （山代温泉、山中温泉、片山津温泉、粟津温泉、辰口温泉、加賀市、小松市など）,2泊,,,,,,,,,"新幹線, 夜行バス（復路）",0,0,1,0,0,0,0,,0,0,0,0,,,,,初めて,"温泉や露天風呂, 地元の美味しいものを食べる, 花見や紅葉などの自然鑑賞, 名所、旧跡の観光, まちあるき、都市散策",0,1,1,1,1,0,0,0,0,0,1,0,0,0,0,0,0,0,歩きながら見つけた,0,0,0,0,0,0,0,0,0,0,0,0,0,0,0,0,0,0,0,0,0,0,0,0,1,,,,,,"10,000円以上 20,000円未満",,使わない,,,,,,,,,,,,3,,,,,,10,また行きたい（1年以内）,今のままでも十分満足です,長町武家屋敷休憩館,同意する,,,,,,,2003,,,,,,
石川,2024/01/29 15:22:20,神奈川県,女,1994,,"1,000万円以上 1,200万円未満",恋人,1泊,福井県,金沢エリア  （湯涌温泉、深谷温泉、犀川温泉など）,1泊,,,,,,,,,自家用車,1,0,0,0,0,0,0,,0,0,0,0,5,武家屋敷面白い,,,2～5回目,"宿でのんびり過ごす, 温泉や露天風呂",1,1,0,0,0,0,0,0,0,0,0,0,0,0,0,0,0,0,観光展・物産展,0,0,0,0,0,0,0,0,0,0,0,0,0,0,0,0,0,0,0,0,0,0,1,0,0,,,,,,"10,000円以上 20,000円未満",,"3,000円以上 5,000円未満",,,,,,,,,,,,4,,,,,,10,また行きたい（1年以内）,なし,長町武家屋敷休憩館,同意する,,,,,,,1994,,,,,,
石川,2024/02/04 10:44:01,神奈川県,女,1985,,300万円以上 400万円未満,友人,1泊,石川県外には泊まらない,金沢エリア  （湯涌温泉、深谷温泉、犀川温泉など）,1泊,,,,,,,,,新幹線,0,0,1,0,0,0,0,,0,0,0,0,5,バスの本数が多く、とても便利でした。,,,2～5回目,"地元の美味しいものを食べる, 名所、旧跡の観光",0,0,1,0,1,0,0,0,0,0,0,0,0,0,0,0,0,0,友人・知人,0,0,0,0,0,0,0,0,0,0,0,0,0,0,0,0,0,0,1,0,0,0,0,0,0,,,,,,"10,000円以上 20,000円未満",,使わない,,,,,,,,,,,,5,にし茶屋街までの行き方、獅子頭についてわかりやすく説明して下さいました,館内は暖かく、助かりました,,,,10,また行きたい（1年以内）,地のものをたくさん食べたい 街並みがとても素敵でした,長町武家屋敷休憩館,同意する,,,,にし茶屋街,,,1985,,,,,,
石川,2024/02/04 14:36:00,愛知県,男,1996,,400万円以上 500万円未満,恋人,2泊,石川県外には泊まらない,金沢エリア  （湯涌温泉、深谷温泉、犀川温泉など）,2泊,,,,,,,,,"新幹線, 在来線",0,0,1,1,0,0,0,,0,0,0,0,5,バスでも香林坊から歩いてすぐの立地にあるから。,,,初めて,"宿でのんびり過ごす, 温泉や露天風呂, 地元の美味しいものを食べる, 花見や紅葉などの自然鑑賞, 名所、旧跡の観光, テーマパーク（遊園地、動物園、博物館など）, 買い物、アウトレット",1,1,1,1,1,1,1,0,0,0,0,0,0,0,0,0,0,0,"観光展・物産展, 新聞・雑誌・ガイドブック, 観光パンフレット・ポスター, Instagram",0,0,0,1,0,0,0,0,0,0,0,0,0,0,0,0,1,0,0,0,1,0,1,0,0,,,,,,"30,000円以上 40,000円未満",,使わない,,,,,,,,,,,,5,色々な商品を見ることができるため。,色々な観光スポットを知ることができるから。,,,,9,また行きたい（1年以内）,お寿司 近江町市場　のど黒やホタテ、海老がとても美味しかったから。,長町武家屋敷休憩館,同意する,,,,県立美術館,,,1996,,,,,,
石川,2024/02/04 14:37:02,愛知県,女,1996,,"900万円以上 1,000万円未満",恋人,2泊,石川県外には泊まらない,金沢エリア  （湯涌温泉、深谷温泉、犀川温泉など）,2泊,,,,,,,,,"新幹線, 在来線",0,0,1,1,0,0,0,,0,0,0,0,4,一日乗車券を使用しました！使いやすかったです,,,初めて,"宿でのんびり過ごす, 温泉や露天風呂, 地元の美味しいものを食べる, 買い物、アウトレット",1,1,1,0,0,0,1,0,0,0,0,0,0,0,0,0,0,0,"新聞・雑誌・ガイドブック, 観光パンフレット・ポスター, インターネット・アプリ",0,0,0,0,0,0,0,0,0,0,1,0,0,0,0,0,1,0,0,0,1,0,0,0,0,,,,,,"30,000円以上 40,000円未満",,"1,000円未満",,,,,,,,,,,,4,マップが豊富にあったり、ガイドさんが紹介してくれるサービスがあること。親切に声をかけていただいたこと。,ゆったりと過ごせる空間があり、暖かく、御手洗も貸していただきました！ありがとうございます,,,,9,また行きたい（1年以内）,美味しい海鮮や、おでん、お肉や、加賀料理など豊富でとても大好きです。お土産も素敵なものが多くてたくさん買ってしまいました！ 野村家の観光、昔ながらの建物が魅力的。豪華な庭園もあり素敵でした。,長町武家屋敷休憩館,同意する,,,,,,,1996,,,,,,
石川,2024/02/07 14:46:38,兵庫県,女,1979,,800万円以上 900万円未満,夫婦2人,1泊,石川県外には泊まらない,金沢エリア  （湯涌温泉、深谷温泉、犀川温泉など）,1泊,,,,,,,,,サンダーバード,0,0,0,0,0,0,0,,0,0,0,0,3,海側のバスが本数が少なかった,,,初めて,"地元の美味しいものを食べる, 名所、旧跡の観光, サイコロ切符",0,0,1,0,1,0,0,0,0,0,0,0,0,0,0,0,0,0,インターネット・アプリ,0,0,0,0,0,0,0,0,0,0,1,0,0,0,0,0,0,0,0,0,0,0,0,0,0,,,,,,"5,000円以上 10,000円未満",,"1,000円以上 3,000円未満",,,,,,,,,,,,5,キレイで暖かい,,,,,10,機会があれば行きたい,定休日が集中してるので日程的に行けない所が多かった,長町武家屋敷休憩館,同意する,,,,どんたく(スーパーマーケット),,,1979,,,,,,
石川,2024/02/14 14:05:00,埼玉県,女,1974,,"1,500万円以上",夫婦2人,4泊以上,石川県外には泊まらない,金沢エリア  （湯涌温泉、深谷温泉、犀川温泉など）,4泊以上,,,,,,,,,新幹線,0,0,1,0,0,0,0,,0,0,0,0,,,,,初めて,"温泉や露天風呂, 地元の美味しいものを食べる, 名所、旧跡の観光, まちあるき、都市散策, 友人・親戚を訪ねる, 出張など仕事関係",0,1,1,0,1,0,0,0,0,0,1,0,0,0,0,0,1,0,観光協会等の案内所,0,0,0,0,0,0,0,0,0,0,0,0,0,0,0,0,0,0,0,0,0,1,0,0,0,,,,,,"3,000円以上 5,000円未満",,使わない,,,,,,,,,,,,4,展示品がキレイ,トイレがキレイ,,,,10,機会があれば行きたい,魚介の鮮度と美味しさ 兼六園,長町武家屋敷休憩館,同意する,,,,にし茶屋街,,,1974,,,,,,
石川,2024/02/14 14:43:28,神奈川県,男,1956,,200万円以上 300万円未満,夫婦2人,2泊,石川県外には泊まらない,金沢エリア  （湯涌温泉、深谷温泉、犀川温泉など）,2泊,,,,,,,,,新幹線,0,0,1,0,0,0,0,,0,0,0,0,,,,,初めて,名所、旧跡の観光,0,0,0,0,1,0,0,0,0,0,0,0,0,0,0,0,0,0,観光展・物産展,0,0,0,0,0,0,0,0,0,0,0,0,0,0,0,0,0,0,0,0,0,0,1,0,0,,,,,,"50,000円以上 100,000円未満",,"3,000円以上 5,000円未満",,,,,,,,,,,,5,,,,,,10,また行きたい（1年以内）,無し,長町武家屋敷休憩館,同意する,,忍者寺,,,,,1956,,,,,,
石川,2024/02/18 16:13:03,石川県,女,1985,,200万円以上 300万円未満,小学生以下連れの家族,日帰り,石川県外には泊まらない,石川県内には宿泊しない,石川県内には宿泊しない,,,,,,,,,自家用車,1,0,0,0,0,0,0,,0,0,0,0,5,,,,2～5回目,地元の美味しいものを食べる,0,0,1,0,0,0,0,0,0,0,0,0,0,0,0,0,0,0,観光展・物産展,0,0,0,0,0,0,0,0,0,0,0,0,0,0,0,0,0,0,0,0,0,0,1,0,0,,,,,,使わない,,"1,000円未満",,,,,,,,,,,,5,,,,,,10,また行きたい（1年以内）,特になし,長町武家屋敷休憩館,同意する,,,,,,,1985,,,,,,
石川,2024/02/19 21:58:56,兵庫県,女,2002,,100万円未満,恋人,2泊,石川県外には泊まらない,金沢エリア  （湯涌温泉、深谷温泉、犀川温泉など）,2泊,,,,,,,,,在来線,0,0,0,1,0,0,0,,0,0,0,0,,,,,初めて,"宿でのんびり過ごす, 地元の美味しいものを食べる, 名所、旧跡の観光, テーマパーク（遊園地、動物園、博物館など）, まちあるき、都市散策, 各種体験（手作り、果物狩りなど）",1,0,1,0,1,1,0,0,0,0,1,1,0,0,0,0,0,0,インターネット・アプリ,0,0,0,0,0,0,0,0,0,0,1,0,0,0,0,0,0,0,0,0,0,0,0,0,0,,,,,,"10,000円以上 20,000円未満",,"1,000円以上 3,000円未満",,,,,,,,,,,,5,無料で案内してもらえたし、カフェがステキだった。,案内してもらえたから,,,,8,機会があれば行きたい,十分たくさんあった カフェ,長町武家屋敷休憩館,同意する,,,,,,,2002,,,,,,
石川,2024/02/19 22:01:41,大阪府,男,2002,,100万円未満,恋人,2泊,石川県外には泊まらない,金沢エリア  （湯涌温泉、深谷温泉、犀川温泉など）,2泊,,,,,,,,,在来線,0,0,0,1,0,0,0,,0,0,0,0,4,金沢駅から意外と近かったから,,,初めて,"地元の美味しいものを食べる, 名所、旧跡の観光, まちあるき、都市散策, 各種体験（手作り、果物狩りなど）",0,0,1,0,1,0,0,0,0,0,1,1,0,0,0,0,0,0,インターネット・アプリ,0,0,0,0,0,0,0,0,0,0,1,0,0,0,0,0,0,0,0,0,0,0,0,0,0,,,,,,"10,000円以上 20,000円未満",,使わない,,,,,,,,,,,,5,ボランティアの方の案内がとても勉強になった,,,,,10,機会があれば行きたい,景色が綺麗な場所（夜景スポット） ボランティアの方の案内,長町武家屋敷休憩館,同意する,,,,,,,2002,,,,,,
石川,2024/02/22 14:55:58,東京都,男,1978,,400万円以上 500万円未満,夫婦2人,3泊,富山県,金沢エリア  （湯涌温泉、深谷温泉、犀川温泉など）,2泊,,,,,,,,,"新幹線, 飛行機",0,0,1,0,1,0,0,,0,0,0,0,5,値段も安くて、電動自転車なので楽だったため。,,,初めて,"地元の美味しいものを食べる, 名所、旧跡の観光, まちあるき、都市散策",0,0,1,0,1,0,0,0,0,0,1,0,0,0,0,0,0,0,観光協会等の案内所,0,0,0,0,0,0,0,0,0,0,0,0,0,0,0,0,0,0,0,0,0,1,0,0,0,,,,,,"5,000円以上 10,000円未満",,使わない,,,,,,,,,,,,4,とても清潔でした。,良かった。,,,,7,また行きたい（1年以内）,食べ歩き出来ると嬉しい。またそれに伴ってゴミ箱も設置していただけると助かります。 休憩するには良いところだと思いました。,長町武家屋敷休憩館,同意する,,,,,,,1978,,,,,,
石川,2024/02/23 17:45:00,新潟県,男,1998,,600万円以上 700万円未満,親,日帰り,石川県外には泊まらない,石川県内には宿泊しない,石川県内には宿泊しない,,,,,,,,,"新幹線, 旅行会社ツアーバス",0,0,1,0,0,1,0,,0,0,0,0,5,,,,初めて,宿でのんびり過ごす,1,0,0,0,0,0,0,0,0,0,0,0,0,0,0,0,0,0,観光パンフレット・ポスター,0,0,0,0,0,0,0,0,0,0,0,0,0,0,0,0,0,0,0,0,1,0,0,0,0,,,,,,"40,000円以上 50,000円未満",,"1,000円以上 3,000円未満",,,,,,,,,,,,5,,,,,,9,また行きたい（1年以内）,特に無し,長町武家屋敷休憩館,同意する,,,,,,,1998,,,,,,
石川,2024/02/29 13:15:21,福岡県,男,1981,,800万円以上 900万円未満,職場の同僚,4泊以上,石川県外には泊まらない,金沢エリア  （湯涌温泉、深谷温泉、犀川温泉など）,4泊以上,,,,,,,,,飛行機,0,0,0,0,1,0,0,,0,0,0,0,4,スムーズに来れたため,,,初めて,避難所の食事作り,0,0,0,0,0,0,0,0,0,0,0,0,0,0,0,0,0,0,たまたま通りかかった,0,0,0,0,0,0,0,0,0,0,0,0,0,0,0,0,0,0,0,0,0,0,0,0,1,,,,,,"100,000円以上",,使わない,,,,,,,,,,,,3,,説明が丁寧でした,,,,7,また行きたい（1年以内）,街の雰囲気自体が良いと思いました 歴史を知れるのは良いと思います。,長町武家屋敷休憩館,同意する,,避難所の仕事のため,,,,,1981,,,,,,
石川,2024/03/03 21:04:39,埼玉県,男,1985,,500万円以上 600万円未満,夫婦2人,4泊以上,石川県外には泊まらない,金沢エリア  （湯涌温泉、深谷温泉、犀川温泉など）,4泊以上,,,,,,,,,在来線,0,0,0,1,0,0,0,,0,0,0,0,4,,,,初めて,"地元の美味しいものを食べる, 花見や紅葉などの自然鑑賞, 名所、旧跡の観光",0,0,1,1,1,0,0,0,0,0,0,0,0,0,0,0,0,0,観光パンフレット・ポスター,0,0,0,0,0,0,0,0,0,0,0,0,0,0,0,0,0,0,0,0,1,0,0,0,0,,,,,,"30,000円以上 40,000円未満",,使わない,,,,,,,,,,,,3,,,,,,7,また行きたい（1年以内）,宿泊税があるとは知らず、ホテルでいきなり請求されたため、正直気分が良くなかった。,長町武家屋敷休憩館,同意する,,,,,,,1985,,,,,,
石川,2024/03/07 11:00:25,東京都,女,1981,,500万円以上 600万円未満,夫婦2人,4泊以上,石川県外には泊まらない,金沢エリア  （湯涌温泉、深谷温泉、犀川温泉など）,4泊以上,,,,,,,,,飛行機,0,0,0,0,1,0,0,,0,0,0,0,5,レンタサイクルはとても手軽で便利でした。,,,2～5回目,"宿でのんびり過ごす, 地元の美味しいものを食べる, 買い物、アウトレット, まちあるき、都市散策",1,0,1,0,0,0,1,0,0,0,1,0,0,0,0,0,0,0,散歩してたら見つけました。,0,0,0,0,0,0,0,0,0,0,0,0,0,0,0,0,0,0,0,0,0,0,0,0,1,,,,,,"30,000円以上 40,000円未満",,使わない,,,,,,,,,,,,5,お手洗いがあり、助かりました。ありがとうございました。,空調も効いていてホッとできました。,,,,10,また行きたい（1年以内）,健康に良い料理や食材をもっと詳しく知りたいです。 料理の美味しさ,長町武家屋敷休憩館,同意する,,,,,,,1981,,,,,,
石川,2024/03/10 16:20:19,千葉県,女,1964,,"1,000万円以上 1,200万円未満",夫婦2人,2泊,石川県外には泊まらない,金沢エリア  （湯涌温泉、深谷温泉、犀川温泉など）,2泊,,,,,,,,,飛行機,0,0,0,0,1,0,0,,0,0,0,0,,,,,初めて,"地元の美味しいものを食べる, 花見や紅葉などの自然鑑賞, 名所、旧跡の観光",0,0,1,1,1,0,0,0,0,0,0,0,0,0,0,0,0,0,"新聞・雑誌・ガイドブック, 観光パンフレット・ポスター, 観光協会等の案内所",0,0,0,0,0,0,0,0,0,0,0,0,0,0,0,0,1,0,0,0,1,1,0,0,0,,,,,,"30,000円以上 40,000円未満",,"3,000円以上 5,000円未満",,,,,,,,,,,,5,丁寧に対応してくださった。,トイレが綺麗でした。,,,,10,また行きたい（1年以内）,多少なりとも被災地支援になればと思っております。 街全体が上品で落ち着ける。,長町武家屋敷休憩館,同意する,,,,,,,1964,,,,,,
石川,2024/03/11 12:20:25,東京都,女,1965,,600万円以上 700万円未満,自分ひとり,1泊,石川県外には泊まらない,金沢エリア  （湯涌温泉、深谷温泉、犀川温泉など）,1泊,,,,,,,,,新幹線,0,0,1,0,0,0,0,,0,0,0,0,,,,,初めて,出張など仕事関係,0,0,0,0,0,0,0,0,0,0,0,0,0,0,0,0,1,0,観光パンフレット・ポスター,0,0,0,0,0,0,0,0,0,0,0,0,0,0,0,0,0,0,0,0,1,0,0,0,0,,,,,,"5,000円以上 10,000円未満",,使わない,,,,,,,,,,,,5,,気軽に声をかけてくれて、 獅子頭の話をしてくれました,,,,10,また行きたい（1年以内）,金沢の歴史のお話を聞きたいです。 長町の用水路,長町武家屋敷休憩館,同意する,,,,,,,1965,,,,,,
石川,2024/03/14 13:15:03,石川県,女,2000,,200万円以上 300万円未満,親,1泊,石川県外には泊まらない,金沢エリア  （湯涌温泉、深谷温泉、犀川温泉など）,1泊,,,,,,,,,自家用車,1,0,0,0,0,0,0,,0,0,0,0,,,,,2～5回目,"温泉や露天風呂, 地元の美味しいものを食べる, まちあるき、都市散策",0,1,1,0,0,0,0,0,0,0,1,0,0,0,0,0,0,0,インターネット・アプリ,0,0,0,0,0,0,0,0,0,0,1,0,0,0,0,0,0,0,0,0,0,0,0,0,0,,,,,,"10,000円以上 20,000円未満",,"20,000円以上 30,000円未満",,,,,,,,,,,,5,欲しい九谷焼の器をたくさん購入することができたから,トイレが綺麗,,,,10,また行きたい（1年以内）,日本酒と美味しい魚やお肉を食べることができるので、とても良い。土産物も九谷焼を中心として様々なラインナップがあり楽しめる 石川県の伝統を感じることができる,長町武家屋敷休憩館,同意する,,,,山代温泉,,,2000,,,,,,
石川,2024/03/16 15:04:10,石川県,男,1959,,600万円以上 700万円未満,夫婦2人,1泊,富山県,金沢エリア  （湯涌温泉、深谷温泉、犀川温泉など）,1泊,,,,,,,,,自家用車,1,0,0,0,0,0,0,,0,0,0,0,5,,,,2～5回目,"温泉や露天風呂, 名所、旧跡の観光",0,1,0,0,1,0,0,0,0,0,0,0,0,0,0,0,0,0,"新聞・雑誌・ガイドブック, X(旧：Twitter)",0,0,0,0,0,1,0,0,0,0,0,0,0,0,0,0,1,0,0,0,0,0,0,0,0,,,,,,"10,000円以上 20,000円未満",,"10,000円以上 20,000円未満",,,,,,,,,,,,4,,,,,,9,機会があれば行きたい,良かった,長町武家屋敷休憩館,同意する,,,,,,,1959,,,,,,
石川,2024/03/17 10:59:56,東京都,男,1957,,"1,500万円以上",夫婦2人,1泊,石川県外には泊まらない,金沢エリア  （湯涌温泉、深谷温泉、犀川温泉など）,1泊,,,,,,,,,新幹線,0,0,1,0,0,0,0,,0,0,0,0,,,,,初めて,名所、旧跡の観光,0,0,0,0,1,0,0,0,0,0,0,0,0,0,0,0,0,0,観光パンフレット・ポスター,0,0,0,0,0,0,0,0,0,0,0,0,0,0,0,0,0,0,0,0,1,0,0,0,0,,,,,,"5,000円以上 10,000円未満",,"3,000円以上 5,000円未満",,,,,,,,,,,,5,,親切な観光案内,,,,10,また行きたい（1年以内）,ノドグロ 金沢城、兼六園,長町武家屋敷休憩館,同意する,,,,,,,1957,,,,,,
石川,2024/03/20 13:29:36,東京都,男,1994,,400万円以上 500万円未満,友人,2泊,石川県外には泊まらない,金沢エリア  （湯涌温泉、深谷温泉、犀川温泉など）,2泊,,,,,,,,,新幹線,0,0,1,0,0,0,0,,0,0,0,0,,,,,6～10回目,"地元の美味しいものを食べる, 名所、旧跡の観光",0,0,1,0,1,0,0,0,0,0,0,0,0,0,0,0,0,0,友人・知人,0,0,0,0,0,0,0,0,0,0,0,0,0,0,0,0,0,0,1,0,0,0,0,0,0,,,,,,"10,000円以上 20,000円未満",,"1,000円以上 3,000円未満",,,,,,,,,,,,4,,,,,,8,また行きたい（1年以内）,雨の日でも観光できるような室内のスポットがあると良いかも知れない,長町武家屋敷休憩館,同意する,,,,,,,1994,,,,,,
石川,2024/03/20 16:50:16,群馬県,男,1995,,300万円以上 400万円未満,親,1泊,石川県外には泊まらない,金沢エリア  （湯涌温泉、深谷温泉、犀川温泉など）,1泊,,,,,,,,,自家用車,1,0,0,0,0,0,0,,0,0,0,0,,,,,初めて,名所、旧跡の観光,0,0,0,0,1,0,0,0,0,0,0,0,0,0,0,0,0,0,観光連盟やDMOのHP,0,0,0,0,0,0,0,0,0,0,0,0,0,0,0,0,0,0,0,0,0,0,0,1,0,,,,,,"30,000円以上 40,000円未満",,使わない,,,,,,,,,,,,5,金沢の歴史を知ることができました,暖かかった,,,,10,また行きたい（1年以内）,歴史を体感したいです 日本の歴史を感じれるため、外国人に勧めたい,長町武家屋敷休憩館,同意する,,,,,,,1995,,,,,,
石川,2024/03/20 17:39:35,群馬県,男,1965,,800万円以上 900万円未満,家族,1泊,石川県外には泊まらない,金沢エリア  （湯涌温泉、深谷温泉、犀川温泉など）,1泊,,,,,,,,,自家用車,1,0,0,0,0,0,0,,0,0,0,0,,,,,初めて,"宿でのんびり過ごす, 地元の美味しいものを食べる",1,0,1,0,0,0,0,0,0,0,0,0,0,0,0,0,0,0,"観光展・物産展, 観光パンフレット・ポスター, インターネット・アプリ",0,0,0,0,0,0,0,0,0,0,1,0,0,0,0,0,0,0,0,0,1,0,1,0,0,,,,,,"30,000円以上 40,000円未満",,"5,000円以上 10,000円未満",,,,,,,,,,,,4,座って休めた,座って休めた,,,,8,機会があれば行きたい,お土産買う場所がわからなくて困った 他では味わえない感じ,長町武家屋敷休憩館,同意する,,,,,,,1965,,,,,,
石川,2024/03/21 14:05:00,神奈川県,男,1994,,"1,000万円以上 1,200万円未満",夫婦2人,2泊,石川県外には泊まらない,金沢エリア  （湯涌温泉、深谷温泉、犀川温泉など）,2泊,,,,,,,,,飛行機,0,0,0,0,1,0,0,,0,0,0,0,4,普通,,,初めて,"宿でのんびり過ごす, 温泉や露天風呂, 地元の美味しいものを食べる",1,1,1,0,0,0,0,0,0,0,0,0,0,0,0,0,0,0,"観光展・物産展, インターネット・アプリ, Facebook",1,0,0,0,0,0,0,0,0,0,1,0,0,0,0,0,0,0,0,0,0,0,1,0,0,,,,,,"20,000円以上 30,000円未満",,"1,000円未満",,,,,,,,,,,,3,,,,,,6,また行きたい（1年以内）,蟹,長町武家屋敷休憩館,同意する,,,,,,,1994,,,,,,
石川,2024/03/23 13:17:43,大阪府,女,1980,,"900万円以上 1,000万円未満",恋人,1泊,石川県外には泊まらない,金沢エリア  （湯涌温泉、深谷温泉、犀川温泉など）,1泊,,,,,,,,,"新幹線, 在来線",0,0,1,1,0,0,0,,0,0,0,0,,,,,2～5回目,"宿でのんびり過ごす, 地元の美味しいものを食べる, 名所、旧跡の観光",1,0,1,0,1,0,0,0,0,0,0,0,0,0,0,0,0,0,観光パンフレット・ポスター,0,0,0,0,0,0,0,0,0,0,0,0,0,0,0,0,0,0,0,0,1,0,0,0,0,,,,,,"10,000円以上 20,000円未満",,使わない,,,,,,,,,,,,3,何も買ってないから,塩素の匂いがする,,,,6,機会があれば行きたい,情緒あふれる街並み 無料なので,長町武家屋敷休憩館,同意する,,,,,,,1980,,,,,,
石川,2024/03/23 13:54:04,埼玉県,男,2000,,100万円以上 200万円未満,恋人,1泊,石川県外には泊まらない,金沢エリア  （湯涌温泉、深谷温泉、犀川温泉など）,1泊,,,,,,,,,新幹線,0,0,1,0,0,0,0,,0,0,0,0,,,,,初めて,地元の美味しいものを食べる,0,0,1,0,0,0,0,0,0,0,0,0,0,0,0,0,0,0,通りかかった,0,0,0,0,0,0,0,0,0,0,0,0,0,0,0,0,0,0,0,0,0,0,0,0,1,,,,,,"10,000円以上 20,000円未満",,使わない,,,,,,,,,,,,3,,,,,,5,機会があれば行きたい,新鮮な海産物,長町武家屋敷休憩館,同意する,,赤玉本店,,,,,2000,,,,,,
石川,2024/03/24 13:02:38,東京都,男,1956,,400万円以上 500万円未満,夫婦2人,2泊,福井県,金沢エリア  （湯涌温泉、深谷温泉、犀川温泉など）,1泊,,,,,,,,,"レンタカー, 飛行機",0,1,0,0,1,0,0,,0,0,0,0,,,,,初めて,"温泉や露天風呂, 地元の美味しいものを食べる, テーマパーク（遊園地、動物園、博物館など）",0,1,1,0,0,1,0,0,0,0,0,0,0,0,0,0,0,0,"新聞・雑誌・ガイドブック, 観光パンフレット・ポスター",0,0,0,0,0,0,0,0,0,0,0,0,0,0,0,0,1,0,0,0,1,0,0,0,0,,,,,,"20,000円以上 30,000円未満",,使わない,,,,,,,,,,,,4,,,,,,10,また行きたい（1年以内）,今度は能登方面へ。 ホテルの丁寧な接遇。,長町武家屋敷休憩館,同意する,,,,,,,1956,,,,,,
石川,2024/03/24 13:05:14,東京都,女,1956,,500万円以上 600万円未満,夫婦2人,2泊,福井県,加賀エリア （山代温泉、山中温泉、片山津温泉、粟津温泉、辰口温泉、加賀市、小松市など）,1泊,,,,,,,,,"レンタカー, 飛行機",0,1,0,0,1,0,0,,0,0,0,0,4,歩きながら景色を見られるから,,,初めて,温泉や露天風呂,0,1,0,0,0,0,0,0,0,0,0,0,0,0,0,0,0,0,"新聞・雑誌・ガイドブック, 観光パンフレット・ポスター, インターネット・アプリ",0,0,0,0,0,0,0,0,0,0,1,0,0,0,0,0,1,0,0,0,1,0,0,0,0,,,,,,"20,000円以上 30,000円未満",,"1,000円以上 3,000円未満",,,,,,,,,,,,4,,,,,,5,また行きたい（1年以内）,甘みについて豊かな種類があり、良かった,長町武家屋敷休憩館,同意する,,お城から来ると下り道でよかった,,,,,1956,,,,,,
石川,2024/03/24 14:06:53,愛知県,女,1972,,100万円未満,夫婦2人,1泊,石川県外には泊まらない,金沢エリア  （湯涌温泉、深谷温泉、犀川温泉など）,石川県内には宿泊しない,,,,,,,,,自家用車,1,0,0,0,0,0,0,,0,0,0,0,4,バスの運転手さんの対応が、ガイドさんのようで親切でした。,,,初めて,"名所、旧跡の観光, まちあるき、都市散策",0,0,0,0,1,0,0,0,0,0,1,0,0,0,0,0,0,0,新聞・雑誌・ガイドブック,0,0,0,0,0,0,0,0,0,0,0,0,0,0,0,0,1,0,0,0,0,0,0,0,0,,,,,,"20,000円以上 30,000円未満",,"1,000円以上 3,000円未満",,,,,,,,,,,,3,あまり他と特色はないため,係の方が、気軽に話しかけてもらえました,,,,8,また行きたい（1年以内）,とくになし,長町武家屋敷休憩館,同意する,,,,,,,1972,,,,,,
石川,2024/03/26 11:02:45,岐阜県,女,1947,,100万円以上 200万円未満,友人,2泊,石川県外には泊まらない,金沢エリア  （湯涌温泉、深谷温泉、犀川温泉など）,2泊,,,,,,,,,高速バス,0,0,0,0,0,0,0,,0,0,0,0,,,,,2～5回目,まちあるき、都市散策,0,0,0,0,0,0,0,0,0,0,1,0,0,0,0,0,0,0,観光展・物産展,0,0,0,0,0,0,0,0,0,0,0,0,0,0,0,0,0,0,0,0,0,0,1,0,0,,,,,,"10,000円以上 20,000円未満",,使わない,,,,,,,,,,,,4,,,,,,10,また行きたい（1年以内）,なし 親切,長町武家屋敷休憩館,同意する,,,,,,,1947,,,,,,
石川,2024/03/27 15:21:17,愛知県,男,1958,,300万円以上 400万円未満,夫婦2人,1泊,石川県外には泊まらない,金沢エリア  （湯涌温泉、深谷温泉、犀川温泉など）,1泊,,,,,,,,,自家用車,1,0,0,0,0,0,0,,0,0,0,0,,,,,初めて,"宿でのんびり過ごす, 地元の美味しいものを食べる",1,0,1,0,0,0,0,0,0,0,0,0,0,0,0,0,0,0,通りがかり,0,0,0,0,0,0,0,0,0,0,0,0,0,0,0,0,0,0,0,0,0,0,0,0,1,,,,,,"30,000円以上 40,000円未満",,使わない,,,,,,,,,,,,3,特別に、印象にないため,特にサービスを受けてないないため,,,,6,機会があれば行きたい,特になし 九谷焼、素晴らしいので,長町武家屋敷休憩館,同意する,,金沢駅,,宿屋,,,1958,,,,,,
石川,2024/03/27 15:25:49,愛知県,女,1962,,300万円以上 400万円未満,夫婦2人,1泊,石川県外には泊まらない,金沢エリア  （湯涌温泉、深谷温泉、犀川温泉など）,1泊,,,,,,,,,自家用車,1,0,0,0,0,0,0,,0,0,0,0,,,,,初めて,"宿でのんびり過ごす, 地元の美味しいものを食べる",1,0,1,0,0,0,0,0,0,0,0,0,0,0,0,0,0,0,前を通った,0,0,0,0,0,0,0,0,0,0,0,0,0,0,0,0,0,0,0,0,0,0,0,0,1,,,,,,"30,000円以上 40,000円未満",,使わない,,,,,,,,,,,,3,特にサービスを受けていない,飾ってあるものは立派でした。,,,,10,機会があれば行きたい,まちまんさん、かわいい。 静かに回ることが出来た。,長町武家屋敷休憩館,同意する,,金沢駅,,宿屋,,,1962,,,,,,
石川,2024/03/30 22:23:14,千葉県,女,1978,,300万円以上 400万円未満,自分ひとり,4泊以上,石川県外には泊まらない,金沢エリア  （湯涌温泉、深谷温泉、犀川温泉など）,4泊以上,,,,,,,,,夜行バス,0,0,0,0,0,0,0,,0,0,0,0,,,,,初めて,"地元の美味しいものを食べる, 花見や紅葉などの自然鑑賞, 名所、旧跡の観光, まちあるき、都市散策",0,0,1,1,1,0,0,0,0,0,1,0,0,0,0,0,0,0,観光パンフレット・ポスター,0,0,0,0,0,0,0,0,0,0,0,0,0,0,0,0,0,0,0,0,1,0,0,0,0,,,,,,"50,000円以上 100,000円未満",,使わない,,,,,,,,,,,,5,ガイドさんが自分だけの為に、説明しながら歩いてくださって、自分独りでは気付けなかったものを知る事ができた。,ガイドさんもトイレも完備していてありがたい。,,,,8,機会があれば行きたい,伝統文化や工芸品作りの体験 まだ1日目なので、わかりかねます。,長町武家屋敷休憩館,同意する,,,,,,,1978,,,,,,
石川,2024/01/05 22:05:28,東京都,男,1999,,200万円以上 300万円未満,自分ひとり,1泊,岐阜県,金沢エリア  （湯涌温泉、深谷温泉、犀川温泉など）,1泊,,,,,,,,,在来線,0,0,0,1,0,0,0,,0,0,0,0,,,,,初めて,名所、旧跡の観光,0,0,0,0,1,0,0,0,0,0,0,0,0,0,0,0,0,0,観光展・物産展,0,0,0,0,0,0,0,0,0,0,0,0,0,0,0,0,0,0,0,0,0,0,1,0,0,,,,,,"3,000円以上 5,000円未満",,使わない,,,,,,,,,,,,5,,,,,,8,また行きたい（1年以内）,グルメや文化施設、加賀の発展と様々な史料を通してたくさん知ることができました。 兼六園やたくさんの美術館です。とても美しいからです。,西茶屋資料館,同意する,,,,,,,1999,,,,,,
石川,2024/01/22 20:08:29,熊本県,女,1959,,200万円以上 300万円未満,夫婦2人,3泊,石川県外には泊まらない,金沢エリア  （湯涌温泉、深谷温泉、犀川温泉など）,3泊,,,,,,,,,"新幹線, 在来線",0,0,1,1,0,0,0,,0,0,0,0,4,アクセスが良かった,,,初めて,"地元の美味しいものを食べる, 名所、旧跡の観光",0,0,1,0,1,0,0,0,0,0,0,0,0,0,0,0,0,0,観光協会等の案内所,0,0,0,0,0,0,0,0,0,0,0,0,0,0,0,0,0,0,0,0,0,1,0,0,0,,,,,,"20,000円以上 30,000円未満",,使わない,,,,,,,,,,,,3,見学する所が少ない,2階の部分をもう少し活用した方が良いとおもいます,,,,8,機会があれば行きたい,ひとつの場所で、体験が選べたら嬉しい 食べ物が美味しい,西茶屋資料館,同意する,,,,,,,1959,,,,,,
石川,2024/01/28 11:39:58,兵庫県,女,1971,,400万円以上 500万円未満,夫婦2人,1泊,石川県外には泊まらない,金沢エリア  （湯涌温泉、深谷温泉、犀川温泉など）,1泊,,,,,,,,,在来線,0,0,0,1,0,0,0,,0,0,0,0,4,あまり待たされずにバスがやってきた,,,初めて,"宿でのんびり過ごす, 温泉や露天風呂, 地元の美味しいものを食べる, 名所、旧跡の観光, まちあるき、都市散策",1,1,1,0,1,0,0,0,0,0,1,0,0,0,0,0,0,0,新聞・雑誌・ガイドブック,0,0,0,0,0,0,0,0,0,0,0,0,0,0,0,0,1,0,0,0,0,0,0,0,0,,,,,,"10,000円以上 20,000円未満",,"1,000円以上 3,000円未満",,,,,,,,,,,,4,雰囲気が良い,散策にベスト,,,,6,また行きたい（1年以内）,特になし 雰囲気が良い,西茶屋資料館,同意する,,,,金沢駅,,,1971,,,,,,
石川,2024/02/04 14:50:39,富山県,男,1969,,800万円以上 900万円未満,夫婦2人,日帰り,石川県外には泊まらない,石川県内には宿泊しない,石川県内には宿泊しない,,,,,,,,,新幹線,0,0,1,0,0,0,0,,0,0,0,0,4,便利で安い,,,2～5回目,お祭りやイベントへの参加・見物,0,0,0,0,0,0,0,1,0,0,0,0,0,0,0,0,0,0,インターネット・アプリ,0,0,0,0,0,0,0,0,0,0,1,0,0,0,0,0,0,0,0,0,0,0,0,0,0,,,,,,使わない,,"1,000円以上 3,000円未満",,,,,,,,,,,,4,とても趣きがあります,とても趣きがあります,,,,8,また行きたい（1年以内）,美味しいものを食べたい 実際に見れるので,西茶屋資料館,同意する,,,,日航金沢のイベント,,,1969,,,,,,
石川,2024/02/06 12:28:28,京都府,男,1974,,400万円以上 500万円未満,友人,日帰り,福井県,石川県内には宿泊しない,4泊以上,,,,,,,,,在来線,0,0,0,1,0,0,0,,0,0,0,0,4,,,,2～5回目,"地元の美味しいものを食べる, 名所、旧跡の観光, まちあるき、都市散策",0,0,1,0,1,0,0,0,0,0,1,0,0,0,0,0,0,0,"観光展・物産展, 観光パンフレット・ポスター, 観光連盟やDMOのHP",0,0,0,0,0,0,0,0,0,0,0,0,0,0,0,0,0,0,0,0,1,0,1,1,0,,,,,,"10,000円以上 20,000円未満",,使わない,,,,,,,,,,,,4,,,,,,7,また行きたい（1年以内）,特になし,西茶屋資料館,同意する,,,,,,,1974,,,,,,
石川,2024/02/11 16:09:47,新潟県,男,1967,,"1,000万円以上 1,200万円未満",夫婦2人,1泊,石川県外には泊まらない,金沢エリア  （湯涌温泉、深谷温泉、犀川温泉など）,1泊,,,,,,,,,自家用車,1,0,0,0,0,0,0,,0,0,0,0,3,バスの本数が少ない,,,初めて,"地元の美味しいものを食べる, 名所、旧跡の観光, まちあるき、都市散策",0,0,1,0,1,0,0,0,0,0,1,0,0,0,0,0,0,0,"新聞・雑誌・ガイドブック, 観光パンフレット・ポスター",0,0,0,0,0,0,0,0,0,0,0,0,0,0,0,0,1,0,0,0,1,0,0,0,0,,,,,,"5,000円以上 10,000円未満",,"3,000円以上 5,000円未満",,,,,,,,,,,,4,美味しかった,風情がある,,,,7,また行きたい（1年以内）,バスをわかりやすくして欲しい,西茶屋資料館,同意する,,,,香林坊,,,1967,,,,,,
石川,2024/02/15 9:50:19,新潟県,女,1996,,"900万円以上 1,000万円未満",夫婦2人,1泊,石川県外には泊まらない,金沢エリア  （湯涌温泉、深谷温泉、犀川温泉など）,1泊,,,,,,,,,自家用車,1,0,0,0,0,0,0,,0,0,0,0,5,,,,初めて,"地元の美味しいものを食べる, 名所、旧跡の観光, まちあるき、都市散策",0,0,1,0,1,0,0,0,0,0,1,0,0,0,0,0,0,0,観光展・物産展,0,0,0,0,0,0,0,0,0,0,0,0,0,0,0,0,0,0,0,0,0,0,1,0,0,,,,,,"40,000円以上 50,000円未満",,使わない,,,,,,,,,,,,5,,,,,,10,機会があれば行きたい,特になし,西茶屋資料館,同意する,,,,,,,1996,,,,,,
石川,2024/02/15 13:37:06,東京都,女,1958,,500万円以上 600万円未満,自分ひとり,日帰り,石川県外には泊まらない,石川県内には宿泊しない,石川県内には宿泊しない,,,,,,,,,飛行機,0,0,0,0,1,0,0,,0,0,0,0,,,,,初めて,"地元の美味しいものを食べる, 名所、旧跡の観光",0,0,1,0,1,0,0,0,0,0,0,0,0,0,0,0,0,0,"観光パンフレット・ポスター, 観光連盟やDMOのHP, 観光協会等の案内所",0,0,0,0,0,0,0,0,0,0,0,0,0,0,0,0,0,0,0,0,1,1,0,1,0,,,,,,使わない,,"1,000円以上 3,000円未満",,,,,,,,,,,,5,親切な人が多い,内容が充実していた,,,,10,また行きたい（1年以内）,新鮮な魚介類を安い料金で提供してほしい 食べ物、きれいな街,西茶屋資料館,同意する,,,,,,,1958,,,,,,
石川,2024/03/05 17:19:33,愛知県,男,1993,,500万円以上 600万円未満,自分ひとり,日帰り,石川県外には泊まらない,石川県内には宿泊しない,石川県内には宿泊しない,,,,,,,,,在来線,0,0,0,1,0,0,0,,0,0,0,0,4,金沢駅→西茶屋→野町駅→西金沢駅のルート使いやすかったです,,,初めて,"地元の美味しいものを食べる, 名所、旧跡の観光, まちあるき、都市散策",0,0,1,0,1,0,0,0,0,0,1,0,0,0,0,0,0,0,観光パンフレット・ポスター,0,0,0,0,0,0,0,0,0,0,0,0,0,0,0,0,0,0,0,0,1,0,0,0,0,,,,,,使わない,,使わない,,,,,,,,,,,,5,係員さんの案内はとても丁寧でした,二階の展示は良かった。芸者さんの人形などあるとより良く雰囲気など伝わるかなと思います。,,,,7,また行きたい（1年以内）,海鮮、お寿司,西茶屋資料館,同意する,,,,,,,1993,,,,,,
石川,2024/03/09 13:59:43,東京都,男,1977,,"1,500万円以上",夫婦2人,2泊,石川県外には泊まらない,金沢エリア  （湯涌温泉、深谷温泉、犀川温泉など）,2泊,,,,,,,,,新幹線,0,0,1,0,0,0,0,,0,0,0,0,4,,,,初めて,名所、旧跡の観光,0,0,0,0,1,0,0,0,0,0,0,0,0,0,0,0,0,0,観光展・物産展,0,0,0,0,0,0,0,0,0,0,0,0,0,0,0,0,0,0,0,0,0,0,1,0,0,,,,,,"10,000円以上 20,000円未満",,"1,000円以上 3,000円未満",,,,,,,,,,,,3,,,,,,5,機会があれば行きたい,特になし,西茶屋資料館,同意する,,,,,,,1977,,,,,,
石川,2024/03/09 14:00:28,東京都,女,1976,,"1,500万円以上",夫婦2人,2泊,石川県外には泊まらない,金沢エリア  （湯涌温泉、深谷温泉、犀川温泉など）,2泊,,,,,,,,,新幹線,0,0,1,0,0,0,0,,0,0,0,0,5,とても親切な方が多い,,,初めて,"宿でのんびり過ごす, 名所、旧跡の観光, 買い物、アウトレット, まちあるき、都市散策",1,0,0,0,1,0,1,0,0,0,1,0,0,0,0,0,0,0,インターネット・アプリ,0,0,0,0,0,0,0,0,0,0,1,0,0,0,0,0,0,0,0,0,0,0,0,0,0,,,,,,"40,000円以上 50,000円未満",,"3,000円以上 5,000円未満",,,,,,,,,,,,5,親切でした,のんびりできた,,,,10,また行きたい（1年以内）,輪島塗りが欲しかった,西茶屋資料館,同意する,,,,,,,1976,,,,,,
石川,2024/03/09 20:59:51,奈良県,女,1999,,200万円以上 300万円未満,友人,2泊,石川県外には泊まらない,金沢エリア  （湯涌温泉、深谷温泉、犀川温泉など）,2泊,,,,,,,,,在来線,0,0,0,1,0,0,0,,0,0,0,0,4,,,,初めて,"名所、旧跡の観光, まちあるき、都市散策",0,0,0,0,1,0,0,0,0,0,1,0,0,0,0,0,0,0,X(旧：Twitter),0,0,0,0,0,1,0,0,0,0,0,0,0,0,0,0,0,0,0,0,0,0,0,0,0,,,,,,"10,000円以上 20,000円未満",,使わない,,,,,,,,,,,,5,,,,,,10,機会があれば行きたい,特産品について無知だったので、おでんやじぶ煮、ほうじ茶などもっとプロモーションされていてもいいと思った。,西茶屋資料館,同意する,,妙立寺,,,,,1999,,,,,,
石川,2024/03/10 13:15:42,福井県,女,1967,,300万円以上 400万円未満,自分ひとり,日帰り,石川県外には泊まらない,石川県内には宿泊しない,石川県内には宿泊しない,,,,,,,,,在来線,0,0,0,1,0,0,0,,0,0,0,0,4,バス亭が近くて便利。雨だったので、助かった。,,,初めて,名所、旧跡の観光,0,0,0,0,1,0,0,0,0,0,0,0,0,0,0,0,0,0,観光パンフレット・ポスター,0,0,0,0,0,0,0,0,0,0,0,0,0,0,0,0,0,0,0,0,1,0,0,0,0,,,,,,使わない,,使わない,,,,,,,,,,,,3,購入予定がない。,展示が分かりやすく、館内が綺麗,,,,7,また行きたい（1年以内）,新鮮で、郷土色溢れる食を味わいたい 観光客があまり居ないので、ゆっくり茶屋街を観れる,西茶屋資料館,同意する,,谷口吉郎・吉生記念金沢建築館に行ってから、歩いてここに来た。,,,,,1967,,,,,,
石川,2024/03/16 12:42:48,福井県,女,1975,,400万円以上 500万円未満,夫婦2人,日帰り,石川県外には泊まらない,石川県内には宿泊しない,石川県内には宿泊しない,,,,,,,,,新幹線,0,0,1,0,0,0,0,,0,0,0,0,4,バス停が目的の名所に近かった,,,2～5回目,"名所、旧跡の観光, まちあるき、都市散策, 北陸新幹線敦賀開業で1番列車に乗りに来た",0,0,0,0,1,0,0,0,0,0,1,0,0,0,0,0,0,0,"友人・知人, 以前に利用したバス旅行でのバスガイドの案内",0,0,0,0,0,0,0,0,0,0,0,0,0,0,0,0,0,0,1,0,0,0,0,0,0,,,,,,"3,000円以上 5,000円未満",,"1,000円未満",,,,,,,,,,,,3,以前来たときよりもカフェが増えていたので気軽に中に入る事ができた,古い町並みの造りが趣があって楽しい,,,,7,また行きたい（1年以内）,特になし 繁華街片町から近いので気軽に古い町並みを訪れたい時に紹介すると思う,西茶屋資料館,同意する,,寺町妙立寺,,,,,1975,,,,,,
石川,2024/03/16 13:11:31,大阪府,女,2001,,500万円以上 600万円未満,恋人,4泊以上,石川県外には泊まらない,金沢エリア  （湯涌温泉、深谷温泉、犀川温泉など）,4泊以上,,,,,,,,,在来線,0,0,0,1,0,0,0,,0,0,0,0,4,自転車で安く、早く来れたから。,,,初めて,"宿でのんびり過ごす, 温泉や露天風呂, 地元の美味しいものを食べる, 花見や紅葉などの自然鑑賞, まちあるき、都市散策",1,1,1,1,0,0,0,0,0,0,1,0,0,0,0,0,0,0,"観光展・物産展, 新聞・雑誌・ガイドブック",0,0,0,0,0,0,0,0,0,0,0,0,0,0,0,0,1,0,0,0,0,0,1,0,0,,,,,,使わない,,使わない,,,,,,,,,,,,3,何も購入していないから,がっかりすることがなかったから,,,,8,また行きたい（1年以内）,蟹 魅力的な観光地が沢山あり、雰囲気も風情があるから。,西茶屋資料館,同意する,,,,,,,2001,,,,,,
石川,2024/03/16 22:29:06,埼玉県,女,1997,,300万円以上 400万円未満,親,2泊,石川県外には泊まらない,金沢エリア  （湯涌温泉、深谷温泉、犀川温泉など）,2泊,,,,,,,,,新幹線,0,0,1,0,0,0,0,,0,0,0,0,,,,,初めて,友人・親戚を訪ねる,0,0,0,0,0,0,0,0,0,0,0,0,0,0,0,0,0,0,"観光展・物産展, 観光パンフレット・ポスター",0,0,0,0,0,0,0,0,0,0,0,0,0,0,0,0,0,0,0,0,1,0,1,0,0,,,,,,"10,000円以上 20,000円未満",,"3,000円以上 5,000円未満",,,,,,,,,,,,3,芸妓さんの写真など欲しかった,雰囲気はよかった,,,,7,また行きたい（1年以内）,じぶに。海鮮丼 西茶屋街の豆屋さん。入りやすかった,西茶屋資料館,同意する,,,,,,,1997,,,,,,
石川,2024/03/17 12:11:58,滋賀県,男,1959,,"1,000万円以上 1,200万円未満",夫婦2人,1泊,石川県外には泊まらない,金沢エリア  （湯涌温泉、深谷温泉、犀川温泉など）,1泊,,,,,,,,,新幹線,0,0,1,0,0,0,0,,0,0,0,0,4,路線バスも直ぐに来て　動きやすかった,,,初めて,"宿でのんびり過ごす, 地元の美味しいものを食べる",1,0,1,0,0,0,0,0,0,0,0,0,0,0,0,0,0,0,"観光展・物産展, 観光パンフレット・ポスター, インターネット・アプリ",0,0,0,0,0,0,0,0,0,0,1,0,0,0,0,0,0,0,0,0,1,0,1,0,0,,,,,,"100,000円以上",,"5,000円以上 10,000円未満",,,,,,,,,,,,4,親切でした,説明もよく親切でした,,,,3,また行きたい（1年以内）,特に無し,西茶屋資料館,同意する,,,,,,,1959,,,,,,
石川,2024/03/25 15:20:26,東京都,男,1997,,600万円以上 700万円未満,自分ひとり,1泊,石川県外には泊まらない,金沢エリア  （湯涌温泉、深谷温泉、犀川温泉など）,1泊,,,,,,,,,"新幹線, 在来線",0,0,1,1,0,0,0,,0,0,0,0,2,全国ICに対応していない上、車内で五千円札等の両替を行っておらず、かなり大変な思いをしたため。,,,初めて,"名所、旧跡の観光, まちあるき、都市散策",0,0,0,0,1,0,0,0,0,0,1,0,0,0,0,0,0,0,歩いてて見つけた,0,0,0,0,0,0,0,0,0,0,0,0,0,0,0,0,0,0,0,0,0,0,0,0,1,,,,,,"5,000円以上 10,000円未満",,使わない,,,,,,,,,,,,3,音声サービスなどもあれば良いと思った。,,,,,5,どちらともいえない,街全体を使ったイベント 金沢駅のモニュメント,西茶屋資料館,同意する,,,,イオンモール白山,,,1997,,,,,,
石川,2024/03/26 7:50:33,東京都,女,1974,,100万円以上 200万円未満,中学生以下連れの家族,2泊,石川県外には泊まらない,金沢エリア  （湯涌温泉、深谷温泉、犀川温泉など）,2泊,,,,,,,,,新幹線,0,0,1,0,0,0,0,,0,0,0,0,5,ホテルから近いから　Tマークシティホテル,,,初めて,"宿でのんびり過ごす, 地元の美味しいものを食べる, 名所、旧跡の観光, まちあるき、都市散策",1,0,1,0,1,0,0,0,0,0,1,0,0,0,0,0,0,0,"観光展・物産展, インターネット・アプリ",0,0,0,0,0,0,0,0,0,0,1,0,0,0,0,0,0,0,0,0,0,0,1,0,0,,,,,,"30,000円以上 40,000円未満",,"1,000円以上 3,000円未満",,,,,,,,,,,,4,小さな商店街でしたが雰囲気がステキでした,受付の方が大変丁寧でした。中学生の息子も興味を持って見学していました。初めてなので勉強になりました。,,,,9,また行きたい（1年以内）,能登に行きたいと息子が言ってます。復興したらまた必ず東京から行きます！頑張って下さい^_^ 東京から二泊で来ましたがのんびりまわることが出来ました。金沢の街は落ち着いています。お店でたくさん食べるよりおやつ、お茶など少しづつをおすすめします。,西茶屋資料館,同意する,,,,,,,1974,,,,,,
石川,2024/03/27 14:56:23,山形県,女,1970,,"1,000万円以上 1,200万円未満",自分ひとり,2泊,石川県外には泊まらない,金沢エリア  （湯涌温泉、深谷温泉、犀川温泉など）,2泊,,,,,,,,,"自家用車, 新幹線",1,0,1,0,0,0,0,,0,0,0,0,,,,,初めて,友人・親戚を訪ねる,0,0,0,0,0,0,0,0,0,0,0,0,0,0,0,0,0,0,"新聞・雑誌・ガイドブック, インターネット・アプリ",0,0,0,0,0,0,0,0,0,0,1,0,0,0,0,0,1,0,0,0,0,0,0,0,0,,,,,,"30,000円以上 40,000円未満",,使わない,,,,,,,,,,,,4,ガイドさんに話を聞けたから,無料だから,,,,6,また行きたい（1年以内）,若干美味しいものは多いですが、料金が高いと思います。 町並みが素敵だから,西茶屋資料館,同意する,,香林坊,,金沢駅前,,,1970,,,,,,
石川,2024/03/29 11:56:54,神奈川県,女,1972,,100万円以上 200万円未満,小学生以下連れの家族,2泊,石川県外には泊まらない,金沢エリア  （湯涌温泉、深谷温泉、犀川温泉など）,2泊,,,,,,,,,新幹線,0,0,1,0,0,0,0,,0,0,0,0,,,,,初めて,宿でのんびり過ごす,1,0,0,0,0,0,0,0,0,0,0,0,0,0,0,0,0,0,"観光展・物産展, 新聞・雑誌・ガイドブック",0,0,0,0,0,0,0,0,0,0,0,0,0,0,0,0,1,0,0,0,0,0,1,0,0,,,,,,"100,000円以上",,"1,000円未満",,,,,,,,,,,,5,,,,,,8,また行きたい（1年以内）,回転寿司の安価な店があるといい,西茶屋資料館,同意する,,,,,,,1972,,,,,,
石川,2024/04/10 16:49:19,兵庫県,男,1957,,400万円以上 500万円未満,夫婦2人,2泊,富山県,金沢エリア  （湯涌温泉、深谷温泉、犀川温泉など）,1泊,,,,,,,,,新幹線,0,0,1,0,0,0,0,,0,0,0,0,,風情が守られている,,,初めて,"花見や紅葉などの自然鑑賞, まちあるき、都市散策",0,0,0,1,0,0,0,0,0,0,1,0,0,0,0,0,0,0,観光中に見つけた,0,0,0,0,0,0,0,0,0,0,0,0,0,0,0,0,0,0,0,0,0,0,0,0,1,,,,,,"5,000円以上 10,000円未満",,使わない,,,,,,,,,,,4,4,,,,,,5,また行きたい（1年以内）,特になし,西茶屋資料館,同意する,,,,,,,1957,,,,,,
石川,2024/04/14 23:48:48,神奈川県,女,1986,,500万円以上 600万円未満,夫婦2人,1泊,石川県外には泊まらない,金沢エリア  （湯涌温泉、深谷温泉、犀川温泉など）,1泊,,,,,,,,,新幹線,0,0,1,0,0,0,0,,0,0,0,0,4,周遊バスではなく路線バスだと、バス停留所の名称が観光地ではなく町名なので、そのバスに乗っていいのかがその都度運転手さんへ確認しないと分からないので。,,,初めて,"地元の美味しいものを食べる, 花見や紅葉などの自然鑑賞, 名所、旧跡の観光",0,0,1,1,1,0,0,0,0,0,0,0,0,0,0,0,0,0,新聞・雑誌・ガイドブック,0,0,0,0,0,0,0,0,0,0,0,0,0,0,0,0,1,0,0,0,0,0,0,0,0,,,,,,"5,000円以上 10,000円未満",,使わない,,,,,,,,,,,5,4,展示の内容がちょうど良い詳しさでした。,お茶屋を無料で見学できて、石川県に関する文学についても学ぶことがことができたので。,,,,10,また行きたい（1年以内）,和菓子のお土産ですが、その店のオススメを分かりやすく表示してあると嬉しいです。どれも美味しいのでしょうが、全てを買うことが出来ないのでコレは絶対買った方が良いというのが分かればありがたいです。 金沢市内は観光地が近い範囲に密集しているので観光地しやすい点。街並も綺麗で食べ物も美味しいところが好きです。,西茶屋資料館,同意する,,,,天徳院,,,1986,,,,,,
石川,2024/04/15 19:40:40,千葉県,男,1991,,"1,200万円以上 1,500万円未満",夫婦2人,1泊,石川県外には泊まらない,金沢エリア  （湯涌温泉、深谷温泉、犀川温泉など）,1泊,,,,,,,,,新幹線,0,0,1,0,0,0,0,,0,0,0,0,4,施設の近くまでシェアサイクルで移動できたから,,,初めて,"地元の美味しいものを食べる, 花見や紅葉などの自然鑑賞, 名所、旧跡の観光, まちあるき、都市散策, ドライブ・ツーリング",0,0,1,1,1,0,0,0,0,0,1,0,0,0,1,0,0,0,通りがかり,0,0,0,0,0,0,0,0,0,0,0,0,0,0,0,0,0,0,0,0,0,0,0,0,1,,,,,,"10,000円以上 20,000円未満",,使わない,,,,,,,,,,,5,4,にし茶屋街の歴史や文豪などについて、無料で知ることができた。,入館無料で、お手洗いも借りることができた。,,,,6,機会があれば行きたい,美味しい海鮮 金沢市内で食べた食事が、どこも美味しかったです！,西茶屋資料館,同意する,,薬局カフェ,,武家屋敷群,,,1991,,,,,,
石川,2024/04/23 14:32:11,京都府,女,1998,,"900万円以上 1,000万円未満",親,2泊,滋賀県,金沢エリア  （湯涌温泉、深谷温泉、犀川温泉など）,1泊,,,,,,,,,自家用車,1,0,0,0,0,0,0,,0,0,0,0,,,,,初めて,"宿でのんびり過ごす, 温泉や露天風呂, 地元の美味しいものを食べる, 名所、旧跡の観光, まちあるき、都市散策",1,1,1,0,1,0,0,0,0,0,1,0,0,0,0,0,0,0,新聞・雑誌・ガイドブック,0,0,0,0,0,0,0,0,0,0,0,0,0,0,0,0,1,0,0,0,0,0,0,0,0,,,,,,"30,000円以上 40,000円未満",,"1,000円以上 3,000円未満",,,,,,,,,,,4,4,オシャレで美味しいカフェがあった,趣のある街だった,,,,6,機会があれば行きたい,「小京都」を感じますが、京都から来た者としては若干の物足りなさも感じます。ですが、それはそれでいつもと違い良い気もしました。 妙立寺,西茶屋資料館,同意する,,妙立寺,,,,,1998,,,,,,
石川,2024/01/03 14:20:29,東京都,男,1964,,300万円以上 400万円未満,夫婦2人,3泊,石川県外には泊まらない,金沢エリア  （湯涌温泉、深谷温泉、犀川温泉など）,3泊,,,,,,,,,新幹線,0,0,1,0,0,0,0,,0,0,0,0,,,,,2～5回目,"名所、旧跡の観光, 買い物、アウトレット, スポーツ観戦や芸術鑑賞（コンサート等）, まちあるき、都市散策",0,0,0,0,1,0,1,0,0,0,1,0,0,0,0,0,0,0,"新聞・雑誌・ガイドブック, 観光パンフレット・ポスター, インターネット・アプリ",0,0,0,0,0,0,0,0,0,0,1,0,0,0,0,0,1,0,0,0,1,0,0,0,0,,,,,,"20,000円以上 30,000円未満",,"3,000円以上 5,000円未満",,,,,,,,,,,,5,丁寧に説明していただきました,良い状態で保存されてました,,,,3,また行きたい（1年以内）,今のままで。 カウントダウンコンサート,ひがし茶屋休憩館,同意する,,金沢駅,,,,,1964,,,,,,
石川,2024/01/04 13:48:25,埼玉県,女,1981,,"1,000万円以上 1,200万円未満",小学生以下連れの家族,1泊,富山県,石川県内には宿泊しない,1泊,,,,,,,,,新幹線,0,0,1,0,0,0,0,,0,0,0,0,5,,,,2～5回目,温泉や露天風呂,0,1,0,0,0,0,0,0,0,0,0,0,0,0,0,0,0,0,インターネット・アプリ,0,0,0,0,0,0,0,0,0,0,1,0,0,0,0,0,0,0,0,0,0,0,0,0,0,,,,,,使わない,,使わない,,,,,,,,,,,,3,,,,,,10,また行きたい（1年以内）,海の幸,ひがし茶屋休憩館,同意する,,,,,,,1981,,,,,,
石川,2024/02/10 15:19:38,石川県,男,1979,,600万円以上 700万円未満,自分ひとり,日帰り,石川県外には泊まらない,石川県内には宿泊しない,石川県内には宿泊しない,,,,,,,,,県外から訪れていない（石川県内在住）,0,0,0,0,0,0,0,,0,0,0,0,,,,,2～5回目,"地元の美味しいものを食べる, まちあるき、都市散策, 友人・親戚を訪ねる",0,0,1,0,0,0,0,0,0,0,1,0,0,0,0,0,0,0,友人・知人,0,0,0,0,0,0,0,0,0,0,0,0,0,0,0,0,0,0,1,0,0,0,0,0,0,,,,,,"3,000円以上 5,000円未満",,"1,000円未満",,,,,,,,,,,,3,そんなに物品もなく販売しているものが少ない,休憩出来る場所なので,,,,8,石川県在住,特になし かむかむきゃっとという雑貨屋さんと喫茶店グライダー。いい店だから,ひがし茶屋休憩館,同意する,,,,,,,1979,,,,,,
石川,2024/02/10 18:17:01,広島県,女,1984,,500万円以上 600万円未満,友人,1泊,石川県外には泊まらない,金沢エリア  （湯涌温泉、深谷温泉、犀川温泉など）,1泊,,,,,,,,,新幹線,0,0,1,0,0,0,0,,0,0,0,0,3,大阪からサンダーバードは時間がかかりました。,,,初めて,"地元の美味しいものを食べる, 名所、旧跡の観光",0,0,1,0,1,0,0,0,0,0,0,0,0,0,0,0,0,0,"新聞・雑誌・ガイドブック, インターネット・アプリ",0,0,0,0,0,0,0,0,0,0,1,0,0,0,0,0,1,0,0,0,0,0,0,0,0,,,,,,"10,000円以上 20,000円未満",,使わない,,,,,,,,,,,,5,説明が丁寧でした。,,,,,6,機会があれば行きたい,目的の飲食店が予約でいっぱいだったため、予約推奨などの案内があるとうれしい。,ひがし茶屋休憩館,同意する,,,,,,,1984,,,,,,
石川,2024/02/15 14:44:06,奈良県,男,1999,,200万円以上 300万円未満,自分ひとり,4泊以上,関西地域,金沢エリア  （湯涌温泉、深谷温泉、犀川温泉など）,4泊以上,,,,,,,,,飛行機,0,0,0,0,1,0,0,,0,0,0,0,5,一日乗車券を利用しました。とても便利です。ダイヤのズレもないし、随時バスが来ていつでも乗れました。,,,初めて,"宿でのんびり過ごす, 地元の美味しいものを食べる, 名所、旧跡の観光, テーマパーク（遊園地、動物園、博物館など）, 買い物、アウトレット, お祭りやイベントへの参加・見物, アウトドア（海水浴、釣り、登山など）, まちあるき、都市散策, 各種体験（手作り、果物狩りなど）",1,0,1,0,1,1,1,1,0,1,1,1,0,0,0,0,0,0,偶然,0,0,0,0,0,0,0,0,0,0,0,0,0,0,0,0,0,0,0,0,0,0,0,0,1,,,,,,"1,000円以上 3,000円未満",,使わない,,,,,,,,,,,,5,説明が詳しい。職員さんがやさしい,ちゃんと整ったという感じがします。環境整備に本気ですね。,,,,10,また行きたい（1年以内）,以外と石川の自慢は伝統文化ではなくて、自然豊かさだと思います。表は浜で裏側は山脈に囲まれているのが石川県の在り方です。そういう自然を積極的に活用してみればいかがですか。 年齢層に問わずに味わえる町です。親にぴったりです。,ひがし茶屋休憩館,同意する,,石川県立図書館に行ってまいりました。観光地ではないスポットが欲しがったです。,,西茶屋行きます。東と西を比べてみようかなと思ってます。,,,1999,,,,,,
石川,2024/02/18 10:05:59,福井県,女,1969,,800万円以上 900万円未満,自分ひとり,日帰り,石川県外には泊まらない,石川県内には宿泊しない,石川県内には宿泊しない,,,,,,,,,在来線,0,0,0,1,0,0,0,,0,0,0,0,,,,,2～5回目,オフ会,0,0,0,0,0,0,0,0,0,0,0,0,0,0,0,0,0,0,観光協会等の案内所,0,0,0,0,0,0,0,0,0,0,0,0,0,0,0,0,0,0,0,0,0,1,0,0,0,,,,,,使わない,,"5,000円以上 10,000円未満",,,,,,,,,,,,4,素敵な町並み,素敵な町並み,,,,10,機会があれば行きたい,特になし 素敵な町並みだから,ひがし茶屋休憩館,同意する,,,,,,,1969,,,,,,
石川,2024/02/19 10:22:31,千葉県,男,2001,,100万円以上 200万円未満,自分ひとり,4泊以上,石川県外には泊まらない,金沢エリア  （湯涌温泉、深谷温泉、犀川温泉など）,4泊以上,,,,,,,,,新幹線,0,0,1,0,0,0,0,,0,0,0,0,,,,,初めて,"地元の美味しいものを食べる, 災害ボランティア",0,0,1,0,0,0,0,0,0,0,0,0,0,0,0,0,0,0,観光展・物産展,0,0,0,0,0,0,0,0,0,0,0,0,0,0,0,0,0,0,0,0,0,0,1,0,0,,,,,,使わない,,"5,000円以上 10,000円未満",,,,,,,,,,,,5,,,,,,10,また行きたい（1年以内）,特になし,ひがし茶屋休憩館,同意する,,,,,,,2001,,,,,,
石川,2024/03/10 15:28:13,東京都,男,1977,,200万円以上 300万円未満,自分ひとり,2泊,富山県,金沢エリア  （湯涌温泉、深谷温泉、犀川温泉など）,1泊,,,,,,,,,新幹線,0,0,1,0,0,0,0,,0,0,0,0,3,,,,初めて,"宿でのんびり過ごす, 地元の美味しいものを食べる, 名所、旧跡の観光, 友人・親戚を訪ねる",1,0,1,0,1,0,0,0,0,0,0,0,0,0,0,0,0,0,インターネット・アプリ,0,0,0,0,0,0,0,0,0,0,1,0,0,0,0,0,0,0,0,0,0,0,0,0,0,,,,,,"10,000円以上 20,000円未満",,"1,000円未満",,,,,,,,,,,,4,,,,,,8,機会があれば行きたい,特になし,ひがし茶屋休憩館,同意する,,,,,,,1977,,,,,,
石川,2024/03/11 15:07:45,山梨県,男,2000,,100万円未満,自分ひとり,2泊,富山県,石川県内には宿泊しない,石川県内には宿泊しない,,,,,,,,,"新幹線, 在来線",0,0,1,1,0,0,0,,0,0,0,0,4,料金は良心的だが、バス停の案内が少し分かりにくかった。,,,初めて,名所、旧跡の観光,0,0,0,0,1,0,0,0,0,0,0,0,0,0,0,0,0,0,観光展・物産展,0,0,0,0,0,0,0,0,0,0,0,0,0,0,0,0,0,0,0,0,0,0,1,0,0,,,,,,使わない,,"1,000円未満",,,,,,,,,,,,5,久しぶりの抹茶と和菓子で美味しかった。,アクセスがよく、期待以上に美しかった。,,,,10,また行きたい（1年以内）,抹茶、和菓子 東京からのアクセスがよく、価格に合うクオリティーだから。,ひがし茶屋休憩館,同意する,,,,,,,2000,,,,,,
石川,2024/03/12 12:29:01,兵庫県,男,1999,,100万円以上 200万円未満,親,日帰り,石川県外には泊まらない,石川県内には宿泊しない,石川県内には宿泊しない,,,,,,,,,在来線,0,0,0,1,0,0,0,,0,0,0,0,5,周回バスが走っていて、快適に移動ができました！,,,初めて,"地元の美味しいものを食べる, 花見や紅葉などの自然鑑賞, 名所、旧跡の観光, テーマパーク（遊園地、動物園、博物館など）, 買い物、アウトレット, まちあるき、都市散策, 各種体験（手作り、果物狩りなど）",0,0,1,1,1,1,1,0,0,0,1,1,0,0,0,0,0,0,"新聞・雑誌・ガイドブック, インターネット・アプリ, X(旧：Twitter), Instagram",0,0,0,1,0,1,0,0,0,0,1,0,0,0,0,0,1,0,0,0,0,0,0,0,0,,,,,,使わない,,"1,000円以上 3,000円未満",,,,,,,,,,,,5,繊細で可愛らしくてついつい欲しくなるものが多かったから,囲炉裏があったり段々式の階段があったりと古き良き時代を感じられたから。,,,,0,また行きたい（1年以内）,海鮮 タイムスリップしたかのように感じられる伝統建造物保存地区の街並み,ひがし茶屋休憩館,同意する,,金沢駅,,,,,1999,,,,,,
石川,2024/03/25 13:52:32,埼玉県,女,2003,,100万円未満,恋人,2泊,石川県外には泊まらない,金沢エリア  （湯涌温泉、深谷温泉、犀川温泉など）,2泊,,,,,,,,,旅行会社ツアーバス,0,0,0,0,0,1,0,,0,0,0,0,4,,,,初めて,"宿でのんびり過ごす, 温泉や露天風呂, 地元の美味しいものを食べる, 名所、旧跡の観光",1,1,1,0,1,0,0,0,0,0,0,0,0,0,0,0,0,0,Instagram,0,0,0,1,0,0,0,0,0,0,0,0,0,0,0,0,0,0,0,0,0,0,0,0,0,,,,,,"50,000円以上 100,000円未満",,"1,000円以上 3,000円未満",,,,,,,,,,,,5,,,,,,8,また行きたい（1年以内）,特に無し,ひがし茶屋休憩館,同意する,,,,,,,2003,,,,,,
石川,2024/03/27 13:57:28,神奈川県,女,1988,,400万円以上 500万円未満,中学生以下連れの家族,2泊,石川県外には泊まらない,加賀エリア （山代温泉、山中温泉、片山津温泉、粟津温泉、辰口温泉、加賀市、小松市など）,2泊,,,,,,,,,自家用車,1,0,0,0,0,0,0,,0,0,0,0,5,,,,初めて,"温泉や露天風呂, 地元の美味しいものを食べる, 買い物、アウトレット",0,1,1,0,0,0,1,0,0,0,0,0,0,0,0,0,0,0,インターネット・アプリ,0,0,0,0,0,0,0,0,0,0,1,0,0,0,0,0,0,0,0,0,0,0,0,0,0,,,,,,"40,000円以上 50,000円未満",,"5,000円以上 10,000円未満",,,,,,,,,,,,5,,,,,,10,また行きたい（1年以内）,特になし,ひがし茶屋休憩館,同意する,,,,,,,1988,,,,,,
石川,2024/03/28 10:08:20,北海道,女,1966,,500万円以上 600万円未満,自分ひとり,4泊以上,東京,金沢エリア  （湯涌温泉、深谷温泉、犀川温泉など）,3泊,,,,,,,,,"新幹線, 飛行機",0,0,1,0,1,0,0,,0,0,0,0,4,本数が多い,,,初めて,"地元の美味しいものを食べる, 名所、旧跡の観光",0,0,1,0,1,0,0,0,0,0,0,0,0,0,0,0,0,0,インターネット・アプリ,0,0,0,0,0,0,0,0,0,0,1,0,0,0,0,0,0,0,0,0,0,0,0,0,0,,,,,,"30,000円以上 40,000円未満",,"3,000円以上 5,000円未満",,,,,,,,,,,,4,,,,,,10,機会があれば行きたい,能登牛最高,ひがし茶屋休憩館,同意する,,,,,,,1966,,,,,,
石川,2024/03/29 17:15:37,千葉県,男,2006,,"1,000万円以上 1,200万円未満",親,1泊,石川県外には泊まらない,金沢エリア  （湯涌温泉、深谷温泉、犀川温泉など）,1泊,,,,,,,,,新幹線,0,0,1,0,0,0,0,,0,0,0,0,5,,,,初めて,"温泉や露天風呂, 地元の美味しいものを食べる, 花見や紅葉などの自然鑑賞, 名所、旧跡の観光",0,1,1,1,1,0,0,0,0,0,0,0,0,0,0,0,0,0,"観光展・物産展, 新聞・雑誌・ガイドブック, TV・ラジオ番組やCM, 観光パンフレット・ポスター",0,0,0,0,0,0,0,0,0,0,0,0,0,0,1,0,1,0,0,0,1,0,1,0,0,,,,,,"40,000円以上 50,000円未満",,使わない,,,,,,,,,,,,5,休憩場所の設置やガイドさんに道などを聞けたから,趣のある形でよい,,,,8,機会があれば行きたい,特になし、今のままで十分！ 兼六園、時代を感じ心が清らかになる,ひがし茶屋休憩館,同意する,,,,,,,2006,,,,,,
石川,2024/03/30 11:30:15,新潟県,女,1995,,600万円以上 700万円未満,親,日帰り,石川県外には泊まらない,加賀エリア （山代温泉、山中温泉、片山津温泉、粟津温泉、辰口温泉、加賀市、小松市など）,1泊,,,,,,,,,自家用車,1,0,0,0,0,0,0,,0,0,0,0,,,,,初めて,"温泉や露天風呂, まちあるき、都市散策",0,1,0,0,0,0,0,0,0,0,1,0,0,0,0,0,0,0,"観光展・物産展, 新聞・雑誌・ガイドブック, インターネット・アプリ, X(旧：Twitter), Instagram",0,0,0,1,0,1,0,0,0,0,1,0,0,0,0,0,1,0,0,0,0,0,1,0,0,,,,,,"3,000円以上 5,000円未満",,"1,000円以上 3,000円未満",,,,,,,,,,,,4,ボランティアの方に建物と茶屋街を説明していただき分かりやすかったです。茶屋街の入口に各店舗マップがあるとありがたいと思いました。,上記参照,,,,7,また行きたい（1年以内）,観光巡回バスがあると良いなと思いました。既にあったとしたら気づかなかったです。 昔の街並みを友人と歩きたいから。,ひがし茶屋休憩館,同意する,,,,金沢駅,,,1995,,,,,,
石川,2024/03/30 12:33:32,京都府,男,1979,,"900万円以上 1,000万円未満",自分ひとり,日帰り,石川県外には泊まらない,石川県内には宿泊しない,石川県内には宿泊しない,,,,,,,,,"新幹線, 在来線",0,0,1,1,0,0,0,,0,0,0,0,4,本数と混み具合がちょうどいいから,,,2～5回目,"地元の美味しいものを食べる, 花見や紅葉などの自然鑑賞, 名所、旧跡の観光, 買い物、アウトレット, まちあるき、都市散策",0,0,1,1,1,0,1,0,0,0,1,0,0,0,0,0,0,0,新聞・雑誌・ガイドブック,0,0,0,0,0,0,0,0,0,0,0,0,0,0,0,0,1,0,0,0,0,0,0,0,0,,,,,,使わない,,"3,000円以上 5,000円未満",,,,,,,,,,,,5,回るサイズ感に、雰囲気のよさから,御飯も美味しいから,,,,9,機会があれば行きたい,物価高だが、観光地にしては良心価格です。満足度高い！ お食事処と雰囲気、歩き回るサイズ感の良さから,ひがし茶屋休憩館,同意する,,,,,,,1979,,,,,,
石川,2024/01/01 14:43:11,石川県,男,1958,,300万円以上 400万円未満,夫婦2人,3泊,石川県外には泊まらない,加賀エリア （山代温泉、山中温泉、片山津温泉、粟津温泉、辰口温泉、加賀市、小松市など）,3泊,,,,,,,,,新幹線,0,0,1,0,0,0,0,,0,0,0,0,5,綺麗,,,6～10回目,"温泉や露天風呂, 地元の美味しいものを食べる",0,1,1,0,0,0,0,0,0,0,0,0,0,0,0,0,0,0,観光展・物産展,0,0,0,0,0,0,0,0,0,0,0,0,0,0,0,0,0,0,0,0,0,0,1,0,0,,,,,,"20,000円以上 30,000円未満",,使わない,,,,,,,,,,,,5,,,,,,10,また行きたい（1年以内）,特になし,石川県政記念しいのき迎賓館,同意する,,,,,,,1958,,,,,,
石川,2024/01/06 14:34:42,新潟県,女,1973,,300万円以上 400万円未満,恋人,1泊,石川県外には泊まらない,金沢エリア  （湯涌温泉、深谷温泉、犀川温泉など）,1泊,,,,,,,,,新幹線,0,0,1,0,0,0,0,,0,0,0,0,4,安くて便利,,,2～5回目,"名所、旧跡の観光, まちあるき、都市散策",0,0,0,0,1,0,0,0,0,0,1,0,0,0,0,0,0,0,観光パンフレット・ポスター,0,0,0,0,0,0,0,0,0,0,0,0,0,0,0,0,0,0,0,0,1,0,0,0,0,,,,,,"10,000円以上 20,000円未満",,使わない,,,,,,,,,,,,4,,,,,,5,また行きたい（1年以内）,寿司,石川県政記念しいのき迎賓館,同意する,,,,,,,1973,,,,,,
石川,2024/01/07 12:40:16,富山県,男,1971,,"900万円以上 1,000万円未満",小学生以下連れの家族,日帰り,石川県外には泊まらない,石川県内には宿泊しない,石川県内には宿泊しない,,,,,,,,,新幹線,0,0,1,0,0,0,0,,0,0,0,0,4,新幹線のオトクなきっぷがあったから。,,,6～10回目,"買い物、アウトレット, お祭りやイベントへの参加・見物",0,0,0,0,0,0,1,1,0,0,0,0,0,0,0,0,0,0,"インターネット・アプリ, ブログ",0,0,0,0,0,0,0,0,1,0,1,0,0,0,0,0,0,0,0,0,0,0,0,0,0,,,,,,使わない,,"1,000円以上 3,000円未満",,,,,,,,,,,,2,システムトラブルでカード決済ができなかった。,美味しいレストランがある。,,,,7,機会があれば行きたい,特になし。 特になし。,石川県政記念しいのき迎賓館,同意する,,香林坊大和,,金沢百番街,,,1971,,,,,,
石川,2024/01/25 14:03:57,富山県,女,1991,,600万円以上 700万円未満,小学生以下連れの家族,日帰り,富山県,石川県内には宿泊しない,石川県内には宿泊しない,,,,,,,,,自家用車,1,0,0,0,0,0,0,,0,0,0,0,5,雪でも除雪が完璧だった,,,6～10回目,地元の美味しいものを食べる,0,0,1,0,0,0,0,0,0,0,0,0,0,0,0,0,0,0,Instagram,0,0,0,1,0,0,0,0,0,0,0,0,0,0,0,0,0,0,0,0,0,0,0,0,0,,,,,,"10,000円以上 20,000円未満",,"10,000円以上 20,000円未満",,,,,,,,,,,,5,ポールボキューズが大好き,綺麗、駐車場からぬれずにこれる,,,,8,また行きたい（1年以内）,金沢といえば兼六園とポールポキューズが我が家の定番コース。図書館も大好きです。富山にいるうちにまたきます！ 本当に美味しかったからまたきたいしみんなにも食べてもらいたい,石川県政記念しいのき迎賓館,同意する,,今回はしいのきのポールポキューズのためだけにきた,,,,,1991,,,,,,
石川,2024/01/31 16:05:28,富山県,男,1990,,600万円以上 700万円未満,小学生以下連れの家族,日帰り,石川県外には泊まらない,石川県内には宿泊しない,石川県内には宿泊しない,,,,,,,,,自家用車,1,0,0,0,0,0,0,,0,0,0,0,,,,,6～10回目,地元の美味しいものを食べる,0,0,1,0,0,0,0,0,0,0,0,0,0,0,0,0,0,0,"インターネット・アプリ, Instagram",0,0,0,1,0,0,0,0,0,0,1,0,0,0,0,0,0,0,0,0,0,0,0,0,0,,,,,,使わない,,"5,000円以上 10,000円未満",,,,,,,,,,,,5,,,,,,8,また行きたい（1年以内）,地産食材の美味しい料理,石川県政記念しいのき迎賓館,同意する,,,,,,,1990,,,,,,
石川,2024/02/03 13:24:14,石川県,男,1996,,"1,000万円以上 1,200万円未満",恋人,1泊,石川県外には泊まらない,加賀エリア （山代温泉、山中温泉、片山津温泉、粟津温泉、辰口温泉、加賀市、小松市など）,1泊,,,,,,,,,自家用車,1,0,0,0,0,0,0,,0,0,0,0,5,,,,6～10回目,"宿でのんびり過ごす, 温泉や露天風呂",1,1,0,0,0,0,0,0,0,0,0,0,0,0,0,0,0,0,友人・知人,0,0,0,0,0,0,0,0,0,0,0,0,0,0,0,0,0,0,1,0,0,0,0,0,0,,,,,,"30,000円以上 40,000円未満",,使わない,,,,,,,,,,,,4,,,,,,8,また行きたい（1年以内）,マルシェ,石川県政記念しいのき迎賓館,同意する,,,,,,,1996,,,,,,
石川,2024/02/03 13:26:22,石川県,女,1996,,400万円以上 500万円未満,恋人,1泊,石川県外には泊まらない,加賀エリア （山代温泉、山中温泉、片山津温泉、粟津温泉、辰口温泉、加賀市、小松市など）,1泊,,,,,,,,,自家用車,1,0,0,0,0,0,0,,0,0,0,0,,,,,2～5回目,"宿でのんびり過ごす, 温泉や露天風呂",1,1,0,0,0,0,0,0,0,0,0,0,0,0,0,0,0,0,友人・知人,0,0,0,0,0,0,0,0,0,0,0,0,0,0,0,0,0,0,1,0,0,0,0,0,0,,,,,,"20,000円以上 30,000円未満",,"1,000円未満",,,,,,,,,,,,5,,,,,,10,また行きたい（1年以内）,特になし,石川県政記念しいのき迎賓館,同意する,,,,,,,1996,,,,,,
石川,2024/02/12 10:49:23,大阪府,男,1992,,500万円以上 600万円未満,自分ひとり,1泊,大阪府,金沢エリア  （湯涌温泉、深谷温泉、犀川温泉など）,1泊,,,,,,,,,在来線,0,0,0,1,0,0,0,,0,0,0,0,5,のどかな街並みを見れ、美味しい寒鰤を食べれたため,,,初めて,"宿でのんびり過ごす, まちあるき、都市散策",1,0,0,0,0,0,0,0,0,0,1,0,0,0,0,0,0,0,観光展・物産展,0,0,0,0,0,0,0,0,0,0,0,0,0,0,0,0,0,0,0,0,0,0,1,0,0,,,,,,"20,000円以上 30,000円未満",,"3,000円以上 5,000円未満",,,,,,,,,,,,4,人混みが少なく綺麗なため,光のアートが大変美しかったため,,,,10,また行きたい（1年以内）,特になし 食事も景色も良いため,石川県政記念しいのき迎賓館,同意する,,西茶屋街,,,,,1992,,,,,,
石川,2024/02/12 14:39:32,石川県,男,1967,,300万円以上 400万円未満,夫婦2人,日帰り,石川県外には泊まらない,石川県内には宿泊しない,石川県内には宿泊しない,,,,,,,,,県外から訪れていない（石川県内在住）,0,0,0,0,0,0,0,,0,0,0,0,,,,,11回目以上,お祭りやイベントへの参加・見物,0,0,0,0,0,0,0,1,0,0,0,0,0,0,0,0,0,0,観光パンフレット・ポスター,0,0,0,0,0,0,0,0,0,0,0,0,0,0,0,0,0,0,0,0,1,0,0,0,0,,,,,,"1,000円未満",,使わない,,,,,,,,,,,,5,のんびりできる,ゆったりできる,,,,10,石川県在住,現実逃避 歴史的建物,石川県政記念しいのき迎賓館,同意する,,,,,,,1967,,,,,,
石川,2024/02/12 16:18:05,石川県,女,1974,,700万円以上 800万円未満,恋人,1泊,石川県外には泊まらない,金沢エリア  （湯涌温泉、深谷温泉、犀川温泉など）,1泊,,,,,,,,,新幹線,0,0,1,0,0,0,0,,0,0,0,0,5,定刻通りバスが運行されていた,,,2～5回目,"地元の美味しいものを食べる, 名所、旧跡の観光",0,0,1,0,1,0,0,0,0,0,0,0,0,0,0,0,0,0,友人・知人,0,0,0,0,0,0,0,0,0,0,0,0,0,0,0,0,0,0,1,0,0,0,0,0,0,,,,,,"10,000円以上 20,000円未満",,使わない,,,,,,,,,,,,3,,清潔感がある,,,,10,また行きたい（1年以内）,特になし いしがきが眺められのんびりできる,石川県政記念しいのき迎賓館,同意する,,,,,,,1974,,,,,,
石川,2024/02/14 13:00:10,東京都,女,1997,,400万円以上 500万円未満,職場の同僚,1泊,石川県外には泊まらない,金沢エリア  （湯涌温泉、深谷温泉、犀川温泉など）,1泊,,,,,,,,,新幹線,0,0,1,0,0,0,0,,0,0,0,0,4,主要観光地の案内があった,,,初めて,出張など仕事関係,0,0,0,0,0,0,0,0,0,0,0,0,0,0,0,0,1,0,タクシードライバーや地元の人,0,0,0,0,0,0,0,0,0,0,0,0,0,0,0,0,0,0,0,1,0,0,0,0,0,,,,,,"10,000円以上 20,000円未満",,使わない,,,,,,,,,,,,3,,免震層の見学ができたこと,,,,5,機会があれば行きたい,海鮮、カレー、酒 金沢駅,石川県政記念しいのき迎賓館,同意する,,,,四高,,,1997,,,,,,
石川,2024/02/16 14:55:40,大阪府,女,1994,,600万円以上 700万円未満,夫婦2人,1泊,石川県外には泊まらない,金沢エリア  （湯涌温泉、深谷温泉、犀川温泉など）,1泊,,,,,,,,,在来線,0,0,0,1,0,0,0,,0,0,0,0,,,,,初めて,"地元の美味しいものを食べる, 名所、旧跡の観光, まちあるき、都市散策",0,0,1,0,1,0,0,0,0,0,1,0,0,0,0,0,0,0,クリームブリュレの看板に惹かれて入ったため特になし,0,0,0,0,0,0,0,0,0,0,0,0,0,0,0,0,0,0,0,0,0,0,0,0,1,,,,,,"5,000円以上 10,000円未満",,"1,000円未満",,,,,,,,,,,,5,レストランが静かで落ち着いた時間を過ごせた,お手洗いが綺麗だった,,,,10,また行きたい（1年以内）,特になし 食べ物。海鮮や能登牛など美味しいものが食べられるため,石川県政記念しいのき迎賓館,同意する,,,,,,,1994,,,,,,
石川,2024/02/17 13:48:31,富山県,女,1985,,300万円以上 400万円未満,小学生以下連れの家族,1泊,石川県外には泊まらない,金沢エリア  （湯涌温泉、深谷温泉、犀川温泉など）,1泊,,,,,,,,,在来線,0,0,0,1,0,0,0,,0,0,0,0,,,,,2～5回目,買い物、アウトレット,0,0,0,0,0,0,1,0,0,0,0,0,0,0,0,0,0,0,特にありません,0,0,0,0,0,0,0,0,0,0,0,0,0,0,0,0,0,0,0,0,0,0,0,0,1,,,,,,"5,000円以上 10,000円未満",,"1,000円以上 3,000円未満",,,,,,,,,,,,4,1歳の子どもとゆっくり食事がとれたので。おむつ替もできて助かりました,混みすぎずゆっくりできました。,,,,8,また行きたい（1年以内）,地元の食材が使われた、なるべく無添加のもの OMO5(新しい金沢の魅力が発見できました)金沢城やしいのき迎賓館(天気が良ければ散歩が楽しめます),石川県政記念しいのき迎賓館,同意する,,新竪町商店街,,金沢城公園,,,1985,,,,,,
石川,2024/02/17 16:44:43,京都府,女,1973,,400万円以上 500万円未満,親,1泊,石川県外には泊まらない,加賀エリア （山代温泉、山中温泉、片山津温泉、粟津温泉、辰口温泉、加賀市、小松市など）,1泊,,,,,,,,,在来線,0,0,0,1,0,0,0,,0,0,0,0,4,本数がおおいので,,,初めて,"宿でのんびり過ごす, 温泉や露天風呂, 地元の美味しいものを食べる, テーマパーク（遊園地、動物園、博物館など）",1,1,1,0,0,1,0,0,0,0,0,0,0,0,0,0,0,0,インターネット・アプリ,0,0,0,0,0,0,0,0,0,0,1,0,0,0,0,0,0,0,0,0,0,0,0,0,0,,,,,,"20,000円以上 30,000円未満",,使わない,,,,,,,,,,,,4,パンフレットをいただきました,建物は素敵ですがなにもすることがないので。,,,,5,また行きたい（1年以内）,温泉と海鮮が楽しみです 海鮮がおいしかったです。,石川県政記念しいのき迎賓館,同意する,,,,,,,1973,,,,,,
石川,2024/02/17 17:59:57,東京都,男,1986,,"1,500万円以上",夫婦2人,3泊,石川県外には泊まらない,金沢エリア  （湯涌温泉、深谷温泉、犀川温泉など）,3泊,,,,,,,,,新幹線,0,0,1,0,0,0,0,,0,0,0,0,,,,,2～5回目,"宿でのんびり過ごす, 温泉や露天風呂, 地元の美味しいものを食べる, 名所、旧跡の観光",1,1,1,0,1,0,0,0,0,0,0,0,0,0,0,0,0,0,インターネット・アプリ,0,0,0,0,0,0,0,0,0,0,1,0,0,0,0,0,0,0,0,0,0,0,0,0,0,,,,,,"50,000円以上 100,000円未満",,"1,000円未満",,,,,,,,,,,,4,,,,,,5,また行きたい（1年以内）,のどぐろ,石川県政記念しいのき迎賓館,同意する,,国立工芸館,,,,,1986,,,,,,
石川,2024/02/17 18:00:15,東京都,女,1985,,"1,500万円以上",夫婦2人,3泊,石川県外には泊まらない,金沢エリア  （湯涌温泉、深谷温泉、犀川温泉など）,3泊,,,,,,,,,新幹線,0,0,1,0,0,0,0,,0,0,0,0,,,,,初めて,"温泉や露天風呂, 地元の美味しいものを食べる",0,1,1,0,0,0,0,0,0,0,0,0,0,0,0,0,0,0,インターネット・アプリ,0,0,0,0,0,0,0,0,0,0,1,0,0,0,0,0,0,0,0,0,0,0,0,0,0,,,,,,"50,000円以上 100,000円未満",,使わない,,,,,,,,,,,,4,,,,,,8,機会があれば行きたい,地元の食材を使った食事（魚、野菜、お肉なんでも美味しかったです！）,石川県政記念しいのき迎賓館,同意する,,国立工芸館,,,,,1985,,,,,,
石川,2024/02/24 14:01:43,大阪府,女,1990,,"1,500万円以上",夫婦2人,2泊,石川県外には泊まらない,金沢エリア  （湯涌温泉、深谷温泉、犀川温泉など）,2泊,,,,,,,,,在来線,0,0,0,1,0,0,0,,0,0,0,0,4,いつバスが来るかがわかりやすいため,,,初めて,"地元の美味しいものを食べる, 名所、旧跡の観光",0,0,1,0,1,0,0,0,0,0,0,0,0,0,0,0,0,0,"観光展・物産展, 観光パンフレット・ポスター, Instagram, ブログ, 友人・知人",0,0,0,1,0,0,0,0,1,0,0,0,0,0,0,0,0,0,1,0,1,0,1,0,0,,,,,,"40,000円以上 50,000円未満",,"1,000円以上 3,000円未満",,,,,,,,,,,,5,,石川県の芸術を感じられるため。また、清潔感のある施設だったため。,,,,10,また行きたい（1年以内）,星が綺麗な印象なので、星ツアーなどがあると嬉しいです。 アクセスも良く、芸術を身近に感じられるため。,石川県政記念しいのき迎賓館,同意する,,,,,,,1990,,,,,,
石川,2024/02/27 12:30:41,広島県,女,1977,,"1,500万円以上",自分ひとり,4泊以上,石川県外には泊まらない,金沢エリア  （湯涌温泉、深谷温泉、犀川温泉など）,4泊以上,,,,,,,,,飛行機,0,0,0,0,1,0,0,,0,0,0,0,5,台数もポートも多く便利,,,初めて,出張など仕事関係,0,0,0,0,0,0,0,0,0,0,0,0,0,0,0,0,1,0,友人・知人,0,0,0,0,0,0,0,0,0,0,0,0,0,0,0,0,0,0,1,0,0,0,0,0,0,,,,,,"10,000円以上 20,000円未満",,"30,000円以上 40,000円未満",,,,,,,,,,,,5,建物がすばらしい,自由に休憩できて良い,,,,4,また行きたい（1年以内）,観光客価格で高い 食べ物,石川県政記念しいのき迎賓館,同意する,,,,,,,1977,,,,,,
石川,2024/03/03 10:38:11,埼玉県,女,1955,,100万円未満,友人,1泊,石川県外には泊まらない,金沢エリア  （湯涌温泉、深谷温泉、犀川温泉など）,1泊,,,,,,,,,新幹線,0,0,1,0,0,0,0,,0,0,0,0,4,けんこう,,,初めて,"地元の美味しいものを食べる, 名所、旧跡の観光",0,0,1,0,1,0,0,0,0,0,0,0,0,0,0,0,0,0,観光展・物産展,0,0,0,0,0,0,0,0,0,0,0,0,0,0,0,0,0,0,0,0,0,0,1,0,0,,,,,,"3,000円以上 5,000円未満",,"1,000円以上 3,000円未満",,,,,,,,,,,,5,ガイドの方,時代を感じた,,,,8,また行きたい（1年以内）,なし 金沢城,石川県政記念しいのき迎賓館,同意する,,,,,,,1955,,,,,,
石川,2024/03/03 10:38:41,埼玉県,男,1963,,800万円以上 900万円未満,友人,1泊,石川県外には泊まらない,金沢エリア  （湯涌温泉、深谷温泉、犀川温泉など）,1泊,,,,,,,,,新幹線,0,0,1,0,0,0,0,,0,0,0,0,,,,,初めて,地元の美味しいものを食べる,0,0,1,0,0,0,0,0,0,0,0,0,0,0,0,0,0,0,観光パンフレット・ポスター,0,0,0,0,0,0,0,0,0,0,0,0,0,0,0,0,0,0,0,0,1,0,0,0,0,,,,,,"10,000円以上 20,000円未満",,使わない,,,,,,,,,,,,3,,,,,,10,また行きたい（1年以内）,香箱かに　能登牛 金箔貼り体験　普段出来ないので,石川県政記念しいのき迎賓館,同意する,,,,,,,1963,,,,,,
石川,2024/03/03 10:43:32,埼玉県,女,1963,,"1,200万円以上 1,500万円未満",友人,1泊,石川県外には泊まらない,金沢エリア  （湯涌温泉、深谷温泉、犀川温泉など）,1泊,,,,,,,,,新幹線,0,0,1,0,0,0,0,,0,0,0,0,,,,,初めて,"地元の美味しいものを食べる, 名所、旧跡の観光, 各種体験（手作り、果物狩りなど）",0,0,1,0,1,0,0,0,0,0,0,1,0,0,0,0,0,0,たまたま通りかかって,0,0,0,0,0,0,0,0,0,0,0,0,0,0,0,0,0,0,0,0,0,0,0,0,1,,,,,,"10,000円以上 20,000円未満",,使わない,,,,,,,,,,,,5,しいのき迎賓館の案内をして頂いた。とても良かったです。,同上,,,,10,また行きたい（1年以内）,奥能登が復興できれば良いと思います。 今まで何度も来ているか、初めて入ってガイドして頂いて、勉強になったし楽しかったです。,石川県政記念しいのき迎賓館,同意する,,,,能登牛を食べに行って金沢駅で買い物,,,1963,,,,,,
石川,2024/03/03 13:39:03,京都府,女,1963,,500万円以上 600万円未満,夫婦2人,1泊,石川県外には泊まらない,金沢エリア  （湯涌温泉、深谷温泉、犀川温泉など）,1泊,,,,,,,,,在来線,0,0,0,1,0,0,0,,0,0,0,0,,,,,11回目以上,地元の美味しいものを食べる,0,0,1,0,0,0,0,0,0,0,0,0,0,0,0,0,0,0,"新聞・雑誌・ガイドブック, 観光パンフレット・ポスター, インターネット・アプリ",0,0,0,0,0,0,0,0,0,0,1,0,0,0,0,0,1,0,0,0,1,0,0,0,0,,,,,,"10,000円以上 20,000円未満",,"1,000円未満",,,,,,,,,,,,5,,,,,,8,また行きたい（1年以内）,寿司がおいしい！,石川県政記念しいのき迎賓館,同意する,,,,,,,1963,,,,,,
石川,2024/03/04 23:24:36,石川県,女,2004,,100万円未満,友人,2泊,石川県外には泊まらない,金沢エリア  （湯涌温泉、深谷温泉、犀川温泉など）,石川県内には宿泊しない,,,,,,,,,県外から訪れていない（石川県内在住）,0,0,0,0,0,0,0,,0,0,0,0,4,本数はそれなりに揃っていて割と時間通りにくる。ただ夕方や朝方の出勤退勤の時間に重なると混んでいるため。,,,初めて,"地元の美味しいものを食べる, 名所、旧跡の観光, テーマパーク（遊園地、動物園、博物館など）, まちあるき、都市散策",0,0,1,0,1,1,0,0,0,0,1,0,0,0,0,0,0,0,バスのアナウンス,0,0,0,0,0,0,0,0,0,0,0,0,0,0,0,0,0,0,0,0,0,0,0,0,1,,,,,,使わない,,"1,000円未満",,,,,,,,,,,,3,月曜日に訪れたためレストランがやっておらず、特に商品、サービスに触れなかったため。,休憩できる場所がいくつかあったり、施設のデザインが綺麗だから。ただ、月曜に訪れたためか何をする場所なのかよくわからなかった。,,,,7,石川県在住,飲食可能な休憩場所が増えて欲しい、柚蜜サイダーと生麩が大好きなのでこれらを手頃に買えるお土産が欲しい、 夜の石垣のライトアップを休憩がてら観るのに最適な場所だったから。,石川県政記念しいのき迎賓館,同意する,,,,,,,2004,,,,,,
石川,2024/03/05 8:03:01,京都府,女,1972,,"900万円以上 1,000万円未満",友人,日帰り,日帰り,石川県内には宿泊しない,石川県内には宿泊しない,,,,,,,,,在来線,0,0,0,1,0,0,0,,0,0,0,0,,,,,初めて,地元の美味しいものを食べる,0,0,1,0,0,0,0,0,0,0,0,0,0,0,0,0,0,0,通りがかり,0,0,0,0,0,0,0,0,0,0,0,0,0,0,0,0,0,0,0,0,0,0,0,0,1,,,,,,"10,000円以上 20,000円未満",,使わない,,,,,,,,,,,,4,観光案内のパンフレットが充実している,落ち着いた空間,,,,8,機会があれば行きたい,郷土料理や特産品を楽しみたい ゆったりと過ごせる,石川県政記念しいのき迎賓館,同意する,,,,,,,1972,,,,,,
石川,2024/03/16 12:24:33,東京都,女,2004,,100万円未満,友人,4泊以上,愛知県,金沢エリア  （湯涌温泉、深谷温泉、犀川温泉など）,2泊,,,,,,,,,新幹線,0,0,1,0,0,0,0,,0,0,0,0,,,,,初めて,"温泉や露天風呂, 花見や紅葉などの自然鑑賞",0,1,0,1,0,0,0,0,0,0,0,0,0,0,0,0,0,0,友人・知人,0,0,0,0,0,0,0,0,0,0,0,0,0,0,0,0,0,0,1,0,0,0,0,0,0,,,,,,"10,000円以上 20,000円未満",,使わない,,,,,,,,,,,,5,,,,,,9,また行きたい（1年以内）,金沢おでん 街並みが綺麗で非常に落ち着く雰囲気が素敵だと思いました。,石川県政記念しいのき迎賓館,同意する,,,,,,,2004,,,,,,
石川,2024/03/16 12:25:03,東京都,女,2005,,200万円以上 300万円未満,友人,4泊以上,愛知,金沢エリア  （湯涌温泉、深谷温泉、犀川温泉など）,2泊,,,,,,,,,新幹線,0,0,1,0,0,0,0,,0,0,0,0,,,,,初めて,"宿でのんびり過ごす, 地元の美味しいものを食べる, 名所、旧跡の観光",1,0,1,0,1,0,0,0,0,0,0,0,0,0,0,0,0,0,通りすがった時に綺麗な建物だと思って入った,0,0,0,0,0,0,0,0,0,0,0,0,0,0,0,0,0,0,0,0,0,0,0,0,1,,,,,,"10,000円以上 20,000円未満",,使わない,,,,,,,,,,,,3,,,,,,7,また行きたい（1年以内）,金箔アイスや、食べ歩き、ゆったりできる雰囲気 外観がとても綺麗で中に入ってゆったりとすることができる。施設自体がとても綺麗。,石川県政記念しいのき迎賓館,同意する,,,,,,,2005,,,,,,
石川,2024/03/16 18:29:06,岡山県,男,2001,,100万円以上 200万円未満,自分ひとり,3泊,石川県外には泊まらない,金沢エリア  （湯涌温泉、深谷温泉、犀川温泉など）,3泊,,,,,,,,,"新幹線, 高速バス",0,0,1,0,0,0,0,,0,0,0,0,4,便数が多い,,,初めて,"地元の美味しいものを食べる, 名所、旧跡の観光, まちあるき、都市散策, 災害ボランティア",0,0,1,0,1,0,0,0,0,0,1,0,0,0,0,0,0,0,"新聞・雑誌・ガイドブック, インターネット・アプリ",0,0,0,0,0,0,0,0,0,0,1,0,0,0,0,0,1,0,0,0,0,0,0,0,0,,,,,,"10,000円以上 20,000円未満",,使わない,,,,,,,,,,,,4,,,,,,8,機会があれば行きたい,特になし,石川県政記念しいのき迎賓館,同意する,,,,,,,2001,,,,,,
石川,2024/04/07 12:37:13,富山県,女,1980,,800万円以上 900万円未満,小学生以下連れの家族,1泊,石川県外には泊まらない,金沢エリア  （湯涌温泉、深谷温泉、犀川温泉など）,1泊,,,,,,,,,自家用車,1,0,0,0,0,0,0,,0,0,0,0,3,,,,2～5回目,"宿でのんびり過ごす, 温泉や露天風呂, 地元の美味しいものを食べる, 花見や紅葉などの自然鑑賞",1,1,1,1,0,0,0,0,0,0,0,0,0,0,0,0,0,0,"新聞・雑誌・ガイドブック, インターネット・アプリ",0,0,0,0,0,0,0,0,0,0,1,0,0,0,0,0,1,0,0,0,0,0,0,0,0,,,,,,"100,000円以上",,"1,000円以上 3,000円未満",,,,,,,,,,,5,3,,,,,,5,また行きたい（1年以内）,ちいかわとのコラボグッズ限定品を増やしてもらいたいです 湯涌温泉百楽荘に宿泊しましたが、とても良かったから。,石川県政記念しいのき迎賓館,同意する,,,,,,,1980,,,,,,
石川,2024/04/08 21:46:32,香川県,男,2002,,200万円以上 300万円未満,自分ひとり,3泊,石川県外には泊まらない,金沢エリア  （湯涌温泉、深谷温泉、犀川温泉など）,3泊,,,,,,,,,旅行会社ツアーバス,0,0,0,0,0,1,0,,0,0,0,0,,,,,初めて,"地元の美味しいものを食べる, 名所、旧跡の観光, 買い物、アウトレット, お祭りやイベントへの参加・見物, まちあるき、都市散策, 各種体験（手作り、果物狩りなど）",0,0,1,0,1,0,1,1,0,0,1,1,0,0,0,0,0,0,X(旧：Twitter),0,0,0,0,0,1,0,0,0,0,0,0,0,0,0,0,0,0,0,0,0,0,0,0,0,,,,,,"10,000円以上 20,000円未満",,使わない,,,,,,,,,,,5,5,,,,,,10,また行きたい（1年以内）,特になし,石川県政記念しいのき迎賓館,同意する,,,,,,,2002,,,,,,
石川,2024/04/16 7:08:40,兵庫県,女,1983,,500万円以上 600万円未満,親,2泊,石川県外には泊まらない,金沢エリア  （湯涌温泉、深谷温泉、犀川温泉など）,2泊,,,,,,,,,"新幹線, 在来線",0,0,1,1,0,0,0,,0,0,0,0,5,車椅子でも気持ちよく乗せていただきました,,,初めて,"地元の美味しいものを食べる, 花見や紅葉などの自然鑑賞, 名所、旧跡の観光, 買い物、アウトレット",0,0,1,1,1,0,1,0,0,0,0,0,0,0,0,0,0,0,新聞・雑誌・ガイドブック,0,0,0,0,0,0,0,0,0,0,0,0,0,0,0,0,1,0,0,0,0,0,0,0,0,,,,,,"30,000円以上 40,000円未満",,使わない,,,,,,,,,,,5,3,特に何もなかった,もう少し中を見学できるとかかと思っていた,,,,6,機会があれば行きたい,金箔、お麩、輪島塗 固まって色々あって見学しやすい,石川県政記念しいのき迎賓館,同意する,,,,,,,1983,,,,,,
石川,2024/05/04 10:49:11,秋田県,男,1963,,300万円以上 400万円未満,自分ひとり,4泊以上,富山県,金沢エリア  （湯涌温泉、深谷温泉、犀川温泉など）,2泊,,,,,,,,,自家用車,1,0,0,0,0,0,0,,0,0,0,0,5,イベントいっぱい!!!。,,,初めて,"宿でのんびり過ごす, 地元の美味しいものを食べる, 名所、旧跡の観光, テーマパーク（遊園地、動物園、博物館など）, お祭りやイベントへの参加・見物, スポーツ観戦や芸術鑑賞（コンサート等）",1,0,1,0,1,1,0,1,0,0,0,0,0,0,0,0,0,0,観光協会等の案内所,0,0,0,0,0,0,0,0,0,0,0,0,0,0,0,0,0,0,0,0,0,1,0,0,0,,,,,,"10,000円以上 20,000円未満",,"1,000円以上 3,000円未満",,,,,,,,,,,5,5,親切に教えてくれました,同上,,,,10,また行きたい（1年以内）,美味しい 楽しい所がいっぱい,石川県政記念しいのき迎賓館,同意する,,,,,,,1963,,,,,,
石川,2024/05/05 9:44:07,兵庫県,女,1964,,"1,000万円以上 1,200万円未満",夫婦2人,3泊,石川県外には泊まらない,金沢エリア  （湯涌温泉、深谷温泉、犀川温泉など）,3泊,,,,,,,,,"自家用車, 新幹線",1,0,1,0,0,0,0,,0,0,0,0,4,朝早くて比較的空いていた,,,初めて,お祭りやイベントへの参加・見物,0,0,0,0,0,0,0,1,0,0,0,0,0,0,0,0,0,0,TV・ラジオ番組やCM,0,0,0,0,0,0,0,0,0,0,0,0,0,0,1,0,0,0,0,0,0,0,0,0,0,,,,,,使わない,,使わない,,,,,,,,,,,4,4,,,,,,7,また行きたい（1年以内）,お寿司、和菓子 九谷焼まつり,石川県政記念しいのき迎賓館,同意する,,九谷焼まつり,,,,,1964,,,,,,
石川,2024/05/05 9:55:23,石川県,男,1961,,"1,000万円以上 1,200万円未満",夫婦2人,4泊以上,石川県外には泊まらない,金沢エリア  （湯涌温泉、深谷温泉、犀川温泉など）,4泊以上,,,,,,,,,自家用車,1,0,0,0,0,0,0,,0,0,0,0,4,スムーズ,,,初めて,"温泉や露天風呂, 地元の美味しいものを食べる, 九谷茶碗まつり、山中漆器まつり",0,1,1,0,0,0,0,0,0,0,0,0,0,0,0,0,0,0,珠洲焼き展示,0,0,0,0,0,0,0,0,0,0,0,0,0,0,0,0,0,0,0,0,0,0,0,0,1,,,,,,使わない,,使わない,,,,,,,,,,,5,4,,,,,,8,石川県在住,特に無し 食事,石川県政記念しいのき迎賓館,同意する,,,,,,,1961,,,,,,
石川,2024/05/21 15:57:36,石川県,その他,2001,,100万円未満,自分ひとり,日帰り,石川県外には泊まらない,石川県内には宿泊しない,石川県内には宿泊しない,,,,,,,,,県外から訪れていない（石川県内在住）,0,0,0,0,0,0,0,,0,0,0,0,4,,,,2～5回目,"花見や紅葉などの自然鑑賞, お祭りやイベントへの参加・見物",0,0,0,1,0,0,0,1,0,0,0,0,0,0,0,0,0,0,"観光パンフレット・ポスター, 友人・知人, 観光協会等の案内所, タクシードライバーや地元の人",0,0,0,0,0,0,0,0,0,0,0,0,0,0,0,0,0,0,1,1,1,1,0,0,0,,,,,,"3,000円以上 5,000円未満",,使わない,,,,,,,,,,,4,4,,,,,,8,石川県在住,特になし,石川県政記念しいのき迎賓館,同意する,,大和,,,,,2001,,,,,,
石川,2024/05/25 17:32:11,大阪府,男,1982,,500万円以上 600万円未満,職場の同僚,4泊以上,石川県外には泊まらない,金沢エリア  （湯涌温泉、深谷温泉、犀川温泉など）,4泊以上,,,,,,,,,"新幹線, 在来線",0,0,1,1,0,0,0,,0,0,0,0,,,,,初めて,出張など仕事関係,0,0,0,0,0,0,0,0,0,0,0,0,0,0,0,0,1,0,インターネット・アプリ,0,0,0,0,0,0,0,0,0,0,1,0,0,0,0,0,0,0,0,0,0,0,0,0,0,,,,,,"100,000円以上",,使わない,,,,,,,,,,,3,3,,,,,,5,機会があれば行きたい,治部煮、寿司 美術館、博物館,石川県政記念しいのき迎賓館,同意する,,,,,,,1982,,,,,,
石川,2024/01/09 23:40:01,福岡県,女,1983,,200万円以上 300万円未満,自分ひとり,4泊以上,石川県外には泊まらない,金沢エリア  （湯涌温泉、深谷温泉、犀川温泉など）,4泊以上,,,,,,,,,"レンタカー, 飛行機",0,1,0,0,1,0,0,,0,0,0,0,4,レンタカー屋さんがとても親切だった,,,初めて,"地元の美味しいものを食べる, 名所、旧跡の観光, 出張など仕事関係",0,0,1,0,1,0,0,0,0,0,0,0,0,0,0,0,1,0,"新聞・雑誌・ガイドブック, Instagram, 友人・知人",0,0,0,1,0,0,0,0,0,0,0,0,0,0,0,0,1,0,1,0,0,0,0,0,0,,,,,,"30,000円以上 40,000円未満",,"3,000円以上 5,000円未満",,,,,,,,,,,,5,窓口の方が丁寧,音楽はもちろん、アクセスよく、美術館のような素敵な建物、待ち時間も展示が見れて。邦楽ホールの雰囲気も良かった,,,,7,また行きたい（1年以内）,加賀友禅を着て和風写真とりたい、美味しいお寿司、ききちゃ 観光地の雰囲気と繊細なお菓子,石川県立音楽堂,同意する,,,,,,,1983,,,,,,
石川,2024/02/06 17:48:53,東京都,男,1958,,400万円以上 500万円未満,自分ひとり,4泊以上,富山県,金沢エリア  （湯涌温泉、深谷温泉、犀川温泉など）,1泊,,,,,,,,,新幹線,0,0,1,0,0,0,0,,0,0,0,0,,,,,2～5回目,スポーツ観戦や芸術鑑賞（コンサート等）,0,0,0,0,0,0,0,0,0,0,0,0,0,0,0,0,0,0,インターネット・アプリ,0,0,0,0,0,0,0,0,0,0,1,0,0,0,0,0,0,0,0,0,0,0,0,0,0,,,,,,"5,000円以上 10,000円未満",,"5,000円以上 10,000円未満",,,,,,,,,,,,4,チケットセンターがよく対応してくれた,休む場所がある,,,,10,また行きたい（1年以内）,ゆっくり食事ができる 良い催し,石川県立音楽堂,同意する,,金沢駅,,ホテル,,,1958,,,,,,
石川,2024/02/10 13:39:41,大阪府,女,1966,,"1,000万円以上 1,200万円未満",友人,2泊,東京,金沢エリア  （湯涌温泉、深谷温泉、犀川温泉など）,1泊,,,,,,,,,在来線,0,0,0,1,0,0,0,,0,0,0,0,5,サンダーバードで直通だから,,,初めて,地元の美味しいものを食べる,0,0,1,0,0,0,0,0,0,0,0,0,0,0,0,0,0,0,友人・知人,0,0,0,0,0,0,0,0,0,0,0,0,0,0,0,0,0,0,1,0,0,0,0,0,0,,,,,,"5,000円以上 10,000円未満",,"1,000円以上 3,000円未満",,,,,,,,,,,,5,とても興味深い体験だった,とても静かで落ち着いた雰囲気,,,,10,また行きたい（1年以内）,予約なしでも入れるお店がもっとあれば ホスピタリティ,石川県立音楽堂,同意する,,,,,,,1966,,,,,,
石川,2024/02/10 13:43:24,京都府,女,1966,,400万円以上 500万円未満,友人,1泊,石川県外には泊まらない,金沢エリア  （湯涌温泉、深谷温泉、犀川温泉など）,1泊,,,,,,,,,新幹線,0,0,1,0,0,0,0,,0,0,0,0,,,,,初めて,友人・親戚を訪ねる,0,0,0,0,0,0,0,0,0,0,0,0,0,0,0,0,0,0,友人・知人,0,0,0,0,0,0,0,0,0,0,0,0,0,0,0,0,0,0,1,0,0,0,0,0,0,,,,,,"5,000円以上 10,000円未満",,"1,000円以上 3,000円未満",,,,,,,,,,,,5,雰囲気自体よかった,絨毯、壁などなど,,,,10,また行きたい（1年以内）,特になし ご飯が美味しかった,石川県立音楽堂,同意する,,到着がすぐにきた,,友人宅へ行く,,,1966,,,,,,
石川,2024/02/18 16:02:29,石川県,女,1960,,400万円以上 500万円未満,姉妹,日帰り,石川県外には泊まらない,石川県内には宿泊しない,石川県内には宿泊しない,,,,,,,,,自家用車,1,0,0,0,0,0,0,,0,0,0,0,,,,,11回目以上,姉妹,0,0,0,0,0,0,0,0,0,0,0,0,0,0,0,0,0,0,新聞・雑誌・ガイドブック,0,0,0,0,0,0,0,0,0,0,0,0,0,0,0,0,1,0,0,0,0,0,0,0,0,,,,,,使わない,,"1,000円以上 3,000円未満",,,,,,,,,,,,4,職員が礼儀正しい,職員が礼儀正しい,,,,8,また行きたい（1年以内）,とくになし 石川県の財産だから知って欲しい,石川県立音楽堂,同意する,,石川県立図書館,,石川県立図書,,,1960,,,,,,
石川,2024/02/22 21:13:03,石川県,女,2001,,800万円以上 900万円未満,親,日帰り,石川県外には泊まらない,石川県内には宿泊しない,石川県内には宿泊しない,,,,,,,,,県外から訪れていない（石川県内在住）,0,0,0,0,0,0,0,,0,0,0,0,,,,,11回目以上,スポーツ観戦や芸術鑑賞（コンサート等）,0,0,0,0,0,0,0,0,0,0,0,0,0,0,0,0,0,0,友人・知人,0,0,0,0,0,0,0,0,0,0,0,0,0,0,0,0,0,0,1,0,0,0,0,0,0,,,,,,使わない,,"5,000円以上 10,000円未満",,,,,,,,,,,,5,,,,,,10,石川県在住,特になし,石川県立音楽堂,同意する,,,,,,,2001,,,,,,
石川,2024/03/17 7:09:17,石川県,女,1996,,700万円以上 800万円未満,小学生以下連れの家族,日帰り,石川県外には泊まらない,石川県内には宿泊しない,石川県内には宿泊しない,,,,,,,,,在来線,0,0,0,1,0,0,0,,0,0,0,0,2,金沢駅のホームに登るエレベーターがわかりずらい。2番ホームに行きたかったけど新幹線のエレベーターに乗ってしまいわからなくなった。,,,6～10回目,お祭りやイベントへの参加・見物,0,0,0,0,0,0,0,1,0,0,0,0,0,0,0,0,0,0,"新聞・雑誌・ガイドブック, 観光パンフレット・ポスター, X(旧：Twitter)",0,0,0,0,0,1,0,0,0,0,0,0,0,0,0,0,1,0,0,0,1,0,0,0,0,,,,,,使わない,,使わない,,,,,,,,,,,,4,授乳室を貸してくれた。,今日の催しが何なのか少しわかりずらかった,,,,5,また行きたい（1年以内）,金沢駅はデザイン的で映えるけど七尾駅は地味。もっと伝統的で美しい駅になってほしい。 金沢駅 金沢駅周辺でたくさんイベントやコンサートを楽しめたので、もっと他の人たちとも共有したくなりました,石川県立音楽堂,同意する,,,,,,,1996,,,,,,
石川,2024/05/11 17:45:29,鳥取県,女,1988,,500万円以上 600万円未満,自分ひとり,4泊以上,石川県外には泊まらない,金沢エリア  （湯涌温泉、深谷温泉、犀川温泉など）,4泊以上,,,,,,,,,新幹線,0,0,1,0,0,0,0,,0,0,0,0,,,,,初めて,"名所、旧跡の観光, 出張など仕事関係, 美術館",0,0,0,0,1,0,0,0,0,0,0,0,0,0,0,0,1,0,学会会場,0,0,0,0,0,0,0,0,0,0,0,0,0,0,0,0,0,0,0,0,0,0,0,0,1,,,,,,"30,000円以上 40,000円未満",,使わない,,,,,,,,,,,5,3,,,,,,7,機会があれば行きたい,美術館パスの参加施設を増やしてほしい 食事が美味しく、伝統工芸品と美術、成巽閣が魅力的,石川県立音楽堂,同意する,,,,成巽閣、石川県立美術館、大樋美術館,,,1988,,,,,,
石川,2024/03/17 11:05:42,石川県,男,1960,,500万円以上 600万円未満,夫婦2人,日帰り,石川県外には泊まらない,石川県内には宿泊しない,石川県内には宿泊しない,,,,,,,,,在来線,0,0,0,1,0,0,0,,0,0,0,0,4,観光地がまとまっている,,,2～5回目,名所、旧跡の観光,0,0,0,0,1,0,0,0,0,0,0,0,0,0,0,0,0,0,観光パンフレット・ポスター,0,0,0,0,0,0,0,0,0,0,0,0,0,0,0,0,0,0,0,0,1,0,0,0,0,,,,,,"3,000円以上 5,000円未満",,使わない,,,,,,,,,,,,5,休憩スペースが充実,落ち着いたデザイン,,,,10,また行きたい（1年以内）,交通機関の充実 まとまった観光地,石川県立図書館,同意する,,,,,,,1960,,,,,,
石川,2024/03/20 11:22:00,石川県,男,1978,,600万円以上 700万円未満,自分ひとり,日帰り,石川県外には泊まらない,金沢エリア  （湯涌温泉、深谷温泉、犀川温泉など）,4泊以上,,,,,,,,,自家用車,1,0,0,0,0,0,0,,0,0,0,0,,素敵な図書館でした,,,11回目以上,出張など仕事関係,0,0,0,0,0,0,0,0,0,0,0,0,0,0,0,0,1,0,観光パンフレット・ポスター,0,0,0,0,0,0,0,0,0,0,0,0,0,0,0,0,0,0,0,0,1,0,0,0,0,,,,,,使わない,,"1,000円以上 3,000円未満",,,,,,,,,,,,5,カフェも良かった,素敵な図書館でした,,,,10,石川県在住,近江町市場は飲食費が高い 日本でもここにしか無い図書館でした,石川県立図書館,同意する,,,,,,,1978,,,,,,
石川,2024/03/23 13:40:13,石川県,その他,1980,,200万円以上 300万円未満,自分ひとり,日帰り,岐阜県,石川県内には宿泊しない,石川県内には宿泊しない,,,,,,,,,県外から訪れていない（石川県内在住）,0,0,0,0,0,0,0,,0,0,0,0,3,,,,2～5回目,温泉や露天風呂,0,1,0,0,0,0,0,0,0,0,0,0,0,0,0,0,0,0,X(旧：Twitter),0,0,0,0,0,1,0,0,0,0,0,0,0,0,0,0,0,0,0,0,0,0,0,0,0,,,,,,使わない,,使わない,,,,,,,,,,,,4,,,,,,10,石川県在住,おいしい海産物,石川県立図書館,同意する,,,,,,,1980,,,,,,
石川,2024/01/20 13:21:12,東京都,女,1998,,500万円以上 600万円未満,自分ひとり,日帰り,石川県外には泊まらない,石川県内には宿泊しない,石川県内には宿泊しない,,,,,,,,,自家用車,1,0,0,0,0,0,0,,0,0,0,0,,,,,2～5回目,名所、旧跡の観光,0,0,0,0,1,0,0,0,0,0,0,0,0,0,0,0,0,0,観光パンフレット・ポスター,0,0,0,0,0,0,0,0,0,0,0,0,0,0,0,0,0,0,0,0,1,0,0,0,0,,,,,,使わない,,"1,000円未満",,,,,,,,,,,,4,レディーガガが見られた,,,,,5,機会があれば行きたい,特になし キティがいい,石川県立歴史博物館,同意する,,,,片町飲み,,,1998,,,,,,
石川,2024/02/04 11:14:52,石川県,女,1998,,"1,200万円以上 1,500万円未満",友人,1泊,石川県外には泊まらない,金沢エリア  （湯涌温泉、深谷温泉、犀川温泉など）,1泊,,,,,,,,,自家用車,1,0,0,0,0,0,0,,0,0,0,0,,,,,初めて,地元の美味しいものを食べる,0,0,1,0,0,0,0,0,0,0,0,0,0,0,0,0,0,0,観光展・物産展,0,0,0,0,0,0,0,0,0,0,0,0,0,0,0,0,0,0,0,0,0,0,1,0,0,,,,,,"10,000円以上 20,000円未満",,"1,000円以上 3,000円未満",,,,,,,,,,,,5,キティちゃんの歴史をじっくり見れた,,,,,10,石川県在住,体を動かして体験できたりするもの,石川県立歴史博物館,同意する,,,,,,,1998,,,,,,
石川,2024/02/15 14:21:58,石川県,女,1990,,300万円以上 400万円未満,親,1泊,石川県外には泊まらない,金沢エリア  （湯涌温泉、深谷温泉、犀川温泉など）,1泊,,,,,,,,,県外から訪れていない（石川県内在住）,0,0,0,0,0,0,0,,0,0,0,0,4,バス停から近かったので,,,2～5回目,スポーツ観戦や芸術鑑賞（コンサート等）,0,0,0,0,0,0,0,0,0,0,0,0,0,0,0,0,0,0,観光パンフレット・ポスター,0,0,0,0,0,0,0,0,0,0,0,0,0,0,0,0,0,0,0,0,1,0,0,0,0,,,,,,"10,000円以上 20,000円未満",,使わない,,,,,,,,,,,,4,サンリオ展のグッズが充実していたから,建物の外観も館内も素敵だったから,,,,10,石川県在住,特になし 歴史のある建物と見応えのあるサンリオ展,石川県立歴史博物館,同意する,,,,,,,1990,,,,,,
石川,2024/02/15 16:42:08,大阪府,女,1999,,300万円以上 400万円未満,恋人,1泊,石川県外には泊まらない,金沢エリア  （湯涌温泉、深谷温泉、犀川温泉など）,1泊,,,,,,,,,在来線,0,0,0,1,0,0,0,,0,0,0,0,,,,,初めて,"名所、旧跡の観光, スポーツ観戦や芸術鑑賞（コンサート等）, まちあるき、都市散策",0,0,0,0,1,0,0,0,0,0,1,0,0,0,0,0,0,0,"観光パンフレット・ポスター, 観光連盟やDMOのHP, インターネット・アプリ",0,0,0,0,0,0,0,0,0,0,1,0,0,0,0,0,0,0,0,0,1,0,0,1,0,,,,,,"5,000円以上 10,000円未満",,"1,000円未満",,,,,,,,,,,,4,美術品の間隔が広かったので集中して見やすかった。,職員さんも丁寧で施設も綺麗だった。,,,,9,機会があれば行きたい,金箔ソフトをもっと色々な店で提供して欲しい。,石川県立歴史博物館,同意する,,,,,,,1999,,,,,,
石川,2024/02/19 15:57:32,長野県,男,1988,,600万円以上 700万円未満,小学生以下連れの家族,4泊以上,石川県外には泊まらない,金沢エリア  （湯涌温泉、深谷温泉、犀川温泉など）,1泊,,,,,,,,,自家用車,1,0,0,0,0,0,0,,0,0,0,0,4,美味,,,2～5回目,出張など仕事関係,0,0,0,0,0,0,0,0,0,0,0,0,0,0,0,0,1,0,"観光展・物産展, 友人・知人, 観光協会等の案内所, タクシードライバーや地元の人",0,0,0,0,0,0,0,0,0,0,0,0,0,0,0,0,0,0,1,1,0,1,1,0,0,,,,,,"20,000円以上 30,000円未満",,"40,000円以上 50,000円未満",,,,,,,,,,,,4,対応が丁寧,サンリオがキレイな建物に展示されている,,,,7,機会があれば行きたい,美味 サンリオ,石川県立歴史博物館,同意する,,,,,,,1988,,,,,,
石川,2024/02/21 10:49:01,富山県,女,2001,,"1,000万円以上 1,200万円未満",友人,日帰り,富山県,石川県内には宿泊しない,石川県内には宿泊しない,,,,,,,,,自家用車,1,0,0,0,0,0,0,,0,0,0,0,,,,,初めて,"テーマパーク（遊園地、動物園、博物館など）, 買い物、アウトレット",0,0,0,0,0,1,1,0,0,0,0,0,0,0,0,0,0,0,観光展・物産展,0,0,0,0,0,0,0,0,0,0,0,0,0,0,0,0,0,0,0,0,0,0,1,0,0,,,,,,使わない,,"1,000円以上 3,000円未満",,,,,,,,,,,,4,,,,,,9,また行きたい（1年以内）,美味しいものが食べられること,石川県立歴史博物館,同意する,,そらみそ,,,,,2001,,,,,,
石川,2024/02/21 15:56:33,兵庫県,男,1964,,500万円以上 600万円未満,夫婦2人,1泊,石川県外には泊まらない,金沢エリア  （湯涌温泉、深谷温泉、犀川温泉など）,1泊,,,,,,,,,在来線,0,0,0,1,0,0,0,,0,0,0,0,,,,,初めて,"名所、旧跡の観光, まちあるき、都市散策",0,0,0,0,1,0,0,0,0,0,1,0,0,0,0,0,0,0,"観光展・物産展, 観光協会等の案内所",0,0,0,0,0,0,0,0,0,0,0,0,0,0,0,0,0,0,0,0,0,1,1,0,0,,,,,,"10,000円以上 20,000円未満",,"1,000円未満",,,,,,,,,,,,4,音声ガイド使った,石川の歴史を簡潔に知ることができた,,,,7,また行きたい（1年以内）,石川の復興を願う 歴史を知ると見るものも新鮮,石川県立歴史博物館,同意する,,,,,,,1964,,,,,,
石川,2024/02/23 20:29:18,東京都,女,2000,,"1,500万円以上",親,2泊,石川県外には泊まらない,金沢エリア  （湯涌温泉、深谷温泉、犀川温泉など）,2泊,,,,,,,,,飛行機,0,0,0,0,1,0,0,,0,0,0,0,,,,,初めて,"地元の美味しいものを食べる, 名所、旧跡の観光, まちあるき、都市散策",0,0,1,0,1,0,0,0,0,0,1,0,0,0,0,0,0,0,観光パンフレット・ポスター,0,0,0,0,0,0,0,0,0,0,0,0,0,0,0,0,0,0,0,0,1,0,0,0,0,,,,,,"10,000円以上 20,000円未満",,"1,000円以上 3,000円未満",,,,,,,,,,,,4,可愛かったので,,,,,9,機会があれば行きたい,特になし,石川県立歴史博物館,同意する,,ホテル,,,,,2000,,,,,,
石川,2024/02/25 0:20:33,兵庫県,女,1993,,300万円以上 400万円未満,自分ひとり,2泊,富山県,金沢エリア  （湯涌温泉、深谷温泉、犀川温泉など）,1泊,,,,,,,,,在来線,0,0,0,1,0,0,0,,0,0,0,0,4,バスターミナルでの誘導や案内表示が親切だと感じた。,,,初めて,"宿でのんびり過ごす, 地元の美味しいものを食べる, 名所、旧跡の観光, まちあるき、都市散策",1,0,1,0,1,0,0,0,0,0,1,0,0,0,0,0,0,0,"観光パンフレット・ポスター, 観光協会等の案内所, Googleマップの口コミ",0,1,1,0,0,0,0,0,0,0,0,0,0,0,0,0,0,0,0,0,1,1,0,0,0,,,,,,"5,000円以上 10,000円未満",,"1,000円未満",,,,,,,,,,,,4,地域の歴史や文化を感じられる展示が充実していた。,荷物預かりサービスや衛生面での満足度が高かった。館内で快適に過ごせた。,,,,9,また行きたい（1年以内）,特になし 満足しています 北陸新幹線の利用。今回は敦賀延伸前に一度は来ておきたいと思っての訪問だったが、新幹線のPRが目立ち来月の開業がより楽しみになりました。関西方面の友人知人でも楽しみにしている人がいるので、開業後の訪問もぜひいろんな人に勧めたいと思っています。,石川県立歴史博物館,同意する,,,,,,,1993,,,,,,
石川,2024/03/03 12:56:12,石川県,女,2005,,100万円未満,親,日帰り,石川県外には泊まらない,石川県内には宿泊しない,石川県内には宿泊しない,,,,,,,,,自家用車,1,0,0,0,0,0,0,,0,0,0,0,5,,,,2～5回目,名所、旧跡の観光,0,0,0,0,1,0,0,0,0,0,0,0,0,0,0,0,0,0,インターネット・アプリ,0,0,0,0,0,0,0,0,0,0,1,0,0,0,0,0,0,0,0,0,0,0,0,0,0,,,,,,使わない,,"5,000円以上 10,000円未満",,,,,,,,,,,,5,,,,,,8,また行きたい（1年以内）,イベントがもっと多いと嬉しい,石川県立歴史博物館,同意する,,,,,,,2005,,,,,,
石川,2024/03/08 13:49:12,大阪府,男,1968,,400万円以上 500万円未満,恋人,日帰り,福井県,石川県内には宿泊しない,石川県内には宿泊しない,,,,,,,,,在来線,0,0,0,1,0,0,0,,0,0,0,0,,,,,初めて,"地元の美味しいものを食べる, 名所、旧跡の観光",0,0,1,0,1,0,0,0,0,0,0,0,0,0,0,0,0,0,"TV・ラジオ番組やCM, 観光パンフレット・ポスター",0,0,0,0,0,0,0,0,0,0,0,0,0,0,1,0,0,0,0,0,1,0,0,0,0,,,,,,使わない,,"1,000円以上 3,000円未満",,,,,,,,,,,,3,,,,,,7,機会があれば行きたい,グルメ,石川県立歴史博物館,同意する,,,,,,,1968,,,,,,
石川,2024/03/08 15:01:00,茨城県,女,2001,,"1,000万円以上 1,200万円未満",家族,2泊,石川県外には泊まらない,金沢エリア  （湯涌温泉、深谷温泉、犀川温泉など）,2泊,,,,,,,,,"新幹線, 在来線",0,0,1,1,0,0,0,,0,0,0,0,,,,,初めて,"地元の美味しいものを食べる, 花見や紅葉などの自然鑑賞, 名所、旧跡の観光, まちあるき、都市散策",0,0,1,1,1,0,0,0,0,0,1,0,0,0,0,0,0,0,新聞・雑誌・ガイドブック,0,0,0,0,0,0,0,0,0,0,0,0,0,0,0,0,1,0,0,0,0,0,0,0,0,,,,,,"10,000円以上 20,000円未満",,使わない,,,,,,,,,,,,4,,,,,,8,また行きたい（1年以内）,特になし,石川県立歴史博物館,同意する,,,,,,,2001,,,,,,
石川,2024/03/08 15:02:32,茨城県,女,1971,,"1,000万円以上 1,200万円未満",家族,2泊,石川県外には泊まらない,金沢エリア  （湯涌温泉、深谷温泉、犀川温泉など）,2泊,,,,,,,,,新幹線,0,0,1,0,0,0,0,,0,0,0,0,,,,,初めて,"宿でのんびり過ごす, 温泉や露天風呂, 地元の美味しいものを食べる, 名所、旧跡の観光, まちあるき、都市散策",1,1,1,0,1,0,0,0,0,0,1,0,0,0,0,0,0,0,新聞・雑誌・ガイドブック,0,0,0,0,0,0,0,0,0,0,0,0,0,0,0,0,1,0,0,0,0,0,0,0,0,,,,,,"10,000円以上 20,000円未満",,使わない,,,,,,,,,,,,5,,,,,,10,また行きたい（1年以内）,特になし,石川県立歴史博物館,同意する,,,,,,,1971,,,,,,
石川,2024/03/09 11:48:33,兵庫県,無回答,1969,,700万円以上 800万円未満,自分ひとり,3泊,石川県外には泊まらない,金沢エリア  （湯涌温泉、深谷温泉、犀川温泉など）,3泊,,,,,,,,,在来線,0,0,0,1,0,0,0,,0,0,0,0,4,新幹線が開通すると北陸本線が利用できなくなるので最後な記念で来ました,,,2～5回目,"地元の美味しいものを食べる, 名所、旧跡の観光",0,0,1,0,1,0,0,0,0,0,0,0,0,0,0,0,0,0,観光パンフレット・ポスター,0,0,0,0,0,0,0,0,0,0,0,0,0,0,0,0,0,0,0,0,1,0,0,0,0,,,,,,"20,000円以上 30,000円未満",,"1,000円未満",,,,,,,,,,,,3,あまり興味のある分野ではない,,,,,10,機会があれば行きたい,茶道文化体験 金沢の茶道文化,石川県立歴史博物館,同意する,,,,金沢暮らしの博物館,,,1969,,,,,,
石川,2024/03/10 22:42:30,東京都,女,1986,,"1,200万円以上 1,500万円未満",友人,1泊,石川県外には泊まらない,加賀エリア （山代温泉、山中温泉、片山津温泉、粟津温泉、辰口温泉、加賀市、小松市など）,1泊,,,,,,,,,新幹線,0,0,1,0,0,0,0,,0,0,0,0,,,,,初めて,お祭りやイベントへの参加・見物,0,0,0,0,0,0,0,1,0,0,0,0,0,0,0,0,0,0,観光パンフレット・ポスター,0,0,0,0,0,0,0,0,0,0,0,0,0,0,0,0,0,0,0,0,1,0,0,0,0,,,,,,"5,000円以上 10,000円未満",,"3,000円以上 5,000円未満",,,,,,,,,,,,5,石川県をベースにした歴史館が見れること。日本史をその土地という主軸で愛でられたこと,,,,,10,また行きたい（1年以内）,特になし 石川と日本のれきしを通じて見られ付,石川県立歴史博物館,同意する,,,,石川県立伝統産業工芸館,,,1986,,,,,,
石川,2024/03/11 12:10:10,大阪府,男,1968,,"900万円以上 1,000万円未満",夫婦2人,3泊,石川県外には泊まらない,金沢エリア  （湯涌温泉、深谷温泉、犀川温泉など）,3泊,,,,,,,,,在来線,0,0,0,1,0,0,0,,0,0,0,0,4,巡回バスは早く安いので,,,初めて,"宿でのんびり過ごす, 地元の美味しいものを食べる, 名所、旧跡の観光, まちあるき、都市散策",1,0,1,0,1,0,0,0,0,0,1,0,0,0,0,0,0,0,新聞・雑誌・ガイドブック,0,0,0,0,0,0,0,0,0,0,0,0,0,0,0,0,1,0,0,0,0,0,0,0,0,,,,,,"10,000円以上 20,000円未満",,"1,000円未満",,,,,,,,,,,,5,映像シアターが迫力がありよかった,展示物の種類が多かった,,,,10,また行きたい（1年以内）,特になし 兼六園がよかった,石川県立歴史博物館,同意する,,,,,,,1968,,,,,,
石川,2024/03/11 12:11:35,大阪府,女,1977,,"900万円以上 1,000万円未満",夫婦2人,3泊,石川県外には泊まらない,金沢エリア  （湯涌温泉、深谷温泉、犀川温泉など）,3泊,,,,,,,,,在来線,0,0,0,1,0,0,0,,0,0,0,0,5,循環バスが使いやすい,,,初めて,"地元の美味しいものを食べる, 名所、旧跡の観光",0,0,1,0,1,0,0,0,0,0,0,0,0,0,0,0,0,0,観光連盟やDMOのHP,0,0,0,0,0,0,0,0,0,0,0,0,0,0,0,0,0,0,0,0,0,0,0,1,0,,,,,,"30,000円以上 40,000円未満",,使わない,,,,,,,,,,,,5,案内の方々が親切,分かりやすい,,,,10,機会があれば行きたい,特になし 兼六園,石川県立歴史博物館,同意する,,,,決めてない,,,1977,,,,,,
石川,2024/03/16 15:27:23,神奈川県,女,1998,,300万円以上 400万円未満,恋人,1泊,石川県外には泊まらない,金沢エリア  （湯涌温泉、深谷温泉、犀川温泉など）,1泊,,,,,,,,,新幹線,0,0,1,0,0,0,0,,0,0,0,0,4,バスがあるので色々動きやすいが、目的地の近くで降りるため歩くことが多いところ。,,,初めて,"宿でのんびり過ごす, 地元の美味しいものを食べる, 花見や紅葉などの自然鑑賞, 名所、旧跡の観光, まちあるき、都市散策",1,0,1,1,1,0,0,0,0,0,1,0,0,0,0,0,0,0,友人・知人,0,0,0,0,0,0,0,0,0,0,0,0,0,0,0,0,0,0,1,0,0,0,0,0,0,,,,,,"10,000円以上 20,000円未満",,"3,000円以上 5,000円未満",,,,,,,,,,,,4,参勤交代など授業で習った内容が出てきて楽しかった。,受付の方の声が小さく聞こえずらい。,,,,8,また行きたい（1年以内）,特になし 観光地が集まっててかんこうしやすいところ,石川県立歴史博物館,同意する,,,,長町武家屋敷跡,,,1998,,,,,,
石川,2024/03/23 13:46:20,大阪府,女,1996,,500万円以上 600万円未満,恋人,2泊,石川県外には泊まらない,金沢エリア  （湯涌温泉、深谷温泉、犀川温泉など）,2泊,,,,,,,,,自家用車,1,0,0,0,0,0,0,,0,0,0,0,,,,,初めて,"地元の美味しいものを食べる, テーマパーク（遊園地、動物園、博物館など）, まちあるき、都市散策",0,0,1,0,0,1,0,0,0,0,1,0,0,0,0,0,0,0,インターネット・アプリ,0,0,0,0,0,0,0,0,0,0,1,0,0,0,0,0,0,0,0,0,0,0,0,0,0,,,,,,使わない,,使わない,,,,,,,,,,,,5,きれい　映像が短くて最後まで見れる,,,,,10,また行きたい（1年以内）,お茶（ほうじ茶）を飲みたい　スイーツもだけれど,石川県立歴史博物館,同意する,,,,,,,1996,,,,,,
石川,2024/03/26 14:48:55,愛知県,無回答,1980,,500万円以上 600万円未満,職場の同僚,1泊,福井県,石川県内には宿泊しない,石川県内には宿泊しない,,,,,,,,,自家用車,1,0,0,0,0,0,0,,0,0,0,0,,,,,初めて,"地元の美味しいものを食べる, テーマパーク（遊園地、動物園、博物館など）",0,0,1,0,0,1,0,0,0,0,0,0,0,0,0,0,0,0,インターネット・アプリ,0,0,0,0,0,0,0,0,0,0,1,0,0,0,0,0,0,0,0,0,0,0,0,0,0,,,,,,"5,000円以上 10,000円未満",,使わない,,,,,,,,,,,,3,,展示がみやすくわかりやすかった。とてもわくわくするような紹介のしかただった。,,,,7,機会があれば行きたい,前田家やその周辺の歴史についてもっと知りたい,石川県立歴史博物館,同意する,,石川県立美術館,,加賀本多博物館,,,1980,,,,,,
石川,2024/03/29 17:21:30,長野県,男,1957,,300万円以上 400万円未満,夫婦2人,2泊,石川県外には泊まらない,金沢エリア  （湯涌温泉、深谷温泉、犀川温泉など）,2泊,,,,,,,,,自家用車,1,0,0,0,0,0,0,,0,0,0,0,,,,,初めて,"花見や紅葉などの自然鑑賞, まちあるき、都市散策",0,0,0,1,0,0,0,0,0,0,1,0,0,0,0,0,0,0,"新聞・雑誌・ガイドブック, インターネット・アプリ",0,0,0,0,0,0,0,0,0,0,1,0,0,0,0,0,1,0,0,0,0,0,0,0,0,,,,,,"30,000円以上 40,000円未満",,"1,000円以上 3,000円未満",,,,,,,,,,,,4,展示内容は充実していて素晴らしい博物館だと思います。,親鸞・蓮如の時代から戦国時代に繋がる歴史が分かり、素晴らしい展示内容です。,,,,10,また行きたい（1年以内）,現在でとても充実しています。 古からの歴史が分かる史料が多く残る地域はなかなか無いので、金沢の街で歴史探訪を経験できることを伝えたい。,石川県立歴史博物館,同意する,,,,,,,1957,,,,,,
石川,2024/03/30 14:00:17,石川県,女,1998,,400万円以上 500万円未満,親,日帰り,石川県外には泊まらない,石川県内には宿泊しない,石川県内には宿泊しない,,,,,,,,,自家用車,1,0,0,0,0,0,0,,0,0,0,0,,,,,初めて,"名所、旧跡の観光, まちあるき、都市散策",0,0,0,0,1,0,0,0,0,0,1,0,0,0,0,0,0,0,友人・知人,0,0,0,0,0,0,0,0,0,0,0,0,0,0,0,0,0,0,1,0,0,0,0,0,0,,,,,,"1,000円以上 3,000円未満",,"1,000円未満",,,,,,,,,,,,5,とても対応が優しかった。,とても綺麗だった。知らないことを知れたから。,,,,10,石川県在住,体験型のものがあるといい。,石川県立歴史博物館,同意する,,,,近くのカフェ,,,1998,,,,,,
石川,2024/03/31 13:28:50,神奈川県,女,1992,,200万円以上 300万円未満,夫婦2人,2泊,福井県,金沢エリア  （湯涌温泉、深谷温泉、犀川温泉など）,1泊,,,,,,,,,"新幹線, 在来線",0,0,1,1,0,0,0,,0,0,0,0,4,本数が多い、混んではいるが普通に乗れる,,,2～5回目,"名所、旧跡の観光, テーマパーク（遊園地、動物園、博物館など）",0,0,0,0,1,1,0,0,0,0,0,0,0,0,0,0,0,0,インターネット・アプリ,0,0,0,0,0,0,0,0,0,0,1,0,0,0,0,0,0,0,0,0,0,0,0,0,0,,,,,,"3,000円以上 5,000円未満",,使わない,,,,,,,,,,,,5,荷物を預かってくれた,展示がよかった、建物もキレイ,,,,10,機会があれば行きたい,宿がすぐ埋まる！もうちょっと宿が取りやすいといいな,石川県立歴史博物館,同意する,,工芸館,,,,,1992,,,,,,
石川,2024/01/05 12:51:52,東京都,女,1955,,600万円以上 700万円未満,夫婦2人,1泊,石川県外には泊まらない,金沢エリア  （湯涌温泉、深谷温泉、犀川温泉など）,1泊,,,,,,,,,自家用車,1,0,0,0,0,0,0,,0,0,0,0,,,,,初めて,"まちあるき、都市散策, 出張など仕事関係",0,0,0,0,0,0,0,0,0,0,1,0,0,0,0,0,1,0,インターネット・アプリ,0,0,0,0,0,0,0,0,0,0,1,0,0,0,0,0,0,0,0,0,0,0,0,0,0,,,,,,"5,000円以上 10,000円未満",,"1,000円未満",,,,,,,,,,,,3,,静かでいい。,,,,8,また行きたい（1年以内）,今回21世紀美術館が地震のため、休館だったので、次回は鑑賞したい。工芸館も。 ゆっくり散策できるのがいい。,石川県立美術館,同意する,,,,,,,1955,,,,,,
石川,2024/01/06 13:25:05,富山県,男,1954,,"900万円以上 1,000万円未満",夫婦2人,3泊,福井県,金沢エリア  （湯涌温泉、深谷温泉、犀川温泉など）,2泊,,,,,,,,,自家用車,1,0,0,0,0,0,0,,0,0,0,0,,,,,6～10回目,"地元の美味しいものを食べる, 名所、旧跡の観光",0,0,1,0,1,0,0,0,0,0,0,0,0,0,0,0,0,0,"インターネット・アプリ, 友人・知人",0,0,0,0,0,0,0,0,0,0,1,0,0,0,0,0,0,0,1,0,0,0,0,0,0,,,,,,"30,000円以上 40,000円未満",,"1,000円以上 3,000円未満",,,,,,,,,,,,4,作品がよくレストランも福袋を購入できた,施設もスタッフも良い,,,,9,また行きたい（1年以内）,単価が前より上がっているので上がったほしくないかな 人もよく歴史を感じる,石川県立美術館,同意する,,,,,,,1954,,,,,,
石川,2024/01/07 18:53:30,東京都,男,1980,,"1,200万円以上 1,500万円未満",夫婦2人,1泊,石川県外には泊まらない,金沢エリア  （湯涌温泉、深谷温泉、犀川温泉など）,1泊,,,,,,,,,新幹線,0,0,1,0,0,0,0,,0,0,0,0,3,周遊バスが片方のルートしか運行されておらず不便を感じたため。,,,初めて,お祭りやイベントへの参加・見物,0,0,0,0,0,0,0,1,0,0,0,0,0,0,0,0,0,0,インターネット・アプリ,0,0,0,0,0,0,0,0,0,0,1,0,0,0,0,0,0,0,0,0,0,0,0,0,0,,,,,,"5,000円以上 10,000円未満",,"1,000円未満",,,,,,,,,,,,3,作品の解説が少なかったから、もう少し色のある作品が見たかったから,トイレが綺麗だったので,,,,4,機会があれば行きたい,御当地ポテトチップス 21世紀美術館がクローズしていたから,石川県立美術館,同意する,,エムザ,,金沢駅,,,1980,,,,,,
石川,2024/01/20 12:46:10,東京都,女,1996,,200万円以上 300万円未満,自分ひとり,1泊,石川県外には泊まらない,金沢エリア  （湯涌温泉、深谷温泉、犀川温泉など）,1泊,,,,,,,,,夜行バス,0,0,0,0,0,0,0,,0,0,0,0,,,,,初めて,"名所、旧跡の観光, テーマパーク（遊園地、動物園、博物館など）, まちあるき、都市散策",0,0,0,0,1,1,0,0,0,0,1,0,0,0,0,0,0,0,"X(旧：Twitter), 友人・知人, 観光協会等の案内所",0,0,0,0,0,1,0,0,0,0,0,0,0,0,0,0,0,0,1,0,0,1,0,0,0,,,,,,"3,000円以上 5,000円未満",,"5,000円以上 10,000円未満",,,,,,,,,,,,4,修復工房が良い,,,,,10,また行きたい（1年以内）,カニ、近代建築巡り、博物館巡り、和菓子購入が目当て。いろいろあるので一度じゃ回りきれないので度々来ようと思います。 修復工房,石川県立美術館,同意する,,,,,,,1996,,,,,,
石川,2024/01/21 13:02:34,石川県,女,1993,,300万円以上 400万円未満,自分ひとり,日帰り,石川県在住,石川県内には宿泊しない,石川県内には宿泊しない,,,,,,,,,県外から訪れていない（石川県内在住）,0,0,0,0,0,0,0,,0,0,0,0,4,美術館前に駐車場があり、今日は早くから来ている為スムーズに駐車できた為,,,2～5回目,テーマパーク（遊園地、動物園、博物館など）,0,0,0,0,0,1,0,0,0,0,0,0,0,0,0,0,0,0,"観光パンフレット・ポスター, X(旧：Twitter)",0,0,0,0,0,1,0,0,0,0,0,0,0,0,0,0,0,0,0,0,1,0,0,0,0,,,,,,使わない,,"1,000円未満",,,,,,,,,,,,4,,,,,,10,石川県在住,特になし,石川県立美術館,同意する,,歴史博物館,,,,,1993,,,,,,
石川,2024/01/22 16:20:41,神奈川県,女,1989,,500万円以上 600万円未満,母親、妹,1泊,石川県外には泊まらない,金沢エリア  （湯涌温泉、深谷温泉、犀川温泉など）,1泊,,,,,,,,,新幹線,0,0,1,0,0,0,0,,0,0,0,0,,,,,2～5回目,"宿でのんびり過ごす, 名所、旧跡の観光, 災害の募金がてらの観光",1,0,0,0,1,0,0,0,0,0,0,0,0,0,0,0,0,0,"新聞・雑誌・ガイドブック, X(旧：Twitter)",0,0,0,0,0,1,0,0,0,0,0,0,0,0,0,0,1,0,0,0,0,0,0,0,0,,,,,,"40,000円以上 50,000円未満",,"1,000円未満",,,,,,,,,,,,3,,,,,,5,機会があれば行きたい,特になし,石川県立美術館,同意する,,,,,,,1989,,,,,,
石川,2024/01/29 17:32:37,石川県,女,1969,,"1,000万円以上 1,200万円未満",自分ひとり,日帰り,石川県外には泊まらない,石川県内には宿泊しない,石川県内には宿泊しない,,,,,,,,,県外から訪れていない（石川県内在住）,0,0,0,0,0,0,0,,0,0,0,0,4,便が多い,,,11回目以上,テーマパーク（遊園地、動物園、博物館など）,0,0,0,0,0,1,0,0,0,0,0,0,0,0,0,0,0,0,"観光パンフレット・ポスター, X(旧：Twitter)",0,0,0,0,0,1,0,0,0,0,0,0,0,0,0,0,0,0,0,0,1,0,0,0,0,,,,,,使わない,,使わない,,,,,,,,,,,,5,展示と解説の質の高さ,カフェもある。周囲の環境。静かさ。,,,,10,石川県在住,海の幸、芸術 鴨居玲の作品,石川県立美術館,同意する,,,,,,,1969,,,,,,
石川,2024/02/02 19:43:35,兵庫県,女,1990,,200万円以上 300万円未満,自分ひとり,1泊,石川県外には泊まらない,金沢エリア  （湯涌温泉、深谷温泉、犀川温泉など）,1泊,,,,,,,,,在来線,0,0,0,1,0,0,0,,0,0,0,0,,,,,2～5回目,スポーツ観戦や芸術鑑賞（コンサート等）,0,0,0,0,0,0,0,0,0,0,0,0,0,0,0,0,0,0,X(旧：Twitter),0,0,0,0,0,1,0,0,0,0,0,0,0,0,0,0,0,0,0,0,0,0,0,0,0,,,,,,"1,000円以上 3,000円未満",,"1,000円以上 3,000円未満",,,,,,,,,,,,5,,,,,,9,また行きたい（1年以内）,刀剣の展示,石川県立美術館,同意する,,,,,,,1990,,,,,,
石川,2024/02/04 15:06:17,石川県,女,1980,,"1,000万円以上 1,200万円未満",友人,日帰り,福井県,石川県内には宿泊しない,石川県内には宿泊しない,,,,,,,,,自家用車,1,0,0,0,0,0,0,,0,0,0,0,5,,,,11回目以上,"宿でのんびり過ごす, 温泉や露天風呂, 地元の美味しいものを食べる",1,1,1,0,0,0,0,0,0,0,0,0,0,0,0,0,0,0,"観光展・物産展, 新聞・雑誌・ガイドブック, 観光連盟やDMOのHP, インターネット・アプリ",0,0,0,0,0,0,0,0,0,0,1,0,0,0,0,0,1,0,0,0,0,0,1,1,0,,,,,,"10,000円以上 20,000円未満",,"1,000円以上 3,000円未満",,,,,,,,,,,,4,,,,,,9,機会があれば行きたい,何でも美味しかったです,石川県立美術館,同意する,,,,,,,1980,,,,,,
石川,2024/02/04 17:14:19,神奈川県,女,1999,,300万円以上 400万円未満,恋人,1泊,石川県外には泊まらない,金沢エリア  （湯涌温泉、深谷温泉、犀川温泉など）,1泊,,,,,,,,,新幹線,0,0,1,0,0,0,0,,0,0,0,0,5,,,,初めて,宿でのんびり過ごす,1,0,0,0,0,0,0,0,0,0,0,0,0,0,0,0,0,0,観光展・物産展,0,0,0,0,0,0,0,0,0,0,0,0,0,0,0,0,0,0,0,0,0,0,1,0,0,,,,,,"5,000円以上 10,000円未満",,"1,000円以上 3,000円未満",,,,,,,,,,,,5,,,,,,10,また行きたい（1年以内）,特になし,石川県立美術館,同意する,,,,,,,1999,,,,,,
石川,2024/02/04 17:15:26,神奈川県,男,1996,,"900万円以上 1,000万円未満",恋人,1泊,石川県外には泊まらない,金沢エリア  （湯涌温泉、深谷温泉、犀川温泉など）,1泊,,,,,,,,,新幹線,0,0,1,0,0,0,0,,0,0,0,0,5,,,,初めて,"地元の美味しいものを食べる, 名所、旧跡の観光, まちあるき、都市散策",0,0,1,0,1,0,0,0,0,0,1,0,0,0,0,0,0,0,兼六園のチケット,0,0,0,0,0,0,0,0,0,0,0,0,0,0,0,0,0,0,0,0,0,0,0,0,1,,,,,,"5,000円以上 10,000円未満",,"1,000円未満",,,,,,,,,,,,5,,,,,,8,また行きたい（1年以内）,特になし,石川県立美術館,同意する,,,,,,,1996,,,,,,
石川,2024/02/05 10:43:31,石川県,女,1973,,500万円以上 600万円未満,自分ひとり,日帰り,石川県外には泊まらない,石川県内には宿泊しない,石川県内には宿泊しない,,,,,,,,,自家用車,1,0,0,0,0,0,0,,0,0,0,0,,,,,11回目以上,名所、旧跡の観光,0,0,0,0,1,0,0,0,0,0,0,0,0,0,0,0,0,0,"インターネット・アプリ, X(旧：Twitter)",0,0,0,0,0,1,0,0,0,0,1,0,0,0,0,0,0,0,0,0,0,0,0,0,0,,,,,,使わない,,使わない,,,,,,,,,,,,4,,古九谷があるから,,,,8,石川県在住,地酒と菓子のペアリング店舗が欲しい 古九谷が観れるる,石川県立美術館,同意する,,香林坊,,片町,,,1973,,,,,,
石川,2024/02/05 13:19:37,東京都,女,2003,,"900万円以上 1,000万円未満",自分ひとり,1泊,石川県外には泊まらない,金沢エリア  （湯涌温泉、深谷温泉、犀川温泉など）,1泊,,,,,,,,,新幹線,0,0,1,0,0,0,0,,0,0,0,0,5,,,,初めて,"地元の美味しいものを食べる, 名所、旧跡の観光, まちあるき、都市散策",0,0,1,0,1,0,0,0,0,0,1,0,0,0,0,0,0,0,"新聞・雑誌・ガイドブック, 観光パンフレット・ポスター",0,0,0,0,0,0,0,0,0,0,0,0,0,0,0,0,1,0,0,0,1,0,0,0,0,,,,,,"5,000円以上 10,000円未満",,使わない,,,,,,,,,,,,3,,,,,,7,どちらともいえない,特になし,石川県立美術館,同意する,,,,,,,2003,,,,,,
石川,2024/02/08 11:38:31,東京都,男,1987,,700万円以上 800万円未満,恋人,1泊,石川県外には泊まらない,金沢エリア  （湯涌温泉、深谷温泉、犀川温泉など）,1泊,,,,,,,,,飛行機,0,0,0,0,1,0,0,,0,0,0,0,5,平日なので静か、美味しい料理、綺麗な街並み,,,初めて,"宿でのんびり過ごす, 温泉や露天風呂, 地元の美味しいものを食べる, 花見や紅葉などの自然鑑賞, 名所、旧跡の観光, まちあるき、都市散策",1,1,1,1,1,0,0,0,0,0,1,0,0,0,0,0,0,0,"観光展・物産展, インターネット・アプリ, Instagram, ブログ",0,0,0,1,0,0,0,0,1,0,1,0,0,0,0,0,0,0,0,0,0,0,1,0,0,,,,,,"10,000円以上 20,000円未満",,"1,000円未満",,,,,,,,,,,,4,すごく綺麗、丁寧な対応,,,,,9,また行きたい（1年以内）,お酒、魚 美味しい宿、店、見つけたので紹介したい,石川県立美術館,同意する,,,,,,,1987,,,,,,
石川,2024/02/08 11:42:12,東京都,女,1995,,800万円以上 900万円未満,恋人,1泊,石川県外には泊まらない,金沢エリア  （湯涌温泉、深谷温泉、犀川温泉など）,1泊,,,,,,,,,飛行機,0,0,0,0,1,0,0,,0,0,0,0,5,金沢駅のバス停の標示がわかりやすかった,,,初めて,名所、旧跡の観光,0,0,0,0,1,0,0,0,0,0,0,0,0,0,0,0,0,0,ホームページ,0,0,0,0,0,0,0,0,0,0,0,0,0,0,0,0,0,0,0,0,0,0,0,0,1,,,,,,使わない,,"1,000円未満",,,,,,,,,,,,5,心優しかった,国宝の写真を撮れることが嬉しい。見返しながら家でも思い出に浸れる,,,,10,また行きたい（1年以内）,特に無し 新旧入り交じる雰囲気が良かった。一日目はバスを使わず、歩きながら楽しんだ。気持ちよかった。それをおすすめしたい,石川県立美術館,同意する,,主計町,,工芸館,,,1995,,,,,,
石川,2024/02/11 13:14:44,石川県,男,1978,,"900万円以上 1,000万円未満",中学生以下連れの家族,日帰り,石川県外には泊まらない,石川県内には宿泊しない,石川県内には宿泊しない,,,,,,,,,自家用車,1,0,0,0,0,0,0,,0,0,0,0,5,,,,初めて,友人・親戚を訪ねる,0,0,0,0,0,0,0,0,0,0,0,0,0,0,0,0,0,0,"ブログ, タクシードライバーや地元の人",0,0,0,0,0,0,0,0,1,0,0,0,0,0,0,0,0,0,0,1,0,0,0,0,0,,,,,,"20,000円以上 30,000円未満",,"20,000円以上 30,000円未満",,,,,,,,,,,,4,,,,,,7,機会があれば行きたい,海鮮丼,石川県立美術館,同意する,,,,,,,1978,,,,,,
石川,2024/02/12 12:45:30,富山県,女,1977,,700万円以上 800万円未満,小学生以下連れの家族,日帰り,富山県,石川県内には宿泊しない,石川県内には宿泊しない,,,,,,,,,自家用車,1,0,0,0,0,0,0,,0,0,0,0,,,,,初めて,"スポーツ観戦や芸術鑑賞（コンサート等）, まちあるき、都市散策",0,0,0,0,0,0,0,0,0,0,1,0,0,0,0,0,0,0,観光協会等の案内所,0,0,0,0,0,0,0,0,0,0,0,0,0,0,0,0,0,0,0,0,0,1,0,0,0,,,,,,"5,000円以上 10,000円未満",,"1,000円未満",,,,,,,,,,,,4,,,,,,9,また行きたい（1年以内）,なし,石川県立美術館,同意する,,,,,,,1977,,,,,,
石川,2024/02/17 10:40:40,東京都,女,1962,,600万円以上 700万円未満,自分ひとり,2泊,石川県外には泊まらない,金沢エリア  （湯涌温泉、深谷温泉、犀川温泉など）,2泊,,,,,,,,,新幹線,0,0,1,0,0,0,0,,0,0,0,0,3,,,,初めて,"名所、旧跡の観光, まちあるき、都市散策, 各種体験（手作り、果物狩りなど）, 集まり",0,0,0,0,1,0,0,0,0,0,1,1,0,0,0,0,0,0,インターネット・アプリ,0,0,0,0,0,0,0,0,0,0,1,0,0,0,0,0,0,0,0,0,0,0,0,0,0,,,,,,"10,000円以上 20,000円未満",,"1,000円未満",,,,,,,,,,,,4,,,,,,10,機会があれば行きたい,都市部にもあるチェーン店の飲食店ではなく、石川県ならでの飲食店が金沢駅周辺に欲しい。 ゆったりとしている街、古き良き建物や美術品が多い,石川県立美術館,同意する,,,,,,,1962,,,,,,
石川,2024/02/17 14:49:02,愛知県,女,1958,,400万円以上 500万円未満,友人,日帰り,石川県外には泊まらない,石川県内には宿泊しない,石川県内には宿泊しない,,,,,,,,,旅行会社ツアーバス,0,0,0,0,0,1,0,,0,0,0,0,,,,,初めて,スポーツ観戦や芸術鑑賞（コンサート等）,0,0,0,0,0,0,0,0,0,0,0,0,0,0,0,0,0,0,観光パンフレット・ポスター,0,0,0,0,0,0,0,0,0,0,0,0,0,0,0,0,0,0,0,0,1,0,0,0,0,,,,,,使わない,,"1,000円未満",,,,,,,,,,,,4,,,,,,7,また行きたい（1年以内）,蟹などグルメ,石川県立美術館,同意する,,,,帰ります,,,1958,,,,,,
石川,2024/02/17 14:49:24,愛知県,女,1992,,500万円以上 600万円未満,友人,日帰り,石川県外には泊まらない,石川県内には宿泊しない,石川県内には宿泊しない,,,,,,,,,旅行会社ツアーバス,0,0,0,0,0,1,0,,0,0,0,0,5,,,,初めて,美術館,0,0,0,0,0,0,0,0,0,0,0,0,0,0,0,0,0,0,インターネット・アプリ,0,0,0,0,0,0,0,0,0,0,1,0,0,0,0,0,0,0,0,0,0,0,0,0,0,,,,,,使わない,,使わない,,,,,,,,,,,,4,,観覧する物が豊富,,,,7,また行きたい（1年以内）,時になあり。 観光地が、ちかくにある。,石川県立美術館,同意する,,,,,,,1992,,,,,,
石川,2024/02/18 14:41:23,東京都,女,2000,,300万円以上 400万円未満,中学生以下連れの家族,1泊,石川県外には泊まらない,金沢エリア  （湯涌温泉、深谷温泉、犀川温泉など）,1泊,,,,,,,,,新幹線,0,0,1,0,0,0,0,,0,0,0,0,4,バスがとても混んでいたが、観光には便利,,,2～5回目,"地元の美味しいものを食べる, 名所、旧跡の観光, 買い物、アウトレット",0,0,1,0,1,0,1,0,0,0,0,0,0,0,0,0,0,0,観光パンフレット・ポスター,0,0,0,0,0,0,0,0,0,0,0,0,0,0,0,0,0,0,0,0,1,0,0,0,0,,,,,,"10,000円以上 20,000円未満",,"1,000円未満",,,,,,,,,,,,5,,,,,,10,また行きたい（1年以内）,海鮮。伝統工芸。,石川県立美術館,同意する,,,,,,,2000,,,,,,
石川,2024/02/18 20:52:59,東京都,女,1991,,700万円以上 800万円未満,友人,2泊,石川県外には泊まらない,金沢エリア  （湯涌温泉、深谷温泉、犀川温泉など）,2泊,,,,,,,,,新幹線,0,0,1,0,0,0,0,,0,0,0,0,5,金沢駅からバスで近かった、すぐにバスに乗れた,,,初めて,"地元の美味しいものを食べる, 名所、旧跡の観光",0,0,1,0,1,0,0,0,0,0,0,0,0,0,0,0,0,0,インターネット・アプリ,0,0,0,0,0,0,0,0,0,0,1,0,0,0,0,0,0,0,0,0,0,0,0,0,0,,,,,,"5,000円以上 10,000円未満",,"1,000円未満",,,,,,,,,,,,5,受付の方が親切、展示がよかった,石川県の歴史等学べで楽しかったです。もう少し簡単で親しみやすい説明文だともっと楽しめたと思います。言い回しが難しかった,,,,7,また行きたい（1年以内）,鶴来駅から近くの神社に行きやすくなったら嬉しい。 歴史や美術に興味がある友人には勧めたい。空いていてゆっくり見れたのもよかった。,石川県立美術館,同意する,,,,,,,1991,,,,,,
石川,2024/02/22 10:52:10,東京都,女,1969,,"1,200万円以上 1,500万円未満",高校生の子供と,1泊,石川県外には泊まらない,金沢エリア  （湯涌温泉、深谷温泉、犀川温泉など）,1泊,,,,,,,,,新幹線,0,0,1,0,0,0,0,,0,0,0,0,2,Suicaが使えない,,,初めて,"宿でのんびり過ごす, まちあるき、都市散策, 各種体験（手作り、果物狩りなど）",1,0,0,0,0,0,0,0,0,0,1,1,0,0,0,0,0,0,インターネット・アプリ,0,0,0,0,0,0,0,0,0,0,1,0,0,0,0,0,0,0,0,0,0,0,0,0,0,,,,,,"10,000円以上 20,000円未満",,"1,000円未満",,,,,,,,,,,,4,,,,,,9,機会があれば行きたい,なし 国宝,石川県立美術館,同意する,,,,,,,1969,,,,,,
石川,2024/02/23 16:45:24,京都府,女,1986,,600万円以上 700万円未満,夫婦2人,1泊,石川県外には泊まらない,金沢エリア  （湯涌温泉、深谷温泉、犀川温泉など）,1泊,,,,,,,,,在来線,0,0,0,1,0,0,0,,0,0,0,0,,,,,初めて,地元の美味しいものを食べる,0,0,1,0,0,0,0,0,0,0,0,0,0,0,0,0,0,0,インターネット・アプリ,0,0,0,0,0,0,0,0,0,0,1,0,0,0,0,0,0,0,0,0,0,0,0,0,0,,,,,,"10,000円以上 20,000円未満",,"1,000円未満",,,,,,,,,,,,4,,,,,,9,機会があれば行きたい,美味しい海鮮が食べたい,石川県立美術館,同意する,,,,,,,1986,,,,,,
石川,2024/02/25 12:41:16,兵庫県,女,1966,,"1,000万円以上 1,200万円未満",夫婦2人,2泊,石川県外には泊まらない,金沢エリア  （湯涌温泉、深谷温泉、犀川温泉など）,2泊,,,,,,,,,新幹線,0,0,1,0,0,0,0,,0,0,0,0,,,,,初めて,"温泉や露天風呂, 地元の美味しいものを食べる, 名所、旧跡の観光, まちあるき、都市散策",0,1,1,0,1,0,0,0,0,0,1,0,0,0,0,0,0,0,"観光パンフレット・ポスター, 観光協会等の案内所",0,0,0,0,0,0,0,0,0,0,0,0,0,0,0,0,0,0,0,0,1,1,0,0,0,,,,,,使わない,,"1,000円以上 3,000円未満",,,,,,,,,,,,5,展示品が素晴らしいです。,きれいで落ち着く,,,,10,また行きたい（1年以内）,いつも満足です。 どこも素晴らしいので,石川県立美術館,同意する,,雨晴海岸,,歴史博物館,,,1966,,,,,,
石川,2024/02/25 14:11:11,石川県,女,1962,,500万円以上 600万円未満,夫婦2人,日帰り,石川県外には泊まらない,石川県内には宿泊しない,石川県内には宿泊しない,,,,,,,,,県外から訪れていない（石川県内在住）,0,0,0,0,0,0,0,,0,0,0,0,5,わかりやすかった,,,11回目以上,名所、旧跡の観光,0,0,0,0,1,0,0,0,0,0,0,0,0,0,0,0,0,0,友人・知人,0,0,0,0,0,0,0,0,0,0,0,0,0,0,0,0,0,0,1,0,0,0,0,0,0,,,,,,使わない,,使わない,,,,,,,,,,,,5,表示がわかりやすい,,,,,10,石川県在住,特になし 広さが手頃,石川県立美術館,同意する,,,,,,,1962,,,,,,
石川,2024/02/25 14:13:37,石川県,男,1956,,300万円以上 400万円未満,夫婦2人,日帰り,石川県外には泊まらない,金沢エリア  （湯涌温泉、深谷温泉、犀川温泉など）,石川県内には宿泊しない,,,,,,,,,県外から訪れていない（石川県内在住）,0,0,0,0,0,0,0,,0,0,0,0,3,,,,11回目以上,テーマパーク（遊園地、動物園、博物館など）,0,0,0,0,0,1,0,0,0,0,0,0,0,0,0,0,0,0,"新聞・雑誌・ガイドブック, 友人・知人",0,0,0,0,0,0,0,0,0,0,0,0,0,0,0,0,1,0,1,0,0,0,0,0,0,,,,,,"1,000円以上 3,000円未満",,使わない,,,,,,,,,,,,3,,,,,,8,石川県在住,文化的なものと生活的なものがもっとあると良い,石川県立美術館,同意する,,,,,,,1956,,,,,,
石川,2024/02/26 7:47:22,石川県,男,1956,,300万円以上 400万円未満,夫婦2人,日帰り,石川県外には泊まらない,石川県内には宿泊しない,石川県内には宿泊しない,,,,,,,,,県外から訪れていない（石川県内在住）,0,0,0,0,0,0,0,,0,0,0,0,,,,,11回目以上,テーマパーク（遊園地、動物園、博物館など）,0,0,0,0,0,1,0,0,0,0,0,0,0,0,0,0,0,0,友人・知人,0,0,0,0,0,0,0,0,0,0,0,0,0,0,0,0,0,0,1,0,0,0,0,0,0,,,,,,使わない,,使わない,,,,,,,,,,,,3,,,,,,8,石川県在住,特になし,石川県立美術館,同意する,,,,,,,1956,,,,,,
石川,2024/02/26 14:57:41,東京都,女,1971,,400万円以上 500万円未満,夫婦2人,日帰り,石川県外には泊まらない,石川県内には宿泊しない,石川県内には宿泊しない,,,,,,,,,飛行機,0,0,0,0,1,0,0,,0,0,0,0,5,,,,初めて,地元の美味しいものを食べる,0,0,1,0,0,0,0,0,0,0,0,0,0,0,0,0,0,0,観光パンフレット・ポスター,0,0,0,0,0,0,0,0,0,0,0,0,0,0,0,0,0,0,0,0,1,0,0,0,0,,,,,,使わない,,"1,000円未満",,,,,,,,,,,,5,,,,,,6,また行きたい（1年以内）,海鮮,石川県立美術館,同意する,,,,,,,1971,,,,,,
石川,2024/02/26 15:02:19,東京都,男,1970,,400万円以上 500万円未満,夫婦2人,日帰り,石川県外には泊まらない,石川県内には宿泊しない,石川県内には宿泊しない,,,,,,,,,飛行機,0,0,0,0,1,0,0,,0,0,0,0,4,目の前までこれた。,,,初めて,地元の美味しいものを食べる,0,0,1,0,0,0,0,0,0,0,0,0,0,0,0,0,0,0,観光パンフレット・ポスター,0,0,0,0,0,0,0,0,0,0,0,0,0,0,0,0,0,0,0,0,1,0,0,0,0,,,,,,使わない,,"1,000円未満",,,,,,,,,,,,4,,,,,,7,また行きたい（1年以内）,なし,石川県立美術館,同意する,,,,,,,1970,,,,,,
石川,2024/02/27 15:20:43,石川県,女,1983,,300万円以上 400万円未満,夫婦2人,日帰り,石川県外には泊まらない,石川県内には宿泊しない,石川県内には宿泊しない,,,,,,,,,自家用車,1,0,0,0,0,0,0,,0,0,0,0,5,迫力のある作品だった！,,,初めて,"テーマパーク（遊園地、動物園、博物館など）, ドライブ・ツーリング",0,0,0,0,0,1,0,0,0,0,0,0,0,0,1,0,0,0,新聞・雑誌・ガイドブック,0,0,0,0,0,0,0,0,0,0,0,0,0,0,0,0,1,0,0,0,0,0,0,0,0,,,,,,"3,000円以上 5,000円未満",,"3,000円以上 5,000円未満",,,,,,,,,,,,5,対応が丁寧,綺麗だった,,,,10,また行きたい（1年以内）,特になし,石川県立美術館,同意する,,,,,,,1983,,,,,,
石川,2024/02/27 15:55:21,石川県,男,1969,,500万円以上 600万円未満,恋人,日帰り,石川県外には泊まらない,石川県内には宿泊しない,石川県内には宿泊しない,,,,,,,,,自家用車,1,0,0,0,0,0,0,,0,0,0,0,3,,,,初めて,暇つぶし,0,0,0,0,0,0,0,0,0,0,0,0,0,0,0,0,0,0,インターネット・アプリ,0,0,0,0,0,0,0,0,0,0,1,0,0,0,0,0,0,0,0,0,0,0,0,0,0,,,,,,使わない,,使わない,,,,,,,,,,,,3,,,,,,5,また行きたい（1年以内）,特になし,石川県立美術館,同意する,,,,,,,1969,,,,,,
石川,2024/02/28 12:09:06,東京都,女,2001,,100万円未満,自分ひとり,2泊,石川県外には泊まらない,白山エリア （一里野温泉、白峰温泉、白山市など）,2泊,,,,,,,,,"新幹線, 在来線",0,0,1,1,0,0,0,,0,0,0,0,,,,,初めて,テーマパーク（遊園地、動物園、博物館など）,0,0,0,0,0,1,0,0,0,0,0,0,0,0,0,0,0,0,観光協会等の案内所,0,0,0,0,0,0,0,0,0,0,0,0,0,0,0,0,0,0,0,0,0,1,0,0,0,,,,,,"5,000円以上 10,000円未満",,"1,000円未満",,,,,,,,,,,,5,集中して鑑賞できたから,集中して鑑賞できたから,,,,5,機会があれば行きたい,特に無し 友人にデザイン系の進路に進んだ人がいるから,石川県立美術館,同意する,,,,県立博物館,,,2001,,,,,,
石川,2024/02/29 17:29:22,福井県,男,1967,,300万円以上 400万円未満,自分ひとり,日帰り,石川県外には泊まらない,石川県内には宿泊しない,石川県内には宿泊しない,,,,,,,,,在来線,0,0,0,1,0,0,0,,0,0,0,0,3,ドコモのバイクシェアだと明記しておいてほしい。重複して登録してしまい手間取った,,,2～5回目,"花見や紅葉などの自然鑑賞, 名所、旧跡の観光",0,0,0,1,1,0,0,0,0,0,0,0,0,0,0,0,0,0,観光連盟やDMOのHP,0,0,0,0,0,0,0,0,0,0,0,0,0,0,0,0,0,0,0,0,0,0,0,1,0,,,,,,使わない,,使わない,,,,,,,,,,,,3,カフェが5時までなのが残念,椅子が楽,,,,10,また行きたい（1年以内）,ナンバーギョーザについて県・市として調べてほしい 京都よりも空いている,石川県立美術館,同意する,,,,香林坊,,,1967,,,,,,
石川,2024/02/29 20:34:46,群馬県,その他,1967,,600万円以上 700万円未満,自分ひとり,1泊,石川県外には泊まらない,金沢エリア  （湯涌温泉、深谷温泉、犀川温泉など）,1泊,,,,,,,,,新幹線,0,0,1,0,0,0,0,,0,0,0,0,4,,,,初めて,"地元の美味しいものを食べる, まちあるき、都市散策",0,0,1,0,0,0,0,0,0,0,1,0,0,0,0,0,0,0,インターネット・アプリ,0,0,0,0,0,0,0,0,0,0,1,0,0,0,0,0,0,0,0,0,0,0,0,0,0,,,,,,"10,000円以上 20,000円未満",,"1,000円未満",,,,,,,,,,,,4,,,,,,5,また行きたい（1年以内）,特になし,石川県立美術館,同意する,,,,国立工芸館,,,1967,,,,,,
石川,2024/03/02 15:02:04,茨城県,男,1968,,"1,500万円以上",夫婦2人,2泊,石川県外には泊まらない,金沢エリア  （湯涌温泉、深谷温泉、犀川温泉など）,2泊,,,,,,,,,"在来線, 飛行機",0,0,0,1,1,0,0,,0,0,0,0,4,本数が多くわかりやすい,,,初めて,"地元の美味しいものを食べる, 名所、旧跡の観光",0,0,1,0,1,0,0,0,0,0,0,0,0,0,0,0,0,0,新聞・雑誌・ガイドブック,0,0,0,0,0,0,0,0,0,0,0,0,0,0,0,0,1,0,0,0,0,0,0,0,0,,,,,,"20,000円以上 30,000円未満",,"1,000円以上 3,000円未満",,,,,,,,,,,,3,該当するものが無かった,広くて清潔、照明も良い,,,,8,また行きたい（1年以内）,地産地消的なもの 文化が分かる,石川県立美術館,同意する,,,,駅周辺,,,1968,,,,,,
石川,2024/03/04 14:37:15,鳥取県,女,1969,,"900万円以上 1,000万円未満",高校生以上の子供、夫、両親,2泊,石川県外には泊まらない,金沢エリア  （湯涌温泉、深谷温泉、犀川温泉など）,2泊,,,,,,,,,在来線,0,0,0,1,0,0,0,,0,0,0,0,,,,,初めて,"地元の美味しいものを食べる, 名所、旧跡の観光, まちあるき、都市散策",0,0,1,0,1,0,0,0,0,0,1,0,0,0,0,0,0,0,"観光展・物産展, 観光パンフレット・ポスター",0,0,0,0,0,0,0,0,0,0,0,0,0,0,0,0,0,0,0,0,1,0,1,0,0,,,,,,"10,000円以上 20,000円未満",,"1,000円未満",,,,,,,,,,,,4,,,,,,10,また行きたい（1年以内）,洋菓子の種類が増えたら嬉しいです,石川県立美術館,同意する,,,,,,,1969,,,,,,
石川,2024/03/04 14:37:37,鳥取県,男,1972,,"900万円以上 1,000万円未満",親,3泊,京都,金沢エリア  （湯涌温泉、深谷温泉、犀川温泉など）,2泊,,,,,,,,,在来線,0,0,0,1,0,0,0,,0,0,0,0,,,,,初めて,"温泉や露天風呂, 名所、旧跡の観光, まちあるき、都市散策",0,1,0,0,1,0,0,0,0,0,1,0,0,0,0,0,0,0,インターネット・アプリ,0,0,0,0,0,0,0,0,0,0,1,0,0,0,0,0,0,0,0,0,0,0,0,0,0,,,,,,"5,000円以上 10,000円未満",,使わない,,,,,,,,,,,,4,,,,,,8,また行きたい（1年以内）,歴史の勉強になるような展示,石川県立美術館,同意する,,,,,,,1972,,,,,,
石川,2024/03/06 12:03:51,愛知県,女,1966,,500万円以上 600万円未満,娘,2泊,石川県外には泊まらない,金沢エリア  （湯涌温泉、深谷温泉、犀川温泉など）,2泊,,,,,,,,,在来線,0,0,0,1,0,0,0,,0,0,0,0,4,バス停からスグだったので。,,,初めて,受験付き添い,0,0,0,0,0,0,0,0,0,0,0,0,0,0,0,0,0,0,観光協会等の案内所,0,0,0,0,0,0,0,0,0,0,0,0,0,0,0,0,0,0,0,0,0,1,0,0,0,,,,,,"10,000円以上 20,000円未満",,"1,000円未満",,,,,,,,,,,,4,素敵な商品ばかりだったので,展示が魅力的だった。,,,,9,また行きたい（1年以内）,体験をしてみたいと思いました。 魅力的な展示ばかりだったので。,石川県立美術館,同意する,,金澤神社,,,,,1966,,,,,,
石川,2024/03/06 12:55:47,三重県,女,2001,,"1,000万円以上 1,200万円未満",自分ひとり,3泊,東京,金沢エリア  （湯涌温泉、深谷温泉、犀川温泉など）,1泊,,,,,,,,,旅行会社ツアーバス,0,0,0,0,0,1,0,,0,0,0,0,3,バス到着後、美術館への方向が分かりづらく、また上り坂もあるため,,,初めて,"温泉や露天風呂, 地元の美味しいものを食べる, 名所、旧跡の観光",0,1,1,0,1,0,0,0,0,0,0,0,0,0,0,0,0,0,"インターネット・アプリ, Googleマップ",0,1,1,0,0,0,0,0,0,0,1,0,0,0,0,0,0,0,0,0,0,0,0,0,0,,,,,,"5,000円以上 10,000円未満",,使わない,,,,,,,,,,,,4,スタッフらの接客はよかったが、時間の都合上商品はあまり見れなかったため,良い作品もあったが、総展示数が少ないように感じたため,,,,7,どちらともいえない,海鮮、能登牛、金沢カレー、観光地を模した造形品（スノードームとかで表現する） 金沢周辺での観光。交通ルートが整備されているので回りやすく,石川県立美術館,同意する,,,,,,,2001,,,,,,
石川,2024/03/07 16:55:38,神奈川県,女,1973,,100万円未満,自分ひとり,日帰り,日帰り,石川県内には宿泊しない,石川県内には宿泊しない,,,,,,,,,深夜バス,0,0,0,0,0,0,0,,0,0,0,0,5,待たずに乗れた,,,6～10回目,裁判,0,0,0,0,0,0,0,0,0,0,0,0,0,0,0,0,0,0,観光協会等の案内所,0,0,0,0,0,0,0,0,0,0,0,0,0,0,0,0,0,0,0,0,0,1,0,0,0,,,,,,使わない,,"1,000円未満",,,,,,,,,,,,2,ポストカードを増やして欲しい,毎回　新しい作品に出会える,,,,2,また行きたい（1年以内）,ポストカード 石川の魅力が溢れているから,石川県立美術館,同意する,,,,,,,1973,,,,,,
石川,2024/03/08 9:11:13,神奈川県,男,1965,,"1,500万円以上",自分ひとり,1泊,石川県外には泊まらない,金沢エリア  （湯涌温泉、深谷温泉、犀川温泉など）,1泊,,,,,,,,,新幹線,0,0,1,0,0,0,0,,0,0,0,0,4,,,,2～5回目,"地元の美味しいものを食べる, まちあるき、都市散策",0,0,1,0,0,0,0,0,0,0,1,0,0,0,0,0,0,0,観光パンフレット・ポスター,0,0,0,0,0,0,0,0,0,0,0,0,0,0,0,0,0,0,0,0,1,0,0,0,0,,,,,,"5,000円以上 10,000円未満",,"1,000円未満",,,,,,,,,,,,2,展示方法,,,,,6,機会があれば行きたい,特にない,石川県立美術館,同意する,,,,,,,1965,,,,,,
石川,2024/03/10 17:59:00,栃木県,女,1970,,600万円以上 700万円未満,親,2泊,石川県外には泊まらない,金沢エリア  （湯涌温泉、深谷温泉、犀川温泉など）,2泊,,,,,,,,,新幹線,0,0,1,0,0,0,0,,0,0,0,0,,,,,初めて,"地元の美味しいものを食べる, 名所、旧跡の観光",0,0,1,0,1,0,0,0,0,0,0,0,0,0,0,0,0,0,"観光展・物産展, 新聞・雑誌・ガイドブック",0,0,0,0,0,0,0,0,0,0,0,0,0,0,0,0,1,0,0,0,0,0,1,0,0,,,,,,"5,000円以上 10,000円未満",,"1,000円未満",,,,,,,,,,,,4,,,,,,7,また行きたい（1年以内）,庭、工芸品が素晴らしい、また来ます 兼六園の素晴らしさ、梅が綺麗だった,石川県立美術館,同意する,,,,,,,1970,,,,,,
石川,2024/03/11 14:34:59,神奈川県,女,1990,,"1,000万円以上 1,200万円未満",親,3泊,石川県外には泊まらない,金沢エリア  （湯涌温泉、深谷温泉、犀川温泉など）,3泊,,,,,,,,,"レンタカー, 新幹線",0,1,1,0,0,0,0,,0,0,0,0,4,,,,初めて,"宿でのんびり過ごす, 地元の美味しいものを食べる",1,0,1,0,0,0,0,0,0,0,0,0,0,0,0,0,0,0,観光協会等の案内所,0,0,0,0,0,0,0,0,0,0,0,0,0,0,0,0,0,0,0,0,0,1,0,0,0,,,,,,"20,000円以上 30,000円未満",,"40,000円以上 50,000円未満",,,,,,,,,,,,4,,,,,,7,機会があれば行きたい,酒造を巡るアクティブ 美味しいおでんを勧めたい,石川県立美術館,同意する,,,,,,,1990,,,,,,
石川,2024/03/12 7:19:57,埼玉県,女,1974,,200万円以上 300万円未満,中学生以下連れの家族,2泊,石川県外には泊まらない,金沢エリア  （湯涌温泉、深谷温泉、犀川温泉など）,2泊,,,,,,,,,新幹線,0,0,1,0,0,0,0,,0,0,0,0,,,,,初めて,"名所、旧跡の観光, 友人・親戚を訪ねる",0,0,0,0,1,0,0,0,0,0,0,0,0,0,0,0,0,0,観光展・物産展,0,0,0,0,0,0,0,0,0,0,0,0,0,0,0,0,0,0,0,0,0,0,1,0,0,,,,,,"20,000円以上 30,000円未満",,使わない,,,,,,,,,,,,3,ショプやレストランには寄らず,国宝が一つの部屋で飾られておりみやすくわかりやすかったが、きっと混雑してる時期は近くまで行くのにかなり時間を要することだろうと思いました,,,,10,また行きたい（1年以内）,兼六園周りに哀しげな売り物件があったので兼六園見たあとなどに寄れる道の駅的なものを作ってくれると買い物や食べたり休憩できて良い 映像での説明を見たあと展示物を見るべき,石川県立美術館,同意する,,,,,,,1974,,,,,,
石川,2024/03/12 12:30:34,神奈川県,男,1956,,700万円以上 800万円未満,自分ひとり,3泊,福井県,金沢エリア  （湯涌温泉、深谷温泉、犀川温泉など）,1泊,,,,,,,,,新幹線,0,0,1,0,0,0,0,,0,0,0,0,4,バスの混雑が酷くなかった,,,初めて,"テーマパーク（遊園地、動物園、博物館など）, まちあるき、都市散策",0,0,0,0,0,1,0,0,0,0,1,0,0,0,0,0,0,0,観光パンフレット・ポスター,0,0,0,0,0,0,0,0,0,0,0,0,0,0,0,0,0,0,0,0,1,0,0,0,0,,,,,,"5,000円以上 10,000円未満",,"1,000円以上 3,000円未満",,,,,,,,,,,,4,ゆっくりと鑑賞できた,スペースがゆったり,,,,5,機会があれば行きたい,観光　飲食 特にありません,石川県立美術館,同意する,,赤レンガ美術館,,,,,1956,,,,,,
石川,2024/03/12 20:51:05,三重県,男,1967,,800万円以上 900万円未満,職場の同僚,4泊以上,石川県外には泊まらない,能登エリア （和倉温泉、七尾市、輪島市、珠洲市など）,4泊以上,,,,,,,,,在来線,0,0,0,1,0,0,0,,0,0,0,0,4,駅から早く着くことができたから。,,,初めて,災害支援,0,0,0,0,0,0,0,0,0,0,0,0,0,0,0,0,0,0,観光協会等の案内所,0,0,0,0,0,0,0,0,0,0,0,0,0,0,0,0,0,0,0,0,0,1,0,0,0,,,,,,"20,000円以上 30,000円未満",,使わない,,,,,,,,,,,,4,入場料が安いから。,展示スペースが広く、展示作品も多岐にわたっているから。,,,,8,また行きたい（1年以内）,他県での石川県の魅力をアピールするイベント 兼六園等の観光スポットに近接している。,石川県立美術館,同意する,,,,,,,1967,,,,,,
石川,2024/03/12 21:07:49,兵庫県,女,1996,,500万円以上 600万円未満,恋人,1泊,石川県外には泊まらない,金沢エリア  （湯涌温泉、深谷温泉、犀川温泉など）,1泊,,,,,,,,,在来線,0,0,0,1,0,0,0,,0,0,0,0,5,自転車での移動は効率的でした,,,初めて,"地元の美味しいものを食べる, 名所、旧跡の観光, まちあるき、都市散策",0,0,1,0,1,0,0,0,0,0,1,0,0,0,0,0,0,0,インターネット・アプリ,0,0,0,0,0,0,0,0,0,0,1,0,0,0,0,0,0,0,0,0,0,0,0,0,0,,,,,,"5,000円以上 10,000円未満",,"1,000円未満",,,,,,,,,,,,5,,とてもゆったりとした空間で落ち着いて鑑賞できました,,,,10,また行きたい（1年以内）,お寿司がよかったです 古九谷焼の展示と城跡の見学,石川県立美術館,同意する,,,,,,,1996,,,,,,
石川,2024/03/13 12:43:03,富山県,男,1987,,400万円以上 500万円未満,自分ひとり,日帰り,富山からきました,石川県内には宿泊しない,石川県内には宿泊しない,,,,,,,,,自家用車,1,0,0,0,0,0,0,,0,0,0,0,4,落ち着いて観光できました,,,2～5回目,"花見や紅葉などの自然鑑賞, 名所、旧跡の観光, お祭りやイベントへの参加・見物",0,0,0,1,1,0,0,1,0,0,0,0,0,0,0,0,0,0,観光展・物産展,0,0,0,0,0,0,0,0,0,0,0,0,0,0,0,0,0,0,0,0,0,0,1,0,0,,,,,,使わない,,"1,000円以上 3,000円未満",,,,,,,,,,,,4,キレイでした,,,,,9,また行きたい（1年以内）,クラシックな観光を求めてます,石川県立美術館,同意する,,県立博物館,,,,,1987,,,,,,
石川,2024/03/14 12:03:28,兵庫県,男,1954,,200万円以上 300万円未満,自分ひとり,1泊,石川県外には泊まらない,金沢エリア  （湯涌温泉、深谷温泉、犀川温泉など）,1泊,,,,,,,,,在来線,0,0,0,1,0,0,0,,0,0,0,0,2,バス停から遠い　車椅子では不便,,,6～10回目,地元の美味しいものを食べる,0,0,1,0,0,0,0,0,0,0,0,0,0,0,0,0,0,0,観光パンフレット・ポスター,0,0,0,0,0,0,0,0,0,0,0,0,0,0,0,0,0,0,0,0,1,0,0,0,0,,,,,,"10,000円以上 20,000円未満",,使わない,,,,,,,,,,,,3,,,,,,8,また行きたい（1年以内）,徳田八十吉,石川県立美術館,同意する,,,,,,,1954,,,,,,
石川,2024/03/15 13:20:39,富山県,女,1962,,400万円以上 500万円未満,自分ひとり,日帰り,石川県外には泊まらない,石川県内には宿泊しない,石川県内には宿泊しない,,,,,,,,,バス,0,0,0,0,0,0,0,,0,0,0,0,4,わかりやすい,,,初めて,"名所、旧跡の観光, まちあるき、都市散策",0,0,0,0,1,0,0,0,0,0,1,0,0,0,0,0,0,0,観光パンフレット・ポスター,0,0,0,0,0,0,0,0,0,0,0,0,0,0,0,0,0,0,0,0,1,0,0,0,0,,,,,,"10,000円以上 20,000円未満",,"1,000円未満",,,,,,,,,,,,3,,,,,,7,また行きたい（1年以内）,体験をたくさんしたい バスが充実,石川県立美術館,同意する,,,,,,,1962,,,,,,
石川,2024/03/15 13:35:38,滋賀県,女,1956,,400万円以上 500万円未満,自分ひとり,1泊,石川県外には泊まらない,金沢エリア  （湯涌温泉、深谷温泉、犀川温泉など）,1泊,,,,,,,,,在来線,0,0,0,1,0,0,0,,0,0,0,0,4,サンダーバードに乗りたかった。直通ラストですね。駅でのバス案内が分かりやすくてよかったです。,,,初めて,"名所、旧跡の観光, テーマパーク（遊園地、動物園、博物館など）, まちあるき、都市散策",0,0,0,0,1,1,0,0,0,0,1,0,0,0,0,0,0,0,"観光パンフレット・ポスター, 観光協会等の案内所",0,0,0,0,0,0,0,0,0,0,0,0,0,0,0,0,0,0,0,0,1,1,0,0,0,,,,,,"10,000円以上 20,000円未満",,"3,000円以上 5,000円未満",,,,,,,,,,,,4,,ゆっくりと鑑賞できた。良いもの、好きなものを沢山見ることができ大満足です。空間が広いのもいいです。心が洗われるようです。,,,,10,また行きたい（1年以内）,特になし いいものに出会い、いい時間を過ごせるから。,石川県立美術館,同意する,,,,国立工芸館,,,1956,,,,,,
石川,2024/03/17 23:44:10,大阪府,男,1963,,"1,000万円以上 1,200万円未満",自分ひとり,1泊,石川県外には泊まらない,金沢エリア  （湯涌温泉、深谷温泉、犀川温泉など）,1泊,,,,,,,,,在来線,0,0,0,1,0,0,0,,0,0,0,0,,,,,2～5回目,"名所、旧跡の観光, お祭りやイベントへの参加・見物",0,0,0,0,1,0,0,1,0,0,0,0,0,0,0,0,0,0,観光パンフレット・ポスター,0,0,0,0,0,0,0,0,0,0,0,0,0,0,0,0,0,0,0,0,1,0,0,0,0,,,,,,"1,000円以上 3,000円未満",,使わない,,,,,,,,,,,,3,,古九谷の名品を見られた。,,,,7,機会があれば行きたい,リーズナブルで質の高い料理 展示品の充実具合,石川県立美術館,同意する,,,,金沢城,,,1963,,,,,,
石川,2024/03/19 11:58:56,東京都,男,2004,,100万円以上 200万円未満,友人,2泊,石川県外には泊まらない,金沢エリア  （湯涌温泉、深谷温泉、犀川温泉など）,2泊,,,,,,,,,新幹線,0,0,1,0,0,0,0,,0,0,0,0,,近くに観光地が密集しており、回りやすい。,,,初めて,"宿でのんびり過ごす, 地元の美味しいものを食べる, 名所、旧跡の観光, テーマパーク（遊園地、動物園、博物館など）, まちあるき、都市散策",1,0,1,0,1,1,0,0,0,0,1,0,0,0,0,0,0,0,"TV・ラジオ番組やCM, 観光パンフレット・ポスター, インターネット・アプリ",0,0,0,0,0,0,0,0,0,0,1,0,0,0,1,0,0,0,0,0,1,0,0,0,0,,,,,,"10,000円以上 20,000円未満",,"1,000円未満",,,,,,,,,,,,4,展示物のクオリティが良い,,,,,6,機会があれば行きたい,特になし,石川県立美術館,同意する,,,,,,,2004,,,,,,
石川,2024/03/19 13:03:18,茨城県,男,1956,,300万円以上 400万円未満,夫婦2人,4泊以上,富山県,金沢エリア  （湯涌温泉、深谷温泉、犀川温泉など）,1泊,,,,,,,,,自家用車,1,0,0,0,0,0,0,,0,0,0,0,,,,,初めて,"温泉や露天風呂, 地元の美味しいものを食べる, 名所、旧跡の観光",0,1,1,0,1,0,0,0,0,0,0,0,0,0,0,0,0,0,"観光パンフレット・ポスター, インターネット・アプリ",0,0,0,0,0,0,0,0,0,0,1,0,0,0,0,0,0,0,0,0,1,0,0,0,0,,,,,,"30,000円以上 40,000円未満",,"1,000円未満",,,,,,,,,,,,4,見学しやすい,綺麗で見学しやすい,,,,10,機会があれば行きたい,特になし 蒔絵,石川県立美術館,同意する,,,,,,,1956,,,,,,
石川,2024/03/19 13:07:52,茨城県,男,1956,,300万円以上 400万円未満,夫婦2人,4泊以上,富山県,金沢エリア  （湯涌温泉、深谷温泉、犀川温泉など）,1泊,,,,,,,,,自家用車,1,0,0,0,0,0,0,,0,0,0,0,5,,,,初めて,"宿でのんびり過ごす, 温泉や露天風呂, 地元の美味しいものを食べる, 名所、旧跡の観光",1,1,1,0,1,0,0,0,0,0,0,0,0,0,0,0,0,0,"観光連盟やDMOのHP, インターネット・アプリ",0,0,0,0,0,0,0,0,0,0,1,0,0,0,0,0,0,0,0,0,0,0,0,1,0,,,,,,"20,000円以上 30,000円未満",,"1,000円未満",,,,,,,,,,,,4,,,,,,8,機会があれば行きたい,特になし,石川県立美術館,同意する,,,,,,,1956,,,,,,
石川,2024/03/20 14:22:54,長野県,男,2002,,"1,000万円以上 1,200万円未満",恋人,3泊,富山県,金沢エリア  （湯涌温泉、深谷温泉、犀川温泉など）,2泊,,,,,,,,,"自家用車, 新幹線",1,0,1,0,0,0,0,,0,0,0,0,5,,,,初めて,"宿でのんびり過ごす, 温泉や露天風呂, 地元の美味しいものを食べる, 名所、旧跡の観光, 買い物、アウトレット, まちあるき、都市散策, 友人・親戚を訪ねる",1,1,1,0,1,0,1,0,0,0,1,0,0,0,0,0,0,0,観光パンフレット・ポスター,0,0,0,0,0,0,0,0,0,0,0,0,0,0,0,0,0,0,0,0,1,0,0,0,0,,,,,,"5,000円以上 10,000円未満",,"1,000円未満",,,,,,,,,,,,5,,,,,,8,機会があれば行きたい,金のリング,石川県立美術館,同意する,,,,,,,2002,,,,,,
石川,2024/03/20 14:24:17,長野県,女,2002,,100万円未満,恋人,3泊,富山県,金沢エリア  （湯涌温泉、深谷温泉、犀川温泉など）,2泊,,,,,,,,,"自家用車, 新幹線",1,0,1,0,0,0,0,,0,0,0,0,5,,,,初めて,"宿でのんびり過ごす, 温泉や露天風呂, 地元の美味しいものを食べる, 名所、旧跡の観光, 買い物、アウトレット, まちあるき、都市散策, 各種体験（手作り、果物狩りなど）, 友人・親戚を訪ねる",1,1,1,0,1,0,1,0,0,0,1,1,0,0,0,0,0,0,"観光パンフレット・ポスター, インターネット・アプリ",0,0,0,0,0,0,0,0,0,0,1,0,0,0,0,0,0,0,0,0,1,0,0,0,0,,,,,,"5,000円以上 10,000円未満",,"1,000円未満",,,,,,,,,,,,5,,,,,,8,機会があれば行きたい,石川の伝統文化を紹介・体験できる総合施設(様々な文化を１箇所で体験できる施設),石川県立美術館,同意する,,,,,,,2002,,,,,,
石川,2024/03/20 15:33:46,神奈川県,無回答,1970,,600万円以上 700万円未満,夫婦2人,2泊,石川県外には泊まらない,金沢エリア  （湯涌温泉、深谷温泉、犀川温泉など）,2泊,,,,,,,,,新幹線,0,0,1,0,0,0,0,,0,0,0,0,4,観光案内所での説明が丁寧だったので迷うことがなかったから,,,初めて,"地元の美味しいものを食べる, 名所、旧跡の観光, まちあるき、都市散策",0,0,1,0,1,0,0,0,0,0,1,0,0,0,0,0,0,0,家族,0,0,0,0,0,0,0,0,0,0,0,0,0,0,0,0,0,0,0,0,0,0,0,0,1,,,,,,"10,000円以上 20,000円未満",,"1,000円以上 3,000円未満",,,,,,,,,,,,4,,,,,,8,機会があれば行きたい,特になし,石川県立美術館,同意する,,,,武家屋敷界隈,,,1970,,,,,,
石川,2024/03/20 15:34:25,神奈川県,男,1967,,700万円以上 800万円未満,夫婦2人,2泊,石川県外には泊まらない,金沢エリア  （湯涌温泉、深谷温泉、犀川温泉など）,2泊,,,,,,,,,新幹線,0,0,1,0,0,0,0,,0,0,0,0,4,道の雰囲気が良い,,,初めて,"宿でのんびり過ごす, 地元の美味しいものを食べる, まちあるき、都市散策",1,0,1,0,0,0,0,0,0,0,1,0,0,0,0,0,0,0,新聞・雑誌・ガイドブック,0,0,0,0,0,0,0,0,0,0,0,0,0,0,0,0,1,0,0,0,0,0,0,0,0,,,,,,"20,000円以上 30,000円未満",,"20,000円以上 30,000円未満",,,,,,,,,,,,5,従業員の態度が良い,カフェがあり展示物もスペースに余裕があった,,,,7,機会があれば行きたい,いいと思う 雰囲気が良い,石川県立美術館,同意する,,,,,,,1967,,,,,,
石川,2024/03/28 14:14:01,石川県,女,2002,,"1,000万円以上 1,200万円未満",自分ひとり,日帰り,石川県外には泊まらない,石川県内には宿泊しない,石川県内には宿泊しない,,,,,,,,,自家用車,1,0,0,0,0,0,0,,0,0,0,0,,,,,2～5回目,石川県立美術館での展示訪問,0,0,0,0,0,0,0,0,0,0,0,0,0,0,0,0,0,0,X(旧：Twitter),0,0,0,0,0,1,0,0,0,0,0,0,0,0,0,0,0,0,0,0,0,0,0,0,0,,,,,,使わない,,"1,000円以上 3,000円未満",,,,,,,,,,,,5,,,,,,10,石川県在住,刀剣の展示は全国から人を集めることができるので、これからもたくさんおこなってほしい。石川県という都市から離れた土地であっても、文化の面で活躍してほしい,石川県立美術館,同意する,,,,,,,2002,,,,,,
石川,2024/03/29 7:47:33,神奈川県,女,1973,,700万円以上 800万円未満,恋人,1泊,石川県外には泊まらない,金沢エリア  （湯涌温泉、深谷温泉、犀川温泉など）,1泊,,,,,,,,,飛行機,0,0,0,0,1,0,0,,0,0,0,0,,,,,初めて,"地元の美味しいものを食べる, 名所、旧跡の観光, 買い物、アウトレット, まちあるき、都市散策",0,0,1,0,1,0,1,0,0,0,1,0,0,0,0,0,0,0,兼六園と共通チケットで,0,0,0,0,0,0,0,0,0,0,0,0,0,0,0,0,0,0,0,0,0,0,0,0,1,,,,,,"5,000円以上 10,000円未満",,使わない,,,,,,,,,,,,3,魅力的なお土産があるともっと良かった,施設は静かで、トイレも綺麗だった,,,,6,機会があれば行きたい,海鮮が楽しみで行きました 今回一泊で、金沢駅周辺しか行けなかったので、ゆったりした広範囲の観光を勧めたい,石川県立美術館,同意する,,,,,,,1973,,,,,,
石川,2024/03/29 12:21:11,福岡県,女,1981,,"1,200万円以上 1,500万円未満",自分ひとり,1泊,石川県外には泊まらない,金沢エリア  （湯涌温泉、深谷温泉、犀川温泉など）,1泊,,,,,,,,,飛行機,0,0,0,0,1,0,0,,0,0,0,0,,,,,6～10回目,"宿でのんびり過ごす, 地元の美味しいものを食べる, テーマパーク（遊園地、動物園、博物館など）, まちあるき、都市散策",1,0,1,0,0,1,0,0,0,0,1,0,0,0,0,0,0,0,X(旧：Twitter),0,0,0,0,0,1,0,0,0,0,0,0,0,0,0,0,0,0,0,0,0,0,0,0,0,,,,,,"10,000円以上 20,000円未満",,"1,000円以上 3,000円未満",,,,,,,,,,,,5,展示が見やすかったです,トイレがきれい　順路がわかりやすい,,,,10,機会があれば行きたい,郷土料理が食べたいです。あと洋菓子が全体的に見た目も美しく美味しいですね,石川県立美術館,同意する,,,,文学館,,,1981,,,,,,
石川,2024/03/29 17:01:39,長野県,女,1994,,600万円以上 700万円未満,小学生以下連れの家族,1泊,石川県外には泊まらない,金沢エリア  （湯涌温泉、深谷温泉、犀川温泉など）,1泊,,,,,,,,,自家用車,1,0,0,0,0,0,0,,0,0,0,0,,,,,2～5回目,"温泉や露天風呂, 地元の美味しいものを食べる, 花見や紅葉などの自然鑑賞, 名所、旧跡の観光, まちあるき、都市散策, ドライブ・ツーリング",0,1,1,1,1,0,0,0,0,0,1,0,0,0,1,0,0,0,"新聞・雑誌・ガイドブック, インターネット・アプリ",0,0,0,0,0,0,0,0,0,0,1,0,0,0,0,0,1,0,0,0,0,0,0,0,0,,,,,,"5,000円以上 10,000円未満",,"1,000円以上 3,000円未満",,,,,,,,,,,,4,,,,,,8,機会があれば行きたい,美味しいものを色々食べたいのですが、それぞれの場所が絶妙に離れていて車で行くにも歩くにもちょっと不便でした。文化施設がたくさんまとまってあって色々見れたのはよかったです。,石川県立美術館,同意する,,,,,,,1994,,,,,,
石川,2024/03/30 11:11:42,新潟県,女,1977,,400万円以上 500万円未満,中学生以下連れの家族,2泊,富山県,石川県内には宿泊しない,石川県内には宿泊しない,,,,,,,,,自家用車,1,0,0,0,0,0,0,,0,0,0,0,,,,,6～10回目,"まちあるき、都市散策, 前田家の刀剣鑑賞",0,0,0,0,0,0,0,0,0,0,1,0,0,0,0,0,0,0,"インターネット・アプリ, X(旧：Twitter)",0,0,0,0,0,1,0,0,0,0,1,0,0,0,0,0,0,0,0,0,0,0,0,0,0,,,,,,"10,000円以上 20,000円未満",,"5,000円以上 10,000円未満",,,,,,,,,,,,5,見たかった前田家の刀剣たちが見られた,無料の駐車場がもう少し広いと有り難い,,,,10,また行きたい（1年以内）,特になし １日最大料金九百円で停められる駐車場が近くにある,石川県立美術館,同意する,,,,,,,1977,,,,,,
石川,2024/03/31 11:00:15,石川県,女,1984,,100万円以上 200万円未満,自分ひとり,1泊,夜行バスにて宿泊,石川県内には宿泊しない,石川県内には宿泊しない,,,,,,,,,県外から訪れていない（石川県内在住）,0,0,0,0,0,0,0,,0,0,0,0,3,坂があるので自転車では全て行くのは辞めたため,,,6～10回目,テーマパーク（遊園地、動物園、博物館など）,0,0,0,0,0,1,0,0,0,0,0,0,0,0,0,0,0,0,X(旧：Twitter),0,0,0,0,0,1,0,0,0,0,0,0,0,0,0,0,0,0,0,0,0,0,0,0,0,,,,,,使わない,,"1,000円以上 3,000円未満",,,,,,,,,,,,5,人が多すぎず、じっくりと何度もみれた,無料ロッカーがあるので荷物を預けらて楽だった,,,,8,石川県在住,特になし 数年ぶりに展示された刀があったから,石川県立美術館,同意する,,,,,,,1984,,,,,,
石川,2024/01/21 18:09:12,北海道,男,1999,,300万円以上 400万円未満,自分ひとり,2泊,愛知県(名古屋),加賀エリア （山代温泉、山中温泉、片山津温泉、粟津温泉、辰口温泉、加賀市、小松市など）,1泊,,,,,,,,,"在来線, 飛行機",0,0,0,1,1,0,0,,0,0,0,0,4,金沢中心市街からは少し離れているものの、北陸道からのアクセスが良いため小松空港を往復する際の寄り道として訪問できたため。,,,初めて,"温泉や露天風呂, 名所、旧跡の観光, まちあるき、都市散策",0,1,0,0,1,0,0,0,0,0,1,0,0,0,0,0,0,0,新聞・雑誌・ガイドブック,0,0,0,0,0,0,0,0,0,0,0,0,0,0,0,0,1,0,0,0,0,0,0,0,0,,,,,,"20,000円以上 30,000円未満",,使わない,,,,,,,,,,,,4,,,,,,9,また行きたい（1年以内）,現状で満足のため特になし,からくり記念館,同意する,,卯辰山公園見晴し台,,,,,1999,,,,,,
石川,2024/02/04 15:30:56,京都府,男,1995,,600万円以上 700万円未満,友人,2泊,石川県外には泊まらない,金沢エリア  （湯涌温泉、深谷温泉、犀川温泉など）,2泊,,,,,,,,,在来線,0,0,0,1,0,0,0,,0,0,0,0,3,バスの本数が少ないため,,,初めて,"お祭りやイベントへの参加・見物, まちあるき、都市散策, 各種体験（手作り、果物狩りなど）, ラブライブ！の聖地巡礼",0,0,0,0,0,0,0,1,0,0,1,1,0,0,0,0,0,0,X(旧：Twitter),0,0,0,0,0,1,0,0,0,0,0,0,0,0,0,0,0,0,0,0,0,0,0,0,0,,,,,,"5,000円以上 10,000円未満",,"1,000円未満",,,,,,,,,,,,5,,,,,,10,また行きたい（1年以内）,特になし,からくり記念館,同意する,,,,,,,1995,,,,,,
石川,2024/02/05 21:14:54,兵庫県,男,1986,,500万円以上 600万円未満,小学生以下連れの家族,1泊,石川県外には泊まらない,金沢エリア  （湯涌温泉、深谷温泉、犀川温泉など）,1泊,,,,,,,,,在来線,0,0,0,1,0,0,0,,0,0,0,0,2,バスの本数が少なく、また10時台にからくり記念館に行くバスが全くなく、大変でした。,,,初めて,"地元の美味しいものを食べる, 名所、旧跡の観光, まちあるき、都市散策",0,0,1,0,1,0,0,0,0,0,1,0,0,0,0,0,0,0,インターネット・アプリ,0,0,0,0,0,0,0,0,0,0,1,0,0,0,0,0,0,0,0,0,0,0,0,0,0,,,,,,"3,000円以上 5,000円未満",,"1,000円未満",,,,,,,,,,,,4,からくり人形の実演をたまたま見ることができてとても良かったです。,受付の方も大変丁寧で良かったです。,,,,8,機会があれば行きたい,石川県の飲食は海の幸が豊富でとても良かったです、バイ貝を初めて知りました。めっちゃ美味しかったです。お土産に買った味噌饅頭、もっと食べたいくらい美味しかったのでまた買いに行きたいです！ パズルや仕掛けを見ることができ、面白い。,からくり記念館,同意する,,,,糀パーク,,,1986,,,,,,
石川,2024/02/10 14:01:29,宮崎県,男,1978,,400万円以上 500万円未満,自分ひとり,2泊,石川県外には泊まらない,金沢エリア  （湯涌温泉、深谷温泉、犀川温泉など）,2泊,,,,,,,,,新幹線,0,0,1,0,0,0,0,,0,0,0,0,4,マイカー感覚で動けるので,,,初めて,"地元の美味しいものを食べる, 名所、旧跡の観光, 友人・親戚を訪ねる",0,0,1,0,1,0,0,0,0,0,0,0,0,0,0,0,0,0,インターネット・アプリ,0,0,0,0,0,0,0,0,0,0,1,0,0,0,0,0,0,0,0,0,0,0,0,0,0,,,,,,"5,000円以上 10,000円未満",,"1,000円未満",,,,,,,,,,,,4,説明が丁寧で分かりやすかった,展示が楽しかった,,,,7,機会があれば行きたい,魚介類、甘味 単純に楽しい,からくり記念館,同意する,,,,,,,1978,,,,,,
石川,2024/02/18 10:53:57,大阪府,男,1991,,700万円以上 800万円未満,友人,1泊,石川県外には泊まらない,金沢エリア  （湯涌温泉、深谷温泉、犀川温泉など）,1泊,,,,,,,,,"レンタカー, 在来線",0,1,0,1,0,0,0,,0,0,0,0,5,,,,初めて,地元の美味しいものを食べる,0,0,1,0,0,0,0,0,0,0,0,0,0,0,0,0,0,0,インターネット・アプリ,0,0,0,0,0,0,0,0,0,0,1,0,0,0,0,0,0,0,0,0,0,0,0,0,0,,,,,,"5,000円以上 10,000円未満",,"1,000円未満",,,,,,,,,,,,5,,,,,,9,機会があれば行きたい,特になし,からくり記念館,同意する,,,,,,,1991,,,,,,
石川,2024/02/23 12:48:51,東京都,男,1984,,600万円以上 700万円未満,自分ひとり,2泊,石川県外には泊まらない,金沢エリア  （湯涌温泉、深谷温泉、犀川温泉など）,2泊,,,,,,,,,新幹線,0,0,1,0,0,0,0,,0,0,0,0,5,ホテルの傍にポートがあって利用しやすかった,,,初めて,"宿でのんびり過ごす, 温泉や露天風呂, 名所、旧跡の観光, まちあるき、都市散策",1,1,0,0,1,0,0,0,0,0,1,0,0,0,0,0,0,0,"インターネット・アプリ, 地図アプリで見かけて",0,0,0,0,0,0,0,0,0,0,1,0,0,0,0,0,0,0,0,0,0,0,0,0,0,,,,,,"30,000円以上 40,000円未満",,"1,000円未満",,,,,,,,,,,,5,展示が面白かった,せっかくなのでグッズ的なものがあれば,,,,7,機会があれば行きたい,自転車で移動しましたが、意外と水はけが悪い。自転車道（ブルーライン）が分かりにくい。土産物販売場所があまりない感。,からくり記念館,同意する,,県庁（喫茶フロア）、まあ近江町市場にも行っていますが,,兼六園,,,1984,,,,,,
石川,2024/02/26 16:10:08,大阪府,女,1986,,"1,000万円以上 1,200万円未満",小学生以下連れの家族,1泊,石川県外には泊まらない,金沢エリア  （湯涌温泉、深谷温泉、犀川温泉など）,1泊,,,,,,,,,"新幹線, 在来線",0,0,1,1,0,0,0,,0,0,0,0,3,バスの本数が少ない,,,初めて,"宿でのんびり過ごす, 地元の美味しいものを食べる, 名所、旧跡の観光, まちあるき、都市散策",1,0,1,0,1,0,0,0,0,0,1,0,0,0,0,0,0,0,インターネット・アプリ,0,0,0,0,0,0,0,0,0,0,1,0,0,0,0,0,0,0,0,0,0,0,0,0,0,,,,,,"20,000円以上 30,000円未満",,"1,000円未満",,,,,,,,,,,,4,,,,,,6,機会があれば行きたい,なし,からくり記念館,同意する,,,,,,,1986,,,,,,
石川,2024/03/09 13:13:04,岐阜県,男,2001,,700万円以上 800万円未満,恋人,1泊,石川県外には泊まらない,金沢エリア  （湯涌温泉、深谷温泉、犀川温泉など）,1泊,,,,,,,,,自家用車,1,0,0,0,0,0,0,,0,0,0,0,,,,,初めて,まちあるき、都市散策,0,0,0,0,0,0,0,0,0,0,1,0,0,0,0,0,0,0,観光展・物産展,0,0,0,0,0,0,0,0,0,0,0,0,0,0,0,0,0,0,0,0,0,0,1,0,0,,,,,,"10,000円以上 20,000円未満",,"1,000円未満",,,,,,,,,,,,4,このような展示館は初めてで体験型なのが面白かった,全体的に綺麗だったからです,,,,5,また行きたい（1年以内）,海鮮、古き伝統 楽しめたため子連れの方に勧めたい,からくり記念館,同意する,,,,,,,2001,,,,,,
石川,2024/03/19 6:34:17,千葉県,男,1978,,800万円以上 900万円未満,職場の同僚,4泊以上,石川県外には泊まらない,金沢エリア  （湯涌温泉、深谷温泉、犀川温泉など）,4泊以上,,,,,,,,,自家用車,1,0,0,0,0,0,0,,0,0,0,0,,,,,初めて,"名所、旧跡の観光, 買い物、アウトレット, まちあるき、都市散策",0,0,0,0,1,0,1,0,0,0,1,0,0,0,0,0,0,0,インターネット・アプリ,0,0,0,0,0,0,0,0,0,0,1,0,0,0,0,0,0,0,0,0,0,0,0,0,0,,,,,,"40,000円以上 50,000円未満",,"1,000円未満",,,,,,,,,,,,4,カラクリ箱が面白かった。,綺麗だったから。もう少し交通の便が良いところだともっと良かった。,,,,9,機会があれば行きたい,Ｂ級グルメを食べたいです。 金沢城跡。尾山神社側の庭園がとても綺麗だったから。,からくり記念館,同意する,,,,,,,1978,,,,,,
石川,2024/03/20 11:18:12,滋賀県,女,1987,,200万円以上 300万円未満,恋人,1泊,石川県外には泊まらない,金沢エリア  （湯涌温泉、深谷温泉、犀川温泉など）,1泊,,,,,,,,,自家用車,1,0,0,0,0,0,0,,0,0,0,0,,,,,初めて,"温泉や露天風呂, 地元の美味しいものを食べる, 名所、旧跡の観光, テーマパーク（遊園地、動物園、博物館など）",0,1,1,0,1,1,0,0,0,0,0,0,0,0,0,0,0,0,Googleマップ,0,1,1,0,0,0,0,0,0,0,0,0,0,0,0,0,0,0,0,0,0,0,0,0,0,,,,,,"5,000円以上 10,000円未満",,"1,000円以上 3,000円未満",,,,,,,,,,,,5,手で持って触って遊べるからくり遊びがたくさんあったから,,,,,10,機会があれば行きたい,忍者寺 雨の日の訪問場所として,からくり記念館,同意する,,,,福井で寄り道しながら帰路につく,,,1987,,,,,,
石川,2024/03/25 13:51:45,大阪府,男,1974,,"1,200万円以上 1,500万円未満",小学生以下連れの家族,1泊,石川県外には泊まらない,金沢エリア  （湯涌温泉、深谷温泉、犀川温泉など）,1泊,,,,,,,,,自家用車,1,0,0,0,0,0,0,,0,0,0,0,,,,,初めて,"温泉や露天風呂, 地元の美味しいものを食べる, テーマパーク（遊園地、動物園、博物館など）, 買い物、アウトレット, まちあるき、都市散策, 各種体験（手作り、果物狩りなど）",0,1,1,0,0,1,1,0,0,0,1,1,0,0,0,0,0,0,インターネット・アプリ,0,0,0,0,0,0,0,0,0,0,1,0,0,0,0,0,0,0,0,0,0,0,0,0,0,,,,,,"5,000円以上 10,000円未満",,"1,000円未満",,,,,,,,,,,,5,色々なパズルやからくり宝箱を開けるのが楽しかった！,安い上に楽しかった！,,,,10,機会があれば行きたい,特になし,からくり記念館,同意する,,,,,,,1974,,,,,,
石川,2024/04/05 17:12:13,神奈川県,男,1984,,400万円以上 500万円未満,友人,2泊,富山県,金沢エリア  （湯涌温泉、深谷温泉、犀川温泉など）,1泊,,,,,,,,,飛行機,0,0,0,0,1,0,0,,0,0,0,0,5,公共交通機関に比べ、自由な移動が可能,,,初めて,"地元の美味しいものを食べる, 名所、旧跡の観光, まちあるき、都市散策, ドライブ・ツーリング",0,0,1,0,1,0,0,0,0,0,1,0,0,0,1,0,0,0,友人・知人,0,0,0,0,0,0,0,0,0,0,0,0,0,0,0,0,0,0,1,0,0,0,0,0,0,,,,,,"10,000円以上 20,000円未満",,"1,000円未満",,,,,,,,,,,4,3,あまり時間がなかったため、商品については何も見ていません,いくもからくりの展示があり、楽しめました,,,,7,機会があれば行きたい,飲食店の混雑具合がわかるようになるとうれしい 飯が美味い,からくり記念館,同意する,,麹パーク、那谷寺,,,,,1984,,,,,,
石川,2024/04/07 14:19:20,長野県,女,1962,,700万円以上 800万円未満,夫婦、子供1人,2泊,石川県外には泊まらない,金沢エリア  （湯涌温泉、深谷温泉、犀川温泉など）,2泊,,,,,,,,,"新幹線, 在来線",0,0,1,1,0,0,0,,0,0,0,0,3,バスの本数が少ないので、動きが制限されてしまう,,,初めて,"地元の美味しいものを食べる, 花見や紅葉などの自然鑑賞, スポーツ観戦や芸術鑑賞（コンサート等）, まちあるき、都市散策",0,0,1,1,0,0,0,0,0,0,1,0,0,0,0,0,0,0,"TV・ラジオ番組やCM, 観光連盟やDMOのHP, Instagram, 友人・知人",0,0,0,1,0,0,0,0,0,0,0,0,0,0,1,0,0,0,1,0,0,0,0,1,0,,,,,,"3,000円以上 5,000円未満",,使わない,,,,,,,,,,,5,4,久しぶりに木製パズルに触れて、懐かしかった。頭の体操にもなった,前述と同様,,,,7,また行きたい（1年以内）,特になし おいしい海鮮,からくり記念館,同意する,,主計茶屋街、金沢城,,大野付近,,,1962,,,,,,
石川,2024/04/22 10:32:43,愛知県,男,1989,,"1,000万円以上 1,200万円未満",夫婦2人,1泊,石川県外には泊まらない,金沢エリア  （湯涌温泉、深谷温泉、犀川温泉など）,1泊,,,,,,,,,自家用車,1,0,0,0,0,0,0,,0,0,0,0,,,,,初めて,"温泉や露天風呂, 地元の美味しいものを食べる, 名所、旧跡の観光, まちあるき、都市散策",0,1,1,0,1,0,0,0,0,0,1,0,0,0,0,0,0,0,インターネット・アプリ,0,0,0,0,0,0,0,0,0,0,1,0,0,0,0,0,0,0,0,0,0,0,0,0,0,,,,,,"40,000円以上 50,000円未満",,"1,000円未満",,,,,,,,,,,5,4,パズルの体験が意外と熱中しました,建物の形が興味深かったです,,,,8,また行きたい（1年以内）,現時点で満足しています。早い復興を願っています 食事が美味しい,からくり記念館,同意する,,一軒目です。,,,,,1989,,,,,,
石川,2024/04/25 12:13:36,岐阜県,男,1971,,600万円以上 700万円未満,家族,日帰り,石川県外には泊まらない,石川県内には宿泊しない,石川県内には宿泊しない,,,,,,,,,自家用車,1,0,0,0,0,0,0,,0,0,0,0,,,,,初めて,"テーマパーク（遊園地、動物園、博物館など）, 買い物、アウトレット, ドライブ・ツーリング, 病院の検査",0,0,0,0,0,1,1,0,0,0,0,0,0,0,1,0,0,0,インターネット・アプリ,0,0,0,0,0,0,0,0,0,0,1,0,0,0,0,0,0,0,0,0,0,0,0,0,0,,,,,,使わない,,"1,000円以上 3,000円未満",,,,,,,,,,,4,5,からくりそのものが面白かった,展示物も、建物自体も良かった,,,,8,また行きたい（1年以内）,海産物など海の幸 食べ物が美味しいことはもちろん、見るところがたくさんある,からくり記念館,同意する,,高岡市内の病院,,小矢部アウトレット,,,1971,,,,,,
石川,2024/04/27 11:55:54,京都府,女,1965,,200万円以上 300万円未満,友人,2泊,石川県外には泊まらない,能登エリア （和倉温泉、七尾市、輪島市、珠洲市など）,2泊,,,,,,,,,バイク,0,0,0,0,0,0,0,,0,0,0,0,4,北陸道が少し渋滞していた,,,初めて,"温泉や露天風呂, 地元の美味しいものを食べる, お祭りやイベントへの参加・見物",0,1,1,0,0,0,0,1,0,0,0,0,0,0,0,0,0,0,友人・知人,0,0,0,0,0,0,0,0,0,0,0,0,0,0,0,0,0,0,1,0,0,0,0,0,0,,,,,,"3,000円以上 5,000円未満",,"1,000円未満",,,,,,,,,,,5,4,からくり人形風のお土産売って欲しい,建物が凝っていた,,,,8,また行きたい（1年以内）,能登牛が美味しいので、BBQやキャンプを楽しめる施設を充実して欲しい 被災にも負けず頑張ってるので、もっと皆んなに来て欲しい,からくり記念館,同意する,,金澤港いきいき魚市,,ライダーハウスピースマリンベース,,,1965,,,,,,
石川,2024/04/27 11:55:59,京都府,女,1967,,300万円以上 400万円未満,友人,3泊,富山県,能登エリア （和倉温泉、七尾市、輪島市、珠洲市など）,2泊,,,,,,,,,自家用車,1,0,0,0,0,0,0,,0,0,0,0,,,,,初めて,"温泉や露天風呂, 地元の美味しいものを食べる, テーマパーク（遊園地、動物園、博物館など）, 買い物、アウトレット, アウトドア（海水浴、釣り、登山など）, ドライブ・ツーリング",0,1,1,0,0,1,1,0,0,1,0,0,0,0,1,0,0,0,インターネット・アプリ,0,0,0,0,0,0,0,0,0,0,1,0,0,0,0,0,0,0,0,0,0,0,0,0,0,,,,,,"3,000円以上 5,000円未満",,"1,000円未満",,,,,,,,,,,4,5,実演が楽しかった,建物が美しい,,,,9,また行きたい（1年以内）,海岸線にある手掘りの隧道が楽しい 魚介類の美味しさ,からくり記念館,同意する,,金沢港いきいき魚市,,ライダーハウス ピースマリンベース,,,1967,,,,,,
石川,2024/04/28 12:06:15,石川県,男,1984,,600万円以上 700万円未満,小学生以下連れの家族,日帰り,石川県外には泊まらない,石川県内には宿泊しない,石川県内には宿泊しない,,,,,,,,,"自家用車, 県外から訪れていない（石川県内在住）",1,0,0,0,0,0,0,,0,0,0,0,,,,,初めて,まちあるき、都市散策,0,0,0,0,0,0,0,0,0,0,1,0,0,0,0,0,0,0,友人・知人,0,0,0,0,0,0,0,0,0,0,0,0,0,0,0,0,0,0,1,0,0,0,0,0,0,,,,,,使わない,,"1,000円未満",,,,,,,,,,,5,5,かなり興味深い展示だった,とてもおもしろかった,,,,9,また行きたい（1年以内）,メジャーなものだけでなくマイナーなものももっとアピールしてほしい,からくり記念館,同意する,,小松航空プラザ,,,,,1984,,,,,,
石川,2024/05/19 17:00:20,石川県,女,1977,,700万円以上 800万円未満,小学生以下連れの家族,日帰り,石川県外には泊まらない,石川県内には宿泊しない,石川県内には宿泊しない,,,,,,,,,県外から訪れていない（石川県内在住）,0,0,0,0,0,0,0,,0,0,0,0,,,,,初めて,"テーマパーク（遊園地、動物園、博物館など）, お祭りやイベントへの参加・見物",0,0,0,0,0,1,0,1,0,0,0,0,0,0,0,0,0,0,友人・知人,0,0,0,0,0,0,0,0,0,0,0,0,0,0,0,0,0,0,1,0,0,0,0,0,0,,,,,,使わない,,"1,000円未満",,,,,,,,,,,5,5,,,,,,8,石川県在住,特になし 21世紀美術館　館外が思いの外楽しめた,からくり記念館,同意する,,金沢21世紀美術館,,,,,1977,,,,,,
石川,2024/06/01 13:32:59,大阪府,男,1991,,200万円以上 300万円未満,恋人,2泊,石川県外には泊まらない,金沢エリア  （湯涌温泉、深谷温泉、犀川温泉など）,2泊,,,,,,,,,飛行機,0,0,0,0,1,0,0,,0,0,0,0,4,,,,2～5回目,名所、旧跡の観光,0,0,0,0,1,0,0,0,0,0,0,0,0,0,0,0,0,0,TV・ラジオ番組やCM,0,0,0,0,0,0,0,0,0,0,0,0,0,0,1,0,0,0,0,0,0,0,0,0,0,,,,,,"1,000円以上 3,000円未満",,"10,000円以上 20,000円未満",,,,,,,,,,,3,3,,,,,,10,どちらともいえない,特になし,からくり記念館,同意する,,,,,,,1991,,,,,,
石川,2024/01/02 18:20:10,東京都,女,1986,,"1,000万円以上 1,200万円未満",夫婦2人,4泊以上,福井県,金沢エリア  （湯涌温泉、深谷温泉、犀川温泉など）,2泊,,,,,,,,,新幹線,0,0,1,0,0,0,0,,0,0,0,0,,,,,初めて,"地元の美味しいものを食べる, テーマパーク（遊園地、動物園、博物館など）, アウトドア（海水浴、釣り、登山など）",0,0,1,0,0,1,0,0,0,1,0,0,0,0,0,0,0,0,インターネット・アプリ,0,0,0,0,0,0,0,0,0,0,1,0,0,0,0,0,0,0,0,0,0,0,0,0,0,,,,,,"20,000円以上 30,000円未満",,"10,000円以上 20,000円未満",,,,,,,,,,,,4,,,,,,8,また行きたい（1年以内）,突然の地震で予定がほぼ崩れてしまったけど、それでも自分なりに楽しんで帰りたい。,ホテル・トリフィート金沢,同意する,,,,,,,1986,,,,,,
石川,2024/01/13 10:09:52,石川県,男,1976,,"1,000万円以上 1,200万円未満",自分ひとり,1泊,石川県外には泊まらない,金沢エリア  （湯涌温泉、深谷温泉、犀川温泉など）,1泊,,,,,,,,,自家用車,1,0,0,0,0,0,0,,0,0,0,0,,,,,初めて,出張など仕事関係,0,0,0,0,0,0,0,0,0,0,0,0,0,0,0,0,1,0,インターネット・アプリ,0,0,0,0,0,0,0,0,0,0,1,0,0,0,0,0,0,0,0,0,0,0,0,0,0,,,,,,"10,000円以上 20,000円未満",,"1,000円未満",,,,,,,,,,,,5,接客が素晴らしい、笑顔,清潔感に溢れている,,,,10,石川県在住,海や山など自然体験と農業、工芸体験 食事の素晴らしさ,ホテル・トリフィート金沢,同意する,,,,,,,1976,,,,,,
石川,2024/01/16 12:29:41,東京都,男,1975,,"1,500万円以上",夫婦2人,2泊,石川県外には泊まらない,金沢エリア  （湯涌温泉、深谷温泉、犀川温泉など）,2泊,,,,,,,,,飛行機,0,0,0,0,1,0,0,,0,0,0,0,4,飛行機との乗り継ぎが良いため,,,初めて,"地元の美味しいものを食べる, 名所、旧跡の観光, まちあるき、都市散策",0,0,1,0,1,0,0,0,0,0,1,0,0,0,0,0,0,0,インターネット・アプリ,0,0,0,0,0,0,0,0,0,0,1,0,0,0,0,0,0,0,0,0,0,0,0,0,0,,,,,,"10,000円以上 20,000円未満",,使わない,,,,,,,,,,,,4,小さいながらもキレイで程良いサービスが受けられるため,,,,,7,機会があれば行きたい,特になし,ホテル・トリフィート金沢,同意する,,,,山代温泉,,,1975,,,,,,
石川,2024/01/16 14:26:18,東京都,女,1974,,"1,500万円以上",夫婦2人,2泊,石川県外には泊まらない,金沢エリア  （湯涌温泉、深谷温泉、犀川温泉など）,2泊,,,,,,,,,飛行機,0,0,0,0,1,0,0,,0,0,0,0,,,,,2～5回目,"温泉や露天風呂, 地元の美味しいものを食べる, 名所、旧跡の観光, まちあるき、都市散策",0,1,1,0,1,0,0,0,0,0,1,0,0,0,0,0,0,0,"新聞・雑誌・ガイドブック, インターネット・アプリ, Instagram, ブログ",0,0,0,1,0,0,0,0,1,0,1,0,0,0,0,0,1,0,0,0,0,0,0,0,0,,,,,,"10,000円以上 20,000円未満",,"1,000円以上 3,000円未満",,,,,,,,,,,,5,シャワーヘッドがミラブルだった,コンパクトな部屋だが最低限のものが揃っていて、綺麗で居心地が良かった,,,,10,機会があれば行きたい,美味しいお刺身、金沢おでん、B級グルメ、能登輪島の名産品、被災された地域の復興を心から願っています。地震の直後でしたが、キャンセルせずに訪れて良かったです。 兼六園はどこを切り取っても絵になる素晴らしさでした。金澤神社の御朱印には金箔が貼られており、粋だなと思いました。山代温泉はタイムスリップしたようで癒されました。,ホテル・トリフィート金沢,同意する,,,,,,,1974,,,,,,
石川,2024/01/22 19:52:47,千葉県,女,1967,,"1,000万円以上 1,200万円未満",夫婦2人,2泊,石川県外には泊まらない,金沢エリア  （湯涌温泉、深谷温泉、犀川温泉など）,2泊,,,,,,,,,飛行機,0,0,0,0,1,0,0,,0,0,0,0,4,空港からバスでも在来線でも来れるので利便性が良かった,,,初めて,"温泉や露天風呂, 地元の美味しいものを食べる, 名所、旧跡の観光",0,1,1,0,1,0,0,0,0,0,0,0,0,0,0,0,0,0,インターネット・アプリ,0,0,0,0,0,0,0,0,0,0,1,0,0,0,0,0,0,0,0,0,0,0,0,0,0,,,,,,"20,000円以上 30,000円未満",,使わない,,,,,,,,,,,,5,エレベーター前にアメニティ等置いてあり動線が良い,綺麗,,,,9,機会があれば行きたい,美味しい物がいっぱいあるのでテレビ等でもう少し広げたら良いと思う 食べ物が美味しい。,ホテル・トリフィート金沢,同意する,,加賀温泉の温泉巡り、飲食,,,,,1967,,,,,,
石川,2024/01/25 17:48:36,東京都,女,1986,,600万円以上 700万円未満,親,2泊,石川県外には泊まらない,金沢エリア  （湯涌温泉、深谷温泉、犀川温泉など）,2泊,,,,,,,,,飛行機,0,0,0,0,1,0,0,,0,0,0,0,,,,,初めて,"宿でのんびり過ごす, 地元の美味しいものを食べる, 名所、旧跡の観光",1,0,1,0,1,0,0,0,0,0,0,0,0,0,0,0,0,0,"新聞・雑誌・ガイドブック, TV・ラジオ番組やCM, 観光パンフレット・ポスター, インターネット・アプリ, Instagram, 友人・知人",0,0,0,1,0,0,0,0,0,0,1,0,0,0,1,0,1,0,1,0,1,0,0,0,0,,,,,,"10,000円以上 20,000円未満",,"5,000円以上 10,000円未満",,,,,,,,,,,,5,ご飯が美味しい,とても綺麗でサービスもよい,,,,8,機会があれば行きたい,次回は復興した能登半島などに訪れてみたい 金沢はとても楽しかったから,ホテル・トリフィート金沢,同意する,,,,,,,1986,,,,,,
石川,2024/02/03 7:41:27,北海道,女,1987,,500万円以上 600万円未満,職場の同僚,4泊以上,石川県外には泊まらない,金沢エリア  （湯涌温泉、深谷温泉、犀川温泉など）,4泊以上,,,,,,,,,飛行機,0,0,0,0,1,0,0,,0,0,0,0,4,駅から近い,,,初めて,災害支援,0,0,0,0,0,0,0,0,0,0,0,0,0,0,0,0,0,0,インターネット・アプリ,0,0,0,0,0,0,0,0,0,0,1,0,0,0,0,0,0,0,0,0,0,0,0,0,0,,,,,,"10,000円以上 20,000円未満",,使わない,,,,,,,,,,,,4,部屋がきれいで広い,,,,,9,機会があれば行きたい,金沢おでんがおいしい。 食事が美味しい,ホテル・トリフィート金沢,同意する,,金沢駅,,,,,1987,,,,,,
石川,2024/02/07 10:44:40,岐阜県,女,1976,,"1,500万円以上",高校生以上の家族,2泊,石川県外には泊まらない,金沢エリア  （湯涌温泉、深谷温泉、犀川温泉など）,2泊,,,,,,,,,新幹線,0,0,1,0,0,0,0,,0,0,0,0,5,タクシーアプリを使ったので配車まで3分くらい、支払いもすぐ済み便利だった,,,初めて,受験,0,0,0,0,0,0,0,0,0,0,0,0,0,0,0,0,0,0,インターネット・アプリ,0,0,0,0,0,0,0,0,0,0,1,0,0,0,0,0,0,0,0,0,0,0,0,0,0,,,,,,"10,000円以上 20,000円未満",,"1,000円未満",,,,,,,,,,,,5,リファのドライヤーやアイロン　シャンプーや洗顔などとてもよかったです。,部屋が綺麗でよかったです。,,,,10,機会があれば行きたい,お抹茶と和菓子が食べられてとてもよかったです。外国の観光客が多かったですが、皆さん日本の文化に触れて楽しそうにされていて日本人の自分も嬉しくなりました。 施設、部屋も綺麗で落ち着いた雰囲気だったこと。駅が近く便利な場所だったこと,ホテル・トリフィート金沢,同意する,,,,,,,1976,,,,,,
石川,2024/02/11 20:10:59,神奈川県,女,1995,,800万円以上 900万円未満,夫婦2人,2泊,石川県外には泊まらない,金沢エリア  （湯涌温泉、深谷温泉、犀川温泉など）,2泊,,,,,,,,,自家用車,1,0,0,0,0,0,0,,0,0,0,0,,,,,初めて,"地元の美味しいものを食べる, 花見や紅葉などの自然鑑賞, 名所、旧跡の観光",0,0,1,1,1,0,0,0,0,0,0,0,0,0,0,0,0,0,インターネット・アプリ,0,0,0,0,0,0,0,0,0,0,1,0,0,0,0,0,0,0,0,0,0,0,0,0,0,,,,,,"10,000円以上 20,000円未満",,使わない,,,,,,,,,,,,5,綺麗で駅から近くて、サービスや朝ごはんが美味しいから。,過ごしやすい空間だったから。,,,,10,また行きたい（1年以内）,美味しい海産物、わかりやすいお土産品。 海産物のおいしさや見どころの多さ。,ホテル・トリフィート金沢,同意する,,,,,,,1995,,,,,,
石川,2024/02/13 16:34:56,東京都,男,1992,,"1,500万円以上",恋人,1泊,岐阜県,金沢エリア  （湯涌温泉、深谷温泉、犀川温泉など）,1泊,,,,,,,,,"新幹線, 在来線, 飛行機",0,0,1,1,1,0,0,,0,0,0,0,5,,,,2～5回目,"宿でのんびり過ごす, 温泉や露天風呂, 名所、旧跡の観光",1,1,0,0,1,0,0,0,0,0,0,0,0,0,0,0,0,0,"観光展・物産展, Instagram",0,0,0,1,0,0,0,0,0,0,0,0,0,0,0,0,0,0,0,0,0,0,1,0,0,,,,,,"10,000円以上 20,000円未満",,"40,000円以上 50,000円未満",,,,,,,,,,,,5,,,,,,9,機会があれば行きたい,0,ホテル・トリフィート金沢,同意する,,,,,,,1992,,,,,,
石川,2024/02/23 16:49:12,青森県,男,2005,,500万円以上 600万円未満,親,3泊,石川県外には泊まらない,金沢エリア  （湯涌温泉、深谷温泉、犀川温泉など）,3泊,,,,,,,,,新幹線,0,0,1,0,0,0,0,,0,0,0,0,,,,,初めて,大学入試,0,0,0,0,0,0,0,0,0,0,0,0,0,0,0,0,0,0,インターネット・アプリ,0,0,0,0,0,0,0,0,0,0,1,0,0,0,0,0,0,0,0,0,0,0,0,0,0,,,,,,"20,000円以上 30,000円未満",,"20,000円以上 30,000円未満",,,,,,,,,,,,5,受付スタッフの対応が丁寧,部屋の広さが十分,,,,8,また行きたい（1年以内）,外国人が多く来ているだけあって、接客が素晴らしいし、お土産も充実している 駅に近い,ホテル・トリフィート金沢,同意する,,,,,,,2005,,,,,,
石川,2024/02/26 13:44:52,岐阜県,男,1970,,600万円以上 700万円未満,家族,2泊,石川県外には泊まらない,金沢エリア  （湯涌温泉、深谷温泉、犀川温泉など）,2泊,,,,,,,,,在来線,0,0,0,1,0,0,0,,0,0,0,0,4,気楽,,,初めて,"地元の美味しいものを食べる, まちあるき、都市散策, 受験の付き添い",0,0,1,0,0,0,0,0,0,0,1,0,0,0,0,0,0,0,旅行会社の推薦,0,0,0,0,0,0,0,0,0,0,0,0,0,0,0,0,0,1,0,0,0,0,0,0,0,,,,,,"10,000円以上 20,000円未満",,"10,000円以上 20,000円未満",,,,,,,,,,,,4,部屋が快適だった。,大浴場の蛇口の自動で止まるタイプ、とても面倒で、２日目利用しようとは思えなかった。,,,,8,また行きたい（1年以内）,既存のもので満足でした。 食事とお酒。とても美味しかった。,ホテル・トリフィート金沢,同意する,,金沢駅,,金沢駅,,,1970,,,,,,
石川,2024/03/10 7:16:12,東京都,女,1974,,"1,000万円以上 1,200万円未満",自分ひとり,1泊,石川県外には泊まらない,金沢エリア  （湯涌温泉、深谷温泉、犀川温泉など）,1泊,,,,,,,,,"新幹線, 在来線",0,0,1,1,0,0,0,,0,0,0,0,4,駅から近い,,,2～5回目,"宿でのんびり過ごす, まちあるき、都市散策",1,0,0,0,0,0,0,0,0,0,1,0,0,0,0,0,0,0,"観光パンフレット・ポスター, インターネット・アプリ",0,0,0,0,0,0,0,0,0,0,1,0,0,0,0,0,0,0,0,0,1,0,0,0,0,,,,,,"10,000円以上 20,000円未満",,"10,000円以上 20,000円未満",,,,,,,,,,,,5,朝ごはんが楽しかった,部屋も広い,,,,9,また行きたい（1年以内）,今度は九谷焼の絵付けをしたい 朝ごはんがいろいろある,ホテル・トリフィート金沢,同意する,,,,福井,,,1974,,,,,,
石川,2024/03/15 10:59:12,大阪府,女,1976,,"900万円以上 1,000万円未満",小学生以下連れの家族,1泊,石川県外には泊まらない,金沢エリア  （湯涌温泉、深谷温泉、犀川温泉など）,1泊,,,,,,,,,在来線,0,0,0,1,0,0,0,,0,0,0,0,,,,,11回目以上,"地元の美味しいものを食べる, アウトドア（海水浴、釣り、登山など）",0,0,1,0,0,0,0,0,0,1,0,0,0,0,0,0,0,0,"観光パンフレット・ポスター, インターネット・アプリ, 友人・知人",0,0,0,0,0,0,0,0,0,0,1,0,0,0,0,0,0,0,1,0,1,0,0,0,0,,,,,,"10,000円以上 20,000円未満",,使わない,,,,,,,,,,,,4,清潔で快適　少し狭い,,,,,8,また行きたい（1年以内）,新幹線 食べ物　,ホテル・トリフィート金沢,同意する,,,,,,,1976,,,,,,
石川,2024/03/16 17:02:13,群馬県,女,1972,,300万円以上 400万円未満,親,2泊,石川県外には泊まらない,金沢エリア  （湯涌温泉、深谷温泉、犀川温泉など）,2泊,,,,,,,,,新幹線,0,0,1,0,0,0,0,,0,0,0,0,5,バスの本数、ルートが充実していたため,,,初めて,"地元の美味しいものを食べる, 名所、旧跡の観光, まちあるき、都市散策",0,0,1,0,1,0,0,0,0,0,1,0,0,0,0,0,0,0,"インターネット・アプリ, 友人・知人",0,0,0,0,0,0,0,0,0,0,1,0,0,0,0,0,0,0,1,0,0,0,0,0,0,,,,,,"20,000円以上 30,000円未満",,"10,000円以上 20,000円未満",,,,,,,,,,,,4,特になし,駅から違い,,,,8,機会があれば行きたい,特になし 美味しいものが多かったこと,ホテル・トリフィート金沢,同意する,,,,,,,1972,,,,,,
石川,2024/03/24 8:48:13,東京都,女,1995,,"900万円以上 1,000万円未満",友人,2泊,石川県外には泊まらない,金沢エリア  （湯涌温泉、深谷温泉、犀川温泉など）,2泊,,,,,,,,,新幹線,0,0,1,0,0,0,0,,0,0,0,0,5,,,,初めて,"地元の美味しいものを食べる, 名所、旧跡の観光, まちあるき、都市散策",0,0,1,0,1,0,0,0,0,0,1,0,0,0,0,0,0,0,"観光パンフレット・ポスター, インターネット・アプリ, X(旧：Twitter), Instagram, 友人・知人",0,0,0,1,0,1,0,0,0,0,1,0,0,0,0,0,0,0,1,0,1,0,0,0,0,,,,,,"10,000円以上 20,000円未満",,"10,000円以上 20,000円未満",,,,,,,,,,,,5,,,,,,10,また行きたい（1年以内）,海鮮 ごはん,ホテル・トリフィート金沢,同意する,,,,,,,1995,,,,,,
石川,2024/03/24 16:33:23,静岡県,女,1989,,200万円以上 300万円未満,夫婦2人,1泊,石川県外には泊まらない,金沢エリア  （湯涌温泉、深谷温泉、犀川温泉など）,1泊,,,,,,,,,自家用車,1,0,0,0,0,0,0,,0,0,0,0,,,,,2～5回目,"宿でのんびり過ごす, 地元の美味しいものを食べる, まちあるき、都市散策",1,0,1,0,0,0,0,0,0,0,1,0,0,0,0,0,0,0,インターネット・アプリ,0,0,0,0,0,0,0,0,0,0,1,0,0,0,0,0,0,0,0,0,0,0,0,0,0,,,,,,"5,000円以上 10,000円未満",,"10,000円以上 20,000円未満",,,,,,,,,,,,5,,お部屋のグレードアップ,,,,10,また行きたい（1年以内）,特になし,ホテル・トリフィート金沢,同意する,,,,,,,1989,,,,,,
石川,2024/03/25 21:09:24,大阪府,女,1991,,"1,000万円以上 1,200万円未満",友人,1泊,石川県外には泊まらない,金沢エリア  （湯涌温泉、深谷温泉、犀川温泉など）,1泊,,,,,,,,,新幹線,0,0,1,0,0,0,0,,0,0,0,0,4,少し混んではいたが、快適だった。交通系ICが使えるともっと混雑が避けられると思う。,,,2～5回目,"買い物、アウトレット, まちあるき、都市散策",0,0,0,0,0,0,1,0,0,0,1,0,0,0,0,0,0,0,"インターネット・アプリ, Instagram, 友人・知人",0,0,0,1,0,0,0,0,0,0,1,0,0,0,0,0,0,0,1,0,0,0,0,0,0,,,,,,"10,000円以上 20,000円未満",,"1,000円以上 3,000円未満",,,,,,,,,,,,5,アメニティのセンスがよく、使用して購入したいと思った。,荷物お預かり等、旅行者が必要なサービスが適切に提供されていた。,,,,10,また行きたい（1年以内）,石川県ならではの体験ができる場所があれば是非何度も訪れたいと思います。 とても綺麗に清掃されており、過ごしやすいホテルだったから。,ホテル・トリフィート金沢,同意する,,,,,,,1991,,,,,,
石川,2024/03/27 13:20:06,東京都,女,1976,,"1,000万円以上 1,200万円未満",中学生以下連れの家族,1泊,石川県外には泊まらない,金沢エリア  （湯涌温泉、深谷温泉、犀川温泉など）,1泊,,,,,,,,,新幹線,0,0,1,0,0,0,0,,0,0,0,0,,,,,初めて,お墓参り,0,0,0,0,0,0,0,0,0,0,0,0,0,0,0,0,0,0,インターネット・アプリ,0,0,0,0,0,0,0,0,0,0,1,0,0,0,0,0,0,0,0,0,0,0,0,0,0,,,,,,"10,000円以上 20,000円未満",,"1,000円未満",,,,,,,,,,,,5,,,,,,10,また行きたい（1年以内）,寿司,ホテル・トリフィート金沢,同意する,,,,,,,1976,,,,,,
石川,2024/03/27 23:37:19,石川県,女,1965,,300万円以上 400万円未満,自分ひとり,1泊,石川県外には泊まらない,金沢エリア  （湯涌温泉、深谷温泉、犀川温泉など）,1泊,,,,,,,,,"レンタカー, 石川県内です",0,1,0,0,0,0,0,,0,0,0,0,,,,,6～10回目,宿でのんびり過ごす,1,0,0,0,0,0,0,0,0,0,0,0,0,0,0,0,0,0,インターネット・アプリ,0,0,0,0,0,0,0,0,0,0,1,0,0,0,0,0,0,0,0,0,0,0,0,0,0,,,,,,"5,000円以上 10,000円未満",,使わない,,,,,,,,,,,,4,,,,,,8,石川県在住,特に無し 朝御飯とお風呂,ホテル・トリフィート金沢,同意する,,金沢は市内在住でホテルでゆとまくりする目的,,観光ではなく息抜き,,,1965,,,,,,
石川,2024/04/10 14:26:57,神奈川県,女,1976,,300万円以上 400万円未満,娘,1泊,石川県外には泊まらない,金沢エリア  （湯涌温泉、深谷温泉、犀川温泉など）,1泊,,,,,,,,,"新幹線, 夜行バス",0,0,1,0,0,0,0,,0,0,0,0,4,安くこられた,,,初めて,"地元の美味しいものを食べる, 名所、旧跡の観光",0,0,1,0,1,0,0,0,0,0,0,0,0,0,0,0,0,0,インターネット・アプリ,0,0,0,0,0,0,0,0,0,0,1,0,0,0,0,0,0,0,0,0,0,0,0,0,0,,,,,,"5,000円以上 10,000円未満",,"5,000円以上 10,000円未満",,,,,,,,,,,5,5,部屋がおしゃれ、お風呂やアメニティも充実していて、朝食もとても美味しかった,とても素敵だが、エレベーター待つので階段も使えたら良かった,,,,10,また行きたい（1年以内）,がすえび、ホタルイカ最高に美味しかった！ 食べ物が美味しく、ゴミゴミしていない、交通の便がよい,ホテル・トリフィート金沢,同意する,,,,,,,1976,,,,,,
石川,2024/04/12 7:23:26,島根県,女,1993,,200万円以上 300万円未満,親,2泊,石川県外には泊まらない,金沢エリア  （湯涌温泉、深谷温泉、犀川温泉など）,2泊,,,,,,,,,自家用車,1,0,0,0,0,0,0,,0,0,0,0,,,,,2～5回目,"地元の美味しいものを食べる, 花見や紅葉などの自然鑑賞, 名所、旧跡の観光",0,0,1,1,1,0,0,0,0,0,0,0,0,0,0,0,0,0,"観光展・物産展, インターネット・アプリ, Instagram",0,0,0,1,0,0,0,0,0,0,1,0,0,0,0,0,0,0,0,0,0,0,1,0,0,,,,,,"10,000円以上 20,000円未満",,"20,000円以上 30,000円未満",,,,,,,,,,,5,5,部屋がとても綺麗だし、立地も良い,部屋がとても綺麗だし、立地も良い,,,,10,機会があれば行きたい,特になし,ホテル・トリフィート金沢,同意する,,,,,,,1993,,,,,,
石川,2024/04/12 7:29:10,島根県,女,1996,,200万円以上 300万円未満,姉,2泊,石川県外には泊まらない,金沢エリア  （湯涌温泉、深谷温泉、犀川温泉など）,2泊,,,,,,,,,自家用車,1,0,0,0,0,0,0,,0,0,0,0,,,,,初めて,"宿でのんびり過ごす, 地元の美味しいものを食べる, まちあるき、都市散策",1,0,1,0,0,0,0,0,0,0,1,0,0,0,0,0,0,0,"インターネット・アプリ, Instagram, 友人・知人",0,0,0,1,0,0,0,0,0,0,1,0,0,0,0,0,0,0,1,0,0,0,0,0,0,,,,,,"10,000円以上 20,000円未満",,"30,000円以上 40,000円未満",,,,,,,,,,,4,5,お風呂のアメニティがすごく良かった。朝食が手間がかかってて美味しかった。,朝食がどれも美味しかった。,,,,8,機会があれば行きたい,お茶の美容品 解散が美味しい。パーキングが比較的安い。,ホテル・トリフィート金沢,同意する,,,,,,,1996,,,,,,
石川,2024/04/13 17:07:56,大阪府,女,1971,,"1,200万円以上 1,500万円未満",友人,2泊,石川県外には泊まらない,金沢エリア  （湯涌温泉、深谷温泉、犀川温泉など）,2泊,,,,,,,,,新幹線,0,0,1,0,0,0,0,,0,0,0,0,4,北陸新幹線は乗り心地良かったが、サンダーバードから北陸新幹線への乗り換えが面倒でした。,,,初めて,"地元の美味しいものを食べる, 花見や紅葉などの自然鑑賞, 名所、旧跡の観光, まちあるき、都市散策",0,0,1,1,1,0,0,0,0,0,1,0,0,0,0,0,0,0,インターネット・アプリ,0,0,0,0,0,0,0,0,0,0,1,0,0,0,0,0,0,0,0,0,0,0,0,0,0,,,,,,"10,000円以上 20,000円未満",,"10,000円以上 20,000円未満",,,,,,,,,,,5,5,清潔良かったです。,駅近、清潔で良かった。,,,,5,機会があれば行きたい,特になし 金沢の方がとても親切で良かった。,ホテル・トリフィート金沢,同意する,,,,,,,1971,,,,,,
石川,2024/04/22 8:30:18,埼玉県,女,1988,,300万円以上 400万円未満,恋人,1泊,石川県外には泊まらない,金沢エリア  （湯涌温泉、深谷温泉、犀川温泉など）,1泊,,,,,,,,,新幹線,0,0,1,0,0,0,0,,0,0,0,0,,,,,初めて,"地元の美味しいものを食べる, 名所、旧跡の観光, まちあるき、都市散策",0,0,1,0,1,0,0,0,0,0,1,0,0,0,0,0,0,0,インターネット・アプリ,0,0,0,0,0,0,0,0,0,0,1,0,0,0,0,0,0,0,0,0,0,0,0,0,0,,,,,,"5,000円以上 10,000円未満",,使わない,,,,,,,,,,,5,5,アメニティが充実,部屋や大浴場が清潔,,,,10,機会があれば行きたい,特になし 美味しい郷土料理,ホテル・トリフィート金沢,同意する,,,,,,,1988,,,,,,
石川,2024/04/22 8:58:05,新潟県,男,1983,,"1,500万円以上",小学生以下連れの家族,2泊,富山県,金沢エリア  （湯涌温泉、深谷温泉、犀川温泉など）,1泊,,,,,,,,,自家用車,1,0,0,0,0,0,0,,0,0,0,0,,,,,初めて,"宿でのんびり過ごす, 地元の美味しいものを食べる, 友人・親戚を訪ねる",1,0,1,0,0,0,0,0,0,0,0,0,0,0,0,0,0,0,インターネット・アプリ,0,0,0,0,0,0,0,0,0,0,1,0,0,0,0,0,0,0,0,0,0,0,0,0,0,,,,,,"10,000円以上 20,000円未満",,"10,000円以上 20,000円未満",,,,,,,,,,,5,5,キレイでサービス対応がいい,他県より宿泊施設が過ごしやすい,,,,10,また行きたい（1年以内）,特になし,ホテル・トリフィート金沢,同意する,,県立図書館,,,,,1983,,,,,,
石川,2024/04/26 21:10:27,千葉県,女,1961,,"1,000万円以上 1,200万円未満",家族,2泊,石川県外には泊まらない,金沢エリア  （湯涌温泉、深谷温泉、犀川温泉など）,2泊,,,,,,,,,飛行機,0,0,0,0,1,0,0,,0,0,0,0,5,空港から近い,,,初めて,"地元の美味しいものを食べる, まちあるき、都市散策",0,0,1,0,0,0,0,0,0,0,1,0,0,0,0,0,0,0,"新聞・雑誌・ガイドブック, インターネット・アプリ, タクシードライバーや地元の人",0,0,0,0,0,0,0,0,0,0,1,0,0,0,0,0,1,0,0,1,0,0,0,0,0,,,,,,"20,000円以上 30,000円未満",,"30,000円以上 40,000円未満",,,,,,,,,,,5,4,従業員の方が皆さんとても感じが良い,清潔感がある,,,,7,機会があれば行きたい,白えびホタルイカ白身のお魚が美味し買ったのでまた訪れたい 街ののどかな雰囲気と優しい人柄,ホテル・トリフィート金沢,同意する,,,,,,,1961,,,,,,
石川,2024/04/30 18:07:39,埼玉県,女,1987,,400万円以上 500万円未満,恋人,1泊,石川県外には泊まらない,金沢エリア  （湯涌温泉、深谷温泉、犀川温泉など）,1泊,,,,,,,,,自家用車,1,0,0,0,0,0,0,,0,0,0,0,,,,,初めて,"宿でのんびり過ごす, 地元の美味しいものを食べる, 名所、旧跡の観光",1,0,1,0,1,0,0,0,0,0,0,0,0,0,0,0,0,0,インターネット・アプリ,0,0,0,0,0,0,0,0,0,0,1,0,0,0,0,0,0,0,0,0,0,0,0,0,0,,,,,,"5,000円以上 10,000円未満",,"5,000円以上 10,000円未満",,,,,,,,,,,5,4,,おしゃれで清潔感があり満足でした。,,,,10,機会があれば行きたい,能登牛が食べれる場所をたくさん作って欲しい 街の雰囲気が古風で好みでした。のんびり出来ました。,ホテル・トリフィート金沢,同意する,,,,,,,1987,,,,,,
石川,2024/05/05 8:51:58,福島県,男,1979,,"1,000万円以上 1,200万円未満",夫婦2人,3泊,新潟,金沢エリア  （湯涌温泉、深谷温泉、犀川温泉など）,2泊,,,,,,,,,自家用車,1,0,0,0,0,0,0,,0,0,0,0,,,,,2～5回目,"地元の美味しいものを食べる, 名所、旧跡の観光, まちあるき、都市散策",0,0,1,0,1,0,0,0,0,0,1,0,0,0,0,0,0,0,インターネット・アプリ,0,0,0,0,0,0,0,0,0,0,1,0,0,0,0,0,0,0,0,0,0,0,0,0,0,,,,,,"30,000円以上 40,000円未満",,使わない,,,,,,,,,,,5,5,,,,,,10,機会があれば行きたい,おもてなし,ホテル・トリフィート金沢,同意する,,,,,,,1979,,,,,,
石川,2024/05/05 9:01:34,福島県,女,1993,,700万円以上 800万円未満,夫婦2人,3泊,新潟県,金沢エリア  （湯涌温泉、深谷温泉、犀川温泉など）,2泊,,,,,,,,,自家用車,1,0,0,0,0,0,0,,0,0,0,0,,,,,2～5回目,"地元の美味しいものを食べる, 名所、旧跡の観光, まちあるき、都市散策",0,0,1,0,1,0,0,0,0,0,1,0,0,0,0,0,0,0,"インターネット・アプリ, Instagram",0,0,0,1,0,0,0,0,0,0,1,0,0,0,0,0,0,0,0,0,0,0,0,0,0,,,,,,"10,000円以上 20,000円未満",,"10,000円以上 20,000円未満",,,,,,,,,,,5,5,キレイで、気配りもあった。,とにかくセンスがいい,,,,10,機会があれば行きたい,なんでも美味しい。飲食店はカード決済が出来ないところが割とあった。ちょっと大変だなと感じた,ホテル・トリフィート金沢,同意する,,,,,,,1993,,,,,,
石川,2024/05/05 16:48:14,神奈川県,男,1971,,"1,000万円以上 1,200万円未満",夫婦2人,1泊,石川県外には泊まらない,金沢エリア  （湯涌温泉、深谷温泉、犀川温泉など）,1泊,,,,,,,,,新幹線,0,0,1,0,0,0,0,,0,0,0,0,4,美味しい食べ物,,,2～5回目,"地元の美味しいものを食べる, 名所、旧跡の観光",0,0,1,0,1,0,0,0,0,0,0,0,0,0,0,0,0,0,TV・ラジオ番組やCM,0,0,0,0,0,0,0,0,0,0,0,0,0,0,1,0,0,0,0,0,0,0,0,0,0,,,,,,"20,000円以上 30,000円未満",,"20,000円以上 30,000円未満",,,,,,,,,,,4,4,,,,,,6,機会があれば行きたい,特になし ない,ホテル・トリフィート金沢,同意する,,,,お土産買って帰ります,,,1971,,,,,,
石川,2024/05/05 21:09:32,東京都,女,1991,,"1,000万円以上 1,200万円未満",夫婦2人,3泊,石川県外には泊まらない,金沢エリア  （湯涌温泉、深谷温泉、犀川温泉など）,3泊,,,,,,,,,"新幹線, 在来線, 飛行機",0,0,1,1,1,0,0,,0,0,0,0,3,道路の凹凸が多く、バスの乗り心地が良くなかった（地震の影響だと理解しています）,,,初めて,"地元の美味しいものを食べる, まちあるき、都市散策, 友人・親戚を訪ねる",0,0,1,0,0,0,0,0,0,0,1,0,0,0,0,0,0,0,"Instagram, 友人・知人",0,0,0,1,0,0,0,0,0,0,0,0,0,0,0,0,0,0,1,0,0,0,0,0,0,,,,,,"10,000円以上 20,000円未満",,"10,000円以上 20,000円未満",,,,,,,,,,,5,4,部屋に備え付けのお茶が嬉しかったです。,駅からのアクセスが良く、大浴場があるのが魅力的でした。,,,,8,また行きたい（1年以内）,地元野菜を使ったサラダボウルがあったら、ヘルシー思考の若者やベジタリアンにも人気が出ると思いました。 食の美味しさと人々の親切心です。,ホテル・トリフィート金沢,同意する,,,,,,,1991,,,,,,
石川,2024/05/15 10:57:32,愛知県,女,1999,,300万円以上 400万円未満,恋人,1泊,石川県外には泊まらない,金沢エリア  （湯涌温泉、深谷温泉、犀川温泉など）,1泊,,,,,,,,,自家用車,1,0,0,0,0,0,0,,0,0,0,0,4,近くにパーキングがたくさんある,,,6～10回目,地元の美味しいものを食べる,0,0,1,0,0,0,0,0,0,0,0,0,0,0,0,0,0,0,"観光展・物産展, TV・ラジオ番組やCM, インターネット・アプリ",0,0,0,0,0,0,0,0,0,0,1,0,0,0,1,0,0,0,0,0,0,0,1,0,0,,,,,,"5,000円以上 10,000円未満",,"5,000円以上 10,000円未満",,,,,,,,,,,4,4,,,,,,8,機会があれば行きたい,おいしい海鮮、金沢おでん、自然が豊か、金沢一つのエリアに観光地がまとまっている,ホテル・トリフィート金沢,同意する,,,,,,,1999,,,,,,
石川,2024/05/15 10:58:53,愛知県,男,1999,,400万円以上 500万円未満,恋人,1泊,石川県外には泊まらない,金沢エリア  （湯涌温泉、深谷温泉、犀川温泉など）,1泊,,,,,,,,,自家用車,1,0,0,0,0,0,0,,0,0,0,0,5,海鮮が美味しかった,,,2～5回目,"地元の美味しいものを食べる, 名所、旧跡の観光",0,0,1,0,1,0,0,0,0,0,0,0,0,0,0,0,0,0,友人・知人,0,0,0,0,0,0,0,0,0,0,0,0,0,0,0,0,0,0,1,0,0,0,0,0,0,,,,,,"5,000円以上 10,000円未満",,"5,000円以上 10,000円未満",,,,,,,,,,,5,5,綺麗な内装だった,内装が綺麗だった,,,,10,また行きたい（1年以内）,特になし。とてもいい場所でした 兼六園とても綺麗だった,ホテル・トリフィート金沢,同意する,,,,,,,1999,,,,,,
石川,2024/05/15 13:33:58,東京都,男,1981,,400万円以上 500万円未満,自分ひとり,2泊,石川県外には泊まらない,金沢エリア  （湯涌温泉、深谷温泉、犀川温泉など）,2泊,,,,,,,,,飛行機,0,0,0,0,1,0,0,,0,0,0,0,4,混んでない,,,初めて,"地元の美味しいものを食べる, 名所、旧跡の観光, 買い物、アウトレット",0,0,1,0,1,0,1,0,0,0,0,0,0,0,0,0,0,0,"TV・ラジオ番組やCM, インターネット・アプリ",0,0,0,0,0,0,0,0,0,0,1,0,0,0,1,0,0,0,0,0,0,0,0,0,0,,,,,,"10,000円以上 20,000円未満",,"1,000円以上 3,000円未満",,,,,,,,,,,5,4,適切な価格,広い,,,,10,また行きたい（1年以内）,地元の人しかいかないいいところ 車なくても観光できる,ホテル・トリフィート金沢,同意する,,直でホテル,,,,,1981,,,,,,
石川,2024/05/20 7:25:43,石川県,女,1989,,"900万円以上 1,000万円未満",親,1泊,石川県外には泊まらない,金沢エリア  （湯涌温泉、深谷温泉、犀川温泉など）,1泊,,,,,,,,,自家用車,1,0,0,0,0,0,0,,0,0,0,0,,,,,初めて,温泉や露天風呂,0,1,0,0,0,0,0,0,0,0,0,0,0,0,0,0,0,0,インターネット・アプリ,0,0,0,0,0,0,0,0,0,0,1,0,0,0,0,0,0,0,0,0,0,0,0,0,0,,,,,,"5,000円以上 10,000円未満",,"5,000円以上 10,000円未満",,,,,,,,,,,4,3,朝食場が混んでいてすぐに入れなかった。,店員の対応が丁寧だった。,,,,7,また行きたい（1年以内）,珈琲 魚が美味しい,ホテル・トリフィート金沢,同意する,,あんと,,いきいき魚市場,,,1989,,,,,,
石川,2024/05/20 9:20:07,石川県,男,1958,,700万円以上 800万円未満,家族,1泊,石川県外には泊まらない,金沢エリア  （湯涌温泉、深谷温泉、犀川温泉など）,1泊,,,,,,,,,自家用車,1,0,0,0,0,0,0,,0,0,0,0,,,,,初めて,宿でのんびり過ごす,1,0,0,0,0,0,0,0,0,0,0,0,0,0,0,0,0,0,インターネット・アプリ,0,0,0,0,0,0,0,0,0,0,1,0,0,0,0,0,0,0,0,0,0,0,0,0,0,,,,,,"1,000円以上 3,000円未満",,"5,000円以上 10,000円未満",,,,,,,,,,,4,4,,,,,,7,また行きたい（1年以内）,金沢らーめん,ホテル・トリフィート金沢,同意する,,,,,,,1958,,,,,,
石川,2024/05/20 9:27:36,石川県,女,1963,,300万円以上 400万円未満,夫婦2人,1泊,石川県外には泊まらない,金沢エリア  （湯涌温泉、深谷温泉、犀川温泉など）,1泊,,,,,,,,,自家用車,1,0,0,0,0,0,0,,0,0,0,0,4,,,,初めて,"宿でのんびり過ごす, 買い物、アウトレット",1,0,0,0,0,0,1,0,0,0,0,0,0,0,0,0,0,0,インターネット・アプリ,0,0,0,0,0,0,0,0,0,0,1,0,0,0,0,0,0,0,0,0,0,0,0,0,0,,,,,,"10,000円以上 20,000円未満",,"20,000円以上 30,000円未満",,,,,,,,,,,5,4,,,,,,9,また行きたい（1年以内）,金沢パン,ホテル・トリフィート金沢,同意する,,,,,,,1963,,,,,,
石川,2024/05/25 17:14:18,福岡県,女,1973,,300万円以上 400万円未満,親,2泊,石川県外には泊まらない,金沢エリア  （湯涌温泉、深谷温泉、犀川温泉など）,2泊,,,,,,,,,飛行機,0,0,0,0,1,0,0,,0,0,0,0,5,,,,2～5回目,"地元の美味しいものを食べる, 名所、旧跡の観光, 買い物、アウトレット",0,0,1,0,1,0,1,0,0,0,0,0,0,0,0,0,0,0,主人の実家がある,0,0,0,0,0,0,0,0,0,0,0,0,0,0,0,0,0,0,0,0,0,0,0,0,1,,,,,,"20,000円以上 30,000円未満",,"20,000円以上 30,000円未満",,,,,,,,,,,5,5,,,,,,10,機会があれば行きたい,特になし,ホテル・トリフィート金沢,同意する,,,,,,,1973,,,,,,
石川,2024/05/25 21:45:26,千葉県,女,1992,,400万円以上 500万円未満,小学生以下連れの家族,3泊,石川県外には泊まらない,金沢エリア  （湯涌温泉、深谷温泉、犀川温泉など）,3泊,,,,,,,,,新幹線,0,0,1,0,0,0,0,,0,0,0,0,,,,,2～5回目,お祭りやイベントへの参加・見物,0,0,0,0,0,0,0,1,0,0,0,0,0,0,0,0,0,0,"インターネット・アプリ, Instagram",0,0,0,1,0,0,0,0,0,0,1,0,0,0,0,0,0,0,0,0,0,0,0,0,0,,,,,,"40,000円以上 50,000円未満",,"40,000円以上 50,000円未満",,,,,,,,,,,4,4,朝食がおいしく、シンプルでおしゃれなため,,,,,7,また行きたい（1年以内）,和菓子、海鮮,ホテル・トリフィート金沢,同意する,,日本自動車博物館,,コマツ粟津工場開放デー,,,1992,,,,,,
石川,2024/05/27 9:59:17,埼玉県,女,1958,,300万円以上 400万円未満,息子,4泊以上,石川県外には泊まらない,金沢エリア  （湯涌温泉、深谷温泉、犀川温泉など）,4泊以上,,,,,,,,,新幹線,0,0,1,0,0,0,0,,0,0,0,0,,,,,2～5回目,"宿でのんびり過ごす, 地元の美味しいものを食べる, 名所、旧跡の観光",1,0,1,0,1,0,0,0,0,0,0,0,0,0,0,0,0,0,インターネット・アプリ,0,0,0,0,0,0,0,0,0,0,1,0,0,0,0,0,0,0,0,0,0,0,0,0,0,,,,,,"40,000円以上 50,000円未満",,"10,000円以上 20,000円未満",,,,,,,,,,,5,5,いつ泊まっても清潔でスタッフの方が親切,とても清潔,,,,10,また行きたい（1年以内）,お寿司 一人旅が多いのですが　バスが気軽に利用出来ることと　どのお店で食べても美味しい！,ホテル・トリフィート金沢,同意する,,,,鈴木大拙館,,,1958,,,,,,
石川,2024/06/02 11:13:55,愛知県,女,1972,,800万円以上 900万円未満,母娘,1泊,石川県外には泊まらない,金沢エリア  （湯涌温泉、深谷温泉、犀川温泉など）,1泊,,,,,,,,,"新幹線, 新幹線と特急",0,0,1,0,0,0,0,,0,0,0,0,,,,,初めて,地元の美味しいものを食べる,0,0,1,0,0,0,0,0,0,0,0,0,0,0,0,0,0,0,インターネット・アプリ,0,0,0,0,0,0,0,0,0,0,1,0,0,0,0,0,0,0,0,0,0,0,0,0,0,,,,,,"5,000円以上 10,000円未満",,"10,000円以上 20,000円未満",,,,,,,,,,,5,5,,,,,,10,また行きたい（1年以内）,海鮮　スィーツ,ホテル・トリフィート金沢,同意する,,,,,,,1972,,,,,,
石川,2024/01/22 11:01:28,和歌山県,女,1974,,500万円以上 600万円未満,職場の同僚,4泊以上,石川県外には泊まらない,能登エリア （和倉温泉、七尾市、輪島市、珠洲市など）,4泊以上,,,,,,,,,在来線,0,0,0,1,0,0,0,,0,0,0,0,4,迷わないから,,,2～5回目,出張など仕事関係,0,0,0,0,0,0,0,0,0,0,0,0,0,0,0,0,1,0,インターネット・アプリ,0,0,0,0,0,0,0,0,0,0,1,0,0,0,0,0,0,0,0,0,0,0,0,0,0,,,,,,使わない,,"1,000円以上 3,000円未満",,,,,,,,,,,,5,食事美味しい,受入時の皆さんの笑顔,,,,6,また行きたい（1年以内）,特に無し 温泉,湯涌温泉かなや,同意する,,,,,,,1974,,,,,,
石川,2024/02/04 20:35:13,富山県,女,1958,,400万円以上 500万円未満,恋人,1泊,石川県外には泊まらない,金沢エリア  （湯涌温泉、深谷温泉、犀川温泉など）,1泊,,,,,,,,,自家用車,1,0,0,0,0,0,0,,0,0,0,0,4,お料理が、とても美味しかったです。,,,初めて,宿でのんびり過ごす,1,0,0,0,0,0,0,0,0,0,0,0,0,0,0,0,0,0,観光連盟やDMOのHP,0,0,0,0,0,0,0,0,0,0,0,0,0,0,0,0,0,0,0,0,0,0,0,1,0,,,,,,"10,000円以上 20,000円未満",,"10,000円以上 20,000円未満",,,,,,,,,,,,4,お風呂が少しぬるめですか、後でポカポカしてきました。,お部屋が少し古いと思いました。,,,,5,機会があれば行きたい,特にない。 忍者寺,湯涌温泉かなや,同意する,,,,,,,1958,,,,,,
石川,2024/03/17 20:11:58,千葉県,男,1999,,200万円以上 300万円未満,親,2泊,福井県,金沢エリア  （湯涌温泉、深谷温泉、犀川温泉など）,1泊,,,,,,,,,"新幹線, 在来線",0,0,1,1,0,0,0,,0,0,0,0,4,,,,初めて,"温泉や露天風呂, 北陸新幹線延伸開業日の乗車",0,1,0,0,0,0,0,0,0,0,0,0,0,0,0,0,0,0,インターネット・アプリ,0,0,0,0,0,0,0,0,0,0,1,0,0,0,0,0,0,0,0,0,0,0,0,0,0,,,,,,"20,000円以上 30,000円未満",,"10,000円以上 20,000円未満",,,,,,,,,,,,4,,,,,,9,また行きたい（1年以内）,特になし,湯涌温泉かなや,同意する,,,,,,,1999,,,,,,
石川,2024/04/02 22:02:29,新潟県,男,1984,,600万円以上 700万円未満,夫婦2人,1泊,石川県外には泊まらない,金沢エリア  （湯涌温泉、深谷温泉、犀川温泉など）,1泊,,,,,,,,,自家用車,1,0,0,0,0,0,0,,0,0,0,0,,,,,初めて,"宿でのんびり過ごす, 温泉や露天風呂, 地元の美味しいものを食べる, 名所、旧跡の観光, 買い物、アウトレット",1,1,1,0,1,0,1,0,0,0,0,0,0,0,0,0,0,0,"新聞・雑誌・ガイドブック, 観光パンフレット・ポスター, インターネット・アプリ",0,0,0,0,0,0,0,0,0,0,1,0,0,0,0,0,1,0,0,0,1,0,0,0,0,,,,,,"100,000円以上",,"5,000円以上 10,000円未満",,,,,,,,,,,,4,,,,,,8,機会があれば行きたい,温泉気持ち良かった。ご飯美味しかった。交通量少ない。最高 ご飯が美味しかった,湯涌温泉かなや,同意する,,アウトレット小矢部,,金沢駅,,,1984,,,,,,
石川,2024/05/18 16:37:36,岐阜県,男,1964,,"1,200万円以上 1,500万円未満",夫婦2人,1泊,石川県外には泊まらない,金沢エリア  （湯涌温泉、深谷温泉、犀川温泉など）,1泊,,,,,,,,,自家用車,1,0,0,0,0,0,0,,0,0,0,0,,,,,初めて,"宿でのんびり過ごす, 温泉や露天風呂, 地元の美味しいものを食べる",1,1,1,0,0,0,0,0,0,0,0,0,0,0,0,0,0,0,インターネット・アプリ,0,0,0,0,0,0,0,0,0,0,1,0,0,0,0,0,0,0,0,0,0,0,0,0,0,,,,,,"20,000円以上 30,000円未満",,"30,000円以上 40,000円未満",,,,,,,,,,,4,4,宿の雰囲気はよいのだが、Wi-Fiがロビー等しか繋がらないから。,昔ながらの雰囲気があるのがよいです。,,,,7,また行きたい（1年以内）,歴史を感じるところを巡りたいです。あと、温泉も巡りたいです。 歴史のあるものが多くあるのがよいです。,湯涌温泉かなや,同意する,,能美市の九谷焼美術館,,,,,1964,,,,,,
石川,2024/01/14 9:39:55,東京都,女,1980,,"900万円以上 1,000万円未満",夫婦2人,1泊,石川県外には泊まらない,金沢エリア  （湯涌温泉、深谷温泉、犀川温泉など）,1泊,,,,,,,,,新幹線,0,0,1,0,0,0,0,,0,0,0,0,4,利用しやすくサービスにも問題なかった,,,初めて,"宿でのんびり過ごす, 温泉や露天風呂, 地元の美味しいものを食べる, 名所、旧跡の観光",1,1,1,0,1,0,0,0,0,0,0,0,0,0,0,0,0,0,インターネット・アプリ,0,0,0,0,0,0,0,0,0,0,1,0,0,0,0,0,0,0,0,0,0,0,0,0,0,,,,,,"20,000円以上 30,000円未満",,"20,000円以上 30,000円未満",,,,,,,,,,,,4,とても丁寧な接客で、食事等も美味しかった,歴史を感じる建物でよく手入れされており、雰囲気もあり気持ちよく過ごせた。,,,,9,また行きたい（1年以内）,海鮮、伝統和小物 金沢おでんと宿。,町家ホテル　町の踊場,同意する,,,,,,,1980,,,,,,
石川,2024/02/05 20:16:56,広島県,女,1967,,200万円以上 300万円未満,恋人,1泊,石川県外には泊まらない,金沢エリア  （湯涌温泉、深谷温泉、犀川温泉など）,1泊,,,,,,,,,在来線,0,0,0,1,0,0,0,,0,0,0,0,,,,,初めて,"温泉や露天風呂, 地元の美味しいものを食べる, 名所、旧跡の観光, 買い物、アウトレット, まちあるき、都市散策, 各種体験（手作り、果物狩りなど）, 友人・親戚を訪ねる",0,1,1,0,1,0,1,0,0,0,1,1,0,0,0,0,0,0,インターネット・アプリ,0,0,0,0,0,0,0,0,0,0,1,0,0,0,0,0,0,0,0,0,0,0,0,0,0,,,,,,"10,000円以上 20,000円未満",,"10,000円以上 20,000円未満",,,,,,,,,,,,4,静かでゆったり過ごせた。,温泉気持ちよかったです。,,,,8,また行きたい（1年以内）,特になし ゆったりできる。家族で過ごすのは良さそう。,町家ホテル　町の踊場,同意する,,,,,,,1967,,,,,,
石川,2024/02/16 23:01:55,東京都,男,1972,,"1,200万円以上 1,500万円未満",夫婦2人,1泊,石川県外には泊まらない,金沢エリア  （湯涌温泉、深谷温泉、犀川温泉など）,1泊,,,,,,,,,飛行機,0,0,0,0,1,0,0,,0,0,0,0,,,,,初めて,"宿でのんびり過ごす, 温泉や露天風呂, 地元の美味しいものを食べる, 名所、旧跡の観光, まちあるき、都市散策",1,1,1,0,1,0,0,0,0,0,1,0,0,0,0,0,0,0,インターネット・アプリ,0,0,0,0,0,0,0,0,0,0,1,0,0,0,0,0,0,0,0,0,0,0,0,0,0,,,,,,"30,000円以上 40,000円未満",,"20,000円以上 30,000円未満",,,,,,,,,,,,4,接客。部屋の質。,接客。部屋の質。,,,,8,また行きたい（1年以内）,食良し、人良し。リピートするか否かは、土産や食やアクティビティではなく、とにかくヒトです！  金沢の人、食。,町家ホテル　町の踊場,同意する,,妙立寺,,,,,1972,,,,,,
石川,2024/02/23 21:09:10,大阪府,女,1994,,400万円以上 500万円未満,恋人,2泊,石川県外には泊まらない,金沢エリア  （湯涌温泉、深谷温泉、犀川温泉など）,2泊,,,,,,,,,在来線,0,0,0,1,0,0,0,,0,0,0,0,5,便利でした,,,2～5回目,"宿でのんびり過ごす, 地元の美味しいものを食べる, 名所、旧跡の観光",1,0,1,0,1,0,0,0,0,0,0,0,0,0,0,0,0,0,インターネット・アプリ,0,0,0,0,0,0,0,0,0,0,1,0,0,0,0,0,0,0,0,0,0,0,0,0,0,,,,,,"30,000円以上 40,000円未満",,"20,000円以上 30,000円未満",,,,,,,,,,,,4,,,,,,10,機会があれば行きたい,特に無し,町家ホテル　町の踊場,同意する,,,,,,,1994,,,,,,
石川,2024/02/23 21:11:29,大阪府,男,1990,,"900万円以上 1,000万円未満",恋人,2泊,石川県外には泊まらない,金沢エリア  （湯涌温泉、深谷温泉、犀川温泉など）,2泊,,,,,,,,,在来線,0,0,0,1,0,0,0,,0,0,0,0,4,,,,初めて,"宿でのんびり過ごす, 温泉や露天風呂, 地元の美味しいものを食べる, 名所、旧跡の観光, まちあるき、都市散策",1,1,1,0,1,0,0,0,0,0,1,0,0,0,0,0,0,0,"新聞・雑誌・ガイドブック, インターネット・アプリ",0,0,0,0,0,0,0,0,0,0,1,0,0,0,0,0,1,0,0,0,0,0,0,0,0,,,,,,"40,000円以上 50,000円未満",,"10,000円以上 20,000円未満",,,,,,,,,,,,5,,,,,,8,また行きたい（1年以内）,海産物,町家ホテル　町の踊場,同意する,,,,,,,1990,,,,,,
石川,2024/03/05 7:03:02,埼玉県,男,1957,,200万円以上 300万円未満,夫婦2人,2泊,富山県,金沢エリア  （湯涌温泉、深谷温泉、犀川温泉など）,1泊,,,,,,,,,新幹線,0,0,1,0,0,0,0,,0,0,0,0,,,,,初めて,"宿でのんびり過ごす, 地元の美味しいものを食べる, まちあるき、都市散策",1,0,1,0,0,0,0,0,0,0,1,0,0,0,0,0,0,0,インターネット・アプリ,0,0,0,0,0,0,0,0,0,0,1,0,0,0,0,0,0,0,0,0,0,0,0,0,0,,,,,,"50,000円以上 100,000円未満",,"1,000円以上 3,000円未満",,,,,,,,,,,,4,宿　部屋が純和風でとても良かったです,,,,,7,また行きたい（1年以内）,バスがSuicaが使えない　ほかの観光地は使える何処が多いと思います,町家ホテル　町の踊場,同意する,,,,,,,1957,,,,,,
石川,2024/03/09 14:42:41,東京都,女,1964,,800万円以上 900万円未満,夫と義母,1泊,石川県外には泊まらない,金沢エリア  （湯涌温泉、深谷温泉、犀川温泉など）,1泊,,,,,,,,,新幹線,0,0,1,0,0,0,0,,0,0,0,0,4,,,,2～5回目,"地元の美味しいものを食べる, 名所、旧跡の観光, まちあるき、都市散策",0,0,1,0,1,0,0,0,0,0,1,0,0,0,0,0,0,0,"観光パンフレット・ポスター, インターネット・アプリ, タクシードライバーや地元の人",0,0,0,0,0,0,0,0,0,0,1,0,0,0,0,0,0,0,0,1,1,0,0,0,0,,,,,,"30,000円以上 40,000円未満",,"30,000円以上 40,000円未満",,,,,,,,,,,,4,,,,,,8,機会があれば行きたい,海の幸、漆器,町家ホテル　町の踊場,同意する,,,,,,,1964,,,,,,
石川,2024/03/09 22:58:35,鹿児島県,女,1984,,600万円以上 700万円未満,親,1泊,大阪,金沢エリア  （湯涌温泉、深谷温泉、犀川温泉など）,1泊,,,,,,,,,在来線,0,0,0,1,0,0,0,,0,0,0,0,5,快適だったため,,,初めて,宿でのんびり過ごす,1,0,0,0,0,0,0,0,0,0,0,0,0,0,0,0,0,0,"観光パンフレット・ポスター, 友人・知人",0,0,0,0,0,0,0,0,0,0,0,0,0,0,0,0,0,0,1,0,1,0,0,0,0,,,,,,"30,000円以上 40,000円未満",,"30,000円以上 40,000円未満",,,,,,,,,,,,5,とても対応が良くお食事も大変美味しく,心地よい雰囲気でした,,,,10,また行きたい（1年以内）,とくになし 海の幸が大変美味しかったので,町家ホテル　町の踊場,同意する,,ミナペルホネン,,,,,1984,,,,,,
石川,2024/03/30 15:34:32,東京都,女,1991,,500万円以上 600万円未満,恋人,1泊,石川県外には泊まらない,金沢エリア  （湯涌温泉、深谷温泉、犀川温泉など）,1泊,,,,,,,,,飛行機,0,0,0,0,1,0,0,,0,0,0,0,4,街歩きがとても楽しかったです！,,,初めて,"地元の美味しいものを食べる, まちあるき、都市散策, 友人・親戚を訪ねる",0,0,1,0,0,0,0,0,0,0,1,0,0,0,0,0,0,0,"X(旧：Twitter), Instagram, 友人・知人",0,0,0,1,0,1,0,0,0,0,0,0,0,0,0,0,0,0,1,0,0,0,0,0,0,,,,,,使わない,,"50,000円以上 100,000円未満",,,,,,,,,,,,5,親切な接客,設備が充実していました！,,,,10,また行きたい（1年以内）,日当たりが良い場所のカフェが欲しいです。,タウンホテル・フォーティワン,同意する,,,,,,,1991,,,,,,
石川,2024/03/31 4:18:09,新潟県,女,1995,,400万円以上 500万円未満,自分ひとり,1泊,新潟,金沢エリア  （湯涌温泉、深谷温泉、犀川温泉など）,1泊,,,,,,,,,"自家用車, 新幹線",1,0,1,0,0,0,0,,0,0,0,0,3,歩ける距離だから,,,2～5回目,友人・親戚を訪ねる,0,0,0,0,0,0,0,0,0,0,0,0,0,0,0,0,0,0,"X(旧：Twitter), Instagram",0,0,0,1,0,1,0,0,0,0,0,0,0,0,0,0,0,0,0,0,0,0,0,0,0,,,,,,"10,000円以上 20,000円未満",,"10,000円以上 20,000円未満",,,,,,,,,,,,4,,,,,,5,また行きたい（1年以内）,宿泊割がほしい,タウンホテル・フォーティワン,同意する,,,,,,,1995,,,,,,
石川,2024/02/18 22:50:23,奈良県,男,1952,,700万円以上 800万円未満,自分ひとり,1泊,石川県外には泊まらない,金沢エリア  （湯涌温泉、深谷温泉、犀川温泉など）,1泊,,,,,,,,,在来線,0,0,0,1,0,0,0,,0,0,0,0,4,電車の車窓の景色が良かった。,,,初めて,"地元の美味しいものを食べる, 花見や紅葉などの自然鑑賞, 名所、旧跡の観光",0,0,1,1,1,0,0,0,0,0,0,0,0,0,0,0,0,0,"観光パンフレット・ポスター, インターネット・アプリ",0,0,0,0,0,0,0,0,0,0,1,0,0,0,0,0,0,0,0,0,1,0,0,0,0,,,,,,"5,000円以上 10,000円未満",,"5,000円以上 10,000円未満",,,,,,,,,,,,4,清潔で、食事も美味しかった。,清潔だった。,,,,10,また行きたい（1年以内）,特になし 景色と食事、博物館他,ＨＯＴＥＬゆめのゆ,同意する,,加賀温泉、魯山人いろは草庵他,,県立歴史博物館他,,,1952,,,,,,
石川,2024/02/29 18:50:26,石川県,男,1992,,100万円未満,自分ひとり,1泊,石川県外には泊まらない,金沢エリア  （湯涌温泉、深谷温泉、犀川温泉など）,1泊,,,,,,,,,県外から訪れていない（石川県内在住）,0,0,0,0,0,0,0,,0,0,0,0,5,満足,,,11回目以上,宿でのんびり過ごす,1,0,0,0,0,0,0,0,0,0,0,0,0,0,0,0,0,0,観光展・物産展,0,0,0,0,0,0,0,0,0,0,0,0,0,0,0,0,0,0,0,0,0,0,1,0,0,,,,,,使わない,,使わない,,,,,,,,,,,,5,,,,,,10,また行きたい（1年以内）,特になし,ＨＯＴＥＬゆめのゆ,同意する,,,,,,,1992,,,,,,
石川,2024/03/05 17:01:17,滋賀県,男,1982,,700万円以上 800万円未満,自分ひとり,1泊,富山県,金沢エリア  （湯涌温泉、深谷温泉、犀川温泉など）,1泊,,,,,,,,,自家用車,1,0,0,0,0,0,0,,0,0,0,0,,,,,11回目以上,出張など仕事関係,0,0,0,0,0,0,0,0,0,0,0,0,0,0,0,0,1,0,仕事,0,0,0,0,0,0,0,0,0,0,0,0,0,0,0,0,0,0,0,0,0,0,0,0,1,,,,,,"5,000円以上 10,000円未満",,"5,000円以上 10,000円未満",,,,,,,,,,,,4,対応が早い,施設が整っている,,,,8,機会があれば行きたい,市内の駐車料金が高い為、施設を利用しにくい。,ＨＯＴＥＬゆめのゆ,同意する,,,,,,,1982,,,,,,
石川,2024/04/05 17:50:39,富山県,男,1968,,600万円以上 700万円未満,自分ひとり,1泊,富山県,金沢エリア  （湯涌温泉、深谷温泉、犀川温泉など）,1泊,,,,,,,,,自家用車,1,0,0,0,0,0,0,,0,0,0,0,,,,,初めて,"宿でのんびり過ごす, 温泉や露天風呂, ドライブ・ツーリング",1,1,0,0,0,0,0,0,0,0,0,0,0,0,1,0,0,0,インターネット・アプリ,0,0,0,0,0,0,0,0,0,0,1,0,0,0,0,0,0,0,0,0,0,0,0,0,0,,,,,,"3,000円以上 5,000円未満",,"3,000円以上 5,000円未満",,,,,,,,,,,4,4,設備が充実しているから満足！,部屋は広く、使いやすい。,,,,8,また行きたい（1年以内）,金沢城のツアーガイド付無料見学 金沢ゆめのゆ、ホテルゆめのゆホテルに宿泊しながら健康ランドが利用できて、とても良かった。,ＨＯＴＥＬゆめのゆ,同意する,,,,,,,1968,,,,,,
石川,2024/04/06 17:43:10,長野県,女,1979,,400万円以上 500万円未満,小学生以下連れの家族,1泊,石川県外には泊まらない,金沢エリア  （湯涌温泉、深谷温泉、犀川温泉など）,1泊,,,,,,,,,自家用車,1,0,0,0,0,0,0,,0,0,0,0,,,,,初めて,スポーツ観戦や芸術鑑賞（コンサート等）,0,0,0,0,0,0,0,0,0,0,0,0,0,0,0,0,0,0,インターネット・アプリ,0,0,0,0,0,0,0,0,0,0,1,0,0,0,0,0,0,0,0,0,0,0,0,0,0,,,,,,"10,000円以上 20,000円未満",,"10,000円以上 20,000円未満",,,,,,,,,,,4,4,,,,,,10,機会があれば行きたい,美味しいものが食べたい,ＨＯＴＥＬゆめのゆ,同意する,,サッカースタジアム,,,,,1979,,,,,,
石川,2024/04/23 18:30:03,長野県,男,1977,,800万円以上 900万円未満,夫婦2人,4泊以上,新潟県,金沢エリア  （湯涌温泉、深谷温泉、犀川温泉など）,2泊,,,,,,,,,自家用車,1,0,0,0,0,0,0,,0,0,0,0,,,,,初めて,"温泉や露天風呂, 地元の美味しいものを食べる, 名所、旧跡の観光",0,1,1,0,1,0,0,0,0,0,0,0,0,0,0,0,0,0,インターネット・アプリ,0,0,0,0,0,0,0,0,0,0,1,0,0,0,0,0,0,0,0,0,0,0,0,0,0,,,,,,"20,000円以上 30,000円未満",,"5,000円以上 10,000円未満",,,,,,,,,,,5,5,飲食、入浴施設の利用時間に余裕があり、自分たちのペースで利用できる。,部屋に髪の毛が落ちていたこと以外は文句ないです。,,,,10,また行きたい（1年以内）,酒造がおおく、日本酒が楽しめるのがありがたい。 長野県からは高速を利用すると近いので、利用しやすい。,ＨＯＴＥＬゆめのゆ,同意する,,富山ガラス美術館,,永平寺,,,1977,,,,,,
石川,2024/04/24 16:20:47,岐阜県,女,1958,,500万円以上 600万円未満,夫婦2人,3泊,富山県,金沢エリア  （湯涌温泉、深谷温泉、犀川温泉など）,2泊,,,,,,,,,自家用車,1,0,0,0,0,0,0,,0,0,0,0,,,,,11回目以上,"温泉や露天風呂, 地元の美味しいものを食べる, 名所、旧跡の観光",0,1,1,0,1,0,0,0,0,0,0,0,0,0,0,0,0,0,インターネット・アプリ,0,0,0,0,0,0,0,0,0,0,1,0,0,0,0,0,0,0,0,0,0,0,0,0,0,,,,,,"5,000円以上 10,000円未満",,"10,000円以上 20,000円未満",,,,,,,,,,,4,4,,,,,,7,機会があれば行きたい,特になし,ＨＯＴＥＬゆめのゆ,同意する,,,,,,,1958,,,,,,
石川,2024/04/24 19:59:13,岐阜県,男,1954,,400万円以上 500万円未満,夫婦2人,3泊,石川県外には泊まらない,加賀エリア （山代温泉、山中温泉、片山津温泉、粟津温泉、辰口温泉、加賀市、小松市など）,3泊,,,,,,,,,自家用車,1,0,0,0,0,0,0,,0,0,0,0,,,,,11回目以上,"宿でのんびり過ごす, 温泉や露天風呂, 地元の美味しいものを食べる",1,1,1,0,0,0,0,0,0,0,0,0,0,0,0,0,0,0,インターネット・アプリ,0,0,0,0,0,0,0,0,0,0,1,0,0,0,0,0,0,0,0,0,0,0,0,0,0,,,,,,"10,000円以上 20,000円未満",,"30,000円以上 40,000円未満",,,,,,,,,,,4,4,,,,,,8,機会があれば行きたい,特になし,ＨＯＴＥＬゆめのゆ,同意する,,,,,,,1954,,,,,,
石川,2024/04/27 20:22:48,兵庫県,男,1975,,400万円以上 500万円未満,夫婦2人,2泊,石川県外には泊まらない,金沢エリア  （湯涌温泉、深谷温泉、犀川温泉など）,2泊,,,,,,,,,自家用車,1,0,0,0,0,0,0,,0,0,0,0,,,,,初めて,"宿でのんびり過ごす, 温泉や露天風呂, 地元の美味しいものを食べる, 名所、旧跡の観光, まちあるき、都市散策",1,1,1,0,1,0,0,0,0,0,1,0,0,0,0,0,0,0,インターネット・アプリ,0,0,0,0,0,0,0,0,0,0,1,0,0,0,0,0,0,0,0,0,0,0,0,0,0,,,,,,"5,000円以上 10,000円未満",,"3,000円以上 5,000円未満",,,,,,,,,,,4,4,,,,,,10,機会があれば行きたい,特になし,ＨＯＴＥＬゆめのゆ,同意する,,,,,,,1975,,,,,,
石川,2024/04/27 20:24:46,和歌山県,女,1974,,600万円以上 700万円未満,夫婦2人,2泊,石川県外には泊まらない,金沢エリア  （湯涌温泉、深谷温泉、犀川温泉など）,2泊,,,,,,,,,自家用車,1,0,0,0,0,0,0,,0,0,0,0,,,,,2～5回目,"宿でのんびり過ごす, 温泉や露天風呂, 地元の美味しいものを食べる, 名所、旧跡の観光, まちあるき、都市散策",1,1,1,0,1,0,0,0,0,0,1,0,0,0,0,0,0,0,インターネット・アプリ,0,0,0,0,0,0,0,0,0,0,1,0,0,0,0,0,0,0,0,0,0,0,0,0,0,,,,,,"30,000円以上 40,000円未満",,"20,000円以上 30,000円未満",,,,,,,,,,,5,5,,,,,,10,機会があれば行きたい,海軍ミュージアムとかあっても楽しいかも(チューリップ園で海軍演奏を見ました) 観光名所が思っていたよりも多く良かった,ＨＯＴＥＬゆめのゆ,同意する,,２日目に兼六園散策,,,,,1974,,,,,,
石川,2024/04/28 10:24:35,千葉県,女,1960,,500万円以上 600万円未満,夫婦2人,2泊,石川県外には泊まらない,金沢エリア  （湯涌温泉、深谷温泉、犀川温泉など）,2泊,,,,,,,,,飛行機,0,0,0,0,1,0,0,,0,0,0,0,3,乗り方がややこしい,,,初めて,"温泉や露天風呂, 名所、旧跡の観光",0,1,0,0,1,0,0,0,0,0,0,0,0,0,0,0,0,0,"新聞・雑誌・ガイドブック, 観光パンフレット・ポスター, インターネット・アプリ, 友人・知人, 観光協会等の案内所",0,0,0,0,0,0,0,0,0,0,1,0,0,0,0,0,1,0,1,0,1,1,0,0,0,,,,,,"40,000円以上 50,000円未満",,"40,000円以上 50,000円未満",,,,,,,,,,,4,4,,,,,,4,どちらともいえない,バスの乗り方をもっとわかりやすくして欲しい,ＨＯＴＥＬゆめのゆ,同意する,,,,,,,1960,,,,,,
石川,2024/05/03 17:42:05,兵庫県,女,1993,,800万円以上 900万円未満,親,2泊,富山県,金沢エリア  （湯涌温泉、深谷温泉、犀川温泉など）,1泊,,,,,,,,,自家用車,1,0,0,0,0,0,0,,0,0,0,0,,,,,初めて,"温泉や露天風呂, 地元の美味しいものを食べる, 名所、旧跡の観光, まちあるき、都市散策",0,1,1,0,1,0,0,0,0,0,1,0,0,0,0,0,0,0,"新聞・雑誌・ガイドブック, TV・ラジオ番組やCM, インターネット・アプリ, Instagram",0,0,0,1,0,0,0,0,0,0,1,0,0,0,1,0,1,0,0,0,0,0,0,0,0,,,,,,"5,000円以上 10,000円未満",,"5,000円以上 10,000円未満",,,,,,,,,,,5,5,,,,,,7,また行きたい（1年以内）,海鮮料理や懐石料理がおいしかったです,ＨＯＴＥＬゆめのゆ,同意する,,,,,,,1993,,,,,,
石川,2024/06/06 22:50:43,富山県,男,1976,,500万円以上 600万円未満,自分ひとり,1泊,富山県,金沢エリア  （湯涌温泉、深谷温泉、犀川温泉など）,1泊,,,,,,,,,自家用車,1,0,0,0,0,0,0,,0,0,0,0,,,,,6～10回目,"宿でのんびり過ごす, 温泉や露天風呂",1,1,0,0,0,0,0,0,0,0,0,0,0,0,0,0,0,0,以前から知ってる,0,0,0,0,0,0,0,0,0,0,0,0,0,0,0,0,0,0,0,0,0,0,0,0,1,,,,,,"5,000円以上 10,000円未満",,"5,000円以上 10,000円未満",,,,,,,,,,,4,4,もう少し安いといい,息抜きに最高,,,,9,また行きたい（1年以内）,特になし 飯がたくさんあっていい,ＨＯＴＥＬゆめのゆ,同意する,,,,,,,1976,,,,,,
石川,2024/01/21 11:55:24,富山県,女,1972,,"900万円以上 1,000万円未満",親,日帰り,石川県外には泊まらない,石川県内には宿泊しない,石川県内には宿泊しない,,,,,,,,,自家用車,1,0,0,0,0,0,0,,0,0,0,0,,,,,11回目以上,"温泉や露天風呂, 地元の美味しいものを食べる",0,1,1,0,0,0,0,0,0,0,0,0,0,0,0,0,0,0,友人・知人,0,0,0,0,0,0,0,0,0,0,0,0,0,0,0,0,0,0,1,0,0,0,0,0,0,,,,,,使わない,,"1,000円以上 3,000円未満",,,,,,,,,,,,5,,,,,,10,また行きたい（1年以内）,無し,倶利伽羅塾,同意する,,倶利伽羅,,,,,1972,,,,,,
石川,2024/02/01 17:32:43,富山県,女,1978,,200万円以上 300万円未満,恋人,日帰り,富山県,加賀エリア （山代温泉、山中温泉、片山津温泉、粟津温泉、辰口温泉、加賀市、小松市など）,石川県内には宿泊しない,,,,,,,,,自家用車,1,0,0,0,0,0,0,,0,0,0,0,4,道路が走りやすい,,,2～5回目,温泉や露天風呂,0,1,0,0,0,0,0,0,0,0,0,0,0,0,0,0,0,0,友人・知人,0,0,0,0,0,0,0,0,0,0,0,0,0,0,0,0,0,0,1,0,0,0,0,0,0,,,,,,"5,000円以上 10,000円未満",,"10,000円以上 20,000円未満",,,,,,,,,,,,4,,,,,,7,また行きたい（1年以内）,能登地震での被害の復興に少しでも役立てれば良いです コストが安い,倶利伽羅塾,同意する,,,,,,,1978,,,,,,
石川,2024/02/11 21:44:06,埼玉県,女,1987,,600万円以上 700万円未満,小学生以下連れの家族,3泊,福井県,加賀エリア （山代温泉、山中温泉、片山津温泉、粟津温泉、辰口温泉、加賀市、小松市など）,2泊,,,,,,,,,飛行機,0,0,0,0,1,0,0,,0,0,0,0,5,金沢から近く、わかりやすかった,,,初めて,"温泉や露天風呂, 地元の美味しいものを食べる, 名所、旧跡の観光, 友人・親戚を訪ねる",0,1,1,0,1,0,0,0,0,0,0,0,0,0,0,0,0,0,"インターネット・アプリ, Instagram, 友人・知人",0,0,0,1,0,0,0,0,0,0,1,0,0,0,0,0,0,0,1,0,0,0,0,0,0,,,,,,"10,000円以上 20,000円未満",,"10,000円以上 20,000円未満",,,,,,,,,,,,5,コスパが良く、食事も美味しかったので。,清潔感があり、スタッフの方の感じも良いので,,,,10,機会があれば行きたい,お手軽な九谷焼きを購入できる店舗があると嬉しいです。食洗機対応、電子レンジ対応もわかりやすくしてほしいです。 観光地での食べ歩きと宿泊施設の快適さ,倶利伽羅塾,同意する,,,,,,,1987,,,,,,
石川,2024/02/20 10:58:38,富山県,女,1977,,"1,000万円以上 1,200万円未満",自分ひとり,4泊以上,石川県外には泊まらない,金沢エリア  （湯涌温泉、深谷温泉、犀川温泉など）,4泊以上,,,,,,,,,自家用車,1,0,0,0,0,0,0,,0,0,0,0,5,どこに行っても楽しかった,,,11回目以上,"宿でのんびり過ごす, 温泉や露天風呂, 地元の美味しいものを食べる, 友人・親戚を訪ねる",1,1,1,0,0,0,0,0,0,0,0,0,0,0,0,0,0,0,"インターネット・アプリ, Instagram, Facebook, ブログ, 友人・知人",1,0,0,1,0,0,0,0,1,0,1,0,0,0,0,0,0,0,1,0,0,0,0,0,0,,,,,,"10,000円以上 20,000円未満",,"1,000円以上 3,000円未満",,,,,,,,,,,,5,,お風呂のお客さんで自分の場所のようにふるまい小言をいう人がいた。老害,,,,9,また行きたい（1年以内）,美味しいご飯とお風呂 体調を回復するため長期休み中,倶利伽羅塾,同意する,,,,,,,1977,,,,,,
石川,2024/03/17 12:50:57,石川県,男,1972,,100万円未満,親,日帰り,岐阜県,白山エリア （一里野温泉、白峰温泉、白山市など）,石川県内には宿泊しない,,,,,,,,,旅行会社ツアーバス,0,0,0,0,0,1,0,,0,0,0,0,5,,,,初めて,買い物、アウトレット,0,0,0,0,0,0,1,0,0,0,0,0,0,0,0,0,0,0,TV・ラジオ番組やCM,0,0,0,0,0,0,0,0,0,0,0,0,0,0,1,0,0,0,0,0,0,0,0,0,0,,,,,,使わない,,使わない,,,,,,,,,,,,5,,,,,,4,どちらともいえない,もう一度行きたいです。,倶利伽羅塾,同意する,,,,,,,1972,,,,,,
石川,2024/04/17 21:08:39,三重県,女,1965,,100万円以上 200万円未満,夫婦2人,2泊,富山県,金沢エリア  （湯涌温泉、深谷温泉、犀川温泉など）,1泊,,,,,,,,,自家用車,1,0,0,0,0,0,0,,0,0,0,0,,,,,初めて,まちあるき、都市散策,0,0,0,0,0,0,0,0,0,0,1,0,0,0,0,0,0,0,インターネット・アプリ,0,0,0,0,0,0,0,0,0,0,1,0,0,0,0,0,0,0,0,0,0,0,0,0,0,,,,,,"10,000円以上 20,000円未満",,"5,000円以上 10,000円未満",,,,,,,,,,,3,4,夕食に牡蠣の治部煮と、ゼンマイの天麩羅が◎,部屋のトイレが広く、ビックリしました。,,,,7,機会があれば行きたい,近江市場での食事が楽しみです。 未だ、出掛けていません。,倶利伽羅塾,同意する,,,,,,,1965,,,,,,
石川,2024/01/15 23:46:36,新潟県,男,1987,,600万円以上 700万円未満,夫婦2人,1泊,石川県外には泊まらない,金沢エリア  （湯涌温泉、深谷温泉、犀川温泉など）,1泊,,,,,,,,,レンタカー,0,1,0,0,0,0,0,,0,0,0,0,4,,,,初めて,"名所、旧跡の観光, お祭りやイベントへの参加・見物",0,0,0,0,1,0,0,1,0,0,0,0,0,0,0,0,0,0,インターネット・アプリ,0,0,0,0,0,0,0,0,0,0,1,0,0,0,0,0,0,0,0,0,0,0,0,0,0,,,,,,"5,000円以上 10,000円未満",,"5,000円以上 10,000円未満",,,,,,,,,,,,4,,,,,,9,また行きたい（1年以内）,特に無し,東横イン金沢兼六園香林坊,同意する,,,,,,,1987,,,,,,
石川,2024/01/17 17:19:19,新潟県,女,1991,,500万円以上 600万円未満,配偶者と私の実母と妹,1泊,石川県外には泊まらない,金沢エリア  （湯涌温泉、深谷温泉、犀川温泉など）,1泊,,,,,,,,,"レンタカー, 船",0,1,0,0,0,0,0,,0,0,0,0,5,便利だったから,,,初めて,"地元の美味しいものを食べる, 名所、旧跡の観光, 買い物、アウトレット, まちあるき、都市散策, 各種体験（手作り、果物狩りなど）",0,0,1,0,1,0,1,0,0,0,1,1,0,0,0,0,0,0,"新聞・雑誌・ガイドブック, インターネット・アプリ, X(旧：Twitter), Instagram, 友人・知人, タクシードライバーや地元の人",0,0,0,1,0,1,0,0,0,0,1,0,0,0,0,0,1,0,1,1,0,0,0,0,0,,,,,,"3,000円以上 5,000円未満",,"3,000円以上 5,000円未満",,,,,,,,,,,,5,良いホテルだったから,朝ごはんが美味しかったし、そのほか不便なことはなかったから。,,,,10,また行きたい（1年以内）,1つ前のページに記入しました。 金澤市内の観光がとても楽しかったから。,東横イン金沢兼六園香林坊,同意する,,,,,,,1991,,,,,,
石川,2024/03/09 14:41:14,沖縄県,男,1981,,100万円以上 200万円未満,自分ひとり,3泊,石川県外には泊まらない,金沢エリア  （湯涌温泉、深谷温泉、犀川温泉など）,3泊,,,,,,,,,飛行機,0,0,0,0,1,0,0,,0,0,0,0,3,,,,2～5回目,"宿でのんびり過ごす, 温泉や露天風呂, 地元の美味しいものを食べる",1,1,1,0,0,0,0,0,0,0,0,0,0,0,0,0,0,0,インターネット・アプリ,0,0,0,0,0,0,0,0,0,0,1,0,0,0,0,0,0,0,0,0,0,0,0,0,0,,,,,,"20,000円以上 30,000円未満",,"3,000円以上 5,000円未満",,,,,,,,,,,,4,,,,,,8,また行きたい（1年以内）,楽しみです,東横イン金沢兼六園香林坊,同意する,,,,,,,1981,,,,,,
石川,2024/03/09 15:39:59,静岡県,男,2004,,100万円未満,自分ひとり,4泊以上,石川県外には泊まらない,金沢エリア  （湯涌温泉、深谷温泉、犀川温泉など）,4泊以上,,,,,,,,,"新幹線, 在来線",0,0,1,1,0,0,0,,0,0,0,0,4,新幹線は早くて快適。バスは本数が多くて良かったが、スイカが使えず、現金での支払いを余儀なくされたから。,,,2～5回目,"地元の美味しいものを食べる, 名所、旧跡の観光, テーマパーク（遊園地、動物園、博物館など）, 大学のサークル活動",0,0,1,0,1,1,0,0,0,0,0,0,0,0,0,0,0,0,インターネット・アプリ,0,0,0,0,0,0,0,0,0,0,1,0,0,0,0,0,0,0,0,0,0,0,0,0,0,,,,,,"30,000円以上 40,000円未満",,"1,000円以上 3,000円未満",,,,,,,,,,,,4,東横インだから,東横インだから,,,,7,機会があれば行きたい,バスに全国交通系ICカードを使え利用に強く希望する。現金だと大変です 兼六園や県立博物館が良かったから。香林坊や近江市場で美味しい店が多いから,東横イン金沢兼六園香林坊,同意する,,,,,,,2004,,,,,,
石川,2024/01/03 21:34:43,千葉県,女,1976,,"1,000万円以上 1,200万円未満",夫婦2人,1泊,石川県外には泊まらない,金沢エリア  （湯涌温泉、深谷温泉、犀川温泉など）,1泊,,,,,,,,,"新幹線, 飛行機",0,0,1,0,1,0,0,,0,0,0,0,5,駅近,,,初めて,"地元の美味しいものを食べる, 友人・親戚を訪ねる",0,0,1,0,0,0,0,0,0,0,0,0,0,0,0,0,0,0,"Instagram, 友人・知人",0,0,0,1,0,0,0,0,0,0,0,0,0,0,0,0,0,0,1,0,0,0,0,0,0,,,,,,"20,000円以上 30,000円未満",,"10,000円以上 20,000円未満",,,,,,,,,,,,5,綺麗でスタッフの対応がとても良かったからです,とても綺麗,,,,10,また行きたい（1年以内）,特になし 蟹　お刺身,ダイワロイネットホテル金沢MIYABI,同意する,,臨時休業で21世紀美術館に行けませんでした,,飛行機が欠航になった為の宿泊のため自宅に戻るから,,,1976,,,,,,
石川,2024/01/11 5:51:18,石川県,男,1995,,300万円以上 400万円未満,小学生以下連れの家族,1泊,石川県外には泊まらない,金沢エリア  （湯涌温泉、深谷温泉、犀川温泉など）,1泊,,,,,,,,,自家用車,1,0,0,0,0,0,0,,0,0,0,0,5,,,,初めて,"温泉や露天風呂, 地元の美味しいものを食べる, まちあるき、都市散策",0,1,1,0,0,0,0,0,0,0,1,0,0,0,0,0,0,0,観光展・物産展,0,0,0,0,0,0,0,0,0,0,0,0,0,0,0,0,0,0,0,0,0,0,1,0,0,,,,,,"10,000円以上 20,000円未満",,"20,000円以上 30,000円未満",,,,,,,,,,,,5,,,,,,10,また行きたい（1年以内）,とくになし,ダイワロイネットホテル金沢MIYABI,同意する,,,,,,,1995,,,,,,
石川,2024/01/28 17:10:29,兵庫県,女,1990,,700万円以上 800万円未満,職場の同僚,1泊,石川県外には泊まらない,金沢エリア  （湯涌温泉、深谷温泉、犀川温泉など）,1泊,,,,,,,,,在来線,0,0,0,1,0,0,0,,0,0,0,0,4,,,,初めて,"地元の美味しいものを食べる, 名所、旧跡の観光, 買い物、アウトレット, まちあるき、都市散策, 各種体験（手作り、果物狩りなど）",0,0,1,0,1,0,1,0,0,0,1,1,0,0,0,0,0,0,"観光展・物産展, インターネット・アプリ, X(旧：Twitter), YouTube",0,0,0,0,0,1,1,0,0,0,1,0,0,0,0,0,0,0,0,0,0,0,1,0,0,,,,,,"5,000円以上 10,000円未満",,使わない,,,,,,,,,,,,4,綺麗な部屋で、大浴場もあり満足です,駅から近く、接客も丁寧,,,,10,また行きたい（1年以内）,コンパクトに見所があり、一泊二日でも十分楽しめるよい観光地だと思いますが、バスだけでなく京都のようにもう少し鉄道が発達しているとありがたいです。 ご飯が美味しく観光地も多い,ダイワロイネットホテル金沢MIYABI,同意する,,,,,,,1990,,,,,,
石川,2024/01/28 18:28:19,宮城県,女,1969,,300万円以上 400万円未満,職場の同僚,4泊以上,富山県,金沢エリア  （湯涌温泉、深谷温泉、犀川温泉など）,1泊,,,,,,,,,新幹線,0,0,1,0,0,0,0,,0,0,0,0,5,大荷物なので、タクシーを呼びに係の人が走ってくれた。,,,2～5回目,出張など仕事関係,0,0,0,0,0,0,0,0,0,0,0,0,0,0,0,0,1,0,インターネット・アプリ,0,0,0,0,0,0,0,0,0,0,1,0,0,0,0,0,0,0,0,0,0,0,0,0,0,,,,,,"10,000円以上 20,000円未満",,使わない,,,,,,,,,,,,5,,,,,,10,また行きたい（1年以内）,特になし,ダイワロイネットホテル金沢MIYABI,同意する,,気多大社,,,,,1969,,,,,,
石川,2024/01/28 18:29:21,宮城県,女,1982,,800万円以上 900万円未満,職場の同僚,1泊,富山県,能登エリア （和倉温泉、七尾市、輪島市、珠洲市など）,4泊以上,,,,,,,,,"レンタカー, 新幹線",0,1,1,0,0,0,0,,0,0,0,0,5,皆さまとても親切に応じてくださるので快適でした。,,,2～5回目,災害救護活動です。,0,0,0,0,0,0,0,0,0,0,0,0,0,0,0,0,0,0,"インターネット・アプリ, X(旧：Twitter), Instagram, タクシードライバーや地元の人",0,0,0,1,0,1,0,0,0,0,1,0,0,0,0,0,0,0,0,1,0,0,0,0,0,,,,,,"10,000円以上 20,000円未満",,"40,000円以上 50,000円未満",,,,,,,,,,,,5,入った瞬間からとてもいい香りがして、心の底から癒やされました。今日まで頑張ってきて良かったです。,,,,,10,また行きたい（1年以内）,美味しいものをたくさん買って行きます。,ダイワロイネットホテル金沢MIYABI,同意する,,気大大社,,,,,1982,,,,,,
石川,2024/01/28 22:15:36,大阪府,無回答,1988,,600万円以上 700万円未満,友人,1泊,石川県外には泊まらない,金沢エリア  （湯涌温泉、深谷温泉、犀川温泉など）,1泊,,,,,,,,,在来線,0,0,0,1,0,0,0,,0,0,0,0,,,,,初めて,"地元の美味しいものを食べる, 名所、旧跡の観光, 買い物、アウトレット",0,0,1,0,1,0,1,0,0,0,0,0,0,0,0,0,0,0,インターネット・アプリ,0,0,0,0,0,0,0,0,0,0,1,0,0,0,0,0,0,0,0,0,0,0,0,0,0,,,,,,"5,000円以上 10,000円未満",,使わない,,,,,,,,,,,,4,,清潔でした,,,,9,機会があれば行きたい,バスでほとんどのICカードが使えないのがとても不便です。 海鮮、おでん,ダイワロイネットホテル金沢MIYABI,同意する,,にし茶屋街、妙立寺,,,,,1988,,,,,,
石川,2024/02/03 10:23:53,兵庫県,男,1988,,"1,500万円以上",夫婦2人,1泊,石川県外には泊まらない,金沢エリア  （湯涌温泉、深谷温泉、犀川温泉など）,1泊,,,,,,,,,在来線,0,0,0,1,0,0,0,,0,0,0,0,5,サンダーバード直通のため,,,初めて,"宿でのんびり過ごす, 温泉や露天風呂, 地元の美味しいものを食べる",1,1,1,0,0,0,0,0,0,0,0,0,0,0,0,0,0,0,"インターネット・アプリ, X(旧：Twitter)",0,0,0,0,0,1,0,0,0,0,1,0,0,0,0,0,0,0,0,0,0,0,0,0,0,,,,,,"10,000円以上 20,000円未満",,"10,000円以上 20,000円未満",,,,,,,,,,,,5,温泉が綺麗,設備が綺麗,,,,10,また行きたい（1年以内）,予約がインターネットでスムーズに出来れば良い 食事が美味しい,ダイワロイネットホテル金沢MIYABI,同意する,,,,,,,1988,,,,,,
石川,2024/02/03 10:30:37,東京都,女,1969,,"1,000万円以上 1,200万円未満",自分ひとり,2泊,石川県外には泊まらない,金沢エリア  （湯涌温泉、深谷温泉、犀川温泉など）,2泊,,,,,,,,,新幹線,0,0,1,0,0,0,0,,0,0,0,0,5,,,,6～10回目,"地元の美味しいものを食べる, 花見や紅葉などの自然鑑賞, 名所、旧跡の観光, お祭りやイベントへの参加・見物, まちあるき、都市散策, 友人・親戚を訪ねる",0,0,1,1,1,0,0,1,0,0,1,0,0,0,0,0,0,0,"インターネット・アプリ, Instagram, 友人・知人",0,0,0,1,0,0,0,0,0,0,1,0,0,0,0,0,0,0,1,0,0,0,0,0,0,,,,,,"20,000円以上 30,000円未満",,"20,000円以上 30,000円未満",,,,,,,,,,,,5,駅近く、大浴場、ヘアケア用品,清潔感があり、部屋の間取りも良い,,,,10,また行きたい（1年以内）,石川県内の神社や工芸が大好きです。ホテルに詳細のパンフレットや紹介冊子などあると嬉しい 駅から近く、移動や飲食時とても便利,ダイワロイネットホテル金沢MIYABI,同意する,,ほがらか村,,,,,1969,,,,,,
石川,2024/02/04 18:34:07,東京都,女,1995,,400万円以上 500万円未満,友人,1泊,石川県外には泊まらない,金沢エリア  （湯涌温泉、深谷温泉、犀川温泉など）,1泊,,,,,,,,,新幹線,0,0,1,0,0,0,0,,0,0,0,0,,,,,初めて,"地元の美味しいものを食べる, 名所、旧跡の観光, 買い物、アウトレット, まちあるき、都市散策",0,0,1,0,1,0,1,0,0,0,1,0,0,0,0,0,0,0,"新聞・雑誌・ガイドブック, X(旧：Twitter)",0,0,0,0,0,1,0,0,0,0,0,0,0,0,0,0,1,0,0,0,0,0,0,0,0,,,,,,"10,000円以上 20,000円未満",,"10,000円以上 20,000円未満",,,,,,,,,,,,4,部屋がとても綺麗、ダイソンとリファのドライヤーが置いてあった,,,,,10,機会があれば行きたい,地震の影響で利用できない施設がいくつかあったので、利用再開したらまた体験してみたい 部屋の内装と大浴場が可愛い、,ダイワロイネットホテル金沢MIYABI,同意する,,,,,,,1995,,,,,,
石川,2024/02/07 20:16:33,岐阜県,男,1961,,700万円以上 800万円未満,職場の同僚,1泊,石川県外には泊まらない,金沢エリア  （湯涌温泉、深谷温泉、犀川温泉など）,1泊,,,,,,,,,在来線,0,0,0,1,0,0,0,,0,0,0,0,,,,,初めて,出張など仕事関係,0,0,0,0,0,0,0,0,0,0,0,0,0,0,0,0,1,0,インターネット・アプリ,0,0,0,0,0,0,0,0,0,0,1,0,0,0,0,0,0,0,0,0,0,0,0,0,0,,,,,,"10,000円以上 20,000円未満",,"10,000円以上 20,000円未満",,,,,,,,,,,,4,,,,,,8,また行きたい（1年以内）,特になし,ダイワロイネットホテル金沢MIYABI,同意する,,,,,,,1961,,,,,,
石川,2024/02/09 17:11:35,茨城県,男,1986,,500万円以上 600万円未満,職場の同僚,4泊以上,石川県外には泊まらない,金沢エリア  （湯涌温泉、深谷温泉、犀川温泉など）,4泊以上,,,,,,,,,給水車,0,0,0,0,0,0,0,,0,0,0,0,,,,,初めて,出張など仕事関係,0,0,0,0,0,0,0,0,0,0,0,0,0,0,0,0,1,0,会社が用意,0,0,0,0,0,0,0,0,0,0,0,0,0,0,0,0,0,0,0,0,0,0,0,0,1,,,,,,"50,000円以上 100,000円未満",,"40,000円以上 50,000円未満",,,,,,,,,,,,5,,大浴場が良かった,,,,8,機会があれば行きたい,海産物,ダイワロイネットホテル金沢MIYABI,同意する,,直行,,,,,1986,,,,,,
石川,2024/02/09 18:02:01,大阪府,男,1986,,700万円以上 800万円未満,職場の同僚,2泊,石川県外には泊まらない,金沢エリア  （湯涌温泉、深谷温泉、犀川温泉など）,2泊,,,,,,,,,在来線,0,0,0,1,0,0,0,,0,0,0,0,,,,,初めて,出張など仕事関係,0,0,0,0,0,0,0,0,0,0,0,0,0,0,0,0,1,0,インターネット・アプリ,0,0,0,0,0,0,0,0,0,0,1,0,0,0,0,0,0,0,0,0,0,0,0,0,0,,,,,,"20,000円以上 30,000円未満",,使わない,,,,,,,,,,,,5,スタッフさんの対応が本当に素敵で、携帯電話を無くしたのですが丁寧にお手紙付きでご連絡下さいました。本当にありがとうございます。,ホスピタリティがとても高く、部屋の清掃も丁寧にしていただいてました。全て満足です。,,,,10,また行きたい（1年以内）,カニなどの海鮮料理 スタッフさんの親切な対応と居心地の良さ,ダイワロイネットホテル金沢MIYABI,同意する,,,,,,,1986,,,,,,
石川,2024/02/13 15:08:14,京都府,女,1983,,600万円以上 700万円未満,親,1泊,石川県外には泊まらない,金沢エリア  （湯涌温泉、深谷温泉、犀川温泉など）,1泊,,,,,,,,,在来線,0,0,0,1,0,0,0,,0,0,0,0,4,混雑しておらず、時間通り動けた,,,6～10回目,"宿でのんびり過ごす, 地元の美味しいものを食べる, まちあるき、都市散策",1,0,1,0,0,0,0,0,0,0,1,0,0,0,0,0,0,0,"観光パンフレット・ポスター, X(旧：Twitter), Instagram",0,0,0,1,0,1,0,0,0,0,0,0,0,0,0,0,0,0,0,0,1,0,0,0,0,,,,,,"10,000円以上 20,000円未満",,"5,000円以上 10,000円未満",,,,,,,,,,,,5,駅から近い,大浴場,,,,10,また行きたい（1年以内）,バスの種類がわかりにくく、もう少し乗りこなせるようになる術があればいいなと思う 食べ物,ダイワロイネットホテル金沢MIYABI,同意する,,加賀友禅会館,,,,,1983,,,,,,
石川,2024/02/15 8:35:13,鹿児島県,男,1952,,400万円以上 500万円未満,自分ひとり,2泊,大阪市北区,金沢エリア  （湯涌温泉、深谷温泉、犀川温泉など）,2泊,,,,,,,,,飛行機,0,0,0,0,1,0,0,,0,0,0,0,5,,,,初めて,出張など仕事関係,0,0,0,0,0,0,0,0,0,0,0,0,0,0,0,0,1,0,友人・知人,0,0,0,0,0,0,0,0,0,0,0,0,0,0,0,0,0,0,1,0,0,0,0,0,0,,,,,,"5,000円以上 10,000円未満",,"5,000円以上 10,000円未満",,,,,,,,,,,,5,親切に応対してくれた。,バスルームが良かった。,,,,3,また行きたい（1年以内）,ホタルいか 震災で能登に行けなかった。,ダイワロイネットホテル金沢MIYABI,同意する,,,,,,,1952,,,,,,
石川,2024/02/16 21:12:07,埼玉県,女,1981,,300万円以上 400万円未満,恋人,2泊,石川県外には泊まらない,金沢エリア  （湯涌温泉、深谷温泉、犀川温泉など）,2泊,,,,,,,,,"新幹線, 在来線",0,0,1,1,0,0,0,,0,0,0,0,,,,,初めて,推しのライブ,0,0,0,0,0,0,0,0,0,0,0,0,0,0,0,0,0,0,インターネット・アプリ,0,0,0,0,0,0,0,0,0,0,1,0,0,0,0,0,0,0,0,0,0,0,0,0,0,,,,,,"10,000円以上 20,000円未満",,"40,000円以上 50,000円未満",,,,,,,,,,,,4,普通にいい,きれい,,,,7,機会があれば行きたい,工芸品づくり体験 金沢駅きれいでたのしい,ダイワロイネットホテル金沢MIYABI,同意する,,夜に金沢に着いたから,,ほんだのもり,,,1981,,,,,,
石川,2024/02/22 12:48:00,大阪府,女,1983,,200万円以上 300万円未満,親戚,1泊,石川県外には泊まらない,金沢エリア  （湯涌温泉、深谷温泉、犀川温泉など）,1泊,,,,,,,,,在来線,0,0,0,1,0,0,0,,0,0,0,0,,,,,初めて,地元の美味しいものを食べる,0,0,1,0,0,0,0,0,0,0,0,0,0,0,0,0,0,0,"新聞・雑誌・ガイドブック, TV・ラジオ番組やCM",0,0,0,0,0,0,0,0,0,0,0,0,0,0,1,0,1,0,0,0,0,0,0,0,0,,,,,,"5,000円以上 10,000円未満",,使わない,,,,,,,,,,,,4,,,,,,7,機会があれば行きたい,特になし,ダイワロイネットホテル金沢MIYABI,同意する,,,,,,,1983,,,,,,
石川,2024/02/24 7:07:47,東京都,女,1999,,"1,500万円以上",夫婦2人,2泊,石川県外には泊まらない,金沢エリア  （湯涌温泉、深谷温泉、犀川温泉など）,2泊,,,,,,,,,新幹線,0,0,1,0,0,0,0,,0,0,0,0,,,,,2～5回目,"地元の美味しいものを食べる, 買い物、アウトレット",0,0,1,0,0,0,1,0,0,0,0,0,0,0,0,0,0,0,"インターネット・アプリ, Instagram, 友人・知人",0,0,0,1,0,0,0,0,0,0,1,0,0,0,0,0,0,0,1,0,0,0,0,0,0,,,,,,"30,000円以上 40,000円未満",,使わない,,,,,,,,,,,,5,ホテル自体が新しく、清潔感があった,ドライヤー、ヘアアイロンが良かった,,,,9,また行きたい（1年以内）,地元の美味しいお寿司を(できれば並ばずに)食べられる 駅から近く、清潔で、コスパがよい,ダイワロイネットホテル金沢MIYABI,同意する,,,,寿司屋,,,1999,,,,,,
石川,2024/02/24 20:45:29,広島県,女,1973,,"1,500万円以上",夫婦2人,2泊,石川県外には泊まらない,金沢エリア  （湯涌温泉、深谷温泉、犀川温泉など）,2泊,,,,,,,,,"新幹線, 在来線",0,0,1,1,0,0,0,,0,0,0,0,,,,,初めて,"温泉や露天風呂, 地元の美味しいものを食べる, 名所、旧跡の観光",0,1,1,0,1,0,0,0,0,0,0,0,0,0,0,0,0,0,"新聞・雑誌・ガイドブック, インターネット・アプリ, Instagram",0,0,0,1,0,0,0,0,0,0,1,0,0,0,0,0,1,0,0,0,0,0,0,0,0,,,,,,"20,000円以上 30,000円未満",,"20,000円以上 30,000円未満",,,,,,,,,,,,4,駅近い,,,,,10,機会があれば行きたい,魚 魚が最高,ダイワロイネットホテル金沢MIYABI,同意する,,大聖寺の九谷焼美術館,,,,,1973,,,,,,
石川,2024/03/02 11:42:35,大阪府,男,1989,,600万円以上 700万円未満,恋人,1泊,石川県外には泊まらない,金沢エリア  （湯涌温泉、深谷温泉、犀川温泉など）,1泊,,,,,,,,,在来線,0,0,0,1,0,0,0,,0,0,0,0,5,大阪からサンダーバードですぐなので移動が楽です！,,,初めて,"地元の美味しいものを食べる, 名所、旧跡の観光",0,0,1,0,1,0,0,0,0,0,0,0,0,0,0,0,0,0,友人・知人,0,0,0,0,0,0,0,0,0,0,0,0,0,0,0,0,0,0,1,0,0,0,0,0,0,,,,,,"5,000円以上 10,000円未満",,"5,000円以上 10,000円未満",,,,,,,,,,,,5,,,,,,7,機会があれば行きたい,兼六園はとても良いです！,ダイワロイネットホテル金沢MIYABI,同意する,,,,,,,1989,,,,,,
石川,2024/03/02 22:24:10,東京都,女,1995,,400万円以上 500万円未満,自分ひとり,4泊以上,石川県外には泊まらない,金沢エリア  （湯涌温泉、深谷温泉、犀川温泉など）,4泊以上,,,,,,,,,新幹線,0,0,1,0,0,0,0,,0,0,0,0,4,駅前にあることは非常に有難いと感じました。,,,初めて,能登半島地震被災地支援活動,0,0,0,0,0,0,0,0,0,0,0,0,0,0,0,0,0,0,インターネット・アプリ,0,0,0,0,0,0,0,0,0,0,1,0,0,0,0,0,0,0,0,0,0,0,0,0,0,,,,,,"100,000円以上",,"50,000円以上 100,000円未満",,,,,,,,,,,,4,大浴場や部屋にリファ製品やダイソンなど時短かつケアできる製品があり満足度がありました。ただシャンプー類がもう少し良いものが利用できるとより満足度があがるなとかんじていました。,朝食で天ぷらなどいただけて満足しました。ただ連絡していてもう少しタンパク質がとれる肉類等あるとより嬉しいと感じていました。,,,,10,また行きたい（1年以内）,工芸品に触れたり、体験型のものをいつか行いたいと感じました。 元々県外在住で、被災地支援活動を1月初旬からずっとさせていただいて2ヶ月石川で過ごしたのですが、魅力的な場所や人に溢れていると感じました。早く復興し石川に活気あふれることを祈ります。,ダイワロイネットホテル金沢MIYABI,同意する,,被災地,,,,,1995,,,,,,
石川,2024/03/03 10:16:24,兵庫県,男,1978,,700万円以上 800万円未満,小学生以下連れの家族,1泊,石川県外には泊まらない,金沢エリア  （湯涌温泉、深谷温泉、犀川温泉など）,1泊,,,,,,,,,在来線,0,0,0,1,0,0,0,,0,0,0,0,,,,,初めて,"地元の美味しいものを食べる, 名所、旧跡の観光, テーマパーク（遊園地、動物園、博物館など）, まちあるき、都市散策",0,0,1,0,1,1,0,0,0,0,1,0,0,0,0,0,0,0,インターネット・アプリ,0,0,0,0,0,0,0,0,0,0,1,0,0,0,0,0,0,0,0,0,0,0,0,0,0,,,,,,"5,000円以上 10,000円未満",,"5,000円以上 10,000円未満",,,,,,,,,,,,5,大きなお風呂があり、サービスが行き届いていてゆっくりできたから,,,,,10,機会があれば行きたい,子どもと一緒に遊べるスポットがもっと欲しい,ダイワロイネットホテル金沢MIYABI,同意する,,,,,,,1978,,,,,,
石川,2024/03/06 6:38:20,高知県,女,1979,,300万円以上 400万円未満,職場の同僚,4泊以上,石川県外には泊まらない,金沢エリア  （湯涌温泉、深谷温泉、犀川温泉など）,4泊以上,,,,,,,,,"在来線, 飛行機",0,0,0,1,1,0,0,,0,0,0,0,4,駅から近く近隣に大きなパーキングがある,,,初めて,"宿でのんびり過ごす, 出張など仕事関係",1,0,0,0,0,0,0,0,0,0,0,0,0,0,0,0,1,0,インターネット・アプリ,0,0,0,0,0,0,0,0,0,0,1,0,0,0,0,0,0,0,0,0,0,0,0,0,0,,,,,,"40,000円以上 50,000円未満",,"40,000円以上 50,000円未満",,,,,,,,,,,,5,温泉がありゆっくり足が伸ばせるので疲れがとれます。,被災地から支援後帰ってきてゆっくりさせていただきました。,,,,10,また行きたい（1年以内）,何を食べても美味しく、家族に食べてもらいたいものや、見せたい場所が多いところでした。次は観光でいろんな伝統に触れ合うアクティビティをしてみたい 駅から近くに美味しい食べ物屋さんが多く便利,ダイワロイネットホテル金沢MIYABI,同意する,,,,被災地,,,1979,,,,,,
石川,2024/03/09 12:06:44,東京都,男,1998,,300万円以上 400万円未満,恋人,1泊,石川県外には泊まらない,金沢エリア  （湯涌温泉、深谷温泉、犀川温泉など）,1泊,,,,,,,,,新幹線,0,0,1,0,0,0,0,,0,0,0,0,5,,,,初めて,"宿でのんびり過ごす, 温泉や露天風呂, 地元の美味しいものを食べる",1,1,1,0,0,0,0,0,0,0,0,0,0,0,0,0,0,0,"観光展・物産展, 新聞・雑誌・ガイドブック, 観光連盟やDMOのHP, インターネット・アプリ",0,0,0,0,0,0,0,0,0,0,1,0,0,0,0,0,1,0,0,0,0,0,1,1,0,,,,,,"10,000円以上 20,000円未満",,"10,000円以上 20,000円未満",,,,,,,,,,,,5,,,,,,8,また行きたい（1年以内）,海鮮,ダイワロイネットホテル金沢MIYABI,同意する,,,,,,,1998,,,,,,
石川,2024/03/09 16:58:32,石川県,男,2000,,"900万円以上 1,000万円未満",家族,1泊,石川県外には泊まらない,金沢エリア  （湯涌温泉、深谷温泉、犀川温泉など）,1泊,,,,,,,,,県外から訪れていない（石川県内在住）,0,0,0,0,0,0,0,,0,0,0,0,,,,,2～5回目,"宿でのんびり過ごす, 買い物、アウトレット",1,0,0,0,0,0,1,0,0,0,0,0,0,0,0,0,0,0,インターネット・アプリ,0,0,0,0,0,0,0,0,0,0,1,0,0,0,0,0,0,0,0,0,0,0,0,0,0,,,,,,"5,000円以上 10,000円未満",,"20,000円以上 30,000円未満",,,,,,,,,,,,5,,,,,,10,石川県在住,特になし,ダイワロイネットホテル金沢MIYABI,同意する,,,,,,,2000,,,,,,
石川,2024/03/10 4:03:45,新潟県,女,1998,,500万円以上 600万円未満,親,1泊,石川県外には泊まらない,金沢エリア  （湯涌温泉、深谷温泉、犀川温泉など）,4泊以上,,,,,,,,,自家用車,1,0,0,0,0,0,0,,0,0,0,0,,,,,2～5回目,"地元の美味しいものを食べる, 買い物、アウトレット, まちあるき、都市散策, 友人・親戚を訪ねる",0,0,1,0,0,0,1,0,0,0,1,0,0,0,0,0,0,0,"観光展・物産展, 新聞・雑誌・ガイドブック, Instagram",0,0,0,1,0,0,0,0,0,0,0,0,0,0,0,0,1,0,0,0,0,0,1,0,0,,,,,,"30,000円以上 40,000円未満",,"40,000円以上 50,000円未満",,,,,,,,,,,,5,綺麗,綺麗,,,,10,また行きたい（1年以内）,特になし 綺麗だから。,ダイワロイネットホテル金沢MIYABI,同意する,,,,,,,1998,,,,,,
石川,2024/03/11 8:25:59,愛知県,女,1985,,"1,200万円以上 1,500万円未満",友人,2泊,石川県外には泊まらない,金沢エリア  （湯涌温泉、深谷温泉、犀川温泉など）,2泊,,,,,,,,,自家用車,1,0,0,0,0,0,0,,0,0,0,0,,,,,2～5回目,"宿でのんびり過ごす, 地元の美味しいものを食べる",1,0,1,0,0,0,0,0,0,0,0,0,0,0,0,0,0,0,Instagram,0,0,0,1,0,0,0,0,0,0,0,0,0,0,0,0,0,0,0,0,0,0,0,0,0,,,,,,"10,000円以上 20,000円未満",,"20,000円以上 30,000円未満",,,,,,,,,,,,5,接客がとても良かった。,温泉がある,,,,10,また行きたい（1年以内）,特になし 金沢の、ご飯がおいしい,ダイワロイネットホテル金沢MIYABI,同意する,,,,まいもん寿司,,,1985,,,,,,
石川,2024/03/11 10:40:09,東京都,女,1966,,"900万円以上 1,000万円未満",きょうだい,1泊,石川県外には泊まらない,金沢エリア  （湯涌温泉、深谷温泉、犀川温泉など）,1泊,,,,,,,,,新幹線,0,0,1,0,0,0,0,,0,0,0,0,,,,,11回目以上,介護,0,0,0,0,0,0,0,0,0,0,0,0,0,0,0,0,0,0,友人・知人,0,0,0,0,0,0,0,0,0,0,0,0,0,0,0,0,0,0,1,0,0,0,0,0,0,,,,,,"5,000円以上 10,000円未満",,"5,000円以上 10,000円未満",,,,,,,,,,,,5,部屋の設備が良い,雰囲気が落ち着く,,,,10,また行きたい（1年以内）,魚、大野醤油 駅近で、部屋も快適で居心地いい,ダイワロイネットホテル金沢MIYABI,同意する,,県立図書館,,介護施設,,,1966,,,,,,
石川,2024/03/13 9:01:46,茨城県,男,1971,,"900万円以上 1,000万円未満",自分ひとり,2泊,石川県外には泊まらない,金沢エリア  （湯涌温泉、深谷温泉、犀川温泉など）,2泊,,,,,,,,,新幹線,0,0,1,0,0,0,0,,0,0,0,0,4,近い,,,2～5回目,"宿でのんびり過ごす, 地元の美味しいものを食べる",1,0,1,0,0,0,0,0,0,0,0,0,0,0,0,0,0,0,インターネット・アプリ,0,0,0,0,0,0,0,0,0,0,1,0,0,0,0,0,0,0,0,0,0,0,0,0,0,,,,,,"30,000円以上 40,000円未満",,"5,000円以上 10,000円未満",,,,,,,,,,,,4,,,,,,8,また行きたい（1年以内）,鮮魚,ダイワロイネットホテル金沢MIYABI,同意する,,金沢城,,,,,1971,,,,,,
石川,2024/03/14 21:36:22,宮城県,女,1978,,"1,000万円以上 1,200万円未満",親,4泊以上,石川県外には泊まらない,石川県内には宿泊しない,1泊,,,,,,,,,"新幹線, 飛行機",0,0,1,0,1,0,0,,0,0,0,0,,,,,初めて,宿でのんびり過ごす,1,0,0,0,0,0,0,0,0,0,0,0,0,0,0,0,0,0,"観光展・物産展, 新聞・雑誌・ガイドブック, TV・ラジオ番組やCM",0,0,0,0,0,0,0,0,0,0,0,0,0,0,1,0,1,0,0,0,0,0,1,0,0,,,,,,"40,000円以上 50,000円未満",,"30,000円以上 40,000円未満",,,,,,,,,,,,5,,,,,,10,また行きたい（1年以内）,吧,ダイワロイネットホテル金沢MIYABI,同意する,,,,,,,1978,,,,,,
石川,2024/03/15 8:26:14,京都府,男,1993,,700万円以上 800万円未満,自分ひとり,1泊,福井県,金沢エリア  （湯涌温泉、深谷温泉、犀川温泉など）,1泊,,,,,,,,,"レンタカー, 在来線",0,1,0,1,0,0,0,,0,0,0,0,5,,,,2～5回目,"宿でのんびり過ごす, スポーツ観戦や芸術鑑賞（コンサート等）, アウトドア（海水浴、釣り、登山など）",1,0,0,0,0,0,0,0,0,1,0,0,0,0,0,0,0,0,観光展・物産展,0,0,0,0,0,0,0,0,0,0,0,0,0,0,0,0,0,0,0,0,0,0,1,0,0,,,,,,"20,000円以上 30,000円未満",,"20,000円以上 30,000円未満",,,,,,,,,,,,5,,,,,,10,機会があれば行きたい,なし,ダイワロイネットホテル金沢MIYABI,同意する,,,,,,,1993,,,,,,
石川,2024/03/17 9:53:44,北海道,女,1947,,300万円以上 400万円未満,夫婦2人,3泊,富山県,金沢エリア  （湯涌温泉、深谷温泉、犀川温泉など）,1泊,,,,,,,,,"新幹線, 飛行機",0,0,1,0,1,0,0,,0,0,0,0,4,アクセスが、良い,,,2～5回目,"宿でのんびり過ごす, 温泉や露天風呂, 名所、旧跡の観光, まちあるき、都市散策, 出張など仕事関係",1,1,0,0,1,0,0,0,0,0,1,0,0,0,0,0,1,0,インターネット・アプリ,0,0,0,0,0,0,0,0,0,0,1,0,0,0,0,0,0,0,0,0,0,0,0,0,0,,,,,,"30,000円以上 40,000円未満",,"3,000円以上 5,000円未満",,,,,,,,,,,,4,,アクセスも良く　施設も満足,,,,10,また行きたい（1年以内）,食べ物　景観全て満足,ダイワロイネットホテル金沢MIYABI,同意する,,,,,,,1947,,,,,,
石川,2024/03/29 17:34:36,石川県,女,1993,,800万円以上 900万円未満,小学生以下連れの家族,1泊,石川県外には泊まらない,金沢エリア  （湯涌温泉、深谷温泉、犀川温泉など）,1泊,,,,,,,,,新幹線,0,0,1,0,0,0,0,,0,0,0,0,,,,,初めて,地元の美味しいものを食べる,0,0,1,0,0,0,0,0,0,0,0,0,0,0,0,0,0,0,インターネット・アプリ,0,0,0,0,0,0,0,0,0,0,1,0,0,0,0,0,0,0,0,0,0,0,0,0,0,,,,,,"10,000円以上 20,000円未満",,"10,000円以上 20,000円未満",,,,,,,,,,,,4,大浴場が欲しかった,飲み物の無料サービスがあったのが嬉しかった,,,,8,また行きたい（1年以内）,美味しい魚料理,ダイワロイネットホテル金沢MIYABI,同意する,,,,,,,1993,,,,,,
石川,2024/04/03 0:19:15,神奈川県,女,1995,,400万円以上 500万円未満,友人,2泊,石川県外には泊まらない,金沢エリア  （湯涌温泉、深谷温泉、犀川温泉など）,2泊,,,,,,,,,"新幹線, 在来線",0,0,1,1,0,0,0,,0,0,0,0,,,,,初めて,"地元の美味しいものを食べる, 花見や紅葉などの自然鑑賞, 名所、旧跡の観光, まちあるき、都市散策",0,0,1,1,1,0,0,0,0,0,1,0,0,0,0,0,0,0,インターネット・アプリ,0,0,0,0,0,0,0,0,0,0,1,0,0,0,0,0,0,0,0,0,0,0,0,0,0,,,,,,"20,000円以上 30,000円未満",,使わない,,,,,,,,,,,,5,広い部屋と心配りの行き届いた防犯設備、こんなサービスが欲しいが形になっており、快適だったため。,2泊目の際、タオルを増やして欲しいという要望にこころよく対応していただいたため。,,,,9,機会があれば行きたい,特になし 観光で疲れた体を癒せる大浴場、そして綺麗で広い部屋。最新のドライヤーやシャワーが使えるのも最高でした。,ダイワロイネットホテル金沢MIYABI,同意する,,廻る富山湾 すし玉(すしたま) 金沢駅前店,,金沢城公園,,,1995,,,,,,
石川,2024/04/05 18:49:02,岐阜県,女,1981,,100万円以上 200万円未満,自分ひとり,4泊以上,富山県,金沢エリア  （湯涌温泉、深谷温泉、犀川温泉など）,2泊,,,,,,,,,自家用車,1,0,0,0,0,0,0,,0,0,0,0,,,,,初めて,"温泉や露天風呂, 地元の美味しいものを食べる, まちあるき、都市散策",0,1,1,0,0,0,0,0,0,0,1,0,0,0,0,0,0,0,インターネット・アプリ,0,0,0,0,0,0,0,0,0,0,1,0,0,0,0,0,0,0,0,0,0,0,0,0,0,,,,,,"20,000円以上 30,000円未満",,"20,000円以上 30,000円未満",,,,,,,,,,,4,2,各所で色々と不備があったため。,不備はあったが、ごはんが美味しかったのでプラス評価です。,,,,3,機会があれば行きたい,能登応援メニューなどの充実。寄付メニューの食事は1回できましたが、特産品などはどこも入荷未定ばかりでした。 美しい街並みに観光客で活気にあふれる感じが良いと思いました。,ダイワロイネットホテル金沢MIYABI,同意する,,,,,,,1981,,,,,,
石川,2024/04/10 13:34:48,東京都,女,1956,,800万円以上 900万円未満,夫婦2人,3泊,富山県,金沢エリア  （湯涌温泉、深谷温泉、犀川温泉など）,1泊,,,,,,,,,新幹線,0,0,1,0,0,0,0,,0,0,0,0,,,,,2～5回目,"地元の美味しいものを食べる, 花見や紅葉などの自然鑑賞, 名所、旧跡の観光",0,0,1,1,1,0,0,0,0,0,0,0,0,0,0,0,0,0,インターネット・アプリ,0,0,0,0,0,0,0,0,0,0,1,0,0,0,0,0,0,0,0,0,0,0,0,0,0,,,,,,"10,000円以上 20,000円未満",,"10,000円以上 20,000円未満",,,,,,,,,,,5,5,,,,,,10,機会があれば行きたい,温泉,ダイワロイネットホテル金沢MIYABI,同意する,,,,,,,1956,,,,,,
石川,2024/04/11 1:52:02,埼玉県,女,1992,,"1,500万円以上",小学生以下連れの家族,3泊,石川県外には泊まらない,金沢エリア  （湯涌温泉、深谷温泉、犀川温泉など）,3泊,,,,,,,,,自家用車,1,0,0,0,0,0,0,,0,0,0,0,,,,,初めて,"地元の美味しいものを食べる, 友人・親戚を訪ねる",0,0,1,0,0,0,0,0,0,0,0,0,0,0,0,0,0,0,一休,0,0,0,0,0,0,0,0,0,0,0,0,0,0,0,0,0,0,0,0,0,0,0,0,1,,,,,,"5,000円以上 10,000円未満",,使わない,,,,,,,,,,,5,5,深夜のチェックインにも快く丁寧に接客してくださり、また想い出帳にもご対応いただけたため。,他とは違う和風のしつらえで、清潔なホテルだったので。大浴場にベビーベッドや、予備のタオルがあり助かりました。,,,,9,また行きたい（1年以内）,寿司、加賀棒茶や能登塩などを使った地域性あふれるお菓子 今回は、帰省が目的でしたが、石川県は加賀能登金沢それぞれに文化や誇るべき食があり、何度来ても楽しい場所だと思うため。,ダイワロイネットホテル金沢MIYABI,同意する,,実家の輪島市への帰省,,車多酒造、回転寿司屋,,,1992,,,,,,
石川,2024/04/14 8:01:16,新潟県,女,1987,,500万円以上 600万円未満,小学生以下連れの家族,1泊,石川県外には泊まらない,金沢エリア  （湯涌温泉、深谷温泉、犀川温泉など）,1泊,,,,,,,,,自家用車,1,0,0,0,0,0,0,,0,0,0,0,,,,,初めて,"地元の美味しいものを食べる, 花見や紅葉などの自然鑑賞, 名所、旧跡の観光",0,0,1,1,1,0,0,0,0,0,0,0,0,0,0,0,0,0,"インターネット・アプリ, Instagram",0,0,0,1,0,0,0,0,0,0,1,0,0,0,0,0,0,0,0,0,0,0,0,0,0,,,,,,"5,000円以上 10,000円未満",,"1,000円未満",,,,,,,,,,,3,4,お部屋がきれいでした,,,,,7,機会があれば行きたい,ひゃくまんさんのお菓子がもっとあればいいと思います,ダイワロイネットホテル金沢MIYABI,同意する,,,,,,,1987,,,,,,
石川,2024/04/15 13:46:44,埼玉県,女,1968,,"1,000万円以上 1,200万円未満",夫婦2人,2泊,福井県,金沢エリア  （湯涌温泉、深谷温泉、犀川温泉など）,1泊,,,,,,,,,新幹線,0,0,1,0,0,0,0,,0,0,0,0,,,,,2～5回目,"宿でのんびり過ごす, 温泉や露天風呂, 地元の美味しいものを食べる, 花見や紅葉などの自然鑑賞, 名所、旧跡の観光, 各種体験（手作り、果物狩りなど）",1,1,1,1,1,0,0,0,0,0,0,1,0,0,0,0,0,0,インターネット・アプリ,0,0,0,0,0,0,0,0,0,0,1,0,0,0,0,0,0,0,0,0,0,0,0,0,0,,,,,,"5,000円以上 10,000円未満",,"5,000円以上 10,000円未満",,,,,,,,,,,4,4,,,,,,9,また行きたい（1年以内）,特になし 兼六園および金沢城公園のお花見と夜桜が素的です！,ダイワロイネットホテル金沢MIYABI,同意する,,,,,,,1968,,,,,,
石川,2024/04/18 10:53:11,福島県,男,1969,,600万円以上 700万円未満,友人,1泊,富山県,金沢エリア  （湯涌温泉、深谷温泉、犀川温泉など）,2泊,,,,,,,,,自家用車,1,0,0,0,0,0,0,,0,0,0,0,5,,,,2～5回目,"温泉や露天風呂, 地元の美味しいものを食べる, 名所、旧跡の観光",0,1,1,0,1,0,0,0,0,0,0,0,0,0,0,0,0,0,"観光展・物産展, 新聞・雑誌・ガイドブック",0,0,0,0,0,0,0,0,0,0,0,0,0,0,0,0,1,0,0,0,0,0,1,0,0,,,,,,"20,000円以上 30,000円未満",,"20,000円以上 30,000円未満",,,,,,,,,,,5,5,,,,,,9,また行きたい（1年以内）,特になし,ダイワロイネットホテル金沢MIYABI,同意する,,,,,,,1969,,,,,,
石川,2024/04/18 11:00:46,福島県,女,1977,,"1,500万円以上",夫婦2人,4泊以上,富山県,金沢エリア  （湯涌温泉、深谷温泉、犀川温泉など）,2泊,,,,,,,,,自家用車,1,0,0,0,0,0,0,,0,0,0,0,5,家族ともに満足　食べたものがおいしかった,,,初めて,"温泉や露天風呂, 地元の美味しいものを食べる, テーマパーク（遊園地、動物園、博物館など）, まちあるき、都市散策, 各種体験（手作り、果物狩りなど）",0,1,1,0,0,1,0,0,0,0,1,1,0,0,0,0,0,0,"観光パンフレット・ポスター, インターネット・アプリ, 観光協会等の案内所",0,0,0,0,0,0,0,0,0,0,1,0,0,0,0,0,0,0,0,0,1,1,0,0,0,,,,,,"10,000円以上 20,000円未満",,"20,000円以上 30,000円未満",,,,,,,,,,,5,5,広かったし、お風呂があった。部屋に洗濯きがついていて洗濯できて良かった,同上,,,,10,また行きたい（1年以内）,魚、豪華さ、歴史的 街並み、食べ物,ダイワロイネットホテル金沢MIYABI,同意する,,,,,,,1977,,,,,,
石川,2024/04/18 17:48:45,北海道,女,2000,,800万円以上 900万円未満,親,3泊,石川県外には泊まらない,金沢エリア  （湯涌温泉、深谷温泉、犀川温泉など）,3泊,,,,,,,,,"飛行機, 旅行会社ツアーバス",0,0,0,0,1,1,0,,0,0,0,0,,,,,初めて,"名所、旧跡の観光, 結婚式",0,0,0,0,1,0,0,0,0,0,0,0,0,0,0,0,0,0,"観光展・物産展, Instagram, 友人・知人",0,0,0,1,0,0,0,0,0,0,0,0,0,0,0,0,0,0,1,0,0,0,1,0,0,,,,,,"5,000円以上 10,000円未満",,"10,000円以上 20,000円未満",,,,,,,,,,,4,4,,,,,,9,機会があれば行きたい,伝統芸能,ダイワロイネットホテル金沢MIYABI,同意する,,,,,,,2000,,,,,,
石川,2024/04/22 8:30:50,福岡県,男,1968,,300万円以上 400万円未満,恋人,2泊,石川県外には泊まらない,金沢エリア  （湯涌温泉、深谷温泉、犀川温泉など）,2泊,,,,,,,,,飛行機,0,0,0,0,1,0,0,,0,0,0,0,4,解りやすい,,,初めて,"地元の美味しいものを食べる, まちあるき、都市散策",0,0,1,0,0,0,0,0,0,0,1,0,0,0,0,0,0,0,"新聞・雑誌・ガイドブック, TV・ラジオ番組やCM",0,0,0,0,0,0,0,0,0,0,0,0,0,0,1,0,1,0,0,0,0,0,0,0,0,,,,,,"20,000円以上 30,000円未満",,"1,000円以上 3,000円未満",,,,,,,,,,,4,5,,,,,,8,どちらともいえない,特になし,ダイワロイネットホテル金沢MIYABI,同意する,,,,,,,1968,,,,,,
石川,2024/04/26 22:32:46,茨城県,女,1993,,"1,000万円以上 1,200万円未満",親,1泊,石川県外には泊まらない,金沢エリア  （湯涌温泉、深谷温泉、犀川温泉など）,1泊,,,,,,,,,新幹線,0,0,1,0,0,0,0,,0,0,0,0,4,駅から近かったので,,,初めて,"宿でのんびり過ごす, 地元の美味しいものを食べる, 花見や紅葉などの自然鑑賞, 名所、旧跡の観光",1,0,1,1,1,0,0,0,0,0,0,0,0,0,0,0,0,0,"新聞・雑誌・ガイドブック, インターネット・アプリ",0,0,0,0,0,0,0,0,0,0,1,0,0,0,0,0,1,0,0,0,0,0,0,0,0,,,,,,"10,000円以上 20,000円未満",,"10,000円以上 20,000円未満",,,,,,,,,,,5,4,,大浴場とルームウェアがありとても良かったのとお部屋も広くて快適でした,,,,8,また行きたい（1年以内）,特になし,ダイワロイネットホテル金沢MIYABI,同意する,,,,,,,1993,,,,,,
石川,2024/04/29 7:53:26,愛知県,女,1969,,500万円以上 600万円未満,夫婦2人,1泊,福井県,金沢エリア  （湯涌温泉、深谷温泉、犀川温泉など）,1泊,,,,,,,,,自家用車,1,0,0,0,0,0,0,,0,0,0,0,,,,,初めて,地元の美味しいものを食べる,0,0,1,0,0,0,0,0,0,0,0,0,0,0,0,0,0,0,インターネット・アプリ,0,0,0,0,0,0,0,0,0,0,1,0,0,0,0,0,0,0,0,0,0,0,0,0,0,,,,,,"10,000円以上 20,000円未満",,"10,000円以上 20,000円未満",,,,,,,,,,,4,5,,,,,,3,機会があれば行きたい,特になし,ダイワロイネットホテル金沢MIYABI,同意する,,,,,,,1969,,,,,,
石川,2024/05/05 10:17:57,宮城県,女,1977,,200万円以上 300万円未満,職場の同僚,3泊,長野県,金沢エリア  （湯涌温泉、深谷温泉、犀川温泉など）,1泊,,,,,,,,,自家用車,1,0,0,0,0,0,0,,0,0,0,0,,,,,初めて,"地元の美味しいものを食べる, 名所、旧跡の観光, まちあるき、都市散策",0,0,1,0,1,0,0,0,0,0,1,0,0,0,0,0,0,0,"インターネット・アプリ, Instagram",0,0,0,1,0,0,0,0,0,0,1,0,0,0,0,0,0,0,0,0,0,0,0,0,0,,,,,,"10,000円以上 20,000円未満",,"10,000円以上 20,000円未満",,,,,,,,,,,5,5,,設備・バイキング,,,,10,機会があれば行きたい,特になし 食べ物も見るものも素敵,ダイワロイネットホテル金沢MIYABI,同意する,,,,,,,1977,,,,,,
石川,2024/05/26 8:20:02,大阪府,男,1989,,100万円以上 200万円未満,中学生以下連れの家族,1泊,石川県外には泊まらない,金沢エリア  （湯涌温泉、深谷温泉、犀川温泉など）,1泊,,,,,,,,,新幹線,0,0,1,0,0,0,0,,0,0,0,0,,すごく良かった。,,,初めて,"宿でのんびり過ごす, 温泉や露天風呂, 名所、旧跡の観光",1,1,0,0,1,0,0,0,0,0,0,0,0,0,0,0,0,0,新聞・雑誌・ガイドブック,0,0,0,0,0,0,0,0,0,0,0,0,0,0,0,0,1,0,0,0,0,0,0,0,0,,,,,,"100,000円以上",,"5,000円以上 10,000円未満",,,,,,,,,,,5,5,,,,,,10,また行きたい（1年以内）,すごく金沢は良かったと思います。,ダイワロイネットホテル金沢MIYABI,同意する,,,,,,,1989,,,,,,
石川,2024/05/26 9:04:10,大阪府,男,1989,,100万円以上 200万円未満,親,1泊,石川県外には泊まらない,金沢エリア  （湯涌温泉、深谷温泉、犀川温泉など）,1泊,,,,,,,,,新幹線,0,0,1,0,0,0,0,,0,0,0,0,,,,,初めて,"宿でのんびり過ごす, 地元の美味しいものを食べる, 名所、旧跡の観光, まちあるき、都市散策",1,0,1,0,1,0,0,0,0,0,1,0,0,0,0,0,0,0,新聞・雑誌・ガイドブック,0,0,0,0,0,0,0,0,0,0,0,0,0,0,0,0,1,0,0,0,0,0,0,0,0,,,,,,"10,000円以上 20,000円未満",,"100,000円以上",,,,,,,,,,,5,5,,,,,,10,機会があれば行きたい,すごく金沢良かったと思います。,ダイワロイネットホテル金沢MIYABI,同意する,,,,,,,1989,,,,,,
石川,2024/06/05 6:55:30,東京都,男,1971,,"1,500万円以上",職場の同僚,日帰り,石川県外には泊まらない,金沢エリア  （湯涌温泉、深谷温泉、犀川温泉など）,1泊,,,,,,,,,新幹線,0,0,1,0,0,0,0,,0,0,0,0,3,普通です,,,初めて,出張など仕事関係,0,0,0,0,0,0,0,0,0,0,0,0,0,0,0,0,1,0,インターネット・アプリ,0,0,0,0,0,0,0,0,0,0,1,0,0,0,0,0,0,0,0,0,0,0,0,0,0,,,,,,"10,000円以上 20,000円未満",,使わない,,,,,,,,,,,5,5,朝食が充実,部屋も綺麗,,,,10,また行きたい（1年以内）,なし 観光名所が多く食事も美味しい,ダイワロイネットホテル金沢MIYABI,同意する,,仕事,,仕事,,,1971,,,,,,
石川,2024/01/06 10:57:19,千葉県,男,1962,,"1,000万円以上 1,200万円未満",夫婦2人,4泊以上,岐阜県,金沢エリア  （湯涌温泉、深谷温泉、犀川温泉など）,2泊,,,,,,,,,"レンタカー, 飛行機",0,1,0,0,1,0,0,,0,0,0,0,4,大きな渋滞がなかった,,,2～5回目,"温泉や露天風呂, 地元の美味しいものを食べる, 名所、旧跡の観光, アウトドア（海水浴、釣り、登山など）",0,1,1,0,1,0,0,0,0,1,0,0,0,0,0,0,0,0,インターネット・アプリ,0,0,0,0,0,0,0,0,0,0,1,0,0,0,0,0,0,0,0,0,0,0,0,0,0,,,,,,"30,000円以上 40,000円未満",,"3,000円以上 5,000円未満",,,,,,,,,,,,4,ラウンジサービスが充実,コストパフォーマンスが良い,,,,8,また行きたい（1年以内）,今回は地震の影響で能登半島に行けなかったので、次回に訪れたい 食事が美味しい。観光地、温泉もある。,ホテルインターゲート金沢,同意する,,金剱宮,,温泉,,,1962,,,,,,
石川,2024/01/08 20:21:47,北海道,男,1978,,700万円以上 800万円未満,団体旅行,1泊,福井県,金沢エリア  （湯涌温泉、深谷温泉、犀川温泉など）,1泊,,,,,,,,,飛行機,0,0,0,0,1,0,0,,0,0,0,0,5,,,,初めて,"宿でのんびり過ごす, 地元の美味しいものを食べる, 名所、旧跡の観光",1,0,1,0,1,0,0,0,0,0,0,0,0,0,0,0,0,0,"観光展・物産展, ブログ",0,0,0,0,0,0,0,0,1,0,0,0,0,0,0,0,0,0,0,0,0,0,1,0,0,,,,,,"30,000円以上 40,000円未満",,"5,000円以上 10,000円未満",,,,,,,,,,,,5,,,,,,10,また行きたい（1年以内）,特になし 観光,ホテルインターゲート金沢,同意する,,,,,,,1978,,,,,,
石川,2024/01/14 0:44:54,石川県,男,1997,,300万円以上 400万円未満,恋人,1泊,石川県外には泊まらない,金沢エリア  （湯涌温泉、深谷温泉、犀川温泉など）,1泊,,,,,,,,,県外から訪れていない（石川県内在住）,0,0,0,0,0,0,0,,0,0,0,0,,,,,2～5回目,買い物、アウトレット,0,0,0,0,0,0,1,0,0,0,0,0,0,0,0,0,0,0,観光展・物産展,0,0,0,0,0,0,0,0,0,0,0,0,0,0,0,0,0,0,0,0,0,0,1,0,0,,,,,,"5,000円以上 10,000円未満",,"10,000円以上 20,000円未満",,,,,,,,,,,,4,,,,,,8,石川県在住,特になし,ホテルインターゲート金沢,同意する,,,,,,,1997,,,,,,
石川,2024/01/14 17:23:33,福岡県,女,1984,,400万円以上 500万円未満,夫婦2人,2泊,石川県外には泊まらない,金沢エリア  （湯涌温泉、深谷温泉、犀川温泉など）,2泊,,,,,,,,,新幹線,0,0,1,0,0,0,0,,0,0,0,0,5,料金が100円と安かった,,,初めて,地元の美味しいものを食べる,0,0,1,0,0,0,0,0,0,0,0,0,0,0,0,0,0,0,"インターネット・アプリ, Instagram",0,0,0,1,0,0,0,0,0,0,1,0,0,0,0,0,0,0,0,0,0,0,0,0,0,,,,,,"50,000円以上 100,000円未満",,"30,000円以上 40,000円未満",,,,,,,,,,,,4,立地が良かった,無料サービスが充実していた,,,,10,機会があれば行きたい,特になし 街並み、駅舎綺麗でした,ホテルインターゲート金沢,同意する,,,,,,,1984,,,,,,
石川,2024/01/25 23:51:29,佐賀県,男,1979,,700万円以上 800万円未満,職場の同僚,4泊以上,石川県外には泊まらない,金沢エリア  （湯涌温泉、深谷温泉、犀川温泉など）,4泊以上,,,,,,,,,飛行機,0,0,0,0,1,0,0,,0,0,0,0,3,空港からの移動手段が高速バスのみである為、高速バスが満席気味。大勢の中国人との大移動で感染症対策に不安あり,,,初めて,出張など仕事関係,0,0,0,0,0,0,0,0,0,0,0,0,0,0,0,0,1,0,災害復興支援のため,0,0,0,0,0,0,0,0,0,0,0,0,0,0,0,0,0,0,0,0,0,0,0,0,1,,,,,,"100,000円以上",,"100,000円以上",,,,,,,,,,,,5,時間帯における無料サービスが行き届いてる。,,,,,8,機会があれば行きたい,観光地特有になりますが、町中の飲食費用が他の観光地と比較し割高と感じる。 兼六園,ホテルインターゲート金沢,同意する,,,,,,,1979,,,,,,
石川,2024/02/04 18:00:24,静岡県,男,1996,,500万円以上 600万円未満,自分ひとり,4泊以上,石川県外には泊まらない,金沢エリア  （湯涌温泉、深谷温泉、犀川温泉など）,4泊以上,,,,,,,,,"新幹線, 在来線",0,0,1,1,0,0,0,,0,0,0,0,5,,,,初めて,災害派遣,0,0,0,0,0,0,0,0,0,0,0,0,0,0,0,0,0,0,災害派遣のため,0,0,0,0,0,0,0,0,0,0,0,0,0,0,0,0,0,0,0,0,0,0,0,0,1,,,,,,"30,000円以上 40,000円未満",,"3,000円以上 5,000円未満",,,,,,,,,,,,5,部屋もお風呂もとても綺麗,疲れた体を休まれました,,,,10,また行きたい（1年以内）,特になし 旅行でまたきたいと思いました,ホテルインターゲート金沢,同意する,,災害派遣のため,,穴水町,,,1996,,,,,,
石川,2024/02/05 22:00:25,岡山県,女,1969,,700万円以上 800万円未満,職場の同僚,4泊以上,石川県外には泊まらない,金沢エリア  （湯涌温泉、深谷温泉、犀川温泉など）,4泊以上,,,,,,,,,"新幹線, 在来線",0,0,1,1,0,0,0,,0,0,0,0,3,ホテルに駐車場がなかった。カーナビが狭い路地を指定して行きにくかった。,,,初めて,能登地震災害支援,0,0,0,0,0,0,0,0,0,0,0,0,0,0,0,0,0,0,職場の指定。,0,0,0,0,0,0,0,0,0,0,0,0,0,0,0,0,0,0,0,0,0,0,0,0,1,,,,,,"40,000円以上 50,000円未満",,使わない,,,,,,,,,,,,5,無料のサービスが沢山あった,ホテルがきれいです。大浴場もあり、無料サービスも沢山あったからとても良かったです。,,,,10,また行きたい（1年以内）,和菓子が有名ですが、それ以外のお菓子がもっと欲しいです 無料サービス,ホテルインターゲート金沢,同意する,,直接石川県に来ました。お仕事だったので観光は無し。,,お仕事が終わった時には観光地は閉まっていて行けなかった。,,,1969,,,,,,
石川,2024/02/10 22:27:53,東京都,男,1985,,"1,000万円以上 1,200万円未満",夫婦2人,2泊,石川県外には泊まらない,金沢エリア  （湯涌温泉、深谷温泉、犀川温泉など）,2泊,,,,,,,,,飛行機,0,0,0,0,1,0,0,,0,0,0,0,2,バスを利用しましたがICが利用出来ないのは不便でした。,,,初めて,"地元の美味しいものを食べる, まちあるき、都市散策",0,0,1,0,0,0,0,0,0,0,1,0,0,0,0,0,0,0,インターネット・アプリ,0,0,0,0,0,0,0,0,0,0,1,0,0,0,0,0,0,0,0,0,0,0,0,0,0,,,,,,"20,000円以上 30,000円未満",,"20,000円以上 30,000円未満",,,,,,,,,,,,4,大浴場があり部屋が綺麗だったこと,大浴場があり部屋が綺麗だったこと,,,,8,機会があれば行きたい,美味しい地物の海鮮 グルメ,ホテルインターゲート金沢,同意する,,,,,,,1985,,,,,,
石川,2024/02/12 21:12:35,福島県,女,1981,,500万円以上 600万円未満,自分ひとり,4泊以上,石川県外には泊まらない,金沢エリア  （湯涌温泉、深谷温泉、犀川温泉など）,4泊以上,,,,,,,,,新幹線,0,0,1,0,0,0,0,,0,0,0,0,4,バスの本数が多い所,,,初めて,出張など仕事関係,0,0,0,0,0,0,0,0,0,0,0,0,0,0,0,0,1,0,勤務先が手配,0,0,0,0,0,0,0,0,0,0,0,0,0,0,0,0,0,0,0,0,0,0,0,0,1,,,,,,"50,000円以上 100,000円未満",,使わない,,,,,,,,,,,,5,,,,,,10,機会があれば行きたい,ご飯の料金が高い,ホテルインターゲート金沢,同意する,,,,,,,1981,,,,,,
石川,2024/02/17 12:45:54,大阪府,男,1986,,200万円以上 300万円未満,友人,1泊,石川県外には泊まらない,金沢エリア  （湯涌温泉、深谷温泉、犀川温泉など）,1泊,,,,,,,,,在来線,0,0,0,1,0,0,0,,0,0,0,0,4,バスの本数が多い,,,初めて,"地元の美味しいものを食べる, 名所、旧跡の観光",0,0,1,0,1,0,0,0,0,0,0,0,0,0,0,0,0,0,"TV・ラジオ番組やCM, インターネット・アプリ, Instagram",0,0,0,1,0,0,0,0,0,0,1,0,0,0,1,0,0,0,0,0,0,0,0,0,0,,,,,,"10,000円以上 20,000円未満",,"10,000円以上 20,000円未満",,,,,,,,,,,,4,,,,,,10,機会があれば行きたい,能登牛が食べられるお店が増えたら嬉しい ゆっくり観光ができる,ホテルインターゲート金沢,同意する,,,,,,,1986,,,,,,
石川,2024/02/18 9:03:31,滋賀県,男,1972,,700万円以上 800万円未満,夫婦2人,1泊,石川県外には泊まらない,金沢エリア  （湯涌温泉、深谷温泉、犀川温泉など）,1泊,,,,,,,,,自家用車,1,0,0,0,0,0,0,,0,0,0,0,,,,,2～5回目,"宿でのんびり過ごす, 名所、旧跡の観光",1,0,0,0,1,0,0,0,0,0,0,0,0,0,0,0,0,0,Instagram,0,0,0,1,0,0,0,0,0,0,0,0,0,0,0,0,0,0,0,0,0,0,0,0,0,,,,,,"20,000円以上 30,000円未満",,"10,000円以上 20,000円未満",,,,,,,,,,,,4,,,,,,9,また行きたい（1年以内）,魚,ホテルインターゲート金沢,同意する,,,,,,,1972,,,,,,
石川,2024/02/19 16:11:09,福岡県,男,1967,,800万円以上 900万円未満,夫婦2人,2泊,石川県外には泊まらない,金沢エリア  （湯涌温泉、深谷温泉、犀川温泉など）,2泊,,,,,,,,,飛行機,0,0,0,0,1,0,0,,0,0,0,0,4,のんびり出来て安心だから,,,2～5回目,"地元の美味しいものを食べる, 友人・親戚を訪ねる",0,0,1,0,0,0,0,0,0,0,0,0,0,0,0,0,0,0,インターネット・アプリ,0,0,0,0,0,0,0,0,0,0,1,0,0,0,0,0,0,0,0,0,0,0,0,0,0,,,,,,"10,000円以上 20,000円未満",,使わない,,,,,,,,,,,,5,観光地にも近く食事の出来る所も多くある,,,,,7,機会があれば行きたい,お魚が美味しかった。,ホテルインターゲート金沢,同意する,,こまつの杜,,,,,1967,,,,,,
石川,2024/02/23 17:22:59,千葉県,男,1962,,300万円以上 400万円未満,夫婦2人,2泊,石川県外には泊まらない,金沢エリア  （湯涌温泉、深谷温泉、犀川温泉など）,2泊,,,,,,,,,新幹線,0,0,1,0,0,0,0,,0,0,0,0,4,すぐ来た,,,初めて,"宿でのんびり過ごす, 名所、旧跡の観光",1,0,0,0,1,0,0,0,0,0,0,0,0,0,0,0,0,0,インターネット・アプリ,0,0,0,0,0,0,0,0,0,0,1,0,0,0,0,0,0,0,0,0,0,0,0,0,0,,,,,,"50,000円以上 100,000円未満",,"10,000円以上 20,000円未満",,,,,,,,,,,,5,サービスが良い,チェックインが早かった,,,,10,機会があれば行きたい,とくに無し,ホテルインターゲート金沢,同意する,,,,,,,1962,,,,,,
石川,2024/03/09 16:55:30,栃木県,男,1988,,"1,000万円以上 1,200万円未満",夫婦2人,2泊,石川県外には泊まらない,金沢エリア  （湯涌温泉、深谷温泉、犀川温泉など）,2泊,,,,,,,,,新幹線,0,0,1,0,0,0,0,,0,0,0,0,3,,,,初めて,"地元の美味しいものを食べる, 出張など仕事関係",0,0,1,0,0,0,0,0,0,0,0,0,0,0,0,0,1,0,インターネット・アプリ,0,0,0,0,0,0,0,0,0,0,1,0,0,0,0,0,0,0,0,0,0,0,0,0,0,,,,,,"5,000円以上 10,000円未満",,使わない,,,,,,,,,,,,5,,,,,,10,機会があれば行きたい,特になし,ホテルインターゲート金沢,同意する,,寿司屋,,恐竜博物館,,,1988,,,,,,
石川,2024/03/10 23:58:05,大阪府,男,1988,,700万円以上 800万円未満,夫婦2人,1泊,石川県外には泊まらない,金沢エリア  （湯涌温泉、深谷温泉、犀川温泉など）,1泊,,,,,,,,,在来線,0,0,0,1,0,0,0,,0,0,0,0,4,近江町市場にも片町にも徒歩でアクセスできる点,,,初めて,サンダーバードの乗り納め,0,0,0,0,0,0,0,0,0,0,0,0,0,0,0,0,0,0,インターネット・アプリ,0,0,0,0,0,0,0,0,0,0,1,0,0,0,0,0,0,0,0,0,0,0,0,0,0,,,,,,"5,000円以上 10,000円未満",,"30,000円以上 40,000円未満",,,,,,,,,,,,5,ラウンジサービスが充実している点,大浴場もあり、部屋も綺麗でとても満足している,,,,10,また行きたい（1年以内）,特になし 街全体の小京都な感じがオシャレで、食べ物も美味しい点,ホテルインターゲート金沢,同意する,,,,,,,1988,,,,,,
石川,2024/03/17 11:55:22,東京都,男,1985,,"1,200万円以上 1,500万円未満",自分ひとり,3泊,Tokyo,金沢エリア  （湯涌温泉、深谷温泉、犀川温泉など）,3泊,,,,,,,,,新幹線,0,0,1,0,0,0,0,,0,0,0,0,,,,,初めて,"地元の美味しいものを食べる, 名所、旧跡の観光, まちあるき、都市散策",0,0,1,0,1,0,0,0,0,0,1,0,0,0,0,0,0,0,"観光連盟やDMOのHP, インターネット・アプリ, ブログ",0,0,0,0,0,0,0,0,1,0,1,0,0,0,0,0,0,0,0,0,0,0,0,1,0,,,,,,"5,000円以上 10,000円未満",,"5,000円以上 10,000円未満",,,,,,,,,,,,5,,,,,,10,機会があれば行きたい,Wonderful experience in Kanazawa,ホテルインターゲート金沢,同意する,,,,,,,1985,,,,,,
石川,2024/03/17 18:14:28,三重県,男,1989,,700万円以上 800万円未満,職場の同僚,4泊以上,石川県外には泊まらない,金沢エリア  （湯涌温泉、深谷温泉、犀川温泉など）,4泊以上,,,,,,,,,自家用車,1,0,0,0,0,0,0,,0,0,0,0,4,渋滞が少ない(日時による),,,6～10回目,"出張など仕事関係, 災害対応",0,0,0,0,0,0,0,0,0,0,0,0,0,0,0,0,1,0,"インターネット・アプリ, Instagram",0,0,0,1,0,0,0,0,0,0,1,0,0,0,0,0,0,0,0,0,0,0,0,0,0,,,,,,"20,000円以上 30,000円未満",,"20,000円以上 30,000円未満",,,,,,,,,,,,4,1月のハッピーアワーで呑んだ日本酒があったら、とても満足,アメニティをもっと豊富にしていただいたら、とても満足,,,,7,また行きたい（1年以内）,各ホテルのサービスをもっと豊富に 美術館、能登半島,ホテルインターゲート金沢,同意する,,能登半島,,,,,1989,,,,,,
石川,2024/03/20 8:05:25,北海道,男,1975,,"1,200万円以上 1,500万円未満",自分ひとり,2泊,石川県外には泊まらない,金沢エリア  （湯涌温泉、深谷温泉、犀川温泉など）,2泊,,,,,,,,,飛行機,0,0,0,0,1,0,0,,0,0,0,0,5,路線バスの本数の多さとレンタサイクルは、行きたい場所へ簡単に移動できるのが魅力,,,2～5回目,"宿でのんびり過ごす, 温泉や露天風呂, 地元の美味しいものを食べる, まちあるき、都市散策, 友人・親戚を訪ねる",1,1,1,0,0,0,0,0,0,0,1,0,0,0,0,0,0,0,インターネット・アプリ,0,0,0,0,0,0,0,0,0,0,1,0,0,0,0,0,0,0,0,0,0,0,0,0,0,,,,,,"50,000円以上 100,000円未満",,"40,000円以上 50,000円未満",,,,,,,,,,,,4,客室でゆっくりできるのと、朝食も美味しい,宿泊料金にみあった施設、サービスの提供,,,,10,また行きたい（1年以内）,観光スポットをまだ回りきれていないので、次回以降にする 金沢をお取れずれたことのない友人知人にはおすすめしたい。新旧が融合したきれいな町並みや、観光スポットもたくさんあり、是非一度は訪れたほうが良いと感じたため。,ホテルインターゲート金沢,同意する,,,,,,,1975,,,,,,
石川,2024/03/24 17:46:23,岡山県,男,1989,,"1,000万円以上 1,200万円未満",小学生以下連れの家族,2泊,石川県外には泊まらない,金沢エリア  （湯涌温泉、深谷温泉、犀川温泉など）,2泊,,,,,,,,,"新幹線, 在来線",0,0,1,1,0,0,0,,0,0,0,0,5,,,,初めて,"地元の美味しいものを食べる, まちあるき、都市散策",0,0,1,0,0,0,0,0,0,0,1,0,0,0,0,0,0,0,"インターネット・アプリ, Instagram",0,0,0,1,0,0,0,0,0,0,1,0,0,0,0,0,0,0,0,0,0,0,0,0,0,,,,,,"30,000円以上 40,000円未満",,"5,000円以上 10,000円未満",,,,,,,,,,,,5,,,,,,10,機会があれば行きたい,特になし,ホテルインターゲート金沢,同意する,,,,,,,1989,,,,,,
石川,2024/03/27 13:06:34,東京都,女,2000,,200万円以上 300万円未満,自分ひとり,2泊,石川県外には泊まらない,金沢エリア  （湯涌温泉、深谷温泉、犀川温泉など）,2泊,,,,,,,,,新幹線,0,0,1,0,0,0,0,,0,0,0,0,4,IC系交通カードを使えばいいと思う,,,初めて,"地元の美味しいものを食べる, 名所、旧跡の観光, 買い物、アウトレット, まちあるき、都市散策",0,0,1,0,1,0,1,0,0,0,1,0,0,0,0,0,0,0,"観光展・物産展, 新聞・雑誌・ガイドブック, Instagram, ブログ, 友人・知人",0,0,0,1,0,0,0,0,1,0,0,0,0,0,0,0,1,0,1,0,0,0,1,0,0,,,,,,"1,000円以上 3,000円未満",,"1,000円未満",,,,,,,,,,,,5,とても良かった。すごく便利だし、サービスもいいです。,,,,,10,また行きたい（1年以内）,特になし,ホテルインターゲート金沢,同意する,,,,,,,2000,,,,,,
石川,2024/04/08 16:53:25,愛知県,男,1958,,500万円以上 600万円未満,兄弟,1泊,富山県,金沢エリア  （湯涌温泉、深谷温泉、犀川温泉など）,1泊,,,,,,,,,自家用車,1,0,0,0,0,0,0,,0,0,0,0,,,,,2～5回目,"地元の美味しいものを食べる, 名所、旧跡の観光",0,0,1,0,1,0,0,0,0,0,0,0,0,0,0,0,0,0,友人・知人,0,0,0,0,0,0,0,0,0,0,0,0,0,0,0,0,0,0,1,0,0,0,0,0,0,,,,,,"10,000円以上 20,000円未満",,"5,000円以上 10,000円未満",,,,,,,,,,,5,5,スタッフの質が大変良かった。,大浴場があって良かった。,,,,10,また行きたい（1年以内）,魚介類が大変美味しい。 観光に力を入れているのが感じられた。,ホテルインターゲート金沢,同意する,,岐阜県合掌村,,,,,1958,,,,,,
石川,2024/04/10 18:09:05,長野県,女,1970,,400万円以上 500万円未満,自分ひとり,2泊,石川県外には泊まらない,金沢エリア  （湯涌温泉、深谷温泉、犀川温泉など）,2泊,,,,,,,,,自家用車,1,0,0,0,0,0,0,,0,0,0,0,,,,,初めて,"地元の美味しいものを食べる, 花見や紅葉などの自然鑑賞, 名所、旧跡の観光, まちあるき、都市散策, ドライブ・ツーリング",0,0,1,1,1,0,0,0,0,0,1,0,0,0,1,0,0,0,インターネット・アプリ,0,0,0,0,0,0,0,0,0,0,1,0,0,0,0,0,0,0,0,0,0,0,0,0,0,,,,,,"10,000円以上 20,000円未満",,使わない,,,,,,,,,,,4,3,,,,,,8,また行きたい（1年以内）,特になし,ホテルインターゲート金沢,同意する,,,,,,,1970,,,,,,
石川,2024/04/15 23:06:47,兵庫県,男,1991,,600万円以上 700万円未満,恋人,1泊,石川県外には泊まらない,金沢エリア  （湯涌温泉、深谷温泉、犀川温泉など）,1泊,,,,,,,,,自家用車,1,0,0,0,0,0,0,,0,0,0,0,,,,,初めて,地元の美味しいものを食べる,0,0,1,0,0,0,0,0,0,0,0,0,0,0,0,0,0,0,"友人・知人, 観光協会等の案内所",0,0,0,0,0,0,0,0,0,0,0,0,0,0,0,0,0,0,1,0,0,1,0,0,0,,,,,,"30,000円以上 40,000円未満",,"20,000円以上 30,000円未満",,,,,,,,,,,5,5,,,,,,10,また行きたい（1年以内）,魚美味しいね,ホテルインターゲート金沢,同意する,,,,,,,1991,,,,,,
石川,2024/04/17 19:15:31,新潟県,女,1969,,"900万円以上 1,000万円未満",友人,1泊,石川県外には泊まらない,金沢エリア  （湯涌温泉、深谷温泉、犀川温泉など）,1泊,,,,,,,,,新幹線,0,0,1,0,0,0,0,,0,0,0,0,3,タクシーさんが愛想が、ない,,,初めて,"温泉や露天風呂, 地元の美味しいものを食べる",0,1,1,0,0,0,0,0,0,0,0,0,0,0,0,0,0,0,インターネット・アプリ,0,0,0,0,0,0,0,0,0,0,1,0,0,0,0,0,0,0,0,0,0,0,0,0,0,,,,,,"10,000円以上 20,000円未満",,"10,000円以上 20,000円未満",,,,,,,,,,,4,4,,,,,,7,機会があれば行きたい,食べ物,ホテルインターゲート金沢,同意する,,,,,,,1969,,,,,,
石川,2024/04/18 8:30:51,新潟県,女,1960,,"900万円以上 1,000万円未満",友人,1泊,石川県外には泊まらない,金沢エリア  （湯涌温泉、深谷温泉、犀川温泉など）,1泊,,,,,,,,,"新幹線, 在来線",0,0,1,1,0,0,0,,0,0,0,0,4,食べ物とタクシーの方親切でした,,,2～5回目,地元の美味しいものを食べる,0,0,1,0,0,0,0,0,0,0,0,0,0,0,0,0,0,0,TV・ラジオ番組やCM,0,0,0,0,0,0,0,0,0,0,0,0,0,0,1,0,0,0,0,0,0,0,0,0,0,,,,,,"30,000円以上 40,000円未満",,"30,000円以上 40,000円未満",,,,,,,,,,,4,3,,,,,,6,機会があれば行きたい,特になし,ホテルインターゲート金沢,同意する,,,,,,,1960,,,,,,
石川,2024/04/18 8:36:17,新潟県,女,1951,,100万円以上 200万円未満,友人,1泊,石川県外には泊まらない,金沢エリア  （湯涌温泉、深谷温泉、犀川温泉など）,石川県内には宿泊しない,,,,,,,,,新幹線,0,0,1,0,0,0,0,,0,0,0,0,5,Keihigayasukudekita,,,初めて,地元の美味しいものを食べる,0,0,1,0,0,0,0,0,0,0,0,0,0,0,0,0,0,0,友人・知人,0,0,0,0,0,0,0,0,0,0,0,0,0,0,0,0,0,0,1,0,0,0,0,0,0,,,,,,"30,000円以上 40,000円未満",,"50,000円以上 100,000円未満",,,,,,,,,,,1,5,,Taberumonohofu,,,,4,また行きたい（1年以内）,Imawanashi Ekinokenchi,ホテルインターゲート金沢,同意する,,,,,,,1951,,,,,,
石川,2024/04/19 17:49:21,新潟県,男,1995,,600万円以上 700万円未満,夫婦2人,1泊,石川県外には泊まらない,金沢エリア  （湯涌温泉、深谷温泉、犀川温泉など）,1泊,,,,,,,,,自家用車,1,0,0,0,0,0,0,,0,0,0,0,,,,,初めて,地元の美味しいものを食べる,0,0,1,0,0,0,0,0,0,0,0,0,0,0,0,0,0,0,TV・ラジオ番組やCM,0,0,0,0,0,0,0,0,0,0,0,0,0,0,1,0,0,0,0,0,0,0,0,0,0,,,,,,"20,000円以上 30,000円未満",,"10,000円以上 20,000円未満",,,,,,,,,,,4,5,対応が丁寧,清潔感がありセキュリティがよい,,,,7,機会があれば行きたい,特になし 街並みが賑やか,ホテルインターゲート金沢,同意する,,,,,,,1995,,,,,,
石川,2024/04/20 0:45:56,福井県,男,1964,,"1,000万円以上 1,200万円未満",夫婦2人,2泊,新潟県,金沢エリア  （湯涌温泉、深谷温泉、犀川温泉など）,1泊,,,,,,,,,自家用車,1,0,0,0,0,0,0,,0,0,0,0,,,,,初めて,"名所、旧跡の観光, 買い物、アウトレット, まちあるき、都市散策",0,0,0,0,1,0,1,0,0,0,1,0,0,0,0,0,0,0,"インターネット・アプリ, X(旧：Twitter)",0,0,0,0,0,1,0,0,0,0,1,0,0,0,0,0,0,0,0,0,0,0,0,0,0,,,,,,"5,000円以上 10,000円未満",,"1,000円以上 3,000円未満",,,,,,,,,,,4,3,,,,,,2,機会があれば行きたい,特になし,ホテルインターゲート金沢,同意する,,,,,,,1964,,,,,,
石川,2024/04/21 6:31:53,静岡県,女,1986,,500万円以上 600万円未満,親,1泊,石川県外には泊まらない,金沢エリア  （湯涌温泉、深谷温泉、犀川温泉など）,1泊,,,,,,,,,自家用車,1,0,0,0,0,0,0,,0,0,0,0,,,,,2～5回目,"宿でのんびり過ごす, 地元の美味しいものを食べる",1,0,1,0,0,0,0,0,0,0,0,0,0,0,0,0,0,0,"新聞・雑誌・ガイドブック, インターネット・アプリ, X(旧：Twitter)",0,0,0,0,0,1,0,0,0,0,1,0,0,0,0,0,1,0,0,0,0,0,0,0,0,,,,,,"20,000円以上 30,000円未満",,"10,000円以上 20,000円未満",,,,,,,,,,,4,5,おもてなしが最高,綺麗で清潔感がある,,,,10,機会があれば行きたい,特になし 魚介類がおいしい,ホテルインターゲート金沢,同意する,,,,,,,1986,,,,,,
石川,2024/04/21 8:52:24,新潟県,女,1969,,700万円以上 800万円未満,友人,1泊,石川県外には泊まらない,金沢エリア  （湯涌温泉、深谷温泉、犀川温泉など）,1泊,,,,,,,,,新幹線,0,0,1,0,0,0,0,,0,0,0,0,3,タクシーさんが愛想がない,,,2～5回目,宿でのんびり過ごす,1,0,0,0,0,0,0,0,0,0,0,0,0,0,0,0,0,0,インターネット・アプリ,0,0,0,0,0,0,0,0,0,0,1,0,0,0,0,0,0,0,0,0,0,0,0,0,0,,,,,,"10,000円以上 20,000円未満",,"10,000円以上 20,000円未満",,,,,,,,,,,4,3,ラウンジが口コミよりたいしたことがない,お風呂は広くて気持ち良い,,,,5,機会があれば行きたい,この度は震災後でホテルに宿泊しました、次は、旅館に泊まりたいです 駅ナカが、凄く良かった,ホテルインターゲート金沢,同意する,,,,,,,1969,,,,,,
石川,2024/04/30 17:48:36,神奈川県,男,1985,,500万円以上 600万円未満,親,2泊,石川県外には泊まらない,金沢エリア  （湯涌温泉、深谷温泉、犀川温泉など）,2泊,,,,,,,,,新幹線,0,0,1,0,0,0,0,,0,0,0,0,5,バス往来が多くすぐ乗れた,,,初めて,"宿でのんびり過ごす, 温泉や露天風呂, 地元の美味しいものを食べる, 名所、旧跡の観光, 買い物、アウトレット",1,1,1,0,1,0,1,0,0,0,0,0,0,0,0,0,0,0,"観光パンフレット・ポスター, X(旧：Twitter)",0,0,0,0,0,1,0,0,0,0,0,0,0,0,0,0,0,0,0,0,1,0,0,0,0,,,,,,"30,000円以上 40,000円未満",,"30,000円以上 40,000円未満",,,,,,,,,,,5,5,綺麗でアメニティラインナップがよい,ハッピーアワーがある,,,,8,また行きたい（1年以内）,市場が良い 街並みが良い,ホテルインターゲート金沢,同意する,,,,,,,1985,,,,,,
石川,2024/05/01 9:13:53,長野県,その他,1968,,700万円以上 800万円未満,夫婦2人,3泊,富山県,金沢エリア  （湯涌温泉、深谷温泉、犀川温泉など）,2泊,,,,,,,,,新幹線,0,0,1,0,0,0,0,,0,0,0,0,3,交通系icカードが使えなかった,,,2～5回目,"温泉や露天風呂, 地元の美味しいものを食べる, 名所、旧跡の観光, まちあるき、都市散策",0,1,1,0,1,0,0,0,0,0,1,0,0,0,0,0,0,0,インターネット・アプリ,0,0,0,0,0,0,0,0,0,0,1,0,0,0,0,0,0,0,0,0,0,0,0,0,0,,,,,,"20,000円以上 30,000円未満",,"20,000円以上 30,000円未満",,,,,,,,,,,4,4,サービスが充実している,,,,,9,機会があれば行きたい,食べ物,ホテルインターゲート金沢,同意する,,,,,,,1968,,,,,,
石川,2024/05/04 17:21:48,千葉県,女,1993,,"900万円以上 1,000万円未満",親,1泊,石川県外には泊まらない,金沢エリア  （湯涌温泉、深谷温泉、犀川温泉など）,1泊,,,,,,,,,新幹線,0,0,1,0,0,0,0,,0,0,0,0,4,歩きやすい,,,2～5回目,"地元の美味しいものを食べる, まちあるき、都市散策",0,0,1,0,0,0,0,0,0,0,1,0,0,0,0,0,0,0,"インターネット・アプリ, Instagram",0,0,0,1,0,0,0,0,0,0,1,0,0,0,0,0,0,0,0,0,0,0,0,0,0,,,,,,"10,000円以上 20,000円未満",,"10,000円以上 20,000円未満",,,,,,,,,,,4,4,きれい,きれい,,,,7,機会があれば行きたい,魚,ホテルインターゲート金沢,同意する,,,,,,,1993,,,,,,
石川,2024/05/05 18:02:32,三重県,男,2002,,400万円以上 500万円未満,親,1泊,石川県外には泊まらない,金沢エリア  （湯涌温泉、深谷温泉、犀川温泉など）,1泊,,,,,,,,,自家用車,1,0,0,0,0,0,0,,0,0,0,0,,,,,初めて,"地元の美味しいものを食べる, 名所、旧跡の観光",0,0,1,0,1,0,0,0,0,0,0,0,0,0,0,0,0,0,"インターネット・アプリ, Instagram",0,0,0,1,0,0,0,0,0,0,1,0,0,0,0,0,0,0,0,0,0,0,0,0,0,,,,,,"10,000円以上 20,000円未満",,"10,000円以上 20,000円未満",,,,,,,,,,,4,4,一般的なホテルだと思う,一般的なホテルだと思う,,,,7,また行きたい（1年以内）,海鮮丼 素敵な街並みと美味しい食べ物,ホテルインターゲート金沢,同意する,,,,,,,2002,,,,,,
石川,2024/05/07 20:46:11,富山県,男,1964,,"900万円以上 1,000万円未満",夫婦2人,1泊,富山県,金沢エリア  （湯涌温泉、深谷温泉、犀川温泉など）,1泊,,,,,,,,,自家用車,1,0,0,0,0,0,0,,0,0,0,0,,,,,11回目以上,まちあるき、都市散策,0,0,0,0,0,0,0,0,0,0,1,0,0,0,0,0,0,0,"TV・ラジオ番組やCM, インターネット・アプリ",0,0,0,0,0,0,0,0,0,0,1,0,0,0,1,0,0,0,0,0,0,0,0,0,0,,,,,,"10,000円以上 20,000円未満",,"10,000円以上 20,000円未満",,,,,,,,,,,5,5,,,,,,10,また行きたい（1年以内）,特に無し,ホテルインターゲート金沢,同意する,,,,,,,1964,,,,,,
石川,2024/05/19 15:40:51,愛知県,男,1973,,800万円以上 900万円未満,夫婦2人,1泊,石川県外には泊まらない,金沢エリア  （湯涌温泉、深谷温泉、犀川温泉など）,1泊,,,,,,,,,新幹線,0,0,1,0,0,0,0,,0,0,0,0,,,,,初めて,まちあるき、都市散策,0,0,0,0,0,0,0,0,0,0,1,0,0,0,0,0,0,0,インターネット・アプリ,0,0,0,0,0,0,0,0,0,0,1,0,0,0,0,0,0,0,0,0,0,0,0,0,0,,,,,,"10,000円以上 20,000円未満",,"10,000円以上 20,000円未満",,,,,,,,,,,4,4,,,,,,8,機会があれば行きたい,特になし,ホテルインターゲート金沢,同意する,,,,,,,1973,,,,,,
石川,2024/05/27 9:27:10,大阪府,男,1996,,400万円以上 500万円未満,夫婦2人,1泊,石川県外には泊まらない,金沢エリア  （湯涌温泉、深谷温泉、犀川温泉など）,1泊,,,,,,,,,"新幹線, 在来線",0,0,1,1,0,0,0,,0,0,0,0,4,金沢駅から徒歩圏内ギリギリか。,,,初めて,"地元の美味しいものを食べる, 名所、旧跡の観光, まちあるき、都市散策, 各種体験（手作り、果物狩りなど）",0,0,1,0,1,0,0,0,0,0,1,1,0,0,0,0,0,0,インターネット・アプリ,0,0,0,0,0,0,0,0,0,0,1,0,0,0,0,0,0,0,0,0,0,0,0,0,0,,,,,,"5,000円以上 10,000円未満",,使わない,,,,,,,,,,,5,4,カーテンあったのか・・という感じです。少しわかりづらいかも,,,,,7,また行きたい（1年以内）,特になし 総合的な街の雰囲気,ホテルインターゲート金沢,同意する,,,,,,,1996,,,,,,
石川,2024/06/03 8:19:01,愛知県,女,1971,,300万円以上 400万円未満,夫婦2人,1泊,石川県外には泊まらない,金沢エリア  （湯涌温泉、深谷温泉、犀川温泉など）,1泊,,,,,,,,,自家用車,1,0,0,0,0,0,0,,0,0,0,0,,,,,初めて,地元の美味しいものを食べる,0,0,1,0,0,0,0,0,0,0,0,0,0,0,0,0,0,0,インターネット・アプリ,0,0,0,0,0,0,0,0,0,0,1,0,0,0,0,0,0,0,0,0,0,0,0,0,0,,,,,,"10,000円以上 20,000円未満",,"1,000円未満",,,,,,,,,,,4,4,,,,,,10,機会があれば行きたい,特にありません,ホテルインターゲート金沢,同意する,,,,,,,1971,,,,,,
石川,2024/06/16 10:19:27,埼玉県,女,1977,,300万円以上 400万円未満,22歳の娘,1泊,石川県外には泊まらない,金沢エリア  （湯涌温泉、深谷温泉、犀川温泉など）,1泊,,,,,,,,,新幹線,0,0,1,0,0,0,0,,0,0,0,0,4,そんなに駅から遠くない,,,初めて,"地元の美味しいものを食べる, お祭りやイベントへの参加・見物, まちあるき、都市散策, 各種体験（手作り、果物狩りなど）",0,0,1,0,0,0,0,1,0,0,1,1,0,0,0,0,0,0,インターネット・アプリ,0,0,0,0,0,0,0,0,0,0,1,0,0,0,0,0,0,0,0,0,0,0,0,0,0,,,,,,"10,000円以上 20,000円未満",,"20,000円以上 30,000円未満",,,,,,,,,,,5,5,朝ごはんがとても美味しかった,部屋も綺麗,,,,10,機会があれば行きたい,車麩大好き。金沢おでんも朝食べたかった 金沢は美味しいものばかり,ホテルインターゲート金沢,同意する,,石川産業展示館,,,,,1977,,,,,,
石川,2024/06/17 21:01:07,大阪府,男,1963,,600万円以上 700万円未満,夫婦2人,2泊,富山県,金沢エリア  （湯涌温泉、深谷温泉、犀川温泉など）,1泊,,,,,,,,,自家用車,1,0,0,0,0,0,0,,0,0,0,0,,,,,初めて,まちあるき、都市散策,0,0,0,0,0,0,0,0,0,0,1,0,0,0,0,0,0,0,インターネット・アプリ,0,0,0,0,0,0,0,0,0,0,1,0,0,0,0,0,0,0,0,0,0,0,0,0,0,,,,,,"10,000円以上 20,000円未満",,"20,000円以上 30,000円未満",,,,,,,,,,,3,5,無料サービスが凄い,ウェルカムサービス,,,,10,機会があれば行きたい,意外と飲食が高い 街が全体的に洗練されている,ホテルインターゲート金沢,同意する,,金沢駅,,,,,1963,,,,,,
石川,2024/01/01 21:40:11,東京都,女,1970,,"1,000万円以上 1,200万円未満",中学生以下連れの家族,2泊,石川県外には泊まらない,能登エリア （和倉温泉、七尾市、輪島市、珠洲市など）,2泊,,,,,,,,,飛行機,0,0,0,0,1,0,0,,0,0,0,0,4,使いやすかった,,,初めて,帰省,0,0,0,0,0,0,0,0,0,0,0,0,0,0,0,0,0,0,友人・知人,0,0,0,0,0,0,0,0,0,0,0,0,0,0,0,0,0,0,1,0,0,0,0,0,0,,,,,,"10,000円以上 20,000円未満",,"10,000円以上 20,000円未満",,,,,,,,,,,,3,普通,　可もなく不可もなく,,,,5,機会があれば行きたい,美味しい食事 地震に遭遇したのでそれどころではなかった,ホテルマイステイズプレミア金沢,同意する,,,,,,,1970,,,,,,
石川,2024/01/10 6:54:14,石川県,男,1970,,"1,000万円以上 1,200万円未満",自分ひとり,4泊以上,石川県外には泊まらない,金沢エリア  （湯涌温泉、深谷温泉、犀川温泉など）,4泊以上,,,,,,,,,自家用車,1,0,0,0,0,0,0,,0,0,0,0,,,,,2～5回目,出張など仕事関係,0,0,0,0,0,0,0,0,0,0,0,0,0,0,0,0,1,0,観光パンフレット・ポスター,0,0,0,0,0,0,0,0,0,0,0,0,0,0,0,0,0,0,0,0,1,0,0,0,0,,,,,,"1,000円以上 3,000円未満",,"1,000円以上 3,000円未満",,,,,,,,,,,,4,,部屋が広い,,,,5,機会があれば行きたい,特になし,ホテルマイステイズプレミア金沢,同意する,,,,,,,1970,,,,,,
石川,2024/01/29 22:54:28,千葉県,女,1962,,300万円以上 400万円未満,妹2人,1泊,石川県外には泊まらない,金沢エリア  （湯涌温泉、深谷温泉、犀川温泉など）,1泊,,,,,,,,,新幹線,0,0,1,0,0,0,0,,0,0,0,0,,,,,11回目以上,"地元の美味しいものを食べる, 名所、旧跡の観光, 買い物、アウトレット, まちあるき、都市散策, 友人・親戚を訪ねる",0,0,1,0,1,0,1,0,0,0,1,0,0,0,0,0,0,0,"新聞・雑誌・ガイドブック, TV・ラジオ番組やCM, 観光パンフレット・ポスター, インターネット・アプリ, 友人・知人, 観光協会等の案内所",0,0,0,0,0,0,0,0,0,0,1,0,0,0,1,0,1,0,1,0,1,1,0,0,0,,,,,,"5,000円以上 10,000円未満",,"1,000円以上 3,000円未満",,,,,,,,,,,,4,,,,,,8,また行きたい（1年以内）,観光客向けの値段設定になっているお寿司とかがあり、がっかりする時がある,ホテルマイステイズプレミア金沢,同意する,,,,,,,1962,,,,,,
石川,2024/02/10 19:21:59,山梨県,女,2003,,100万円以上 200万円未満,恋人,2泊,石川県外には泊まらない,金沢エリア  （湯涌温泉、深谷温泉、犀川温泉など）,2泊,,,,,,,,,"新幹線, 在来線",0,0,1,1,0,0,0,,0,0,0,0,,,,,初めて,"スキー・スノボ・マリンスポーツ, 友人・親戚を訪ねる",0,0,0,0,0,0,0,0,0,0,0,0,0,0,0,0,0,0,インターネット・アプリ,0,0,0,0,0,0,0,0,0,0,1,0,0,0,0,0,0,0,0,0,0,0,0,0,0,,,,,,"10,000円以上 20,000円未満",,"1,000円未満",,,,,,,,,,,,5,ドライヤーや充電ケーブルなどのアメニティが充実している、ヘアアイロンの貸出があるから,広い部屋に対して安い価格で泊まれたから。,,,,8,また行きたい（1年以内）,なまものを気軽にお土産として持って帰れたらよい。 雨が降ってても楽しめた点、人の良さ,ホテルマイステイズプレミア金沢,同意する,,明日のスノボに向けて、スポーツデポにて買い物をした,,イオックサローザ,,,2003,,,,,,
石川,2024/02/11 7:58:27,東京都,女,2000,,200万円以上 300万円未満,親,1泊,石川県外には泊まらない,金沢エリア  （湯涌温泉、深谷温泉、犀川温泉など）,1泊,,,,,,,,,新幹線,0,0,1,0,0,0,0,,0,0,0,0,,,,,11回目以上,地元の美味しいものを食べる,0,0,1,0,0,0,0,0,0,0,0,0,0,0,0,0,0,0,"観光展・物産展, 新聞・雑誌・ガイドブック",0,0,0,0,0,0,0,0,0,0,0,0,0,0,0,0,1,0,0,0,0,0,1,0,0,,,,,,"10,000円以上 20,000円未満",,"10,000円以上 20,000円未満",,,,,,,,,,,,5,部屋が広かった,貸出品やアメニティが充実していた,,,,10,また行きたい（1年以内）,海鮮が美味しい,ホテルマイステイズプレミア金沢,同意する,,,,,,,2000,,,,,,
石川,2024/02/11 20:32:23,石川県,女,1996,,400万円以上 500万円未満,友人,2泊,福井県,金沢エリア  （湯涌温泉、深谷温泉、犀川温泉など）,1泊,,,,,,,,,"新幹線, 在来線",0,0,1,1,0,0,0,,0,0,0,0,,,,,初めて,"温泉や露天風呂, 地元の美味しいものを食べる, 名所、旧跡の観光, まちあるき、都市散策",0,1,1,0,1,0,0,0,0,0,1,0,0,0,0,0,0,0,インターネット・アプリ,0,0,0,0,0,0,0,0,0,0,1,0,0,0,0,0,0,0,0,0,0,0,0,0,0,,,,,,"10,000円以上 20,000円未満",,"10,000円以上 20,000円未満",,,,,,,,,,,,4,フロントスタッフの接客が良かった。入浴剤がもらえた。,駅から近い。部屋が広かった。,,,,8,機会があれば行きたい,ショッピングモールが駅にあるが、もう少し店が多く入っているといいと思います。 近江町市場。駅から行きやすく、食べ歩きできるところや飲食店が多くあるため。,ホテルマイステイズプレミア金沢,同意する,,,,,,,1996,,,,,,
石川,2024/02/14 7:27:07,千葉県,男,1975,,"1,000万円以上 1,200万円未満",職場の同僚,4泊以上,石川県外には泊まらない,金沢エリア  （湯涌温泉、深谷温泉、犀川温泉など）,4泊以上,,,,,,,,,新幹線,0,0,1,0,0,0,0,,0,0,0,0,,,,,2～5回目,出張など仕事関係,0,0,0,0,0,0,0,0,0,0,0,0,0,0,0,0,1,0,"新聞・雑誌・ガイドブック, 観光パンフレット・ポスター, インターネット・アプリ",0,0,0,0,0,0,0,0,0,0,1,0,0,0,0,0,1,0,0,0,1,0,0,0,0,,,,,,"50,000円以上 100,000円未満",,"50,000円以上 100,000円未満",,,,,,,,,,,,4,テレビがないのが不満ぐらい,テレビがないのが不満ぐらい,,,,9,また行きたい（1年以内）,めしがうまい 料理が旨い,ホテルマイステイズプレミア金沢,同意する,,,,,,,1975,,,,,,
石川,2024/03/03 16:00:38,福岡県,女,1965,,"1,500万円以上",中学生以下連れの家族,2泊,石川県外には泊まらない,金沢エリア  （湯涌温泉、深谷温泉、犀川温泉など）,2泊,,,,,,,,,"新幹線, 在来線",0,0,1,1,0,0,0,,0,0,0,0,,,,,初めて,"地元の美味しいものを食べる, まちあるき、都市散策",0,0,1,0,0,0,0,0,0,0,1,0,0,0,0,0,0,0,インターネット・アプリ,0,0,0,0,0,0,0,0,0,0,1,0,0,0,0,0,0,0,0,0,0,0,0,0,0,,,,,,"50,000円以上 100,000円未満",,"10,000円以上 20,000円未満",,,,,,,,,,,,4,,,,,,10,機会があれば行きたい,海鮮丼は多いがカニ鍋やカニしゃぶしゃぶ　手軽に食べられる能登牛が食べられるお店が少なかった 駅近で観光に最適,ホテルマイステイズプレミア金沢,同意する,,,,,,,1965,,,,,,
石川,2024/03/03 23:46:46,福岡県,男,1986,,"1,000万円以上 1,200万円未満",自分ひとり,4泊以上,石川県外には泊まらない,金沢エリア  （湯涌温泉、深谷温泉、犀川温泉など）,4泊以上,,,,,,,,,飛行機,0,0,0,0,1,0,0,,0,0,0,0,4,空港からのバスがやや時間がかかる,,,6～10回目,宿でのんびり過ごす,1,0,0,0,0,0,0,0,0,0,0,0,0,0,0,0,0,0,"X(旧：Twitter), タクシードライバーや地元の人",0,0,0,0,0,1,0,0,0,0,0,0,0,0,0,0,0,0,0,1,0,0,0,0,0,,,,,,"50,000円以上 100,000円未満",,"1,000円以上 3,000円未満",,,,,,,,,,,,5,入浴剤がついてた,部屋が広くて快適,,,,10,また行きたい（1年以内）,復興した能登に行きたいです。 風情のある街並みに感動しました,ホテルマイステイズプレミア金沢,同意する,,,,,,,1986,,,,,,
石川,2024/03/04 19:50:09,神奈川県,男,2005,,"900万円以上 1,000万円未満",友人,3泊,石川県外には泊まらない,金沢エリア  （湯涌温泉、深谷温泉、犀川温泉など）,3泊,,,,,,,,,新幹線,0,0,1,0,0,0,0,,0,0,0,0,5,,,,初めて,宿でのんびり過ごす,1,0,0,0,0,0,0,0,0,0,0,0,0,0,0,0,0,0,友人・知人,0,0,0,0,0,0,0,0,0,0,0,0,0,0,0,0,0,0,1,0,0,0,0,0,0,,,,,,"10,000円以上 20,000円未満",,"5,000円以上 10,000円未満",,,,,,,,,,,,5,,,,,,10,また行きたい（1年以内）,特になし！ご飯おいしかった！,ホテルマイステイズプレミア金沢,同意する,,,,,,,2005,,,,,,
石川,2024/03/05 13:53:05,東京都,女,1967,,"1,000万円以上 1,200万円未満",家族4人,1泊,石川県外には泊まらない,金沢エリア  （湯涌温泉、深谷温泉、犀川温泉など）,1泊,,,,,,,,,飛行機,0,0,0,0,1,0,0,,0,0,0,0,4,駐車料金が少し高額と感じました,,,2～5回目,"温泉や露天風呂, 地元の美味しいものを食べる",0,1,1,0,0,0,0,0,0,0,0,0,0,0,0,0,0,0,"新聞・雑誌・ガイドブック, TV・ラジオ番組やCM, 観光パンフレット・ポスター, 観光連盟やDMOのHP, インターネット・アプリ",0,0,0,0,0,0,0,0,0,0,1,0,0,0,1,0,1,0,0,0,1,0,0,1,0,,,,,,"3,000円以上 5,000円未満",,"3,000円以上 5,000円未満",,,,,,,,,,,,4,部屋が広く快適でした,駅に近く、便利でした,,,,7,機会があれば行きたい,特に無し 食事、温泉を楽しめて、くつろげるため,ホテルマイステイズプレミア金沢,同意する,,,,,,,1967,,,,,,
石川,2024/03/05 13:53:35,東京都,女,2003,,500万円以上 600万円未満,親,1泊,石川県外には泊まらない,金沢エリア  （湯涌温泉、深谷温泉、犀川温泉など）,1泊,,,,,,,,,飛行機,0,0,0,0,1,0,0,,0,0,0,0,5,料金が安かった。,,,2～5回目,"温泉や露天風呂, 地元の美味しいものを食べる, 買い物、アウトレット",0,1,1,0,0,0,1,0,0,0,0,0,0,0,0,0,0,0,"新聞・雑誌・ガイドブック, インターネット・アプリ",0,0,0,0,0,0,0,0,0,0,1,0,0,0,0,0,1,0,0,0,0,0,0,0,0,,,,,,"3,000円以上 5,000円未満",,"3,000円以上 5,000円未満",,,,,,,,,,,,5,ドライヤーやシャワーヘッドにこだわりを感じた。,部屋が清潔で、駅から近かった。,,,,10,機会があれば行きたい,お土産にお菓子のビーバーを購入したが、全種類の味が揃っている店が少なかったため複数の店を訪れる必要があり、少し不便だった。 寿司と海鮮丼が非常に美味しかったため、海鮮を勧めたい。,ホテルマイステイズプレミア金沢,同意する,,,,,,,2003,,,,,,
石川,2024/03/10 9:31:55,千葉県,男,2001,,200万円以上 300万円未満,親,2泊,福井県,金沢エリア  （湯涌温泉、深谷温泉、犀川温泉など）,1泊,,,,,,,,,"レンタカー, 新幹線",0,1,1,0,0,0,0,,0,0,0,0,4,駅から近かったから,,,6～10回目,友人・親戚を訪ねる,0,0,0,0,0,0,0,0,0,0,0,0,0,0,0,0,0,0,友人・知人,0,0,0,0,0,0,0,0,0,0,0,0,0,0,0,0,0,0,1,0,0,0,0,0,0,,,,,,"20,000円以上 30,000円未満",,"10,000円以上 20,000円未満",,,,,,,,,,,,5,部屋が綺麗だったから,部屋が綺麗だったから,,,,9,また行きたい（1年以内）,海鮮 石川県には美味しいものが多いから,ホテルマイステイズプレミア金沢,同意する,,,,福井県,,,2001,,,,,,
石川,2024/03/20 14:03:05,神奈川県,男,1981,,"900万円以上 1,000万円未満",小学生以下連れの家族,3泊,石川県外には泊まらない,金沢エリア  （湯涌温泉、深谷温泉、犀川温泉など）,3泊,,,,,,,,,新幹線,0,0,1,0,0,0,0,,0,0,0,0,,,,,初めて,"宿でのんびり過ごす, まちあるき、都市散策, 出張など仕事関係",1,0,0,0,0,0,0,0,0,0,1,0,0,0,0,0,1,0,インターネット・アプリ,0,0,0,0,0,0,0,0,0,0,1,0,0,0,0,0,0,0,0,0,0,0,0,0,0,,,,,,"40,000円以上 50,000円未満",,使わない,,,,,,,,,,,,5,サービス、御飯,部屋の広さが少しだけ子連れには狭かった,,,,8,機会があれば行きたい,落ち着いて子供も遊べる観光の場所 和のおもてなし、落ち着いた雰囲気,ホテルマイステイズプレミア金沢,同意する,,,,,,,1981,,,,,,
石川,2024/03/23 11:28:20,埼玉県,女,1999,,"1,000万円以上 1,200万円未満",親,1泊,石川県外には泊まらない,金沢エリア  （湯涌温泉、深谷温泉、犀川温泉など）,1泊,,,,,,,,,新幹線,0,0,1,0,0,0,0,,0,0,0,0,,,,,初めて,"地元の美味しいものを食べる, 名所、旧跡の観光",0,0,1,0,1,0,0,0,0,0,0,0,0,0,0,0,0,0,インターネット・アプリ,0,0,0,0,0,0,0,0,0,0,1,0,0,0,0,0,0,0,0,0,0,0,0,0,0,,,,,,"30,000円以上 40,000円未満",,"1,000円以上 3,000円未満",,,,,,,,,,,,5,朝食ブッフェが豪華でした。スタッフの方も優しく、満喫できました！,丁寧な対応と清潔な環境で大満足です！,,,,9,機会があれば行きたい,夜遅くまで開いている観光地があると嬉しいです！ 駅近くで観光名所を回れて、かつ美味しいグルメを食べられて満足だったからです！,ホテルマイステイズプレミア金沢,同意する,,,,,,,1999,,,,,,
石川,2024/04/06 20:01:42,東京都,男,1975,,"1,000万円以上 1,200万円未満",中学生以下連れの家族,1泊,石川県外には泊まらない,金沢エリア  （湯涌温泉、深谷温泉、犀川温泉など）,1泊,,,,,,,,,新幹線,0,0,1,0,0,0,0,,0,0,0,0,4,路線バスが多く助かるが、バス停や行き先が分かりづらく、Googlemap頼みで色々出かけた。,,,初めて,"地元の美味しいものを食べる, 花見や紅葉などの自然鑑賞, 名所、旧跡の観光, まちあるき、都市散策",0,0,1,1,1,0,0,0,0,0,1,0,0,0,0,0,0,0,"新聞・雑誌・ガイドブック, 観光パンフレット・ポスター, インターネット・アプリ, X(旧：Twitter)",0,0,0,0,0,1,0,0,0,0,1,0,0,0,0,0,1,0,0,0,1,0,0,0,0,,,,,,"10,000円以上 20,000円未満",,"10,000円以上 20,000円未満",,,,,,,,,,,5,5,,,,,,9,機会があれば行きたい,食も美味しく、街も綺麗で大変満足している。,ホテルマイステイズプレミア金沢,同意する,,,,,,,1975,,,,,,
石川,2024/04/06 20:01:50,東京都,男,2009,,"1,000万円以上 1,200万円未満",親,1泊,石川県外には泊まらない,金沢エリア  （湯涌温泉、深谷温泉、犀川温泉など）,1泊,,,,,,,,,新幹線,0,0,1,0,0,0,0,,0,0,0,0,,,,,初めて,名所、旧跡の観光,0,0,0,0,1,0,0,0,0,0,0,0,0,0,0,0,0,0,"TV・ラジオ番組やCM, 観光パンフレット・ポスター, X(旧：Twitter)",0,0,0,0,0,1,0,0,0,0,0,0,0,0,1,0,0,0,0,0,1,0,0,0,0,,,,,,"5,000円以上 10,000円未満",,"5,000円以上 10,000円未満",,,,,,,,,,,5,5,,,,,,10,また行きたい（1年以内）,特になし,ホテルマイステイズプレミア金沢,同意する,,,,,,,2009,,,,,,
石川,2024/04/06 20:03:25,東京都,女,1975,,800万円以上 900万円未満,中学生以下連れの家族,1泊,石川県外には泊まらない,金沢エリア  （湯涌温泉、深谷温泉、犀川温泉など）,1泊,,,,,,,,,新幹線,0,0,1,0,0,0,0,,0,0,0,0,,,,,初めて,"地元の美味しいものを食べる, 花見や紅葉などの自然鑑賞, 名所、旧跡の観光, まちあるき、都市散策",0,0,1,1,1,0,0,0,0,0,1,0,0,0,0,0,0,0,"新聞・雑誌・ガイドブック, インターネット・アプリ, X(旧：Twitter), 観光協会等の案内所",0,0,0,0,0,1,0,0,0,0,1,0,0,0,0,0,1,0,0,0,0,1,0,0,0,,,,,,"10,000円以上 20,000円未満",,"5,000円以上 10,000円未満",,,,,,,,,,,5,4,,,,,,9,機会があれば行きたい,念願の海鮮丼や金沢のご当地グルメを満喫できて良かった。,ホテルマイステイズプレミア金沢,同意する,,,,,,,1975,,,,,,
石川,2024/04/07 9:52:40,東京都,女,1995,,400万円以上 500万円未満,友人,2泊,石川県外には泊まらない,金沢エリア  （湯涌温泉、深谷温泉、犀川温泉など）,2泊,,,,,,,,,新幹線,0,0,1,0,0,0,0,,0,0,0,0,,,,,初めて,"地元の美味しいものを食べる, 花見や紅葉などの自然鑑賞",0,0,1,1,0,0,0,0,0,0,0,0,0,0,0,0,0,0,"インターネット・アプリ, Instagram",0,0,0,1,0,0,0,0,0,0,1,0,0,0,0,0,0,0,0,0,0,0,0,0,0,,,,,,"10,000円以上 20,000円未満",,使わない,,,,,,,,,,,5,4,リファがついていた,部屋が広かった,,,,2,機会があれば行きたい,新鮮な海鮮 食べ物も観光地も豊富だから,ホテルマイステイズプレミア金沢,同意する,,,,,,,1995,,,,,,
石川,2024/04/09 8:01:48,千葉県,男,1956,,500万円以上 600万円未満,夫婦2人,2泊,石川県外には泊まらない,金沢エリア  （湯涌温泉、深谷温泉、犀川温泉など）,2泊,,,,,,,,,自家用車,1,0,0,0,0,0,0,,0,0,0,0,,,,,初めて,"地元の美味しいものを食べる, 花見や紅葉などの自然鑑賞, 名所、旧跡の観光",0,0,1,1,1,0,0,0,0,0,0,0,0,0,0,0,0,0,"観光パンフレット・ポスター, インターネット・アプリ",0,0,0,0,0,0,0,0,0,0,1,0,0,0,0,0,0,0,0,0,1,0,0,0,0,,,,,,"30,000円以上 40,000円未満",,"1,000円以上 3,000円未満",,,,,,,,,,,5,4,接客態度が良好,,,,,8,また行きたい（1年以内）,料金が高い。,ホテルマイステイズプレミア金沢,同意する,,武家屋敷街,,,,,1956,,,,,,
石川,2024/04/09 8:11:24,千葉県,女,1960,,500万円以上 600万円未満,夫婦2人,4泊以上,新潟県,金沢エリア  （湯涌温泉、深谷温泉、犀川温泉など）,3泊,,,,,,,,,自家用車,1,0,0,0,0,0,0,,0,0,0,0,,,,,初めて,"花見や紅葉などの自然鑑賞, 名所、旧跡の観光, まちあるき、都市散策",0,0,0,1,1,0,0,0,0,0,1,0,0,0,0,0,0,0,"観光連盟やDMOのHP, インターネット・アプリ",0,0,0,0,0,0,0,0,0,0,1,0,0,0,0,0,0,0,0,0,0,0,0,1,0,,,,,,"20,000円以上 30,000円未満",,"20,000円以上 30,000円未満",,,,,,,,,,,5,5,接客がとても良かった。,部屋や食事が良かった。,,,,10,また行きたい（1年以内）,初めての訪問です。何処に行くのも近くほとんど徒歩で観光することができました。 街並みがレトロなところと近代的なところがあり観光スポットのアクセスがいい。,ホテルマイステイズプレミア金沢,同意する,,,,,,,1960,,,,,,
石川,2024/04/13 20:42:23,東京都,女,1996,,200万円以上 300万円未満,恋人,1泊,石川県外には泊まらない,金沢エリア  （湯涌温泉、深谷温泉、犀川温泉など）,1泊,,,,,,,,,新幹線,0,0,1,0,0,0,0,,0,0,0,0,5,北陸新幹線を利用しましたが、とても快適でした。,,,初めて,"地元の美味しいものを食べる, 名所、旧跡の観光, まちあるき、都市散策",0,0,1,0,1,0,0,0,0,0,1,0,0,0,0,0,0,0,インターネット・アプリ,0,0,0,0,0,0,0,0,0,0,1,0,0,0,0,0,0,0,0,0,0,0,0,0,0,,,,,,"5,000円以上 10,000円未満",,使わない,,,,,,,,,,,5,5,部屋が想像以上に広くて、のびのび過ごせました。,フロントの方がとても丁寧に対応してくださり、快適でした。,,,,10,また行きたい（1年以内）,金沢駅周辺に観光名所が多いので、レンタサイクルが増えればより便利になるのにな、と思いました。 海鮮が美味しいので、グルメを薦めたいと思います。,ホテルマイステイズプレミア金沢,同意する,,,,,,,1996,,,,,,
石川,2024/04/20 19:48:00,神奈川県,男,1973,,700万円以上 800万円未満,小学生以下連れの家族,2泊,石川県外には泊まらない,金沢エリア  （湯涌温泉、深谷温泉、犀川温泉など）,2泊,,,,,,,,,新幹線,0,0,1,0,0,0,0,,0,0,0,0,,,,,初めて,"宿でのんびり過ごす, 地元の美味しいものを食べる, 名所、旧跡の観光",1,0,1,0,1,0,0,0,0,0,0,0,0,0,0,0,0,0,インターネット・アプリ,0,0,0,0,0,0,0,0,0,0,1,0,0,0,0,0,0,0,0,0,0,0,0,0,0,,,,,,"5,000円以上 10,000円未満",,"10,000円以上 20,000円未満",,,,,,,,,,,4,4,まずまずの食事,,,,,5,機会があれば行きたい,家族は生魚を食べられないので地元の魚介を使った洋食もあるとよいです。,ホテルマイステイズプレミア金沢,同意する,,,,,,,1973,,,,,,
石川,2024/04/21 17:18:50,岡山県,男,1974,,400万円以上 500万円未満,団体旅行,1泊,石川県外には泊まらない,金沢エリア  （湯涌温泉、深谷温泉、犀川温泉など）,1泊,,,,,,,,,新幹線,0,0,1,0,0,0,0,,0,0,0,0,4,スムーズに目的地に到着したから。,,,初めて,"地元の美味しいものを食べる, まちあるき、都市散策",0,0,1,0,0,0,0,0,0,0,1,0,0,0,0,0,0,0,震災があったから。,0,0,0,0,0,0,0,0,0,0,0,0,0,0,0,0,0,0,0,0,0,0,0,0,1,,,,,,"40,000円以上 50,000円未満",,"50,000円以上 100,000円未満",,,,,,,,,,,4,4,,,,,,6,機会があれば行きたい,京都とは違った感性を感じられる。 文化が独特な事と遺産が多い。,ホテルマイステイズプレミア金沢,同意する,,,,,,,1974,,,,,,
石川,2024/04/21 22:19:13,岡山県,女,1975,,300万円以上 400万円未満,職場の同僚,1泊,石川県外には泊まらない,金沢エリア  （湯涌温泉、深谷温泉、犀川温泉など）,1泊,,,,,,,,,"新幹線, 在来線",0,0,1,1,0,0,0,,0,0,0,0,,,,,初めて,"温泉や露天風呂, 地元の美味しいものを食べる, 買い物、アウトレット, まちあるき、都市散策",0,1,1,0,0,0,1,0,0,0,1,0,0,0,0,0,0,0,観光協会等の案内所,0,0,0,0,0,0,0,0,0,0,0,0,0,0,0,0,0,0,0,0,0,1,0,0,0,,,,,,"10,000円以上 20,000円未満",,"3,000円以上 5,000円未満",,,,,,,,,,,5,5,,キレイでアメニティも豊富でした,,,,10,機会があれば行きたい,特に無し 街がキレイ,ホテルマイステイズプレミア金沢,同意する,,,,,,,1975,,,,,,
石川,2024/04/22 8:43:42,神奈川県,女,1991,,"900万円以上 1,000万円未満",小学生以下連れの家族,1泊,石川県外には泊まらない,金沢エリア  （湯涌温泉、深谷温泉、犀川温泉など）,1泊,,,,,,,,,新幹線,0,0,1,0,0,0,0,,0,0,0,0,5,綺麗で清潔でした！子どもにも優しい！,,,初めて,"宿でのんびり過ごす, 地元の美味しいものを食べる",1,0,1,0,0,0,0,0,0,0,0,0,0,0,0,0,0,0,友人・知人,0,0,0,0,0,0,0,0,0,0,0,0,0,0,0,0,0,0,1,0,0,0,0,0,0,,,,,,"100,000円以上",,"20,000円以上 30,000円未満",,,,,,,,,,,5,4,,,,,,10,また行きたい（1年以内）,すごく楽しかった！,ホテルマイステイズプレミア金沢,同意する,,,,,,,1991,,,,,,
石川,2024/04/22 20:10:37,神奈川県,女,1990,,200万円以上 300万円未満,自分ひとり,1泊,石川県外には泊まらない,金沢エリア  （湯涌温泉、深谷温泉、犀川温泉など）,1泊,,,,,,,,,新幹線,0,0,1,0,0,0,0,,0,0,0,0,,,,,初めて,"宿でのんびり過ごす, 地元の美味しいものを食べる, まちあるき、都市散策",1,0,1,0,0,0,0,0,0,0,1,0,0,0,0,0,0,0,インターネット・アプリ,0,0,0,0,0,0,0,0,0,0,1,0,0,0,0,0,0,0,0,0,0,0,0,0,0,,,,,,"5,000円以上 10,000円未満",,使わない,,,,,,,,,,,4,3,,過ごしやすかった,,,,7,機会があれば行きたい,特になし,ホテルマイステイズプレミア金沢,同意する,,,,,,,1990,,,,,,
石川,2024/04/28 10:31:50,長野県,女,1971,,400万円以上 500万円未満,友人,2泊,富山県,石川県内には宿泊しない,1泊,,,,,,,,,新幹線,0,0,1,0,0,0,0,,0,0,0,0,4,アクセスしやすかった,,,6～10回目,"宿でのんびり過ごす, 地元の美味しいものを食べる, テーマパーク（遊園地、動物園、博物館など）",1,0,1,0,0,1,0,0,0,0,0,0,0,0,0,0,0,0,"観光展・物産展, 観光パンフレット・ポスター",0,0,0,0,0,0,0,0,0,0,0,0,0,0,0,0,0,0,0,0,1,0,1,0,0,,,,,,"20,000円以上 30,000円未満",,"5,000円以上 10,000円未満",,,,,,,,,,,4,4,宿泊に関してアナウンスが少なかった,エレベーター内に入浴剤の案内が掲示されていた,,,,8,また行きたい（1年以内）,特にぬし 観光スポットが多い,ホテルマイステイズプレミア金沢,同意する,,内灘　ヤマト味噌のイベント,,,,,1971,,,,,,
石川,2024/05/03 18:13:31,新潟県,男,1990,,500万円以上 600万円未満,親,2泊,石川県外には泊まらない,金沢エリア  （湯涌温泉、深谷温泉、犀川温泉など）,2泊,,,,,,,,,高速バス,0,0,0,0,0,0,0,,0,0,0,0,4,路線バスの本数が多い,,,初めて,"地元の美味しいものを食べる, 名所、旧跡の観光, まちあるき、都市散策",0,0,1,0,1,0,0,0,0,0,1,0,0,0,0,0,0,0,インターネット・アプリ,0,0,0,0,0,0,0,0,0,0,1,0,0,0,0,0,0,0,0,0,0,0,0,0,0,,,,,,"20,000円以上 30,000円未満",,"40,000円以上 50,000円未満",,,,,,,,,,,5,3,繁忙期のためどうしても料金が高い,清掃が行き届いている,,,,8,機会があれば行きたい,地のものが食べられる、他の観光地ではできない体験ができる 景観と食事がよい,ホテルマイステイズプレミア金沢,同意する,,,,,,,1990,,,,,,
石川,2024/05/06 10:25:52,京都府,男,2010,,600万円以上 700万円未満,親,2泊,石川県外には泊まらない,金沢エリア  （湯涌温泉、深谷温泉、犀川温泉など）,2泊,,,,,,,,,自家用車,1,0,0,0,0,0,0,,0,0,0,0,,,,,2～5回目,"まちあるき、都市散策, 友人・親戚を訪ねる",0,0,0,0,0,0,0,0,0,0,1,0,0,0,0,0,0,0,友人・知人,0,0,0,0,0,0,0,0,0,0,0,0,0,0,0,0,0,0,1,0,0,0,0,0,0,,,,,,"30,000円以上 40,000円未満",,"10,000円以上 20,000円未満",,,,,,,,,,,5,5,マッサージがあったから,部屋が綺麗,,,,10,機会があれば行きたい,特になし,ホテルマイステイズプレミア金沢,同意する,,,,,,,2010,,,,,,
石川,2024/05/06 10:36:05,京都府,女,1971,,"1,000万円以上 1,200万円未満",親,2泊,石川県外には泊まらない,金沢エリア  （湯涌温泉、深谷温泉、犀川温泉など）,2泊,,,,,,,,,自家用車,1,0,0,0,0,0,0,,0,0,0,0,,,,,2～5回目,"地元の美味しいものを食べる, 名所、旧跡の観光, 友人・親戚を訪ねる",0,0,1,0,1,0,0,0,0,0,0,0,0,0,0,0,0,0,インターネット・アプリ,0,0,0,0,0,0,0,0,0,0,1,0,0,0,0,0,0,0,0,0,0,0,0,0,0,,,,,,"10,000円以上 20,000円未満",,"5,000円以上 10,000円未満",,,,,,,,,,,4,4,キレイで使いやすい,立地のわりに安い,,,,10,また行きたい（1年以内）,特になし,ホテルマイステイズプレミア金沢,同意する,,,,レストラン,,,1971,,,,,,
石川,2024/05/10 19:03:40,神奈川県,男,1998,,700万円以上 800万円未満,自分ひとり,1泊,石川県外には泊まらない,金沢エリア  （湯涌温泉、深谷温泉、犀川温泉など）,1泊,,,,,,,,,新幹線,0,0,1,0,0,0,0,,0,0,0,0,,,,,6～10回目,出張など仕事関係,0,0,0,0,0,0,0,0,0,0,0,0,0,0,0,0,1,0,"観光展・物産展, TV・ラジオ番組やCM, 観光連盟やDMOのHP, インターネット・アプリ, X(旧：Twitter)",0,0,0,0,0,1,0,0,0,0,1,0,0,0,1,0,0,0,0,0,0,0,1,1,0,,,,,,"30,000円以上 40,000円未満",,"1,000円以上 3,000円未満",,,,,,,,,,,5,5,,,,,,10,また行きたい（1年以内）,特になし,ホテルマイステイズプレミア金沢,同意する,,,,,,,1998,,,,,,
石川,2024/05/15 11:32:30,石川県,女,2003,,100万円未満,親,1泊,石川県外には泊まらない,金沢エリア  （湯涌温泉、深谷温泉、犀川温泉など）,1泊,,,,,,,,,自家用車,1,0,0,0,0,0,0,,0,0,0,0,,,,,2～5回目,"宿でのんびり過ごす, 温泉や露天風呂, 地元の美味しいものを食べる",1,1,1,0,0,0,0,0,0,0,0,0,0,0,0,0,0,0,インターネット・アプリ,0,0,0,0,0,0,0,0,0,0,1,0,0,0,0,0,0,0,0,0,0,0,0,0,0,,,,,,"10,000円以上 20,000円未満",,使わない,,,,,,,,,,,4,5,入浴剤やヘアアイロンの貸出が豊富だから。アメニティが多く充実しているから。,ホテルの真横にセブンイレブンがあるのが本当に便利だから,,,,10,石川県在住,地元の食材を使った料理が食べたい。例えば加賀野菜など,ホテルマイステイズプレミア金沢,同意する,,,,,,,2003,,,,,,
石川,2024/05/24 22:30:12,広島県,男,1959,,100万円未満,夫婦2人,4泊以上,石川県外には泊まらない,加賀エリア （山代温泉、山中温泉、片山津温泉、粟津温泉、辰口温泉、加賀市、小松市など）,4泊以上,,,,,,,,,"新幹線, 在来線",0,0,1,1,0,0,0,,0,0,0,0,,,,,初めて,"温泉や露天風呂, 名所、旧跡の観光",0,1,0,0,1,0,0,0,0,0,0,0,0,0,0,0,0,0,インターネット・アプリ,0,0,0,0,0,0,0,0,0,0,1,0,0,0,0,0,0,0,0,0,0,0,0,0,0,,,,,,"50,000円以上 100,000円未満",,使わない,,,,,,,,,,,5,4,比較的部屋(34㎡)が広いので、ゆったりできる。,清潔、綺麗だから。,,,,9,また行きたい（1年以内）,特になし 温泉が豊富。,ホテルマイステイズプレミア金沢,同意する,,,,,,,1959,,,,,,
石川,2024/03/20 17:14:54,兵庫県,女,2003,,700万円以上 800万円未満,恋人,1泊,石川県外には泊まらない,金沢エリア  （湯涌温泉、深谷温泉、犀川温泉など）,1泊,,,,,,,,,"新幹線, 在来線",0,0,1,1,0,0,0,,0,0,0,0,4,バス本数はやや少ないが、案内がわかりやすかった,,,初めて,"宿でのんびり過ごす, 温泉や露天風呂",1,1,0,0,0,0,0,0,0,0,0,0,0,0,0,0,0,0,"観光展・物産展, Instagram",0,0,0,1,0,0,0,0,0,0,0,0,0,0,0,0,0,0,0,0,0,0,1,0,0,,,,,,"30,000円以上 40,000円未満",,"30,000円以上 40,000円未満",,,,,,,,,,,,5,とても丁寧であった,気持ちの良い接客であった,,,,8,機会があれば行きたい,日持ちのするお土産 趣がある,お宿やました,同意する,,,,,,,2003,,,,,,
石川,2024/03/21 9:58:46,石川県,女,2002,,100万円未満,親,1泊,石川県外には泊まらない,金沢エリア  （湯涌温泉、深谷温泉、犀川温泉など）,1泊,,,,,,,,,自家用車,1,0,0,0,0,0,0,,0,0,0,0,,,,,初めて,宿でのんびり過ごす,1,0,0,0,0,0,0,0,0,0,0,0,0,0,0,0,0,0,"新聞・雑誌・ガイドブック, インターネット・アプリ",0,0,0,0,0,0,0,0,0,0,1,0,0,0,0,0,1,0,0,0,0,0,0,0,0,,,,,,"10,000円以上 20,000円未満",,"1,000円未満",,,,,,,,,,,,5,,,,,,10,石川県在住,特になし 自然がいっぱいだから。,お宿やました,同意する,,,,,,,2002,,,,,,
石川,2024/03/30 22:05:38,岐阜県,女,1989,,400万円以上 500万円未満,小学生以下連れの家族,3泊,石川県外には泊まらない,金沢エリア  （湯涌温泉、深谷温泉、犀川温泉など）,3泊,,,,,,,,,自家用車,1,0,0,0,0,0,0,,0,0,0,0,,,,,初めて,"宿でのんびり過ごす, 地元の美味しいものを食べる, 友人・親戚を訪ねる",1,0,1,0,0,0,0,0,0,0,0,0,0,0,0,0,0,0,"インターネット・アプリ, Instagram",0,0,0,1,0,0,0,0,0,0,1,0,0,0,0,0,0,0,0,0,0,0,0,0,0,,,,,,"50,000円以上 100,000円未満",,"50,000円以上 100,000円未満",,,,,,,,,,,,5,サービスが行き届いている,ご飯が美味しい よく気がついて動いてもらえる,,,,10,また行きたい（1年以内）,お土産はイメージで金箔関連 食べ物が美味しい,お宿やました,同意する,,ホリ牧場,,トレインパーク,,,1989,,,,,,
石川,2024/04/11 10:03:43,石川県,男,1953,,400万円以上 500万円未満,夫婦2人,1泊,長野県,金沢エリア  （湯涌温泉、深谷温泉、犀川温泉など）,1泊,,,,,,,,,自家用車,1,0,0,0,0,0,0,,0,0,0,0,5,,,,2～5回目,"宿でのんびり過ごす, 温泉や露天風呂, 地元の美味しいものを食べる",1,1,1,0,0,0,0,0,0,0,0,0,0,0,0,0,0,0,"観光展・物産展, 新聞・雑誌・ガイドブック, 観光パンフレット・ポスター",0,0,0,0,0,0,0,0,0,0,0,0,0,0,0,0,1,0,0,0,1,0,1,0,0,,,,,,"20,000円以上 30,000円未満",,"5,000円以上 10,000円未満",,,,,,,,,,,5,5,,料理が、美味しかったです。,,,,4,また行きたい（1年以内）,美味しい物を販売する所,お宿やました,同意する,,,,,,,1953,,,,,,
石川,2024/03/25 21:01:16,奈良県,女,1970,,"1,500万円以上",夫婦2人,1泊,石川県外には泊まらない,金沢エリア  （湯涌温泉、深谷温泉、犀川温泉など）,1泊,,,,,,,,,"新幹線, 在来線",0,0,1,1,0,0,0,,0,0,0,0,3,,,,初めて,地元の美味しいものを食べる,0,0,1,0,0,0,0,0,0,0,0,0,0,0,0,0,0,0,インターネット・アプリ,0,0,0,0,0,0,0,0,0,0,1,0,0,0,0,0,0,0,0,0,0,0,0,0,0,,,,,,"20,000円以上 30,000円未満",,"3,000円以上 5,000円未満",,,,,,,,,,,,5,,,,,,8,機会があれば行きたい,特になし,INOVA金沢駅前ホテルsuite,同意する,,,,,,,1970,,,,,,
石川,2024/01/03 11:01:32,広島県,男,1968,,800万円以上 900万円未満,自分ひとり,4泊以上,石川県外には泊まらない,金沢エリア  （湯涌温泉、深谷温泉、犀川温泉など）,4泊以上,,,,,,,,,"新幹線, 在来線",0,0,1,1,0,0,0,,0,0,0,0,,,,,11回目以上,友人・親戚を訪ねる,0,0,0,0,0,0,0,0,0,0,0,0,0,0,0,0,0,0,インターネット・アプリ,0,0,0,0,0,0,0,0,0,0,1,0,0,0,0,0,0,0,0,0,0,0,0,0,0,,,,,,"20,000円以上 30,000円未満",,"20,000円以上 30,000円未満",,,,,,,,,,,,5,簡素だけど綺麗なホテル,,,,,10,また行きたい（1年以内）,特になし,チサンバジェット金沢駅前,同意する,,,,,,,1968,,,,,,
石川,2024/01/06 6:22:46,東京都,女,1967,,300万円以上 400万円未満,自分ひとり,1泊,石川県外には泊まらない,金沢エリア  （湯涌温泉、深谷温泉、犀川温泉など）,1泊,,,,,,,,,飛行機,0,0,0,0,1,0,0,,0,0,0,0,4,空港からのアクセスが良い,,,11回目以上,出張など仕事関係,0,0,0,0,0,0,0,0,0,0,0,0,0,0,0,0,1,0,インターネット・アプリ,0,0,0,0,0,0,0,0,0,0,1,0,0,0,0,0,0,0,0,0,0,0,0,0,0,,,,,,"3,000円以上 5,000円未満",,使わない,,,,,,,,,,,,4,きれいで、手続きがシンプル,綺麗,,,,5,また行きたい（1年以内）,新鮮な魚 駅からのアクセスと安さ,チサンバジェット金沢駅前,同意する,,空港からすぐにホテルに来ました,,仕事で金沢にきたので、観光はしていません,,,1967,,,,,,
石川,2024/01/10 17:27:08,石川県,女,1972,,"1,000万円以上 1,200万円未満",中学生以下連れの家族,1泊,石川県外には泊まらない,金沢エリア  （湯涌温泉、深谷温泉、犀川温泉など）,1泊,,,,,,,,,自家用車,1,0,0,0,0,0,0,,0,0,0,0,,,,,11回目以上,"宿でのんびり過ごす, 地元の美味しいものを食べる, 買い物、アウトレット",1,0,1,0,0,0,1,0,0,0,0,0,0,0,0,0,0,0,"新聞・雑誌・ガイドブック, インターネット・アプリ",0,0,0,0,0,0,0,0,0,0,1,0,0,0,0,0,1,0,0,0,0,0,0,0,0,,,,,,"5,000円以上 10,000円未満",,"20,000円以上 30,000円未満",,,,,,,,,,,,4,美味しいものが食べられたから,,,,,8,石川県在住,かに等の美味しいものを食べる,チサンバジェット金沢駅前,同意する,,,,,,,1972,,,,,,
石川,2024/01/11 20:38:07,新潟県,男,1971,,"1,000万円以上 1,200万円未満",自分ひとり,1泊,石川県外には泊まらない,金沢エリア  （湯涌温泉、深谷温泉、犀川温泉など）,1泊,,,,,,,,,自家用車,1,0,0,0,0,0,0,,0,0,0,0,,,,,6～10回目,出張など仕事関係,0,0,0,0,0,0,0,0,0,0,0,0,0,0,0,0,1,0,インターネット・アプリ,0,0,0,0,0,0,0,0,0,0,1,0,0,0,0,0,0,0,0,0,0,0,0,0,0,,,,,,"5,000円以上 10,000円未満",,使わない,,,,,,,,,,,,3,,,,,,3,また行きたい（1年以内）,仕事,チサンバジェット金沢駅前,同意する,,,,,,,1971,,,,,,
石川,2024/01/12 17:26:27,京都府,男,1965,,"1,500万円以上",自分ひとり,2泊,石川県外には泊まらない,金沢エリア  （湯涌温泉、深谷温泉、犀川温泉など）,2泊,,,,,,,,,在来線,0,0,0,1,0,0,0,,0,0,0,0,4,サンダーバードは快適です。,,,11回目以上,"友人・親戚を訪ねる, 出張など仕事関係",0,0,0,0,0,0,0,0,0,0,0,0,0,0,0,0,1,0,インターネット・アプリ,0,0,0,0,0,0,0,0,0,0,1,0,0,0,0,0,0,0,0,0,0,0,0,0,0,,,,,,"10,000円以上 20,000円未満",,"100,000円以上",,,,,,,,,,,,4,比較的に安価で宿泊できるので。,ズボンプレッサーをフロントで借りて部屋まで持って行く以外はとても良いです。,,,,8,機会があれば行きたい,アントて良く金粉カステラを土産に買いますが、皆さん喜ばれます。 いつもチサンバジェットさんを利用させていただいていて、駅も近く快適なので。,チサンバジェット金沢駅前,同意する,,,,近江町以外では片町に行きます。,,,1965,,,,,,
石川,2024/01/14 20:31:11,愛知県,男,1986,,600万円以上 700万円未満,職場の同僚,4泊以上,名古屋,金沢エリア  （湯涌温泉、深谷温泉、犀川温泉など）,4泊以上,,,,,,,,,自家用車,1,0,0,0,0,0,0,,0,0,0,0,3,,,,初めて,出張など仕事関係,0,0,0,0,0,0,0,0,0,0,0,0,0,0,0,0,1,0,新聞・雑誌・ガイドブック,0,0,0,0,0,0,0,0,0,0,0,0,0,0,0,0,1,0,0,0,0,0,0,0,0,,,,,,"40,000円以上 50,000円未満",,"30,000円以上 40,000円未満",,,,,,,,,,,,2,大浴場とサウナがない,部屋が清潔で綺麗,,,,10,機会があれば行きたい,海鮮が美味しくて最高 駅周辺が綺麗,チサンバジェット金沢駅前,同意する,,金沢駅,,,,,1986,,,,,,
石川,2024/01/16 17:44:52,神奈川県,男,1975,,600万円以上 700万円未満,自分ひとり,3泊,富山県,金沢エリア  （湯涌温泉、深谷温泉、犀川温泉など）,2泊,,,,,,,,,"レンタカー, 新幹線",0,1,1,0,0,0,0,,0,0,0,0,4,除雪の良さ,,,6～10回目,出張など仕事関係,0,0,0,0,0,0,0,0,0,0,0,0,0,0,0,0,1,0,インターネット・アプリ,0,0,0,0,0,0,0,0,0,0,1,0,0,0,0,0,0,0,0,0,0,0,0,0,0,,,,,,"10,000円以上 20,000円未満",,"5,000円以上 10,000円未満",,,,,,,,,,,,4,清潔,,,,,10,また行きたい（1年以内）,旨い魚介類,チサンバジェット金沢駅前,同意する,,市場近くの食堂,,得意先予約の寿司屋,,,1975,,,,,,
石川,2024/01/18 8:11:11,新潟県,男,1970,,700万円以上 800万円未満,職場の同僚,4泊以上,石川県外には泊まらない,金沢エリア  （湯涌温泉、深谷温泉、犀川温泉など）,4泊以上,,,,,,,,,レンタカー,0,1,0,0,0,0,0,,0,0,0,0,4,料金優待のある提携駐車場を利用できたため,,,2～5回目,出張など仕事関係,0,0,0,0,0,0,0,0,0,0,0,0,0,0,0,0,1,0,職場の手配,0,0,0,0,0,0,0,0,0,0,0,0,0,0,0,0,0,0,0,0,0,0,0,0,1,,,,,,"5,000円以上 10,000円未満",,"5,000円以上 10,000円未満",,,,,,,,,,,,5,ほぼ通常のサービスを受けることができた,同上,,,,10,また行きたい（1年以内）,民芸品に興味あり 丁寧な接客っ,チサンバジェット金沢駅前,同意する,,石川県庁,,職場帰任,,,1970,,,,,,
石川,2024/01/19 2:04:39,石川県,男,1991,,800万円以上 900万円未満,自分ひとり,1泊,石川県外には泊まらない,金沢エリア  （湯涌温泉、深谷温泉、犀川温泉など）,1泊,,,,,,,,,自家用車,1,0,0,0,0,0,0,,0,0,0,0,,,,,初めて,出張など仕事関係,0,0,0,0,0,0,0,0,0,0,0,0,0,0,0,0,1,0,友人・知人,0,0,0,0,0,0,0,0,0,0,0,0,0,0,0,0,0,0,1,0,0,0,0,0,0,,,,,,"10,000円以上 20,000円未満",,"10,000円以上 20,000円未満",,,,,,,,,,,,4,チェックインが遅れても快く対応してくれた,シンプルなデザインがいい,,,,6,石川県在住,観光地価格ではないおいしい新鮮な海産物が食べられるところがたくさんある。金沢市中心部は除く。,チサンバジェット金沢駅前,同意する,,石川県庁,,,,,1991,,,,,,
石川,2024/01/19 8:27:03,東京都,男,1969,,600万円以上 700万円未満,自分ひとり,2泊,石川県外には泊まらない,金沢エリア  （湯涌温泉、深谷温泉、犀川温泉など）,2泊,,,,,,,,,新幹線,0,0,1,0,0,0,0,,0,0,0,0,,,,,初めて,出張など仕事関係,0,0,0,0,0,0,0,0,0,0,0,0,0,0,0,0,1,0,"インターネット・アプリ, タクシードライバーや地元の人",0,0,0,0,0,0,0,0,0,0,1,0,0,0,0,0,0,0,0,1,0,0,0,0,0,,,,,,"3,000円以上 5,000円未満",,"5,000円以上 10,000円未満",,,,,,,,,,,,4,新しく綺麗だった。,全体的に綺麗でした。,,,,10,機会があれば行きたい,特になし。 駅からも近く、宿泊費も安いから。,チサンバジェット金沢駅前,同意する,,,,自宅に戻る予定。,,,1969,,,,,,
石川,2024/01/23 23:35:49,新潟県,男,1979,,"900万円以上 1,000万円未満",職場の同僚,2泊,新潟県,金沢エリア  （湯涌温泉、深谷温泉、犀川温泉など）,1泊,,,,,,,,,営業車,0,0,0,0,0,0,0,,0,0,0,0,5,道路が広く運転しやすい,,,11回目以上,出張など仕事関係,0,0,0,0,0,0,0,0,0,0,0,0,0,0,0,0,1,0,インターネット・アプリ,0,0,0,0,0,0,0,0,0,0,1,0,0,0,0,0,0,0,0,0,0,0,0,0,0,,,,,,"10,000円以上 20,000円未満",,"30,000円以上 40,000円未満",,,,,,,,,,,,4,駐車場が近い,清潔感がある,,,,10,また行きたい（1年以内）,リーズナブルな居酒屋 温泉,チサンバジェット金沢駅前,同意する,,金沢市内取引先,,金沢市内取引先,,,1979,,,,,,
石川,2024/01/24 8:27:05,大阪府,女,1977,,600万円以上 700万円未満,友人,3泊,富山県,金沢エリア  （湯涌温泉、深谷温泉、犀川温泉など）,2泊,,,,,,,,,"レンタカー, 在来線",0,1,0,1,0,0,0,,0,0,0,0,3,サンダーバードは揺れるから心地よくない,,,2～5回目,"温泉や露天風呂, 地元の美味しいものを食べる",0,1,1,0,0,0,0,0,0,0,0,0,0,0,0,0,0,0,インターネット・アプリ,0,0,0,0,0,0,0,0,0,0,1,0,0,0,0,0,0,0,0,0,0,0,0,0,0,,,,,,"10,000円以上 20,000円未満",,"10,000円以上 20,000円未満",,,,,,,,,,,,4,駅から近い,交通アクセスが便利,,,,8,機会があれば行きたい,特になし 食べ物がおいしく、雪化粧がきれい,チサンバジェット金沢駅前,同意する,,,,,,,1977,,,,,,
石川,2024/01/25 17:51:38,東京都,男,1977,,"900万円以上 1,000万円未満",職場の同僚,4泊以上,石川県外には泊まらない,金沢エリア  （湯涌温泉、深谷温泉、犀川温泉など）,4泊以上,,,,,,,,,自家用車,1,0,0,0,0,0,0,,0,0,0,0,4,高速は距離かあったが快適ではあった,,,初めて,出張など仕事関係,0,0,0,0,0,0,0,0,0,0,0,0,0,0,0,0,1,0,インターネット・アプリ,0,0,0,0,0,0,0,0,0,0,1,0,0,0,0,0,0,0,0,0,0,0,0,0,0,,,,,,"5,000円以上 10,000円未満",,"5,000円以上 10,000円未満",,,,,,,,,,,,3,部屋が狭く簡素,大浴場が欲しい,,,,8,また行きたい（1年以内）,美味しい食べ物と酒 能登の自然と人の良さ,チサンバジェット金沢駅前,同意する,,,,能登,,,1977,,,,,,
石川,2024/01/25 18:14:38,愛知県,男,1994,,700万円以上 800万円未満,他の職場の方,4泊以上,石川県外には泊まらない,能登エリア （和倉温泉、七尾市、輪島市、珠洲市など）,4泊以上,,,,,,,,,"新幹線, 在来線",0,0,1,1,0,0,0,,0,0,0,0,4,空調もしっかりしており、時間通りの運行だったから,,,初めて,能登半島地震での被災地へボランティア派遣,0,0,0,0,0,0,0,0,0,0,0,0,0,0,0,0,0,0,インターネット・アプリ,0,0,0,0,0,0,0,0,0,0,1,0,0,0,0,0,0,0,0,0,0,0,0,0,0,,,,,,"5,000円以上 10,000円未満",,"5,000円以上 10,000円未満",,,,,,,,,,,,4,何不自由なく過ごせた,,,,,8,また行きたい（1年以内）,特になし,チサンバジェット金沢駅前,同意する,,,,,,,1994,,,,,,
石川,2024/01/26 1:00:32,神奈川県,男,1966,,"900万円以上 1,000万円未満",震災支援ボランティア,4泊以上,石川県外には泊まらない,金沢エリア  （湯涌温泉、深谷温泉、犀川温泉など）,4泊以上,,,,,,,,,レンタカー,0,1,0,0,0,0,0,,0,0,0,0,3,,,,初めて,震災支援,0,0,0,0,0,0,0,0,0,0,0,0,0,0,0,0,0,0,インターネット・アプリ,0,0,0,0,0,0,0,0,0,0,1,0,0,0,0,0,0,0,0,0,0,0,0,0,0,,,,,,"10,000円以上 20,000円未満",,"10,000円以上 20,000円未満",,,,,,,,,,,,3,,,,,,6,また行きたい（1年以内）,温泉,チサンバジェット金沢駅前,同意する,,,,,,,1966,,,,,,
石川,2024/01/26 12:36:46,三重県,女,1998,,300万円以上 400万円未満,職場の同僚,4泊以上,富山県,金沢エリア  （湯涌温泉、深谷温泉、犀川温泉など）,2泊,,,,,,,,,自家用車,1,0,0,0,0,0,0,,0,0,0,0,,,,,初めて,"地元の美味しいものを食べる, 名所、旧跡の観光",0,0,1,0,1,0,0,0,0,0,0,0,0,0,0,0,0,0,インターネット・アプリ,0,0,0,0,0,0,0,0,0,0,1,0,0,0,0,0,0,0,0,0,0,0,0,0,0,,,,,,"40,000円以上 50,000円未満",,"50,000円以上 100,000円未満",,,,,,,,,,,,4,フロントが丁寧で気持ちよく過ごせた。,建物が新しく、清潔感があったから。,,,,10,また行きたい（1年以内）,美味しい海の幸と、伝統やモダン問わずの芸術文化を満喫したいです、、 海鮮と和菓子が美味しいので、グルメを満喫してほしい。,チサンバジェット金沢駅前,同意する,,,,,,,1998,,,,,,
石川,2024/01/26 20:29:45,新潟県,男,1970,,800万円以上 900万円未満,職場の同僚,4泊以上,石川県外には泊まらない,金沢エリア  （湯涌温泉、深谷温泉、犀川温泉など）,4泊以上,,,,,,,,,レンタカー,0,1,0,0,0,0,0,,0,0,0,0,4,道路事情に支障がなかったから,,,2～5回目,出張など仕事関係,0,0,0,0,0,0,0,0,0,0,0,0,0,0,0,0,1,0,職場の手配,0,0,0,0,0,0,0,0,0,0,0,0,0,0,0,0,0,0,0,0,0,0,0,0,1,,,,,,"5,000円以上 10,000円未満",,"1,000円以上 3,000円未満",,,,,,,,,,,,4,丁寧な接客,衛生的な居室,,,,9,また行きたい（1年以内）,寒ブリを食べる 利便性,チサンバジェット金沢駅前,同意する,,,,石川県庁,,,1970,,,,,,
石川,2024/01/27 7:07:20,千葉県,男,1976,,700万円以上 800万円未満,自分ひとり,1泊,石川県外には泊まらない,金沢エリア  （湯涌温泉、深谷温泉、犀川温泉など）,1泊,,,,,,,,,"在来線, 飛行機",0,0,0,1,1,0,0,,0,0,0,0,4,アクセスのし易さ、快適さ,,,初めて,"宿でのんびり過ごす, 地元の美味しいものを食べる",1,0,1,0,0,0,0,0,0,0,0,0,0,0,0,0,0,0,予約サイト,0,0,0,0,0,0,0,0,0,0,0,0,0,0,0,0,0,0,0,0,0,0,0,0,1,,,,,,"10,000円以上 20,000円未満",,"10,000円以上 20,000円未満",,,,,,,,,,,,4,丁度よさ,きれい,,,,8,また行きたい（1年以内）,特になし 食について,チサンバジェット金沢駅前,同意する,,,,,,,1976,,,,,,
石川,2024/01/29 8:37:55,広島県,男,1978,,600万円以上 700万円未満,職場の同僚,4泊以上,石川県外には泊まらない,金沢エリア  （湯涌温泉、深谷温泉、犀川温泉など）,4泊以上,,,,,,,,,"新幹線, 在来線",0,0,1,1,0,0,0,,0,0,0,0,,,,,初めて,出張など仕事関係,0,0,0,0,0,0,0,0,0,0,0,0,0,0,0,0,1,0,TV・ラジオ番組やCM,0,0,0,0,0,0,0,0,0,0,0,0,0,0,1,0,0,0,0,0,0,0,0,0,0,,,,,,"50,000円以上 100,000円未満",,"50,000円以上 100,000円未満",,,,,,,,,,,,4,,,,,,8,機会があれば行きたい,特になし,チサンバジェット金沢駅前,同意する,,,,,,,1978,,,,,,
石川,2024/02/01 12:50:37,福井県,女,1967,,800万円以上 900万円未満,子供,1泊,石川県外には泊まらない,金沢エリア  （湯涌温泉、深谷温泉、犀川温泉など）,1泊,,,,,,,,,自家用車,1,0,0,0,0,0,0,,0,0,0,0,,,,,初めて,友人・親戚を訪ねる,0,0,0,0,0,0,0,0,0,0,0,0,0,0,0,0,0,0,インターネット・アプリ,0,0,0,0,0,0,0,0,0,0,1,0,0,0,0,0,0,0,0,0,0,0,0,0,0,,,,,,"5,000円以上 10,000円未満",,"5,000円以上 10,000円未満",,,,,,,,,,,,3,部屋に何も無さすぎ,,,,,7,機会があれば行きたい,今震災後なので観光してもと思いましたが来ることで石川の経済が回ればいいかなぁと。施設も壁にヒビが入っていたところもあったので早く元に戻ることを願っております。例えばお酒とか売り場に少なかった。 尾山神社　梅がチラホラ咲き始めていた,チサンバジェット金沢駅前,同意する,,,,,,,1967,,,,,,
石川,2024/02/01 22:38:19,長野県,男,1978,,400万円以上 500万円未満,自分ひとり,1泊,石川県外には泊まらない,金沢エリア  （湯涌温泉、深谷温泉、犀川温泉など）,1泊,,,,,,,,,自家用車,1,0,0,0,0,0,0,,0,0,0,0,,,,,2～5回目,出張など仕事関係,0,0,0,0,0,0,0,0,0,0,0,0,0,0,0,0,1,0,インターネット・アプリ,0,0,0,0,0,0,0,0,0,0,1,0,0,0,0,0,0,0,0,0,0,0,0,0,0,,,,,,"5,000円以上 10,000円未満",,"5,000円以上 10,000円未満",,,,,,,,,,,,4,フロント対応が丁寧,きれい,,,,9,また行きたい（1年以内）,特に無い,チサンバジェット金沢駅前,同意する,,観光をしていない,,仕事の為、寄らない,,,1978,,,,,,
石川,2024/02/03 14:27:47,富山県,男,1978,,400万円以上 500万円未満,夫婦2人,2泊,石川県外には泊まらない,金沢エリア  （湯涌温泉、深谷温泉、犀川温泉など）,2泊,,,,,,,,,自家用車,1,0,0,0,0,0,0,,0,0,0,0,,,,,初めて,"地元の美味しいものを食べる, まちあるき、都市散策",0,0,1,0,0,0,0,0,0,0,1,0,0,0,0,0,0,0,インターネット・アプリ,0,0,0,0,0,0,0,0,0,0,1,0,0,0,0,0,0,0,0,0,0,0,0,0,0,,,,,,"10,000円以上 20,000円未満",,"1,000円以上 3,000円未満",,,,,,,,,,,,4,,,,,,10,また行きたい（1年以内）,金沢おでんをもっと広がってほしい 歴史ある建造物や美味しい食べ物,チサンバジェット金沢駅前,同意する,,,,,,,1978,,,,,,
石川,2024/02/05 22:07:24,東京都,女,1988,,"900万円以上 1,000万円未満",自分ひとり,3泊,石川県外には泊まらない,金沢エリア  （湯涌温泉、深谷温泉、犀川温泉など）,3泊,,,,,,,,,新幹線,0,0,1,0,0,0,0,,0,0,0,0,,,,,初めて,出張など仕事関係,0,0,0,0,0,0,0,0,0,0,0,0,0,0,0,0,1,0,社内サイト,0,0,0,0,0,0,0,0,0,0,0,0,0,0,0,0,0,0,0,0,0,0,0,0,1,,,,,,"5,000円以上 10,000円未満",,使わない,,,,,,,,,,,,4,,,,,,7,また行きたい（1年以内）,ひゃくまんさんのグッズ,チサンバジェット金沢駅前,同意する,,,,,,,1988,,,,,,
石川,2024/02/06 19:15:50,新潟県,無回答,1972,,800万円以上 900万円未満,自分ひとり,1泊,石川県外には泊まらない,金沢エリア  （湯涌温泉、深谷温泉、犀川温泉など）,1泊,,,,,,,,,新幹線,0,0,1,0,0,0,0,,0,0,0,0,,,,,初めて,出張など仕事関係,0,0,0,0,0,0,0,0,0,0,0,0,0,0,0,0,1,0,インターネット・アプリ,0,0,0,0,0,0,0,0,0,0,1,0,0,0,0,0,0,0,0,0,0,0,0,0,0,,,,,,使わない,,使わない,,,,,,,,,,,,4,,,,,,7,また行きたい（1年以内）,とくになし,チサンバジェット金沢駅前,同意する,,,,,,,1972,,,,,,
石川,2024/02/06 19:33:32,奈良県,男,1986,,200万円以上 300万円未満,職場の同僚,2泊,石川県外には泊まらない,金沢エリア  （湯涌温泉、深谷温泉、犀川温泉など）,2泊,,,,,,,,,"在来線, サンダーバード",0,0,0,1,0,0,0,,0,0,0,0,5,京都から2時間半で到着するし、車内も快適に過ごせたから,,,初めて,"地元の美味しいものを食べる, 名所、旧跡の観光, まちあるき、都市散策",0,0,1,0,1,0,0,0,0,0,1,0,0,0,0,0,0,0,インターネット・アプリ,0,0,0,0,0,0,0,0,0,0,1,0,0,0,0,0,0,0,0,0,0,0,0,0,0,,,,,,"20,000円以上 30,000円未満",,"20,000円以上 30,000円未満",,,,,,,,,,,,5,アメニティも充実していてよかった,部屋も清潔感があり居心地の良いホテルでした,,,,10,また行きたい（1年以内）,やはり海鮮と美味しいお酒 金沢駅から近くスタッフの対応もよく居心地がよかったから,チサンバジェット金沢駅前,同意する,,,,,,,1986,,,,,,
石川,2024/02/06 21:12:03,神奈川県,男,1963,,700万円以上 800万円未満,自分ひとり,2泊,石川県外には泊まらない,金沢エリア  （湯涌温泉、深谷温泉、犀川温泉など）,2泊,,,,,,,,,新幹線,0,0,1,0,0,0,0,,0,0,0,0,,,,,初めて,出張など仕事関係,0,0,0,0,0,0,0,0,0,0,0,0,0,0,0,0,1,0,インターネット・アプリ,0,0,0,0,0,0,0,0,0,0,1,0,0,0,0,0,0,0,0,0,0,0,0,0,0,,,,,,"10,000円以上 20,000円未満",,"10,000円以上 20,000円未満",,,,,,,,,,,,4,,新しいホテルできれい,,,,8,また行きたい（1年以内）,海鮮,チサンバジェット金沢駅前,同意する,,松任城址公園,,,,,1963,,,,,,
石川,2024/02/07 21:16:14,東京都,男,1974,,"1,200万円以上 1,500万円未満",自分ひとり,1泊,石川県外には泊まらない,金沢エリア  （湯涌温泉、深谷温泉、犀川温泉など）,1泊,,,,,,,,,新幹線,0,0,1,0,0,0,0,,0,0,0,0,,,,,2～5回目,出張など仕事関係,0,0,0,0,0,0,0,0,0,0,0,0,0,0,0,0,1,0,インターネット・アプリ,0,0,0,0,0,0,0,0,0,0,1,0,0,0,0,0,0,0,0,0,0,0,0,0,0,,,,,,"10,000円以上 20,000円未満",,"1,000円未満",,,,,,,,,,,,4,必要にして十分。出張なので,必要にして十分。出張なので,,,,6,機会があれば行きたい,グルメ,チサンバジェット金沢駅前,同意する,,,,,,,1974,,,,,,
石川,2024/02/08 7:45:25,新潟県,女,1971,,400万円以上 500万円未満,自分ひとり,4泊以上,石川県外には泊まらない,金沢エリア  （湯涌温泉、深谷温泉、犀川温泉など）,4泊以上,,,,,,,,,新幹線,0,0,1,0,0,0,0,,0,0,0,0,,,,,11回目以上,"地元の美味しいものを食べる, 出張など仕事関係, 七尾市のボランティア",0,0,1,0,0,0,0,0,0,0,0,0,0,0,0,0,1,0,"インターネット・アプリ, Instagram, 友人・知人",0,0,0,1,0,0,0,0,0,0,1,0,0,0,0,0,0,0,1,0,0,0,0,0,0,,,,,,"50,000円以上 100,000円未満",,"30,000円以上 40,000円未満",,,,,,,,,,,,5,連泊が初めてだったが、案内が丁寧で分かりやすかったため,朝食メニューが毎日少しずつではあったが変わっていたので飽きずに食べられた。ボランティアできたので、昼食がコンビニ弁当のため、温かい朝ごはんはありがたかった。,,,,10,また行きたい（1年以内）,新潟県にないちょっと豪華な感じのおみやげ、みんなに喜ばれます。 駅、駐車場からの利便の良さ,チサンバジェット金沢駅前,同意する,,,,,,,1971,,,,,,
石川,2024/02/08 8:12:19,長野県,男,1961,,"1,200万円以上 1,500万円未満",職場の同僚,2泊,石川県外には泊まらない,金沢エリア  （湯涌温泉、深谷温泉、犀川温泉など）,2泊,,,,,,,,,自家用車,1,0,0,0,0,0,0,,0,0,0,0,,,,,6～10回目,出張など仕事関係,0,0,0,0,0,0,0,0,0,0,0,0,0,0,0,0,1,0,友人・知人,0,0,0,0,0,0,0,0,0,0,0,0,0,0,0,0,0,0,1,0,0,0,0,0,0,,,,,,"5,000円以上 10,000円未満",,"1,000円以上 3,000円未満",,,,,,,,,,,,3,,,,,,9,また行きたい（1年以内）,特になし,チサンバジェット金沢駅前,同意する,,,,,,,1961,,,,,,
石川,2024/02/09 6:58:57,大阪府,男,1969,,"1,200万円以上 1,500万円未満",自分ひとり,1泊,石川県外には泊まらない,金沢エリア  （湯涌温泉、深谷温泉、犀川温泉など）,1泊,,,,,,,,,在来線,0,0,0,1,0,0,0,,0,0,0,0,4,大阪からサンダーバードで乗換なしで便利。,,,11回目以上,出張など仕事関係,0,0,0,0,0,0,0,0,0,0,0,0,0,0,0,0,1,0,インターネット・アプリ,0,0,0,0,0,0,0,0,0,0,1,0,0,0,0,0,0,0,0,0,0,0,0,0,0,,,,,,"5,000円以上 10,000円未満",,"5,000円以上 10,000円未満",,,,,,,,,,,,2,アメニティー、朝食にしても貧相,宿泊コストに見合っておらず、割高。,,,,0,また行きたい（1年以内）,日本酒 能登牛、蟹、おでん。,チサンバジェット金沢駅前,同意する,,,,,,,1969,,,,,,
石川,2024/02/10 7:31:10,新潟県,男,1982,,"900万円以上 1,000万円未満",自分ひとり,3泊,兵庫,金沢エリア  （湯涌温泉、深谷温泉、犀川温泉など）,1泊,,,,,,,,,"新幹線, 在来線",0,0,1,1,0,0,0,,0,0,0,0,,,,,11回目以上,出張など仕事関係,0,0,0,0,0,0,0,0,0,0,0,0,0,0,0,0,1,0,インターネット・アプリ,0,0,0,0,0,0,0,0,0,0,1,0,0,0,0,0,0,0,0,0,0,0,0,0,0,,,,,,"5,000円以上 10,000円未満",,"5,000円以上 10,000円未満",,,,,,,,,,,,4,ゆっくり休めたから,ゆっくり休めたから,,,,7,機会があれば行きたい,なし,チサンバジェット金沢駅前,同意する,,,,,,,1982,,,,,,
石川,2024/02/10 8:15:22,富山県,女,2001,,100万円未満,自分ひとり,4泊以上,石川県外には泊まらない,金沢エリア  （湯涌温泉、深谷温泉、犀川温泉など）,4泊以上,,,,,,,,,自家用車,1,0,0,0,0,0,0,,0,0,0,0,,,,,6～10回目,受験,0,0,0,0,0,0,0,0,0,0,0,0,0,0,0,0,0,0,Instagram,0,0,0,1,0,0,0,0,0,0,0,0,0,0,0,0,0,0,0,0,0,0,0,0,0,,,,,,使わない,,"20,000円以上 30,000円未満",,,,,,,,,,,,4,施設設備が綺麗でアメニティが充実しているから。,,,,,9,また行きたい（1年以内）,金沢おでんを食べにきたいです。,チサンバジェット金沢駅前,同意する,,,,,,,2001,,,,,,
石川,2024/02/10 8:27:29,秋田県,女,1996,,300万円以上 400万円未満,職場の同僚,4泊以上,石川県外には泊まらない,金沢エリア  （湯涌温泉、深谷温泉、犀川温泉など）,4泊以上,,,,,,,,,新幹線,0,0,1,0,0,0,0,,0,0,0,0,5,分かりやすく親切だった,,,初めて,出張など仕事関係,0,0,0,0,0,0,0,0,0,0,0,0,0,0,0,0,1,0,"新聞・雑誌・ガイドブック, インターネット・アプリ, タクシードライバーや地元の人",0,0,0,0,0,0,0,0,0,0,1,0,0,0,0,0,1,0,0,1,0,0,0,0,0,,,,,,"50,000円以上 100,000円未満",,"5,000円以上 10,000円未満",,,,,,,,,,,,5,,,,,,10,機会があれば行きたい,特になし,チサンバジェット金沢駅前,同意する,,,,,,,1996,,,,,,
石川,2024/02/10 20:43:14,長野県,女,2000,,100万円以上 200万円未満,恋人,1泊,石川県外には泊まらない,金沢エリア  （湯涌温泉、深谷温泉、犀川温泉など）,1泊,,,,,,,,,自家用車,1,0,0,0,0,0,0,,0,0,0,0,,,,,初めて,"宿でのんびり過ごす, 地元の美味しいものを食べる, 買い物、アウトレット",1,0,1,0,0,0,1,0,0,0,0,0,0,0,0,0,0,0,"インターネット・アプリ, 友人・知人",0,0,0,0,0,0,0,0,0,0,1,0,0,0,0,0,0,0,1,0,0,0,0,0,0,,,,,,"5,000円以上 10,000円未満",,"5,000円以上 10,000円未満",,,,,,,,,,,,5,綺麗でゆったりできた,清潔だった,,,,8,また行きたい（1年以内）,美味しい魚やスイーツ、兼六園などの名所など和と近代的なところ 駅に近い為公共交通機関で来ても楽に動けて良い,チサンバジェット金沢駅前,同意する,,フォーラス,,,,,2000,,,,,,
石川,2024/02/12 6:16:33,広島県,男,1971,,600万円以上 700万円未満,団体の仲間,4泊以上,石川県外には泊まらない,金沢エリア  （湯涌温泉、深谷温泉、犀川温泉など）,4泊以上,,,,,,,,,在来線,0,0,0,1,0,0,0,,0,0,0,0,4,楽でした,,,初めて,復興支援,0,0,0,0,0,0,0,0,0,0,0,0,0,0,0,0,0,0,団体の情報,0,0,0,0,0,0,0,0,0,0,0,0,0,0,0,0,0,0,0,0,0,0,0,0,1,,,,,,"10,000円以上 20,000円未満",,"10,000円以上 20,000円未満",,,,,,,,,,,,1,,,,,,9,また行きたい（1年以内）,いいところです,チサンバジェット金沢駅前,同意する,,被災地,,,,,1971,,,,,,
石川,2024/02/12 20:53:21,千葉県,男,1964,,500万円以上 600万円未満,職場の同僚,4泊以上,石川県外には泊まらない,金沢エリア  （湯涌温泉、深谷温泉、犀川温泉など）,4泊以上,,,,,,,,,新幹線,0,0,1,0,0,0,0,,0,0,0,0,5,燃費もよく快適,,,初めて,"まちあるき、都市散策, 出張など仕事関係",0,0,0,0,0,0,0,0,0,0,1,0,0,0,0,0,1,0,インターネット・アプリ,0,0,0,0,0,0,0,0,0,0,1,0,0,0,0,0,0,0,0,0,0,0,0,0,0,,,,,,"10,000円以上 20,000円未満",,"1,000円以上 3,000円未満",,,,,,,,,,,,3,ちょっと狭い感じがしました,清潔な感じ,,,,7,機会があれば行きたい,特に無し キレイな街だし、観光名所も近い,チサンバジェット金沢駅前,同意する,,,,,,,1964,,,,,,
石川,2024/02/13 17:52:22,島根県,男,1998,,300万円以上 400万円未満,災害派遣,4泊以上,石川県外には泊まらない,金沢エリア  （湯涌温泉、深谷温泉、犀川温泉など）,4泊以上,,,,,,,,,"新幹線, 飛行機",0,0,1,0,1,0,0,,0,0,0,0,3,,,,初めて,出張など仕事関係,0,0,0,0,0,0,0,0,0,0,0,0,0,0,0,0,1,0,人事課手配,0,0,0,0,0,0,0,0,0,0,0,0,0,0,0,0,0,0,0,0,0,0,0,0,1,,,,,,"50,000円以上 100,000円未満",,"5,000円以上 10,000円未満",,,,,,,,,,,,3,,,,,,5,機会があれば行きたい,特になし,チサンバジェット金沢駅前,同意する,,,,,,,1998,,,,,,
石川,2024/02/13 23:21:54,愛知県,女,1967,,"1,000万円以上 1,200万円未満",自分ひとり,2泊,石川県外には泊まらない,金沢エリア  （湯涌温泉、深谷温泉、犀川温泉など）,2泊,,,,,,,,,"新幹線, 在来線",0,0,1,1,0,0,0,,0,0,0,0,4,特急と新幹線で組み合わせることで短時間で移動出来たから,,,6～10回目,出張など仕事関係,0,0,0,0,0,0,0,0,0,0,0,0,0,0,0,0,1,0,インターネット・アプリ,0,0,0,0,0,0,0,0,0,0,1,0,0,0,0,0,0,0,0,0,0,0,0,0,0,,,,,,"20,000円以上 30,000円未満",,"10,000円以上 20,000円未満",,,,,,,,,,,,4,意外と綺麗だったから,スタッフの対応が良い,,,,6,機会があれば行きたい,金澤ならではのお土産 食事,チサンバジェット金沢駅前,同意する,,仕事先,,,,,1967,,,,,,
石川,2024/02/15 3:30:38,東京都,無回答,1989,,700万円以上 800万円未満,自分ひとり,1泊,石川県外には泊まらない,金沢エリア  （湯涌温泉、深谷温泉、犀川温泉など）,1泊,,,,,,,,,新幹線,0,0,1,0,0,0,0,,0,0,0,0,,,,,初めて,"地元の美味しいものを食べる, 出張など仕事関係",0,0,1,0,0,0,0,0,0,0,0,0,0,0,0,0,1,0,インターネット・アプリ,0,0,0,0,0,0,0,0,0,0,1,0,0,0,0,0,0,0,0,0,0,0,0,0,0,,,,,,"10,000円以上 20,000円未満",,使わない,,,,,,,,,,,,3,シャンプー・リンスは持参必須,シャンプー・リンスは持参必須だから,,,,5,機会があれば行きたい,鮮魚,チサンバジェット金沢駅前,同意する,,県庁,,県庁,,,1989,,,,,,
石川,2024/02/15 8:28:45,香川県,女,1972,,400万円以上 500万円未満,職場の同僚,4泊以上,石川県外には泊まらない,金沢エリア  （湯涌温泉、深谷温泉、犀川温泉など）,4泊以上,,,,,,,,,"新幹線, 在来線",0,0,1,1,0,0,0,,0,0,0,0,,,,,初めて,出張など仕事関係,0,0,0,0,0,0,0,0,0,0,0,0,0,0,0,0,1,0,インターネット・アプリ,0,0,0,0,0,0,0,0,0,0,1,0,0,0,0,0,0,0,0,0,0,0,0,0,0,,,,,,"10,000円以上 20,000円未満",,"1,000円以上 3,000円未満",,,,,,,,,,,,3,,,,,,3,また行きたい（1年以内）,土地のならではの食べ物,チサンバジェット金沢駅前,同意する,,,,,,,1972,,,,,,
石川,2024/02/15 10:02:49,愛媛県,男,1965,,"900万円以上 1,000万円未満",自分ひとり,4泊以上,石川県外には泊まらない,金沢エリア  （湯涌温泉、深谷温泉、犀川温泉など）,4泊以上,,,,,,,,,"在来線, 飛行機",0,0,0,1,1,0,0,,0,0,0,0,,,,,初めて,出張など仕事関係,0,0,0,0,0,0,0,0,0,0,0,0,0,0,0,0,1,0,友人・知人,0,0,0,0,0,0,0,0,0,0,0,0,0,0,0,0,0,0,1,0,0,0,0,0,0,,,,,,"30,000円以上 40,000円未満",,"30,000円以上 40,000円未満",,,,,,,,,,,,3,,,,,,1,機会があれば行きたい,特になし,チサンバジェット金沢駅前,同意する,,,,,,,1965,,,,,,
石川,2024/02/15 13:44:31,東京都,男,1962,,700万円以上 800万円未満,自分ひとり,1泊,石川県外には泊まらない,金沢エリア  （湯涌温泉、深谷温泉、犀川温泉など）,1泊,,,,,,,,,新幹線,0,0,1,0,0,0,0,,0,0,0,0,,,,,初めて,出張など仕事関係,0,0,0,0,0,0,0,0,0,0,0,0,0,0,0,0,1,0,インターネット・アプリ,0,0,0,0,0,0,0,0,0,0,1,0,0,0,0,0,0,0,0,0,0,0,0,0,0,,,,,,"5,000円以上 10,000円未満",,"5,000円以上 10,000円未満",,,,,,,,,,,,2,ウォシュレットの水が冷たかった,価格に対して設備の品質が不十分,,,,7,また行きたい（1年以内）,駅弁の種類が豊富にあると良い 食事:ゴリ、ホタルイカなど,チサンバジェット金沢駅前,同意する,,特に訪問箇所はない,,特に訪問箇所はない,,,1962,,,,,,
石川,2024/02/16 21:19:37,熊本県,男,1976,,400万円以上 500万円未満,職場の同僚,4泊以上,石川県外には泊まらない,能登エリア （和倉温泉、七尾市、輪島市、珠洲市など）,4泊以上,,,,,,,,,飛行機,0,0,0,0,1,0,0,,0,0,0,0,3,空港から遠い,,,初めて,出張など仕事関係,0,0,0,0,0,0,0,0,0,0,0,0,0,0,0,0,1,0,友人・知人,0,0,0,0,0,0,0,0,0,0,0,0,0,0,0,0,0,0,1,0,0,0,0,0,0,,,,,,"30,000円以上 40,000円未満",,"5,000円以上 10,000円未満",,,,,,,,,,,,5,値段がリーズナブル,部屋が綺麗,,,,10,機会があれば行きたい,特になし 次は観光で来たい,チサンバジェット金沢駅前,同意する,,復興支援のため,,復興支援のため,,,1976,,,,,,
石川,2024/02/17 2:25:24,熊本県,女,1974,,"1,000万円以上 1,200万円未満",職場の同僚,4泊以上,石川県外には泊まらない,能登エリア （和倉温泉、七尾市、輪島市、珠洲市など）,4泊以上,,,,,,,,,新幹線,0,0,1,0,0,0,0,,0,0,0,0,5,特に不便を感じなかったから,,,2～5回目,出張など仕事関係,0,0,0,0,0,0,0,0,0,0,0,0,0,0,0,0,1,0,インターネット・アプリ,0,0,0,0,0,0,0,0,0,0,1,0,0,0,0,0,0,0,0,0,0,0,0,0,0,,,,,,"5,000円以上 10,000円未満",,使わない,,,,,,,,,,,,5,,,,,,10,また行きたい（1年以内）,特になし,チサンバジェット金沢駅前,同意する,,,,,,,1974,,,,,,
石川,2024/02/17 17:00:38,東京都,男,1974,,"1,500万円以上",自分ひとり,1泊,石川県外には泊まらない,金沢エリア  （湯涌温泉、深谷温泉、犀川温泉など）,1泊,,,,,,,,,飛行機,0,0,0,0,1,0,0,,0,0,0,0,3,乗り場がわかりにくい,,,11回目以上,出張など仕事関係,0,0,0,0,0,0,0,0,0,0,0,0,0,0,0,0,1,0,友人・知人,0,0,0,0,0,0,0,0,0,0,0,0,0,0,0,0,0,0,1,0,0,0,0,0,0,,,,,,"5,000円以上 10,000円未満",,"5,000円以上 10,000円未満",,,,,,,,,,,,5,駅地下清潔,清潔,,,,10,また行きたい（1年以内）,能登方面の観光にまた訪れたい 海山の幸,チサンバジェット金沢駅前,同意する,,武蔵の会議施設,,,,,1974,,,,,,
石川,2024/02/17 17:33:46,東京都,男,1969,,600万円以上 700万円未満,職場の同僚,1泊,石川県外には泊まらない,金沢エリア  （湯涌温泉、深谷温泉、犀川温泉など）,1泊,,,,,,,,,新幹線,0,0,1,0,0,0,0,,0,0,0,0,,,,,初めて,"地元の美味しいものを食べる, 名所、旧跡の観光",0,0,1,0,1,0,0,0,0,0,0,0,0,0,0,0,0,0,"新聞・雑誌・ガイドブック, X(旧：Twitter)",0,0,0,0,0,1,0,0,0,0,0,0,0,0,0,0,1,0,0,0,0,0,0,0,0,,,,,,"10,000円以上 20,000円未満",,"20,000円以上 30,000円未満",,,,,,,,,,,,4,,部屋が綺麗でした,,,,9,また行きたい（1年以内）,海鮮 家族,チサンバジェット金沢駅前,同意する,,,,,,,1969,,,,,,
石川,2024/02/18 7:15:27,熊本県,男,1999,,700万円以上 800万円未満,職場の同僚,4泊以上,石川県外には泊まらない,能登エリア （和倉温泉、七尾市、輪島市、珠洲市など）,4泊以上,,,,,,,,,"新幹線, 在来線",0,0,1,1,0,0,0,,0,0,0,0,,,,,初めて,出張など仕事関係,0,0,0,0,0,0,0,0,0,0,0,0,0,0,0,0,1,0,インターネット・アプリ,0,0,0,0,0,0,0,0,0,0,1,0,0,0,0,0,0,0,0,0,0,0,0,0,0,,,,,,"100,000円以上",,"100,000円以上",,,,,,,,,,,,5,接客が丁寧,お風呂が狭い,,,,10,機会があれば行きたい,金沢駅周辺にお土産屋さんを増やてほしい このえいちば,チサンバジェット金沢駅前,同意する,,,,,,,1999,,,,,,
石川,2024/02/18 19:15:11,東京都,女,1997,,"1,000万円以上 1,200万円未満",団体旅行,4泊以上,石川県外には泊まらない,金沢エリア  （湯涌温泉、深谷温泉、犀川温泉など）,4泊以上,,,,,,,,,"新幹線, 在来線",0,0,1,1,0,0,0,,0,0,0,0,,,,,2～5回目,"地元の美味しいものを食べる, 出張など仕事関係",0,0,1,0,0,0,0,0,0,0,0,0,0,0,0,0,1,0,"TV・ラジオ番組やCM, Instagram",0,0,0,1,0,0,0,0,0,0,0,0,0,0,1,0,0,0,0,0,0,0,0,0,0,,,,,,"30,000円以上 40,000円未満",,"30,000円以上 40,000円未満",,,,,,,,,,,,4,,シンプルで便利,,,,7,また行きたい（1年以内）,城下町、のどぐろ,チサンバジェット金沢駅前,同意する,,,,,,,1997,,,,,,
石川,2024/02/19 7:25:47,神奈川県,女,1955,,200万円以上 300万円未満,自分ひとり,1泊,石川県外には泊まらない,金沢エリア  （湯涌温泉、深谷温泉、犀川温泉など）,1泊,,,,,,,,,新幹線,0,0,1,0,0,0,0,,0,0,0,0,,,,,初めて,テーマパーク（遊園地、動物園、博物館など）,0,0,0,0,0,1,0,0,0,0,0,0,0,0,0,0,0,0,"インターネット・アプリ, 友人・知人",0,0,0,0,0,0,0,0,0,0,1,0,0,0,0,0,0,0,1,0,0,0,0,0,0,,,,,,"30,000円以上 40,000円未満",,"10,000円以上 20,000円未満",,,,,,,,,,,,3,あれこれ考えず、駅から徒歩で空いている宿をさがしたから。,お茶パックよろしからず、スリッパはきにくいシニア世代の私はつっかかり転倒しそうになつた。危険かも,,,,7,機会があれば行きたい,金沢21世紀美術館はとてもよい。オーケストラアンサンブル金沢のコンサートも素晴らしいです。休憩時に能登支援のカンパをしたのもよかった！85万円集まったとか。多くを占める石川県民の被災した人々を思うあたたかさだとおもいます。ささやかに私もかんぱ。ゆたかな文化を育んできた土地柄とりかあしました。とらトラアンサンブル金沢のコンサートも素晴らしい。ささえている多くの地元企業や個人がいればこそ。コンサートの休憩時に能登支援のカンパを募り 美術館よし！音楽堂、オーケストラアンサンブル金沢の演奏会素晴らしかったブラボー！,チサンバジェット金沢駅前,同意する,,音楽堂,,,,,1955,,,,,,
石川,2024/02/19 17:57:35,福井県,女,1995,,"900万円以上 1,000万円未満",自分ひとり,3泊,石川県外には泊まらない,金沢エリア  （湯涌温泉、深谷温泉、犀川温泉など）,3泊,,,,,,,,,在来線,0,0,0,1,0,0,0,,0,0,0,0,,,,,初めて,出張など仕事関係,0,0,0,0,0,0,0,0,0,0,0,0,0,0,0,0,1,0,指定された,0,0,0,0,0,0,0,0,0,0,0,0,0,0,0,0,0,0,0,0,0,0,0,0,1,,,,,,"10,000円以上 20,000円未満",,"1,000円以上 3,000円未満",,,,,,,,,,,,5,部屋がちょうどいい,駅から近い,,,,8,機会があれば行きたい,特になし 駅からのちかさ,チサンバジェット金沢駅前,同意する,,いしかわスポーツセンター,,いしかわスポーツセンター,,,1995,,,,,,
石川,2024/02/20 8:02:57,愛知県,男,1972,,"900万円以上 1,000万円未満",職場の同僚,3泊,富山県,金沢エリア  （湯涌温泉、深谷温泉、犀川温泉など）,1泊,,,,,,,,,"新幹線, 在来線",0,0,1,1,0,0,0,,0,0,0,0,,,,,初めて,出張など仕事関係,0,0,0,0,0,0,0,0,0,0,0,0,0,0,0,0,1,0,インターネット・アプリ,0,0,0,0,0,0,0,0,0,0,1,0,0,0,0,0,0,0,0,0,0,0,0,0,0,,,,,,"5,000円以上 10,000円未満",,"1,000円以上 3,000円未満",,,,,,,,,,,,1,エアコンも埃だらけで最悪,宿泊代に見合わない部屋,,,,0,どちらともいえない,特になし,チサンバジェット金沢駅前,同意する,,仕事のため,,仕事のため,,,1972,,,,,,
石川,2024/02/22 22:23:20,東京都,男,1967,,600万円以上 700万円未満,職場の同僚,3泊,石川県外には泊まらない,金沢エリア  （湯涌温泉、深谷温泉、犀川温泉など）,3泊,,,,,,,,,新幹線,0,0,1,0,0,0,0,,0,0,0,0,,,,,初めて,出張など仕事関係,0,0,0,0,0,0,0,0,0,0,0,0,0,0,0,0,1,0,友人・知人,0,0,0,0,0,0,0,0,0,0,0,0,0,0,0,0,0,0,1,0,0,0,0,0,0,,,,,,"20,000円以上 30,000円未満",,"5,000円以上 10,000円未満",,,,,,,,,,,,3,,,,,,6,機会があれば行きたい,季節によるがカニを食べたい,チサンバジェット金沢駅前,同意する,,能登半島,,,,,1967,,,,,,
石川,2024/02/22 22:24:22,埼玉県,女,1996,,400万円以上 500万円未満,自分ひとり,4泊以上,石川県外には泊まらない,金沢エリア  （湯涌温泉、深谷温泉、犀川温泉など）,4泊以上,,,,,,,,,新幹線,0,0,1,0,0,0,0,,0,0,0,0,,,,,初めて,出張など仕事関係,0,0,0,0,0,0,0,0,0,0,0,0,0,0,0,0,1,0,"インターネット・アプリ, Instagram, 友人・知人",0,0,0,1,0,0,0,0,0,0,1,0,0,0,0,0,0,0,1,0,0,0,0,0,0,,,,,,"100,000円以上",,"50,000円以上 100,000円未満",,,,,,,,,,,,4,スタッフが優しかったから,シンプルで余計なものがなくて過ごしやすいから,,,,10,また行きたい（1年以内）,お魚、お肉、和菓子、お酒最高でした 美味しいものがたくさんあって、観光地も近くにあって回りやすいから。,チサンバジェット金沢駅前,同意する,,,,,,,1996,,,,,,
石川,2024/02/22 23:58:02,佐賀県,男,1987,,600万円以上 700万円未満,職場の同僚,4泊以上,石川県外には泊まらない,金沢エリア  （湯涌温泉、深谷温泉、犀川温泉など）,4泊以上,,,,,,,,,新幹線,0,0,1,0,0,0,0,,0,0,0,0,5,駅にレンタカーショップが隣接している,,,初めて,出張など仕事関係,0,0,0,0,0,0,0,0,0,0,0,0,0,0,0,0,1,0,友人・知人,0,0,0,0,0,0,0,0,0,0,0,0,0,0,0,0,0,0,1,0,0,0,0,0,0,,,,,,"50,000円以上 100,000円未満",,使わない,,,,,,,,,,,,5,接客が丁寧,清掃が行き届いている,,,,10,また行きたい（1年以内）,金沢を拠点にしたが、観光地が近く多数の名所を巡れる 金沢駅周辺に観光地がある,チサンバジェット金沢駅前,同意する,,,,,,,1987,,,,,,
石川,2024/02/24 15:51:11,静岡県,男,2004,,100万円未満,自分ひとり,1泊,石川県外には泊まらない,金沢エリア  （湯涌温泉、深谷温泉、犀川温泉など）,1泊,,,,,,,,,新幹線,0,0,1,0,0,0,0,,0,0,0,0,,,,,初めて,宿でのんびり過ごす,1,0,0,0,0,0,0,0,0,0,0,0,0,0,0,0,0,0,インターネット・アプリ,0,0,0,0,0,0,0,0,0,0,1,0,0,0,0,0,0,0,0,0,0,0,0,0,0,,,,,,"10,000円以上 20,000円未満",,"1,000円未満",,,,,,,,,,,,4,,,,,,8,また行きたい（1年以内）,お土産における洋菓子と伝統菓子の割合を一緒にして欲しい,チサンバジェット金沢駅前,同意する,,,,,,,2004,,,,,,
石川,2024/02/24 20:57:21,東京都,女,1992,,200万円以上 300万円未満,自分ひとり,2泊,石川県外には泊まらない,金沢エリア  （湯涌温泉、深谷温泉、犀川温泉など）,2泊,,,,,,,,,新幹線,0,0,1,0,0,0,0,,0,0,0,0,,,,,初めて,"地元の美味しいものを食べる, 買い物、アウトレット, 被災地の様子見",0,0,1,0,0,0,1,0,0,0,0,0,0,0,0,0,0,0,インターネット・アプリ,0,0,0,0,0,0,0,0,0,0,1,0,0,0,0,0,0,0,0,0,0,0,0,0,0,,,,,,"10,000円以上 20,000円未満",,"1,000円以上 3,000円未満",,,,,,,,,,,,5,清掃もきちんとされていて、特に問題なく滞在できました。,清掃もきちんとされていて、特に問題なく滞在できました。,,,,10,また行きたい（1年以内）,駅中の飲食店が人の多さに対して少ないように感じた。勝手な想像ですが、乗降客数に対して駅が小さい？ような感じでした。混雑して大変。 のどぐろはやはり美味しかったです,チサンバジェット金沢駅前,同意する,,,,七尾市,,,1992,,,,,,
石川,2024/02/26 4:32:38,神奈川県,男,1973,,500万円以上 600万円未満,自分ひとり,2泊,石川県外には泊まらない,能登エリア （和倉温泉、七尾市、輪島市、珠洲市など）,2泊,,,,,,,,,"新幹線, 在来線",0,0,1,1,0,0,0,,0,0,0,0,,,,,初めて,友人・親戚を訪ねる,0,0,0,0,0,0,0,0,0,0,0,0,0,0,0,0,0,0,インターネット・アプリ,0,0,0,0,0,0,0,0,0,0,1,0,0,0,0,0,0,0,0,0,0,0,0,0,0,,,,,,"5,000円以上 10,000円未満",,"1,000円以上 3,000円未満",,,,,,,,,,,,5,今回は急遽決まったのですが自分で調べていた時にとても清潔感を感じる写真であったし旅行会社の担当者の方もとても綺麗なお部屋写真と言ってくれてて即決でした。,スタッフさん方々のとても親戚でスムーズな対応をして頂いたので。,,,,10,また行きたい（1年以内）,故母方の実家が輪島朝市通りの場所だった為小さい頃から石川県には良く来ていてお爺さん、親戚関連共に輪島塗り沈金職人さんの為間近に伝統工芸を体感していたり海、山自然豊かな場所を自転車でよく走り周っていました。朝市の活気ある雰囲気、金沢武家屋敷など遊びに来ては楽しませて貰った場所は多々ある石川県なので是非復活を心から願っています。 駅から近く写真を見た以上に綺麗でしたしスタッフさん方々の対応がほんととても良かったので。,チサンバジェット金沢駅前,同意する,,,,被災した輪島の親戚2家族に会うのが今回の目的なので。,,,1973,,,,,,
石川,2024/02/26 8:15:53,東京都,女,1975,,200万円以上 300万円未満,職場の同僚,3泊,石川県外には泊まらない,金沢エリア  （湯涌温泉、深谷温泉、犀川温泉など）,3泊,,,,,,,,,新幹線,0,0,1,0,0,0,0,,0,0,0,0,4,シェアカー利用。スムーズだった。,,,初めて,"出張など仕事関係, 被災地支援",0,0,0,0,0,0,0,0,0,0,0,0,0,0,0,0,1,0,友人・知人,0,0,0,0,0,0,0,0,0,0,0,0,0,0,0,0,0,0,1,0,0,0,0,0,0,,,,,,"5,000円以上 10,000円未満",,"5,000円以上 10,000円未満",,,,,,,,,,,,2,照明が明るすぎる。もう一段調節などできたら良かった。,フロントで色々備品を持っていくシステムは構わないが、それに協力しただけのメリットをあまり感じられなかった（だから宿泊費がリーズナブルor朝食が美味しいもしくは飲料水のサービスがあるとか）,,,,4,また行きたい（1年以内）,能登丼、ってなんだろう。次回食べてみたい。 清潔な点は評価ポイント。スタッフも良い。,チサンバジェット金沢駅前,同意する,,被災地支援活動のため役所や福祉避難所訪問,,香土,,,1975,,,,,,
石川,2024/02/27 6:47:32,埼玉県,男,1976,,"1,500万円以上",職場の同僚,2泊,石川県外には泊まらない,金沢エリア  （湯涌温泉、深谷温泉、犀川温泉など）,2泊,,,,,,,,,新幹線,0,0,1,0,0,0,0,,0,0,0,0,4,快適に目的地に向かえたから,,,2～5回目,出張など仕事関係,0,0,0,0,0,0,0,0,0,0,0,0,0,0,0,0,1,0,インターネット・アプリ,0,0,0,0,0,0,0,0,0,0,1,0,0,0,0,0,0,0,0,0,0,0,0,0,0,,,,,,"10,000円以上 20,000円未満",,"40,000円以上 50,000円未満",,,,,,,,,,,,4,喫煙ルームもあり、快適だったから,綺麗で快適、朝食も美味しかったから,,,,8,また行きたい（1年以内）,次回はゴルフもしてみたい 食事が美味しい。特にのどぐろが美味しかった。,チサンバジェット金沢駅前,同意する,,,,,,,1976,,,,,,
石川,2024/02/28 7:53:08,京都府,女,1969,,400万円以上 500万円未満,自分ひとり,2泊,石川県外には泊まらない,金沢エリア  （湯涌温泉、深谷温泉、犀川温泉など）,2泊,,,,,,,,,在来線,0,0,0,1,0,0,0,,0,0,0,0,5,サンダーバードに乗ってみたかった,,,6～10回目,"各種体験（手作り、果物狩りなど）, 出張など仕事関係",0,0,0,0,0,0,0,0,0,0,0,1,0,0,0,0,1,0,インターネット・アプリ,0,0,0,0,0,0,0,0,0,0,1,0,0,0,0,0,0,0,0,0,0,0,0,0,0,,,,,,"10,000円以上 20,000円未満",,"5,000円以上 10,000円未満",,,,,,,,,,,,2,部屋のコンセントの位置が使いにくい,部屋がシンプルできれい,,,,10,機会があれば行きたい,伝統工芸の体験がもっとやりたい 海鮮が美味しい,チサンバジェット金沢駅前,同意する,,,,,,,1969,,,,,,
石川,2024/02/29 8:35:59,神奈川県,男,1976,,"1,500万円以上",自分ひとり,1泊,石川県外には泊まらない,金沢エリア  （湯涌温泉、深谷温泉、犀川温泉など）,1泊,,,,,,,,,新幹線,0,0,1,0,0,0,0,,0,0,0,0,5,,,,初めて,出張など仕事関係,0,0,0,0,0,0,0,0,0,0,0,0,0,0,0,0,1,0,インターネット・アプリ,0,0,0,0,0,0,0,0,0,0,1,0,0,0,0,0,0,0,0,0,0,0,0,0,0,,,,,,"10,000円以上 20,000円未満",,"5,000円以上 10,000円未満",,,,,,,,,,,,5,,,,,,10,また行きたい（1年以内）,カニ,チサンバジェット金沢駅前,同意する,,,,,,,1976,,,,,,
石川,2024/02/29 18:23:48,香川県,男,1983,,500万円以上 600万円未満,職場の同僚,4泊以上,石川県外には泊まらない,金沢エリア  （湯涌温泉、深谷温泉、犀川温泉など）,4泊以上,,,,,,,,,"新幹線, 在来線",0,0,1,1,0,0,0,,0,0,0,0,,,,,初めて,出張など仕事関係,0,0,0,0,0,0,0,0,0,0,0,0,0,0,0,0,1,0,"友人・知人, タクシードライバーや地元の人",0,0,0,0,0,0,0,0,0,0,0,0,0,0,0,0,0,0,1,1,0,0,0,0,0,,,,,,"20,000円以上 30,000円未満",,"1,000円以上 3,000円未満",,,,,,,,,,,,4,ストレスがなかった,ストレスがなかった,,,,9,石川県在住,ふあんてん 観光,チサンバジェット金沢駅前,同意する,,七尾市役所,,七尾市役所,,,1983,,,,,,
石川,2024/03/01 16:51:33,長野県,男,1971,,"900万円以上 1,000万円未満",職場の同僚,1泊,石川県外には泊まらない,能登エリア （和倉温泉、七尾市、輪島市、珠洲市など）,3泊,,,,,,,,,新幹線,0,0,1,0,0,0,0,,0,0,0,0,,,,,初めて,震災支援,0,0,0,0,0,0,0,0,0,0,0,0,0,0,0,0,0,0,インターネット・アプリ,0,0,0,0,0,0,0,0,0,0,1,0,0,0,0,0,0,0,0,0,0,0,0,0,0,,,,,,"5,000円以上 10,000円未満",,"10,000円以上 20,000円未満",,,,,,,,,,,,3,シンプルだった,,,,,6,機会があれば行きたい,特に無し 震災支援,チサンバジェット金沢駅前,同意する,,,,輪島市,,,1971,,,,,,
石川,2024/03/02 0:57:49,広島県,女,1970,,300万円以上 400万円未満,チーム,2泊,石川県外には泊まらない,金沢エリア  （湯涌温泉、深谷温泉、犀川温泉など）,2泊,,,,,,,,,自家用車,1,0,0,0,0,0,0,,0,0,0,0,,,,,2～5回目,その他スポーツ（ゴルフ、テニスなど）,0,0,0,0,0,0,0,0,0,0,0,0,0,1,0,0,0,1,"観光展・物産展, 観光パンフレット・ポスター, インターネット・アプリ",0,0,0,0,0,0,0,0,0,0,1,0,0,0,0,0,0,0,0,0,1,0,1,0,0,,,,,,"10,000円以上 20,000円未満",,"5,000円以上 10,000円未満",,,,,,,,,,,,4,,,,,,8,機会があれば行きたい,色々見れて楽しく過ごせました,チサンバジェット金沢駅前,同意する,,金沢駅前,,金沢市総合体育館,,,1970,,,,,,
石川,2024/03/02 6:59:04,広島県,男,1952,,300万円以上 400万円未満,夫婦2人,2泊,石川県外には泊まらない,金沢エリア  （湯涌温泉、深谷温泉、犀川温泉など）,2泊,,,,,,,,,自家用車,1,0,0,0,0,0,0,,0,0,0,0,,町が綺麗に整備されている,,,2～5回目,スポーツ観戦や芸術鑑賞（コンサート等）,0,0,0,0,0,0,0,0,0,0,0,0,0,0,0,0,0,0,インターネット・アプリ,0,0,0,0,0,0,0,0,0,0,1,0,0,0,0,0,0,0,0,0,0,0,0,0,0,,,,,,"10,000円以上 20,000円未満",,"5,000円以上 10,000円未満",,,,,,,,,,,,4,衛生的,清掃が行き届いている,,,,5,機会があれば行きたい,特になし 善光寺,チサンバジェット金沢駅前,同意する,,善光寺,,金沢駅周辺,,,1952,,,,,,
石川,2024/03/04 17:52:36,愛知県,女,1962,,"900万円以上 1,000万円未満",自分ひとり,2泊,石川県外には泊まらない,金沢エリア  （湯涌温泉、深谷温泉、犀川温泉など）,2泊,,,,,,,,,在来線,0,0,0,1,0,0,0,,0,0,0,0,4,電車での旅行は久しぶりでゆっくりできた,,,初めて,名所、旧跡の観光,0,0,0,0,1,0,0,0,0,0,0,0,0,0,0,0,0,0,インターネット・アプリ,0,0,0,0,0,0,0,0,0,0,1,0,0,0,0,0,0,0,0,0,0,0,0,0,0,,,,,,"10,000円以上 20,000円未満",,"10,000円以上 20,000円未満",,,,,,,,,,,,3,スーツケースを置く台がない。お茶はあったがコーヒーがなかった。,料金が手頃だったので金額相応？,,,,3,機会があれば行きたい,海産物が美味しそうだった。お土産物が沢山あって迷う。,チサンバジェット金沢駅前,同意する,,大野湊神社,,,,,1962,,,,,,
石川,2024/03/04 19:24:04,秋田県,女,1992,,400万円以上 500万円未満,職場の同僚,4泊以上,石川県外には泊まらない,金沢エリア  （湯涌温泉、深谷温泉、犀川温泉など）,4泊以上,,,,,,,,,新幹線,0,0,1,0,0,0,0,,0,0,0,0,,,,,初めて,出張など仕事関係,0,0,0,0,0,0,0,0,0,0,0,0,0,0,0,0,1,0,友人・知人,0,0,0,0,0,0,0,0,0,0,0,0,0,0,0,0,0,0,1,0,0,0,0,0,0,,,,,,"50,000円以上 100,000円未満",,"50,000円以上 100,000円未満",,,,,,,,,,,,4,,,,,,7,機会があれば行きたい,特になし,チサンバジェット金沢駅前,同意する,,,,,,,1992,,,,,,
石川,2024/03/05 20:04:54,東京都,男,1990,,600万円以上 700万円未満,職場の同僚,2泊,石川県外には泊まらない,金沢エリア  （湯涌温泉、深谷温泉、犀川温泉など）,2泊,,,,,,,,,新幹線,0,0,1,0,0,0,0,,0,0,0,0,,,,,6～10回目,出張など仕事関係,0,0,0,0,0,0,0,0,0,0,0,0,0,0,0,0,1,0,友人・知人,0,0,0,0,0,0,0,0,0,0,0,0,0,0,0,0,0,0,1,0,0,0,0,0,0,,,,,,"10,000円以上 20,000円未満",,"20,000円以上 30,000円未満",,,,,,,,,,,,2,少しチープな感じがした。,,,,,2,また行きたい（1年以内）,寿司などの美味しい食べ物,チサンバジェット金沢駅前,同意する,,寿司屋,,,,,1990,,,,,,
石川,2024/03/06 23:38:46,秋田県,男,1966,,"1,000万円以上 1,200万円未満",職場の同僚,4泊以上,石川県外には泊まらない,金沢エリア  （湯涌温泉、深谷温泉、犀川温泉など）,4泊以上,,,,,,,,,新幹線,0,0,1,0,0,0,0,,0,0,0,0,,,,,2～5回目,出張など仕事関係,0,0,0,0,0,0,0,0,0,0,0,0,0,0,0,0,1,0,"観光パンフレット・ポスター, インターネット・アプリ",0,0,0,0,0,0,0,0,0,0,1,0,0,0,0,0,0,0,0,0,1,0,0,0,0,,,,,,"50,000円以上 100,000円未満",,"50,000円以上 100,000円未満",,,,,,,,,,,,4,最上階でトレインビューの部屋だったから,,,,,7,機会があれば行きたい,特になし 海鮮が美味しい,チサンバジェット金沢駅前,同意する,,,,,,,1966,,,,,,
石川,2024/03/07 17:18:07,愛知県,男,1992,,200万円以上 300万円未満,自分ひとり,1泊,石川県外には泊まらない,金沢エリア  （湯涌温泉、深谷温泉、犀川温泉など）,1泊,,,,,,,,,在来線,0,0,0,1,0,0,0,,0,0,0,0,,,,,初めて,出張など仕事関係,0,0,0,0,0,0,0,0,0,0,0,0,0,0,0,0,1,0,宿泊サイト,0,0,0,0,0,0,0,0,0,0,0,0,0,0,0,0,0,0,0,0,0,0,0,0,1,,,,,,"5,000円以上 10,000円未満",,"5,000円以上 10,000円未満",,,,,,,,,,,,4,観光目的では無いビジネスマンからすると十分に感じるため,清潔感あるため,,,,5,また行きたい（1年以内）,大人のインスタ映え 今後しらさぎが福井止まりになるため名古屋から向かうのに不便、,チサンバジェット金沢駅前,同意する,,能登,,,,,1992,,,,,,
石川,2024/03/10 16:35:13,愛知県,女,1993,,800万円以上 900万円未満,夫婦2人,2泊,富山県,石川県内には宿泊しない,1泊,,,,,,,,,在来線,0,0,0,1,0,0,0,,0,0,0,0,3,金沢駅から少し遠い,,,初めて,地元の美味しいものを食べる,0,0,1,0,0,0,0,0,0,0,0,0,0,0,0,0,0,0,インターネット・アプリ,0,0,0,0,0,0,0,0,0,0,1,0,0,0,0,0,0,0,0,0,0,0,0,0,0,,,,,,"3,000円以上 5,000円未満",,使わない,,,,,,,,,,,,3,少し狭い。,コスパは良いため,,,,5,機会があれば行きたい,特になし 安いため,チサンバジェット金沢駅前,同意する,,,,,,,1993,,,,,,
石川,2024/03/10 18:27:16,千葉県,男,1972,,200万円以上 300万円未満,職場の同僚,4泊以上,石川県外には泊まらない,金沢エリア  （湯涌温泉、深谷温泉、犀川温泉など）,4泊以上,,,,,,,,,社用車,0,0,0,0,0,0,0,,0,0,0,0,3,今回始めて,,,初めて,災害復旧,0,0,0,0,0,0,0,0,0,0,0,0,0,0,0,0,0,0,会災害復旧社,0,0,0,0,0,0,0,0,0,0,0,0,0,0,0,0,0,0,0,0,0,0,0,0,1,,,,,,"5,000円以上 10,000円未満",,"1,000円未満",,,,,,,,,,,,3,,,,,,2,どちらともいえない,災害復旧 災害復旧,チサンバジェット金沢駅前,同意する,,災害復旧,,災害復旧,,,1972,,,,,,
石川,2024/03/12 20:55:38,神奈川県,男,1992,,800万円以上 900万円未満,自分ひとり,2泊,石川県外には泊まらない,金沢エリア  （湯涌温泉、深谷温泉、犀川温泉など）,2泊,,,,,,,,,新幹線,0,0,1,0,0,0,0,,0,0,0,0,,,,,11回目以上,出張など仕事関係,0,0,0,0,0,0,0,0,0,0,0,0,0,0,0,0,1,0,インターネット・アプリ,0,0,0,0,0,0,0,0,0,0,1,0,0,0,0,0,0,0,0,0,0,0,0,0,0,,,,,,"10,000円以上 20,000円未満",,使わない,,,,,,,,,,,,4,,,,,,10,また行きたい（1年以内）,美味しい肴と酒が楽しめること,チサンバジェット金沢駅前,同意する,,,,,,,1992,,,,,,
石川,2024/03/13 7:51:24,福岡県,女,1971,,400万円以上 500万円未満,職場の同僚,4泊以上,石川県外には泊まらない,能登エリア （和倉温泉、七尾市、輪島市、珠洲市など）,4泊以上,,,,,,,,,"新幹線, 在来線",0,0,1,1,0,0,0,,0,0,0,0,4,もう少しスピードアップしてほしい,,,初めて,出張など仕事関係,0,0,0,0,0,0,0,0,0,0,0,0,0,0,0,0,1,0,自分では選んでいない,0,0,0,0,0,0,0,0,0,0,0,0,0,0,0,0,0,0,0,0,0,0,0,0,1,,,,,,"30,000円以上 40,000円未満",,使わない,,,,,,,,,,,,5,駅から近くて良かった,立地,,,,7,また行きたい（1年以内）,お茶、芸者などの古典文化 金沢城,チサンバジェット金沢駅前,同意する,,到着してすぐにチェックインした,,,,,1971,,,,,,
石川,2024/03/13 22:39:55,大阪府,女,1977,,300万円以上 400万円未満,自分ひとり,1泊,石川県外には泊まらない,金沢エリア  （湯涌温泉、深谷温泉、犀川温泉など）,1泊,,,,,,,,,在来線,0,0,0,1,0,0,0,,0,0,0,0,,,,,6～10回目,"まちあるき、都市散策, 各種体験（手作り、果物狩りなど）",0,0,0,0,0,0,0,0,0,0,1,1,0,0,0,0,0,0,"インターネット・アプリ, 観光協会等の案内所, 未だ訪れたことの無い場所を探しました",0,0,0,0,0,0,0,0,0,0,1,0,0,0,0,0,0,0,0,0,0,1,0,0,0,,,,,,"5,000円以上 10,000円未満",,使わない,,,,,,,,,,,,4,部屋が広い,,,,,7,機会があれば行きたい,伝統工芸の体験,チサンバジェット金沢駅前,同意する,,最初,,にし茶屋街,,,1977,,,,,,
石川,2024/03/14 20:55:18,東京都,男,1997,,"900万円以上 1,000万円未満",自分ひとり,4泊以上,石川県外には泊まらない,金沢エリア  （湯涌温泉、深谷温泉、犀川温泉など）,4泊以上,,,,,,,,,新幹線,0,0,1,0,0,0,0,,0,0,0,0,5,安い,,,2～5回目,出張など仕事関係,0,0,0,0,0,0,0,0,0,0,0,0,0,0,0,0,1,0,観光展・物産展,0,0,0,0,0,0,0,0,0,0,0,0,0,0,0,0,0,0,0,0,0,0,1,0,0,,,,,,"50,000円以上 100,000円未満",,"10,000円以上 20,000円未満",,,,,,,,,,,,4,,,,,,9,また行きたい（1年以内）,特になし,チサンバジェット金沢駅前,同意する,,,,,,,1997,,,,,,
石川,2024/03/16 21:52:47,神奈川県,女,1993,,100万円以上 200万円未満,自分ひとり,1泊,石川県外には泊まらない,金沢エリア  （湯涌温泉、深谷温泉、犀川温泉など）,1泊,,,,,,,,,新幹線,0,0,1,0,0,0,0,,0,0,0,0,,,,,初めて,"地元の美味しいものを食べる, 名所、旧跡の観光, 買い物、アウトレット, お祭りやイベントへの参加・見物, まちあるき、都市散策",0,0,1,0,1,0,1,1,0,0,1,0,0,0,0,0,0,0,イベントでここのホテルが指定されたので,0,0,0,0,0,0,0,0,0,0,0,0,0,0,0,0,0,0,0,0,0,0,0,0,1,,,,,,"50,000円以上 100,000円未満",,"50,000円以上 100,000円未満",,,,,,,,,,,,4,駅から近く、部屋の清掃が行き届いている。部屋が狭い。,受付対応がスムーズで良かったです。大浴場などの大きいお風呂があると更に良いと思いました。,,,,9,機会があれば行きたい,特になし ひがし茶屋街を薦めたいです。昔ながらの街並みを楽しみながら地元グルメを味わったり、お土産を買うことができるからです。,チサンバジェット金沢駅前,同意する,,,,,,,1993,,,,,,
石川,2024/03/16 22:46:33,愛知県,男,1992,,500万円以上 600万円未満,学校関係（修学旅行・社会科見学等）,1泊,石川県外には泊まらない,金沢エリア  （湯涌温泉、深谷温泉、犀川温泉など）,1泊,,,,,,,,,新幹線,0,0,1,0,0,0,0,,0,0,0,0,4,昨年も来させて頂いたが、時間が短縮された。構内も非常に綺麗であった。,,,2～5回目,お祭りやイベントへの参加・見物,0,0,0,0,0,0,0,1,0,0,0,0,0,0,0,0,0,0,"インターネット・アプリ, 観光協会等の案内所",0,0,0,0,0,0,0,0,0,0,1,0,0,0,0,0,0,0,0,0,0,1,0,0,0,,,,,,"10,000円以上 20,000円未満",,"10,000円以上 20,000円未満",,,,,,,,,,,,3,,,,,,5,また行きたい（1年以内）,特に無し,チサンバジェット金沢駅前,同意する,,能美根上公民館,,,,,1992,,,,,,
石川,2024/03/28 7:48:26,京都府,男,1978,,500万円以上 600万円未満,友人,1泊,石川県外には泊まらない,金沢エリア  （湯涌温泉、深谷温泉、犀川温泉など）,1泊,,,,,,,,,新幹線,0,0,1,0,0,0,0,,0,0,0,0,4,半数が多い,,,2～5回目,"地元の美味しいものを食べる, 名所、旧跡の観光, テーマパーク（遊園地、動物園、博物館など）",0,0,1,0,1,1,0,0,0,0,0,0,0,0,0,0,0,0,インターネット・アプリ,0,0,0,0,0,0,0,0,0,0,1,0,0,0,0,0,0,0,0,0,0,0,0,0,0,,,,,,"10,000円以上 20,000円未満",,使わない,,,,,,,,,,,,5,スタッフの対応がいい,綺麗,,,,10,また行きたい（1年以内）,ご当地があるのがいい 観光するところが多い,チサンバジェット金沢駅前,同意する,,,,,,,1978,,,,,,
石川,2024/04/09 8:44:55,石川県,男,1968,,800万円以上 900万円未満,夫婦2人,1泊,石川県,金沢エリア  （湯涌温泉、深谷温泉、犀川温泉など）,1泊,,,,,,,,,自家用車,1,0,0,0,0,0,0,,0,0,0,0,4,ゆっくり出来ました,,,2～5回目,宿でのんびり過ごす,1,0,0,0,0,0,0,0,0,0,0,0,0,0,0,0,0,0,口コミ,0,0,0,0,0,0,0,0,0,0,0,0,0,0,0,0,0,0,0,0,0,0,0,0,1,,,,,,"10,000円以上 20,000円未満",,"10,000円以上 20,000円未満",,,,,,,,,,,4,4,金沢地ビール,カレービーバー,,,,7,機会があれば行きたい,農口尚彦研究所,チサンバジェット金沢駅前,同意する,,金沢駅周辺,,,,,1968,,,,,,
石川,2024/04/09 8:47:41,富山県,女,1983,,800万円以上 900万円未満,夫婦2人,1泊,石川県外には泊まらない,金沢エリア  （湯涌温泉、深谷温泉、犀川温泉など）,1泊,,,,,,,,,自家用車,1,0,0,0,0,0,0,,0,0,0,0,,,,,2～5回目,"宿でのんびり過ごす, 地元の美味しいものを食べる, 買い物、アウトレット, まちあるき、都市散策",1,0,1,0,0,0,1,0,0,0,1,0,0,0,0,0,0,0,"友人・知人, クチコミ",0,0,0,0,0,0,0,0,0,0,0,0,0,0,0,0,0,0,1,0,0,0,0,0,0,,,,,,"3,000円以上 5,000円未満",,"3,000円以上 5,000円未満",,,,,,,,,,,5,4,ビール、ビーバーが付いてるプランに満足した,朝ごはんが残念だった,,,,5,また行きたい（1年以内）,ゆっくりすごせた 北陸割りはすごい,チサンバジェット金沢駅前,同意する,,金沢フォーラス りんと,,既に行ったから,,,1983,,,,,,
石川,2024/04/09 12:15:31,北海道,女,1977,,700万円以上 800万円未満,自分ひとり,4泊以上,石川県外には泊まらない,金沢エリア  （湯涌温泉、深谷温泉、犀川温泉など）,4泊以上,,,,,,,,,飛行機,0,0,0,0,1,0,0,,0,0,0,0,2,小松空港から小松駅までのバスを利用したが、出発が遅れて乗り継ぎの電車までダッシュした。乗り継ぎが不便,,,初めて,"地元の美味しいものを食べる, 花見や紅葉などの自然鑑賞, まちあるき、都市散策",0,0,1,1,0,0,0,0,0,0,1,0,0,0,0,0,0,0,インターネット・アプリ,0,0,0,0,0,0,0,0,0,0,1,0,0,0,0,0,0,0,0,0,0,0,0,0,0,,,,,,"20,000円以上 30,000円未満",,"5,000円以上 10,000円未満",,,,,,,,,,,4,2,デスクまわりの大きい鏡や、調整できる証明、ものを置く場所など一般的なホテルにはあるものがなくてとても不便に感じました。   ,設備の簡素さの割に料金は安くない,,,,2,どちらともいえない,観光客が増えているようなので、ハイシーズンはバスの本数を増やした方がいいと思う 兼六園,チサンバジェット金沢駅前,同意する,,,,,,,1977,,,,,,
石川,2024/04/09 13:24:12,石川県,男,1968,,800万円以上 900万円未満,夫婦2人,1泊,石川県外には泊まらない,金沢エリア  （湯涌温泉、深谷温泉、犀川温泉など）,1泊,,,,,,,,,自家用車,1,0,0,0,0,0,0,,0,0,0,0,,,,,2～5回目,宿でのんびり過ごす,1,0,0,0,0,0,0,0,0,0,0,0,0,0,0,0,0,0,口コミ,0,0,0,0,0,0,0,0,0,0,0,0,0,0,0,0,0,0,0,0,0,0,0,0,1,,,,,,"10,000円以上 20,000円未満",,"10,000円以上 20,000円未満",,,,,,,,,,,4,4,金沢地ビール,カレービーバー,,,,7,機会があれば行きたい,美味しいもの のんびり過ごせる,チサンバジェット金沢駅前,同意する,,,,,,,1968,,,,,,
石川,2024/04/13 8:51:11,京都府,男,1956,,800万円以上 900万円未満,団体旅行,1泊,富山県,金沢エリア  （湯涌温泉、深谷温泉、犀川温泉など）,1泊,,,,,,,,,旅行会社ツアーバス,0,0,0,0,0,1,0,,0,0,0,0,4,,,,6～10回目,"地元の美味しいものを食べる, 名所、旧跡の観光",0,0,1,0,1,0,0,0,0,0,0,0,0,0,0,0,0,0,観光展・物産展,0,0,0,0,0,0,0,0,0,0,0,0,0,0,0,0,0,0,0,0,0,0,1,0,0,,,,,,"20,000円以上 30,000円未満",,"30,000円以上 40,000円未満",,,,,,,,,,,4,4,,,,,,2,また行きたい（1年以内）,きんつば,チサンバジェット金沢駅前,同意する,,,,,,,1956,,,,,,
石川,2024/04/13 17:17:05,東京都,女,1972,,500万円以上 600万円未満,団体旅行,1泊,石川県外には泊まらない,金沢エリア  （湯涌温泉、深谷温泉、犀川温泉など）,1泊,,,,,,,,,新幹線,0,0,1,0,0,0,0,,0,0,0,0,,,,,2～5回目,その他スポーツ（ゴルフ、テニスなど）,0,0,0,0,0,0,0,0,0,0,0,0,0,1,0,0,0,1,インターネット・アプリ,0,0,0,0,0,0,0,0,0,0,1,0,0,0,0,0,0,0,0,0,0,0,0,0,0,,,,,,"5,000円以上 10,000円未満",,"10,000円以上 20,000円未満",,,,,,,,,,,5,5,,,,,,8,また行きたい（1年以内）,特になし,チサンバジェット金沢駅前,同意する,,,,,,,1972,,,,,,
石川,2024/04/14 17:22:33,千葉県,女,1976,,400万円以上 500万円未満,自分ひとり,1泊,石川県外には泊まらない,金沢エリア  （湯涌温泉、深谷温泉、犀川温泉など）,1泊,,,,,,,,,新幹線,0,0,1,0,0,0,0,,0,0,0,0,,,,,2～5回目,ボランティア,0,0,0,0,0,0,0,0,0,0,0,0,0,0,0,0,0,0,"インターネット・アプリ, Instagram",0,0,0,1,0,0,0,0,0,0,1,0,0,0,0,0,0,0,0,0,0,0,0,0,0,,,,,,"3,000円以上 5,000円未満",,"1,000円未満",,,,,,,,,,,4,3,,綺麗な所,,,,10,また行きたい（1年以内）,ありすぎて迷う 食べ物が美味しい,チサンバジェット金沢駅前,同意する,,ボランティアできているので,,ボランティアできているので,,,1976,,,,,,
石川,2024/04/16 7:31:24,大阪府,男,1963,,800万円以上 900万円未満,自分ひとり,4泊以上,石川県外には泊まらない,金沢エリア  （湯涌温泉、深谷温泉、犀川温泉など）,4泊以上,,,,,,,,,"新幹線, 在来線",0,0,1,1,0,0,0,,0,0,0,0,,,,,2～5回目,出張など仕事関係,0,0,0,0,0,0,0,0,0,0,0,0,0,0,0,0,1,0,"新聞・雑誌・ガイドブック, インターネット・アプリ",0,0,0,0,0,0,0,0,0,0,1,0,0,0,0,0,1,0,0,0,0,0,0,0,0,,,,,,"30,000円以上 40,000円未満",,"5,000円以上 10,000円未満",,,,,,,,,,,4,3,,,,,,5,また行きたい（1年以内）,特になし,チサンバジェット金沢駅前,同意する,,,,,,,1963,,,,,,
石川,2024/04/20 20:11:00,東京都,男,1991,,300万円以上 400万円未満,自分ひとり,3泊,新潟,金沢エリア  （湯涌温泉、深谷温泉、犀川温泉など）,1泊,,,,,,,,,新幹線,0,0,1,0,0,0,0,,0,0,0,0,,,,,初めて,"地元の美味しいものを食べる, まちあるき、都市散策",0,0,1,0,0,0,0,0,0,0,1,0,0,0,0,0,0,0,インターネット・アプリ,0,0,0,0,0,0,0,0,0,0,1,0,0,0,0,0,0,0,0,0,0,0,0,0,0,,,,,,"5,000円以上 10,000円未満",,"3,000円以上 5,000円未満",,,,,,,,,,,4,4,,,,,,6,また行きたい（1年以内）,体験クーポン(3箇所割引クーポンみたいなもの）があるといいが欲しい,チサンバジェット金沢駅前,同意する,,謎屋珈琲店,,,,,1991,,,,,,
石川,2024/04/21 6:31:24,東京都,男,1977,,"1,000万円以上 1,200万円未満",自分ひとり,1泊,石川県外には泊まらない,金沢エリア  （湯涌温泉、深谷温泉、犀川温泉など）,1泊,,,,,,,,,"在来線, 飛行機",0,0,0,1,1,0,0,,0,0,0,0,4,近場に名勝が多い,,,2～5回目,"温泉や露天風呂, 地元の美味しいものを食べる, 買い物、アウトレット, まちあるき、都市散策",0,1,1,0,0,0,1,0,0,0,1,0,0,0,0,0,0,0,"観光パンフレット・ポスター, ブログ",0,0,0,0,0,0,0,0,1,0,0,0,0,0,0,0,0,0,0,0,1,0,0,0,0,,,,,,"10,000円以上 20,000円未満",,"5,000円以上 10,000円未満",,,,,,,,,,,4,4,清潔感がある,温泉があると嬉しい,,,,7,機会があれば行きたい,お魚が美味しい 観光地として魅力的,チサンバジェット金沢駅前,同意する,,,,,,,1977,,,,,,
石川,2024/04/24 9:19:30,北海道,男,1967,,100万円未満,自分ひとり,4泊以上,石川県外には泊まらない,金沢エリア  （湯涌温泉、深谷温泉、犀川温泉など）,4泊以上,,,,,,,,,飛行機,0,0,0,0,1,0,0,,0,0,0,0,3,小松駅での空港連絡バスから在来線への乗り換えがわかりづらい,,,初めて,"名所、旧跡の観光, まちあるき、都市散策",0,0,0,0,1,0,0,0,0,0,1,0,0,0,0,0,0,0,インターネット・アプリ,0,0,0,0,0,0,0,0,0,0,1,0,0,0,0,0,0,0,0,0,0,0,0,0,0,,,,,,"40,000円以上 50,000円未満",,使わない,,,,,,,,,,,5,3,連泊なのに窓が潰れた部屋だったから,連泊なのに窓が潰れた部屋だったから,,,,3,また行きたい（1年以内）,街全体の活気。雑多でごちゃごちゃしたところ。歴史。美術工芸。それらのギャップ。 街全体の活気。理由はなし。,チサンバジェット金沢駅前,同意する,,,,犀川、野町,,,1967,,,,,,
石川,2024/04/25 18:03:11,東京都,女,1957,,400万円以上 500万円未満,自分ひとり,2泊,石川県外には泊まらない,金沢エリア  （湯涌温泉、深谷温泉、犀川温泉など）,2泊,,,,,,,,,在来線,0,0,0,1,0,0,0,,0,0,0,0,5,新幹線がくつろげる,,,2～5回目,出張など仕事関係,0,0,0,0,0,0,0,0,0,0,0,0,0,0,0,0,1,0,友人・知人,0,0,0,0,0,0,0,0,0,0,0,0,0,0,0,0,0,0,1,0,0,0,0,0,0,,,,,,使わない,,使わない,,,,,,,,,,,3,4,シンプルなつくりとシンプルな接客,必要な物は揃っており、駅から近い,,,,8,機会があれば行きたい,特になし 食事は美味しい、駅前にはホテルや飲食、ショッピング　便利,チサンバジェット金沢駅前,同意する,,,,,,,1957,,,,,,
石川,2024/04/26 0:01:20,千葉県,女,1975,,"900万円以上 1,000万円未満",自分ひとり,2泊,福井県,金沢エリア  （湯涌温泉、深谷温泉、犀川温泉など）,1泊,,,,,,,,,"新幹線, 在来線",0,0,1,1,0,0,0,,0,0,0,0,4,特に不便はない,,,初めて,"温泉や露天風呂, 地元の美味しいものを食べる, まちあるき、都市散策",0,1,1,0,0,0,0,0,0,0,1,0,0,0,0,0,0,0,インターネット・アプリ,0,0,0,0,0,0,0,0,0,0,1,0,0,0,0,0,0,0,0,0,0,0,0,0,0,,,,,,"10,000円以上 20,000円未満",,"1,000円以上 3,000円未満",,,,,,,,,,,5,5,,,,,,9,また行きたい（1年以内）,のんびり観光,チサンバジェット金沢駅前,同意する,,,,,,,1975,,,,,,
石川,2024/04/26 0:21:26,東京都,女,1988,,100万円未満,友人,3泊,福井県,金沢エリア  （湯涌温泉、深谷温泉、犀川温泉など）,2泊,,,,,,,,,新幹線,0,0,1,0,0,0,0,,0,0,0,0,,,,,2～5回目,"温泉や露天風呂, 地元の美味しいものを食べる, 名所、旧跡の観光, 買い物、アウトレット, まちあるき、都市散策",0,1,1,0,1,0,1,0,0,0,1,0,0,0,0,0,0,0,"観光パンフレット・ポスター, インターネット・アプリ, Instagram, TikTokも",0,0,0,1,1,0,0,0,0,0,1,0,0,0,0,0,0,0,0,0,1,0,0,0,0,,,,,,"50,000円以上 100,000円未満",,"10,000円以上 20,000円未満",,,,,,,,,,,5,4,必要最低限ではあるが、自ら欲しい物だけをフロント横から持って行ける,新幹線とセットで値段が安いわりに、綺麗で駅からも近いので、荷物を部屋に置いて観光できた。,,,,8,また行きたい（1年以内）,海鮮と雅なイメージの和食とどちらも一度に味わえる和食プレートももっとあれば嬉しいです。加賀パフェのお店をもう少し増やしたり、金沢でも認定パフェを作ったら女性目線で嬉しいです。　 加賀温泉吉祥なかやまさんのおもてなしに感動した。無料サービスが充実していて付加価値が高い。バス路線で大体の名所は網羅できるので、レンタカー等無くとも周りやすい為、免許のない方にも行きやすい,チサンバジェット金沢駅前,同意する,,,,加賀温泉から山中温泉,,,1988,,,,,,
石川,2024/04/26 0:39:32,千葉県,女,1978,,700万円以上 800万円未満,自分ひとり,2泊,石川県外には泊まらない,金沢エリア  （湯涌温泉、深谷温泉、犀川温泉など）,2泊,,,,,,,,,"新幹線, 在来線",0,0,1,1,0,0,0,,0,0,0,0,3,,,,初めて,"温泉や露天風呂, 地元の美味しいものを食べる, 花見や紅葉などの自然鑑賞, 名所、旧跡の観光, まちあるき、都市散策",0,1,1,1,1,0,0,0,0,0,1,0,0,0,0,0,0,0,"インターネット・アプリ, 友人・知人",0,0,0,0,0,0,0,0,0,0,1,0,0,0,0,0,0,0,1,0,0,0,0,0,0,,,,,,"10,000円以上 20,000円未満",,"50,000円以上 100,000円未満",,,,,,,,,,,4,4,,,,,,9,機会があれば行きたい,特になし,チサンバジェット金沢駅前,同意する,,,,,,,1978,,,,,,
石川,2024/04/26 6:41:36,千葉県,女,1974,,"1,000万円以上 1,200万円未満",自分ひとり,1泊,石川県外には泊まらない,金沢エリア  （湯涌温泉、深谷温泉、犀川温泉など）,1泊,,,,,,,,,新幹線,0,0,1,0,0,0,0,,0,0,0,0,5,タクシー親切,,,初めて,地元の美味しいものを食べる,0,0,1,0,0,0,0,0,0,0,0,0,0,0,0,0,0,0,新聞・雑誌・ガイドブック,0,0,0,0,0,0,0,0,0,0,0,0,0,0,0,0,1,0,0,0,0,0,0,0,0,,,,,,"30,000円以上 40,000円未満",,"5,000円以上 10,000円未満",,,,,,,,,,,5,5,親切,親切,,,,10,また行きたい（1年以内）,なし 親切,チサンバジェット金沢駅前,同意する,,,,なし,,,1974,,,,,,
石川,2024/05/01 9:58:00,滋賀県,女,1987,,600万円以上 700万円未満,夫婦2人,4泊以上,新潟県,金沢エリア  （湯涌温泉、深谷温泉、犀川温泉など）,1泊,,,,,,,,,自家用車,1,0,0,0,0,0,0,,0,0,0,0,,,,,初めて,"地元の美味しいものを食べる, まちあるき、都市散策",0,0,1,0,0,0,0,0,0,0,1,0,0,0,0,0,0,0,"X(旧：Twitter), Instagram",0,0,0,1,0,1,0,0,0,0,0,0,0,0,0,0,0,0,0,0,0,0,0,0,0,,,,,,"5,000円以上 10,000円未満",,"1,000円未満",,,,,,,,,,,3,2,コンパクトすぎて荷物の置き場所、椅子など二人で泊まるには足りないものが多かった,値段が安かったので仕方がないかと思う,,,,5,また行きたい（1年以内）,おしゃれでレベルの高いお店が多かった。また行きたいお店もあるし、行けなかったお店にぜひとも行きたいと思う。 行きたいお店が夜やっていなくて、夜の過ごし方に困ったからです。,チサンバジェット金沢駅前,同意する,,町中のカフェなど,,,,,1987,,,,,,
石川,2024/05/01 11:49:33,千葉県,女,1972,,500万円以上 600万円未満,友人,1泊,石川県外には泊まらない,金沢エリア  （湯涌温泉、深谷温泉、犀川温泉など）,1泊,,,,,,,,,新幹線,0,0,1,0,0,0,0,,0,0,0,0,4,特に不可も無かったので,,,初めて,"宿でのんびり過ごす, 温泉や露天風呂, 地元の美味しいものを食べる",1,1,1,0,0,0,0,0,0,0,0,0,0,0,0,0,0,0,友人・知人,0,0,0,0,0,0,0,0,0,0,0,0,0,0,0,0,0,0,1,0,0,0,0,0,0,,,,,,"10,000円以上 20,000円未満",,"10,000円以上 20,000円未満",,,,,,,,,,,5,4,食べ物が美味しい,予想通り,,,,10,また行きたい（1年以内）,美味しい 食事,チサンバジェット金沢駅前,同意する,,,,,,,1972,,,,,,
石川,2024/05/11 18:35:25,長崎県,女,1971,,400万円以上 500万円未満,職場の同僚,2泊,石川県外には泊まらない,金沢エリア  （湯涌温泉、深谷温泉、犀川温泉など）,2泊,,,,,,,,,"新幹線, 飛行機",0,0,1,0,1,0,0,,0,0,0,0,5,駅から近かった,,,初めて,出張など仕事関係,0,0,0,0,0,0,0,0,0,0,0,0,0,0,0,0,1,0,インターネット・アプリ,0,0,0,0,0,0,0,0,0,0,1,0,0,0,0,0,0,0,0,0,0,0,0,0,0,,,,,,"10,000円以上 20,000円未満",,"40,000円以上 50,000円未満",,,,,,,,,,,4,4,対応が親切だった,よかった,,,,6,また行きたい（1年以内）,特になし,チサンバジェット金沢駅前,同意する,,金沢城,,帰宅,,,1971,,,,,,
石川,2024/05/12 10:32:18,長崎県,男,1959,,200万円以上 300万円未満,仕事関係の友人,2泊,石川県外には泊まらない,金沢エリア  （湯涌温泉、深谷温泉、犀川温泉など）,2泊,,,,,,,,,"新幹線, 飛行機",0,0,1,0,1,0,0,,0,0,0,0,,,,,2～5回目,出張など仕事関係,0,0,0,0,0,0,0,0,0,0,0,0,0,0,0,0,1,0,インターネット・アプリ,0,0,0,0,0,0,0,0,0,0,1,0,0,0,0,0,0,0,0,0,0,0,0,0,0,,,,,,"10,000円以上 20,000円未満",,"10,000円以上 20,000円未満",,,,,,,,,,,4,3,浴室が狭い,他の施設と変わらない,,,,5,機会があれば行きたい,特に無い 金沢城は全国の城の中で非常に華麗,チサンバジェット金沢駅前,同意する,,金沢城,,帰宅,,,1959,,,,,,
石川,2024/05/19 13:01:30,東京都,女,1977,,"1,000万円以上 1,200万円未満",友人,2泊,石川県外には泊まらない,金沢エリア  （湯涌温泉、深谷温泉、犀川温泉など）,2泊,,,,,,,,,新幹線,0,0,1,0,0,0,0,,0,0,0,0,,,,,初めて,"地元の美味しいものを食べる, 名所、旧跡の観光, まちあるき、都市散策, 出張など仕事関係",0,0,1,0,1,0,0,0,0,0,1,0,0,0,0,0,1,0,"観光パンフレット・ポスター, インターネット・アプリ, 友人・知人, 観光協会等の案内所",0,0,0,0,0,0,0,0,0,0,1,0,0,0,0,0,0,0,1,0,1,1,0,0,0,,,,,,"40,000円以上 50,000円未満",,"3,000円以上 5,000円未満",,,,,,,,,,,4,4,コンパクトな部屋がとても綺麗でした。,フロントスタッフの接客態度,,,,8,また行きたい（1年以内）,のどぐろがもう少し手軽に食せるとありがたいかと…。 市場や他にも、美味しいモノがたくさんありました。そして、みんな親切でした。,チサンバジェット金沢駅前,同意する,,,,,,,1977,,,,,,
石川,2024/05/25 10:37:41,茨城県,男,1970,,"900万円以上 1,000万円未満",職場の同僚,2泊,石川県外には泊まらない,金沢エリア  （湯涌温泉、深谷温泉、犀川温泉など）,2泊,,,,,,,,,新幹線,0,0,1,0,0,0,0,,0,0,0,0,5,金沢駅周辺は賑わってました。,,,初めて,ボランティア,0,0,0,0,0,0,0,0,0,0,0,0,0,0,0,0,0,0,観光パンフレット・ポスター,0,0,0,0,0,0,0,0,0,0,0,0,0,0,0,0,0,0,0,0,1,0,0,0,0,,,,,,"10,000円以上 20,000円未満",,"10,000円以上 20,000円未満",,,,,,,,,,,5,4,,,,,,10,また行きたい（1年以内）,どこも美味い,チサンバジェット金沢駅前,同意する,,,,,,,1970,,,,,,
石川,2024/05/30 16:19:20,千葉県,男,1994,,700万円以上 800万円未満,自分ひとり,4泊以上,石川県外には泊まらない,金沢エリア  （湯涌温泉、深谷温泉、犀川温泉など）,4泊以上,,,,,,,,,新幹線,0,0,1,0,0,0,0,,0,0,0,0,5,親切,,,初めて,出張など仕事関係,0,0,0,0,0,0,0,0,0,0,0,0,0,0,0,0,1,0,インターネット・アプリ,0,0,0,0,0,0,0,0,0,0,1,0,0,0,0,0,0,0,0,0,0,0,0,0,0,,,,,,"100,000円以上",,"100,000円以上",,,,,,,,,,,3,3,,きれい,,,,6,また行きたい（1年以内）,特に無し 飯,チサンバジェット金沢駅前,同意する,,,,,,,1994,,,,,,
石川,2024/06/01 8:03:19,福井県,男,1970,,700万円以上 800万円未満,恋人,1泊,石川県外には泊まらない,金沢エリア  （湯涌温泉、深谷温泉、犀川温泉など）,1泊,,,,,,,,,自家用車,1,0,0,0,0,0,0,,0,0,0,0,,,,,初めて,"地元の美味しいものを食べる, お祭りやイベントへの参加・見物",0,0,1,0,0,0,0,1,0,0,0,0,0,0,0,0,0,0,インターネット・アプリ,0,0,0,0,0,0,0,0,0,0,1,0,0,0,0,0,0,0,0,0,0,0,0,0,0,,,,,,"5,000円以上 10,000円未満",,"3,000円以上 5,000円未満",,,,,,,,,,,4,3,朝食の値段の割に種類が少ない,ユニットバスが小さい,,,,5,また行きたい（1年以内）,今のままで良い,チサンバジェット金沢駅前,同意する,,,,百万石祭り,,,1970,,,,,,
石川,2024/06/05 19:38:54,北海道,男,1983,,300万円以上 400万円未満,夫婦2人,1泊,神戸、大阪、広島,金沢エリア  （湯涌温泉、深谷温泉、犀川温泉など）,1泊,,,,,,,,,"新幹線, 在来線, 飛行機, 旅行会社ツアーバス",0,0,1,1,1,1,0,,0,0,0,0,5,事故やトラブルなく移動できたら十分です,,,初めて,"地元の美味しいものを食べる, 名所、旧跡の観光, スポーツ観戦や芸術鑑賞（コンサート等）, まちあるき、都市散策",0,0,1,0,1,0,0,0,0,0,1,0,0,0,0,0,0,0,インターネット・アプリ,0,0,0,0,0,0,0,0,0,0,1,0,0,0,0,0,0,0,0,0,0,0,0,0,0,,,,,,"3,000円以上 5,000円未満",,"3,000円以上 5,000円未満",,,,,,,,,,,5,5,部屋も綺麗で接客もよかった,上記と同じ,,,,10,また行きたい（1年以内）,食べ物はどれも美味しいですが、魚介系は流石に高すぎるかなと思う 街のキレイさ。,チサンバジェット金沢駅前,同意する,,片町,,,,,1983,,,,,,
石川,2024/06/05 19:38:54,北海道,女,1990,,200万円以上 300万円未満,夫婦2人,1泊,大阪,金沢エリア  （湯涌温泉、深谷温泉、犀川温泉など）,1泊,,,,,,,,,旅行会社ツアーバス,0,0,0,0,0,1,0,,0,0,0,0,5,あっという間に到着した感覚がありました。,,,初めて,"地元の美味しいものを食べる, 名所、旧跡の観光, まちあるき、都市散策",0,0,1,0,1,0,0,0,0,0,1,0,0,0,0,0,0,0,インターネット・アプリ,0,0,0,0,0,0,0,0,0,0,1,0,0,0,0,0,0,0,0,0,0,0,0,0,0,,,,,,"3,000円以上 5,000円未満",,"3,000円以上 5,000円未満",,,,,,,,,,,5,5,とても居心地の良いホテルでした。スタッフの方の対応も丁寧でした。,駅から近くて便利でした。,,,,10,また行きたい（1年以内）,のどぐろ、白エビなどの新鮮な魚介 父に勧めたいです。食事が美味しくて、観光しやすいからです。,チサンバジェット金沢駅前,同意する,,,,,,,1990,,,,,,
石川,2024/06/08 7:44:36,東京都,男,1971,,"900万円以上 1,000万円未満",自分ひとり,2泊,石川県外には泊まらない,金沢エリア  （湯涌温泉、深谷温泉、犀川温泉など）,2泊,,,,,,,,,新幹線,0,0,1,0,0,0,0,,0,0,0,0,,,,,11回目以上,"温泉や露天風呂, 地元の美味しいものを食べる, 名所、旧跡の観光, 出張など仕事関係",0,1,1,0,1,0,0,0,0,0,0,0,0,0,0,0,1,0,"インターネット・アプリ, Instagram",0,0,0,1,0,0,0,0,0,0,1,0,0,0,0,0,0,0,0,0,0,0,0,0,0,,,,,,"5,000円以上 10,000円未満",,"5,000円以上 10,000円未満",,,,,,,,,,,4,3,タオルが少ない,部屋がきれい,,,,6,また行きたい（1年以内）,年々飲食が「観光地価格」化してるのが気になります 街がきれい,チサンバジェット金沢駅前,同意する,,,,白山神社,,,1971,,,,,,
石川,2024/06/10 0:11:38,石川県,女,1971,,700万円以上 800万円未満,自分ひとり,1泊,石川県外には泊まらない,金沢エリア  （湯涌温泉、深谷温泉、犀川温泉など）,1泊,,,,,,,,,県外から訪れていない（石川県内在住）,0,0,0,0,0,0,0,,0,0,0,0,5,新幹線便利ですね,,,11回目以上,地元の美味しいものを食べる,0,0,1,0,0,0,0,0,0,0,0,0,0,0,0,0,0,0,"新聞・雑誌・ガイドブック, インターネット・アプリ",0,0,0,0,0,0,0,0,0,0,1,0,0,0,0,0,1,0,0,0,0,0,0,0,0,,,,,,"5,000円以上 10,000円未満",,"3,000円以上 5,000円未満",,,,,,,,,,,5,5,北陸応援割りを使えたから,安かった,,,,10,また行きたい（1年以内）,白山市をもっと活用して！札幌市はロープウェイを活用してる獅子吼高原があるじゃないか 金沢駅　綺麗かっこいい,チサンバジェット金沢駅前,同意する,,金沢駅,,金沢駅,,,1971,,,,,,
石川,2024/01/08 21:06:58,岡山県,女,1993,,"1,000万円以上 1,200万円未満",職場の同僚,4泊以上,石川県外には泊まらない,金沢エリア  （湯涌温泉、深谷温泉、犀川温泉など）,4泊以上,,,,,,,,,新幹線,0,0,1,0,0,0,0,,0,0,0,0,4,,,,初めて,出張など仕事関係,0,0,0,0,0,0,0,0,0,0,0,0,0,0,0,0,1,0,他の人が予約してくれた,0,0,0,0,0,0,0,0,0,0,0,0,0,0,0,0,0,0,0,0,0,0,0,0,1,,,,,,"30,000円以上 40,000円未満",,"20,000円以上 30,000円未満",,,,,,,,,,,,5,ドリンクサービスが良いです,清潔で過ごしやすいです,,,,8,また行きたい（1年以内）,美味しいものが多いイメージなのでまたゆっくり観光目的で来たいです,ホテルトレンド金沢駅前,同意する,,石川県庁,,石川県庁,,,1993,,,,,,
石川,2024/01/10 21:44:16,大阪府,男,1994,,800万円以上 900万円未満,友人,1泊,石川県外には泊まらない,金沢エリア  （湯涌温泉、深谷温泉、犀川温泉など）,1泊,,,,,,,,,在来線,0,0,0,1,0,0,0,,0,0,0,0,5,安く行けるため,,,初めて,"地元の美味しいものを食べる, まちあるき、都市散策",0,0,1,0,0,0,0,0,0,0,1,0,0,0,0,0,0,0,"TV・ラジオ番組やCM, インターネット・アプリ, 友人・知人",0,0,0,0,0,0,0,0,0,0,1,0,0,0,1,0,0,0,1,0,0,0,0,0,0,,,,,,"3,000円以上 5,000円未満",,"3,000円以上 5,000円未満",,,,,,,,,,,,5,料金がお手頃,お手頃価格なため,,,,9,また行きたい（1年以内）,特になし 安いため,ホテルトレンド金沢駅前,同意する,,,,,,,1994,,,,,,
石川,2024/01/28 11:57:11,兵庫県,女,1991,,600万円以上 700万円未満,恋人,2泊,石川県外には泊まらない,加賀エリア （山代温泉、山中温泉、片山津温泉、粟津温泉、辰口温泉、加賀市、小松市など）,2泊,,,,,,,,,新幹線,0,0,1,0,0,0,0,,0,0,0,0,5,サンダーバードが広かった,,,初めて,"宿でのんびり過ごす, 温泉や露天風呂, 地元の美味しいものを食べる",1,1,1,0,0,0,0,0,0,0,0,0,0,0,0,0,0,0,インターネット・アプリ,0,0,0,0,0,0,0,0,0,0,1,0,0,0,0,0,0,0,0,0,0,0,0,0,0,,,,,,"10,000円以上 20,000円未満",,"5,000円以上 10,000円未満",,,,,,,,,,,,5,対応がとても良かった,対応がとても良かった,,,,10,また行きたい（1年以内）,とても大満足です ご飯,ホテルトレンド金沢駅前,同意する,,,,,,,1991,,,,,,
石川,2024/01/28 22:26:44,三重県,男,1975,,500万円以上 600万円未満,職場の同僚,4泊以上,石川県外には泊まらない,金沢エリア  （湯涌温泉、深谷温泉、犀川温泉など）,4泊以上,,,,,,,,,自家用車,1,0,0,0,0,0,0,,0,0,0,0,3,公共交通機関で楽に移動したいから,,,初めて,出張など仕事関係,0,0,0,0,0,0,0,0,0,0,0,0,0,0,0,0,1,0,インターネット・アプリ,0,0,0,0,0,0,0,0,0,0,1,0,0,0,0,0,0,0,0,0,0,0,0,0,0,,,,,,"30,000円以上 40,000円未満",,"30,000円以上 40,000円未満",,,,,,,,,,,,3,駅前直近なので仕方ないが、施設の割に値段が割高。,駅前直近なので仕方ないが、施設の割に値段が割高。,,,,8,また行きたい（1年以内）,特になし 食べ物がおいしく、すしべんや、カレー、いしるなど、魅力的なグルメが多い。,ホテルトレンド金沢駅前,同意する,,中能登町,,,,,1975,,,,,,
石川,2024/02/14 10:59:49,愛媛県,女,1973,,300万円以上 400万円未満,職場の同僚,1泊,石川県外には泊まらない,金沢エリア  （湯涌温泉、深谷温泉、犀川温泉など）,1泊,,,,,,,,,"新幹線, 在来線",0,0,1,1,0,0,0,,0,0,0,0,,,,,2～5回目,出張など仕事関係,0,0,0,0,0,0,0,0,0,0,0,0,0,0,0,0,1,0,会社指定,0,0,0,0,0,0,0,0,0,0,0,0,0,0,0,0,0,0,0,0,0,0,0,0,1,,,,,,使わない,,使わない,,,,,,,,,,,,4,朝食がホテル外,洗面所が狭い,,,,5,また行きたい（1年以内）,特になし,ホテルトレンド金沢駅前,同意する,,,,,,,1973,,,,,,
石川,2024/02/23 8:26:09,東京都,男,1966,,"1,000万円以上 1,200万円未満",自分ひとり,4泊以上,石川県外には泊まらない,金沢エリア  （湯涌温泉、深谷温泉、犀川温泉など）,4泊以上,,,,,,,,,新幹線,0,0,1,0,0,0,0,,0,0,0,0,,,,,初めて,出張など仕事関係,0,0,0,0,0,0,0,0,0,0,0,0,0,0,0,0,1,0,インターネット・アプリ,0,0,0,0,0,0,0,0,0,0,1,0,0,0,0,0,0,0,0,0,0,0,0,0,0,,,,,,"50,000円以上 100,000円未満",,"50,000円以上 100,000円未満",,,,,,,,,,,,3,宿泊費が高いです。,部屋は綺麗ですが宿泊費と比べると高く感じました。,,,,7,また行きたい（1年以内）,金沢駅の兼六園と反対側は安くて、美味しそうないさがあり次回の楽しみができました。 石川県は良いところなので応援したいです。,ホテルトレンド金沢駅前,同意する,,,,,,,1966,,,,,,
石川,2024/03/08 18:57:23,石川県,男,1978,,500万円以上 600万円未満,自分ひとり,1泊,石川県外には泊まらない,金沢エリア  （湯涌温泉、深谷温泉、犀川温泉など）,1泊,,,,,,,,,自家用車,1,0,0,0,0,0,0,,0,0,0,0,5,食べ物が美味しい,,,2～5回目,"宿でのんびり過ごす, 地元の美味しいものを食べる, 名所、旧跡の観光",1,0,1,0,1,0,0,0,0,0,0,0,0,0,0,0,0,0,新聞・雑誌・ガイドブック,0,0,0,0,0,0,0,0,0,0,0,0,0,0,0,0,1,0,0,0,0,0,0,0,0,,,,,,"5,000円以上 10,000円未満",,"1,000円未満",,,,,,,,,,,,5,従業員が素晴らしい,,,,,10,また行きたい（1年以内）,特になし 食べ物,ホテルトレンド金沢駅前,同意する,,,,,,,1978,,,,,,
石川,2024/03/11 19:02:50,高知県,女,1981,,600万円以上 700万円未満,職場の同僚,4泊以上,石川県外には泊まらない,能登エリア （和倉温泉、七尾市、輪島市、珠洲市など）,4泊以上,,,,,,,,,レンタカー,0,1,0,0,0,0,0,,0,0,0,0,4,,,,初めて,出張など仕事関係,0,0,0,0,0,0,0,0,0,0,0,0,0,0,0,0,1,0,会社の勧め,0,0,0,0,0,0,0,0,0,0,0,0,0,0,0,0,0,0,0,0,0,0,0,0,1,,,,,,"10,000円以上 20,000円未満",,使わない,,,,,,,,,,,,4,,,,,,7,機会があれば行きたい,特になし 交通が便利,ホテルトレンド金沢駅前,同意する,,,,仕事のため,,,1981,,,,,,
石川,2024/03/02 19:05:56,和歌山県,男,1984,,400万円以上 500万円未満,職場の同僚,4泊以上,石川県外には泊まらない,金沢エリア  （湯涌温泉、深谷温泉、犀川温泉など）,4泊以上,,,,,,,,,自家用車,1,0,0,0,0,0,0,,0,0,0,0,5,食事がおいしい,,,初めて,出張など仕事関係,0,0,0,0,0,0,0,0,0,0,0,0,0,0,0,0,1,0,インターネット・アプリ,0,0,0,0,0,0,0,0,0,0,1,0,0,0,0,0,0,0,0,0,0,0,0,0,0,,,,,,"50,000円以上 100,000円未満",,"30,000円以上 40,000円未満",,,,,,,,,,,,5,接客が丁寧,,,,,10,また行きたい（1年以内）,特になし,アパホテル〈金沢野町〉,同意する,,,,,,,1984,,,,,,
石川,2024/02/01 15:43:08,富山県,女,1981,,100万円以上 200万円未満,自分ひとり,1泊,石川県外には泊まらない,金沢エリア  （湯涌温泉、深谷温泉、犀川温泉など）,1泊,,,,,,,,,高速バス,0,0,0,0,0,0,0,,0,0,0,0,4,わかりやすかったから。,,,初めて,"地元の美味しいものを食べる, 名所、旧跡の観光",0,0,1,0,1,0,0,0,0,0,0,0,0,0,0,0,0,0,インターネット・アプリ,0,0,0,0,0,0,0,0,0,0,1,0,0,0,0,0,0,0,0,0,0,0,0,0,0,,,,,,"3,000円以上 5,000円未満",,"3,000円以上 5,000円未満",,,,,,,,,,,,4,駅チカリーズナブルだから。,素泊まりにちょうど良いから。,,,,9,また行きたい（1年以内）,特になし。 駅が立派なのでそれだけでも金沢っぽくていいなと思う。,Blue Hour Kanazawa,同意する,,,,,,,1981,,,,,,
石川,2024/02/02 21:02:10,北海道,男,1972,,"1,000万円以上 1,200万円未満",友人,1泊,石川県外には泊まらない,金沢エリア  （湯涌温泉、深谷温泉、犀川温泉など）,1泊,,,,,,,,,飛行機,0,0,0,0,1,0,0,,0,0,0,0,,,,,初めて,地元の美味しいものを食べる,0,0,1,0,0,0,0,0,0,0,0,0,0,0,0,0,0,0,観光展・物産展,0,0,0,0,0,0,0,0,0,0,0,0,0,0,0,0,0,0,0,0,0,0,1,0,0,,,,,,"3,000円以上 5,000円未満",,"3,000円以上 5,000円未満",,,,,,,,,,,,3,,,,,,6,機会があれば行きたい,特になし,Blue Hour Kanazawa,同意する,,,,,,,1972,,,,,,
石川,2024/02/28 9:48:15,東京都,男,2003,,100万円未満,自分ひとり,2泊,石川県外には泊まらない,金沢エリア  （湯涌温泉、深谷温泉、犀川温泉など）,1泊,,,,,,,,,"在来線, 飛行機",0,0,0,1,1,0,0,,0,0,0,0,5,大阪駅から乗り換えなしで辿り着けること,,,初めて,"宿でのんびり過ごす, 地元の美味しいものを食べる",1,0,1,0,0,0,0,0,0,0,0,0,0,0,0,0,0,0,インターネット・アプリ,0,0,0,0,0,0,0,0,0,0,1,0,0,0,0,0,0,0,0,0,0,0,0,0,0,,,,,,"1,000円以上 3,000円未満",,"1,000円以上 3,000円未満",,,,,,,,,,,,5,,,,,,10,機会があれば行きたい,特になし,Blue Hour Kanazawa,同意する,,,,,,,2003,,,,,,
石川,2024/03/07 15:20:09,北海道,女,1977,,500万円以上 600万円未満,自分ひとり,2泊,石川県外には泊まらない,金沢エリア  （湯涌温泉、深谷温泉、犀川温泉など）,2泊,,,,,,,,,飛行機,0,0,0,0,1,0,0,,0,0,0,0,3,至って普通,,,2～5回目,出張など仕事関係,0,0,0,0,0,0,0,0,0,0,0,0,0,0,0,0,1,0,インターネット・アプリ,0,0,0,0,0,0,0,0,0,0,1,0,0,0,0,0,0,0,0,0,0,0,0,0,0,,,,,,"5,000円以上 10,000円未満",,使わない,,,,,,,,,,,,3,期待ほどでなかった,期待ほどでなかった,,,,6,機会があれば行きたい,質の高い食べ物 値段の割に質の高い食べ物,Blue Hour Kanazawa,同意する,,国立工芸館,,,,,1977,,,,,,
石川,2024/04/03 10:23:34,兵庫県,男,1978,,200万円以上 300万円未満,自分ひとり,2泊,石川県外には泊まらない,金沢エリア  （湯涌温泉、深谷温泉、犀川温泉など）,2泊,,,,,,,,,"新幹線, 在来線",0,0,1,1,0,0,0,,0,0,0,0,,,,,11回目以上,"宿でのんびり過ごす, まちあるき、都市散策, 出張など仕事関係",1,0,0,0,0,0,0,0,0,0,1,0,0,0,0,0,1,0,"友人・知人, 現地の人の意見",0,0,0,0,0,0,0,0,0,0,0,0,0,0,0,0,0,0,1,0,0,0,0,0,0,,,,,,"5,000円以上 10,000円未満",,"5,000円以上 10,000円未満",,,,,,,,,,,,4,安い。,駅から近い,,,,6,また行きたい（1年以内）,能登の酒蔵巡りが気軽にできればなぁ。 観光地価格になってきた。旅行者が増えてオーバツーリズムに向かっていると思う。（外人さんのマナーの悪さ）,Blue Hour Kanazawa,同意する,,直接宿泊施設に行った,,居酒屋,,,1978,,,,,,
石川,2024/04/07 23:45:29,千葉県,男,1969,,300万円以上 400万円未満,自分ひとり,3泊,大阪,金沢エリア  （湯涌温泉、深谷温泉、犀川温泉など）,1泊,,,,,,,,,新幹線,0,0,1,0,0,0,0,,0,0,0,0,5,小回りが利くため,,,初めて,"名所、旧跡の観光, まちあるき、都市散策",0,0,0,0,1,0,0,0,0,0,1,0,0,0,0,0,0,0,以前来た事がある,0,0,0,0,0,0,0,0,0,0,0,0,0,0,0,0,0,0,0,0,0,0,0,0,1,,,,,,"1,000円以上 3,000円未満",,使わない,,,,,,,,,,,4,4,狭いため,フリードリンクがある,,,,9,また行きたい（1年以内）,金沢おでんがあまり口に合わなかった… 魚介類が嫌いな人間には、魚だらけの食事はきついです。 金沢城の夜桜,Blue Hour Kanazawa,同意する,,,,輪島,,,1969,,,,,,
石川,2024/04/19 9:10:15,東京都,男,1967,,800万円以上 900万円未満,自分ひとり,2泊,石川県外には泊まらない,金沢エリア  （湯涌温泉、深谷温泉、犀川温泉など）,2泊,,,,,,,,,"新幹線, 飛行機",0,0,1,0,1,0,0,,0,0,0,0,4,,,,初めて,"地元の美味しいものを食べる, まちあるき、都市散策, 友人・親戚を訪ねる",0,0,1,0,0,0,0,0,0,0,1,0,0,0,0,0,0,0,インターネット・アプリ,0,0,0,0,0,0,0,0,0,0,1,0,0,0,0,0,0,0,0,0,0,0,0,0,0,,,,,,"10,000円以上 20,000円未満",,"3,000円以上 5,000円未満",,,,,,,,,,,4,4,コストパフォーマンスが良い。,リーズナブル,,,,8,機会があれば行きたい,海鮮，居酒屋、お酒 食事,Blue Hour Kanazawa,同意する,,駅から宿へ直行した,,,,,1967,,,,,,
石川,2024/04/28 23:46:39,埼玉県,男,1985,,500万円以上 600万円未満,自分ひとり,1泊,新潟県,金沢エリア  （湯涌温泉、深谷温泉、犀川温泉など）,1泊,,,,,,,,,新幹線,0,0,1,0,0,0,0,,0,0,0,0,,,,,初めて,スポーツ観戦や芸術鑑賞（コンサート等）,0,0,0,0,0,0,0,0,0,0,0,0,0,0,0,0,0,0,"観光パンフレット・ポスター, インターネット・アプリ",0,0,0,0,0,0,0,0,0,0,1,0,0,0,0,0,0,0,0,0,1,0,0,0,0,,,,,,"1,000円以上 3,000円未満",,"1,000円以上 3,000円未満",,,,,,,,,,,5,5,安くて駅に近い,,,,,10,機会があれば行きたい,サイクリング,Blue Hour Kanazawa,同意する,,,,,,,1985,,,,,,
石川,2024/04/29 7:57:36,兵庫県,女,1990,,200万円以上 300万円未満,自分ひとり,1泊,石川県外には泊まらない,金沢エリア  （湯涌温泉、深谷温泉、犀川温泉など）,1泊,,,,,,,,,在来線,0,0,0,1,0,0,0,,0,0,0,0,4,,,,2～5回目,地元の美味しいものを食べる,0,0,1,0,0,0,0,0,0,0,0,0,0,0,0,0,0,0,観光パンフレット・ポスター,0,0,0,0,0,0,0,0,0,0,0,0,0,0,0,0,0,0,0,0,1,0,0,0,0,,,,,,"3,000円以上 5,000円未満",,"3,000円以上 5,000円未満",,,,,,,,,,,4,5,,,,,,7,機会があれば行きたい,市内外へのアクセス,Blue Hour Kanazawa,同意する,,,,,,,1990,,,,,,
石川,2024/05/02 16:10:29,東京都,女,1980,,400万円以上 500万円未満,友人,4泊以上,京都,金沢エリア  （湯涌温泉、深谷温泉、犀川温泉など）,1泊,,,,,,,,,新幹線,0,0,1,0,0,0,0,,0,0,0,0,5,サイクルの充実さ,,,初めて,"地元の美味しいものを食べる, 名所、旧跡の観光",0,0,1,0,1,0,0,0,0,0,0,0,0,0,0,0,0,0,インターネット・アプリ,0,0,0,0,0,0,0,0,0,0,1,0,0,0,0,0,0,0,0,0,0,0,0,0,0,,,,,,"3,000円以上 5,000円未満",,使わない,,,,,,,,,,,5,5,安価,エレベーターがない,,,,6,また行きたい（1年以内）,21世紀美術館の復活を期待します 妙立寺。ガイド案内が良い。,Blue Hour Kanazawa,同意する,,,,,,,1980,,,,,,
石川,2024/05/09 19:01:46,東京都,女,1995,,400万円以上 500万円未満,自分ひとり,3泊,石川県外には泊まらない,金沢エリア  （湯涌温泉、深谷温泉、犀川温泉など）,3泊,,,,,,,,,新幹線,0,0,1,0,0,0,0,,0,0,0,0,,,,,2～5回目,出張など仕事関係,0,0,0,0,0,0,0,0,0,0,0,0,0,0,0,0,1,0,Instagram,0,0,0,1,0,0,0,0,0,0,0,0,0,0,0,0,0,0,0,0,0,0,0,0,0,,,,,,"30,000円以上 40,000円未満",,"3,000円以上 5,000円未満",,,,,,,,,,,5,4,,,,,,8,また行きたい（1年以内）,寿司や能登牛、九谷焼などです。,Blue Hour Kanazawa,同意する,,,,,,,1995,,,,,,
石川,2024/04/01 7:31:08,東京都,女,1961,,100万円未満,自分ひとり,3泊,石川県外には泊まらない,金沢エリア  （湯涌温泉、深谷温泉、犀川温泉など）,3泊,,,,,,,,,新幹線,0,0,1,0,0,0,0,,0,0,0,0,,,,,初めて,ボランティア,0,0,0,0,0,0,0,0,0,0,0,0,0,0,0,0,0,0,"インターネット・アプリ, 友人・知人, ",0,0,0,0,0,0,0,0,0,0,1,0,0,0,0,0,0,0,1,0,0,0,0,0,0,,,,,,"5,000円以上 10,000円未満",,使わない,,,,,,,,,,,,4,清潔,清潔である。アメニティが揃っている。洗濯機がある。,,,,8,機会があれば行きたい,特になし 安い。駅から近い。清潔である。,Good Neighbors,同意する,,金石,,,,,1961,,,,,,
石川,2024/04/22 8:19:51,長野県,女,1996,,200万円以上 300万円未満,友人,2泊,石川県外には泊まらない,金沢エリア  （湯涌温泉、深谷温泉、犀川温泉など）,2泊,,,,,,,,,新幹線,0,0,1,0,0,0,0,,0,0,0,0,4,ICカードが使えない所があった、ため、,,,2～5回目,地元の美味しいものを食べる,0,0,1,0,0,0,0,0,0,0,0,0,0,0,0,0,0,0,"観光連盟やDMOのHP, インターネット・アプリ",0,0,0,0,0,0,0,0,0,0,1,0,0,0,0,0,0,0,0,0,0,0,0,1,0,,,,,,"5,000円以上 10,000円未満",,"3,000円以上 5,000円未満",,,,,,,,,,,4,5,お値段以上。,布団がふかふかとても良い。また、シャワー24時間は最高。まったり過ごせる。,,,,10,また行きたい（1年以内）,特になし。 休憩スペースが沢山あるので、少し空いた時間の調整に使いやすかった。,Good Neighbors,同意する,,,,かほく市のお寿司屋さん。,,,1996,,,,,,
石川,2024/05/15 2:12:24,北海道,女,1991,,200万円以上 300万円未満,自分ひとり,4泊以上,岐阜県,金沢エリア  （湯涌温泉、深谷温泉、犀川温泉など）,2泊,,,,,,,,,"飛行機, 旅行会社ツアーバス",0,0,0,0,1,1,0,,0,0,0,0,4,,,,初めて,"宿でのんびり過ごす, 地元の美味しいものを食べる, アウトドア（海水浴、釣り、登山など）, まちあるき、都市散策",1,0,1,0,0,0,0,0,0,1,1,0,0,0,0,0,0,0,"インターネット・アプリ, X(旧：Twitter), Instagram, Facebook, ブログ",1,0,0,1,0,1,0,0,1,0,1,0,0,0,0,0,0,0,0,0,0,0,0,0,0,,,,,,"5,000円以上 10,000円未満",,"5,000円以上 10,000円未満",,,,,,,,,,,4,4,,,,,,8,機会があれば行きたい,ナイス 市民が冷たい,Good Neighbors,同意する,,ショッピングセンター,,,,,1991,,,,,,
石川,2024/01/14 23:33:58,沖縄県,女,1994,,100万円未満,友人,4泊以上,No,金沢エリア  （湯涌温泉、深谷温泉、犀川温泉など）,4泊以上,,,,,,,,,新幹線,0,0,1,0,0,0,0,,0,0,0,0,4,,,,初めて,"宿でのんびり過ごす, 地元の美味しいものを食べる, 友人・親戚を訪ねる",1,0,1,0,0,0,0,0,0,0,0,0,0,0,0,0,0,0,友人・知人,0,0,0,0,0,0,0,0,0,0,0,0,0,0,0,0,0,0,1,0,0,0,0,0,0,,,,,,"10,000円以上 20,000円未満",,"50,000円以上 100,000円未満",,,,,,,,,,,,5,,,,,,10,機会があれば行きたい,I Love 石川,SAKON UKON,同意する,,,,,,,1994,,,,,,
石川,2024/01/06 9:38:25,京都府,女,1987,,200万円以上 300万円未満,自分ひとり,2泊,石川県外には泊まらない,金沢エリア  （湯涌温泉、深谷温泉、犀川温泉など）,2泊,,,,,,,,,在来線,0,0,0,1,0,0,0,,0,0,0,0,4,,,,11回目以上,"温泉や露天風呂, 地元の美味しいものを食べる, 名所、旧跡の観光, まちあるき、都市散策",0,1,1,0,1,0,0,0,0,0,1,0,0,0,0,0,0,0,"友人・知人, 観光協会等の案内所",0,0,0,0,0,0,0,0,0,0,0,0,0,0,0,0,0,0,1,0,0,1,0,0,0,,,,,,"3,000円以上 5,000円未満",,使わない,,,,,,,,,,,,5,,,,,,8,また行きたい（1年以内）,特になし,トリフィートホテル&ポッド金沢百万石通,同意する,,,,,,,1987,,,,,,
石川,2024/01/08 6:48:01,東京都,男,1985,,300万円以上 400万円未満,友人,2泊,石川県外には泊まらない,金沢エリア  （湯涌温泉、深谷温泉、犀川温泉など）,2泊,,,,,,,,,在来線,0,0,0,1,0,0,0,,0,0,0,0,4,,,,2～5回目,"地元の美味しいものを食べる, ラブライブ！作品の聖地巡礼",0,0,1,0,0,0,0,0,0,0,0,0,0,0,0,0,0,0,"インターネット・アプリ, X(旧：Twitter), 友人・知人",0,0,0,0,0,1,0,0,0,0,1,0,0,0,0,0,0,0,1,0,0,0,0,0,0,,,,,,"5,000円以上 10,000円未満",,"5,000円以上 10,000円未満",,,,,,,,,,,,4,,,,,,9,また行きたい（1年以内）,地元の名産を食べるのが目的,トリフィートホテル&ポッド金沢百万石通,同意する,,,,,,,1985,,,,,,
石川,2024/01/09 11:23:54,山梨県,男,1989,,300万円以上 400万円未満,自分ひとり,4泊以上,愛知県、新潟県,金沢エリア  （湯涌温泉、深谷温泉、犀川温泉など）,2泊,,,,,,,,,在来線,0,0,0,1,0,0,0,,0,0,0,0,3,まあまあ本数があるので,,,11回目以上,"地元の美味しいものを食べる, テーマパーク（遊園地、動物園、博物館など）, まちあるき、都市散策, 友人・親戚を訪ねる, 震災支援観光",0,0,1,0,0,1,0,0,0,0,1,0,0,0,0,0,0,0,"X(旧：Twitter), 友人・知人, 観光協会等の案内所, タクシードライバーや地元の人, 元金沢工業大学生",0,0,0,0,0,1,0,0,0,0,0,0,0,0,0,0,0,0,1,1,0,1,0,0,0,,,,,,"3,000円以上 5,000円未満",,"1,000円未満",,,,,,,,,,,,4,安くて綺麗でアクセス良し,安くて綺麗でアクセス良し,,,,10,また行きたい（1年以内）,今回青春18きっぷを使って来たが、北陸新幹線が開業してしまうと、敦賀〜金沢がJRでは無くなってしまう為に、来づらくなってしまう。関東在住だが既に富山側の在来線が第三セクターになっている為に、青春18きっぷ旅が出来ず辛い。例えばJRの青春18きっぷシーズンのみ、旧北陸本線の在来線が安く乗り放題出来る切符が出てくれると有り難い。宿泊税について。宿代を先払いしているのにチェックイン時に別に200円を徴収されるのが面倒。払うのは構わないが宿代に込にしてもらいたい。バスの1日乗車券が便利だが認知度は低いと思う。もっと宣伝をするべき。百万石まつりに毎回行ってます。楽しいのでもっと県外に宣伝をするべき。あと以前の様な撮影禁止が無いように。 手取フィッシュランド。震災支援観光。,トリフィートホテル&ポッド金沢百万石通,同意する,,手取フィッシュランド,,,,,1989,,,,,,
石川,2024/01/24 11:49:47,東京都,男,1961,,300万円以上 400万円未満,自分ひとり,4泊以上,"福井県,、さらに大宮折り返しで、宮城まで行く。",金沢エリア  （湯涌温泉、深谷温泉、犀川温泉など）,1泊,,,,,,,,,在来線,0,0,0,1,0,0,0,,0,0,0,0,,,,,6～10回目,地元の美味しいものを食べる,0,0,1,0,0,0,0,0,0,0,0,0,0,0,0,0,0,0,"新聞・雑誌・ガイドブック, Instagram, Facebook, 友人・知人",1,0,0,1,0,0,0,0,0,0,0,0,0,0,0,0,1,0,1,0,0,0,0,0,0,,,,,,"3,000円以上 5,000円未満",,"3,000円以上 5,000円未満",,,,,,,,,,,,4,安くてきれい。対応が簡易。,サウナもある。,,,,8,また行きたい（1年以内）,今度はいい九谷焼を買いたい。 サウナがある。,トリフィートホテル&ポッド金沢百万石通,同意する,,,,片町、宇宙軒食堂。,,,1961,,,,,,
石川,2024/01/28 9:59:57,富山県,男,1966,,600万円以上 700万円未満,職場の同僚,1泊,石川県外には泊まらない,金沢エリア  （湯涌温泉、深谷温泉、犀川温泉など）,1泊,,,,,,,,,自家用車,1,0,0,0,0,0,0,,0,0,0,0,,,,,初めて,地元の美味しいものを食べる,0,0,1,0,0,0,0,0,0,0,0,0,0,0,0,0,0,0,"インターネット・アプリ, 友人・知人",0,0,0,0,0,0,0,0,0,0,1,0,0,0,0,0,0,0,1,0,0,0,0,0,0,,,,,,"5,000円以上 10,000円未満",,"3,000円以上 5,000円未満",,,,,,,,,,,,1,空調が悪いので,,,,,7,機会があれば行きたい,市場の商品が、もっと安くなればいい。地元住民の台所になれば。,トリフィートホテル&ポッド金沢百万石通,同意する,,片町,,,,,1966,,,,,,
石川,2024/01/31 15:55:26,大阪府,男,1961,,500万円以上 600万円未満,夫婦2人,1泊,石川県外には泊まらない,金沢エリア  （湯涌温泉、深谷温泉、犀川温泉など）,1泊,,,,,,,,,在来線,0,0,0,1,0,0,0,,0,0,0,0,4,計画的に動ける,,,6～10回目,名所、旧跡の観光,0,0,0,0,1,0,0,0,0,0,0,0,0,0,0,0,0,0,"新聞・雑誌・ガイドブック, 観光パンフレット・ポスター, インターネット・アプリ",0,0,0,0,0,0,0,0,0,0,1,0,0,0,0,0,1,0,0,0,1,0,0,0,0,,,,,,"10,000円以上 20,000円未満",,"50,000円以上 100,000円未満",,,,,,,,,,,,4,当地グルメと土産,安い,,,,8,また行きたい（1年以内）,特になし 安い,トリフィートホテル&ポッド金沢百万石通,同意する,,,,,,,1961,,,,,,
石川,2024/02/08 21:22:01,東京都,男,1972,,"1,200万円以上 1,500万円未満",自分ひとり,4泊以上,石川県外には泊まらない,加賀エリア （山代温泉、山中温泉、片山津温泉、粟津温泉、辰口温泉、加賀市、小松市など）,4泊以上,,,,,,,,,"レンタカー, 新幹線",0,1,1,0,0,0,0,,0,0,0,0,2,バスでスイカが使えない,,,6～10回目,出張など仕事関係,0,0,0,0,0,0,0,0,0,0,0,0,0,0,0,0,1,0,インターネット・アプリ,0,0,0,0,0,0,0,0,0,0,1,0,0,0,0,0,0,0,0,0,0,0,0,0,0,,,,,,"10,000円以上 20,000円未満",,"5,000円以上 10,000円未満",,,,,,,,,,,,3,観光客一杯なので、,観光客一杯なので大変そうです,,,,10,また行きたい（1年以内）,キャンプ 是非、飲みに来たいです,トリフィートホテル&ポッド金沢百万石通,同意する,,小松駅,,金沢駅,,,1972,,,,,,
石川,2024/02/10 21:40:01,東京都,女,1983,,100万円未満,自分ひとり,2泊,石川県外には泊まらない,金沢エリア  （湯涌温泉、深谷温泉、犀川温泉など）,2泊,,,,,,,,,新幹線,0,0,1,0,0,0,0,,0,0,0,0,4,コミュニティバスのような100円バスがあり、到着時は雨が降っていたが宿泊場所近くまで問題なく移動できた。,,,初めて,被災地でのボランティア,0,0,0,0,0,0,0,0,0,0,0,0,0,0,0,0,0,0,予約サイト,0,0,0,0,0,0,0,0,0,0,0,0,0,0,0,0,0,0,0,0,0,0,0,0,1,,,,,,"5,000円以上 10,000円未満",,"10,000円以上 20,000円未満",,,,,,,,,,,,3,カプセルホテル形式でもスペースはゆったりしている。一方で、個室(カプセル)に鍵がかけられない、コモンルームの雰囲気が暗い、館内の英語での説明が不十分であることなど、改善して欲しい点は多いため,,,,,7,また行きたい（1年以内）,民芸品を作っている工房を訪れたり制作体験を行うこと、有名ではないけれど趣のある路地散策 新鮮な海鮮類,トリフィートホテル&ポッド金沢百万石通,同意する,,,,能登半島,,,1983,,,,,,
石川,2024/02/11 9:11:47,富山県,男,1968,,500万円以上 600万円未満,夫婦2人,1泊,石川県外には泊まらない,金沢エリア  （湯涌温泉、深谷温泉、犀川温泉など）,1泊,,,,,,,,,自家用車,1,0,0,0,0,0,0,,0,0,0,0,,,,,初めて,地元の美味しいものを食べる,0,0,1,0,0,0,0,0,0,0,0,0,0,0,0,0,0,0,インターネット・アプリ,0,0,0,0,0,0,0,0,0,0,1,0,0,0,0,0,0,0,0,0,0,0,0,0,0,,,,,,"5,000円以上 10,000円未満",,"5,000円以上 10,000円未満",,,,,,,,,,,,4,お手頃。,清潔。,,,,7,また行きたい（1年以内）,さすが百万石。 魅力ある街。,トリフィートホテル&ポッド金沢百万石通,同意する,,,,,,,1968,,,,,,
石川,2024/02/15 6:08:45,兵庫県,男,1962,,700万円以上 800万円未満,自分ひとり,1泊,石川県外には泊まらない,金沢エリア  （湯涌温泉、深谷温泉、犀川温泉など）,1泊,,,,,,,,,在来線,0,0,0,1,0,0,0,,0,0,0,0,2,ICカードが使えない,,,初めて,出張など仕事関係,0,0,0,0,0,0,0,0,0,0,0,0,0,0,0,0,1,0,インターネット・アプリ,0,0,0,0,0,0,0,0,0,0,1,0,0,0,0,0,0,0,0,0,0,0,0,0,0,,,,,,"5,000円以上 10,000円未満",,"5,000円以上 10,000円未満",,,,,,,,,,,,4,リーズナブル,リーズナブル,,,,7,また行きたい（1年以内）,食事,トリフィートホテル&ポッド金沢百万石通,同意する,,,,,,,1962,,,,,,
石川,2024/02/17 22:33:27,愛知県,男,1995,,300万円以上 400万円未満,職場の同僚,4泊以上,石川県外には泊まらない,金沢エリア  （湯涌温泉、深谷温泉、犀川温泉など）,4泊以上,,,,,,,,,レンタカー,0,1,0,0,0,0,0,,0,0,0,0,5,車を停めるところがたくさんあったから,,,初めて,出張など仕事関係,0,0,0,0,0,0,0,0,0,0,0,0,0,0,0,0,1,0,インターネット・アプリ,0,0,0,0,0,0,0,0,0,0,1,0,0,0,0,0,0,0,0,0,0,0,0,0,0,,,,,,"5,000円以上 10,000円未満",,"20,000円以上 30,000円未満",,,,,,,,,,,,5,ご飯が美味しい,値段も料理もいい,,,,9,また行きたい（1年以内）,特にない ご飯が美味しいから,トリフィートホテル&ポッド金沢百万石通,同意する,,仕事の関係,,仕事なので,,,1995,,,,,,
石川,2024/02/23 17:36:30,三重県,女,1970,,300万円以上 400万円未満,友人,1泊,石川県外には泊まらない,金沢エリア  （湯涌温泉、深谷温泉、犀川温泉など）,1泊,,,,,,,,,在来線,0,0,0,1,0,0,0,,0,0,0,0,4,サンダーバードはまずまず良かった,,,初めて,"地元の美味しいものを食べる, 名所、旧跡の観光",0,0,1,0,1,0,0,0,0,0,0,0,0,0,0,0,0,0,"インターネット・アプリ, 友人・知人",0,0,0,0,0,0,0,0,0,0,1,0,0,0,0,0,0,0,1,0,0,0,0,0,0,,,,,,"3,000円以上 5,000円未満",,"3,000円以上 5,000円未満",,,,,,,,,,,,5,清潔、リーズナブル,清潔,,,,9,また行きたい（1年以内）,伝統　文化 観光しがいがある,トリフィートホテル&ポッド金沢百万石通,同意する,,,,,,,1970,,,,,,
石川,2024/02/24 8:58:59,大阪府,男,1969,,600万円以上 700万円未満,友人,1泊,石川県外には泊まらない,金沢エリア  （湯涌温泉、深谷温泉、犀川温泉など）,1泊,,,,,,,,,飛行機,0,0,0,0,1,0,0,,0,0,0,0,,,,,2～5回目,"宿でのんびり過ごす, 地元の美味しいものを食べる, 名所、旧跡の観光",1,0,1,0,1,0,0,0,0,0,0,0,0,0,0,0,0,0,"インターネット・アプリ, 友人・知人",0,0,0,0,0,0,0,0,0,0,1,0,0,0,0,0,0,0,1,0,0,0,0,0,0,,,,,,"5,000円以上 10,000円未満",,"5,000円以上 10,000円未満",,,,,,,,,,,,5,,,,,,10,また行きたい（1年以内）,特になし,トリフィートホテル&ポッド金沢百万石通,同意する,,,,,,,1969,,,,,,
石川,2024/03/03 6:13:27,京都府,男,1964,,"1,000万円以上 1,200万円未満",夫婦2人,1泊,石川県外には泊まらない,金沢エリア  （湯涌温泉、深谷温泉、犀川温泉など）,1泊,,,,,,,,,自家用車,1,0,0,0,0,0,0,,0,0,0,0,,,,,2～5回目,宿でのんびり過ごす,1,0,0,0,0,0,0,0,0,0,0,0,0,0,0,0,0,0,インターネット・アプリ,0,0,0,0,0,0,0,0,0,0,1,0,0,0,0,0,0,0,0,0,0,0,0,0,0,,,,,,"1,000円以上 3,000円未満",,"10,000円以上 20,000円未満",,,,,,,,,,,,4,ホテルマンの親切さ,清潔感と立地条件が、良い,,,,6,機会があれば行きたい,特に無し 食べ物が、良い,トリフィートホテル&ポッド金沢百万石通,同意する,,,,,,,1964,,,,,,
石川,2024/03/03 11:06:37,東京都,女,1969,,800万円以上 900万円未満,自分ひとり,2泊,石川県外には泊まらない,金沢エリア  （湯涌温泉、深谷温泉、犀川温泉など）,2泊,,,,,,,,,新幹線,0,0,1,0,0,0,0,,0,0,0,0,3,夜９時以降の金沢駅～香林坊までのバスなどが無いので、タクシーに乗ることになってしまう,,,2～5回目,"地元の美味しいものを食べる, 買い物、アウトレット, スポーツ観戦や芸術鑑賞（コンサート等）, まちあるき、都市散策",0,0,1,0,0,0,1,0,0,0,1,0,0,0,0,0,0,0,"観光パンフレット・ポスター, 観光協会等の案内所, タクシードライバーや地元の人",0,0,0,0,0,0,0,0,0,0,0,0,0,0,0,0,0,0,0,1,1,1,0,0,0,,,,,,"5,000円以上 10,000円未満",,"3,000円以上 5,000円未満",,,,,,,,,,,,4,大浴場もあり、せキュリーもしっかりしていて、寝具なども清潔感があった,,,,,10,また行きたい（1年以内）,海外からの観光客が増えると行きたい店やどこに行っても混んでてマナーが悪い方も多くなり、せっかくの旅行が台無しになるので、海外の観光客に分かりやすいようなマナーなど周知してほしい 食べ物は美味しいし、街の雰囲気もいい,トリフィートホテル&ポッド金沢百万石通,同意する,,,,,,,1969,,,,,,
石川,2024/03/05 11:02:39,東京都,女,1998,,"1,500万円以上",自分ひとり,1泊,福井県,金沢エリア  （湯涌温泉、深谷温泉、犀川温泉など）,2泊,,,,,,,,,新幹線,0,0,1,0,0,0,0,,0,0,0,0,5,こちらのホテルはとてもクリーンで空調もよく満足しています,,,11回目以上,地元の美味しいものを食べる,0,0,1,0,0,0,0,0,0,0,0,0,0,0,0,0,0,0,新聞・雑誌・ガイドブック,0,0,0,0,0,0,0,0,0,0,0,0,0,0,0,0,1,0,0,0,0,0,0,0,0,,,,,,"10,000円以上 20,000円未満",,"50,000円以上 100,000円未満",,,,,,,,,,,,5,,,,,,10,また行きたい（1年以内）,なし,トリフィートホテル&ポッド金沢百万石通,同意する,,,,,,,1998,,,,,,
石川,2024/03/09 22:52:08,愛知県,男,1990,,500万円以上 600万円未満,自分ひとり,2泊,福井県,金沢エリア  （湯涌温泉、深谷温泉、犀川温泉など）,1泊,,,,,,,,,在来線,0,0,0,1,0,0,0,,0,0,0,0,4,今回の旅行の目的であるサンダーバードとしらさぎ号に乗れて満足です。,,,2～5回目,"地元の美味しいものを食べる, 買い物、アウトレット, 北陸本線の乗り納め",0,0,1,0,0,0,1,0,0,0,0,0,0,0,0,0,0,0,"観光パンフレット・ポスター, インターネット・アプリ, X(旧：Twitter)",0,0,0,0,0,1,0,0,0,0,1,0,0,0,0,0,0,0,0,0,1,0,0,0,0,,,,,,"5,000円以上 10,000円未満",,"5,000円以上 10,000円未満",,,,,,,,,,,,4,清潔感があり交通の便も良いので,清潔感があるので,,,,7,また行きたい（1年以内）,お菓子などは県外生産の物もちらほら見受けられるので、もっと地元で生産されたお土産の選択肢が増えるといいと思います。 夕飯の選択肢の多さ,トリフィートホテル&ポッド金沢百万石通,同意する,,,,,,,1990,,,,,,
石川,2024/03/12 3:36:32,熊本県,男,1974,,"1,000万円以上 1,200万円未満",自分ひとり,4泊以上,富山県,金沢エリア  （湯涌温泉、深谷温泉、犀川温泉など）,3泊,,,,,,,,,"在来線, 飛行機",0,0,0,1,1,0,0,,0,0,0,0,4,駅から歩けないほどの距離ではなかったので,,,2～5回目,"地元の美味しいものを食べる, 名所、旧跡の観光, テーマパーク（遊園地、動物園、博物館など）, アウトドア（海水浴、釣り、登山など）",0,0,1,0,1,1,0,0,0,1,0,0,0,0,0,0,0,0,インターネット・アプリ,0,0,0,0,0,0,0,0,0,0,1,0,0,0,0,0,0,0,0,0,0,0,0,0,0,,,,,,"30,000円以上 40,000円未満",,"10,000円以上 20,000円未満",,,,,,,,,,,,4,必要十分のアメニティでしたので,必要十分のアメニティでしたので,,,,5,どちらともいえない,九谷焼関係は公共交通機関でのアクセス困難と思います。この辺の横の動線になりうるバスがもう少しあれば、と思いました 街に行ってみたいお店が多いことでしょうか,トリフィートホテル&ポッド金沢百万石通,同意する,,県外よりそのままチェックインした為,,,,,1974,,,,,,
石川,2024/03/14 11:39:19,千葉県,男,1959,,300万円以上 400万円未満,自分ひとり,4泊以上,石川県外には泊まらない,能登エリア （和倉温泉、七尾市、輪島市、珠洲市など）,4泊以上,,,,,,,,,夜行バス,0,0,0,0,0,0,0,,0,0,0,0,3,座席幅狭いこと,,,初めて,災害ボランティアの為,0,0,0,0,0,0,0,0,0,0,0,0,0,0,0,0,0,0,インターネット・アプリ,0,0,0,0,0,0,0,0,0,0,1,0,0,0,0,0,0,0,0,0,0,0,0,0,0,,,,,,"20,000円以上 30,000円未満",,"1,000円未満",,,,,,,,,,,,5,低価格の割にフロントの水準が高い。,設備全般の水準が高い,,,,10,また行きたい（1年以内）,酒魚が旨い。 駅から少し離れているが、雰囲気が良い。,トリフィートホテル&ポッド金沢百万石通,同意する,,県のボランティアバスで奥能登ベースキャンプから金沢駅に着いて直接やって来た。,,駅からボランティアバスに乗るため。,,,1959,,,,,,
石川,2024/03/17 23:34:35,長野県,男,1994,,100万円未満,自分ひとり,2泊,福井県,金沢エリア  （湯涌温泉、深谷温泉、犀川温泉など）,1泊,,,,,,,,,新幹線,0,0,1,0,0,0,0,,0,0,0,0,5,,,,初めて,"地元の美味しいものを食べる, 名所、旧跡の観光",0,0,1,0,1,0,0,0,0,0,0,0,0,0,0,0,0,0,インターネット・アプリ,0,0,0,0,0,0,0,0,0,0,1,0,0,0,0,0,0,0,0,0,0,0,0,0,0,,,,,,"10,000円以上 20,000円未満",,"3,000円以上 5,000円未満",,,,,,,,,,,,5,,,,,,10,また行きたい（1年以内）,特になし。着いたばかりで、明日から観光をするので 鼓門のライトアップが良かった,トリフィートホテル&ポッド金沢百万石通,同意する,,,,,,,1994,,,,,,
石川,2024/03/22 10:57:07,石川県,男,1963,,500万円以上 600万円未満,友人,1泊,石川県外には泊まらない,金沢エリア  （湯涌温泉、深谷温泉、犀川温泉など）,1泊,,,,,,,,,自家用車,1,0,0,0,0,0,0,,0,0,0,0,4,バスがたくさんある,,,初めて,地元の美味しいものを食べる,0,0,1,0,0,0,0,0,0,0,0,0,0,0,0,0,0,0,インターネット・アプリ,0,0,0,0,0,0,0,0,0,0,1,0,0,0,0,0,0,0,0,0,0,0,0,0,0,,,,,,"5,000円以上 10,000円未満",,"5,000円以上 10,000円未満",,,,,,,,,,,,4,親切丁寧,綺麗で清潔感がある,,,,10,また行きたい（1年以内）,海鮮が美味しかった いろんな観光ができる,トリフィートホテル&ポッド金沢百万石通,同意する,,,,,,,1963,,,,,,
石川,2024/03/24 9:45:25,熊本県,女,1986,,"1,200万円以上 1,500万円未満",自分ひとり,2泊,石川県外には泊まらない,金沢エリア  （湯涌温泉、深谷温泉、犀川温泉など）,2泊,,,,,,,,,"在来線, 飛行機",0,0,0,1,1,0,0,,0,0,0,0,5,歩いても行ける距離だがバス停が目の前で利便性が高い,,,2～5回目,"地元の美味しいものを食べる, 買い物、アウトレット, まちあるき、都市散策",0,0,1,0,0,0,1,0,0,0,1,0,0,0,0,0,0,0,"インターネット・アプリ, Instagram, Facebook",1,0,0,1,0,0,0,0,0,0,1,0,0,0,0,0,0,0,0,0,0,0,0,0,0,,,,,,"10,000円以上 20,000円未満",,"10,000円以上 20,000円未満",,,,,,,,,,,,5,清掃が行き届いており、清潔感があった,スタッフも親切な方で、とても気持ちよく会話できた,,,,10,機会があれば行きたい,土産は沢山の種類があり目移りする。充分かと 食べ物も美味しくコンパクトにまとまった観光が可能,トリフィートホテル&ポッド金沢百万石通,同意する,,美しく見応えがあった,,,,,1986,,,,,,
石川,2024/03/24 12:16:17,長野県,女,1978,,300万円以上 400万円未満,自分ひとり,2泊,富山県,金沢エリア  （湯涌温泉、深谷温泉、犀川温泉など）,1泊,,,,,,,,,新幹線,0,0,1,0,0,0,0,,0,0,0,0,4,土日100円のバスはありがたかった,,,2～5回目,"まちあるき、都市散策, 珠洲に支援にいく中継地として",0,0,0,0,0,0,0,0,0,0,1,0,0,0,0,0,0,0,インターネット・アプリ,0,0,0,0,0,0,0,0,0,0,1,0,0,0,0,0,0,0,0,0,0,0,0,0,0,,,,,,"3,000円以上 5,000円未満",,"3,000円以上 5,000円未満",,,,,,,,,,,,4,サウナがある,,,,,10,また行きたい（1年以内）,喫茶店,トリフィートホテル&ポッド金沢百万石通,同意する,,香林坊,,,,,1978,,,,,,
石川,2024/03/30 11:14:08,神奈川県,男,1968,,"1,500万円以上",家族4人,1泊,石川県外には泊まらない,金沢エリア  （湯涌温泉、深谷温泉、犀川温泉など）,1泊,,,,,,,,,自家用車,1,0,0,0,0,0,0,,0,0,0,0,4,観光地がコンパクト,,,2～5回目,"温泉や露天風呂, 地元の美味しいものを食べる, 花見や紅葉などの自然鑑賞, 名所、旧跡の観光, 買い物、アウトレット",0,1,1,1,1,0,1,0,0,0,0,0,0,0,0,0,0,0,"観光展・物産展, 新聞・雑誌・ガイドブック, TV・ラジオ番組やCM, 観光パンフレット・ポスター, インターネット・アプリ",0,0,0,0,0,0,0,0,0,0,1,0,0,0,1,0,1,0,0,0,1,0,1,0,0,,,,,,"10,000円以上 20,000円未満",,"10,000円以上 20,000円未満",,,,,,,,,,,,5,綺麗,犬OK,,,,10,また行きたい（1年以内）,スイカが使えるように,トリフィートホテル&ポッド金沢百万石通,同意する,,,,,,,1968,,,,,,
石川,2024/03/30 11:17:37,神奈川県,女,2004,,"1,000万円以上 1,200万円未満",親,1泊,石川県外には泊まらない,金沢エリア  （湯涌温泉、深谷温泉、犀川温泉など）,1泊,,,,,,,,,自家用車,1,0,0,0,0,0,0,,0,0,0,0,,,,,初めて,"地元の美味しいものを食べる, 花見や紅葉などの自然鑑賞, 名所、旧跡の観光, まちあるき、都市散策, ドライブ・ツーリング",0,0,1,1,1,0,0,0,0,0,1,0,0,0,1,0,0,0,インターネット・アプリ,0,0,0,0,0,0,0,0,0,0,1,0,0,0,0,0,0,0,0,0,0,0,0,0,0,,,,,,"3,000円以上 5,000円未満",,"3,000円以上 5,000円未満",,,,,,,,,,,,4,,,,,,8,また行きたい（1年以内）,鮮度の高い海鮮が魅力です。弥助寿司という森本駅近くの個人店がとても美味しかったです。,トリフィートホテル&ポッド金沢百万石通,同意する,,,,,,,2004,,,,,,
石川,2024/03/30 13:02:50,神奈川県,女,1975,,"1,200万円以上 1,500万円未満",家族4人,1泊,石川県外には泊まらない,金沢エリア  （湯涌温泉、深谷温泉、犀川温泉など）,1泊,,,,,,,,,自家用車,1,0,0,0,0,0,0,,0,0,0,0,,,,,2～5回目,"地元の美味しいものを食べる, 名所、旧跡の観光, 復興支援",0,0,1,0,1,0,0,0,0,0,0,0,0,0,0,0,0,0,"インターネット・アプリ, Instagram",0,0,0,1,0,0,0,0,0,0,1,0,0,0,0,0,0,0,0,0,0,0,0,0,0,,,,,,"20,000円以上 30,000円未満",,"20,000円以上 30,000円未満",,,,,,,,,,,,5,愛犬と家族でゆっくり過ごせた,,,,,10,また行きたい（1年以内）,海鮮、おでん、能登牛、地酒など堪能したい。街並みがとてもキレイなので是非また訪れたい,トリフィートホテル&ポッド金沢百万石通,同意する,,,,,,,1975,,,,,,
石川,2024/03/30 23:38:59,北海道,男,1973,,"1,500万円以上",家族4人　夫婦　大学生　高校生,3泊,石川県外には泊まらない,金沢エリア  （湯涌温泉、深谷温泉、犀川温泉など）,3泊,,,,,,,,,飛行機,0,0,0,0,1,0,0,,0,0,0,0,4,,,,初めて,息子の進学引越し,0,0,0,0,0,0,0,0,0,0,0,0,0,0,0,0,0,0,"新聞・雑誌・ガイドブック, インターネット・アプリ",0,0,0,0,0,0,0,0,0,0,1,0,0,0,0,0,1,0,0,0,0,0,0,0,0,,,,,,"50,000円以上 100,000円未満",,"1,000円以上 3,000円未満",,,,,,,,,,,,5,綺麗で部屋が広い。お風呂が清潔。,新しくて綺麗,,,,10,また行きたい（1年以内）,こんかをお土産に買いたい 食事も美味しく、見どころが沢山ある,トリフィートホテル&ポッド金沢百万石通,同意する,,,,,,,1973,,,,,,
石川,2024/04/01 11:57:40,神奈川県,男,1968,,"1,500万円以上",大学生・高校生計4人,1泊,石川県外には泊まらない,金沢エリア  （湯涌温泉、深谷温泉、犀川温泉など）,1泊,,,,,,,,,自家用車,1,0,0,0,0,0,0,,0,0,0,0,,,,,初めて,"地元の美味しいものを食べる, 花見や紅葉などの自然鑑賞, 名所、旧跡の観光, 買い物、アウトレット",0,0,1,1,1,0,1,0,0,0,0,0,0,0,0,0,0,0,"観光展・物産展, 新聞・雑誌・ガイドブック, 観光パンフレット・ポスター, 観光協会等の案内所",0,0,0,0,0,0,0,0,0,0,0,0,0,0,0,0,1,0,0,0,1,1,1,0,0,,,,,,"10,000円以上 20,000円未満",,"5,000円以上 10,000円未満",,,,,,,,,,,,5,奇麗だった,犬OKがいい,,,,10,また行きたい（1年以内）,自転車の設置場所が、よく分からず結局使えなかった。提携駐車場が欲しい 犬もOKで、きれいだったので,トリフィートホテル&ポッド金沢百万石通,同意する,,,,,,,1968,,,,,,
石川,2024/04/03 23:31:39,長崎県,女,1966,,700万円以上 800万円未満,自分ひとり,2泊,石川県外には泊まらない,金沢エリア  （湯涌温泉、深谷温泉、犀川温泉など）,2泊,,,,,,,,,新幹線,0,0,1,0,0,0,0,,0,0,0,0,3,路線バスがわからず、現金払いだったので。,,,2～5回目,地元の美味しいものを食べる,0,0,1,0,0,0,0,0,0,0,0,0,0,0,0,0,0,0,インターネット・アプリ,0,0,0,0,0,0,0,0,0,0,1,0,0,0,0,0,0,0,0,0,0,0,0,0,0,,,,,,"10,000円以上 20,000円未満",,"10,000円以上 20,000円未満",,,,,,,,,,,,4,,,,,,8,また行きたい（1年以内）,特になし,トリフィートホテル&ポッド金沢百万石通,同意する,,,,,,,1966,,,,,,
石川,2024/04/05 16:18:44,東京都,女,1982,,800万円以上 900万円未満,自分ひとり,2泊,富山県,金沢エリア  （湯涌温泉、深谷温泉、犀川温泉など）,1泊,,,,,,,,,"新幹線, 在来線",0,0,1,1,0,0,0,,0,0,0,0,4,利用時のわかりやすさ、バスの頻度、バス停の位置、運転手さんの丁寧さ、suicaがつかえれば完璧です！,,,2～5回目,"地元の美味しいものを食べる, 花見や紅葉などの自然鑑賞, 名所、旧跡の観光, 買い物、アウトレット, まちあるき、都市散策",0,0,1,1,1,0,1,0,0,0,1,0,0,0,0,0,0,0,インターネット・アプリ,0,0,0,0,0,0,0,0,0,0,1,0,0,0,0,0,0,0,0,0,0,0,0,0,0,,,,,,"5,000円以上 10,000円未満",,"5,000円以上 10,000円未満",,,,,,,,,,,5,5,大浴場もありながら良心的な値段。また使いたい,観光地への場所、交通アクセスが大変よい。施設もとてもきれい。,,,,8,また行きたい（1年以内）,能登牛をテイクアウトなどで気軽に食べられる場所があれば利用してみたい。本格的な食事だと、他のものが食べられなくなるため。 桜の時期の金沢は格別。街中にきれいな休憩場所がたくさんあり、お散歩が楽しかった。お魚もおいしい。,トリフィートホテル&ポッド金沢百万石通,同意する,,,,チェックアウト後預けていた荷物を受け取って金沢駅から帰宅,,,1982,,,,,,
石川,2024/04/09 21:51:16,兵庫県,男,1989,,"900万円以上 1,000万円未満",自分ひとり,2泊,新潟県,金沢エリア  （湯涌温泉、深谷温泉、犀川温泉など）,1泊,,,,,,,,,在来線,0,0,0,1,0,0,0,,0,0,0,0,5,ポートも多く便利,,,2～5回目,"花見や紅葉などの自然鑑賞, 蓮ノ空女学院スクールアイドルクラブの聖地巡礼",0,0,0,1,0,0,0,0,0,0,0,0,0,0,0,0,0,0,インターネット・アプリ,0,0,0,0,0,0,0,0,0,0,1,0,0,0,0,0,0,0,0,0,0,0,0,0,0,,,,,,"1,000円以上 3,000円未満",,"1,000円以上 3,000円未満",,,,,,,,,,,5,5,安価,,,,,10,また行きたい（1年以内）,湯涌方面にもサイクルポートがほしい　加賀温泉から金沢市内の宿への手荷物回送サービスがあれば回遊しやすい,トリフィートホテル&ポッド金沢百万石通,同意する,,,,,,,1989,,,,,,
石川,2024/04/10 8:01:10,福井県,女,2002,,400万円以上 500万円未満,職場の同僚,1泊,福井県,金沢エリア  （湯涌温泉、深谷温泉、犀川温泉など）,1泊,,,,,,,,,新幹線,0,0,1,0,0,0,0,,0,0,0,0,2,とても混んでいたから,,,初めて,出張など仕事関係,0,0,0,0,0,0,0,0,0,0,0,0,0,0,0,0,1,0,インターネット・アプリ,0,0,0,0,0,0,0,0,0,0,1,0,0,0,0,0,0,0,0,0,0,0,0,0,0,,,,,,"5,000円以上 10,000円未満",,"3,000円以上 5,000円未満",,,,,,,,,,,3,5,,,,,,8,また行きたい（1年以内）,特になし,トリフィートホテル&ポッド金沢百万石通,同意する,,,,,,,2002,,,,,,
石川,2024/04/10 18:16:38,群馬県,男,1964,,600万円以上 700万円未満,自分ひとり,2泊,石川県外には泊まらない,金沢エリア  （湯涌温泉、深谷温泉、犀川温泉など）,2泊,,,,,,,,,高速バス,0,0,0,0,0,0,0,,0,0,0,0,,,,,初めて,災害ボランティア,0,0,0,0,0,0,0,0,0,0,0,0,0,0,0,0,0,0,インターネット・アプリ,0,0,0,0,0,0,0,0,0,0,1,0,0,0,0,0,0,0,0,0,0,0,0,0,0,,,,,,"3,000円以上 5,000円未満",,"3,000円以上 5,000円未満",,,,,,,,,,,4,4,,,,,,10,機会があれば行きたい,特になし,トリフィートホテル&ポッド金沢百万石通,同意する,,,,,,,1964,,,,,,
石川,2024/04/12 7:31:08,福井県,男,1972,,800万円以上 900万円未満,自分ひとり,1泊,石川県外には泊まらない,金沢エリア  （湯涌温泉、深谷温泉、犀川温泉など）,1泊,,,,,,,,,自家用車,1,0,0,0,0,0,0,,0,0,0,0,,,,,初めて,出張など仕事関係,0,0,0,0,0,0,0,0,0,0,0,0,0,0,0,0,1,0,じゃらん,0,0,0,0,0,0,0,0,0,0,0,0,0,0,0,0,0,0,0,0,0,0,0,0,1,,,,,,"5,000円以上 10,000円未満",,"5,000円以上 10,000円未満",,,,,,,,,,,4,4,格安だったのと綺麗だったため,特に無し,,,,8,また行きたい（1年以内）,海鮮,トリフィートホテル&ポッド金沢百万石通,同意する,,石川県庁,,珠洲市に行くため,,,1972,,,,,,
石川,2024/04/12 21:22:10,神奈川県,女,1982,,700万円以上 800万円未満,自分ひとり,1泊,石川県外には泊まらない,金沢エリア  （湯涌温泉、深谷温泉、犀川温泉など）,1泊,,,,,,,,,新幹線,0,0,1,0,0,0,0,,0,0,0,0,,,,,初めて,"地元の美味しいものを食べる, 名所、旧跡の観光",0,0,1,0,1,0,0,0,0,0,0,0,0,0,0,0,0,0,インターネット・アプリ,0,0,0,0,0,0,0,0,0,0,1,0,0,0,0,0,0,0,0,0,0,0,0,0,0,,,,,,"5,000円以上 10,000円未満",,"1,000円未満",,,,,,,,,,,4,4,,立地が良い、安い、清潔感ある、大浴場ある,,,,7,機会があれば行きたい,色々楽しめるパス的なものがあるとうれしい 美味しいものがたくさんあるので、グルメを楽しんで欲しい,トリフィートホテル&ポッド金沢百万石通,同意する,,,,,,,1982,,,,,,
石川,2024/04/18 12:18:48,石川県,女,1969,,400万円以上 500万円未満,自分ひとり,1泊,石川県外には泊まらない,金沢エリア  （湯涌温泉、深谷温泉、犀川温泉など）,1泊,,,,,,,,,自家用車,1,0,0,0,0,0,0,,0,0,0,0,,,,,2～5回目,出張など仕事関係,0,0,0,0,0,0,0,0,0,0,0,0,0,0,0,0,1,0,インターネット・アプリ,0,0,0,0,0,0,0,0,0,0,1,0,0,0,0,0,0,0,0,0,0,0,0,0,0,,,,,,"20,000円以上 30,000円未満",,"1,000円未満",,,,,,,,,,,5,5,,,,,,10,また行きたい（1年以内）,食べる温泉重視,トリフィートホテル&ポッド金沢百万石通,同意する,,,,,,,1969,,,,,,
石川,2024/04/20 6:06:13,愛知県,男,1960,,700万円以上 800万円未満,友人,2泊,新潟,金沢エリア  （湯涌温泉、深谷温泉、犀川温泉など）,1泊,,,,,,,,,自家用車,1,0,0,0,0,0,0,,0,0,0,0,,,,,初めて,宿でのんびり過ごす,1,0,0,0,0,0,0,0,0,0,0,0,0,0,0,0,0,0,インターネット・アプリ,0,0,0,0,0,0,0,0,0,0,1,0,0,0,0,0,0,0,0,0,0,0,0,0,0,,,,,,"1,000円以上 3,000円未満",,"1,000円以上 3,000円未満",,,,,,,,,,,5,5,受付の方がとても親切,内装が綺麗で衛生,,,,9,また行きたい（1年以内）,堅豆腐、なめこ 親戚が石川県にいるので、石川県のすべての良さを伝えてあげたい,トリフィートホテル&ポッド金沢百万石通,同意する,,,,,,,1960,,,,,,
石川,2024/04/21 2:46:54,栃木県,男,1969,,"900万円以上 1,000万円未満",友人,1泊,石川県外には泊まらない,金沢エリア  （湯涌温泉、深谷温泉、犀川温泉など）,1泊,,,,,,,,,新幹線,0,0,1,0,0,0,0,,0,0,0,0,,,,,2～5回目,"地元の美味しいものを食べる, まちあるき、都市散策",0,0,1,0,0,0,0,0,0,0,1,0,0,0,0,0,0,0,"インターネット・アプリ, 友人・知人",0,0,0,0,0,0,0,0,0,0,1,0,0,0,0,0,0,0,1,0,0,0,0,0,0,,,,,,"5,000円以上 10,000円未満",,"1,000円以上 3,000円未満",,,,,,,,,,,5,4,客層が良く、迷惑だと感じることがなかった,リーズナブルでリラックスできる,,,,9,また行きたい（1年以内）,特になし 街全体が建築美を意識しているように感じ、散策が楽しい。,トリフィートホテル&ポッド金沢百万石通,同意する,,,,,,,1969,,,,,,
石川,2024/04/27 15:57:32,茨城県,男,1969,,"1,200万円以上 1,500万円未満",自分ひとり,2泊,石川県外には泊まらない,金沢エリア  （湯涌温泉、深谷温泉、犀川温泉など）,2泊,,,,,,,,,新幹線,0,0,1,0,0,0,0,,0,0,0,0,,,,,初めて,"地元の美味しいものを食べる, まちあるき、都市散策",0,0,1,0,0,0,0,0,0,0,1,0,0,0,0,0,0,0,インターネット・アプリ,0,0,0,0,0,0,0,0,0,0,1,0,0,0,0,0,0,0,0,0,0,0,0,0,0,,,,,,"5,000円以上 10,000円未満",,"10,000円以上 20,000円未満",,,,,,,,,,,4,4,,,,,,7,また行きたい（1年以内）,特になし,トリフィートホテル&ポッド金沢百万石通,同意する,,,,,,,1969,,,,,,
石川,2024/04/29 15:41:07,東京都,男,1991,,500万円以上 600万円未満,自分ひとり,2泊,福井県,金沢エリア  （湯涌温泉、深谷温泉、犀川温泉など）,1泊,,,,,,,,,新幹線,0,0,1,0,0,0,0,,0,0,0,0,,,,,2～5回目,"地元の美味しいものを食べる, 花見や紅葉などの自然鑑賞, 名所、旧跡の観光, まちあるき、都市散策",0,0,1,1,1,0,0,0,0,0,1,0,0,0,0,0,0,0,"新聞・雑誌・ガイドブック, 観光パンフレット・ポスター, インターネット・アプリ, 友人・知人",0,0,0,0,0,0,0,0,0,0,1,0,0,0,0,0,1,0,1,0,1,0,0,0,0,,,,,,"30,000円以上 40,000円未満",,"5,000円以上 10,000円未満",,,,,,,,,,,5,5,,,,,,8,機会があれば行きたい,特になし,トリフィートホテル&ポッド金沢百万石通,同意する,,,,,,,1991,,,,,,
石川,2024/05/07 18:20:21,大阪府,女,1975,,400万円以上 500万円未満,中学生以下連れの家族,2泊,石川県外には泊まらない,加賀エリア （山代温泉、山中温泉、片山津温泉、粟津温泉、辰口温泉、加賀市、小松市など）,1泊,,,,,,,,,自家用車,1,0,0,0,0,0,0,,0,0,0,0,4,家族旅行では車が便利。犬もいっしょなので。,,,2～5回目,"温泉や露天風呂, 地元の美味しいものを食べる, 名所、旧跡の観光, まちあるき、都市散策, 各種体験（手作り、果物狩りなど）",0,1,1,0,1,0,0,0,0,0,1,1,0,0,0,0,0,0,"新聞・雑誌・ガイドブック, インターネット・アプリ",0,0,0,0,0,0,0,0,0,0,1,0,0,0,0,0,1,0,0,0,0,0,0,0,0,,,,,,"5,000円以上 10,000円未満",,"1,000円以上 3,000円未満",,,,,,,,,,,5,5,全てが揃っていて立地がいい,サービスがいい,,,,10,また行きたい（1年以内）,地場の特産物や工芸 街並み　観光コンテンツ,トリフィートホテル&ポッド金沢百万石通,同意する,,犬が泊まれるホテル,,,,,1975,,,,,,
石川,2024/05/23 15:56:22,東京都,男,2000,,400万円以上 500万円未満,自分ひとり,2泊,石川県外には泊まらない,金沢エリア  （湯涌温泉、深谷温泉、犀川温泉など）,2泊,,,,,,,,,"新幹線, 高速バス",0,0,1,0,0,0,0,,0,0,0,0,,,,,初めて,"宿でのんびり過ごす, 温泉や露天風呂, 地元の美味しいものを食べる, まちあるき、都市散策, 各種体験（手作り、果物狩りなど）",1,1,1,0,0,0,0,0,0,0,1,1,0,0,0,0,0,0,インターネット・アプリ,0,0,0,0,0,0,0,0,0,0,1,0,0,0,0,0,0,0,0,0,0,0,0,0,0,,,,,,"10,000円以上 20,000円未満",,使わない,,,,,,,,,,,5,4,,支払い方法等の案内が分かりづらい,,,,4,また行きたい（1年以内）,景観や雰囲気(もてなし),トリフィートホテル&ポッド金沢百万石通,同意する,,,,,,,2000,,,,,,
石川,2024/05/25 9:32:46,千葉県,男,2002,,"1,000万円以上 1,200万円未満",恋人,1泊,石川県外には泊まらない,金沢エリア  （湯涌温泉、深谷温泉、犀川温泉など）,1泊,,,,,,,,,夜行バス,0,0,0,0,0,0,0,,0,0,0,0,,,,,初めて,"宿でのんびり過ごす, 温泉や露天風呂, 地元の美味しいものを食べる, 花見や紅葉などの自然鑑賞, 名所、旧跡の観光",1,1,1,1,1,0,0,0,0,0,0,0,0,0,0,0,0,0,インターネット・アプリ,0,0,0,0,0,0,0,0,0,0,1,0,0,0,0,0,0,0,0,0,0,0,0,0,0,,,,,,"5,000円以上 10,000円未満",,"1,000円未満",,,,,,,,,,,4,4,ゆっくり出来たから,ゆっくり出来たから,,,,8,機会があれば行きたい,特になし 色々な観光スポットがあるから,トリフィートホテル&ポッド金沢百万石通,同意する,,,,,,,2002,,,,,,
石川,2024/04/26 22:53:24,東京都,女,2001,,500万円以上 600万円未満,友人,1泊,石川県外には泊まらない,金沢エリア  （湯涌温泉、深谷温泉、犀川温泉など）,1泊,,,,,,,,,夜行バス,0,0,0,0,0,0,0,,0,0,0,0,2,予約した3列独立夜行バスが4列に変わった,,,2～5回目,"地元の美味しいものを食べる, 花見や紅葉などの自然鑑賞, 名所、旧跡の観光",0,0,1,1,1,0,0,0,0,0,0,0,0,0,0,0,0,0,"Instagram, 友人・知人",0,0,0,1,0,0,0,0,0,0,0,0,0,0,0,0,0,0,1,0,0,0,0,0,0,,,,,,"10,000円以上 20,000円未満",,"1,000円以上 3,000円未満",,,,,,,,,,,5,4,,部屋の中に洗面台があるとより便利、壁紙が少し汚かった,,,,7,機会があれば行きたい,特になし 観光地が割と全て近い距離にある為、移動に交通費もあまりかからず、複数の観光地を街並みを楽しみながら歩いて回ることもできるため,BENJAMIN HOTEL,同意する,,,,,,,2001,,,,,,
石川,2024/01/14 0:18:13,東京都,女,1984,,600万円以上 700万円未満,親,1泊,石川県外には泊まらない,金沢エリア  （湯涌温泉、深谷温泉、犀川温泉など）,1泊,,,,,,,,,新幹線,0,0,1,0,0,0,0,,0,0,0,0,,,,,11回目以上,"地元の美味しいものを食べる, 名所、旧跡の観光, 買い物、アウトレット",0,0,1,0,1,0,1,0,0,0,0,0,0,0,0,0,0,0,"インターネット・アプリ, X(旧：Twitter)",0,0,0,0,0,1,0,0,0,0,1,0,0,0,0,0,0,0,0,0,0,0,0,0,0,,,,,,"5,000円以上 10,000円未満",,使わない,,,,,,,,,,,,5,金沢に訪れる際はいつも利用しており、期待以上の丁寧なサービスを受けることができている。朝食が素晴らしい。,,,,,10,また行きたい（1年以内）,飲食が特に素晴らしいと感じている。現在大変な状況であるが、これからも頑張ってほしい。また、土産では色々な人に漆器をより身近に感じられるようにしてほしい。 食事が美味しいこと。観光施設がコンパクトにまとまっており目的と旅程を設定しやすいこと,金沢東急ホテル,同意する,,,,,,,1984,,,,,,
石川,2024/01/26 16:44:58,東京都,無回答,2000,,700万円以上 800万円未満,友人,3泊,大阪府,金沢エリア  （湯涌温泉、深谷温泉、犀川温泉など）,1泊,,,,,,,,,在来線,0,0,0,1,0,0,0,,0,0,0,0,3,,,,2～5回目,地元の美味しいものを食べる,0,0,1,0,0,0,0,0,0,0,0,0,0,0,0,0,0,0,"インターネット・アプリ, Instagram, 友人・知人",0,0,0,1,0,0,0,0,0,0,1,0,0,0,0,0,0,0,1,0,0,0,0,0,0,,,,,,"10,000円以上 20,000円未満",,"5,000円以上 10,000円未満",,,,,,,,,,,,5,,,,,,7,また行きたい（1年以内）,地震後に来たので、能登地方に関連したものを、これから加賀地方でも関われたらいいなと思いました。,金沢東急ホテル,同意する,,,,,,,2000,,,,,,
石川,2024/01/27 9:32:19,岐阜県,女,1957,,400万円以上 500万円未満,夫婦2人,1泊,石川県外には泊まらない,金沢エリア  （湯涌温泉、深谷温泉、犀川温泉など）,1泊,,,,,,,,,在来線,0,0,0,1,0,0,0,,0,0,0,0,4,スムーズな移動だったので。雪の心配もなかった。,,,2～5回目,"地元の美味しいものを食べる, まちあるき、都市散策",0,0,1,0,0,0,0,0,0,0,1,0,0,0,0,0,0,0,"インターネット・アプリ, 友人・知人",0,0,0,0,0,0,0,0,0,0,1,0,0,0,0,0,0,0,1,0,0,0,0,0,0,,,,,,"10,000円以上 20,000円未満",,"20,000円以上 30,000円未満",,,,,,,,,,,,5,ゆつたしている、朝食が美味しい。,ゆっくりすごせる。立地が良い。,,,,8,また行きたい（1年以内）,海鮮、和菓子が美味しい。 遠くにいる友人。,金沢東急ホテル,同意する,,,,西茶屋街,,,1957,,,,,,
石川,2024/03/03 10:51:01,石川県,男,1988,,"900万円以上 1,000万円未満",中学生以下連れの家族,1泊,石川県外には泊まらない,加賀エリア （山代温泉、山中温泉、片山津温泉、粟津温泉、辰口温泉、加賀市、小松市など）,1泊,,,,,,,,,県外から訪れていない（石川県内在住）,0,0,0,0,0,0,0,,0,0,0,0,5,,,,2～5回目,"宿でのんびり過ごす, 温泉や露天風呂, 地元の美味しいものを食べる, アウトドア（海水浴、釣り、登山など）, スキー・スノボ・マリンスポーツ",1,1,1,0,0,0,0,0,0,1,0,0,0,0,0,0,0,0,"観光展・物産展, インターネット・アプリ, X(旧：Twitter), Instagram, Facebook",1,0,0,1,0,1,0,0,0,0,1,0,0,0,0,0,0,0,0,0,0,0,1,0,0,,,,,,"10,000円以上 20,000円未満",,"5,000円以上 10,000円未満",,,,,,,,,,,,5,,,,,,10,また行きたい（1年以内）,特になし,金沢東急ホテル,同意する,,,,,,,1988,,,,,,
石川,2024/03/12 17:43:00,兵庫県,女,1994,,700万円以上 800万円未満,取引先,1泊,石川県外には泊まらない,金沢エリア  （湯涌温泉、深谷温泉、犀川温泉など）,1泊,,,,,,,,,新幹線,0,0,1,0,0,0,0,,0,0,0,0,5,タクシーも多く、早い,,,初めて,"地元の美味しいものを食べる, まちあるき、都市散策",0,0,1,0,0,0,0,0,0,0,1,0,0,0,0,0,0,0,友人・知人,0,0,0,0,0,0,0,0,0,0,0,0,0,0,0,0,0,0,1,0,0,0,0,0,0,,,,,,"20,000円以上 30,000円未満",,"10,000円以上 20,000円未満",,,,,,,,,,,,5,綺麗、おもてなしがいい,ひのきの香りや、金箔のしつらえ,,,,10,また行きたい（1年以内）,温泉と地酒と地魚が最高です,金沢東急ホテル,同意する,,,,,,,1994,,,,,,
石川,2024/03/29 11:30:51,石川県,男,1971,,200万円以上 300万円未満,夫婦2人,日帰り,石川県外には泊まらない,石川県内には宿泊しない,石川県内には宿泊しない,,,,,,,,,自家用車,1,0,0,0,0,0,0,,0,0,0,0,,,,,初めて,"地元の美味しいものを食べる, 買い物、アウトレット, まちあるき、都市散策",0,0,1,0,0,0,1,0,0,0,1,0,0,0,0,0,0,0,"観光展・物産展, 新聞・雑誌・ガイドブック, 観光パンフレット・ポスター",0,0,0,0,0,0,0,0,0,0,0,0,0,0,0,0,1,0,0,0,1,0,1,0,0,,,,,,使わない,,使わない,,,,,,,,,,,,5,,,,,,10,石川県在住,特になし,金沢東急ホテル,同意する,,,,,,,1971,,,,,,
石川,2024/03/29 22:49:05,茨城県,その他,2002,,100万円以上 200万円未満,友人,2泊,富山県,金沢エリア  （湯涌温泉、深谷温泉、犀川温泉など）,2泊,,,,,,,,,新幹線,0,0,1,0,0,0,0,,0,0,0,0,5,,,,初めて,"宿でのんびり過ごす, 地元の美味しいものを食べる",1,0,1,0,0,0,0,0,0,0,0,0,0,0,0,0,0,0,X(旧：Twitter),0,0,0,0,0,1,0,0,0,0,0,0,0,0,0,0,0,0,0,0,0,0,0,0,0,,,,,,"10,000円以上 20,000円未満",,"30,000円以上 40,000円未満",,,,,,,,,,,,2,,,,,,4,どちらともいえない,さっぷ,金沢東急ホテル,同意する,,,,,,,2002,,,,,,
石川,2024/04/10 22:14:10,東京都,女,1973,,"1,000万円以上 1,200万円未満",夫婦2人,2泊,石川県外には泊まらない,金沢エリア  （湯涌温泉、深谷温泉、犀川温泉など）,2泊,,,,,,,,,飛行機,0,0,0,0,1,0,0,,0,0,0,0,5,利便性が良かった,,,6～10回目,"宿でのんびり過ごす, 花見や紅葉などの自然鑑賞",1,0,0,1,0,0,0,0,0,0,0,0,0,0,0,0,0,0,"新聞・雑誌・ガイドブック, インターネット・アプリ",0,0,0,0,0,0,0,0,0,0,1,0,0,0,0,0,1,0,0,0,0,0,0,0,0,,,,,,"40,000円以上 50,000円未満",,"20,000円以上 30,000円未満",,,,,,,,,,,5,5,お部屋とサービスが快適,繁華街にあり便利,,,,10,また行きたい（1年以内）,地元素材を活かした食事 観光が充実、物価がお値打ちで贅沢な飲食ができる。人が優しい。,金沢東急ホテル,同意する,,,,,,,1973,,,,,,
石川,2024/04/10 22:16:41,神奈川県,男,1968,,"1,500万円以上",恋人,2泊,石川県外には泊まらない,金沢エリア  （湯涌温泉、深谷温泉、犀川温泉など）,2泊,,,,,,,,,飛行機,0,0,0,0,1,0,0,,0,0,0,0,5,バスの本数が多く、路線も充実して便利でした,,,初めて,"地元の美味しいものを食べる, 花見や紅葉などの自然鑑賞, 名所、旧跡の観光",0,0,1,1,1,0,0,0,0,0,0,0,0,0,0,0,0,0,"新聞・雑誌・ガイドブック, 友人・知人",0,0,0,0,0,0,0,0,0,0,0,0,0,0,0,0,1,0,1,0,0,0,0,0,0,,,,,,"20,000円以上 30,000円未満",,"20,000円以上 30,000円未満",,,,,,,,,,,5,5,スタッフの皆さまか元気で笑顔が素晴らしい,どこも清潔で古さを全く感じません,,,,10,また行きたい（1年以内）,早く全体が復興して自由に周れるようになって欲しいです 人が優しい。食べ物がみな美味しく美しい,金沢東急ホテル,同意する,,,,,,,1968,,,,,,
石川,2024/04/19 22:52:19,滋賀県,男,1964,,600万円以上 700万円未満,夫婦2人,2泊,石川県外には泊まらない,金沢エリア  （湯涌温泉、深谷温泉、犀川温泉など）,2泊,,,,,,,,,自家用車,1,0,0,0,0,0,0,,0,0,0,0,,,,,初めて,"宿でのんびり過ごす, 地元の美味しいものを食べる, 名所、旧跡の観光, テーマパーク（遊園地、動物園、博物館など）, まちあるき、都市散策, ドライブ・ツーリング",1,0,1,0,1,1,0,0,0,0,1,0,0,0,1,0,0,0,インターネット・アプリ,0,0,0,0,0,0,0,0,0,0,1,0,0,0,0,0,0,0,0,0,0,0,0,0,0,,,,,,"20,000円以上 30,000円未満",,"10,000円以上 20,000円未満",,,,,,,,,,,5,4,ホテルの規模が大きく、手厚いおもてなし,立地がよく広い,,,,7,また行きたい（1年以内）,コスパと美味しさを兼ねた美味しい食べ物 街が綺麗でオールドモダンが素敵,金沢東急ホテル,同意する,,白山市まいもん寿司,,新幹線新駅,,,1964,,,,,,
石川,2024/04/20 14:54:43,石川県,男,1980,,500万円以上 600万円未満,自分ひとり,1泊,石川県外には泊まらない,金沢エリア  （湯涌温泉、深谷温泉、犀川温泉など）,1泊,,,,,,,,,県外から訪れていない（石川県内在住）,0,0,0,0,0,0,0,,0,0,0,0,3,可もなく不可もないから,,,2～5回目,宿でのんびり過ごす,1,0,0,0,0,0,0,0,0,0,0,0,0,0,0,0,0,0,インターネット・アプリ,0,0,0,0,0,0,0,0,0,0,1,0,0,0,0,0,0,0,0,0,0,0,0,0,0,,,,,,"10,000円以上 20,000円未満",,"5,000円以上 10,000円未満",,,,,,,,,,,4,4,食事が美味しかったから,食事が美味しかったから,,,,8,石川県在住,飲食や土産は申し分ありませんが、アクティビティの点においてもっと力を入れたほうがよいかなと思います。 兼六園は見所が多く、四季も感じられるためおすすめです。,金沢東急ホテル,同意する,,,,,,,1980,,,,,,
石川,2024/04/29 8:25:55,神奈川県,女,1983,,700万円以上 800万円未満,小学生以下連れの家族,2泊,石川県外には泊まらない,金沢エリア  （湯涌温泉、深谷温泉、犀川温泉など）,2泊,,,,,,,,,自家用車,1,0,0,0,0,0,0,,0,0,0,0,,,,,初めて,"地元の美味しいものを食べる, 名所、旧跡の観光, まちあるき、都市散策, 各種体験（手作り、果物狩りなど）",0,0,1,0,1,0,0,0,0,0,1,1,0,0,0,0,0,0,インターネット・アプリ,0,0,0,0,0,0,0,0,0,0,1,0,0,0,0,0,0,0,0,0,0,0,0,0,0,,,,,,"40,000円以上 50,000円未満",,"50,000円以上 100,000円未満",,,,,,,,,,,5,4,,,,,,9,また行きたい（1年以内）,地元のものを使った品物,金沢東急ホテル,同意する,,滞在二日目に散策したから,,,,,1983,,,,,,
石川,2024/05/12 14:48:00,石川県,女,1971,,400万円以上 500万円未満,友人,1泊,石川県外には泊まらない,金沢エリア  （湯涌温泉、深谷温泉、犀川温泉など）,1泊,,,,,,,,,県外から訪れていない（石川県内在住）,0,0,0,0,0,0,0,,0,0,0,0,,,,,6～10回目,宿でのんびり過ごす,1,0,0,0,0,0,0,0,0,0,0,0,0,0,0,0,0,0,インターネット・アプリ,0,0,0,0,0,0,0,0,0,0,1,0,0,0,0,0,0,0,0,0,0,0,0,0,0,,,,,,"10,000円以上 20,000円未満",,"10,000円以上 20,000円未満",,,,,,,,,,,5,4,接客がとても丁寧です。,お風呂が古い。,,,,8,石川県在住,食事がどこも器から素敵です。 食事,金沢東急ホテル,同意する,,,,,,,1971,,,,,,
石川,2024/05/25 21:44:51,大阪府,男,1998,,400万円以上 500万円未満,夫婦2人,1泊,石川県外には泊まらない,金沢エリア  （湯涌温泉、深谷温泉、犀川温泉など）,1泊,,,,,,,,,"新幹線, 在来線",0,0,1,1,0,0,0,,0,0,0,0,5,レンタサイクルが観光名所の付近ならどこでもある,,,2～5回目,"地元の美味しいものを食べる, 名所、旧跡の観光",0,0,1,0,1,0,0,0,0,0,0,0,0,0,0,0,0,0,"観光展・物産展, インターネット・アプリ",0,0,0,0,0,0,0,0,0,0,1,0,0,0,0,0,0,0,0,0,0,0,1,0,0,,,,,,"20,000円以上 30,000円未満",,"10,000円以上 20,000円未満",,,,,,,,,,,5,4,値段の割にとても良い部屋,綺麗で良い,,,,8,また行きたい（1年以内）,夜ご飯など、おすすめがまとまったサイトがあれば嬉しい 東茶屋の志摩,金沢東急ホテル,同意する,,,,,,,1998,,,,,,
石川,2024/06/16 7:37:12,長野県,女,1965,,"1,000万円以上 1,200万円未満",夫婦2人,2泊,石川県外には泊まらない,金沢エリア  （湯涌温泉、深谷温泉、犀川温泉など）,2泊,,,,,,,,,自家用車,1,0,0,0,0,0,0,,0,0,0,0,4,速く着くので。,,,初めて,"宿でのんびり過ごす, 地元の美味しいものを食べる, 花見や紅葉などの自然鑑賞, 名所、旧跡の観光, まちあるき、都市散策",1,0,1,1,1,0,0,0,0,0,1,0,0,0,0,0,0,0,"新聞・雑誌・ガイドブック, TV・ラジオ番組やCM, 観光パンフレット・ポスター, インターネット・アプリ, ブログ, 友人・知人, 観光協会等の案内所",0,0,0,0,0,0,0,0,1,0,1,0,0,0,1,0,1,0,1,0,1,1,0,0,0,,,,,,"50,000円以上 100,000円未満",,"20,000円以上 30,000円未満",,,,,,,,,,,5,5,接客も良く、部屋も良い,観光しやすい,,,,10,また行きたい（1年以内）,お手頃な海鮮の店 町並みが素敵,金沢東急ホテル,同意する,,金沢港,,,,,1965,,,,,,
石川,2024/01/14 15:19:25,東京都,男,1988,,400万円以上 500万円未満,自分ひとり,1泊,石川県外には泊まらない,金沢エリア  （湯涌温泉、深谷温泉、犀川温泉など）,1泊,,,,,,,,,旅行会社ツアーバス,0,0,0,0,0,1,0,,0,0,0,0,,,,,初めて,"地元の美味しいものを食べる, 名所、旧跡の観光, 買い物、アウトレット, まちあるき、都市散策",0,0,1,0,1,0,1,0,0,0,1,0,0,0,0,0,0,0,インターネット・アプリ,0,0,0,0,0,0,0,0,0,0,1,0,0,0,0,0,0,0,0,0,0,0,0,0,0,,,,,,"5,000円以上 10,000円未満",,"5,000円以上 10,000円未満",,,,,,,,,,,,4,リーズナブル、朝食つき,古い、大浴場がほしい,,,,8,また行きたい（1年以内）,アイドルマスターとのコラボ 寿司など海鮮、安い,ホテルエコノ金沢駅前,同意する,,金沢中央卸売市場,,,,,1988,,,,,,
石川,2024/01/25 19:21:21,石川県,女,1986,,100万円以上 200万円未満,親,1泊,石川県外には泊まらない,金沢エリア  （湯涌温泉、深谷温泉、犀川温泉など）,1泊,,,,,,,,,県外から訪れていない（石川県内在住）,0,0,0,0,0,0,0,,0,0,0,0,4,楽,,,初めて,親の医者の関係,0,0,0,0,0,0,0,0,0,0,0,0,0,0,0,0,0,0,インターネット・アプリ,0,0,0,0,0,0,0,0,0,0,1,0,0,0,0,0,0,0,0,0,0,0,0,0,0,,,,,,"10,000円以上 20,000円未満",,"1,000円以上 3,000円未満",,,,,,,,,,,,4,広い,楽,,,,8,石川県在住,かわいいの 駅から近い,ホテルエコノ金沢駅前,同意する,,観光目的でない,,観光目的でない,,,1986,,,,,,
石川,2024/02/08 7:21:25,長崎県,女,1973,,700万円以上 800万円未満,自分ひとり,4泊以上,石川県外には泊まらない,金沢エリア  （湯涌温泉、深谷温泉、犀川温泉など）,4泊以上,,,,,,,,,"新幹線, 飛行機",0,0,1,0,1,0,0,,0,0,0,0,,,,,2～5回目,"地元の美味しいものを食べる, 名所、旧跡の観光, まちあるき、都市散策, 出張など仕事関係",0,0,1,0,1,0,0,0,0,0,1,0,0,0,0,0,1,0,インターネット・アプリ,0,0,0,0,0,0,0,0,0,0,1,0,0,0,0,0,0,0,0,0,0,0,0,0,0,,,,,,"50,000円以上 100,000円未満",,"50,000円以上 100,000円未満",,,,,,,,,,,,4,朝食も美味しく快適,快適,,,,8,また行きたい（1年以内）,満足してます 快適で場所もいい,ホテルエコノ金沢駅前,同意する,,,,,,,1973,,,,,,
石川,2024/02/12 22:40:46,沖縄県,男,1971,,200万円以上 300万円未満,自分ひとり,4泊以上,石川県外には泊まらない,能登エリア （和倉温泉、七尾市、輪島市、珠洲市など）,4泊以上,,,,,,,,,飛行機,0,0,0,0,1,0,0,,0,0,0,0,4,,,,初めて,被災地で炊き出し,0,0,0,0,0,0,0,0,0,0,0,0,0,0,0,0,0,0,"観光展・物産展, X(旧：Twitter), Instagram",0,0,0,1,0,1,0,0,0,0,0,0,0,0,0,0,0,0,0,0,0,0,1,0,0,,,,,,使わない,,"10,000円以上 20,000円未満",,,,,,,,,,,,4,,,,,,10,また行きたい（1年以内）,復興,ホテルエコノ金沢駅前,同意する,,,,,,,1971,,,,,,
石川,2024/02/20 8:09:14,東京都,男,1969,,800万円以上 900万円未満,自分ひとり,1泊,富山県,金沢エリア  （湯涌温泉、深谷温泉、犀川温泉など）,1泊,,,,,,,,,新幹線,0,0,1,0,0,0,0,,0,0,0,0,,,,,2～5回目,出張など仕事関係,0,0,0,0,0,0,0,0,0,0,0,0,0,0,0,0,1,0,インターネット・アプリ,0,0,0,0,0,0,0,0,0,0,1,0,0,0,0,0,0,0,0,0,0,0,0,0,0,,,,,,"5,000円以上 10,000円未満",,"30,000円以上 40,000円未満",,,,,,,,,,,,4,朝食のチャンピオンカレー,古いけど綺麗にしてる,,,,9,また行きたい（1年以内）,海鮮 海鮮が美味しい,ホテルエコノ金沢駅前,同意する,,仕事のため特になし,,仕事のため特になし,,,1969,,,,,,
石川,2024/03/20 17:55:07,東京都,男,1970,,800万円以上 900万円未満,職場の同僚,2泊,石川県外には泊まらない,金沢エリア  （湯涌温泉、深谷温泉、犀川温泉など）,2泊,,,,,,,,,新幹線,0,0,1,0,0,0,0,,0,0,0,0,,,,,初めて,出張など仕事関係,0,0,0,0,0,0,0,0,0,0,0,0,0,0,0,0,1,0,インターネット・アプリ,0,0,0,0,0,0,0,0,0,0,1,0,0,0,0,0,0,0,0,0,0,0,0,0,0,,,,,,"10,000円以上 20,000円未満",,"1,000円未満",,,,,,,,,,,,5,ウェルカムコーヒーがある。丁寧な接客。,駅から近い,,,,7,機会があれば行きたい,美味しい海産物が魅力 駅から近い,ホテルエコノ金沢駅前,同意する,,,,輪島,,,1970,,,,,,
石川,2024/03/23 7:51:32,三重県,男,1969,,800万円以上 900万円未満,親子,4泊以上,石川県外には泊まらない,金沢エリア  （湯涌温泉、深谷温泉、犀川温泉など）,4泊以上,,,,,,,,,自家用車,1,0,0,0,0,0,0,,0,0,0,0,,,,,初めて,"まちあるき、都市散策, ボランティア",0,0,0,0,0,0,0,0,0,0,1,0,0,0,0,0,0,0,インターネット・アプリ,0,0,0,0,0,0,0,0,0,0,1,0,0,0,0,0,0,0,0,0,0,0,0,0,0,,,,,,"30,000円以上 40,000円未満",,"20,000円以上 30,000円未満",,,,,,,,,,,,4,安価,部屋が広かった,,,,8,また行きたい（1年以内）,和菓子が美味しい お値段,ホテルエコノ金沢駅前,同意する,,,,なぎさドライブウェイ,,,1969,,,,,,
石川,2024/03/23 18:03:45,北海道,女,1986,,700万円以上 800万円未満,中学生以下連れの家族,2泊,石川県外には泊まらない,金沢エリア  （湯涌温泉、深谷温泉、犀川温泉など）,2泊,,,,,,,,,飛行機,0,0,0,0,1,0,0,,0,0,0,0,,,,,初めて,"温泉や露天風呂, 地元の美味しいものを食べる, 名所、旧跡の観光, 買い物、アウトレット, まちあるき、都市散策, 各種体験（手作り、果物狩りなど）",0,1,1,0,1,0,1,0,0,0,1,1,0,0,0,0,0,0,"新聞・雑誌・ガイドブック, TV・ラジオ番組やCM, 観光パンフレット・ポスター, インターネット・アプリ, X(旧：Twitter), Instagram, Facebook, ブログ",1,0,0,1,0,1,0,0,1,0,1,0,0,0,1,0,1,0,0,0,1,0,0,0,0,,,,,,"3,000円以上 5,000円未満",,"5,000円以上 10,000円未満",,,,,,,,,,,,5,ウェルカムコーヒ等のサービスが到着したての体に嬉しかったです！,コンパクトでありながら清潔感があり過ごしやすいです。,,,,10,機会があれば行きたい,海の幸とお肉に目がないのでグルメがより強化されると嬉しいです！ 完全に思いつきの旅行で行き当たりばったりで北海道から来ましたがもう石川県並びに金沢のファンになりました！市内の要所がコンパクトに動けて助かりました！,ホテルエコノ金沢駅前,同意する,,金沢駅東口,,,,,1986,,,,,,
石川,2024/03/24 8:13:28,茨城県,女,1987,,500万円以上 600万円未満,小学生以下連れの家族,2泊,石川県外には泊まらない,金沢エリア  （湯涌温泉、深谷温泉、犀川温泉など）,2泊,,,,,,,,,新幹線,0,0,1,0,0,0,0,,0,0,0,0,,,,,初めて,"地元の美味しいものを食べる, 名所、旧跡の観光",0,0,1,0,1,0,0,0,0,0,0,0,0,0,0,0,0,0,"観光パンフレット・ポスター, インターネット・アプリ",0,0,0,0,0,0,0,0,0,0,1,0,0,0,0,0,0,0,0,0,1,0,0,0,0,,,,,,"10,000円以上 20,000円未満",,"10,000円以上 20,000円未満",,,,,,,,,,,,5,,サービスが充実,,,,10,機会があれば行きたい,子どもが遊べる施設 兼六園が素晴らしかった,ホテルエコノ金沢駅前,同意する,,,,,,,1987,,,,,,
石川,2024/03/31 9:03:58,愛知県,女,1970,,300万円以上 400万円未満,夫婦2人,2泊,長野県,金沢エリア  （湯涌温泉、深谷温泉、犀川温泉など）,1泊,,,,,,,,,自家用車,1,0,0,0,0,0,0,,0,0,0,0,,,,,初めて,"地元の美味しいものを食べる, 花見や紅葉などの自然鑑賞, まちあるき、都市散策",0,0,1,1,0,0,0,0,0,0,1,0,0,0,0,0,0,0,インターネット・アプリ,0,0,0,0,0,0,0,0,0,0,1,0,0,0,0,0,0,0,0,0,0,0,0,0,0,,,,,,"10,000円以上 20,000円未満",,"30,000円以上 40,000円未満",,,,,,,,,,,,4,スタッフさんの対応がていねい。,駅に近い。,,,,5,また行きたい（1年以内）,美味しい海鮮料理をたべたり、着物で古い町並みをあるく！ 駅に近い。,ホテルエコノ金沢駅前,同意する,,タンポポのアトリエHIMITOにいきました！,,近江市場も、ばすでいきます！,,,1970,,,,,,
石川,2024/04/09 23:45:21,東京都,男,1995,,500万円以上 600万円未満,自分ひとり,4泊以上,石川県外には泊まらない,金沢エリア  （湯涌温泉、深谷温泉、犀川温泉など）,4泊以上,,,,,,,,,新幹線,0,0,1,0,0,0,0,,0,0,0,0,,,,,2～5回目,出張など仕事関係,0,0,0,0,0,0,0,0,0,0,0,0,0,0,0,0,1,0,"インターネット・アプリ, Instagram, 友人・知人, タクシードライバーや地元の人",0,0,0,1,0,0,0,0,0,0,1,0,0,0,0,0,0,0,1,1,0,0,0,0,0,,,,,,"100,000円以上",,"100,000円以上",,,,,,,,,,,4,3,基本的には満足していますが、朝食の種類がもう少し多いと嬉しいです。,値段に比べてきれいで過ごしやすい宿でした。,,,,7,また行きたい（1年以内）,もう少し飲食店が夜遅くまでやっていると助かります 町並みに情緒があり、ご飯が美味しいところ,ホテルエコノ金沢駅前,同意する,,県庁,,,,,1995,,,,,,
石川,2024/04/19 19:22:14,山形県,女,1975,,700万円以上 800万円未満,自分ひとり,4泊以上,東京,金沢エリア  （湯涌温泉、深谷温泉、犀川温泉など）,4泊以上,,,,,,,,,"新幹線, 在来線",0,0,1,1,0,0,0,,0,0,0,0,,,,,初めて,"地元の美味しいものを食べる, 名所、旧跡の観光, 出張など仕事関係",0,0,1,0,1,0,0,0,0,0,0,0,0,0,0,0,1,0,インターネット・アプリ,0,0,0,0,0,0,0,0,0,0,1,0,0,0,0,0,0,0,0,0,0,0,0,0,0,,,,,,"40,000円以上 50,000円未満",,"40,000円以上 50,000円未満",,,,,,,,,,,5,3,,,,,,4,機会があれば行きたい,なし,ホテルエコノ金沢駅前,同意する,,,,,,,1975,,,,,,
石川,2024/01/16 20:14:30,兵庫県,男,1992,,800万円以上 900万円未満,病院からの災害派遣(DMAT),3泊,石川県外には泊まらない,金沢エリア  （湯涌温泉、深谷温泉、犀川温泉など）,3泊,,,,,,,,,DMAT車,0,0,0,0,0,0,0,,0,0,0,0,5,時間外から対応してくださり、感謝です。,,,2～5回目,出張など仕事関係,0,0,0,0,0,0,0,0,0,0,0,0,0,0,0,0,1,0,"TV・ラジオ番組やCM, インターネット・アプリ",0,0,0,0,0,0,0,0,0,0,1,0,0,0,1,0,0,0,0,0,0,0,0,0,0,,,,,,"5,000円以上 10,000円未満",,"40,000円以上 50,000円未満",,,,,,,,,,,,4,時間外から対応してくださり、ありがたかったです。,ゆっくりできました。,,,,8,また行きたい（1年以内）,紅葉！ 人の温かみを感じました。,群青の月,同意する,,,,,,,1992,,,,,,
石川,2024/05/18 9:42:07,石川県,女,1965,,"900万円以上 1,000万円未満",夫婦2人,1泊,石川県外には泊まらない,金沢エリア  （湯涌温泉、深谷温泉、犀川温泉など）,1泊,,,,,,,,,自家用車,1,0,0,0,0,0,0,,0,0,0,0,,,,,2～5回目,"宿でのんびり過ごす, 地元の美味しいものを食べる",1,0,1,0,0,0,0,0,0,0,0,0,0,0,0,0,0,0,Instagram,0,0,0,1,0,0,0,0,0,0,0,0,0,0,0,0,0,0,0,0,0,0,0,0,0,,,,,,"20,000円以上 30,000円未満",,"30,000円以上 40,000円未満",,,,,,,,,,,5,5,,,,,,10,石川県在住,寿司,群青の月,同意する,,,,,,,1965,,,,,,
石川,2024/01/08 1:49:52,東京都,男,1974,,100万円以上 200万円未満,自分ひとり,2泊,愛知県,金沢エリア  （湯涌温泉、深谷温泉、犀川温泉など）,1泊,,,,,,,,,在来線,0,0,0,1,0,0,0,,0,0,0,0,4,欠便があったのがマイナス,,,初めて,"地元の美味しいものを食べる, まちあるき、都市散策",0,0,1,0,0,0,0,0,0,0,1,0,0,0,0,0,0,0,インターネット・アプリ,0,0,0,0,0,0,0,0,0,0,1,0,0,0,0,0,0,0,0,0,0,0,0,0,0,,,,,,"1,000円以上 3,000円未満",,"1,000円以上 3,000円未満",,,,,,,,,,,,4,物販も欲しいかも,,,,,8,また行きたい（1年以内）,特に無し,金沢カプセルホテル武蔵町,同意する,,京都河原町,,,,,1974,,,,,,
石川,2024/01/17 19:09:50,静岡県,男,1995,,300万円以上 400万円未満,団体旅行,4泊以上,石川県外には泊まらない,能登エリア （和倉温泉、七尾市、輪島市、珠洲市など）,4泊以上,,,,,,,,,レンタカー,0,1,0,0,0,0,0,,0,0,0,0,5,レンタカーに最新の機能が搭載されていたから,,,初めて,災害支援,0,0,0,0,0,0,0,0,0,0,0,0,0,0,0,0,0,0,インターネット・アプリ,0,0,0,0,0,0,0,0,0,0,1,0,0,0,0,0,0,0,0,0,0,0,0,0,0,,,,,,"3,000円以上 5,000円未満",,"3,000円以上 5,000円未満",,,,,,,,,,,,5,清潔感があったから,周辺へのアクセスがよい,,,,9,また行きたい（1年以内）,おしゃれな本屋カフェ 金沢城 無料で楽しめるから,金沢カプセルホテル武蔵町,同意する,,珠洲市,,金沢城,,,1995,,,,,,
石川,2024/02/03 7:43:31,静岡県,男,1992,,400万円以上 500万円未満,自分ひとり,1泊,石川県外には泊まらない,金沢エリア  （湯涌温泉、深谷温泉、犀川温泉など）,1泊,,,,,,,,,"レンタカー, 在来線",0,1,0,1,0,0,0,,0,0,0,0,4,金沢駅からのバスが多い,,,2～5回目,"地元の美味しいものを食べる, 出張など仕事関係",0,0,1,0,0,0,0,0,0,0,0,0,0,0,0,0,1,0,"TV・ラジオ番組やCM, X(旧：Twitter)",0,0,0,0,0,1,0,0,0,0,0,0,0,0,1,0,0,0,0,0,0,0,0,0,0,,,,,,"1,000円以上 3,000円未満",,"1,000円以上 3,000円未満",,,,,,,,,,,,4,寝る場所だけで十分なため、安く泊まることが出来たたため。,清潔感のある施設だったため。,,,,9,機会があれば行きたい,観光地が少ないので、リピーターになると食事目的になってしまうところが少し残念です。 食事が美味しかったが、観光地がリピーターには少ないと思う。,金沢カプセルホテル武蔵町,同意する,,,,,,,1992,,,,,,
石川,2024/02/15 15:18:47,埼玉県,男,1998,,500万円以上 600万円未満,友人,1泊,石川県外には泊まらない,金沢エリア  （湯涌温泉、深谷温泉、犀川温泉など）,1泊,,,,,,,,,夜行バス,0,0,0,0,0,0,0,,0,0,0,0,,,,,6～10回目,"花見や紅葉などの自然鑑賞, 名所、旧跡の観光, お祭りやイベントへの参加・見物",0,0,0,1,1,0,0,1,0,0,0,0,0,0,0,0,0,0,"インターネット・アプリ, ラブライブ！蓮ノ空",0,0,0,0,0,0,0,0,0,0,1,0,0,0,0,0,0,0,0,0,0,0,0,0,0,,,,,,"1,000円以上 3,000円未満",,使わない,,,,,,,,,,,,3,,,,,,6,また行きたい（1年以内）,のどぐろ,金沢カプセルホテル武蔵町,同意する,,,,,,,1998,,,,,,
石川,2024/02/15 15:20:24,愛知県,男,1998,,400万円以上 500万円未満,友人,2泊,石川県外には泊まらない,金沢エリア  （湯涌温泉、深谷温泉、犀川温泉など）,2泊,,,,,,,,,"新幹線, 在来線",0,0,1,1,0,0,0,,0,0,0,0,,,,,2～5回目,"地元の美味しいものを食べる, 名所、旧跡の観光, お祭りやイベントへの参加・見物, まちあるき、都市散策",0,0,1,0,1,0,0,1,0,0,1,0,0,0,0,0,0,0,Link Like LoveLive! アプリの舞台,0,0,0,0,0,0,0,0,0,0,0,0,0,0,0,0,0,0,0,0,0,0,0,0,1,,,,,,"5,000円以上 10,000円未満",,使わない,,,,,,,,,,,,3,,,,,,9,また行きたい（1年以内）,舞台探訪,金沢カプセルホテル武蔵町,同意する,,,,,,,1998,,,,,,
石川,2024/03/20 16:23:02,沖縄県,女,1975,,400万円以上 500万円未満,娘、母,4泊以上,京都,金沢エリア  （湯涌温泉、深谷温泉、犀川温泉など）,4泊以上,,,,,,,,,飛行機,0,0,0,0,1,0,0,,0,0,0,0,3,一般的,,,初めて,"地元の美味しいものを食べる, 友人・親戚を訪ねる",0,0,1,0,0,0,0,0,0,0,0,0,0,0,0,0,0,0,"Instagram, 友人・知人",0,0,0,1,0,0,0,0,0,0,0,0,0,0,0,0,0,0,1,0,0,0,0,0,0,,,,,,"30,000円以上 40,000円未満",,"3,000円以上 5,000円未満",,,,,,,,,,,,4,一般的,一般的,,,,10,また行きたい（1年以内）,特になし 食べ物、人、全てよし,金沢カプセルホテル武蔵町,同意する,,,,,,,1975,,,,,,
石川,2024/03/24 9:01:51,岐阜県,男,1996,,400万円以上 500万円未満,自分ひとり,2泊,石川県外には泊まらない,金沢エリア  （湯涌温泉、深谷温泉、犀川温泉など）,2泊,,,,,,,,,自家用車,1,0,0,0,0,0,0,,0,0,0,0,,,,,初めて,地元の美味しいものを食べる,0,0,1,0,0,0,0,0,0,0,0,0,0,0,0,0,0,0,インターネット・アプリ,0,0,0,0,0,0,0,0,0,0,1,0,0,0,0,0,0,0,0,0,0,0,0,0,0,,,,,,"3,000円以上 5,000円未満",,"3,000円以上 5,000円未満",,,,,,,,,,,,5,,,,,,10,また行きたい（1年以内）,特になし,金沢カプセルホテル武蔵町,同意する,,,,,,,1996,,,,,,
石川,2024/03/27 18:48:23,和歌山県,男,1984,,700万円以上 800万円未満,自分ひとり,1泊,石川県外には泊まらない,金沢エリア  （湯涌温泉、深谷温泉、犀川温泉など）,1泊,,,,,,,,,在来線,0,0,0,1,0,0,0,,0,0,0,0,3,のんびり電車に乗ることは楽しいが、せっかくICカードにチャージしたのにハピラインふくいの乗り継ぎがややこしい,,,2～5回目,"地元の美味しいものを食べる, 花見や紅葉などの自然鑑賞, 名所、旧跡の観光, まちあるき、都市散策",0,0,1,1,1,0,0,0,0,0,1,0,0,0,0,0,0,0,"観光パンフレット・ポスター, インターネット・アプリ",0,0,0,0,0,0,0,0,0,0,1,0,0,0,0,0,0,0,0,0,1,0,0,0,0,,,,,,"3,000円以上 5,000円未満",,"1,000円未満",,,,,,,,,,,,4,リーズナブル,リーズナブルで、予約もしやすい,,,,10,機会があれば行きたい,美味しい寿司とスイーツ 徒歩圏内に素晴らしい観光名所がある,金沢カプセルホテル武蔵町,同意する,,,,,,,1984,,,,,,
石川,2024/04/04 22:20:53,大阪府,男,1973,,300万円以上 400万円未満,自分ひとり,1泊,石川県外には泊まらない,金沢エリア  （湯涌温泉、深谷温泉、犀川温泉など）,1泊,,,,,,,,,新幹線,0,0,1,0,0,0,0,,0,0,0,0,3,特になし,,,2～5回目,名所、旧跡の観光,0,0,0,0,1,0,0,0,0,0,0,0,0,0,0,0,0,0,"新聞・雑誌・ガイドブック, 観光協会等の案内所",0,0,0,0,0,0,0,0,0,0,0,0,0,0,0,0,1,0,0,0,0,1,0,0,0,,,,,,"3,000円以上 5,000円未満",,"3,000円以上 5,000円未満",,,,,,,,,,,,3,特になし,特になし,,,,5,どちらともいえない,金箔 特になし,金沢カプセルホテル武蔵町,同意する,,,,,,,1973,,,,,,
石川,2024/05/24 23:23:06,千葉県,女,1988,,300万円以上 400万円未満,自分ひとり,2泊,石川県外には泊まらない,金沢エリア  （湯涌温泉、深谷温泉、犀川温泉など）,2泊,,,,,,,,,夜行バス,0,0,0,0,0,0,0,,0,0,0,0,,,,,初めて,"名所、旧跡の観光, テーマパーク（遊園地、動物園、博物館など）, まちあるき、都市散策",0,0,0,0,1,1,0,0,0,0,1,0,0,0,0,0,0,0,"観光展・物産展, インターネット・アプリ, X(旧：Twitter), 観光協会等の案内所",0,0,0,0,0,1,0,0,0,0,1,0,0,0,0,0,0,0,0,0,0,1,1,0,0,,,,,,"5,000円以上 10,000円未満",,"5,000円以上 10,000円未満",,,,,,,,,,,4,4,,,,,,7,機会があれば行きたい,特になし 観光スポットがまとまっているので、土地勘がなくても行動に困らない,金沢カプセルホテル武蔵町,同意する,,,,,,,1988,,,,,,
石川,2024/06/08 21:30:51,北海道,女,1997,,500万円以上 600万円未満,自分ひとり,1泊,石川県外には泊まらない,金沢エリア  （湯涌温泉、深谷温泉、犀川温泉など）,1泊,,,,,,,,,飛行機,0,0,0,0,1,0,0,,0,0,0,0,,,,,初めて,まちあるき、都市散策,0,0,0,0,0,0,0,0,0,0,1,0,0,0,0,0,0,0,インターネット・アプリ,0,0,0,0,0,0,0,0,0,0,1,0,0,0,0,0,0,0,0,0,0,0,0,0,0,,,,,,"3,000円以上 5,000円未満",,使わない,,,,,,,,,,,4,4,,,,,,8,機会があれば行きたい,特になし,金沢カプセルホテル武蔵町,同意する,,,,,,,1997,,,,,,
石川,2024/01/02 16:22:57,兵庫県,男,1983,,"1,200万円以上 1,500万円未満",恋人,4泊以上,北海道,金沢エリア  （湯涌温泉、深谷温泉、犀川温泉など）,4泊以上,,,,,,,,,"新幹線, 飛行機",0,0,1,0,1,0,0,,0,0,0,0,5,,,,初めて,"宿でのんびり過ごす, 温泉や露天風呂, 地元の美味しいものを食べる, 名所、旧跡の観光",1,1,1,0,1,0,0,0,0,0,0,0,0,0,0,0,0,0,"観光展・物産展, インターネット・アプリ, 友人・知人",0,0,0,0,0,0,0,0,0,0,1,0,0,0,0,0,0,0,1,0,0,0,1,0,0,,,,,,"50,000円以上 100,000円未満",,"50,000円以上 100,000円未満",,,,,,,,,,,,5,,,,,,10,また行きたい（1年以内）,のんびりできて良い,KOKOHOTEL Premier 金沢香林坊,同意する,,,,,,,1983,,,,,,
石川,2024/01/02 16:49:23,東京都,女,1978,,500万円以上 600万円未満,自分ひとり,4泊以上,富山県,金沢エリア  （湯涌温泉、深谷温泉、犀川温泉など）,3泊,,,,,,,,,新幹線,0,0,1,0,0,0,0,,0,0,0,0,,,,,初めて,"宿でのんびり過ごす, 地元の美味しいものを食べる, 名所、旧跡の観光, 買い物、アウトレット",1,0,1,0,1,0,1,0,0,0,0,0,0,0,0,0,0,0,TV・ラジオ番組やCM,0,0,0,0,0,0,0,0,0,0,0,0,0,0,1,0,0,0,0,0,0,0,0,0,0,,,,,,"20,000円以上 30,000円未満",,"30,000円以上 40,000円未満",,,,,,,,,,,,5,従業員の対応が的確で親切、アメニティが有難いです,とてもきれいなホテル、今回地震があって感じたことなのですがしっかりとした構造だったので安心感がありました,,,,10,機会があれば行きたい,今回いけなかった場所がたくさんあるので、武家屋敷や牛丼のお店やいろいろ行きたいです 地震の中も従業員の方が気遣うようなこともありました。またお水を出してくださったり配慮いただきましてありがとうございました。,KOKOHOTEL Premier 金沢香林坊,同意する,,鶴来から参拝コース、金沢市内街をぶらぶら、駅近くをぶらぶら,,鶴来,,,1978,,,,,,
石川,2024/01/03 13:19:30,福井県,女,1986,,800万円以上 900万円未満,夫婦2人,2泊,石川県外には泊まらない,金沢エリア  （湯涌温泉、深谷温泉、犀川温泉など）,2泊,,,,,,,,,在来線,0,0,0,1,0,0,0,,0,0,0,0,4,1日はバスがなく徒歩だけどバスだったら簡単で良い,,,初めて,まちあるき、都市散策,0,0,0,0,0,0,0,0,0,0,1,0,0,0,0,0,0,0,インターネット・アプリ,0,0,0,0,0,0,0,0,0,0,1,0,0,0,0,0,0,0,0,0,0,0,0,0,0,,,,,,"3,000円以上 5,000円未満",,使わない,,,,,,,,,,,,4,,清潔,,,,8,機会があれば行きたい,特になし ホテルの場所が良い,KOKOHOTEL Premier 金沢香林坊,同意する,,街歩き、カフェやレストラン、ショッピングなど,,まっすぐ帰る,,,1986,,,,,,
石川,2024/01/04 19:17:27,東京都,男,1982,,200万円以上 300万円未満,恋人,4泊以上,愛知県,金沢エリア  （湯涌温泉、深谷温泉、犀川温泉など）,2泊,,,,,,,,,旅行会社ツアーバス,0,0,0,0,0,1,0,,0,0,0,0,,,,,11回目以上,"宿でのんびり過ごす, 地元の美味しいものを食べる, 花見や紅葉などの自然鑑賞, まちあるき、都市散策",1,0,1,1,0,0,0,0,0,0,1,0,0,0,0,0,0,0,"インターネット・アプリ, X(旧：Twitter), Instagram, 友人・知人",0,0,0,1,0,1,0,0,0,0,1,0,0,0,0,0,0,0,1,0,0,0,0,0,0,,,,,,"10,000円以上 20,000円未満",,"10,000円以上 20,000円未満",,,,,,,,,,,,4,,落ち着いた雰囲気、ウェルカムドリンクがよい,,,,9,また行きたい（1年以内）,石川の日本酒 美味しい食べのも、お酒、街中の雪吊り,KOKOHOTEL Premier 金沢香林坊,同意する,,,,,,,1982,,,,,,
石川,2024/01/05 9:34:35,千葉県,男,1985,,700万円以上 800万円未満,夫婦2人,1泊,石川県外には泊まらない,金沢エリア  （湯涌温泉、深谷温泉、犀川温泉など）,1泊,,,,,,,,,新幹線,0,0,1,0,0,0,0,,0,0,0,0,4,,,,初めて,被災地復旧,0,0,0,0,0,0,0,0,0,0,0,0,0,0,0,0,0,0,インターネット・アプリ,0,0,0,0,0,0,0,0,0,0,1,0,0,0,0,0,0,0,0,0,0,0,0,0,0,,,,,,"1,000円以上 3,000円未満",,使わない,,,,,,,,,,,,4,,,,,,8,また行きたい（1年以内）,観光客目当てで中身のない商品、サービスが増えたと感じる。,KOKOHOTEL Premier 金沢香林坊,同意する,,,,,,,1985,,,,,,
石川,2024/01/09 8:23:12,三重県,女,1973,,700万円以上 800万円未満,大学生のの子連れ家族,1泊,石川県外には泊まらない,金沢エリア  （湯涌温泉、深谷温泉、犀川温泉など）,1泊,,,,,,,,,自家用車,1,0,0,0,0,0,0,,0,0,0,0,,,,,初めて,"地元の美味しいものを食べる, 名所、旧跡の観光",0,0,1,0,1,0,0,0,0,0,0,0,0,0,0,0,0,0,インターネット・アプリ,0,0,0,0,0,0,0,0,0,0,1,0,0,0,0,0,0,0,0,0,0,0,0,0,0,,,,,,"10,000円以上 20,000円未満",,"10,000円以上 20,000円未満",,,,,,,,,,,,5,お部屋も素敵で食事も美味しく、ウェルカムドリンクのサービスまであってとても満足しました。,バス、トイレ別でお風呂が洗い場と浴槽が別なのも良かった,,,,10,また行きたい（1年以内）,今まで何度か石川県を訪れていますが、いつも良い思い出ばかりで今の所どのホテルも飲食店も素晴らしいと思いました。 サービスが良い,KOKOHOTEL Premier 金沢香林坊,同意する,,,,,,,1973,,,,,,
石川,2024/01/09 17:24:28,東京都,男,1972,,"1,500万円以上",自分ひとり,2泊,石川県外には泊まらない,金沢エリア  （湯涌温泉、深谷温泉、犀川温泉など）,2泊,,,,,,,,,新幹線,0,0,1,0,0,0,0,,0,0,0,0,5,安い,,,11回目以上,友人・親戚を訪ねる,0,0,0,0,0,0,0,0,0,0,0,0,0,0,0,0,0,0,友人・知人,0,0,0,0,0,0,0,0,0,0,0,0,0,0,0,0,0,0,1,0,0,0,0,0,0,,,,,,"10,000円以上 20,000円未満",,"10,000円以上 20,000円未満",,,,,,,,,,,,3,エセ東京,従業員,,,,7,機会があれば行きたい,魚 オシャレ,KOKOHOTEL Premier 金沢香林坊,同意する,,,,,,,1972,,,,,,
石川,2024/01/10 0:49:05,石川県,女,1970,,300万円以上 400万円未満,友人,1泊,石川県外には泊まらない,金沢エリア  （湯涌温泉、深谷温泉、犀川温泉など）,1泊,,,,,,,,,県外から訪れていない（石川県内在住）,0,0,0,0,0,0,0,,0,0,0,0,3,雪が降るかもしれなかったので、自家用車はださなかった。,,,6～10回目,地元の美味しいものを食べる,0,0,1,0,0,0,0,0,0,0,0,0,0,0,0,0,0,0,インターネット・アプリ,0,0,0,0,0,0,0,0,0,0,1,0,0,0,0,0,0,0,0,0,0,0,0,0,0,,,,,,"3,000円以上 5,000円未満",,"10,000円以上 20,000円未満",,,,,,,,,,,,4,金沢駅は高くて、こちらの希望額だったから。,綺麗である。,,,,10,石川県在住,美味しいご飯。 美味しいご飯。,KOKOHOTEL Premier 金沢香林坊,同意する,,家から。,,家に帰る。,,,1970,,,,,,
石川,2024/01/11 7:37:32,東京都,無回答,1975,,700万円以上 800万円未満,自分ひとり,4泊以上,富山県,石川県内には宿泊しない,2泊,,,,,,,,,"レンタカー, 新幹線",0,1,1,0,0,0,0,,0,0,0,0,4,自由に動けるから,,,2～5回目,出張など仕事関係,0,0,0,0,0,0,0,0,0,0,0,0,0,0,0,0,1,0,インターネット・アプリ,0,0,0,0,0,0,0,0,0,0,1,0,0,0,0,0,0,0,0,0,0,0,0,0,0,,,,,,"30,000円以上 40,000円未満",,"10,000円以上 20,000円未満",,,,,,,,,,,,4,トラスティの時から利用してるホテルなので,トラスティの時から利用してるホテルなので,,,,7,また行きたい（1年以内）,食事が美味しい 観光施設も近いから,KOKOHOTEL Premier 金沢香林坊,同意する,,,,,,,1975,,,,,,
石川,2024/01/11 10:54:07,京都府,男,1972,,600万円以上 700万円未満,夫婦2人,2泊,石川県外には泊まらない,金沢エリア  （湯涌温泉、深谷温泉、犀川温泉など）,2泊,,,,,,,,,自家用車,1,0,0,0,0,0,0,,0,0,0,0,,,,,初めて,友人・親戚を訪ねる,0,0,0,0,0,0,0,0,0,0,0,0,0,0,0,0,0,0,インターネット・アプリ,0,0,0,0,0,0,0,0,0,0,1,0,0,0,0,0,0,0,0,0,0,0,0,0,0,,,,,,"5,000円以上 10,000円未満",,"10,000円以上 20,000円未満",,,,,,,,,,,,5,清潔感,便利,,,,10,また行きたい（1年以内）,オシャレ感 利便性,KOKOHOTEL Premier 金沢香林坊,同意する,,親戚の自宅,,,,,1972,,,,,,
石川,2024/01/11 10:54:19,京都府,男,1972,,600万円以上 700万円未満,夫婦2人,2泊,石川県外には泊まらない,金沢エリア  （湯涌温泉、深谷温泉、犀川温泉など）,2泊,,,,,,,,,自家用車,1,0,0,0,0,0,0,,0,0,0,0,,,,,初めて,友人・親戚を訪ねる,0,0,0,0,0,0,0,0,0,0,0,0,0,0,0,0,0,0,インターネット・アプリ,0,0,0,0,0,0,0,0,0,0,1,0,0,0,0,0,0,0,0,0,0,0,0,0,0,,,,,,"5,000円以上 10,000円未満",,"10,000円以上 20,000円未満",,,,,,,,,,,,5,清潔感,便利,,,,10,また行きたい（1年以内）,オシャレ感 利便性,KOKOHOTEL Premier 金沢香林坊,同意する,,親戚の自宅,,,,,1972,,,,,,
石川,2024/01/11 10:54:28,京都府,男,1972,,600万円以上 700万円未満,夫婦2人,2泊,石川県外には泊まらない,金沢エリア  （湯涌温泉、深谷温泉、犀川温泉など）,2泊,,,,,,,,,自家用車,1,0,0,0,0,0,0,,0,0,0,0,,,,,初めて,友人・親戚を訪ねる,0,0,0,0,0,0,0,0,0,0,0,0,0,0,0,0,0,0,インターネット・アプリ,0,0,0,0,0,0,0,0,0,0,1,0,0,0,0,0,0,0,0,0,0,0,0,0,0,,,,,,"5,000円以上 10,000円未満",,"10,000円以上 20,000円未満",,,,,,,,,,,,5,清潔感,便利,,,,10,また行きたい（1年以内）,オシャレ感 利便性,KOKOHOTEL Premier 金沢香林坊,同意する,,親戚の自宅,,,,,1972,,,,,,
石川,2024/01/13 9:40:19,福島県,男,1990,,"1,000万円以上 1,200万円未満",夫婦2人,2泊,石川県外には泊まらない,金沢エリア  （湯涌温泉、深谷温泉、犀川温泉など）,2泊,,,,,,,,,新幹線,0,0,1,0,0,0,0,,0,0,0,0,5,,,,初めて,"地元の美味しいものを食べる, 買い物、アウトレット",0,0,1,0,0,0,1,0,0,0,0,0,0,0,0,0,0,0,インターネット・アプリ,0,0,0,0,0,0,0,0,0,0,1,0,0,0,0,0,0,0,0,0,0,0,0,0,0,,,,,,"5,000円以上 10,000円未満",,使わない,,,,,,,,,,,,5,,,,,,10,また行きたい（1年以内）,地元の海産物,KOKOHOTEL Premier 金沢香林坊,同意する,,,,,,,1990,,,,,,
石川,2024/01/13 19:25:59,兵庫県,男,1955,,200万円以上 300万円未満,夫婦2人,1泊,石川県外には泊まらない,金沢エリア  （湯涌温泉、深谷温泉、犀川温泉など）,1泊,,,,,,,,,在来線,0,0,0,1,0,0,0,,0,0,0,0,4,バス停から近い,,,初めて,"宿でのんびり過ごす, 地元の美味しいものを食べる",1,0,1,0,0,0,0,0,0,0,0,0,0,0,0,0,0,0,インターネット・アプリ,0,0,0,0,0,0,0,0,0,0,1,0,0,0,0,0,0,0,0,0,0,0,0,0,0,,,,,,"5,000円以上 10,000円未満",,"1,000円未満",,,,,,,,,,,,4,ウェルカムドリンクとおつまみ,天井が高く、静かで綺麗,,,,3,また行きたい（1年以内）,柴舟が最高 金沢駅から分かりやすい立地,KOKOHOTEL Premier 金沢香林坊,同意する,,,,香林坊と金沢駅周辺,,,1955,,,,,,
石川,2024/01/13 19:29:33,兵庫県,女,1956,,500万円以上 600万円未満,夫婦2人,1泊,石川県外には泊まらない,金沢エリア  （湯涌温泉、深谷温泉、犀川温泉など）,1泊,,,,,,,,,在来線,0,0,0,1,0,0,0,,0,0,0,0,4,,,,2～5回目,地元の美味しいものを食べる,0,0,1,0,0,0,0,0,0,0,0,0,0,0,0,0,0,0,新聞・雑誌・ガイドブック,0,0,0,0,0,0,0,0,0,0,0,0,0,0,0,0,1,0,0,0,0,0,0,0,0,,,,,,"5,000円以上 10,000円未満",,"5,000円以上 10,000円未満",,,,,,,,,,,,4,,,,,,9,また行きたい（1年以内）,特になし,KOKOHOTEL Premier 金沢香林坊,同意する,,,,,,,1956,,,,,,
石川,2024/01/14 8:51:55,東京都,男,1954,,400万円以上 500万円未満,職場の同僚,4泊以上,大阪府,金沢エリア  （湯涌温泉、深谷温泉、犀川温泉など）,4泊以上,,,,,,,,,新幹線,0,0,1,0,0,0,0,,0,0,0,0,,,,,11回目以上,出張など仕事関係,0,0,0,0,0,0,0,0,0,0,0,0,0,0,0,0,1,0,毎年何度も来るので定宿にしてあるので。,0,0,0,0,0,0,0,0,0,0,0,0,0,0,0,0,0,0,0,0,0,0,0,0,1,,,,,,"100,000円以上",,"100,000円以上",,,,,,,,,,,,4,清潔、朝食が良い。,雰囲気、清潔感。,,,,10,また行きたい（1年以内）,夜の食事の件で、飲み屋が多く一人の時食事だけで食べたい時手頃な定食など食べれるところが少ないと思います。 朝食が美味しい点。清潔感。,KOKOHOTEL Premier 金沢香林坊,同意する,,,,,,,1954,,,,,,
石川,2024/01/14 17:59:30,岐阜県,男,1971,,600万円以上 700万円未満,夫婦2人,2泊,石川県外には泊まらない,金沢エリア  （湯涌温泉、深谷温泉、犀川温泉など）,2泊,,,,,,,,,自家用車,1,0,0,0,0,0,0,,0,0,0,0,,,,,初めて,名所、旧跡の観光,0,0,0,0,1,0,0,0,0,0,0,0,0,0,0,0,0,0,"新聞・雑誌・ガイドブック, X(旧：Twitter), Instagram",0,0,0,1,0,1,0,0,0,0,0,0,0,0,0,0,1,0,0,0,0,0,0,0,0,,,,,,"5,000円以上 10,000円未満",,"20,000円以上 30,000円未満",,,,,,,,,,,,5,アメニティやウェルカムドリンクなどのもてなしが凄くよいです,部屋が広くゆったりできた,,,,10,また行きたい（1年以内）,かに面 自宅から意外と時間か掛からず効率がよい,KOKOHOTEL Premier 金沢香林坊,同意する,,,,,,,1971,,,,,,
石川,2024/01/15 21:23:04,京都府,女,1990,,300万円以上 400万円未満,友人,1泊,石川県外には泊まらない,金沢エリア  （湯涌温泉、深谷温泉、犀川温泉など）,1泊,,,,,,,,,在来線,0,0,0,1,0,0,0,,0,0,0,0,,,,,初めて,"地元の美味しいものを食べる, 名所、旧跡の観光, まちあるき、都市散策",0,0,1,0,1,0,0,0,0,0,1,0,0,0,0,0,0,0,友人・知人,0,0,0,0,0,0,0,0,0,0,0,0,0,0,0,0,0,0,1,0,0,0,0,0,0,,,,,,"5,000円以上 10,000円未満",,"5,000円以上 10,000円未満",,,,,,,,,,,,4,,,,,,8,また行きたい（1年以内）,特になし,KOKOHOTEL Premier 金沢香林坊,同意する,,,,,,,1990,,,,,,
石川,2024/01/17 6:55:18,滋賀県,男,1981,,600万円以上 700万円未満,災害支援チーム,4泊以上,石川県外には泊まらない,金沢エリア  （湯涌温泉、深谷温泉、犀川温泉など）,4泊以上,,,,,,,,,自家用車,1,0,0,0,0,0,0,,0,0,0,0,4,便利,,,11回目以上,災害支援,0,0,0,0,0,0,0,0,0,0,0,0,0,0,0,0,0,0,インターネット・アプリ,0,0,0,0,0,0,0,0,0,0,1,0,0,0,0,0,0,0,0,0,0,0,0,0,0,,,,,,"40,000円以上 50,000円未満",,"40,000円以上 50,000円未満",,,,,,,,,,,,5,快適に過ごせています,,,,,8,機会があれば行きたい,名物,KOKOHOTEL Premier 金沢香林坊,同意する,,,,,,,1981,,,,,,
石川,2024/01/17 7:34:35,大阪府,男,1979,,700万円以上 800万円未満,友人,4泊以上,石川県外には泊まらない,金沢エリア  （湯涌温泉、深谷温泉、犀川温泉など）,4泊以上,,,,,,,,,自家用車,1,0,0,0,0,0,0,,0,0,0,0,,,,,2～5回目,避難所支援,0,0,0,0,0,0,0,0,0,0,0,0,0,0,0,0,0,0,"新聞・雑誌・ガイドブック, 観光パンフレット・ポスター",0,0,0,0,0,0,0,0,0,0,0,0,0,0,0,0,1,0,0,0,1,0,0,0,0,,,,,,"5,000円以上 10,000円未満",,"40,000円以上 50,000円未満",,,,,,,,,,,,5,,,,,,10,また行きたい（1年以内）,次は温泉に浸かりたい 金沢駅にも近く、色々なところに行きやすい,KOKOHOTEL Premier 金沢香林坊,同意する,,避難者以外回っていない。,,,,,1979,,,,,,
石川,2024/01/17 8:12:30,富山県,女,1977,,600万円以上 700万円未満,自分ひとり,1泊,石川県外には泊まらない,金沢エリア  （湯涌温泉、深谷温泉、犀川温泉など）,1泊,,,,,,,,,在来線,0,0,0,1,0,0,0,,0,0,0,0,4,時間どおりに到着できたので,,,6～10回目,"宿でのんびり過ごす, 地元の美味しいものを食べる, 出張など仕事関係",1,0,1,0,0,0,0,0,0,0,0,0,0,0,0,0,1,0,"新聞・雑誌・ガイドブック, TV・ラジオ番組やCM, 観光パンフレット・ポスター, インターネット・アプリ",0,0,0,0,0,0,0,0,0,0,1,0,0,0,1,0,1,0,0,0,1,0,0,0,0,,,,,,"3,000円以上 5,000円未満",,"3,000円以上 5,000円未満",,,,,,,,,,,,4,フロントの応対がきちんとしていたので。,"街中にありロケーションが良く,室内も綺麗であり,アメニティも豊富であることから。",,,,10,また行きたい（1年以内）,特にありません ビジネスホテル並みの料金でありながら、施設(室内)はシティホテル以上の洗練さがあったので。,KOKOHOTEL Premier 金沢香林坊,同意する,,,,,,,1977,,,,,,
石川,2024/01/17 19:35:43,福岡県,男,2000,,400万円以上 500万円未満,職場の同僚,4泊以上,石川県外には泊まらない,金沢エリア  （湯涌温泉、深谷温泉、犀川温泉など）,4泊以上,,,,,,,,,飛行機,0,0,0,0,1,0,0,,0,0,0,0,4,小松空港から一本で楽だった。,,,11回目以上,出張など仕事関係,0,0,0,0,0,0,0,0,0,0,0,0,0,0,0,0,1,0,"新聞・雑誌・ガイドブック, Instagram",0,0,0,1,0,0,0,0,0,0,0,0,0,0,0,0,1,0,0,0,0,0,0,0,0,,,,,,"100,000円以上",,"3,000円以上 5,000円未満",,,,,,,,,,,,5,清潔感があり、快適に過ごせる,清潔感があり、静か。,,,,10,また行きたい（1年以内）,海鮮。 美しい景色が多く、出張できても幸せに感じる瞬間が多かった。,KOKOHOTEL Premier 金沢香林坊,同意する,,,,,,,2000,,,,,,
石川,2024/01/18 8:49:09,東京都,女,1961,,"1,500万円以上",職場の同僚,4泊以上,富山県,金沢エリア  （湯涌温泉、深谷温泉、犀川温泉など）,4泊以上,,,,,,,,,新幹線,0,0,1,0,0,0,0,,0,0,0,0,5,,,,6～10回目,出張など仕事関係,0,0,0,0,0,0,0,0,0,0,0,0,0,0,0,0,1,0,インターネット・アプリ,0,0,0,0,0,0,0,0,0,0,1,0,0,0,0,0,0,0,0,0,0,0,0,0,0,,,,,,"5,000円以上 10,000円未満",,"1,000円以上 3,000円未満",,,,,,,,,,,,5,朝食が美味しい,室内が綺麗,,,,10,また行きたい（1年以内）,特になし,KOKOHOTEL Premier 金沢香林坊,同意する,,出張のため,,出張のため,,,1961,,,,,,
石川,2024/01/19 8:09:20,滋賀県,男,1981,,600万円以上 700万円未満,災害支援チーム,4泊以上,石川県外には泊まらない,金沢エリア  （湯涌温泉、深谷温泉、犀川温泉など）,4泊以上,,,,,,,,,自家用車,1,0,0,0,0,0,0,,0,0,0,0,4,,,,初めて,"出張など仕事関係, 災害支援",0,0,0,0,0,0,0,0,0,0,0,0,0,0,0,0,1,0,インターネット・アプリ,0,0,0,0,0,0,0,0,0,0,1,0,0,0,0,0,0,0,0,0,0,0,0,0,0,,,,,,"40,000円以上 50,000円未満",,"40,000円以上 50,000円未満",,,,,,,,,,,,5,,,,,,8,機会があれば行きたい,石川名物の料理が美味しかった,KOKOHOTEL Premier 金沢香林坊,同意する,,,,,,,1981,,,,,,
石川,2024/01/19 12:50:54,京都府,男,1953,,700万円以上 800万円未満,夫婦2人,2泊,石川県外には泊まらない,金沢エリア  （湯涌温泉、深谷温泉、犀川温泉など）,2泊,,,,,,,,,自家用車,1,0,0,0,0,0,0,,0,0,0,0,5,食べるが満たされます。,,,11回目以上,"地元の美味しいものを食べる, まちあるき、都市散策, 友人・親戚を訪ねる",0,0,1,0,0,0,0,0,0,0,1,0,0,0,0,0,0,0,友人・知人,0,0,0,0,0,0,0,0,0,0,0,0,0,0,0,0,0,0,1,0,0,0,0,0,0,,,,,,"20,000円以上 30,000円未満",,"10,000円以上 20,000円未満",,,,,,,,,,,,5,清潔感,こんなもんで良い,,,,8,また行きたい（1年以内）,特に無い,KOKOHOTEL Premier 金沢香林坊,同意する,,,,上記全て訪問,,,1953,,,,,,
石川,2024/01/19 20:55:01,石川県,女,1979,,200万円以上 300万円未満,恋人,2泊,石川県外には泊まらない,金沢エリア  （湯涌温泉、深谷温泉、犀川温泉など）,2泊,,,,,,,,,新幹線,0,0,1,0,0,0,0,,0,0,0,0,5,,,,2～5回目,地元の美味しいものを食べる,0,0,1,0,0,0,0,0,0,0,0,0,0,0,0,0,0,0,インターネット・アプリ,0,0,0,0,0,0,0,0,0,0,1,0,0,0,0,0,0,0,0,0,0,0,0,0,0,,,,,,"10,000円以上 20,000円未満",,"10,000円以上 20,000円未満",,,,,,,,,,,,4,,,,,,10,また行きたい（1年以内）,おでん,KOKOHOTEL Premier 金沢香林坊,同意する,,,,,,,1979,,,,,,
石川,2024/01/20 20:51:11,東京都,女,1998,,100万円未満,恋人,2泊,石川県外には泊まらない,金沢エリア  （湯涌温泉、深谷温泉、犀川温泉など）,2泊,,,,,,,,,自家用車,1,0,0,0,0,0,0,,0,0,0,0,,,,,2～5回目,地元の美味しいものを食べる,0,0,1,0,0,0,0,0,0,0,0,0,0,0,0,0,0,0,"観光展・物産展, インターネット・アプリ, X(旧：Twitter)",0,0,0,0,0,1,0,0,0,0,1,0,0,0,0,0,0,0,0,0,0,0,1,0,0,,,,,,"10,000円以上 20,000円未満",,"10,000円以上 20,000円未満",,,,,,,,,,,,4,,,,,,8,また行きたい（1年以内）,特になし 食べ物がとても美味しい,KOKOHOTEL Premier 金沢香林坊,同意する,,,,,,,1998,,,,,,
石川,2024/01/21 12:07:55,長野県,男,1958,,100万円以上 200万円未満,夫婦2人,2泊,石川県外には泊まらない,金沢エリア  （湯涌温泉、深谷温泉、犀川温泉など）,2泊,,,,,,,,,新幹線,0,0,1,0,0,0,0,,0,0,0,0,5,雨降りの時に傘を開かずに、目的地の近くまで行く事が出来る。必ず時間毎に巡回しているからありがたいです。,,,2～5回目,"地元の美味しいものを食べる, 名所、旧跡の観光, まちあるき、都市散策",0,0,1,0,1,0,0,0,0,0,1,0,0,0,0,0,0,0,"新聞・雑誌・ガイドブック, Instagram",0,0,0,1,0,0,0,0,0,0,0,0,0,0,0,0,1,0,0,0,0,0,0,0,0,,,,,,"10,000円以上 20,000円未満",,"5,000円以上 10,000円未満",,,,,,,,,,,,5,宿泊時に必要な入浴必需品や他のアメニティーが自分で揃える事が出来る。,宿泊の予約時にこちらから希望していた部屋だった。,,,,8,機会があれば行きたい,のどぐろの色々な食べ方を体験して、麩を買って帰り家で金沢おでんを作ってみる。 街中でどの観光地に行くにも徒歩やバス利用できるから。,KOKOHOTEL Premier 金沢香林坊,同意する,,金沢市中央卸売市場の道沿いにある食堂。,,主計町の中にあるあかり坂,,,1958,,,,,,
石川,2024/01/21 20:16:08,大阪府,男,1998,,500万円以上 600万円未満,職場の同僚,4泊以上,石川県外には泊まらない,金沢エリア  （湯涌温泉、深谷温泉、犀川温泉など）,4泊以上,,,,,,,,,在来線,0,0,0,1,0,0,0,,0,0,0,0,,,,,初めて,出張など仕事関係,0,0,0,0,0,0,0,0,0,0,0,0,0,0,0,0,1,0,友人・知人,0,0,0,0,0,0,0,0,0,0,0,0,0,0,0,0,0,0,1,0,0,0,0,0,0,,,,,,使わない,,使わない,,,,,,,,,,,,4,,,,,,9,また行きたい（1年以内）,ニューたぬきが美味かった グルメ,KOKOHOTEL Premier 金沢香林坊,同意する,,,,,,,1998,,,,,,
石川,2024/01/21 23:46:40,大阪府,男,1999,,200万円以上 300万円未満,自分ひとり,2泊,石川県外には泊まらない,金沢エリア  （湯涌温泉、深谷温泉、犀川温泉など）,2泊,,,,,,,,,"在来線, サンダーバード",0,0,0,1,0,0,0,,0,0,0,0,4,雨が降っていたため活用機会は少なかったが、レンタサイクルのポート数が少ないため、とても快適に訪れることができた。,,,2～5回目,"宿でのんびり過ごす, 地元の美味しいものを食べる, 花見や紅葉などの自然鑑賞, 名所、旧跡の観光, 買い物、アウトレット, まちあるき、都市散策, 各種体験（手作り、果物狩りなど）",1,0,1,1,1,0,1,0,0,0,1,1,0,0,0,0,0,0,"観光展・物産展, 観光パンフレット・ポスター, インターネット・アプリ, X(旧：Twitter), 観光協会等の案内所",0,0,0,0,0,1,0,0,0,0,1,0,0,0,0,0,0,0,0,0,1,1,1,0,0,,,,,,"10,000円以上 20,000円未満",,"10,000円以上 20,000円未満",,,,,,,,,,,,5,広々とした部屋とバスルームに、豊富なアメニティがあった。また、従業員の方も親切に対応してくださった。,宿泊先としてここを選択して大成功だと思うようなホスピタリティを感じたため。また泊まりたいと言う気持ちや、知り合いに勧めたいとも思った。,,,,10,また行きたい（1年以内）,勝手な願いとして、金沢だけしか訪れていないのですが、このような観光産業や伝統工芸品、昔ながらの街並みを将来世代まで残していって欲しいです。 旅行先の拠点がしっかりしていること、観光産業が発達していること、街の人々のホスピタリティが感じやすいこと。,KOKOHOTEL Premier 金沢香林坊,同意する,,,,,,,1999,,,,,,
石川,2024/01/24 18:26:32,石川県,女,1995,,500万円以上 600万円未満,恋人,1泊,石川県外には泊まらない,金沢エリア  （湯涌温泉、深谷温泉、犀川温泉など）,1泊,,,,,,,,,自家用車,1,0,0,0,0,0,0,,0,0,0,0,,,,,11回目以上,宿でのんびり過ごす,1,0,0,0,0,0,0,0,0,0,0,0,0,0,0,0,0,0,インターネット・アプリ,0,0,0,0,0,0,0,0,0,0,1,0,0,0,0,0,0,0,0,0,0,0,0,0,0,,,,,,"3,000円以上 5,000円未満",,"3,000円以上 5,000円未満",,,,,,,,,,,,5,,いつも綺麗で、スタッフと親切,,,,10,石川県在住,どこもおいしい,KOKOHOTEL Premier 金沢香林坊,同意する,,,,,,,1995,,,,,,
石川,2024/01/26 5:00:30,長崎県,男,1999,,600万円以上 700万円未満,職場の同僚,4泊以上,石川県外には泊まらない,金沢エリア  （湯涌温泉、深谷温泉、犀川温泉など）,4泊以上,,,,,,,,,在来線,0,0,0,1,0,0,0,,0,0,0,0,2,全国の交通ICが使えないため、バス利用が不便,,,初めて,出張など仕事関係,0,0,0,0,0,0,0,0,0,0,0,0,0,0,0,0,1,0,インターネット・アプリ,0,0,0,0,0,0,0,0,0,0,1,0,0,0,0,0,0,0,0,0,0,0,0,0,0,,,,,,"10,000円以上 20,000円未満",,"10,000円以上 20,000円未満",,,,,,,,,,,,3,非常に綺麗で気分が上がる。暖房が暖まりにくい,暖房以外は最高でした,,,,10,また行きたい（1年以内）,特になし。 街全体があたたかい。,KOKOHOTEL Premier 金沢香林坊,同意する,,,,,,,1999,,,,,,
石川,2024/01/26 19:13:36,埼玉県,男,1981,,600万円以上 700万円未満,自分ひとり,4泊以上,福井県,金沢エリア  （湯涌温泉、深谷温泉、犀川温泉など）,4泊以上,,,,,,,,,新幹線,0,0,1,0,0,0,0,,0,0,0,0,5,ホテルの前に停留場があった為,,,2～5回目,出張など仕事関係,0,0,0,0,0,0,0,0,0,0,0,0,0,0,0,0,1,0,インターネット・アプリ,0,0,0,0,0,0,0,0,0,0,1,0,0,0,0,0,0,0,0,0,0,0,0,0,0,,,,,,"50,000円以上 100,000円未満",,"50,000円以上 100,000円未満",,,,,,,,,,,,4,きれい,,,,,10,また行きたい（1年以内）,グルメ,KOKOHOTEL Premier 金沢香林坊,同意する,,買い物をしたかったから,,,,,1981,,,,,,
石川,2024/01/27 9:02:29,北海道,男,1982,,600万円以上 700万円未満,職場の同僚,1泊,石川県外には泊まらない,加賀エリア （山代温泉、山中温泉、片山津温泉、粟津温泉、辰口温泉、加賀市、小松市など）,1泊,,,,,,,,,"レンタカー, 飛行機",0,1,0,0,1,0,0,,0,0,0,0,4,スムーズだったから。,,,初めて,出張など仕事関係,0,0,0,0,0,0,0,0,0,0,0,0,0,0,0,0,1,0,インターネット・アプリ,0,0,0,0,0,0,0,0,0,0,1,0,0,0,0,0,0,0,0,0,0,0,0,0,0,,,,,,"10,000円以上 20,000円未満",,"10,000円以上 20,000円未満",,,,,,,,,,,,5,スタッフの方がとても親切だった。,くつろがことができた。,,,,8,機会があれば行きたい,特になし。 時間があれば観光したかった。人柄が良かった。,KOKOHOTEL Premier 金沢香林坊,同意する,,旅行ではなく、時間もなかった。,,時間がない,,,1982,,,,,,
石川,2024/01/27 22:42:33,大阪府,女,1982,,"1,500万円以上",友人,3泊,岐阜県,金沢エリア  （湯涌温泉、深谷温泉、犀川温泉など）,3泊,,,,,,,,,新幹線,0,0,1,0,0,0,0,,0,0,0,0,4,,,,初めて,"名所、旧跡の観光, テーマパーク（遊園地、動物園、博物館など）, お祭りやイベントへの参加・見物",0,0,0,0,1,1,0,1,0,0,0,0,0,0,0,0,0,0,"観光展・物産展, Instagram, Facebook, 友人・知人",1,0,0,1,0,0,0,0,0,0,0,0,0,0,0,0,0,0,1,0,0,0,1,0,0,,,,,,"10,000円以上 20,000円未満",,"20,000円以上 30,000円未満",,,,,,,,,,,,5,,,,,,9,また行きたい（1年以内）,Beautiful city,KOKOHOTEL Premier 金沢香林坊,同意する,,,,,,,1982,,,,,,
石川,2024/01/28 0:52:13,福岡県,男,1981,,600万円以上 700万円未満,自分ひとり,2泊,石川県外には泊まらない,金沢エリア  （湯涌温泉、深谷温泉、犀川温泉など）,2泊,,,,,,,,,"新幹線, 在来線",0,0,1,1,0,0,0,,0,0,0,0,1,交通系ICが使えず精算が面倒だった。,,,初めて,"宿でのんびり過ごす, 地元の美味しいものを食べる, 花見や紅葉などの自然鑑賞, 名所、旧跡の観光, お祭りやイベントへの参加・見物, まちあるき、都市散策",1,0,1,1,1,0,0,1,0,0,1,0,0,0,0,0,0,0,"観光パンフレット・ポスター, 観光連盟やDMOのHP, 観光協会等の案内所",0,0,0,0,0,0,0,0,0,0,0,0,0,0,0,0,0,0,0,0,1,1,0,1,0,,,,,,"20,000円以上 30,000円未満",,"1,000円未満",,,,,,,,,,,,3,可もなく不可もなく。ただし外国人団体客は煩い。,設備は値段相応,,,,4,機会があれば行きたい,どの観光地にも言えることですが、外国人向けの商売を続けるのはそろそろ辞めた方が良いと思います。,KOKOHOTEL Premier 金沢香林坊,同意する,,,,,,,1981,,,,,,
石川,2024/01/28 14:17:01,栃木県,男,1990,,700万円以上 800万円未満,自分ひとり,4泊以上,富山県,金沢エリア  （湯涌温泉、深谷温泉、犀川温泉など）,4泊以上,,,,,,,,,"新幹線, 在来線",0,0,1,1,0,0,0,,0,0,0,0,3,北陸本線を使用しましたが、車内は暖かく良かったですが、本数が少ないため不便でした。,,,2～5回目,"宿でのんびり過ごす, 地元の美味しいものを食べる, 出張など仕事関係",1,0,1,0,0,0,0,0,0,0,0,0,0,0,0,0,1,0,"インターネット・アプリ, 友人・知人",0,0,0,0,0,0,0,0,0,0,1,0,0,0,0,0,0,0,1,0,0,0,0,0,0,,,,,,"10,000円以上 20,000円未満",,"5,000円以上 10,000円未満",,,,,,,,,,,,5,ウェルカムドリンクが充実している。アメニティが充実している。,館内がきれい。,,,,10,また行きたい（1年以内）,地震の復興割などがあれば回数を増やして訪問したい。 片町のおでん。美味しかったので。,KOKOHOTEL Premier 金沢香林坊,同意する,,,,金沢駅、松葉屋,,,1990,,,,,,
石川,2024/01/28 21:58:43,神奈川県,女,1968,,400万円以上 500万円未満,夫婦2人,2泊,石川県外には泊まらない,金沢エリア  （湯涌温泉、深谷温泉、犀川温泉など）,2泊,,,,,,,,,飛行機,0,0,0,0,1,0,0,,0,0,0,0,5,ホテル前がバス停だったから,,,初めて,"地元の美味しいものを食べる, 名所、旧跡の観光, まちあるき、都市散策",0,0,1,0,1,0,0,0,0,0,1,0,0,0,0,0,0,0,"新聞・雑誌・ガイドブック, TV・ラジオ番組やCM, 観光連盟やDMOのHP",0,0,0,0,0,0,0,0,0,0,0,0,0,0,1,0,1,0,0,0,0,0,0,1,0,,,,,,"10,000円以上 20,000円未満",,"10,000円以上 20,000円未満",,,,,,,,,,,,5,バス停、観光地や飲食店が近くて便利,値段が安いのに綺麗,,,,9,機会があれば行きたい,3年前に能登、七尾が良かったので、海の近くにまた行きたいです。 物産館での和菓子作り体験が、楽しかった。金沢城が思った以上に広くて綺麗だった。,KOKOHOTEL Premier 金沢香林坊,同意する,,金沢駅,,,,,1968,,,,,,
石川,2024/01/28 23:34:44,福岡県,男,1979,,700万円以上 800万円未満,職場の同僚,4泊以上,石川県外には泊まらない,金沢エリア  （湯涌温泉、深谷温泉、犀川温泉など）,4泊以上,,,,,,,,,飛行機,0,0,0,0,1,0,0,,0,0,0,0,4,スムーズに移動できた。,,,初めて,出張など仕事関係,0,0,0,0,0,0,0,0,0,0,0,0,0,0,0,0,1,0,インターネット・アプリ,0,0,0,0,0,0,0,0,0,0,1,0,0,0,0,0,0,0,0,0,0,0,0,0,0,,,,,,"50,000円以上 100,000円未満",,"50,000円以上 100,000円未満",,,,,,,,,,,,4,清潔,もう少し広ければなお良い,,,,10,また行きたい（1年以内）,特になし 復興支援のため,KOKOHOTEL Premier 金沢香林坊,同意する,,,,金沢城跡,,,1979,,,,,,
石川,2024/01/29 23:53:43,山口県,男,1967,,"1,000万円以上 1,200万円未満",職場の同僚,4泊以上,石川県外には泊まらない,金沢エリア  （湯涌温泉、深谷温泉、犀川温泉など）,4泊以上,,,,,,,,,在来線,0,0,0,1,0,0,0,,0,0,0,0,2,バスでICOCAが使えなかった,,,初めて,能登半島地震支援,0,0,0,0,0,0,0,0,0,0,0,0,0,0,0,0,0,0,会社の指定,0,0,0,0,0,0,0,0,0,0,0,0,0,0,0,0,0,0,0,0,0,0,0,0,1,,,,,,"5,000円以上 10,000円未満",,"10,000円以上 20,000円未満",,,,,,,,,,,,5,サービスが素晴らしい。朝食が充実。,部屋が広くゆったりとした夜が過ごせる,,,,10,機会があれば行きたい,いつの間にか高級魚になったノドグロよりも魅力的な食べ物が多い。能登牡蠣の方がうまい。 兼六園以外の魅力がたくさんあった,KOKOHOTEL Premier 金沢香林坊,同意する,,青の洞窟,,,,,1967,,,,,,
石川,2024/01/31 18:07:22,東京都,男,2003,,200万円以上 300万円未満,恋人,3泊,石川県外には泊まらない,白山エリア （一里野温泉、白峰温泉、白山市など）,3泊,,,,,,,,,新幹線,0,0,1,0,0,0,0,,0,0,0,0,2,ICカードが使えないため,,,初めて,"地元の美味しいものを食べる, 名所、旧跡の観光",0,0,1,0,1,0,0,0,0,0,0,0,0,0,0,0,0,0,インターネット・アプリ,0,0,0,0,0,0,0,0,0,0,1,0,0,0,0,0,0,0,0,0,0,0,0,0,0,,,,,,"20,000円以上 30,000円未満",,"5,000円以上 10,000円未満",,,,,,,,,,,,4,設備が整っているため,ホスピタリティがしっかりしているため,,,,8,また行きたい（1年以内）,アスレチック 街並みが綺麗、人が少ない,KOKOHOTEL Premier 金沢香林坊,同意する,,,,,,,2003,,,,,,
石川,2024/01/31 18:07:34,東京都,女,2002,,400万円以上 500万円未満,恋人,2泊,石川県外には泊まらない,金沢エリア  （湯涌温泉、深谷温泉、犀川温泉など）,2泊,,,,,,,,,新幹線,0,0,1,0,0,0,0,,0,0,0,0,2,北鉄路線バスの支払い方法がICaしかないのが不便だった。,,,初めて,"地元の美味しいものを食べる, 名所、旧跡の観光",0,0,1,0,1,0,0,0,0,0,0,0,0,0,0,0,0,0,インターネット・アプリ,0,0,0,0,0,0,0,0,0,0,1,0,0,0,0,0,0,0,0,0,0,0,0,0,0,,,,,,"10,000円以上 20,000円未満",,使わない,,,,,,,,,,,,5,誤って喫煙で予約してしまったが、禁煙の部屋が空いていたのでそちらに変更して頂いた。丁寧でスムーズな対応でした。,お風呂が綺麗で使いやすかった。,,,,8,また行きたい（1年以内）,特になし 入浴剤などもアメニティとして配布していて良かったから。,KOKOHOTEL Premier 金沢香林坊,同意する,,,,,,,2002,,,,,,
石川,2024/02/02 5:13:39,茨城県,男,1966,,400万円以上 500万円未満,職場の同僚,2泊,石川県外には泊まらない,金沢エリア  （湯涌温泉、深谷温泉、犀川温泉など）,2泊,,,,,,,,,自家用車,1,0,0,0,0,0,0,,0,0,0,0,,満足,,,2～5回目,出張など仕事関係,0,0,0,0,0,0,0,0,0,0,0,0,0,0,0,0,1,0,"観光パンフレット・ポスター, インターネット・アプリ",0,0,0,0,0,0,0,0,0,0,1,0,0,0,0,0,0,0,0,0,1,0,0,0,0,,,,,,"10,000円以上 20,000円未満",,"5,000円以上 10,000円未満",,,,,,,,,,,,4,,,,,,9,また行きたい（1年以内）,特になし,KOKOHOTEL Premier 金沢香林坊,同意する,,,,,,,1966,,,,,,
石川,2024/02/02 9:49:03,石川県,女,1976,,300万円以上 400万円未満,恋人,1泊,石川県外には泊まらない,金沢エリア  （湯涌温泉、深谷温泉、犀川温泉など）,1泊,,,,,,,,,自家用車,1,0,0,0,0,0,0,,0,0,0,0,5,,,,初めて,友人・親戚を訪ねる,0,0,0,0,0,0,0,0,0,0,0,0,0,0,0,0,0,0,インターネット・アプリ,0,0,0,0,0,0,0,0,0,0,1,0,0,0,0,0,0,0,0,0,0,0,0,0,0,,,,,,"5,000円以上 10,000円未満",,"10,000円以上 20,000円未満",,,,,,,,,,,,5,,,,,,10,石川県在住,能登牡蠣食べたい,KOKOHOTEL Premier 金沢香林坊,同意する,,,,,,,1976,,,,,,
石川,2024/02/02 19:58:45,神奈川県,男,1975,,300万円以上 400万円未満,自分ひとり,4泊以上,石川県外には泊まらない,金沢エリア  （湯涌温泉、深谷温泉、犀川温泉など）,4泊以上,,,,,,,,,新幹線,0,0,1,0,0,0,0,,0,0,0,0,5,困ることはなかったから,,,初めて,1.5次避難所支援（介護）,0,0,0,0,0,0,0,0,0,0,0,0,0,0,0,0,0,0,インターネット・アプリ,0,0,0,0,0,0,0,0,0,0,1,0,0,0,0,0,0,0,0,0,0,0,0,0,0,,,,,,"50,000円以上 100,000円未満",,"10,000円以上 20,000円未満",,,,,,,,,,,,5,,,,,,10,また行きたい（1年以内）,特になし 避難所支援のため観光等がわからない。,KOKOHOTEL Premier 金沢香林坊,同意する,,,,,,,1975,,,,,,
石川,2024/02/02 20:36:14,埼玉県,男,2000,,100万円未満,自分ひとり,2泊,石川県外には泊まらない,金沢エリア  （湯涌温泉、深谷温泉、犀川温泉など）,2泊,,,,,,,,,新幹線,0,0,1,0,0,0,0,,0,0,0,0,2,パスモカードを使えないバスもある,,,初めて,"出張など仕事関係, 受験の傍ら",0,0,0,0,0,0,0,0,0,0,0,0,0,0,0,0,1,0,"新聞・雑誌・ガイドブック, TV・ラジオ番組やCM, タクシードライバーや地元の人",0,0,0,0,0,0,0,0,0,0,0,0,0,0,1,0,1,0,0,1,0,0,0,0,0,,,,,,"10,000円以上 20,000円未満",,"10,000円以上 20,000円未満",,,,,,,,,,,,5,きれいで暖かい,サービルがいい,,,,10,また行きたい（1年以内）,地元の料理をもっと宣伝しよう、店が探し難い 立地がいいし、ホテル自体もいい,KOKOHOTEL Premier 金沢香林坊,同意する,,金沢大学キャンパス,,,,,2000,,,,,,
石川,2024/02/03 23:08:37,神奈川県,男,1974,,"1,200万円以上 1,500万円未満",中学生以下連れの家族,1泊,石川県外には泊まらない,金沢エリア  （湯涌温泉、深谷温泉、犀川温泉など）,1泊,,,,,,,,,新幹線,0,0,1,0,0,0,0,,0,0,0,0,4,,,,初めて,名所、旧跡の観光,0,0,0,0,1,0,0,0,0,0,0,0,0,0,0,0,0,0,"観光パンフレット・ポスター, インターネット・アプリ",0,0,0,0,0,0,0,0,0,0,1,0,0,0,0,0,0,0,0,0,1,0,0,0,0,,,,,,"5,000円以上 10,000円未満",,"10,000円以上 20,000円未満",,,,,,,,,,,,5,,,,,,10,機会があれば行きたい,海産物をはじめ美味しいものばかりで、魅力的な観光資源だと思う。,KOKOHOTEL Premier 金沢香林坊,同意する,,,,,,,1974,,,,,,
石川,2024/02/04 18:26:05,兵庫県,男,1985,,700万円以上 800万円未満,職場の同僚,4泊以上,石川県外には泊まらない,金沢エリア  （湯涌温泉、深谷温泉、犀川温泉など）,4泊以上,,,,,,,,,社用車,0,0,0,0,0,0,0,,0,0,0,0,5,時間通りだから   ,,,初めて,出張など仕事関係,0,0,0,0,0,0,0,0,0,0,0,0,0,0,0,0,1,0,会社が予約したので,0,0,0,0,0,0,0,0,0,0,0,0,0,0,0,0,0,0,0,0,0,0,0,0,1,,,,,,"50,000円以上 100,000円未満",,"50,000円以上 100,000円未満",,,,,,,,,,,,5,,,,,,10,機会があれば行きたい,能登牛,KOKOHOTEL Premier 金沢香林坊,同意する,,,,,,,1985,,,,,,
石川,2024/02/07 7:34:52,福岡県,男,1975,,800万円以上 900万円未満,災害支援,4泊以上,石川県外には泊まらない,金沢エリア  （湯涌温泉、深谷温泉、犀川温泉など）,4泊以上,,,,,,,,,"新幹線, 在来線",0,0,1,1,0,0,0,,0,0,0,0,3,,,,初めて,災害支援,0,0,0,0,0,0,0,0,0,0,0,0,0,0,0,0,0,0,インターネット・アプリ,0,0,0,0,0,0,0,0,0,0,1,0,0,0,0,0,0,0,0,0,0,0,0,0,0,,,,,,"50,000円以上 100,000円未満",,"50,000円以上 100,000円未満",,,,,,,,,,,,5,,,,,,10,また行きたい（1年以内）,食べ物が美味しいのでもっとアピールしてほしい,KOKOHOTEL Premier 金沢香林坊,同意する,,,,,,,1975,,,,,,
石川,2024/02/07 20:49:51,静岡県,男,1968,,600万円以上 700万円未満,自分ひとり,4泊以上,石川県外には泊まらない,金沢エリア  （湯涌温泉、深谷温泉、犀川温泉など）,4泊以上,,,,,,,,,"新幹線, 在来線",0,0,1,1,0,0,0,,0,0,0,0,5,街の様子を聞くことができた,,,初めて,"出張など仕事関係, 震災支援",0,0,0,0,0,0,0,0,0,0,0,0,0,0,0,0,1,0,インターネット・アプリ,0,0,0,0,0,0,0,0,0,0,1,0,0,0,0,0,0,0,0,0,0,0,0,0,0,,,,,,"10,000円以上 20,000円未満",,"3,000円以上 5,000円未満",,,,,,,,,,,,4,居心地よかったです。,寝に帰るのがメインでしたが部屋内の施設など満足,,,,10,また行きたい（1年以内）,駅近辺だけでも観光、食事がしたかった 観光、食事を満喫したかった！,KOKOHOTEL Premier 金沢香林坊,同意する,,観光していない…,,仕事と支援のみ。個人でまた来ます！,,,1968,,,,,,
石川,2024/02/08 9:19:31,福井県,男,1974,,"900万円以上 1,000万円未満",自分ひとり,2泊,石川県外には泊まらない,金沢エリア  （湯涌温泉、深谷温泉、犀川温泉など）,2泊,,,,,,,,,自家用車,1,0,0,0,0,0,0,,0,0,0,0,,,,,初めて,出張など仕事関係,0,0,0,0,0,0,0,0,0,0,0,0,0,0,0,0,1,0,X(旧：Twitter),0,0,0,0,0,1,0,0,0,0,0,0,0,0,0,0,0,0,0,0,0,0,0,0,0,,,,,,"5,000円以上 10,000円未満",,"10,000円以上 20,000円未満",,,,,,,,,,,,5,施設が清潔,ウェルカムドリンクに日本酒がある,,,,10,また行きたい（1年以内）,安くて美味しく、とても満足してます 治部煮,KOKOHOTEL Premier 金沢香林坊,同意する,,災害派遣のため,,災害派遣のため,,,1974,,,,,,
石川,2024/02/09 8:15:28,兵庫県,男,1980,,600万円以上 700万円未満,自分ひとり,2泊,富山県,金沢エリア  （湯涌温泉、深谷温泉、犀川温泉など）,1泊,,,,,,,,,社用車,0,0,0,0,0,0,0,,0,0,0,0,3,どちらでもない,,,11回目以上,出張など仕事関係,0,0,0,0,0,0,0,0,0,0,0,0,0,0,0,0,1,0,インターネット・アプリ,0,0,0,0,0,0,0,0,0,0,1,0,0,0,0,0,0,0,0,0,0,0,0,0,0,,,,,,"5,000円以上 10,000円未満",,"5,000円以上 10,000円未満",,,,,,,,,,,,3,どちらでもないから,部屋が汚い,,,,3,また行きたい（1年以内）,今のままで満足 食事,KOKOHOTEL Premier 金沢香林坊,同意する,,香林坊,,すべて訪問済み,,,1980,,,,,,
石川,2024/02/10 22:28:15,愛知県,女,1956,,500万円以上 600万円未満,夫婦と大人の子ども,1泊,石川県外には泊まらない,金沢エリア  （湯涌温泉、深谷温泉、犀川温泉など）,石川県内には宿泊しない,,,,,,,,,"新幹線, 在来線",0,0,1,1,0,0,0,,0,0,0,0,4,タクシーの運転手は普通に親切でした。,,,初めて,"地元の美味しいものを食べる, 名所、旧跡の観光",0,0,1,0,1,0,0,0,0,0,0,0,0,0,0,0,0,0,インターネット・アプリ,0,0,0,0,0,0,0,0,0,0,1,0,0,0,0,0,0,0,0,0,0,0,0,0,0,,,,,,"5,000円以上 10,000円未満",,"1,000円未満",,,,,,,,,,,,5,きちんと最低限のものが揃っていて、受付の人も親切でした。立地が便利。ウェルカムドリンクのサービスが嬉しいでした。,立地が良く、便利で嬉しかったです。,,,,10,また行きたい（1年以内）,新鮮な美味しい魚とお野菜、そして素晴らしい文化芸術歴史の 往復の交通費がついて、ホテルもとてもリーズナブルに予約できて最高でした。,KOKOHOTEL Premier 金沢香林坊,同意する,,,,武家屋敷、大樋焼き美術館,,,1956,,,,,,
石川,2024/02/11 17:40:37,東京都,女,1972,,300万円以上 400万円未満,夫婦2人,1泊,石川県外には泊まらない,金沢エリア  （湯涌温泉、深谷温泉、犀川温泉など）,1泊,,,,,,,,,"新幹線, 在来線",0,0,1,1,0,0,0,,0,0,0,0,5,ホテル側の観光スポットを教えてくれた,,,初めて,"地元の美味しいものを食べる, 名所、旧跡の観光",0,0,1,0,1,0,0,0,0,0,0,0,0,0,0,0,0,0,インターネット・アプリ,0,0,0,0,0,0,0,0,0,0,1,0,0,0,0,0,0,0,0,0,0,0,0,0,0,,,,,,"30,000円以上 40,000円未満",,"30,000円以上 40,000円未満",,,,,,,,,,,,5,アメニティの充実,清潔感がありスタッフの対応も良かった,,,,10,また行きたい（1年以内）,特になし 美味しい食べ物,KOKOHOTEL Premier 金沢香林坊,同意する,,京都,,,,,1972,,,,,,
石川,2024/02/12 20:42:06,大阪府,男,1979,,600万円以上 700万円未満,自分ひとり,1泊,石川県外には泊まらない,金沢エリア  （湯涌温泉、深谷温泉、犀川温泉など）,1泊,,,,,,,,,在来線,0,0,0,1,0,0,0,,0,0,0,0,3,周遊バスが片方運休してた。,,,2～5回目,"地元の美味しいものを食べる, まちあるき、都市散策",0,0,1,0,0,0,0,0,0,0,1,0,0,0,0,0,0,0,"観光展・物産展, インターネット・アプリ",0,0,0,0,0,0,0,0,0,0,1,0,0,0,0,0,0,0,0,0,0,0,1,0,0,,,,,,"5,000円以上 10,000円未満",,使わない,,,,,,,,,,,,1,チェクイン時間（15:30頃）なのに、部屋がまだ準備出来てなくて待ち時間があった。,ウェルカムドリンクのソフトドリンクが少ない。コーヒーがなかった。,,,,5,また行きたい（1年以内）,地元の特産物を使った料理 寿司,KOKOHOTEL Premier 金沢香林坊,同意する,,,,,,,1979,,,,,,
石川,2024/02/13 19:25:31,北海道,女,1998,,200万円以上 300万円未満,職場の同僚,4泊以上,石川県外には泊まらない,金沢エリア  （湯涌温泉、深谷温泉、犀川温泉など）,4泊以上,,,,,,,,,飛行機,0,0,0,0,1,0,0,,0,0,0,0,,,,,初めて,出張など仕事関係,0,0,0,0,0,0,0,0,0,0,0,0,0,0,0,0,1,0,"インターネット・アプリ, Instagram",0,0,0,1,0,0,0,0,0,0,1,0,0,0,0,0,0,0,0,0,0,0,0,0,0,,,,,,"50,000円以上 100,000円未満",,"50,000円以上 100,000円未満",,,,,,,,,,,,5,毎日清掃が入る。ウェルカムドリンクが充実している。,,,,,10,また行きたい（1年以内）,なし ご飯が美味しい。,KOKOHOTEL Premier 金沢香林坊,同意する,,どこにもいっていない。額谷ふれあい体育館,,,,,1998,,,,,,
石川,2024/02/13 21:34:10,富山県,女,2003,,100万円未満,親,1泊,石川県外には泊まらない,金沢エリア  （湯涌温泉、深谷温泉、犀川温泉など）,1泊,,,,,,,,,新幹線,0,0,1,0,0,0,0,,0,0,0,0,3,,,,初めて,宿でのんびり過ごす,1,0,0,0,0,0,0,0,0,0,0,0,0,0,0,0,0,0,インターネット・アプリ,0,0,0,0,0,0,0,0,0,0,1,0,0,0,0,0,0,0,0,0,0,0,0,0,0,,,,,,"10,000円以上 20,000円未満",,使わない,,,,,,,,,,,,4,,,,,,5,機会があれば行きたい,特になし,KOKOHOTEL Premier 金沢香林坊,同意する,,,,,,,2003,,,,,,
石川,2024/02/14 8:46:56,北海道,男,1981,,500万円以上 600万円未満,職場の同僚,4泊以上,石川県外には泊まらない,金沢エリア  （湯涌温泉、深谷温泉、犀川温泉など）,4泊以上,,,,,,,,,"レンタカー, 飛行機",0,1,0,0,1,0,0,,0,0,0,0,5,走りやすい,,,初めて,"出張など仕事関係, 復興支援",0,0,0,0,0,0,0,0,0,0,0,0,0,0,0,0,1,0,"観光展・物産展, インターネット・アプリ",0,0,0,0,0,0,0,0,0,0,1,0,0,0,0,0,0,0,0,0,0,0,1,0,0,,,,,,"50,000円以上 100,000円未満",,"5,000円以上 10,000円未満",,,,,,,,,,,,5,色々行き届いている,不自由がない,,,,10,機会があれば行きたい,海産物 食べ物,KOKOHOTEL Premier 金沢香林坊,同意する,,額谷ふれあい体育館,,帰る,,,1981,,,,,,
石川,2024/02/16 19:43:57,東京都,男,1988,,"1,000万円以上 1,200万円未満",自分ひとり,1泊,福井県,金沢エリア  （湯涌温泉、深谷温泉、犀川温泉など）,1泊,,,,,,,,,新幹線,0,0,1,0,0,0,0,,0,0,0,0,5,親切でした。案内が！,,,2～5回目,宿でのんびり過ごす,1,0,0,0,0,0,0,0,0,0,0,0,0,0,0,0,0,0,X(旧：Twitter),0,0,0,0,0,1,0,0,0,0,0,0,0,0,0,0,0,0,0,0,0,0,0,0,0,,,,,,"5,000円以上 10,000円未満",,"10,000円以上 20,000円未満",,,,,,,,,,,,5,とても丁寧！,とてもきれいで、トイレがよい,,,,10,また行きたい（1年以内）,市場の時間を長くして欲しい！夜とか！ 谷口吉郎建築館の展示！,KOKOHOTEL Premier 金沢香林坊,同意する,,谷口吉郎建築館,,,,,1988,,,,,,
石川,2024/02/16 23:13:20,滋賀県,女,1962,,"1,500万円以上",自分ひとり,3泊,石川県外には泊まらない,金沢エリア  （湯涌温泉、深谷温泉、犀川温泉など）,3泊,,,,,,,,,在来線,0,0,0,1,0,0,0,,0,0,0,0,5,いつもタクシードライバーの感じがいいです,,,11回目以上,"宿でのんびり過ごす, 地元の美味しいものを食べる",1,0,1,0,0,0,0,0,0,0,0,0,0,0,0,0,0,0,インターネット・アプリ,0,0,0,0,0,0,0,0,0,0,1,0,0,0,0,0,0,0,0,0,0,0,0,0,0,,,,,,"30,000円以上 40,000円未満",,"30,000円以上 40,000円未満",,,,,,,,,,,,5,毎回同じホテルを利用。安心して泊まれる。立地も良い,ホテル名は変わったが、部屋が落ち着く。前ホテルから10年くらい利用している,,,,9,また行きたい（1年以内）,歴史あるモノ古いモノと、新しいモノのバランスを大事にしてほしい 海鮮以外にも、イタリアン、フレンチと美味しい店がある。,KOKOHOTEL Premier 金沢香林坊,同意する,,,,,,,1962,,,,,,
石川,2024/02/17 10:07:58,岐阜県,男,1992,,"1,500万円以上",恋人,3泊,岐阜県,金沢エリア  （湯涌温泉、深谷温泉、犀川温泉など）,2泊,,,,,,,,,レンタカー,0,1,0,0,0,0,0,,0,0,0,0,4,,,,初めて,"温泉や露天風呂, 地元の美味しいものを食べる, 名所、旧跡の観光, テーマパーク（遊園地、動物園、博物館など）, 買い物、アウトレット",0,1,1,0,1,1,1,0,0,0,0,0,0,0,0,0,0,0,小红书 Red Book App,0,0,0,0,0,0,0,0,0,0,0,0,0,0,0,0,0,0,0,0,0,0,0,0,1,,,,,,"1,000円以上 3,000円未満",,"10,000円以上 20,000円未満",,,,,,,,,,,,3,朝食は普通で、部屋の面積が小さすぎます,,,,,8,機会があれば行きたい,特になし 兼六園は風景が美しく、交通が便利です。,KOKOHOTEL Premier 金沢香林坊,同意する,,,,,,,1992,,,,,,
石川,2024/02/18 7:59:33,長崎県,女,1996,,300万円以上 400万円未満,職場の同僚,4泊以上,石川県外には泊まらない,金沢エリア  （湯涌温泉、深谷温泉、犀川温泉など）,4泊以上,,,,,,,,,"新幹線, 飛行機",0,0,1,0,1,0,0,,0,0,0,0,4,交通の便が良かった,,,初めて,出張など仕事関係,0,0,0,0,0,0,0,0,0,0,0,0,0,0,0,0,1,0,"インターネット・アプリ, X(旧：Twitter), ブログ",0,0,0,0,0,1,0,0,1,0,1,0,0,0,0,0,0,0,0,0,0,0,0,0,0,,,,,,"50,000円以上 100,000円未満",,"100,000円以上",,,,,,,,,,,,5,朝食が美味しく種類が豊富だった、浴室の作り上ゆっくりと湯船に浸かることができた,6泊したが過ごしやすかった,,,,8,また行きたい（1年以内）,特になし 兼六園が綺麗でホテル近くにあり過ごしやすい,KOKOHOTEL Premier 金沢香林坊,同意する,,,,,,,1996,,,,,,
石川,2024/02/19 10:05:34,石川県,男,1967,,300万円以上 400万円未満,夫婦2人,1泊,石川県外には泊まらない,金沢エリア  （湯涌温泉、深谷温泉、犀川温泉など）,1泊,,,,,,,,,県外から訪れていない（石川県内在住）,0,0,0,0,0,0,0,,0,0,0,0,,,,,初めて,宿でのんびり過ごす,1,0,0,0,0,0,0,0,0,0,0,0,0,0,0,0,0,0,友人・知人,0,0,0,0,0,0,0,0,0,0,0,0,0,0,0,0,0,0,1,0,0,0,0,0,0,,,,,,"10,000円以上 20,000円未満",,"10,000円以上 20,000円未満",,,,,,,,,,,,4,バストイレがセパレートタイプだったから,バストイレがセパレートタイプだったから,,,,8,石川県在住,リアルに地元っぽく  香林坊のど真ん中でいい感じ,KOKOHOTEL Premier 金沢香林坊,同意する,,宿の選択肢があまり無かった,,ゆっくりするための宿泊だから,,,1967,,,,,,
石川,2024/02/19 10:08:42,石川県,女,1971,,300万円以上 400万円未満,夫婦2人,1泊,石川県外には泊まらない,金沢エリア  （湯涌温泉、深谷温泉、犀川温泉など）,1泊,,,,,,,,,自家用車,1,0,0,0,0,0,0,,0,0,0,0,,,,,初めて,友人・親戚を訪ねる,0,0,0,0,0,0,0,0,0,0,0,0,0,0,0,0,0,0,インターネット・アプリ,0,0,0,0,0,0,0,0,0,0,1,0,0,0,0,0,0,0,0,0,0,0,0,0,0,,,,,,"5,000円以上 10,000円未満",,"5,000円以上 10,000円未満",,,,,,,,,,,,4,スタッフの対応が良かった,施設が綺麗,,,,8,石川県在住,地酒飲み比べ 宿泊施設　立地が良く、値段がお値打ち,KOKOHOTEL Premier 金沢香林坊,同意する,,,,,,,1971,,,,,,
石川,2024/02/20 20:07:59,愛知県,男,1978,,"1,000万円以上 1,200万円未満",自分ひとり,1泊,石川県外には泊まらない,金沢エリア  （湯涌温泉、深谷温泉、犀川温泉など）,1泊,,,,,,,,,"新幹線, 在来線",0,0,1,1,0,0,0,,0,0,0,0,4,道もスムーズでストレスなく目的地に着けたから。,,,初めて,出張など仕事関係,0,0,0,0,0,0,0,0,0,0,0,0,0,0,0,0,1,0,インターネット・アプリ,0,0,0,0,0,0,0,0,0,0,1,0,0,0,0,0,0,0,0,0,0,0,0,0,0,,,,,,"5,000円以上 10,000円未満",,"5,000円以上 10,000円未満",,,,,,,,,,,,3,可もなく不可もなく,特になし。,,,,8,また行きたい（1年以内）,海鮮、加賀郷土工芸品。 街並みがきれいで食べ物が美味しいから。,KOKOHOTEL Premier 金沢香林坊,同意する,,ビジネス目的のみ,,ビジネスのみ。,,,1978,,,,,,
石川,2024/02/20 20:44:14,和歌山県,男,1964,,"1,000万円以上 1,200万円未満",自分ひとり,4泊以上,名古屋,金沢エリア  （湯涌温泉、深谷温泉、犀川温泉など）,3泊,,,,,,,,,"新幹線, 在来線",0,0,1,1,0,0,0,,0,0,0,0,3,疲れる,,,11回目以上,出張など仕事関係,0,0,0,0,0,0,0,0,0,0,0,0,0,0,0,0,1,0,観光展・物産展,0,0,0,0,0,0,0,0,0,0,0,0,0,0,0,0,0,0,0,0,0,0,1,0,0,,,,,,"5,000円以上 10,000円未満",,"50,000円以上 100,000円未満",,,,,,,,,,,,4,特に無し　,綺麗,,,,9,また行きたい（1年以内）,新鮮な食べ物 食べ物　魚など,KOKOHOTEL Premier 金沢香林坊,同意する,,,,,,,1964,,,,,,
石川,2024/02/21 20:14:18,北海道,女,1977,,500万円以上 600万円未満,自分ひとり,2泊,石川県外には泊まらない,金沢エリア  （湯涌温泉、深谷温泉、犀川温泉など）,2泊,,,,,,,,,飛行機,0,0,0,0,1,0,0,,0,0,0,0,3,,,,初めて,出張など仕事関係,0,0,0,0,0,0,0,0,0,0,0,0,0,0,0,0,1,0,インターネット・アプリ,0,0,0,0,0,0,0,0,0,0,1,0,0,0,0,0,0,0,0,0,0,0,0,0,0,,,,,,"10,000円以上 20,000円未満",,使わない,,,,,,,,,,,,4,,,,,,8,機会があれば行きたい,安くておいしい食事,KOKOHOTEL Premier 金沢香林坊,同意する,,,,,,,1977,,,,,,
石川,2024/02/22 0:12:22,大阪府,男,1966,,"1,200万円以上 1,500万円未満",自分ひとり,1泊,石川県外には泊まらない,金沢エリア  （湯涌温泉、深谷温泉、犀川温泉など）,1泊,,,,,,,,,在来線,0,0,0,1,0,0,0,,0,0,0,0,4,公共交通機関が発達していないので、車は利便性が有る。,,,11回目以上,出張など仕事関係,0,0,0,0,0,0,0,0,0,0,0,0,0,0,0,0,1,0,インターネット・アプリ,0,0,0,0,0,0,0,0,0,0,1,0,0,0,0,0,0,0,0,0,0,0,0,0,0,,,,,,"5,000円以上 10,000円未満",,"10,000円以上 20,000円未満",,,,,,,,,,,,4,利便性、綺麗,利便性、綺麗,,,,10,また行きたい（1年以内）,特に無し 食材が新鮮で美味しい。,KOKOHOTEL Premier 金沢香林坊,同意する,,仕事の関係先,,仕事の関係先,,,1966,,,,,,
石川,2024/02/22 18:52:19,石川県,女,1985,,500万円以上 600万円未満,自分ひとり,4泊以上,石川県外には泊まらない,金沢エリア  （湯涌温泉、深谷温泉、犀川温泉など）,4泊以上,,,,,,,,,在来線,0,0,0,1,0,0,0,,0,0,0,0,4,バスの頻度は良いが、Suicaが使えなかった,,,初めて,出張など仕事関係,0,0,0,0,0,0,0,0,0,0,0,0,0,0,0,0,1,0,友人・知人,0,0,0,0,0,0,0,0,0,0,0,0,0,0,0,0,0,0,1,0,0,0,0,0,0,,,,,,"20,000円以上 30,000円未満",,"1,000円未満",,,,,,,,,,,,5,新しい、綺麗、部屋が広い、立地、タオル交換等のサービス、朝食の種類、無料ドリンク(酒類含む)など、全てが良かった,,,,,10,石川県在住,ソウルフードが食べられる飲食店(昔ながらの)にはHPに詳細がなく見つけにくいもの 宿泊料金以上のサービス、クオリティでとても満足だったため,KOKOHOTEL Premier 金沢香林坊,同意する,,,,,,,1985,,,,,,
石川,2024/02/23 20:08:21,茨城県,男,1964,,"1,000万円以上 1,200万円未満",夫婦2人,1泊,石川県外には泊まらない,金沢エリア  （湯涌温泉、深谷温泉、犀川温泉など）,1泊,,,,,,,,,新幹線,0,0,1,0,0,0,0,,0,0,0,0,3,普通です。,,,初めて,"地元の美味しいものを食べる, 名所、旧跡の観光",0,0,1,0,1,0,0,0,0,0,0,0,0,0,0,0,0,0,インターネット・アプリ,0,0,0,0,0,0,0,0,0,0,1,0,0,0,0,0,0,0,0,0,0,0,0,0,0,,,,,,"5,000円以上 10,000円未満",,"5,000円以上 10,000円未満",,,,,,,,,,,,3,普通です。,普通です。,,,,7,機会があれば行きたい,食べ物が美味しい。 食べ物が美味しい。,KOKOHOTEL Premier 金沢香林坊,同意する,,武家屋敷跡,,,,,1964,,,,,,
石川,2024/02/23 22:20:42,愛知県,男,1986,,"900万円以上 1,000万円未満",自分ひとり,2泊,石川県外には泊まらない,金沢エリア  （湯涌温泉、深谷温泉、犀川温泉など）,2泊,,,,,,,,,在来線,0,0,0,1,0,0,0,,0,0,0,0,4,タクシーも台数が多い,,,2～5回目,出張など仕事関係,0,0,0,0,0,0,0,0,0,0,0,0,0,0,0,0,1,0,"TV・ラジオ番組やCM, インターネット・アプリ, Instagram",0,0,0,1,0,0,0,0,0,0,1,0,0,0,1,0,0,0,0,0,0,0,0,0,0,,,,,,"20,000円以上 30,000円未満",,"20,000円以上 30,000円未満",,,,,,,,,,,,4,部屋も綺麗だし、交通の便もいい！！,移動がしやすい,,,,8,また行きたい（1年以内）,特になし 街が綺麗で楽しい,KOKOHOTEL Premier 金沢香林坊,同意する,,,,,,,1986,,,,,,
石川,2024/02/24 22:57:57,東京都,女,1974,,"1,500万円以上",恋人,2泊,石川県外には泊まらない,金沢エリア  （湯涌温泉、深谷温泉、犀川温泉など）,2泊,,,,,,,,,新幹線,0,0,1,0,0,0,0,,0,0,0,0,4,交通の便が良いから,,,2～5回目,地元の美味しいものを食べる,0,0,1,0,0,0,0,0,0,0,0,0,0,0,0,0,0,0,インターネット・アプリ,0,0,0,0,0,0,0,0,0,0,1,0,0,0,0,0,0,0,0,0,0,0,0,0,0,,,,,,"10,000円以上 20,000円未満",,"10,000円以上 20,000円未満",,,,,,,,,,,,4,アメニティが充実、ウェルカムドリンクが美味しい,綺麗,,,,8,また行きたい（1年以内）,地物の野菜、魚、お酒 金沢の観光地へのアクセスが良い,KOKOHOTEL Premier 金沢香林坊,同意する,,,,石川県立図書館,,,1974,,,,,,
石川,2024/02/25 6:09:00,宮城県,男,1975,,800万円以上 900万円未満,自分ひとり,4泊以上,石川県外には泊まらない,金沢エリア  （湯涌温泉、深谷温泉、犀川温泉など）,4泊以上,,,,,,,,,新幹線,0,0,1,0,0,0,0,,0,0,0,0,4,バス停がホテルから近いので快適でした,,,初めて,出張など仕事関係,0,0,0,0,0,0,0,0,0,0,0,0,0,0,0,0,1,0,インターネット・アプリ,0,0,0,0,0,0,0,0,0,0,1,0,0,0,0,0,0,0,0,0,0,0,0,0,0,,,,,,"100,000円以上",,"1,000円未満",,,,,,,,,,,,5,部屋もロビーもスタッフの方も綺麗で慣れない土地での仕事でしたが快適に過ごさせていただきました。,スタッフの対応と施設の設備が素晴らしい。,,,,10,また行きたい（1年以内）,カニ 金沢はとても良いところだと思ったのと、能登半島の復旧に携わり、今後の復興を応援していきたい。,KOKOHOTEL Premier 金沢香林坊,同意する,,石川県庁で災害支援に従事していました,,今度は観光で訪れたいと思います,,,1975,,,,,,
石川,2024/02/25 9:47:41,東京都,男,1972,,800万円以上 900万円未満,恋人,2泊,石川県外には泊まらない,金沢エリア  （湯涌温泉、深谷温泉、犀川温泉など）,2泊,,,,,,,,,新幹線,0,0,1,0,0,0,0,,0,0,0,0,2,支払いが現金なのは不便,,,初めて,"宿でのんびり過ごす, 温泉や露天風呂, 地元の美味しいものを食べる, 花見や紅葉などの自然鑑賞, 名所、旧跡の観光, まちあるき、都市散策",1,1,1,1,1,0,0,0,0,0,1,0,0,0,0,0,0,0,"新聞・雑誌・ガイドブック, インターネット・アプリ",0,0,0,0,0,0,0,0,0,0,1,0,0,0,0,0,1,0,0,0,0,0,0,0,0,,,,,,"40,000円以上 50,000円未満",,"30,000円以上 40,000円未満",,,,,,,,,,,,4,,,,,,5,機会があれば行きたい,インバウンド需要で宿泊施設など連休中は値段が高く気軽に来られる値段設定にして欲しいです。,KOKOHOTEL Premier 金沢香林坊,同意する,,,,,,,1972,,,,,,
石川,2024/02/25 11:26:37,茨城県,男,1970,,"1,000万円以上 1,200万円未満",子供,3泊,石川県外には泊まらない,金沢エリア  （湯涌温泉、深谷温泉、犀川温泉など）,3泊,,,,,,,,,新幹線,0,0,1,0,0,0,0,,0,0,0,0,4,新幹線ですごく早く来ることができた,,,2～5回目,大学受験,0,0,0,0,0,0,0,0,0,0,0,0,0,0,0,0,0,0,インターネット・アプリ,0,0,0,0,0,0,0,0,0,0,1,0,0,0,0,0,0,0,0,0,0,0,0,0,0,,,,,,"20,000円以上 30,000円未満",,"20,000円以上 30,000円未満",,,,,,,,,,,,5,複数回の予約に分かれてしまったが、部屋を融通していただけ、同じ部屋に連泊にする事ができた,部屋が広くきれい,,,,9,機会があれば行きたい,特になし 街の雰囲気がよい,KOKOHOTEL Premier 金沢香林坊,同意する,,,,,,,1970,,,,,,
石川,2024/02/26 10:22:57,兵庫県,男,1975,,700万円以上 800万円未満,夫婦2人,2泊,石川県外には泊まらない,金沢エリア  （湯涌温泉、深谷温泉、犀川温泉など）,2泊,,,,,,,,,自家用車,1,0,0,0,0,0,0,,0,0,0,0,,,,,2～5回目,"宿でのんびり過ごす, 地元の美味しいものを食べる",1,0,1,0,0,0,0,0,0,0,0,0,0,0,0,0,0,0,"インターネット・アプリ, Instagram, Facebook",1,0,0,1,0,0,0,0,0,0,1,0,0,0,0,0,0,0,0,0,0,0,0,0,0,,,,,,"10,000円以上 20,000円未満",,"30,000円以上 40,000円未満",,,,,,,,,,,,4,,ウェルカムドリンク、,,,,6,また行きたい（1年以内）,飲食、観光、土産、全て良し,KOKOHOTEL Premier 金沢香林坊,同意する,,,,,,,1975,,,,,,
石川,2024/02/26 10:23:54,京都府,女,1970,,500万円以上 600万円未満,家族,1泊,石川県外には泊まらない,金沢エリア  （湯涌温泉、深谷温泉、犀川温泉など）,1泊,,,,,,,,,自家用車,1,0,0,0,0,0,0,,0,0,0,0,,,,,初めて,友人・親戚を訪ねる,0,0,0,0,0,0,0,0,0,0,0,0,0,0,0,0,0,0,インターネット・アプリ,0,0,0,0,0,0,0,0,0,0,1,0,0,0,0,0,0,0,0,0,0,0,0,0,0,,,,,,"3,000円以上 5,000円未満",,"3,000円以上 5,000円未満",,,,,,,,,,,,5,とても親切で綺麗な宿泊施設で良かった,フロントの方がとても親切でした。事前に荷物を預かってもらえるか確認した事を次の方に連絡しておいてくださり、お預かりの荷物はどちらですか？と確認していただけて、とても良かったです。,,,,9,また行きたい（1年以内）,棒茶はお土産に良い。美味しいし、日持ちするし。駅前のはす家さんは美味しくて店員さんも感じ良くてとても良かった。 食事は、駅前のはす家さんが良かったです,KOKOHOTEL Premier 金沢香林坊,同意する,,,,金沢城,,,1970,,,,,,
石川,2024/02/26 16:27:31,大阪府,女,1959,,100万円以上 200万円未満,親,1泊,石川県外には泊まらない,金沢エリア  （湯涌温泉、深谷温泉、犀川温泉など）,1泊,,,,,,,,,新幹線,0,0,1,0,0,0,0,,0,0,0,0,,,,,初めて,"宿でのんびり過ごす, 温泉や露天風呂, 地元の美味しいものを食べる, まちあるき、都市散策",1,1,1,0,0,0,0,0,0,0,1,0,0,0,0,0,0,0,インターネット・アプリ,0,0,0,0,0,0,0,0,0,0,1,0,0,0,0,0,0,0,0,0,0,0,0,0,0,,,,,,"5,000円以上 10,000円未満",,"5,000円以上 10,000円未満",,,,,,,,,,,,5,とても綺麗な部屋で、お風呂が広々していてよかった,スッキリしていて綺麗だから,,,,10,また行きたい（1年以内）,魚介類が豊富でとても美味しい。近江町市場が少し金額が高いようであるが美味しいから、我慢できるかな,KOKOHOTEL Premier 金沢香林坊,同意する,,,,,,,1959,,,,,,
石川,2024/02/28 13:25:50,京都府,男,1966,,"1,500万円以上",夫婦2人,2泊,石川県外には泊まらない,金沢エリア  （湯涌温泉、深谷温泉、犀川温泉など）,2泊,,,,,,,,,在来線,0,0,0,1,0,0,0,,0,0,0,0,4,,,,初めて,"地元の美味しいものを食べる, 名所、旧跡の観光",0,0,1,0,1,0,0,0,0,0,0,0,0,0,0,0,0,0,"新聞・雑誌・ガイドブック, 観光パンフレット・ポスター, インターネット・アプリ",0,0,0,0,0,0,0,0,0,0,1,0,0,0,0,0,1,0,0,0,1,0,0,0,0,,,,,,"10,000円以上 20,000円未満",,"10,000円以上 20,000円未満",,,,,,,,,,,,4,,,,,,5,機会があれば行きたい,特になし,KOKOHOTEL Premier 金沢香林坊,同意する,,糀パーク,,,,,1966,,,,,,
石川,2024/02/28 17:53:46,千葉県,男,1978,,"1,200万円以上 1,500万円未満",自分ひとり,1泊,石川県外には泊まらない,金沢エリア  （湯涌温泉、深谷温泉、犀川温泉など）,1泊,,,,,,,,,新幹線,0,0,1,0,0,0,0,,0,0,0,0,5,,,,初めて,出張など仕事関係,0,0,0,0,0,0,0,0,0,0,0,0,0,0,0,0,1,0,"インターネット・アプリ, X(旧：Twitter), Instagram, Facebook",1,0,0,1,0,1,0,0,0,0,1,0,0,0,0,0,0,0,0,0,0,0,0,0,0,,,,,,"20,000円以上 30,000円未満",,"10,000円以上 20,000円未満",,,,,,,,,,,,4,,,,,,10,また行きたい（1年以内）,食べ物が美味しくて充実しているので良いと思います,KOKOHOTEL Premier 金沢香林坊,同意する,,,,,,,1978,,,,,,
石川,2024/02/29 15:39:01,岐阜県,男,1997,,300万円以上 400万円未満,自分ひとり,1泊,石川県外には泊まらない,金沢エリア  （湯涌温泉、深谷温泉、犀川温泉など）,1泊,,,,,,,,,自家用車,1,0,0,0,0,0,0,,0,0,0,0,,,,,初めて,"温泉や露天風呂, 地元の美味しいものを食べる, 花見や紅葉などの自然鑑賞, 出張など仕事関係",0,1,1,1,0,0,0,0,0,0,0,0,0,0,0,0,1,0,"インターネット・アプリ, Instagram",0,0,0,1,0,0,0,0,0,0,1,0,0,0,0,0,0,0,0,0,0,0,0,0,0,,,,,,"5,000円以上 10,000円未満",,"1,000円以上 3,000円未満",,,,,,,,,,,,5,ウェルカムドリンクやアメニティ【髪に優しいシャンプー】あった為,駐車場やフロントでの対応が非常に優しく丁寧で気持ちよかったです。,,,,10,また行きたい（1年以内）,ラーメン、お寿司、お肉 ホテルの高級感やスタッフの対応の良さです。,KOKOHOTEL Premier 金沢香林坊,同意する,,,,,,,1997,,,,,,
石川,2024/03/01 18:56:59,富山県,男,1978,,500万円以上 600万円未満,夫婦2人,2泊,石川県外には泊まらない,金沢エリア  （湯涌温泉、深谷温泉、犀川温泉など）,2泊,,,,,,,,,自家用車,1,0,0,0,0,0,0,,0,0,0,0,,,,,初めて,"宿でのんびり過ごす, 地元の美味しいものを食べる, まちあるき、都市散策",1,0,1,0,0,0,0,0,0,0,1,0,0,0,0,0,0,0,"観光展・物産展, インターネット・アプリ, X(旧：Twitter)",0,0,0,0,0,1,0,0,0,0,1,0,0,0,0,0,0,0,0,0,0,0,1,0,0,,,,,,"10,000円以上 20,000円未満",,"10,000円以上 20,000円未満",,,,,,,,,,,,4,ウェルカムドリンクがあるから,部屋が広くきれい,,,,8,機会があれば行きたい,あまり高級すぎなく美味しい和食店、地域の有名な和菓子 美味しいお店が多いから,KOKOHOTEL Premier 金沢香林坊,同意する,,,,,,,1978,,,,,,
石川,2024/03/03 10:54:59,福井県,女,1969,,"1,000万円以上 1,200万円未満",成人の娘,1泊,石川県外には泊まらない,金沢エリア  （湯涌温泉、深谷温泉、犀川温泉など）,1泊,,,,,,,,,自家用車,1,0,0,0,0,0,0,,0,0,0,0,4,立地もよく便利がいい,,,2～5回目,"宿でのんびり過ごす, 地元の美味しいものを食べる, 買い物、アウトレット",1,0,1,0,0,0,1,0,0,0,0,0,0,0,0,0,0,0,インターネット・アプリ,0,0,0,0,0,0,0,0,0,0,1,0,0,0,0,0,0,0,0,0,0,0,0,0,0,,,,,,"5,000円以上 10,000円未満",,"5,000円以上 10,000円未満",,,,,,,,,,,,4,立地がいい,立地,,,,10,また行きたい（1年以内）,今のままで十分 立地,KOKOHOTEL Premier 金沢香林坊,同意する,,行きつけの料理店,,行きつけの料理店,,,1969,,,,,,
石川,2024/03/03 19:38:41,奈良県,男,1967,,"1,000万円以上 1,200万円未満",家族,1泊,石川県外には泊まらない,金沢エリア  （湯涌温泉、深谷温泉、犀川温泉など）,1泊,,,,,,,,,自家用車,1,0,0,0,0,0,0,,0,0,0,0,,,,,2～5回目,地元の美味しいものを食べる,0,0,1,0,0,0,0,0,0,0,0,0,0,0,0,0,0,0,毎回訪れる,0,0,0,0,0,0,0,0,0,0,0,0,0,0,0,0,0,0,0,0,0,0,0,0,1,,,,,,"5,000円以上 10,000円未満",,"5,000円以上 10,000円未満",,,,,,,,,,,,3,,,,,,10,また行きたい（1年以内）,情緒のある資源を大切にしてください,KOKOHOTEL Premier 金沢香林坊,同意する,,,,,,,1967,,,,,,
石川,2024/03/04 0:44:10,東京都,男,1999,,"1,500万円以上",恋人,1泊,石川県外には泊まらない,金沢エリア  （湯涌温泉、深谷温泉、犀川温泉など）,1泊,,,,,,,,,新幹線,0,0,1,0,0,0,0,,0,0,0,0,5,,,,11回目以上,"宿でのんびり過ごす, 温泉や露天風呂, 名所、旧跡の観光",1,1,0,0,1,0,0,0,0,0,0,0,0,0,0,0,0,0,"観光展・物産展, 新聞・雑誌・ガイドブック, 観光パンフレット・ポスター, インターネット・アプリ, X(旧：Twitter)",0,0,0,0,0,1,0,0,0,0,1,0,0,0,0,0,1,0,0,0,1,0,1,0,0,,,,,,"100,000円以上",,"30,000円以上 40,000円未満",,,,,,,,,,,,5,,,,,,10,また行きたい（1年以内）,テーマパーク,KOKOHOTEL Premier 金沢香林坊,同意する,,,,,,,1999,,,,,,
石川,2024/03/04 17:20:01,東京都,女,1999,,200万円以上 300万円未満,自分ひとり,1泊,石川県外には泊まらない,金沢エリア  （湯涌温泉、深谷温泉、犀川温泉など）,1泊,,,,,,,,,新幹線,0,0,1,0,0,0,0,,0,0,0,0,,,,,2～5回目,"地元の美味しいものを食べる, 名所、旧跡の観光, まちあるき、都市散策",0,0,1,0,1,0,0,0,0,0,1,0,0,0,0,0,0,0,"インターネット・アプリ, Instagram",0,0,0,1,0,0,0,0,0,0,1,0,0,0,0,0,0,0,0,0,0,0,0,0,0,,,,,,"5,000円以上 10,000円未満",,"5,000円以上 10,000円未満",,,,,,,,,,,,5,,,,,,10,また行きたい（1年以内）,海鮮、能登牛、加賀棒茶、体験、観光,KOKOHOTEL Premier 金沢香林坊,同意する,,,,,,,1999,,,,,,
石川,2024/03/04 18:32:19,岐阜県,女,1999,,100万円未満,学校関係（修学旅行・社会科見学等）,1泊,石川県外には泊まらない,金沢エリア  （湯涌温泉、深谷温泉、犀川温泉など）,1泊,,,,,,,,,"新幹線, 在来線",0,0,1,1,0,0,0,,0,0,0,0,3,バスで交通系icが使えなかった,,,初めて,"地元の美味しいものを食べる, 出張など仕事関係",0,0,1,0,0,0,0,0,0,0,0,0,0,0,0,0,1,0,tiktok,0,0,0,0,0,0,0,0,0,0,0,0,0,0,0,0,0,0,0,0,0,0,0,0,1,,,,,,"5,000円以上 10,000円未満",,"1,000円未満",,,,,,,,,,,,4,施設が綺麗だった、朝食が種類が多くて良かった,,,,,9,機会があれば行きたい,金沢駅近くで金箔のソフトクリームが食べれたら良かった 安くて綺麗な施設だったから,KOKOHOTEL Premier 金沢香林坊,同意する,,,,,,,1999,,,,,,
石川,2024/03/06 10:13:30,千葉県,男,1977,,300万円以上 400万円未満,自分ひとり,2泊,石川県外には泊まらない,金沢エリア  （湯涌温泉、深谷温泉、犀川温泉など）,2泊,,,,,,,,,新幹線,0,0,1,0,0,0,0,,0,0,0,0,4,天候が悪く移動手段が限られた,,,2～5回目,地元の美味しいものを食べる,0,0,1,0,0,0,0,0,0,0,0,0,0,0,0,0,0,0,インターネット・アプリ,0,0,0,0,0,0,0,0,0,0,1,0,0,0,0,0,0,0,0,0,0,0,0,0,0,,,,,,"5,000円以上 10,000円未満",,"5,000円以上 10,000円未満",,,,,,,,,,,,5,綺麗で使いやすい場所だから,毎回利用しているから,,,,10,また行きたい（1年以内）,宿泊税は考えものです。また安いホテルがないのでちょくちょくと行くには厳しいと考える なし,KOKOHOTEL Premier 金沢香林坊,同意する,,,,能登半島へ移動したから,,,1977,,,,,,
石川,2024/03/09 2:42:13,北海道,男,2003,,100万円以上 200万円未満,恋人,4泊以上,富山県,金沢エリア  （湯涌温泉、深谷温泉、犀川温泉など）,1泊,,,,,,,,,飛行機,0,0,0,0,1,0,0,,0,0,0,0,4,乗り継ぎなしで空港からホテルまで移動でき、便利だったから。,,,初めて,"地元の美味しいものを食べる, 名所、旧跡の観光",0,0,1,0,1,0,0,0,0,0,0,0,0,0,0,0,0,0,"観光連盟やDMOのHP, インターネット・アプリ",0,0,0,0,0,0,0,0,0,0,1,0,0,0,0,0,0,0,0,0,0,0,0,1,0,,,,,,"3,000円以上 5,000円未満",,"3,000円以上 5,000円未満",,,,,,,,,,,,5,値段が安いにも関わらず、綺麗で比較的広い部屋や浴室、豊富なウェルカムドリンクが楽しめ、快適だったから。,,,,,8,機会があれば行きたい,のどぐろが名物であるが、どの店も値段が高くなかなか手が出しにくい。少量の味見程度で良いので手軽に食べられたら良いなと思った。 のどぐろ飯　値は張るが北陸ならではの食べ物であり、脂がとてものっていて美味しかったから。,KOKOHOTEL Premier 金沢香林坊,同意する,,,,,,,2003,,,,,,
石川,2024/03/09 8:01:52,静岡県,男,1973,,"1,200万円以上 1,500万円未満",自分ひとり,4泊以上,宮城県,金沢エリア  （湯涌温泉、深谷温泉、犀川温泉など）,2泊,,,,,,,,,新幹線,0,0,1,0,0,0,0,,0,0,0,0,5,運転が丁寧だった。,,,初めて,"地元の美味しいものを食べる, スポーツ観戦や芸術鑑賞（コンサート等）, 復興支援",0,0,1,0,0,0,0,0,0,0,0,0,0,0,0,0,0,0,"新聞・雑誌・ガイドブック, インターネット・アプリ",0,0,0,0,0,0,0,0,0,0,1,0,0,0,0,0,1,0,0,0,0,0,0,0,0,,,,,,"30,000円以上 40,000円未満",,"20,000円以上 30,000円未満",,,,,,,,,,,,4,朝食に金沢グルメが一杯あった。,綺麗だった。,,,,7,機会があれば行きたい,特になし。また来ます。 金沢の雰囲気,KOKOHOTEL Premier 金沢香林坊,同意する,,初日は移動のみ,,,,,1973,,,,,,
石川,2024/03/10 11:11:56,大阪府,男,1966,,"1,000万円以上 1,200万円未満",自分ひとり,1泊,石川県外には泊まらない,金沢エリア  （湯涌温泉、深谷温泉、犀川温泉など）,1泊,,,,,,,,,在来線,0,0,0,1,0,0,0,,0,0,0,0,4,,,,11回目以上,出張など仕事関係,0,0,0,0,0,0,0,0,0,0,0,0,0,0,0,0,1,0,友人・知人,0,0,0,0,0,0,0,0,0,0,0,0,0,0,0,0,0,0,1,0,0,0,0,0,0,,,,,,"5,000円以上 10,000円未満",,"1,000円未満",,,,,,,,,,,,5,清潔感あり、宿泊代が手頃。,利便性が高い。,,,,10,また行きたい（1年以内）,新鮮な食材 食材が新鮮で美味しい。,KOKOHOTEL Premier 金沢香林坊,同意する,,かほく市を仕事で訪問,,かほく市を仕事で訪問,,,1966,,,,,,
石川,2024/03/10 16:51:15,大阪府,女,1975,,300万円以上 400万円未満,恋人,2泊,石川県外には泊まらない,金沢エリア  （湯涌温泉、深谷温泉、犀川温泉など）,2泊,,,,,,,,,在来線,0,0,0,1,0,0,0,,0,0,0,0,4,広くて快適,,,2～5回目,地元の美味しいものを食べる,0,0,1,0,0,0,0,0,0,0,0,0,0,0,0,0,0,0,Instagram,0,0,0,1,0,0,0,0,0,0,0,0,0,0,0,0,0,0,0,0,0,0,0,0,0,,,,,,"10,000円以上 20,000円未満",,"10,000円以上 20,000円未満",,,,,,,,,,,,5,,,,,,10,また行きたい（1年以内）,特になし,KOKOHOTEL Premier 金沢香林坊,同意する,,,,,,,1975,,,,,,
石川,2024/03/11 8:53:54,愛知県,女,1997,,600万円以上 700万円未満,夫婦2人,1泊,石川県外には泊まらない,金沢エリア  （湯涌温泉、深谷温泉、犀川温泉など）,1泊,,,,,,,,,自家用車,1,0,0,0,0,0,0,,0,0,0,0,,,,,初めて,友人・親戚を訪ねる,0,0,0,0,0,0,0,0,0,0,0,0,0,0,0,0,0,0,友人・知人,0,0,0,0,0,0,0,0,0,0,0,0,0,0,0,0,0,0,1,0,0,0,0,0,0,,,,,,"5,000円以上 10,000円未満",,"10,000円以上 20,000円未満",,,,,,,,,,,,4,ウェルカムドリンクが嬉しい,,,,,10,また行きたい（1年以内）,特になし 海鮮が美味しい。混みすぎてない,KOKOHOTEL Premier 金沢香林坊,同意する,,,,大野,,,1997,,,,,,
石川,2024/03/11 21:56:40,神奈川県,男,1962,,"1,500万円以上",自分ひとり,1泊,石川県外には泊まらない,金沢エリア  （湯涌温泉、深谷温泉、犀川温泉など）,1泊,,,,,,,,,飛行機,0,0,0,0,1,0,0,,0,0,0,0,4,駅から近い,,,初めて,出張など仕事関係,0,0,0,0,0,0,0,0,0,0,0,0,0,0,0,0,1,0,インターネット・アプリ,0,0,0,0,0,0,0,0,0,0,1,0,0,0,0,0,0,0,0,0,0,0,0,0,0,,,,,,"10,000円以上 20,000円未満",,"10,000円以上 20,000円未満",,,,,,,,,,,,4,スタッフの好対応。,綺麗。リーズナブル。,,,,9,また行きたい（1年以内）,新鮮な魚介類。美味しい日本酒 食事が美味しい。人が優しい。復興支援の意味でも。,KOKOHOTEL Premier 金沢香林坊,同意する,,,,,,,1962,,,,,,
石川,2024/03/13 23:25:49,鳥取県,男,1979,,400万円以上 500万円未満,ボランティア団,4泊以上,石川県外には泊まらない,金沢エリア  （湯涌温泉、深谷温泉、犀川温泉など）,4泊以上,,,,,,,,,旅行会社ツアーバス,0,0,0,0,0,1,0,,0,0,0,0,3,移動時間が長かった。,,,初めて,"出張など仕事関係, 被災地支援",0,0,0,0,0,0,0,0,0,0,0,0,0,0,0,0,1,0,"インターネット・アプリ, X(旧：Twitter)",0,0,0,0,0,1,0,0,0,0,1,0,0,0,0,0,0,0,0,0,0,0,0,0,0,,,,,,"30,000円以上 40,000円未満",,使わない,,,,,,,,,,,,5,アメニティが充実している,部屋が広くてオシャレ,,,,10,また行きたい（1年以内）,値段を書いてほしい 魚が美味しい,KOKOHOTEL Premier 金沢香林坊,同意する,,,,,,,1979,,,,,,
石川,2024/03/14 11:38:44,栃木県,男,1967,,500万円以上 600万円未満,家族4人,2泊,石川県外には泊まらない,金沢エリア  （湯涌温泉、深谷温泉、犀川温泉など）,2泊,,,,,,,,,自家用車,1,0,0,0,0,0,0,,0,0,0,0,,,,,11回目以上,"地元の美味しいものを食べる, 名所、旧跡の観光, まちあるき、都市散策",0,0,1,0,1,0,0,0,0,0,1,0,0,0,0,0,0,0,インターネット・アプリ,0,0,0,0,0,0,0,0,0,0,1,0,0,0,0,0,0,0,0,0,0,0,0,0,0,,,,,,"50,000円以上 100,000円未満",,"50,000円以上 100,000円未満",,,,,,,,,,,,4,片町に近くて便利,経営者が代わりサービスの内容が変わった,,,,8,また行きたい（1年以内）,海産物 一度は来ていい場所だから,KOKOHOTEL Premier 金沢香林坊,同意する,,,,,,,1967,,,,,,
石川,2024/03/14 13:01:53,東京都,女,2003,,100万円未満,自分ひとり,1泊,石川県外には泊まらない,金沢エリア  （湯涌温泉、深谷温泉、犀川温泉など）,1泊,,,,,,,,,夜行バス,0,0,0,0,0,0,0,,0,0,0,0,,,,,初めて,"地元の美味しいものを食べる, 名所、旧跡の観光, テーマパーク（遊園地、動物園、博物館など）, まちあるき、都市散策",0,0,1,0,1,1,0,0,0,0,1,0,0,0,0,0,0,0,"観光パンフレット・ポスター, インターネット・アプリ",0,0,0,0,0,0,0,0,0,0,1,0,0,0,0,0,0,0,0,0,1,0,0,0,0,,,,,,"5,000円以上 10,000円未満",,"5,000円以上 10,000円未満",,,,,,,,,,,,5,綺麗、接客が丁寧でアメニティも充実していて助かりました。,立地が良くて助かりました。お部屋も綺麗で、ホテルスタッフさんの接客も丁寧でよかったと思います。,,,,9,機会があれば行きたい,特になし。 立地が良くで便利でした。,KOKOHOTEL Premier 金沢香林坊,同意する,,,,,,,2003,,,,,,
石川,2024/03/15 16:25:27,滋賀県,女,1962,,"1,500万円以上",自分ひとり,3泊,石川県外には泊まらない,金沢エリア  （湯涌温泉、深谷温泉、犀川温泉など）,3泊,,,,,,,,,在来線,0,0,0,1,0,0,0,,0,0,0,0,4,サンダーバード一本で来たので楽でした,,,11回目以上,"宿でのんびり過ごす, 地元の美味しいものを食べる",1,0,1,0,0,0,0,0,0,0,0,0,0,0,0,0,0,0,"インターネット・アプリ, Instagram, Facebook, タクシードライバーや地元の人",1,0,0,1,0,0,0,0,0,0,1,0,0,0,0,0,0,0,0,1,0,0,0,0,0,,,,,,"40,000円以上 50,000円未満",,"50,000円以上 100,000円未満",,,,,,,,,,,,5,いつも利用している。安心で利便性も良い,静か。アメニティの充実。スタッフの対応。清潔,,,,10,また行きたい（1年以内）,満足しています。これから関西からの来訪が不便なことが心配 食事。海鮮やおでん以外にも美味しいもんがたくさんある。早朝の兼六園,KOKOHOTEL Premier 金沢香林坊,同意する,,,,,,,1962,,,,,,
石川,2024/03/16 19:22:41,静岡県,女,1971,,400万円以上 500万円未満,息子,2泊,石川県外には泊まらない,金沢エリア  （湯涌温泉、深谷温泉、犀川温泉など）,2泊,,,,,,,,,新幹線,0,0,1,0,0,0,0,,0,0,0,0,4,路線バスが15分おきに走っており、スムーズに移動でき計画通り行きたい場所へ行くことができよかったです。,,,初めて,"地元の美味しいものを食べる, 名所、旧跡の観光, まちあるき、都市散策",0,0,1,0,1,0,0,0,0,0,1,0,0,0,0,0,0,0,"新聞・雑誌・ガイドブック, TV・ラジオ番組やCM, インターネット・アプリ",0,0,0,0,0,0,0,0,0,0,1,0,0,0,1,0,1,0,0,0,0,0,0,0,0,,,,,,"50,000円以上 100,000円未満",,"50,000円以上 100,000円未満",,,,,,,,,,,,4,フロントスタッフの方の対応が親切で安心して宿泊できました。,2泊でお掃除をお願いしなかったのですが、バスタオルなど部屋の前に置いて置いてくれ助かりました。,,,,5,機会があれば行きたい,金沢の食器や食べ物はホテルから宅急便で送れるとありがたいです。 街の中で便が良かったが、ホテルから兼六園等見えると勘違いしており景観が良ければ知人にも紹介したいと思う。,KOKOHOTEL Premier 金沢香林坊,同意する,,,,,,,1971,,,,,,
石川,2024/03/17 19:13:42,京都府,男,1962,,600万円以上 700万円未満,夫婦2人,2泊,石川県外には泊まらない,金沢エリア  （湯涌温泉、深谷温泉、犀川温泉など）,2泊,,,,,,,,,自家用車,1,0,0,0,0,0,0,,0,0,0,0,,,,,2～5回目,名所、旧跡の観光,0,0,0,0,1,0,0,0,0,0,0,0,0,0,0,0,0,0,観光展・物産展,0,0,0,0,0,0,0,0,0,0,0,0,0,0,0,0,0,0,0,0,0,0,1,0,0,,,,,,"10,000円以上 20,000円未満",,"40,000円以上 50,000円未満",,,,,,,,,,,,5,リーズナブル,リーズナブル,,,,9,機会があれば行きたい,特になし 特になし,KOKOHOTEL Premier 金沢香林坊,同意する,,,,,,,1962,,,,,,
石川,2024/03/17 22:11:05,大阪府,女,1991,,600万円以上 700万円未満,夫婦2人,1泊,石川県外には泊まらない,金沢エリア  （湯涌温泉、深谷温泉、犀川温泉など）,1泊,,,,,,,,,"新幹線, 在来線",0,0,1,1,0,0,0,,0,0,0,0,4,土曜で車内も大混雑していたが、バスの運賃が100円と安かった為,,,初めて,"地元の美味しいものを食べる, 名所、旧跡の観光, まちあるき、都市散策",0,0,1,0,1,0,0,0,0,0,1,0,0,0,0,0,0,0,インターネット・アプリ,0,0,0,0,0,0,0,0,0,0,1,0,0,0,0,0,0,0,0,0,0,0,0,0,0,,,,,,"10,000円以上 20,000円未満",,"5,000円以上 10,000円未満",,,,,,,,,,,,4,北陸割を宿泊予約時にしていたが、チェックイン時に北陸割は使われますか？と聞かれ、適用されていなかったトラブルはあったが、ウェルカムドリンクのサービスや朝食が美味しかった。,立地がとても良かった。また、お風呂場がトイレとドアで少し区切りがあり、簡単なシャワールームとして使用できた。,,,,8,機会があれば行きたい,特になし 立地とウェルカムドリンクが色々あり、良かった。,KOKOHOTEL Premier 金沢香林坊,同意する,,にし茶屋街、妙立寺,,,,,1991,,,,,,
石川,2024/03/18 17:47:41,石川県,女,1998,,300万円以上 400万円未満,恋人,1泊,石川県外には泊まらない,金沢エリア  （湯涌温泉、深谷温泉、犀川温泉など）,1泊,,,,,,,,,県外から訪れていない（石川県内在住）,0,0,0,0,0,0,0,,0,0,0,0,,,,,2～5回目,"宿でのんびり過ごす, 地元の美味しいものを食べる",1,0,1,0,0,0,0,0,0,0,0,0,0,0,0,0,0,0,友人・知人,0,0,0,0,0,0,0,0,0,0,0,0,0,0,0,0,0,0,1,0,0,0,0,0,0,,,,,,"5,000円以上 10,000円未満",,"3,000円以上 5,000円未満",,,,,,,,,,,,5,,,,,,8,石川県在住,特に無し 香林坊に宿を借りて、片町でのんびり飲みに出かけるのがおすすめです。徒歩圏内に美術館や兼六園、尾山神社やおしゃれなカフェがたくさんあるため翌日のお出かけ場所も充実しています。,KOKOHOTEL Premier 金沢香林坊,同意する,,,,片町,,,1998,,,,,,
石川,2024/03/18 17:49:41,徳島県,女,2001,,100万円未満,恋人,2泊,石川県外には泊まらない,金沢エリア  （湯涌温泉、深谷温泉、犀川温泉など）,2泊,,,,,,,,,"新幹線, 在来線",0,0,1,1,0,0,0,,0,0,0,0,4,スムーズに乗り換えができた,,,初めて,宿でのんびり過ごす,1,0,0,0,0,0,0,0,0,0,0,0,0,0,0,0,0,0,"観光展・物産展, Instagram",0,0,0,1,0,0,0,0,0,0,0,0,0,0,0,0,0,0,0,0,0,0,1,0,0,,,,,,"30,000円以上 40,000円未満",,"10,000円以上 20,000円未満",,,,,,,,,,,,5,綺麗だから,きれいだから,,,,10,また行きたい（1年以内）,特になし,KOKOHOTEL Premier 金沢香林坊,同意する,,,,,,,2001,,,,,,
石川,2024/03/18 22:57:41,和歌山県,その他,1980,,400万円以上 500万円未満,自分ひとり,2泊,石川県外には泊まらない,金沢エリア  （湯涌温泉、深谷温泉、犀川温泉など）,2泊,,,,,,,,,在来線,0,0,0,1,0,0,0,,0,0,0,0,3,バスでICカードが使えなかったため,,,初めて,"地元の美味しいものを食べる, 名所、旧跡の観光, まちあるき、都市散策",0,0,1,0,1,0,0,0,0,0,1,0,0,0,0,0,0,0,インターネット・アプリ,0,0,0,0,0,0,0,0,0,0,1,0,0,0,0,0,0,0,0,0,0,0,0,0,0,,,,,,"20,000円以上 30,000円未満",,使わない,,,,,,,,,,,,5,ウェルカムドリンク、スタッフの対応がよかった,スタッフの対応がよかった,,,,9,機会があれば行きたい,美味しいお寿司 まち歩きが楽しい,KOKOHOTEL Premier 金沢香林坊,同意する,,,,,,,1980,,,,,,
石川,2024/03/19 8:21:11,千葉県,男,1965,,400万円以上 500万円未満,友人,1泊,石川県外には泊まらない,金沢エリア  （湯涌温泉、深谷温泉、犀川温泉など）,1泊,,,,,,,,,新幹線,0,0,1,0,0,0,0,,0,0,0,0,5,運転手さん親切,,,初めて,"買い物、アウトレット, まちあるき、都市散策, 食べ歩き",0,0,0,0,0,0,1,0,0,0,1,0,0,0,0,0,0,0,インターネット・アプリ,0,0,0,0,0,0,0,0,0,0,1,0,0,0,0,0,0,0,0,0,0,0,0,0,0,,,,,,"10,000円以上 20,000円未満",,"10,000円以上 20,000円未満",,,,,,,,,,,,5,きれいな部屋,ロケーションがよい,,,,9,また行きたい（1年以内）,魚に肉、酒旨い 北陸応援,KOKOHOTEL Premier 金沢香林坊,同意する,,,,,,,1965,,,,,,
石川,2024/03/19 9:40:28,石川県,女,1983,,300万円以上 400万円未満,小学生以下連れの家族,1泊,石川県外には泊まらない,金沢エリア  （湯涌温泉、深谷温泉、犀川温泉など）,1泊,,,,,,,,,自家用車,1,0,0,0,0,0,0,,0,0,0,0,,,,,初めて,宿でのんびり過ごす,1,0,0,0,0,0,0,0,0,0,0,0,0,0,0,0,0,0,インターネット・アプリ,0,0,0,0,0,0,0,0,0,0,1,0,0,0,0,0,0,0,0,0,0,0,0,0,0,,,,,,"10,000円以上 20,000円未満",,使わない,,,,,,,,,,,,4,子供用の歯ブラシを追加で頂け良かったです,子供をお風呂に入れるのが少し難しかった,,,,8,石川県在住,特になし ワインなどのサービスとおつまみまであるのがすごいと思いました,KOKOHOTEL Premier 金沢香林坊,同意する,,エムザのキッズセンター,,テルメ金沢,,,1983,,,,,,
石川,2024/03/20 8:39:36,神奈川県,男,1973,,"1,000万円以上 1,200万円未満",夫婦2人,2泊,石川県外には泊まらない,金沢エリア  （湯涌温泉、深谷温泉、犀川温泉など）,2泊,,,,,,,,,"レンタカー, 飛行機",0,1,0,0,1,0,0,,0,0,0,0,4,郊外へのアクセスが便利,,,初めて,"地元の美味しいものを食べる, 名所、旧跡の観光, テーマパーク（遊園地、動物園、博物館など）, まちあるき、都市散策",0,0,1,0,1,1,0,0,0,0,1,0,0,0,0,0,0,0,インターネット・アプリ,0,0,0,0,0,0,0,0,0,0,1,0,0,0,0,0,0,0,0,0,0,0,0,0,0,,,,,,"5,000円以上 10,000円未満",,使わない,,,,,,,,,,,,5,接客対応、フリードリンクサービス,利便性,,,,10,機会があれば行きたい,特になし 利便性、値段、ドリンクサービス,KOKOHOTEL Premier 金沢香林坊,同意する,,金劔宮,,宇宙科学博物館,,,1973,,,,,,
石川,2024/03/20 19:00:42,大阪府,男,1998,,500万円以上 600万円未満,恋人,1泊,石川県外には泊まらない,金沢エリア  （湯涌温泉、深谷温泉、犀川温泉など）,2泊,,,,,,,,,自家用車,1,0,0,0,0,0,0,,0,0,0,0,,,,,2～5回目,宿でのんびり過ごす,1,0,0,0,0,0,0,0,0,0,0,0,0,0,0,0,0,0,友人・知人,0,0,0,0,0,0,0,0,0,0,0,0,0,0,0,0,0,0,1,0,0,0,0,0,0,,,,,,"10,000円以上 20,000円未満",,"5,000円以上 10,000円未満",,,,,,,,,,,,5,,,,,,9,また行きたい（1年以内）,特になし 北陸応援割引,KOKOHOTEL Premier 金沢香林坊,同意する,,,,,,,1998,,,,,,
石川,2024/03/20 19:01:35,大阪府,女,2000,,200万円以上 300万円未満,恋人,1泊,石川県外には泊まらない,金沢エリア  （湯涌温泉、深谷温泉、犀川温泉など）,2泊,,,,,,,,,自家用車,1,0,0,0,0,0,0,,0,0,0,0,,,,,初めて,地元の美味しいものを食べる,0,0,1,0,0,0,0,0,0,0,0,0,0,0,0,0,0,0,インターネット・アプリ,0,0,0,0,0,0,0,0,0,0,1,0,0,0,0,0,0,0,0,0,0,0,0,0,0,,,,,,"20,000円以上 30,000円未満",,"3,000円以上 5,000円未満",,,,,,,,,,,,5,無料のウェルカムドリンクが最高だった,部屋も綺麗！立地もいい,,,,10,また行きたい（1年以内）,海鮮料理を食べたい コスパの良さ、立地の良さ、サービスの良さ,KOKOHOTEL Premier 金沢香林坊,同意する,,,,,,,2000,,,,,,
石川,2024/03/20 21:31:46,神奈川県,女,1972,,"1,000万円以上 1,200万円未満",夫婦2人,2泊,石川県外には泊まらない,金沢エリア  （湯涌温泉、深谷温泉、犀川温泉など）,2泊,,,,,,,,,飛行機,0,0,0,0,1,0,0,,0,0,0,0,5,郊外で行きたい所にレンタカーで行けたので満足,,,初めて,"地元の美味しいものを食べる, 名所、旧跡の観光, テーマパーク（遊園地、動物園、博物館など）",0,0,1,0,1,1,0,0,0,0,0,0,0,0,0,0,0,0,ホテルサイト,0,0,0,0,0,0,0,0,0,0,0,0,0,0,0,0,0,0,0,0,0,0,0,0,1,,,,,,"5,000円以上 10,000円未満",,使わない,,,,,,,,,,,,1,立地が最高、キレイ、不満要素がない,コインランドリーがあると良かったかも,,,,10,また行きたい（1年以内）,金沢市立安江金箔工芸館が休館中で行けずに残念でした。食のレベルが高くて感激しましたし、オシャレなお店も多く、歴史的な街と上手く溶け合っていると感じた所もあり、お若い方達も被災を乗り越えて力を合わせて頑張ってるお話しを聞けて良かったです。石川の歴史的な点をもっと知りたいと思ったし、お若い方達のお店なども探ってみたいと思います。 食べ物が美味しい、京都より人混みが少ないから良い,KOKOHOTEL Premier 金沢香林坊,同意する,,東尋坊、金劔宮,,,,,1972,,,,,,
石川,2024/03/20 23:28:18,東京都,女,1979,,"1,000万円以上 1,200万円未満",自分ひとり,1泊,石川県外には泊まらない,金沢エリア  （湯涌温泉、深谷温泉、犀川温泉など）,1泊,,,,,,,,,新幹線,0,0,1,0,0,0,0,,0,0,0,0,4,,,,2～5回目,出張など仕事関係,0,0,0,0,0,0,0,0,0,0,0,0,0,0,0,0,1,0,インターネット・アプリ,0,0,0,0,0,0,0,0,0,0,1,0,0,0,0,0,0,0,0,0,0,0,0,0,0,,,,,,"10,000円以上 20,000円未満",,"10,000円以上 20,000円未満",,,,,,,,,,,,4,,,,,,10,また行きたい（1年以内）,特になし。現状満足。,KOKOHOTEL Premier 金沢香林坊,同意する,,,,,,,1979,,,,,,
石川,2024/03/23 1:15:55,北海道,女,1971,,200万円以上 300万円未満,夫婦2人,2泊,石川県外には泊まらない,金沢エリア  （湯涌温泉、深谷温泉、犀川温泉など）,2泊,,,,,,,,,"レンタカー, 飛行機",0,1,0,0,1,0,0,,0,0,0,0,4,どこへでも自由に行けるので。,,,初めて,お祭りやイベントへの参加・見物,0,0,0,0,0,0,0,1,0,0,0,0,0,0,0,0,0,0,インターネット・アプリ,0,0,0,0,0,0,0,0,0,0,1,0,0,0,0,0,0,0,0,0,0,0,0,0,0,,,,,,"20,000円以上 30,000円未満",,"1,000円未満",,,,,,,,,,,,4,北陸応援割が使用できた,お部屋が美しい,,,,8,また行きたい（1年以内）,海鮮せんべいが美味しい 北陸応援割が使えた事。,KOKOHOTEL Premier 金沢香林坊,同意する,,こども大学の卒業式に出席するため,,こどもの家に行くため,,,1971,,,,,,
石川,2024/03/23 16:56:52,愛知県,男,1994,,"1,000万円以上 1,200万円未満",夫婦2人,2泊,石川県外には泊まらない,金沢エリア  （湯涌温泉、深谷温泉、犀川温泉など）,2泊,,,,,,,,,自家用車,1,0,0,0,0,0,0,,0,0,0,0,3,車が多くて大変だった。,,,初めて,地元の美味しいものを食べる,0,0,1,0,0,0,0,0,0,0,0,0,0,0,0,0,0,0,"観光展・物産展, Instagram, 友人・知人",0,0,0,1,0,0,0,0,0,0,0,0,0,0,0,0,0,0,1,0,0,0,1,0,0,,,,,,"10,000円以上 20,000円未満",,"30,000円以上 40,000円未満",,,,,,,,,,,,5,ウェルカムドリンで地酒を飲めたから,綺麗で接客が良かった,,,,10,また行きたい（1年以内）,アクティビティがあまりわからなかった。 ご飯が美味しい,KOKOHOTEL Premier 金沢香林坊,同意する,,,,,,,1994,,,,,,
石川,2024/03/23 18:53:40,愛知県,女,1998,,300万円以上 400万円未満,友人,1泊,石川県外には泊まらない,金沢エリア  （湯涌温泉、深谷温泉、犀川温泉など）,1泊,,,,,,,,,自家用車,1,0,0,0,0,0,0,,0,0,0,0,3,中心部での交通が難しい,,,2～5回目,"地元の美味しいものを食べる, 名所、旧跡の観光, まちあるき、都市散策, 各種体験（手作り、果物狩りなど）",0,0,1,0,1,0,0,0,0,0,1,1,0,0,0,0,0,0,Instagram,0,0,0,1,0,0,0,0,0,0,0,0,0,0,0,0,0,0,0,0,0,0,0,0,0,,,,,,"5,000円以上 10,000円未満",,"10,000円以上 20,000円未満",,,,,,,,,,,,5,喫煙ルームでも匂いが気にならなかった,ラウンジの利用ができ楽しかった,,,,7,また行きたい（1年以内）,石川県で有名な何かと流行っているデザイナーとのコラボ商品など 名古屋からのアクセスがいいので遊びに行くにはちょうど良い,KOKOHOTEL Premier 金沢香林坊,同意する,,,,,,,1998,,,,,,
石川,2024/03/23 19:27:16,鳥取県,女,1999,,800万円以上 900万円未満,職場の同僚,4泊以上,石川県外には泊まらない,金沢エリア  （湯涌温泉、深谷温泉、犀川温泉など）,4泊以上,,,,,,,,,旅行会社ツアーバス,0,0,0,0,0,1,0,,0,0,0,0,5,バス移動がしやすかったから,,,初めて,出張など仕事関係,0,0,0,0,0,0,0,0,0,0,0,0,0,0,0,0,1,0,友人・知人,0,0,0,0,0,0,0,0,0,0,0,0,0,0,0,0,0,0,1,0,0,0,0,0,0,,,,,,"50,000円以上 100,000円未満",,"10,000円以上 20,000円未満",,,,,,,,,,,,5,清潔感がありとても綺麗,スタッフの対応もとても良い,,,,10,また行きたい（1年以内）,商業施設がもっとあれば楽しいかなと思った 街並みの綺麗さや落ち着いた雰囲気がとてもよかったから,KOKOHOTEL Premier 金沢香林坊,同意する,,,,,,,1999,,,,,,
石川,2024/03/24 10:26:39,東京都,女,1987,,400万円以上 500万円未満,恋人,1泊,石川県外には泊まらない,金沢エリア  （湯涌温泉、深谷温泉、犀川温泉など）,1泊,,,,,,,,,新幹線,0,0,1,0,0,0,0,,0,0,0,0,,,,,6～10回目,"宿でのんびり過ごす, 温泉や露天風呂",1,1,0,0,0,0,0,0,0,0,0,0,0,0,0,0,0,0,観光展・物産展,0,0,0,0,0,0,0,0,0,0,0,0,0,0,0,0,0,0,0,0,0,0,1,0,0,,,,,,"50,000円以上 100,000円未満",,"50,000円以上 100,000円未満",,,,,,,,,,,,4,,,,,,6,また行きたい（1年以内）,なし,KOKOHOTEL Premier 金沢香林坊,同意する,,,,,,,1987,,,,,,
石川,2024/03/24 12:16:50,愛知県,女,1996,,300万円以上 400万円未満,恋人,2泊,石川県外には泊まらない,金沢エリア  （湯涌温泉、深谷温泉、犀川温泉など）,2泊,,,,,,,,,旅行会社ツアーバス,0,0,0,0,0,1,0,,0,0,0,0,,,,,初めて,"宿でのんびり過ごす, 地元の美味しいものを食べる, 名所、旧跡の観光, まちあるき、都市散策",1,0,1,0,1,0,0,0,0,0,1,0,0,0,0,0,0,0,インターネット・アプリ,0,0,0,0,0,0,0,0,0,0,1,0,0,0,0,0,0,0,0,0,0,0,0,0,0,,,,,,"10,000円以上 20,000円未満",,"5,000円以上 10,000円未満",,,,,,,,,,,,5,とてもきれいで朝食のおでんなど地元の名物があってとても美味しかったです。,きれいで質素で過ごしやすかった,,,,10,機会があれば行きたい,特になし 7年ぶりに旅行にきて、変わってないところと変わってるところが新鮮に感じ、日本の文化の奥深さなども感じられたから。,KOKOHOTEL Premier 金沢香林坊,同意する,,,,,,,1996,,,,,,
石川,2024/03/24 21:47:15,大阪府,女,1969,,500万円以上 600万円未満,友人,1泊,石川県外には泊まらない,金沢エリア  （湯涌温泉、深谷温泉、犀川温泉など）,1泊,,,,,,,,,自家用車,1,0,0,0,0,0,0,,0,0,0,0,,,,,初めて,地元の美味しいものを食べる,0,0,1,0,0,0,0,0,0,0,0,0,0,0,0,0,0,0,インターネット・アプリ,0,0,0,0,0,0,0,0,0,0,1,0,0,0,0,0,0,0,0,0,0,0,0,0,0,,,,,,"10,000円以上 20,000円未満",,使わない,,,,,,,,,,,,4,綺麗,空気清浄機があったほうが良さった,,,,10,また行きたい（1年以内）,とくになし 美味しいものがいっぱいとみるものがたくさんある,KOKOHOTEL Premier 金沢香林坊,同意する,,,,,,,1969,,,,,,
石川,2024/03/24 21:48:41,神奈川県,女,2001,,300万円以上 400万円未満,恋人,1泊,石川県外には泊まらない,金沢エリア  （湯涌温泉、深谷温泉、犀川温泉など）,1泊,,,,,,,,,新幹線,0,0,1,0,0,0,0,,0,0,0,0,4,駅から近い場所に観光地がある,,,初めて,"地元の美味しいものを食べる, 名所、旧跡の観光, まちあるき、都市散策",0,0,1,0,1,0,0,0,0,0,1,0,0,0,0,0,0,0,"インターネット・アプリ, 友人・知人",0,0,0,0,0,0,0,0,0,0,1,0,0,0,0,0,0,0,1,0,0,0,0,0,0,,,,,,"5,000円以上 10,000円未満",,"40,000円以上 50,000円未満",,,,,,,,,,,,4,,,,,,2,機会があれば行きたい,エリア別の食事マップとかあると助かる,KOKOHOTEL Premier 金沢香林坊,同意する,,,,,,,2001,,,,,,
石川,2024/03/26 19:28:48,神奈川県,女,1971,,"1,500万円以上",自分ひとり,2泊,石川県外には泊まらない,金沢エリア  （湯涌温泉、深谷温泉、犀川温泉など）,2泊,,,,,,,,,飛行機,0,0,0,0,1,0,0,,0,0,0,0,4,朝が道が混んでいて思った以上に駅に出るまでに時間が掛かったので。,,,6～10回目,地元の美味しいものを食べる,0,0,1,0,0,0,0,0,0,0,0,0,0,0,0,0,0,0,"インターネット・アプリ, 観光協会等の案内所",0,0,0,0,0,0,0,0,0,0,1,0,0,0,0,0,0,0,0,0,0,1,0,0,0,,,,,,"10,000円以上 20,000円未満",,"10,000円以上 20,000円未満",,,,,,,,,,,,5,ヘアーオイル、ホットココアまであるアメニティが充実,リニューアルしているので綺麗だが、エレベーターが二基しかなく結構待つのと、バスタブ周りのメジが汚かったところが残念,,,,9,また行きたい（1年以内）,やはり寿司、生麩、値段が高くなっていて、もう少し手軽に食べれるようにして欲しい。 日本の小京都と言われるだけあって、なかなか雰囲気飲んだ良い街であるところ。有名な菊一に並ばずに入れて堪能出来たところ。,KOKOHOTEL Premier 金沢香林坊,同意する,,,,,,,1971,,,,,,
石川,2024/03/27 7:50:02,大阪府,男,1955,,"1,200万円以上 1,500万円未満",夫婦2人,1泊,石川県外には泊まらない,金沢エリア  （湯涌温泉、深谷温泉、犀川温泉など）,1泊,,,,,,,,,"新幹線, 在来線",0,0,1,1,0,0,0,,0,0,0,0,3,バス利用の際、交通系カードが使えなかった,,,2～5回目,"地元の美味しいものを食べる, 名所、旧跡の観光, 買い物、アウトレット, まちあるき、都市散策",0,0,1,0,1,0,1,0,0,0,1,0,0,0,0,0,0,0,新聞・雑誌・ガイドブック,0,0,0,0,0,0,0,0,0,0,0,0,0,0,0,0,1,0,0,0,0,0,0,0,0,,,,,,"10,000円以上 20,000円未満",,"1,000円未満",,,,,,,,,,,,3,大浴場がないこと,朝食が充実していた。,,,,6,機会があれば行きたい,魚が新鮮で美味しい 北陸応援割を活用出来ること。朝食が良かったこと,KOKOHOTEL Premier 金沢香林坊,同意する,,,,,,,1955,,,,,,
石川,2024/03/27 10:59:04,秋田県,女,1962,,200万円以上 300万円未満,夫婦2人,4泊以上,静岡,金沢エリア  （湯涌温泉、深谷温泉、犀川温泉など）,2泊,,,,,,,,,自家用車,1,0,0,0,0,0,0,,0,0,0,0,,,,,2～5回目,"地元の美味しいものを食べる, 名所、旧跡の観光, まちあるき、都市散策",0,0,1,0,1,0,0,0,0,0,1,0,0,0,0,0,0,0,インターネット・アプリ,0,0,0,0,0,0,0,0,0,0,1,0,0,0,0,0,0,0,0,0,0,0,0,0,0,,,,,,"10,000円以上 20,000円未満",,"5,000円以上 10,000円未満",,,,,,,,,,,,4,ズームな対応,,,,,10,機会があれば行きたい,お酒なしで楽しめる食事 バスが意外に便利,KOKOHOTEL Premier 金沢香林坊,同意する,,福光屋酒蔵見学,,,,,1962,,,,,,
石川,2024/03/27 18:04:14,茨城県,男,1955,,200万円以上 300万円未満,自分ひとり,3泊,福井県,金沢エリア  （湯涌温泉、深谷温泉、犀川温泉など）,1泊,,,,,,,,,新幹線,0,0,1,0,0,0,0,,0,0,0,0,,,,,初めて,"地元の美味しいものを食べる, 名所、旧跡の観光, テーマパーク（遊園地、動物園、博物館など）",0,0,1,0,1,1,0,0,0,0,0,0,0,0,0,0,0,0,インターネット・アプリ,0,0,0,0,0,0,0,0,0,0,1,0,0,0,0,0,0,0,0,0,0,0,0,0,0,,,,,,"5,000円以上 10,000円未満",,"10,000円以上 20,000円未満",,,,,,,,,,,,4,,,,,,8,機会があれば行きたい,特になし,KOKOHOTEL Premier 金沢香林坊,同意する,,,,,,,1955,,,,,,
石川,2024/03/27 20:27:00,京都府,女,2005,,"900万円以上 1,000万円未満",姉,1泊,石川県外には泊まらない,金沢エリア  （湯涌温泉、深谷温泉、犀川温泉など）,1泊,,,,,,,,,"新幹線, 在来線",0,0,1,1,0,0,0,,0,0,0,0,4,,,,初めて,"地元の美味しいものを食べる, 名所、旧跡の観光, まちあるき、都市散策",0,0,1,0,1,0,0,0,0,0,1,0,0,0,0,0,0,0,Instagram,0,0,0,1,0,0,0,0,0,0,0,0,0,0,0,0,0,0,0,0,0,0,0,0,0,,,,,,"5,000円以上 10,000円未満",,"5,000円以上 10,000円未満",,,,,,,,,,,,5,,,,,,10,また行きたい（1年以内）,体験ができればなお楽しめると思った,KOKOHOTEL Premier 金沢香林坊,同意する,,,,,,,2005,,,,,,
石川,2024/03/28 18:12:57,東京都,女,2001,,600万円以上 700万円未満,妹,1泊,石川県外には泊まらない,金沢エリア  （湯涌温泉、深谷温泉、犀川温泉など）,1泊,,,,,,,,,新幹線,0,0,1,0,0,0,0,,0,0,0,0,5,安く、本数も多かった,,,初めて,"温泉や露天風呂, 地元の美味しいものを食べる, 名所、旧跡の観光, まちあるき、都市散策",0,1,1,0,1,0,0,0,0,0,1,0,0,0,0,0,0,0,"インターネット・アプリ, Instagram",0,0,0,1,0,0,0,0,0,0,1,0,0,0,0,0,0,0,0,0,0,0,0,0,0,,,,,,"5,000円以上 10,000円未満",,使わない,,,,,,,,,,,,5,部屋も綺麗で良かった,アメニティも充実していた,,,,10,また行きたい（1年以内）,ロープウェイやリフトなど、景色を楽しめたらいいなと思います。 食べ物と風情ある街並み,KOKOHOTEL Premier 金沢香林坊,同意する,,,,,,,2001,,,,,,
石川,2024/03/28 23:22:12,東京都,男,1999,,300万円以上 400万円未満,恋人,4泊以上,石川県外には泊まらない,金沢エリア  （湯涌温泉、深谷温泉、犀川温泉など）,4泊以上,,,,,,,,,新幹線,0,0,1,0,0,0,0,,0,0,0,0,2,終電が早すぎる、23時位まであると有難い。,,,初めて,"地元の美味しいものを食べる, 名所、旧跡の観光",0,0,1,0,1,0,0,0,0,0,0,0,0,0,0,0,0,0,"観光展・物産展, 観光パンフレット・ポスター",0,0,0,0,0,0,0,0,0,0,0,0,0,0,0,0,0,0,0,0,1,0,1,0,0,,,,,,"50,000円以上 100,000円未満",,"30,000円以上 40,000円未満",,,,,,,,,,,,3,フロントの対応が少し冷たく感じた。,部屋が綺麗、ロビーの香りが素敵。,,,,8,機会があれば行きたい,九谷焼が好きなので、もう少しPRを頑張っていただいて、金沢のいろんな場所で買えるようにしてほしい。 食事と歴史のある町並み,KOKOHOTEL Premier 金沢香林坊,同意する,,,,,,,1999,,,,,,
石川,2024/03/29 8:45:51,東京都,女,1975,,"1,200万円以上 1,500万円未満",自分ひとり,1泊,富山県,金沢エリア  （湯涌温泉、深谷温泉、犀川温泉など）,1泊,,,,,,,,,新幹線,0,0,1,0,0,0,0,,0,0,0,0,3,タクシー代がもう少し安かったら…,,,初めて,"宿でのんびり過ごす, 地元の美味しいものを食べる, 友人・親戚を訪ねる",1,0,1,0,0,0,0,0,0,0,0,0,0,0,0,0,0,0,"観光連盟やDMOのHP, Instagram",0,0,0,1,0,0,0,0,0,0,0,0,0,0,0,0,0,0,0,0,0,0,0,1,0,,,,,,"10,000円以上 20,000円未満",,"10,000円以上 20,000円未満",,,,,,,,,,,,4,朝食のクオリティをもう少し上げて欲しい,,,,,7,また行きたい（1年以内）,特にぬし,KOKOHOTEL Premier 金沢香林坊,同意する,,townforks coffee ,,金沢駅,,,1975,,,,,,
石川,2024/03/29 8:53:59,東京都,男,1999,,300万円以上 400万円未満,自分ひとり,1泊,石川県外には泊まらない,金沢エリア  （湯涌温泉、深谷温泉、犀川温泉など）,1泊,,,,,,,,,新幹線,0,0,1,0,0,0,0,,0,0,0,0,,,,,2～5回目,"地元の美味しいものを食べる, 名所、旧跡の観光",0,0,1,0,1,0,0,0,0,0,0,0,0,0,0,0,0,0,インターネット・アプリ,0,0,0,0,0,0,0,0,0,0,1,0,0,0,0,0,0,0,0,0,0,0,0,0,0,,,,,,"5,000円以上 10,000円未満",,"5,000円以上 10,000円未満",,,,,,,,,,,,5,今回はたのまなかったが、マッサージがついてて、疲れた際には非常にいいものになると思う。さらに朝食も豪華で良さそうだった。,ベッドも広く、お風呂も気持ちよかった。,,,,10,また行きたい（1年以内）,特になし 住まいの東京から新幹線ですぐに行けて、観光地もあちこちに無いので、旅行しやすい。,KOKOHOTEL Premier 金沢香林坊,同意する,,,,,,,1999,,,,,,
石川,2024/03/30 8:10:09,北海道,男,1963,,600万円以上 700万円未満,恋人,3泊,石川県外には泊まらない,金沢エリア  （湯涌温泉、深谷温泉、犀川温泉など）,3泊,,,,,,,,,飛行機,0,0,0,0,1,0,0,,0,0,0,0,4,楽である,,,11回目以上,宿でのんびり過ごす,1,0,0,0,0,0,0,0,0,0,0,0,0,0,0,0,0,0,インターネット・アプリ,0,0,0,0,0,0,0,0,0,0,1,0,0,0,0,0,0,0,0,0,0,0,0,0,0,,,,,,"20,000円以上 30,000円未満",,"20,000円以上 30,000円未満",,,,,,,,,,,,2,,,,,,7,また行きたい（1年以内）,6時に閉まるのは残念,KOKOHOTEL Premier 金沢香林坊,同意する,,,,,,,1963,,,,,,
石川,2024/03/30 8:45:13,長野県,女,1972,,800万円以上 900万円未満,夫婦2人,1泊,石川県外には泊まらない,金沢エリア  （湯涌温泉、深谷温泉、犀川温泉など）,1泊,,,,,,,,,新幹線,0,0,1,0,0,0,0,,0,0,0,0,4,バスもタクシーも乗ることに困る事ないくらい充実していた,,,初めて,"地元の美味しいものを食べる, 名所、旧跡の観光",0,0,1,0,1,0,0,0,0,0,0,0,0,0,0,0,0,0,インターネット・アプリ,0,0,0,0,0,0,0,0,0,0,1,0,0,0,0,0,0,0,0,0,0,0,0,0,0,,,,,,"5,000円以上 10,000円未満",,"10,000円以上 20,000円未満",,,,,,,,,,,,5,接客とホテルが移動しやすい場所にある,館内静かで過ごせて良かった,,,,5,機会があれば行きたい,特にないです 観光のし易さ,KOKOHOTEL Premier 金沢香林坊,同意する,,,,,,,1972,,,,,,
石川,2024/03/30 16:27:51,広島県,男,1980,,600万円以上 700万円未満,夫婦2人,3泊,富山県,金沢エリア  （湯涌温泉、深谷温泉、犀川温泉など）,1泊,,,,,,,,,自家用車,1,0,0,0,0,0,0,,0,0,0,0,,,,,2～5回目,"地元の美味しいものを食べる, 名所、旧跡の観光",0,0,1,0,1,0,0,0,0,0,0,0,0,0,0,0,0,0,インターネット・アプリ,0,0,0,0,0,0,0,0,0,0,1,0,0,0,0,0,0,0,0,0,0,0,0,0,0,,,,,,"5,000円以上 10,000円未満",,"5,000円以上 10,000円未満",,,,,,,,,,,,4,,,,,,8,機会があれば行きたい,特に無し 観光スポットがたくさんあるから。,KOKOHOTEL Premier 金沢香林坊,同意する,,,,,,,1980,,,,,,
石川,2024/03/30 16:28:49,広島県,女,1984,,800万円以上 900万円未満,夫婦2人,3泊,富山県,金沢エリア  （湯涌温泉、深谷温泉、犀川温泉など）,1泊,,,,,,,,,自家用車,1,0,0,0,0,0,0,,0,0,0,0,,,,,初めて,"地元の美味しいものを食べる, 名所、旧跡の観光, テーマパーク（遊園地、動物園、博物館など）, まちあるき、都市散策",0,0,1,0,1,1,0,0,0,0,1,0,0,0,0,0,0,0,"インターネット・アプリ, Instagram",0,0,0,1,0,0,0,0,0,0,1,0,0,0,0,0,0,0,0,0,0,0,0,0,0,,,,,,"5,000円以上 10,000円未満",,"5,000円以上 10,000円未満",,,,,,,,,,,,4,,,,,,10,また行きたい（1年以内）,地場の物がお安く飲食できるようにしてほしい。,KOKOHOTEL Premier 金沢香林坊,同意する,,,,西茶屋街,,,1984,,,,,,
石川,2024/03/30 20:00:54,神奈川県,女,1992,,"1,000万円以上 1,200万円未満",夫婦2人,1泊,石川県外には泊まらない,金沢エリア  （湯涌温泉、深谷温泉、犀川温泉など）,1泊,,,,,,,,,"新幹線, 在来線",0,0,1,1,0,0,0,,0,0,0,0,4,まちバスを利用できた,,,初めて,"宿でのんびり過ごす, 地元の美味しいものを食べる, 名所、旧跡の観光, まちあるき、都市散策",1,0,1,0,1,0,0,0,0,0,1,0,0,0,0,0,0,0,インターネット・アプリ,0,0,0,0,0,0,0,0,0,0,1,0,0,0,0,0,0,0,0,0,0,0,0,0,0,,,,,,"5,000円以上 10,000円未満",,"5,000円以上 10,000円未満",,,,,,,,,,,,4,ラウンジが使えてよかった,部屋の匂いが気になった,,,,10,機会があれば行きたい,特になし 金沢ならではのグルメが多く楽しめる,KOKOHOTEL Premier 金沢香林坊,同意する,,金沢港、ヤマト糀パーク,,,,,1992,,,,,,
石川,2024/03/31 9:17:20,東京都,男,1980,,"1,200万円以上 1,500万円未満",夫婦2人,1泊,石川県外には泊まらない,金沢エリア  （湯涌温泉、深谷温泉、犀川温泉など）,2泊,,,,,,,,,"新幹線, 飛行機",0,0,1,0,1,0,0,,0,0,0,0,5,小京都としての和を感じる,,,初めて,"名所、旧跡の観光, まちあるき、都市散策, 両親との顔合わせ",0,0,0,0,1,0,0,0,0,0,1,0,0,0,0,0,0,0,Facebook,1,0,0,0,0,0,0,0,0,0,0,0,0,0,0,0,0,0,0,0,0,0,0,0,0,,,,,,"50,000円以上 100,000円未満",,"20,000円以上 30,000円未満",,,,,,,,,,,,5,,,,,,10,また行きたい（1年以内）,金箔を使った料理 武家屋敷,KOKOHOTEL Premier 金沢香林坊,同意する,,,,,,,1980,,,,,,
石川,2024/03/31 22:42:27,富山県,男,1959,,300万円以上 400万円未満,夫婦2人,1泊,石川県外には泊まらない,金沢エリア  （湯涌温泉、深谷温泉、犀川温泉など）,1泊,,,,,,,,,自家用車,1,0,0,0,0,0,0,,0,0,0,0,3,,,,2～5回目,コンサート,0,0,0,0,0,0,0,0,0,0,0,0,0,0,0,0,0,0,インターネット・アプリ,0,0,0,0,0,0,0,0,0,0,1,0,0,0,0,0,0,0,0,0,0,0,0,0,0,,,,,,"20,000円以上 30,000円未満",,"10,000円以上 20,000円未満",,,,,,,,,,,,3,,,,,,6,また行きたい（1年以内）,特になし,KOKOHOTEL Premier 金沢香林坊,同意する,,,,,,,1959,,,,,,
石川,2024/04/01 10:03:05,富山県,女,1961,,100万円以上 200万円未満,夫婦2人,1泊,石川県外には泊まらない,金沢エリア  （湯涌温泉、深谷温泉、犀川温泉など）,1泊,,,,,,,,,自家用車,1,0,0,0,0,0,0,,0,0,0,0,,,,,2～5回目,スポーツ観戦や芸術鑑賞（コンサート等）,0,0,0,0,0,0,0,0,0,0,0,0,0,0,0,0,0,0,インターネット・アプリ,0,0,0,0,0,0,0,0,0,0,1,0,0,0,0,0,0,0,0,0,0,0,0,0,0,,,,,,"10,000円以上 20,000円未満",,"10,000円以上 20,000円未満",,,,,,,,,,,,3,部屋の清掃　埃がたくさんあった,部屋が狭い　,,,,0,また行きたい（1年以内）,魅力のあるものが多く、お土産も喜ばれそうです 尾山神社　綺麗に整えられていて良かった,KOKOHOTEL Premier 金沢香林坊,同意する,,,,,,,1961,,,,,,
石川,2024/04/02 8:17:01,愛知県,男,1966,,200万円以上 300万円未満,夫婦2人,1泊,石川県外には泊まらない,金沢エリア  （湯涌温泉、深谷温泉、犀川温泉など）,1泊,,,,,,,,,"新幹線, 在来線",0,0,1,1,0,0,0,,0,0,0,0,,,,,初めて,"宿でのんびり過ごす, 地元の美味しいものを食べる, 名所、旧跡の観光",1,0,1,0,1,0,0,0,0,0,0,0,0,0,0,0,0,0,インターネット・アプリ,0,0,0,0,0,0,0,0,0,0,1,0,0,0,0,0,0,0,0,0,0,0,0,0,0,,,,,,"5,000円以上 10,000円未満",,使わない,,,,,,,,,,,,5,,,,,,7,機会があれば行きたい,特になし,KOKOHOTEL Premier 金沢香林坊,同意する,,,,,,,1966,,,,,,
石川,2024/04/02 17:06:07,静岡県,男,1983,,700万円以上 800万円未満,家族と奥さんの親2人,2泊,石川県外には泊まらない,金沢エリア  （湯涌温泉、深谷温泉、犀川温泉など）,2泊,,,,,,,,,自家用車,1,0,0,0,0,0,0,,0,0,0,0,,,,,初めて,還暦祝いの旅行,0,0,0,0,0,0,0,0,0,0,0,0,0,0,0,0,0,0,"新聞・雑誌・ガイドブック, インターネット・アプリ",0,0,0,0,0,0,0,0,0,0,1,0,0,0,0,0,1,0,0,0,0,0,0,0,0,,,,,,"10,000円以上 20,000円未満",,"10,000円以上 20,000円未満",,,,,,,,,,,,5,宿泊施設はとてもキレイで、スタッフの接客も素晴らしいです。,フロントの対応も素晴らしく、無料のアメニティも良い。,,,,10,また行きたい（1年以内）,豊富な魚や野菜も、地元の特産品もたくさんあり、恵まれていると思います。お土産も和菓子などたくさんあり、よい観光名所だとおもいました！ 観光名所もたくさんあり、食べ物もおいしいです。,KOKOHOTEL Premier 金沢香林坊,同意する,,,,,,,1983,,,,,,
石川,2024/04/02 19:36:21,大阪府,女,1960,,300万円以上 400万円未満,娘,2泊,京都,金沢エリア  （湯涌温泉、深谷温泉、犀川温泉など）,1泊,,,,,,,,,自家用車,1,0,0,0,0,0,0,,0,0,0,0,,,,,初めて,"地元の美味しいものを食べる, 花見や紅葉などの自然鑑賞",0,0,1,1,0,0,0,0,0,0,0,0,0,0,0,0,0,0,インターネット・アプリ,0,0,0,0,0,0,0,0,0,0,1,0,0,0,0,0,0,0,0,0,0,0,0,0,0,,,,,,"5,000円以上 10,000円未満",,"5,000円以上 10,000円未満",,,,,,,,,,,,3,,,,,,5,また行きたい（1年以内）,金沢おでんは又食べに来たい,KOKOHOTEL Premier 金沢香林坊,同意する,,,,,,,1960,,,,,,
石川,2024/04/03 3:23:58,岡山県,女,2002,,"1,500万円以上",恋人,2泊,石川県外には泊まらない,金沢エリア  （湯涌温泉、深谷温泉、犀川温泉など）,2泊,,,,,,,,,"新幹線, 在来線",0,0,1,1,0,0,0,,0,0,0,0,,,,,初めて,"地元の美味しいものを食べる, 花見や紅葉などの自然鑑賞, 名所、旧跡の観光, 買い物、アウトレット, まちあるき、都市散策",0,0,1,1,1,0,1,0,0,0,1,0,0,0,0,0,0,0,Instagram,0,0,0,1,0,0,0,0,0,0,0,0,0,0,0,0,0,0,0,0,0,0,0,0,0,,,,,,"5,000円以上 10,000円未満",,"30,000円以上 40,000円未満",,,,,,,,,,,,5,,,,,,10,機会があれば行きたい,特になし,KOKOHOTEL Premier 金沢香林坊,同意する,,,,,,,2002,,,,,,
石川,2024/04/04 9:16:31,新潟県,男,1960,,500万円以上 600万円未満,恋人,1泊,石川県外には泊まらない,金沢エリア  （湯涌温泉、深谷温泉、犀川温泉など）,1泊,,,,,,,,,自家用車,1,0,0,0,0,0,0,,0,0,0,0,,,,,初めて,"地元の美味しいものを食べる, 花見や紅葉などの自然鑑賞, まちあるき、都市散策",0,0,1,1,0,0,0,0,0,0,1,0,0,0,0,0,0,0,インターネット・アプリ,0,0,0,0,0,0,0,0,0,0,1,0,0,0,0,0,0,0,0,0,0,0,0,0,0,,,,,,"10,000円以上 20,000円未満",,"20,000円以上 30,000円未満",,,,,,,,,,,,5,,,,,,10,また行きたい（1年以内）,特になし,KOKOHOTEL Premier 金沢香林坊,同意する,,,,,,,1960,,,,,,
石川,2024/04/05 17:40:04,茨城県,女,2002,,"1,000万円以上 1,200万円未満",親,2泊,石川県外には泊まらない,金沢エリア  （湯涌温泉、深谷温泉、犀川温泉など）,2泊,,,,,,,,,"新幹線, 在来線",0,0,1,1,0,0,0,,0,0,0,0,5,たくさん本数があった,,,初めて,"地元の美味しいものを食べる, 名所、旧跡の観光, 各種体験（手作り、果物狩りなど）",0,0,1,0,1,0,0,0,0,0,0,1,0,0,0,0,0,0,"観光展・物産展, インターネット・アプリ, Instagram, 友人・知人",0,0,0,1,0,0,0,0,0,0,1,0,0,0,0,0,0,0,1,0,0,0,1,0,0,,,,,,"10,000円以上 20,000円未満",,使わない,,,,,,,,,,,5,4,N.Ishiharaさんがとても親切にかつ分かりやすく、詳しく案内をしてくださってとてもありがたかったです。夜ご飯のお店への行き方はわざわざ調べて頂いてとても助かったのですが、金沢城公園のライトアップは、昼間は入れる入口が閉まっていたせいで教えていただいた道では行けず、結局ほぼ1周することになってしまいました。今後のためにご確認いただけると幸いです。 4/4の18時頃来ましたが、入口入ってすぐ左の施設？の女性スタッフとドア付近にいた男性スタッフが客の目の前で手を振りあったり、談笑したり、スタッフとお客さんごっこみたいなことをしていたりしていて不快でした。暇なのかなと思います。 部屋の清掃はとても綺麗で良かったです。 ロビーのソファが謎のシミがあってちょっと微妙でした。,立地がいいし、アクセスしやすい。アメニティが多い。部屋はあまり広くないが綺麗。,,,,8,機会があれば行きたい,たまに観光客向けの割高なものがあったのが、仕方ないが驚いた。ひがし茶屋街では甘いものだけでなく、しょっぱいものの軽食や食べ歩き系フードがあると良かった。 水引アクセサリーや和菓子の体験。特に水引アクセサリーはあまり作る機会がなく、場所も近江町市場の近くでやったためよりやすく、とにかく楽しかった,KOKOHOTEL Premier 金沢香林坊,同意する,,,,金沢城公園,,,2002,,,,,,
石川,2024/04/07 7:00:49,新潟県,女,1971,,100万円以上 200万円未満,夫婦2人,2泊,福井県,金沢エリア  （湯涌温泉、深谷温泉、犀川温泉など）,1泊,,,,,,,,,自家用車,1,0,0,0,0,0,0,,0,0,0,0,,,,,初めて,"温泉や露天風呂, 地元の美味しいものを食べる, スポーツ観戦や芸術鑑賞（コンサート等）",0,1,1,0,0,0,0,0,0,0,0,0,0,0,0,0,0,0,インターネット・アプリ,0,0,0,0,0,0,0,0,0,0,1,0,0,0,0,0,0,0,0,0,0,0,0,0,0,,,,,,"10,000円以上 20,000円未満",,"30,000円以上 40,000円未満",,,,,,,,,,,5,5,スタッフが親切でした,ホテルが新しくとても快適でした,,,,10,機会があれば行きたい,特になし 金沢の町の趣ある雰囲気を満喫できました,KOKOHOTEL Premier 金沢香林坊,同意する,,,,,,,1971,,,,,,
石川,2024/04/07 23:53:28,愛知県,男,1968,,"1,200万円以上 1,500万円未満",自分ひとり,4泊以上,富山県,金沢エリア  （湯涌温泉、深谷温泉、犀川温泉など）,4泊以上,,,,,,,,,新幹線,0,0,1,0,0,0,0,,0,0,0,0,3,ホテルを通り越した,,,2～5回目,出張など仕事関係,0,0,0,0,0,0,0,0,0,0,0,0,0,0,0,0,1,0,インターネット・アプリ,0,0,0,0,0,0,0,0,0,0,1,0,0,0,0,0,0,0,0,0,0,0,0,0,0,,,,,,"100,000円以上",,"1,000円未満",,,,,,,,,,,3,3,コインランドリーがあると良い,特に不満なし,,,,8,また行きたい（1年以内）,特になし 桜がきれい,KOKOHOTEL Premier 金沢香林坊,同意する,,,,,,,1968,,,,,,
石川,2024/04/08 18:48:59,神奈川県,女,2001,,100万円未満,恋人,3泊,福井県,加賀エリア （山代温泉、山中温泉、片山津温泉、粟津温泉、辰口温泉、加賀市、小松市など）,2泊,,,,,,,,,"自家用車, 新幹線",1,0,1,0,0,0,0,,0,0,0,0,,,,,初めて,"温泉や露天風呂, 地元の美味しいものを食べる, 花見や紅葉などの自然鑑賞",0,1,1,1,0,0,0,0,0,0,0,0,0,0,0,0,0,0,友人・知人,0,0,0,0,0,0,0,0,0,0,0,0,0,0,0,0,0,0,1,0,0,0,0,0,0,,,,,,"5,000円以上 10,000円未満",,"5,000円以上 10,000円未満",,,,,,,,,,,5,5,,,,,,9,また行きたい（1年以内）,特になし,KOKOHOTEL Premier 金沢香林坊,同意する,,,,,,,2001,,,,,,
石川,2024/04/10 8:13:49,大阪府,女,1973,,400万円以上 500万円未満,夫婦2人,4泊以上,日本各地,金沢エリア  （湯涌温泉、深谷温泉、犀川温泉など）,1泊,,,,,,,,,自家用車,1,0,0,0,0,0,0,,0,0,0,0,,,,,2～5回目,"宿でのんびり過ごす, 花見や紅葉などの自然鑑賞, 名所、旧跡の観光, まちあるき、都市散策",1,0,0,1,1,0,0,0,0,0,1,0,0,0,0,0,0,0,インターネット・アプリ,0,0,0,0,0,0,0,0,0,0,1,0,0,0,0,0,0,0,0,0,0,0,0,0,0,,,,,,"50,000円以上 100,000円未満",,"5,000円以上 10,000円未満",,,,,,,,,,,4,5,ホテルの洗い場が広くて良い。,ウエルカムドリンクサービスが充実していた。,,,,10,機会があれば行きたい,高いグルメだけでなく、下品にならない位のお得なグルメがあれば良い。 街が綺麗。歴史がある。,KOKOHOTEL Premier 金沢香林坊,同意する,,,,気多大社,,,1973,,,,,,
石川,2024/04/11 4:44:55,兵庫県,男,1961,,"1,200万円以上 1,500万円未満",自分ひとり,1泊,富山県,金沢エリア  （湯涌温泉、深谷温泉、犀川温泉など）,1泊,,,,,,,,,自家用車,1,0,0,0,0,0,0,,0,0,0,0,5,親切,,,2～5回目,"宿でのんびり過ごす, 名所、旧跡の観光",1,0,0,0,1,0,0,0,0,0,0,0,0,0,0,0,0,0,"新聞・雑誌・ガイドブック, インターネット・アプリ",0,0,0,0,0,0,0,0,0,0,1,0,0,0,0,0,1,0,0,0,0,0,0,0,0,,,,,,"5,000円以上 10,000円未満",,"5,000円以上 10,000円未満",,,,,,,,,,,5,5,親切,,,,,9,機会があれば行きたい,特に無し,KOKOHOTEL Premier 金沢香林坊,同意する,,,,,,,1961,,,,,,
石川,2024/04/11 8:50:13,京都府,男,1962,,600万円以上 700万円未満,自分ひとり,2泊,石川県外には泊まらない,金沢エリア  （湯涌温泉、深谷温泉、犀川温泉など）,2泊,,,,,,,,,新幹線,0,0,1,0,0,0,0,,0,0,0,0,,,,,2～5回目,宿でのんびり過ごす,1,0,0,0,0,0,0,0,0,0,0,0,0,0,0,0,0,0,インターネット・アプリ,0,0,0,0,0,0,0,0,0,0,1,0,0,0,0,0,0,0,0,0,0,0,0,0,0,,,,,,"20,000円以上 30,000円未満",,"20,000円以上 30,000円未満",,,,,,,,,,,4,2,駐車場の回転が悪い,駐車場が良ければ満足,,,,8,機会があれば行きたい,特になし,KOKOHOTEL Premier 金沢香林坊,同意する,,,,,,,1962,,,,,,
石川,2024/04/11 17:36:04,埼玉県,女,1973,,800万円以上 900万円未満,恋人,4泊以上,沖縄、九州、四国、大阪、京都,金沢エリア  （湯涌温泉、深谷温泉、犀川温泉など）,4泊以上,,,,,,,,,新幹線,0,0,1,0,0,0,0,,0,0,0,0,5,名所を親切にいくつも教えてくれました。,,,初めて,"地元の美味しいものを食べる, 花見や紅葉などの自然鑑賞, 名所、旧跡の観光, まちあるき、都市散策",0,0,1,1,1,0,0,0,0,0,1,0,0,0,0,0,0,0,インターネット・アプリ,0,0,0,0,0,0,0,0,0,0,1,0,0,0,0,0,0,0,0,0,0,0,0,0,0,,,,,,"5,000円以上 10,000円未満",,"40,000円以上 50,000円未満",,,,,,,,,,,5,5,とても清潔で狭すぎず、丁寧に接客していただいています。,清潔なことと、適切なサービス,,,,10,また行きたい（1年以内）,どちらのお店も閉店時間が早かったり、ランチ後からディナーまで閉店したり、週に３日閉店していたりして、レストラン探しに困ることが多かったです。 兼六園が特に桜の時期だったこともあり素晴らしかったことと、市場や茶屋街、武家屋敷跡など見るところも食べるべきものもたくさんあることです。,KOKOHOTEL Premier 金沢香林坊,同意する,,,,,,,1973,,,,,,
石川,2024/04/12 8:22:09,埼玉県,女,1981,,300万円以上 400万円未満,親,2泊,福井県,金沢エリア  （湯涌温泉、深谷温泉、犀川温泉など）,1泊,,,,,,,,,新幹線,0,0,1,0,0,0,0,,0,0,0,0,5,道が混んでいなかった,,,初めて,"地元の美味しいものを食べる, まちあるき、都市散策",0,0,1,0,0,0,0,0,0,0,1,0,0,0,0,0,0,0,インターネット・アプリ,0,0,0,0,0,0,0,0,0,0,1,0,0,0,0,0,0,0,0,0,0,0,0,0,0,,,,,,"5,000円以上 10,000円未満",,使わない,,,,,,,,,,,5,5,きれい,きれい,,,,10,また行きたい（1年以内）,特になし 徒歩圏内で見るところがたくさんある,KOKOHOTEL Premier 金沢香林坊,同意する,,福井県,,,,,1981,,,,,,
石川,2024/04/13 10:15:48,神奈川県,男,1966,,"1,000万円以上 1,200万円未満",職場の同僚,1泊,石川県外には泊まらない,金沢エリア  （湯涌温泉、深谷温泉、犀川温泉など）,1泊,,,,,,,,,新幹線,0,0,1,0,0,0,0,,0,0,0,0,3,タクシーの態度が悪い,,,初めて,"地元の美味しいものを食べる, 出張など仕事関係",0,0,1,0,0,0,0,0,0,0,0,0,0,0,0,0,1,0,インターネット・アプリ,0,0,0,0,0,0,0,0,0,0,1,0,0,0,0,0,0,0,0,0,0,0,0,0,0,,,,,,"10,000円以上 20,000円未満",,"10,000円以上 20,000円未満",,,,,,,,,,,4,5,施設、サービス、食事、ホスピタリティ全て満足,,,,,10,機会があれば行きたい,特になし 県民性,KOKOHOTEL Premier 金沢香林坊,同意する,,,,,,,1966,,,,,,
石川,2024/04/13 17:06:02,東京都,女,1997,,200万円以上 300万円未満,友人,1泊,石川県外には泊まらない,金沢エリア  （湯涌温泉、深谷温泉、犀川温泉など）,1泊,,,,,,,,,新幹線,0,0,1,0,0,0,0,,0,0,0,0,,,,,初めて,"地元の美味しいものを食べる, 花見や紅葉などの自然鑑賞",0,0,1,1,0,0,0,0,0,0,0,0,0,0,0,0,0,0,Instagram,0,0,0,1,0,0,0,0,0,0,0,0,0,0,0,0,0,0,0,0,0,0,0,0,0,,,,,,"5,000円以上 10,000円未満",,使わない,,,,,,,,,,,4,4,,,,,,8,機会があれば行きたい,煎餅,KOKOHOTEL Premier 金沢香林坊,同意する,,,,,,,1997,,,,,,
石川,2024/04/14 8:04:54,栃木県,女,2002,,500万円以上 600万円未満,友人,1泊,石川県外には泊まらない,金沢エリア  （湯涌温泉、深谷温泉、犀川温泉など）,1泊,,,,,,,,,新幹線,0,0,1,0,0,0,0,,0,0,0,0,5,新幹線ですですぐ着く,,,初めて,"地元の美味しいものを食べる, 名所、旧跡の観光",0,0,1,0,1,0,0,0,0,0,0,0,0,0,0,0,0,0,TV・ラジオ番組やCM,0,0,0,0,0,0,0,0,0,0,0,0,0,0,1,0,0,0,0,0,0,0,0,0,0,,,,,,"10,000円以上 20,000円未満",,"10,000円以上 20,000円未満",,,,,,,,,,,5,5,綺麗、スタッフさんが丁寧,綺麗,,,,10,また行きたい（1年以内）,特になし 観光するところがたくさんある,KOKOHOTEL Premier 金沢香林坊,同意する,,,,,,,2002,,,,,,
石川,2024/04/14 13:31:34,北海道,男,1962,,"1,000万円以上 1,200万円未満",夫婦2人,3泊,石川県外には泊まらない,金沢エリア  （湯涌温泉、深谷温泉、犀川温泉など）,3泊,,,,,,,,,"自家用車, 飛行機",1,0,0,0,1,0,0,,0,0,0,0,3,駐車場が、ちょっと高い,,,2～5回目,"宿でのんびり過ごす, 温泉や露天風呂, 地元の美味しいものを食べる, 花見や紅葉などの自然鑑賞, 名所、旧跡の観光, 買い物、アウトレット, アウトドア（海水浴、釣り、登山など）, まちあるき、都市散策",1,1,1,1,1,0,1,0,0,1,1,0,0,0,0,0,0,0,"インターネット・アプリ, 友人・知人",0,0,0,0,0,0,0,0,0,0,1,0,0,0,0,0,0,0,1,0,0,0,0,0,0,,,,,,"10,000円以上 20,000円未満",,"10,000円以上 20,000円未満",,,,,,,,,,,5,4,朝食が良かった,,,,,9,また行きたい（1年以内）,ノドグロが美味しかった。山もキレイ 食事,KOKOHOTEL Premier 金沢香林坊,同意する,,,,,,,1962,,,,,,
石川,2024/04/14 13:33:18,北海道,女,1962,,"1,000万円以上 1,200万円未満",夫婦2人,3泊,石川県外には泊まらない,金沢エリア  （湯涌温泉、深谷温泉、犀川温泉など）,3泊,,,,,,,,,"レンタカー, 飛行機",0,1,0,0,1,0,0,,0,0,0,0,5,レンタカーで快適に移動ができて良かった,,,初めて,"宿でのんびり過ごす, 地元の美味しいものを食べる, 花見や紅葉などの自然鑑賞, 名所、旧跡の観光, 買い物、アウトレット, アウトドア（海水浴、釣り、登山など）, まちあるき、都市散策",1,0,1,1,1,0,1,0,0,1,1,0,0,0,0,0,0,0,インターネット・アプリ,0,0,0,0,0,0,0,0,0,0,1,0,0,0,0,0,0,0,0,0,0,0,0,0,0,,,,,,"20,000円以上 30,000円未満",,"5,000円以上 10,000円未満",,,,,,,,,,,5,5,朝食に野菜や海産物が多く使われていて美味しかった,部屋が綺麗で静か快適でした,,,,10,機会があれば行きたい,特に無し 食事が美味しかった,KOKOHOTEL Premier 金沢香林坊,同意する,,,,,,,1962,,,,,,
石川,2024/04/14 17:53:31,東京都,男,1961,,"1,200万円以上 1,500万円未満",自分ひとり,4泊以上,石川県外には泊まらない,金沢エリア  （湯涌温泉、深谷温泉、犀川温泉など）,4泊以上,,,,,,,,,新幹線,0,0,1,0,0,0,0,,0,0,0,0,4,対応が丁寧だった,,,11回目以上,"宿でのんびり過ごす, 地元の美味しいものを食べる",1,0,1,0,0,0,0,0,0,0,0,0,0,0,0,0,0,0,インターネット・アプリ,0,0,0,0,0,0,0,0,0,0,1,0,0,0,0,0,0,0,0,0,0,0,0,0,0,,,,,,"50,000円以上 100,000円未満",,"50,000円以上 100,000円未満",,,,,,,,,,,4,4,丁寧な対応,妥当な宿泊費用だから,,,,10,また行きたい（1年以内）,このままで観光向けの価格にならないで欲しい 食べ物が美味しくて安い,KOKOHOTEL Premier 金沢香林坊,同意する,,,,,,,1961,,,,,,
石川,2024/04/15 15:52:47,千葉県,女,1993,,"1,000万円以上 1,200万円未満",自分ひとり,1泊,石川県外には泊まらない,金沢エリア  （湯涌温泉、深谷温泉、犀川温泉など）,1泊,,,,,,,,,新幹線,0,0,1,0,0,0,0,,0,0,0,0,,,,,初めて,石川県立美術館での刀剣展示,0,0,0,0,0,0,0,0,0,0,0,0,0,0,0,0,0,0,"友人・知人, Googleマップ",0,1,1,0,0,0,0,0,0,0,0,0,0,0,0,0,0,0,1,0,0,0,0,0,0,,,,,,"40,000円以上 50,000円未満",,"10,000円以上 20,000円未満",,,,,,,,,,,5,4,,,,,,7,機会があれば行きたい,歴史、伝統を重視していたので今の姿で大満足です。ただ気になるものが多いので今回だけでは足りず、また機会を作って訪れたいと思いました。,KOKOHOTEL Premier 金沢香林坊,同意する,,,,,,,1993,,,,,,
石川,2024/04/16 21:00:42,愛知県,男,1993,,500万円以上 600万円未満,職場の同僚,1泊,富山県,金沢エリア  （湯涌温泉、深谷温泉、犀川温泉など）,1泊,,,,,,,,,自家用車,1,0,0,0,0,0,0,,0,0,0,0,,,,,2～5回目,出張など仕事関係,0,0,0,0,0,0,0,0,0,0,0,0,0,0,0,0,1,0,"インターネット・アプリ, 友人・知人",0,0,0,0,0,0,0,0,0,0,1,0,0,0,0,0,0,0,1,0,0,0,0,0,0,,,,,,"5,000円以上 10,000円未満",,"1,000円未満",,,,,,,,,,,5,5,綺麗、ウェルカムドリンクあり,スタッフの対応良い,,,,8,また行きたい（1年以内）,海鮮類、名所観光 見どころ多く、アクセス良い,KOKOHOTEL Premier 金沢香林坊,同意する,,,,,,,1993,,,,,,
石川,2024/04/17 8:48:50,鳥取県,男,1962,,700万円以上 800万円未満,夫婦2人,2泊,石川県外には泊まらない,金沢エリア  （湯涌温泉、深谷温泉、犀川温泉など）,2泊,,,,,,,,,"新幹線, 在来線",0,0,1,1,0,0,0,,0,0,0,0,5,スムーズに移動できた,,,初めて,地元の美味しいものを食べる,0,0,1,0,0,0,0,0,0,0,0,0,0,0,0,0,0,0,インターネット・アプリ,0,0,0,0,0,0,0,0,0,0,1,0,0,0,0,0,0,0,0,0,0,0,0,0,0,,,,,,"5,000円以上 10,000円未満",,"3,000円以上 5,000円未満",,,,,,,,,,,4,4,,,,,,8,機会があれば行きたい,特になし,KOKOHOTEL Premier 金沢香林坊,同意する,,,,,,,1962,,,,,,
石川,2024/04/17 10:27:20,神奈川県,男,1996,,500万円以上 600万円未満,恋人,2泊,石川県外には泊まらない,金沢エリア  （湯涌温泉、深谷温泉、犀川温泉など）,2泊,,,,,,,,,飛行機,0,0,0,0,1,0,0,,0,0,0,0,5,,,,6～10回目,"宿でのんびり過ごす, 地元の美味しいものを食べる",1,0,1,0,0,0,0,0,0,0,0,0,0,0,0,0,0,0,"インターネット・アプリ, X(旧：Twitter), Instagram",0,0,0,1,0,1,0,0,0,0,1,0,0,0,0,0,0,0,0,0,0,0,0,0,0,,,,,,"3,000円以上 5,000円未満",,"30,000円以上 40,000円未満",,,,,,,,,,,5,5,,施設がきれいでアメニティがそろっている,,,,10,また行きたい（1年以内）,美味しいグルメが沢山あるが、一食で満腹になってしまう。少量を多種類食べられる仕組みがあれば嬉しい。 かきのき畑のリトルスパイスというタイ料理屋。最高においしい。,KOKOHOTEL Premier 金沢香林坊,同意する,,もりの里　学生街,,,,,1996,,,,,,
石川,2024/04/18 9:05:31,東京都,男,1971,,"1,000万円以上 1,200万円未満",自分ひとり,2泊,石川県外には泊まらない,白山エリア （一里野温泉、白峰温泉、白山市など）,2泊,,,,,,,,,新幹線,0,0,1,0,0,0,0,,0,0,0,0,5,運転手さんの案内が親切でした,,,初めて,社宅契約,0,0,0,0,0,0,0,0,0,0,0,0,0,0,0,0,0,0,"観光展・物産展, インターネット・アプリ, 友人・知人",0,0,0,0,0,0,0,0,0,0,1,0,0,0,0,0,0,0,1,0,0,0,1,0,0,,,,,,"50,000円以上 100,000円未満",,"5,000円以上 10,000円未満",,,,,,,,,,,5,5,,職員の対応がとても良かった,,,,10,また行きたい（1年以内）,特になし 街を見せたい,KOKOHOTEL Premier 金沢香林坊,同意する,,,,,,,1971,,,,,,
石川,2024/04/18 19:57:40,福井県,女,1992,,700万円以上 800万円未満,友人,2泊,石川県外には泊まらない,金沢エリア  （湯涌温泉、深谷温泉、犀川温泉など）,2泊,,,,,,,,,"自家用車, 新幹線",1,0,1,0,0,0,0,,0,0,0,0,,,,,2～5回目,"温泉や露天風呂, 地元の美味しいものを食べる, まちあるき、都市散策",0,1,1,0,0,0,0,0,0,0,1,0,0,0,0,0,0,0,"新聞・雑誌・ガイドブック, X(旧：Twitter), Instagram",0,0,0,1,0,1,0,0,0,0,0,0,0,0,0,0,1,0,0,0,0,0,0,0,0,,,,,,"10,000円以上 20,000円未満",,使わない,,,,,,,,,,,5,4,,,,,,5,機会があれば行きたい,おでんをもっと食べたい,KOKOHOTEL Premier 金沢香林坊,同意する,,,,山代温泉,,,1992,,,,,,
石川,2024/04/18 20:25:04,千葉県,女,1983,,400万円以上 500万円未満,友人,2泊,石川県外には泊まらない,金沢エリア  （湯涌温泉、深谷温泉、犀川温泉など）,2泊,,,,,,,,,新幹線,0,0,1,0,0,0,0,,0,0,0,0,,,,,2～5回目,"地元の美味しいものを食べる, まちあるき、都市散策",0,0,1,0,0,0,0,0,0,0,1,0,0,0,0,0,0,0,"新聞・雑誌・ガイドブック, インターネット・アプリ, X(旧：Twitter)",0,0,0,0,0,1,0,0,0,0,1,0,0,0,0,0,1,0,0,0,0,0,0,0,0,,,,,,"10,000円以上 20,000円未満",,"10,000円以上 20,000円未満",,,,,,,,,,,5,5,アメニティも充実していてウェルカムドリンクも珍しく美味しいものが多かった,部屋が広く快適,,,,10,機会があれば行きたい,特になし 街歩きが楽しい、特に雑貨巡りが好きなので満足感が高い,KOKOHOTEL Premier 金沢香林坊,同意する,,,,選択なし,,,1983,,,,,,
石川,2024/04/19 7:30:35,兵庫県,男,1972,,500万円以上 600万円未満,友人,1泊,石川県外には泊まらない,金沢エリア  （湯涌温泉、深谷温泉、犀川温泉など）,1泊,,,,,,,,,自家用車,1,0,0,0,0,0,0,,0,0,0,0,,,,,初めて,地元の美味しいものを食べる,0,0,1,0,0,0,0,0,0,0,0,0,0,0,0,0,0,0,新聞・雑誌・ガイドブック,0,0,0,0,0,0,0,0,0,0,0,0,0,0,0,0,1,0,0,0,0,0,0,0,0,,,,,,"10,000円以上 20,000円未満",,"10,000円以上 20,000円未満",,,,,,,,,,,4,5,丁寧で、また来たいと思えるような対応で満足,清潔感、スタッフの感じとても良い,,,,8,機会があれば行きたい,あまり、知らないので、もっとアピールして情報を発信して欲しいです。 食べ物が美味しく、幸せを感じました。人間、美味しい物を食べてる時は幸せを感じるものですね 是非、他の人にも幸せを感じてもらいたいです。,KOKOHOTEL Premier 金沢香林坊,同意する,,,,何処に行くか悩み中、時間的都合で回りきれない,,,1972,,,,,,
石川,2024/04/19 16:27:06,石川県,女,1960,,400万円以上 500万円未満,小学生以下連れの家族,1泊,石川県外には泊まらない,金沢エリア  （湯涌温泉、深谷温泉、犀川温泉など）,1泊,,,,,,,,,県外から訪れていない（石川県内在住）,0,0,0,0,0,0,0,,0,0,0,0,4,バス亭から近い,,,初めて,宿でのんびり過ごす,1,0,0,0,0,0,0,0,0,0,0,0,0,0,0,0,0,0,インターネット・アプリ,0,0,0,0,0,0,0,0,0,0,1,0,0,0,0,0,0,0,0,0,0,0,0,0,0,,,,,,"5,000円以上 10,000円未満",,"5,000円以上 10,000円未満",,,,,,,,,,,3,3,部屋にコーヒーがない,,,,,8,どちらともいえない,金沢おでん,KOKOHOTEL Premier 金沢香林坊,同意する,,,,,,,1960,,,,,,
石川,2024/04/19 16:30:49,石川県,女,1988,,500万円以上 600万円未満,小学生以下連れの家族,1泊,石川県外には泊まらない,金沢エリア  （湯涌温泉、深谷温泉、犀川温泉など）,1泊,,,,,,,,,県外から訪れていない（石川県内在住）,0,0,0,0,0,0,0,,0,0,0,0,,,,,初めて,"宿でのんびり過ごす, 地元の美味しいものを食べる",1,0,1,0,0,0,0,0,0,0,0,0,0,0,0,0,0,0,Instagram,0,0,0,1,0,0,0,0,0,0,0,0,0,0,0,0,0,0,0,0,0,0,0,0,0,,,,,,"5,000円以上 10,000円未満",,"10,000円以上 20,000円未満",,,,,,,,,,,5,3,,,,,,3,石川県在住,特になし,KOKOHOTEL Premier 金沢香林坊,同意する,,,,,,,1988,,,,,,
石川,2024/04/20 22:16:29,栃木県,女,1971,,400万円以上 500万円未満,友人,2泊,石川県外には泊まらない,金沢エリア  （湯涌温泉、深谷温泉、犀川温泉など）,2泊,,,,,,,,,新幹線,0,0,1,0,0,0,0,,0,0,0,0,4,,,,初めて,"地元の美味しいものを食べる, 名所、旧跡の観光",0,0,1,0,1,0,0,0,0,0,0,0,0,0,0,0,0,0,インターネット・アプリ,0,0,0,0,0,0,0,0,0,0,1,0,0,0,0,0,0,0,0,0,0,0,0,0,0,,,,,,"20,000円以上 30,000円未満",,使わない,,,,,,,,,,,4,4,,,,,,8,機会があれば行きたい,伝統を取り入れた、オリジナルのおしゃれな土産 徒歩でいろいろな所に効率よくまわれる,KOKOHOTEL Premier 金沢香林坊,同意する,,,,,,,1971,,,,,,
石川,2024/04/21 21:04:04,神奈川県,女,1997,,400万円以上 500万円未満,親,2泊,石川県外には泊まらない,金沢エリア  （湯涌温泉、深谷温泉、犀川温泉など）,2泊,,,,,,,,,飛行機,0,0,0,0,1,0,0,,0,0,0,0,2,Suicaが使えないのが不便。,,,2～5回目,"地元の美味しいものを食べる, 名所、旧跡の観光",0,0,1,0,1,0,0,0,0,0,0,0,0,0,0,0,0,0,"新聞・雑誌・ガイドブック, Instagram, 友人・知人",0,0,0,1,0,0,0,0,0,0,0,0,0,0,0,0,1,0,1,0,0,0,0,0,0,,,,,,"30,000円以上 40,000円未満",,"50,000円以上 100,000円未満",,,,,,,,,,,5,5,,,,,,7,また行きたい（1年以内）,魚がとにかく美味しかった！観光地も回りやすく、かなり楽しめた。また行きたいし、友達にもすすめたい。,KOKOHOTEL Premier 金沢香林坊,同意する,,,,,,,1997,,,,,,
石川,2024/04/21 21:12:59,群馬県,女,1976,,100万円以上 200万円未満,友人,1泊,石川県外には泊まらない,金沢エリア  （湯涌温泉、深谷温泉、犀川温泉など）,1泊,,,,,,,,,新幹線,0,0,1,0,0,0,0,,0,0,0,0,,,,,初めて,"地元の美味しいものを食べる, 名所、旧跡の観光, まちあるき、都市散策",0,0,1,0,1,0,0,0,0,0,1,0,0,0,0,0,0,0,"新聞・雑誌・ガイドブック, 観光パンフレット・ポスター, インターネット・アプリ, 観光協会等の案内所",0,0,0,0,0,0,0,0,0,0,1,0,0,0,0,0,1,0,0,0,1,1,0,0,0,,,,,,"5,000円以上 10,000円未満",,"10,000円以上 20,000円未満",,,,,,,,,,,5,5,,,,,,10,また行きたい（1年以内）,特になし 子供に伝えたい　夜の街も見せたい,KOKOHOTEL Premier 金沢香林坊,同意する,,,,,,,1976,,,,,,
石川,2024/04/21 21:36:40,神奈川県,女,1972,,500万円以上 600万円未満,娘,2泊,石川県外には泊まらない,金沢エリア  （湯涌温泉、深谷温泉、犀川温泉など）,2泊,,,,,,,,,在来線,0,0,0,1,0,0,0,,0,0,0,0,3,駅からホテルが遠かったから,,,初めて,地元の美味しいものを食べる,0,0,1,0,0,0,0,0,0,0,0,0,0,0,0,0,0,0,インターネット・アプリ,0,0,0,0,0,0,0,0,0,0,1,0,0,0,0,0,0,0,0,0,0,0,0,0,0,,,,,,"5,000円以上 10,000円未満",,"20,000円以上 30,000円未満",,,,,,,,,,,5,4,,,,,,9,また行きたい（1年以内）,食べ物が美味しい,KOKOHOTEL Premier 金沢香林坊,同意する,,,,,,,1972,,,,,,
石川,2024/04/22 7:47:20,岐阜県,女,1963,,300万円以上 400万円未満,友人,1泊,石川県外には泊まらない,金沢エリア  （湯涌温泉、深谷温泉、犀川温泉など）,1泊,,,,,,,,,"新幹線, 在来線",0,0,1,1,0,0,0,,0,0,0,0,2,バスしかなかったから,,,2～5回目,"地元の美味しいものを食べる, 買い物、アウトレット",0,0,1,0,0,0,1,0,0,0,0,0,0,0,0,0,0,0,インターネット・アプリ,0,0,0,0,0,0,0,0,0,0,1,0,0,0,0,0,0,0,0,0,0,0,0,0,0,,,,,,"5,000円以上 10,000円未満",,"1,000円以上 3,000円未満",,,,,,,,,,,3,4,,,,,,7,機会があれば行きたい,リーズナブルな食事,KOKOHOTEL Premier 金沢香林坊,同意する,,,,,,,1963,,,,,,
石川,2024/04/23 8:09:31,埼玉県,男,1980,,600万円以上 700万円未満,自分ひとり,1泊,石川県外には泊まらない,金沢エリア  （湯涌温泉、深谷温泉、犀川温泉など）,1泊,,,,,,,,,新幹線,0,0,1,0,0,0,0,,0,0,0,0,4,大宮から一本で行ける,,,初めて,"地元の美味しいものを食べる, 名所、旧跡の観光, 出張など仕事関係",0,0,1,0,1,0,0,0,0,0,0,0,0,0,0,0,1,0,"Instagram, 友人・知人",0,0,0,1,0,0,0,0,0,0,0,0,0,0,0,0,0,0,1,0,0,0,0,0,0,,,,,,"20,000円以上 30,000円未満",,使わない,,,,,,,,,,,5,4,,,,,,9,機会があれば行きたい,能登ミルクせせらぎ本当に良かったです 名所,KOKOHOTEL Premier 金沢香林坊,同意する,,ミュゼドゥアッシュ,,能登ミルク,,,1980,,,,,,
石川,2024/04/23 8:23:45,長野県,女,1979,,400万円以上 500万円未満,自分ひとり,1泊,石川県外には泊まらない,金沢エリア  （湯涌温泉、深谷温泉、犀川温泉など）,1泊,,,,,,,,,新幹線,0,0,1,0,0,0,0,,0,0,0,0,,,,,初めて,"地元の美味しいものを食べる, まちあるき、都市散策, 出張など仕事関係",0,0,1,0,0,0,0,0,0,0,1,0,0,0,0,0,1,0,インターネット・アプリ,0,0,0,0,0,0,0,0,0,0,1,0,0,0,0,0,0,0,0,0,0,0,0,0,0,,,,,,"5,000円以上 10,000円未満",,"5,000円以上 10,000円未満",,,,,,,,,,,4,4,ウェルカムドリンクがよかった,清潔、立地がよい、適度な距離感,,,,8,また行きたい（1年以内）,海産物 街歩きが楽しい,KOKOHOTEL Premier 金沢香林坊,同意する,,仕事があったため観光施設には寄れなかった,,,,,1979,,,,,,
石川,2024/04/25 19:28:10,滋賀県,女,1962,,"1,200万円以上 1,500万円未満",自分ひとり,3泊,石川県外には泊まらない,金沢エリア  （湯涌温泉、深谷温泉、犀川温泉など）,3泊,,,,,,,,,"新幹線, 在来線",0,0,1,1,0,0,0,,0,0,0,0,5,サンダーバードが敦賀までになり乗り換えが不便と思っていたが、意外と良かった,,,11回目以上,"宿でのんびり過ごす, 地元の美味しいものを食べる, まちあるき、都市散策",1,0,1,0,0,0,0,0,0,0,1,0,0,0,0,0,0,0,"インターネット・アプリ, タクシードライバーや地元の人",0,0,0,0,0,0,0,0,0,0,1,0,0,0,0,0,0,0,0,1,0,0,0,0,0,,,,,,"30,000円以上 40,000円未満",,"30,000円以上 40,000円未満",,,,,,,,,,,5,5,毎回気持ち良く泊まれる。立地もいい,清潔,,,,10,また行きたい（1年以内）,変わらないでいてほしい 美味しい。海鮮以外も美味しい店がたくさんある,KOKOHOTEL Premier 金沢香林坊,同意する,,駅からホテルに入ったので,,,,,1962,,,,,,
石川,2024/04/26 21:43:36,奈良県,男,1954,,500万円以上 600万円未満,夫婦2人,4泊以上,秋田,金沢エリア  （湯涌温泉、深谷温泉、犀川温泉など）,1泊,,,,,,,,,自家用車,1,0,0,0,0,0,0,,0,0,0,0,,,,,初めて,帰省途中,0,0,0,0,0,0,0,0,0,0,0,0,0,0,0,0,0,0,"観光展・物産展, 観光パンフレット・ポスター",0,0,0,0,0,0,0,0,0,0,0,0,0,0,0,0,0,0,0,0,1,0,1,0,0,,,,,,"5,000円以上 10,000円未満",,"10,000円以上 20,000円未満",,,,,,,,,,,4,4,対応がよかった,,,,,7,機会があれば行きたい,特になし 駅前,KOKOHOTEL Premier 金沢香林坊,同意する,,,,,,,1954,,,,,,
石川,2024/04/27 21:44:49,北海道,女,1970,,300万円以上 400万円未満,夫婦2人,3泊,船中泊,金沢エリア  （湯涌温泉、深谷温泉、犀川温泉など）,1泊,,,,,,,,,"自家用車, 船",1,0,0,0,0,0,0,,0,0,0,0,,,,,初めて,地元の美味しいものを食べる,0,0,1,0,0,0,0,0,0,0,0,0,0,0,0,0,0,0,インターネット・アプリ,0,0,0,0,0,0,0,0,0,0,1,0,0,0,0,0,0,0,0,0,0,0,0,0,0,,,,,,"10,000円以上 20,000円未満",,"10,000円以上 20,000円未満",,,,,,,,,,,4,5,室内の清潔感、ウエルカムドリンク,立地が良い,,,,9,機会があれば行きたい,情報がわかりにくい。,KOKOHOTEL Premier 金沢香林坊,同意する,,,,,,,1970,,,,,,
石川,2024/04/28 7:36:44,千葉県,男,1995,,"1,200万円以上 1,500万円未満",夫婦2人,2泊,石川県外には泊まらない,金沢エリア  （湯涌温泉、深谷温泉、犀川温泉など）,2泊,,,,,,,,,新幹線,0,0,1,0,0,0,0,,0,0,0,0,5,バスが100円で乗れたこと。バスの案内係の方と運転手さんが非常に親切だったこと。,,,初めて,"地元の美味しいものを食べる, 名所、旧跡の観光",0,0,1,0,1,0,0,0,0,0,0,0,0,0,0,0,0,0,"観光連盟やDMOのHP, Instagram",0,0,0,1,0,0,0,0,0,0,0,0,0,0,0,0,0,0,0,0,0,0,0,1,0,,,,,,"30,000円以上 40,000円未満",,"1,000円未満",,,,,,,,,,,5,4,自動販売機は品揃えも良く、満足,施設は清潔感があり、部屋の設備も整っており満足。また、受付の方も親切にご対応いただき、誠にありがとうございました。,,,,10,機会があれば行きたい,特になし 街並みの美しさと美味しいご飯。観光名所だけでなく、街全体が美しい景観で、散歩をしているだけで楽しくなりました。ご飯は、海鮮・お肉両方大満足でした。,KOKOHOTEL Premier 金沢香林坊,同意する,,,,,,,1995,,,,,,
石川,2024/04/28 9:26:09,神奈川県,男,1967,,"1,200万円以上 1,500万円未満",夫婦2人,4泊以上,長野県,金沢エリア  （湯涌温泉、深谷温泉、犀川温泉など）,3泊,,,,,,,,,自家用車,1,0,0,0,0,0,0,,0,0,0,0,,,,,初めて,地元の美味しいものを食べる,0,0,1,0,0,0,0,0,0,0,0,0,0,0,0,0,0,0,Web,0,0,0,0,0,0,0,0,0,0,0,0,0,0,0,0,0,0,0,0,0,0,0,0,1,,,,,,"50,000円以上 100,000円未満",,"50,000円以上 100,000円未満",,,,,,,,,,,4,4,値段以上の施設とサービス,,,,,10,また行きたい（1年以内）,ここでしか味わえない発見できるもの、都会に出店しない地元ならではのものが堪能できるようにしてもらいたい。どこでも味わえると、一見手軽だが地方の味がなくなる 歴史と文化、風景、食事の美味しさなど,KOKOHOTEL Premier 金沢香林坊,同意する,,能登半島被災地,,,,,1967,,,,,,
石川,2024/04/29 8:02:04,長野県,男,1983,,"1,000万円以上 1,200万円未満",小学生以下連れの家族,2泊,福井県,金沢エリア  （湯涌温泉、深谷温泉、犀川温泉など）,1泊,,,,,,,,,自家用車,1,0,0,0,0,0,0,,0,0,0,0,,,,,2～5回目,"地元の美味しいものを食べる, 名所、旧跡の観光",0,0,1,0,1,0,0,0,0,0,0,0,0,0,0,0,0,0,"新聞・雑誌・ガイドブック, インターネット・アプリ, Instagram",0,0,0,1,0,0,0,0,0,0,1,0,0,0,0,0,1,0,0,0,0,0,0,0,0,,,,,,"10,000円以上 20,000円未満",,"10,000円以上 20,000円未満",,,,,,,,,,,4,4,ただ、ウェルカムドリンクに子どもが飲める種類がなかった,,,,,9,また行きたい（1年以内）,和菓子とか焼き物の繊細な体験だったり塩作りの力が必要な体験だったり、もっと幼児期の子が参加できるものがあれば。,KOKOHOTEL Premier 金沢香林坊,同意する,,長町,,福井県立恐竜博物館,,,1983,,,,,,
石川,2024/04/29 8:28:59,大阪府,男,1988,,600万円以上 700万円未満,恋人,1泊,富山県,金沢エリア  （湯涌温泉、深谷温泉、犀川温泉など）,1泊,,,,,,,,,自家用車,1,0,0,0,0,0,0,,0,0,0,0,4,綺麗,,,初めて,"宿でのんびり過ごす, 温泉や露天風呂",1,1,0,0,0,0,0,0,0,0,0,0,0,0,0,0,0,0,観光展・物産展,0,0,0,0,0,0,0,0,0,0,0,0,0,0,0,0,0,0,0,0,0,0,1,0,0,,,,,,"10,000円以上 20,000円未満",,"3,000円以上 5,000円未満",,,,,,,,,,,4,4,対応が良い,なし,,,,8,機会があれば行きたい,なし 景色,KOKOHOTEL Premier 金沢香林坊,同意する,,,,,,,1988,,,,,,
石川,2024/04/29 8:58:52,兵庫県,男,1982,,"1,200万円以上 1,500万円未満",夫婦2人,1泊,石川県外には泊まらない,金沢エリア  （湯涌温泉、深谷温泉、犀川温泉など）,1泊,,,,,,,,,新幹線,0,0,1,0,0,0,0,,0,0,0,0,5,運転手の方が丁寧親切でした,,,初めて,"地元の美味しいものを食べる, 名所、旧跡の観光, まちあるき、都市散策",0,0,1,0,1,0,0,0,0,0,1,0,0,0,0,0,0,0,"新聞・雑誌・ガイドブック, インターネット・アプリ",0,0,0,0,0,0,0,0,0,0,1,0,0,0,0,0,1,0,0,0,0,0,0,0,0,,,,,,"10,000円以上 20,000円未満",,"10,000円以上 20,000円未満",,,,,,,,,,,5,5,とてもリーズナブルで、スタッフも機能的で親切,とてもリーズナブルで、スタッフも機能的で親切,,,,10,機会があれば行きたい,子供（孫）が楽しめるものがあればと思います 歴史ある名所が纏りある空間にある,KOKOHOTEL Premier 金沢香林坊,同意する,,,,,,,1982,,,,,,
石川,2024/04/29 9:21:15,神奈川県,男,1986,,700万円以上 800万円未満,親,2泊,兵庫、岐阜,金沢エリア  （湯涌温泉、深谷温泉、犀川温泉など）,2泊,,,,,,,,,レンタカー,0,1,0,0,0,0,0,,0,0,0,0,4,,,,初めて,"地元の美味しいものを食べる, 名所、旧跡の観光",0,0,1,0,1,0,0,0,0,0,0,0,0,0,0,0,0,0,"観光展・物産展, 新聞・雑誌・ガイドブック, 観光パンフレット・ポスター, インターネット・アプリ, Instagram, Facebook, 友人・知人",1,0,0,1,0,0,0,0,0,0,1,0,0,0,0,0,1,0,1,0,1,0,1,0,0,,,,,,"10,000円以上 20,000円未満",,"5,000円以上 10,000円未満",,,,,,,,,,,4,3,,部屋すごく狭いです。,,,,6,機会があれば行きたい,美味しい料理美味しい日本酒,KOKOHOTEL Premier 金沢香林坊,同意する,,,,,,,1986,,,,,,
石川,2024/04/30 6:38:18,神奈川県,男,1999,,300万円以上 400万円未満,友人,1泊,石川県外には泊まらない,金沢エリア  （湯涌温泉、深谷温泉、犀川温泉など）,1泊,,,,,,,,,レンタカー,0,1,0,0,0,0,0,,0,0,0,0,4,特になし,,,初めて,災害見舞い,0,0,0,0,0,0,0,0,0,0,0,0,0,0,0,0,0,0,TV・ラジオ番組やCM,0,0,0,0,0,0,0,0,0,0,0,0,0,0,1,0,0,0,0,0,0,0,0,0,0,,,,,,"10,000円以上 20,000円未満",,"5,000円以上 10,000円未満",,,,,,,,,,,4,4,アメニティ種類が多くて良い,四ツ星ホテルだけあって高級感があって近くになんでもあるというのが良い,,,,8,機会があれば行きたい,特になし 能登の方は被災する前に何度か行ったところだから,KOKOHOTEL Premier 金沢香林坊,同意する,,王将寿司,,曽々木,,,1999,,,,,,
石川,2024/04/30 19:00:45,埼玉県,男,1995,,300万円以上 400万円未満,恋人,3泊,石川県外には泊まらない,金沢エリア  （湯涌温泉、深谷温泉、犀川温泉など）,3泊,,,,,,,,,自家用車,1,0,0,0,0,0,0,,0,0,0,0,,,,,2～5回目,地元の美味しいものを食べる,0,0,1,0,0,0,0,0,0,0,0,0,0,0,0,0,0,0,インターネット・アプリ,0,0,0,0,0,0,0,0,0,0,1,0,0,0,0,0,0,0,0,0,0,0,0,0,0,,,,,,"5,000円以上 10,000円未満",,"3,000円以上 5,000円未満",,,,,,,,,,,5,5,ホテルがとても綺麗で、ウェルカムサービスもあるため,上記の理由と同様,,,,10,また行きたい（1年以内）,マリンスポーツ 海鮮料理,KOKOHOTEL Premier 金沢香林坊,同意する,,,,,,,1995,,,,,,
石川,2024/05/01 21:34:02,千葉県,女,1987,,"1,500万円以上",小学生以下連れの家族,4泊以上,石川県外には泊まらない,金沢エリア  （湯涌温泉、深谷温泉、犀川温泉など）,1泊,,,,,,,,,新幹線,0,0,1,0,0,0,0,,0,0,0,0,,,,,初めて,地元の美味しいものを食べる,0,0,1,0,0,0,0,0,0,0,0,0,0,0,0,0,0,0,インターネット・アプリ,0,0,0,0,0,0,0,0,0,0,1,0,0,0,0,0,0,0,0,0,0,0,0,0,0,,,,,,"5,000円以上 10,000円未満",,使わない,,,,,,,,,,,4,4,アメニティが選択できるところがよい,ウェルカムドリンクが子供が飲めるジュース類が欲しかった,,,,8,また行きたい（1年以内）,グルテンフリーのもの、和菓子でも添加物がないものをお土産に求めています 刺身が美味しい,KOKOHOTEL Premier 金沢香林坊,同意する,,白山市のカフェ、和菓子屋,,家族の実家,,,1987,,,,,,
石川,2024/05/02 11:16:39,三重県,男,2000,,700万円以上 800万円未満,恋人,2泊,石川県外には泊まらない,金沢エリア  （湯涌温泉、深谷温泉、犀川温泉など）,2泊,,,,,,,,,自家用車,1,0,0,0,0,0,0,,0,0,0,0,5,,,,初めて,"地元の美味しいものを食べる, 名所、旧跡の観光, 買い物、アウトレット",0,0,1,0,1,0,1,0,0,0,0,0,0,0,0,0,0,0,"TV・ラジオ番組やCM, X(旧：Twitter), Instagram",0,0,0,1,0,1,0,0,0,0,0,0,0,0,1,0,0,0,0,0,0,0,0,0,0,,,,,,"20,000円以上 30,000円未満",,"3,000円以上 5,000円未満",,,,,,,,,,,4,4,,,,,,9,また行きたい（1年以内）,特になし,KOKOHOTEL Premier 金沢香林坊,同意する,,,,,,,2000,,,,,,
石川,2024/05/02 19:36:22,兵庫県,女,1996,,300万円以上 400万円未満,夫婦2人,2泊,石川県外には泊まらない,金沢エリア  （湯涌温泉、深谷温泉、犀川温泉など）,2泊,,,,,,,,,自家用車,1,0,0,0,0,0,0,,0,0,0,0,,,,,2～5回目,"地元の美味しいものを食べる, まちあるき、都市散策, 友人・親戚を訪ねる, 祖母のお葬式のため",0,0,1,0,0,0,0,0,0,0,1,0,0,0,0,0,0,0,"新聞・雑誌・ガイドブック, TV・ラジオ番組やCM, Instagram",0,0,0,1,0,0,0,0,0,0,0,0,0,0,1,0,1,0,0,0,0,0,0,0,0,,,,,,"10,000円以上 20,000円未満",,"5,000円以上 10,000円未満",,,,,,,,,,,5,5,ウェルカムスペースやアメニティも豊富で充実していた,雰囲気や施設が綺麗で快適に過ごせました！,,,,10,また行きたい（1年以内）,特になし 海鮮や金沢カレーなど金沢名物が美味しいものばかりだったのでお薦めしたいです！,KOKOHOTEL Premier 金沢香林坊,同意する,,,,,,,1996,,,,,,
石川,2024/05/06 10:09:53,兵庫県,女,1969,,300万円以上 400万円未満,夫婦2人,2泊,石川県外には泊まらない,金沢エリア  （湯涌温泉、深谷温泉、犀川温泉など）,2泊,,,,,,,,,"新幹線, 在来線",0,0,1,1,0,0,0,,0,0,0,0,5,楽でした,,,2～5回目,"地元の美味しいものを食べる, 名所、旧跡の観光, 買い物、アウトレット, まちあるき、都市散策",0,0,1,0,1,0,1,0,0,0,1,0,0,0,0,0,0,0,"インターネット・アプリ, Instagram",0,0,0,1,0,0,0,0,0,0,1,0,0,0,0,0,0,0,0,0,0,0,0,0,0,,,,,,"10,000円以上 20,000円未満",,"10,000円以上 20,000円未満",,,,,,,,,,,5,4,,快適でした,,,,8,機会があれば行きたい,街並み 街歩きが楽しかった,KOKOHOTEL Premier 金沢香林坊,同意する,,県立美術館,,,,,1969,,,,,,
石川,2024/05/08 8:37:02,石川県,女,1972,,700万円以上 800万円未満,夫婦2人,1泊,石川県外には泊まらない,金沢エリア  （湯涌温泉、深谷温泉、犀川温泉など）,1泊,,,,,,,,,自家用車,1,0,0,0,0,0,0,,0,0,0,0,,,,,初めて,買い物、アウトレット,0,0,0,0,0,0,1,0,0,0,0,0,0,0,0,0,0,0,インターネット・アプリ,0,0,0,0,0,0,0,0,0,0,1,0,0,0,0,0,0,0,0,0,0,0,0,0,0,,,,,,"5,000円以上 10,000円未満",,"40,000円以上 50,000円未満",,,,,,,,,,,5,5,,,,,,10,また行きたい（1年以内）,特になし,KOKOHOTEL Premier 金沢香林坊,同意する,,,,,,,1972,,,,,,
石川,2024/05/09 6:44:12,東京都,女,1982,,400万円以上 500万円未満,自分ひとり,2泊,石川県外には泊まらない,金沢エリア  （湯涌温泉、深谷温泉、犀川温泉など）,2泊,,,,,,,,,"新幹線, 飛行機",0,0,1,0,1,0,0,,0,0,0,0,4,石川県民のタクシー丁寧でした,,,初めて,"地元の美味しいものを食べる, 名所、旧跡の観光, まちあるき、都市散策",0,0,1,0,1,0,0,0,0,0,1,0,0,0,0,0,0,0,インターネット・アプリ,0,0,0,0,0,0,0,0,0,0,1,0,0,0,0,0,0,0,0,0,0,0,0,0,0,,,,,,"30,000円以上 40,000円未満",,"20,000円以上 30,000円未満",,,,,,,,,,,5,3,お風呂が広くてよかった,いいホテルなのに、スタッフがあまりよくなかった,,,,7,また行きたい（1年以内）,もっと地元店を知りたい。また、太郎という鍋屋さんが最高に良かったです。 ご飯がおいしい！人が優しい！,KOKOHOTEL Premier 金沢香林坊,同意する,,,,,,,1982,,,,,,
石川,2024/05/09 22:22:04,大阪府,男,1976,,"900万円以上 1,000万円未満",自分ひとり,1泊,石川県外には泊まらない,金沢エリア  （湯涌温泉、深谷温泉、犀川温泉など）,1泊,,,,,,,,,自家用車,1,0,0,0,0,0,0,,0,0,0,0,,,,,初めて,"宿でのんびり過ごす, 地元の美味しいものを食べる, 名所、旧跡の観光, まちあるき、都市散策",1,0,1,0,1,0,0,0,0,0,1,0,0,0,0,0,0,0,"TV・ラジオ番組やCM, インターネット・アプリ",0,0,0,0,0,0,0,0,0,0,1,0,0,0,1,0,0,0,0,0,0,0,0,0,0,,,,,,"20,000円以上 30,000円未満",,"10,000円以上 20,000円未満",,,,,,,,,,,5,3,,,,,,6,また行きたい（1年以内）,寿司,KOKOHOTEL Premier 金沢香林坊,同意する,,,,,,,1976,,,,,,
石川,2024/05/10 10:39:26,愛知県,男,1971,,"1,000万円以上 1,200万円未満",自分ひとり,1泊,石川県外には泊まらない,金沢エリア  （湯涌温泉、深谷温泉、犀川温泉など）,1泊,,,,,,,,,"新幹線, 在来線",0,0,1,1,0,0,0,,0,0,0,0,5,コンパクトシティで動きやすい、渋滞ストレスなし,,,11回目以上,宿でのんびり過ごす,1,0,0,0,0,0,0,0,0,0,0,0,0,0,0,0,0,0,友人・知人,0,0,0,0,0,0,0,0,0,0,0,0,0,0,0,0,0,0,1,0,0,0,0,0,0,,,,,,"5,000円以上 10,000円未満",,使わない,,,,,,,,,,,5,5,きれい,サービスが良い,,,,10,また行きたい（1年以内）,中田屋きんつば,KOKOHOTEL Premier 金沢香林坊,同意する,,片町飲み屋街,,,,,1971,,,,,,
石川,2024/05/10 23:50:18,三重県,男,1976,,700万円以上 800万円未満,中学生以下連れの家族,1泊,石川県外には泊まらない,金沢エリア  （湯涌温泉、深谷温泉、犀川温泉など）,1泊,,,,,,,,,自家用車,1,0,0,0,0,0,0,,0,0,0,0,5,場所が良い,,,2～5回目,進学,0,0,0,0,0,0,0,0,0,0,0,0,0,0,0,0,0,0,進学,0,0,0,0,0,0,0,0,0,0,0,0,0,0,0,0,0,0,0,0,0,0,0,0,1,,,,,,"5,000円以上 10,000円未満",,"10,000円以上 20,000円未満",,,,,,,,,,,5,5,対応が良い,対応が良い,,,,10,また行きたい（1年以内）,なし 食べ物,KOKOHOTEL Premier 金沢香林坊,同意する,,金沢学院,,なし,,,1976,,,,,,
石川,2024/05/11 11:02:59,長野県,男,1962,,400万円以上 500万円未満,夫婦2人,1泊,石川県外には泊まらない,金沢エリア  （湯涌温泉、深谷温泉、犀川温泉など）,1泊,,,,,,,,,自家用車,1,0,0,0,0,0,0,,0,0,0,0,,,,,初めて,"宿でのんびり過ごす, 地元の美味しいものを食べる",1,0,1,0,0,0,0,0,0,0,0,0,0,0,0,0,0,0,インターネット・アプリ,0,0,0,0,0,0,0,0,0,0,1,0,0,0,0,0,0,0,0,0,0,0,0,0,0,,,,,,"5,000円以上 10,000円未満",,"5,000円以上 10,000円未満",,,,,,,,,,,5,5,部屋も広く、設備も良い,,,,,9,また行きたい（1年以内）,食事もデザートも豊富 整備された観光地,KOKOHOTEL Premier 金沢香林坊,同意する,,,,にし茶屋街,,,1962,,,,,,
石川,2024/05/14 21:37:26,和歌山県,男,1970,,300万円以上 400万円未満,友人,1泊,石川県外には泊まらない,金沢エリア  （湯涌温泉、深谷温泉、犀川温泉など）,1泊,,,,,,,,,旅行会社ツアーバス,0,0,0,0,0,1,0,,0,0,0,0,3,,,,2～5回目,復興支援,0,0,0,0,0,0,0,0,0,0,0,0,0,0,0,0,0,0,友人・知人,0,0,0,0,0,0,0,0,0,0,0,0,0,0,0,0,0,0,1,0,0,0,0,0,0,,,,,,"10,000円以上 20,000円未満",,使わない,,,,,,,,,,,4,4,入浴剤がある,接客が丁寧,,,,7,また行きたい（1年以内）,イカの干物 街の美観,KOKOHOTEL Premier 金沢香林坊,同意する,,輪島ボランティア,,,,,1970,,,,,,
石川,2024/05/16 5:19:15,愛知県,男,1967,,"1,500万円以上",自分ひとり,2泊,石川県外には泊まらない,金沢エリア  （湯涌温泉、深谷温泉、犀川温泉など）,2泊,,,,,,,,,自家用車,1,0,0,0,0,0,0,,0,0,0,0,4,色々立ち寄れる,,,初めて,出張など仕事関係,0,0,0,0,0,0,0,0,0,0,0,0,0,0,0,0,1,0,インターネット・アプリ,0,0,0,0,0,0,0,0,0,0,1,0,0,0,0,0,0,0,0,0,0,0,0,0,0,,,,,,"20,000円以上 30,000円未満",,"1,000円以上 3,000円未満",,,,,,,,,,,4,4,部屋の設備、朝食,,,,,6,機会があれば行きたい,普段使いの飲食店 街並み,KOKOHOTEL Premier 金沢香林坊,同意する,,,,,,,1967,,,,,,
石川,2024/05/18 21:20:19,東京都,女,2001,,500万円以上 600万円未満,友人,1泊,石川県外には泊まらない,金沢エリア  （湯涌温泉、深谷温泉、犀川温泉など）,1泊,,,,,,,,,新幹線,0,0,1,0,0,0,0,,0,0,0,0,5,,,,初めて,"地元の美味しいものを食べる, 名所、旧跡の観光",0,0,1,0,1,0,0,0,0,0,0,0,0,0,0,0,0,0,友人・知人,0,0,0,0,0,0,0,0,0,0,0,0,0,0,0,0,0,0,1,0,0,0,0,0,0,,,,,,"5,000円以上 10,000円未満",,使わない,,,,,,,,,,,5,5,,,,,,10,また行きたい（1年以内）,土産,KOKOHOTEL Premier 金沢香林坊,同意する,,,,,,,2001,,,,,,
石川,2024/05/19 8:54:14,北海道,男,1978,,"1,500万円以上",団体旅行,2泊,東京都,金沢エリア  （湯涌温泉、深谷温泉、犀川温泉など）,1泊,,,,,,,,,"新幹線, 飛行機",0,0,1,0,1,0,0,,0,0,0,0,4,兼六園の案内等,,,初めて,"地元の美味しいものを食べる, 名所、旧跡の観光",0,0,1,0,1,0,0,0,0,0,0,0,0,0,0,0,0,0,観光パンフレット・ポスター,0,0,0,0,0,0,0,0,0,0,0,0,0,0,0,0,0,0,0,0,1,0,0,0,0,,,,,,"10,000円以上 20,000円未満",,"10,000円以上 20,000円未満",,,,,,,,,,,5,4,綺麗,,,,,8,機会があれば行きたい,特になし 歴史に触れて感銘を受けた,KOKOHOTEL Premier 金沢香林坊,同意する,,,,,,,1978,,,,,,
石川,2024/05/20 9:22:09,大阪府,男,1998,,600万円以上 700万円未満,恋人,2泊,福井県,金沢エリア  （湯涌温泉、深谷温泉、犀川温泉など）,1泊,,,,,,,,,自家用車,1,0,0,0,0,0,0,,0,0,0,0,,,,,初めて,"名所、旧跡の観光, まちあるき、都市散策",0,0,0,0,1,0,0,0,0,0,1,0,0,0,0,0,0,0,インターネット・アプリ,0,0,0,0,0,0,0,0,0,0,1,0,0,0,0,0,0,0,0,0,0,0,0,0,0,,,,,,"10,000円以上 20,000円未満",,"10,000円以上 20,000円未満",,,,,,,,,,,5,5,,,,,,10,また行きたい（1年以内）,バスの間隔を10-15にしてほしい,KOKOHOTEL Premier 金沢香林坊,同意する,,,,,,,1998,,,,,,
石川,2024/05/22 19:02:59,東京都,男,1974,,"1,200万円以上 1,500万円未満",自分ひとり,1泊,石川県外には泊まらない,金沢エリア  （湯涌温泉、深谷温泉、犀川温泉など）,1泊,,,,,,,,,新幹線,0,0,1,0,0,0,0,,0,0,0,0,4,乗り場が分かりやすかったです。,,,初めて,名所、旧跡の観光,0,0,0,0,1,0,0,0,0,0,0,0,0,0,0,0,0,0,"新聞・雑誌・ガイドブック, インターネット・アプリ",0,0,0,0,0,0,0,0,0,0,1,0,0,0,0,0,1,0,0,0,0,0,0,0,0,,,,,,"10,000円以上 20,000円未満",,"10,000円以上 20,000円未満",,,,,,,,,,,4,4,ウェルカムドリンクもノンアルコールから日本酒まで、幅広い層へ対応可能でした。,部屋もホテル全体もキレイでした。,,,,9,機会があれば行きたい,食事施設が観光地仕様が多く、地元の方が行かれるお店も行ってみたいです。 街に活気がありました。また、文化や芸術も感じることができ、個人的には大好きです。,KOKOHOTEL Premier 金沢香林坊,同意する,,,,,,,1974,,,,,,
石川,2024/05/23 1:14:27,東京都,男,1971,,"1,200万円以上 1,500万円未満",自分ひとり,1泊,石川県外には泊まらない,金沢エリア  （湯涌温泉、深谷温泉、犀川温泉など）,1泊,,,,,,,,,新幹線,0,0,1,0,0,0,0,,0,0,0,0,4,利便性が良い,,,11回目以上,出張など仕事関係,0,0,0,0,0,0,0,0,0,0,0,0,0,0,0,0,1,0,自分で気になるホテルをいくつか泊まった中で気に入りました,0,0,0,0,0,0,0,0,0,0,0,0,0,0,0,0,0,0,0,0,0,0,0,0,1,,,,,,"5,000円以上 10,000円未満",,"5,000円以上 10,000円未満",,,,,,,,,,,4,5,いつも泊まっているので満足してます,ウェルカムドリンクが加賀鳶なのが嬉しいです,,,,10,また行きたい（1年以内）,繁華街以外でも美味しい店があるので色々な人にオススメしたいです 仕事で来ているので旅行とは違いますが食事がとにかく美味しい,KOKOHOTEL Premier 金沢香林坊,同意する,,ヤマト・糀パーク,,,,,1971,,,,,,
石川,2024/05/23 7:54:54,愛知県,男,1984,,500万円以上 600万円未満,自分ひとり,2泊,富山県,石川県内には宿泊しない,1泊,,,,,,,,,自家用車,1,0,0,0,0,0,0,,0,0,0,0,5,,,,2～5回目,温泉や露天風呂,0,1,0,0,0,0,0,0,0,0,0,0,0,0,0,0,0,0,観光展・物産展,0,0,0,0,0,0,0,0,0,0,0,0,0,0,0,0,0,0,0,0,0,0,1,0,0,,,,,,"10,000円以上 20,000円未満",,"3,000円以上 5,000円未満",,,,,,,,,,,5,5,,,,,,8,また行きたい（1年以内）,金沢カレー,KOKOHOTEL Premier 金沢香林坊,同意する,,,,,,,1984,,,,,,
石川,2024/05/26 23:24:21,愛知県,男,1972,,600万円以上 700万円未満,団体旅行,1泊,石川県外には泊まらない,金沢エリア  （湯涌温泉、深谷温泉、犀川温泉など）,1泊,,,,,,,,,旅行会社ツアーバス,0,0,0,0,0,1,0,,0,0,0,0,5,団体で移動できる安心感,,,11回目以上,地元の美味しいものを食べる,0,0,1,0,0,0,0,0,0,0,0,0,0,0,0,0,0,0,新聞・雑誌・ガイドブック,0,0,0,0,0,0,0,0,0,0,0,0,0,0,0,0,1,0,0,0,0,0,0,0,0,,,,,,"10,000円以上 20,000円未満",,"10,000円以上 20,000円未満",,,,,,,,,,,5,5,,,,,,10,また行きたい（1年以内）,美味しい海産物,KOKOHOTEL Premier 金沢香林坊,同意する,,,,,,,1972,,,,,,
石川,2024/05/29 19:27:36,富山県,男,1957,,"1,200万円以上 1,500万円未満",自分ひとり,1泊,石川県外には泊まらない,金沢エリア  （湯涌温泉、深谷温泉、犀川温泉など）,1泊,,,,,,,,,自家用車,1,0,0,0,0,0,0,,0,0,0,0,,,,,11回目以上,出張など仕事関係,0,0,0,0,0,0,0,0,0,0,0,0,0,0,0,0,1,0,インターネット・アプリ,0,0,0,0,0,0,0,0,0,0,1,0,0,0,0,0,0,0,0,0,0,0,0,0,0,,,,,,"10,000円以上 20,000円未満",,"10,000円以上 20,000円未満",,,,,,,,,,,4,4,アメニティが豊富、ミネラルのサービス,綺麗なホテル、隣の音も静、観光,,,,8,また行きたい（1年以内）,能登復興、頑張って欲しい。炊き出しに5回もいきました。 立地とサービス、繁華街の中など,KOKOHOTEL Premier 金沢香林坊,同意する,,旅客船ターミナル、石川県庁,,石川県庁,,,1957,,,,,,
石川,2024/05/30 21:39:30,東京都,男,1973,,800万円以上 900万円未満,自分ひとり,1泊,石川県外には泊まらない,金沢エリア  （湯涌温泉、深谷温泉、犀川温泉など）,1泊,,,,,,,,,新幹線,0,0,1,0,0,0,0,,0,0,0,0,2,バス乗場が分かりにくい。(金沢駅に限らず),,,初めて,出張など仕事関係,0,0,0,0,0,0,0,0,0,0,0,0,0,0,0,0,1,0,ホームページ,0,0,0,0,0,0,0,0,0,0,0,0,0,0,0,0,0,0,0,0,0,0,0,0,1,,,,,,"5,000円以上 10,000円未満",,使わない,,,,,,,,,,,4,4,,,,,,8,また行きたい（1年以内）,もう少しゆとりがあればよい,KOKOHOTEL Premier 金沢香林坊,同意する,,仕事先,,,,,1973,,,,,,
石川,2024/06/02 9:01:27,福島県,男,1957,,"1,000万円以上 1,200万円未満",夫婦2人,1泊,石川県外には泊まらない,金沢エリア  （湯涌温泉、深谷温泉、犀川温泉など）,1泊,,,,,,,,,新幹線,0,0,1,0,0,0,0,,0,0,0,0,,,,,2～5回目,"地元の美味しいものを食べる, 名所、旧跡の観光",0,0,1,0,1,0,0,0,0,0,0,0,0,0,0,0,0,0,"新聞・雑誌・ガイドブック, 観光パンフレット・ポスター, インターネット・アプリ",0,0,0,0,0,0,0,0,0,0,1,0,0,0,0,0,1,0,0,0,1,0,0,0,0,,,,,,"20,000円以上 30,000円未満",,"1,000円未満",,,,,,,,,,,4,3,,,,,,5,機会があれば行きたい,特に無し,KOKOHOTEL Premier 金沢香林坊,同意する,,,,,,,1957,,,,,,
石川,2024/06/02 9:32:25,群馬県,女,1974,,"900万円以上 1,000万円未満",大学生の息子,1泊,石川県外には泊まらない,金沢エリア  （湯涌温泉、深谷温泉、犀川温泉など）,1泊,,,,,,,,,新幹線,0,0,1,0,0,0,0,,0,0,0,0,,,,,初めて,"地元の美味しいものを食べる, 名所、旧跡の観光, お祭りやイベントへの参加・見物",0,0,1,0,1,0,0,1,0,0,0,0,0,0,0,0,0,0,インターネット・アプリ,0,0,0,0,0,0,0,0,0,0,1,0,0,0,0,0,0,0,0,0,0,0,0,0,0,,,,,,"10,000円以上 20,000円未満",,"10,000円以上 20,000円未満",,,,,,,,,,,4,4,,,,,,8,機会があれば行きたい,美味しいが、値段が高すぎる,KOKOHOTEL Premier 金沢香林坊,同意する,,,,,,,1974,,,,,,
石川,2024/06/02 10:29:53,愛知県,女,1984,,700万円以上 800万円未満,小学生以下連れの家族,1泊,石川県外には泊まらない,金沢エリア  （湯涌温泉、深谷温泉、犀川温泉など）,1泊,,,,,,,,,自家用車,1,0,0,0,0,0,0,,0,0,0,0,,,,,初めて,"地元の美味しいものを食べる, 名所、旧跡の観光, スポーツ観戦や芸術鑑賞（コンサート等）",0,0,1,0,1,0,0,0,0,0,0,0,0,0,0,0,0,0,"インターネット・アプリ, Instagram",0,0,0,1,0,0,0,0,0,0,1,0,0,0,0,0,0,0,0,0,0,0,0,0,0,,,,,,"10,000円以上 20,000円未満",,"10,000円以上 20,000円未満",,,,,,,,,,,4,4,立地が良い,アメニティが充実している,,,,7,機会があれば行きたい,美味しいご飯をもっとアピールした方がいい！ ミリオンロックフェスが家族向けで良い,KOKOHOTEL Premier 金沢香林坊,同意する,,ミリオンロックフェス,,,,,1984,,,,,,
石川,2024/06/02 10:35:49,山梨県,女,1969,,600万円以上 700万円未満,夫婦2人,1泊,石川県,金沢エリア  （湯涌温泉、深谷温泉、犀川温泉など）,1泊,,,,,,,,,"新幹線, 在来線",0,0,1,1,0,0,0,,0,0,0,0,,,,,初めて,"地元の美味しいものを食べる, 名所、旧跡の観光, 友人・親戚を訪ねる",0,0,1,0,1,0,0,0,0,0,0,0,0,0,0,0,0,0,インターネット・アプリ,0,0,0,0,0,0,0,0,0,0,1,0,0,0,0,0,0,0,0,0,0,0,0,0,0,,,,,,"5,000円以上 10,000円未満",,"1,000円未満",,,,,,,,,,,4,4,ふとんと枕が心地よき,清掃が行き届いている,,,,8,機会があれば行きたい,九谷焼で飲めるカフェ 海鮮ものが美味しい,KOKOHOTEL Premier 金沢香林坊,同意する,,,,,,,1969,,,,,,
石川,2024/06/02 10:45:29,東京都,男,1989,,600万円以上 700万円未満,自分ひとり,2泊,石川県外には泊まらない,金沢エリア  （湯涌温泉、深谷温泉、犀川温泉など）,2泊,,,,,,,,,新幹線,0,0,1,0,0,0,0,,0,0,0,0,,,,,初めて,"地元の美味しいものを食べる, 名所、旧跡の観光, 出張など仕事関係",0,0,1,0,1,0,0,0,0,0,0,0,0,0,0,0,1,0,インターネット・アプリ,0,0,0,0,0,0,0,0,0,0,1,0,0,0,0,0,0,0,0,0,0,0,0,0,0,,,,,,"20,000円以上 30,000円未満",,"1,000円未満",,,,,,,,,,,4,4,ウェルカムドリンクサービス,ウェルカムドリンクサービス,,,,7,機会があれば行きたい,料理がおいしい、街並みがきれい 料理が美味しい,KOKOHOTEL Premier 金沢香林坊,同意する,,,,,,,1989,,,,,,
石川,2024/06/03 11:26:30,大阪府,男,2004,,200万円以上 300万円未満,恋人,3泊,石川県外には泊まらない,金沢エリア  （湯涌温泉、深谷温泉、犀川温泉など）,3泊,,,,,,,,,新幹線,0,0,1,0,0,0,0,,0,0,0,0,4,,,,初めて,名所、旧跡の観光,0,0,0,0,1,0,0,0,0,0,0,0,0,0,0,0,0,0,"Instagram, 友人・知人",0,0,0,1,0,0,0,0,0,0,0,0,0,0,0,0,0,0,1,0,0,0,0,0,0,,,,,,"10,000円以上 20,000円未満",,"1,000円未満",,,,,,,,,,,5,5,入浴剤があった,綺麗,,,,5,機会があれば行きたい,特になし。 美術館が良かった。,KOKOHOTEL Premier 金沢香林坊,同意する,,,,,,,2004,,,,,,
石川,2024/06/04 15:58:37,神奈川県,男,2004,,600万円以上 700万円未満,親,1泊,石川県外には泊まらない,金沢エリア  （湯涌温泉、深谷温泉、犀川温泉など）,1泊,,,,,,,,,"新幹線, 在来線",0,0,1,1,0,0,0,,0,0,0,0,3,,,,初めて,"地元の美味しいものを食べる, 名所、旧跡の観光, まちあるき、都市散策, 金沢百万石まつり",0,0,1,0,1,0,0,0,0,0,1,0,0,0,0,0,0,0,インターネット・アプリ,0,0,0,0,0,0,0,0,0,0,1,0,0,0,0,0,0,0,0,0,0,0,0,0,0,,,,,,"10,000円以上 20,000円未満",,使わない,,,,,,,,,,,4,4,,,,,,5,機会があれば行きたい,特になし,KOKOHOTEL Premier 金沢香林坊,同意する,,金沢百万石まつり,,,,,2004,,,,,,
石川,2024/06/05 8:21:48,兵庫県,男,1953,,600万円以上 700万円未満,夫婦2人,2泊,長野県,金沢エリア  （湯涌温泉、深谷温泉、犀川温泉など）,1泊,,,,,,,,,自家用車,1,0,0,0,0,0,0,,0,0,0,0,,,,,初めて,"地元の美味しいものを食べる, 名所、旧跡の観光",0,0,1,0,1,0,0,0,0,0,0,0,0,0,0,0,0,0,インターネット・アプリ,0,0,0,0,0,0,0,0,0,0,1,0,0,0,0,0,0,0,0,0,0,0,0,0,0,,,,,,"5,000円以上 10,000円未満",,"10,000円以上 20,000円未満",,,,,,,,,,,5,5,,,,,,10,また行きたい（1年以内）,特になし,KOKOHOTEL Premier 金沢香林坊,同意する,,,,,,,1953,,,,,,
石川,2024/06/05 20:52:22,大阪府,男,1975,,800万円以上 900万円未満,自分ひとり,2泊,富山県,金沢エリア  （湯涌温泉、深谷温泉、犀川温泉など）,1泊,,,,,,,,,飛行機,0,0,0,0,1,0,0,,0,0,0,0,3,普段からレンタカーをよく利用するので。,,,2～5回目,出張など仕事関係,0,0,0,0,0,0,0,0,0,0,0,0,0,0,0,0,1,0,インターネット・アプリ,0,0,0,0,0,0,0,0,0,0,1,0,0,0,0,0,0,0,0,0,0,0,0,0,0,,,,,,"5,000円以上 10,000円未満",,"5,000円以上 10,000円未満",,,,,,,,,,,4,4,,,,,,7,また行きたい（1年以内）,海鮮,KOKOHOTEL Premier 金沢香林坊,同意する,,,,,,,1975,,,,,,
石川,2024/06/06 23:38:29,東京都,女,1962,,"1,000万円以上 1,200万円未満",職場上司,4泊以上,石川県外には泊まらない,金沢エリア  （湯涌温泉、深谷温泉、犀川温泉など）,4泊以上,,,,,,,,,新幹線,0,0,1,0,0,0,0,,0,0,0,0,4,金沢の観光を説明いただきました,,,2～5回目,"地元の美味しいものを食べる, 名所、旧跡の観光, 買い物、アウトレット, 各種体験（手作り、果物狩りなど）, 出張など仕事関係",0,0,1,0,1,0,1,0,0,0,0,1,0,0,0,0,1,0,agoda,0,0,0,0,0,0,0,0,0,0,0,0,0,0,0,0,0,0,0,0,0,0,0,0,1,,,,,,"50,000円以上 100,000円未満",,使わない,,,,,,,,,,,4,4,外国に泊まったようなインターナショナル感,チェックイン前に荷物預かりを電話したらインフォメーションで流れた,,,,9,また行きたい（1年以内）,富山に比べ鱒寿司や氷見うどん、日本酒の石川名産がいまいちわからない、リカーポケットみずはたさんのような酒屋さんがない事 ミネラルウォーターサービス、静か、兼六園や金沢城の景色がよい、15-20時までのワイン加賀鳶サービス,KOKOHOTEL Premier 金沢香林坊,同意する,,,,能登半島,,,1962,,,,,,
石川,2024/06/07 13:11:50,京都府,男,1967,,"1,000万円以上 1,200万円未満",職場の同僚,2泊,福井県,金沢エリア  （湯涌温泉、深谷温泉、犀川温泉など）,1泊,,,,,,,,,自家用車,1,0,0,0,0,0,0,,0,0,0,0,,,,,初めて,出張など仕事関係,0,0,0,0,0,0,0,0,0,0,0,0,0,0,0,0,1,0,インターネット・アプリ,0,0,0,0,0,0,0,0,0,0,1,0,0,0,0,0,0,0,0,0,0,0,0,0,0,,,,,,"5,000円以上 10,000円未満",,"20,000円以上 30,000円未満",,,,,,,,,,,5,4,観光地として美しいから,とにかく良かった,,,,8,また行きたい（1年以内）,金沢おでん 香林坊での飲食,KOKOHOTEL Premier 金沢香林坊,同意する,,,,,,,1967,,,,,,
石川,2024/06/07 17:26:59,神奈川県,男,1990,,"1,200万円以上 1,500万円未満",自分ひとり,2泊,石川県外には泊まらない,金沢エリア  （湯涌温泉、深谷温泉、犀川温泉など）,2泊,,,,,,,,,自家用車,1,0,0,0,0,0,0,,0,0,0,0,,,,,6～10回目,"地元の美味しいものを食べる, 友人・親戚を訪ねる, 出張など仕事関係",0,0,1,0,0,0,0,0,0,0,0,0,0,0,0,0,1,0,インターネット・アプリ,0,0,0,0,0,0,0,0,0,0,1,0,0,0,0,0,0,0,0,0,0,0,0,0,0,,,,,,"10,000円以上 20,000円未満",,"10,000円以上 20,000円未満",,,,,,,,,,,5,4,片町、観光にも便利な場所にあり、かつ値段が安い,,,,,8,また行きたい（1年以内）,お土産の購入で、もっと集中した物産館の様な建物があると嬉しい　現状は駅ぐらいしか大型のお土産売場がないと思うので,KOKOHOTEL Premier 金沢香林坊,同意する,,,,,,,1990,,,,,,
石川,2024/06/08 7:39:23,新潟県,男,1957,,"900万円以上 1,000万円未満",夫婦2人,1泊,石川県外には泊まらない,金沢エリア  （湯涌温泉、深谷温泉、犀川温泉など）,1泊,,,,,,,,,自家用車,1,0,0,0,0,0,0,,0,0,0,0,,,,,初めて,"地元の美味しいものを食べる, 買い物、アウトレット, ドライブ・ツーリング",0,0,1,0,0,0,1,0,0,0,0,0,0,0,1,0,0,0,"観光パンフレット・ポスター, インターネット・アプリ, Instagram, 観光協会等の案内所",0,0,0,1,0,0,0,0,0,0,1,0,0,0,0,0,0,0,0,0,1,1,0,0,0,,,,,,"5,000円以上 10,000円未満",,"40,000円以上 50,000円未満",,,,,,,,,,,4,5,,,,,,10,また行きたい（1年以内）,特になし,KOKOHOTEL Premier 金沢香林坊,同意する,,,,,,,1957,,,,,,
石川,2024/06/10 13:41:00,富山県,男,1975,,700万円以上 800万円未満,恋人,1泊,石川県外には泊まらない,金沢エリア  （湯涌温泉、深谷温泉、犀川温泉など）,1泊,,,,,,,,,自家用車,1,0,0,0,0,0,0,,0,0,0,0,,,,,2～5回目,"地元の美味しいものを食べる, まちあるき、都市散策",0,0,1,0,0,0,0,0,0,0,1,0,0,0,0,0,0,0,友人・知人,0,0,0,0,0,0,0,0,0,0,0,0,0,0,0,0,0,0,1,0,0,0,0,0,0,,,,,,"10,000円以上 20,000円未満",,"10,000円以上 20,000円未満",,,,,,,,,,,5,5,コスパが良い,立地が良い,,,,10,また行きたい（1年以内）,特になし 地元の料理,KOKOHOTEL Premier 金沢香林坊,同意する,,,,,,,1975,,,,,,
石川,2024/06/10 17:50:27,,,,,,自分ひとり,1泊,石川県外には泊まらない,金沢エリア  （湯涌温泉、深谷温泉、犀川温泉など）,1泊,,,,,,,,,旅行会社ツアーバス,0,0,0,0,0,1,0,,0,0,0,0,4,バスの本数はとても多く、レンタサイクルの台数も申し分ないと思います。バスの運賃が現金とアイカのみなのがちょっと面倒くさいかなと。,,,2～5回目,"地元の美味しいものを食べる, スポーツ観戦や芸術鑑賞（コンサート等）, まちあるき、都市散策",0,0,1,0,0,0,0,0,0,0,1,0,0,0,0,0,0,0,"観光連盟やDMOのHP, X(旧：Twitter), 友人・知人, タクシードライバーや地元の人",0,0,0,0,0,1,0,0,0,0,0,0,0,0,0,0,0,0,1,1,0,0,0,1,0,,,,,,"5,000円以上 10,000円未満",,,,,,,,,,,,,,,,,,,,,,,KOKOHOTEL Premier 金沢香林坊,同意する,,,,,,,,,,,,,
