対象県（富山/石川/福井）,アンケート回答日,居住都道府県,性別,年代,職業,世帯年収,同伴者,宿泊数（全行程）,宿泊エリア（県外）,宿泊エリア（県内）,宿泊数（県内）,１泊目　宿泊先,１泊目　食事プラン,２泊目　宿泊先,２泊目　食事プラン,３泊目　宿泊先,３泊目　食事プラン,４泊目　宿泊先,４泊目　食事プラン,交通手段１（目的地まで）,自家用車,レンタカー,新幹線,在来線,飛行機,旅行会社ツアーバス,県外から訪れていない（福井県在住）,交通手段２（目的地から）,タクシー,路線バス,徒歩,レンタサイクル,交通の満足度,交通の満足度の理由,来県回数（観光）,エリアへの訪問回数,施設への訪問回数,目的,宿でのんびり過ごす,温泉や露天風呂,地元の美味しいものを食べる,花見や紅葉などの自然鑑賞,名所、旧跡の観光,テーマパーク（遊園地、動物園、博物館など）,買い物、アウトレット,お祭りやイベントへの参加・見物,スポーツ観戦や芸能鑑賞（コンサート等）,アウトドア（海水浴、釣り、登山など）,まちあるき、都市散策,各種体験（手作り、果物狩りなど）,スキー・スノボ、マリンスポーツ,その他スポーツ（ゴルフ、テニスなど）,ドライブ・ツーリング,友人・親戚を尋ねる,出張など仕事関係,その他の目的,情報源,Facebook,Google,Googleマップ,Instagram,TikTok,X（旧Twitter）,YouTube,SNS広告,ブログ,まとめサイト,インターネット・アプリ,デジタルニュース,宿泊予約Webサイト,宿泊施設,TV・ラジオ番組やCM,ラブライブのスタンプラリー,新聞・雑誌・ガイドブック,旅行会社,友人・知人,地元の人,観光パンフレット・ポスター,観光案内所,観光展・物産展,観光連盟やDMOのHP,その他,他を検討した？,どこと比較した？（県）,どこと比較した？（観光地）,交通費,飲食費,宿泊費,買い物費,施設orエリア消費総額,観光費,訪問場所,寿司,ます寿司,海の幸食べたか,海の幸感動,満足度（食べ物・料理）,満足度（宿泊施設）,満足度（買い物（工芸品・特産品など））,満足度（観光・体験）,満足度（旅行全体）,満足度（商品・サービス）,満足度理由(サービス),満足度理由,不便に感じたこと・困ったこと,最も幸せを感じた食べ物,最も幸せを感じた観光・体験,おすすめ度,再訪意向,自由意見,回答場所,個人情報保護の方針について,アンケート前に訪れた主な場所（施設やスポット名称、エリアなど）,上記名称リストにない場合について、具体的にお答えください。(前),アンケート後に訪れる予定の場所（施設やスポット名称、エリア）,上記名称リストにない場合について、具体的にお答えください。(後),会員ID,登録エリア,生まれ年,回答時の年齢,UA(UserAgent),回答月,回答エリア2,DMO,推奨項目
福井,2026/01/01 22:17:50,岐阜県,無回答,30代,,"900万円以上 1,000万円未満",夫婦2人,3泊,福井県外には宿泊しない,,3泊,,,,,,,,,自家用車在来線,1,0,0,1,0,0,0,自家用車,0,0,0,0,,,,初めて,初めて,友人・親戚を尋ねる,0,0,0,0,0,0,0,0,0,0,0,0,0,0,0,1,0,0,友人・知人,0,0,0,0,0,0,0,0,0,0,0,0,0,0,0,0,0,0,1,0,0,0,0,0,0,,,,"5,000円以上 10,000円未満",,使わない,,使わない,"5,000円以上 10,000円未満",,,,,,,,,,5,5,,,,,,10,また行きたい（1年以内）,,道の駅「パークイン丹生ヶ丘」 エリア,,選択なし/該当施設なし,,選択なし/該当施設なし,,000000,道の駅「パークイン丹生ヶ丘」 エリア,1995,31,,1月,50.道の駅「パークイン丹生ヶ丘」 エリア,一般社団法人 越前町観光連盟（DMO ECHIZEN）,
福井,2026/01/01 21:54:52,福井県,男,60代,,"900万円以上 1,000万円未満",その他家族,3泊,福井県外には宿泊しない,,3泊,,,,,,,,,自家用車,1,0,0,0,0,0,0,自家用車,0,0,0,0,,,,初めて,初めて,友人・親戚を尋ねる,0,0,0,0,0,0,0,0,0,0,0,0,0,0,0,1,0,0,友人・知人,0,0,0,0,0,0,0,0,0,0,0,0,0,0,0,0,0,0,1,0,0,0,0,0,0,,,,"5,000円以上 10,000円未満",,使わない,,"1,000円以上 3,000円未満","1,000円以上 3,000円未満",,,,,,,,,,4,4,,,,,,7,また行きたい（1年以内）,,道の駅「パークイン丹生ヶ丘」 エリア,,選択なし/該当施設なし,,選択なし/該当施設なし,,000000,レインボーライン エリア,1964,62,,1月,50.道の駅「パークイン丹生ヶ丘」 エリア,一般社団法人 越前町観光連盟（DMO ECHIZEN）,冠山トンネル(福井・岐阜間のアクセスが飛躍的に向上したため)
福井,2026/01/01 21:54:10,岐阜県,男,30代,,"900万円以上 1,000万円未満",夫婦2人,3泊,福井県外には宿泊しない,,3泊,,,,,,,,,自家用車,1,0,0,0,0,0,0,自家用車,0,0,0,0,,,,初めて,初めて,友人・親戚を尋ねる,0,0,0,0,0,0,0,0,0,0,0,0,0,0,0,1,0,0,友人・知人,0,0,0,0,0,0,0,0,0,0,0,0,0,0,0,0,0,0,1,0,0,0,0,0,0,,,,"10,000円以上 20,000円未満",,"10,000円以上 20,000円未満",,"10,000円以上 20,000円未満","10,000円以上 20,000円未満",,,,,,,,,,5,5,,,,,,10,また行きたい（1年以内）,,道の駅「パークイン丹生ヶ丘」 エリア,,選択なし/該当施設なし,,選択なし/該当施設なし,,000000,web,1996,30,,1月,50.道の駅「パークイン丹生ヶ丘」 エリア,一般社団法人 越前町観光連盟（DMO ECHIZEN）,
福井,2026/01/01 21:24:52,福井県,女,20代,,分からない/無回答,その他家族,日帰り,福井県外には宿泊しない,,福井県内には宿泊しない,,,,,,,,,県外から訪れていない（福井県在住）,0,0,0,0,0,0,1,自家用車,0,0,0,0,,,,2～5回目,2～5回目,温泉や露天風呂,0,1,0,0,0,0,0,0,0,0,0,0,0,0,0,0,0,0,新聞・雑誌・ガイドブック観光パンフレット・ポスターインターネット・アプリ,0,0,0,0,0,0,0,0,0,0,1,0,0,0,0,0,1,0,0,0,1,0,0,0,0,,,,"1,000円以上 3,000円未満",,使わない,,"3,000円以上 5,000円未満","3,000円以上 5,000円未満",,,,,,,,,,3,3,,,,,,5,福井県在住,,道の駅「パークイン丹生ヶ丘」 エリア,,道の駅「九頭竜・和泉ふれあい会館」,,熊川宿,,000000,道の駅「越前おおの荒島の郷」 エリア,1997,29,,1月,50.道の駅「パークイン丹生ヶ丘」 エリア,一般社団法人 越前町観光連盟（DMO ECHIZEN）,
福井,2026/01/01 21:16:41,神奈川県,男,40代,,"1,000万円以上 1,200万円未満",小学生以下連れの家族,3泊,石川県金沢市,,1泊,,,,,,,,,新幹線,0,0,1,0,0,0,0,路線バス,0,1,0,0,,,,初めて,初めて,温泉や露天風呂名所、旧跡の観光,0,1,0,0,1,0,0,0,0,0,0,0,0,0,0,0,0,0,インターネット・アプリ,0,0,0,0,0,0,0,0,0,0,1,0,0,0,0,0,0,0,0,0,0,0,0,0,0,,,,"20,000円以上 30,000円未満",,"20,000円以上 30,000円未満",,"10,000円以上 20,000円未満","10,000円以上 20,000円未満",,,,,,,,,,4,4,,,,,,9,,,福井駅前 エリア,,選択なし/該当施設なし,,選択なし/該当施設なし,,000000,web,1986,40,,1月,01.福井駅前 エリア,,
福井,2026/01/01 18:32:45,東京都,女,20代,,300万円以上 400万円未満,親,1泊,福井県外には宿泊しない,,福井県内には宿泊しない,,,,,,,,,新幹線,0,0,1,0,0,0,0,レンタカー,0,0,0,0,,,,2～5回目,2～5回目,宿でのんびり過ごす,1,0,0,0,0,0,0,0,0,0,0,0,0,0,0,0,0,0,Twitter,0,0,0,0,0,1,0,0,0,0,0,0,0,0,0,0,0,0,0,0,0,0,0,0,0,,,,"10,000円以上 20,000円未満",,"30,000円以上 40,000円未満",,"1,000円以上 3,000円未満","10,000円以上 20,000円未満",,,,,,,,,,5,5,,,,,,8,,,スキージャム勝山 エリア,,選択なし/該当施設なし,,選択なし/該当施設なし,,000000,スキージャム勝山 エリア,2001,25,,1月,27.スキージャム勝山 エリア,勝山市観光まちづくり(株),
福井,2026/01/01 18:25:01,福井県,男,60代,,200万円以上 300万円未満,自分ひとり,日帰り,福井県外には宿泊しない,,福井県内には宿泊しない,,,,,,,,,在来線,0,0,0,1,0,0,0,在来線,0,0,0,0,4,駅から凄い近かったから,,2～5回目,2～5回目,温泉や露天風呂地元の美味しいものを食べる,0,1,1,0,0,0,0,0,0,0,0,0,0,0,0,0,0,0,インターネット・アプリ,0,0,0,0,0,0,0,0,0,0,1,0,0,0,0,0,0,0,0,0,0,0,0,0,0,,,,"1,000円以上 3,000円未満",,"1,000円未満",,"1,000円以上 3,000円未満","1,000円以上 3,000円未満",,,,,,,,,,4,4,,駅から近い,,,,5,また行きたい（1年以内）,,三国湊 エリア,,三国サンセットビーチ,,選択なし/該当施設なし,,000000,三国湊 エリア,1965,61,,1月,09.三国湊 エリア,(一社)DMOさかい観光局,駅から近い
福井,2026/01/01 16:54:43,福井県,女,30代,,"900万円以上 1,000万円未満",親,日帰り,福井県外には宿泊しない,,福井県内には宿泊しない,,,,,,,,,自家用車,1,0,0,0,0,0,0,自家用車,0,0,0,0,3,,,初めて,初めて,地元の美味しいものを食べる,0,0,1,0,0,0,0,0,0,0,0,0,0,0,0,0,0,0,友人・知人,0,0,0,0,0,0,0,0,0,0,0,0,0,0,0,0,0,0,1,0,0,0,0,0,0,,,,"5,000円以上 10,000円未満",,"20,000円以上 30,000円未満",,"5,000円以上 10,000円未満","5,000円以上 10,000円未満",,,,,,,,,,5,5,,,,,,7,また行きたい（1年以内）,,ふくい鮮いちば エリア,,選択なし/該当施設なし,,選択なし/該当施設なし,,000000,だるまちゃん広場 エリア,1989,37,,1月,05.ふくい鮮いちば エリア,,
福井,2026/01/01 16:11:08,大阪府,女,40代,,600万円以上 700万円未満,夫婦2人,2泊,福井県外には宿泊しない,,2泊,,,,,,,,,自家用車,1,0,0,0,0,0,0,自家用車,0,0,0,0,5,,,初めて,初めて,地元の美味しいものを食べる名所、旧跡の観光,0,0,1,0,1,0,0,0,0,0,0,0,0,0,0,0,0,0,観光展・物産展友人・知人,0,0,0,0,0,0,0,0,0,0,0,0,0,0,0,0,0,0,1,0,0,0,1,0,0,,,,"10,000円以上 20,000円未満",,"10,000円以上 20,000円未満",,"3,000円以上 5,000円未満","20,000円以上 30,000円未満",,,,,,,,,,5,5,,,,,,10,また行きたい（1年以内）,,大本山 永平寺 エリア,,越前大野城,,越前大野城,,000000,大本山 永平寺 エリア,1981,45,,1月,34.大本山 永平寺 エリア,,
福井,2026/01/01 14:37:15,千葉県,男,60代,,300万円以上 400万円未満,夫婦2人,2泊,石川県金沢市,,2泊,,,,,,,,,新幹線,0,0,1,0,0,0,0,タクシー,1,0,0,0,4,明るいドライバーさん,,2～5回目,2～5回目,地元の美味しいものを食べる名所、旧跡の観光,0,0,1,0,1,0,0,0,0,0,0,0,0,0,0,0,0,0,観光展・物産展新聞・雑誌・ガイドブック,0,0,0,0,0,0,0,0,0,0,0,0,0,0,0,0,1,0,0,0,0,0,1,0,0,,,,"20,000円以上 30,000円未満",,"20,000円以上 30,000円未満",,"1,000円以上 3,000円未満","10,000円以上 20,000円未満",,,,,,,,,,4,4,,,,,,9,また行きたい（1年以内）,,大本山 永平寺 エリア,,敦賀赤レンガ倉庫,,一乗谷朝倉氏遺跡,,000000,大本山 永平寺 エリア,1957,69,,1月,34.大本山 永平寺 エリア,,
福井,2026/01/01 14:29:34,千葉県,女,60代,,300万円以上 400万円未満,夫婦2人,2泊,石川県金沢市,,1泊,,,,,,,,,新幹線,0,0,1,0,0,0,0,自家用車,0,0,0,0,,,,6～10回目,6～10回目,友人・親戚を尋ねる,0,0,0,0,0,0,0,0,0,0,0,0,0,0,0,1,0,0,友人・知人,0,0,0,0,0,0,0,0,0,0,0,0,0,0,0,0,0,0,1,0,0,0,0,0,0,,,,"30,000円以上 40,000円未満",,"10,000円以上 20,000円未満",,"1,000円以上 3,000円未満","30,000円以上 40,000円未満",,,,,,,,,,4,4,,,,,,10,また行きたい（1年以内）,,大本山 永平寺 エリア,,氣比神宮,,敦賀赤レンガ倉庫,,000000,大本山 永平寺 エリア,1962,64,,1月,34.大本山 永平寺 エリア,,北陸新幹線で快適に敦賀まで来れたこと冬は特に北陸の食べ物が美味しい
福井,2026/01/01 14:15:54,福井県,女,10代,,分からない/無回答,小学生以下連れの家族,1泊,福井県外には宿泊しない,,1泊,,,,,,,,,自家用車,1,0,0,0,0,0,0,自家用車,0,0,0,0,,,,11回目以上,11回目以上,友人・親戚を尋ねる,0,0,0,0,0,0,0,0,0,0,0,0,0,0,0,1,0,0,友人・知人,0,0,0,0,0,0,0,0,0,0,0,0,0,0,0,0,0,0,1,0,0,0,0,0,0,,,,使わない,,使わない,,"1,000円以上 3,000円未満",使わない,,,,,,,,,,5,5,,,,,,8,,,東尋坊 エリア,,選択なし/該当施設なし,,選択なし/該当施設なし,,000000,東尋坊 エリア,2009,17,,1月,10.東尋坊 エリア,(一社)DMOさかい観光局,
福井,2026/01/01 13:33:25,福井県,男,60代,,100万円未満,その他家族,日帰り,福井県外には宿泊しない,,福井県内には宿泊しない,,,,,,,,,自家用車,1,0,0,0,0,0,0,自家用車,0,0,0,0,,,,6～10回目,6～10回目,宿でのんびり過ごす,1,0,0,0,0,0,0,0,0,0,0,0,0,0,0,0,0,0,観光展・物産展,0,0,0,0,0,0,0,0,0,0,0,0,0,0,0,0,0,0,0,0,0,0,1,0,0,,,,"1,000円未満",,使わない,,"3,000円以上 5,000円未満","3,000円以上 5,000円未満",,,,,,,,,,4,4,,,,,,8,,,大本山 永平寺 エリア,,選択なし/該当施設なし,,選択なし/該当施設なし,,000000,道の駅「若狭おばま」 エリア,1961,65,,1月,34.大本山 永平寺 エリア,,
福井,2026/01/01 13:00:33,福井県,女,70代,,100万円未満,中学生以上連れの家族,日帰り,福井県外には宿泊しない,,福井県内には宿泊しない,,,,,,,,,自家用車,1,0,0,0,0,0,0,自家用車,0,0,0,0,,,,11回目以上,11回目以上,その他,0,0,0,0,0,0,0,0,0,0,0,0,0,0,0,0,0,1,その他,0,0,0,0,0,0,0,0,0,0,0,0,0,0,0,0,0,0,0,0,0,0,0,0,1,,,,"1,000円未満",,使わない,,"1,000円未満","5,000円以上 10,000円未満",,,,,,,,,,4,4,,,,,,8,福井県在住,,大本山 永平寺 エリア,,選択なし/該当施設なし,,選択なし/該当施設なし,,000000,大本山 永平寺 エリア,1948,78,,1月,34.大本山 永平寺 エリア,,
福井,2026/01/01 12:56:57,福井県,女,50代,,200万円以上 300万円未満,その他家族,日帰り,福井県外には宿泊しない,,福井県内には宿泊しない,,,,,,,,,自家用車,1,0,0,0,0,0,0,自家用車,0,0,0,0,5,,,2～5回目,2～5回目,名所、旧跡の観光,0,0,0,0,1,0,0,0,0,0,0,0,0,0,0,0,0,0,Instagram,0,0,0,1,0,0,0,0,0,0,0,0,0,0,0,0,0,0,0,0,0,0,0,0,0,,,,"1,000円以上 3,000円未満",,"1,000円未満",,"1,000円以上 3,000円未満","1,000円以上 3,000円未満",,,,,,,,,,5,5,,,,,,9,,,大本山 永平寺 エリア,,選択なし/該当施設なし,,選択なし/該当施設なし,,000000,道の駅「若狭熊川宿」・八百熊川,1970,56,,1月,34.大本山 永平寺 エリア,,
福井,2026/01/01 12:50:44,愛知県,女,60代,,400万円以上 500万円未満,友人,1泊,福井県外には宿泊しない,,1泊,,,,,,,,,新幹線在来線,0,0,1,1,0,0,0,路線バス,0,1,0,0,4,1時間に2本だから,,初めて,初めて,温泉や露天風呂地元の美味しいものを食べる名所、旧跡の観光,0,1,1,0,1,0,0,0,0,0,0,0,0,0,0,0,0,0,宿泊施設,0,0,0,0,0,0,0,0,0,0,0,0,0,1,0,0,0,0,0,0,0,0,0,0,0,,,,"10,000円以上 20,000円未満",,"30,000円以上 40,000円未満",,"40,000円以上 50,000円未満","5,000円以上 10,000円未満",,,,,,,,,,5,4,,晴れていて海がきれいで、みなさん親切だったので,,,,8,また行きたい（1年以内）,,越前松島水族館 エリア,,東尋坊,,選択なし/該当施設なし,,000000,越前松島水族館 エリア,1965,61,,1月,11.越前松島水族館 エリア,(一社)DMOさかい観光局,東尋坊国民休暇村
福井,2026/01/01 12:46:11,福井県,女,50代,,600万円以上 700万円未満,その他家族,日帰り,石川県加賀市,,1泊,,,,,,,,,自家用車,1,0,0,0,0,0,0,自家用車,0,0,0,0,5,,,2～5回目,2～5回目,温泉や露天風呂,0,1,0,0,0,0,0,0,0,0,0,0,0,0,0,0,0,0,その他,0,0,0,0,0,0,0,0,0,0,0,0,0,0,0,0,0,0,0,0,0,0,0,0,1,,,,"5,000円以上 10,000円未満",,"10,000円以上 20,000円未満",,"3,000円以上 5,000円未満","3,000円以上 5,000円未満",,,,,,,,,,5,4,,お風呂が温まる,,,,8,福井県在住,,一乗谷朝倉氏遺跡 エリア,,選択なし/該当施設なし,,選択なし/該当施設なし,,000000,web,1968,58,,1月,06.一乗谷朝倉氏遺跡 エリア,,
福井,2026/01/01 12:27:16,佐賀県,男,40代,,800万円以上 900万円未満,自分ひとり,4泊以上,京都府,,1泊,,,,,,,,,新幹線在来線,0,0,1,1,0,0,0,路線バス,0,1,0,0,5,京福バスを利用しましたが、車内も混まず道も混まず良かったです。,,初めて,初めて,名所、旧跡の観光,0,0,0,0,1,0,0,0,0,0,0,0,0,0,0,0,0,0,新聞・雑誌・ガイドブックその他,0,0,0,0,0,0,0,0,0,0,0,0,0,0,0,0,1,0,0,0,0,0,0,0,0,,,,"50,000円以上 100,000円未満",,"5,000円以上 10,000円未満",,"1,000円以上 3,000円未満","10,000円以上 20,000円未満",,,,,,,,,,5,4,,雪の季節に来れて良かった。,,,,10,機会があれば行きたい,,大本山 永平寺 エリア,,選択なし/該当施設なし,,選択なし/該当施設なし,,000000,大本山 永平寺 エリア,1980,46,,1月,34.大本山 永平寺 エリア,,九州から来ているので雪の景色を見れるだけで満足です。
福井,2026/01/01 11:53:49,神奈川県,女,30代,,"1,500万円以上",夫婦2人,4泊以上,京都、岡山、兵庫、滋賀,,3泊,,,,,,,,,自家用車,1,0,0,0,0,0,0,自家用車,0,0,0,0,,,,2～5回目,2～5回目,その他,0,0,0,0,0,0,0,0,0,0,0,0,0,0,0,0,0,1,その他,0,0,0,0,0,0,0,0,0,0,0,0,0,0,0,0,0,0,0,0,0,0,0,0,1,,,,"30,000円以上 40,000円未満",,"10,000円以上 20,000円未満",,"3,000円以上 5,000円未満","40,000円以上 50,000円未満",,,,,,,,,,5,5,,,,,,10,また行きたい（1年以内）,,東尋坊 エリア,,選択なし/該当施設なし,,選択なし/該当施設なし,,000000,かつやま恐竜の森 エリア,1996,30,,1月,10.東尋坊 エリア,(一社)DMOさかい観光局,
福井,2026/01/01 11:46:39,東京都,無回答,50代,,200万円以上 300万円未満,中学生以上連れの家族,2泊,石川県金沢市,,1泊,,,,,,,,,在来線,0,0,0,1,0,0,0,路線バス,0,1,0,0,4,,,初めて,初めて,名所、旧跡の観光,0,0,0,0,1,0,0,0,0,0,0,0,0,0,0,0,0,0,インターネット・アプリ,0,0,0,0,0,0,0,0,0,0,1,0,0,0,0,0,0,0,0,0,0,0,0,0,0,,,,"40,000円以上 50,000円未満",,"20,000円以上 30,000円未満",,"1,000円以上 3,000円未満","30,000円以上 40,000円未満",,,,,,,,,,4,4,,,,,,8,機会があれば行きたい,,大本山 永平寺 エリア,,丸岡城,,氣比神宮,,000000,丸岡城 エリア,1968,58,,1月,34.大本山 永平寺 エリア,,
福井,2026/01/01 11:40:53,福井県,女,60代,,400万円以上 500万円未満,友人,日帰り,福井県外には宿泊しない,,福井県内には宿泊しない,,,,,,,,,自家用車,1,0,0,0,0,0,0,自家用車,0,0,0,0,,,,2～5回目,2～5回目,名所、旧跡の観光,0,0,0,0,1,0,0,0,0,0,0,0,0,0,0,0,0,0,新聞・雑誌・ガイドブック,0,0,0,0,0,0,0,0,0,0,0,0,0,0,0,0,1,0,0,0,0,0,0,0,0,,,,使わない,,"10,000円以上 20,000円未満",,"5,000円以上 10,000円未満","10,000円以上 20,000円未満",,,,,,,,,,3,3,,,,,,9,また行きたい（1年以内）,,福井駅前 エリア,,選択なし/該当施設なし,,選択なし/該当施設なし,,000000,一乗谷朝倉氏遺跡 エリア,1961,65,,1月,01.福井駅前 エリア,,食事が美味しい
福井,2026/01/01 11:37:24,愛知県,男,50代,,400万円以上 500万円未満,夫婦2人,日帰り,福井県外には宿泊しない,,福井県内には宿泊しない,,,,,,,,,自家用車,1,0,0,0,0,0,0,自家用車,0,0,0,0,4,近くに駐車場も有り安いので助かります。,,初めて,初めて,地元の美味しいものを食べる名所、旧跡の観光,0,0,1,0,1,0,0,0,0,0,0,0,0,0,0,0,0,0,新聞・雑誌・ガイドブック,0,0,0,0,0,0,0,0,0,0,0,0,0,0,0,0,1,0,0,0,0,0,0,0,0,,,,"5,000円以上 10,000円未満",,"10,000円以上 20,000円未満",,"3,000円以上 5,000円未満","20,000円以上 30,000円未満",,,,,,,,,,4,4,,階段は大変ですが、天気が悪くてもほぼ濡れないで歩けるから良いです。,,,,8,機会があれば行きたい,,大本山 永平寺 エリア,,選択なし/該当施設なし,御誕生寺(猫寺)？,選択なし/該当施設なし,,000000,大本山 永平寺 エリア,1969,57,,1月,34.大本山 永平寺 エリア,,のんびりとお寺や道の駅など、周るなら、良いかと思います。
福井,2026/01/01 11:37:02,愛知県,女,50代,,400万円以上 500万円未満,夫婦2人,日帰り,福井県外には宿泊しない,,福井県内には宿泊しない,,,,,,,,,自家用車,1,0,0,0,0,0,0,自家用車,0,0,0,0,,,,初めて,初めて,名所、旧跡の観光,0,0,0,0,1,0,0,0,0,0,0,0,0,0,0,0,0,0,インターネット・アプリ,0,0,0,0,0,0,0,0,0,0,1,0,0,0,0,0,0,0,0,0,0,0,0,0,0,,,,"3,000円以上 5,000円未満",,"5,000円以上 10,000円未満",,使わない,"5,000円以上 10,000円未満",,,,,,,,,,3,4,,階段が多い、スリッパがすべり歩きづらい,,,,5,どちらともいえない,,大本山 永平寺 エリア,,越前大野城,,選択なし/該当施設なし,,000000,大本山 永平寺 エリア,1969,57,,1月,34.大本山 永平寺 エリア,,
福井,2026/01/01 10:38:06,東京都,男,40代,,600万円以上 700万円未満,小学生以下連れの家族,4泊以上,福井県外には宿泊しない,,4泊以上,,,,,,,,,新幹線,0,0,1,0,0,0,0,在来線,0,0,0,0,3,列車本数が少ないので改善してほしい,,2～5回目,2～5回目,宿でのんびり過ごす,1,0,0,0,0,0,0,0,0,0,0,0,0,0,0,0,0,0,観光展・物産展TV・ラジオ番組やCM,0,0,0,0,0,0,0,0,0,0,0,0,0,0,1,0,0,0,0,0,0,0,1,0,0,,,,"30,000円以上 40,000円未満",,"20,000円以上 30,000円未満",,"10,000円以上 20,000円未満","30,000円以上 40,000円未満",,,,,,,,,,5,4,,恐竜をここまでちりばめている駅はない！もっと進化を続けてほしい,,,,8,また行きたい（1年以内）,,福井駅前 エリア,,一乗谷朝倉氏遺跡,,氣比神宮,,000000,金ヶ崎 エリア,1986,40,,1月,01.福井駅前 エリア,,福井は未発見の場所がたくさんあるから
福井,2026/01/01 09:47:09,大阪府,女,60代,,"1,000万円以上 1,200万円未満",夫婦2人,日帰り,福井県外には宿泊しない,,4泊以上,,,,,,,,,在来線,0,0,0,1,0,0,0,在来線徒歩,0,0,1,0,4,駅近である,,6～10回目,6～10回目,まちあるき、都市散策,0,0,0,0,0,0,0,0,0,0,1,0,0,0,0,0,0,0,インターネット・アプリ,0,0,0,0,0,0,0,0,0,0,1,0,0,0,0,0,0,0,0,0,0,0,0,0,0,,,,"10,000円以上 20,000円未満",,"100,000円以上",,"3,000円以上 5,000円未満","50,000円以上 100,000円未満",,,,,,,,,,4,4,,毎年利用している,,,,10,また行きたい（1年以内）,,三国湊 エリア,,北の庄城址・柴田公園,,三国サンセットビーチ,,000000,web,1962,64,,1月,09.三国湊 エリア,(一社)DMOさかい観光局,温泉が良い
福井,2026/01/01 09:46:05,大阪府,男,60代,,"1,000万円以上 1,200万円未満",夫婦2人,4泊以上,福井県外には宿泊しない,,4泊以上,,,,,,,,,在来線,0,0,0,1,0,0,0,在来線,0,0,0,0,5,フリー切符で安価だから,,6～10回目,6～10回目,地元の美味しいものを食べる,0,0,1,0,0,0,0,0,0,0,0,0,0,0,0,0,0,0,宿泊施設,0,0,0,0,0,0,0,0,0,0,0,0,0,1,0,0,0,0,0,0,0,0,0,0,0,,,,"10,000円以上 20,000円未満",,"100,000円以上",,"1,000円以上 3,000円未満","100,000円以上",,,,,,,,,,4,4,,温泉がいい,,,,8,また行きたい（1年以内）,,三国湊 エリア,,北の庄城址・柴田公園,福井駅界隈,選択なし/該当施設なし,,000000,web,1964,62,,1月,09.三国湊 エリア,(一社)DMOさかい観光局,人が親切
福井,2026/01/01 08:39:57,東京都,無回答,50代,,200万円以上 300万円未満,中学生以上連れの家族,2泊,石川県金沢市,,1泊,,,,,,,,,新幹線在来線,0,0,1,1,0,0,0,路線バス,0,1,0,0,4,,,初めて,初めて,地元の美味しいものを食べる名所、旧跡の観光,0,0,1,0,1,0,0,0,0,0,0,0,0,0,0,0,0,0,インターネット・アプリ,0,0,0,0,0,0,0,0,0,0,1,0,0,0,0,0,0,0,0,0,0,0,0,0,0,,,,"40,000円以上 50,000円未満",,"20,000円以上 30,000円未満",,"1,000円以上 3,000円未満","30,000円以上 40,000円未満",,,,,,,,,,4,4,,,,,,8,機会があれば行きたい,,丸岡城 エリア,,丸岡城,,北の庄城址・柴田公園,,000000,丸岡城 エリア,1968,58,,1月,13.丸岡城 エリア,(一社)DMOさかい観光局,
福井,2026/01/01 07:56:31,岐阜県,男,50代,,分からない/無回答,小学生以下連れの家族,2泊,福井県外には宿泊しない,,2泊,,,,,,,,,自家用車,1,0,0,0,0,0,0,自家用車,0,0,0,0,,,,2～5回目,2～5回目,温泉や露天風呂名所、旧跡の観光その他,0,1,0,0,1,0,0,0,0,0,0,0,0,0,0,0,0,1,新聞・雑誌・ガイドブックインターネット・アプリ,0,0,0,0,0,0,0,0,0,0,1,0,0,0,0,0,1,0,0,0,0,0,0,0,0,,,,"10,000円以上 20,000円未満",,"100,000円以上",,"100,000円以上","50,000円以上 100,000円未満",,,,,,,,,,4,4,,,,,,8,,,北潟湖 エリア,,選択なし/該当施設なし,,選択なし/該当施設なし,,000000,web,1974,52,,1月,20.北潟湖 エリア,,
福井,2026/01/01 00:21:44,福井県,女,50代,,"1,200万円以上 1,500万円未満",恋人,日帰り,石川県金沢市,,1泊,,,,,,,,,新幹線,0,0,1,0,0,0,0,自家用車,0,0,0,0,4,,,2～5回目,2～5回目,温泉や露天風呂,0,1,0,0,0,0,0,0,0,0,0,0,0,0,0,0,0,0,新聞・雑誌・ガイドブック,0,0,0,0,0,0,0,0,0,0,0,0,0,0,0,0,1,0,0,0,0,0,0,0,0,,,,"20,000円以上 30,000円未満",,"10,000円以上 20,000円未満",,"3,000円以上 5,000円未満","3,000円以上 5,000円未満",,,,,,,,,,4,4,,,,,,2,,,大本山 永平寺 エリア,,一乗谷朝倉氏遺跡,,選択なし/該当施設なし,,000000,大本山 永平寺 エリア,1974,52,,1月,34.大本山 永平寺 エリア,,
福井,2026/01/01 00:14:36,福井県,男,50代,,"1,000万円以上 1,200万円未満",自分ひとり,日帰り,福井県外には宿泊しない,,4泊以上,,,,,,,,,自家用車,1,0,0,0,0,0,0,自家用車,0,0,0,0,4,,,6～10回目,6～10回目,名所、旧跡の観光,0,0,0,0,1,0,0,0,0,0,0,0,0,0,0,0,0,0,友人・知人,0,0,0,0,0,0,0,0,0,0,0,0,0,0,0,0,0,0,1,0,0,0,0,0,0,,,,"10,000円以上 20,000円未満",,使わない,,"5,000円以上 10,000円未満",使わない,,,,,,,,,,5,5,,,,,,10,,,大本山 永平寺 エリア,,選択なし/該当施設なし,,選択なし/該当施設なし,,000000,大本山 永平寺 エリア,1974,52,,1月,34.大本山 永平寺 エリア,,
福井,2026/01/02 22:15:26,兵庫県,女,60代,,100万円以上 200万円未満,団体旅行,2泊,高岡市,,1泊,,,,,,,,,在来線,0,0,0,1,0,0,0,旅行会社ツアーバス,0,0,0,0,4,地元のバスでとても親しみやすかった。,,初めて,初めて,名所、旧跡の観光,0,0,0,0,1,0,0,0,0,0,0,0,0,0,0,0,0,0,その他,0,0,0,0,0,0,0,0,0,0,0,0,0,0,0,0,0,0,0,0,0,0,0,0,1,,,,"30,000円以上 40,000円未満",,"50,000円以上 100,000円未満",,"3,000円以上 5,000円未満","3,000円以上 5,000円未満",,,,,,,,,,5,5,,,,,,7,機会があれば行きたい,,福井駅前 エリア（宿泊施設）,,東尋坊,,大本山永平寺,,000000,福井駅前 エリア（宿泊施設）,1958,68,,1月,02.福井駅前 エリア（宿泊施設）,,
福井,2026/01/02 22:02:31,福井県,女,60代,,"900万円以上 1,000万円未満",その他家族,日帰り,福井県外には宿泊しない,,4泊以上,,,,,,,,,自家用車,1,0,0,0,0,0,0,自家用車,0,0,0,0,4,,,2～5回目,2～5回目,地元の美味しいものを食べる,0,0,1,0,0,0,0,0,0,0,0,0,0,0,0,0,0,0,新聞・雑誌・ガイドブック,0,0,0,0,0,0,0,0,0,0,0,0,0,0,0,0,1,0,0,0,0,0,0,0,0,,,,"20,000円以上 30,000円未満",,"10,000円以上 20,000円未満",,"3,000円以上 5,000円未満","5,000円以上 10,000円未満",,,,,,,,,,4,4,,,,,,7,,,芝政ワールド エリア,,選択なし/該当施設なし,,選択なし/該当施設なし,,000000,芝政ワールド エリア,1960,66,,1月,12.芝政ワールド エリア,(一社)DMOさかい観光局,
福井,2026/01/02 21:23:55,愛知県,男,30代,,分からない/無回答,小学生以下連れの家族,1泊,石川県,,福井県内には宿泊しない,,,,,,,,,自家用車,1,0,0,0,0,0,0,徒歩,0,0,1,0,,,,初めて,初めて,宿でのんびり過ごすテーマパーク（遊園地、動物園、博物館など）,1,0,0,0,0,1,0,0,0,0,0,0,0,0,0,0,0,0,観光パンフレット・ポスターInstagram,0,0,0,1,0,0,0,0,0,0,0,0,0,0,0,0,0,0,0,0,1,0,0,0,0,,,,"1,000円以上 3,000円未満",,使わない,,"1,000円未満","1,000円以上 3,000円未満",,,,,,,,,,4,4,,,,,,5,機会があれば行きたい,,竹田エリア,,竹田水車メロディパーク,,福井県立恐竜博物館,,000000,竹田エリア,1988,38,,1月,91.竹田エリア,(一社)DMOさかい観光局,
福井,2026/01/02 21:13:38,東京都,女,40代,,分からない/無回答,中学生以上連れの家族,4泊以上,福井県外には宿泊しない,,4泊以上,,,,,,,,,新幹線,0,0,1,0,0,0,0,自家用車,0,0,0,0,,,,6～10回目,6～10回目,温泉や露天風呂地元の美味しいものを食べる,0,1,1,0,0,0,0,0,0,0,0,0,0,0,0,0,0,0,友人・知人,0,0,0,0,0,0,0,0,0,0,0,0,0,0,0,0,0,0,1,0,0,0,0,0,0,,,,使わない,,使わない,,"5,000円以上 10,000円未満","10,000円以上 20,000円未満",,,,,,,,,,5,5,,,,,,9,また行きたい（1年以内）,,三国湊 エリア,,選択なし/該当施設なし,,選択なし/該当施設なし,,000000,三国湊 エリア,1985,41,,1月,09.三国湊 エリア,(一社)DMOさかい観光局,
福井,2026/01/02 19:38:20,愛媛県,女,30代,,分からない/無回答,友人,2泊,福井県外には宿泊しない,,2泊,,,,,,,,,新幹線在来線,0,0,1,1,0,0,0,その他,0,0,0,0,4,,,初めて,初めて,地元の美味しいものを食べる名所、旧跡の観光友人・親戚を尋ねる,0,0,1,0,1,0,0,0,0,0,0,0,0,0,0,1,0,0,観光パンフレット・ポスター友人・知人,0,0,0,0,0,0,0,0,0,0,0,0,0,0,0,0,0,0,1,0,1,0,0,0,0,,,,"10,000円以上 20,000円未満",,"5,000円以上 10,000円未満",,"5,000円以上 10,000円未満","20,000円以上 30,000円未満",,,,,,,,,,5,5,,,,,,10,また行きたい（1年以内）,,かつやま恐竜の森 エリア,,氣比神宮,,越前和紙の里,,000000,かつやま恐竜の森 エリア,1994,32,,1月,25.かつやま恐竜の森 エリア,勝山市観光まちづくり(株),
福井,2026/01/02 19:25:21,東京都,男,70代,,600万円以上 700万円未満,団体旅行,2泊,福井県外には宿泊しない,,2泊,,,,,,,,,新幹線,0,0,1,0,0,0,0,レンタカー路線バス,0,1,0,0,3,,,初めて,初めて,宿でのんびり過ごす温泉や露天風呂名所、旧跡の観光テーマパーク（遊園地、動物園、博物館など）,1,1,0,0,1,1,0,0,0,0,0,0,0,0,0,0,0,0,観光パンフレット・ポスターインターネット・アプリ宿泊施設,0,0,0,0,0,0,0,0,0,0,1,0,0,1,0,0,0,0,0,0,1,0,0,0,0,,,,"40,000円以上 50,000円未満",,"40,000円以上 50,000円未満",,"5,000円以上 10,000円未満","10,000円以上 20,000円未満",,,,,,,,,,3,4,,,,,,8,また行きたい（1年以内）,,かつやま恐竜の森 エリア,,丸岡城,,一乗谷朝倉氏遺跡,,000000,かつやま恐竜の森 エリア,1956,70,,1月,25.かつやま恐竜の森 エリア,勝山市観光まちづくり(株),
福井,2026/01/02 19:17:34,東京都,女,20代,,500万円以上 600万円未満,恋人,2泊,福井県外には宿泊しない,,2泊,,,,,,,,,新幹線在来線,0,0,1,1,0,0,0,在来線,0,0,0,0,5,街並みが綺麗,,初めて,初めて,地元の美味しいものを食べるまちあるき、都市散策,0,0,1,0,0,0,0,0,0,0,1,0,0,0,0,0,0,0,観光展・物産展インターネット・アプリ,0,0,0,0,0,0,0,0,0,0,1,0,0,0,0,0,0,0,0,0,0,0,1,0,0,,,,"30,000円以上 40,000円未満",,"5,000円以上 10,000円未満",,"3,000円以上 5,000円未満","20,000円以上 30,000円未満",,,,,,,,,,5,5,,,,,,10,また行きたい（1年以内）,,東尋坊 エリア,,選択なし/該当施設なし,永平寺。選択肢が多過ぎて見つけられず,選択なし/該当施設なし,,000000,東尋坊 エリア,2000,26,,1月,10.東尋坊 エリア,(一社)DMOさかい観光局,東尋坊が圧巻
福井,2026/01/02 17:53:38,広島県,女,40代,,"1,500万円以上",夫婦2人,3泊,石川県加賀市,,2泊,,,,,,,,,自家用車,1,0,0,0,0,0,0,自家用車,0,0,0,0,5,自由度が高い,,2～5回目,2～5回目,名所、旧跡の観光,0,0,0,0,1,0,0,0,0,0,0,0,0,0,0,0,0,0,インターネット・アプリ,0,0,0,0,0,0,0,0,0,0,1,0,0,0,0,0,0,0,0,0,0,0,0,0,0,,,,"20,000円以上 30,000円未満",,"10,000円以上 20,000円未満",,"10,000円以上 20,000円未満","30,000円以上 40,000円未満",,,,,,,,,,5,5,,綺麗だったから,,,,9,また行きたい（1年以内）,,かつやま恐竜の森 エリア,,神宮寺,,今庄宿,,000000,かつやま恐竜の森 エリア,1984,42,,1月,25.かつやま恐竜の森 エリア,勝山市観光まちづくり(株),恐竜の森
福井,2026/01/02 17:52:10,岡山県,女,40代,,"1,200万円以上 1,500万円未満",恋人,2泊,石川県金沢市,,2泊,,,,,,,,,自家用車,1,0,0,0,0,0,0,自家用車,0,0,0,0,5,一日中遊べた,,6～10回目,6～10回目,地元の美味しいものを食べる,0,0,1,0,0,0,0,0,0,0,0,0,0,0,0,0,0,0,観光パンフレット・ポスター,0,0,0,0,0,0,0,0,0,0,0,0,0,0,0,0,0,0,0,0,1,0,0,0,0,,,,"20,000円以上 30,000円未満",,"10,000円以上 20,000円未満",,"30,000円以上 40,000円未満","20,000円以上 30,000円未満",,,,,,,,,,5,5,,新しかった,,,,10,また行きたい（1年以内）,,かつやま恐竜の森 エリア,,三國湊レトロ,,岡太神社・大瀧神社,,000000,かつやま恐竜の森 エリア,1984,42,,1月,25.かつやま恐竜の森 エリア,勝山市観光まちづくり(株),恐竜の森
福井,2026/01/02 17:46:28,神奈川県,女,60代,,分からない/無回答,その他家族,1泊,福井県外には宿泊しない,,3泊,,,,,,,,,自家用車,1,0,0,0,0,0,0,自家用車,0,0,0,0,4,自由度が高い,,2～5回目,2～5回目,温泉や露天風呂友人・親戚を尋ねる,0,1,0,0,0,0,0,0,0,0,0,0,0,0,0,1,0,0,その他,0,0,0,0,0,0,0,0,0,0,0,0,0,0,0,0,0,0,0,0,0,0,0,0,1,,,,"10,000円以上 20,000円未満",,"20,000円以上 30,000円未満",,"10,000円以上 20,000円未満","10,000円以上 20,000円未満",,,,,,,,,,5,5,,サービスも良い,,,,10,また行きたい（1年以内）,,かずら橋 エリア,,今庄宿,,選択なし/該当施設なし,,000000,web,1965,61,,1月,48.かずら橋 エリア,（一財）いけだ農村観光公社,食事が美味しい
福井,2026/01/02 17:45:36,滋賀県,女,40代,,200万円以上 300万円未満,親,日帰り,福井県外には宿泊しない,,福井県内には宿泊しない,,,,,,,,,自家用車,1,0,0,0,0,0,0,自家用車,0,0,0,0,,,,2～5回目,2～5回目,ドライブ・ツーリング,0,0,0,0,0,0,0,0,0,0,0,0,0,0,1,0,0,0,インターネット・アプリ,0,0,0,0,0,0,0,0,0,0,1,0,0,0,0,0,0,0,0,0,0,0,0,0,0,,,,"3,000円以上 5,000円未満",,使わない,,"3,000円以上 5,000円未満","5,000円以上 10,000円未満",,,,,,,,,,4,4,,,,,,6,,,道の駅「若狭おばま」 エリア,,選択なし/該当施設なし,,選択なし/該当施設なし,,000000,道の駅「若狭おばま」 エリア,1983,43,,1月,68.道の駅「若狭おばま」 エリア,(株)まちづくり小浜,
福井,2026/01/02 17:44:52,滋賀県,女,40代,,200万円以上 300万円未満,親,日帰り,福井県外には宿泊しない,,福井県内には宿泊しない,,,,,,,,,自家用車,1,0,0,0,0,0,0,自家用車,0,0,0,0,,,,2～5回目,2～5回目,ドライブ・ツーリング,0,0,0,0,0,0,0,0,0,0,0,0,0,0,1,0,0,0,インターネット・アプリ,0,0,0,0,0,0,0,0,0,0,1,0,0,0,0,0,0,0,0,0,0,0,0,0,0,,,,"3,000円以上 5,000円未満",,使わない,,"3,000円以上 5,000円未満","5,000円以上 10,000円未満",,,,,,,,,,4,4,,,,,,6,,,道の駅「恐竜渓谷かつやま」 エリア,,選択なし/該当施設なし,,選択なし/該当施設なし,,000000,道の駅「若狭おばま」 エリア,1983,43,,1月,26.道の駅「恐竜渓谷かつやま」 エリア,勝山市観光まちづくり(株),
福井,2026/01/02 17:43:27,滋賀県,女,40代,,200万円以上 300万円未満,親,日帰り,福井県外には宿泊しない,,福井県内には宿泊しない,,,,,,,,,自家用車,1,0,0,0,0,0,0,自家用車,0,0,0,0,,,,2～5回目,2～5回目,地元の美味しいものを食べる名所、旧跡の観光ドライブ・ツーリング,0,0,1,0,1,0,0,0,0,0,0,0,0,0,1,0,0,0,新聞・雑誌・ガイドブックインターネット・アプリ,0,0,0,0,0,0,0,0,0,0,1,0,0,0,0,0,1,0,0,0,0,0,0,0,0,,,,"3,000円以上 5,000円未満",,使わない,,"3,000円以上 5,000円未満","5,000円以上 10,000円未満",,,,,,,,,,4,4,,,,,,6,,,越前大仏 エリア,,選択なし/該当施設なし,,選択なし/該当施設なし,,000000,道の駅「若狭おばま」 エリア,1983,43,,1月,28.越前大仏 エリア,勝山市観光まちづくり(株),
福井,2026/01/02 17:34:54,岡山県,女,40代,,"1,000万円以上 1,200万円未満",恋人,3泊,石川県加賀市,,2泊,,,,,,,,,自家用車,1,0,0,0,0,0,0,自家用車,0,0,0,0,5,ワクワクしたから,,初めて,初めて,宿でのんびり過ごす温泉や露天風呂,1,1,0,0,0,0,0,0,0,0,0,0,0,0,0,0,0,0,観光展・物産展,0,0,0,0,0,0,0,0,0,0,0,0,0,0,0,0,0,0,0,0,0,0,1,0,0,,,,"20,000円以上 30,000円未満",,"20,000円以上 30,000円未満",,"20,000円以上 30,000円未満","20,000円以上 30,000円未満",,,,,,,,,,5,5,,おもしろかったから,,,,10,機会があれば行きたい,,かつやま恐竜の森 エリア,,国分寺 (小浜市),,赤礁崎オートキャンプ場,,000000,かつやま恐竜の森 エリア,1984,42,,1月,25.かつやま恐竜の森 エリア,勝山市観光まちづくり(株),恐竜の森がおもしろかった
福井,2026/01/02 17:16:39,三重県,女,50代,,"1,200万円以上 1,500万円未満",親,1泊,福井県外には宿泊しない,,1泊,,,,,,,,,在来線,0,0,0,1,0,0,0,在来線,0,0,0,0,4,乗り継ぎ時間が良い,,初めて,初めて,宿でのんびり過ごす地元の美味しいものを食べる,1,0,1,0,0,0,0,0,0,0,0,0,0,0,0,0,0,0,TV・ラジオ番組やCM,0,0,0,0,0,0,0,0,0,0,0,0,0,0,1,0,0,0,0,0,0,0,0,0,0,,,,"20,000円以上 30,000円未満",,"100,000円以上",,"100,000円以上","100,000円以上",,,,,,,,,,4,4,,,,,,8,また行きたい（1年以内）,,小浜市 阿納 エリア,,選択なし/該当施設なし,,選択なし/該当施設なし,,000000,小浜市 阿納 エリア,1976,50,,1月,67.小浜市 阿納 エリア,(株)まちづくり小浜,
福井,2026/01/02 17:04:15,広島県,男,50代,,"1,000万円以上 1,200万円未満",夫婦2人,2泊,石川県金沢市,,2泊,,,,,,,,,自家用車,1,0,0,0,0,0,0,自家用車,0,0,0,0,5,1日楽しめた,,6～10回目,6～10回目,温泉や露天風呂,0,1,0,0,0,0,0,0,0,0,0,0,0,0,0,0,0,0,観光展・物産展,0,0,0,0,0,0,0,0,0,0,0,0,0,0,0,0,0,0,0,0,0,0,1,0,0,,,,"10,000円以上 20,000円未満",,"10,000円以上 20,000円未満",,"10,000円以上 20,000円未満","10,000円以上 20,000円未満",,,,,,,,,,5,5,,,,,,10,あまり行きたいと思わない,,かつやま恐竜の森 エリア,,国分寺 (小浜市),,あわら温泉屋台村「湯けむり横丁」,,000000,かつやま恐竜の森 エリア,1975,51,,1月,25.かつやま恐竜の森 エリア,勝山市観光まちづくり(株),ジオパーク
福井,2026/01/02 15:39:55,岡山県,男,50代,,"1,000万円以上 1,200万円未満",夫婦2人,1泊,石川県輪島市,,1泊,,,,,,,,,自家用車,1,0,0,0,0,0,0,自家用車,0,0,0,0,,,,初めて,初めて,宿でのんびり過ごす温泉や露天風呂地元の美味しいものを食べる,1,1,1,0,0,0,0,0,0,0,0,0,0,0,0,0,0,0,インターネット・アプリ,0,0,0,0,0,0,0,0,0,0,1,0,0,0,0,0,0,0,0,0,0,0,0,0,0,,,,"50,000円以上 100,000円未満",,"100,000円以上",,"5,000円以上 10,000円未満","20,000円以上 30,000円未満",,,,,,,,,,4,5,,,,,,7,機会があれば行きたい,,かつやま恐竜の森 エリア,,岡太神社・大瀧神社,,岡太神社・大瀧神社,,000000,かつやま恐竜の森 エリア,1975,51,,1月,25.かつやま恐竜の森 エリア,勝山市観光まちづくり(株),
福井,2026/01/02 15:16:43,岡山県,女,40代,,400万円以上 500万円未満,恋人,1泊,石川県金沢市,,1泊,,,,,,,,,自家用車,1,0,0,0,0,0,0,自家用車,0,0,0,0,5,楽しかった,,初めて,初めて,温泉や露天風呂,0,1,0,0,0,0,0,0,0,0,0,0,0,0,0,0,0,0,観光展・物産展,0,0,0,0,0,0,0,0,0,0,0,0,0,0,0,0,0,0,0,0,0,0,1,0,0,,,,"10,000円以上 20,000円未満",,"10,000円以上 20,000円未満",,"10,000円以上 20,000円未満","10,000円以上 20,000円未満",,,,,,,,,,5,5,,,,,,10,また行きたい（1年以内）,,かつやま恐竜の森 エリア,,越前大仏,,越前大野城,,000000,かつやま恐竜の森 エリア,1985,41,,1月,25.かつやま恐竜の森 エリア,勝山市観光まちづくり(株),展示数がおおかった
福井,2026/01/02 15:05:39,東京都,男,30代,,"1,000万円以上 1,200万円未満",小学生以下連れの家族,4泊以上,福井県外には宿泊しない,,4泊以上,,,,,,,,,飛行機,0,0,0,0,1,0,0,自家用車,0,0,0,0,5,,,2～5回目,2～5回目,地元の美味しいものを食べるテーマパーク（遊園地、動物園、博物館など）買い物、アウトレット,0,0,1,0,0,1,1,0,0,0,0,0,0,0,0,0,0,0,観光展・物産展新聞・雑誌・ガイドブックインターネット・アプリ,0,0,0,0,0,0,0,0,0,0,1,0,0,0,0,0,1,0,0,0,0,0,1,0,0,,,,"10,000円以上 20,000円未満",,"20,000円以上 30,000円未満",,"5,000円以上 10,000円未満","10,000円以上 20,000円未満",,,,,,,,,,5,5,,,,,,10,また行きたい（1年以内）,,かつやま恐竜の森 エリア,,福井県立恐竜博物館,,選択なし/該当施設なし,,000000,かつやま恐竜の森 エリア,1996,30,,1月,25.かつやま恐竜の森 エリア,勝山市観光まちづくり(株),
福井,2026/01/02 14:33:43,大阪府,女,30代,,"1,200万円以上 1,500万円未満",夫婦2人,1泊,福井県外には宿泊しない,,1泊,,,,,,,,,新幹線在来線,0,0,1,1,0,0,0,路線バス,0,1,0,0,5,福井駅から直通で便利だった,,初めて,初めて,地元の美味しいものを食べる名所、旧跡の観光テーマパーク（遊園地、動物園、博物館など）,0,0,1,0,1,1,0,0,0,0,0,0,0,0,0,0,0,0,友人・知人,0,0,0,0,0,0,0,0,0,0,0,0,0,0,0,0,0,0,1,0,0,0,0,0,0,,,,"10,000円以上 20,000円未満",,"5,000円以上 10,000円未満",,"3,000円以上 5,000円未満","10,000円以上 20,000円未満",,,,,,,,,,4,4,,,,,,7,機会があれば行きたい,,大本山 永平寺 エリア,,選択なし/該当施設なし,,福井県立恐竜博物館,,000000,大本山 永平寺 エリア,1996,30,,1月,34.大本山 永平寺 エリア,,
福井,2026/01/02 14:21:32,岐阜県,男,20代,,分からない/無回答,夫婦2人,2泊,福井県外には宿泊しない,,2泊,,,,,,,,,旅行会社ツアーバス,0,0,0,0,0,1,0,在来線,0,0,0,0,4,,,初めて,初めて,宿でのんびり過ごす温泉や露天風呂地元の美味しいものを食べる名所、旧跡の観光テーマパーク（遊園地、動物園、博物館など）買い物、アウトレットお祭りやイベントへの参加・見物まちあるき、都市散策,1,1,1,0,1,1,1,1,0,0,1,0,0,0,0,0,0,0,TV・ラジオ番組やCMインターネット・アプリTwitterInstagram,0,0,0,1,0,1,0,0,0,0,1,0,0,0,1,0,0,0,0,0,0,0,0,0,0,,,,"20,000円以上 30,000円未満",,"100,000円以上",,"10,000円以上 20,000円未満","100,000円以上",,,,,,,,,,5,5,,,,,,10,また行きたい（1年以内）,,かつやま恐竜の森 エリア,,選択なし/該当施設なし,,越前大仏,,000000,かつやま恐竜の森 エリア,1999,27,,1月,25.かつやま恐竜の森 エリア,勝山市観光まちづくり(株),福井県の方は親切な方が多く、またルールを守れる方が多い為、快適に滞在することができた。ご飯も美味しい恐竜博物館も見応えがあって面白かった。また来たいと思っている
福井,2026/01/02 14:18:04,岐阜県,女,20代,,400万円以上 500万円未満,夫婦2人,2泊,福井県外には宿泊しない,,2泊,,,,,,,,,旅行会社ツアーバス,0,0,0,0,0,1,0,在来線,0,0,0,0,5,,,初めて,初めて,温泉や露天風呂地元の美味しいものを食べる名所、旧跡の観光テーマパーク（遊園地、動物園、博物館など）,0,1,1,0,1,1,0,0,0,0,0,0,0,0,0,0,0,0,インターネット・アプリ,0,0,0,0,0,0,0,0,0,0,1,0,0,0,0,0,0,0,0,0,0,0,0,0,0,,,,"1,000円以上 3,000円未満",,"10,000円以上 20,000円未満",,"3,000円以上 5,000円未満","5,000円以上 10,000円未満",,,,,,,,,,5,5,,,,,,10,機会があれば行きたい,,かつやま恐竜の森 エリア,,選択なし/該当施設なし,,越前大仏,,000000,かつやま恐竜の森 エリア,2000,26,,1月,25.かつやま恐竜の森 エリア,勝山市観光まちづくり(株),
福井,2026/01/02 14:16:52,東京都,男,40代,,"1,500万円以上",小学生以下連れの家族,4泊以上,福井県外には宿泊しない,,4泊以上,,,,,,,,,自家用車,1,0,0,0,0,0,0,自家用車,0,0,0,0,,,,11回目以上,11回目以上,地元の美味しいものを食べる買い物、アウトレット友人・親戚を尋ねる,0,0,1,0,0,0,1,0,0,0,0,0,0,0,0,1,0,0,インターネット・アプリ,0,0,0,0,0,0,0,0,0,0,1,0,0,0,0,0,0,0,0,0,0,0,0,0,0,,,,"10,000円以上 20,000円未満",,使わない,,"1,000円未満","10,000円以上 20,000円未満",,,,,,,,,,4,4,,,,,,9,,,道の駅「南えちぜん山海里」 エリア,,選択なし/該当施設なし,,選択なし/該当施設なし,,000000,越前そばの里 エリア,1979,47,,1月,58.道の駅「南えちぜん山海里」 エリア,,
福井,2026/01/02 13:46:56,神奈川県,女,50代,,700万円以上 800万円未満,中学生以上連れの家族,日帰り,福井県外には宿泊しない,,福井県内には宿泊しない,,,,,,,,,県外から訪れていない（福井県在住）,0,0,0,0,0,0,1,自家用車,0,0,0,0,4,空いてる,,11回目以上,11回目以上,友人・親戚を尋ねる,0,0,0,0,0,0,0,0,0,0,0,0,0,0,0,1,0,0,InstagramFacebook,1,0,0,1,0,0,0,0,0,0,0,0,0,0,0,0,0,0,0,0,0,0,0,0,0,,,,"1,000円以上 3,000円未満",,使わない,,"1,000円以上 3,000円未満","1,000円以上 3,000円未満",,,,,,,,,,4,4,,,,,,8,福井県在住,,道の駅「恐竜渓谷かつやま」 エリア,,選択なし/該当施設なし,,選択なし/該当施設なし,,000000,道の駅「禅の里」 エリア,1971,55,,1月,26.道の駅「恐竜渓谷かつやま」 エリア,勝山市観光まちづくり(株),
福井,2026/01/02 13:46:12,愛知県,女,50代,,"1,000万円以上 1,200万円未満",夫婦2人,1泊,福井県外には宿泊しない,,福井県内には宿泊しない,,,,,,,,,自家用車,1,0,0,0,0,0,0,自家用車,0,0,0,0,,,,2～5回目,2～5回目,名所、旧跡の観光買い物、アウトレットドライブ・ツーリング,0,0,0,0,1,0,1,0,0,0,0,0,0,0,1,0,0,0,観光パンフレット・ポスター,0,0,0,0,0,0,0,0,0,0,0,0,0,0,0,0,0,0,0,0,1,0,0,0,0,,,,"10,000円以上 20,000円未満",,使わない,,"5,000円以上 10,000円未満","20,000円以上 30,000円未満",,,,,,,,,,5,5,,偶然呼ばれるかのように永平寺に参拝に行く機会に恵まれ、参拝できてよかった,,,,10,機会があれば行きたい,,大本山 永平寺 エリア,,選択なし/該当施設なし,越前大野道の駅,選択なし/該当施設なし,,000000,大本山 永平寺 エリア,1973,53,,1月,34.大本山 永平寺 エリア,,
福井,2026/01/02 13:39:34,滋賀県,男,20代,,500万円以上 600万円未満,夫婦2人,1泊,福井県外には宿泊しない,,1泊,,,,,,,,,自家用車,1,0,0,0,0,0,0,自家用車,0,0,0,0,5,,,2～5回目,2～5回目,その他,0,0,0,0,0,0,0,0,0,0,0,0,0,0,0,0,0,1,その他,0,0,0,0,0,0,0,0,0,0,0,0,0,0,0,0,0,0,0,0,0,0,0,0,1,,,,使わない,,使わない,,使わない,使わない,,,,,,,,,,5,5,,,,,,10,機会があれば行きたい,,かつやま恐竜の森 エリア,,選択なし/該当施設なし,,選択なし/該当施設なし,,000000,かつやま恐竜の森 エリア,1997,29,,1月,25.かつやま恐竜の森 エリア,勝山市観光まちづくり(株),
福井,2026/01/02 13:26:55,福岡県,男,40代,,300万円以上 400万円未満,小学生以下連れの家族,4泊以上,福井県外には宿泊しない,,4泊以上,,,,,,,,,新幹線在来線,0,0,1,1,0,0,0,自家用車,0,0,0,0,5,,,2～5回目,2～5回目,地元の美味しいものを食べるテーマパーク（遊園地、動物園、博物館など）買い物、アウトレット友人・親戚を尋ねる,0,0,1,0,0,1,1,0,0,0,0,0,0,0,0,1,0,0,友人・知人,0,0,0,0,0,0,0,0,0,0,0,0,0,0,0,0,0,0,1,0,0,0,0,0,0,,,,"3,000円以上 5,000円未満",,使わない,,"1,000円未満","30,000円以上 40,000円未満",,,,,,,,,,5,5,,,,,,10,機会があれば行きたい,,芝政ワールド エリア,,選択なし/該当施設なし,,選択なし/該当施設なし,,000000,芝政ワールド エリア,1982,44,,1月,12.芝政ワールド エリア,(一社)DMOさかい観光局,
福井,2026/01/02 12:41:59,埼玉県,男,40代,,"1,000万円以上 1,200万円未満",小学生以下連れの家族,4泊以上,福井県外には宿泊しない,,4泊以上,,,,,,,,,自家用車,1,0,0,0,0,0,0,自家用車,0,0,0,0,,,,11回目以上,11回目以上,スキー・スノボ、マリンスポーツ友人・親戚を尋ねる,0,0,0,0,0,0,0,0,0,0,0,0,1,0,0,1,0,0,友人・知人,0,0,0,0,0,0,0,0,0,0,0,0,0,0,0,0,0,0,1,0,0,0,0,0,0,,,,"5,000円以上 10,000円未満",,使わない,,"20,000円以上 30,000円未満","20,000円以上 30,000円未満",,,,,,,,,,5,5,,,,,,10,また行きたい（1年以内）,,かつやま恐竜の森 エリア,,選択なし/該当施設なし,,選択なし/該当施設なし,,000000,かつやま恐竜の森 エリア,1979,47,,1月,25.かつやま恐竜の森 エリア,勝山市観光まちづくり(株),
福井,2026/01/02 12:04:35,大阪府,男,50代,,600万円以上 700万円未満,自分ひとり,1泊,福井県外には宿泊しない,,1泊,,,,,,,,,在来線,0,0,0,1,0,0,0,路線バス,0,1,0,0,,,,2～5回目,2～5回目,名所、旧跡の観光,0,0,0,0,1,0,0,0,0,0,0,0,0,0,0,0,0,0,インターネット・アプリ,0,0,0,0,0,0,0,0,0,0,1,0,0,0,0,0,0,0,0,0,0,0,0,0,0,,,,"5,000円以上 10,000円未満",,"5,000円以上 10,000円未満",,"1,000円以上 3,000円未満","5,000円以上 10,000円未満",,,,,,,,,,3,3,,,,,,8,機会があれば行きたい,,大本山 永平寺 エリア,,越前大仏,,北の庄城址・柴田公園,,000000,大本山 永平寺 エリア,1967,59,,1月,34.大本山 永平寺 エリア,,詫びとサビがある
福井,2026/01/02 11:48:23,東京都,女,20代,,100万円未満,親,4泊以上,大阪府,,2泊,,,,,,,,,新幹線,0,0,1,0,0,0,0,自家用車,0,0,0,0,5,,,2～5回目,2～5回目,地元の美味しいものを食べる友人・親戚を尋ねる,0,0,1,0,0,0,0,0,0,0,0,0,0,0,0,1,0,0,友人・知人,0,0,0,0,0,0,0,0,0,0,0,0,0,0,0,0,0,0,1,0,0,0,0,0,0,,,,"10,000円以上 20,000円未満",,使わない,,"1,000円未満","3,000円以上 5,000円未満",,,,,,,,,,5,4,,,,,,9,機会があれば行きたい,,かつやま恐竜の森 エリア,,選択なし/該当施設なし,,選択なし/該当施設なし,,000000,かつやま恐竜の森 エリア,2004,22,,1月,25.かつやま恐竜の森 エリア,勝山市観光まちづくり(株),
福井,2026/01/02 11:27:58,福井県,女,50代,,100万円未満,夫婦2人,日帰り,福井県外には宿泊しない,,福井県内には宿泊しない,,,,,,,,,自家用車,1,0,0,0,0,0,0,自家用車,0,0,0,0,3,,,2～5回目,2～5回目,その他,0,0,0,0,0,0,0,0,0,0,0,0,0,0,0,0,0,1,インターネット・アプリ,0,0,0,0,0,0,0,0,0,0,1,0,0,0,0,0,0,0,0,0,0,0,0,0,0,,,,"1,000円未満",,"1,000円未満",,"1,000円未満","1,000円未満",,,,,,,,,,3,3,,,,,,5,,,越前松島水族館 エリア,,選択なし/該当施設なし,,選択なし/該当施設なし,,000000,越前そばの里 エリア,1974,52,,1月,11.越前松島水族館 エリア,(一社)DMOさかい観光局,
福井,2026/01/02 11:14:03,東京都,無回答,40代,,分からない/無回答,その他家族,4泊以上,福井県外には宿泊しない,,4泊以上,,,,,,,,,新幹線在来線,0,0,1,1,0,0,0,自家用車,0,0,0,0,5,,,11回目以上,11回目以上,地元の美味しいものを食べる友人・親戚を尋ねる,0,0,1,0,0,0,0,0,0,0,0,0,0,0,0,1,0,0,友人・知人,0,0,0,0,0,0,0,0,0,0,0,0,0,0,0,0,0,0,1,0,0,0,0,0,0,,,,"10,000円以上 20,000円未満",,使わない,,"5,000円以上 10,000円未満","20,000円以上 30,000円未満",,,,,,,,,,5,5,,,,,,8,また行きたい（1年以内）,,福井駅前 エリア,,めがねミュージアム,,選択なし/該当施設なし,,000000,web,1983,43,,1月,01.福井駅前 エリア,,
福井,2026/01/02 11:10:35,大阪府,女,30代,,300万円以上 400万円未満,その他家族,日帰り,福井県外には宿泊しない,,4泊以上,,,,,,,,,新幹線,0,0,1,0,0,0,0,自家用車,0,0,0,0,5,,,2～5回目,2～5回目,友人・親戚を尋ねる,0,0,0,0,0,0,0,0,0,0,0,0,0,0,0,1,0,0,その他,0,0,0,0,0,0,0,0,0,0,0,0,0,0,0,0,0,0,0,0,0,0,0,0,1,,,,"10,000円以上 20,000円未満",,"10,000円以上 20,000円未満",,"1,000円以上 3,000円未満","3,000円以上 5,000円未満",,,,,,,,,,3,4,,,,,,8,また行きたい（1年以内）,,大本山 永平寺 エリア,,大本山永平寺,,選択なし/該当施設なし,,000000,大本山 永平寺 エリア,1993,33,,1月,34.大本山 永平寺 エリア,,
福井,2026/01/02 10:27:29,福井県,無回答,50代,,200万円以上 300万円未満,自分ひとり,日帰り,福井県外には宿泊しない,,4泊以上,,,,,,,,,自家用車,1,0,0,0,0,0,0,自家用車,0,0,0,0,,,,11回目以上,11回目以上,温泉や露天風呂,0,1,0,0,0,0,0,0,0,0,0,0,0,0,0,0,0,0,インターネット・アプリ,0,0,0,0,0,0,0,0,0,0,1,0,0,0,0,0,0,0,0,0,0,0,0,0,0,,,,"1,000円未満",,"5,000円以上 10,000円未満",,"3,000円以上 5,000円未満","5,000円以上 10,000円未満",,,,,,,,,,5,5,,,,,,10,,,道の駅「南えちぜん山海里」 エリア,,選択なし/該当施設なし,,選択なし/該当施設なし,,000000,道の駅「南えちぜん山海里」 エリア,1969,57,,1月,58.道の駅「南えちぜん山海里」 エリア,,
福井,2026/01/02 08:05:04,滋賀県,男,60代,,500万円以上 600万円未満,夫婦2人,1泊,福井県外には宿泊しない,,福井県内には宿泊しない,,,,,,,,,自家用車,1,0,0,0,0,0,0,自家用車,0,0,0,0,5,,,初めて,初めて,温泉や露天風呂地元の美味しいものを食べる名所、旧跡の観光,0,1,1,0,1,0,0,0,0,0,0,0,0,0,0,0,0,0,観光協会等の案内所,0,0,0,0,0,0,0,0,0,0,0,0,0,0,0,0,0,0,0,0,0,1,0,0,0,,,,"5,000円以上 10,000円未満",,"20,000円以上 30,000円未満",,"1,000円未満","1,000円以上 3,000円未満",,,,,,,,,,3,3,,,,,,5,機会があれば行きたい,,一乗谷朝倉氏遺跡 エリア,,選択なし/該当施設なし,,選択なし/該当施設なし,,000000,一乗谷朝倉氏遺跡 エリア,1960,66,,1月,06.一乗谷朝倉氏遺跡 エリア,,
福井,2026/01/02 07:38:20,千葉県,男,10代,,100万円未満,その他家族,4泊以上,福井県外には宿泊しない,,4泊以上,,,,,,,,,自家用車,1,0,0,0,0,0,0,自家用車,0,0,0,0,,,,11回目以上,11回目以上,友人・親戚を尋ねる,0,0,0,0,0,0,0,0,0,0,0,0,0,0,0,1,0,0,友人・知人,0,0,0,0,0,0,0,0,0,0,0,0,0,0,0,0,0,0,1,0,0,0,0,0,0,,,,"50,000円以上 100,000円未満",,使わない,,"5,000円以上 10,000円未満","20,000円以上 30,000円未満",,,,,,,,,,5,5,,,,,,10,,,JR芦原温泉駅 エリア,,選択なし/該当施設なし,,選択なし/該当施設なし,,000000,JR芦原温泉駅 エリア,2009,17,,1月,16.JR芦原温泉駅 エリア,,
福井,2026/01/03 23:17:52,広島県,女,40代,,800万円以上 900万円未満,夫婦2人,4泊以上,石川県加賀市,,2泊,,,,,,,,,新幹線,0,0,1,0,0,0,0,旅行会社ツアーバス,0,0,0,0,5,観光バスツアーがあったので行きたい観光地を効率よく回れ満足です。レンタカーは雪の季節ですし知らない道の運転は躊躇したのでバスツアーがなければ福井を観光先として選ばなかったかもしれません。ずっと福井に行きたいと思ってはいたので、バスツアーがあったのが訪問の決め手でした。,,初めて,初めて,地元の美味しいものを食べる名所、旧跡の観光,0,0,1,0,1,0,0,0,0,0,0,0,0,0,0,0,0,0,観光連盟やDMOのHPインターネット・アプリ,0,0,0,0,0,0,0,0,0,0,1,0,0,0,0,0,0,0,0,0,0,0,0,1,0,,,,"50,000円以上 100,000円未満",,"20,000円以上 30,000円未満",,"1,000円未満","50,000円以上 100,000円未満",,,,,,,,,,5,5,,歴史を感じることができた。,,,,10,また行きたい（1年以内）,,大本山 永平寺 エリア,,福井県立恐竜博物館,,一乗谷朝倉氏遺跡,,000000,大本山 永平寺 エリア,1985,41,,1月,34.大本山 永平寺 エリア,,1日バスツアーに入れば主要な観光スポットをまわれ、さらに温泉もあるので2日目はゆっくり過ごせて良いと感じました。東尋坊に行けていないので夏に再訪したいです。
福井,2026/01/03 22:20:13,福井県,男,40代,,600万円以上 700万円未満,自分ひとり,4泊以上,福井県外には宿泊しない,,福井県内には宿泊しない,,,,,,,,,自家用車,1,0,0,0,0,0,0,自家用車,0,0,0,0,,,,11回目以上,11回目以上,地元の美味しいものを食べる買い物、アウトレット,0,0,1,0,0,0,1,0,0,0,0,0,0,0,0,0,0,0,新聞・雑誌・ガイドブック,0,0,0,0,0,0,0,0,0,0,0,0,0,0,0,0,1,0,0,0,0,0,0,0,0,,,,"5,000円以上 10,000円未満",,"20,000円以上 30,000円未満",,"20,000円以上 30,000円未満","20,000円以上 30,000円未満",,,,,,,,,,5,5,,,,,,10,また行きたい（1年以内）,,福井駅前 エリア,,福井県立恐竜博物館,,スキージャム勝山,,000000,福井駅前 エリア,1983,43,,1月,01.福井駅前 エリア,,
福井,2026/01/03 21:33:32,大阪府,女,50代,,400万円以上 500万円未満,自分ひとり,4泊以上,福井県外には宿泊しない,,4泊以上,,,,,,,,,新幹線,0,0,1,0,0,0,0,自家用車,0,0,0,0,4,,,11回目以上,11回目以上,友人・親戚を尋ねる,0,0,0,0,0,0,0,0,0,0,0,0,0,0,0,1,0,0,友人・知人,0,0,0,0,0,0,0,0,0,0,0,0,0,0,0,0,0,0,1,0,0,0,0,0,0,,,,"10,000円以上 20,000円未満",,使わない,,"3,000円以上 5,000円未満","40,000円以上 50,000円未満",,,,,,,,,,4,4,,,,,,8,また行きたい（1年以内）,,福井駅前 エリア,,福井駅,,選択なし/該当施設なし,,000000,福井駅前 エリア,1974,52,,1月,01.福井駅前 エリア,,
福井,2026/01/03 21:27:50,静岡県,女,40代,,500万円以上 600万円未満,友人,日帰り,福井県外には宿泊しない,,福井県内には宿泊しない,,,,,,,,,旅行会社ツアーバス,0,0,0,0,0,1,0,旅行会社ツアーバス,0,0,0,0,5,,,初めて,初めて,地元の美味しいものを食べる,0,0,1,0,0,0,0,0,0,0,0,0,0,0,0,0,0,0,観光展・物産展,0,0,0,0,0,0,0,0,0,0,0,0,0,0,0,0,0,0,0,0,0,0,1,0,0,,,,使わない,,使わない,,"1,000円以上 3,000円未満","3,000円以上 5,000円未満",,,,,,,,,,4,5,,,,,,5,機会があれば行きたい,,小浜 エリア（宿泊施設）,,選択なし/該当施設なし,,選択なし/該当施設なし,,000000,小浜 エリア（宿泊施設）,1986,40,,1月,69.小浜 エリア（宿泊施設）,(株)まちづくり小浜,
福井,2026/01/03 20:19:53,兵庫県,男,60代,,"1,500万円以上",その他家族,1泊,石川県金沢市,,1泊,,,,,,,,,新幹線,0,0,1,0,0,0,0,タクシー,1,0,0,0,5,お話上手な親切な運転手さんでした,,6～10回目,6～10回目,出張など仕事関係,0,0,0,0,0,0,0,0,0,0,0,0,0,0,0,0,1,0,友人・知人タクシードライバーや地元の人,0,0,0,0,0,0,0,0,0,0,0,0,0,0,0,0,0,0,1,1,0,0,0,0,0,,,,"100,000円以上",,"50,000円以上 100,000円未満",,"10,000円以上 20,000円未満","100,000円以上",,,,,,,,,,5,1,,,,,,6,,,福井駅前 エリア,,選択なし/該当施設なし,,選択なし/該当施設なし,,000000,福井駅前 エリア,1963,63,,1月,01.福井駅前 エリア,,
福井,2026/01/03 17:48:38,埼玉県,女,40代,,200万円以上 300万円未満,その他家族,1泊,福井県外には宿泊しない,,1泊,,,,,,,,,新幹線在来線,0,0,1,1,0,0,0,在来線徒歩,0,0,1,0,4,不便を感じなかった。新しい施設が多く、綺麗で清潔感があった。,,初めて,初めて,温泉や露天風呂地元の美味しいものを食べる名所、旧跡の観光,0,1,1,0,1,0,0,0,0,0,0,0,0,0,0,0,0,0,インターネット・アプリInstagram,0,0,0,1,0,0,0,0,0,0,1,0,0,0,0,0,0,0,0,0,0,0,0,0,0,,,,"30,000円以上 40,000円未満",,"5,000円以上 10,000円未満",,"5,000円以上 10,000円未満","20,000円以上 30,000円未満",,,,,,,,,,5,5,,綺麗でコンパクト,,,,9,また行きたい（1年以内）,,福井駅前 エリア（宿泊施設）,,東尋坊,,福井県立恐竜博物館,,000000,福井駅前 エリア（宿泊施設）,1978,48,,1月,02.福井駅前 エリア（宿泊施設）,,埼玉県では、できない経験ができる。例えば、おいしいかにを食べる。東尋坊で、ドキドキする。おいしい海鮮食べる。
福井,2026/01/03 17:38:58,埼玉県,男,40代,,"1,500万円以上",小学生以下連れの家族,4泊以上,福井県外には宿泊しない,,4泊以上,,,,,,,,,新幹線,0,0,1,0,0,0,0,タクシー旅行会社ツアーバス,1,0,0,0,4,,,11回目以上,11回目以上,友人・親戚を尋ねる,0,0,0,0,0,0,0,0,0,0,0,0,0,0,0,1,0,0,観光パンフレット・ポスター,0,0,0,0,0,0,0,0,0,0,0,0,0,0,0,0,0,0,0,0,1,0,0,0,0,,,,"50,000円以上 100,000円未満",,使わない,,"1,000円以上 3,000円未満","10,000円以上 20,000円未満",,,,,,,,,,4,4,,,,,,8,また行きたい（1年以内）,,福井駅前 エリア,,選択なし/該当施設なし,,選択なし/該当施設なし,,000000,かつやま恐竜の森 エリア,1983,43,,1月,01.福井駅前 エリア,,
福井,2026/01/03 17:36:40,埼玉県,女,40代,,"1,500万円以上",小学生以下連れの家族,4泊以上,福井県外には宿泊しない,,4泊以上,,,,,,,,,新幹線,0,0,1,0,0,0,0,自家用車タクシー,1,0,0,0,3,,,11回目以上,11回目以上,その他,0,0,0,0,0,0,0,0,0,0,0,0,0,0,0,0,0,1,友人・知人,0,0,0,0,0,0,0,0,0,0,0,0,0,0,0,0,0,0,1,0,0,0,0,0,0,,,,"20,000円以上 30,000円未満",,使わない,,"1,000円以上 3,000円未満","10,000円以上 20,000円未満",,,,,,,,,,3,4,,,,,,8,また行きたい（1年以内）,,福井駅前 エリア,,福井県立恐竜博物館,,選択なし/該当施設なし,,000000,福井駅前 エリア,1984,42,,1月,01.福井駅前 エリア,,
福井,2026/01/03 17:36:11,埼玉県,男,40代,,"1,500万円以上",小学生以下連れの家族,4泊以上,福井県外には宿泊しない,,4泊以上,,,,,,,,,新幹線,0,0,1,0,0,0,0,旅行会社ツアーバス,0,0,0,0,4,,,2～5回目,2～5回目,友人・親戚を尋ねる,0,0,0,0,0,0,0,0,0,0,0,0,0,0,0,1,0,0,観光パンフレット・ポスター,0,0,0,0,0,0,0,0,0,0,0,0,0,0,0,0,0,0,0,0,1,0,0,0,0,,,,"50,000円以上 100,000円未満",,使わない,,"1,000円以上 3,000円未満","10,000円以上 20,000円未満",,,,,,,,,,4,4,,,,,,8,また行きたい（1年以内）,,かつやま恐竜の森 エリア,,選択なし/該当施設なし,,選択なし/該当施設なし,,000000,かつやま恐竜の森 エリア,1983,43,,1月,25.かつやま恐竜の森 エリア,勝山市観光まちづくり(株),
福井,2026/01/03 17:02:39,東京都,女,40代,,"1,500万円以上",小学生以下連れの家族,4泊以上,京都府,,4泊以上,,,,,,,,,自家用車,1,0,0,0,0,0,0,自家用車,0,0,0,0,,,,初めて,初めて,温泉や露天風呂地元の美味しいものを食べるスキー・スノボ、マリンスポーツその他,0,1,1,0,0,0,0,0,0,0,0,0,1,0,0,0,0,1,インターネット・アプリ友人・知人観光協会等の案内所,0,0,0,0,0,0,0,0,0,0,1,0,0,0,0,0,0,0,1,0,0,1,0,0,0,,,,"40,000円以上 50,000円未満",,"50,000円以上 100,000円未満",,"50,000円以上 100,000円未満","50,000円以上 100,000円未満",,,,,,,,,,4,4,,,,,,9,また行きたい（1年以内）,,スキージャム勝山 エリア,,選択なし/該当施設なし,,選択なし/該当施設なし,,000000,三国湊 エリア,1979,47,,1月,27.スキージャム勝山 エリア,勝山市観光まちづくり(株),
福井,2026/01/03 16:57:11,大阪府,女,30代,,"1,200万円以上 1,500万円未満",夫婦2人,1泊,福井県外には宿泊しない,,1泊,,,,,,,,,在来線,0,0,0,1,0,0,0,在来線徒歩,0,0,1,0,,,,初めて,初めて,テーマパーク（遊園地、動物園、博物館など）,0,0,0,0,0,1,0,0,0,0,0,0,0,0,0,0,0,0,友人・知人,0,0,0,0,0,0,0,0,0,0,0,0,0,0,0,0,0,0,1,0,0,0,0,0,0,,,,"10,000円以上 20,000円未満",,"5,000円以上 10,000円未満",,使わない,"10,000円以上 20,000円未満",,,,,,,,,,3,3,,,,,,3,機会があれば行きたい,,道の駅「禅の里」 エリア,,選択なし/該当施設なし,,選択なし/該当施設なし,,000000,大本山 永平寺 エリア,1996,30,,1月,35.道の駅「禅の里」 エリア,,
福井,2026/01/03 16:37:52,福井県,女,60代,,700万円以上 800万円未満,夫婦2人,日帰り,福井県外には宿泊しない,,福井県内には宿泊しない,,,,,,,,,県外から訪れていない（福井県在住）,0,0,0,0,0,0,1,自家用車,0,0,0,0,5,,,6～10回目,6～10回目,友人・親戚を尋ねる,0,0,0,0,0,0,0,0,0,0,0,0,0,0,0,1,0,0,その他,0,0,0,0,0,0,0,0,0,0,0,0,0,0,0,0,0,0,0,0,0,0,0,0,1,,,,"1,000円未満",,使わない,,"10,000円以上 20,000円未満","3,000円以上 5,000円未満",,,,,,,,,,5,5,,,,,,10,,,かつやま恐竜の森 エリア,,越前大仏,,選択なし/該当施設なし,,000000,web,1965,61,,1月,25.かつやま恐竜の森 エリア,勝山市観光まちづくり(株),
福井,2026/01/03 15:41:02,大阪府,女,50代,,400万円以上 500万円未満,自分ひとり,1泊,福井県外には宿泊しない,,1泊,,,,,,,,,新幹線在来線,0,0,1,1,0,0,0,自家用車,0,0,0,0,,,,初めて,初めて,友人・親戚を尋ねる,0,0,0,0,0,0,0,0,0,0,0,0,0,0,0,1,0,0,友人・知人,0,0,0,0,0,0,0,0,0,0,0,0,0,0,0,0,0,0,1,0,0,0,0,0,0,,,,"10,000円以上 20,000円未満",,使わない,,"1,000円以上 3,000円未満","10,000円以上 20,000円未満",,,,,,,,,,5,5,,,,,,10,また行きたい（1年以内）,,大本山 永平寺 エリア,,選択なし/該当施設なし,,選択なし/該当施設なし,,000000,大本山 永平寺 エリア,1975,51,,1月,34.大本山 永平寺 エリア,,
福井,2026/01/03 15:31:46,京都府,女,20代,,分からない/無回答,恋人,1泊,福井県外には宿泊しない,,1泊,,,,,,,,,レンタカー,0,1,0,0,0,0,0,レンタカー,0,0,0,0,4,きままに行動できたから,,初めて,初めて,地元の美味しいものを食べる,0,0,1,0,0,0,0,0,0,0,0,0,0,0,0,0,0,0,新聞・雑誌・ガイドブックインターネット・アプリ,0,0,0,0,0,0,0,0,0,0,1,0,0,0,0,0,1,0,0,0,0,0,0,0,0,,,,"10,000円以上 20,000円未満",,"20,000円以上 30,000円未満",,"3,000円以上 5,000円未満","50,000円以上 100,000円未満",,,,,,,,,,4,4,,ティシャツ屋さんが特に面白かった！,,,,7,機会があれば行きたい,,東尋坊 エリア,,大本山永平寺,,丸岡城,,000000,東尋坊 エリア,2004,22,,1月,10.東尋坊 エリア,(一社)DMOさかい観光局,東尋坊の絶景です！
福井,2026/01/03 15:23:07,愛知県,男,50代,,700万円以上 800万円未満,その他家族,日帰り,福井県外には宿泊しない,,福井県内には宿泊しない,,,,,,,,,自家用車,1,0,0,0,0,0,0,自家用車,0,0,0,0,,,,11回目以上,11回目以上,地元の美味しいものを食べる買い物、アウトレット,0,0,1,0,0,0,1,0,0,0,0,0,0,0,0,0,0,0,インターネット・アプリ,0,0,0,0,0,0,0,0,0,0,1,0,0,0,0,0,0,0,0,0,0,0,0,0,0,,,,"5,000円以上 10,000円未満",,使わない,,"10,000円以上 20,000円未満","10,000円以上 20,000円未満",,,,,,,,,,4,4,,,,,,10,また行きたい（1年以内）,,日本海さかな街 エリア,,選択なし/該当施設なし,,選択なし/該当施設なし,,000000,web,1969,57,,1月,61.日本海さかな街 エリア,,
福井,2026/01/03 15:19:38,愛知県,男,20代,,800万円以上 900万円未満,親,日帰り,福井県外には宿泊しない,,福井県内には宿泊しない,,,,,,,,,自家用車,1,0,0,0,0,0,0,自家用車,0,0,0,0,,,,6～10回目,6～10回目,地元の美味しいものを食べる,0,0,1,0,0,0,0,0,0,0,0,0,0,0,0,0,0,0,観光展・物産展友人・知人,0,0,0,0,0,0,0,0,0,0,0,0,0,0,0,0,0,0,1,0,0,0,1,0,0,,,,"5,000円以上 10,000円未満",,使わない,,"3,000円以上 5,000円未満","5,000円以上 10,000円未満",,,,,,,,,,5,5,,,,,,10,また行きたい（1年以内）,,日本海さかな街 エリア,,福井県立恐竜博物館,,選択なし/該当施設なし,,000000,web,1997,29,,1月,61.日本海さかな街 エリア,,
福井,2026/01/03 15:09:11,愛知県,女,10代,,100万円未満,その他家族,日帰り,福井県外には宿泊しない,,福井県内には宿泊しない,,,,,,,,,自家用車,1,0,0,0,0,0,0,自家用車,0,0,0,0,,,,初めて,初めて,友人・親戚を尋ねる,0,0,0,0,0,0,0,0,0,0,0,0,0,0,0,1,0,0,Instagram,0,0,0,1,0,0,0,0,0,0,0,0,0,0,0,0,0,0,0,0,0,0,0,0,0,,,,"3,000円以上 5,000円未満",,使わない,,"1,000円以上 3,000円未満","3,000円以上 5,000円未満",,,,,,,,,,5,5,,,,,,10,,,道の駅「禅の里」 エリア,,選択なし/該当施設なし,,選択なし/該当施設なし,,000000,大本山 永平寺 エリア,2008,18,,1月,35.道の駅「禅の里」 エリア,,
福井,2026/01/03 15:06:46,愛知県,女,40代,,分からない/無回答,中学生以上連れの家族,日帰り,福井県外には宿泊しない,,福井県内には宿泊しない,,,,,,,,,自家用車,1,0,0,0,0,0,0,自家用車,0,0,0,0,,,,初めて,初めて,地元の美味しいものを食べる,0,0,1,0,0,0,0,0,0,0,0,0,0,0,0,0,0,0,インターネット・アプリ,0,0,0,0,0,0,0,0,0,0,1,0,0,0,0,0,0,0,0,0,0,0,0,0,0,,,,"5,000円以上 10,000円未満",,使わない,,"1,000円以上 3,000円未満","1,000円以上 3,000円未満",,,,,,,,,,4,4,,,,,,5,また行きたい（1年以内）,,道の駅「禅の里」 エリア,,大本山永平寺,,選択なし/該当施設なし,,000000,道の駅「禅の里」 エリア,1979,47,,1月,35.道の駅「禅の里」 エリア,,
福井,2026/01/03 14:52:41,愛知県,女,40代,,700万円以上 800万円未満,小学生以下連れの家族,2泊,福井県外には宿泊しない,,2泊,,,,,,,,,自家用車,1,0,0,0,0,0,0,自家用車,0,0,0,0,4,,,2～5回目,2～5回目,スキー・スノボ、マリンスポーツ,0,0,0,0,0,0,0,0,0,0,0,0,1,0,0,0,0,0,友人・知人,0,0,0,0,0,0,0,0,0,0,0,0,0,0,0,0,0,0,1,0,0,0,0,0,0,,,,"5,000円以上 10,000円未満",,"10,000円以上 20,000円未満",,使わない,"5,000円以上 10,000円未満",,,,,,,,,,4,3,,,,,,8,また行きたい（1年以内）,,JR九頭竜湖駅 エリア,,越前大仏,,選択なし/該当施設なし,,000000,web,1982,44,,1月,23.JR九頭竜湖駅 エリア,,
福井,2026/01/03 14:45:39,三重県,女,60代,,100万円未満,友人,日帰り,福井県外には宿泊しない,,福井県内には宿泊しない,,,,,,,,,自家用車,1,0,0,0,0,0,0,自家用車,0,0,0,0,5,美味しいサバが食べれた,,11回目以上,11回目以上,地元の美味しいものを食べる,0,0,1,0,0,0,0,0,0,0,0,0,0,0,0,0,0,0,観光パンフレット・ポスター友人・知人,0,0,0,0,0,0,0,0,0,0,0,0,0,0,0,0,0,0,1,0,1,0,0,0,0,,,,"3,000円以上 5,000円未満",,"3,000円以上 5,000円未満",,"3,000円以上 5,000円未満","3,000円以上 5,000円未満",,,,,,,,,,5,5,,トイレも綺麗,,,,10,また行きたい（1年以内）,,日本海さかな街 エリア,,選択なし/該当施設なし,雪が降ってきたので、帰ります,選択なし/該当施設なし,,000000,web,1965,61,,1月,61.日本海さかな街 エリア,,サバが、美味しい
福井,2026/01/03 14:31:34,東京都,男,30代,,"1,000万円以上 1,200万円未満",自分ひとり,4泊以上,福井県外には宿泊しない,,4泊以上,,,,,,,,,新幹線,0,0,1,0,0,0,0,自家用車,0,0,0,0,,,,2～5回目,2～5回目,その他,0,0,0,0,0,0,0,0,0,0,0,0,0,0,0,0,0,1,その他,0,0,0,0,0,0,0,0,0,0,0,0,0,0,0,0,0,0,0,0,0,0,0,0,1,,,,"30,000円以上 40,000円未満",,使わない,,"1,000円未満","5,000円以上 10,000円未満",,,,,,,,,,4,4,,,,,,8,また行きたい（1年以内）,,一乗谷朝倉氏遺跡 エリア,,選択なし/該当施設なし,,選択なし/該当施設なし,,000000,web,1994,32,,1月,06.一乗谷朝倉氏遺跡 エリア,,新しい施設が出来たので、観光に来たときは寄るといいと思った。県外ナンバーの車が多かったので、高速で帰る前に寄ってる人が多いのかと感じた。そういう層をターゲットに何かできると良いのかもと思った。
福井,2026/01/03 14:22:46,福井県,女,60代,,600万円以上 700万円未満,恋人,日帰り,福井県外には宿泊しない,,福井県内には宿泊しない,,,,,,,,,自家用車,1,0,0,0,0,0,0,自家用車,0,0,0,0,5,,,11回目以上,11回目以上,友人・親戚を尋ねる,0,0,0,0,0,0,0,0,0,0,0,0,0,0,0,1,0,0,インターネット・アプリ友人・知人,0,0,0,0,0,0,0,0,0,0,1,0,0,0,0,0,0,0,1,0,0,0,0,0,0,,,,"1,000円未満",,使わない,,"1,000円未満","1,000円以上 3,000円未満",,,,,,,,,,4,4,,,,,,8,福井県在住,,三国湊 エリア,,選択なし/該当施設なし,,選択なし/該当施設なし,,000000,web,1965,61,,1月,09.三国湊 エリア,(一社)DMOさかい観光局,
福井,2026/01/03 14:03:51,京都府,女,60代,,100万円未満,自分ひとり,日帰り,福井県外には宿泊しない,,福井県内には宿泊しない,,,,,,,,,自家用車,1,0,0,0,0,0,0,自家用車,0,0,0,0,5,近くまで行けて駐車出来るから,,2～5回目,2～5回目,その他,0,0,0,0,0,0,0,0,0,0,0,0,0,0,0,0,0,1,その他,0,0,0,0,0,0,0,0,0,0,0,0,0,0,0,0,0,0,0,0,0,0,0,0,1,,,,"1,000円以上 3,000円未満",,使わない,,"1,000円以上 3,000円未満","5,000円以上 10,000円未満",,,,,,,,,,4,3,,,,,,5,また行きたい（1年以内）,,道の駅「シーサイド高浜」 エリア,,中山寺,,選択なし/該当施設なし,,000000,web,1965,61,,1月,88.道の駅「シーサイド高浜」 エリア,,
福井,2026/01/03 13:54:49,愛知県,女,40代,,700万円以上 800万円未満,小学生以下連れの家族,2泊,福井県外には宿泊しない,,2泊,,,,,,,,,自家用車,1,0,0,0,0,0,0,自家用車,0,0,0,0,5,,,2～5回目,2～5回目,スキー・スノボ、マリンスポーツ,0,0,0,0,0,0,0,0,0,0,0,0,1,0,0,0,0,0,友人・知人,0,0,0,0,0,0,0,0,0,0,0,0,0,0,0,0,0,0,1,0,0,0,0,0,0,,,,"5,000円以上 10,000円未満",,"10,000円以上 20,000円未満",,"3,000円以上 5,000円未満","5,000円以上 10,000円未満",,,,,,,,,,5,5,,,,,,10,また行きたい（1年以内）,,道の駅「越前おおの荒島の郷」 エリア,,越前大仏,,選択なし/該当施設なし,,000000,web,1982,44,,1月,22.道の駅「越前おおの荒島の郷」 エリア,,
福井,2026/01/03 13:37:22,福井県,女,60代,,300万円以上 400万円未満,自分ひとり,日帰り,福井県外には宿泊しない,,福井県内には宿泊しない,,,,,,,,,自家用車,1,0,0,0,0,0,0,自家用車,0,0,0,0,4,,,6～10回目,6～10回目,温泉や露天風呂,0,1,0,0,0,0,0,0,0,0,0,0,0,0,0,0,0,0,観光協会等の案内所,0,0,0,0,0,0,0,0,0,0,0,0,0,0,0,0,0,0,0,0,0,1,0,0,0,,,,"1,000円未満",,"1,000円以上 3,000円未満",,"3,000円以上 5,000円未満","3,000円以上 5,000円未満",,,,,,,,,,4,4,,,,,,6,,,道の駅「パークイン丹生ヶ丘」 エリア,,選択なし/該当施設なし,,選択なし/該当施設なし,,000000,web,1965,61,,1月,50.道の駅「パークイン丹生ヶ丘」 エリア,一般社団法人 越前町観光連盟（DMO ECHIZEN）,
福井,2026/01/03 13:35:33,愛知県,女,40代,,300万円以上 400万円未満,小学生以下連れの家族,1泊,福井県外には宿泊しない,,1泊,,,,,,,,,自家用車,1,0,0,0,0,0,0,自家用車,0,0,0,0,,,,初めて,初めて,テーマパーク（遊園地、動物園、博物館など）,0,0,0,0,0,1,0,0,0,0,0,0,0,0,0,0,0,0,TV・ラジオ番組やCM,0,0,0,0,0,0,0,0,0,0,0,0,0,0,1,0,0,0,0,0,0,0,0,0,0,,,,"10,000円以上 20,000円未満",,"10,000円以上 20,000円未満",,使わない,"10,000円以上 20,000円未満",,,,,,,,,,5,5,,,,,,10,また行きたい（1年以内）,,かつやま恐竜の森 エリア,,選択なし/該当施設なし,,選択なし/該当施設なし,,000000,かつやま恐竜の森 エリア,1983,43,,1月,25.かつやま恐竜の森 エリア,勝山市観光まちづくり(株),
福井,2026/01/03 13:28:02,福井県,女,40代,,分からない/無回答,自分ひとり,日帰り,福井県外には宿泊しない,,福井県内には宿泊しない,,,,,,,,,自家用車,1,0,0,0,0,0,0,自家用車,0,0,0,0,2,,,2～5回目,2～5回目,名所、旧跡の観光まちあるき、都市散策,0,0,0,0,1,0,0,0,0,0,1,0,0,0,0,0,0,0,観光パンフレット・ポスター,0,0,0,0,0,0,0,0,0,0,0,0,0,0,0,0,0,0,0,0,1,0,0,0,0,,,,"1,000円未満",,"1,000円以上 3,000円未満",,使わない,"1,000円以上 3,000円未満",,,,,,,,,,3,3,,,,,,5,福井県在住,,はたや記念館 ゆめおーれ勝山 エリア,,選択なし/該当施設なし,,選択なし/該当施設なし,,000000,web,1983,43,,1月,30.はたや記念館 ゆめおーれ勝山 エリア,勝山市観光まちづくり(株),
福井,2026/01/03 13:27:33,愛知県,女,40代,,700万円以上 800万円未満,小学生以下連れの家族,2泊,福井県外には宿泊しない,,2泊,,,,,,,,,自家用車,1,0,0,0,0,0,0,自家用車,0,0,0,0,,,,2～5回目,2～5回目,スキー・スノボ、マリンスポーツ,0,0,0,0,0,0,0,0,0,0,0,0,1,0,0,0,0,0,インターネット・アプリInstagram友人・知人,0,0,0,1,0,0,0,0,0,0,1,0,0,0,0,0,0,0,1,0,0,0,0,0,0,,,,"5,000円以上 10,000円未満",,"10,000円以上 20,000円未満",,"1,000円以上 3,000円未満","5,000円以上 10,000円未満",,,,,,,,,,4,4,,,,,,9,また行きたい（1年以内）,,道の駅「恐竜渓谷かつやま」 エリア,,福井県立恐竜博物館,,福井和泉スキー場,,000000,web,1982,44,,1月,26.道の駅「恐竜渓谷かつやま」 エリア,勝山市観光まちづくり(株),
福井,2026/01/03 13:26:16,福井県,女,30代,,分からない/無回答,小学生以下連れの家族,1泊,福井県外には宿泊しない,,1泊,,,,,,,,,県外から訪れていない（福井県在住）,0,0,0,0,0,0,1,自家用車,0,0,0,0,,,,6～10回目,6～10回目,宿でのんびり過ごす,1,0,0,0,0,0,0,0,0,0,0,0,0,0,0,0,0,0,Instagram友人・知人,0,0,0,1,0,0,0,0,0,0,0,0,0,0,0,0,0,0,1,0,0,0,0,0,0,,,,"1,000円以上 3,000円未満",,"20,000円以上 30,000円未満",,"1,000円以上 3,000円未満","3,000円以上 5,000円未満",,,,,,,,,,5,5,,,,,,10,福井県在住,,道の駅「禅の里」 エリア,,選択なし/該当施設なし,,選択なし/該当施設なし,,000000,道の駅「禅の里」 エリア,1994,32,,1月,35.道の駅「禅の里」 エリア,,
福井,2026/01/03 13:23:03,福井県,男,50代,,400万円以上 500万円未満,自分ひとり,日帰り,福井県外には宿泊しない,,2泊,,,,,,,,,自家用車新幹線,1,0,1,0,0,0,0,自家用車,0,0,0,0,,,,11回目以上,11回目以上,友人・親戚を尋ねる,0,0,0,0,0,0,0,0,0,0,0,0,0,0,0,1,0,0,Facebook友人・知人,1,0,0,0,0,0,0,0,0,0,0,0,0,0,0,0,0,0,1,0,0,0,0,0,0,,,,"1,000円未満",,使わない,,"1,000円以上 3,000円未満","1,000円以上 3,000円未満",,,,,,,,,,5,5,,,,,,10,,,道の駅「禅の里」 エリア,,越前大仏,,選択なし/該当施設なし,,000000,道の駅「禅の里」 エリア,1972,54,,1月,35.道の駅「禅の里」 エリア,,
福井,2026/01/03 13:04:59,埼玉県,男,40代,,100万円未満,夫婦2人,1泊,福井県外には宿泊しない,,1泊,,,,,,,,,レンタカー,0,1,0,0,0,0,0,レンタカー,0,0,0,0,4,,,初めて,初めて,温泉や露天風呂地元の美味しいものを食べる,0,1,1,0,0,0,0,0,0,0,0,0,0,0,0,0,0,0,その他,0,0,0,0,0,0,0,0,0,0,0,0,0,0,0,0,0,0,0,0,0,0,0,0,1,,,,"20,000円以上 30,000円未満",,"50,000円以上 100,000円未満",,"5,000円以上 10,000円未満","30,000円以上 40,000円未満",,,,,,,,,,4,4,,まだきたばかりだからわからない,,,,10,機会があれば行きたい,,日本海さかな街 エリア,,氣比神宮,琵琶湖,選択なし/該当施設なし,,000000,web,1980,46,,1月,61.日本海さかな街 エリア,,蟹がおいしい
福井,2026/01/03 13:03:46,東京都,女,20代,,500万円以上 600万円未満,恋人,2泊,福井県外には宿泊しない,,2泊,,,,,,,,,在来線,0,0,0,1,0,0,0,在来線,0,0,0,0,5,福井駅は綺麗でコンパクトでいい。くるふがお気に入り。,,初めて,初めて,まちあるき、都市散策,0,0,0,0,0,0,0,0,0,0,1,0,0,0,0,0,0,0,インターネット・アプリ,0,0,0,0,0,0,0,0,0,0,1,0,0,0,0,0,0,0,0,0,0,0,0,0,0,,,,"30,000円以上 40,000円未満",,"5,000円以上 10,000円未満",,"5,000円以上 10,000円未満","20,000円以上 30,000円未満",,,,,,,,,,5,5,,,,,,10,また行きたい（1年以内）,,福井駅前 エリア,,福井県立恐竜博物館,,一乗谷朝倉氏遺跡,,000000,東尋坊 エリア,2000,26,,1月,01.福井駅前 エリア,,美味しいものが多いから。特に日本酒
福井,2026/01/03 12:54:06,愛知県,女,10代,,100万円未満,その他家族,日帰り,福井県外には宿泊しない,,福井県内には宿泊しない,,,,,,,,,自家用車,1,0,0,0,0,0,0,自家用車,0,0,0,0,4,,,2～5回目,2～5回目,友人・親戚を尋ねる,0,0,0,0,0,0,0,0,0,0,0,0,0,0,0,1,0,0,インターネット・アプリInstagram,0,0,0,1,0,0,0,0,0,0,1,0,0,0,0,0,0,0,0,0,0,0,0,0,0,,,,"3,000円以上 5,000円未満",,使わない,,"3,000円以上 5,000円未満","3,000円以上 5,000円未満",,,,,,,,,,5,5,,,,,,8,,,大本山 永平寺 エリア,,大本山永平寺,,選択なし/該当施設なし,,000000,大本山 永平寺 エリア,2008,18,,1月,34.大本山 永平寺 エリア,,
福井,2026/01/03 12:49:15,福井県,女,50代,,300万円以上 400万円未満,自分ひとり,日帰り,その他,,福井県内には宿泊しない,,,,,,,,,県外から訪れていない（福井県在住）,0,0,0,0,0,0,1,自家用車,0,0,0,0,,,,11回目以上,11回目以上,まちあるき、都市散策,0,0,0,0,0,0,0,0,0,0,1,0,0,0,0,0,0,0,観光パンフレット・ポスターInstagram友人・知人観光協会等の案内所その他,0,0,0,1,0,0,0,0,0,0,0,0,0,0,0,0,0,0,1,0,1,1,0,0,0,,,,"3,000円以上 5,000円未満",,使わない,,"5,000円以上 10,000円未満","5,000円以上 10,000円未満",,,,,,,,,,4,4,,施設が綺麗だし、くつろげる施設である。,,,,5,福井県在住,,うみんぴあ大飯 エリア,,選択なし/該当施設なし,,選択なし/該当施設なし,,000000,うみんぴあ大飯 エリア,1972,54,,1月,84.うみんぴあ大飯 エリア,,
福井,2026/01/03 12:44:02,大阪府,女,30代,,"1,200万円以上 1,500万円未満",夫婦2人,1泊,福井県外には宿泊しない,,1泊,,,,,,,,,在来線,0,0,0,1,0,0,0,在来線路線バス,0,1,0,0,4,,,初めて,初めて,テーマパーク（遊園地、動物園、博物館など）,0,0,0,0,0,1,0,0,0,0,0,0,0,0,0,0,0,0,友人・知人,0,0,0,0,0,0,0,0,0,0,0,0,0,0,0,0,0,0,1,0,0,0,0,0,0,,,,"10,000円以上 20,000円未満",,"5,000円以上 10,000円未満",,"5,000円以上 10,000円未満","10,000円以上 20,000円未満",,,,,,,,,,5,4,,,,,,9,機会があれば行きたい,,かつやま恐竜の森 エリア,,選択なし/該当施設なし,,選択なし/該当施設なし,,000000,大本山 永平寺 エリア,1996,30,,1月,25.かつやま恐竜の森 エリア,勝山市観光まちづくり(株),
福井,2026/01/03 12:33:40,大阪府,男,30代,,300万円以上 400万円未満,自分ひとり,4泊以上,福井県外には宿泊しない,,4泊以上,,,,,,,,,新幹線在来線,0,0,1,1,0,0,0,自家用車,0,0,0,0,5,アクセスが抜群でした,,6～10回目,6～10回目,宿でのんびり過ごす温泉や露天風呂地元の美味しいものを食べる買い物、アウトレットまちあるき、都市散策友人・親戚を尋ねる,1,1,1,0,0,0,1,0,0,0,1,0,0,0,0,1,0,0,友人・知人,0,0,0,0,0,0,0,0,0,0,0,0,0,0,0,0,0,0,1,0,0,0,0,0,0,,,,"5,000円以上 10,000円未満",,"10,000円以上 20,000円未満",,"1,000円以上 3,000円未満","5,000円以上 10,000円未満",,,,,,,,,,5,5,,皆さん優しくて素晴らしい,,,,10,また行きたい（1年以内）,,道の駅「禅の里」 エリア,,九頭竜湖,,六呂師高原,,000000,道の駅「禅の里」 エリア,1995,31,,1月,35.道の駅「禅の里」 エリア,,ご飯が美味しいからです
福井,2026/01/03 12:31:11,東京都,女,70代,,200万円以上 300万円未満,孫二人と祖父母,2泊,石川県金沢市,,1泊,,,,,,,,,新幹線,0,0,1,0,0,0,0,その他,0,0,0,0,4,宿まで距離があっても気持ちよく迎えにきてくれ翌日は東尋坊行きたいと申しでたらそこまで送ってくれた。感謝。,,2～5回目,2～5回目,地元の美味しいものを食べるまちあるき、都市散策,0,0,1,0,0,0,0,0,0,0,1,0,0,0,0,0,0,0,友人・知人,0,0,0,0,0,0,0,0,0,0,0,0,0,0,0,0,0,0,1,0,0,0,0,0,0,,,,"40,000円以上 50,000円未満",,"40,000円以上 50,000円未満",,"40,000円以上 50,000円未満","1,000円以上 3,000円未満",,,,,,,,,,5,4,,民宿だったが部屋も広く、温泉？浴場も良かった。スタッフさんも親切。,,,,9,機会があれば行きたい,,越前海岸 北部 エリア,,東尋坊,,北の庄城址・柴田公園,,000000,越前海岸 北部 エリア,1953,73,,1月,07.越前海岸 北部 エリア,,カニが美味しい。いわゆる一般旅館よりリーズナブルで美味しいものを食する事ができコスパよい。こ
福井,2026/01/03 12:20:38,大阪府,女,30代,,300万円以上 400万円未満,自分ひとり,3泊,福井県外には宿泊しない,,3泊,,,,,,,,,新幹線在来線,0,0,1,1,0,0,0,自家用車,0,0,0,0,,,,2～5回目,2～5回目,友人・親戚を尋ねる,0,0,0,0,0,0,0,0,0,0,0,0,0,0,0,1,0,0,友人・知人,0,0,0,0,0,0,0,0,0,0,0,0,0,0,0,0,0,0,1,0,0,0,0,0,0,,,,"5,000円以上 10,000円未満",,使わない,,"1,000円以上 3,000円未満","5,000円以上 10,000円未満",,,,,,,,,,5,5,,,,,,10,また行きたい（1年以内）,,道の駅「禅の里」 エリア,,選択なし/該当施設なし,,選択なし/該当施設なし,,000000,道の駅「禅の里」 エリア,1992,34,,1月,35.道の駅「禅の里」 エリア,,
福井,2026/01/03 12:03:05,神奈川県,女,40代,,"1,000万円以上 1,200万円未満",小学生以下連れの家族,4泊以上,福井県外には宿泊しない,,4泊以上,,,,,,,,,新幹線,0,0,1,0,0,0,0,旅行会社ツアーバス路線バス,0,1,0,0,4,恐竜ラッピングのバスに乗り、クイズやゲームがあり、移動時間も楽しむことができたから。子どもには恐竜フィギュアのプレゼントもあったから。子連れでも乗り換えなく恐竜博物館に行くことができたから。,,2～5回目,2～5回目,友人・親戚を尋ねる,0,0,0,0,0,0,0,0,0,0,0,0,0,0,0,1,0,0,インターネット・アプリTwitter,0,0,0,0,0,1,0,0,0,0,1,0,0,0,0,0,0,0,0,0,0,0,0,0,0,,,,"50,000円以上 100,000円未満",,使わない,,"20,000円以上 30,000円未満","20,000円以上 30,000円未満",,,,,,,,,,4,4,,,,,,8,機会があれば行きたい,,かつやま恐竜の森 エリア,,福井県立恐竜博物館,,選択なし/該当施設なし,,000000,かつやま恐竜の森 エリア,1984,42,,1月,25.かつやま恐竜の森 エリア,勝山市観光まちづくり(株),
福井,2026/01/03 11:51:45,福井県,女,50代,,400万円以上 500万円未満,その他家族,日帰り,福井県外には宿泊しない,,福井県内には宿泊しない,,,,,,,,,自家用車,1,0,0,0,0,0,0,自家用車,0,0,0,0,,,,6～10回目,6～10回目,地元の美味しいものを食べる,0,0,1,0,0,0,0,0,0,0,0,0,0,0,0,0,0,0,友人・知人,0,0,0,0,0,0,0,0,0,0,0,0,0,0,0,0,0,0,1,0,0,0,0,0,0,,,,"5,000円以上 10,000円未満",,"5,000円以上 10,000円未満",,"1,000円以上 3,000円未満","5,000円以上 10,000円未満",,,,,,,,,,5,5,,,,,,9,また行きたい（1年以内）,,越前そばの里 エリア,,越前大野城,,選択なし/該当施設なし,,000000,だるまちゃん広場 エリア,1975,51,,1月,37.越前そばの里 エリア,,
福井,2026/01/03 11:49:00,大阪府,女,20代,,100万円未満,その他家族,日帰り,福井県外には宿泊しない,,1泊,,,,,,,,,自家用車,1,0,0,0,0,0,0,自家用車,0,0,0,0,5,,,初めて,初めて,宿でのんびり過ごす,1,0,0,0,0,0,0,0,0,0,0,0,0,0,0,0,0,0,観光展・物産展,0,0,0,0,0,0,0,0,0,0,0,0,0,0,0,0,0,0,0,0,0,0,1,0,0,,,,"20,000円以上 30,000円未満",,"20,000円以上 30,000円未満",,"20,000円以上 30,000円未満","20,000円以上 30,000円未満",,,,,,,,,,5,5,,,,,,9,,,熊川宿 エリア,,選択なし/該当施設なし,,選択なし/該当施設なし,,000000,熊川宿 エリア,2006,20,,1月,81.熊川宿 エリア,三方五湖DMO(株),
福井,2026/01/03 11:42:35,愛知県,女,50代,,分からない/無回答,その他家族,1泊,福井県外には宿泊しない,,1泊,,,,,,,,,自家用車,1,0,0,0,0,0,0,自家用車,0,0,0,0,,,,2～5回目,2～5回目,温泉や露天風呂地元の美味しいものを食べる名所、旧跡の観光,0,1,1,0,1,0,0,0,0,0,0,0,0,0,0,0,0,0,観光連盟やDMOのHPインターネット・アプリ,0,0,0,0,0,0,0,0,0,0,1,0,0,0,0,0,0,0,0,0,0,0,0,1,0,,,,"5,000円以上 10,000円未満",,"20,000円以上 30,000円未満",,"3,000円以上 5,000円未満","20,000円以上 30,000円未満",,,,,,,,,,5,4,,,,,,8,機会があれば行きたい,,大本山 永平寺 エリア,,選択なし/該当施設なし,,選択なし/該当施設なし,,000000,大本山 永平寺 エリア,1967,59,,1月,34.大本山 永平寺 エリア,,
福井,2026/01/03 11:40:16,滋賀県,女,50代,,分からない/無回答,夫婦2人,1泊,福井県外には宿泊しない,,1泊,,,,,,,,,自家用車,1,0,0,0,0,0,0,自家用車,0,0,0,0,5,駐車場が無料だから嬉しい,,初めて,初めて,宿でのんびり過ごす温泉や露天風呂地元の美味しいものを食べる,1,1,1,0,0,0,0,0,0,0,0,0,0,0,0,0,0,0,新聞・雑誌・ガイドブックインターネット・アプリ,0,0,0,0,0,0,0,0,0,0,1,0,0,0,0,0,1,0,0,0,0,0,0,0,0,,,,"5,000円以上 10,000円未満",,"5,000円以上 10,000円未満",,"5,000円以上 10,000円未満","5,000円以上 10,000円未満",,,,,,,,,,5,5,,どこも近い距離にある,,,,10,また行きたい（1年以内）,,金ヶ崎 エリア,,氣比神宮,,敦賀赤レンガ倉庫,,000000,web,1967,59,,1月,64.金ヶ崎 エリア,,近い距離にあり便利
福井,2026/01/03 11:16:05,東京都,女,20代,,500万円以上 600万円未満,恋人,2泊,福井県外には宿泊しない,,2泊,,,,,,,,,在来線,0,0,0,1,0,0,0,在来線,0,0,0,0,5,景色が綺麗,,初めて,初めて,まちあるき、都市散策,0,0,0,0,0,0,0,0,0,0,1,0,0,0,0,0,0,0,インターネット・アプリ,0,0,0,0,0,0,0,0,0,0,1,0,0,0,0,0,0,0,0,0,0,0,0,0,0,,,,"30,000円以上 40,000円未満",,"5,000円以上 10,000円未満",,"3,000円以上 5,000円未満","20,000円以上 30,000円未満",,,,,,,,,,5,5,,博物館の書籍を購入したので、帰って読むのが楽しみ。,,,,10,また行きたい（1年以内）,,かつやま恐竜の森 エリア,,選択なし/該当施設なし,,一乗谷朝倉氏遺跡,,000000,東尋坊 エリア,2000,26,,1月,25.かつやま恐竜の森 エリア,勝山市観光まちづくり(株),都内ではこんなに恐竜に触れられる場所はない。
福井,2026/01/03 11:02:19,福井県,女,20代,,分からない/無回答,親,日帰り,福井県外には宿泊しない,,福井県内には宿泊しない,,,,,,,,,自家用車,1,0,0,0,0,0,0,自家用車,0,0,0,0,,,,11回目以上,11回目以上,ドライブ・ツーリング,0,0,0,0,0,0,0,0,0,0,0,0,0,0,1,0,0,0,Instagram,0,0,0,1,0,0,0,0,0,0,0,0,0,0,0,0,0,0,0,0,0,0,0,0,0,,,,"1,000円以上 3,000円未満",,使わない,,使わない,"1,000円以上 3,000円未満",,,,,,,,,,5,5,,,,,,8,,,あわら湯のまち エリア,,選択なし/該当施設なし,,選択なし/該当施設なし,,000000,web,1997,29,,1月,17.あわら湯のまち エリア,,
福井,2026/01/03 10:57:14,福井県,女,50代,,100万円以上 200万円未満,その他家族,日帰り,石川県金沢市,,1泊,,,,,,,,,自家用車,1,0,0,0,0,0,0,自家用車,0,0,0,0,4,,,6～10回目,6～10回目,温泉や露天風呂地元の美味しいものを食べる,0,1,1,0,0,0,0,0,0,0,0,0,0,0,0,0,0,0,友人・知人,0,0,0,0,0,0,0,0,0,0,0,0,0,0,0,0,0,0,1,0,0,0,0,0,0,,,,"10,000円以上 20,000円未満",,"10,000円以上 20,000円未満",,"3,000円以上 5,000円未満","5,000円以上 10,000円未満",,,,,,,,,,4,4,,,,,,8,機会があれば行きたい,,うみんぴあ大飯 エリア,,選択なし/該当施設なし,,選択なし/該当施設なし,,000000,web,1970,56,,1月,84.うみんぴあ大飯 エリア,,
福井,2026/01/03 10:55:35,石川県,女,20代,,100万円未満,恋人,日帰り,石川県金沢市,,1泊,,,,,,,,,自家用車,1,0,0,0,0,0,0,自家用車,0,0,0,0,5,,,11回目以上,11回目以上,宿でのんびり過ごす温泉や露天風呂地元の美味しいものを食べる,1,1,1,0,0,0,0,0,0,0,0,0,0,0,0,0,0,0,観光展・物産展,0,0,0,0,0,0,0,0,0,0,0,0,0,0,0,0,0,0,0,0,0,0,1,0,0,,,,"10,000円以上 20,000円未満",,"10,000円以上 20,000円未満",,"1,000円以上 3,000円未満","10,000円以上 20,000円未満",,,,,,,,,,5,5,,,,,,10,,,うみんぴあ大飯 エリア,,選択なし/該当施設なし,,選択なし/該当施設なし,,000000,web,2005,21,,1月,84.うみんぴあ大飯 エリア,,
福井,2026/01/03 10:44:11,福井県,女,50代,,500万円以上 600万円未満,その他家族,1泊,石川県加賀市,,福井県内には宿泊しない,,,,,,,,,県外から訪れていない（福井県在住）,0,0,0,0,0,0,1,自家用車,0,0,0,0,,,,2～5回目,2～5回目,宿でのんびり過ごす温泉や露天風呂地元の美味しいものを食べる,1,1,1,0,0,0,0,0,0,0,0,0,0,0,0,0,0,0,観光パンフレット・ポスターインターネット・アプリ,0,0,0,0,0,0,0,0,0,0,1,0,0,0,0,0,0,0,0,0,1,0,0,0,0,,,,"1,000円以上 3,000円未満",,使わない,,"1,000円以上 3,000円未満","1,000円以上 3,000円未満",,,,,,,,,,4,4,,,,,,8,福井県在住,,北潟湖 エリア,,選択なし/該当施設なし,,選択なし/該当施設なし,,000000,越前そばの里 エリア,1975,51,,1月,20.北潟湖 エリア,,
福井,2026/01/03 10:00:10,福井県,男,60代,,"900万円以上 1,000万円未満",その他家族,日帰り,東京都,,4泊以上,,,,,,,,,新幹線,0,0,1,0,0,0,0,自家用車,0,0,0,0,,,,2～5回目,2～5回目,宿でのんびり過ごす,1,0,0,0,0,0,0,0,0,0,0,0,0,0,0,0,0,0,観光展・物産展,0,0,0,0,0,0,0,0,0,0,0,0,0,0,0,0,0,0,0,0,0,0,1,0,0,,,,"20,000円以上 30,000円未満",,"10,000円以上 20,000円未満",,"10,000円以上 20,000円未満","30,000円以上 40,000円未満",,,,,,,,,,5,5,,,,,,9,また行きたい（1年以内）,,JR美浜駅 エリア,,選択なし/該当施設なし,,選択なし/該当施設なし,,000000,JR美浜駅 エリア,1964,62,,1月,79.JR美浜駅 エリア,三方五湖DMO(株),
福井,2026/01/03 09:37:47,愛知県,女,50代,,400万円以上 500万円未満,その他家族,1泊,福井県外には宿泊しない,,1泊,,,,,,,,,自家用車,1,0,0,0,0,0,0,自家用車,0,0,0,0,4,,,初めて,初めて,温泉や露天風呂テーマパーク（遊園地、動物園、博物館など）,0,1,0,0,0,1,0,0,0,0,0,0,0,0,0,0,0,0,友人・知人,0,0,0,0,0,0,0,0,0,0,0,0,0,0,0,0,0,0,1,0,0,0,0,0,0,,,,"5,000円以上 10,000円未満",,"100,000円以上",,"1,000円未満","5,000円以上 10,000円未満",,,,,,,,,,5,5,,,,,,5,,,大本山 永平寺 エリア,,東尋坊,,福井県立恐竜博物館,,000000,大本山 永平寺 エリア,1972,54,,1月,34.大本山 永平寺 エリア,,
福井,2026/01/03 03:11:42,福井県,女,50代,,500万円以上 600万円未満,夫婦2人,日帰り,石川県金沢市,,1泊,,,,,,,,,自家用車,1,0,0,0,0,0,0,自家用車,0,0,0,0,,,,2～5回目,2～5回目,地元の美味しいものを食べる花見や紅葉などの自然鑑賞名所、旧跡の観光,0,0,1,1,1,0,0,0,0,0,0,0,0,0,0,0,0,0,観光展・物産展観光パンフレット・ポスター,0,0,0,0,0,0,0,0,0,0,0,0,0,0,0,0,0,0,0,0,1,0,1,0,0,,,,"1,000円以上 3,000円未満",,"5,000円以上 10,000円未満",,"1,000円未満","5,000円以上 10,000円未満",,,,,,,,,,4,3,,,,,,6,福井県在住,,はたや記念館 ゆめおーれ勝山 エリア,,道の駅「パークイン丹生ヶ丘」,,越前松島水族館,,000000,はたや記念館 ゆめおーれ勝山 エリア,1971,55,,1月,30.はたや記念館 ゆめおーれ勝山 エリア,勝山市観光まちづくり(株),
福井,2026/01/03 00:27:11,大阪府,男,60代,,200万円以上 300万円未満,中学生以上連れの家族,2泊,石川県金沢市,,2泊,,,,,,,,,自家用車,1,0,0,0,0,0,0,自家用車,0,0,0,0,4,,,初めて,初めて,テーマパーク（遊園地、動物園、博物館など）お祭りやイベントへの参加・見物,0,0,0,0,0,1,0,1,0,0,0,0,0,0,0,0,0,0,友人・知人,0,0,0,0,0,0,0,0,0,0,0,0,0,0,0,0,0,0,1,0,0,0,0,0,0,,,,"5,000円以上 10,000円未満",,"10,000円以上 20,000円未満",,"10,000円以上 20,000円未満","5,000円以上 10,000円未満",,,,,,,,,,5,5,,,,,,9,また行きたい（1年以内）,,かつやま恐竜の森 エリア,,選択なし/該当施設なし,,選択なし/該当施設なし,,000000,かつやま恐竜の森 エリア,1963,63,,1月,25.かつやま恐竜の森 エリア,勝山市観光まちづくり(株),恐竜博物館　寿司屋
福井,2026/01/04 23:22:50,神奈川県,無回答,60代,,分からない/無回答,中学生以上連れの家族,2泊,福井県外には宿泊しない,,2泊,,,,,,,,,レンタカー飛行機,0,1,0,0,1,0,0,レンタカー,0,0,0,0,4,アクセスに便利だった。,,初めて,初めて,名所、旧跡の観光テーマパーク（遊園地、動物園、博物館など）,0,0,0,0,1,1,0,0,0,0,0,0,0,0,0,0,0,0,新聞・雑誌・ガイドブックインターネット・アプリ,0,0,0,0,0,0,0,0,0,0,1,0,0,0,0,0,1,0,0,0,0,0,0,0,0,,,,"30,000円以上 40,000円未満",,"30,000円以上 40,000円未満",,"1,000円以上 3,000円未満","10,000円以上 20,000円未満",,,,,,,,,,4,4,,見応えのある展示の数々。,,,,7,機会があれば行きたい,,かつやま恐竜の森 エリア,,金沢駅周辺（石川県）,,大本山永平寺,,000000,web,1961,65,,1月,25.かつやま恐竜の森 エリア,勝山市観光まちづくり(株),時間にゆとりを持って見ていただけると良い場所です。
福井,2026/01/04 22:33:59,大阪府,女,40代,,800万円以上 900万円未満,小学生以下連れの家族,4泊以上,福井県外には宿泊しない,,4泊以上,,,,,,,,,新幹線在来線,0,0,1,1,0,0,0,自家用車,0,0,0,0,,,,2～5回目,2～5回目,友人・親戚を尋ねる,0,0,0,0,0,0,0,0,0,0,0,0,0,0,0,1,0,0,友人・知人,0,0,0,0,0,0,0,0,0,0,0,0,0,0,0,0,0,0,1,0,0,0,0,0,0,,,,"10,000円以上 20,000円未満",,使わない,,"5,000円以上 10,000円未満","10,000円以上 20,000円未満",,,,,,,,,,5,5,,のんびりできたから。,,,,8,また行きたい（1年以内）,,武生駅 エリア,,選択なし/該当施設なし,,選択なし/該当施設なし,,000000,web,1984,42,,1月,40.武生駅 エリア,,温泉と料理
福井,2026/01/04 21:40:10,東京都,男,60代,,"1,200万円以上 1,500万円未満",自分ひとり,4泊以上,東京都,,福井県内には宿泊しない,,,,,,,,,飛行機,0,0,0,0,1,0,0,路線バス,0,1,0,0,4,スムーズ。クレジットカードタッチ決済で支払えた。,,11回目以上,11回目以上,出張など仕事関係,0,0,0,0,0,0,0,0,0,0,0,0,0,0,0,0,1,0,その他,0,0,0,0,0,0,0,0,0,0,0,0,0,0,0,0,0,0,0,0,0,0,0,0,1,,,,"20,000円以上 30,000円未満",,使わない,,"1,000円未満",使わない,,,,,,,,,,4,3,,清潔。分かりやすい。お土産店が豊富,,,,7,機会があれば行きたい,,福井駅前 エリア,,小松空港（石川県）,,選択なし/該当施設なし,,000000,福井駅前 エリア,1963,63,,1月,01.福井駅前 エリア,,
福井,2026/01/04 21:13:50,大阪府,無回答,50代,,600万円以上 700万円未満,親,日帰り,日帰り,,福井県内には宿泊しない,,,,,,,,,自家用車,1,0,0,0,0,0,0,自家用車,0,0,0,0,,,,初めて,初めて,地元の美味しいものを食べるドライブ・ツーリング,0,0,1,0,0,0,0,0,0,0,0,0,0,0,1,0,0,0,その他,0,0,0,0,0,0,0,0,0,0,0,0,0,0,0,0,0,0,0,0,0,0,0,0,1,,,,使わない,,使わない,,"3,000円以上 5,000円未満","3,000円以上 5,000円未満",,,,,,,,,,5,5,,,,,,9,また行きたい（1年以内）,,道の駅「若狭おばま」 エリア,,選択なし/該当施設なし,フィッシャーマンズワーフ,選択なし/該当施設なし,,000000,道の駅「若狭おばま」 エリア,1973,53,,1月,68.道の駅「若狭おばま」 エリア,(株)まちづくり小浜,地元のものが楽しめる場所だから
福井,2026/01/04 18:17:29,東京都,女,30代,,300万円以上 400万円未満,友人,1泊,福井県外には宿泊しない,,1泊,,,,,,,,,在来線,0,0,0,1,0,0,0,在来線,0,0,0,0,2,交通アクセスが悪く、バスで行けない場所もあった。また冬季運行休止の情報が見づらく、時間ロスしてしまった。,,初めて,初めて,地元の美味しいものを食べる,0,0,1,0,0,0,0,0,0,0,0,0,0,0,0,0,0,0,Instagram,0,0,0,1,0,0,0,0,0,0,0,0,0,0,0,0,0,0,0,0,0,0,0,0,0,,,,"30,000円以上 40,000円未満",,"5,000円以上 10,000円未満",,"5,000円以上 10,000円未満","20,000円以上 30,000円未満",,,,,,,,,,5,5,,恐竜がたくさん見れてよかった,,,,9,機会があれば行きたい,,かつやま恐竜の森 エリア,,福井県立恐竜博物館,,選択なし/該当施設なし,,000000,東尋坊 エリア,1996,30,,1月,25.かつやま恐竜の森 エリア,勝山市観光まちづくり(株),
福井,2026/01/04 16:30:42,福井県,女,40代,,分からない/無回答,友人,日帰り,福井県外には宿泊しない,,福井県内には宿泊しない,,,,,,,,,県外から訪れていない（福井県在住）,0,0,0,0,0,0,1,自家用車,0,0,0,0,,,,2～5回目,2～5回目,買い物、アウトレット,0,0,0,0,0,0,1,0,0,0,0,0,0,0,0,0,0,0,友人・知人,0,0,0,0,0,0,0,0,0,0,0,0,0,0,0,0,0,0,1,0,0,0,0,0,0,,,,"3,000円以上 5,000円未満",,"3,000円以上 5,000円未満",,"3,000円以上 5,000円未満","5,000円以上 10,000円未満",,,,,,,,,,4,3,,,,,,6,,,福井駅前 エリア,,選択なし/該当施設なし,,選択なし/該当施設なし,,000000,web,1977,49,,1月,01.福井駅前 エリア,,
福井,2026/01/04 16:29:17,京都府,男,60代,,"900万円以上 1,000万円未満",夫婦2人,4泊以上,富山県,,福井県内には宿泊しない,,,,,,,,,自家用車,1,0,0,0,0,0,0,自家用車,0,0,0,0,,,,初めて,初めて,ドライブ・ツーリング,0,0,0,0,0,0,0,0,0,0,0,0,0,0,1,0,0,0,インターネット・アプリ,0,0,0,0,0,0,0,0,0,0,1,0,0,0,0,0,0,0,0,0,0,0,0,0,0,,,,使わない,,使わない,,使わない,"1,000円以上 3,000円未満",,,,,,,,,,4,4,,,,,,8,機会があれば行きたい,,丸岡城 エリア,,丸岡城,,丸岡城,,000000,web,1963,63,,1月,13.丸岡城 エリア,(一社)DMOさかい観光局,
福井,2026/01/04 16:28:37,京都府,女,40代,,600万円以上 700万円未満,親,1泊,福井県外には宿泊しない,,1泊,,,,,,,,,新幹線在来線,0,0,1,1,0,0,0,旅行会社ツアーバス,0,0,0,0,4,,,初めて,初めて,温泉や露天風呂,0,1,0,0,0,0,0,0,0,0,0,0,0,0,0,0,0,0,宿泊施設,0,0,0,0,0,0,0,0,0,0,0,0,0,1,0,0,0,0,0,0,0,0,0,0,0,,,,使わない,,"10,000円以上 20,000円未満",,"1,000円以上 3,000円未満","20,000円以上 30,000円未満",,,,,,,,,,4,4,,,,,,7,機会があれば行きたい,,はたや記念館 ゆめおーれ勝山 エリア,,岡太神社・大瀧神社,タケフナイフビレッジ,レインボーライン,,000000,web,1985,41,,1月,30.はたや記念館 ゆめおーれ勝山 エリア,勝山市観光まちづくり(株),
福井,2026/01/04 15:59:00,東京都,男,30代,,"1,000万円以上 1,200万円未満",自分ひとり,4泊以上,福井県外には宿泊しない,,4泊以上,,,,,,,,,新幹線,0,0,1,0,0,0,0,自家用車,0,0,0,0,,,,11回目以上,11回目以上,その他,0,0,0,0,0,0,0,0,0,0,0,0,0,0,0,0,0,1,その他,0,0,0,0,0,0,0,0,0,0,0,0,0,0,0,0,0,0,0,0,0,0,0,0,1,,,,"30,000円以上 40,000円未満",,使わない,,使わない,"5,000円以上 10,000円未満",,,,,,,,,,5,5,,昔より色んな施設ができていて良い。恐竜などの特徴がある駅になった。,,,,9,また行きたい（1年以内）,,福井駅前 エリア,,一乗谷朝倉氏遺跡,,選択なし/該当施設なし,,000000,web,1994,32,,1月,01.福井駅前 エリア,,
福井,2026/01/04 15:57:56,大阪府,女,50代,,分からない/無回答,夫婦2人,4泊以上,静岡県,,1泊,,,,,,,,,自家用車,1,0,0,0,0,0,0,自家用車,0,0,0,0,5,,,初めて,初めて,温泉や露天風呂地元の美味しいものを食べる,0,1,1,0,0,0,0,0,0,0,0,0,0,0,0,0,0,0,友人・知人,0,0,0,0,0,0,0,0,0,0,0,0,0,0,0,0,0,0,1,0,0,0,0,0,0,,,,"50,000円以上 100,000円未満",,"30,000円以上 40,000円未満",,"50,000円以上 100,000円未満","20,000円以上 30,000円未満",,,,,,,,,,4,5,,,,,,8,また行きたい（1年以内）,,熊川宿 エリア,,選択なし/該当施設なし,,選択なし/該当施設なし,,000000,熊川宿 エリア,1967,59,,1月,81.熊川宿 エリア,三方五湖DMO(株),温泉が良かったし、海の幸が美味しかったです。
福井,2026/01/04 15:48:07,神奈川県,男,50代,,"1,500万円以上",小学生以下連れの家族,4泊以上,滋賀県,,2泊,,,,,,,,,レンタカー,0,1,0,0,0,0,0,レンタカー,0,0,0,0,5,,,2～5回目,2～5回目,友人・親戚を尋ねる,0,0,0,0,0,0,0,0,0,0,0,0,0,0,0,1,0,0,インターネット・アプリ,0,0,0,0,0,0,0,0,0,0,1,0,0,0,0,0,0,0,0,0,0,0,0,0,0,,,,"20,000円以上 30,000円未満",,使わない,,"3,000円以上 5,000円未満","10,000円以上 20,000円未満",,,,,,,,,,5,5,,,,,,10,,,道の駅「若狭おばま」 エリア,,選択なし/該当施設なし,,選択なし/該当施設なし,,000000,レインボーライン エリア,1976,50,,1月,68.道の駅「若狭おばま」 エリア,(株)まちづくり小浜,
福井,2026/01/04 15:17:03,岐阜県,無回答,50代,,分からない/無回答,夫婦2人,4泊以上,福井県外には宿泊しない,,4泊以上,,,,,,,,,自家用車,1,0,0,0,0,0,0,自家用車,0,0,0,0,,,,初めて,初めて,宿でのんびり過ごす温泉や露天風呂その他,1,1,0,0,0,0,0,0,0,0,0,0,0,0,0,0,0,1,観光展・物産展新聞・雑誌・ガイドブック観光パンフレット・ポスターインターネット・アプリ宿泊施設,0,0,0,0,0,0,0,0,0,0,1,0,0,1,0,0,1,0,0,0,1,0,1,0,0,,,,"5,000円以上 10,000円未満",,"40,000円以上 50,000円未満",,使わない,"40,000円以上 50,000円未満",,,,,,,,,,4,4,,,,,,10,また行きたい（1年以内）,,あわら湯のまち エリア,,丸岡城,,氣比神宮,,000000,道の駅「越前」 エリア,1976,50,,1月,17.あわら湯のまち エリア,,温泉が良さそうなため。
福井,2026/01/04 15:16:19,岐阜県,男,40代,,分からない/無回答,夫婦2人,1泊,福井県外には宿泊しない,,1泊,,,,,,,,,自家用車,1,0,0,0,0,0,0,自家用車,0,0,0,0,,,,2～5回目,2～5回目,宿でのんびり過ごす温泉や露天風呂,1,1,0,0,0,0,0,0,0,0,0,0,0,0,0,0,0,0,インターネット・アプリ,0,0,0,0,0,0,0,0,0,0,1,0,0,0,0,0,0,0,0,0,0,0,0,0,0,,,,"5,000円以上 10,000円未満",,"40,000円以上 50,000円未満",,"10,000円以上 20,000円未満","5,000円以上 10,000円未満",,,,,,,,,,4,4,,駅前のエリア,,,,8,また行きたい（1年以内）,,あわら湯のまち エリア,,丸岡城,気比神宮,選択なし/該当施設なし,,000000,まちの市場 こってコテいけだ エリア,1978,48,,1月,17.あわら湯のまち エリア,,駅前のエリア
福井,2026/01/04 15:04:18,福井県,女,30代,,700万円以上 800万円未満,小学生以下連れの家族,日帰り,福井県外には宿泊しない,,福井県内には宿泊しない,,,,,,,,,県外から訪れていない（福井県在住）,0,0,0,0,0,0,1,自家用車,0,0,0,0,4,,,11回目以上,11回目以上,その他,0,0,0,0,0,0,0,0,0,0,0,0,0,0,0,0,0,1,インターネット・アプリInstagram,0,0,0,1,0,0,0,0,0,0,1,0,0,0,0,0,0,0,0,0,0,0,0,0,0,,,,"1,000円未満",,"3,000円以上 5,000円未満",,"3,000円以上 5,000円未満","5,000円以上 10,000円未満",,,,,,,,,,4,4,,,,,,9,福井県在住,,越前海岸 北部 エリア,,選択なし/該当施設なし,,選択なし/該当施設なし,,000000,越前海岸 北部 エリア,1989,37,,1月,07.越前海岸 北部 エリア,,
福井,2026/01/04 14:28:17,千葉県,男,30代,,700万円以上 800万円未満,自分ひとり,3泊,愛知県,,1泊,,,,,,,,,新幹線在来線,0,0,1,1,0,0,0,在来線路線バス,0,1,0,0,4,博物館へのバスの乗り継ぎがちゃんとしている,,2～5回目,2～5回目,テーマパーク（遊園地、動物園、博物館など）,0,0,0,0,0,1,0,0,0,0,0,0,0,0,0,0,0,0,インターネット・アプリ,0,0,0,0,0,0,0,0,0,0,1,0,0,0,0,0,0,0,0,0,0,0,0,0,0,,,,"20,000円以上 30,000円未満",,"5,000円以上 10,000円未満",,使わない,"1,000円以上 3,000円未満",,,,,,,,,,4,4,,,,,,8,また行きたい（1年以内）,,かつやま恐竜の森 エリア,,選択なし/該当施設なし,,選択なし/該当施設なし,,000000,web,1987,39,,1月,25.かつやま恐竜の森 エリア,勝山市観光まちづくり(株),
福井,2026/01/04 13:07:27,東京都,女,20代,,500万円以上 600万円未満,恋人,2泊,福井県外には宿泊しない,,2泊,,,,,,,,,在来線,0,0,0,1,0,0,0,路線バス,0,1,0,0,5,フリーきっぷがお得。分かりやすい。,,初めて,初めて,まちあるき、都市散策,0,0,0,0,0,0,0,0,0,0,1,0,0,0,0,0,0,0,インターネット・アプリ,0,0,0,0,0,0,0,0,0,0,1,0,0,0,0,0,0,0,0,0,0,0,0,0,0,,,,"30,000円以上 40,000円未満",,"5,000円以上 10,000円未満",,"3,000円以上 5,000円未満","20,000円以上 30,000円未満",,,,,,,,,,2,5,,一人前ではなく、食べ歩きやちょい食べのメニューがもう少し欲しい。,,,,10,また行きたい（1年以内）,,日本海さかな街 エリア,,選択なし/該当施設なし,帰宅する,選択なし/該当施設なし,,000000,東尋坊 エリア,2000,26,,1月,61.日本海さかな街 エリア,,北陸の海鮮を味わうのに適した場所だと思う。
福井,2026/01/04 13:07:09,福井県,女,40代,,100万円以上 200万円未満,その他家族,日帰り,福井県外には宿泊しない,,福井県内には宿泊しない,,,,,,,,,自家用車,1,0,0,0,0,0,0,自家用車,0,0,0,0,,,,6～10回目,6～10回目,テーマパーク（遊園地、動物園、博物館など）,0,0,0,0,0,1,0,0,0,0,0,0,0,0,0,0,0,0,インターネット・アプリ,0,0,0,0,0,0,0,0,0,0,1,0,0,0,0,0,0,0,0,0,0,0,0,0,0,,,,"10,000円以上 20,000円未満",,使わない,,"3,000円以上 5,000円未満","10,000円以上 20,000円未満",,,,,,,,,,4,4,,,,,,10,福井県在住,,芝政ワールド エリア,,選択なし/該当施設なし,,選択なし/該当施設なし,,000000,芝政ワールド エリア,1979,47,,1月,12.芝政ワールド エリア,(一社)DMOさかい観光局,
福井,2026/01/04 12:57:39,福井県,女,30代,,200万円以上 300万円未満,その他家族,日帰り,自宅,,福井県内には宿泊しない,,,,,,,,,自家用車,1,0,0,0,0,0,0,自家用車,0,0,0,0,5,,,6～10回目,6～10回目,その他,0,0,0,0,0,0,0,0,0,0,0,0,0,0,0,0,0,1,観光展・物産展,0,0,0,0,0,0,0,0,0,0,0,0,0,0,0,0,0,0,0,0,0,0,1,0,0,,,,"1,000円以上 3,000円未満",,使わない,,使わない,"10,000円以上 20,000円未満",,,,,,,,,,5,5,,,,,,10,,,かつやま恐竜の森 エリア,,選択なし/該当施設なし,,選択なし/該当施設なし,,000000,web,1988,38,,1月,25.かつやま恐竜の森 エリア,勝山市観光まちづくり(株),
福井,2026/01/04 12:45:37,福井県,無回答,50代,,分からない/無回答,夫婦2人,日帰り,福井県外には宿泊しない,,4泊以上,,,,,,,,,県外から訪れていない（福井県在住）,0,0,0,0,0,0,1,自家用車,0,0,0,0,,,,11回目以上,11回目以上,買い物、アウトレット,0,0,0,0,0,0,1,0,0,0,0,0,0,0,0,0,0,0,その他,0,0,0,0,0,0,0,0,0,0,0,0,0,0,0,0,0,0,0,0,0,0,0,0,1,,,,"1,000円未満",,使わない,,"1,000円以上 3,000円未満",使わない,,,,,,,,,,4,4,,,,,,7,福井県在住,,名田庄 エリア,,選択なし/該当施設なし,,選択なし/該当施設なし,,000000,若狭高浜 エリア,1970,56,,1月,86.名田庄 エリア,,
福井,2026/01/04 12:42:31,福井県,無回答,40代,,400万円以上 500万円未満,小学生以下連れの家族,日帰り,長野,,福井県内には宿泊しない,,,,,,,,,県外から訪れていない（福井県在住）,0,0,0,0,0,0,1,自家用車,0,0,0,0,,,,2～5回目,2～5回目,友人・親戚を尋ねる,0,0,0,0,0,0,0,0,0,0,0,0,0,0,0,1,0,0,インターネット・アプリInstagram,0,0,0,1,0,0,0,0,0,0,1,0,0,0,0,0,0,0,0,0,0,0,0,0,0,,,,"1,000円未満",,使わない,,"1,000円未満","1,000円以上 3,000円未満",,,,,,,,,,4,4,,手入れがしっかりされていると思うから。,,,,8,福井県在住,,道の駅「禅の里」 エリア,,選択なし/該当施設なし,,選択なし/該当施設なし,,000000,道の駅「禅の里」 エリア,1979,47,,1月,35.道の駅「禅の里」 エリア,,温泉施設が併設されていてまだ利用したことがないが、温泉にはいれるのが魅力的だと思ったから。
福井,2026/01/04 12:26:50,石川県,女,30代,,100万円以上 200万円未満,夫婦2人,日帰り,石川県金沢市,,福井県内には宿泊しない,,,,,,,,,自家用車,1,0,0,0,0,0,0,自家用車,0,0,0,0,5,,,11回目以上,11回目以上,地元の美味しいものを食べる,0,0,1,0,0,0,0,0,0,0,0,0,0,0,0,0,0,0,Instagram,0,0,0,1,0,0,0,0,0,0,0,0,0,0,0,0,0,0,0,0,0,0,0,0,0,,,,"3,000円以上 5,000円未満",,"3,000円以上 5,000円未満",,"3,000円以上 5,000円未満","5,000円以上 10,000円未満",,,,,,,,,,4,4,,,,,,10,また行きたい（1年以内）,,越前そばの里 エリア,,選択なし/該当施設なし,,選択なし/該当施設なし,,000000,web,1989,37,,1月,37.越前そばの里 エリア,,
福井,2026/01/04 12:17:37,神奈川県,男,50代,,"1,500万円以上",小学生以下連れの家族,4泊以上,滋賀県,,2泊,,,,,,,,,レンタカー,0,1,0,0,0,0,0,レンタカー,0,0,0,0,4,,,2～5回目,2～5回目,名所、旧跡の観光友人・親戚を尋ねる,0,0,0,0,1,0,0,0,0,0,0,0,0,0,0,1,0,0,観光パンフレット・ポスターインターネット・アプリ,0,0,0,0,0,0,0,0,0,0,1,0,0,0,0,0,0,0,0,0,1,0,0,0,0,,,,"20,000円以上 30,000円未満",,使わない,,"5,000円以上 10,000円未満","10,000円以上 20,000円未満",,,,,,,,,,5,5,,,,,,10,,,金ヶ崎 エリア,,選択なし/該当施設なし,,選択なし/該当施設なし,,000000,レインボーライン エリア,1976,50,,1月,64.金ヶ崎 エリア,,
福井,2026/01/04 11:58:04,福井県,女,40代,,700万円以上 800万円未満,小学生以下連れの家族,4泊以上,福井県外には宿泊しない,,4泊以上,,,,,,,,,自家用車,1,0,0,0,0,0,0,自家用車,0,0,0,0,,,,初めて,初めて,温泉や露天風呂,0,1,0,0,0,0,0,0,0,0,0,0,0,0,0,0,0,0,観光展・物産展,0,0,0,0,0,0,0,0,0,0,0,0,0,0,0,0,0,0,0,0,0,0,1,0,0,,,,"100,000円以上",,"100,000円以上",,"20,000円以上 30,000円未満","30,000円以上 40,000円未満",,,,,,,,,,5,4,,,,,,8,また行きたい（1年以内）,,越前そばの里 エリア,,氣比神宮,,大本山永平寺,,000000,web,1986,40,,1月,37.越前そばの里 エリア,,
福井,2026/01/04 11:54:30,東京都,女,30代,,600万円以上 700万円未満,夫婦2人,3泊,石川県金沢市,,1泊,,,,,,,,,レンタカー新幹線,0,1,1,0,0,0,0,レンタカー,0,0,0,0,5,駐車場も多く、道も広いため,,初めて,初めて,地元の美味しいものを食べる友人・親戚を尋ねる,0,0,1,0,0,0,0,0,0,0,0,0,0,0,0,1,0,0,インターネット・アプリ,0,0,0,0,0,0,0,0,0,0,1,0,0,0,0,0,0,0,0,0,0,0,0,0,0,,,,"50,000円以上 100,000円未満",,"30,000円以上 40,000円未満",,"1,000円以上 3,000円未満","5,000円以上 10,000円未満",,,,,,,,,,5,5,,シンプルに永平寺が素晴らしい。ここまで立派なお寺は初めてでした。傘をささずに参拝、順路があるのも有り難かったです。,,,,10,機会があれば行きたい,,大本山 永平寺 エリア,,選択なし/該当施設なし,,岡太神社・大瀧神社,,000000,大本山 永平寺 エリア,1994,32,,1月,34.大本山 永平寺 エリア,,永平寺の大きさ、建物の素晴らしさ。
福井,2026/01/04 11:54:06,福井県,女,40代,,700万円以上 800万円未満,中学生以上連れの家族,日帰り,福井県外には宿泊しない,,福井県内には宿泊しない,,,,,,,,,自家用車,1,0,0,0,0,0,0,自家用車,0,0,0,0,4,,,2～5回目,2～5回目,宿でのんびり過ごす温泉や露天風呂,1,1,0,0,0,0,0,0,0,0,0,0,0,0,0,0,0,0,観光展・物産展観光協会等の案内所,0,0,0,0,0,0,0,0,0,0,0,0,0,0,0,0,0,0,0,0,0,1,1,0,0,,,,"1,000円以上 3,000円未満",,"10,000円以上 20,000円未満",,"1,000円以上 3,000円未満","10,000円以上 20,000円未満",,,,,,,,,,5,4,,,,,,10,福井県在住,,道の駅「パークイン丹生ヶ丘」 エリア,,選択なし/該当施設なし,,選択なし/該当施設なし,,000000,道の駅「西山公園」 エリア,1985,41,,1月,50.道の駅「パークイン丹生ヶ丘」 エリア,一般社団法人 越前町観光連盟（DMO ECHIZEN）,
福井,2026/01/04 11:52:16,東京都,男,30代,,"1,500万円以上",夫婦2人,4泊以上,石川県金沢市,,1泊,,,,,,,,,レンタカー新幹線,0,1,1,0,0,0,0,レンタカー,0,0,0,0,5,雪道が若干不安でしたが。特に不満はありませんでした。,,2～5回目,2～5回目,宿でのんびり過ごす地元の美味しいものを食べる,1,0,1,0,0,0,0,0,0,0,0,0,0,0,0,0,0,0,友人・知人,0,0,0,0,0,0,0,0,0,0,0,0,0,0,0,0,0,0,1,0,0,0,0,0,0,,,,"20,000円以上 30,000円未満",,"40,000円以上 50,000円未満",,"1,000円未満","50,000円以上 100,000円未満",,,,,,,,,,4,4,,,,,,7,機会があれば行きたい,,大本山 永平寺 エリア,,大本山永平寺,,選択なし/該当施設なし,,000000,大本山 永平寺 エリア,1993,33,,1月,34.大本山 永平寺 エリア,,
福井,2026/01/04 11:25:08,福井県,女,60代,,100万円未満,その他家族,1泊,福井県外には宿泊しない,,1泊,,,,,,,,,県外から訪れていない（福井県在住）,0,0,0,0,0,0,1,自家用車,0,0,0,0,,,,2～5回目,2～5回目,温泉や露天風呂,0,1,0,0,0,0,0,0,0,0,0,0,0,0,0,0,0,0,観光展・物産展,0,0,0,0,0,0,0,0,0,0,0,0,0,0,0,0,0,0,0,0,0,0,1,0,0,,,,使わない,,"100,000円以上",,"1,000円以上 3,000円未満","100,000円以上",,,,,,,,,,4,4,,,,,,8,福井県在住,,東尋坊 エリア,,選択なし/該当施設なし,,選択なし/該当施設なし,,000000,web,1965,61,,1月,10.東尋坊 エリア,(一社)DMOさかい観光局,
福井,2026/01/04 11:17:22,愛知県,男,20代,,100万円未満,その他家族,1泊,福井県外には宿泊しない,,1泊,,,,,,,,,自家用車,1,0,0,0,0,0,0,自家用車,0,0,0,0,,,,初めて,初めて,地元の美味しいものを食べる,0,0,1,0,0,0,0,0,0,0,0,0,0,0,0,0,0,0,インターネット・アプリ,0,0,0,0,0,0,0,0,0,0,1,0,0,0,0,0,0,0,0,0,0,0,0,0,0,,,,"1,000円以上 3,000円未満",,"3,000円以上 5,000円未満",,"1,000円未満","10,000円以上 20,000円未満",,,,,,,,,,4,4,,,,,,9,,,大本山 永平寺 エリア,,選択なし/該当施設なし,,選択なし/該当施設なし,,000000,大本山 永平寺 エリア,1999,27,,1月,34.大本山 永平寺 エリア,,
福井,2026/01/04 10:07:23,東京都,女,20代,,500万円以上 600万円未満,恋人,2泊,福井県外には宿泊しない,,2泊,,,,,,,,,在来線,0,0,0,1,0,0,0,在来線,0,0,0,0,5,福井から近い,,初めて,初めて,まちあるき、都市散策,0,0,0,0,0,0,0,0,0,0,1,0,0,0,0,0,0,0,インターネット・アプリ,0,0,0,0,0,0,0,0,0,0,1,0,0,0,0,0,0,0,0,0,0,0,0,0,0,,,,"30,000円以上 40,000円未満",,"5,000円以上 10,000円未満",,"3,000円以上 5,000円未満","20,000円以上 30,000円未満",,,,,,,,,,5,5,,,,,,10,また行きたい（1年以内）,,金ヶ崎 エリア,,一乗谷朝倉氏遺跡,,氣比神宮,,000000,東尋坊 エリア,2000,26,,1月,64.金ヶ崎 エリア,,敦賀駅に観光名所がコンパクトに纏まっている。
福井,2026/01/04 04:50:58,富山県,男,60代,,"1,000万円以上 1,200万円未満",夫婦2人,1泊,福井県外には宿泊しない,,1泊,,,,,,,,,自家用車,1,0,0,0,0,0,0,自家用車,0,0,0,0,,,,2～5回目,2～5回目,宿でのんびり過ごす温泉や露天風呂地元の美味しいものを食べる名所、旧跡の観光,1,1,1,0,1,0,0,0,0,0,0,0,0,0,0,0,0,0,新聞・雑誌・ガイドブック観光連盟やDMOのHPインターネット・アプリ,0,0,0,0,0,0,0,0,0,0,1,0,0,0,0,0,1,0,0,0,0,0,0,1,0,,,,"5,000円以上 10,000円未満",,"40,000円以上 50,000円未満",,"30,000円以上 40,000円未満","10,000円以上 20,000円未満",,,,,,,,,,3,4,,,,,,7,機会があれば行きたい,,一乗谷朝倉氏遺跡 エリア,,丸岡城,メガネを作りに行く,選択なし/該当施設なし,,000000,一乗谷朝倉氏遺跡 エリア,1961,65,,1月,06.一乗谷朝倉氏遺跡 エリア,,
福井,2026/01/05 22:10:24,神奈川県,女,50代,,分からない/無回答,その他家族,2泊,富山県,,1泊,,,,,,,,,レンタカー飛行機,0,1,0,0,1,0,0,レンタカー,0,0,0,0,5,,,2～5回目,2～5回目,地元の美味しいものを食べる,0,0,1,0,0,0,0,0,0,0,0,0,0,0,0,0,0,0,インターネット・アプリ友人・知人宿泊施設,0,0,0,0,0,0,0,0,0,0,1,0,0,1,0,0,0,0,1,0,0,0,0,0,0,,,,"40,000円以上 50,000円未満",,"50,000円以上 100,000円未満",,"50,000円以上 100,000円未満","20,000円以上 30,000円未満",,,,,,,,,,5,5,,,,,,9,また行きたい（1年以内）,,越前海岸 くりや旅館街 エリア,,道の駅「シーサイド高浜」,河野北前船主通り,選択なし/該当施設なし,,000000,越前海岸 くりや旅館街 エリア,1968,58,,1月,57.越前海岸 くりや旅館街 エリア,一般社団法人 越前町観光連盟（DMO ECHIZEN）,昨今のオーバーツーリズムの中、人が多くなく日本の素晴らしい文化を堪能できる
福井,2026/01/05 22:04:23,滋賀県,女,30代,,"1,200万円以上 1,500万円未満",友人,1泊,福井県外には宿泊しない,,1泊,,,,,,,,,自家用車,1,0,0,0,0,0,0,自家用車,0,0,0,0,4,,,2～5回目,2～5回目,地元の美味しいものを食べる,0,0,1,0,0,0,0,0,0,0,0,0,0,0,0,0,0,0,友人・知人,0,0,0,0,0,0,0,0,0,0,0,0,0,0,0,0,0,0,1,0,0,0,0,0,0,,,,"5,000円以上 10,000円未満",,"10,000円以上 20,000円未満",,"3,000円以上 5,000円未満","10,000円以上 20,000円未満",,,,,,,,,,4,4,,,,,,8,また行きたい（1年以内）,,大本山 永平寺 エリア,,選択なし/該当施設なし,,選択なし/該当施設なし,,000000,web,1987,39,,1月,34.大本山 永平寺 エリア,,
福井,2026/01/05 22:02:59,滋賀県,女,30代,,"1,200万円以上 1,500万円未満",友人,1泊,福井県外には宿泊しない,,1泊,,,,,,,,,自家用車,1,0,0,0,0,0,0,自家用車,0,0,0,0,,,,11回目以上,11回目以上,地元の美味しいものを食べる,0,0,1,0,0,0,0,0,0,0,0,0,0,0,0,0,0,0,友人・知人,0,0,0,0,0,0,0,0,0,0,0,0,0,0,0,0,0,0,1,0,0,0,0,0,0,,,,"5,000円以上 10,000円未満",,"10,000円以上 20,000円未満",,"20,000円以上 30,000円未満","10,000円以上 20,000円未満",,,,,,,,,,4,4,,,,,,8,また行きたい（1年以内）,,福井駅前 エリア,,選択なし/該当施設なし,,選択なし/該当施設なし,,000000,web,1987,39,,1月,01.福井駅前 エリア,,
福井,2026/01/05 21:59:59,滋賀県,女,30代,,"1,200万円以上 1,500万円未満",友人,1泊,福井県外には宿泊しない,,1泊,,,,,,,,,自家用車,1,0,0,0,0,0,0,自家用車,0,0,0,0,4,,,2～5回目,2～5回目,地元の美味しいものを食べる,0,0,1,0,0,0,0,0,0,0,0,0,0,0,0,0,0,0,友人・知人,0,0,0,0,0,0,0,0,0,0,0,0,0,0,0,0,0,0,1,0,0,0,0,0,0,,,,"5,000円以上 10,000円未満",,"10,000円以上 20,000円未満",,"3,000円以上 5,000円未満","10,000円以上 20,000円未満",,,,,,,,,,4,4,,,,,,8,また行きたい（1年以内）,,JR芦原温泉駅 エリア,,選択なし/該当施設なし,,選択なし/該当施設なし,,000000,web,1987,39,,1月,16.JR芦原温泉駅 エリア,,
福井,2026/01/05 21:58:42,滋賀県,女,30代,,"1,200万円以上 1,500万円未満",友人,1泊,福井県外には宿泊しない,,1泊,,,,,,,,,自家用車,1,0,0,0,0,0,0,自家用車,0,0,0,0,4,,,2～5回目,2～5回目,宿でのんびり過ごす地元の美味しいものを食べる,1,0,1,0,0,0,0,0,0,0,0,0,0,0,0,0,0,0,友人・知人,0,0,0,0,0,0,0,0,0,0,0,0,0,0,0,0,0,0,1,0,0,0,0,0,0,,,,"5,000円以上 10,000円未満",,"10,000円以上 20,000円未満",,"3,000円以上 5,000円未満","10,000円以上 20,000円未満",,,,,,,,,,4,4,,,,,,6,また行きたい（1年以内）,,丸岡城 エリア,,選択なし/該当施設なし,,選択なし/該当施設なし,,000000,web,1987,39,,1月,13.丸岡城 エリア,(一社)DMOさかい観光局,
福井,2026/01/05 21:35:25,東京都,男,20代,,200万円以上 300万円未満,自分ひとり,4泊以上,福井県外には宿泊しない,,4泊以上,,,,,,,,,新幹線,0,0,1,0,0,0,0,徒歩,0,0,1,0,,,,2～5回目,2～5回目,出張など仕事関係,0,0,0,0,0,0,0,0,0,0,0,0,0,0,0,0,1,0,観光展・物産展観光パンフレット・ポスターインターネット・アプリ宿泊施設,0,0,0,0,0,0,0,0,0,0,1,0,0,1,0,0,0,0,0,0,1,0,1,0,0,,,,"10,000円以上 20,000円未満",,"5,000円以上 10,000円未満",,"100,000円以上","30,000円以上 40,000円未満",,,,,,,,,,5,5,,,,,,10,また行きたい（1年以内）,,福井駅前 エリア（宿泊施設）,,選択なし/該当施設なし,,大本山永平寺,,000000,web,1998,28,,1月,02.福井駅前 エリア（宿泊施設）,,
福井,2026/01/05 19:01:01,岐阜県,無回答,50代,,分からない/無回答,夫婦2人,4泊以上,福井県外には宿泊しない,,4泊以上,,,,,,,,,自家用車,1,0,0,0,0,0,0,自家用車,0,0,0,0,,,,初めて,初めて,その他,0,0,0,0,0,0,0,0,0,0,0,0,0,0,0,0,0,1,宿泊施設,0,0,0,0,0,0,0,0,0,0,0,0,0,1,0,0,0,0,0,0,0,0,0,0,0,,,,"5,000円以上 10,000円未満",,"40,000円以上 50,000円未満",,"3,000円以上 5,000円未満","40,000円以上 50,000円未満",,,,,,,,,,4,4,,,,,,9,また行きたい（1年以内）,,北陸新幹線 越前たけふ駅 エリア,,めがねミュージアム,,氣比神宮,,000000,道の駅「越前」 エリア,1976,50,,1月,38.北陸新幹線 越前たけふ駅 エリア,,お土産品がたくさんあり、あと食事処があり美味しそうだったため。
福井,2026/01/05 18:58:56,岐阜県,無回答,50代,,分からない/無回答,夫婦2人,4泊以上,福井県外には宿泊しない,,4泊以上,,,,,,,,,自家用車,1,0,0,0,0,0,0,自家用車,0,0,0,0,,,,初めて,初めて,その他,0,0,0,0,0,0,0,0,0,0,0,0,0,0,0,0,0,1,宿泊施設,0,0,0,0,0,0,0,0,0,0,0,0,0,1,0,0,0,0,0,0,0,0,0,0,0,,,,"5,000円以上 10,000円未満",,"40,000円以上 50,000円未満",,使わない,"40,000円以上 50,000円未満",,,,,,,,,,3,3,,,,,,7,また行きたい（1年以内）,,メガネストリート エリア,,選択なし/該当施設なし,北陸新幹線　越前たけふ駅エリア,選択なし/該当施設なし,,000000,道の駅「越前」 エリア,1976,50,,1月,45.メガネストリート エリア,,メガネ好きな人に勧めたい
福井,2026/01/05 18:53:39,岐阜県,無回答,50代,,分からない/無回答,夫婦2人,4泊以上,福井県外には宿泊しない,,4泊以上,,,,,,,,,自家用車,1,0,0,0,0,0,0,自家用車,0,0,0,0,,,,初めて,初めて,その他,0,0,0,0,0,0,0,0,0,0,0,0,0,0,0,0,0,1,宿泊施設,0,0,0,0,0,0,0,0,0,0,0,0,0,1,0,0,0,0,0,0,0,0,0,0,0,,,,"5,000円以上 10,000円未満",,"40,000円以上 50,000円未満",,"3,000円以上 5,000円未満","40,000円以上 50,000円未満",,,,,,,,,,4,3,,初めて訪れたが、とても綺麗でよかったです。,,,,10,また行きたい（1年以内）,,JR芦原温泉駅 エリア,,あわら温泉街,,氣比神宮,,000000,道の駅「越前」 エリア,1976,50,,1月,16.JR芦原温泉駅 エリア,,芦原温泉街、温泉施設のサービスが良かったためです。
福井,2026/01/05 18:46:59,岐阜県,男,40代,,分からない/無回答,夫婦2人,1泊,福井県外には宿泊しない,,1泊,,,,,,,,,自家用車,1,0,0,0,0,0,0,自家用車,0,0,0,0,,,,初めて,初めて,温泉や露天風呂,0,1,0,0,0,0,0,0,0,0,0,0,0,0,0,0,0,0,インターネット・アプリ,0,0,0,0,0,0,0,0,0,0,1,0,0,0,0,0,0,0,0,0,0,0,0,0,0,,,,"5,000円以上 10,000円未満",,"40,000円以上 50,000円未満",,"5,000円以上 10,000円未満","5,000円以上 10,000円未満",,,,,,,,,,4,4,,施設がきれい観光協会が併設されているので、観光しやすい,,,,8,また行きたい（1年以内）,,北陸新幹線 越前たけふ駅 エリア,,めがねミュージアム,,氣比神宮,,000000,まちの市場 こってコテいけだ エリア,1978,48,,1月,38.北陸新幹線 越前たけふ駅 エリア,,
福井,2026/01/05 18:43:18,岐阜県,男,40代,,分からない/無回答,夫婦2人,1泊,福井県外には宿泊しない,,1泊,,,,,,,,,自家用車,1,0,0,0,0,0,0,自家用車,0,0,0,0,,,,初めて,初めて,温泉や露天風呂,0,1,0,0,0,0,0,0,0,0,0,0,0,0,0,0,0,0,インターネット・アプリ,0,0,0,0,0,0,0,0,0,0,1,0,0,0,0,0,0,0,0,0,0,0,0,0,0,,,,"5,000円以上 10,000円未満",,"40,000円以上 50,000円未満",,使わない,"5,000円以上 10,000円未満",,,,,,,,,,4,4,,,,,,5,また行きたい（1年以内）,,メガネストリート エリア,,あわら温泉街,,氣比神宮,,000000,まちの市場 こってコテいけだ エリア,1978,48,,1月,45.メガネストリート エリア,,
福井,2026/01/05 18:39:43,岐阜県,男,40代,,分からない/無回答,夫婦2人,1泊,福井県外には宿泊しない,,1泊,,,,,,,,,自家用車,1,0,0,0,0,0,0,自家用車,0,0,0,0,,,,11回目以上,11回目以上,温泉や露天風呂,0,1,0,0,0,0,0,0,0,0,0,0,0,0,0,0,0,0,インターネット・アプリ,0,0,0,0,0,0,0,0,0,0,1,0,0,0,0,0,0,0,0,0,0,0,0,0,0,,,,"5,000円以上 10,000円未満",,"40,000円以上 50,000円未満",,"3,000円以上 5,000円未満","5,000円以上 10,000円未満",,,,,,,,,,4,4,,新しくてきれい,,,,5,また行きたい（1年以内）,,JR芦原温泉駅 エリア,,あわら温泉街,,氣比神宮,,000000,まちの市場 こってコテいけだ エリア,1978,48,,1月,16.JR芦原温泉駅 エリア,,
福井,2026/01/05 18:12:44,山形県,女,20代,,100万円未満,恋人,2泊,石川県金沢市,,1泊,,,,,,,,,新幹線在来線,0,0,1,1,0,0,0,在来線,0,0,0,0,5,,,初めて,初めて,宿でのんびり過ごす温泉や露天風呂地元の美味しいものを食べる,1,1,1,0,0,0,0,0,0,0,0,0,0,0,0,0,0,0,観光展・物産展インターネット・アプリInstagram,0,0,0,1,0,0,0,0,0,0,1,0,0,0,0,0,0,0,0,0,0,0,1,0,0,,,,"5,000円以上 10,000円未満",,"10,000円以上 20,000円未満",,"3,000円以上 5,000円未満","10,000円以上 20,000円未満",,,,,,,,,,5,4,,,,,,8,機会があれば行きたい,,かつやま恐竜の森 エリア,,選択なし/該当施設なし,,選択なし/該当施設なし,,000000,かつやま恐竜の森 エリア,2004,22,,1月,25.かつやま恐竜の森 エリア,勝山市観光まちづくり(株),
福井,2026/01/05 17:38:54,兵庫県,男,30代,,700万円以上 800万円未満,小学生以下連れの家族,2泊,福井県外には宿泊しない,,2泊,,,,,,,,,自家用車,1,0,0,0,0,0,0,自家用車,0,0,0,0,5,,,初めて,初めて,各種体験（手作り、果物狩りなど）,0,0,0,0,0,0,0,0,0,0,0,1,0,0,0,0,0,0,ブログ,0,0,0,0,0,0,0,0,1,0,0,0,0,0,0,0,0,0,0,0,0,0,0,0,0,,,,"30,000円以上 40,000円未満",,"20,000円以上 30,000円未満",,"1,000円以上 3,000円未満","50,000円以上 100,000円未満",,,,,,,,,,5,5,,,,,,10,また行きたい（1年以内）,,かつやま恐竜の森 エリア,,はたや記念館 ゆめおーれ勝山,,選択なし/該当施設なし,,000000,はたや記念館 ゆめおーれ勝山 エリア,1988,38,,1月,25.かつやま恐竜の森 エリア,勝山市観光まちづくり(株),
福井,2026/01/05 17:17:47,愛知県,男,30代,,500万円以上 600万円未満,友人,日帰り,福井県外には宿泊しない,,福井県内には宿泊しない,,,,,,,,,レンタカー,0,1,0,0,0,0,0,レンタカー,0,0,0,0,5,時間に縛られず個人の空間で移動出来たため。,,初めて,初めて,地元の美味しいものを食べる名所、旧跡の観光,0,0,1,0,1,0,0,0,0,0,0,0,0,0,0,0,0,0,Instagram,0,0,0,1,0,0,0,0,0,0,0,0,0,0,0,0,0,0,0,0,0,0,0,0,0,,,,"5,000円以上 10,000円未満",,使わない,,"1,000円未満","40,000円以上 50,000円未満",,,,,,,,,,5,5,,永平寺が想像以上に大きく見応えがあったため。,,,,10,機会があれば行きたい,,大本山 永平寺 エリア,,福井県立恐竜博物館,,東尋坊,,000000,大本山 永平寺 エリア,1994,32,,1月,34.大本山 永平寺 エリア,,全体的に自然が豊かでリラックスでき、息抜きにとても良いと思ったため。恐竜博物館もとても見応えがあり、子連れでも大人でも楽しめると思ったため。
福井,2026/01/05 14:18:22,三重県,男,60代,,500万円以上 600万円未満,夫婦2人,1泊,福井県外には宿泊しない,,1泊,,,,,,,,,自家用車,1,0,0,0,0,0,0,自家用車,0,0,0,0,4,間違えました。。m(_ _)m,,2～5回目,2～5回目,宿でのんびり過ごす温泉や露天風呂,1,1,0,0,0,0,0,0,0,0,0,0,0,0,0,0,0,0,その他,0,0,0,0,0,0,0,0,0,0,0,0,0,0,0,0,0,0,0,0,0,0,0,0,1,,,,"5,000円以上 10,000円未満",,"10,000円以上 20,000円未満",,"3,000円以上 5,000円未満","5,000円以上 10,000円未満",,,,,,,,,,4,4,,,,,,5,また行きたい（1年以内）,,越前そばの里 エリア,,東尋坊,,日本海さかな街,,000000,web,1963,63,,1月,37.越前そばの里 エリア,,
福井,2026/01/05 14:11:57,鹿児島県,女,60代,,400万円以上 500万円未満,自分ひとり,4泊以上,福井県外には宿泊しない,,4泊以上,,,,,,,,,飛行機,0,0,0,0,1,0,0,レンタカー,0,0,0,0,5,,,2～5回目,2～5回目,友人・親戚を尋ねる,0,0,0,0,0,0,0,0,0,0,0,0,0,0,0,1,0,0,Facebook,1,0,0,0,0,0,0,0,0,0,0,0,0,0,0,0,0,0,0,0,0,0,0,0,0,,,,"50,000円以上 100,000円未満",,使わない,,使わない,"50,000円以上 100,000円未満",,,,,,,,,,4,4,,,,,,10,また行きたい（1年以内）,,丸岡城 エリア,,選択なし/該当施設なし,,選択なし/該当施設なし,,000000,web,1964,62,,1月,13.丸岡城 エリア,(一社)DMOさかい観光局,
福井,2026/01/05 13:41:58,京都府,女,60代,,600万円以上 700万円未満,親,4泊以上,福井県外には宿泊しない,,福井県内には宿泊しない,,,,,,,,,自家用車,1,0,0,0,0,0,0,自家用車,0,0,0,0,,,,6～10回目,6～10回目,宿でのんびり過ごす温泉や露天風呂地元の美味しいものを食べる,1,1,1,0,0,0,0,0,0,0,0,0,0,0,0,0,0,0,観光パンフレット・ポスター,0,0,0,0,0,0,0,0,0,0,0,0,0,0,0,0,0,0,0,0,1,0,0,0,0,,,,"20,000円以上 30,000円未満",,使わない,,"3,000円以上 5,000円未満","3,000円以上 5,000円未満",,,,,,,,,,4,4,,,,,,10,また行きたい（1年以内）,,JR美浜駅 エリア,,選択なし/該当施設なし,,選択なし/該当施設なし,,000000,名田庄 エリア,1966,60,,1月,79.JR美浜駅 エリア,三方五湖DMO(株),
福井,2026/01/05 13:35:13,三重県,女,60代,,200万円以上 300万円未満,その他家族,1泊,福井県外には宿泊しない,,1泊,,,,,,,,,自家用車,1,0,0,0,0,0,0,自家用車,0,0,0,0,4,,,初めて,初めて,温泉や露天風呂地元の美味しいものを食べる名所、旧跡の観光,0,1,1,0,1,0,0,0,0,0,0,0,0,0,0,0,0,0,観光展・物産展,0,0,0,0,0,0,0,0,0,0,0,0,0,0,0,0,0,0,0,0,0,0,1,0,0,,,,"20,000円以上 30,000円未満",,"20,000円以上 30,000円未満",,"3,000円以上 5,000円未満","5,000円以上 10,000円未満",,,,,,,,,,4,5,,,,,,7,機会があれば行きたい,,かつやま恐竜の森 エリア,,大本山永平寺,,選択なし/該当施設なし,,000000,かつやま恐竜の森 エリア,1963,63,,1月,25.かつやま恐竜の森 エリア,勝山市観光まちづくり(株),
福井,2026/01/05 13:31:54,愛知県,男,30代,,700万円以上 800万円未満,小学生以下連れの家族,日帰り,福井県外には宿泊しない,,福井県内には宿泊しない,,,,,,,,,自家用車,1,0,0,0,0,0,0,自家用車,0,0,0,0,5,館内を綺麗で、内容も充実だからです。,,2～5回目,2～5回目,テーマパーク（遊園地、動物園、博物館など）買い物、アウトレット,0,0,0,0,0,1,1,0,0,0,0,0,0,0,0,0,0,0,観光展・物産展,0,0,0,0,0,0,0,0,0,0,0,0,0,0,0,0,0,0,0,0,0,0,1,0,0,,,,"10,000円以上 20,000円未満",,"30,000円以上 40,000円未満",,"10,000円以上 20,000円未満","10,000円以上 20,000円未満",,,,,,,,,,5,5,,スタッフ親切で過ごしやすかったです。,,,,10,また行きたい（1年以内）,,かつやま恐竜の森 エリア,,福井県立恐竜博物館,,越前がにミュージアム,,000000,かつやま恐竜の森 エリア,1994,32,,1月,25.かつやま恐竜の森 エリア,勝山市観光まちづくり(株),自然豊かで、とても良い場所です。
福井,2026/01/05 13:30:35,愛知県,女,20代,,600万円以上 700万円未満,小学生以下連れの家族,日帰り,福井県外には宿泊しない,,福井県内には宿泊しない,,,,,,,,,自家用車,1,0,0,0,0,0,0,自家用車,0,0,0,0,5,,,2～5回目,2～5回目,テーマパーク（遊園地、動物園、博物館など）,0,0,0,0,0,1,0,0,0,0,0,0,0,0,0,0,0,0,インターネット・アプリ,0,0,0,0,0,0,0,0,0,0,1,0,0,0,0,0,0,0,0,0,0,0,0,0,0,,,,"30,000円以上 40,000円未満",,"30,000円以上 40,000円未満",,"10,000円以上 20,000円未満","30,000円以上 40,000円未満",,,,,,,,,,5,5,,,,,,10,機会があれば行きたい,,かつやま恐竜の森 エリア,,選択なし/該当施設なし,,選択なし/該当施設なし,,000000,かつやま恐竜の森 エリア,1997,29,,1月,25.かつやま恐竜の森 エリア,勝山市観光まちづくり(株),恐竜の良さ、迫力
福井,2026/01/05 12:49:44,鹿児島県,女,60代,,400万円以上 500万円未満,自分ひとり,4泊以上,福井県外には宿泊しない,,4泊以上,,,,,,,,,在来線飛行機,0,0,0,1,1,0,0,レンタカー,0,0,0,0,5,移動の自由がきくから,,11回目以上,11回目以上,友人・親戚を尋ねる,0,0,0,0,0,0,0,0,0,0,0,0,0,0,0,1,0,0,インターネット・アプリFacebook,1,0,0,0,0,0,0,0,0,0,1,0,0,0,0,0,0,0,0,0,0,0,0,0,0,,,,"50,000円以上 100,000円未満",,使わない,,"1,000円以上 3,000円未満","50,000円以上 100,000円未満",,,,,,,,,,4,4,,,,,,10,また行きたい（1年以内）,,JR芦原温泉駅 エリア,,選択なし/該当施設なし,,丸岡城,,000000,web,1964,62,,1月,16.JR芦原温泉駅 エリア,,
福井,2026/01/05 12:43:55,兵庫県,男,30代,,700万円以上 800万円未満,小学生以下連れの家族,2泊,福井県外には宿泊しない,,2泊,,,,,,,,,自家用車,1,0,0,0,0,0,0,自家用車,0,0,0,0,,,,初めて,初めて,地元の美味しいものを食べる名所、旧跡の観光テーマパーク（遊園地、動物園、博物館など）まちあるき、都市散策各種体験（手作り、果物狩りなど）,0,0,1,0,1,1,0,0,0,0,1,1,0,0,0,0,0,0,インターネット・アプリInstagramブログ,0,0,0,1,0,0,0,0,1,0,1,0,0,0,0,0,0,0,0,0,0,0,0,0,0,,,,"30,000円以上 40,000円未満",,"20,000円以上 30,000円未満",,"1,000円以上 3,000円未満","50,000円以上 100,000円未満",,,,,,,,,,5,5,,,,,,10,また行きたい（1年以内）,,はたや記念館 ゆめおーれ勝山 エリア,,福井県立恐竜博物館,,選択なし/該当施設なし,,000000,はたや記念館 ゆめおーれ勝山 エリア,1988,38,,1月,30.はたや記念館 ゆめおーれ勝山 エリア,勝山市観光まちづくり(株),
福井,2026/01/05 12:30:09,福井県,男,60代,,400万円以上 500万円未満,自分ひとり,日帰り,福井県外には宿泊しない,,1泊,,,,,,,,,自家用車,1,0,0,0,0,0,0,自家用車,0,0,0,0,4,,,2～5回目,2～5回目,友人・親戚を尋ねる,0,0,0,0,0,0,0,0,0,0,0,0,0,0,0,1,0,0,インターネット・アプリ,0,0,0,0,0,0,0,0,0,0,1,0,0,0,0,0,0,0,0,0,0,0,0,0,0,,,,"20,000円以上 30,000円未満",,"10,000円以上 20,000円未満",,"1,000円以上 3,000円未満","10,000円以上 20,000円未満",,,,,,,,,,4,4,,,,,,7,また行きたい（1年以内）,,ふくい鮮いちば エリア,,北の庄城址・柴田公園,,選択なし/該当施設なし,,000000,ふくい鮮いちば エリア,1959,67,,1月,05.ふくい鮮いちば エリア,,
福井,2026/01/05 11:58:05,京都府,男,60代,,800万円以上 900万円未満,中学生以上連れの家族,日帰り,福井県外には宿泊しない,,福井県内には宿泊しない,,,,,,,,,自家用車,1,0,0,0,0,0,0,自家用車,0,0,0,0,,,,11回目以上,11回目以上,地元の美味しいものを食べる,0,0,1,0,0,0,0,0,0,0,0,0,0,0,0,0,0,0,インターネット・アプリ,0,0,0,0,0,0,0,0,0,0,1,0,0,0,0,0,0,0,0,0,0,0,0,0,0,,,,"1,000円未満",,使わない,,"20,000円以上 30,000円未満","5,000円以上 10,000円未満",,,,,,,,,,5,5,,,,,,10,また行きたい（1年以内）,,日本海さかな街 エリア,,選択なし/該当施設なし,,選択なし/該当施設なし,,000000,越前そばの里 エリア,1966,60,,1月,61.日本海さかな街 エリア,,
福井,2026/01/05 11:37:55,福井県,男,40代,,500万円以上 600万円未満,恋人,日帰り,福井県外には宿泊しない,,福井県内には宿泊しない,,,,,,,,,自家用車,1,0,0,0,0,0,0,自家用車,0,0,0,0,5,,,2～5回目,2～5回目,買い物、アウトレット,0,0,0,0,0,0,1,0,0,0,0,0,0,0,0,0,0,0,友人・知人,0,0,0,0,0,0,0,0,0,0,0,0,0,0,0,0,0,0,1,0,0,0,0,0,0,,,,"1,000円以上 3,000円未満",,"10,000円以上 20,000円未満",,"3,000円以上 5,000円未満","10,000円以上 20,000円未満",,,,,,,,,,5,5,,,,,,10,福井県在住,,ふくい鮮いちば エリア,,選択なし/該当施設なし,,選択なし/該当施設なし,,000000,ふくい鮮いちば エリア,1979,47,,1月,05.ふくい鮮いちば エリア,,
福井,2026/01/05 11:05:26,愛知県,男,20代,,200万円以上 300万円未満,友人,日帰り,石川県白山市,,福井県内には宿泊しない,,,,,,,,,自家用車,1,0,0,0,0,0,0,自家用車,0,0,0,0,,,,初めて,初めて,友人・親戚を尋ねる,0,0,0,0,0,0,0,0,0,0,0,0,0,0,0,1,0,0,友人・知人,0,0,0,0,0,0,0,0,0,0,0,0,0,0,0,0,0,0,1,0,0,0,0,0,0,,,,"1,000円以上 3,000円未満",,使わない,,"1,000円未満","1,000円以上 3,000円未満",,,,,,,,,,5,5,,新しい施設でゆっくりと過ごすことができたため。友人との待ち時間が一時間ほどあったため、その間に竹田のことをもっと知りたいと思った。地元の歴史や特産などを示すパネル展示があるといいなと思った。,,,,9,また行きたい（1年以内）,,竹田エリア,,選択なし/該当施設なし,,選択なし/該当施設なし,,000000,竹田エリア,1998,28,,1月,91.竹田エリア,(一社)DMOさかい観光局,都会にはない豊かな自然や、珍しい積雪の中のドライブを進めたい。積雪の運転は慣れがいるが、珍しい景色の中でのドライブは良い気分転換になると思うため。
福井,2026/01/05 11:00:40,石川県,男,20代,,100万円未満,友人,4泊以上,白山市,,福井県内には宿泊しない,,,,,,,,,自家用車,1,0,0,0,0,0,0,自家用車,0,0,0,0,,,,2～5回目,2～5回目,その他,0,0,0,0,0,0,0,0,0,0,0,0,0,0,0,0,0,1,その他,0,0,0,0,0,0,0,0,0,0,0,0,0,0,0,0,0,0,0,0,0,0,0,0,1,,,,"1,000円以上 3,000円未満",,使わない,,"1,000円以上 3,000円未満","1,000円以上 3,000円未満",,,,,,,,,,5,5,,ちくぼんが綺麗で使いやすくてよかったです。,,,,9,また行きたい（1年以内）,,竹田エリア,,選択なし/該当施設なし,,山代温泉（石川県）,,000000,竹田エリア,2002,24,,1月,91.竹田エリア,(一社)DMOさかい観光局,
福井,2026/01/05 08:44:33,岐阜県,男,60代,,300万円以上 400万円未満,夫婦2人,1泊,福井県外には宿泊しない,,1泊,,,,,,,,,自家用車,1,0,0,0,0,0,0,自家用車,0,0,0,0,,,,2～5回目,2～5回目,温泉や露天風呂地元の美味しいものを食べる,0,1,1,0,0,0,0,0,0,0,0,0,0,0,0,0,0,0,新聞・雑誌・ガイドブック,0,0,0,0,0,0,0,0,0,0,0,0,0,0,0,0,1,0,0,0,0,0,0,0,0,,,,"5,000円以上 10,000円未満",,"10,000円以上 20,000円未満",,"3,000円以上 5,000円未満","5,000円以上 10,000円未満",,,,,,,,,,4,4,,トイレが綺麗で手洗いの水道からお湯が出てきたのが配慮が良いです。駐車場が無料なのでありがたいのです。,,,,7,また行きたい（1年以内）,,北陸新幹線 越前たけふ駅 エリア,,選択なし/該当施設なし,,選択なし/該当施設なし,,000000,若狭海遊バザール 千鳥苑 エリア,1965,61,,1月,38.北陸新幹線 越前たけふ駅 エリア,,お正月の時期は、雪の心配があるので冬タイヤやチェーンの準備して出かけないと大変な事になるのでそれだけは必ず準備を怠らなければ楽しく旅行できます。
福井,2026/01/06 20:56:05,長野県,男,50代,,800万円以上 900万円未満,自分ひとり,4泊以上,鳥取県,,福井県内には宿泊しない,,,,,,,,,自家用車,1,0,0,0,0,0,0,自家用車,0,0,0,0,,,,初めて,初めて,その他,0,0,0,0,0,0,0,0,0,0,0,0,0,0,0,0,0,1,その他,0,0,0,0,0,0,0,0,0,0,0,0,0,0,0,0,0,0,0,0,0,0,0,0,1,,,,"20,000円以上 30,000円未満",,使わない,,使わない,"1,000円以上 3,000円未満",,,,,,,,,,3,3,,,,,,5,機会があれば行きたい,,道の駅「越前おおの荒島の郷」 エリア,,選択なし/該当施設なし,,選択なし/該当施設なし,,000000,web,1973,53,,1月,22.道の駅「越前おおの荒島の郷」 エリア,,
福井,2026/01/06 18:10:40,三重県,女,20代,,100万円以上 200万円未満,親,日帰り,福井県外には宿泊しない,,4泊以上,,,,,,,,,県外から訪れていない（福井県在住）,0,0,0,0,0,0,1,自家用車,0,0,0,0,3,,,11回目以上,11回目以上,地元の美味しいものを食べる,0,0,1,0,0,0,0,0,0,0,0,0,0,0,0,0,0,0,友人・知人,0,0,0,0,0,0,0,0,0,0,0,0,0,0,0,0,0,0,1,0,0,0,0,0,0,,,,"1,000円未満",,使わない,,"3,000円以上 5,000円未満","3,000円以上 5,000円未満",,,,,,,,,,5,5,,,,,,10,福井県在住,,越前そばの里 エリア,,選択なし/該当施設なし,,選択なし/該当施設なし,,000000,越前そばの里 エリア,1998,28,,1月,37.越前そばの里 エリア,,ソースカツ丼！！！ここのが一番おいしいから
福井,2026/01/06 16:43:47,福井県,女,60代,,500万円以上 600万円未満,自分ひとり,日帰り,石川県加賀市,,福井県内には宿泊しない,,,,,,,,,自家用車県外から訪れていない（福井県在住）,1,0,0,0,0,0,1,自家用車,0,0,0,0,,,,2～5回目,2～5回目,宿でのんびり過ごす,1,0,0,0,0,0,0,0,0,0,0,0,0,0,0,0,0,0,観光パンフレット・ポスター観光連盟やDMOのHP,0,0,0,0,0,0,0,0,0,0,0,0,0,0,0,0,0,0,0,0,1,0,0,1,0,,,,"3,000円以上 5,000円未満",,"30,000円以上 40,000円未満",,"1,000円以上 3,000円未満","30,000円以上 40,000円未満",,,,,,,,,,2,5,,ルポの森の料金が高すぎるルポの森のお風呂のお湯が少ないルポの森旧館がカビ臭かった,,,,5,,,一乗谷朝倉氏遺跡 エリア,,選択なし/該当施設なし,,選択なし/該当施設なし,,000000,一乗谷朝倉氏遺跡 エリア,1960,66,,1月,06.一乗谷朝倉氏遺跡 エリア,,
福井,2026/01/06 16:34:06,岐阜県,男,40代,,分からない/無回答,その他家族,日帰り,福井県外には宿泊しない,,福井県内には宿泊しない,,,,,,,,,自家用車,1,0,0,0,0,0,0,在来線路線バス,0,1,0,0,3,バスが少ない,,2～5回目,2～5回目,名所、旧跡の観光,0,0,0,0,1,0,0,0,0,0,0,0,0,0,0,0,0,0,インターネット・アプリ,0,0,0,0,0,0,0,0,0,0,1,0,0,0,0,0,0,0,0,0,0,0,0,0,0,,,,使わない,,使わない,,"1,000円以上 3,000円未満",使わない,,,,,,,,,,4,4,,,,,,7,また行きたい（1年以内）,,大本山 永平寺 エリア,,選択なし/該当施設なし,,選択なし/該当施設なし,,000000,ふくい鮮いちば エリア,1985,41,,1月,34.大本山 永平寺 エリア,,
福井,2026/01/06 16:26:37,千葉県,男,60代,,400万円以上 500万円未満,恋人,2泊,福井県外には宿泊しない,,2泊,,,,,,,,,新幹線,0,0,1,0,0,0,0,レンタカー,0,0,0,0,4,雪が無かったので走りやすかった,,初めて,初めて,温泉や露天風呂テーマパーク（遊園地、動物園、博物館など）,0,1,0,0,0,1,0,0,0,0,0,0,0,0,0,0,0,0,新聞・雑誌・ガイドブック,0,0,0,0,0,0,0,0,0,0,0,0,0,0,0,0,1,0,0,0,0,0,0,0,0,,,,"30,000円以上 40,000円未満",,"30,000円以上 40,000円未満",,"1,000円以上 3,000円未満","3,000円以上 5,000円未満",,,,,,,,,,4,3,,,,,,10,また行きたい（1年以内）,,かつやま恐竜の森 エリア,,福井駅,,平泉寺白山神社,,000000,かつやま恐竜の森 エリア,1965,61,,1月,25.かつやま恐竜の森 エリア,勝山市観光まちづくり(株),
福井,2026/01/06 16:13:53,大阪府,女,40代,,400万円以上 500万円未満,小学生以下連れの家族,1泊,福井県外には宿泊しない,,1泊,,,,,,,,,新幹線,0,0,1,0,0,0,0,自家用車在来線,0,0,0,0,4,,,2～5回目,2～5回目,宿でのんびり過ごす温泉や露天風呂地元の美味しいものを食べるその他,1,1,1,0,0,0,0,0,0,0,0,0,0,0,0,0,0,1,インターネット・アプリ,0,0,0,0,0,0,0,0,0,0,1,0,0,0,0,0,0,0,0,0,0,0,0,0,0,,,,"20,000円以上 30,000円未満",,"50,000円以上 100,000円未満",,"3,000円以上 5,000円未満","10,000円以上 20,000円未満",,,,,,,,,,5,3,,とてもきれいで子育て世代にもやさしい感じがした。やさしい気分になった。,,,,9,機会があれば行きたい,,福井駅前 エリア,,選択なし/該当施設なし,,あわら温泉街,,000000,福井駅前 エリア,1985,41,,1月,01.福井駅前 エリア,,駅前がおしゃれで便利
福井,2026/01/06 16:07:26,岐阜県,男,40代,,分からない/無回答,その他家族,日帰り,福井県外には宿泊しない,,福井県内には宿泊しない,,,,,,,,,自家用車,1,0,0,0,0,0,0,自家用車,0,0,0,0,5,,,初めて,初めて,温泉や露天風呂地元の美味しいものを食べる名所、旧跡の観光,0,1,1,0,1,0,0,0,0,0,0,0,0,0,0,0,0,0,インターネット・アプリ,0,0,0,0,0,0,0,0,0,0,1,0,0,0,0,0,0,0,0,0,0,0,0,0,0,,,,使わない,,使わない,,"1,000円以上 3,000円未満",使わない,,,,,,,,,,5,5,,,,,,8,また行きたい（1年以内）,,ふくい鮮いちば エリア,,選択なし/該当施設なし,,大本山永平寺,,000000,ふくい鮮いちば エリア,1985,41,,1月,05.ふくい鮮いちば エリア,,
福井,2026/01/06 14:08:28,福井県,男,60代,,100万円未満,夫婦2人,日帰り,福井県外には宿泊しない,,福井県内には宿泊しない,,,,,,,,,自家用車,1,0,0,0,0,0,0,自家用車,0,0,0,0,,,,11回目以上,11回目以上,買い物、アウトレット,0,0,0,0,0,0,1,0,0,0,0,0,0,0,0,0,0,0,友人・知人,0,0,0,0,0,0,0,0,0,0,0,0,0,0,0,0,0,0,1,0,0,0,0,0,0,,,,"1,000円未満",,使わない,,"1,000円以上 3,000円未満","1,000円以上 3,000円未満",,,,,,,,,,2,2,,,,,,5,,,うみんぴあ大飯 エリア,,選択なし/該当施設なし,,選択なし/該当施設なし,,000000,web,1963,63,,1月,84.うみんぴあ大飯 エリア,,
福井,2026/01/06 13:52:34,鹿児島県,女,60代,,400万円以上 500万円未満,自分ひとり,4泊以上,福井県外には宿泊しない,,4泊以上,,,,,,,,,飛行機,0,0,0,0,1,0,0,レンタカー,0,0,0,0,5,電車やバスなどの公共交通機関では、とてもまわれない,,初めて,初めて,友人・親戚を尋ねる,0,0,0,0,0,0,0,0,0,0,0,0,0,0,0,1,0,0,Facebook,1,0,0,0,0,0,0,0,0,0,0,0,0,0,0,0,0,0,0,0,0,0,0,0,0,,,,"50,000円以上 100,000円未満",,使わない,,使わない,"50,000円以上 100,000円未満",,,,,,,,,,4,4,,,,,,10,また行きたい（1年以内）,,花の駅 ゆりの里公園 エリア,,あわら温泉「芦湯」,,選択なし/該当施設なし,,000000,web,1964,62,,1月,14.花の駅 ゆりの里公園 エリア,(一社)DMOさかい観光局,
福井,2026/01/06 13:24:00,鹿児島県,女,60代,,400万円以上 500万円未満,自分ひとり,4泊以上,福井県外には宿泊しない,,4泊以上,,,,,,,,,飛行機,0,0,0,0,1,0,0,レンタカー,0,0,0,0,5,移動の便がいい,,初めて,初めて,友人・親戚を尋ねる,0,0,0,0,0,0,0,0,0,0,0,0,0,0,0,1,0,0,Facebook,1,0,0,0,0,0,0,0,0,0,0,0,0,0,0,0,0,0,0,0,0,0,0,0,0,,,,"50,000円以上 100,000円未満",,使わない,,使わない,"50,000円以上 100,000円未満",,,,,,,,,,5,4,,,,,,10,また行きたい（1年以内）,,あわら湯のまち エリア,,金津創作の森,ゆりの里公園,選択なし/該当施設なし,,000000,web,1964,62,,1月,17.あわら湯のまち エリア,,
福井,2026/01/06 12:58:59,鹿児島県,女,60代,,400万円以上 500万円未満,自分ひとり,4泊以上,福井県外には宿泊しない,,4泊以上,,,,,,,,,飛行機,0,0,0,0,1,0,0,レンタカー,0,0,0,0,5,,,初めて,初めて,友人・親戚を尋ねる,0,0,0,0,0,0,0,0,0,0,0,0,0,0,0,1,0,0,Facebook,1,0,0,0,0,0,0,0,0,0,0,0,0,0,0,0,0,0,0,0,0,0,0,0,0,,,,"50,000円以上 100,000円未満",,使わない,,"1,000円未満","50,000円以上 100,000円未満",,,,,,,,,,4,4,,,,,,10,また行きたい（1年以内）,,フルーツライン エリア,,選択なし/該当施設なし,,選択なし/該当施設なし,,000000,web,1964,62,,1月,18.フルーツライン エリア,,
福井,2026/01/06 12:26:56,三重県,女,50代,,200万円以上 300万円未満,小学生以下連れの家族,日帰り,福井県外には宿泊しない,,福井県内には宿泊しない,,,,,,,,,新幹線在来線,0,0,1,1,0,0,0,在来線路線バス,0,1,0,0,4,アクセスが良かった乗り継ぎがスムーズわかりやすい,,初めて,初めて,その他,0,0,0,0,0,0,0,0,0,0,0,0,0,0,0,0,0,1,その他,0,0,0,0,0,0,0,0,0,0,0,0,0,0,0,0,0,0,0,0,0,0,0,0,1,,,,"10,000円以上 20,000円未満",,使わない,,"10,000円以上 20,000円未満","10,000円以上 20,000円未満",,,,,,,,,,4,4,,,,,,8,機会があれば行きたい,,かつやま恐竜の森 エリア,,福井県立恐竜博物館,,選択なし/該当施設なし,,000000,かつやま恐竜の森 エリア,1971,55,,1月,25.かつやま恐竜の森 エリア,勝山市観光まちづくり(株),
福井,2026/01/06 12:22:06,福井県,男,40代,,400万円以上 500万円未満,自分ひとり,日帰り,福井県外には宿泊しない,,福井県内には宿泊しない,,,,,,,,,県外から訪れていない（福井県在住）,0,0,0,0,0,0,1,自家用車,0,0,0,0,,,,11回目以上,11回目以上,その他,0,0,0,0,0,0,0,0,0,0,0,0,0,0,0,0,0,1,その他,0,0,0,0,0,0,0,0,0,0,0,0,0,0,0,0,0,0,0,0,0,0,0,0,1,,,,使わない,,使わない,,"1,000円以上 3,000円未満",使わない,,,,,,,,,,4,4,,,,,,8,福井県在住,,ふくい鮮いちば エリア,,選択なし/該当施設なし,,選択なし/該当施設なし,,000000,ふくい鮮いちば エリア,1977,49,,1月,05.ふくい鮮いちば エリア,,
福井,2026/01/06 12:05:12,福井県,男,30代,,500万円以上 600万円未満,親,日帰り,福井県外には宿泊しない,,4泊以上,,,,,,,,,県外から訪れていない（福井県在住）,0,0,0,0,0,0,1,自家用車,0,0,0,0,,,,6～10回目,6～10回目,ドライブ・ツーリング,0,0,0,0,0,0,0,0,0,0,0,0,0,0,1,0,0,0,新聞・雑誌・ガイドブック,0,0,0,0,0,0,0,0,0,0,0,0,0,0,0,0,1,0,0,0,0,0,0,0,0,,,,使わない,,使わない,,"1,000円以上 3,000円未満","1,000円以上 3,000円未満",,,,,,,,,,3,3,,,,,,7,,,越前そばの里 エリア,,選択なし/該当施設なし,,選択なし/該当施設なし,,000000,越前そばの里 エリア,1995,31,,1月,37.越前そばの里 エリア,,
福井,2026/01/06 12:03:44,三重県,男,10代,,400万円以上 500万円未満,小学生以下連れの家族,日帰り,三重県,,福井県内には宿泊しない,,,,,,,,,新幹線在来線,0,0,1,1,0,0,0,路線バス,0,1,0,0,3,,,初めて,初めて,テーマパーク（遊園地、動物園、博物館など）,0,0,0,0,0,1,0,0,0,0,0,0,0,0,0,0,0,0,観光連盟やDMOのHPインターネット・アプリ友人・知人,0,0,0,0,0,0,0,0,0,0,1,0,0,0,0,0,0,0,1,0,0,0,0,1,0,,,,"10,000円以上 20,000円未満",,"5,000円以上 10,000円未満",,"3,000円以上 5,000円未満","20,000円以上 30,000円未満",,,,,,,,,,4,4,,,,,,6,機会があれば行きたい,,かつやま恐竜の森 エリア,,選択なし/該当施設なし,,選択なし/該当施設なし,,000000,かつやま恐竜の森 エリア,2016,10,,1月,25.かつやま恐竜の森 エリア,勝山市観光まちづくり(株),
福井,2026/01/06 11:45:57,福井県,男,50代,,"900万円以上 1,000万円未満",その他家族,日帰り,福井県外には宿泊しない,,福井県内には宿泊しない,,,,,,,,,自家用車,1,0,0,0,0,0,0,自家用車,0,0,0,0,3,,,11回目以上,11回目以上,ドライブ・ツーリング,0,0,0,0,0,0,0,0,0,0,0,0,0,0,1,0,0,0,Instagram,0,0,0,1,0,0,0,0,0,0,0,0,0,0,0,0,0,0,0,0,0,0,0,0,0,,,,"3,000円以上 5,000円未満",,"3,000円以上 5,000円未満",,"3,000円以上 5,000円未満","3,000円以上 5,000円未満",,,,,,,,,,4,4,,,,,,8,,,北陸新幹線 越前たけふ駅 エリア,,選択なし/該当施設なし,,選択なし/該当施設なし,,000000,金ヶ崎 エリア,1968,58,,1月,38.北陸新幹線 越前たけふ駅 エリア,,
福井,2026/01/06 09:06:33,福井県,男,60代,,500万円以上 600万円未満,夫婦2人,日帰り,福井県外には宿泊しない,,福井県内には宿泊しない,,,,,,,,,自家用車,1,0,0,0,0,0,0,自家用車,0,0,0,0,4,,,2～5回目,2～5回目,地元の美味しいものを食べる,0,0,1,0,0,0,0,0,0,0,0,0,0,0,0,0,0,0,観光パンフレット・ポスターインターネット・アプリ,0,0,0,0,0,0,0,0,0,0,1,0,0,0,0,0,0,0,0,0,1,0,0,0,0,,,,"1,000円以上 3,000円未満",,"5,000円以上 10,000円未満",,"1,000円以上 3,000円未満","3,000円以上 5,000円未満",,,,,,,,,,4,4,,,,,,8,,,道の駅「越前おおの荒島の郷」 エリア,,選択なし/該当施設なし,,選択なし/該当施設なし,,000000,web,1962,64,,1月,22.道の駅「越前おおの荒島の郷」 エリア,,
福井,2026/01/07 23:23:08,滋賀県,女,40代,,200万円以上 300万円未満,親,日帰り,福井県外には宿泊しない,,福井県内には宿泊しない,,,,,,,,,自家用車,1,0,0,0,0,0,0,自家用車,0,0,0,0,,,,2～5回目,2～5回目,ドライブ・ツーリング,0,0,0,0,0,0,0,0,0,0,0,0,0,0,1,0,0,0,インターネット・アプリ,0,0,0,0,0,0,0,0,0,0,1,0,0,0,0,0,0,0,0,0,0,0,0,0,0,,,,"3,000円以上 5,000円未満",,使わない,,"3,000円以上 5,000円未満","3,000円以上 5,000円未満",,,,,,,,,,4,4,,,,,,6,,,道の駅「若狭おばま」 エリア,,選択なし/該当施設なし,,選択なし/該当施設なし,,000000,道の駅「若狭おばま」 エリア,1983,43,,1月,68.道の駅「若狭おばま」 エリア,(株)まちづくり小浜,
福井,2026/01/07 23:22:33,滋賀県,女,40代,,200万円以上 300万円未満,親,日帰り,福井県外には宿泊しない,,福井県内には宿泊しない,,,,,,,,,自家用車,1,0,0,0,0,0,0,自家用車,0,0,0,0,,,,2～5回目,2～5回目,ドライブ・ツーリング,0,0,0,0,0,0,0,0,0,0,0,0,0,0,1,0,0,0,インターネット・アプリ,0,0,0,0,0,0,0,0,0,0,1,0,0,0,0,0,0,0,0,0,0,0,0,0,0,,,,"3,000円以上 5,000円未満",,使わない,,"3,000円以上 5,000円未満","3,000円以上 5,000円未満",,,,,,,,,,4,4,,,,,,6,,,道の駅「恐竜渓谷かつやま」 エリア,,選択なし/該当施設なし,,選択なし/該当施設なし,,000000,道の駅「若狭おばま」 エリア,1983,43,,1月,26.道の駅「恐竜渓谷かつやま」 エリア,勝山市観光まちづくり(株),
福井,2026/01/07 23:20:55,滋賀県,女,40代,,200万円以上 300万円未満,親,日帰り,福井県外には宿泊しない,,福井県内には宿泊しない,,,,,,,,,自家用車,1,0,0,0,0,0,0,自家用車,0,0,0,0,,,,2～5回目,2～5回目,地元の美味しいものを食べる名所、旧跡の観光ドライブ・ツーリング,0,0,1,0,1,0,0,0,0,0,0,0,0,0,1,0,0,0,新聞・雑誌・ガイドブックインターネット・アプリ,0,0,0,0,0,0,0,0,0,0,1,0,0,0,0,0,1,0,0,0,0,0,0,0,0,,,,"3,000円以上 5,000円未満",,使わない,,"1,000円以上 3,000円未満","3,000円以上 5,000円未満",,,,,,,,,,4,4,,,,,,6,,,越前大仏 エリア,,選択なし/該当施設なし,,選択なし/該当施設なし,,000000,道の駅「若狭おばま」 エリア,1983,43,,1月,28.越前大仏 エリア,勝山市観光まちづくり(株),
福井,2026/01/07 20:33:05,福井県,女,60代,,200万円以上 300万円未満,夫婦2人,日帰り,福井県外には宿泊しない,,福井県内には宿泊しない,,,,,,,,,自家用車,1,0,0,0,0,0,0,自家用車,0,0,0,0,4,,,6～10回目,6～10回目,温泉や露天風呂,0,1,0,0,0,0,0,0,0,0,0,0,0,0,0,0,0,0,観光展・物産展,0,0,0,0,0,0,0,0,0,0,0,0,0,0,0,0,0,0,0,0,0,0,1,0,0,,,,"1,000円未満",,使わない,,"3,000円以上 5,000円未満","3,000円以上 5,000円未満",,,,,,,,,,4,4,,,,,,5,また行きたい（1年以内）,,道の駅「越前おおの荒島の郷」 エリア,,丸岡城,,選択なし/該当施設なし,,000000,越前そばの里 エリア,1965,61,,1月,22.道の駅「越前おおの荒島の郷」 エリア,,
福井,2026/01/07 18:59:24,富山県,男,50代,,"1,000万円以上 1,200万円未満",自分ひとり,日帰り,福井県外には宿泊しない,,福井県内には宿泊しない,,,,,,,,,新幹線,0,0,1,0,0,0,0,在来線,0,0,0,0,3,,,6～10回目,6～10回目,出張など仕事関係,0,0,0,0,0,0,0,0,0,0,0,0,0,0,0,0,1,0,インターネット・アプリ,0,0,0,0,0,0,0,0,0,0,1,0,0,0,0,0,0,0,0,0,0,0,0,0,0,,,,"1,000円以上 3,000円未満",,"1,000円以上 3,000円未満",,"1,000円未満","1,000円以上 3,000円未満",,,,,,,,,,3,3,,,,,,6,どちらともいえない,,JR芦原温泉駅 エリア,,選択なし/該当施設なし,,選択なし/該当施設なし,,000000,web,1969,57,,1月,16.JR芦原温泉駅 エリア,,
福井,2026/01/07 18:49:31,福井県,男,60代,,300万円以上 400万円未満,夫婦2人,日帰り,福井県外には宿泊しない,,福井県内には宿泊しない,,,,,,,,,自家用車,1,0,0,0,0,0,0,自家用車,0,0,0,0,5,,,初めて,初めて,ドライブ・ツーリング,0,0,0,0,0,0,0,0,0,0,0,0,0,0,1,0,0,0,インターネット・アプリ,0,0,0,0,0,0,0,0,0,0,1,0,0,0,0,0,0,0,0,0,0,0,0,0,0,,,,使わない,,使わない,,"5,000円以上 10,000円未満","3,000円以上 5,000円未満",,,,,,,,,,5,5,,,,,,9,また行きたい（1年以内）,,かつやま恐竜の森 エリア,,選択なし/該当施設なし,,選択なし/該当施設なし,,000000,かつやま恐竜の森 エリア,1962,64,,1月,25.かつやま恐竜の森 エリア,勝山市観光まちづくり(株),素晴らしいと思う。
福井,2026/01/07 16:43:32,愛知県,男,60代,,分からない/無回答,自分ひとり,1泊,福井県外には宿泊しない,,1泊,,,,,,,,,自家用車,1,0,0,0,0,0,0,自家用車,0,0,0,0,5,,,11回目以上,11回目以上,出張など仕事関係,0,0,0,0,0,0,0,0,0,0,0,0,0,0,0,0,1,0,TV・ラジオ番組やCM,0,0,0,0,0,0,0,0,0,0,0,0,0,0,1,0,0,0,0,0,0,0,0,0,0,,,,"10,000円以上 20,000円未満",,"10,000円以上 20,000円未満",,"1,000円以上 3,000円未満","10,000円以上 20,000円未満",,,,,,,,,,5,5,,,,,,10,また行きたい（1年以内）,,越前そばの里 エリア,,選択なし/該当施設なし,,選択なし/該当施設なし,,000000,越前そばの里 エリア,1962,64,,1月,37.越前そばの里 エリア,,
福井,2026/01/07 15:33:02,三重県,女,60代,,600万円以上 700万円未満,夫婦2人,日帰り,福井県外には宿泊しない,,福井県内には宿泊しない,,,,,,,,,自家用車,1,0,0,0,0,0,0,自家用車,0,0,0,0,,,,初めて,初めて,地元の美味しいものを食べる,0,0,1,0,0,0,0,0,0,0,0,0,0,0,0,0,0,0,観光パンフレット・ポスター観光協会等の案内所,0,0,0,0,0,0,0,0,0,0,0,0,0,0,0,0,0,0,0,0,1,1,0,0,0,,,,使わない,,使わない,,"3,000円以上 5,000円未満","10,000円以上 20,000円未満",,,,,,,,,,3,3,,,,,,5,また行きたい（1年以内）,,熊川宿 エリア,,選択なし/該当施設なし,小谷城跡,選択なし/該当施設なし,,000000,熊川宿 エリア,1960,66,,1月,81.熊川宿 エリア,三方五湖DMO(株),
福井,2026/01/07 13:15:15,福井県,男,30代,,700万円以上 800万円未満,自分ひとり,日帰り,福井県外には宿泊しない,,福井県内には宿泊しない,,,,,,,,,自家用車,1,0,0,0,0,0,0,自家用車,0,0,0,0,,,,11回目以上,11回目以上,地元の美味しいものを食べる花見や紅葉などの自然鑑賞,0,0,1,1,0,0,0,0,0,0,0,0,0,0,0,0,0,0,友人・知人,0,0,0,0,0,0,0,0,0,0,0,0,0,0,0,0,0,0,1,0,0,0,0,0,0,,,,"1,000円以上 3,000円未満",,"1,000円以上 3,000円未満",,"1,000円以上 3,000円未満","1,000円以上 3,000円未満",,,,,,,,,,5,5,,,,,,10,,,越前そばの里 エリア,,選択なし/該当施設なし,,選択なし/該当施設なし,,000000,web,1991,35,,1月,37.越前そばの里 エリア,,
福井,2026/01/07 12:25:53,福井県,男,50代,,600万円以上 700万円未満,自分ひとり,日帰り,福井県外には宿泊しない,,福井県内には宿泊しない,,,,,,,,,県外から訪れていない（福井県在住）,0,0,0,0,0,0,1,自家用車,0,0,0,0,,,,6～10回目,6～10回目,ドライブ・ツーリング,0,0,0,0,0,0,0,0,0,0,0,0,0,0,1,0,0,0,観光パンフレット・ポスター,0,0,0,0,0,0,0,0,0,0,0,0,0,0,0,0,0,0,0,0,1,0,0,0,0,,,,"1,000円未満",,使わない,,使わない,"1,000円以上 3,000円未満",,,,,,,,,,4,3,,,,,,6,,,北陸新幹線 越前たけふ駅 エリア,,選択なし/該当施設なし,,選択なし/該当施設なし,,000000,道の駅「若狭おばま」,1968,58,,1月,38.北陸新幹線 越前たけふ駅 エリア,,
福井,2026/01/07 12:07:13,福井県,女,30代,,300万円以上 400万円未満,夫婦2人,日帰り,京都府,,福井県内には宿泊しない,,,,,,,,,自家用車,1,0,0,0,0,0,0,自家用車,0,0,0,0,4,,,11回目以上,11回目以上,テーマパーク（遊園地、動物園、博物館など）,0,0,0,0,0,1,0,0,0,0,0,0,0,0,0,0,0,0,観光パンフレット・ポスターインターネット・アプリ友人・知人,0,0,0,0,0,0,0,0,0,0,1,0,0,0,0,0,0,0,1,0,1,0,0,0,0,,,,"3,000円以上 5,000円未満",,"10,000円以上 20,000円未満",,"3,000円以上 5,000円未満","1,000円以上 3,000円未満",,,,,,,,,,4,4,,,,,,6,また行きたい（1年以内）,,花の駅 ゆりの里公園 エリア,,瀧谷寺,,岡太神社・大瀧神社,,000000,花の駅 ゆりの里公園 エリア,1990,36,,1月,14.花の駅 ゆりの里公園 エリア,(一社)DMOさかい観光局,
福井,2026/01/07 11:52:15,福井県,女,60代,,分からない/無回答,親,日帰り,福井県外には宿泊しない,,福井県内には宿泊しない,,,,,,,,,自家用車,1,0,0,0,0,0,0,自家用車,0,0,0,0,,,,11回目以上,11回目以上,地元の美味しいものを食べる,0,0,1,0,0,0,0,0,0,0,0,0,0,0,0,0,0,0,その他,0,0,0,0,0,0,0,0,0,0,0,0,0,0,0,0,0,0,0,0,0,0,0,0,1,,,,"1,000円未満",,"1,000円以上 3,000円未満",,"1,000円以上 3,000円未満","1,000円以上 3,000円未満",,,,,,,,,,5,5,,,,,,10,福井県在住,,越前そばの里 エリア,,選択なし/該当施設なし,,選択なし/該当施設なし,,000000,JR九頭竜湖駅 エリア,1959,67,,1月,37.越前そばの里 エリア,,
福井,2026/01/07 11:41:48,石川県,女,30代,,"1,500万円以上",小学生以下連れの家族,2泊,京都府,,福井県内には宿泊しない,,,,,,,,,自家用車,1,0,0,0,0,0,0,自家用車,0,0,0,0,,,,初めて,初めて,友人・親戚を尋ねる,0,0,0,0,0,0,0,0,0,0,0,0,0,0,0,1,0,0,インターネット・アプリ,0,0,0,0,0,0,0,0,0,0,1,0,0,0,0,0,0,0,0,0,0,0,0,0,0,,,,"3,000円以上 5,000円未満",,"1,000円以上 3,000円未満",,"1,000円以上 3,000円未満","1,000円以上 3,000円未満",,,,,,,,,,5,5,,きれい,,,,10,また行きたい（1年以内）,,道の駅「南えちぜん山海里」 エリア,,選択なし/該当施設なし,,選択なし/該当施設なし,,000000,web,1994,32,,1月,58.道の駅「南えちぜん山海里」 エリア,,
福井,2026/01/07 11:25:39,福井県,男,50代,,600万円以上 700万円未満,自分ひとり,日帰り,福井県外には宿泊しない,,福井県内には宿泊しない,,,,,,,,,県外から訪れていない（福井県在住）,0,0,0,0,0,0,1,自家用車,0,0,0,0,,,,11回目以上,11回目以上,ドライブ・ツーリング,0,0,0,0,0,0,0,0,0,0,0,0,0,0,1,0,0,0,観光パンフレット・ポスター,0,0,0,0,0,0,0,0,0,0,0,0,0,0,0,0,0,0,0,0,1,0,0,0,0,,,,"1,000円未満",,使わない,,"1,000円未満","1,000円以上 3,000円未満",,,,,,,,,,4,4,,,,,,7,,,一乗谷朝倉氏遺跡 エリア,,選択なし/該当施設なし,,選択なし/該当施設なし,,000000,道の駅「若狭おばま」,1968,58,,1月,06.一乗谷朝倉氏遺跡 エリア,,
福井,2026/01/07 10:44:16,福井県,女,50代,,100万円未満,その他家族,日帰り,福井県外には宿泊しない,,福井県内には宿泊しない,,,,,,,,,県外から訪れていない（福井県在住）,0,0,0,0,0,0,1,自家用車,0,0,0,0,,,,6～10回目,6～10回目,地元の美味しいものを食べる,0,0,1,0,0,0,0,0,0,0,0,0,0,0,0,0,0,0,その他,0,0,0,0,0,0,0,0,0,0,0,0,0,0,0,0,0,0,0,0,0,0,0,0,1,,,,"1,000円未満",,使わない,,使わない,"3,000円以上 5,000円未満",,,,,,,,,,5,5,,休憩所がある,,,,10,福井県在住,,道の駅「禅の里」 エリア,,選択なし/該当施設なし,,選択なし/該当施設なし,,000000,道の駅「禅の里」 エリア,1974,52,,1月,35.道の駅「禅の里」 エリア,,
福井,2026/01/07 10:36:40,福井県,男,50代,,600万円以上 700万円未満,自分ひとり,日帰り,福井県外には宿泊しない,,福井県内には宿泊しない,,,,,,,,,県外から訪れていない（福井県在住）,0,0,0,0,0,0,1,自家用車,0,0,0,0,,,,11回目以上,11回目以上,買い物、アウトレットドライブ・ツーリング,0,0,0,0,0,0,1,0,0,0,0,0,0,0,1,0,0,0,観光パンフレット・ポスター,0,0,0,0,0,0,0,0,0,0,0,0,0,0,0,0,0,0,0,0,1,0,0,0,0,,,,"1,000円未満",,使わない,,"1,000円未満","1,000円以上 3,000円未満",,,,,,,,,,4,4,,,,,,6,,,道の駅「禅の里」 エリア,,選択なし/該当施設なし,,選択なし/該当施設なし,,000000,道の駅「若狭おばま」,1968,58,,1月,35.道の駅「禅の里」 エリア,,
福井,2026/01/07 10:15:26,静岡県,女,20代,,100万円未満,自分ひとり,2泊,福井県外には宿泊しない,,2泊,,,,,,,,,新幹線在来線,0,0,1,1,0,0,0,路線バス,0,1,0,0,3,,,初めて,初めて,温泉や露天風呂地元の美味しいものを食べる,0,1,1,0,0,0,0,0,0,0,0,0,0,0,0,0,0,0,Instagram,0,0,0,1,0,0,0,0,0,0,0,0,0,0,0,0,0,0,0,0,0,0,0,0,0,,,,"20,000円以上 30,000円未満",,"30,000円以上 40,000円未満",,"1,000円以上 3,000円未満","10,000円以上 20,000円未満",,,,,,,,,,4,4,,,,,,7,機会があれば行きたい,,福井駅前 エリア,,スキージャム勝山,,選択なし/該当施設なし,,000000,福井駅前 エリア,2004,22,,1月,01.福井駅前 エリア,,
福井,2026/01/07 08:44:53,京都府,女,60代,,600万円以上 700万円未満,夫婦2人,1泊,滋賀県,,1泊,,,,,,,,,自家用車,1,0,0,0,0,0,0,自家用車,0,0,0,0,,,,6～10回目,6～10回目,宿でのんびり過ごす,1,0,0,0,0,0,0,0,0,0,0,0,0,0,0,0,0,0,観光パンフレット・ポスター,0,0,0,0,0,0,0,0,0,0,0,0,0,0,0,0,0,0,0,0,1,0,0,0,0,,,,"1,000円未満",,"30,000円以上 40,000円未満",,"10,000円以上 20,000円未満","3,000円以上 5,000円未満",,,,,,,,,,5,5,,,,,,8,,,若狭高浜 エリア,,選択なし/該当施設なし,,選択なし/該当施設なし,,000000,若狭高浜 エリア,1966,60,,1月,90.若狭高浜 エリア,,
福井,2026/01/07 07:51:44,福井県,男,50代,,400万円以上 500万円未満,恋人,日帰り,福井県外には宿泊しない,,福井県内には宿泊しない,,,,,,,,,自家用車県外から訪れていない（福井県在住）,1,0,0,0,0,0,1,自家用車,0,0,0,0,,,,2～5回目,2～5回目,名所、旧跡の観光,0,0,0,0,1,0,0,0,0,0,0,0,0,0,0,0,0,0,インターネット・アプリ,0,0,0,0,0,0,0,0,0,0,1,0,0,0,0,0,0,0,0,0,0,0,0,0,0,,,,使わない,,使わない,,"3,000円以上 5,000円未満","3,000円以上 5,000円未満",,,,,,,,,,4,3,,,,,,5,福井県在住,,平泉寺白山神社 エリア,,選択なし/該当施設なし,,選択なし/該当施設なし,,000000,平泉寺白山神社 エリア,1971,55,,1月,29.平泉寺白山神社 エリア,勝山市観光まちづくり(株),静かでええですよ
福井,2026/01/07 04:18:33,福井県,女,20代,,分からない/無回答,親,日帰り,福井県外には宿泊しない,,福井県内には宿泊しない,,,,,,,,,県外から訪れていない（福井県在住）,0,0,0,0,0,0,1,自家用車,0,0,0,0,,,,2～5回目,2～5回目,お祭りやイベントへの参加・見物,0,0,0,0,0,0,0,1,0,0,0,0,0,0,0,0,0,0,観光パンフレット・ポスター,0,0,0,0,0,0,0,0,0,0,0,0,0,0,0,0,0,0,0,0,1,0,0,0,0,,,,"1,000円未満",,使わない,,使わない,"3,000円以上 5,000円未満",,,,,,,,,,5,5,,,,,,10,福井県在住,,道の駅「西山公園」 エリア,,選択なし/該当施設なし,,選択なし/該当施設なし,,000000,web,2003,23,,1月,44.道の駅「西山公園」 エリア,,
福井,2026/01/07 04:15:46,福井県,女,20代,,分からない/無回答,親,日帰り,福井県外には宿泊しない,,福井県内には宿泊しない,,,,,,,,,県外から訪れていない（福井県在住）,0,0,0,0,0,0,1,自家用車,0,0,0,0,,,,2～5回目,2～5回目,花見や紅葉などの自然鑑賞お祭りやイベントへの参加・見物,0,0,0,1,0,0,0,1,0,0,0,0,0,0,0,0,0,0,新聞・雑誌・ガイドブック観光パンフレット・ポスター,0,0,0,0,0,0,0,0,0,0,0,0,0,0,0,0,1,0,0,0,1,0,0,0,0,,,,"1,000円未満",,使わない,,"3,000円以上 5,000円未満","3,000円以上 5,000円未満",,,,,,,,,,5,5,,,,,,10,福井県在住,,越前陶芸村 エリア,,選択なし/該当施設なし,,選択なし/該当施設なし,,000000,web,2003,23,,1月,52.越前陶芸村 エリア,一般社団法人 越前町観光連盟（DMO ECHIZEN）,
福井,2026/01/08 14:35:14,岐阜県,女,50代,,700万円以上 800万円未満,中学生以上連れの家族,1泊,石川県加賀市,,1泊,,,,,,,,,自家用車,1,0,0,0,0,0,0,自家用車,0,0,0,0,,,,11回目以上,11回目以上,温泉や露天風呂地元の美味しいものを食べる,0,1,1,0,0,0,0,0,0,0,0,0,0,0,0,0,0,0,宿泊施設,0,0,0,0,0,0,0,0,0,0,0,0,0,1,0,0,0,0,0,0,0,0,0,0,0,,,,"5,000円以上 10,000円未満",,"30,000円以上 40,000円未満",,使わない,"30,000円以上 40,000円未満",,,,,,,,,,3,5,,,,,,10,機会があれば行きたい,,日本海さかな街 エリア,,越前大野城,,選択なし/該当施設なし,,000000,日本海さかな街 エリア,1971,55,,1月,61.日本海さかな街 エリア,,
福井,2026/01/08 14:33:53,岐阜県,男,50代,,500万円以上 600万円未満,中学生以上連れの家族,日帰り,福井県外には宿泊しない,,福井県内には宿泊しない,,,,,,,,,自家用車,1,0,0,0,0,0,0,自家用車,0,0,0,0,4,,,6～10回目,6～10回目,地元の美味しいものを食べる,0,0,1,0,0,0,0,0,0,0,0,0,0,0,0,0,0,0,観光展・物産展,0,0,0,0,0,0,0,0,0,0,0,0,0,0,0,0,0,0,0,0,0,0,1,0,0,,,,"10,000円以上 20,000円未満",,"10,000円以上 20,000円未満",,"20,000円以上 30,000円未満","10,000円以上 20,000円未満",,,,,,,,,,4,4,,,,,,5,また行きたい（1年以内）,,日本海さかな街 エリア,,選択なし/該当施設なし,,選択なし/該当施設なし,,000000,日本海さかな街 エリア,1971,55,,1月,61.日本海さかな街 エリア,,
福井,2026/01/08 14:31:23,岐阜県,男,20代,,700万円以上 800万円未満,親,日帰り,福井県外には宿泊しない,,福井県内には宿泊しない,,,,,,,,,自家用車,1,0,0,0,0,0,0,自家用車,0,0,0,0,5,,,2～5回目,2～5回目,宿でのんびり過ごす,1,0,0,0,0,0,0,0,0,0,0,0,0,0,0,0,0,0,観光展・物産展,0,0,0,0,0,0,0,0,0,0,0,0,0,0,0,0,0,0,0,0,0,0,1,0,0,,,,"5,000円以上 10,000円未満",,"10,000円以上 20,000円未満",,"10,000円以上 20,000円未満","5,000円以上 10,000円未満",,,,,,,,,,4,4,,,,,,10,,,日本海さかな街 エリア,,選択なし/該当施設なし,,選択なし/該当施設なし,,000000,日本海さかな街 エリア,2002,24,,1月,61.日本海さかな街 エリア,,
福井,2026/01/08 13:59:00,神奈川県,無回答,60代,,分からない/無回答,夫婦2人,1泊,福井県外には宿泊しない,,1泊,,,,,,,,,飛行機,0,0,0,0,1,0,0,在来線路線バス,0,1,0,0,4,ローカル線に乗れたので楽しかった,,初めて,初めて,地元の美味しいものを食べる,0,0,1,0,0,0,0,0,0,0,0,0,0,0,0,0,0,0,インターネット・アプリ,0,0,0,0,0,0,0,0,0,0,1,0,0,0,0,0,0,0,0,0,0,0,0,0,0,,,,"10,000円以上 20,000円未満",,"40,000円以上 50,000円未満",,"1,000円以上 3,000円未満","10,000円以上 20,000円未満",,,,,,,,,,3,4,,,,,,8,機会があれば行きたい,,かつやま恐竜の森 エリア,,選択なし/該当施設なし,,選択なし/該当施設なし,,000000,かつやま恐竜の森 エリア,1960,66,,1月,25.かつやま恐竜の森 エリア,勝山市観光まちづくり(株),
福井,2026/01/08 13:38:58,鹿児島県,女,60代,,400万円以上 500万円未満,自分ひとり,4泊以上,福井県外には宿泊しない,,4泊以上,,,,,,,,,飛行機,0,0,0,0,1,0,0,その他,0,0,0,0,5,,,11回目以上,11回目以上,友人・親戚を尋ねる,0,0,0,0,0,0,0,0,0,0,0,0,0,0,0,1,0,0,Facebook,1,0,0,0,0,0,0,0,0,0,0,0,0,0,0,0,0,0,0,0,0,0,0,0,0,,,,"50,000円以上 100,000円未満",,使わない,,"1,000円以上 3,000円未満","50,000円以上 100,000円未満",,,,,,,,,,5,5,,,,,,10,また行きたい（1年以内）,,福井駅前 エリア,,選択なし/該当施設なし,敦賀駅,選択なし/該当施設なし,,000000,web,1964,62,,1月,01.福井駅前 エリア,,
福井,2026/01/08 13:31:49,福井県,無回答,40代,,800万円以上 900万円未満,小学生以下連れの家族,日帰り,福井県外には宿泊しない,,福井県内には宿泊しない,,,,,,,,,自家用車,1,0,0,0,0,0,0,自家用車,0,0,0,0,4,,,初めて,初めて,テーマパーク（遊園地、動物園、博物館など）買い物、アウトレット,0,0,0,0,0,1,1,0,0,0,0,0,0,0,0,0,0,0,観光パンフレット・ポスター,0,0,0,0,0,0,0,0,0,0,0,0,0,0,0,0,0,0,0,0,1,0,0,0,0,,,,"1,000円未満",,"1,000円未満",,"1,000円未満","1,000円未満",,,,,,,,,,5,5,,,,,,8,福井県在住,,メガネストリート エリア,,選択なし/該当施設なし,,選択なし/該当施設なし,,000000,紫式部公園 エリア,1985,41,,1月,45.メガネストリート エリア,,
福井,2026/01/08 13:16:41,鹿児島県,女,60代,,400万円以上 500万円未満,自分ひとり,4泊以上,福井県外には宿泊しない,,4泊以上,,,,,,,,,飛行機,0,0,0,0,1,0,0,在来線,0,0,0,0,5,,,初めて,初めて,友人・親戚を尋ねる,0,0,0,0,0,0,0,0,0,0,0,0,0,0,0,1,0,0,Facebook,1,0,0,0,0,0,0,0,0,0,0,0,0,0,0,0,0,0,0,0,0,0,0,0,0,,,,"50,000円以上 100,000円未満",,使わない,,"1,000円未満","50,000円以上 100,000円未満",,,,,,,,,,4,2,,,,,,10,また行きたい（1年以内）,,JR敦賀駅前 エリア,,福井駅,大阪駅,選択なし/該当施設なし,,000000,web,1964,62,,1月,63.JR敦賀駅前 エリア,,
福井,2026/01/08 12:29:09,福井県,女,70代,,分からない/無回答,友人,日帰り,その他,,福井県内には宿泊しない,,,,,,,,,その他,0,0,0,0,0,0,0,その他,0,0,0,0,3,,,11回目以上,11回目以上,宿でのんびり過ごす,1,0,0,0,0,0,0,0,0,0,0,0,0,0,0,0,0,0,観光展・物産展,0,0,0,0,0,0,0,0,0,0,0,0,0,0,0,0,0,0,0,0,0,0,1,0,0,,,,使わない,,"1,000円以上 3,000円未満",,使わない,"1,000円未満",,,,,,,,,,3,5,,,,,,10,どちらともいえない,,越前そばの里 エリア,,一乗谷朝倉氏遺跡,,選択なし/該当施設なし,,000000,web,1952,74,,1月,37.越前そばの里 エリア,,
福井,2026/01/08 11:58:52,広島県,女,40代,,400万円以上 500万円未満,自分ひとり,2泊,福井県外には宿泊しない,,2泊,,,,,,,,,在来線,0,0,0,1,0,0,0,在来線路線バス,0,1,0,0,5,,,初めて,初めて,テーマパーク（遊園地、動物園、博物館など）,0,0,0,0,0,1,0,0,0,0,0,0,0,0,0,0,0,0,友人・知人,0,0,0,0,0,0,0,0,0,0,0,0,0,0,0,0,0,0,1,0,0,0,0,0,0,,,,"40,000円以上 50,000円未満",,"10,000円以上 20,000円未満",,"1,000円以上 3,000円未満","20,000円以上 30,000円未満",,,,,,,,,,5,5,,,,,,10,機会があれば行きたい,,かつやま恐竜の森 エリア,,大本山永平寺,,越前大仏,,000000,大本山 永平寺 エリア,1983,43,,1月,25.かつやま恐竜の森 エリア,勝山市観光まちづくり(株),
福井,2026/01/08 11:36:54,岐阜県,女,60代,,分からない/無回答,夫婦2人,1泊,福井県外には宿泊しない,,1泊,,,,,,,,,自家用車,1,0,0,0,0,0,0,自家用車,0,0,0,0,4,自家用車なのでどこでも行きたいところへすぐ行けるしら変更も楽にできるから,,初めて,初めて,友人・親戚を尋ねる,0,0,0,0,0,0,0,0,0,0,0,0,0,0,0,1,0,0,観光パンフレット・ポスターインターネット・アプリ,0,0,0,0,0,0,0,0,0,0,1,0,0,0,0,0,0,0,0,0,1,0,0,0,0,,,,"3,000円以上 5,000円未満",,"5,000円以上 10,000円未満",,"3,000円以上 5,000円未満","30,000円以上 40,000円未満",,,,,,,,,,4,4,,ここに新幹線の駅があると思わず寄ってみたが、広く、納得した。これから発展して行くのが楽しみ。,,,,9,また行きたい（1年以内）,,北陸新幹線 越前たけふ駅 エリア,,選択なし/該当施設なし,,道の駅「九頭竜・和泉ふれあい会館」,,000000,web,1961,65,,1月,38.北陸新幹線 越前たけふ駅 エリア,,昨年末鯖江に家を建てた娘夫婦の家を、今回訪ねました。武生のホテルに泊まり、朝この駅に来てみようとたまたま寄ってみたのです。福井は、ずっと娘が子供の頃から海水浴などに来たりしてご縁がある県で、何回も来ているのですが、このあたりは初めてで、また楽しい場所ができたなと思い、嬉しいです。鯖江、越前あたり、また何回も来てみたいですね、
福井,2026/01/08 11:03:15,福井県,女,20代,,分からない/無回答,自分ひとり,日帰り,福井県外には宿泊しない,,福井県内には宿泊しない,,,,,,,,,自家用車,1,0,0,0,0,0,0,自家用車,0,0,0,0,,,,11回目以上,11回目以上,花見や紅葉などの自然鑑賞,0,0,0,1,0,0,0,0,0,0,0,0,0,0,0,0,0,0,Instagram,0,0,0,1,0,0,0,0,0,0,0,0,0,0,0,0,0,0,0,0,0,0,0,0,0,,,,"1,000円以上 3,000円未満",,使わない,,"1,000円以上 3,000円未満","1,000円以上 3,000円未満",,,,,,,,,,4,4,,,,,,8,,,あわら湯のまち エリア,,選択なし/該当施設なし,,選択なし/該当施設なし,,000000,web,1997,29,,1月,17.あわら湯のまち エリア,,
福井,2026/01/08 08:13:59,広島県,女,40代,,400万円以上 500万円未満,自分ひとり,2泊,福井県外には宿泊しない,,2泊,,,,,,,,,新幹線在来線,0,0,1,1,0,0,0,路線バス,0,1,0,0,5,1本で行けてとても便利だった,,初めて,初めて,温泉や露天風呂地元の美味しいものを食べる名所、旧跡の観光テーマパーク（遊園地、動物園、博物館など）,0,1,1,0,1,1,0,0,0,0,0,0,0,0,0,0,0,0,インターネット・アプリ友人・知人,0,0,0,0,0,0,0,0,0,0,1,0,0,0,0,0,0,0,1,0,0,0,0,0,0,,,,"40,000円以上 50,000円未満",,"10,000円以上 20,000円未満",,"1,000円未満","20,000円以上 30,000円未満",,,,,,,,,,5,5,,,,,,10,機会があれば行きたい,,大本山 永平寺 エリア,,選択なし/該当施設なし,,福井県立恐竜博物館,,000000,大本山 永平寺 エリア,1983,43,,1月,34.大本山 永平寺 エリア,,
福井,2026/01/09 23:48:31,大阪府,女,40代,,600万円以上 700万円未満,団体旅行,1泊,石川県金沢市,,福井県内には宿泊しない,,,,,,,,,旅行会社ツアーバス,0,0,0,0,0,1,0,旅行会社ツアーバス,0,0,0,0,5,,,初めて,初めて,地元の美味しいものを食べるその他,0,0,1,0,0,0,0,0,0,0,0,0,0,0,0,0,0,1,その他,0,0,0,0,0,0,0,0,0,0,0,0,0,0,0,0,0,0,0,0,0,0,0,0,1,,,,"10,000円以上 20,000円未満",,使わない,,"1,000円以上 3,000円未満","1,000円以上 3,000円未満",,,,,,,,,,4,4,,,,,,10,機会があれば行きたい,,越前そばの里 エリア,,選択なし/該当施設なし,,東尋坊,,000000,越前そばの里 エリア,1977,49,,1月,37.越前そばの里 エリア,,料理が美味しく、値段が手頃
福井,2026/01/09 21:38:01,大阪府,男,30代,,600万円以上 700万円未満,自分ひとり,4泊以上,福井県外には宿泊しない,,4泊以上,,,,,,,,,新幹線,0,0,1,0,0,0,0,レンタカー徒歩,0,0,1,0,5,,,11回目以上,11回目以上,出張など仕事関係,0,0,0,0,0,0,0,0,0,0,0,0,0,0,0,0,1,0,インターネット・アプリ,0,0,0,0,0,0,0,0,0,0,1,0,0,0,0,0,0,0,0,0,0,0,0,0,0,,,,"100,000円以上",,"100,000円以上",,"100,000円以上","100,000円以上",,,,,,,,,,5,5,,,,,,8,,,福井駅前 エリア,,選択なし/該当施設なし,,選択なし/該当施設なし,,000000,web,1995,31,,1月,01.福井駅前 エリア,,
福井,2026/01/09 18:06:09,東京都,女,20代,,100万円未満,その他家族,1泊,福井県外には宿泊しない,,1泊,,,,,,,,,自家用車,1,0,0,0,0,0,0,自家用車,0,0,0,0,5,宿泊したホテルのサービスが大変よかったため。,,初めて,初めて,宿でのんびり過ごす温泉や露天風呂,1,1,0,0,0,0,0,0,0,0,0,0,0,0,0,0,0,0,TwitterInstagram,0,0,0,1,0,1,0,0,0,0,0,0,0,0,0,0,0,0,0,0,0,0,0,0,0,,,,"1,000円以上 3,000円未満",,"5,000円以上 10,000円未満",,"5,000円以上 10,000円未満","10,000円以上 20,000円未満",,,,,,,,,,5,5,,ウェルカムドリンクや食事などサービスがよかったため。,,,,9,また行きたい（1年以内）,,三国湊 エリア,,三国サンセットビーチ,,選択なし/該当施設なし,,000000,三国湊 エリア,1999,27,,1月,09.三国湊 エリア,(一社)DMOさかい観光局,ホテル。食事と温泉が素敵。
福井,2026/01/09 18:06:02,富山県,女,50代,,400万円以上 500万円未満,中学生以上連れの家族,1泊,福井県外には宿泊しない,,1泊,,,,,,,,,自家用車,1,0,0,0,0,0,0,自家用車,0,0,0,0,,,,2～5回目,2～5回目,宿でのんびり過ごす温泉や露天風呂地元の美味しいものを食べる名所、旧跡の観光友人・親戚を尋ねる,1,1,1,0,1,0,0,0,0,0,0,0,0,0,0,1,0,0,インターネット・アプリTwitterInstagramFacebook,1,0,0,1,0,1,0,0,0,0,1,0,0,0,0,0,0,0,0,0,0,0,0,0,0,,,,"20,000円以上 30,000円未満",,"100,000円以上",,"100,000円以上","100,000円以上",,,,,,,,,,4,4,,送迎バスの運転手さんが気さくでとても感じが良く、心が温かくなりました。,,,,10,また行きたい（1年以内）,,三国湊 エリア,,丸岡城,,越前大野城,,000000,三国湊 エリア,1970,56,,1月,09.三国湊 エリア,(一社)DMOさかい観光局,ご飯が美味しい。特にお米が美味しい。
福井,2026/01/09 15:54:49,長野県,男,30代,,"1,000万円以上 1,200万円未満",夫婦2人,1泊,福井県外には宿泊しない,,1泊,,,,,,,,,自家用車,1,0,0,0,0,0,0,自家用車,0,0,0,0,,,,初めて,初めて,温泉や露天風呂,0,1,0,0,0,0,0,0,0,0,0,0,0,0,0,0,0,0,インターネット・アプリ,0,0,0,0,0,0,0,0,0,0,1,0,0,0,0,0,0,0,0,0,0,0,0,0,0,,,,"10,000円以上 20,000円未満",,"50,000円以上 100,000円未満",,"10,000円以上 20,000円未満","20,000円以上 30,000円未満",,,,,,,,,,5,5,,従業員の方々の対応が良く気持ちよく観覧できた点が良かった。,,,,9,また行きたい（1年以内）,,かつやま恐竜の森 エリア,,選択なし/該当施設なし,,大本山永平寺,,000000,かつやま恐竜の森 エリア,1994,32,,1月,25.かつやま恐竜の森 エリア,勝山市観光まちづくり(株),
福井,2026/01/09 15:52:52,長野県,女,30代,,"1,000万円以上 1,200万円未満",夫婦2人,1泊,福井県外には宿泊しない,,1泊,,,,,,,,,自家用車,1,0,0,0,0,0,0,自家用車,0,0,0,0,,,,初めて,初めて,宿でのんびり過ごす温泉や露天風呂テーマパーク（遊園地、動物園、博物館など）その他,1,1,0,0,0,1,0,0,0,0,0,0,0,0,0,0,0,1,インターネット・アプリTwitter,0,0,0,0,0,1,0,0,0,0,1,0,0,0,0,0,0,0,0,0,0,0,0,0,0,,,,"10,000円以上 20,000円未満",,"50,000円以上 100,000円未満",,"10,000円以上 20,000円未満","20,000円以上 30,000円未満",,,,,,,,,,5,5,,,,,,10,また行きたい（1年以内）,,かつやま恐竜の森 エリア,,選択なし/該当施設なし,,選択なし/該当施設なし,,000000,かつやま恐竜の森 エリア,1995,31,,1月,25.かつやま恐竜の森 エリア,勝山市観光まちづくり(株),博物館を進めたい。
福井,2026/01/09 15:41:45,滋賀県,男,50代,,700万円以上 800万円未満,小学生以下連れの家族,1泊,福井県外には宿泊しない,,1泊,,,,,,,,,自家用車,1,0,0,0,0,0,0,自家用車,0,0,0,0,,,,2～5回目,2～5回目,温泉や露天風呂地元の美味しいものを食べる,0,1,1,0,0,0,0,0,0,0,0,0,0,0,0,0,0,0,インターネット・アプリ,0,0,0,0,0,0,0,0,0,0,1,0,0,0,0,0,0,0,0,0,0,0,0,0,0,,,,"10,000円以上 20,000円未満",,"20,000円以上 30,000円未満",,"5,000円以上 10,000円未満","20,000円以上 30,000円未満",,,,,,,,,,5,5,,上記に同じ。,,,,8,また行きたい（1年以内）,,かつやま恐竜の森 エリア,,選択なし/該当施設なし,,選択なし/該当施設なし,,000000,かつやま恐竜の森 エリア,1974,52,,1月,25.かつやま恐竜の森 エリア,勝山市観光まちづくり(株),恐竜博物館
福井,2026/01/09 15:20:45,東京都,女,50代,,400万円以上 500万円未満,親,1泊,東京,,1泊,,,,,,,,,新幹線,0,0,1,0,0,0,0,タクシー,1,0,0,0,4,タクシーの運転手さんが親切でした。,,2～5回目,2～5回目,友人・親戚を尋ねる,0,0,0,0,0,0,0,0,0,0,0,0,0,0,0,1,0,0,観光協会等の案内所宿泊施設,0,0,0,0,0,0,0,0,0,0,0,0,0,1,0,0,0,0,0,0,0,1,0,0,0,,,,"50,000円以上 100,000円未満",,"10,000円以上 20,000円未満",,"100,000円以上","20,000円以上 30,000円未満",,,,,,,,,,4,4,,,,,,9,また行きたい（1年以内）,,福井駅前 エリア,,養浩館庭園,,養浩館庭園,,000000,福井駅前 エリア,1971,55,,1月,01.福井駅前 エリア,,
福井,2026/01/09 15:10:31,福井県,女,50代,,100万円未満,その他家族,1泊,石川県金沢市,,2泊,,,,,,,,,自家用車,1,0,0,0,0,0,0,自家用車,0,0,0,0,5,,,初めて,初めて,宿でのんびり過ごす,1,0,0,0,0,0,0,0,0,0,0,0,0,0,0,0,0,0,観光パンフレット・ポスター,0,0,0,0,0,0,0,0,0,0,0,0,0,0,0,0,0,0,0,0,1,0,0,0,0,,,,"10,000円以上 20,000円未満",,"10,000円以上 20,000円未満",,"10,000円以上 20,000円未満","10,000円以上 20,000円未満",,,,,,,,,,5,5,,,,,,10,また行きたい（1年以内）,,三国湊 エリア,,一乗谷朝倉氏遺跡,,一乗谷朝倉氏遺跡,,000000,web,1976,50,,1月,09.三国湊 エリア,(一社)DMOさかい観光局,
福井,2026/01/09 15:04:08,三重県,女,20代,,100万円未満,自分ひとり,2泊,福井県外には宿泊しない,,2泊,,,,,,,,,新幹線在来線,0,0,1,1,0,0,0,路線バス,0,1,0,0,,,,初めて,初めて,その他,0,0,0,0,0,0,0,0,0,0,0,0,0,0,0,0,0,1,新聞・雑誌・ガイドブックTV・ラジオ番組やCMその他,0,0,0,0,0,0,0,0,0,0,0,0,0,0,1,0,1,0,0,0,0,0,0,0,0,,,,"10,000円以上 20,000円未満",,"10,000円以上 20,000円未満",,"3,000円以上 5,000円未満","5,000円以上 10,000円未満",,,,,,,,,,5,5,,恐竜だけでなく、鉱物や、哺乳類の進化なども見れたのが自分の中で満足度が高いです。食事や土産物も手頃で買えるものが多かったからです。また、施設全体を囲む山もとても綺麗で来てよかったと感じました。,,,,10,また行きたい（1年以内）,,かつやま恐竜の森 エリア,,福井県立恐竜博物館,,選択なし/該当施設なし,,000000,かつやま恐竜の森 エリア,2004,22,,1月,25.かつやま恐竜の森 エリア,勝山市観光まちづくり(株),大学で鉱物や資源について勉強している家族がおり、実際に一緒に私とここに来ることで私の学びもさらに深まると思ったからです。また、恐竜といえば子供のイメージもありましたが、むしろ展示が多く、骨格標本を一つ一つ見ることができる場所は日本にあまりないと感じたので、ぜひ自分の身内をここに連れて行きたいです。
福井,2026/01/09 14:46:47,大阪府,男,40代,,500万円以上 600万円未満,自分ひとり,日帰り,福井県外には宿泊しない,,福井県内には宿泊しない,,,,,,,,,自家用車,1,0,0,0,0,0,0,自家用車,0,0,0,0,5,,,2～5回目,2～5回目,まちあるき、都市散策,0,0,0,0,0,0,0,0,0,0,1,0,0,0,0,0,0,0,インターネット・アプリ,0,0,0,0,0,0,0,0,0,0,1,0,0,0,0,0,0,0,0,0,0,0,0,0,0,,,,"1,000円以上 3,000円未満",,使わない,,"1,000円以上 3,000円未満","5,000円以上 10,000円未満",,,,,,,,,,5,5,,,,,,10,福井県在住,,JR美浜駅 エリア,,道の駅「三方五湖」,,氣比神宮,,000000,web,1986,40,,1月,79.JR美浜駅 エリア,三方五湖DMO(株),
福井,2026/01/09 14:46:17,神奈川県,女,30代,,300万円以上 400万円未満,恋人,3泊,福井県外には宿泊しない,,3泊,,,,,,,,,新幹線,0,0,1,0,0,0,0,レンタカー,0,0,0,0,5,行きたいところには距離が離れていたので、レンタカーなしでは大変だったかと思います。雪を心配していましたがお天気にも恵まれて、運転もしやすい道路でしたので満足です！,,初めて,初めて,温泉や露天風呂テーマパーク（遊園地、動物園、博物館など）友人・親戚を尋ねる,0,1,0,0,0,1,0,0,0,0,0,0,0,0,0,1,0,0,新聞・雑誌・ガイドブック友人・知人,0,0,0,0,0,0,0,0,0,0,0,0,0,0,0,0,1,0,1,0,0,0,0,0,0,,,,"30,000円以上 40,000円未満",,"100,000円以上",,"5,000円以上 10,000円未満","40,000円以上 50,000円未満",,,,,,,,,,5,5,,室内で回りやすく、とても神聖な場所でした！,,,,10,機会があれば行きたい,,大本山 永平寺 エリア,,選択なし/該当施設なし,恐竜博物館に行きました,野外恐竜博物館,,000000,大本山 永平寺 エリア,1987,39,,1月,34.大本山 永平寺 エリア,,あまり知られていない気がするので、ぜひ広めたいと思いました！
福井,2026/01/09 13:57:34,福井県,男,50代,,600万円以上 700万円未満,自分ひとり,日帰り,福井県外には宿泊しない,,福井県内には宿泊しない,,,,,,,,,県外から訪れていない（福井県在住）,0,0,0,0,0,0,1,自家用車,0,0,0,0,,,,11回目以上,11回目以上,ドライブ・ツーリング,0,0,0,0,0,0,0,0,0,0,0,0,0,0,1,0,0,0,観光パンフレット・ポスター,0,0,0,0,0,0,0,0,0,0,0,0,0,0,0,0,0,0,0,0,1,0,0,0,0,,,,"1,000円未満",,使わない,,使わない,"1,000円以上 3,000円未満",,,,,,,,,,4,4,,,,,,6,,,道の駅「若狭おばま」 エリア,,選択なし/該当施設なし,,選択なし/該当施設なし,,000000,道の駅「若狭おばま」,1968,58,,1月,68.道の駅「若狭おばま」 エリア,(株)まちづくり小浜,
福井,2026/01/09 13:57:15,大阪府,男,40代,,500万円以上 600万円未満,自分ひとり,日帰り,福井県外には宿泊しない,,福井県内には宿泊しない,,,,,,,,,自家用車,1,0,0,0,0,0,0,自家用車,0,0,0,0,,,,初めて,初めて,まちあるき、都市散策,0,0,0,0,0,0,0,0,0,0,1,0,0,0,0,0,0,0,インターネット・アプリ,0,0,0,0,0,0,0,0,0,0,1,0,0,0,0,0,0,0,0,0,0,0,0,0,0,,,,"1,000円以上 3,000円未満",,使わない,,"1,000円以上 3,000円未満","5,000円以上 10,000円未満",,,,,,,,,,5,5,,,,,,10,福井県在住,,道の駅「三方五湖」  エリア,,選択なし/該当施設なし,,若狭海遊バザール千鳥苑 若狭美浜 海の駅,,000000,web,1986,40,,1月,83.道の駅「三方五湖」 エリア,三方五湖DMO(株),
福井,2026/01/09 13:45:41,京都府,男,60代,,300万円以上 400万円未満,友人,日帰り,福井県外には宿泊しない,,福井県内には宿泊しない,,,,,,,,,自家用車,1,0,0,0,0,0,0,自家用車,0,0,0,0,5,国道からわかりやすい。駐車場が広い。,,初めて,初めて,名所、旧跡の観光,0,0,0,0,1,0,0,0,0,0,0,0,0,0,0,0,0,0,新聞・雑誌・ガイドブック,0,0,0,0,0,0,0,0,0,0,0,0,0,0,0,0,1,0,0,0,0,0,0,0,0,,,,"3,000円以上 5,000円未満",,"10,000円以上 20,000円未満",,"1,000円以上 3,000円未満","3,000円以上 5,000円未満",,,,,,,,,,4,4,,綺麗。,,,,9,また行きたい（1年以内）,,道の駅「シーサイド高浜」 エリア,,御食国若狭おばま食文化館,宮津,選択なし/該当施設なし,,000000,まちの市場 こってコテいけだ エリア,1958,68,,1月,88.道の駅「シーサイド高浜」 エリア,,広くて綺麗。
福井,2026/01/09 13:10:38,愛知県,女,60代,,200万円以上 300万円未満,夫婦2人,1泊,福井県外には宿泊しない,,1泊,,,,,,,,,自家用車,1,0,0,0,0,0,0,自家用車,0,0,0,0,,,,初めて,初めて,温泉や露天風呂地元の美味しいものを食べる,0,1,1,0,0,0,0,0,0,0,0,0,0,0,0,0,0,0,新聞・雑誌・ガイドブック,0,0,0,0,0,0,0,0,0,0,0,0,0,0,0,0,1,0,0,0,0,0,0,0,0,,,,"1,000円以上 3,000円未満",,"10,000円以上 20,000円未満",,"1,000円未満","3,000円以上 5,000円未満",,,,,,,,,,5,5,,,,,,10,また行きたい（1年以内）,,かずら橋 エリア,,かずら橋,,あわら温泉街,,000000,かずら橋 エリア,1961,65,,1月,48.かずら橋 エリア,（一財）いけだ農村観光公社,
福井,2026/01/09 12:10:06,三重県,男,40代,,600万円以上 700万円未満,小学生以下連れの家族,1泊,福井県外には宿泊しない,,1泊,,,,,,,,,自家用車,1,0,0,0,0,0,0,自家用車,0,0,0,0,,,,2～5回目,2～5回目,温泉や露天風呂地元の美味しいものを食べるテーマパーク（遊園地、動物園、博物館など）,0,1,1,0,0,1,0,0,0,0,0,0,0,0,0,0,0,0,インターネット・アプリ,0,0,0,0,0,0,0,0,0,0,1,0,0,0,0,0,0,0,0,0,0,0,0,0,0,,,,"5,000円以上 10,000円未満",,"10,000円以上 20,000円未満",,"3,000円以上 5,000円未満","10,000円以上 20,000円未満",,,,,,,,,,5,5,,,,,,10,また行きたい（1年以内）,,かずら橋 エリア,,彦根城（滋賀県）,,選択なし/該当施設なし,,000000,web,1979,47,,1月,48.かずら橋 エリア,（一財）いけだ農村観光公社,
福井,2026/01/09 12:04:39,三重県,女,40代,,400万円以上 500万円未満,小学生以下連れの家族,1泊,福井県外には宿泊しない,,1泊,,,,,,,,,自家用車,1,0,0,0,0,0,0,自家用車,0,0,0,0,5,とても綺麗な場所で駐車もしやすかった,,初めて,初めて,宿でのんびり過ごすアウトドア（海水浴、釣り、登山など）その他,1,0,0,0,0,0,0,0,0,1,0,0,0,0,0,0,0,1,その他,0,0,0,0,0,0,0,0,0,0,0,0,0,0,0,0,0,0,0,0,0,0,0,0,1,,,,"5,000円以上 10,000円未満",,"10,000円以上 20,000円未満",,"1,000円以上 3,000円未満","10,000円以上 20,000円未満",,,,,,,,,,5,5,,,,,,10,また行きたい（1年以内）,,かずら橋 エリア,,選択なし/該当施設なし,,選択なし/該当施設なし,,000000,日本海さかな街 エリア,1983,43,,1月,48.かずら橋 エリア,（一財）いけだ農村観光公社,
福井,2026/01/09 11:45:11,滋賀県,男,50代,,"1,000万円以上 1,200万円未満",自分ひとり,1泊,滋賀県,,1泊,,,,,,,,,自家用車,1,0,0,0,0,0,0,自家用車,0,0,0,0,4,食と風景,,2～5回目,2～5回目,温泉や露天風呂地元の美味しいものを食べる花見や紅葉などの自然鑑賞,0,1,1,1,0,0,0,0,0,0,0,0,0,0,0,0,0,0,インターネット・アプリInstagramブログ,0,0,0,1,0,0,0,0,1,0,1,0,0,0,0,0,0,0,0,0,0,0,0,0,0,,,,"5,000円以上 10,000円未満",,"5,000円以上 10,000円未満",,"1,000円以上 3,000円未満","10,000円以上 20,000円未満",,,,,,,,,,4,4,,,,,,7,機会があれば行きたい,,湖上館パムコ（水月湖）エリア,,福井県立恐竜博物館,,選択なし/該当施設なし,,000000,湖上館パムコ（水月湖）エリア,1968,58,,1月,82.湖上館パムコ（水月湖） エリア,三方五湖DMO(株),
福井,2026/01/09 11:32:20,兵庫県,女,60代,,500万円以上 600万円未満,夫婦2人,1泊,福井県外には宿泊しない,,1泊,,,,,,,,,自家用車,1,0,0,0,0,0,0,自家用車,0,0,0,0,4,訪れてみたい所へ時間を気にしないで行ける途中の道の駅とか、店舗にも立ち寄る事ができて楽しい,,初めて,初めて,温泉や露天風呂名所、旧跡の観光,0,1,0,0,1,0,0,0,0,0,0,0,0,0,0,0,0,0,インターネット・アプリ,0,0,0,0,0,0,0,0,0,0,1,0,0,0,0,0,0,0,0,0,0,0,0,0,0,,,,"10,000円以上 20,000円未満",,"10,000円以上 20,000円未満",,"10,000円以上 20,000円未満","5,000円以上 10,000円未満",,,,,,,,,,4,4,,,,,,5,機会があれば行きたい,,北潟湖 エリア,,一乗谷朝倉氏遺跡,,福井県立恐竜博物館,,000000,北潟湖 エリア,1960,66,,1月,20.北潟湖 エリア,,
福井,2026/01/09 11:27:44,京都府,男,60代,,300万円以上 400万円未満,友人,日帰り,福井県外には宿泊しない,,福井県内には宿泊しない,,,,,,,,,自家用車,1,0,0,0,0,0,0,自家用車,0,0,0,0,4,国道からわかりやすい,,初めて,初めて,名所、旧跡の観光,0,0,0,0,1,0,0,0,0,0,0,0,0,0,0,0,0,0,新聞・雑誌・ガイドブック,0,0,0,0,0,0,0,0,0,0,0,0,0,0,0,0,1,0,0,0,0,0,0,0,0,,,,"3,000円以上 5,000円未満",,"10,000円以上 20,000円未満",,"3,000円以上 5,000円未満","3,000円以上 5,000円未満",,,,,,,,,,4,4,,綺麗にしている,,,,8,また行きたい（1年以内）,,名田庄 エリア,,選択なし/該当施設なし,,小浜市水産食品センター（若狭小浜お魚センター）,,000000,まちの市場 こってコテいけだ エリア,1958,68,,1月,86.名田庄 エリア,,のんびりできそう
福井,2026/01/09 11:15:13,兵庫県,男,60代,,500万円以上 600万円未満,夫婦2人,1泊,福井県外には宿泊しない,,1泊,,,,,,,,,自家用車,1,0,0,0,0,0,0,自家用車,0,0,0,0,,,,初めて,初めて,温泉や露天風呂地元の美味しいものを食べる名所、旧跡の観光買い物、アウトレットドライブ・ツーリング,0,1,1,0,1,0,1,0,0,0,0,0,0,0,1,0,0,0,観光展・物産展新聞・雑誌・ガイドブック観光パンフレット・ポスターインターネット・アプリ,0,0,0,0,0,0,0,0,0,0,1,0,0,0,0,0,1,0,0,0,1,0,1,0,0,,,,"10,000円以上 20,000円未満",,"10,000円以上 20,000円未満",,"3,000円以上 5,000円未満","5,000円以上 10,000円未満",,,,,,,,,,4,4,,,,,,8,また行きたい（1年以内）,,北潟湖 エリア,,吉崎御坊跡,,あわら温泉街,,000000,北潟湖 エリア,1958,68,,1月,20.北潟湖 エリア,,芦原温泉です。ここの湯は刺激が少なく感じ、ゆっくりと長湯しても楽でした。リピートして良かったです。
福井,2026/01/09 11:04:59,兵庫県,女,20代,,100万円以上 200万円未満,友人,1泊,福井県外には宿泊しない,,1泊,,,,,,,,,自家用車,1,0,0,0,0,0,0,自家用車,0,0,0,0,,,,初めて,初めて,地元の美味しいものを食べるテーマパーク（遊園地、動物園、博物館など）,0,0,1,0,0,1,0,0,0,0,0,0,0,0,0,0,0,0,インターネット・アプリ,0,0,0,0,0,0,0,0,0,0,1,0,0,0,0,0,0,0,0,0,0,0,0,0,0,,,,"10,000円以上 20,000円未満",,"3,000円以上 5,000円未満",,"1,000円以上 3,000円未満","5,000円以上 10,000円未満",,,,,,,,,,5,5,,美味しかったし店舗、全体的に衛生的で綺麗だった、駐車場が無料なのも嬉しかったです,,,,8,また行きたい（1年以内）,,ふくい鮮いちば エリア,,越前松島水族館,,福井県立恐竜博物館,,000000,ふくい鮮いちば エリア,2003,23,,1月,05.ふくい鮮いちば エリア,,美味しい海鮮が食べれたり、野菜も安くてよかった
福井,2026/01/09 09:52:01,広島県,男,60代,,500万円以上 600万円未満,その他家族,2泊,福井県外には宿泊しない,,2泊,,,,,,,,,自家用車,1,0,0,0,0,0,0,自家用車,0,0,0,0,,,,初めて,初めて,温泉や露天風呂地元の美味しいものを食べるテーマパーク（遊園地、動物園、博物館など）その他,0,1,1,0,0,1,0,0,0,0,0,0,0,0,0,0,0,1,観光連盟やDMOのHPインターネット・アプリInstagram,0,0,0,1,0,0,0,0,0,0,1,0,0,0,0,0,0,0,0,0,0,0,0,1,0,,,,"5,000円以上 10,000円未満",,"50,000円以上 100,000円未満",,"5,000円以上 10,000円未満","10,000円以上 20,000円未満",,,,,,,,,,5,5,,存分に楽しめた,,,,10,機会があれば行きたい,,かつやま恐竜の森 エリア,,大本山永平寺,,福井県立恐竜博物館,,000000,かつやま恐竜の森 エリア,1964,62,,1月,25.かつやま恐竜の森 エリア,勝山市観光まちづくり(株),化石発掘体験
福井,2026/01/09 09:39:27,埼玉県,男,50代,,"900万円以上 1,000万円未満",夫婦2人,1泊,福井県外には宿泊しない,,1泊,,,,,,,,,レンタカー新幹線,0,1,1,0,0,0,0,レンタカー,0,0,0,0,4,,,初めて,初めて,宿でのんびり過ごす地元の美味しいものを食べる,1,0,1,0,0,0,0,0,0,0,0,0,0,0,0,0,0,0,インターネット・アプリ,0,0,0,0,0,0,0,0,0,0,1,0,0,0,0,0,0,0,0,0,0,0,0,0,0,,,,"20,000円以上 30,000円未満",,"50,000円以上 100,000円未満",,"50,000円以上 100,000円未満","50,000円以上 100,000円未満",,,,,,,,,,4,4,,,,,,2,,,越前海岸 くりや旅館街 エリア,,越前がにミュージアム,,北の庄城址・柴田公園,,000000,越前海岸 くりや旅館街 エリア,1967,59,,1月,57.越前海岸 くりや旅館街 エリア,一般社団法人 越前町観光連盟（DMO ECHIZEN）,
福井,2026/01/09 04:33:07,福井県,男,70代,,100万円以上 200万円未満,その他家族,日帰り,福井県外には宿泊しない,,福井県内には宿泊しない,,,,,,,,,自家用車在来線,1,0,0,1,0,0,0,自家用車徒歩,0,0,1,0,,,,6～10回目,6～10回目,地元の美味しいものを食べる買い物、アウトレット,0,0,1,0,0,0,1,0,0,0,0,0,0,0,0,0,0,0,インターネット・アプリ,0,0,0,0,0,0,0,0,0,0,1,0,0,0,0,0,0,0,0,0,0,0,0,0,0,,,,"1,000円以上 3,000円未満",,使わない,,"5,000円以上 10,000円未満","10,000円以上 20,000円未満",,,,,,,,,,5,4,,家では大変 作るの面倒な美味しい昆布巻き などが売っていた,,,,5,福井県在住,,ふくい鮮いちば エリア,,選択なし/該当施設なし,,日本海さかな街,,000000,ふくい鮮いちば エリア,1953,73,,1月,05.ふくい鮮いちば エリア,,モノが新鮮
福井,2026/01/10 23:41:08,東京都,女,40代,,600万円以上 700万円未満,親,1泊,福井県外には宿泊しない,,1泊,,,,,,,,,新幹線,0,0,1,0,0,0,0,路線バス,0,1,0,0,4,,,初めて,初めて,宿でのんびり過ごす,1,0,0,0,0,0,0,0,0,0,0,0,0,0,0,0,0,0,新聞・雑誌・ガイドブックその他,0,0,0,0,0,0,0,0,0,0,0,0,0,0,0,0,1,0,0,0,0,0,0,0,0,,,,"30,000円以上 40,000円未満",,"1,000円未満",,"1,000円以上 3,000円未満","10,000円以上 20,000円未満",,,,,,,,,,4,4,,,,,,8,機会があれば行きたい,,東尋坊 エリア,,選択なし/該当施設なし,,あわら温泉街,,000000,東尋坊 エリア,1986,40,,1月,10.東尋坊 エリア,(一社)DMOさかい観光局,空いていてゆったりできた。
福井,2026/01/10 21:49:58,神奈川県,男,40代,,500万円以上 600万円未満,恋人,日帰り,福井県外には宿泊しない,,福井県内には宿泊しない,,,,,,,,,自家用車,1,0,0,0,0,0,0,自家用車,0,0,0,0,5,,,6～10回目,6～10回目,ドライブ・ツーリング,0,0,0,0,0,0,0,0,0,0,0,0,0,0,1,0,0,0,観光パンフレット・ポスター宿泊施設,0,0,0,0,0,0,0,0,0,0,0,0,0,1,0,0,0,0,0,0,1,0,0,0,0,,,,使わない,,使わない,,使わない,"5,000円以上 10,000円未満",,,,,,,,,,4,4,,,,,,9,また行きたい（1年以内）,,北潟湖 エリア,,越前水仙の里公園,,選択なし/該当施設なし,,000000,web,1985,41,,1月,20.北潟湖 エリア,,
福井,2026/01/10 21:45:40,石川県,女,20代,,300万円以上 400万円未満,恋人,日帰り,福井県外には宿泊しない,,福井県内には宿泊しない,,,,,,,,,自家用車,1,0,0,0,0,0,0,自家用車,0,0,0,0,,,,2～5回目,2～5回目,ドライブ・ツーリング,0,0,0,0,0,0,0,0,0,0,0,0,0,0,1,0,0,0,観光パンフレット・ポスター,0,0,0,0,0,0,0,0,0,0,0,0,0,0,0,0,0,0,0,0,1,0,0,0,0,,,,使わない,,使わない,,"1,000円未満","3,000円以上 5,000円未満",,,,,,,,,,5,5,,,,,,7,また行きたい（1年以内）,,北潟湖 エリア,,越前水仙の里公園,,選択なし/該当施設なし,,000000,web,1997,29,,1月,20.北潟湖 エリア,,
福井,2026/01/10 21:12:24,大阪府,女,20代,,100万円未満,友人,1泊,福井県外には宿泊しない,,1泊,,,,,,,,,在来線,0,0,0,1,0,0,0,在来線路線バス,0,1,0,0,,,,初めて,初めて,宿でのんびり過ごす温泉や露天風呂地元の美味しいものを食べる,1,1,1,0,0,0,0,0,0,0,0,0,0,0,0,0,0,0,インターネット・アプリTwitterInstagramFacebook,1,0,0,1,0,1,0,0,0,0,1,0,0,0,0,0,0,0,0,0,0,0,0,0,0,,,,"5,000円以上 10,000円未満",,"10,000円以上 20,000円未満",,"5,000円以上 10,000円未満","10,000円以上 20,000円未満",,,,,,,,,,5,5,,,,,,10,また行きたい（1年以内）,,越前海岸 北部 エリア,,選択なし/該当施設なし,,選択なし/該当施設なし,,000000,越前海岸 北部 エリア,2004,22,,1月,07.越前海岸 北部 エリア,,
福井,2026/01/10 20:12:49,大阪府,男,50代,,分からない/無回答,夫婦2人,日帰り,福井県外には宿泊しない,,福井県内には宿泊しない,,,,,,,,,自家用車,1,0,0,0,0,0,0,自家用車,0,0,0,0,3,,,2～5回目,2～5回目,地元の美味しいものを食べる買い物、アウトレット各種体験（手作り、果物狩りなど）,0,0,1,0,0,0,1,0,0,0,0,1,0,0,0,0,0,0,インターネット・アプリ,0,0,0,0,0,0,0,0,0,0,1,0,0,0,0,0,0,0,0,0,0,0,0,0,0,,,,"3,000円以上 5,000円未満",,"5,000円以上 10,000円未満",,"5,000円以上 10,000円未満","5,000円以上 10,000円未満",,,,,,,,,,5,5,,じゃらん　ふくのね　蕎麦打ち体験のコスパが良過ぎる,,,,9,また行きたい（1年以内）,,越前そばの里 エリア,,選択なし/該当施設なし,JAふくい　プラント,選択なし/該当施設なし,,000000,名田庄 エリア,1969,57,,1月,37.越前そばの里 エリア,,蕎麦打ち体験して欲しい
福井,2026/01/10 19:52:25,大阪府,男,30代,,800万円以上 900万円未満,小学生以下連れの家族,1泊,石川県金沢市,,福井県内には宿泊しない,,,,,,,,,自家用車,1,0,0,0,0,0,0,自家用車,0,0,0,0,5,目的地までの案内看板が多く、迷わず到着できたこと。目的地近くの道の駅や個人営の飲食店にも駐車場があり、自家用車での利用がしやすかった。,,2～5回目,2～5回目,テーマパーク（遊園地、動物園、博物館など）各種体験（手作り、果物狩りなど）,0,0,0,0,0,1,0,0,0,0,0,1,0,0,0,0,0,0,インターネット・アプリ,0,0,0,0,0,0,0,0,0,0,1,0,0,0,0,0,0,0,0,0,0,0,0,0,0,,,,"5,000円以上 10,000円未満",,使わない,,"5,000円以上 10,000円未満","5,000円以上 10,000円未満",,,,,,,,,,5,4,,,,,,7,機会があれば行きたい,,かつやま恐竜の森 エリア,,選択なし/該当施設なし,,金沢駅周辺（石川県）,,000000,かつやま恐竜の森 エリア,1989,37,,1月,25.かつやま恐竜の森 エリア,勝山市観光まちづくり(株),案内が多く迷わず行ける。周辺にも道の駅や体験施設がある。
福井,2026/01/10 19:20:21,福井県,女,50代,,400万円以上 500万円未満,夫婦2人,日帰り,福井県外には宿泊しない,,福井県内には宿泊しない,,,,,,,,,自家用車,1,0,0,0,0,0,0,自家用車,0,0,0,0,5,,,2～5回目,2～5回目,地元の美味しいものを食べる,0,0,1,0,0,0,0,0,0,0,0,0,0,0,0,0,0,0,新聞・雑誌・ガイドブックインターネット・アプリ,0,0,0,0,0,0,0,0,0,0,1,0,0,0,0,0,1,0,0,0,0,0,0,0,0,,,,"3,000円以上 5,000円未満",,使わない,,"3,000円以上 5,000円未満","5,000円以上 10,000円未満",,,,,,,,,,5,5,,,,,,8,,,ふくい鮮いちば エリア,,選択なし/該当施設なし,,選択なし/該当施設なし,,000000,web,1971,55,,1月,05.ふくい鮮いちば エリア,,
福井,2026/01/10 18:15:57,東京都,女,60代,,分からない/無回答,友人,2泊,石川県金沢市,,1泊,,,,,,,,,自家用車,1,0,0,0,0,0,0,自家用車,0,0,0,0,5,自由に動けます,,初めて,初めて,名所、旧跡の観光,0,0,0,0,1,0,0,0,0,0,0,0,0,0,0,0,0,0,友人・知人,0,0,0,0,0,0,0,0,0,0,0,0,0,0,0,0,0,0,1,0,0,0,0,0,0,,,,"20,000円以上 30,000円未満",,"20,000円以上 30,000円未満",,"3,000円以上 5,000円未満","10,000円以上 20,000円未満",,,,,,,,,,4,4,,,,,,9,機会があれば行きたい,,大本山 永平寺 エリア,,選択なし/該当施設なし,金沢方面,選択なし/該当施設なし,,000000,かつやま恐竜の森 エリア,1966,60,,1月,34.大本山 永平寺 エリア,,
福井,2026/01/10 18:10:34,兵庫県,男,60代,,"1,500万円以上",夫婦2人,1泊,岐阜県関市,,1泊,,,,,,,,,自家用車,1,0,0,0,0,0,0,自家用車,0,0,0,0,,,,6～10回目,6～10回目,温泉や露天風呂地元の美味しいものを食べるドライブ・ツーリング,0,1,1,0,0,0,0,0,0,0,0,0,0,0,1,0,0,0,宿泊施設,0,0,0,0,0,0,0,0,0,0,0,0,0,1,0,0,0,0,0,0,0,0,0,0,0,,,,"5,000円以上 10,000円未満",,"10,000円以上 20,000円未満",,"3,000円以上 5,000円未満","1,000円以上 3,000円未満",,,,,,,,,,4,3,,,,,,8,また行きたい（1年以内）,,かずら橋 エリア,,選択なし/該当施設なし,,選択なし/該当施設なし,,000000,道の駅「パークイン丹生ヶ丘」 エリア,1957,69,,1月,48.かずら橋 エリア,（一財）いけだ農村観光公社,
福井,2026/01/10 17:07:23,福井県,その他,40代,,100万円未満,自分ひとり,日帰り,福井県外には宿泊しない,,1泊,,,,,,,,,自家用車,1,0,0,0,0,0,0,自家用車,0,0,0,0,4,,,2～5回目,2～5回目,名所、旧跡の観光,0,0,0,0,1,0,0,0,0,0,0,0,0,0,0,0,0,0,友人・知人,0,0,0,0,0,0,0,0,0,0,0,0,0,0,0,0,0,0,1,0,0,0,0,0,0,,,,"5,000円以上 10,000円未満",,"10,000円以上 20,000円未満",,"1,000円以上 3,000円未満","5,000円以上 10,000円未満",,,,,,,,,,4,4,,,,,,1,機会があれば行きたい,,劔神社 エリア,,選択なし/該当施設なし,,選択なし/該当施設なし,,000000,越前そばの里 エリア,1983,43,,1月,51.劔神社 エリア,一般社団法人 越前町観光連盟（DMO ECHIZEN）,
福井,2026/01/10 16:56:00,東京都,男,30代,,700万円以上 800万円未満,自分ひとり,1泊,福井県外には宿泊しない,,1泊,,,,,,,,,在来線,0,0,0,1,0,0,0,在来線路線バス,0,1,0,0,2,本数がかなり少ない,,初めて,初めて,宿でのんびり過ごす地元の美味しいものを食べる買い物、アウトレット,1,0,1,0,0,0,1,0,0,0,0,0,0,0,0,0,0,0,観光パンフレット・ポスター,0,0,0,0,0,0,0,0,0,0,0,0,0,0,0,0,0,0,0,0,1,0,0,0,0,,,,"3,000円以上 5,000円未満",,"5,000円以上 10,000円未満",,"1,000円以上 3,000円未満","3,000円以上 5,000円未満",,,,,,,,,,4,4,,,,,,7,また行きたい（1年以内）,,JR九頭竜湖駅 エリア,,選択なし/該当施設なし,,選択なし/該当施設なし,,000000,web,1995,31,,1月,23.JR九頭竜湖駅 エリア,,不便ではあるが自然の多く良いところ
福井,2026/01/10 16:43:58,兵庫県,男,70代,,400万円以上 500万円未満,夫婦2人,2泊,福井県外には宿泊しない,,2泊,,,,,,,,,自家用車,1,0,0,0,0,0,0,自家用車,0,0,0,0,,,,2～5回目,2～5回目,ドライブ・ツーリング,0,0,0,0,0,0,0,0,0,0,0,0,0,0,1,0,0,0,Facebook,1,0,0,0,0,0,0,0,0,0,0,0,0,0,0,0,0,0,0,0,0,0,0,0,0,,,,"5,000円以上 10,000円未満",,"20,000円以上 30,000円未満",,"10,000円以上 20,000円未満","5,000円以上 10,000円未満",,,,,,,,,,4,4,,,,,,8,機会があれば行きたい,,かつやま恐竜の森 エリア,,福井県立恐竜博物館,御誕生寺,選択なし/該当施設なし,,000000,web,1953,73,,1月,25.かつやま恐竜の森 エリア,勝山市観光まちづくり(株),
福井,2026/01/10 16:40:11,福井県,女,20代,,"1,000万円以上 1,200万円未満",自分ひとり,1泊,福井県外には宿泊しない,,1泊,,,,,,,,,県外から訪れていない（福井県在住）,0,0,0,0,0,0,1,自家用車,0,0,0,0,,,,11回目以上,11回目以上,宿でのんびり過ごす温泉や露天風呂地元の美味しいものを食べる,1,1,1,0,0,0,0,0,0,0,0,0,0,0,0,0,0,0,インターネット・アプリInstagram友人・知人,0,0,0,1,0,0,0,0,0,0,1,0,0,0,0,0,0,0,1,0,0,0,0,0,0,,,,"1,000円以上 3,000円未満",,"5,000円以上 10,000円未満",,"10,000円以上 20,000円未満","3,000円以上 5,000円未満",,,,,,,,,,5,5,,,,,,8,,,道の駅みくに ふれあいパーク三里浜 エリア,,選択なし/該当施設なし,,選択なし/該当施設なし,,000000,道の駅みくに ふれあいパーク三里浜 エリア,2004,22,,1月,15.道の駅みくに ふれあいパーク三里浜 エリア,(一社)DMOさかい観光局,
福井,2026/01/10 16:39:50,静岡県,女,40代,,500万円以上 600万円未満,小学生以下連れの家族,2泊,福井県外には宿泊しない,,2泊,,,,,,,,,新幹線,0,0,1,0,0,0,0,その他,0,0,0,0,5,,,初めて,初めて,地元の美味しいものを食べるテーマパーク（遊園地、動物園、博物館など）友人・親戚を尋ねる,0,0,1,0,0,1,0,0,0,0,0,0,0,0,0,1,0,0,友人・知人,0,0,0,0,0,0,0,0,0,0,0,0,0,0,0,0,0,0,1,0,0,0,0,0,0,,,,"20,000円以上 30,000円未満",,使わない,,"1,000円以上 3,000円未満","10,000円以上 20,000円未満",,,,,,,,,,5,5,,,,,,10,また行きたい（1年以内）,,大本山 永平寺 エリア,,選択なし/該当施設なし,,福井県立恐竜博物館,,000000,大本山 永平寺 エリア,1986,40,,1月,34.大本山 永平寺 エリア,,
福井,2026/01/10 16:20:41,京都府,女,50代,,800万円以上 900万円未満,親,1泊,福井県外には宿泊しない,,1泊,,,,,,,,,新幹線,0,0,1,0,0,0,0,在来線,0,0,0,0,3,京都からサンダーバードで直通で来れなくなってしまったのが残念です,,6～10回目,6～10回目,宿でのんびり過ごす温泉や露天風呂地元の美味しいものを食べるまちあるき、都市散策,1,1,1,0,0,0,0,0,0,0,1,0,0,0,0,0,0,0,インターネット・アプリInstagram,0,0,0,1,0,0,0,0,0,0,1,0,0,0,0,0,0,0,0,0,0,0,0,0,0,,,,"10,000円以上 20,000円未満",,"50,000円以上 100,000円未満",,"50,000円以上 100,000円未満","5,000円以上 10,000円未満",,,,,,,,,,5,5,,,,,,10,また行きたい（1年以内）,,あわら湯のまち エリア,,選択なし/該当施設なし,,選択なし/該当施設なし,,000000,金ヶ崎 エリア,1976,50,,1月,17.あわら湯のまち エリア,,
福井,2026/01/10 16:14:10,三重県,男,60代,,"1,000万円以上 1,200万円未満",夫婦2人,1泊,京都府,,1泊,,,,,,,,,自家用車,1,0,0,0,0,0,0,自家用車,0,0,0,0,5,,,初めて,初めて,宿でのんびり過ごす地元の美味しいものを食べる,1,0,1,0,0,0,0,0,0,0,0,0,0,0,0,0,0,0,友人・知人,0,0,0,0,0,0,0,0,0,0,0,0,0,0,0,0,0,0,1,0,0,0,0,0,0,,,,"10,000円以上 20,000円未満",,"50,000円以上 100,000円未満",,"5,000円以上 10,000円未満","10,000円以上 20,000円未満",,,,,,,,,,5,5,,,,,,3,機会があれば行きたい,,小浜 エリア（宿泊施設）,,小浜市水産食品センター（若狭小浜お魚センター）,,選択なし/該当施設なし,,000000,小浜 エリア（宿泊施設）,1961,65,,1月,69.小浜 エリア（宿泊施設）,(株)まちづくり小浜,
福井,2026/01/10 16:06:36,岩手県,男,30代,,500万円以上 600万円未満,恋人,3泊,石川県金沢市,,1泊,,,,,,,,,レンタカー新幹線,0,1,1,0,0,0,0,レンタカー,0,0,0,0,4,,,初めて,初めて,地元の美味しいものを食べるテーマパーク（遊園地、動物園、博物館など）,0,0,1,0,0,1,0,0,0,0,0,0,0,0,0,0,0,0,観光パンフレット・ポスター観光連盟やDMOのHPインターネット・アプリ,0,0,0,0,0,0,0,0,0,0,1,0,0,0,0,0,0,0,0,0,1,0,0,1,0,,,,"50,000円以上 100,000円未満",,"30,000円以上 40,000円未満",,"3,000円以上 5,000円未満","20,000円以上 30,000円未満",,,,,,,,,,4,4,,,,,,8,,,道の駅「恐竜渓谷かつやま」 エリア,,福井県立恐竜博物館,,越前がにミュージアム,,000000,道の駅「恐竜渓谷かつやま」 エリア,1990,36,,1月,26.道の駅「恐竜渓谷かつやま」 エリア,勝山市観光まちづくり(株),
福井,2026/01/10 15:53:20,岩手県,女,30代,,"1,000万円以上 1,200万円未満",恋人,3泊,石川県金沢市,,1泊,,,,,,,,,新幹線,0,0,1,0,0,0,0,レンタカー,0,0,0,0,4,,,2～5回目,2～5回目,地元の美味しいものを食べる,0,0,1,0,0,0,0,0,0,0,0,0,0,0,0,0,0,0,Instagram,0,0,0,1,0,0,0,0,0,0,0,0,0,0,0,0,0,0,0,0,0,0,0,0,0,,,,"20,000円以上 30,000円未満",,"50,000円以上 100,000円未満",,"1,000円未満","30,000円以上 40,000円未満",,,,,,,,,,3,4,,,,,,5,また行きたい（1年以内）,,道の駅「恐竜渓谷かつやま」 エリア,,福井県立恐竜博物館,,選択なし/該当施設なし,,000000,かつやま恐竜の森 エリア,1995,31,,1月,26.道の駅「恐竜渓谷かつやま」 エリア,勝山市観光まちづくり(株),
福井,2026/01/10 15:39:02,東京都,女,60代,,分からない/無回答,友人,2泊,石川県金沢市,,1泊,,,,,,,,,自家用車,1,0,0,0,0,0,0,自家用車,0,0,0,0,5,,,初めて,初めて,名所、旧跡の観光,0,0,0,0,1,0,0,0,0,0,0,0,0,0,0,0,0,0,友人・知人,0,0,0,0,0,0,0,0,0,0,0,0,0,0,0,0,0,0,1,0,0,0,0,0,0,,,,"20,000円以上 30,000円未満",,"20,000円以上 30,000円未満",,"1,000円以上 3,000円未満","10,000円以上 20,000円未満",,,,,,,,,,4,4,,,,,,8,機会があれば行きたい,,道の駅「禅の里」 エリア,,大本山永平寺,,選択なし/該当施設なし,,000000,かつやま恐竜の森 エリア,1966,60,,1月,35.道の駅「禅の里」 エリア,,
福井,2026/01/10 15:38:50,京都府,男,30代,,500万円以上 600万円未満,友人,1泊,福井県外には宿泊しない,,1泊,,,,,,,,,自家用車レンタカー,1,1,0,0,0,0,0,自家用車レンタカー,0,0,0,0,,,,初めて,初めて,温泉や露天風呂花見や紅葉などの自然鑑賞名所、旧跡の観光スキー・スノボ、マリンスポーツ,0,1,0,1,1,0,0,0,0,0,0,0,1,0,0,0,0,0,インターネット・アプリ友人・知人,0,0,0,0,0,0,0,0,0,0,1,0,0,0,0,0,0,0,1,0,0,0,0,0,0,,,,"3,000円以上 5,000円未満",,"5,000円以上 10,000円未満",,"20,000円以上 30,000円未満","10,000円以上 20,000円未満",,,,,,,,,,5,5,,,,,,9,また行きたい（1年以内）,,大本山 永平寺 エリア,,越前大野城,,越前大仏,,000000,大本山 永平寺 エリア,1991,35,,1月,34.大本山 永平寺 エリア,,
福井,2026/01/10 15:34:38,神奈川県,その他,50代,,600万円以上 700万円未満,友人,2泊,石川県金沢市,,1泊,,,,,,,,,自家用車,1,0,0,0,0,0,0,自家用車,0,0,0,0,5,,,2～5回目,2～5回目,地元の美味しいものを食べる,0,0,1,0,0,0,0,0,0,0,0,0,0,0,0,0,0,0,観光パンフレット・ポスター,0,0,0,0,0,0,0,0,0,0,0,0,0,0,0,0,0,0,0,0,1,0,0,0,0,,,,"20,000円以上 30,000円未満",,"10,000円以上 20,000円未満",,"5,000円以上 10,000円未満","5,000円以上 10,000円未満",,,,,,,,,,4,4,,,,,,6,,,かつやま恐竜の森 エリア,,選択なし/該当施設なし,,大本山永平寺,,000000,道の駅「恐竜渓谷かつやま」 エリア,1970,56,,1月,25.かつやま恐竜の森 エリア,勝山市観光まちづくり(株),
福井,2026/01/10 15:32:48,岩手県,女,30代,,"1,000万円以上 1,200万円未満",恋人,3泊,石川県金沢市,,1泊,,,,,,,,,レンタカー新幹線,0,1,1,0,0,0,0,レンタカー,0,0,0,0,5,,,2～5回目,2～5回目,地元の美味しいものを食べる,0,0,1,0,0,0,0,0,0,0,0,0,0,0,0,0,0,0,新聞・雑誌・ガイドブックInstagram,0,0,0,1,0,0,0,0,0,0,0,0,0,0,0,0,1,0,0,0,0,0,0,0,0,,,,"20,000円以上 30,000円未満",,"50,000円以上 100,000円未満",,"3,000円以上 5,000円未満","30,000円以上 40,000円未満",,,,,,,,,,5,5,,,,,,10,また行きたい（1年以内）,,かつやま恐竜の森 エリア,,選択なし/該当施設なし,,選択なし/該当施設なし,,000000,かつやま恐竜の森 エリア,1995,31,,1月,25.かつやま恐竜の森 エリア,勝山市観光まちづくり(株),
福井,2026/01/10 15:31:10,神奈川県,その他,50代,,600万円以上 700万円未満,友人,2泊,石川県金沢市,,1泊,,,,,,,,,自家用車,1,0,0,0,0,0,0,自家用車,0,0,0,0,4,,,2～5回目,2～5回目,温泉や露天風呂地元の美味しいものを食べる,0,1,1,0,0,0,0,0,0,0,0,0,0,0,0,0,0,0,観光パンフレット・ポスター,0,0,0,0,0,0,0,0,0,0,0,0,0,0,0,0,0,0,0,0,1,0,0,0,0,,,,"20,000円以上 30,000円未満",,"10,000円以上 20,000円未満",,"1,000円以上 3,000円未満","5,000円以上 10,000円未満",,,,,,,,,,4,3,,,,,,5,,,道の駅「禅の里」 エリア,,選択なし/該当施設なし,,選択なし/該当施設なし,,000000,道の駅「恐竜渓谷かつやま」 エリア,1970,56,,1月,35.道の駅「禅の里」 エリア,,
福井,2026/01/10 15:19:29,東京都,男,40代,,分からない/無回答,小学生以下連れの家族,1泊,福井県外には宿泊しない,,1泊,,,,,,,,,新幹線,0,0,1,0,0,0,0,路線バス,0,1,0,0,4,,,2～5回目,2～5回目,宿でのんびり過ごす名所、旧跡の観光テーマパーク（遊園地、動物園、博物館など）買い物、アウトレット,1,0,0,0,1,1,1,0,0,0,0,0,0,0,0,0,0,0,観光展・物産展新聞・雑誌・ガイドブック観光パンフレット・ポスター,0,0,0,0,0,0,0,0,0,0,0,0,0,0,0,0,1,0,0,0,1,0,1,0,0,,,,"10,000円以上 20,000円未満",,"30,000円以上 40,000円未満",,"3,000円以上 5,000円未満","10,000円以上 20,000円未満",,,,,,,,,,4,4,,,,,,8,機会があれば行きたい,,大本山 永平寺 エリア,,選択なし/該当施設なし,,選択なし/該当施設なし,,000000,大本山 永平寺 エリア,1981,45,,1月,34.大本山 永平寺 エリア,,
福井,2026/01/10 15:16:20,東京都,女,60代,,分からない/無回答,友人,2泊,石川県金沢市,,1泊,,,,,,,,,自家用車,1,0,0,0,0,0,0,自家用車,0,0,0,0,,,,初めて,初めて,地元の美味しいものを食べる名所、旧跡の観光,0,0,1,0,1,0,0,0,0,0,0,0,0,0,0,0,0,0,インターネット・アプリ友人・知人,0,0,0,0,0,0,0,0,0,0,1,0,0,0,0,0,0,0,1,0,0,0,0,0,0,,,,"20,000円以上 30,000円未満",,"20,000円以上 30,000円未満",,"10,000円以上 20,000円未満","10,000円以上 20,000円未満",,,,,,,,,,5,4,,,,,,9,機会があれば行きたい,,かつやま恐竜の森 エリア,,氣比神宮,I&rsquo;m,大本山永平寺,,000000,かつやま恐竜の森 エリア,1966,60,,1月,25.かつやま恐竜の森 エリア,勝山市観光まちづくり(株),恐竜が動いて面白かった
福井,2026/01/10 15:08:22,長野県,男,30代,,400万円以上 500万円未満,自分ひとり,1泊,福井県外には宿泊しない,,1泊,,,,,,,,,在来線,0,0,0,1,0,0,0,レンタサイクル,0,0,0,1,5,手続きの簡単さ、お手頃な料金,,初めて,初めて,温泉や露天風呂地元の美味しいものを食べる花見や紅葉などの自然鑑賞名所、旧跡の観光買い物、アウトレット,0,1,1,1,1,0,1,0,0,0,0,0,0,0,0,0,0,0,観光連盟やDMOのHP,0,0,0,0,0,0,0,0,0,0,0,0,0,0,0,0,0,0,0,0,0,0,0,1,0,,,,"20,000円以上 30,000円未満",,"10,000円以上 20,000円未満",,"1,000円以上 3,000円未満","10,000円以上 20,000円未満",,,,,,,,,,5,5,,電話予約から受付まで、とても親切にご対応いただけました。,,,,10,機会があれば行きたい,,美浜町レイクセンター エリア,,選択なし/該当施設なし,,若狭瓜割名水公園 瓜割の滝,,000000,あわら湯のまち エリア,1987,39,,1月,75.美浜町レイクセンター エリア,三方五湖DMO(株),時間があれば電車でなく路線バスで街並みを見ながら目的地まで行くことを薦めたいです。
福井,2026/01/10 15:06:30,石川県,男,40代,,600万円以上 700万円未満,自分ひとり,3泊,兵庫,,1泊,,,,,,,,,自家用車,1,0,0,0,0,0,0,自家用車徒歩,0,0,1,0,,,,11回目以上,11回目以上,友人・親戚を尋ねる,0,0,0,0,0,0,0,0,0,0,0,0,0,0,0,1,0,0,Twitter,0,0,0,0,0,1,0,0,0,0,0,0,0,0,0,0,0,0,0,0,0,0,0,0,0,,,,"5,000円以上 10,000円未満",,"5,000円以上 10,000円未満",,"1,000円未満","3,000円以上 5,000円未満",,,,,,,,,,5,5,,,,,,9,また行きたい（1年以内）,,若狭高浜 エリア,,道の駅「シーサイド高浜」,,選択なし/該当施設なし,,000000,web,1979,47,,1月,90.若狭高浜 エリア,,
福井,2026/01/10 14:52:52,神奈川県,女,40代,,600万円以上 700万円未満,小学生以下連れの家族,2泊,福井県外には宿泊しない,,2泊,,,,,,,,,レンタカー新幹線,0,1,1,0,0,0,0,レンタカー,0,0,0,0,4,,,初めて,初めて,宿でのんびり過ごす温泉や露天風呂地元の美味しいものを食べるテーマパーク（遊園地、動物園、博物館など）まちあるき、都市散策,1,1,1,0,0,1,0,0,0,0,1,0,0,0,0,0,0,0,新聞・雑誌・ガイドブックインターネット・アプリInstagramその他,0,0,0,1,0,0,0,0,0,0,1,0,0,0,0,0,1,0,0,0,0,0,0,0,0,,,,"5,000円以上 10,000円未満",,"10,000円以上 20,000円未満",,"3,000円以上 5,000円未満","10,000円以上 20,000円未満",,,,,,,,,,5,5,,子供が動く恐竜をこわがりました笑,,,,10,機会があれば行きたい,,かつやま恐竜の森 エリア,,選択なし/該当施設なし,寄れたら,酒蔵,,000000,かつやま恐竜の森 エリア,1984,42,,1月,25.かつやま恐竜の森 エリア,勝山市観光まちづくり(株),魚が美味しかった！
福井,2026/01/10 14:44:20,神奈川県,男,40代,,"1,000万円以上 1,200万円未満",小学生以下連れの家族,2泊,福井県外には宿泊しない,,2泊,,,,,,,,,レンタカー新幹線,0,1,1,0,0,0,0,レンタカー,0,0,0,0,,,,初めて,初めて,温泉や露天風呂地元の美味しいものを食べる,0,1,1,0,0,0,0,0,0,0,0,0,0,0,0,0,0,0,TV・ラジオ番組やCMインターネット・アプリ,0,0,0,0,0,0,0,0,0,0,1,0,0,0,1,0,0,0,0,0,0,0,0,0,0,,,,"20,000円以上 30,000円未満",,"30,000円以上 40,000円未満",,"3,000円以上 5,000円未満","30,000円以上 40,000円未満",,,,,,,,,,5,4,,,,,,8,,,かつやま恐竜の森 エリア,,選択なし/該当施設なし,,選択なし/該当施設なし,,000000,かつやま恐竜の森 エリア,1986,40,,1月,25.かつやま恐竜の森 エリア,勝山市観光まちづくり(株),
福井,2026/01/10 14:23:31,大阪府,男,20代,,300万円以上 400万円未満,その他家族,1泊,福井県外には宿泊しない,,1泊,,,,,,,,,自家用車,1,0,0,0,0,0,0,自家用車,0,0,0,0,4,,,初めて,初めて,宿でのんびり過ごす,1,0,0,0,0,0,0,0,0,0,0,0,0,0,0,0,0,0,インターネット・アプリ,0,0,0,0,0,0,0,0,0,0,1,0,0,0,0,0,0,0,0,0,0,0,0,0,0,,,,"5,000円以上 10,000円未満",,"40,000円以上 50,000円未満",,"1,000円以上 3,000円未満","5,000円以上 10,000円未満",,,,,,,,,,4,4,,,,,,8,,,大本山 永平寺 エリア,,選択なし/該当施設なし,,選択なし/該当施設なし,,000000,大本山 永平寺 エリア,2000,26,,1月,34.大本山 永平寺 エリア,,
福井,2026/01/10 13:54:49,東京都,男,30代,,"900万円以上 1,000万円未満",夫婦2人,2泊,福井県外には宿泊しない,,2泊,,,,,,,,,新幹線在来線,0,0,1,1,0,0,0,徒歩,0,0,1,0,,,,初めて,初めて,地元の美味しいものを食べるテーマパーク（遊園地、動物園、博物館など）,0,0,1,0,0,1,0,0,0,0,0,0,0,0,0,0,0,0,新聞・雑誌・ガイドブックインターネット・アプリブログ,0,0,0,0,0,0,0,0,1,0,1,0,0,0,0,0,1,0,0,0,0,0,0,0,0,,,,"20,000円以上 30,000円未満",,"5,000円以上 10,000円未満",,"3,000円以上 5,000円未満","20,000円以上 30,000円未満",,,,,,,,,,5,4,,,,,,10,また行きたい（1年以内）,,金ヶ崎 エリア,,選択なし/該当施設なし,,福井県立恐竜博物館,,000000,金ヶ崎 エリア,1994,32,,1月,64.金ヶ崎 エリア,,明るくて活気があり、穏やかな海があったから。
福井,2026/01/10 13:41:53,石川県,男,40代,,600万円以上 700万円未満,自分ひとり,3泊,兵庫,,1泊,,,,,,,,,自家用車,1,0,0,0,0,0,0,自家用車,0,0,0,0,5,,,初めて,初めて,地元の美味しいものを食べるまちあるき、都市散策友人・親戚を尋ねる,0,0,1,0,0,0,0,0,0,0,1,0,0,0,0,1,0,0,観光展・物産展Twitter,0,0,0,0,0,1,0,0,0,0,0,0,0,0,0,0,0,0,0,0,0,0,1,0,0,,,,"5,000円以上 10,000円未満",,"5,000円以上 10,000円未満",,"1,000円以上 3,000円未満","3,000円以上 5,000円未満",,,,,,,,,,4,4,,,,,,8,また行きたい（1年以内）,,うみんぴあ大飯 エリア,,選択なし/該当施設なし,,選択なし/該当施設なし,,000000,web,1979,47,,1月,84.うみんぴあ大飯 エリア,,
福井,2026/01/10 13:32:06,福井県,女,50代,,"1,000万円以上 1,200万円未満",自分ひとり,日帰り,福井県外には宿泊しない,,福井県内には宿泊しない,,,,,,,,,県外から訪れていない（福井県在住）,0,0,0,0,0,0,1,自家用車,0,0,0,0,,,,2～5回目,2～5回目,地元の美味しいものを食べる,0,0,1,0,0,0,0,0,0,0,0,0,0,0,0,0,0,0,インターネット・アプリ,0,0,0,0,0,0,0,0,0,0,1,0,0,0,0,0,0,0,0,0,0,0,0,0,0,,,,使わない,,使わない,,"20,000円以上 30,000円未満","10,000円以上 20,000円未満",,,,,,,,,,3,3,,商品の記載してある値段が税込か税別が買うまでわからなかった,,,,7,福井県在住,,ふくい鮮いちば エリア,,選択なし/該当施設なし,,選択なし/該当施設なし,,000000,ふくい鮮いちば エリア,1972,54,,1月,05.ふくい鮮いちば エリア,,
福井,2026/01/10 13:21:03,兵庫県,女,50代,,分からない/無回答,中学生以上連れの家族,2泊,福井県外には宿泊しない,,2泊,,,,,,,,,自家用車,1,0,0,0,0,0,0,自家用車,0,0,0,0,5,,,初めて,初めて,スキー・スノボ、マリンスポーツ,0,0,0,0,0,0,0,0,0,0,0,0,1,0,0,0,0,0,Instagram,0,0,0,1,0,0,0,0,0,0,0,0,0,0,0,0,0,0,0,0,0,0,0,0,0,,,,"20,000円以上 30,000円未満",,"100,000円以上",,"3,000円以上 5,000円未満","50,000円以上 100,000円未満",,,,,,,,,,5,5,,,,,,9,また行きたい（1年以内）,,かつやま恐竜の森 エリア,,スキージャム勝山,,選択なし/該当施設なし,,000000,かつやま恐竜の森 エリア,1973,53,,1月,25.かつやま恐竜の森 エリア,勝山市観光まちづくり(株),
福井,2026/01/10 13:02:03,大阪府,女,60代,,"1,500万円以上",夫婦2人,日帰り,福井県外には宿泊しない,,福井県内には宿泊しない,,,,,,,,,新幹線,0,0,1,0,0,0,0,在来線,0,0,0,0,4,大阪からです。直通でいければもっといいのにと思っています。,,2～5回目,2～5回目,その他,0,0,0,0,0,0,0,0,0,0,0,0,0,0,0,0,0,1,インターネット・アプリ友人・知人,0,0,0,0,0,0,0,0,0,0,1,0,0,0,0,0,0,0,1,0,0,0,0,0,0,,,,"10,000円以上 20,000円未満",,使わない,,"5,000円以上 10,000円未満","10,000円以上 20,000円未満",,,,,,,,,,4,4,,,,,,8,また行きたい（1年以内）,,福井駅前 エリア,,選択なし/該当施設なし,,選択なし/該当施設なし,,000000,web,1965,61,,1月,01.福井駅前 エリア,,
福井,2026/01/10 12:42:57,愛知県,男,60代,,200万円以上 300万円未満,友人,日帰り,福井県外には宿泊しない,,福井県内には宿泊しない,,,,,,,,,自家用車,1,0,0,0,0,0,0,自家用車,0,0,0,0,,,,11回目以上,11回目以上,スキー・スノボ、マリンスポーツ,0,0,0,0,0,0,0,0,0,0,0,0,1,0,0,0,0,0,観光パンフレット・ポスター,0,0,0,0,0,0,0,0,0,0,0,0,0,0,0,0,0,0,0,0,1,0,0,0,0,,,,"1,000円以上 3,000円未満",,使わない,,"5,000円以上 10,000円未満","5,000円以上 10,000円未満",,,,,,,,,,4,5,,,,,,9,また行きたい（1年以内）,,JR九頭竜湖駅 エリア,,福井和泉スキー場,,選択なし/該当施設なし,,000000,丸岡城 エリア,1957,69,,1月,23.JR九頭竜湖駅 エリア,,
福井,2026/01/10 12:01:09,福井県,男,30代,,100万円未満,小学生以下連れの家族,日帰り,福井県外には宿泊しない,,福井県内には宿泊しない,,,,,,,,,県外から訪れていない（福井県在住）,0,0,0,0,0,0,1,自家用車,0,0,0,0,4,,,2～5回目,2～5回目,お祭りやイベントへの参加・見物,0,0,0,0,0,0,0,1,0,0,0,0,0,0,0,0,0,0,観光展・物産展,0,0,0,0,0,0,0,0,0,0,0,0,0,0,0,0,0,0,0,0,0,0,1,0,0,,,,"5,000円以上 10,000円未満",,"3,000円以上 5,000円未満",,"10,000円以上 20,000円未満","3,000円以上 5,000円未満",,,,,,,,,,3,4,,,,,,3,どちらともいえない,,花の駅 ゆりの里公園 エリア,,選択なし/該当施設なし,,選択なし/該当施設なし,,000000,花の駅 ゆりの里公園 エリア,1993,33,,1月,14.花の駅 ゆりの里公園 エリア,(一社)DMOさかい観光局,
福井,2026/01/10 12:00:29,埼玉県,男,50代,,300万円以上 400万円未満,友人,2泊,京都府,,1泊,,,,,,,,,レンタカー新幹線,0,1,1,0,0,0,0,レンタカー,0,0,0,0,3,小浜に向かう高速が対面通行で遅い,,初めて,初めて,地元の美味しいものを食べる,0,0,1,0,0,0,0,0,0,0,0,0,0,0,0,0,0,0,友人・知人,0,0,0,0,0,0,0,0,0,0,0,0,0,0,0,0,0,0,1,0,0,0,0,0,0,,,,"30,000円以上 40,000円未満",,"10,000円以上 20,000円未満",,"3,000円以上 5,000円未満","20,000円以上 30,000円未満",,,,,,,,,,4,4,,,,,,8,機会があれば行きたい,,御食国若狭おばま食文化館 エリア,,選択なし/該当施設なし,天橋立,選択なし/該当施設なし,,000000,御食国若狭おばま食文化館 エリア,1971,55,,1月,71.御食国若狭おばま食文化館 エリア,(株)まちづくり小浜,
福井,2026/01/10 11:52:54,長野県,男,30代,,200万円以上 300万円未満,小学生以下連れの家族,1泊,福井県外には宿泊しない,,1泊,,,,,,,,,自家用車,1,0,0,0,0,0,0,自家用車,0,0,0,0,4,,,初めて,初めて,テーマパーク（遊園地、動物園、博物館など）,0,0,0,0,0,1,0,0,0,0,0,0,0,0,0,0,0,0,インターネット・アプリ,0,0,0,0,0,0,0,0,0,0,1,0,0,0,0,0,0,0,0,0,0,0,0,0,0,,,,"5,000円以上 10,000円未満",,"10,000円以上 20,000円未満",,"1,000円以上 3,000円未満","3,000円以上 5,000円未満",,,,,,,,,,4,4,,,,,,8,機会があれば行きたい,,かつやま恐竜の森 エリア,,選択なし/該当施設なし,,選択なし/該当施設なし,,000000,かつやま恐竜の森 エリア,1993,33,,1月,25.かつやま恐竜の森 エリア,勝山市観光まちづくり(株),
福井,2026/01/10 11:22:16,兵庫県,女,60代,,400万円以上 500万円未満,自分ひとり,1泊,福井県外には宿泊しない,,1泊,,,,,,,,,在来線,0,0,0,1,0,0,0,在来線,0,0,0,0,,,,2～5回目,2～5回目,まちあるき、都市散策,0,0,0,0,0,0,0,0,0,0,1,0,0,0,0,0,0,0,インターネット・アプリ,0,0,0,0,0,0,0,0,0,0,1,0,0,0,0,0,0,0,0,0,0,0,0,0,0,,,,"3,000円以上 5,000円未満",,"5,000円以上 10,000円未満",,"1,000円以上 3,000円未満","1,000円以上 3,000円未満",,,,,,,,,,3,3,,,,,,7,,,JR敦賀駅前 エリア,,選択なし/該当施設なし,,選択なし/該当施設なし,,000000,web,1964,62,,1月,63.JR敦賀駅前 エリア,,
福井,2026/01/10 11:08:02,静岡県,女,20代,,200万円以上 300万円未満,職場の同僚,2泊,福井県外には宿泊しない,,2泊,,,,,,,,,自家用車,1,0,0,0,0,0,0,自家用車,0,0,0,0,,,,初めて,初めて,花見や紅葉などの自然鑑賞名所、旧跡の観光,0,0,0,1,1,0,0,0,0,0,0,0,0,0,0,0,0,0,観光パンフレット・ポスターインターネット・アプリ友人・知人,0,0,0,0,0,0,0,0,0,0,1,0,0,0,0,0,0,0,1,0,1,0,0,0,0,,,,"3,000円以上 5,000円未満",,"1,000円以上 3,000円未満",,"3,000円以上 5,000円未満","5,000円以上 10,000円未満",,,,,,,,,,4,4,,,,,,8,機会があれば行きたい,,越前大野城・城下町 エリア,,越前大野城,,越前がにミュージアム,,000000,越前大野城・城下町 エリア,2000,26,,1月,21.越前大野城・城下町 エリア,,
福井,2026/01/10 11:04:16,兵庫県,男,70代,,400万円以上 500万円未満,夫婦2人,2泊,福井県外には宿泊しない,,2泊,,,,,,,,,自家用車,1,0,0,0,0,0,0,自家用車,0,0,0,0,,,,2～5回目,2～5回目,ドライブ・ツーリング,0,0,0,0,0,0,0,0,0,0,0,0,0,0,1,0,0,0,Facebook,1,0,0,0,0,0,0,0,0,0,0,0,0,0,0,0,0,0,0,0,0,0,0,0,0,,,,"5,000円以上 10,000円未満",,"20,000円以上 30,000円未満",,"1,000円未満","5,000円以上 10,000円未満",,,,,,,,,,4,4,,,,,,8,機会があれば行きたい,,大本山 永平寺 エリア,,ふれあいパーク三里浜(道の駅「みくに」),,福井県立恐竜博物館,,000000,web,1953,73,,1月,34.大本山 永平寺 エリア,,
福井,2026/01/10 10:33:36,三重県,女,40代,,400万円以上 500万円未満,小学生以下連れの家族,1泊,福井県外には宿泊しない,,1泊,,,,,,,,,自家用車,1,0,0,0,0,0,0,自家用車,0,0,0,0,5,,,2～5回目,2～5回目,その他,0,0,0,0,0,0,0,0,0,0,0,0,0,0,0,0,0,1,その他,0,0,0,0,0,0,0,0,0,0,0,0,0,0,0,0,0,0,0,0,0,0,0,0,1,,,,"5,000円以上 10,000円未満",,"10,000円以上 20,000円未満",,"1,000円以上 3,000円未満","10,000円以上 20,000円未満",,,,,,,,,,5,5,,,,,,10,また行きたい（1年以内）,,花の駅 ゆりの里公園 エリア,,選択なし/該当施設なし,,選択なし/該当施設なし,,000000,日本海さかな街 エリア,1983,43,,1月,14.花の駅 ゆりの里公園 エリア,(一社)DMOさかい観光局,
福井,2026/01/10 10:26:23,三重県,男,40代,,600万円以上 700万円未満,小学生以下連れの家族,1泊,福井県外には宿泊しない,,1泊,,,,,,,,,自家用車,1,0,0,0,0,0,0,自家用車,0,0,0,0,,,,初めて,初めて,テーマパーク（遊園地、動物園、博物館など）,0,0,0,0,0,1,0,0,0,0,0,0,0,0,0,0,0,0,インターネット・アプリ,0,0,0,0,0,0,0,0,0,0,1,0,0,0,0,0,0,0,0,0,0,0,0,0,0,,,,"5,000円以上 10,000円未満",,"10,000円以上 20,000円未満",,"1,000円以上 3,000円未満","10,000円以上 20,000円未満",,,,,,,,,,5,5,,,,,,9,また行きたい（1年以内）,,花の駅 ゆりの里公園 エリア,,選択なし/該当施設なし,,選択なし/該当施設なし,,000000,web,1979,47,,1月,14.花の駅 ゆりの里公園 エリア,(一社)DMOさかい観光局,
福井,2026/01/10 10:24:30,三重県,男,40代,,600万円以上 700万円未満,小学生以下連れの家族,1泊,福井県外には宿泊しない,,1泊,,,,,,,,,自家用車,1,0,0,0,0,0,0,自家用車,0,0,0,0,,,,初めて,初めて,テーマパーク（遊園地、動物園、博物館など）,0,0,0,0,0,1,0,0,0,0,0,0,0,0,0,0,0,0,インターネット・アプリ,0,0,0,0,0,0,0,0,0,0,1,0,0,0,0,0,0,0,0,0,0,0,0,0,0,,,,"5,000円以上 10,000円未満",,"10,000円以上 20,000円未満",,"10,000円以上 20,000円未満","10,000円以上 20,000円未満",,,,,,,,,,5,5,,,,,,8,また行きたい（1年以内）,,福井駅前 エリア,,選択なし/該当施設なし,,選択なし/該当施設なし,,000000,web,1979,47,,1月,01.福井駅前 エリア,,
福井,2026/01/10 09:37:57,福井県,男,70代,,300万円以上 400万円未満,自分ひとり,1泊,京都府,,1泊,,,,,,,,,自家用車,1,0,0,0,0,0,0,自家用車,0,0,0,0,4,,,2～5回目,2～5回目,温泉や露天風呂,0,1,0,0,0,0,0,0,0,0,0,0,0,0,0,0,0,0,観光展・物産展,0,0,0,0,0,0,0,0,0,0,0,0,0,0,0,0,0,0,0,0,0,0,1,0,0,,,,"3,000円以上 5,000円未満",,"10,000円以上 20,000円未満",,"3,000円以上 5,000円未満","3,000円以上 5,000円未満",,,,,,,,,,3,3,,,,,,2,機会があれば行きたい,,道の駅「若狭おばま」 エリア,,丸岡城,,選択なし/該当施設なし,,000000,道の駅「若狭おばま」 エリア,1954,72,,1月,68.道の駅「若狭おばま」 エリア,(株)まちづくり小浜,
福井,2026/01/10 09:23:12,福井県,女,30代,,300万円以上 400万円未満,自分ひとり,日帰り,福井県外には宿泊しない,,福井県内には宿泊しない,,,,,,,,,自家用車,1,0,0,0,0,0,0,自家用車,0,0,0,0,3,,,11回目以上,11回目以上,買い物、アウトレット,0,0,0,0,0,0,1,0,0,0,0,0,0,0,0,0,0,0,インターネット・アプリ,0,0,0,0,0,0,0,0,0,0,1,0,0,0,0,0,0,0,0,0,0,0,0,0,0,,,,使わない,,使わない,,"5,000円以上 10,000円未満","5,000円以上 10,000円未満",,,,,,,,,,5,5,,,,,,8,,,うるしの里 エリア,,選択なし/該当施設なし,,選択なし/該当施設なし,,000000,福井駅前 エリア,1995,31,,1月,46.うるしの里 エリア,,
福井,2026/01/10 09:17:05,福井県,男,40代,,200万円以上 300万円未満,自分ひとり,日帰り,福井県外には宿泊しない,,1泊,,,,,,,,,県外から訪れていない（福井県在住）,0,0,0,0,0,0,1,自家用車,0,0,0,0,3,,,11回目以上,11回目以上,買い物、アウトレット,0,0,0,0,0,0,1,0,0,0,0,0,0,0,0,0,0,0,友人・知人,0,0,0,0,0,0,0,0,0,0,0,0,0,0,0,0,0,0,1,0,0,0,0,0,0,,,,"1,000円未満",,使わない,,"3,000円以上 5,000円未満","5,000円以上 10,000円未満",,,,,,,,,,3,4,,,,,,7,福井県在住,,ふくい鮮いちば エリア,,選択なし/該当施設なし,,福井駅,,000000,ふくい鮮いちば エリア,1982,44,,1月,05.ふくい鮮いちば エリア,,
福井,2026/01/10 09:04:30,京都府,女,40代,,700万円以上 800万円未満,小学生以下連れの家族,2泊,石川県加賀市,,福井県内には宿泊しない,,,,,,,,,自家用車,1,0,0,0,0,0,0,自家用車,0,0,0,0,5,積雪もなく快適,,初めて,初めて,地元の美味しいものを食べるテーマパーク（遊園地、動物園、博物館など）,0,0,1,0,0,1,0,0,0,0,0,0,0,0,0,0,0,0,その他,0,0,0,0,0,0,0,0,0,0,0,0,0,0,0,0,0,0,0,0,0,0,0,0,1,,,,"5,000円以上 10,000円未満",,使わない,,使わない,"3,000円以上 5,000円未満",,,,,,,,,,2,1,,開いてなかった,,,,1,また行きたい（1年以内）,,道の駅「禅の里」 エリア,,選択なし/該当施設なし,,道の駅「恐竜渓谷かつやま」,,000000,web,1980,46,,1月,35.道の駅「禅の里」 エリア,,
福井,2026/01/10 08:57:14,栃木県,男,60代,,800万円以上 900万円未満,自分ひとり,1泊,福井県外には宿泊しない,,1泊,,,,,,,,,新幹線,0,0,1,0,0,0,0,その他,0,0,0,0,,,,6～10回目,6～10回目,出張など仕事関係,0,0,0,0,0,0,0,0,0,0,0,0,0,0,0,0,1,0,宿泊施設,0,0,0,0,0,0,0,0,0,0,0,0,0,1,0,0,0,0,0,0,0,0,0,0,0,,,,"30,000円以上 40,000円未満",,"5,000円以上 10,000円未満",,使わない,"5,000円以上 10,000円未満",,,,,,,,,,3,3,,,,,,5,また行きたい（1年以内）,,福井駅前 エリア（宿泊施設）,,選択なし/該当施設なし,,選択なし/該当施設なし,,000000,福井駅前 エリア（宿泊施設）,1965,61,,1月,02.福井駅前 エリア（宿泊施設）,,
福井,2026/01/10 07:01:32,福井県,男,70代,,700万円以上 800万円未満,夫婦2人,日帰り,石川県加賀市,,1泊,,,,,,,,,県外から訪れていない（福井県在住）,0,0,0,0,0,0,1,自家用車,0,0,0,0,,,,11回目以上,11回目以上,温泉や露天風呂地元の美味しいものを食べる,0,1,1,0,0,0,0,0,0,0,0,0,0,0,0,0,0,0,新聞・雑誌・ガイドブック,0,0,0,0,0,0,0,0,0,0,0,0,0,0,0,0,1,0,0,0,0,0,0,0,0,,,,"3,000円以上 5,000円未満",,"10,000円以上 20,000円未満",,"1,000円以上 3,000円未満","10,000円以上 20,000円未満",,,,,,,,,,4,4,,,,,,9,また行きたい（1年以内）,,道の駅「三方五湖」  エリア,,選択なし/該当施設なし,,道の駅「三方五湖」,,000000,web,1956,70,,1月,83.道の駅「三方五湖」 エリア,三方五湖DMO(株),
福井,2026/01/10 05:55:51,兵庫県,男,70代,,400万円以上 500万円未満,夫婦2人,2泊,福井県外には宿泊しない,,2泊,,,,,,,,,自家用車,1,0,0,0,0,0,0,自家用車,0,0,0,0,,,,2～5回目,2～5回目,宿でのんびり過ごす温泉や露天風呂地元の美味しいものを食べるテーマパーク（遊園地、動物園、博物館など）ドライブ・ツーリング,1,1,1,0,0,1,0,0,0,0,0,0,0,0,1,0,0,0,インターネット・アプリFacebook,1,0,0,0,0,0,0,0,0,0,1,0,0,0,0,0,0,0,0,0,0,0,0,0,0,,,,"5,000円以上 10,000円未満",,"20,000円以上 30,000円未満",,"10,000円以上 20,000円未満","5,000円以上 10,000円未満",,,,,,,,,,4,4,,おもしろかった,,,,8,機会があれば行きたい,,三国湊 エリア,,越前松島水族館,,福井県立恐竜博物館,,000000,web,1953,73,,1月,09.三国湊 エリア,(一社)DMOさかい観光局,人が少なくゆっくりできた
福井,2026/01/10 05:46:50,広島県,女,60代,,"1,000万円以上 1,200万円未満",夫婦2人,3泊,石川県金沢市,,2泊,,,,,,,,,自家用車,1,0,0,0,0,0,0,自家用車,0,0,0,0,,,,2～5回目,2～5回目,宿でのんびり過ごす温泉や露天風呂地元の美味しいものを食べる,1,1,1,0,0,0,0,0,0,0,0,0,0,0,0,0,0,0,観光展・物産展観光パンフレット・ポスター,0,0,0,0,0,0,0,0,0,0,0,0,0,0,0,0,0,0,0,0,1,0,1,0,0,,,,"10,000円以上 20,000円未満",,"30,000円以上 40,000円未満",,"3,000円以上 5,000円未満","40,000円以上 50,000円未満",,,,,,,,,,4,3,,,,,,8,また行きたい（1年以内）,,JR美浜駅 エリア,,福井県立恐竜博物館,,選択なし/該当施設なし,,000000,web,1965,61,,1月,79.JR美浜駅 エリア,三方五湖DMO(株),道の駅が新しくたくさん情報があり、助かった
福井,2026/01/10 03:30:36,兵庫県,女,80歳以上,,100万円未満,その他家族,2泊,福井県外には宿泊しない,,2泊,,,,,,,,,新幹線,0,0,1,0,0,0,0,在来線徒歩,0,0,1,0,2,,,初めて,初めて,名所、旧跡の観光,0,0,0,0,1,0,0,0,0,0,0,0,0,0,0,0,0,0,観光協会等の案内所,0,0,0,0,0,0,0,0,0,0,0,0,0,0,0,0,0,0,0,0,0,1,0,0,0,,,,"10,000円以上 20,000円未満",,"10,000円以上 20,000円未満",,使わない,"20,000円以上 30,000円未満",,,,,,,,,,4,4,,,,,,10,機会があれば行きたい,,今庄宿 エリア,,敦賀駅,,選択なし/該当施設なし,,000000,web,1943,83,,1月,60.今庄宿 エリア,,
福井,2026/01/10 03:28:23,兵庫県,女,80歳以上,,100万円未満,その他家族,2泊,福井県外には宿泊しない,,2泊,,,,,,,,,新幹線,0,0,1,0,0,0,0,在来線徒歩,0,0,1,0,2,,,初めて,初めて,名所、旧跡の観光,0,0,0,0,1,0,0,0,0,0,0,0,0,0,0,0,0,0,観光協会等の案内所,0,0,0,0,0,0,0,0,0,0,0,0,0,0,0,0,0,0,0,0,0,1,0,0,0,,,,"10,000円以上 20,000円未満",,"10,000円以上 20,000円未満",,"1,000円以上 3,000円未満","20,000円以上 30,000円未満",,,,,,,,,,5,5,,,,,,10,機会があれば行きたい,,JR敦賀駅前 エリア,,選択なし/該当施設なし,,選択なし/該当施設なし,,000000,web,1943,83,,1月,63.JR敦賀駅前 エリア,,
福井,2026/01/10 03:25:56,兵庫県,女,80歳以上,,100万円未満,その他家族,2泊,福井県外には宿泊しない,,2泊,,,,,,,,,新幹線,0,0,1,0,0,0,0,タクシー在来線,1,0,0,0,2,,,初めて,初めて,名所、旧跡の観光,0,0,0,0,1,0,0,0,0,0,0,0,0,0,0,0,0,0,観光協会等の案内所,0,0,0,0,0,0,0,0,0,0,0,0,0,0,0,0,0,0,0,0,0,1,0,0,0,,,,"10,000円以上 20,000円未満",,"10,000円以上 20,000円未満",,使わない,"20,000円以上 30,000円未満",,,,,,,,,,5,4,,,,,,10,機会があれば行きたい,,紫式部公園 エリア,,選択なし/該当施設なし,,敦賀駅,,000000,web,1943,83,,1月,41.紫式部公園 エリア,,
福井,2026/01/10 03:19:35,兵庫県,女,80歳以上,,100万円未満,その他家族,2泊,福井県外には宿泊しない,,2泊,,,,,,,,,新幹線,0,0,1,0,0,0,0,在来線徒歩,0,0,1,0,2,,,2～5回目,2～5回目,名所、旧跡の観光,0,0,0,0,1,0,0,0,0,0,0,0,0,0,0,0,0,0,観光協会等の案内所,0,0,0,0,0,0,0,0,0,0,0,0,0,0,0,0,0,0,0,0,0,1,0,0,0,,,,"10,000円以上 20,000円未満",,"10,000円以上 20,000円未満",,"10,000円以上 20,000円未満","20,000円以上 30,000円未満",,,,,,,,,,5,5,,,,,,10,機会があれば行きたい,,福井駅前 エリア（宿泊施設）,,選択なし/該当施設なし,,選択なし/該当施設なし,,000000,web,1943,83,,1月,02.福井駅前 エリア（宿泊施設）,,
福井,2026/01/10 03:15:50,兵庫県,女,80歳以上,,100万円未満,その他家族,2泊,福井県外には宿泊しない,,2泊,,,,,,,,,新幹線,0,0,1,0,0,0,0,在来線徒歩,0,0,1,0,4,,,2～5回目,2～5回目,名所、旧跡の観光,0,0,0,0,1,0,0,0,0,0,0,0,0,0,0,0,0,0,観光協会等の案内所,0,0,0,0,0,0,0,0,0,0,0,0,0,0,0,0,0,0,0,0,0,1,0,0,0,,,,"10,000円以上 20,000円未満",,"10,000円以上 20,000円未満",,"1,000円以上 3,000円未満","20,000円以上 30,000円未満",,,,,,,,,,5,4,,,,,,10,機会があれば行きたい,,福井駅前 エリア,,選択なし/該当施設なし,,東尋坊,,000000,web,1943,83,,1月,01.福井駅前 エリア,,
福井,2026/01/10 03:12:49,兵庫県,女,80歳以上,,100万円未満,その他家族,2泊,福井県外には宿泊しない,,2泊,,,,,,,,,新幹線,0,0,1,0,0,0,0,路線バス,0,1,0,0,3,,,2～5回目,2～5回目,宿でのんびり過ごす温泉や露天風呂地元の美味しいものを食べる花見や紅葉などの自然鑑賞名所、旧跡の観光,1,1,1,1,1,0,0,0,0,0,0,0,0,0,0,0,0,0,友人・知人観光協会等の案内所,0,0,0,0,0,0,0,0,0,0,0,0,0,0,0,0,0,0,1,0,0,1,0,0,0,,,,"10,000円以上 20,000円未満",,"10,000円以上 20,000円未満",,"1,000円以上 3,000円未満","20,000円以上 30,000円未満",,,,,,,,,,5,5,,,,,,10,機会があれば行きたい,,丸岡城 エリア,,今庄宿,,選択なし/該当施設なし,,000000,web,1943,83,,1月,13.丸岡城 エリア,(一社)DMOさかい観光局,
福井,2026/01/11 23:21:26,福井県,女,50代,,分からない/無回答,親,日帰り,その他,,4泊以上,,,,,,,,,県外から訪れていない（福井県在住）,0,0,0,0,0,0,1,自家用車,0,0,0,0,,,,2～5回目,2～5回目,地元の美味しいものを食べるまちあるき、都市散策,0,0,1,0,0,0,0,0,0,0,1,0,0,0,0,0,0,0,Instagram,0,0,0,1,0,0,0,0,0,0,0,0,0,0,0,0,0,0,0,0,0,0,0,0,0,,,,"1,000円未満",,使わない,,"1,000円未満","5,000円以上 10,000円未満",,,,,,,,,,4,2,,休めるエリアも暖房がかかっていてすごしやすかった。,,,,8,福井県在住,,道の駅「禅の里」 エリア,,選択なし/該当施設なし,そば　好太郎,選択なし/該当施設なし,,000000,道の駅「禅の里」 エリア,1973,53,,1月,35.道の駅「禅の里」 エリア,,足湯
福井,2026/01/11 22:37:26,東京都,男,30代,,"900万円以上 1,000万円未満",夫婦2人,2泊,福井県外には宿泊しない,,2泊,,,,,,,,,在来線,0,0,0,1,0,0,0,徒歩,0,0,1,0,2,時期的に仕方ないのは十二分に分かっていますが、雪と雪解け水で歩道や交差点にそこそこ深い水溜まりがあり、とても歩きづらかったから。,,2～5回目,2～5回目,テーマパーク（遊園地、動物園、博物館など）,0,0,0,0,0,1,0,0,0,0,0,0,0,0,0,0,0,0,ブログ,0,0,0,0,0,0,0,0,1,0,0,0,0,0,0,0,0,0,0,0,0,0,0,0,0,,,,"20,000円以上 30,000円未満",,"5,000円以上 10,000円未満",,"10,000円以上 20,000円未満","20,000円以上 30,000円未満",,,,,,,,,,4,5,,宿泊した部屋から大浴場までの導線が良くなかったから。,,,,10,また行きたい（1年以内）,,福井駅前 エリア（宿泊施設）,,福井駅,,めがねミュージアム,,000000,金ヶ崎 エリア,1994,32,,1月,02.福井駅前 エリア（宿泊施設）,,店やホテルが多く活気があるから。
福井,2026/01/11 21:10:30,富山県,女,70代,,300万円以上 400万円未満,その他家族,1泊,福井県外には宿泊しない,,1泊,,,,,,,,,自家用車,1,0,0,0,0,0,0,自家用車,0,0,0,0,,,,2～5回目,2～5回目,地元の美味しいものを食べる,0,0,1,0,0,0,0,0,0,0,0,0,0,0,0,0,0,0,観光パンフレット・ポスター,0,0,0,0,0,0,0,0,0,0,0,0,0,0,0,0,0,0,0,0,1,0,0,0,0,,,,"3,000円以上 5,000円未満",,"20,000円以上 30,000円未満",,"1,000円以上 3,000円未満","10,000円以上 20,000円未満",,,,,,,,,,3,4,,,,,,7,機会があれば行きたい,,越前海岸 北部 エリア,,選択なし/該当施設なし,,選択なし/該当施設なし,,000000,一乗谷朝倉氏遺跡 エリア,1956,70,,1月,07.越前海岸 北部 エリア,,カニが美味しい
福井,2026/01/11 21:02:37,富山県,女,40代,,200万円以上 300万円未満,親,1泊,福井県外には宿泊しない,,1泊,,,,,,,,,自家用車,1,0,0,0,0,0,0,自家用車,0,0,0,0,,,,初めて,初めて,地元の美味しいものを食べる,0,0,1,0,0,0,0,0,0,0,0,0,0,0,0,0,0,0,新聞・雑誌・ガイドブック,0,0,0,0,0,0,0,0,0,0,0,0,0,0,0,0,1,0,0,0,0,0,0,0,0,,,,"1,000円以上 3,000円未満",,"20,000円以上 30,000円未満",,"3,000円以上 5,000円未満","10,000円以上 20,000円未満",,,,,,,,,,5,5,,,,,,10,また行きたい（1年以内）,,越前海岸 北部 エリア,,選択なし/該当施設なし,,選択なし/該当施設なし,,000000,越前海岸 北部 エリア,1983,43,,1月,07.越前海岸 北部 エリア,,
福井,2026/01/11 20:51:14,富山県,男,70代,,300万円以上 400万円未満,その他家族,1泊,福井県外には宿泊しない,,1泊,,,,,,,,,自家用車,1,0,0,0,0,0,0,自家用車,0,0,0,0,,,,2～5回目,2～5回目,温泉や露天風呂地元の美味しいものを食べる名所、旧跡の観光,0,1,1,0,1,0,0,0,0,0,0,0,0,0,0,0,0,0,観光展・物産展新聞・雑誌・ガイドブック観光パンフレット・ポスター,0,0,0,0,0,0,0,0,0,0,0,0,0,0,0,0,1,0,0,0,1,0,1,0,0,,,,"5,000円以上 10,000円未満",,"20,000円以上 30,000円未満",,"3,000円以上 5,000円未満","20,000円以上 30,000円未満",,,,,,,,,,4,4,,特産品の種類が多かった。,,,,8,また行きたい（1年以内）,,越前海岸 北部 エリア,,東尋坊,,ふれあいパーク三里浜(道の駅「みくに」),,000000,一乗谷朝倉氏遺跡 エリア,1953,73,,1月,07.越前海岸 北部 エリア,,紅ズワイガニが美味しかった。
福井,2026/01/11 19:08:25,大阪府,男,50代,,800万円以上 900万円未満,自分ひとり,1泊,福井県外には宿泊しない,,2泊,,,,,,,,,自家用車,1,0,0,0,0,0,0,自家用車徒歩,0,0,1,0,,,,2～5回目,2～5回目,宿でのんびり過ごす出張など仕事関係,1,0,0,0,0,0,0,0,0,0,0,0,0,0,0,0,1,0,インターネット・アプリ友人・知人,0,0,0,0,0,0,0,0,0,0,1,0,0,0,0,0,0,0,1,0,0,0,0,0,0,,,,"10,000円以上 20,000円未満",,"30,000円以上 40,000円未満",,"5,000円以上 10,000円未満","5,000円以上 10,000円未満",,,,,,,,,,4,5,,,,,,9,また行きたい（1年以内）,,福井駅前 エリア（宿泊施設）,,越前大仏,,福井県こども家族館,,000000,福井駅前 エリア（宿泊施設）,1974,52,,1月,02.福井駅前 エリア（宿泊施設）,,
福井,2026/01/11 18:51:10,東京都,男,30代,,"900万円以上 1,000万円未満",夫婦2人,2泊,福井県外には宿泊しない,,2泊,,,,,,,,,在来線,0,0,0,1,0,0,0,在来線路線バス,0,1,0,0,4,,,2～5回目,2～5回目,テーマパーク（遊園地、動物園、博物館など）,0,0,0,0,0,1,0,0,0,0,0,0,0,0,0,0,0,0,ブログ,0,0,0,0,0,0,0,0,1,0,0,0,0,0,0,0,0,0,0,0,0,0,0,0,0,,,,"20,000円以上 30,000円未満",,"5,000円以上 10,000円未満",,"1,000円以上 3,000円未満","20,000円以上 30,000円未満",,,,,,,,,,4,5,,,,,,8,また行きたい（1年以内）,,福井駅前 エリア,,福井県立恐竜博物館,,めがねミュージアム,,000000,金ヶ崎 エリア,1994,32,,1月,01.福井駅前 エリア,,
福井,2026/01/11 17:35:30,東京都,男,30代,,"900万円以上 1,000万円未満",夫婦2人,2泊,福井県外には宿泊しない,,2泊,,,,,,,,,在来線,0,0,0,1,0,0,0,在来線路線バス,0,1,0,0,4,復路は閉館時間後に乗れるバスがあるが、往路は開館時間に間に合うバスが無かったため。,,初めて,初めて,テーマパーク（遊園地、動物園、博物館など）,0,0,0,0,0,1,0,0,0,0,0,0,0,0,0,0,0,0,ブログ,0,0,0,0,0,0,0,0,1,0,0,0,0,0,0,0,0,0,0,0,0,0,0,0,0,,,,"20,000円以上 30,000円未満",,"5,000円以上 10,000円未満",,"3,000円以上 5,000円未満","20,000円以上 30,000円未満",,,,,,,,,,5,5,,,,,,10,また行きたい（1年以内）,,かつやま恐竜の森 エリア,,福井県立恐竜博物館,,福井駅,,000000,金ヶ崎 エリア,1994,32,,1月,25.かつやま恐竜の森 エリア,勝山市観光まちづくり(株),展示内容が充実した博物館だったから。
福井,2026/01/11 17:27:35,福井県,女,70代,,200万円以上 300万円未満,夫婦2人,日帰り,山形県,,福井県内には宿泊しない,,,,,,,,,自家用車県外から訪れていない（福井県在住）,1,0,0,0,0,0,1,自家用車,0,0,0,0,,,,2～5回目,2～5回目,地元の美味しいものを食べる名所、旧跡の観光ドライブ・ツーリング,0,0,1,0,1,0,0,0,0,0,0,0,0,0,1,0,0,0,新聞・雑誌・ガイドブック友人・知人,0,0,0,0,0,0,0,0,0,0,0,0,0,0,0,0,1,0,1,0,0,0,0,0,0,,,,"3,000円以上 5,000円未満",,"10,000円以上 20,000円未満",,"1,000円以上 3,000円未満","10,000円以上 20,000円未満",,,,,,,,,,4,4,,,,,,8,福井県在住,,だるまちゃん広場 エリア,,福井県立恐竜博物館,,岡太神社・大瀧神社,,000000,だるまちゃん広場 エリア,1953,73,,1月,42.だるまちゃん広場 エリア,,
福井,2026/01/11 17:01:33,千葉県,男,20代,,分からない/無回答,その他家族,2泊,福井県外には宿泊しない,,2泊,,,,,,,,,在来線,0,0,0,1,0,0,0,在来線路線バス,0,1,0,0,5,,,初めて,初めて,名所、旧跡の観光,0,0,0,0,1,0,0,0,0,0,0,0,0,0,0,0,0,0,Facebook,1,0,0,0,0,0,0,0,0,0,0,0,0,0,0,0,0,0,0,0,0,0,0,0,0,,,,"50,000円以上 100,000円未満",,"30,000円以上 40,000円未満",,"20,000円以上 30,000円未満","30,000円以上 40,000円未満",,,,,,,,,,5,5,,,,,,10,また行きたい（1年以内）,,福井駅前 エリア,,大本山永平寺,,氣比神宮,,000000,web,2000,26,,1月,01.福井駅前 エリア,,
福井,2026/01/11 16:23:59,大阪府,女,30代,,"1,000万円以上 1,200万円未満",小学生以下連れの家族,1泊,福井県外には宿泊しない,,1泊,,,,,,,,,新幹線,0,0,1,0,0,0,0,その他,0,0,0,0,4,,,初めて,初めて,宿でのんびり過ごす温泉や露天風呂テーマパーク（遊園地、動物園、博物館など）,1,1,0,0,0,1,0,0,0,0,0,0,0,0,0,0,0,0,Instagramその他,0,0,0,1,0,0,0,0,0,0,0,0,0,0,0,0,0,0,0,0,0,0,0,0,0,,,,使わない,,"100,000円以上",,"10,000円以上 20,000円未満","40,000円以上 50,000円未満",,,,,,,,,,5,5,,,,,,10,また行きたい（1年以内）,,かつやま恐竜の森 エリア,,選択なし/該当施設なし,,選択なし/該当施設なし,,000000,かつやま恐竜の森 エリア,1992,34,,1月,25.かつやま恐竜の森 エリア,勝山市観光まちづくり(株),
福井,2026/01/11 16:11:44,兵庫県,女,60代,,400万円以上 500万円未満,自分ひとり,1泊,福井県外には宿泊しない,,1泊,,,,,,,,,在来線,0,0,0,1,0,0,0,在来線路線バス,0,1,0,0,,,,2～5回目,2～5回目,まちあるき、都市散策,0,0,0,0,0,0,0,0,0,0,1,0,0,0,0,0,0,0,インターネット・アプリ,0,0,0,0,0,0,0,0,0,0,1,0,0,0,0,0,0,0,0,0,0,0,0,0,0,,,,"3,000円以上 5,000円未満",,"5,000円以上 10,000円未満",,"1,000円以上 3,000円未満","1,000円以上 3,000円未満",,,,,,,,,,3,3,,,,,,6,,,金ヶ崎 エリア,,選択なし/該当施設なし,,選択なし/該当施設なし,,000000,web,1964,62,,1月,64.金ヶ崎 エリア,,
福井,2026/01/11 15:03:10,福井県,男,50代,,600万円以上 700万円未満,自分ひとり,日帰り,福井県外には宿泊しない,,福井県内には宿泊しない,,,,,,,,,県外から訪れていない（福井県在住）,0,0,0,0,0,0,1,自家用車,0,0,0,0,,,,11回目以上,11回目以上,ドライブ・ツーリング,0,0,0,0,0,0,0,0,0,0,0,0,0,0,1,0,0,0,観光パンフレット・ポスター,0,0,0,0,0,0,0,0,0,0,0,0,0,0,0,0,0,0,0,0,1,0,0,0,0,,,,"1,000円未満",,使わない,,使わない,"1,000円以上 3,000円未満",,,,,,,,,,4,4,,,,,,6,,,花の駅 ゆりの里公園 エリア,,選択なし/該当施設なし,,選択なし/該当施設なし,,000000,道の駅「若狭おばま」,1968,58,,1月,14.花の駅 ゆりの里公園 エリア,(一社)DMOさかい観光局,
福井,2026/01/11 14:27:55,東京都,男,60代,,300万円以上 400万円未満,夫婦2人,2泊,城崎,,1泊,,,,,,,,,在来線,0,0,0,1,0,0,0,徒歩,0,0,1,0,5,時間通り,,初めて,初めて,地元の美味しいものを食べるまちあるき、都市散策,0,0,1,0,0,0,0,0,0,0,1,0,0,0,0,0,0,0,新聞・雑誌・ガイドブックインターネット・アプリ,0,0,0,0,0,0,0,0,0,0,1,0,0,0,0,0,1,0,0,0,0,0,0,0,0,,,,"30,000円以上 40,000円未満",,"5,000円以上 10,000円未満",,"10,000円以上 20,000円未満","10,000円以上 20,000円未満",,,,,,,,,,5,5,,きれい,,,,10,機会があれば行きたい,,福井駅前 エリア,,選択なし/該当施設なし,,選択なし/該当施設なし,,000000,福井駅前 エリア,1965,61,,1月,01.福井駅前 エリア,,
福井,2026/01/11 14:26:15,福井県,無回答,40代,,400万円以上 500万円未満,小学生以下連れの家族,日帰り,福井県外には宿泊しない,,福井県内には宿泊しない,,,,,,,,,自家用車,1,0,0,0,0,0,0,自家用車,0,0,0,0,4,,,2～5回目,2～5回目,買い物、アウトレット,0,0,0,0,0,0,1,0,0,0,0,0,0,0,0,0,0,0,新聞・雑誌・ガイドブック,0,0,0,0,0,0,0,0,0,0,0,0,0,0,0,0,1,0,0,0,0,0,0,0,0,,,,"1,000円未満",,"3,000円以上 5,000円未満",,"3,000円以上 5,000円未満","3,000円以上 5,000円未満",,,,,,,,,,4,4,,,,,,6,,,芝政ワールド エリア,,選択なし/該当施設なし,,選択なし/該当施設なし,,000000,花の駅 ゆりの里公園 エリア,1983,43,,1月,12.芝政ワールド エリア,(一社)DMOさかい観光局,
福井,2026/01/11 14:13:11,福井県,女,50代,,100万円以上 200万円未満,自分ひとり,日帰り,福井県外には宿泊しない,,福井県内には宿泊しない,,,,,,,,,県外から訪れていない（福井県在住）,0,0,0,0,0,0,1,自家用車,0,0,0,0,5,,,11回目以上,11回目以上,その他,0,0,0,0,0,0,0,0,0,0,0,0,0,0,0,0,0,1,観光展・物産展,0,0,0,0,0,0,0,0,0,0,0,0,0,0,0,0,0,0,0,0,0,0,1,0,0,,,,使わない,,使わない,,使わない,使わない,,,,,,,,,,5,4,,,,,,10,,,道の駅「南えちぜん山海里」 エリア,,選択なし/該当施設なし,,選択なし/該当施設なし,,000000,道の駅「恐竜渓谷かつやま」,1971,55,,1月,58.道の駅「南えちぜん山海里」 エリア,,
福井,2026/01/11 14:07:49,千葉県,男,20代,,分からない/無回答,その他家族,2泊,福井県外には宿泊しない,,2泊,,,,,,,,,新幹線在来線,0,0,1,1,0,0,0,在来線路線バス,0,1,0,0,5,バス運転手が安全に運転してくれた。,,初めて,初めて,宿でのんびり過ごす温泉や露天風呂地元の美味しいものを食べる花見や紅葉などの自然鑑賞名所、旧跡の観光,1,1,1,1,1,0,0,0,0,0,0,0,0,0,0,0,0,0,観光展・物産展新聞・雑誌・ガイドブックTV・ラジオ番組やCM観光パンフレット・ポスター観光連盟やDMOのHPインターネット・アプリInstagramFacebook,1,0,0,1,0,0,0,0,0,0,1,0,0,0,1,0,1,0,0,0,1,0,1,1,0,,,,"50,000円以上 100,000円未満",,"30,000円以上 40,000円未満",,"3,000円以上 5,000円未満","30,000円以上 40,000円未満",,,,,,,,,,5,5,,,,,,10,また行きたい（1年以内）,,大本山 永平寺 エリア,,選択なし/該当施設なし,,一乗谷朝倉氏遺跡,,000000,web,2000,26,,1月,34.大本山 永平寺 エリア,,
福井,2026/01/11 14:07:19,神奈川県,男,40代,,800万円以上 900万円未満,自分ひとり,2泊,福井県外には宿泊しない,,2泊,,,,,,,,,在来線,0,0,0,1,0,0,0,路線バス,0,1,0,0,4,永平寺経由で訪れました時間を合わせなければならないが、接続に問題はなく乗り換えもないのとフリーパスで行けたので満足です,,初めて,初めて,まちあるき、都市散策,0,0,0,0,0,0,0,0,0,0,1,0,0,0,0,0,0,0,Instagram,0,0,0,1,0,0,0,0,0,0,0,0,0,0,0,0,0,0,0,0,0,0,0,0,0,,,,"30,000円以上 40,000円未満",,"10,000円以上 20,000円未満",,"1,000円以上 3,000円未満","30,000円以上 40,000円未満",,,,,,,,,,4,4,,城周辺に観光できる場所があればもっと良かったです個人的にはその城自体が目当てだったので満足しています,,,,8,また行きたい（1年以内）,,丸岡城 エリア,,大本山永平寺,福井駅に戻り周辺の散策,選択なし/該当施設なし,,000000,web,1978,48,,1月,13.丸岡城 エリア,(一社)DMOさかい観光局,城好きな友人なら10そうでなければ6間をとって8です個人的には好みの城だったんで10なんですが
福井,2026/01/11 14:07:08,千葉県,男,30代,,分からない/無回答,その他家族,2泊,福井県外には宿泊しない,,1泊,,,,,,,,,新幹線,0,0,1,0,0,0,0,在来線路線バス,0,1,0,0,4,アクセスは悪くはない本数はもう少しほしい,,初めて,初めて,宿でのんびり過ごす温泉や露天風呂地元の美味しいものを食べる名所、旧跡の観光,1,1,1,0,1,0,0,0,0,0,0,0,0,0,0,0,0,0,観光展・物産展新聞・雑誌・ガイドブック観光パンフレット・ポスターInstagram友人・知人,0,0,0,1,0,0,0,0,0,0,0,0,0,0,0,0,1,0,1,0,1,0,1,0,0,,,,"30,000円以上 40,000円未満",,"5,000円以上 10,000円未満",,"1,000円以上 3,000円未満","5,000円以上 10,000円未満",,,,,,,,,,5,5,,,,,,9,機会があれば行きたい,,大本山 永平寺 エリア,,選択なし/該当施設なし,,一乗谷朝倉氏遺跡,,000000,web,1995,31,,1月,34.大本山 永平寺 エリア,,
福井,2026/01/11 14:05:02,東京都,女,50代,,700万円以上 800万円未満,夫婦2人,2泊,福井県外には宿泊しない,,2泊,,,,,,,,,新幹線,0,0,1,0,0,0,0,路線バス,0,1,0,0,5,1本でこれて便利,,初めて,初めて,まちあるき、都市散策,0,0,0,0,0,0,0,0,0,0,1,0,0,0,0,0,0,0,インターネット・アプリ,0,0,0,0,0,0,0,0,0,0,1,0,0,0,0,0,0,0,0,0,0,0,0,0,0,,,,"10,000円以上 20,000円未満",,"30,000円以上 40,000円未満",,"1,000円以上 3,000円未満","10,000円以上 20,000円未満",,,,,,,,,,5,5,,,,,,10,機会があれば行きたい,,JR芦原温泉駅 エリア,,大本山永平寺,,選択なし/該当施設なし,,000000,大本山 永平寺 エリア,1974,52,,1月,16.JR芦原温泉駅 エリア,,
福井,2026/01/11 13:51:19,福井県,男,50代,,600万円以上 700万円未満,自分ひとり,日帰り,福井県外には宿泊しない,,福井県内には宿泊しない,,,,,,,,,県外から訪れていない（福井県在住）,0,0,0,0,0,0,1,自家用車,0,0,0,0,,,,11回目以上,11回目以上,ドライブ・ツーリング,0,0,0,0,0,0,0,0,0,0,0,0,0,0,1,0,0,0,観光パンフレット・ポスター,0,0,0,0,0,0,0,0,0,0,0,0,0,0,0,0,0,0,0,0,1,0,0,0,0,,,,"1,000円未満",,使わない,,使わない,"1,000円以上 3,000円未満",,,,,,,,,,4,3,,,,,,4,,,丸岡城 エリア,,選択なし/該当施設なし,,選択なし/該当施設なし,,000000,道の駅「若狭おばま」,1968,58,,1月,13.丸岡城 エリア,(一社)DMOさかい観光局,
福井,2026/01/11 13:46:21,静岡県,女,50代,,800万円以上 900万円未満,夫婦2人,日帰り,福井県外には宿泊しない,,福井県内には宿泊しない,,,,,,,,,旅行会社ツアーバス,0,0,0,0,0,1,0,旅行会社ツアーバス,0,0,0,0,4,,,2～5回目,2～5回目,名所、旧跡の観光,0,0,0,0,1,0,0,0,0,0,0,0,0,0,0,0,0,0,インターネット・アプリ,0,0,0,0,0,0,0,0,0,0,1,0,0,0,0,0,0,0,0,0,0,0,0,0,0,,,,"10,000円以上 20,000円未満",,使わない,,"3,000円以上 5,000円未満","3,000円以上 5,000円未満",,,,,,,,,,4,4,,,,,,8,機会があれば行きたい,,大本山 永平寺 エリア,,選択なし/該当施設なし,,選択なし/該当施設なし,,000000,大本山 永平寺 エリア,1970,56,,1月,34.大本山 永平寺 エリア,,
福井,2026/01/11 13:30:50,兵庫県,男,70代,,400万円以上 500万円未満,夫婦2人,2泊,福井県外には宿泊しない,,2泊,,,,,,,,,自家用車,1,0,0,0,0,0,0,自家用車,0,0,0,0,,,,初めて,初めて,ドライブ・ツーリング,0,0,0,0,0,0,0,0,0,0,0,0,0,0,1,0,0,0,Facebook,1,0,0,0,0,0,0,0,0,0,0,0,0,0,0,0,0,0,0,0,0,0,0,0,0,,,,"5,000円以上 10,000円未満",,"20,000円以上 30,000円未満",,"1,000円以上 3,000円未満","5,000円以上 10,000円未満",,,,,,,,,,4,4,,,,,,8,機会があれば行きたい,,道の駅「南えちぜん山海里」 エリア,,福井県立恐竜博物館,,選択なし/該当施設なし,,000000,web,1953,73,,1月,58.道の駅「南えちぜん山海里」 エリア,,
福井,2026/01/11 13:27:22,東京都,女,60代,,分からない/無回答,友人,2泊,石川県金沢市,,1泊,,,,,,,,,自家用車,1,0,0,0,0,0,0,自家用車,0,0,0,0,4,,,初めて,初めて,名所、旧跡の観光,0,0,0,0,1,0,0,0,0,0,0,0,0,0,0,0,0,0,友人・知人,0,0,0,0,0,0,0,0,0,0,0,0,0,0,0,0,0,0,1,0,0,0,0,0,0,,,,"20,000円以上 30,000円未満",,"20,000円以上 30,000円未満",,"1,000円未満","10,000円以上 20,000円未満",,,,,,,,,,4,4,,,,,,7,機会があれば行きたい,,丸岡城 エリア,,福井県立恐竜博物館,,道の駅「さかい」（坂井地域交流センター「いねす」）,,000000,かつやま恐竜の森 エリア,1966,60,,1月,13.丸岡城 エリア,(一社)DMOさかい観光局,
福井,2026/01/11 13:25:14,東京都,男,40代,,"1,000万円以上 1,200万円未満",夫婦2人,2泊,福井県外には宿泊しない,,2泊,,,,,,,,,新幹線,0,0,1,0,0,0,0,路線バス,0,1,0,0,5,,,初めて,初めて,温泉や露天風呂地元の美味しいものを食べる名所、旧跡の観光テーマパーク（遊園地、動物園、博物館など）,0,1,1,0,1,1,0,0,0,0,0,0,0,0,0,0,0,0,インターネット・アプリ,0,0,0,0,0,0,0,0,0,0,1,0,0,0,0,0,0,0,0,0,0,0,0,0,0,,,,"40,000円以上 50,000円未満",,"10,000円以上 20,000円未満",,"1,000円未満","10,000円以上 20,000円未満",,,,,,,,,,5,4,,,,,,8,機会があれば行きたい,,JR芦原温泉駅 エリア,,大本山永平寺,,あわら温泉街,,000000,web,1982,44,,1月,16.JR芦原温泉駅 エリア,,
福井,2026/01/11 13:24:02,東京都,女,50代,,700万円以上 800万円未満,夫婦2人,2泊,福井県外には宿泊しない,,2泊,,,,,,,,,新幹線,0,0,1,0,0,0,0,在来線路線バス,0,1,0,0,4,,,初めて,初めて,温泉や露天風呂地元の美味しいものを食べる名所、旧跡の観光まちあるき、都市散策,0,1,1,0,1,0,0,0,0,0,1,0,0,0,0,0,0,0,インターネット・アプリ,0,0,0,0,0,0,0,0,0,0,1,0,0,0,0,0,0,0,0,0,0,0,0,0,0,,,,"10,000円以上 20,000円未満",,"30,000円以上 40,000円未満",,"1,000円以上 3,000円未満","10,000円以上 20,000円未満",,,,,,,,,,4,4,,,,,,10,機会があれば行きたい,,大本山 永平寺 エリア,,選択なし/該当施設なし,,選択なし/該当施設なし,,000000,大本山 永平寺 エリア,1974,52,,1月,34.大本山 永平寺 エリア,,
福井,2026/01/11 13:24:01,福井県,男,50代,,"1,200万円以上 1,500万円未満",自分ひとり,日帰り,福井県外には宿泊しない,,福井県内には宿泊しない,,,,,,,,,県外から訪れていない（福井県在住）,0,0,0,0,0,0,1,自家用車徒歩,0,0,1,0,,,,2～5回目,2～5回目,地元の美味しいものを食べる,0,0,1,0,0,0,0,0,0,0,0,0,0,0,0,0,0,0,インターネット・アプリ,0,0,0,0,0,0,0,0,0,0,1,0,0,0,0,0,0,0,0,0,0,0,0,0,0,,,,"1,000円未満",,使わない,,"1,000円未満","1,000円未満",,,,,,,,,,5,5,,,,,,10,福井県在住,,青葉山ハーバルビレッジ エリア,,選択なし/該当施設なし,,選択なし/該当施設なし,,000000,福井駅前 エリア,1973,53,,1月,94.青葉山ハーバルビレッジ エリア,,
福井,2026/01/11 13:23:21,福井県,男,50代,,"1,200万円以上 1,500万円未満",自分ひとり,日帰り,福井県外には宿泊しない,,福井県内には宿泊しない,,,,,,,,,県外から訪れていない（福井県在住）,0,0,0,0,0,0,1,自家用車徒歩,0,0,1,0,,,,2～5回目,2～5回目,地元の美味しいものを食べる,0,0,1,0,0,0,0,0,0,0,0,0,0,0,0,0,0,0,インターネット・アプリ,0,0,0,0,0,0,0,0,0,0,1,0,0,0,0,0,0,0,0,0,0,0,0,0,0,,,,"1,000円未満",,使わない,,"1,000円未満","1,000円未満",,,,,,,,,,5,5,,,,,,10,福井県在住,,道の駅「シーサイド高浜」 エリア,,選択なし/該当施設なし,,選択なし/該当施設なし,,000000,福井駅前 エリア,1973,53,,1月,88.道の駅「シーサイド高浜」 エリア,,
福井,2026/01/11 13:22:28,福井県,男,50代,,"1,200万円以上 1,500万円未満",自分ひとり,日帰り,福井県外には宿泊しない,,福井県内には宿泊しない,,,,,,,,,県外から訪れていない（福井県在住）,0,0,0,0,0,0,1,自家用車徒歩,0,0,1,0,,,,2～5回目,2～5回目,地元の美味しいものを食べる,0,0,1,0,0,0,0,0,0,0,0,0,0,0,0,0,0,0,インターネット・アプリ,0,0,0,0,0,0,0,0,0,0,1,0,0,0,0,0,0,0,0,0,0,0,0,0,0,,,,"1,000円未満",,使わない,,"1,000円未満","1,000円未満",,,,,,,,,,5,5,,,,,,10,福井県在住,,若狭和田 エリア,,選択なし/該当施設なし,,選択なし/該当施設なし,,000000,福井駅前 エリア,1973,53,,1月,89.若狭和田 エリア,,
福井,2026/01/11 13:21:43,福井県,男,50代,,"1,200万円以上 1,500万円未満",自分ひとり,日帰り,福井県外には宿泊しない,,福井県内には宿泊しない,,,,,,,,,県外から訪れていない（福井県在住）,0,0,0,0,0,0,1,自家用車徒歩,0,0,1,0,,,,2～5回目,2～5回目,地元の美味しいものを食べる,0,0,1,0,0,0,0,0,0,0,0,0,0,0,0,0,0,0,インターネット・アプリ,0,0,0,0,0,0,0,0,0,0,1,0,0,0,0,0,0,0,0,0,0,0,0,0,0,,,,"1,000円未満",,使わない,,"1,000円未満","1,000円未満",,,,,,,,,,5,5,,,,,,10,福井県在住,,うみんぴあ大飯 エリア,,選択なし/該当施設なし,,選択なし/該当施設なし,,000000,福井駅前 エリア,1973,53,,1月,84.うみんぴあ大飯 エリア,,
福井,2026/01/11 13:20:33,福井県,男,50代,,"1,200万円以上 1,500万円未満",自分ひとり,日帰り,福井県外には宿泊しない,,福井県内には宿泊しない,,,,,,,,,県外から訪れていない（福井県在住）,0,0,0,0,0,0,1,自家用車徒歩,0,0,1,0,,,,2～5回目,2～5回目,地元の美味しいものを食べる,0,0,1,0,0,0,0,0,0,0,0,0,0,0,0,0,0,0,インターネット・アプリ,0,0,0,0,0,0,0,0,0,0,1,0,0,0,0,0,0,0,0,0,0,0,0,0,0,,,,"1,000円未満",,使わない,,"1,000円未満","1,000円未満",,,,,,,,,,5,5,,,,,,10,福井県在住,,小浜市まちの駅 エリア,,選択なし/該当施設なし,,選択なし/該当施設なし,,000000,福井駅前 エリア,1973,53,,1月,72.小浜市まちの駅 エリア,(株)まちづくり小浜,
福井,2026/01/11 13:19:37,福井県,男,50代,,600万円以上 700万円未満,自分ひとり,日帰り,福井県外には宿泊しない,,福井県内には宿泊しない,,,,,,,,,県外から訪れていない（福井県在住）,0,0,0,0,0,0,1,自家用車,0,0,0,0,,,,6～10回目,6～10回目,ドライブ・ツーリング,0,0,0,0,0,0,0,0,0,0,0,0,0,0,1,0,0,0,観光パンフレット・ポスター,0,0,0,0,0,0,0,0,0,0,0,0,0,0,0,0,0,0,0,0,1,0,0,0,0,,,,"1,000円未満",,使わない,,"1,000円未満","1,000円以上 3,000円未満",,,,,,,,,,4,4,,,,,,7,,,竹田エリア,,選択なし/該当施設なし,,選択なし/該当施設なし,,000000,道の駅「若狭おばま」,1968,58,,1月,91.竹田エリア,(一社)DMOさかい観光局,
福井,2026/01/11 13:19:00,福井県,男,50代,,"1,200万円以上 1,500万円未満",自分ひとり,日帰り,福井県外には宿泊しない,,福井県内には宿泊しない,,,,,,,,,県外から訪れていない（福井県在住）,0,0,0,0,0,0,1,自家用車徒歩,0,0,1,0,,,,2～5回目,2～5回目,地元の美味しいものを食べる,0,0,1,0,0,0,0,0,0,0,0,0,0,0,0,0,0,0,インターネット・アプリ,0,0,0,0,0,0,0,0,0,0,1,0,0,0,0,0,0,0,0,0,0,0,0,0,0,,,,"1,000円未満",,使わない,,"1,000円未満","1,000円未満",,,,,,,,,,5,5,,,,,,10,福井県在住,,道の駅「若狭おばま」 エリア,,選択なし/該当施設なし,,選択なし/該当施設なし,,000000,福井駅前 エリア,1973,53,,1月,68.道の駅「若狭おばま」 エリア,(株)まちづくり小浜,
福井,2026/01/11 13:18:11,福井県,男,50代,,"1,200万円以上 1,500万円未満",自分ひとり,日帰り,福井県外には宿泊しない,,福井県内には宿泊しない,,,,,,,,,県外から訪れていない（福井県在住）,0,0,0,0,0,0,1,自家用車徒歩,0,0,1,0,,,,2～5回目,2～5回目,地元の美味しいものを食べる,0,0,1,0,0,0,0,0,0,0,0,0,0,0,0,0,0,0,インターネット・アプリ,0,0,0,0,0,0,0,0,0,0,1,0,0,0,0,0,0,0,0,0,0,0,0,0,0,,,,"1,000円未満",,使わない,,"1,000円未満","1,000円未満",,,,,,,,,,5,5,,,,,,10,福井県在住,,美浜町健康楽膳拠点施設こるぱエリア,,選択なし/該当施設なし,,選択なし/該当施設なし,,000000,福井駅前 エリア,1973,53,,1月,92.美浜町健康楽膳拠点施設こるぱエリア,,
福井,2026/01/11 13:17:18,東京都,男,50代,,300万円以上 400万円未満,自分ひとり,2泊,福井県外には宿泊しない,,2泊,,,,,,,,,新幹線,0,0,1,0,0,0,0,在来線,0,0,0,0,4,,,2～5回目,2～5回目,その他,0,0,0,0,0,0,0,0,0,0,0,0,0,0,0,0,0,1,観光パンフレット・ポスター,0,0,0,0,0,0,0,0,0,0,0,0,0,0,0,0,0,0,0,0,1,0,0,0,0,,,,"20,000円以上 30,000円未満",,"10,000円以上 20,000円未満",,"3,000円以上 5,000円未満","30,000円以上 40,000円未満",,,,,,,,,,4,4,,,,,,8,また行きたい（1年以内）,,福井駅前 エリア,,福井県立恐竜博物館,,北の庄城址・柴田公園,,000000,かつやま恐竜の森 エリア,1971,55,,1月,01.福井駅前 エリア,,
福井,2026/01/11 13:12:02,福井県,男,50代,,"1,200万円以上 1,500万円未満",自分ひとり,日帰り,福井県外には宿泊しない,,福井県内には宿泊しない,,,,,,,,,県外から訪れていない（福井県在住）,0,0,0,0,0,0,1,自家用車徒歩,0,0,1,0,,,,2～5回目,2～5回目,地元の美味しいものを食べる,0,0,1,0,0,0,0,0,0,0,0,0,0,0,0,0,0,0,インターネット・アプリ,0,0,0,0,0,0,0,0,0,0,1,0,0,0,0,0,0,0,0,0,0,0,0,0,0,,,,"1,000円未満",,使わない,,"1,000円未満","1,000円未満",,,,,,,,,,4,5,,,,,,10,福井県在住,,道の駅「越前」 エリア,,選択なし/該当施設なし,,選択なし/該当施設なし,,000000,福井駅前 エリア,1973,53,,1月,49.道の駅「越前」 エリア,一般社団法人 越前町観光連盟（DMO ECHIZEN）,
福井,2026/01/11 13:11:17,福井県,男,50代,,"1,200万円以上 1,500万円未満",自分ひとり,日帰り,福井県外には宿泊しない,,福井県内には宿泊しない,,,,,,,,,県外から訪れていない（福井県在住）,0,0,0,0,0,0,1,自家用車徒歩,0,0,1,0,5,,,2～5回目,2～5回目,地元の美味しいものを食べる,0,0,1,0,0,0,0,0,0,0,0,0,0,0,0,0,0,0,インターネット・アプリ,0,0,0,0,0,0,0,0,0,0,1,0,0,0,0,0,0,0,0,0,0,0,0,0,0,,,,"1,000円未満",,使わない,,"1,000円未満","1,000円未満",,,,,,,,,,5,5,,,,,,10,福井県在住,,道の駅「西山公園」 エリア,,選択なし/該当施設なし,,選択なし/該当施設なし,,000000,福井駅前 エリア,1973,53,,1月,44.道の駅「西山公園」 エリア,,
福井,2026/01/11 13:10:31,福井県,男,50代,,"1,200万円以上 1,500万円未満",自分ひとり,日帰り,福井県外には宿泊しない,,福井県内には宿泊しない,,,,,,,,,県外から訪れていない（福井県在住）,0,0,0,0,0,0,1,自家用車徒歩,0,0,1,0,,,,2～5回目,2～5回目,地元の美味しいものを食べる,0,0,1,0,0,0,0,0,0,0,0,0,0,0,0,0,0,0,インターネット・アプリ,0,0,0,0,0,0,0,0,0,0,1,0,0,0,0,0,0,0,0,0,0,0,0,0,0,,,,"1,000円未満",,使わない,,"1,000円未満","1,000円未満",,,,,,,,,,5,5,,,,,,10,福井県在住,,JR芦原温泉駅 エリア,,選択なし/該当施設なし,,選択なし/該当施設なし,,000000,福井駅前 エリア,1973,53,,1月,16.JR芦原温泉駅 エリア,,
福井,2026/01/11 13:09:31,福井県,男,50代,,"1,200万円以上 1,500万円未満",自分ひとり,日帰り,福井県外には宿泊しない,,福井県内には宿泊しない,,,,,,,,,県外から訪れていない（福井県在住）,0,0,0,0,0,0,1,自家用車徒歩,0,0,1,0,,,,2～5回目,2～5回目,地元の美味しいものを食べる,0,0,1,0,0,0,0,0,0,0,0,0,0,0,0,0,0,0,インターネット・アプリ,0,0,0,0,0,0,0,0,0,0,1,0,0,0,0,0,0,0,0,0,0,0,0,0,0,,,,"1,000円未満",,使わない,,"1,000円未満","1,000円未満",,,,,,,,,,5,5,,,,,,10,福井県在住,,あわら湯のまち エリア,,選択なし/該当施設なし,,選択なし/該当施設なし,,000000,福井駅前 エリア,1973,53,,1月,17.あわら湯のまち エリア,,
福井,2026/01/11 13:07:18,福井県,男,50代,,"1,200万円以上 1,500万円未満",自分ひとり,日帰り,福井県外には宿泊しない,,福井県内には宿泊しない,,,,,,,,,県外から訪れていない（福井県在住）,0,0,0,0,0,0,1,自家用車徒歩,0,0,1,0,,,,2～5回目,2～5回目,地元の美味しいものを食べる,0,0,1,0,0,0,0,0,0,0,0,0,0,0,0,0,0,0,インターネット・アプリ,0,0,0,0,0,0,0,0,0,0,1,0,0,0,0,0,0,0,0,0,0,0,0,0,0,,,,"1,000円未満",,使わない,,"1,000円未満","1,000円未満",,,,,,,,,,5,5,,,,,,10,福井県在住,,はたや記念館 ゆめおーれ勝山 エリア,,選択なし/該当施設なし,,選択なし/該当施設なし,,000000,福井駅前 エリア,1973,53,,1月,30.はたや記念館 ゆめおーれ勝山 エリア,勝山市観光まちづくり(株),
福井,2026/01/11 13:05:46,福井県,男,50代,,"1,200万円以上 1,500万円未満",自分ひとり,日帰り,福井県外には宿泊しない,,福井県内には宿泊しない,,,,,,,,,県外から訪れていない（福井県在住）,0,0,0,0,0,0,1,自家用車徒歩,0,0,1,0,,,,2～5回目,2～5回目,地元の美味しいものを食べる,0,0,1,0,0,0,0,0,0,0,0,0,0,0,0,0,0,0,インターネット・アプリ,0,0,0,0,0,0,0,0,0,0,1,0,0,0,0,0,0,0,0,0,0,0,0,0,0,,,,"1,000円未満",,使わない,,"1,000円未満","1,000円未満",,,,,,,,,,5,5,,,,,,10,福井県在住,,六呂師高原 エリア,,選択なし/該当施設なし,,選択なし/該当施設なし,,000000,福井駅前 エリア,1973,53,,1月,24.六呂師高原 エリア,,
福井,2026/01/11 13:04:59,福井県,男,50代,,"1,200万円以上 1,500万円未満",自分ひとり,日帰り,福井県外には宿泊しない,,福井県内には宿泊しない,,,,,,,,,県外から訪れていない（福井県在住）,0,0,0,0,0,0,1,自家用車徒歩,0,0,1,0,,,,2～5回目,2～5回目,地元の美味しいものを食べる,0,0,1,0,0,0,0,0,0,0,0,0,0,0,0,0,0,0,インターネット・アプリ,0,0,0,0,0,0,0,0,0,0,1,0,0,0,0,0,0,0,0,0,0,0,0,0,0,,,,"1,000円未満",,使わない,,"1,000円未満","1,000円未満",,,,,,,,,,5,5,,,,,,10,福井県在住,,大本山 永平寺 エリア,,選択なし/該当施設なし,,選択なし/該当施設なし,,000000,福井駅前 エリア,1973,53,,1月,34.大本山 永平寺 エリア,,
福井,2026/01/11 13:04:01,福井県,男,50代,,"1,200万円以上 1,500万円未満",自分ひとり,日帰り,福井県外には宿泊しない,,福井県内には宿泊しない,,,,,,,,,県外から訪れていない（福井県在住）,0,0,0,0,0,0,1,自家用車徒歩,0,0,1,0,,,,2～5回目,2～5回目,地元の美味しいものを食べる,0,0,1,0,0,0,0,0,0,0,0,0,0,0,0,0,0,0,インターネット・アプリ,0,0,0,0,0,0,0,0,0,0,1,0,0,0,0,0,0,0,0,0,0,0,0,0,0,,,,"1,000円未満",,使わない,,"1,000円未満","1,000円未満",,,,,,,,,,5,5,,,,,,10,福井県在住,,道の駅「禅の里」 エリア,,選択なし/該当施設なし,,選択なし/該当施設なし,,000000,福井駅前 エリア,1973,53,,1月,35.道の駅「禅の里」 エリア,,
福井,2026/01/11 13:02:23,福井県,男,50代,,"1,200万円以上 1,500万円未満",自分ひとり,日帰り,福井県外には宿泊しない,,福井県内には宿泊しない,,,,,,,,,県外から訪れていない（福井県在住）,0,0,0,0,0,0,1,自家用車徒歩,0,0,1,0,3,,,11回目以上,11回目以上,地元の美味しいものを食べる,0,0,1,0,0,0,0,0,0,0,0,0,0,0,0,0,0,0,新聞・雑誌・ガイドブックインターネット・アプリ,0,0,0,0,0,0,0,0,0,0,1,0,0,0,0,0,1,0,0,0,0,0,0,0,0,,,,"1,000円未満",,使わない,,"1,000円未満","1,000円未満",,,,,,,,,,5,5,,,,,,10,福井県在住,,福井駅前 エリア,,選択なし/該当施設なし,,選択なし/該当施設なし,,000000,福井駅前 エリア,1973,53,,1月,01.福井駅前 エリア,,
福井,2026/01/11 13:00:04,大阪府,男,30代,,"1,000万円以上 1,200万円未満",小学生以下連れの家族,3泊,福井県外には宿泊しない,,3泊,,,,,,,,,自家用車,1,0,0,0,0,0,0,自家用車,0,0,0,0,5,,,初めて,初めて,友人・親戚を尋ねる,0,0,0,0,0,0,0,0,0,0,0,0,0,0,0,1,0,0,友人・知人,0,0,0,0,0,0,0,0,0,0,0,0,0,0,0,0,0,0,1,0,0,0,0,0,0,,,,"20,000円以上 30,000円未満",,使わない,,"1,000円未満","10,000円以上 20,000円未満",,,,,,,,,,5,5,,,,,,8,,,かつやま恐竜の森 エリア,,選択なし/該当施設なし,,選択なし/該当施設なし,,000000,かつやま恐竜の森 エリア,1987,39,,1月,25.かつやま恐竜の森 エリア,勝山市観光まちづくり(株),
福井,2026/01/11 12:59:45,福井県,男,50代,,"1,200万円以上 1,500万円未満",その他家族,日帰り,福井県外には宿泊しない,,福井県内には宿泊しない,,,,,,,,,自家用車,1,0,0,0,0,0,0,自家用車,0,0,0,0,5,,,11回目以上,11回目以上,地元の美味しいものを食べる,0,0,1,0,0,0,0,0,0,0,0,0,0,0,0,0,0,0,観光協会等の案内所その他,0,0,0,0,0,0,0,0,0,0,0,0,0,0,0,0,0,0,0,0,0,1,0,0,0,,,,"5,000円以上 10,000円未満",,"5,000円以上 10,000円未満",,"5,000円以上 10,000円未満","5,000円以上 10,000円未満",,,,,,,,,,4,5,,,,,,10,また行きたい（1年以内）,,越前そばの里 エリア,,選択なし/該当施設なし,,丸岡城,,000000,web,1972,54,,1月,37.越前そばの里 エリア,,
福井,2026/01/11 12:43:36,富山県,女,40代,,分からない/無回答,友人,1泊,福井県外には宿泊しない,,1泊,,,,,,,,,新幹線在来線,0,0,1,1,0,0,0,在来線,0,0,0,0,4,快適に移動できたので,,6～10回目,6～10回目,温泉や露天風呂地元の美味しいものを食べる,0,1,1,0,0,0,0,0,0,0,0,0,0,0,0,0,0,0,友人・知人,0,0,0,0,0,0,0,0,0,0,0,0,0,0,0,0,0,0,1,0,0,0,0,0,0,,,,"5,000円以上 10,000円未満",,"3,000円以上 5,000円未満",,"5,000円以上 10,000円未満","10,000円以上 20,000円未満",,,,,,,,,,4,4,,,,,,5,機会があれば行きたい,,福井駅前 エリア,,あわら温泉街,,選択なし/該当施設なし,,000000,福井駅前 エリア,1985,41,,1月,01.福井駅前 エリア,,
福井,2026/01/11 12:43:17,富山県,女,40代,,分からない/無回答,友人,1泊,福井県外には宿泊しない,,1泊,,,,,,,,,新幹線在来線,0,0,1,1,0,0,0,在来線,0,0,0,0,4,お酒が飲める。,,6～10回目,6～10回目,温泉や露天風呂地元の美味しいものを食べる,0,1,1,0,0,0,0,0,0,0,0,0,0,0,0,0,0,0,その他,0,0,0,0,0,0,0,0,0,0,0,0,0,0,0,0,0,0,0,0,0,0,0,0,1,,,,"5,000円以上 10,000円未満",,"3,000円以上 5,000円未満",,"10,000円以上 20,000円未満","10,000円以上 20,000円未満",,,,,,,,,,4,4,,,,,,7,機会があれば行きたい,,福井駅前 エリア,,選択なし/該当施設なし,美味しい飲食店,選択なし/該当施設なし,,000000,web,1985,41,,1月,01.福井駅前 エリア,,
福井,2026/01/11 12:39:57,大阪府,男,20代,,200万円以上 300万円未満,親,1泊,福井県外には宿泊しない,,1泊,,,,,,,,,自家用車,1,0,0,0,0,0,0,自家用車,0,0,0,0,5,,,2～5回目,2～5回目,スキー・スノボ、マリンスポーツ,0,0,0,0,0,0,0,0,0,0,0,0,1,0,0,0,0,0,観光展・物産展,0,0,0,0,0,0,0,0,0,0,0,0,0,0,0,0,0,0,0,0,0,0,1,0,0,,,,"1,000円以上 3,000円未満",,"3,000円以上 5,000円未満",,"1,000円以上 3,000円未満","1,000円以上 3,000円未満",,,,,,,,,,5,5,,,,,,10,,,日本海さかな街 エリア,,選択なし/該当施設なし,,選択なし/該当施設なし,,000000,日本海さかな街 エリア,2002,24,,1月,61.日本海さかな街 エリア,,
福井,2026/01/11 12:39:32,大阪府,女,40代,,200万円以上 300万円未満,小学生以下連れの家族,2泊,福井県外には宿泊しない,,2泊,,,,,,,,,自家用車,1,0,0,0,0,0,0,自家用車,0,0,0,0,5,,,初めて,初めて,温泉や露天風呂地元の美味しいものを食べる名所、旧跡の観光買い物、アウトレットまちあるき、都市散策友人・親戚を尋ねる,0,1,1,0,1,0,1,0,0,0,1,0,0,0,0,1,0,0,観光展・物産展新聞・雑誌・ガイドブック観光パンフレット・ポスターインターネット・アプリ友人・知人,0,0,0,0,0,0,0,0,0,0,1,0,0,0,0,0,1,0,1,0,1,0,1,0,0,,,,"5,000円以上 10,000円未満",,"10,000円以上 20,000円未満",,"5,000円以上 10,000円未満","20,000円以上 30,000円未満",,,,,,,,,,5,5,,見やすくてわかりやすい。すてきな博物館でした。骨の前に模型もあり、想像できやすかったです。,,,,10,また行きたい（1年以内）,,かつやま恐竜の森 エリア,,中山寺,勝山スキージャム,越前がにミュージアム,,000000,かつやま恐竜の森 エリア,1985,41,,1月,25.かつやま恐竜の森 エリア,勝山市観光まちづくり(株),恐竜好きにはたまらない。興味がない人でも楽しめる作りになっているとおもいます。
福井,2026/01/11 12:37:53,兵庫県,女,60代,,400万円以上 500万円未満,自分ひとり,1泊,福井県外には宿泊しない,,1泊,,,,,,,,,在来線,0,0,0,1,0,0,0,在来線,0,0,0,0,3,,,2～5回目,2～5回目,まちあるき、都市散策,0,0,0,0,0,0,0,0,0,0,1,0,0,0,0,0,0,0,インターネット・アプリ,0,0,0,0,0,0,0,0,0,0,1,0,0,0,0,0,0,0,0,0,0,0,0,0,0,,,,"3,000円以上 5,000円未満",,"5,000円以上 10,000円未満",,"1,000円以上 3,000円未満","1,000円以上 3,000円未満",,,,,,,,,,3,3,,,,,,6,,,敦賀市立博物館 エリア,,選択なし/該当施設なし,,選択なし/該当施設なし,,000000,web,1964,62,,1月,65.敦賀市立博物館 エリア,,
福井,2026/01/11 12:37:31,静岡県,女,40代,,500万円以上 600万円未満,小学生以下連れの家族,2泊,福井県外には宿泊しない,,2泊,,,,,,,,,新幹線,0,0,1,0,0,0,0,その他,0,0,0,0,4,,,初めて,初めて,友人・親戚を尋ねる,0,0,0,0,0,0,0,0,0,0,0,0,0,0,0,1,0,0,友人・知人,0,0,0,0,0,0,0,0,0,0,0,0,0,0,0,0,0,0,1,0,0,0,0,0,0,,,,"20,000円以上 30,000円未満",,使わない,,"10,000円以上 20,000円未満","10,000円以上 20,000円未満",,,,,,,,,,5,5,,,,,,10,また行きたい（1年以内）,,かつやま恐竜の森 エリア,,大本山永平寺,,選択なし/該当施設なし,,000000,大本山 永平寺 エリア,1986,40,,1月,25.かつやま恐竜の森 エリア,勝山市観光まちづくり(株),
福井,2026/01/11 12:34:33,福井県,男,30代,,600万円以上 700万円未満,団体旅行,3泊,福井県外には宿泊しない,,3泊,,,,,,,,,自家用車,1,0,0,0,0,0,0,自家用車,0,0,0,0,5,,,6～10回目,6～10回目,友人・親戚を尋ねる,0,0,0,0,0,0,0,0,0,0,0,0,0,0,0,1,0,0,インターネット・アプリ,0,0,0,0,0,0,0,0,0,0,1,0,0,0,0,0,0,0,0,0,0,0,0,0,0,,,,使わない,,使わない,,"3,000円以上 5,000円未満",使わない,,,,,,,,,,5,5,,,,,,10,また行きたい（1年以内）,,かつやま恐竜の森 エリア,,選択なし/該当施設なし,,選択なし/該当施設なし,,000000,web,1995,31,,1月,25.かつやま恐竜の森 エリア,勝山市観光まちづくり(株),
福井,2026/01/11 12:15:50,東京都,男,30代,,700万円以上 800万円未満,自分ひとり,1泊,福井県外には宿泊しない,,1泊,,,,,,,,,在来線,0,0,0,1,0,0,0,路線バス,0,1,0,0,4,,,2～5回目,2～5回目,買い物、アウトレット,0,0,0,0,0,0,1,0,0,0,0,0,0,0,0,0,0,0,観光パンフレット・ポスター,0,0,0,0,0,0,0,0,0,0,0,0,0,0,0,0,0,0,0,0,1,0,0,0,0,,,,"3,000円以上 5,000円未満",,"5,000円以上 10,000円未満",,"3,000円以上 5,000円未満","3,000円以上 5,000円未満",,,,,,,,,,4,4,,,,,,9,また行きたい（1年以内）,,福井駅前 エリア,,選択なし/該当施設なし,,選択なし/該当施設なし,,000000,web,1995,31,,1月,01.福井駅前 エリア,,
福井,2026/01/11 11:40:32,東京都,男,50代,,300万円以上 400万円未満,自分ひとり,2泊,福井県外には宿泊しない,,2泊,,,,,,,,,新幹線,0,0,1,0,0,0,0,在来線路線バス,0,1,0,0,4,,,2～5回目,2～5回目,テーマパーク（遊園地、動物園、博物館など）その他,0,0,0,0,0,1,0,0,0,0,0,0,0,0,0,0,0,1,観光パンフレット・ポスター,0,0,0,0,0,0,0,0,0,0,0,0,0,0,0,0,0,0,0,0,1,0,0,0,0,,,,"20,000円以上 30,000円未満",,"10,000円以上 20,000円未満",,"3,000円以上 5,000円未満","30,000円以上 40,000円未満",,,,,,,,,,4,4,,,,,,8,また行きたい（1年以内）,,かつやま恐竜の森 エリア,,選択なし/該当施設なし,,北の庄城址・柴田公園,,000000,かつやま恐竜の森 エリア,1971,55,,1月,25.かつやま恐竜の森 エリア,勝山市観光まちづくり(株),
福井,2026/01/11 11:39:29,兵庫県,女,70代,,200万円以上 300万円未満,夫婦2人,1泊,福井県外には宿泊しない,,1泊,,,,,,,,,自家用車,1,0,0,0,0,0,0,自家用車,0,0,0,0,4,県内は走り易い。,,2～5回目,2～5回目,地元の美味しいものを食べる名所、旧跡の観光,0,0,1,0,1,0,0,0,0,0,0,0,0,0,0,0,0,0,新聞・雑誌・ガイドブック観光パンフレット・ポスター,0,0,0,0,0,0,0,0,0,0,0,0,0,0,0,0,1,0,0,0,1,0,0,0,0,,,,"3,000円以上 5,000円未満",,"10,000円以上 20,000円未満",,"1,000円未満","5,000円以上 10,000円未満",,,,,,,,,,4,3,,,,,,10,また行きたい（1年以内）,,一乗谷朝倉氏遺跡 エリア,,大本山永平寺,,道の駅「一乗谷あさくら水の駅」,,000000,一乗谷朝倉氏遺跡 エリア,1956,70,,1月,06.一乗谷朝倉氏遺跡 エリア,,
福井,2026/01/11 11:36:25,東京都,男,20代,,700万円以上 800万円未満,親,2泊,福井県外には宿泊しない,,2泊,,,,,,,,,新幹線,0,0,1,0,0,0,0,レンタカー,0,0,0,0,5,,,初めて,初めて,名所、旧跡の観光,0,0,0,0,1,0,0,0,0,0,0,0,0,0,0,0,0,0,観光展・物産展,0,0,0,0,0,0,0,0,0,0,0,0,0,0,0,0,0,0,0,0,0,0,1,0,0,,,,"20,000円以上 30,000円未満",,"10,000円以上 20,000円未満",,"1,000円未満","5,000円以上 10,000円未満",,,,,,,,,,5,5,,,,,,9,また行きたい（1年以内）,,大本山 永平寺 エリア,,選択なし/該当施設なし,,選択なし/該当施設なし,,000000,大本山 永平寺 エリア,1999,27,,1月,34.大本山 永平寺 エリア,,
福井,2026/01/11 11:23:04,神奈川県,男,40代,,800万円以上 900万円未満,自分ひとり,2泊,福井県外には宿泊しない,,2泊,,,,,,,,,新幹線在来線,0,0,1,1,0,0,0,路線バス,0,1,0,0,5,東京駅から乗り換えなしで行けるので,,初めて,初めて,地元の美味しいものを食べる名所、旧跡の観光まちあるき、都市散策,0,0,1,0,1,0,0,0,0,0,1,0,0,0,0,0,0,0,インターネット・アプリInstagram,0,0,0,1,0,0,0,0,0,0,1,0,0,0,0,0,0,0,0,0,0,0,0,0,0,,,,"30,000円以上 40,000円未満",,"10,000円以上 20,000円未満",,"5,000円以上 10,000円未満","30,000円以上 40,000円未満",,,,,,,,,,5,5,,広い施設をかなり広範囲に見学できたのでまた、撮影等の制限も少なく記録にも残せたので,,,,9,また行きたい（1年以内）,,大本山 永平寺 エリア,,東尋坊,,丸岡城,,000000,web,1978,48,,1月,34.大本山 永平寺 エリア,,福井駅からのアクセスも悪くなく、食事どころや土産店なども充実してる為また、チケットセンターの方が親切に案内してくれたので好印象だった為
福井,2026/01/11 11:20:59,富山県,男,50代,,700万円以上 800万円未満,夫婦2人,1泊,福井県外には宿泊しない,,1泊,,,,,,,,,自家用車,1,0,0,0,0,0,0,自家用車,0,0,0,0,,,,6～10回目,6～10回目,宿でのんびり過ごす地元の美味しいものを食べる,1,0,1,0,0,0,0,0,0,0,0,0,0,0,0,0,0,0,インターネット・アプリInstagram,0,0,0,1,0,0,0,0,0,0,1,0,0,0,0,0,0,0,0,0,0,0,0,0,0,,,,"5,000円以上 10,000円未満",,"20,000円以上 30,000円未満",,"5,000円以上 10,000円未満","20,000円以上 30,000円未満",,,,,,,,,,3,4,,,,,,7,また行きたい（1年以内）,,えちぜん鉄道 松岡駅 エリア,,丸岡城,,北の庄城址・柴田公園,,000000,えちぜん鉄道 松岡駅 エリア,1974,52,,1月,33.えちぜん鉄道 松岡駅 エリア,,
福井,2026/01/11 10:49:10,福井県,男,40代,,400万円以上 500万円未満,自分ひとり,日帰り,福井県外には宿泊しない,,福井県内には宿泊しない,,,,,,,,,自家用車,1,0,0,0,0,0,0,自家用車,0,0,0,0,5,,,11回目以上,11回目以上,地元の美味しいものを食べる,0,0,1,0,0,0,0,0,0,0,0,0,0,0,0,0,0,0,友人・知人,0,0,0,0,0,0,0,0,0,0,0,0,0,0,0,0,0,0,1,0,0,0,0,0,0,,,,"1,000円以上 3,000円未満",,使わない,,"1,000円未満","1,000円以上 3,000円未満",,,,,,,,,,5,5,,,,,,8,福井県在住,,道の駅みくに ふれあいパーク三里浜 エリア,,丸岡城,,選択なし/該当施設なし,,000000,道の駅みくに ふれあいパーク三里浜 エリア,1983,43,,1月,15.道の駅みくに ふれあいパーク三里浜 エリア,(一社)DMOさかい観光局,
福井,2026/01/11 10:23:24,三重県,女,10歳未満,,"900万円以上 1,000万円未満",団体旅行,日帰り,福井県外には宿泊しない,,福井県内には宿泊しない,,,,,,,,,旅行会社ツアーバス,0,0,0,0,0,1,0,旅行会社ツアーバス,0,0,0,0,5,,,2～5回目,2～5回目,地元の美味しいものを食べる名所、旧跡の観光まちあるき、都市散策,0,0,1,0,1,0,0,0,0,0,1,0,0,0,0,0,0,0,観光パンフレット・ポスター友人・知人,0,0,0,0,0,0,0,0,0,0,0,0,0,0,0,0,0,0,1,0,1,0,0,0,0,,,,"10,000円以上 20,000円未満",,使わない,,"3,000円以上 5,000円未満","5,000円以上 10,000円未満",,,,,,,,,,4,4,,,,,,7,また行きたい（1年以内）,,今庄宿 エリア,,今庄宿,,選択なし/該当施設なし,,000000,今庄宿 エリア,2025,1,,1月,60.今庄宿 エリア,,
福井,2026/01/11 10:16:28,岩手県,女,30代,,"1,000万円以上 1,200万円未満",恋人,3泊,石川県金沢市,,1泊,,,,,,,,,新幹線,0,0,1,0,0,0,0,レンタカー,0,0,0,0,4,,,2～5回目,2～5回目,地元の美味しいものを食べる,0,0,1,0,0,0,0,0,0,0,0,0,0,0,0,0,0,0,Instagram,0,0,0,1,0,0,0,0,0,0,0,0,0,0,0,0,0,0,0,0,0,0,0,0,0,,,,"20,000円以上 30,000円未満",,"50,000円以上 100,000円未満",,"1,000円以上 3,000円未満","30,000円以上 40,000円未満",,,,,,,,,,5,5,,,,,,10,また行きたい（1年以内）,,道の駅「越前」 エリア,,選択なし/該当施設なし,,選択なし/該当施設なし,,000000,かつやま恐竜の森 エリア,1995,31,,1月,49.道の駅「越前」 エリア,一般社団法人 越前町観光連盟（DMO ECHIZEN）,
福井,2026/01/11 09:55:47,神奈川県,その他,50代,,600万円以上 700万円未満,友人,2泊,石川県金沢市,,1泊,,,,,,,,,自家用車,1,0,0,0,0,0,0,自家用車,0,0,0,0,4,,,初めて,初めて,地元の美味しいものを食べる,0,0,1,0,0,0,0,0,0,0,0,0,0,0,0,0,0,0,観光パンフレット・ポスター,0,0,0,0,0,0,0,0,0,0,0,0,0,0,0,0,0,0,0,0,1,0,0,0,0,,,,"20,000円以上 30,000円未満",,"10,000円以上 20,000円未満",,"20,000円以上 30,000円未満","5,000円以上 10,000円未満",,,,,,,,,,4,4,,,,,,7,,,丸岡城 エリア,,東尋坊,,道の駅「さかい」（坂井地域交流センター「いねす」）,,000000,道の駅「恐竜渓谷かつやま」 エリア,1970,56,,1月,13.丸岡城 エリア,(一社)DMOさかい観光局,
福井,2026/01/11 09:51:58,東京都,女,40代,,600万円以上 700万円未満,親,1泊,福井県外には宿泊しない,,1泊,,,,,,,,,新幹線,0,0,1,0,0,0,0,路線バス,0,1,0,0,4,,,初めて,初めて,宿でのんびり過ごす,1,0,0,0,0,0,0,0,0,0,0,0,0,0,0,0,0,0,その他,0,0,0,0,0,0,0,0,0,0,0,0,0,0,0,0,0,0,0,0,0,0,0,0,1,,,,"30,000円以上 40,000円未満",,"1,000円未満",,"1,000円以上 3,000円未満","10,000円以上 20,000円未満",,,,,,,,,,4,4,,,,,,8,機会があれば行きたい,,あわら湯のまち エリア,,あわら温泉街,,金沢駅周辺（石川県）,,000000,東尋坊 エリア,1986,40,,1月,17.あわら湯のまち エリア,,
福井,2026/01/11 09:36:31,福井県,女,40代,,400万円以上 500万円未満,夫婦2人,日帰り,福井県外には宿泊しない,,1泊,,,,,,,,,県外から訪れていない（福井県在住）,0,0,0,0,0,0,1,自家用車,0,0,0,0,,,,11回目以上,11回目以上,スキー・スノボ、マリンスポーツ,0,0,0,0,0,0,0,0,0,0,0,0,1,0,0,0,0,0,観光展・物産展,0,0,0,0,0,0,0,0,0,0,0,0,0,0,0,0,0,0,0,0,0,0,1,0,0,,,,使わない,,"5,000円以上 10,000円未満",,"1,000円未満","1,000円以上 3,000円未満",,,,,,,,,,5,4,,,,,,10,また行きたい（1年以内）,,道の駅「恐竜渓谷かつやま」 エリア,,選択なし/該当施設なし,,選択なし/該当施設なし,,000000,道の駅「恐竜渓谷かつやま」 エリア,1977,49,,1月,26.道の駅「恐竜渓谷かつやま」 エリア,勝山市観光まちづくり(株),
福井,2026/01/11 09:12:55,富山県,男,30代,,600万円以上 700万円未満,友人,1泊,福井県外には宿泊しない,,1泊,,,,,,,,,自家用車,1,0,0,0,0,0,0,自家用車,0,0,0,0,5,,,初めて,初めて,宿でのんびり過ごす,1,0,0,0,0,0,0,0,0,0,0,0,0,0,0,0,0,0,観光展・物産展新聞・雑誌・ガイドブック,0,0,0,0,0,0,0,0,0,0,0,0,0,0,0,0,1,0,0,0,0,0,1,0,0,,,,"10,000円以上 20,000円未満",,"3,000円以上 5,000円未満",,"5,000円以上 10,000円未満","1,000円以上 3,000円未満",,,,,,,,,,5,5,,,,,,10,また行きたい（1年以内）,,小浜市 阿納 エリア,,選択なし/該当施設なし,,選択なし/該当施設なし,,000000,小浜市 阿納 エリア,1991,35,,1月,67.小浜市 阿納 エリア,(株)まちづくり小浜,
福井,2026/01/11 09:12:45,長野県,男,30代,,500万円以上 600万円未満,友人,1泊,福井県外には宿泊しない,,1泊,,,,,,,,,自家用車,1,0,0,0,0,0,0,自家用車,0,0,0,0,4,,,初めて,初めて,宿でのんびり過ごす地元の美味しいものを食べるまちあるき、都市散策,1,0,1,0,0,0,0,0,0,0,1,0,0,0,0,0,0,0,観光パンフレット・ポスター,0,0,0,0,0,0,0,0,0,0,0,0,0,0,0,0,0,0,0,0,1,0,0,0,0,,,,"5,000円以上 10,000円未満",,"10,000円以上 20,000円未満",,"20,000円以上 30,000円未満","5,000円以上 10,000円未満",,,,,,,,,,4,4,,,,,,8,また行きたい（1年以内）,,小浜市 阿納 エリア,,選択なし/該当施設なし,,選択なし/該当施設なし,,000000,小浜市 阿納 エリア,1994,32,,1月,67.小浜市 阿納 エリア,(株)まちづくり小浜,
福井,2026/01/11 08:08:55,兵庫県,女,60代,,400万円以上 500万円未満,自分ひとり,1泊,福井県外には宿泊しない,,1泊,,,,,,,,,在来線,0,0,0,1,0,0,0,在来線路線バス,0,1,0,0,3,,,2～5回目,2～5回目,まちあるき、都市散策,0,0,0,0,0,0,0,0,0,0,1,0,0,0,0,0,0,0,インターネット・アプリ,0,0,0,0,0,0,0,0,0,0,1,0,0,0,0,0,0,0,0,0,0,0,0,0,0,,,,"3,000円以上 5,000円未満",,"5,000円以上 10,000円未満",,"1,000円以上 3,000円未満","1,000円以上 3,000円未満",,,,,,,,,,3,3,,,,,,6,,,越前そばの里 エリア,,選択なし/該当施設なし,,選択なし/該当施設なし,,000000,web,1964,62,,1月,37.越前そばの里 エリア,,
福井,2026/01/12 23:50:21,福井県,男,60代,,500万円以上 600万円未満,自分ひとり,日帰り,福井県外には宿泊しない,,福井県内には宿泊しない,,,,,,,,,自家用車,1,0,0,0,0,0,0,自家用車,0,0,0,0,4,,,2～5回目,2～5回目,名所、旧跡の観光,0,0,0,0,1,0,0,0,0,0,0,0,0,0,0,0,0,0,観光展・物産展新聞・雑誌・ガイドブックInstagramFacebook,1,0,0,1,0,0,0,0,0,0,0,0,0,0,0,0,1,0,0,0,0,0,1,0,0,,,,"1,000円未満",,"1,000円未満",,"1,000円以上 3,000円未満","1,000円以上 3,000円未満",,,,,,,,,,4,3,,,,,,5,機会があれば行きたい,,福井駅前 エリア,,越前大野城,,選択なし/該当施設なし,,000000,三国湊 エリア,1965,61,,1月,01.福井駅前 エリア,,
福井,2026/01/12 22:03:49,京都府,女,20代,,100万円未満,親,1泊,福井県外には宿泊しない,,1泊,,,,,,,,,旅行会社ツアーバス,0,0,0,0,0,1,0,旅行会社ツアーバス,0,0,0,0,4,,,初めて,初めて,宿でのんびり過ごす温泉や露天風呂,1,1,0,0,0,0,0,0,0,0,0,0,0,0,0,0,0,0,その他,0,0,0,0,0,0,0,0,0,0,0,0,0,0,0,0,0,0,0,0,0,0,0,0,1,,,,"5,000円以上 10,000円未満",,"10,000円以上 20,000円未満",,"1,000円以上 3,000円未満","3,000円以上 5,000円未満",,,,,,,,,,3,1,,,,,,5,機会があれば行きたい,,日本海さかな街 エリア,,選択なし/該当施設なし,,選択なし/該当施設なし,,000000,日本海さかな街 エリア,2000,26,,1月,61.日本海さかな街 エリア,,
福井,2026/01/12 21:36:59,兵庫県,女,60代,,400万円以上 500万円未満,自分ひとり,1泊,福井県外には宿泊しない,,1泊,,,,,,,,,在来線,0,0,0,1,0,0,0,在来線徒歩,0,0,1,0,2,駅から遠い,,初めて,初めて,まちあるき、都市散策,0,0,0,0,0,0,0,0,0,0,1,0,0,0,0,0,0,0,インターネット・アプリ,0,0,0,0,0,0,0,0,0,0,1,0,0,0,0,0,0,0,0,0,0,0,0,0,0,,,,"3,000円以上 5,000円未満",,"5,000円以上 10,000円未満",,"1,000円未満","1,000円以上 3,000円未満",,,,,,,,,,3,3,,,,,,4,,,メガネストリート エリア,,選択なし/該当施設なし,,選択なし/該当施設なし,,000000,web,1964,62,,1月,45.メガネストリート エリア,,
福井,2026/01/12 21:35:19,茨城県,女,30代,,300万円以上 400万円未満,自分ひとり,3泊,石川県金沢市,,福井県内には宿泊しない,,,,,,,,,在来線飛行機,0,0,0,1,1,0,0,在来線,0,0,0,0,4,,,初めて,初めて,地元の美味しいものを食べる名所、旧跡の観光まちあるき、都市散策,0,0,1,0,1,0,0,0,0,0,1,0,0,0,0,0,0,0,観光展・物産展新聞・雑誌・ガイドブック,0,0,0,0,0,0,0,0,0,0,0,0,0,0,0,0,1,0,0,0,0,0,1,0,0,,,,"30,000円以上 40,000円未満",,使わない,,"3,000円以上 5,000円未満","5,000円以上 10,000円未満",,,,,,,,,,4,4,,,,,,6,また行きたい（1年以内）,,北ノ庄 エリア,,選択なし/該当施設なし,,選択なし/該当施設なし,,000000,北ノ庄 エリア,1988,38,,1月,03.北ノ庄 エリア,,
福井,2026/01/12 21:35:02,兵庫県,女,60代,,400万円以上 500万円未満,自分ひとり,1泊,福井県外には宿泊しない,,1泊,,,,,,,,,在来線,0,0,0,1,0,0,0,在来線,0,0,0,0,,,,2～5回目,2～5回目,まちあるき、都市散策,0,0,0,0,0,0,0,0,0,0,1,0,0,0,0,0,0,0,インターネット・アプリ,0,0,0,0,0,0,0,0,0,0,1,0,0,0,0,0,0,0,0,0,0,0,0,0,0,,,,"3,000円以上 5,000円未満",,"5,000円以上 10,000円未満",,"1,000円以上 3,000円未満","1,000円以上 3,000円未満",,,,,,,,,,3,3,,,,,,6,,,福井駅前 エリア,,選択なし/該当施設なし,,選択なし/該当施設なし,,000000,web,1964,62,,1月,01.福井駅前 エリア,,
福井,2026/01/12 21:33:50,兵庫県,女,60代,,400万円以上 500万円未満,自分ひとり,1泊,福井県外には宿泊しない,,1泊,,,,,,,,,在来線,0,0,0,1,0,0,0,在来線路線バス,0,1,0,0,3,,,2～5回目,2～5回目,まちあるき、都市散策,0,0,0,0,0,0,0,0,0,0,1,0,0,0,0,0,0,0,インターネット・アプリ,0,0,0,0,0,0,0,0,0,0,1,0,0,0,0,0,0,0,0,0,0,0,0,0,0,,,,"3,000円以上 5,000円未満",,"5,000円以上 10,000円未満",,"1,000円未満","1,000円以上 3,000円未満",,,,,,,,,,3,3,,,,,,6,,,名勝 養浩館庭園 エリア,,選択なし/該当施設なし,,選択なし/該当施設なし,,000000,web,1964,62,,1月,04.名勝 養浩館庭園 エリア,,
福井,2026/01/12 21:33:16,京都府,男,60代,,400万円以上 500万円未満,その他家族,1泊,福井県外には宿泊しない,,1泊,,,,,,,,,旅行会社ツアーバス,0,0,0,0,0,1,0,旅行会社ツアーバス,0,0,0,0,3,大江戸温泉物語、大阪京都発北陸方面行きの直通バスに乗車して、日本海さかな街に立ち寄ったのだが、バスで渡された、さかな街の地図は2013年のもので、割引クーポンも使えない店が多数あったから。,,2～5回目,2～5回目,温泉や露天風呂地元の美味しいものを食べる,0,1,1,0,0,0,0,0,0,0,0,0,0,0,0,0,0,0,その他,0,0,0,0,0,0,0,0,0,0,0,0,0,0,0,0,0,0,0,0,0,0,0,0,1,,,,"20,000円以上 30,000円未満",,"10,000円以上 20,000円未満",,"1,000円以上 3,000円未満","3,000円以上 5,000円未満",,,,,,,,,,2,2,,バスの中で渡された地図が古く、そのクーポンが使えない店が多数あったから。,,,,1,機会があれば行きたい,,日本海さかな街 エリア,,選択なし/該当施設なし,,選択なし/該当施設なし,,000000,web,1962,64,,1月,61.日本海さかな街 エリア,,
福井,2026/01/12 21:32:16,兵庫県,女,60代,,400万円以上 500万円未満,自分ひとり,1泊,福井県外には宿泊しない,,1泊,,,,,,,,,在来線,0,0,0,1,0,0,0,在来線,0,0,0,0,3,,,2～5回目,2～5回目,まちあるき、都市散策,0,0,0,0,0,0,0,0,0,0,1,0,0,0,0,0,0,0,インターネット・アプリ,0,0,0,0,0,0,0,0,0,0,1,0,0,0,0,0,0,0,0,0,0,0,0,0,0,,,,"3,000円以上 5,000円未満",,"5,000円以上 10,000円未満",,使わない,"1,000円以上 3,000円未満",,,,,,,,,,3,3,,,,,,6,,,福井駅前 エリア（宿泊施設）,,選択なし/該当施設なし,,選択なし/該当施設なし,,000000,web,1964,62,,1月,02.福井駅前 エリア（宿泊施設）,,
福井,2026/01/12 21:24:28,福井県,女,50代,,300万円以上 400万円未満,中学生以上連れの家族,日帰り,福井県外には宿泊しない,,福井県内には宿泊しない,,,,,,,,,県外から訪れていない（福井県在住）,0,0,0,0,0,0,1,自家用車,0,0,0,0,,,,6～10回目,6～10回目,温泉や露天風呂,0,1,0,0,0,0,0,0,0,0,0,0,0,0,0,0,0,0,友人・知人,0,0,0,0,0,0,0,0,0,0,0,0,0,0,0,0,0,0,1,0,0,0,0,0,0,,,,使わない,,"1,000円以上 3,000円未満",,使わない,"1,000円以上 3,000円未満",,,,,,,,,,5,5,,,,,,8,福井県在住,,道の駅「パークイン丹生ヶ丘」 エリア,,選択なし/該当施設なし,,選択なし/該当施設なし,,000000,web,1971,55,,1月,50.道の駅「パークイン丹生ヶ丘」 エリア,一般社団法人 越前町観光連盟（DMO ECHIZEN）,
福井,2026/01/12 20:32:01,神奈川県,男,70代,,100万円以上 200万円未満,夫婦2人,1泊,福井県外には宿泊しない,,2泊,,,,,,,,,新幹線飛行機,0,0,1,0,1,0,0,タクシー路線バス,1,1,0,0,5,渋滞月なく、時間が正確。,,初めて,初めて,温泉や露天風呂地元の美味しいものを食べる名所、旧跡の観光テーマパーク（遊園地、動物園、博物館など）,0,1,1,0,1,1,0,0,0,0,0,0,0,0,0,0,0,0,新聞・雑誌・ガイドブックインターネット・アプリ宿泊施設,0,0,0,0,0,0,0,0,0,0,1,0,0,1,0,0,1,0,0,0,0,0,0,0,0,,,,"5,000円以上 10,000円未満",,"5,000円以上 10,000円未満",,"3,000円以上 5,000円未満","50,000円以上 100,000円未満",,,,,,,,,,5,5,,清潔,,,,10,また行きたい（1年以内）,,越前松島水族館 エリア,,丸岡城,,福井県立恐竜博物館,,000000,越前松島水族館 エリア,1955,71,,1月,11.越前松島水族館 エリア,(一社)DMOさかい観光局,丸岡城　歴史のある建物
福井,2026/01/12 20:24:59,福井県,女,40代,,400万円以上 500万円未満,小学生以下連れの家族,日帰り,福井県外には宿泊しない,,福井県内には宿泊しない,,,,,,,,,県外から訪れていない（福井県在住）,0,0,0,0,0,0,1,自家用車,0,0,0,0,3,,,11回目以上,11回目以上,温泉や露天風呂,0,1,0,0,0,0,0,0,0,0,0,0,0,0,0,0,0,0,インターネット・アプリ,0,0,0,0,0,0,0,0,0,0,1,0,0,0,0,0,0,0,0,0,0,0,0,0,0,,,,"1,000円未満",,"1,000円以上 3,000円未満",,"1,000円以上 3,000円未満","1,000円以上 3,000円未満",,,,,,,,,,4,3,,,,,,7,機会があれば行きたい,,道の駅「三方五湖」  エリア,,選択なし/該当施設なし,,選択なし/該当施設なし,,000000,web,1980,46,,1月,83.道の駅「三方五湖」 エリア,三方五湖DMO(株),
福井,2026/01/12 20:19:27,神奈川県,女,60代,,200万円以上 300万円未満,夫婦2人,2泊,福井県外には宿泊しない,,2泊,,,,,,,,,新幹線,0,0,1,0,0,0,0,路線バス,0,1,0,0,4,バス路線は満足、本数が少ないのは不満,,2～5回目,2～5回目,温泉や露天風呂地元の美味しいものを食べる,0,1,1,0,0,0,0,0,0,0,0,0,0,0,0,0,0,0,インターネット・アプリ,0,0,0,0,0,0,0,0,0,0,1,0,0,0,0,0,0,0,0,0,0,0,0,0,0,,,,"30,000円以上 40,000円未満",,"50,000円以上 100,000円未満",,"3,000円以上 5,000円未満","10,000円以上 20,000円未満",,,,,,,,,,4,4,,,,,,5,機会があれば行きたい,,越前松島水族館 エリア,,丸岡城,,福井県立恐竜博物館,,000000,越前松島水族館 エリア,1957,69,,1月,11.越前松島水族館 エリア,(一社)DMOさかい観光局,
福井,2026/01/12 19:54:50,大阪府,男,20代,,100万円未満,自分ひとり,日帰り,福井県外には宿泊しない,,福井県内には宿泊しない,,,,,,,,,在来線,0,0,0,1,0,0,0,在来線,0,0,0,0,5,,,11回目以上,11回目以上,地元の美味しいものを食べる,0,0,1,0,0,0,0,0,0,0,0,0,0,0,0,0,0,0,観光展・物産展,0,0,0,0,0,0,0,0,0,0,0,0,0,0,0,0,0,0,0,0,0,0,1,0,0,,,,"5,000円以上 10,000円未満",,"5,000円以上 10,000円未満",,"3,000円以上 5,000円未満","3,000円以上 5,000円未満",,,,,,,,,,5,5,,,,,,10,,,福井駅前 エリア,,選択なし/該当施設なし,,選択なし/該当施設なし,,000000,JR敦賀駅前 エリア,1998,28,,1月,01.福井駅前 エリア,,
福井,2026/01/12 19:31:09,福井県,女,50代,,400万円以上 500万円未満,恋人,1泊,福井県外には宿泊しない,,1泊,,,,,,,,,自家用車,1,0,0,0,0,0,0,自家用車,0,0,0,0,1,,,2～5回目,2～5回目,宿でのんびり過ごす温泉や露天風呂地元の美味しいものを食べる名所、旧跡の観光,1,1,1,0,1,0,0,0,0,0,0,0,0,0,0,0,0,0,新聞・雑誌・ガイドブックインターネット・アプリ,0,0,0,0,0,0,0,0,0,0,1,0,0,0,0,0,1,0,0,0,0,0,0,0,0,,,,"20,000円以上 30,000円未満",,"10,000円以上 20,000円未満",,"5,000円以上 10,000円未満","5,000円以上 10,000円未満",,,,,,,,,,4,3,,,,,,6,機会があれば行きたい,,三国湊 エリア,,大本山永平寺,,敦賀赤レンガ倉庫,,000000,web,1974,52,,1月,09.三国湊 エリア,(一社)DMOさかい観光局,
福井,2026/01/12 18:19:21,東京都,女,50代,,700万円以上 800万円未満,夫婦2人,2泊,福井県外には宿泊しない,,2泊,,,,,,,,,新幹線,0,0,1,0,0,0,0,路線バス,0,1,0,0,4,芦湯が楽しかった,,初めて,初めて,まちあるき、都市散策,0,0,0,0,0,0,0,0,0,0,1,0,0,0,0,0,0,0,インターネット・アプリ,0,0,0,0,0,0,0,0,0,0,1,0,0,0,0,0,0,0,0,0,0,0,0,0,0,,,,"10,000円以上 20,000円未満",,"30,000円以上 40,000円未満",,"1,000円未満","10,000円以上 20,000円未満",,,,,,,,,,4,4,,芦湯が気持ちよかった,,,,8,機会があれば行きたい,,あわら湯のまち エリア,,大本山永平寺,,選択なし/該当施設なし,,000000,大本山 永平寺 エリア,1974,52,,1月,17.あわら湯のまち エリア,,
福井,2026/01/12 18:15:37,東京都,女,50代,,700万円以上 800万円未満,夫婦2人,2泊,福井県外には宿泊しない,,2泊,,,,,,,,,新幹線,0,0,1,0,0,0,0,路線バス,0,1,0,0,5,東尋坊から座って着いたから。,,初めて,初めて,まちあるき、都市散策,0,0,0,0,0,0,0,0,0,0,1,0,0,0,0,0,0,0,インターネット・アプリ,0,0,0,0,0,0,0,0,0,0,1,0,0,0,0,0,0,0,0,0,0,0,0,0,0,,,,"10,000円以上 20,000円未満",,"30,000円以上 40,000円未満",,"1,000円未満","10,000円以上 20,000円未満",,,,,,,,,,4,4,,,,,,7,機会があれば行きたい,,越前松島水族館 エリア,,東尋坊,,福井駅,,000000,大本山 永平寺 エリア,1974,52,,1月,11.越前松島水族館 エリア,(一社)DMOさかい観光局,
福井,2026/01/12 17:33:12,東京都,男,40代,,"1,000万円以上 1,200万円未満",夫婦2人,2泊,福井県外には宿泊しない,,2泊,,,,,,,,,新幹線,0,0,1,0,0,0,0,在来線,0,0,0,0,3,,,初めて,初めて,テーマパーク（遊園地、動物園、博物館など）,0,0,0,0,0,1,0,0,0,0,0,0,0,0,0,0,0,0,インターネット・アプリ,0,0,0,0,0,0,0,0,0,0,1,0,0,0,0,0,0,0,0,0,0,0,0,0,0,,,,"40,000円以上 50,000円未満",,"10,000円以上 20,000円未満",,"5,000円以上 10,000円未満","10,000円以上 20,000円未満",,,,,,,,,,5,5,,,,,,9,機会があれば行きたい,,福井駅前 エリア,,選択なし/該当施設なし,帰宅,選択なし/該当施設なし,,000000,web,1982,44,,1月,01.福井駅前 エリア,,
福井,2026/01/12 17:30:12,石川県,女,50代,,400万円以上 500万円未満,夫婦2人,1泊,福井県外には宿泊しない,,1泊,,,,,,,,,自家用車,1,0,0,0,0,0,0,自家用車,0,0,0,0,,,,初めて,初めて,宿でのんびり過ごす温泉や露天風呂地元の美味しいものを食べる,1,1,1,0,0,0,0,0,0,0,0,0,0,0,0,0,0,0,観光パンフレット・ポスターインターネット・アプリ,0,0,0,0,0,0,0,0,0,0,1,0,0,0,0,0,0,0,0,0,1,0,0,0,0,,,,"1,000円以上 3,000円未満",,"20,000円以上 30,000円未満",,"1,000円以上 3,000円未満","1,000円以上 3,000円未満",,,,,,,,,,3,3,,,,,,10,また行きたい（1年以内）,,あわら湯のまち エリア,,選択なし/該当施設なし,,選択なし/該当施設なし,,000000,あわら湯のまち エリア,1975,51,,1月,17.あわら湯のまち エリア,,こだわりがある街だと思ったので
福井,2026/01/12 16:33:13,三重県,女,50代,,"1,500万円以上",親,2泊,福井県外には宿泊しない,,2泊,,,,,,,,,在来線,0,0,0,1,0,0,0,路線バス,0,1,0,0,5,とてもスムーズに永平寺まで運行してくださったからです。,,初めて,初めて,地元の美味しいものを食べる名所、旧跡の観光まちあるき、都市散策,0,0,1,0,1,0,0,0,0,0,1,0,0,0,0,0,0,0,インターネット・アプリブログ観光協会等の案内所,0,0,0,0,0,0,0,0,1,0,1,0,0,0,0,0,0,0,0,0,0,1,0,0,0,,,,"5,000円以上 10,000円未満",,"50,000円以上 100,000円未満",,"3,000円以上 5,000円未満","20,000円以上 30,000円未満",,,,,,,,,,5,5,,大変美しく清掃されており、気持ちよく過ごすことができた為。,,,,10,また行きたい（1年以内）,,大本山 永平寺 エリア,,大本山永平寺,,福井県立恐竜博物館,,000000,大本山 永平寺 エリア,1976,50,,1月,34.大本山 永平寺 エリア,,永平寺の歴史を学ぶことができ、食事も美味しいから。
福井,2026/01/12 16:29:33,東京都,女,50代,,700万円以上 800万円未満,夫婦2人,2泊,福井県外には宿泊しない,,2泊,,,,,,,,,新幹線,0,0,1,0,0,0,0,路線バス,0,1,0,0,5,乗換なしで来れたので便利だった,,2～5回目,2～5回目,まちあるき、都市散策,0,0,0,0,0,0,0,0,0,0,1,0,0,0,0,0,0,0,インターネット・アプリ,0,0,0,0,0,0,0,0,0,0,1,0,0,0,0,0,0,0,0,0,0,0,0,0,0,,,,"10,000円以上 20,000円未満",,"30,000円以上 40,000円未満",,"5,000円以上 10,000円未満","10,000円以上 20,000円未満",,,,,,,,,,5,5,,,,,,10,機会があれば行きたい,,福井駅前 エリア,,東尋坊,,選択なし/該当施設なし,,000000,大本山 永平寺 エリア,1974,52,,1月,01.福井駅前 エリア,,食事
福井,2026/01/12 16:19:23,石川県,男,40代,,600万円以上 700万円未満,自分ひとり,3泊,兵庫,,1泊,,,,,,,,,自家用車,1,0,0,0,0,0,0,自家用車,0,0,0,0,5,,,11回目以上,11回目以上,友人・親戚を尋ねる,0,0,0,0,0,0,0,0,0,0,0,0,0,0,0,1,0,0,Twitter,0,0,0,0,0,1,0,0,0,0,0,0,0,0,0,0,0,0,0,0,0,0,0,0,0,,,,"5,000円以上 10,000円未満",,"5,000円以上 10,000円未満",,"1,000円以上 3,000円未満","3,000円以上 5,000円未満",,,,,,,,,,5,5,,,,,,10,また行きたい（1年以内）,,福井駅前 エリア,,道の駅「若狭おばま」,,選択なし/該当施設なし,,000000,web,1979,47,,1月,01.福井駅前 エリア,,
福井,2026/01/12 15:00:30,東京都,男,40代,,"1,000万円以上 1,200万円未満",夫婦2人,2泊,福井県外には宿泊しない,,2泊,,,,,,,,,新幹線,0,0,1,0,0,0,0,路線バス,0,1,0,0,5,思っていたより本数が多い,,初めて,初めて,テーマパーク（遊園地、動物園、博物館など）,0,0,0,0,0,1,0,0,0,0,0,0,0,0,0,0,0,0,インターネット・アプリ,0,0,0,0,0,0,0,0,0,0,1,0,0,0,0,0,0,0,0,0,0,0,0,0,0,,,,"40,000円以上 50,000円未満",,"10,000円以上 20,000円未満",,"1,000円未満","10,000円以上 20,000円未満",,,,,,,,,,4,4,,休暇村の温泉がよかったが、100%であればなおよかった,,,,9,機会があれば行きたい,,越前松島水族館 エリア,,東尋坊,,福井駅,,000000,web,1982,44,,1月,11.越前松島水族館 エリア,(一社)DMOさかい観光局,日本海の景色が素晴らしい
福井,2026/01/12 14:55:30,東京都,男,40代,,"1,000万円以上 1,200万円未満",夫婦2人,2泊,福井県外には宿泊しない,,2泊,,,,,,,,,新幹線,0,0,1,0,0,0,0,路線バス,0,1,0,0,4,けっこう本数がある,,初めて,初めて,テーマパーク（遊園地、動物園、博物館など）,0,0,0,0,0,1,0,0,0,0,0,0,0,0,0,0,0,0,インターネット・アプリ,0,0,0,0,0,0,0,0,0,0,1,0,0,0,0,0,0,0,0,0,0,0,0,0,0,,,,"40,000円以上 50,000円未満",,"10,000円以上 20,000円未満",,使わない,"10,000円以上 20,000円未満",,,,,,,,,,5,5,,トイレも充実,,,,8,機会があれば行きたい,,あわら湯のまち エリア,,あわら温泉街,,東尋坊,,000000,web,1982,44,,1月,17.あわら湯のまち エリア,,
福井,2026/01/12 14:50:10,兵庫県,女,60代,,400万円以上 500万円未満,自分ひとり,1泊,福井県外には宿泊しない,,1泊,,,,,,,,,在来線,0,0,0,1,0,0,0,在来線,0,0,0,0,3,,,初めて,初めて,まちあるき、都市散策,0,0,0,0,0,0,0,0,0,0,1,0,0,0,0,0,0,0,インターネット・アプリ,0,0,0,0,0,0,0,0,0,0,1,0,0,0,0,0,0,0,0,0,0,0,0,0,0,,,,"3,000円以上 5,000円未満",,"5,000円以上 10,000円未満",,"1,000円以上 3,000円未満","1,000円以上 3,000円未満",,,,,,,,,,3,3,,,,,,7,,,今庄宿 エリア,,選択なし/該当施設なし,,選択なし/該当施設なし,,000000,web,1964,62,,1月,60.今庄宿 エリア,,
福井,2026/01/12 14:39:41,京都府,女,40代,,700万円以上 800万円未満,小学生以下連れの家族,2泊,石川県加賀市,,福井県内には宿泊しない,,,,,,,,,自家用車,1,0,0,0,0,0,0,自家用車,0,0,0,0,5,,,2～5回目,2～5回目,テーマパーク（遊園地、動物園、博物館など）,0,0,0,0,0,1,0,0,0,0,0,0,0,0,0,0,0,0,その他,0,0,0,0,0,0,0,0,0,0,0,0,0,0,0,0,0,0,0,0,0,0,0,0,1,,,,"5,000円以上 10,000円未満",,使わない,,"1,000円以上 3,000円未満","3,000円以上 5,000円未満",,,,,,,,,,5,5,,きれい,,,,10,また行きたい（1年以内）,,道の駅「南えちぜん山海里」 エリア,,越前松島水族館,,選択なし/該当施設なし,,000000,web,1980,46,,1月,58.道の駅「南えちぜん山海里」 エリア,,
福井,2026/01/12 14:32:50,福井県,女,60代,,300万円以上 400万円未満,自分ひとり,日帰り,福井県外には宿泊しない,,福井県内には宿泊しない,,,,,,,,,自家用車,1,0,0,0,0,0,0,自家用車,0,0,0,0,4,,,2～5回目,2～5回目,ドライブ・ツーリング,0,0,0,0,0,0,0,0,0,0,0,0,0,0,1,0,0,0,観光パンフレット・ポスター,0,0,0,0,0,0,0,0,0,0,0,0,0,0,0,0,0,0,0,0,1,0,0,0,0,,,,"1,000円未満",,使わない,,"1,000円以上 3,000円未満","1,000円以上 3,000円未満",,,,,,,,,,4,4,,,,,,6,,,うるしの里 エリア,,うるしの里,,選択なし/該当施設なし,,000000,web,1965,61,,1月,46.うるしの里 エリア,,
福井,2026/01/12 14:19:50,石川県,男,40代,,600万円以上 700万円未満,自分ひとり,3泊,兵庫,,1泊,,,,,,,,,自家用車,1,0,0,0,0,0,0,自家用車,0,0,0,0,,,,11回目以上,11回目以上,友人・親戚を尋ねる,0,0,0,0,0,0,0,0,0,0,0,0,0,0,0,1,0,0,Twitter,0,0,0,0,0,1,0,0,0,0,0,0,0,0,0,0,0,0,0,0,0,0,0,0,0,,,,"5,000円以上 10,000円未満",,"5,000円以上 10,000円未満",,"1,000円以上 3,000円未満","3,000円以上 5,000円未満",,,,,,,,,,5,5,,,,,,9,また行きたい（1年以内）,,道の駅「若狭おばま」 エリア,,道の駅「名田庄」,,福井駅,,000000,web,1979,47,,1月,68.道の駅「若狭おばま」 エリア,(株)まちづくり小浜,
福井,2026/01/12 14:07:52,東京都,男,20代,,700万円以上 800万円未満,親,2泊,福井県外には宿泊しない,,2泊,,,,,,,,,新幹線,0,0,1,0,0,0,0,徒歩,0,0,1,0,5,,,初めて,初めて,名所、旧跡の観光,0,0,0,0,1,0,0,0,0,0,0,0,0,0,0,0,0,0,観光展・物産展,0,0,0,0,0,0,0,0,0,0,0,0,0,0,0,0,0,0,0,0,0,0,1,0,0,,,,"20,000円以上 30,000円未満",,"10,000円以上 20,000円未満",,"1,000円以上 3,000円未満","5,000円以上 10,000円未満",,,,,,,,,,5,5,,,,,,9,また行きたい（1年以内）,,三国湊 エリア,,丸岡城,,選択なし/該当施設なし,,000000,大本山 永平寺 エリア,1999,27,,1月,09.三国湊 エリア,(一社)DMOさかい観光局,
福井,2026/01/12 14:05:08,福井県,女,30代,,分からない/無回答,夫婦2人,2泊,福井県外には宿泊しない,,2泊,,,,,,,,,自家用車,1,0,0,0,0,0,0,自家用車,0,0,0,0,,,,6～10回目,6～10回目,地元の美味しいものを食べる友人・親戚を尋ねる,0,0,1,0,0,0,0,0,0,0,0,0,0,0,0,1,0,0,観光展・物産展友人・知人,0,0,0,0,0,0,0,0,0,0,0,0,0,0,0,0,0,0,1,0,0,0,1,0,0,,,,"3,000円以上 5,000円未満",,"3,000円以上 5,000円未満",,"1,000円以上 3,000円未満","3,000円以上 5,000円未満",,,,,,,,,,4,4,,,,,,5,,,名田庄 エリア,,選択なし/該当施設なし,,選択なし/該当施設なし,,000000,かずら橋 エリア,1988,38,,1月,86.名田庄 エリア,,
福井,2026/01/12 14:03:07,滋賀県,女,60代,,700万円以上 800万円未満,夫婦2人,日帰り,福井県外には宿泊しない,,福井県内には宿泊しない,,,,,,,,,旅行会社ツアーバス,0,0,0,0,0,1,0,旅行会社ツアーバス,0,0,0,0,3,雪の多い中安全に目的地に連れていただけたことはとても満足です。が、それぞれの滞在時間が、とても短く楽しみきれなかったのが不満でした,,2～5回目,2～5回目,地元の美味しいものを食べる名所、旧跡の観光,0,0,1,0,1,0,0,0,0,0,0,0,0,0,0,0,0,0,インターネット・アプリ,0,0,0,0,0,0,0,0,0,0,1,0,0,0,0,0,0,0,0,0,0,0,0,0,0,,,,"3,000円以上 5,000円未満",,使わない,,"3,000円以上 5,000円未満","3,000円以上 5,000円未満",,,,,,,,,,4,4,,,,,,7,また行きたい（1年以内）,,大本山 永平寺 エリア,,選択なし/該当施設なし,,日本海さかな街,,000000,web,1961,65,,1月,34.大本山 永平寺 エリア,,
福井,2026/01/12 14:01:30,福井県,女,60代,,700万円以上 800万円未満,その他家族,日帰り,岐阜県,,福井県内には宿泊しない,,,,,,,,,自家用車,1,0,0,0,0,0,0,自家用車,0,0,0,0,,,,6～10回目,6～10回目,地元の美味しいものを食べる買い物、アウトレット,0,0,1,0,0,0,1,0,0,0,0,0,0,0,0,0,0,0,観光パンフレット・ポスター,0,0,0,0,0,0,0,0,0,0,0,0,0,0,0,0,0,0,0,0,1,0,0,0,0,,,,"1,000円未満",,"1,000円以上 3,000円未満",,"1,000円以上 3,000円未満","3,000円以上 5,000円未満",,,,,,,,,,4,4,,,,,,8,,,道の駅「禅の里」 エリア,,選択なし/該当施設なし,,選択なし/該当施設なし,,000000,あわら湯のまち エリア,1962,64,,1月,35.道の駅「禅の里」 エリア,,
福井,2026/01/12 13:42:29,福井県,女,60代,,300万円以上 400万円未満,自分ひとり,日帰り,福井県外には宿泊しない,,福井県内には宿泊しない,,,,,,,,,自家用車,1,0,0,0,0,0,0,自家用車,0,0,0,0,4,,,初めて,初めて,ドライブ・ツーリング,0,0,0,0,0,0,0,0,0,0,0,0,0,0,1,0,0,0,観光パンフレット・ポスター,0,0,0,0,0,0,0,0,0,0,0,0,0,0,0,0,0,0,0,0,1,0,0,0,0,,,,"1,000円未満",,使わない,,"1,000円未満","1,000円以上 3,000円未満",,,,,,,,,,4,4,,,,,,5,,,メガネストリート エリア,,選択なし/該当施設なし,,選択なし/該当施設なし,,000000,web,1965,61,,1月,45.メガネストリート エリア,,
福井,2026/01/12 13:11:23,兵庫県,男,40代,,500万円以上 600万円未満,小学生以下連れの家族,1泊,石川県加賀市,,1泊,,,,,,,,,新幹線在来線,0,0,1,1,0,0,0,在来線,0,0,0,0,2,駅まわりに何もない,,初めて,初めて,宿でのんびり過ごす,1,0,0,0,0,0,0,0,0,0,0,0,0,0,0,0,0,0,インターネット・アプリ,0,0,0,0,0,0,0,0,0,0,1,0,0,0,0,0,0,0,0,0,0,0,0,0,0,,,,"10,000円以上 20,000円未満",,"10,000円以上 20,000円未満",,"20,000円以上 30,000円未満","5,000円以上 10,000円未満",,,,,,,,,,3,3,,アクセスが悪い,,,,6,,,JR芦原温泉駅 エリア,,選択なし/該当施設なし,,選択なし/該当施設なし,,000000,web,1986,40,,1月,16.JR芦原温泉駅 エリア,,
福井,2026/01/12 12:59:56,福井県,男,20代,,400万円以上 500万円未満,友人,日帰り,福井県外には宿泊しない,,福井県内には宿泊しない,,,,,,,,,自家用車,1,0,0,0,0,0,0,自家用車,0,0,0,0,4,,,初めて,初めて,温泉や露天風呂,0,1,0,0,0,0,0,0,0,0,0,0,0,0,0,0,0,0,インターネット・アプリ,0,0,0,0,0,0,0,0,0,0,1,0,0,0,0,0,0,0,0,0,0,0,0,0,0,,,,"1,000円未満",,使わない,,"1,000円以上 3,000円未満","1,000円以上 3,000円未満",,,,,,,,,,4,4,,,,,,8,また行きたい（1年以内）,,道の駅「越前」 エリア,,選択なし/該当施設なし,,選択なし/該当施設なし,,000000,道の駅「越前」 エリア,1998,28,,1月,49.道の駅「越前」 エリア,一般社団法人 越前町観光連盟（DMO ECHIZEN）,
福井,2026/01/12 12:52:04,福井県,男,60代,,100万円以上 200万円未満,自分ひとり,日帰り,福井県外には宿泊しない,,福井県内には宿泊しない,,,,,,,,,県外から訪れていない（福井県在住）,0,0,0,0,0,0,1,在来線,0,0,0,0,5,,,2～5回目,2～5回目,名所、旧跡の観光,0,0,0,0,1,0,0,0,0,0,0,0,0,0,0,0,0,0,観光パンフレット・ポスター,0,0,0,0,0,0,0,0,0,0,0,0,0,0,0,0,0,0,0,0,1,0,0,0,0,,,,"1,000円以上 3,000円未満",,"3,000円以上 5,000円未満",,"3,000円以上 5,000円未満","5,000円以上 10,000円未満",,,,,,,,,,5,5,,,,,,10,,,今庄宿 エリア,,選択なし/該当施設なし,,選択なし/該当施設なし,,000000,JR福井駅・ハピリンモール（1F）,1960,66,,1月,60.今庄宿 エリア,,
福井,2026/01/12 12:49:55,福井県,男,60代,,300万円以上 400万円未満,夫婦2人,日帰り,福井県外には宿泊しない,,福井県内には宿泊しない,,,,,,,,,自家用車,1,0,0,0,0,0,0,自家用車,0,0,0,0,4,,,2～5回目,2～5回目,その他,0,0,0,0,0,0,0,0,0,0,0,0,0,0,0,0,0,1,Instagram,0,0,0,1,0,0,0,0,0,0,0,0,0,0,0,0,0,0,0,0,0,0,0,0,0,,,,使わない,,使わない,,"1,000円未満","1,000円未満",,,,,,,,,,4,4,,,,,,10,また行きたい（1年以内）,,劔神社 エリア,,選択なし/該当施設なし,,選択なし/該当施設なし,,000000,まちの市場 こってコテいけだ エリア,1959,67,,1月,51.劔神社 エリア,一般社団法人 越前町観光連盟（DMO ECHIZEN）,
福井,2026/01/12 12:49:44,大阪府,女,30代,,500万円以上 600万円未満,自分ひとり,日帰り,福井県外には宿泊しない,,1泊,,,,,,,,,新幹線在来線,0,0,1,1,0,0,0,在来線路線バス,0,1,0,0,4,,,2～5回目,2～5回目,地元の美味しいものを食べる花見や紅葉などの自然鑑賞その他,0,0,1,1,0,0,0,0,0,0,0,0,0,0,0,0,0,1,Instagram,0,0,0,1,0,0,0,0,0,0,0,0,0,0,0,0,0,0,0,0,0,0,0,0,0,,,,"20,000円以上 30,000円未満",,"5,000円以上 10,000円未満",,"3,000円以上 5,000円未満","10,000円以上 20,000円未満",,,,,,,,,,5,5,,,,,,10,機会があれば行きたい,,大本山 永平寺 エリア,,選択なし/該当施設なし,,選択なし/該当施設なし,,000000,大本山 永平寺 エリア,1992,34,,1月,34.大本山 永平寺 エリア,,
福井,2026/01/12 12:32:20,大阪府,男,20代,,100万円未満,自分ひとり,日帰り,福井県外には宿泊しない,,福井県内には宿泊しない,,,,,,,,,新幹線在来線,0,0,1,1,0,0,0,在来線,0,0,0,0,4,,,11回目以上,11回目以上,温泉や露天風呂地元の美味しいものを食べる,0,1,1,0,0,0,0,0,0,0,0,0,0,0,0,0,0,0,観光展・物産展,0,0,0,0,0,0,0,0,0,0,0,0,0,0,0,0,0,0,0,0,0,0,1,0,0,,,,"5,000円以上 10,000円未満",,"5,000円以上 10,000円未満",,"3,000円以上 5,000円未満","3,000円以上 5,000円未満",,,,,,,,,,5,5,,,,,,10,,,JR敦賀駅前 エリア,,選択なし/該当施設なし,,選択なし/該当施設なし,,000000,JR敦賀駅前 エリア,1998,28,,1月,63.JR敦賀駅前 エリア,,
福井,2026/01/12 12:16:33,神奈川県,男,40代,,800万円以上 900万円未満,自分ひとり,2泊,福井県外には宿泊しない,,2泊,,,,,,,,,在来線,0,0,0,1,0,0,0,徒歩,0,0,1,0,,,,初めて,初めて,まちあるき、都市散策,0,0,0,0,0,0,0,0,0,0,1,0,0,0,0,0,0,0,Instagram,0,0,0,1,0,0,0,0,0,0,0,0,0,0,0,0,0,0,0,0,0,0,0,0,0,,,,"30,000円以上 40,000円未満",,"10,000円以上 20,000円未満",,"10,000円以上 20,000円未満","30,000円以上 40,000円未満",,,,,,,,,,5,5,,駅前に恐竜がいるのは知っていましたが、動くのは知らなかったので驚きましたあとは新幹線に路面電車にバスに鉄道と移動に困らないのが良かった,,,,9,また行きたい（1年以内）,,福井駅前 エリア,,北の庄城址・柴田公園,初日は東尋坊で最終日の今日は帰宅,選択なし/該当施設なし,,000000,web,1978,48,,1月,01.福井駅前 エリア,,雪が降ると流石に移動が難しくなる場面もあるのでマイナス2ただ永平寺は雪とものすごくマッチしていて感動的だったのでプラス1で9また、ご飯が美味しかったので友人人勧めやすいと感じました
福井,2026/01/12 12:16:30,神奈川県,女,50代,,500万円以上 600万円未満,その他家族,2泊,大阪,,1泊,,,,,,,,,在来線,0,0,0,1,0,0,0,在来線,0,0,0,0,3,,,初めて,初めて,宿でのんびり過ごす温泉や露天風呂地元の美味しいものを食べる名所、旧跡の観光,1,1,1,0,1,0,0,0,0,0,0,0,0,0,0,0,0,0,友人・知人,0,0,0,0,0,0,0,0,0,0,0,0,0,0,0,0,0,0,1,0,0,0,0,0,0,,,,"30,000円以上 40,000円未満",,"30,000円以上 40,000円未満",,"3,000円以上 5,000円未満","20,000円以上 30,000円未満",,,,,,,,,,4,3,,,,,,6,機会があれば行きたい,,福井駅前 エリア,,大本山永平寺,,選択なし/該当施設なし,,000000,福井駅前 エリア,1972,54,,1月,01.福井駅前 エリア,,
福井,2026/01/12 12:03:04,福井県,女,30代,,600万円以上 700万円未満,小学生以下連れの家族,日帰り,福井県外には宿泊しない,,福井県内には宿泊しない,,,,,,,,,県外から訪れていない（福井県在住）,0,0,0,0,0,0,1,自家用車,0,0,0,0,,,,11回目以上,11回目以上,テーマパーク（遊園地、動物園、博物館など）,0,0,0,0,0,1,0,0,0,0,0,0,0,0,0,0,0,0,Instagram,0,0,0,1,0,0,0,0,0,0,0,0,0,0,0,0,0,0,0,0,0,0,0,0,0,,,,"1,000円未満",,使わない,,"1,000円以上 3,000円未満","1,000円以上 3,000円未満",,,,,,,,,,4,4,,,,,,6,,,花の駅 ゆりの里公園 エリア,,選択なし/該当施設なし,,選択なし/該当施設なし,,000000,花の駅 ゆりの里公園 エリア,1991,35,,1月,14.花の駅 ゆりの里公園 エリア,(一社)DMOさかい観光局,
福井,2026/01/12 12:00:19,東京都,男,30代,,"900万円以上 1,000万円未満",夫婦2人,2泊,福井県外には宿泊しない,,2泊,,,,,,,,,在来線,0,0,0,1,0,0,0,在来線,0,0,0,0,4,福井駅から鯖江駅までの電車が30分に1本はあり、便利だったから。,,初めて,初めて,テーマパーク（遊園地、動物園、博物館など）,0,0,0,0,0,1,0,0,0,0,0,0,0,0,0,0,0,0,ブログ,0,0,0,0,0,0,0,0,1,0,0,0,0,0,0,0,0,0,0,0,0,0,0,0,0,,,,"20,000円以上 30,000円未満",,"5,000円以上 10,000円未満",,"3,000円以上 5,000円未満","20,000円以上 30,000円未満",,,,,,,,,,4,2,,めがねミュージアムは入場料無料なのに綺麗で充実していたから。,,,,8,また行きたい（1年以内）,,メガネストリート エリア,,福井駅,,福井駅,,000000,金ヶ崎 エリア,1994,32,,1月,45.メガネストリート エリア,,落ち着いた街で、見所もあるから。
福井,2026/01/12 11:04:41,兵庫県,女,60代,,400万円以上 500万円未満,自分ひとり,1泊,福井県外には宿泊しない,,1泊,,,,,,,,,在来線,0,0,0,1,0,0,0,在来線,0,0,0,0,3,,,2～5回目,2～5回目,まちあるき、都市散策,0,0,0,0,0,0,0,0,0,0,1,0,0,0,0,0,0,0,インターネット・アプリ,0,0,0,0,0,0,0,0,0,0,1,0,0,0,0,0,0,0,0,0,0,0,0,0,0,,,,"3,000円以上 5,000円未満",,"5,000円以上 10,000円未満",,"1,000円以上 3,000円未満","1,000円以上 3,000円未満",,,,,,,,,,3,3,,,,,,6,,,北ノ庄 エリア,,選択なし/該当施設なし,,選択なし/該当施設なし,,000000,web,1964,62,,1月,03.北ノ庄 エリア,,
福井,2026/01/12 10:30:30,富山県,男,50代,,700万円以上 800万円未満,夫婦2人,1泊,福井県外には宿泊しない,,1泊,,,,,,,,,自家用車,1,0,0,0,0,0,0,自家用車,0,0,0,0,,,,2～5回目,2～5回目,地元の美味しいものを食べる,0,0,1,0,0,0,0,0,0,0,0,0,0,0,0,0,0,0,Instagram,0,0,0,1,0,0,0,0,0,0,0,0,0,0,0,0,0,0,0,0,0,0,0,0,0,,,,"5,000円以上 10,000円未満",,"20,000円以上 30,000円未満",,"10,000円以上 20,000円未満","20,000円以上 30,000円未満",,,,,,,,,,4,4,,,,,,7,また行きたい（1年以内）,,福井駅前 エリア（宿泊施設）,,はたや記念館 ゆめおーれ勝山,県立美術館,選択なし/該当施設なし,,000000,えちぜん鉄道 松岡駅 エリア,1974,52,,1月,02.福井駅前 エリア（宿泊施設）,,
福井,2026/01/12 08:06:33,大阪府,女,50代,,600万円以上 700万円未満,夫婦2人,1泊,福井県外には宿泊しない,,1泊,,,,,,,,,自家用車,1,0,0,0,0,0,0,自家用車,0,0,0,0,,,,初めて,初めて,名所、旧跡の観光ドライブ・ツーリング,0,0,0,0,1,0,0,0,0,0,0,0,0,0,1,0,0,0,新聞・雑誌・ガイドブック観光パンフレット・ポスター,0,0,0,0,0,0,0,0,0,0,0,0,0,0,0,0,1,0,0,0,1,0,0,0,0,,,,"5,000円以上 10,000円未満",,"3,000円以上 5,000円未満",,"3,000円以上 5,000円未満","5,000円以上 10,000円未満",,,,,,,,,,4,4,,,,,,10,機会があれば行きたい,,JR美浜駅 エリア,,氣比神宮,,日本海さかな街,,000000,JR美浜駅 エリア,1974,52,,1月,79.JR美浜駅 エリア,三方五湖DMO(株),ゆったりとした時間を過ごせた
福井,2026/01/13 22:02:28,滋賀県,女,40代,,200万円以上 300万円未満,親,日帰り,福井県外には宿泊しない,,福井県内には宿泊しない,,,,,,,,,自家用車,1,0,0,0,0,0,0,自家用車,0,0,0,0,,,,2～5回目,2～5回目,ドライブ・ツーリング,0,0,0,0,0,0,0,0,0,0,0,0,0,0,1,0,0,0,インターネット・アプリ,0,0,0,0,0,0,0,0,0,0,1,0,0,0,0,0,0,0,0,0,0,0,0,0,0,,,,"3,000円以上 5,000円未満",,"5,000円以上 10,000円未満",,"5,000円以上 10,000円未満","5,000円以上 10,000円未満",,,,,,,,,,4,4,,,,,,6,,,道の駅「若狭おばま」 エリア,,選択なし/該当施設なし,,選択なし/該当施設なし,,000000,道の駅「若狭おばま」 エリア,1983,43,,1月,68.道の駅「若狭おばま」 エリア,(株)まちづくり小浜,
福井,2026/01/13 22:01:54,滋賀県,女,40代,,200万円以上 300万円未満,親,日帰り,福井県外には宿泊しない,,福井県内には宿泊しない,,,,,,,,,自家用車,1,0,0,0,0,0,0,自家用車,0,0,0,0,,,,2～5回目,2～5回目,ドライブ・ツーリング,0,0,0,0,0,0,0,0,0,0,0,0,0,0,1,0,0,0,インターネット・アプリ,0,0,0,0,0,0,0,0,0,0,1,0,0,0,0,0,0,0,0,0,0,0,0,0,0,,,,"3,000円以上 5,000円未満",,"5,000円以上 10,000円未満",,"3,000円以上 5,000円未満","5,000円以上 10,000円未満",,,,,,,,,,4,4,,,,,,6,,,道の駅「恐竜渓谷かつやま」 エリア,,選択なし/該当施設なし,,選択なし/該当施設なし,,000000,道の駅「若狭おばま」 エリア,1983,43,,1月,26.道の駅「恐竜渓谷かつやま」 エリア,勝山市観光まちづくり(株),
福井,2026/01/13 22:01:17,滋賀県,女,40代,,200万円以上 300万円未満,親,日帰り,福井県外には宿泊しない,,福井県内には宿泊しない,,,,,,,,,自家用車,1,0,0,0,0,0,0,自家用車,0,0,0,0,,,,2～5回目,2～5回目,地元の美味しいものを食べる名所、旧跡の観光ドライブ・ツーリング,0,0,1,0,1,0,0,0,0,0,0,0,0,0,1,0,0,0,新聞・雑誌・ガイドブックインターネット・アプリ,0,0,0,0,0,0,0,0,0,0,1,0,0,0,0,0,1,0,0,0,0,0,0,0,0,,,,"3,000円以上 5,000円未満",,"5,000円以上 10,000円未満",,"3,000円以上 5,000円未満","5,000円以上 10,000円未満",,,,,,,,,,4,4,,,,,,6,,,越前大仏 エリア,,選択なし/該当施設なし,,選択なし/該当施設なし,,000000,道の駅「若狭おばま」 エリア,1983,43,,1月,28.越前大仏 エリア,勝山市観光まちづくり(株),
福井,2026/01/13 21:47:20,福井県,女,40代,,分からない/無回答,夫婦2人,日帰り,石川県加賀市,,福井県内には宿泊しない,,,,,,,,,レンタカー,0,1,0,0,0,0,0,タクシー,1,0,0,0,5,福井大好き人が優しいから,,11回目以上,11回目以上,温泉や露天風呂,0,1,0,0,0,0,0,0,0,0,0,0,0,0,0,0,0,0,インターネット・アプリ,0,0,0,0,0,0,0,0,0,0,1,0,0,0,0,0,0,0,0,0,0,0,0,0,0,,,,"10,000円以上 20,000円未満",,"10,000円以上 20,000円未満",,"10,000円以上 20,000円未満","3,000円以上 5,000円未満",,,,,,,,,,5,5,,優しい,,,,10,また行きたい（1年以内）,,一乗谷朝倉氏遺跡 エリア,,瀧谷寺,,選択なし/該当施設なし,,000000,福井駅前 エリア,1980,46,,1月,06.一乗谷朝倉氏遺跡 エリア,,食べ物かうまい
福井,2026/01/13 21:14:14,福井県,女,50代,,500万円以上 600万円未満,自分ひとり,日帰り,福井県外には宿泊しない,,福井県内には宿泊しない,,,,,,,,,県外から訪れていない（福井県在住）,0,0,0,0,0,0,1,自家用車,0,0,0,0,5,,,11回目以上,11回目以上,温泉や露天風呂地元の美味しいものを食べる,0,1,1,0,0,0,0,0,0,0,0,0,0,0,0,0,0,0,観光展・物産展観光パンフレット・ポスターInstagram,0,0,0,1,0,0,0,0,0,0,0,0,0,0,0,0,0,0,0,0,1,0,1,0,0,,,,"1,000円以上 3,000円未満",,"1,000円以上 3,000円未満",,"1,000円以上 3,000円未満","1,000円以上 3,000円未満",,,,,,,,,,5,5,,,,,,10,,,一乗谷朝倉氏遺跡 エリア,,道の駅「河野」,,北の庄城址・柴田公園,,000000,フルーツライン エリア,1967,59,,1月,06.一乗谷朝倉氏遺跡 エリア,,
福井,2026/01/13 20:20:09,広島県,女,20代,,500万円以上 600万円未満,中学生以上連れの家族,3泊,石川県金沢市,,2泊,,,,,,,,,自家用車,1,0,0,0,0,0,0,自家用車,0,0,0,0,5,行きたいところがまだらだったので車で行きました。やはり車だと動きやすかったです。,,初めて,初めて,宿でのんびり過ごす温泉や露天風呂地元の美味しいものを食べる,1,1,1,0,0,0,0,0,0,0,0,0,0,0,0,0,0,0,観光展・物産展インターネット・アプリInstagram,0,0,0,1,0,0,0,0,0,0,1,0,0,0,0,0,0,0,0,0,0,0,1,0,0,,,,"5,000円以上 10,000円未満",,"30,000円以上 40,000円未満",,"10,000円以上 20,000円未満","20,000円以上 30,000円未満",,,,,,,,,,5,5,,思ったよりも綺麗にしてあるなという印象がある,,,,8,機会があれば行きたい,,三国湊 エリア,,大本山永平寺,,東尋坊,,000000,三国湊 エリア,2003,23,,1月,09.三国湊 エリア,(一社)DMOさかい観光局,やっぱり蟹ですねとっても美味しかったですぜひ福井で食べて欲しいと思いました
福井,2026/01/13 18:54:23,京都府,男,60代,,400万円以上 500万円未満,その他家族,1泊,福井県外には宿泊しない,,1泊,,,,,,,,,旅行会社ツアーバス,0,0,0,0,0,1,0,旅行会社ツアーバス,0,0,0,0,4,芦原温泉は、JR駅から遠く、送迎バスも有料なのが難点だが、関西から宿直通バスを利用して、アプローチの悪さを感じなかった。,,2～5回目,2～5回目,地元の美味しいものを食べる,0,0,1,0,0,0,0,0,0,0,0,0,0,0,0,0,0,0,その他,0,0,0,0,0,0,0,0,0,0,0,0,0,0,0,0,0,0,0,0,0,0,0,0,1,,,,"20,000円以上 30,000円未満",,"10,000円以上 20,000円未満",,"5,000円以上 10,000円未満","3,000円以上 5,000円未満",,,,,,,,,,4,4,,あいにく火曜日で、休みのお店が多かったが、それでも芦湯など、楽しんだ。,,,,6,機会があれば行きたい,,あわら湯のまち エリア,,日本海さかな街,,選択なし/該当施設なし,,000000,web,1962,64,,1月,17.あわら湯のまち エリア,,
福井,2026/01/13 18:15:35,福井県,女,40代,,400万円以上 500万円未満,自分ひとり,日帰り,福井県外には宿泊しない,,福井県内には宿泊しない,,,,,,,,,自家用車,1,0,0,0,0,0,0,自家用車,0,0,0,0,4,,,11回目以上,11回目以上,地元の美味しいものを食べる名所、旧跡の観光,0,0,1,0,1,0,0,0,0,0,0,0,0,0,0,0,0,0,観光展・物産展,0,0,0,0,0,0,0,0,0,0,0,0,0,0,0,0,0,0,0,0,0,0,1,0,0,,,,"1,000円未満",,使わない,,"1,000円以上 3,000円未満","1,000円以上 3,000円未満",,,,,,,,,,4,4,,,,,,8,また行きたい（1年以内）,,道の駅みくに ふれあいパーク三里浜 エリア,,選択なし/該当施設なし,,丸岡城,,000000,web,1979,47,,1月,15.道の駅みくに ふれあいパーク三里浜 エリア,(一社)DMOさかい観光局,
福井,2026/01/13 17:32:40,滋賀県,女,70代,,100万円未満,その他家族,1泊,石川県加賀市,,福井県内には宿泊しない,,,,,,,,,自家用車,1,0,0,0,0,0,0,自家用車,0,0,0,0,,,,11回目以上,11回目以上,地元の美味しいものを食べる買い物、アウトレット,0,0,1,0,0,0,1,0,0,0,0,0,0,0,0,0,0,0,その他,0,0,0,0,0,0,0,0,0,0,0,0,0,0,0,0,0,0,0,0,0,0,0,0,1,,,,"5,000円以上 10,000円未満",,"5,000円以上 10,000円未満",,"1,000円未満","5,000円以上 10,000円未満",,,,,,,,,,4,3,,,,,,8,また行きたい（1年以内）,,北陸新幹線 越前たけふ駅 エリア,,氣比神宮,,選択なし/該当施設なし,,000000,北陸新幹線 越前たけふ駅 エリア,1955,71,,1月,38.北陸新幹線 越前たけふ駅 エリア,,
福井,2026/01/13 14:29:09,東京都,男,40代,,"1,000万円以上 1,200万円未満",夫婦2人,3泊,京都府,,2泊,,,,,,,,,在来線,0,0,0,1,0,0,0,レンタカー,0,0,0,0,,,,初めて,初めて,宿でのんびり過ごす地元の美味しいものを食べる,1,0,1,0,0,0,0,0,0,0,0,0,0,0,0,0,0,0,観光パンフレット・ポスター,0,0,0,0,0,0,0,0,0,0,0,0,0,0,0,0,0,0,0,0,1,0,0,0,0,,,,"40,000円以上 50,000円未満",,"40,000円以上 50,000円未満",,"1,000円以上 3,000円未満","10,000円以上 20,000円未満",,,,,,,,,,5,5,,,,,,10,機会があれば行きたい,,JR美浜駅 エリア,,三方五湖,,選択なし/該当施設なし,,000000,web,1986,40,,1月,79.JR美浜駅 エリア,三方五湖DMO(株),
福井,2026/01/13 14:27:34,東京都,女,30代,,"1,000万円以上 1,200万円未満",夫婦2人,2泊,福井県外には宿泊しない,,2泊,,,,,,,,,レンタカー新幹線,0,1,1,0,0,0,0,レンタカー,0,0,0,0,,,,初めて,初めて,宿でのんびり過ごす地元の美味しいものを食べる花見や紅葉などの自然鑑賞,1,0,1,1,0,0,0,0,0,0,0,0,0,0,0,0,0,0,その他,0,0,0,0,0,0,0,0,0,0,0,0,0,0,0,0,0,0,0,0,0,0,0,0,1,,,,"40,000円以上 50,000円未満",,"40,000円以上 50,000円未満",,"1,000円未満","10,000円以上 20,000円未満",,,,,,,,,,5,5,,,,,,8,機会があれば行きたい,,JR美浜駅 エリア,,三方五湖,,敦賀駅,,000000,JR美浜駅 エリア,1994,32,,1月,79.JR美浜駅 エリア,三方五湖DMO(株),
福井,2026/01/13 13:27:13,福井県,男,60代,,500万円以上 600万円未満,自分ひとり,日帰り,福井県外には宿泊しない,,福井県内には宿泊しない,,,,,,,,,自家用車,1,0,0,0,0,0,0,自家用車,0,0,0,0,3,,,2～5回目,2～5回目,名所、旧跡の観光,0,0,0,0,1,0,0,0,0,0,0,0,0,0,0,0,0,0,Facebook,1,0,0,0,0,0,0,0,0,0,0,0,0,0,0,0,0,0,0,0,0,0,0,0,0,,,,"1,000円未満",,"1,000円未満",,"1,000円未満","1,000円以上 3,000円未満",,,,,,,,,,3,4,,,,,,5,機会があれば行きたい,,北陸新幹線 越前たけふ駅 エリア,,選択なし/該当施設なし,,選択なし/該当施設なし,,000000,三国湊 エリア,1965,61,,1月,38.北陸新幹線 越前たけふ駅 エリア,,
福井,2026/01/13 12:55:13,福井県,女,20代,,分からない/無回答,自分ひとり,日帰り,福井県外には宿泊しない,,福井県内には宿泊しない,,,,,,,,,自家用車,1,0,0,0,0,0,0,自家用車,0,0,0,0,,,,11回目以上,11回目以上,地元の美味しいものを食べる,0,0,1,0,0,0,0,0,0,0,0,0,0,0,0,0,0,0,Instagram,0,0,0,1,0,0,0,0,0,0,0,0,0,0,0,0,0,0,0,0,0,0,0,0,0,,,,"1,000円以上 3,000円未満",,"1,000円未満",,"1,000円以上 3,000円未満","1,000円以上 3,000円未満",,,,,,,,,,4,4,,,,,,9,,,あわら湯のまち エリア,,選択なし/該当施設なし,,選択なし/該当施設なし,,000000,web,1997,29,,1月,17.あわら湯のまち エリア,,
福井,2026/01/13 12:11:35,兵庫県,男,40代,,500万円以上 600万円未満,小学生以下連れの家族,1泊,石川県加賀市,,1泊,,,,,,,,,在来線,0,0,0,1,0,0,0,在来線,0,0,0,0,4,,,2～5回目,2～5回目,宿でのんびり過ごす,1,0,0,0,0,0,0,0,0,0,0,0,0,0,0,0,0,0,インターネット・アプリ,0,0,0,0,0,0,0,0,0,0,1,0,0,0,0,0,0,0,0,0,0,0,0,0,0,,,,"10,000円以上 20,000円未満",,"10,000円以上 20,000円未満",,"1,000円以上 3,000円未満","5,000円以上 10,000円未満",,,,,,,,,,4,4,,,,,,10,,,福井駅前 エリア,,選択なし/該当施設なし,,選択なし/該当施設なし,,000000,web,1986,40,,1月,01.福井駅前 エリア,,
福井,2026/01/13 12:01:49,東京都,女,40代,,100万円未満,その他家族,4泊以上,京都府,,2泊,,,,,,,,,レンタカー,0,1,0,0,0,0,0,レンタカー,0,0,0,0,5,,,初めて,初めて,温泉や露天風呂地元の美味しいものを食べる,0,1,1,0,0,0,0,0,0,0,0,0,0,0,0,0,0,0,観光展・物産展新聞・雑誌・ガイドブック,0,0,0,0,0,0,0,0,0,0,0,0,0,0,0,0,1,0,0,0,0,0,1,0,0,,,,"1,000円以上 3,000円未満",,"1,000円未満",,"1,000円未満","1,000円以上 3,000円未満",,,,,,,,,,4,4,,,,,,4,,,大本山 永平寺 エリア,,選択なし/該当施設なし,,氣比神宮,,000000,大本山 永平寺 エリア,1978,48,,1月,34.大本山 永平寺 エリア,,
福井,2026/01/13 11:24:38,青森県,無回答,40代,,700万円以上 800万円未満,自分ひとり,3泊,和歌山市、奈良市,,1泊,,,,,,,,,在来線飛行機,0,0,0,1,1,0,0,レンタカー在来線,0,0,0,0,5,,,初めて,初めて,地元の美味しいものを食べる買い物、アウトレットまちあるき、都市散策,0,0,1,0,0,0,1,0,0,0,1,0,0,0,0,0,0,0,インターネット・アプリ,0,0,0,0,0,0,0,0,0,0,1,0,0,0,0,0,0,0,0,0,0,0,0,0,0,,,,"50,000円以上 100,000円未満",,"5,000円以上 10,000円未満",,"5,000円以上 10,000円未満","10,000円以上 20,000円未満",,,,,,,,,,4,4,,,,,,7,機会があれば行きたい,,道の駅「禅の里」 エリア,,ふれあいパーク三里浜(道の駅「みくに」),,道の駅「九頭竜・和泉ふれあい会館」,,000000,道の駅「禅の里」 エリア,1979,47,,1月,35.道の駅「禅の里」 エリア,,
福井,2026/01/13 11:23:37,東京都,男,60代,,"1,000万円以上 1,200万円未満",職場の同僚,1泊,名古屋,,福井県内には宿泊しない,,,,,,,,,新幹線,0,0,1,0,0,0,0,レンタカー,0,0,0,0,4,,,11回目以上,11回目以上,出張など仕事関係,0,0,0,0,0,0,0,0,0,0,0,0,0,0,0,0,1,0,インターネット・アプリ,0,0,0,0,0,0,0,0,0,0,1,0,0,0,0,0,0,0,0,0,0,0,0,0,0,,,,"20,000円以上 30,000円未満",,使わない,,"3,000円以上 5,000円未満","3,000円以上 5,000円未満",,,,,,,,,,4,4,,,,,,8,また行きたい（1年以内）,,福井駅前 エリア,,北の庄城址・柴田公園,,選択なし/該当施設なし,,000000,福井駅前 エリア,1966,60,,1月,01.福井駅前 エリア,,
福井,2026/01/14 20:49:11,京都府,女,20代,,100万円未満,親,1泊,福井県外には宿泊しない,,1泊,,,,,,,,,旅行会社ツアーバス,0,0,0,0,0,1,0,旅行会社ツアーバス,0,0,0,0,,,,初めて,初めて,温泉や露天風呂,0,1,0,0,0,0,0,0,0,0,0,0,0,0,0,0,0,0,その他,0,0,0,0,0,0,0,0,0,0,0,0,0,0,0,0,0,0,0,0,0,0,0,0,1,,,,"5,000円以上 10,000円未満",,"10,000円以上 20,000円未満",,"3,000円以上 5,000円未満","3,000円以上 5,000円未満",,,,,,,,,,4,4,,足湯が良かった温泉卵をつくってたのしかったスーパーはご当地なものがあって楽しかった,,,,7,機会があれば行きたい,,あわら湯のまち エリア,,選択なし/該当施設なし,羽二重餅の古里,選択なし/該当施設なし,,000000,日本海さかな街 エリア,2000,26,,1月,17.あわら湯のまち エリア,,温泉が好きな人に勧めたい
福井,2026/01/14 19:50:35,岐阜県,男,80歳以上,,100万円以上 200万円未満,夫婦2人,1泊,石川県加賀市,,福井県内には宿泊しない,,,,,,,,,自家用車,1,0,0,0,0,0,0,自家用車,0,0,0,0,,,,2～5回目,2～5回目,地元の美味しいものを食べる買い物、アウトレット,0,0,1,0,0,0,1,0,0,0,0,0,0,0,0,0,0,0,その他,0,0,0,0,0,0,0,0,0,0,0,0,0,0,0,0,0,0,0,0,0,0,0,0,1,,,,"3,000円以上 5,000円未満",,使わない,,"1,000円以上 3,000円未満","1,000円以上 3,000円未満",,,,,,,,,,4,4,,,,,,10,機会があれば行きたい,,越前そばの里 エリア,,選択なし/該当施設なし,,選択なし/該当施設なし,,000000,越前そばの里 エリア,1946,80,,1月,37.越前そばの里 エリア,,地元の食材がおいしい
福井,2026/01/14 16:44:24,福井県,男,60代,,300万円以上 400万円未満,夫婦2人,日帰り,福井県外には宿泊しない,,福井県内には宿泊しない,,,,,,,,,自家用車,1,0,0,0,0,0,0,自家用車,0,0,0,0,4,,,2～5回目,2～5回目,その他,0,0,0,0,0,0,0,0,0,0,0,0,0,0,0,0,0,1,Instagram,0,0,0,1,0,0,0,0,0,0,0,0,0,0,0,0,0,0,0,0,0,0,0,0,0,,,,使わない,,使わない,,"1,000円以上 3,000円未満","1,000円未満",,,,,,,,,,4,4,,,,,,8,また行きたい（1年以内）,,六呂師高原 エリア,,選択なし/該当施設なし,,選択なし/該当施設なし,,000000,まちの市場 こってコテいけだ エリア,1959,67,,1月,24.六呂師高原 エリア,,
福井,2026/01/14 16:43:45,福井県,男,60代,,300万円以上 400万円未満,夫婦2人,日帰り,福井県外には宿泊しない,,福井県内には宿泊しない,,,,,,,,,自家用車,1,0,0,0,0,0,0,自家用車,0,0,0,0,4,,,2～5回目,2～5回目,その他,0,0,0,0,0,0,0,0,0,0,0,0,0,0,0,0,0,1,Instagram,0,0,0,1,0,0,0,0,0,0,0,0,0,0,0,0,0,0,0,0,0,0,0,0,0,,,,使わない,,使わない,,"1,000円以上 3,000円未満","1,000円未満",,,,,,,,,,4,4,,,,,,9,また行きたい（1年以内）,,道の駅「禅の里」 エリア,,選択なし/該当施設なし,,選択なし/該当施設なし,,000000,まちの市場 こってコテいけだ エリア,1959,67,,1月,35.道の駅「禅の里」 エリア,,
福井,2026/01/14 16:42:17,福井県,男,60代,,300万円以上 400万円未満,夫婦2人,日帰り,福井県外には宿泊しない,,福井県内には宿泊しない,,,,,,,,,自家用車,1,0,0,0,0,0,0,自家用車,0,0,0,0,4,,,2～5回目,2～5回目,その他,0,0,0,0,0,0,0,0,0,0,0,0,0,0,0,0,0,1,Instagram,0,0,0,1,0,0,0,0,0,0,0,0,0,0,0,0,0,0,0,0,0,0,0,0,0,,,,使わない,,使わない,,"1,000円未満","1,000円未満",,,,,,,,,,4,4,,,,,,7,また行きたい（1年以内）,,金ヶ崎 エリア,,選択なし/該当施設なし,,選択なし/該当施設なし,,000000,まちの市場 こってコテいけだ エリア,1959,67,,1月,64.金ヶ崎 エリア,,
福井,2026/01/14 16:41:44,福井県,男,60代,,300万円以上 400万円未満,夫婦2人,日帰り,福井県外には宿泊しない,,福井県内には宿泊しない,,,,,,,,,自家用車,1,0,0,0,0,0,0,自家用車,0,0,0,0,4,,,2～5回目,2～5回目,その他,0,0,0,0,0,0,0,0,0,0,0,0,0,0,0,0,0,1,Instagram,0,0,0,1,0,0,0,0,0,0,0,0,0,0,0,0,0,0,0,0,0,0,0,0,0,,,,使わない,,使わない,,"1,000円以上 3,000円未満","1,000円未満",,,,,,,,,,4,4,,,,,,8,また行きたい（1年以内）,,福井駅前 エリア,,選択なし/該当施設なし,,選択なし/該当施設なし,,000000,まちの市場 こってコテいけだ エリア,1959,67,,1月,01.福井駅前 エリア,,
福井,2026/01/14 16:41:14,福井県,男,60代,,300万円以上 400万円未満,夫婦2人,日帰り,福井県外には宿泊しない,,福井県内には宿泊しない,,,,,,,,,自家用車,1,0,0,0,0,0,0,自家用車,0,0,0,0,4,,,2～5回目,2～5回目,その他,0,0,0,0,0,0,0,0,0,0,0,0,0,0,0,0,0,1,Instagram,0,0,0,1,0,0,0,0,0,0,0,0,0,0,0,0,0,0,0,0,0,0,0,0,0,,,,使わない,,使わない,,"1,000円以上 3,000円未満","1,000円未満",,,,,,,,,,4,4,,,,,,8,また行きたい（1年以内）,,まちの市場 こってコテいけだ エリア,,選択なし/該当施設なし,,選択なし/該当施設なし,,000000,まちの市場 こってコテいけだ エリア,1959,67,,1月,47.まちの市場 こってコテいけだ エリア,（一財）いけだ農村観光公社,
福井,2026/01/14 16:40:39,福井県,男,60代,,300万円以上 400万円未満,夫婦2人,日帰り,福井県外には宿泊しない,,福井県内には宿泊しない,,,,,,,,,自家用車,1,0,0,0,0,0,0,自家用車,0,0,0,0,4,,,2～5回目,2～5回目,その他,0,0,0,0,0,0,0,0,0,0,0,0,0,0,0,0,0,1,Instagram,0,0,0,1,0,0,0,0,0,0,0,0,0,0,0,0,0,0,0,0,0,0,0,0,0,,,,使わない,,使わない,,"1,000円以上 3,000円未満","1,000円未満",,,,,,,,,,4,4,,,,,,9,また行きたい（1年以内）,,かずら橋 エリア,,選択なし/該当施設なし,,選択なし/該当施設なし,,000000,まちの市場 こってコテいけだ エリア,1959,67,,1月,48.かずら橋 エリア,（一財）いけだ農村観光公社,
福井,2026/01/14 16:39:53,福井県,男,60代,,300万円以上 400万円未満,夫婦2人,日帰り,福井県外には宿泊しない,,福井県内には宿泊しない,,,,,,,,,自家用車,1,0,0,0,0,0,0,自家用車,0,0,0,0,3,,,2～5回目,2～5回目,その他,0,0,0,0,0,0,0,0,0,0,0,0,0,0,0,0,0,1,Instagram,0,0,0,1,0,0,0,0,0,0,0,0,0,0,0,0,0,0,0,0,0,0,0,0,0,,,,使わない,,使わない,,"1,000円以上 3,000円未満","1,000円未満",,,,,,,,,,4,4,,,,,,8,また行きたい（1年以内）,,道の駅「西山公園」 エリア,,選択なし/該当施設なし,,選択なし/該当施設なし,,000000,まちの市場 こってコテいけだ エリア,1959,67,,1月,44.道の駅「西山公園」 エリア,,
福井,2026/01/14 16:39:19,福井県,男,60代,,300万円以上 400万円未満,夫婦2人,日帰り,福井県外には宿泊しない,,福井県内には宿泊しない,,,,,,,,,自家用車,1,0,0,0,0,0,0,自家用車,0,0,0,0,4,,,2～5回目,2～5回目,その他,0,0,0,0,0,0,0,0,0,0,0,0,0,0,0,0,0,1,Instagram,0,0,0,1,0,0,0,0,0,0,0,0,0,0,0,0,0,0,0,0,0,0,0,0,0,,,,使わない,,使わない,,"1,000円未満","1,000円未満",,,,,,,,,,3,4,,,,,,9,また行きたい（1年以内）,,メガネストリート エリア,,選択なし/該当施設なし,,選択なし/該当施設なし,,000000,まちの市場 こってコテいけだ エリア,1959,67,,1月,45.メガネストリート エリア,,
福井,2026/01/14 16:38:46,福井県,男,60代,,300万円以上 400万円未満,夫婦2人,日帰り,福井県外には宿泊しない,,福井県内には宿泊しない,,,,,,,,,自家用車,1,0,0,0,0,0,0,自家用車,0,0,0,0,4,,,2～5回目,2～5回目,その他,0,0,0,0,0,0,0,0,0,0,0,0,0,0,0,0,0,1,Instagram,0,0,0,1,0,0,0,0,0,0,0,0,0,0,0,0,0,0,0,0,0,0,0,0,0,,,,使わない,,使わない,,"1,000円以上 3,000円未満","1,000円未満",,,,,,,,,,4,4,,,,,,9,また行きたい（1年以内）,,道の駅「パークイン丹生ヶ丘」 エリア,,選択なし/該当施設なし,,選択なし/該当施設なし,,000000,まちの市場 こってコテいけだ エリア,1959,67,,1月,50.道の駅「パークイン丹生ヶ丘」 エリア,一般社団法人 越前町観光連盟（DMO ECHIZEN）,
福井,2026/01/14 16:38:14,福井県,男,60代,,300万円以上 400万円未満,夫婦2人,日帰り,福井県外には宿泊しない,,福井県内には宿泊しない,,,,,,,,,自家用車,1,0,0,0,0,0,0,自家用車,0,0,0,0,4,,,2～5回目,2～5回目,その他,0,0,0,0,0,0,0,0,0,0,0,0,0,0,0,0,0,1,Instagram,0,0,0,1,0,0,0,0,0,0,0,0,0,0,0,0,0,0,0,0,0,0,0,0,0,,,,使わない,,使わない,,"1,000円以上 3,000円未満","1,000円未満",,,,,,,,,,4,4,,,,,,9,また行きたい（1年以内）,,越前和紙の里 エリア,,選択なし/該当施設なし,,選択なし/該当施設なし,,000000,まちの市場 こってコテいけだ エリア,1959,67,,1月,36.越前和紙の里 エリア,,
福井,2026/01/14 16:37:34,福井県,男,60代,,300万円以上 400万円未満,夫婦2人,日帰り,福井県外には宿泊しない,,福井県内には宿泊しない,,,,,,,,,自家用車,1,0,0,0,0,0,0,自家用車,0,0,0,0,4,,,2～5回目,2～5回目,その他,0,0,0,0,0,0,0,0,0,0,0,0,0,0,0,0,0,1,Instagram,0,0,0,1,0,0,0,0,0,0,0,0,0,0,0,0,0,0,0,0,0,0,0,0,0,,,,使わない,,使わない,,"1,000円以上 3,000円未満","1,000円未満",,,,,,,,,,4,4,,,,,,9,また行きたい（1年以内）,,だるまちゃん広場 エリア,,選択なし/該当施設なし,,選択なし/該当施設なし,,000000,まちの市場 こってコテいけだ エリア,1959,67,,1月,42.だるまちゃん広場 エリア,,
福井,2026/01/14 16:36:54,福井県,男,60代,,300万円以上 400万円未満,夫婦2人,日帰り,福井県外には宿泊しない,,福井県内には宿泊しない,,,,,,,,,自家用車,1,0,0,0,0,0,0,自家用車,0,0,0,0,4,,,2～5回目,2～5回目,その他,0,0,0,0,0,0,0,0,0,0,0,0,0,0,0,0,0,1,Instagram,0,0,0,1,0,0,0,0,0,0,0,0,0,0,0,0,0,0,0,0,0,0,0,0,0,,,,使わない,,使わない,,"1,000円以上 3,000円未満","1,000円未満",,,,,,,,,,4,4,,,,,,9,また行きたい（1年以内）,,北陸新幹線 越前たけふ駅 エリア,,選択なし/該当施設なし,,選択なし/該当施設なし,,000000,まちの市場 こってコテいけだ エリア,1959,67,,1月,38.北陸新幹線 越前たけふ駅 エリア,,
福井,2026/01/14 16:36:21,福井県,男,60代,,300万円以上 400万円未満,夫婦2人,日帰り,福井県外には宿泊しない,,福井県内には宿泊しない,,,,,,,,,自家用車,1,0,0,0,0,0,0,自家用車,0,0,0,0,4,,,2～5回目,2～5回目,その他,0,0,0,0,0,0,0,0,0,0,0,0,0,0,0,0,0,1,Instagram,0,0,0,1,0,0,0,0,0,0,0,0,0,0,0,0,0,0,0,0,0,0,0,0,0,,,,使わない,,使わない,,"1,000円以上 3,000円未満","1,000円未満",,,,,,,,,,4,4,,,,,,9,また行きたい（1年以内）,,道の駅「越前」 エリア,,選択なし/該当施設なし,,選択なし/該当施設なし,,000000,まちの市場 こってコテいけだ エリア,1959,67,,1月,49.道の駅「越前」 エリア,一般社団法人 越前町観光連盟（DMO ECHIZEN）,
福井,2026/01/14 16:35:38,福井県,男,60代,,300万円以上 400万円未満,夫婦2人,日帰り,福井県外には宿泊しない,,福井県内には宿泊しない,,,,,,,,,自家用車,1,0,0,0,0,0,0,自家用車,0,0,0,0,4,,,2～5回目,2～5回目,その他,0,0,0,0,0,0,0,0,0,0,0,0,0,0,0,0,0,1,Instagram,0,0,0,1,0,0,0,0,0,0,0,0,0,0,0,0,0,0,0,0,0,0,0,0,0,,,,使わない,,使わない,,"1,000円以上 3,000円未満","1,000円未満",,,,,,,,,,4,4,,,,,,9,また行きたい（1年以内）,,うるしの里 エリア,,選択なし/該当施設なし,,選択なし/該当施設なし,,000000,まちの市場 こってコテいけだ エリア,1959,67,,1月,46.うるしの里 エリア,,
福井,2026/01/14 16:34:17,福井県,男,60代,,300万円以上 400万円未満,夫婦2人,日帰り,福井県外には宿泊しない,,福井県内には宿泊しない,,,,,,,,,自家用車,1,0,0,0,0,0,0,自家用車,0,0,0,0,4,,,2～5回目,2～5回目,その他,0,0,0,0,0,0,0,0,0,0,0,0,0,0,0,0,0,1,Instagram,0,0,0,1,0,0,0,0,0,0,0,0,0,0,0,0,0,0,0,0,0,0,0,0,0,,,,使わない,,使わない,,"1,000円以上 3,000円未満","1,000円未満",,,,,,,,,,4,4,,,,,,9,また行きたい（1年以内）,,一乗谷朝倉氏遺跡 エリア,,選択なし/該当施設なし,,選択なし/該当施設なし,,000000,まちの市場 こってコテいけだ エリア,1959,67,,1月,06.一乗谷朝倉氏遺跡 エリア,,
福井,2026/01/14 16:33:29,福井県,男,60代,,300万円以上 400万円未満,夫婦2人,日帰り,福井県外には宿泊しない,,福井県内には宿泊しない,,,,,,,,,自家用車,1,0,0,0,0,0,0,自家用車,0,0,0,0,4,,,2～5回目,2～5回目,その他,0,0,0,0,0,0,0,0,0,0,0,0,0,0,0,0,0,1,Instagram,0,0,0,1,0,0,0,0,0,0,0,0,0,0,0,0,0,0,0,0,0,0,0,0,0,,,,使わない,,使わない,,"1,000円以上 3,000円未満","1,000円未満",,,,,,,,,,4,4,,,,,,9,また行きたい（1年以内）,,越前海岸 越前岬 エリア,,選択なし/該当施設なし,,選択なし/該当施設なし,,000000,まちの市場 こってコテいけだ エリア,1959,67,,1月,53.越前海岸 越前岬 エリア,一般社団法人 越前町観光連盟（DMO ECHIZEN）,
福井,2026/01/14 16:32:55,福井県,男,60代,,300万円以上 400万円未満,夫婦2人,日帰り,福井県外には宿泊しない,,福井県内には宿泊しない,,,,,,,,,自家用車,1,0,0,0,0,0,0,自家用車,0,0,0,0,5,,,2～5回目,2～5回目,その他,0,0,0,0,0,0,0,0,0,0,0,0,0,0,0,0,0,1,Instagram,0,0,0,1,0,0,0,0,0,0,0,0,0,0,0,0,0,0,0,0,0,0,0,0,0,,,,使わない,,使わない,,"1,000円以上 3,000円未満","1,000円未満",,,,,,,,,,4,4,,,,,,9,また行きたい（1年以内）,,越前海岸 北部 エリア,,選択なし/該当施設なし,,選択なし/該当施設なし,,000000,まちの市場 こってコテいけだ エリア,1959,67,,1月,07.越前海岸 北部 エリア,,
福井,2026/01/14 16:32:22,福井県,男,60代,,300万円以上 400万円未満,夫婦2人,日帰り,福井県外には宿泊しない,,福井県内には宿泊しない,,,,,,,,,自家用車,1,0,0,0,0,0,0,自家用車,0,0,0,0,4,,,2～5回目,2～5回目,その他,0,0,0,0,0,0,0,0,0,0,0,0,0,0,0,0,0,1,Instagram,0,0,0,1,0,0,0,0,0,0,0,0,0,0,0,0,0,0,0,0,0,0,0,0,0,,,,使わない,,使わない,,"1,000円以上 3,000円未満","1,000円未満",,,,,,,,,,4,4,,,,,,9,また行きたい（1年以内）,,フルーツライン エリア,,選択なし/該当施設なし,,選択なし/該当施設なし,,000000,まちの市場 こってコテいけだ エリア,1959,67,,1月,18.フルーツライン エリア,,
福井,2026/01/14 16:31:32,福井県,男,60代,,300万円以上 400万円未満,夫婦2人,日帰り,福井県外には宿泊しない,,福井県内には宿泊しない,,,,,,,,,自家用車,1,0,0,0,0,0,0,自家用車,0,0,0,0,4,,,2～5回目,2～5回目,その他,0,0,0,0,0,0,0,0,0,0,0,0,0,0,0,0,0,1,Instagram,0,0,0,1,0,0,0,0,0,0,0,0,0,0,0,0,0,0,0,0,0,0,0,0,0,,,,使わない,,使わない,,"1,000円以上 3,000円未満","1,000円未満",,,,,,,,,,4,4,,,,,,9,また行きたい（1年以内）,,越前陶芸村 エリア,,選択なし/該当施設なし,,選択なし/該当施設なし,,000000,まちの市場 こってコテいけだ エリア,1959,67,,1月,52.越前陶芸村 エリア,一般社団法人 越前町観光連盟（DMO ECHIZEN）,
福井,2026/01/14 16:30:38,福井県,男,60代,,300万円以上 400万円未満,夫婦2人,日帰り,福井県外には宿泊しない,,福井県内には宿泊しない,,,,,,,,,自家用車,1,0,0,0,0,0,0,自家用車,0,0,0,0,4,,,2～5回目,2～5回目,その他,0,0,0,0,0,0,0,0,0,0,0,0,0,0,0,0,0,1,Instagram,0,0,0,1,0,0,0,0,0,0,0,0,0,0,0,0,0,0,0,0,0,0,0,0,0,,,,使わない,,使わない,,"1,000円以上 3,000円未満","1,000円未満",,,,,,,,,,4,4,,,,,,9,また行きたい（1年以内）,,北潟湖 エリア,,選択なし/該当施設なし,,選択なし/該当施設なし,,000000,まちの市場 こってコテいけだ エリア,1959,67,,1月,20.北潟湖 エリア,,
福井,2026/01/14 16:29:37,福井県,男,60代,,300万円以上 400万円未満,夫婦2人,日帰り,福井県外には宿泊しない,,福井県内には宿泊しない,,,,,,,,,自家用車,1,0,0,0,0,0,0,自家用車,0,0,0,0,4,,,2～5回目,2～5回目,その他,0,0,0,0,0,0,0,0,0,0,0,0,0,0,0,0,0,1,Instagram,0,0,0,1,0,0,0,0,0,0,0,0,0,0,0,0,0,0,0,0,0,0,0,0,0,,,,使わない,,使わない,,"1,000円以上 3,000円未満","1,000円未満",,,,,,,,,,4,4,,,,,,9,また行きたい（1年以内）,,レインボーライン エリア,,選択なし/該当施設なし,,選択なし/該当施設なし,,000000,まちの市場 こってコテいけだ エリア,1959,67,,1月,77.レインボーライン エリア,三方五湖DMO(株),
福井,2026/01/14 16:08:40,福井県,男,60代,,300万円以上 400万円未満,夫婦2人,日帰り,福井県外には宿泊しない,,福井県内には宿泊しない,,,,,,,,,自家用車,1,0,0,0,0,0,0,自家用車,0,0,0,0,4,,,2～5回目,2～5回目,その他,0,0,0,0,0,0,0,0,0,0,0,0,0,0,0,0,0,1,Instagram,0,0,0,1,0,0,0,0,0,0,0,0,0,0,0,0,0,0,0,0,0,0,0,0,0,,,,使わない,,使わない,,"1,000円以上 3,000円未満","1,000円未満",,,,,,,,,,4,4,,,,,,9,また行きたい（1年以内）,,道の駅「南えちぜん山海里」 エリア,,選択なし/該当施設なし,,選択なし/該当施設なし,,000000,まちの市場 こってコテいけだ エリア,1959,67,,1月,58.道の駅「南えちぜん山海里」 エリア,,
福井,2026/01/14 16:07:36,福井県,男,60代,,300万円以上 400万円未満,夫婦2人,日帰り,福井県外には宿泊しない,,福井県内には宿泊しない,,,,,,,,,自家用車,1,0,0,0,0,0,0,自家用車,0,0,0,0,4,,,2～5回目,2～5回目,その他,0,0,0,0,0,0,0,0,0,0,0,0,0,0,0,0,0,1,Instagram,0,0,0,1,0,0,0,0,0,0,0,0,0,0,0,0,0,0,0,0,0,0,0,0,0,,,,使わない,,使わない,,"1,000円以上 3,000円未満","1,000円未満",,,,,,,,,,4,4,,,,,,9,また行きたい（1年以内）,,若狭高浜 エリア,,選択なし/該当施設なし,,選択なし/該当施設なし,,000000,まちの市場 こってコテいけだ エリア,1959,67,,1月,90.若狭高浜 エリア,,
福井,2026/01/14 16:07:00,福井県,男,60代,,300万円以上 400万円未満,夫婦2人,日帰り,福井県外には宿泊しない,,福井県内には宿泊しない,,,,,,,,,自家用車,1,0,0,0,0,0,0,自家用車,0,0,0,0,4,,,2～5回目,2～5回目,その他,0,0,0,0,0,0,0,0,0,0,0,0,0,0,0,0,0,1,Instagram,0,0,0,1,0,0,0,0,0,0,0,0,0,0,0,0,0,0,0,0,0,0,0,0,0,,,,使わない,,使わない,,"1,000円以上 3,000円未満","1,000円未満",,,,,,,,,,4,4,,,,,,9,また行きたい（1年以内）,,道の駅「シーサイド高浜」 エリア,,選択なし/該当施設なし,,選択なし/該当施設なし,,000000,まちの市場 こってコテいけだ エリア,1959,67,,1月,88.道の駅「シーサイド高浜」 エリア,,
福井,2026/01/14 16:05:54,福井県,男,60代,,300万円以上 400万円未満,夫婦2人,日帰り,福井県外には宿泊しない,,福井県内には宿泊しない,,,,,,,,,自家用車,1,0,0,0,0,0,0,自家用車,0,0,0,0,4,,,2～5回目,2～5回目,その他,0,0,0,0,0,0,0,0,0,0,0,0,0,0,0,0,0,1,Instagram,0,0,0,1,0,0,0,0,0,0,0,0,0,0,0,0,0,0,0,0,0,0,0,0,0,,,,使わない,,使わない,,"1,000円以上 3,000円未満","1,000円未満",,,,,,,,,,4,4,,,,,,9,また行きたい（1年以内）,,熊川宿 エリア,,選択なし/該当施設なし,,選択なし/該当施設なし,,000000,まちの市場 こってコテいけだ エリア,1959,67,,1月,81.熊川宿 エリア,三方五湖DMO(株),
福井,2026/01/14 16:05:21,福井県,男,60代,,300万円以上 400万円未満,夫婦2人,日帰り,福井県外には宿泊しない,,福井県内には宿泊しない,,,,,,,,,自家用車,1,0,0,0,0,0,0,自家用車,0,0,0,0,4,,,2～5回目,2～5回目,その他,0,0,0,0,0,0,0,0,0,0,0,0,0,0,0,0,0,1,Instagram,0,0,0,1,0,0,0,0,0,0,0,0,0,0,0,0,0,0,0,0,0,0,0,0,0,,,,使わない,,使わない,,"3,000円以上 5,000円未満","1,000円未満",,,,,,,,,,4,4,,,,,,9,また行きたい（1年以内）,,若狭フィッシャーマンズワーフ エリア,,選択なし/該当施設なし,,選択なし/該当施設なし,,000000,まちの市場 こってコテいけだ エリア,1959,67,,1月,70.若狭フィッシャーマンズワーフ エリア,(株)まちづくり小浜,
福井,2026/01/14 16:04:44,福井県,男,60代,,300万円以上 400万円未満,夫婦2人,日帰り,福井県外には宿泊しない,,福井県内には宿泊しない,,,,,,,,,自家用車,1,0,0,0,0,0,0,自家用車,0,0,0,0,4,,,2～5回目,2～5回目,その他,0,0,0,0,0,0,0,0,0,0,0,0,0,0,0,0,0,1,Instagram,0,0,0,1,0,0,0,0,0,0,0,0,0,0,0,0,0,0,0,0,0,0,0,0,0,,,,使わない,,使わない,,"3,000円以上 5,000円未満","1,000円未満",,,,,,,,,,4,4,,,,,,9,また行きたい（1年以内）,,小浜市まちの駅 エリア,,選択なし/該当施設なし,,選択なし/該当施設なし,,000000,まちの市場 こってコテいけだ エリア,1959,67,,1月,72.小浜市まちの駅 エリア,(株)まちづくり小浜,
福井,2026/01/14 16:04:12,福井県,男,60代,,300万円以上 400万円未満,夫婦2人,日帰り,福井県外には宿泊しない,,福井県内には宿泊しない,,,,,,,,,自家用車,1,0,0,0,0,0,0,自家用車,0,0,0,0,4,,,2～5回目,2～5回目,その他,0,0,0,0,0,0,0,0,0,0,0,0,0,0,0,0,0,1,Instagram,0,0,0,1,0,0,0,0,0,0,0,0,0,0,0,0,0,0,0,0,0,0,0,0,0,,,,使わない,,使わない,,"1,000円以上 3,000円未満","1,000円未満",,,,,,,,,,4,4,,,,,,9,また行きたい（1年以内）,,御食国若狭おばま食文化館 エリア,,選択なし/該当施設なし,,選択なし/該当施設なし,,000000,まちの市場 こってコテいけだ エリア,1959,67,,1月,71.御食国若狭おばま食文化館 エリア,(株)まちづくり小浜,
福井,2026/01/14 16:03:34,福井県,男,60代,,300万円以上 400万円未満,夫婦2人,日帰り,福井県外には宿泊しない,,福井県内には宿泊しない,,,,,,,,,自家用車,1,0,0,0,0,0,0,自家用車,0,0,0,0,4,,,2～5回目,2～5回目,その他,0,0,0,0,0,0,0,0,0,0,0,0,0,0,0,0,0,1,Instagram,0,0,0,1,0,0,0,0,0,0,0,0,0,0,0,0,0,0,0,0,0,0,0,0,0,,,,使わない,,使わない,,"1,000円以上 3,000円未満","1,000円未満",,,,,,,,,,4,4,,,,,,9,また行きたい（1年以内）,,道の駅「若狭おばま」 エリア,,選択なし/該当施設なし,,選択なし/該当施設なし,,000000,まちの市場 こってコテいけだ エリア,1959,67,,1月,68.道の駅「若狭おばま」 エリア,(株)まちづくり小浜,
福井,2026/01/14 16:02:55,福井県,男,60代,,300万円以上 400万円未満,夫婦2人,日帰り,福井県外には宿泊しない,,福井県内には宿泊しない,,,,,,,,,自家用車,1,0,0,0,0,0,0,自家用車,0,0,0,0,4,,,2～5回目,2～5回目,その他,0,0,0,0,0,0,0,0,0,0,0,0,0,0,0,0,0,1,Instagram,0,0,0,1,0,0,0,0,0,0,0,0,0,0,0,0,0,0,0,0,0,0,0,0,0,,,,使わない,,使わない,,"3,000円以上 5,000円未満","1,000円未満",,,,,,,,,,4,4,,,,,,9,また行きたい（1年以内）,,JR美浜駅 エリア,,選択なし/該当施設なし,,選択なし/該当施設なし,,000000,まちの市場 こってコテいけだ エリア,1959,67,,1月,79.JR美浜駅 エリア,三方五湖DMO(株),
福井,2026/01/14 16:02:14,福井県,男,60代,,300万円以上 400万円未満,夫婦2人,日帰り,福井県外には宿泊しない,,福井県内には宿泊しない,,,,,,,,,自家用車,1,0,0,0,0,0,0,自家用車,0,0,0,0,4,,,2～5回目,2～5回目,その他,0,0,0,0,0,0,0,0,0,0,0,0,0,0,0,0,0,1,Instagram,0,0,0,1,0,0,0,0,0,0,0,0,0,0,0,0,0,0,0,0,0,0,0,0,0,,,,使わない,,使わない,,"1,000円以上 3,000円未満","1,000円未満",,,,,,,,,,4,4,,,,,,9,また行きたい（1年以内）,,名田庄 エリア,,選択なし/該当施設なし,,選択なし/該当施設なし,,000000,まちの市場 こってコテいけだ エリア,1959,67,,1月,86.名田庄 エリア,,
福井,2026/01/14 16:01:02,福井県,男,60代,,300万円以上 400万円未満,夫婦2人,日帰り,福井県外には宿泊しない,,福井県内には宿泊しない,,,,,,,,,自家用車,1,0,0,0,0,0,0,自家用車,0,0,0,0,4,,,2～5回目,2～5回目,その他,0,0,0,0,0,0,0,0,0,0,0,0,0,0,0,0,0,1,Instagram,0,0,0,1,0,0,0,0,0,0,0,0,0,0,0,0,0,0,0,0,0,0,0,0,0,,,,使わない,,使わない,,"1,000円以上 3,000円未満","1,000円未満",,,,,,,,,,4,4,,,,,,9,また行きたい（1年以内）,,JR九頭竜湖駅 エリア,,選択なし/該当施設なし,,選択なし/該当施設なし,,000000,まちの市場 こってコテいけだ エリア,1959,67,,1月,23.JR九頭竜湖駅 エリア,,
福井,2026/01/14 16:00:17,福井県,男,60代,,300万円以上 400万円未満,夫婦2人,日帰り,福井県外には宿泊しない,,福井県内には宿泊しない,,,,,,,,,自家用車,1,0,0,0,0,0,0,自家用車,0,0,0,0,4,,,2～5回目,2～5回目,その他,0,0,0,0,0,0,0,0,0,0,0,0,0,0,0,0,0,1,Instagram,0,0,0,1,0,0,0,0,0,0,0,0,0,0,0,0,0,0,0,0,0,0,0,0,0,,,,使わない,,使わない,,"1,000円以上 3,000円未満","1,000円未満",,,,,,,,,,4,4,,,,,,10,また行きたい（1年以内）,,越前大野城・城下町 エリア,,選択なし/該当施設なし,,選択なし/該当施設なし,,000000,まちの市場 こってコテいけだ エリア,1959,67,,1月,21.越前大野城・城下町 エリア,,
福井,2026/01/14 15:59:30,福井県,男,60代,,300万円以上 400万円未満,夫婦2人,日帰り,福井県外には宿泊しない,,福井県内には宿泊しない,,,,,,,,,自家用車,1,0,0,0,0,0,0,自家用車,0,0,0,0,4,,,2～5回目,2～5回目,その他,0,0,0,0,0,0,0,0,0,0,0,0,0,0,0,0,0,1,Instagram,0,0,0,1,0,0,0,0,0,0,0,0,0,0,0,0,0,0,0,0,0,0,0,0,0,,,,使わない,,使わない,,"1,000円以上 3,000円未満","1,000円未満",,,,,,,,,,4,4,,,,,,9,また行きたい（1年以内）,,道の駅みくに ふれあいパーク三里浜 エリア,,選択なし/該当施設なし,,選択なし/該当施設なし,,000000,まちの市場 こってコテいけだ エリア,1959,67,,1月,15.道の駅みくに ふれあいパーク三里浜 エリア,(一社)DMOさかい観光局,
福井,2026/01/14 15:03:02,大阪府,女,60代,,500万円以上 600万円未満,恋人,2泊,富山、山代温泉,,福井県内には宿泊しない,,,,,,,,,自家用車,1,0,0,0,0,0,0,自家用車,0,0,0,0,,,,初めて,初めて,宿でのんびり過ごす温泉や露天風呂地元の美味しいものを食べる名所、旧跡の観光ドライブ・ツーリング,1,1,1,0,1,0,0,0,0,0,0,0,0,0,1,0,0,0,その他,0,0,0,0,0,0,0,0,0,0,0,0,0,0,0,0,0,0,0,0,0,0,0,0,1,,,,"1,000円以上 3,000円未満",,使わない,,"1,000円以上 3,000円未満","1,000円以上 3,000円未満",,,,,,,,,,5,5,,コンパクトだが充実している,,,,8,また行きたい（1年以内）,,道の駅「禅の里」 エリア,,越前水仙の里公園,自宅,選択なし/該当施設なし,,000000,北潟湖 エリア,1960,66,,1月,35.道の駅「禅の里」 エリア,,
福井,2026/01/14 15:01:18,兵庫県,男,70代,,400万円以上 500万円未満,夫婦2人,1泊,福井県外には宿泊しない,,福井県内には宿泊しない,,,,,,,,,自家用車,1,0,0,0,0,0,0,自家用車,0,0,0,0,4,食べ物が美味しかったし、雪が降って山が山水画のようだった。,,初めて,初めて,ドライブ・ツーリング,0,0,0,0,0,0,0,0,0,0,0,0,0,0,1,0,0,0,Facebook,1,0,0,0,0,0,0,0,0,0,0,0,0,0,0,0,0,0,0,0,0,0,0,0,0,,,,"10,000円以上 20,000円未満",,"10,000円以上 20,000円未満",,"1,000円以上 3,000円未満","10,000円以上 20,000円未満",,,,,,,,,,4,4,,道の駅の人が親切だった,,,,7,機会があれば行きたい,,道の駅「禅の里」 エリア,,丸岡城,,選択なし/該当施設なし,,000000,web,1956,70,,1月,35.道の駅「禅の里」 エリア,,
福井,2026/01/14 14:18:38,福井県,男,60代,,600万円以上 700万円未満,夫婦2人,日帰り,福井県外には宿泊しない,,福井県内には宿泊しない,,,,,,,,,県外から訪れていない（福井県在住）,0,0,0,0,0,0,1,自家用車,0,0,0,0,,,,2～5回目,2～5回目,温泉や露天風呂,0,1,0,0,0,0,0,0,0,0,0,0,0,0,0,0,0,0,新聞・雑誌・ガイドブックインターネット・アプリ,0,0,0,0,0,0,0,0,0,0,1,0,0,0,0,0,1,0,0,0,0,0,0,0,0,,,,"3,000円以上 5,000円未満",,"10,000円以上 20,000円未満",,"3,000円以上 5,000円未満","5,000円以上 10,000円未満",,,,,,,,,,3,3,,,,,,10,福井県在住,,越前松島水族館 エリア,,選択なし/該当施設なし,,選択なし/該当施設なし,,000000,越前松島水族館 エリア,1964,62,,1月,11.越前松島水族館 エリア,(一社)DMOさかい観光局,
福井,2026/01/14 14:18:18,富山県,女,40代,,300万円以上 400万円未満,親,日帰り,福井県外には宿泊しない,,福井県内には宿泊しない,,,,,,,,,自家用車,1,0,0,0,0,0,0,自家用車,0,0,0,0,5,,,11回目以上,11回目以上,地元の美味しいものを食べる買い物、アウトレット,0,0,1,0,0,0,1,0,0,0,0,0,0,0,0,0,0,0,Instagram,0,0,0,1,0,0,0,0,0,0,0,0,0,0,0,0,0,0,0,0,0,0,0,0,0,,,,"10,000円以上 20,000円未満",,"5,000円以上 10,000円未満",,"5,000円以上 10,000円未満","5,000円以上 10,000円未満",,,,,,,,,,5,5,,,,,,8,また行きたい（1年以内）,,福井駅前 エリア,,選択なし/該当施設なし,,選択なし/該当施設なし,,000000,福井駅前 エリア,1980,46,,1月,01.福井駅前 エリア,,
福井,2026/01/14 12:50:37,香川県,女,60代,,400万円以上 500万円未満,夫婦2人,4泊以上,京都府,,1泊,,,,,,,,,自家用車,1,0,0,0,0,0,0,自家用車,0,0,0,0,5,,,初めて,初めて,温泉や露天風呂地元の美味しいものを食べる,0,1,1,0,0,0,0,0,0,0,0,0,0,0,0,0,0,0,インターネット・アプリ,0,0,0,0,0,0,0,0,0,0,1,0,0,0,0,0,0,0,0,0,0,0,0,0,0,,,,"30,000円以上 40,000円未満",,"30,000円以上 40,000円未満",,"3,000円以上 5,000円未満","10,000円以上 20,000円未満",,,,,,,,,,5,5,,,,,,8,機会があれば行きたい,,ふくい鮮いちば エリア,,道の駅「シーサイド高浜」,,山代温泉（石川県）,,000000,ふくい鮮いちば エリア,1959,67,,1月,05.ふくい鮮いちば エリア,,
福井,2026/01/14 12:31:26,神奈川県,女,60代,,200万円以上 300万円未満,夫婦2人,2泊,福井県外には宿泊しない,,2泊,,,,,,,,,新幹線,0,0,1,0,0,0,0,路線バス,0,1,0,0,2,本数が少ない,,初めて,初めて,地元の美味しいものを食べる,0,0,1,0,0,0,0,0,0,0,0,0,0,0,0,0,0,0,インターネット・アプリ,0,0,0,0,0,0,0,0,0,0,1,0,0,0,0,0,0,0,0,0,0,0,0,0,0,,,,"30,000円以上 40,000円未満",,"50,000円以上 100,000円未満",,"1,000円未満","10,000円以上 20,000円未満",,,,,,,,,,5,4,,博物館の充実,,,,7,機会があれば行きたい,,一乗谷朝倉氏遺跡 エリア,,丸岡城,,選択なし/該当施設なし,,000000,越前松島水族館 エリア,1957,69,,1月,06.一乗谷朝倉氏遺跡 エリア,,歴史的なものと恐竜博物館と両方楽しめる
福井,2026/01/14 12:18:39,福井県,女,20代,,800万円以上 900万円未満,夫婦2人,1泊,福井県外には宿泊しない,,1泊,,,,,,,,,県外から訪れていない（福井県在住）,0,0,0,0,0,0,1,自家用車,0,0,0,0,,,,6～10回目,6～10回目,地元の美味しいものを食べるドライブ・ツーリング,0,0,1,0,0,0,0,0,0,0,0,0,0,0,1,0,0,0,インターネット・アプリInstagram,0,0,0,1,0,0,0,0,0,0,1,0,0,0,0,0,0,0,0,0,0,0,0,0,0,,,,"3,000円以上 5,000円未満",,"20,000円以上 30,000円未満",,"3,000円以上 5,000円未満","20,000円以上 30,000円未満",,,,,,,,,,5,5,,,,,,9,,,越前そばの里 エリア,,選択なし/該当施設なし,,選択なし/該当施設なし,,000000,越前そばの里 エリア,1997,29,,1月,37.越前そばの里 エリア,,
福井,2026/01/14 10:45:26,福井県,男,50代,,100万円以上 200万円未満,夫婦2人,1泊,福井県外には宿泊しない,,1泊,,,,,,,,,自家用車在来線,1,0,0,1,0,0,0,自家用車在来線,0,0,0,0,5,ローカルな電車でゆっくり景色を眺めるのが良かった★,,2～5回目,2～5回目,アウトドア（海水浴、釣り、登山など）,0,0,0,0,0,0,0,0,0,1,0,0,0,0,0,0,0,0,友人・知人,0,0,0,0,0,0,0,0,0,0,0,0,0,0,0,0,0,0,1,0,0,0,0,0,0,,,,"3,000円以上 5,000円未満",,"5,000円以上 10,000円未満",,"1,000円以上 3,000円未満","5,000円以上 10,000円未満",,,,,,,,,,5,5,,広くてご飯も美味しかった★,,,,10,福井県在住,,道の駅「越前おおの荒島の郷」 エリア,,越前大野城,,一乗谷朝倉氏遺跡,,000000,web,1974,52,,1月,22.道の駅「越前おおの荒島の郷」 エリア,,電車の旅と荒島岳、大野市街からの山々の景色が素晴らしかった★
福井,2026/01/15 20:15:05,大阪府,男,50代,,600万円以上 700万円未満,自分ひとり,日帰り,福井県外には宿泊しない,,福井県内には宿泊しない,,,,,,,,,県外から訪れていない（福井県在住）,0,0,0,0,0,0,1,レンタカー,0,0,0,0,3,,,初めて,初めて,地元の美味しいものを食べるまちあるき、都市散策出張など仕事関係,0,0,1,0,0,0,0,0,0,0,1,0,0,0,0,0,1,0,観光協会等の案内所,0,0,0,0,0,0,0,0,0,0,0,0,0,0,0,0,0,0,0,0,0,1,0,0,0,,,,使わない,,"1,000円以上 3,000円未満",,"1,000円未満","1,000円以上 3,000円未満",,,,,,,,,,4,4,,,,,,8,また行きたい（1年以内）,,道の駅みくに ふれあいパーク三里浜 エリア,,選択なし/該当施設なし,,選択なし/該当施設なし,,000000,web,1975,51,,1月,15.道の駅みくに ふれあいパーク三里浜 エリア,(一社)DMOさかい観光局,
福井,2026/01/15 19:25:40,石川県,男,50代,,"1,000万円以上 1,200万円未満",自分ひとり,1泊,福井県外には宿泊しない,,1泊,,,,,,,,,自家用車,1,0,0,0,0,0,0,自家用車,0,0,0,0,,,,11回目以上,11回目以上,出張など仕事関係,0,0,0,0,0,0,0,0,0,0,0,0,0,0,0,0,1,0,インターネット・アプリ,0,0,0,0,0,0,0,0,0,0,1,0,0,0,0,0,0,0,0,0,0,0,0,0,0,,,,"5,000円以上 10,000円未満",,"5,000円以上 10,000円未満",,"1,000円以上 3,000円未満","10,000円以上 20,000円未満",,,,,,,,,,4,4,,マイル特典,,,,7,また行きたい（1年以内）,,福井駅前 エリア（宿泊施設）,,越前大野城,,選択なし/該当施設なし,,000000,福井駅前 エリア（宿泊施設）,1971,55,,1月,02.福井駅前 エリア（宿泊施設）,,海鮮は北陸三県の中で一番美味しい
福井,2026/01/15 19:05:47,埼玉県,無回答,50代,,分からない/無回答,夫婦2人,2泊,岐阜,,1泊,,,,,,,,,自家用車,1,0,0,0,0,0,0,自家用車,0,0,0,0,,,,6～10回目,6～10回目,温泉や露天風呂地元の美味しいものを食べる,0,1,1,0,0,0,0,0,0,0,0,0,0,0,0,0,0,0,新聞・雑誌・ガイドブックインターネット・アプリ,0,0,0,0,0,0,0,0,0,0,1,0,0,0,0,0,1,0,0,0,0,0,0,0,0,,,,"10,000円以上 20,000円未満",,"100,000円以上",,"3,000円以上 5,000円未満","5,000円以上 10,000円未満",,,,,,,,,,5,5,,トイレもきれいで、商品もたくさん売っているのでとても良い。,,,,10,また行きたい（1年以内）,,道の駅「越前おおの荒島の郷」 エリア,,道の駅「恐竜渓谷かつやま」,新穂高温泉,選択なし/該当施設なし,,000000,道の駅「越前おおの荒島の郷」 エリア,1974,52,,1月,22.道の駅「越前おおの荒島の郷」 エリア,,美味しい食事とお酒。
福井,2026/01/15 18:49:09,大阪府,女,50代,,200万円以上 300万円未満,自分ひとり,1泊,福井県外には宿泊しない,,1泊,,,,,,,,,新幹線,0,0,1,0,0,0,0,路線バス,0,1,0,0,3,,,初めて,初めて,スキー・スノボ、マリンスポーツ,0,0,0,0,0,0,0,0,0,0,0,0,1,0,0,0,0,0,インターネット・アプリ,0,0,0,0,0,0,0,0,0,0,1,0,0,0,0,0,0,0,0,0,0,0,0,0,0,,,,"5,000円以上 10,000円未満",,"5,000円以上 10,000円未満",,"1,000円以上 3,000円未満","10,000円以上 20,000円未満",,,,,,,,,,5,5,,,,,,7,また行きたい（1年以内）,,はたや記念館 ゆめおーれ勝山 エリア,,選択なし/該当施設なし,,選択なし/該当施設なし,,000000,web,1971,55,,1月,30.はたや記念館 ゆめおーれ勝山 エリア,勝山市観光まちづくり(株),
福井,2026/01/15 16:57:06,東京都,男,50代,,"1,500万円以上",職場の同僚,2泊,福井県外には宿泊しない,,2泊,,,,,,,,,新幹線,0,0,1,0,0,0,0,旅行会社ツアーバス,0,0,0,0,4,,,初めて,初めて,出張など仕事関係,0,0,0,0,0,0,0,0,0,0,0,0,0,0,0,0,1,0,インターネット・アプリ,0,0,0,0,0,0,0,0,0,0,1,0,0,0,0,0,0,0,0,0,0,0,0,0,0,,,,"30,000円以上 40,000円未満",,"10,000円以上 20,000円未満",,"1,000円未満","100,000円以上",,,,,,,,,,3,4,,,,,,8,どちらともいえない,,かつやま恐竜の森 エリア,,選択なし/該当施設なし,,選択なし/該当施設なし,,000000,かつやま恐竜の森 エリア,1969,57,,1月,25.かつやま恐竜の森 エリア,勝山市観光まちづくり(株),
福井,2026/01/15 16:56:41,群馬県,女,40代,,500万円以上 600万円未満,恋人,4泊以上,石川県金沢市,,3泊,,,,,,,,,自家用車,1,0,0,0,0,0,0,自家用車,0,0,0,0,,,,2～5回目,2～5回目,まちあるき、都市散策,0,0,0,0,0,0,0,0,0,0,1,0,0,0,0,0,0,0,その他,0,0,0,0,0,0,0,0,0,0,0,0,0,0,0,0,0,0,0,0,0,0,0,0,1,,,,"30,000円以上 40,000円未満",,"20,000円以上 30,000円未満",,"1,000円以上 3,000円未満","20,000円以上 30,000円未満",,,,,,,,,,4,4,,,,,,10,機会があれば行きたい,,北潟湖 エリア,,大本山永平寺,石川県,選択なし/該当施設なし,,000000,web,1979,47,,1月,20.北潟湖 エリア,,
福井,2026/01/15 16:56:36,群馬県,無回答,40代,,800万円以上 900万円未満,夫婦2人,4泊以上,石川県金沢市,,3泊,,,,,,,,,自家用車,1,0,0,0,0,0,0,自家用車,0,0,0,0,,,,6～10回目,6～10回目,テーマパーク（遊園地、動物園、博物館など）,0,0,0,0,0,1,0,0,0,0,0,0,0,0,0,0,0,0,その他,0,0,0,0,0,0,0,0,0,0,0,0,0,0,0,0,0,0,0,0,0,0,0,0,1,,,,"30,000円以上 40,000円未満",,"20,000円以上 30,000円未満",,"1,000円以上 3,000円未満","20,000円以上 30,000円未満",,,,,,,,,,4,4,,,,,,5,機会があれば行きたい,,北潟湖 エリア,,大本山永平寺,石川県小松市,選択なし/該当施設なし,,000000,web,1979,47,,1月,20.北潟湖 エリア,,
福井,2026/01/15 16:24:51,京都府,男,60代,,500万円以上 600万円未満,自分ひとり,3泊,京都府,,1泊,,,,,,,,,在来線,0,0,0,1,0,0,0,在来線,0,0,0,0,4,敦賀駅の西改札がサンダーバードから遠い。,,11回目以上,11回目以上,出張など仕事関係,0,0,0,0,0,0,0,0,0,0,0,0,0,0,0,0,1,0,友人・知人,0,0,0,0,0,0,0,0,0,0,0,0,0,0,0,0,0,0,1,0,0,0,0,0,0,,,,"5,000円以上 10,000円未満",,"5,000円以上 10,000円未満",,"3,000円以上 5,000円未満","3,000円以上 5,000円未満",,,,,,,,,,5,4,,キレイ,,,,8,また行きたい（1年以内）,,JR敦賀駅前 エリア,,選択なし/該当施設なし,,氣比神宮,,000000,福井駅前 エリア,1958,68,,1月,63.JR敦賀駅前 エリア,,駅がキレイ
福井,2026/01/15 16:19:11,大阪府,男,60代,,"1,000万円以上 1,200万円未満",中学生以上連れの家族,2泊,岐阜県高山市,,1泊,,,,,,,,,在来線旅行会社ツアーバス,0,0,0,1,0,1,0,旅行会社ツアーバス,0,0,0,0,5,快適,,初めて,初めて,温泉や露天風呂地元の美味しいものを食べる,0,1,1,0,0,0,0,0,0,0,0,0,0,0,0,0,0,0,観光パンフレット・ポスター,0,0,0,0,0,0,0,0,0,0,0,0,0,0,0,0,0,0,0,0,1,0,0,0,0,,,,"30,000円以上 40,000円未満",,"20,000円以上 30,000円未満",,"1,000円以上 3,000円未満","10,000円以上 20,000円未満",,,,,,,,,,3,4,,,,,,8,また行きたい（1年以内）,,劔神社 エリア,,選択なし/該当施設なし,,東尋坊,,000000,劔神社 エリア,1958,68,,1月,51.劔神社 エリア,一般社団法人 越前町観光連盟（DMO ECHIZEN）,もっと歴史を深掘りしてみたい
福井,2026/01/15 15:54:51,福井県,女,40代,,300万円以上 400万円未満,友人,日帰り,福井県外には宿泊しない,,福井県内には宿泊しない,,,,,,,,,県外から訪れていない（福井県在住）,0,0,0,0,0,0,1,自家用車,0,0,0,0,,,,2～5回目,2～5回目,買い物、アウトレットアウトドア（海水浴、釣り、登山など）,0,0,0,0,0,0,1,0,0,1,0,0,0,0,0,0,0,0,観光パンフレット・ポスター観光連盟やDMOのHPインターネット・アプリ観光協会等の案内所,0,0,0,0,0,0,0,0,0,0,1,0,0,0,0,0,0,0,0,0,1,1,0,1,0,,,,使わない,,"1,000円未満",,使わない,"1,000円未満",,,,,,,,,,4,4,,,,,,8,福井県在住,,はたや記念館 ゆめおーれ勝山 エリア,,選択なし/該当施設なし,,選択なし/該当施設なし,,000000,JR福井駅・ハピリンモール（1F）,1980,46,,1月,30.はたや記念館 ゆめおーれ勝山 エリア,勝山市観光まちづくり(株),
福井,2026/01/15 15:44:55,福井県,男,60代,,600万円以上 700万円未満,夫婦2人,日帰り,福井県外には宿泊しない,,1泊,,,,,,,,,自家用車,1,0,0,0,0,0,0,自家用車,0,0,0,0,,,,11回目以上,11回目以上,買い物、アウトレット,0,0,0,0,0,0,1,0,0,0,0,0,0,0,0,0,0,0,インターネット・アプリ,0,0,0,0,0,0,0,0,0,0,1,0,0,0,0,0,0,0,0,0,0,0,0,0,0,,,,使わない,,使わない,,"1,000円以上 3,000円未満",使わない,,,,,,,,,,4,4,,,,,,7,,,道の駅「三方五湖」  エリア,,選択なし/該当施設なし,,選択なし/該当施設なし,,000000,道の駅「越前」 エリア,1958,68,,1月,83.道の駅「三方五湖」 エリア,三方五湖DMO(株),
福井,2026/01/15 15:24:55,福井県,男,60代,,100万円未満,夫婦2人,日帰り,福井県外には宿泊しない,,福井県内には宿泊しない,,,,,,,,,自家用車,1,0,0,0,0,0,0,自家用車,0,0,0,0,4,,,初めて,初めて,名所、旧跡の観光,0,0,0,0,1,0,0,0,0,0,0,0,0,0,0,0,0,0,新聞・雑誌・ガイドブック観光パンフレット・ポスター,0,0,0,0,0,0,0,0,0,0,0,0,0,0,0,0,1,0,0,0,1,0,0,0,0,,,,"3,000円以上 5,000円未満",,"3,000円以上 5,000円未満",,"3,000円以上 5,000円未満","3,000円以上 5,000円未満",,,,,,,,,,4,4,,,,,,7,,,丸岡城 エリア,,選択なし/該当施設なし,,選択なし/該当施設なし,,000000,名田庄 エリア,1958,68,,1月,13.丸岡城 エリア,(一社)DMOさかい観光局,
福井,2026/01/15 15:20:32,群馬県,女,40代,,500万円以上 600万円未満,恋人,4泊以上,石川県金沢市,,3泊,,,,,,,,,自家用車,1,0,0,0,0,0,0,自家用車,0,0,0,0,,,,2～5回目,2～5回目,まちあるき、都市散策,0,0,0,0,0,0,0,0,0,0,1,0,0,0,0,0,0,0,その他,0,0,0,0,0,0,0,0,0,0,0,0,0,0,0,0,0,0,0,0,0,0,0,0,1,,,,"30,000円以上 40,000円未満",,"20,000円以上 30,000円未満",,"1,000円以上 3,000円未満","20,000円以上 30,000円未満",,,,,,,,,,4,4,,,,,,10,機会があれば行きたい,,大本山 永平寺 エリア,,福井県立恐竜博物館,道の駅　あわら蓮如の里,選択なし/該当施設なし,,000000,web,1979,47,,1月,34.大本山 永平寺 エリア,,
福井,2026/01/15 15:19:26,群馬県,無回答,40代,,800万円以上 900万円未満,夫婦2人,4泊以上,石川県金沢市,,3泊,,,,,,,,,自家用車,1,0,0,0,0,0,0,自家用車,0,0,0,0,,,,2～5回目,2～5回目,テーマパーク（遊園地、動物園、博物館など）,0,0,0,0,0,1,0,0,0,0,0,0,0,0,0,0,0,0,その他,0,0,0,0,0,0,0,0,0,0,0,0,0,0,0,0,0,0,0,0,0,0,0,0,1,,,,"30,000円以上 40,000円未満",,"20,000円以上 30,000円未満",,"1,000円以上 3,000円未満","20,000円以上 30,000円未満",,,,,,,,,,4,4,,,,,,8,機会があれば行きたい,,大本山 永平寺 エリア,,道の駅「恐竜渓谷かつやま」,道の駅「蓮如の里あわら」,選択なし/該当施設なし,,000000,web,1979,47,,1月,34.大本山 永平寺 エリア,,
福井,2026/01/15 15:08:17,福井県,女,50代,,300万円以上 400万円未満,夫婦2人,日帰り,福井県外には宿泊しない,,福井県内には宿泊しない,,,,,,,,,県外から訪れていない（福井県在住）,0,0,0,0,0,0,1,自家用車,0,0,0,0,,,,11回目以上,11回目以上,買い物、アウトレット,0,0,0,0,0,0,1,0,0,0,0,0,0,0,0,0,0,0,インターネット・アプリ,0,0,0,0,0,0,0,0,0,0,1,0,0,0,0,0,0,0,0,0,0,0,0,0,0,,,,使わない,,使わない,,"1,000円未満","3,000円以上 5,000円未満",,,,,,,,,,4,4,,,,,,8,,,JR美浜駅 エリア,,選択なし/該当施設なし,,選択なし/該当施設なし,,000000,web,1968,58,,1月,79.JR美浜駅 エリア,三方五湖DMO(株),
福井,2026/01/15 15:06:58,福井県,男,60代,,600万円以上 700万円未満,夫婦2人,日帰り,福井県外には宿泊しない,,1泊,,,,,,,,,自家用車,1,0,0,0,0,0,0,自家用車,0,0,0,0,,,,6～10回目,6～10回目,買い物、アウトレット,0,0,0,0,0,0,1,0,0,0,0,0,0,0,0,0,0,0,インターネット・アプリ,0,0,0,0,0,0,0,0,0,0,1,0,0,0,0,0,0,0,0,0,0,0,0,0,0,,,,使わない,,使わない,,使わない,使わない,,,,,,,,,,4,4,,,,,,7,,,JR美浜駅 エリア,,選択なし/該当施設なし,,選択なし/該当施設なし,,000000,道の駅「越前」 エリア,1958,68,,1月,79.JR美浜駅 エリア,三方五湖DMO(株),
福井,2026/01/15 14:11:49,兵庫県,男,60代,,"900万円以上 1,000万円未満",自分ひとり,日帰り,福井県外には宿泊しない,,福井県内には宿泊しない,,,,,,,,,自家用車,1,0,0,0,0,0,0,自家用車,0,0,0,0,4,,,2～5回目,2～5回目,地元の美味しいものを食べる,0,0,1,0,0,0,0,0,0,0,0,0,0,0,0,0,0,0,観光展・物産展,0,0,0,0,0,0,0,0,0,0,0,0,0,0,0,0,0,0,0,0,0,0,1,0,0,,,,"5,000円以上 10,000円未満",,"3,000円以上 5,000円未満",,"1,000円以上 3,000円未満","5,000円以上 10,000円未満",,,,,,,,,,3,4,,,,,,6,機会があれば行きたい,,道の駅「シーサイド高浜」 エリア,,エルガイアおおい,,若狭たかはま エルどらんど,,000000,web,1965,61,,1月,88.道の駅「シーサイド高浜」 エリア,,
福井,2026/01/15 13:37:14,兵庫県,男,60代,,"900万円以上 1,000万円未満",自分ひとり,日帰り,福井県外には宿泊しない,,福井県内には宿泊しない,,,,,,,,,自家用車,1,0,0,0,0,0,0,自家用車,0,0,0,0,4,,,初めて,初めて,地元の美味しいものを食べる,0,0,1,0,0,0,0,0,0,0,0,0,0,0,0,0,0,0,観光展・物産展,0,0,0,0,0,0,0,0,0,0,0,0,0,0,0,0,0,0,0,0,0,0,1,0,0,,,,"5,000円以上 10,000円未満",,"3,000円以上 5,000円未満",,"3,000円以上 5,000円未満","5,000円以上 10,000円未満",,,,,,,,,,3,4,,,,,,6,機会があれば行きたい,,名田庄 エリア,,若狭たかはま エルどらんど,,舞鶴（京都府）,,000000,web,1965,61,,1月,86.名田庄 エリア,,
福井,2026/01/15 12:58:02,福井県,女,60代,,100万円以上 200万円未満,夫婦2人,日帰り,京都府,,福井県内には宿泊しない,,,,,,,,,自家用車,1,0,0,0,0,0,0,自家用車,0,0,0,0,,,,11回目以上,11回目以上,地元の美味しいものを食べるその他,0,0,1,0,0,0,0,0,0,0,0,0,0,0,0,0,0,1,その他,0,0,0,0,0,0,0,0,0,0,0,0,0,0,0,0,0,0,0,0,0,0,0,0,1,,,,"1,000円以上 3,000円未満",,"1,000円以上 3,000円未満",,"1,000円以上 3,000円未満","5,000円以上 10,000円未満",,,,,,,,,,3,5,,,,,,8,,,越前そばの里 エリア,,選択なし/該当施設なし,,選択なし/該当施設なし,,000000,越前そばの里 エリア,1961,65,,1月,37.越前そばの里 エリア,,
福井,2026/01/15 11:45:14,三重県,女,60代,,400万円以上 500万円未満,夫婦2人,1泊,福井県外には宿泊しない,,1泊,,,,,,,,,自家用車,1,0,0,0,0,0,0,自家用車,0,0,0,0,4,,,6～10回目,6～10回目,地元の美味しいものを食べる,0,0,1,0,0,0,0,0,0,0,0,0,0,0,0,0,0,0,観光展・物産展新聞・雑誌・ガイドブックTV・ラジオ番組やCM宿泊施設,0,0,0,0,0,0,0,0,0,0,0,0,0,1,1,0,1,0,0,0,0,0,1,0,0,,,,"20,000円以上 30,000円未満",,"100,000円以上",,"5,000円以上 10,000円未満","20,000円以上 30,000円未満",,,,,,,,,,4,4,,,,,,7,機会があれば行きたい,,越前そばの里 エリア,,選択なし/該当施設なし,,越前松島水族館,,000000,web,1960,66,,1月,37.越前そばの里 エリア,,
福井,2026/01/15 11:26:08,三重県,男,60代,,100万円未満,夫婦2人,1泊,福井県外には宿泊しない,,1泊,,,,,,,,,自家用車,1,0,0,0,0,0,0,自家用車,0,0,0,0,,,,2～5回目,2～5回目,温泉や露天風呂,0,1,0,0,0,0,0,0,0,0,0,0,0,0,0,0,0,0,友人・知人,0,0,0,0,0,0,0,0,0,0,0,0,0,0,0,0,0,0,1,0,0,0,0,0,0,,,,"100,000円以上",,"100,000円以上",,"5,000円以上 10,000円未満",使わない,,,,,,,,,,5,5,,,,,,10,,,越前そばの里 エリア,,選択なし/該当施設なし,,選択なし/該当施設なし,,000000,越前そばの里 エリア,1961,65,,1月,37.越前そばの里 エリア,,
福井,2026/01/15 11:07:43,群馬県,無回答,40代,,800万円以上 900万円未満,夫婦2人,4泊以上,石川県金沢市,,3泊,,,,,,,,,自家用車,1,0,0,0,0,0,0,自家用車,0,0,0,0,,,,2～5回目,2～5回目,地元の美味しいものを食べるテーマパーク（遊園地、動物園、博物館など）,0,0,1,0,0,1,0,0,0,0,0,0,0,0,0,0,0,0,Instagramその他,0,0,0,1,0,0,0,0,0,0,0,0,0,0,0,0,0,0,0,0,0,0,0,0,0,,,,"30,000円以上 40,000円未満",,"20,000円以上 30,000円未満",,"3,000円以上 5,000円未満","20,000円以上 30,000円未満",,,,,,,,,,4,4,,施設がきれいに維持されている。道の駅の規模が丁度良い。,,,,10,機会があれば行きたい,,道の駅「恐竜渓谷かつやま」 エリア,,氣比神宮,,大本山永平寺,,000000,web,1979,47,,1月,26.道の駅「恐竜渓谷かつやま」 エリア,勝山市観光まちづくり(株),恐竜博物館や自然豊かな観光スポット。
福井,2026/01/15 11:05:31,群馬県,女,40代,,500万円以上 600万円未満,恋人,4泊以上,石川県金沢市,,3泊,,,,,,,,,自家用車,1,0,0,0,0,0,0,自家用車,0,0,0,0,,,,2～5回目,2～5回目,温泉や露天風呂地元の美味しいものを食べる名所、旧跡の観光テーマパーク（遊園地、動物園、博物館など）まちあるき、都市散策,0,1,1,0,1,1,0,0,0,0,1,0,0,0,0,0,0,0,その他,0,0,0,0,0,0,0,0,0,0,0,0,0,0,0,0,0,0,0,0,0,0,0,0,1,,,,"30,000円以上 40,000円未満",,"20,000円以上 30,000円未満",,"3,000円以上 5,000円未満","20,000円以上 30,000円未満",,,,,,,,,,4,4,,,,,,9,機会があれば行きたい,,道の駅「恐竜渓谷かつやま」 エリア,,氣比神宮,,大本山永平寺,,000000,web,1979,47,,1月,26.道の駅「恐竜渓谷かつやま」 エリア,勝山市観光まちづくり(株),恐竜博物館はいろいろな年代の人が楽しめると思った。食事も美味しいから。
福井,2026/01/15 10:57:47,京都府,男,60代,,500万円以上 600万円未満,自分ひとり,3泊,京都府,,1泊,,,,,,,,,在来線,0,0,0,1,0,0,0,在来線,0,0,0,0,4,,,6～10回目,6～10回目,出張など仕事関係,0,0,0,0,0,0,0,0,0,0,0,0,0,0,0,0,1,0,友人・知人,0,0,0,0,0,0,0,0,0,0,0,0,0,0,0,0,0,0,1,0,0,0,0,0,0,,,,"5,000円以上 10,000円未満",,"5,000円以上 10,000円未満",,"1,000円以上 3,000円未満","3,000円以上 5,000円未満",,,,,,,,,,4,4,,,,,,8,また行きたい（1年以内）,,福井駅前 エリア,,選択なし/該当施設なし,,選択なし/該当施設なし,,000000,福井駅前 エリア,1958,68,,1月,01.福井駅前 エリア,,駅がキレイ
福井,2026/01/15 10:36:32,石川県,男,60代,,100万円以上 200万円未満,会社関係,1泊,その他,,1泊,,,,,,,,,レンタカー,0,1,0,0,0,0,0,レンタカー,0,0,0,0,4,売場、トイレ、建物周りがとても綺麗で良いと思います。,,2～5回目,2～5回目,出張など仕事関係,0,0,0,0,0,0,0,0,0,0,0,0,0,0,0,0,1,0,観光パンフレット・ポスターインターネット・アプリ,0,0,0,0,0,0,0,0,0,0,1,0,0,0,0,0,0,0,0,0,1,0,0,0,0,,,,"5,000円以上 10,000円未満",,"5,000円以上 10,000円未満",,"10,000円以上 20,000円未満","20,000円以上 30,000円未満",,,,,,,,,,4,4,,,,,,5,また行きたい（1年以内）,,北潟湖 エリア,,丸岡城,,丸岡城,,000000,北潟湖 エリア,1964,62,,1月,20.北潟湖 エリア,,
福井,2026/01/15 08:36:11,福井県,女,40代,,400万円以上 500万円未満,自分ひとり,日帰り,福井県外には宿泊しない,,福井県内には宿泊しない,,,,,,,,,県外から訪れていない（福井県在住）,0,0,0,0,0,0,1,自家用車,0,0,0,0,,,,11回目以上,11回目以上,買い物、アウトレット,0,0,0,0,0,0,1,0,0,0,0,0,0,0,0,0,0,0,友人・知人,0,0,0,0,0,0,0,0,0,0,0,0,0,0,0,0,0,0,1,0,0,0,0,0,0,,,,"1,000円未満",,"1,000円未満",,"1,000円未満","1,000円未満",,,,,,,,,,4,3,,,,,,5,,,北陸新幹線 越前たけふ駅 エリア,,選択なし/該当施設なし,,選択なし/該当施設なし,,000000,タケフナイフビレッジ エリア,1983,43,,1月,38.北陸新幹線 越前たけふ駅 エリア,,
福井,2026/01/15 07:06:03,愛知県,男,50代,,600万円以上 700万円未満,自分ひとり,4泊以上,福井県外には宿泊しない,,4泊以上,,,,,,,,,新幹線,0,0,1,0,0,0,0,徒歩,0,0,1,0,,,,11回目以上,11回目以上,出張など仕事関係,0,0,0,0,0,0,0,0,0,0,0,0,0,0,0,0,1,0,インターネット・アプリ,0,0,0,0,0,0,0,0,0,0,1,0,0,0,0,0,0,0,0,0,0,0,0,0,0,,,,"10,000円以上 20,000円未満",,"5,000円以上 10,000円未満",,"5,000円以上 10,000円未満","5,000円以上 10,000円未満",,,,,,,,,,4,4,,,,,,10,また行きたい（1年以内）,,福井駅前 エリア（宿泊施設）,,選択なし/該当施設なし,,選択なし/該当施設なし,,000000,web,1967,59,,1月,02.福井駅前 エリア（宿泊施設）,,
福井,2026/01/16 17:21:16,群馬県,女,50代,,500万円以上 600万円未満,自分ひとり,3泊,福井県外には宿泊しない,,3泊,,,,,,,,,新幹線,0,0,1,0,0,0,0,レンタカー,0,0,0,0,4,自由に色々な所に移動できる,,初めて,初めて,名所、旧跡の観光,0,0,0,0,1,0,0,0,0,0,0,0,0,0,0,0,0,0,観光パンフレット・ポスター,0,0,0,0,0,0,0,0,0,0,0,0,0,0,0,0,0,0,0,0,1,0,0,0,0,,,,"40,000円以上 50,000円未満",,"40,000円以上 50,000円未満",,"3,000円以上 5,000円未満","20,000円以上 30,000円未満",,,,,,,,,,5,5,,,,,,10,また行きたい（1年以内）,,一乗谷朝倉氏遺跡 エリア,,福井駅,,丸岡城,,000000,web,1967,59,,1月,06.一乗谷朝倉氏遺跡 エリア,,朝倉氏の歴史がよくわかる
福井,2026/01/16 17:06:02,福井県,女,60代,,300万円以上 400万円未満,自分ひとり,日帰り,福井県外には宿泊しない,,福井県内には宿泊しない,,,,,,,,,自家用車,1,0,0,0,0,0,0,自家用車,0,0,0,0,,,,6～10回目,6～10回目,ドライブ・ツーリング,0,0,0,0,0,0,0,0,0,0,0,0,0,0,1,0,0,0,観光パンフレット・ポスター,0,0,0,0,0,0,0,0,0,0,0,0,0,0,0,0,0,0,0,0,1,0,0,0,0,,,,"1,000円未満",,使わない,,"1,000円以上 3,000円未満","1,000円以上 3,000円未満",,,,,,,,,,4,4,,,,,,7,,,道の駅「南えちぜん山海里」 エリア,,選択なし/該当施設なし,,選択なし/該当施設なし,,000000,web,1965,61,,1月,58.道の駅「南えちぜん山海里」 エリア,,
福井,2026/01/16 16:58:58,埼玉県,その他,10歳未満,,100万円未満,自分ひとり,1泊,石川県金沢市,,2泊,,,,,,,,,新幹線,0,0,1,0,0,0,0,タクシー,1,0,0,0,5,,,2～5回目,2～5回目,宿でのんびり過ごす温泉や露天風呂地元の美味しいものを食べる,1,1,1,0,0,0,0,0,0,0,0,0,0,0,0,0,0,0,観光連盟やDMOのHP,0,0,0,0,0,0,0,0,0,0,0,0,0,0,0,0,0,0,0,0,0,0,0,1,0,,,,"5,000円以上 10,000円未満",,"5,000円以上 10,000円未満",,"20,000円以上 30,000円未満","3,000円以上 5,000円未満",,,,,,,,,,5,5,,,,,,9,機会があれば行きたい,,武生駅 エリア,,選択なし/該当施設なし,,選択なし/該当施設なし,,000000,web,2021,5,,1月,40.武生駅 エリア,,
福井,2026/01/16 16:14:28,東京都,男,30代,,700万円以上 800万円未満,夫婦2人,2泊,福井県外には宿泊しない,,2泊,,,,,,,,,新幹線,0,0,1,0,0,0,0,タクシー,1,0,0,0,5,,,初めて,初めて,名所、旧跡の観光,0,0,0,0,1,0,0,0,0,0,0,0,0,0,0,0,0,0,インターネット・アプリ,0,0,0,0,0,0,0,0,0,0,1,0,0,0,0,0,0,0,0,0,0,0,0,0,0,,,,"20,000円以上 30,000円未満",,"30,000円以上 40,000円未満",,"1,000円以上 3,000円未満","20,000円以上 30,000円未満",,,,,,,,,,5,5,,,,,,6,また行きたい（1年以内）,,道の駅「禅の里」 エリア,,福井県立恐竜博物館,,選択なし/該当施設なし,,000000,大本山 永平寺 エリア,1995,31,,1月,35.道の駅「禅の里」 エリア,,
福井,2026/01/16 16:14:20,東京都,女,30代,,"900万円以上 1,000万円未満",夫婦2人,2泊,福井県外には宿泊しない,,2泊,,,,,,,,,新幹線,0,0,1,0,0,0,0,レンタカー,0,0,0,0,,,,初めて,初めて,テーマパーク（遊園地、動物園、博物館など）,0,0,0,0,0,1,0,0,0,0,0,0,0,0,0,0,0,0,観光展・物産展,0,0,0,0,0,0,0,0,0,0,0,0,0,0,0,0,0,0,0,0,0,0,1,0,0,,,,"30,000円以上 40,000円未満",,"50,000円以上 100,000円未満",,"1,000円未満","20,000円以上 30,000円未満",,,,,,,,,,4,5,,,,,,6,,,道の駅「禅の里」 エリア,,選択なし/該当施設なし,,選択なし/該当施設なし,,000000,かつやま恐竜の森 エリア,1996,30,,1月,35.道の駅「禅の里」 エリア,,
福井,2026/01/16 15:48:47,東京都,女,30代,,"900万円以上 1,000万円未満",夫婦2人,2泊,福井県外には宿泊しない,,2泊,,,,,,,,,レンタカー新幹線,0,1,1,0,0,0,0,レンタカー,0,0,0,0,4,,,初めて,初めて,宿でのんびり過ごす温泉や露天風呂地元の美味しいものを食べるテーマパーク（遊園地、動物園、博物館など）,1,1,1,0,0,1,0,0,0,0,0,0,0,0,0,0,0,0,観光展・物産展,0,0,0,0,0,0,0,0,0,0,0,0,0,0,0,0,0,0,0,0,0,0,1,0,0,,,,"30,000円以上 40,000円未満",,"50,000円以上 100,000円未満",,"5,000円以上 10,000円未満","20,000円以上 30,000円未満",,,,,,,,,,5,5,,,,,,7,,,かつやま恐竜の森 エリア,,選択なし/該当施設なし,,選択なし/該当施設なし,,000000,かつやま恐竜の森 エリア,1996,30,,1月,25.かつやま恐竜の森 エリア,勝山市観光まちづくり(株),
福井,2026/01/16 15:47:56,東京都,男,30代,,700万円以上 800万円未満,夫婦2人,2泊,福井県外には宿泊しない,,2泊,,,,,,,,,新幹線,0,0,1,0,0,0,0,レンタカー,0,0,0,0,5,恐竜のクオリティが高い,,初めて,初めて,名所、旧跡の観光,0,0,0,0,1,0,0,0,0,0,0,0,0,0,0,0,0,0,インターネット・アプリ,0,0,0,0,0,0,0,0,0,0,1,0,0,0,0,0,0,0,0,0,0,0,0,0,0,,,,"20,000円以上 30,000円未満",,"30,000円以上 40,000円未満",,"1,000円以上 3,000円未満","20,000円以上 30,000円未満",,,,,,,,,,5,5,,,,,,10,また行きたい（1年以内）,,かつやま恐竜の森 エリア,,大本山永平寺,,選択なし/該当施設なし,,000000,大本山 永平寺 エリア,1995,31,,1月,25.かつやま恐竜の森 エリア,勝山市観光まちづくり(株),
福井,2026/01/16 14:09:55,奈良県,男,30代,,800万円以上 900万円未満,自分ひとり,日帰り,福井県外には宿泊しない,,1泊,,,,,,,,,新幹線,0,0,1,0,0,0,0,在来線路線バス,0,1,0,0,,,,初めて,初めて,名所、旧跡の観光,0,0,0,0,1,0,0,0,0,0,0,0,0,0,0,0,0,0,観光展・物産展TV・ラジオ番組やCM,0,0,0,0,0,0,0,0,0,0,0,0,0,0,1,0,0,0,0,0,0,0,1,0,0,,,,"1,000円以上 3,000円未満",,"1,000円以上 3,000円未満",,"1,000円以上 3,000円未満","3,000円以上 5,000円未満",,,,,,,,,,5,5,,,,,,10,また行きたい（1年以内）,,東尋坊 エリア,,選択なし/該当施設なし,,選択なし/該当施設なし,,000000,web,1987,39,,1月,10.東尋坊 エリア,(一社)DMOさかい観光局,
福井,2026/01/16 13:01:32,大阪府,男,50代,,"1,200万円以上 1,500万円未満",友人,1泊,福井県外には宿泊しない,,1泊,,,,,,,,,自家用車,1,0,0,0,0,0,0,自家用車,0,0,0,0,,,,2～5回目,2～5回目,宿でのんびり過ごす地元の美味しいものを食べる,1,0,1,0,0,0,0,0,0,0,0,0,0,0,0,0,0,0,友人・知人,0,0,0,0,0,0,0,0,0,0,0,0,0,0,0,0,0,0,1,0,0,0,0,0,0,,,,"5,000円以上 10,000円未満",,"30,000円以上 40,000円未満",,"1,000円以上 3,000円未満","10,000円以上 20,000円未満",,,,,,,,,,5,5,,,,,,9,機会があれば行きたい,,越前そばの里 エリア,,選択なし/該当施設なし,,選択なし/該当施設なし,,000000,越前そばの里 エリア,1968,58,,1月,37.越前そばの里 エリア,,
福井,2026/01/16 13:00:45,大阪府,女,50代,,分からない/無回答,自分ひとり,3泊,福井県外には宿泊しない,,3泊,,,,,,,,,自家用車,1,0,0,0,0,0,0,自家用車,0,0,0,0,4,いろんなところを回ることができるから,,2～5回目,2～5回目,地元の美味しいものを食べる友人・親戚を尋ねる,0,0,1,0,0,0,0,0,0,0,0,0,0,0,0,1,0,0,友人・知人,0,0,0,0,0,0,0,0,0,0,0,0,0,0,0,0,0,0,1,0,0,0,0,0,0,,,,"5,000円以上 10,000円未満",,"20,000円以上 30,000円未満",,"5,000円以上 10,000円未満","20,000円以上 30,000円未満",,,,,,,,,,5,5,,,,,,10,また行きたい（1年以内）,,越前そばの里 エリア,,選択なし/該当施設なし,,選択なし/該当施設なし,,000000,web,1968,58,,1月,37.越前そばの里 エリア,,
福井,2026/01/16 12:52:52,東京都,男,30代,,800万円以上 900万円未満,夫婦2人,2泊,福井県外には宿泊しない,,2泊,,,,,,,,,レンタカー飛行機,0,1,0,0,1,0,0,レンタカー,0,0,0,0,4,,,初めて,初めて,温泉や露天風呂地元の美味しいものを食べる名所、旧跡の観光テーマパーク（遊園地、動物園、博物館など）まちあるき、都市散策,0,1,1,0,1,1,0,0,0,0,1,0,0,0,0,0,0,0,新聞・雑誌・ガイドブックインターネット・アプリその他,0,0,0,0,0,0,0,0,0,0,1,0,0,0,0,0,1,0,0,0,0,0,0,0,0,,,,"30,000円以上 40,000円未満",,"20,000円以上 30,000円未満",,使わない,"20,000円以上 30,000円未満",,,,,,,,,,4,4,,,,,,10,機会があれば行きたい,,あわら湯のまち エリア,,東尋坊,,福井県立恐竜博物館,,000000,web,1988,38,,1月,17.あわら湯のまち エリア,,
福井,2026/01/16 12:44:10,東京都,男,30代,,700万円以上 800万円未満,夫婦2人,2泊,福井県外には宿泊しない,,2泊,,,,,,,,,レンタカー新幹線,0,1,1,0,0,0,0,レンタカー,0,0,0,0,5,永平寺の歴史を知ることができた。,,初めて,初めて,宿でのんびり過ごす温泉や露天風呂地元の美味しいものを食べる名所、旧跡の観光,1,1,1,0,1,0,0,0,0,0,0,0,0,0,0,0,0,0,インターネット・アプリ,0,0,0,0,0,0,0,0,0,0,1,0,0,0,0,0,0,0,0,0,0,0,0,0,0,,,,"20,000円以上 30,000円未満",,"30,000円以上 40,000円未満",,"1,000円以上 3,000円未満","20,000円以上 30,000円未満",,,,,,,,,,5,5,,,,,,8,また行きたい（1年以内）,,大本山 永平寺 エリア,,選択なし/該当施設なし,,福井県立恐竜博物館,,000000,大本山 永平寺 エリア,1995,31,,1月,34.大本山 永平寺 エリア,,
福井,2026/01/16 12:32:43,岐阜県,女,50代,,分からない/無回答,自分ひとり,日帰り,福井県外には宿泊しない,,福井県内には宿泊しない,,,,,,,,,旅行会社ツアーバス,0,0,0,0,0,1,0,旅行会社ツアーバス,0,0,0,0,3,,,初めて,初めて,名所、旧跡の観光,0,0,0,0,1,0,0,0,0,0,0,0,0,0,0,0,0,0,観光パンフレット・ポスター,0,0,0,0,0,0,0,0,0,0,0,0,0,0,0,0,0,0,0,0,1,0,0,0,0,,,,使わない,,使わない,,使わない,使わない,,,,,,,,,,3,3,,,,,,2,どちらともいえない,,大本山 永平寺 エリア,,選択なし/該当施設なし,,選択なし/該当施設なし,,000000,大本山 永平寺 エリア,1968,58,,1月,34.大本山 永平寺 エリア,,大変
福井,2026/01/16 12:28:59,福井県,男,40代,,100万円未満,自分ひとり,日帰り,福井県外には宿泊しない,,福井県内には宿泊しない,,,,,,,,,自家用車,1,0,0,0,0,0,0,自家用車,0,0,0,0,5,,,2～5回目,2～5回目,宿でのんびり過ごす,1,0,0,0,0,0,0,0,0,0,0,0,0,0,0,0,0,0,観光展・物産展,0,0,0,0,0,0,0,0,0,0,0,0,0,0,0,0,0,0,0,0,0,0,1,0,0,,,,"20,000円以上 30,000円未満",,"20,000円以上 30,000円未満",,"20,000円以上 30,000円未満","20,000円以上 30,000円未満",,,,,,,,,,5,5,,,,,,10,また行きたい（1年以内）,,武生駅 エリア,,選択なし/該当施設なし,,選択なし/該当施設なし,,000000,武生駅 エリア,1986,40,,1月,40.武生駅 エリア,,
福井,2026/01/16 12:26:06,大阪府,男,50代,,"1,000万円以上 1,200万円未満",同級生,1泊,福井県外には宿泊しない,,1泊,,,,,,,,,自家用車,1,0,0,0,0,0,0,自家用車,0,0,0,0,,,,11回目以上,11回目以上,温泉や露天風呂地元の美味しいものを食べる,0,1,1,0,0,0,0,0,0,0,0,0,0,0,0,0,0,0,観光パンフレット・ポスターインターネット・アプリ,0,0,0,0,0,0,0,0,0,0,1,0,0,0,0,0,0,0,0,0,1,0,0,0,0,,,,"5,000円以上 10,000円未満",,"40,000円以上 50,000円未満",,"1,000円以上 3,000円未満","10,000円以上 20,000円未満",,,,,,,,,,4,4,,,,,,10,また行きたい（1年以内）,,越前そばの里 エリア,,選択なし/該当施設なし,,選択なし/該当施設なし,,000000,越前そばの里 エリア,1967,59,,1月,37.越前そばの里 エリア,,
福井,2026/01/16 12:25:07,福井県,女,60代,,100万円以上 200万円未満,夫婦2人,日帰り,その他,,4泊以上,,,,,,,,,自家用車,1,0,0,0,0,0,0,自家用車,0,0,0,0,,,,11回目以上,11回目以上,地元の美味しいものを食べる,0,0,1,0,0,0,0,0,0,0,0,0,0,0,0,0,0,0,新聞・雑誌・ガイドブック観光パンフレット・ポスター観光連盟やDMOのHPInstagram,0,0,0,1,0,0,0,0,0,0,0,0,0,0,0,0,1,0,0,0,1,0,0,1,0,,,,"3,000円以上 5,000円未満",,"3,000円以上 5,000円未満",,"10,000円以上 20,000円未満","3,000円以上 5,000円未満",,,,,,,,,,5,5,,,,,,5,,,越前そばの里 エリア,,岡太神社・大瀧神社,,選択なし/該当施設なし,,000000,越前そばの里 エリア,1960,66,,1月,37.越前そばの里 エリア,,
福井,2026/01/16 12:19:39,埼玉県,無回答,40代,,100万円未満,夫婦2人,2泊,石川県金沢市,,福井県内には宿泊しない,,,,,,,,,新幹線,0,0,1,0,0,0,0,路線バス,0,1,0,0,3,,,初めて,初めて,宿でのんびり過ごす,1,0,0,0,0,0,0,0,0,0,0,0,0,0,0,0,0,0,観光パンフレット・ポスター,0,0,0,0,0,0,0,0,0,0,0,0,0,0,0,0,0,0,0,0,1,0,0,0,0,,,,"20,000円以上 30,000円未満",,"1,000円以上 3,000円未満",,"3,000円以上 5,000円未満","3,000円以上 5,000円未満",,,,,,,,,,4,4,,,,,,5,機会があれば行きたい,,金ヶ崎 エリア,,敦賀赤レンガ倉庫,,敦賀赤レンガ倉庫,,000000,金ヶ崎 エリア,1980,46,,1月,64.金ヶ崎 エリア,,
福井,2026/01/16 12:15:53,埼玉県,男,70代,,500万円以上 600万円未満,夫婦2人,2泊,石川県加賀市,,福井県内には宿泊しない,,,,,,,,,新幹線,0,0,1,0,0,0,0,路線バス,0,1,0,0,4,,,初めて,初めて,名所、旧跡の観光,0,0,0,0,1,0,0,0,0,0,0,0,0,0,0,0,0,0,インターネット・アプリ,0,0,0,0,0,0,0,0,0,0,1,0,0,0,0,0,0,0,0,0,0,0,0,0,0,,,,"20,000円以上 30,000円未満",,使わない,,"1,000円以上 3,000円未満","3,000円以上 5,000円未満",,,,,,,,,,4,4,,,,,,8,機会があれば行きたい,,金ヶ崎 エリア,,選択なし/該当施設なし,,選択なし/該当施設なし,,000000,金ヶ崎 エリア,1956,70,,1月,64.金ヶ崎 エリア,,
福井,2026/01/16 11:58:19,大阪府,女,50代,,500万円以上 600万円未満,その他家族,1泊,石川県加賀市,,福井県内には宿泊しない,,,,,,,,,自家用車,1,0,0,0,0,0,0,自家用車,0,0,0,0,,,,2～5回目,2～5回目,地元の美味しいものを食べる名所、旧跡の観光,0,0,1,0,1,0,0,0,0,0,0,0,0,0,0,0,0,0,新聞・雑誌・ガイドブック観光パンフレット・ポスター,0,0,0,0,0,0,0,0,0,0,0,0,0,0,0,0,1,0,0,0,1,0,0,0,0,,,,"10,000円以上 20,000円未満",,使わない,,"5,000円以上 10,000円未満","5,000円以上 10,000円未満",,,,,,,,,,4,4,,,,,,9,また行きたい（1年以内）,,越前そばの里 エリア,,選択なし/該当施設なし,,選択なし/該当施設なし,,000000,web,1971,55,,1月,37.越前そばの里 エリア,,
福井,2026/01/16 11:35:15,福井県,女,50代,,200万円以上 300万円未満,自分ひとり,日帰り,その他,,福井県内には宿泊しない,,,,,,,,,自家用車,1,0,0,0,0,0,0,自家用車,0,0,0,0,,,,2～5回目,2～5回目,買い物、アウトレットお祭りやイベントへの参加・見物,0,0,0,0,0,0,1,1,0,0,0,0,0,0,0,0,0,0,新聞・雑誌・ガイドブック,0,0,0,0,0,0,0,0,0,0,0,0,0,0,0,0,1,0,0,0,0,0,0,0,0,,,,"1,000円未満",,使わない,,"1,000円以上 3,000円未満","3,000円以上 5,000円未満",,,,,,,,,,5,5,,買い物も楽しく出来た。店員さんの接客も感じが良かった,,,,7,福井県在住,,越前そばの里 エリア,,選択なし/該当施設なし,,選択なし/該当施設なし,,000000,若狭フィッシャーマンズワーフ エリア,1972,54,,1月,37.越前そばの里 エリア,,
福井,2026/01/16 11:08:19,岐阜県,女,60代,,"1,000万円以上 1,200万円未満",恋人,1泊,福井県外には宿泊しない,,1泊,,,,,,,,,在来線,0,0,0,1,0,0,0,自家用車,0,0,0,0,3,,,2～5回目,2～5回目,その他,0,0,0,0,0,0,0,0,0,0,0,0,0,0,0,0,0,1,友人・知人,0,0,0,0,0,0,0,0,0,0,0,0,0,0,0,0,0,0,1,0,0,0,0,0,0,,,,"5,000円以上 10,000円未満",,使わない,,"1,000円以上 3,000円未満","3,000円以上 5,000円未満",,,,,,,,,,3,3,,,,,,8,また行きたい（1年以内）,,金ヶ崎 エリア,,選択なし/該当施設なし,,選択なし/該当施設なし,,000000,web,1962,64,,1月,64.金ヶ崎 エリア,,
福井,2026/01/16 10:50:51,東京都,女,40代,,500万円以上 600万円未満,小学生以下連れの家族,4泊以上,京都府,,3泊,,,,,,,,,飛行機,0,0,0,0,1,0,0,レンタカー,0,0,0,0,5,家族で恐竜が好きだから,,2～5回目,2～5回目,名所、旧跡の観光,0,0,0,0,1,0,0,0,0,0,0,0,0,0,0,0,0,0,インターネット・アプリ,0,0,0,0,0,0,0,0,0,0,1,0,0,0,0,0,0,0,0,0,0,0,0,0,0,,,,"100,000円以上",,"30,000円以上 40,000円未満",,"40,000円以上 50,000円未満","20,000円以上 30,000円未満",,,,,,,,,,5,5,,恐竜が随所に感じるインテリアだったりお土産が楽しかった,,,,10,機会があれば行きたい,,かつやま恐竜の森 エリア,,選択なし/該当施設なし,,選択なし/該当施設なし,,000000,福井駅前 エリア（宿泊施設）,1983,43,,1月,25.かつやま恐竜の森 エリア,勝山市観光まちづくり(株),
福井,2026/01/16 10:47:09,東京都,女,40代,,500万円以上 600万円未満,小学生以下連れの家族,4泊以上,京都府,,3泊,,,,,,,,,飛行機,0,0,0,0,1,0,0,レンタカー,0,0,0,0,5,自由度が高い,,2～5回目,2～5回目,温泉や露天風呂地元の美味しいものを食べる名所、旧跡の観光,0,1,1,0,1,0,0,0,0,0,0,0,0,0,0,0,0,0,インターネット・アプリ,0,0,0,0,0,0,0,0,0,0,1,0,0,0,0,0,0,0,0,0,0,0,0,0,0,,,,"100,000円以上",,"30,000円以上 40,000円未満",,"5,000円以上 10,000円未満","20,000円以上 30,000円未満",,,,,,,,,,5,5,,,,,,8,機会があれば行きたい,,福井駅前 エリア（宿泊施設）,,越前がにミュージアム,TRETAS,選択なし/該当施設なし,,000000,福井駅前 エリア（宿泊施設）,1983,43,,1月,02.福井駅前 エリア（宿泊施設）,,
福井,2026/01/16 10:29:36,福井県,女,60代,,100万円以上 200万円未満,夫婦2人,日帰り,福井県外には宿泊しない,,福井県内には宿泊しない,,,,,,,,,県外から訪れていない（福井県在住）,0,0,0,0,0,0,1,自家用車,0,0,0,0,,,,6～10回目,6～10回目,買い物、アウトレット,0,0,0,0,0,0,1,0,0,0,0,0,0,0,0,0,0,0,観光連盟やDMOのHP,0,0,0,0,0,0,0,0,0,0,0,0,0,0,0,0,0,0,0,0,0,0,0,1,0,,,,使わない,,"5,000円以上 10,000円未満",,"1,000円以上 3,000円未満","3,000円以上 5,000円未満",,,,,,,,,,4,4,,,,,,8,福井県在住,,道の駅「西山公園」 エリア,,道の駅「パークイン丹生ヶ丘」,,選択なし/該当施設なし,,000000,熊川宿 エリア,1961,65,,1月,44.道の駅「西山公園」 エリア,,
福井,2026/01/16 10:17:30,愛知県,女,50代,,600万円以上 700万円未満,その他家族,日帰り,石川県加賀市,,1泊,,,,,,,,,自家用車,1,0,0,0,0,0,0,自家用車,0,0,0,0,,,,初めて,初めて,名所、旧跡の観光,0,0,0,0,1,0,0,0,0,0,0,0,0,0,0,0,0,0,インターネット・アプリ,0,0,0,0,0,0,0,0,0,0,1,0,0,0,0,0,0,0,0,0,0,0,0,0,0,,,,"5,000円以上 10,000円未満",,"20,000円以上 30,000円未満",,"3,000円以上 5,000円未満","5,000円以上 10,000円未満",,,,,,,,,,4,4,,,,,,7,また行きたい（1年以内）,,越前そばの里 エリア,,岡太神社・大瀧神社,,岡太神社・大瀧神社,,000000,越前そばの里 エリア,1972,54,,1月,37.越前そばの里 エリア,,素晴らしい神社仏閣がある事
福井,2026/01/16 09:43:05,福井県,女,60代,,100万円以上 200万円未満,夫婦2人,日帰り,福井県外には宿泊しない,,福井県内には宿泊しない,,,,,,,,,県外から訪れていない（福井県在住）,0,0,0,0,0,0,1,自家用車,0,0,0,0,3,,,2～5回目,2～5回目,買い物、アウトレット,0,0,0,0,0,0,1,0,0,0,0,0,0,0,0,0,0,0,観光連盟やDMOのHP,0,0,0,0,0,0,0,0,0,0,0,0,0,0,0,0,0,0,0,0,0,0,0,1,0,,,,使わない,,"5,000円以上 10,000円未満",,"3,000円以上 5,000円未満","3,000円以上 5,000円未満",,,,,,,,,,4,4,,レストランメニューが美味しかった。,,,,7,福井県在住,,道の駅「パークイン丹生ヶ丘」 エリア,,越前がにミュージアム,,選択なし/該当施設なし,,000000,熊川宿 エリア,1961,65,,1月,50.道の駅「パークイン丹生ヶ丘」 エリア,一般社団法人 越前町観光連盟（DMO ECHIZEN）,
福井,2026/01/16 08:23:08,千葉県,男,60代,,300万円以上 400万円未満,夫婦2人,2泊,福井県外には宿泊しない,,2泊,,,,,,,,,新幹線旅行会社ツアーバス,0,0,1,0,0,1,0,旅行会社ツアーバス,0,0,0,0,5,人が運転してくれるので楽だから。,,初めて,初めて,地元の美味しいものを食べる名所、旧跡の観光,0,0,1,0,1,0,0,0,0,0,0,0,0,0,0,0,0,0,新聞・雑誌・ガイドブック観光パンフレット・ポスター,0,0,0,0,0,0,0,0,0,0,0,0,0,0,0,0,1,0,0,0,1,0,0,0,0,,,,"30,000円以上 40,000円未満",,"10,000円以上 20,000円未満",,"1,000円以上 3,000円未満","5,000円以上 10,000円未満",,,,,,,,,,5,5,,,,,,9,機会があれば行きたい,,大本山 永平寺 エリア,,選択なし/該当施設なし,,一乗谷朝倉氏遺跡,,000000,大本山 永平寺 エリア,1964,62,,1月,34.大本山 永平寺 エリア,,
福井,2026/01/16 08:18:53,東京都,女,30代,,"1,200万円以上 1,500万円未満",恋人,2泊,福井県外には宿泊しない,,2泊,,,,,,,,,飛行機,0,0,0,0,1,0,0,自家用車,0,0,0,0,,,,11回目以上,11回目以上,出張など仕事関係,0,0,0,0,0,0,0,0,0,0,0,0,0,0,0,0,1,0,インターネット・アプリ,0,0,0,0,0,0,0,0,0,0,1,0,0,0,0,0,0,0,0,0,0,0,0,0,0,,,,"20,000円以上 30,000円未満",,"5,000円以上 10,000円未満",,"3,000円以上 5,000円未満","5,000円以上 10,000円未満",,,,,,,,,,3,2,,,,,,9,,,福井駅前 エリア（宿泊施設）,,選択なし/該当施設なし,,選択なし/該当施設なし,,000000,福井駅前 エリア（宿泊施設）,1988,38,,1月,02.福井駅前 エリア（宿泊施設）,,
福井,2026/01/16 08:02:45,滋賀県,男,40代,,"900万円以上 1,000万円未満",中学生以上連れの家族,1泊,福井県外には宿泊しない,,1泊,,,,,,,,,自家用車,1,0,0,0,0,0,0,自家用車,0,0,0,0,,,,2～5回目,2～5回目,地元の美味しいものを食べる,0,0,1,0,0,0,0,0,0,0,0,0,0,0,0,0,0,0,インターネット・アプリ,0,0,0,0,0,0,0,0,0,0,1,0,0,0,0,0,0,0,0,0,0,0,0,0,0,,,,"5,000円以上 10,000円未満",,"20,000円以上 30,000円未満",,"10,000円以上 20,000円未満","10,000円以上 20,000円未満",,,,,,,,,,4,4,,蟹を食べられる,,,,7,機会があれば行きたい,,小浜 エリア（宿泊施設）,,選択なし/該当施設なし,,選択なし/該当施設なし,,000000,web,1979,47,,1月,69.小浜 エリア（宿泊施設）,(株)まちづくり小浜,
福井,2026/01/16 06:45:10,京都府,男,70代,,100万円未満,夫婦2人,1泊,福井県外には宿泊しない,,1泊,,,,,,,,,旅行会社ツアーバス,0,0,0,0,0,1,0,旅行会社ツアーバス,0,0,0,0,4,,,初めて,初めて,温泉や露天風呂,0,1,0,0,0,0,0,0,0,0,0,0,0,0,0,0,0,0,観光展・物産展,0,0,0,0,0,0,0,0,0,0,0,0,0,0,0,0,0,0,0,0,0,0,1,0,0,,,,"10,000円以上 20,000円未満",,"40,000円以上 50,000円未満",,"5,000円以上 10,000円未満","20,000円以上 30,000円未満",,,,,,,,,,4,4,,,,,,9,機会があれば行きたい,,越前そばの里 エリア,,選択なし/該当施設なし,,選択なし/該当施設なし,,000000,はたや記念館 ゆめおーれ勝山 エリア,1956,70,,1月,37.越前そばの里 エリア,,
福井,2026/01/17 23:28:43,福井県,男,30代,,800万円以上 900万円未満,友人,4泊以上,福井県外には宿泊しない,,4泊以上,,,,,,,,,自家用車,1,0,0,0,0,0,0,自家用車,0,0,0,0,4,,,初めて,初めて,名所、旧跡の観光,0,0,0,0,1,0,0,0,0,0,0,0,0,0,0,0,0,0,友人・知人,0,0,0,0,0,0,0,0,0,0,0,0,0,0,0,0,0,0,1,0,0,0,0,0,0,,,,"1,000円以上 3,000円未満",,"30,000円以上 40,000円未満",,"1,000円以上 3,000円未満","5,000円以上 10,000円未満",,,,,,,,,,4,4,,,,,,8,福井県在住,,大本山 永平寺 エリア,,選択なし/該当施設なし,,一乗谷朝倉氏遺跡,,000000,大本山 永平寺 エリア,1990,36,,1月,34.大本山 永平寺 エリア,,
福井,2026/01/17 20:03:42,京都府,男,40代,,300万円以上 400万円未満,夫婦2人,日帰り,福井県外には宿泊しない,,福井県内には宿泊しない,,,,,,,,,自家用車,1,0,0,0,0,0,0,自家用車,0,0,0,0,,,,11回目以上,11回目以上,買い物、アウトレット,0,0,0,0,0,0,1,0,0,0,0,0,0,0,0,0,0,0,観光パンフレット・ポスター,0,0,0,0,0,0,0,0,0,0,0,0,0,0,0,0,0,0,0,0,1,0,0,0,0,,,,"1,000円以上 3,000円未満",,使わない,,使わない,"3,000円以上 5,000円未満",,,,,,,,,,4,4,,,,,,7,また行きたい（1年以内）,,名田庄 エリア,,選択なし/該当施設なし,自宅,選択なし/該当施設なし,,000000,web,1981,45,,1月,86.名田庄 エリア,,あきない館付近は充実してて面白い
福井,2026/01/17 18:54:58,福井県,女,20代,,"1,000万円以上 1,200万円未満",自分ひとり,日帰り,福井県外には宿泊しない,,福井県内には宿泊しない,,,,,,,,,県外から訪れていない（福井県在住）,0,0,0,0,0,0,1,自家用車,0,0,0,0,,,,11回目以上,11回目以上,地元の美味しいものを食べるまちあるき、都市散策,0,0,1,0,0,0,0,0,0,0,1,0,0,0,0,0,0,0,インターネット・アプリ,0,0,0,0,0,0,0,0,0,0,1,0,0,0,0,0,0,0,0,0,0,0,0,0,0,,,,"1,000円未満",,"1,000円以上 3,000円未満",,"1,000円以上 3,000円未満","1,000円以上 3,000円未満",,,,,,,,,,4,4,,,,,,5,機会があれば行きたい,,一乗谷朝倉氏遺跡 エリア,,一乗谷朝倉氏遺跡,,明城ファーム,,000000,一乗谷朝倉氏遺跡 エリア,2003,23,,1月,06.一乗谷朝倉氏遺跡 エリア,,一乗谷朝倉氏遺跡。昔の建物や街並みを楽しめるから。（有料のところ）
福井,2026/01/17 17:48:00,東京都,女,50代,,"1,500万円以上",親,1泊,福井県外には宿泊しない,,1泊,,,,,,,,,新幹線飛行機,0,0,1,0,1,0,0,タクシーその他,1,0,0,0,5,親切丁寧,,2～5回目,2～5回目,宿でのんびり過ごす温泉や露天風呂地元の美味しいものを食べるその他,1,1,1,0,0,0,0,0,0,0,0,0,0,0,0,0,0,1,観光パンフレット・ポスター観光協会等の案内所タクシードライバーや地元の人宿泊施設,0,0,0,0,0,0,0,0,0,0,0,0,0,1,0,0,0,0,0,1,1,1,0,0,0,,,,"40,000円以上 50,000円未満",,"20,000円以上 30,000円未満",,"20,000円以上 30,000円未満","20,000円以上 30,000円未満",,,,,,,,,,4,5,,,,,,10,また行きたい（1年以内）,,あわら湯のまち エリア,,あわら温泉街,,選択なし/該当施設なし,,000000,あわら湯のまち エリア,1970,56,,1月,17.あわら湯のまち エリア,,全てです。もてなし、心遣い、料理の素材と味、温泉の質、サウナ、バスタオル、旅館の設備、客室、布団、室温、ラウンジ、美味しいお酒、居心地、天気にも恵まれて気持ちのよい休暇、癒しの旅ができること。
福井,2026/01/17 17:43:01,滋賀県,女,50代,,500万円以上 600万円未満,夫婦2人,日帰り,滋賀県に日帰り,,福井県内には宿泊しない,,,,,,,,,自家用車,1,0,0,0,0,0,0,自家用車,0,0,0,0,,,,初めて,初めて,地元の美味しいものを食べるドライブ・ツーリング,0,0,1,0,0,0,0,0,0,0,0,0,0,0,1,0,0,0,インターネット・アプリTwitter,0,0,0,0,0,1,0,0,0,0,1,0,0,0,0,0,0,0,0,0,0,0,0,0,0,,,,使わない,,使わない,,"5,000円以上 10,000円未満","5,000円以上 10,000円未満",,,,,,,,,,4,4,,天気のいい日で人もそれほど多くなくてゆっくり過ごせた,,,,8,,,熊川宿 エリア,,メタセコイア並木（滋賀県）,,選択なし/該当施設なし,,000000,熊川宿 エリア,1970,56,,1月,81.熊川宿 エリア,三方五湖DMO(株),
福井,2026/01/17 17:26:01,石川県,男,20代,,100万円未満,友人,日帰り,福井県外には宿泊しない,,福井県内には宿泊しない,,,,,,,,,レンタカー,0,1,0,0,0,0,0,レンタカー,0,0,0,0,5,,,11回目以上,11回目以上,名所、旧跡の観光まちあるき、都市散策,0,0,0,0,1,0,0,0,0,0,1,0,0,0,0,0,0,0,観光パンフレット・ポスターインターネット・アプリ,0,0,0,0,0,0,0,0,0,0,1,0,0,0,0,0,0,0,0,0,1,0,0,0,0,,,,"1,000円以上 3,000円未満",,使わない,,"1,000円以上 3,000円未満","3,000円以上 5,000円未満",,,,,,,,,,5,5,,,,,,10,また行きたい（1年以内）,,福井駅前 エリア,,北の庄城址・柴田公園,,選択なし/該当施設なし,,000000,竹田エリア,2002,24,,1月,01.福井駅前 エリア,,
福井,2026/01/17 16:38:57,滋賀県,女,40代,,700万円以上 800万円未満,小学生以下連れの家族,1泊,福井県外には宿泊しない,,1泊,,,,,,,,,自家用車,1,0,0,0,0,0,0,自家用車,0,0,0,0,,,,初めて,初めて,温泉や露天風呂地元の美味しいものを食べるテーマパーク（遊園地、動物園、博物館など）スキー・スノボ、マリンスポーツ,0,1,1,0,0,1,0,0,0,0,0,0,1,0,0,0,0,0,新聞・雑誌・ガイドブック観光連盟やDMOのHPInstagram,0,0,0,1,0,0,0,0,0,0,0,0,0,0,0,0,1,0,0,0,0,0,0,1,0,,,,"10,000円以上 20,000円未満",,"40,000円以上 50,000円未満",,"5,000円以上 10,000円未満","30,000円以上 40,000円未満",,,,,,,,,,5,5,,,,,,10,また行きたい（1年以内）,,かつやま恐竜の森 エリア,,選択なし/該当施設なし,,選択なし/該当施設なし,,000000,かつやま恐竜の森 エリア,1984,42,,1月,25.かつやま恐竜の森 エリア,勝山市観光まちづくり(株),
福井,2026/01/17 16:36:55,福井県,男,50代,,"900万円以上 1,000万円未満",自分ひとり,1泊,福井県外には宿泊しない,,1泊,,,,,,,,,新幹線,0,0,1,0,0,0,0,自家用車,0,0,0,0,,,,2～5回目,2～5回目,その他,0,0,0,0,0,0,0,0,0,0,0,0,0,0,0,0,0,1,宿泊施設,0,0,0,0,0,0,0,0,0,0,0,0,0,1,0,0,0,0,0,0,0,0,0,0,0,,,,"1,000円以上 3,000円未満",,"3,000円以上 5,000円未満",,"1,000円以上 3,000円未満","1,000円以上 3,000円未満",,,,,,,,,,4,4,,,,,,8,また行きたい（1年以内）,,道の駅みくに ふれあいパーク三里浜 エリア,,三国サンセットビーチ,,選択なし/該当施設なし,,000000,web,1970,56,,1月,15.道の駅みくに ふれあいパーク三里浜 エリア,(一社)DMOさかい観光局,
福井,2026/01/17 16:34:54,福井県,男,50代,,"900万円以上 1,000万円未満",自分ひとり,1泊,福井県外には宿泊しない,,1泊,,,,,,,,,新幹線,0,0,1,0,0,0,0,自家用車,0,0,0,0,,,,2～5回目,2～5回目,その他,0,0,0,0,0,0,0,0,0,0,0,0,0,0,0,0,0,1,宿泊施設,0,0,0,0,0,0,0,0,0,0,0,0,0,1,0,0,0,0,0,0,0,0,0,0,0,,,,"1,000円以上 3,000円未満",,"3,000円以上 5,000円未満",,"1,000円以上 3,000円未満","1,000円以上 3,000円未満",,,,,,,,,,4,4,,,,,,8,また行きたい（1年以内）,,三国湊 エリア,,あわら温泉街,,ふれあいパーク三里浜(道の駅「みくに」),,000000,web,1970,56,,1月,09.三国湊 エリア,(一社)DMOさかい観光局,
福井,2026/01/17 16:33:48,京都府,男,50代,,"900万円以上 1,000万円未満",友人,日帰り,福井県外には宿泊しない,,福井県内には宿泊しない,,,,,,,,,自家用車,1,0,0,0,0,0,0,自家用車,0,0,0,0,5,施設がとてもきれい。,,11回目以上,11回目以上,スキー・スノボ、マリンスポーツ,0,0,0,0,0,0,0,0,0,0,0,0,1,0,0,0,0,0,友人・知人,0,0,0,0,0,0,0,0,0,0,0,0,0,0,0,0,0,0,1,0,0,0,0,0,0,,,,"3,000円以上 5,000円未満",,使わない,,"1,000円以上 3,000円未満","5,000円以上 10,000円未満",,,,,,,,,,5,5,,施設がとてもきれい。,,,,10,,,道の駅「恐竜渓谷かつやま」 エリア,,選択なし/該当施設なし,,選択なし/該当施設なし,,000000,道の駅「恐竜渓谷かつやま」 エリア,1970,56,,1月,26.道の駅「恐竜渓谷かつやま」 エリア,勝山市観光まちづくり(株),
福井,2026/01/17 16:32:13,福井県,男,50代,,"900万円以上 1,000万円未満",自分ひとり,1泊,福井県外には宿泊しない,,1泊,,,,,,,,,新幹線,0,0,1,0,0,0,0,自家用車,0,0,0,0,,,,2～5回目,2～5回目,その他,0,0,0,0,0,0,0,0,0,0,0,0,0,0,0,0,0,1,観光パンフレット・ポスター宿泊施設,0,0,0,0,0,0,0,0,0,0,0,0,0,1,0,0,0,0,0,0,1,0,0,0,0,,,,"1,000円以上 3,000円未満",,"3,000円以上 5,000円未満",,"1,000円未満","1,000円以上 3,000円未満",,,,,,,,,,4,4,,足湯が良いです,,,,8,また行きたい（1年以内）,,あわら湯のまち エリア,,選択なし/該当施設なし,,三国サンセットビーチ,,000000,web,1970,56,,1月,17.あわら湯のまち エリア,,
福井,2026/01/17 16:22:22,奈良県,男,50代,,"1,000万円以上 1,200万円未満",夫婦2人,3泊,石川県小松市,,福井県内には宿泊しない,,,,,,,,,自家用車,1,0,0,0,0,0,0,自家用車,0,0,0,0,,,,6～10回目,6～10回目,名所、旧跡の観光,0,0,0,0,1,0,0,0,0,0,0,0,0,0,0,0,0,0,インターネット・アプリ,0,0,0,0,0,0,0,0,0,0,1,0,0,0,0,0,0,0,0,0,0,0,0,0,0,,,,"3,000円以上 5,000円未満",,使わない,,"3,000円以上 5,000円未満","3,000円以上 5,000円未満",,,,,,,,,,4,4,,荘厳で良かった,,,,8,また行きたい（1年以内）,,金ヶ崎 エリア,,氣比神宮,,選択なし/該当施設なし,,000000,web,1968,58,,1月,64.金ヶ崎 エリア,,
福井,2026/01/17 16:12:21,大阪府,男,70代,,"900万円以上 1,000万円未満",夫婦2人,4泊以上,石川県金沢市,,1泊,,,,,,,,,自家用車,1,0,0,0,0,0,0,自家用車,0,0,0,0,,,,2～5回目,2～5回目,宿でのんびり過ごす地元の美味しいものを食べる名所、旧跡の観光,1,0,1,0,1,0,0,0,0,0,0,0,0,0,0,0,0,0,インターネット・アプリ,0,0,0,0,0,0,0,0,0,0,1,0,0,0,0,0,0,0,0,0,0,0,0,0,0,,,,"20,000円以上 30,000円未満",,"30,000円以上 40,000円未満",,"3,000円以上 5,000円未満","30,000円以上 40,000円未満",,,,,,,,,,5,5,,お昼にてらぐちさんのお蕎麦をいただき美味しかったです。応対も良かった,,,,9,また行きたい（1年以内）,,大本山 永平寺 エリア,,選択なし/該当施設なし,私の年が78ですので、見学場所は１ヶ所にしております。前回は丸岡城とソースカツ丼でした,選択なし/該当施設なし,,000000,大本山 永平寺 エリア,1947,79,,1月,34.大本山 永平寺 エリア,,永平寺の凛とした気持ちよくお参りできるので薦めたい
福井,2026/01/17 15:49:45,東京都,女,50代,,"1,500万円以上",夫婦2人,2泊,石川県金沢市,,福井県内には宿泊しない,,,,,,,,,旅行会社ツアーバス,0,0,0,0,0,1,0,旅行会社ツアーバス,0,0,0,0,5,,,初めて,初めて,名所、旧跡の観光,0,0,0,0,1,0,0,0,0,0,0,0,0,0,0,0,0,0,インターネット・アプリその他,0,0,0,0,0,0,0,0,0,0,1,0,0,0,0,0,0,0,0,0,0,0,0,0,0,,,,"50,000円以上 100,000円未満",,"50,000円以上 100,000円未満",,"3,000円以上 5,000円未満","30,000円以上 40,000円未満",,,,,,,,,,4,4,,ずっと行きたかった永平寺を参拝できて、大満足です,,,,8,機会があれば行きたい,,大本山 永平寺 エリア,,選択なし/該当施設なし,平成か宿かり,選択なし/該当施設なし,,000000,大本山 永平寺 エリア,1972,54,,1月,34.大本山 永平寺 エリア,,永平寺の厳かな雰囲気
福井,2026/01/17 14:39:57,東京都,女,30代,,"900万円以上 1,000万円未満",夫婦2人,2泊,福井県外には宿泊しない,,2泊,,,,,,,,,新幹線,0,0,1,0,0,0,0,レンタカー,0,0,0,0,,,,初めて,初めて,テーマパーク（遊園地、動物園、博物館など）,0,0,0,0,0,1,0,0,0,0,0,0,0,0,0,0,0,0,観光展・物産展,0,0,0,0,0,0,0,0,0,0,0,0,0,0,0,0,0,0,0,0,0,0,1,0,0,,,,"30,000円以上 40,000円未満",,"50,000円以上 100,000円未満",,"1,000円以上 3,000円未満","20,000円以上 30,000円未満",,,,,,,,,,5,5,,,,,,6,,,JR美浜駅 エリア,,選択なし/該当施設なし,,選択なし/該当施設なし,,000000,かつやま恐竜の森 エリア,1996,30,,1月,79.JR美浜駅 エリア,三方五湖DMO(株),
福井,2026/01/17 14:39:14,東京都,男,30代,,700万円以上 800万円未満,夫婦2人,2泊,福井県外には宿泊しない,,2泊,,,,,,,,,新幹線,0,0,1,0,0,0,0,レンタカー,0,0,0,0,5,,,初めて,初めて,名所、旧跡の観光,0,0,0,0,1,0,0,0,0,0,0,0,0,0,0,0,0,0,インターネット・アプリ,0,0,0,0,0,0,0,0,0,0,1,0,0,0,0,0,0,0,0,0,0,0,0,0,0,,,,"20,000円以上 30,000円未満",,"30,000円以上 40,000円未満",,"1,000円以上 3,000円未満","20,000円以上 30,000円未満",,,,,,,,,,4,5,,,,,,9,また行きたい（1年以内）,,JR美浜駅 エリア,,選択なし/該当施設なし,,選択なし/該当施設なし,,000000,大本山 永平寺 エリア,1995,31,,1月,79.JR美浜駅 エリア,三方五湖DMO(株),
福井,2026/01/17 14:29:20,福井県,男,20代,,100万円以上 200万円未満,恋人,日帰り,福井県外には宿泊しない,,福井県内には宿泊しない,,,,,,,,,自家用車,1,0,0,0,0,0,0,自家用車,0,0,0,0,5,,,2～5回目,2～5回目,宿でのんびり過ごす,1,0,0,0,0,0,0,0,0,0,0,0,0,0,0,0,0,0,観光展・物産展,0,0,0,0,0,0,0,0,0,0,0,0,0,0,0,0,0,0,0,0,0,0,1,0,0,,,,"1,000円以上 3,000円未満",,使わない,,"1,000円未満","5,000円以上 10,000円未満",,,,,,,,,,5,5,,,,,,10,,,一乗谷朝倉氏遺跡 エリア,,選択なし/該当施設なし,,選択なし/該当施設なし,,000000,一乗谷朝倉氏遺跡 エリア,2003,23,,1月,06.一乗谷朝倉氏遺跡 エリア,,
福井,2026/01/17 14:24:44,静岡県,男,10代,,分からない/無回答,親,2泊,福井県外には宿泊しない,,2泊,,,,,,,,,新幹線,0,0,1,0,0,0,0,自家用車,0,0,0,0,5,,,初めて,初めて,友人・親戚を尋ねる,0,0,0,0,0,0,0,0,0,0,0,0,0,0,0,1,0,0,観光展・物産展,0,0,0,0,0,0,0,0,0,0,0,0,0,0,0,0,0,0,0,0,0,0,1,0,0,,,,"10,000円以上 20,000円未満",,使わない,,"20,000円以上 30,000円未満","10,000円以上 20,000円未満",,,,,,,,,,5,5,,,,,,10,,,熊川宿 エリア,,選択なし/該当施設なし,,選択なし/該当施設なし,,000000,熊川宿 エリア,2009,17,,1月,81.熊川宿 エリア,三方五湖DMO(株),
福井,2026/01/17 14:11:10,大阪府,女,20代,,500万円以上 600万円未満,恋人,1泊,石川県加賀市,,福井県内には宿泊しない,,,,,,,,,新幹線在来線,0,0,1,1,0,0,0,在来線路線バス,0,1,0,0,5,思っていたよりも電車等の本数が多かった,,初めて,初めて,温泉や露天風呂地元の美味しいものを食べる名所、旧跡の観光,0,1,1,0,1,0,0,0,0,0,0,0,0,0,0,0,0,0,インターネット・アプリInstagram友人・知人,0,0,0,1,0,0,0,0,0,0,1,0,0,0,0,0,0,0,1,0,0,0,0,0,0,,,,"30,000円以上 40,000円未満",,使わない,,"5,000円以上 10,000円未満","5,000円以上 10,000円未満",,,,,,,,,,5,5,,,,,,8,また行きたい（1年以内）,,東尋坊 エリア,,選択なし/該当施設なし,,選択なし/該当施設なし,,000000,東尋坊 エリア,1999,27,,1月,10.東尋坊 エリア,(一社)DMOさかい観光局,車でも公共交通機関でも行きやすい
福井,2026/01/17 14:02:52,岐阜県,女,50代,,300万円以上 400万円未満,小学生以下連れの家族,1泊,福井県外には宿泊しない,,1泊,,,,,,,,,自家用車,1,0,0,0,0,0,0,自家用車,0,0,0,0,4,駐車場が安い,,初めて,初めて,宿でのんびり過ごす温泉や露天風呂地元の美味しいものを食べる,1,1,1,0,0,0,0,0,0,0,0,0,0,0,0,0,0,0,宿泊施設,0,0,0,0,0,0,0,0,0,0,0,0,0,1,0,0,0,0,0,0,0,0,0,0,0,,,,"5,000円以上 10,000円未満",,"10,000円以上 20,000円未満",,"3,000円以上 5,000円未満","5,000円以上 10,000円未満",,,,,,,,,,4,4,,,,,,6,機会があれば行きたい,,JR芦原温泉駅 エリア,,選択なし/該当施設なし,,選択なし/該当施設なし,,000000,JR芦原温泉駅 エリア,1973,53,,1月,16.JR芦原温泉駅 エリア,,
福井,2026/01/17 14:02:11,岐阜県,女,50代,,200万円以上 300万円未満,中学生以上連れの家族,1泊,石川県加賀市,,福井県内には宿泊しない,,,,,,,,,自家用車,1,0,0,0,0,0,0,自家用車,0,0,0,0,,,,2～5回目,2～5回目,テーマパーク（遊園地、動物園、博物館など）,0,0,0,0,0,1,0,0,0,0,0,0,0,0,0,0,0,0,宿泊施設,0,0,0,0,0,0,0,0,0,0,0,0,0,1,0,0,0,0,0,0,0,0,0,0,0,,,,使わない,,"5,000円以上 10,000円未満",,"3,000円以上 5,000円未満","5,000円以上 10,000円未満",,,,,,,,,,5,5,,綺麗,,,,10,また行きたい（1年以内）,,道の駅「越前おおの荒島の郷」 エリア,,越前大仏,,選択なし/該当施設なし,,000000,道の駅「若狭おばま」 エリア,1972,54,,1月,22.道の駅「越前おおの荒島の郷」 エリア,,特産品が多い
福井,2026/01/17 13:52:50,東京都,男,30代,,800万円以上 900万円未満,夫婦2人,2泊,福井県外には宿泊しない,,2泊,,,,,,,,,飛行機,0,0,0,0,1,0,0,レンタカー,0,0,0,0,,,,初めて,初めて,まちあるき、都市散策,0,0,0,0,0,0,0,0,0,0,1,0,0,0,0,0,0,0,その他,0,0,0,0,0,0,0,0,0,0,0,0,0,0,0,0,0,0,0,0,0,0,0,0,1,,,,"30,000円以上 40,000円未満",,"20,000円以上 30,000円未満",,"5,000円以上 10,000円未満","20,000円以上 30,000円未満",,,,,,,,,,4,4,,,,,,8,機会があれば行きたい,,福井駅前 エリア,,福井県立恐竜博物館,,選択なし/該当施設なし,,000000,web,1988,38,,1月,01.福井駅前 エリア,,
福井,2026/01/17 13:49:15,福井県,無回答,20代,,400万円以上 500万円未満,親,日帰り,福井県外には宿泊しない,,福井県内には宿泊しない,,,,,,,,,自家用車,1,0,0,0,0,0,0,自家用車,0,0,0,0,,,,2～5回目,2～5回目,地元の美味しいものを食べる花見や紅葉などの自然鑑賞買い物、アウトレットドライブ・ツーリング,0,0,1,1,0,0,1,0,0,0,0,0,0,0,1,0,0,0,インターネット・アプリ,0,0,0,0,0,0,0,0,0,0,1,0,0,0,0,0,0,0,0,0,0,0,0,0,0,,,,"5,000円以上 10,000円未満",,"5,000円以上 10,000円未満",,"3,000円以上 5,000円未満","3,000円以上 5,000円未満",,,,,,,,,,3,4,,,,,,5,福井県在住,,道の駅「禅の里」 エリア,,越前大仏,,選択なし/該当施設なし,,000000,道の駅「禅の里」 エリア,1998,28,,1月,35.道の駅「禅の里」 エリア,,
福井,2026/01/17 13:46:48,福井県,女,40代,,800万円以上 900万円未満,小学生以下連れの家族,日帰り,福井県外には宿泊しない,,福井県内には宿泊しない,,,,,,,,,自家用車,1,0,0,0,0,0,0,自家用車,0,0,0,0,,,,2～5回目,2～5回目,買い物、アウトレットお祭りやイベントへの参加・見物,0,0,0,0,0,0,1,1,0,0,0,0,0,0,0,0,0,0,インターネット・アプリ,0,0,0,0,0,0,0,0,0,0,1,0,0,0,0,0,0,0,0,0,0,0,0,0,0,,,,使わない,,使わない,,"3,000円以上 5,000円未満","3,000円以上 5,000円未満",,,,,,,,,,4,4,,,,,,7,福井県在住,,JR芦原温泉駅 エリア,,選択なし/該当施設なし,,選択なし/該当施設なし,,000000,web,1983,43,,1月,16.JR芦原温泉駅 エリア,,
福井,2026/01/17 13:39:19,福井県,女,50代,,100万円未満,中学生以上連れの家族,日帰り,福井県外には宿泊しない,,福井県内には宿泊しない,,,,,,,,,自家用車,1,0,0,0,0,0,0,自家用車,0,0,0,0,,,,初めて,初めて,地元の美味しいものを食べる,0,0,1,0,0,0,0,0,0,0,0,0,0,0,0,0,0,0,友人・知人,0,0,0,0,0,0,0,0,0,0,0,0,0,0,0,0,0,0,1,0,0,0,0,0,0,,,,使わない,,使わない,,"5,000円以上 10,000円未満","5,000円以上 10,000円未満",,,,,,,,,,3,4,,,,,,7,,,ふくい鮮いちば エリア,,選択なし/該当施設なし,,選択なし/該当施設なし,,000000,ふくい鮮いちば エリア,1974,52,,1月,05.ふくい鮮いちば エリア,,
福井,2026/01/17 13:32:36,愛知県,男,20代,,400万円以上 500万円未満,恋人,2泊,福井県外には宿泊しない,,2泊,,,,,,,,,その他,0,0,0,0,0,0,0,自家用車その他,0,0,0,0,5,安く福井へ来ることができるから,,2～5回目,2～5回目,地元の美味しいものを食べる友人・親戚を尋ねる,0,0,1,0,0,0,0,0,0,0,0,0,0,0,0,1,0,0,観光パンフレット・ポスターInstagram友人・知人,0,0,0,1,0,0,0,0,0,0,0,0,0,0,0,0,0,0,1,0,1,0,0,0,0,,,,"10,000円以上 20,000円未満",,"10,000円以上 20,000円未満",,"10,000円以上 20,000円未満","20,000円以上 30,000円未満",,,,,,,,,,4,4,,きれいな建物が多く、とても過ごしやすい場所でした。また福井駅構内の移動がしやすかったです。,,,,8,また行きたい（1年以内）,,福井駅前 エリア,,福井駅,,選択なし/該当施設なし,,000000,福井駅前 エリア,2001,25,,1月,01.福井駅前 エリア,,"福井魅力的に思う点がかなり多いことを、1,2年の間で感じました。食ももちろん魅力的ですし、観光できる場所も思っていたより行きたいと感じる場所が多かったです。ただそれが県外にはうまく伝わってない気がするので、自分の知人などにはぜひ勧めたいと思いました。"
福井,2026/01/17 13:32:27,福井県,女,30代,,500万円以上 600万円未満,小学生以下連れの家族,1泊,福井県外には宿泊しない,,1泊,,,,,,,,,県外から訪れていない（福井県在住）,0,0,0,0,0,0,1,自家用車,0,0,0,0,,,,2～5回目,2～5回目,名所、旧跡の観光まちあるき、都市散策,0,0,0,0,1,0,0,0,0,0,1,0,0,0,0,0,0,0,観光展・物産展観光パンフレット・ポスター友人・知人,0,0,0,0,0,0,0,0,0,0,0,0,0,0,0,0,0,0,1,0,1,0,1,0,0,,,,"1,000円以上 3,000円未満",,"1,000円以上 3,000円未満",,"1,000円以上 3,000円未満","1,000円以上 3,000円未満",,,,,,,,,,5,5,,,,,,10,,,道の駅「越前」 エリア,,越前がにミュージアム,,劔神社,,000000,道の駅「越前」 エリア,1989,37,,1月,49.道の駅「越前」 エリア,一般社団法人 越前町観光連盟（DMO ECHIZEN）,
福井,2026/01/17 13:26:49,福井県,女,50代,,分からない/無回答,夫婦2人,日帰り,福井県外には宿泊しない,,福井県内には宿泊しない,,,,,,,,,県外から訪れていない（福井県在住）,0,0,0,0,0,0,1,自家用車,0,0,0,0,,,,6～10回目,6～10回目,地元の美味しいものを食べる,0,0,1,0,0,0,0,0,0,0,0,0,0,0,0,0,0,0,Instagram,0,0,0,1,0,0,0,0,0,0,0,0,0,0,0,0,0,0,0,0,0,0,0,0,0,,,,"1,000円以上 3,000円未満",,"5,000円以上 10,000円未満",,"3,000円以上 5,000円未満","5,000円以上 10,000円未満",,,,,,,,,,4,4,,,,,,10,,,JR美浜駅 エリア,,選択なし/該当施設なし,,選択なし/該当施設なし,,000000,web,1967,59,,1月,79.JR美浜駅 エリア,三方五湖DMO(株),
福井,2026/01/17 13:18:44,滋賀県,女,60代,,200万円以上 300万円未満,夫婦2人,日帰り,福井県外には宿泊しない,,福井県内には宿泊しない,,,,,,,,,自家用車,1,0,0,0,0,0,0,自家用車,0,0,0,0,,,,11回目以上,11回目以上,温泉や露天風呂地元の美味しいものを食べる,0,1,1,0,0,0,0,0,0,0,0,0,0,0,0,0,0,0,観光展・物産展観光パンフレット・ポスター,0,0,0,0,0,0,0,0,0,0,0,0,0,0,0,0,0,0,0,0,1,0,1,0,0,,,,使わない,,使わない,,"3,000円以上 5,000円未満","3,000円以上 5,000円未満",,,,,,,,,,4,4,,,,,,7,また行きたい（1年以内）,,金ヶ崎 エリア,,選択なし/該当施設なし,リラ・ポート,選択なし/該当施設なし,,000000,金ヶ崎 エリア,1958,68,,1月,64.金ヶ崎 エリア,,海鮮丼等が美味しい。温泉プールの施設が充実
福井,2026/01/17 13:14:53,福井県,女,20代,,100万円未満,中学生以上連れの家族,1泊,福井県外には宿泊しない,,1泊,,,,,,,,,自家用車,1,0,0,0,0,0,0,自家用車,0,0,0,0,,,,6～10回目,6～10回目,宿でのんびり過ごす温泉や露天風呂地元の美味しいものを食べる,1,1,1,0,0,0,0,0,0,0,0,0,0,0,0,0,0,0,インターネット・アプリInstagram友人・知人,0,0,0,1,0,0,0,0,0,0,1,0,0,0,0,0,0,0,1,0,0,0,0,0,0,,,,"5,000円以上 10,000円未満",,"10,000円以上 20,000円未満",,"5,000円以上 10,000円未満","5,000円以上 10,000円未満",,,,,,,,,,4,4,,,,,,9,また行きたい（1年以内）,,福井駅前 エリア,,一乗谷朝倉氏遺跡,,越前大仏,,000000,福井駅前 エリア,2000,26,,1月,01.福井駅前 エリア,,温泉がとても素敵で良い県なので。
福井,2026/01/17 13:01:42,福井県,女,60代,,300万円以上 400万円未満,自分ひとり,日帰り,福井県外には宿泊しない,,福井県内には宿泊しない,,,,,,,,,自家用車,1,0,0,0,0,0,0,自家用車,0,0,0,0,,,,6～10回目,6～10回目,ドライブ・ツーリング,0,0,0,0,0,0,0,0,0,0,0,0,0,0,1,0,0,0,観光パンフレット・ポスター,0,0,0,0,0,0,0,0,0,0,0,0,0,0,0,0,0,0,0,0,1,0,0,0,0,,,,"1,000円未満",,使わない,,"1,000円以上 3,000円未満","1,000円以上 3,000円未満",,,,,,,,,,5,5,,,,,,8,,,道の駅「越前」 エリア,,選択なし/該当施設なし,,選択なし/該当施設なし,,000000,web,1965,61,,1月,49.道の駅「越前」 エリア,一般社団法人 越前町観光連盟（DMO ECHIZEN）,
福井,2026/01/17 12:48:28,福井県,男,60代,,400万円以上 500万円未満,友人,1泊,福井県外には宿泊しない,,1泊,,,,,,,,,県外から訪れていない（福井県在住）,0,0,0,0,0,0,1,自家用車,0,0,0,0,,,,2～5回目,2～5回目,地元の美味しいものを食べる,0,0,1,0,0,0,0,0,0,0,0,0,0,0,0,0,0,0,インターネット・アプリ,0,0,0,0,0,0,0,0,0,0,1,0,0,0,0,0,0,0,0,0,0,0,0,0,0,,,,"20,000円以上 30,000円未満",,"10,000円以上 20,000円未満",,"1,000円未満","10,000円以上 20,000円未満",,,,,,,,,,4,4,,,,,,10,,,大本山 永平寺 エリア,,選択なし/該当施設なし,,選択なし/該当施設なし,,000000,大本山 永平寺 エリア,1964,62,,1月,34.大本山 永平寺 エリア,,
福井,2026/01/17 12:35:09,三重県,男,50代,,700万円以上 800万円未満,友人,1泊,福井県外には宿泊しない,,1泊,,,,,,,,,自家用車,1,0,0,0,0,0,0,自家用車,0,0,0,0,5,,,11回目以上,11回目以上,アウトドア（海水浴、釣り、登山など）,0,0,0,0,0,0,0,0,0,1,0,0,0,0,0,0,0,0,インターネット・アプリ,0,0,0,0,0,0,0,0,0,0,1,0,0,0,0,0,0,0,0,0,0,0,0,0,0,,,,"10,000円以上 20,000円未満",,"10,000円以上 20,000円未満",,"5,000円以上 10,000円未満","20,000円以上 30,000円未満",,,,,,,,,,5,5,,,,,,10,また行きたい（1年以内）,,日本海さかな街 エリア,,選択なし/該当施設なし,,選択なし/該当施設なし,,000000,web,1975,51,,1月,61.日本海さかな街 エリア,,
福井,2026/01/17 12:31:59,埼玉県,女,30代,,300万円以上 400万円未満,夫婦2人,日帰り,福井県外には宿泊しない,,福井県内には宿泊しない,,,,,,,,,自家用車,1,0,0,0,0,0,0,自家用車,0,0,0,0,,,,2～5回目,2～5回目,地元の美味しいものを食べる,0,0,1,0,0,0,0,0,0,0,0,0,0,0,0,0,0,0,友人・知人,0,0,0,0,0,0,0,0,0,0,0,0,0,0,0,0,0,0,1,0,0,0,0,0,0,,,,"1,000円以上 3,000円未満",,"1,000円以上 3,000円未満",,"1,000円以上 3,000円未満","3,000円以上 5,000円未満",,,,,,,,,,5,5,,,,,,10,福井県在住,,えちぜん鉄道 松岡駅 エリア,,選択なし/該当施設なし,,選択なし/該当施設なし,,000000,web,1996,30,,1月,33.えちぜん鉄道 松岡駅 エリア,,
福井,2026/01/17 12:29:41,大阪府,女,50代,,500万円以上 600万円未満,その他家族,1泊,石川県加賀市,,福井県内には宿泊しない,,,,,,,,,自家用車,1,0,0,0,0,0,0,自家用車,0,0,0,0,5,,,2～5回目,2～5回目,名所、旧跡の観光,0,0,0,0,1,0,0,0,0,0,0,0,0,0,0,0,0,0,観光パンフレット・ポスター,0,0,0,0,0,0,0,0,0,0,0,0,0,0,0,0,0,0,0,0,1,0,0,0,0,,,,"10,000円以上 20,000円未満",,使わない,,"3,000円以上 5,000円未満","5,000円以上 10,000円未満",,,,,,,,,,4,4,,,,,,9,また行きたい（1年以内）,,道の駅「南えちぜん山海里」 エリア,,選択なし/該当施設なし,,選択なし/該当施設なし,,000000,web,1971,55,,1月,58.道の駅「南えちぜん山海里」 エリア,,
福井,2026/01/17 12:17:30,兵庫県,女,60代,,500万円以上 600万円未満,夫婦2人,1泊,福井県外には宿泊しない,,1泊,,,,,,,,,自家用車,1,0,0,0,0,0,0,自家用車,0,0,0,0,,,,初めて,初めて,温泉や露天風呂地元の美味しいものを食べる,0,1,1,0,0,0,0,0,0,0,0,0,0,0,0,0,0,0,観光パンフレット・ポスターインターネット・アプリ,0,0,0,0,0,0,0,0,0,0,1,0,0,0,0,0,0,0,0,0,1,0,0,0,0,,,,"5,000円以上 10,000円未満",,"20,000円以上 30,000円未満",,"5,000円以上 10,000円未満","10,000円以上 20,000円未満",,,,,,,,,,4,4,,,,,,9,機会があれば行きたい,,大本山 永平寺 エリア,,選択なし/該当施設なし,,越前大仏,,000000,大本山 永平寺 エリア,1963,63,,1月,34.大本山 永平寺 エリア,,
福井,2026/01/17 12:16:07,兵庫県,男,60代,,800万円以上 900万円未満,夫婦2人,1泊,福井県外には宿泊しない,,1泊,,,,,,,,,自家用車,1,0,0,0,0,0,0,自家用車,0,0,0,0,5,,,初めて,初めて,温泉や露天風呂地元の美味しいものを食べる名所、旧跡の観光,0,1,1,0,1,0,0,0,0,0,0,0,0,0,0,0,0,0,インターネット・アプリ,0,0,0,0,0,0,0,0,0,0,1,0,0,0,0,0,0,0,0,0,0,0,0,0,0,,,,"5,000円以上 10,000円未満",,"40,000円以上 50,000円未満",,"5,000円以上 10,000円未満","30,000円以上 40,000円未満",,,,,,,,,,4,4,,,,,,7,また行きたい（1年以内）,,大本山 永平寺 エリア,,選択なし/該当施設なし,,越前大仏,,000000,大本山 永平寺 エリア,1963,63,,1月,34.大本山 永平寺 エリア,,
福井,2026/01/17 12:08:41,岐阜県,女,50代,,200万円以上 300万円未満,中学生以上連れの家族,1泊,石川県加賀市,,福井県内には宿泊しない,,,,,,,,,自家用車,1,0,0,0,0,0,0,自家用車,0,0,0,0,,,,初めて,初めて,地元の美味しいものを食べるテーマパーク（遊園地、動物園、博物館など）,0,0,1,0,0,1,0,0,0,0,0,0,0,0,0,0,0,0,新聞・雑誌・ガイドブックインターネット・アプリInstagramブログ宿泊施設,0,0,0,1,0,0,0,0,1,0,1,0,0,1,0,0,1,0,0,0,0,0,0,0,0,,,,使わない,,"5,000円以上 10,000円未満",,"1,000円以上 3,000円未満","5,000円以上 10,000円未満",,,,,,,,,,5,5,,展示が素晴らしい,,,,10,また行きたい（1年以内）,,かつやま恐竜の森 エリア,,選択なし/該当施設なし,,越前大仏,,000000,道の駅「若狭おばま」 エリア,1972,54,,1月,25.かつやま恐竜の森 エリア,勝山市観光まちづくり(株),展示が素晴らしいから
福井,2026/01/17 12:07:47,福井県,女,60代,,300万円以上 400万円未満,自分ひとり,日帰り,福井県外には宿泊しない,,福井県内には宿泊しない,,,,,,,,,自家用車,1,0,0,0,0,0,0,自家用車,0,0,0,0,,,,6～10回目,6～10回目,ドライブ・ツーリング,0,0,0,0,0,0,0,0,0,0,0,0,0,0,1,0,0,0,観光パンフレット・ポスター,0,0,0,0,0,0,0,0,0,0,0,0,0,0,0,0,0,0,0,0,1,0,0,0,0,,,,"1,000円未満",,使わない,,"1,000円以上 3,000円未満","1,000円以上 3,000円未満",,,,,,,,,,4,4,,,,,,6,,,道の駅「パークイン丹生ヶ丘」 エリア,,選択なし/該当施設なし,,選択なし/該当施設なし,,000000,web,1965,61,,1月,50.道の駅「パークイン丹生ヶ丘」 エリア,一般社団法人 越前町観光連盟（DMO ECHIZEN）,
福井,2026/01/17 12:00:59,福井県,男,50代,,600万円以上 700万円未満,夫婦2人,日帰り,福井県外には宿泊しない,,福井県内には宿泊しない,,,,,,,,,自家用車,1,0,0,0,0,0,0,自家用車,0,0,0,0,5,,,初めて,初めて,買い物、アウトレット,0,0,0,0,0,0,1,0,0,0,0,0,0,0,0,0,0,0,観光展・物産展,0,0,0,0,0,0,0,0,0,0,0,0,0,0,0,0,0,0,0,0,0,0,1,0,0,,,,"3,000円以上 5,000円未満",,"1,000円以上 3,000円未満",,"1,000円以上 3,000円未満","1,000円以上 3,000円未満",,,,,,,,,,5,5,,,,,,10,福井県在住,,ふくい鮮いちば エリア,,選択なし/該当施設なし,,選択なし/該当施設なし,,000000,ふくい鮮いちば エリア,1970,56,,1月,05.ふくい鮮いちば エリア,,
福井,2026/01/17 11:59:48,神奈川県,男,50代,,"900万円以上 1,000万円未満",自分ひとり,4泊以上,福井県外には宿泊しない,,4泊以上,,,,,,,,,新幹線在来線,0,0,1,1,0,0,0,自家用車,0,0,0,0,,,,6～10回目,6～10回目,友人・親戚を尋ねる,0,0,0,0,0,0,0,0,0,0,0,0,0,0,0,1,0,0,インターネット・アプリ,0,0,0,0,0,0,0,0,0,0,1,0,0,0,0,0,0,0,0,0,0,0,0,0,0,,,,"40,000円以上 50,000円未満",,使わない,,"1,000円未満","10,000円以上 20,000円未満",,,,,,,,,,4,4,,,,,,7,また行きたい（1年以内）,,明通寺 エリア,,選択なし/該当施設なし,,選択なし/該当施設なし,,000000,web,1973,53,,1月,73.明通寺 エリア,(株)まちづくり小浜,
福井,2026/01/17 11:52:00,千葉県,男,50代,,700万円以上 800万円未満,自分ひとり,1泊,滋賀県,,福井県内には宿泊しない,,,,,,,,,新幹線在来線,0,0,1,1,0,0,0,レンタサイクル,0,0,0,1,4,すぐに借りられて、どこでも返却できるから。,,初めて,初めて,テーマパーク（遊園地、動物園、博物館など）,0,0,0,0,0,1,0,0,0,0,0,0,0,0,0,0,0,0,観光パンフレット・ポスター友人・知人,0,0,0,0,0,0,0,0,0,0,0,0,0,0,0,0,0,0,1,0,1,0,0,0,0,,,,"20,000円以上 30,000円未満",,使わない,,"1,000円未満","3,000円以上 5,000円未満",,,,,,,,,,4,4,,,,,,8,また行きたい（1年以内）,,金ヶ崎 エリア,,氣比神宮,,敦賀鉄道資料館（旧敦賀港駅舎 ）,,000000,金ヶ崎 エリア,1976,50,,1月,64.金ヶ崎 エリア,,町中も各種施設もきれいに整備されていて回りやすかったです。
福井,2026/01/17 11:49:05,福井県,女,50代,,400万円以上 500万円未満,親,日帰り,福井県外には宿泊しない,,4泊以上,,,,,,,,,自家用車,1,0,0,0,0,0,0,自家用車,0,0,0,0,,,,2～5回目,2～5回目,地元の美味しいものを食べる,0,0,1,0,0,0,0,0,0,0,0,0,0,0,0,0,0,0,友人・知人,0,0,0,0,0,0,0,0,0,0,0,0,0,0,0,0,0,0,1,0,0,0,0,0,0,,,,使わない,,使わない,,"1,000円以上 3,000円未満","5,000円以上 10,000円未満",,,,,,,,,,5,5,,,,,,10,福井県在住,,えちぜん鉄道 松岡駅 エリア,,選択なし/該当施設なし,,選択なし/該当施設なし,,000000,えちぜん鉄道 松岡駅 エリア,1974,52,,1月,33.えちぜん鉄道 松岡駅 エリア,,
福井,2026/01/17 11:38:40,東京都,男,30代,,500万円以上 600万円未満,親,1泊,福井県外には宿泊しない,,1泊,,,,,,,,,新幹線,0,0,1,0,0,0,0,路線バス,0,1,0,0,4,福井駅～永平寺間のバスですが、もう少し本数があると時間を気にせず安心して観光できそうです。,,2～5回目,2～5回目,地元の美味しいものを食べる名所、旧跡の観光,0,0,1,0,1,0,0,0,0,0,0,0,0,0,0,0,0,0,観光展・物産展,0,0,0,0,0,0,0,0,0,0,0,0,0,0,0,0,0,0,0,0,0,0,1,0,0,,,,"10,000円以上 20,000円未満",,"10,000円以上 20,000円未満",,"3,000円以上 5,000円未満","20,000円以上 30,000円未満",,,,,,,,,,5,5,,,,,,8,また行きたい（1年以内）,,大本山 永平寺 エリア,,選択なし/該当施設なし,,選択なし/該当施設なし,,000000,大本山 永平寺 エリア,1992,34,,1月,34.大本山 永平寺 エリア,,
福井,2026/01/17 11:29:36,福井県,男,60代,,"1,000万円以上 1,200万円未満",夫婦2人,日帰り,福井県外には宿泊しない,,福井県内には宿泊しない,,,,,,,,,自家用車,1,0,0,0,0,0,0,自家用車,0,0,0,0,4,,,初めて,初めて,テーマパーク（遊園地、動物園、博物館など）,0,0,0,0,0,1,0,0,0,0,0,0,0,0,0,0,0,0,インターネット・アプリ,0,0,0,0,0,0,0,0,0,0,1,0,0,0,0,0,0,0,0,0,0,0,0,0,0,,,,"1,000円未満",,"1,000円以上 3,000円未満",,"1,000円以上 3,000円未満","1,000円未満",,,,,,,,,,4,4,,,,,,9,,,道の駅「越前」 エリア,,選択なし/該当施設なし,,選択なし/該当施設なし,,000000,JR敦賀駅前 エリア,1966,60,,1月,49.道の駅「越前」 エリア,一般社団法人 越前町観光連盟（DMO ECHIZEN）,
福井,2026/01/17 11:29:30,福井県,女,50代,,"1,000万円以上 1,200万円未満",夫婦2人,日帰り,福井県外には宿泊しない,,福井県内には宿泊しない,,,,,,,,,自家用車,1,0,0,0,0,0,0,自家用車,0,0,0,0,4,,,2～5回目,2～5回目,まちあるき、都市散策,0,0,0,0,0,0,0,0,0,0,1,0,0,0,0,0,0,0,観光展・物産展,0,0,0,0,0,0,0,0,0,0,0,0,0,0,0,0,0,0,0,0,0,0,1,0,0,,,,"3,000円以上 5,000円未満",,"3,000円以上 5,000円未満",,"3,000円以上 5,000円未満","3,000円以上 5,000円未満",,,,,,,,,,4,4,,,,,,8,また行きたい（1年以内）,,道の駅「越前」 エリア,,選択なし/該当施設なし,,選択なし/該当施設なし,,000000,JR敦賀駅前 エリア,1967,59,,1月,49.道の駅「越前」 エリア,一般社団法人 越前町観光連盟（DMO ECHIZEN）,
福井,2026/01/17 11:25:40,京都府,男,40代,,300万円以上 400万円未満,夫婦2人,日帰り,福井県外には宿泊しない,,福井県内には宿泊しない,,,,,,,,,自家用車,1,0,0,0,0,0,0,自家用車,0,0,0,0,,,,2～5回目,2～5回目,温泉や露天風呂地元の美味しいものを食べる買い物、アウトレット,0,1,1,0,0,0,1,0,0,0,0,0,0,0,0,0,0,0,観光パンフレット・ポスター,0,0,0,0,0,0,0,0,0,0,0,0,0,0,0,0,0,0,0,0,1,0,0,0,0,,,,"1,000円以上 3,000円未満",,使わない,,"1,000円以上 3,000円未満","3,000円以上 5,000円未満",,,,,,,,,,5,5,,清掃が行き渡っており気持ち良い,,,,9,また行きたい（1年以内）,,若狭フィッシャーマンズワーフ エリア,,選択なし/該当施設なし,敦賀市公設市場,選択なし/該当施設なし,,000000,web,1981,45,,1月,70.若狭フィッシャーマンズワーフ エリア,(株)まちづくり小浜,レストランの海鮮丼
福井,2026/01/17 11:18:56,福井県,男,40代,,700万円以上 800万円未満,小学生以下連れの家族,日帰り,福井県外には宿泊しない,,福井県内には宿泊しない,,,,,,,,,県外から訪れていない（福井県在住）,0,0,0,0,0,0,1,自家用車,0,0,0,0,4,,,2～5回目,2～5回目,ドライブ・ツーリング,0,0,0,0,0,0,0,0,0,0,0,0,0,0,1,0,0,0,新聞・雑誌・ガイドブック,0,0,0,0,0,0,0,0,0,0,0,0,0,0,0,0,1,0,0,0,0,0,0,0,0,,,,"1,000円未満",,"1,000円以上 3,000円未満",,使わない,"1,000円未満",,,,,,,,,,4,4,,,,,,9,,,道の駅「恐竜渓谷かつやま」 エリア,,選択なし/該当施設なし,,選択なし/該当施設なし,,000000,web,1981,45,,1月,26.道の駅「恐竜渓谷かつやま」 エリア,勝山市観光まちづくり(株),
福井,2026/01/17 11:12:45,京都府,女,40代,,400万円以上 500万円未満,夫婦2人,日帰り,福井県外には宿泊しない,,福井県内には宿泊しない,,,,,,,,,自家用車,1,0,0,0,0,0,0,自家用車,0,0,0,0,3,滞りなく進めたから,,2～5回目,2～5回目,地元の美味しいものを食べる名所、旧跡の観光買い物、アウトレット,0,0,1,0,1,0,1,0,0,0,0,0,0,0,0,0,0,0,観光パンフレット・ポスター,0,0,0,0,0,0,0,0,0,0,0,0,0,0,0,0,0,0,0,0,1,0,0,0,0,,,,"1,000円以上 3,000円未満",,"5,000円以上 10,000円未満",,"5,000円以上 10,000円未満","5,000円以上 10,000円未満",,,,,,,,,,4,4,,とてもキレイです,,,,7,また行きたい（1年以内）,,若狭フィッシャーマンズワーフ エリア,,暦会館,,ホテルうみんぴあ,,000000,レインボーライン エリア,1984,42,,1月,70.若狭フィッシャーマンズワーフ エリア,(株)まちづくり小浜,景色と食事
福井,2026/01/17 11:01:30,三重県,男,50代,,700万円以上 800万円未満,友人,1泊,福井県外には宿泊しない,,1泊,,,,,,,,,自家用車,1,0,0,0,0,0,0,自家用車,0,0,0,0,5,,,初めて,初めて,アウトドア（海水浴、釣り、登山など）,0,0,0,0,0,0,0,0,0,1,0,0,0,0,0,0,0,0,インターネット・アプリ,0,0,0,0,0,0,0,0,0,0,1,0,0,0,0,0,0,0,0,0,0,0,0,0,0,,,,"10,000円以上 20,000円未満",,"10,000円以上 20,000円未満",,"1,000円以上 3,000円未満","20,000円以上 30,000円未満",,,,,,,,,,5,5,,,,,,10,また行きたい（1年以内）,,道の駅「禅の里」 エリア,,選択なし/該当施設なし,,選択なし/該当施設なし,,000000,web,1975,51,,1月,35.道の駅「禅の里」 エリア,,
福井,2026/01/17 10:59:41,東京都,男,30代,,800万円以上 900万円未満,夫婦2人,2泊,福井県外には宿泊しない,,2泊,,,,,,,,,飛行機,0,0,0,0,1,0,0,レンタカー,0,0,0,0,,,,初めて,初めて,まちあるき、都市散策,0,0,0,0,0,0,0,0,0,0,1,0,0,0,0,0,0,0,その他,0,0,0,0,0,0,0,0,0,0,0,0,0,0,0,0,0,0,0,0,0,0,0,0,1,,,,"30,000円以上 40,000円未満",,"20,000円以上 30,000円未満",,"1,000円以上 3,000円未満","20,000円以上 30,000円未満",,,,,,,,,,4,3,,,,,,7,機会があれば行きたい,,かつやま恐竜の森 エリア,,あわら温泉街,,福井駅,,000000,web,1988,38,,1月,25.かつやま恐竜の森 エリア,勝山市観光まちづくり(株),
福井,2026/01/17 10:36:17,千葉県,女,50代,,400万円以上 500万円未満,夫婦2人,1泊,ない,,1泊,,,,,,,,,新幹線,0,0,1,0,0,0,0,路線バス,0,1,0,0,3,,,2～5回目,2～5回目,宿でのんびり過ごす温泉や露天風呂,1,1,0,0,0,0,0,0,0,0,0,0,0,0,0,0,0,0,新聞・雑誌・ガイドブック,0,0,0,0,0,0,0,0,0,0,0,0,0,0,0,0,1,0,0,0,0,0,0,0,0,,,,"50,000円以上 100,000円未満",,"40,000円以上 50,000円未満",,"20,000円以上 30,000円未満","10,000円以上 20,000円未満",,,,,,,,,,4,4,,,,,,10,,,道の駅「越前」 エリア,,選択なし/該当施設なし,,選択なし/該当施設なし,,000000,web,1975,51,,1月,49.道の駅「越前」 エリア,一般社団法人 越前町観光連盟（DMO ECHIZEN）,
福井,2026/01/17 10:30:35,神奈川県,男,40代,,600万円以上 700万円未満,夫婦2人,1泊,千葉,,1泊,,,,,,,,,新幹線在来線,0,0,1,1,0,0,0,路線バス,0,1,0,0,4,,,2～5回目,2～5回目,宿でのんびり過ごす温泉や露天風呂地元の美味しいものを食べる,1,1,1,0,0,0,0,0,0,0,0,0,0,0,0,0,0,0,その他,0,0,0,0,0,0,0,0,0,0,0,0,0,0,0,0,0,0,0,0,0,0,0,0,1,,,,"50,000円以上 100,000円未満",,"40,000円以上 50,000円未満",,"5,000円以上 10,000円未満","50,000円以上 100,000円未満",,,,,,,,,,5,5,,,,,,10,機会があれば行きたい,,道の駅「越前」 エリア,,選択なし/該当施設なし,,選択なし/該当施設なし,,000000,道の駅「越前」 エリア,1982,44,,1月,49.道の駅「越前」 エリア,一般社団法人 越前町観光連盟（DMO ECHIZEN）,
福井,2026/01/17 09:20:56,福井県,男,60代,,500万円以上 600万円未満,自分ひとり,1泊,福井県外には宿泊しない,,1泊,,,,,,,,,自家用車,1,0,0,0,0,0,0,自家用車,0,0,0,0,,,,6～10回目,6～10回目,温泉や露天風呂名所、旧跡の観光ドライブ・ツーリング,0,1,0,0,1,0,0,0,0,0,0,0,0,0,1,0,0,0,インターネット・アプリブログ観光協会等の案内所,0,0,0,0,0,0,0,0,1,0,1,0,0,0,0,0,0,0,0,0,0,1,0,0,0,,,,"10,000円以上 20,000円未満",,"10,000円以上 20,000円未満",,"5,000円以上 10,000円未満","20,000円以上 30,000円未満",,,,,,,,,,5,5,,男子トイレを整備してほしい外から丸見えの状態,,,,9,また行きたい（1年以内）,,道の駅「越前」 エリア,,越前がにミュージアム,,福井県立恐竜博物館,,000000,道の駅「越前おおの荒島の郷」 エリア,1960,66,,1月,49.道の駅「越前」 エリア,一般社団法人 越前町観光連盟（DMO ECHIZEN）,食べ物
福井,2026/01/17 07:22:57,福井県,男,50代,,700万円以上 800万円未満,夫婦2人,1泊,愛知県,,福井県内には宿泊しない,,,,,,,,,県外から訪れていない（福井県在住）,0,0,0,0,0,0,1,自家用車,0,0,0,0,,,,11回目以上,11回目以上,温泉や露天風呂その他,0,1,0,0,0,0,0,0,0,0,0,0,0,0,0,0,0,1,その他,0,0,0,0,0,0,0,0,0,0,0,0,0,0,0,0,0,0,0,0,0,0,0,0,1,,,,"20,000円以上 30,000円未満",,使わない,,使わない,"30,000円以上 40,000円未満",,,,,,,,,,3,3,,,,,,5,福井県在住,,福井駅前 エリア,,選択なし/該当施設なし,,選択なし/該当施設なし,,000000,丸岡城 エリア,1970,56,,1月,01.福井駅前 エリア,,
福井,2026/01/17 06:57:53,三重県,男,50代,,700万円以上 800万円未満,友人,1泊,福井県外には宿泊しない,,1泊,,,,,,,,,自家用車,1,0,0,0,0,0,0,自家用車,0,0,0,0,5,,,6～10回目,6～10回目,地元の美味しいものを食べるアウトドア（海水浴、釣り、登山など）,0,0,1,0,0,0,0,0,0,1,0,0,0,0,0,0,0,0,インターネット・アプリ,0,0,0,0,0,0,0,0,0,0,1,0,0,0,0,0,0,0,0,0,0,0,0,0,0,,,,"10,000円以上 20,000円未満",,"10,000円以上 20,000円未満",,"5,000円以上 10,000円未満","20,000円以上 30,000円未満",,,,,,,,,,5,5,,,,,,10,また行きたい（1年以内）,,三国湊 エリア,,選択なし/該当施設なし,,選択なし/該当施設なし,,000000,web,1975,51,,1月,09.三国湊 エリア,(一社)DMOさかい観光局,
福井,2026/01/17 01:19:24,兵庫県,男,50代,,700万円以上 800万円未満,自分ひとり,2泊,石川県金沢市,,2泊,,,,,,,,,自家用車,1,0,0,0,0,0,0,自家用車,0,0,0,0,4,渋滞しない　高速からアクセスよし,,初めて,初めて,出張など仕事関係,0,0,0,0,0,0,0,0,0,0,0,0,0,0,0,0,1,0,友人・知人,0,0,0,0,0,0,0,0,0,0,0,0,0,0,0,0,0,0,1,0,0,0,0,0,0,,,,"3,000円以上 5,000円未満",,"5,000円以上 10,000円未満",,"1,000円以上 3,000円未満","10,000円以上 20,000円未満",,,,,,,,,,5,5,,ホッコリできた,,,,10,また行きたい（1年以内）,,越前そばの里 エリア,,選択なし/該当施設なし,,選択なし/該当施設なし,,000000,越前そばの里 エリア,1976,50,,1月,37.越前そばの里 エリア,,辛味大根おろしそば
福井,2026/01/18 23:12:33,福井県,男,30代,,500万円以上 600万円未満,恋人,日帰り,福井県外には宿泊しない,,福井県内には宿泊しない,,,,,,,,,自家用車,1,0,0,0,0,0,0,自家用車,0,0,0,0,2,,,2～5回目,2～5回目,友人・親戚を尋ねる,0,0,0,0,0,0,0,0,0,0,0,0,0,0,0,1,0,0,観光展・物産展,0,0,0,0,0,0,0,0,0,0,0,0,0,0,0,0,0,0,0,0,0,0,1,0,0,,,,"1,000円以上 3,000円未満",,"3,000円以上 5,000円未満",,使わない,"1,000円以上 3,000円未満",,,,,,,,,,1,2,,,,,,5,,,三国湊 エリア,,選択なし/該当施設なし,,選択なし/該当施設なし,,000000,東尋坊,1993,33,,1月,09.三国湊 エリア,(一社)DMOさかい観光局,
福井,2026/01/18 23:11:41,福井県,男,30代,,500万円以上 600万円未満,恋人,日帰り,福井県外には宿泊しない,,福井県内には宿泊しない,,,,,,,,,自家用車,1,0,0,0,0,0,0,自家用車,0,0,0,0,,,,11回目以上,11回目以上,友人・親戚を尋ねる,0,0,0,0,0,0,0,0,0,0,0,0,0,0,0,1,0,0,観光展・物産展,0,0,0,0,0,0,0,0,0,0,0,0,0,0,0,0,0,0,0,0,0,0,1,0,0,,,,"1,000円以上 3,000円未満",,"3,000円以上 5,000円未満",,"10,000円以上 20,000円未満","1,000円以上 3,000円未満",,,,,,,,,,4,4,,,,,,5,,,JR芦原温泉駅 エリア,,選択なし/該当施設なし,,選択なし/該当施設なし,,000000,東尋坊,1993,33,,1月,16.JR芦原温泉駅 エリア,,
福井,2026/01/18 23:10:52,福井県,男,30代,,500万円以上 600万円未満,恋人,日帰り,福井県外には宿泊しない,,福井県内には宿泊しない,,,,,,,,,自家用車,1,0,0,0,0,0,0,自家用車,0,0,0,0,,,,11回目以上,11回目以上,友人・親戚を尋ねる,0,0,0,0,0,0,0,0,0,0,0,0,0,0,0,1,0,0,観光展・物産展,0,0,0,0,0,0,0,0,0,0,0,0,0,0,0,0,0,0,0,0,0,0,1,0,0,,,,"1,000円以上 3,000円未満",,"3,000円以上 5,000円未満",,"3,000円以上 5,000円未満","1,000円以上 3,000円未満",,,,,,,,,,5,5,,,,,,9,,,福井駅前 エリア,,選択なし/該当施設なし,,選択なし/該当施設なし,,000000,東尋坊,1993,33,,1月,01.福井駅前 エリア,,
福井,2026/01/18 23:09:59,福井県,男,30代,,500万円以上 600万円未満,恋人,日帰り,福井県外には宿泊しない,,福井県内には宿泊しない,,,,,,,,,自家用車,1,0,0,0,0,0,0,自家用車,0,0,0,0,,,,2～5回目,2～5回目,友人・親戚を尋ねる,0,0,0,0,0,0,0,0,0,0,0,0,0,0,0,1,0,0,観光展・物産展,0,0,0,0,0,0,0,0,0,0,0,0,0,0,0,0,0,0,0,0,0,0,1,0,0,,,,"1,000円以上 3,000円未満",,"3,000円以上 5,000円未満",,"3,000円以上 5,000円未満","1,000円以上 3,000円未満",,,,,,,,,,5,4,,,,,,9,,,越前松島水族館 エリア,,選択なし/該当施設なし,,選択なし/該当施設なし,,000000,東尋坊,1993,33,,1月,11.越前松島水族館 エリア,(一社)DMOさかい観光局,
福井,2026/01/18 23:08:56,福井県,男,30代,,500万円以上 600万円未満,恋人,日帰り,福井県外には宿泊しない,,福井県内には宿泊しない,,,,,,,,,自家用車,1,0,0,0,0,0,0,自家用車,0,0,0,0,3,,,6～10回目,6～10回目,地元の美味しいものを食べる買い物、アウトレットドライブ・ツーリング友人・親戚を尋ねる,0,0,1,0,0,0,1,0,0,0,0,0,0,0,1,1,0,0,観光展・物産展,0,0,0,0,0,0,0,0,0,0,0,0,0,0,0,0,0,0,0,0,0,0,1,0,0,,,,"1,000円以上 3,000円未満",,"3,000円以上 5,000円未満",,"1,000円以上 3,000円未満","1,000円以上 3,000円未満",,,,,,,,,,3,3,,,,,,6,,,道の駅みくに ふれあいパーク三里浜 エリア,,選択なし/該当施設なし,,選択なし/該当施設なし,,000000,東尋坊,1993,33,,1月,15.道の駅みくに ふれあいパーク三里浜 エリア,(一社)DMOさかい観光局,
福井,2026/01/18 23:04:08,福井県,女,60代,,100万円未満,自分ひとり,日帰り,福井県外には宿泊しない,,福井県内には宿泊しない,,,,,,,,,自家用車,1,0,0,0,0,0,0,自家用車,0,0,0,0,,,,2～5回目,2～5回目,買い物、アウトレット,0,0,0,0,0,0,1,0,0,0,0,0,0,0,0,0,0,0,観光展・物産展,0,0,0,0,0,0,0,0,0,0,0,0,0,0,0,0,0,0,0,0,0,0,1,0,0,,,,"1,000円以上 3,000円未満",,"1,000円以上 3,000円未満",,"1,000円以上 3,000円未満","1,000円以上 3,000円未満",,,,,,,,,,5,4,,,,,,7,どちらともいえない,,三国湊 エリア,,選択なし/該当施設なし,,選択なし/該当施設なし,,000000,web,1966,60,,1月,09.三国湊 エリア,(一社)DMOさかい観光局,
福井,2026/01/18 23:03:24,福井県,女,60代,,100万円未満,自分ひとり,日帰り,福井県外には宿泊しない,,福井県内には宿泊しない,,,,,,,,,自家用車,1,0,0,0,0,0,0,自家用車,0,0,0,0,,,,2～5回目,2～5回目,買い物、アウトレット,0,0,0,0,0,0,1,0,0,0,0,0,0,0,0,0,0,0,観光展・物産展,0,0,0,0,0,0,0,0,0,0,0,0,0,0,0,0,0,0,0,0,0,0,1,0,0,,,,"1,000円以上 3,000円未満",,"1,000円以上 3,000円未満",,"3,000円以上 5,000円未満","1,000円以上 3,000円未満",,,,,,,,,,4,3,,,,,,4,どちらともいえない,,道の駅みくに ふれあいパーク三里浜 エリア,,選択なし/該当施設なし,,選択なし/該当施設なし,,000000,web,1966,60,,1月,15.道の駅みくに ふれあいパーク三里浜 エリア,(一社)DMOさかい観光局,
福井,2026/01/18 23:02:30,福井県,女,60代,,100万円未満,自分ひとり,日帰り,福井県外には宿泊しない,,福井県内には宿泊しない,,,,,,,,,自家用車,1,0,0,0,0,0,0,自家用車,0,0,0,0,5,,,2～5回目,2～5回目,買い物、アウトレット,0,0,0,0,0,0,1,0,0,0,0,0,0,0,0,0,0,0,観光展・物産展,0,0,0,0,0,0,0,0,0,0,0,0,0,0,0,0,0,0,0,0,0,0,1,0,0,,,,"1,000円以上 3,000円未満",,"1,000円以上 3,000円未満",,"1,000円以上 3,000円未満","1,000円以上 3,000円未満",,,,,,,,,,4,4,,,,,,10,どちらともいえない,,越前松島水族館 エリア,,選択なし/該当施設なし,,選択なし/該当施設なし,,000000,web,1966,60,,1月,11.越前松島水族館 エリア,(一社)DMOさかい観光局,
福井,2026/01/18 23:01:08,福井県,女,60代,,100万円未満,自分ひとり,日帰り,福井県外には宿泊しない,,福井県内には宿泊しない,,,,,,,,,自家用車,1,0,0,0,0,0,0,自家用車,0,0,0,0,5,,,11回目以上,11回目以上,買い物、アウトレット,0,0,0,0,0,0,1,0,0,0,0,0,0,0,0,0,0,0,観光展・物産展,0,0,0,0,0,0,0,0,0,0,0,0,0,0,0,0,0,0,0,0,0,0,1,0,0,,,,"1,000円以上 3,000円未満",,"1,000円以上 3,000円未満",,"1,000円以上 3,000円未満","1,000円以上 3,000円未満",,,,,,,,,,5,5,,,,,,10,どちらともいえない,,福井駅前 エリア,,選択なし/該当施設なし,,選択なし/該当施設なし,,000000,web,1966,60,,1月,01.福井駅前 エリア,,
福井,2026/01/18 23:00:03,福井県,女,60代,,100万円未満,自分ひとり,日帰り,福井県外には宿泊しない,,福井県内には宿泊しない,,,,,,,,,自家用車,1,0,0,0,0,0,0,自家用車,0,0,0,0,5,,,11回目以上,11回目以上,買い物、アウトレット,0,0,0,0,0,0,1,0,0,0,0,0,0,0,0,0,0,0,観光展・物産展,0,0,0,0,0,0,0,0,0,0,0,0,0,0,0,0,0,0,0,0,0,0,1,0,0,,,,"1,000円以上 3,000円未満",,"1,000円以上 3,000円未満",,"1,000円以上 3,000円未満","1,000円以上 3,000円未満",,,,,,,,,,5,5,,,,,,8,どちらともいえない,,JR芦原温泉駅 エリア,,選択なし/該当施設なし,,選択なし/該当施設なし,,000000,web,1966,60,,1月,16.JR芦原温泉駅 エリア,,
福井,2026/01/18 20:52:18,福井県,女,20代,,分からない/無回答,その他家族,日帰り,福井県外には宿泊しない,,福井県内には宿泊しない,,,,,,,,,自家用車,1,0,0,0,0,0,0,自家用車,0,0,0,0,,,,11回目以上,11回目以上,温泉や露天風呂地元の美味しいものを食べる,0,1,1,0,0,0,0,0,0,0,0,0,0,0,0,0,0,0,観光パンフレット・ポスター,0,0,0,0,0,0,0,0,0,0,0,0,0,0,0,0,0,0,0,0,1,0,0,0,0,,,,"1,000円以上 3,000円未満",,使わない,,使わない,使わない,,,,,,,,,,5,5,,,,,,8,,,あわら湯のまち エリア,,選択なし/該当施設なし,,選択なし/該当施設なし,,000000,web,1997,29,,1月,17.あわら湯のまち エリア,,
福井,2026/01/18 19:46:08,福井県,男,60代,,500万円以上 600万円未満,夫婦2人,日帰り,京都府,,福井県内には宿泊しない,,,,,,,,,自家用車,1,0,0,0,0,0,0,自家用車,0,0,0,0,5,,,11回目以上,11回目以上,宿でのんびり過ごす温泉や露天風呂花見や紅葉などの自然鑑賞買い物、アウトレットまちあるき、都市散策,1,1,0,1,0,0,1,0,0,0,1,0,0,0,0,0,0,0,観光展・物産展,0,0,0,0,0,0,0,0,0,0,0,0,0,0,0,0,0,0,0,0,0,0,1,0,0,,,,"3,000円以上 5,000円未満",,"3,000円以上 5,000円未満",,"3,000円以上 5,000円未満","3,000円以上 5,000円未満",,,,,,,,,,5,5,,,,,,8,福井県在住,,越前そばの里 エリア,,選択なし/該当施設なし,,選択なし/該当施設なし,,000000,web,1965,61,,1月,37.越前そばの里 エリア,,
福井,2026/01/18 18:32:49,愛知県,男,50代,,100万円未満,恋人,1泊,福井県外には宿泊しない,,1泊,,,,,,,,,自家用車,1,0,0,0,0,0,0,自家用車,0,0,0,0,,,,初めて,初めて,温泉や露天風呂地元の美味しいものを食べる,0,1,1,0,0,0,0,0,0,0,0,0,0,0,0,0,0,0,友人・知人,0,0,0,0,0,0,0,0,0,0,0,0,0,0,0,0,0,0,1,0,0,0,0,0,0,,,,"10,000円以上 20,000円未満",,"20,000円以上 30,000円未満",,"1,000円以上 3,000円未満","10,000円以上 20,000円未満",,,,,,,,,,5,5,,,,,,10,,,越前そばの里 エリア,,選択なし/該当施設なし,,選択なし/該当施設なし,,000000,越前そばの里 エリア,1969,57,,1月,37.越前そばの里 エリア,,
福井,2026/01/18 18:18:07,東京都,女,30代,,"900万円以上 1,000万円未満",夫婦2人,2泊,福井県外には宿泊しない,,2泊,,,,,,,,,新幹線,0,0,1,0,0,0,0,タクシー,1,0,0,0,,,,初めて,初めて,テーマパーク（遊園地、動物園、博物館など）,0,0,0,0,0,1,0,0,0,0,0,0,0,0,0,0,0,0,観光展・物産展,0,0,0,0,0,0,0,0,0,0,0,0,0,0,0,0,0,0,0,0,0,0,1,0,0,,,,"30,000円以上 40,000円未満",,"50,000円以上 100,000円未満",,"30,000円以上 40,000円未満","20,000円以上 30,000円未満",,,,,,,,,,4,4,,,,,,5,,,福井駅前 エリア,,選択なし/該当施設なし,,選択なし/該当施設なし,,000000,かつやま恐竜の森 エリア,1996,30,,1月,01.福井駅前 エリア,,
福井,2026/01/18 17:21:06,東京都,男,30代,,700万円以上 800万円未満,夫婦2人,2泊,福井県外には宿泊しない,,2泊,,,,,,,,,新幹線,0,0,1,0,0,0,0,レンタカー,0,0,0,0,5,,,初めて,初めて,名所、旧跡の観光,0,0,0,0,1,0,0,0,0,0,0,0,0,0,0,0,0,0,インターネット・アプリ,0,0,0,0,0,0,0,0,0,0,1,0,0,0,0,0,0,0,0,0,0,0,0,0,0,,,,"20,000円以上 30,000円未満",,"30,000円以上 40,000円未満",,"1,000円未満","20,000円以上 30,000円未満",,,,,,,,,,4,4,,,,,,7,また行きたい（1年以内）,,福井駅前 エリア,,選択なし/該当施設なし,,選択なし/該当施設なし,,000000,大本山 永平寺 エリア,1995,31,,1月,01.福井駅前 エリア,,
福井,2026/01/18 17:01:27,神奈川県,男,30代,,700万円以上 800万円未満,自分ひとり,2泊,福井県外には宿泊しない,,2泊,,,,,,,,,新幹線,0,0,1,0,0,0,0,路線バス,0,1,0,0,5,永平寺ライナーを利用。直行で便利。本数も多く、行程に組み込むことができ効率よく回れた。,,初めて,初めて,宿でのんびり過ごす温泉や露天風呂地元の美味しいものを食べる名所、旧跡の観光,1,1,1,0,1,0,0,0,0,0,0,0,0,0,0,0,0,0,新聞・雑誌・ガイドブックインターネット・アプリ観光協会等の案内所,0,0,0,0,0,0,0,0,0,0,1,0,0,0,0,0,1,0,0,0,0,1,0,0,0,,,,"20,000円以上 30,000円未満",,"50,000円以上 100,000円未満",,"1,000円以上 3,000円未満","10,000円以上 20,000円未満",,,,,,,,,,5,3,,傘松閣が美しかった,,,,8,また行きたい（1年以内）,,大本山 永平寺 エリア,,選択なし/該当施設なし,,あわら温泉街,,000000,大本山 永平寺 エリア,1988,38,,1月,34.大本山 永平寺 エリア,,
福井,2026/01/18 16:32:56,滋賀県,女,50代,,分からない/無回答,夫婦2人,2泊,南砺市,,福井県内には宿泊しない,,,,,,,,,自家用車,1,0,0,0,0,0,0,自家用車,0,0,0,0,,,,初めて,初めて,まちあるき、都市散策その他,0,0,0,0,0,0,0,0,0,0,1,0,0,0,0,0,0,1,新聞・雑誌・ガイドブックインターネット・アプリ,0,0,0,0,0,0,0,0,0,0,1,0,0,0,0,0,1,0,0,0,0,0,0,0,0,,,,"10,000円以上 20,000円未満",,使わない,,"1,000円以上 3,000円未満","1,000円以上 3,000円未満",,,,,,,,,,3,3,,,,,,6,また行きたい（1年以内）,,一乗谷朝倉氏遺跡 エリア,,福井駅,,道の駅「南えちぜん山海里」,,000000,北陸新幹線 越前たけふ駅 エリア,1970,56,,1月,06.一乗谷朝倉氏遺跡 エリア,,
福井,2026/01/18 16:19:58,神奈川県,男,60代,,500万円以上 600万円未満,その他家族,2泊,兵庫県,,1泊,,,,,,,,,レンタカー新幹線,0,1,1,0,0,0,0,レンタカー,0,0,0,0,,,,初めて,初めて,地元の美味しいものを食べる名所、旧跡の観光,0,0,1,0,1,0,0,0,0,0,0,0,0,0,0,0,0,0,インターネット・アプリ,0,0,0,0,0,0,0,0,0,0,1,0,0,0,0,0,0,0,0,0,0,0,0,0,0,,,,"10,000円以上 20,000円未満",,"3,000円以上 5,000円未満",,"50,000円以上 100,000円未満","20,000円以上 30,000円未満",,,,,,,,,,5,5,,,,,,10,,,小浜市 阿納 エリア,,選択なし/該当施設なし,,選択なし/該当施設なし,,000000,小浜市 阿納 エリア,1961,65,,1月,67.小浜市 阿納 エリア,(株)まちづくり小浜,
福井,2026/01/18 16:12:46,石川県,女,40代,,300万円以上 400万円未満,自分ひとり,日帰り,日帰り,,福井県内には宿泊しない,,,,,,,,,自家用車,1,0,0,0,0,0,0,自家用車,0,0,0,0,,,,2～5回目,2～5回目,温泉や露天風呂花見や紅葉などの自然鑑賞名所、旧跡の観光買い物、アウトレット,0,1,0,1,1,0,1,0,0,0,0,0,0,0,0,0,0,0,インターネット・アプリ,0,0,0,0,0,0,0,0,0,0,1,0,0,0,0,0,0,0,0,0,0,0,0,0,0,,,,"1,000円以上 3,000円未満",,使わない,,"3,000円以上 5,000円未満","3,000円以上 5,000円未満",,,,,,,,,,4,4,,,,,,10,また行きたい（1年以内）,,越前海岸 北部 エリア,,越前水仙の里公園,,選択なし/該当施設なし,,000000,一乗谷朝倉氏遺跡 エリア,1977,49,,1月,07.越前海岸 北部 エリア,,北前船の館がとても貴重なもので、オススメしたい
福井,2026/01/18 15:41:53,福井県,女,10代,,500万円以上 600万円未満,親,日帰り,福井県外には宿泊しない,,福井県内には宿泊しない,,,,,,,,,県外から訪れていない（福井県在住）,0,0,0,0,0,0,1,自家用車,0,0,0,0,,,,11回目以上,11回目以上,花見や紅葉などの自然鑑賞,0,0,0,1,0,0,0,0,0,0,0,0,0,0,0,0,0,0,友人・知人,0,0,0,0,0,0,0,0,0,0,0,0,0,0,0,0,0,0,1,0,0,0,0,0,0,,,,"1,000円未満",,"1,000円未満",,"1,000円未満","1,000円未満",,,,,,,,,,5,4,,知らない植物や、通ったことのない道などの発見が楽しかった。,,,,7,福井県在住,,道の駅「パークイン丹生ヶ丘」 エリア,,選択なし/該当施設なし,,選択なし/該当施設なし,,000000,道の駅「パークイン丹生ヶ丘」 エリア,2008,18,,1月,50.道の駅「パークイン丹生ヶ丘」 エリア,一般社団法人 越前町観光連盟（DMO ECHIZEN）,長い池？川？にある細い桟橋渡るの楽しいよ
福井,2026/01/18 15:40:21,東京都,無回答,50代,,800万円以上 900万円未満,夫婦2人,3泊,愛知県,,2泊,,,,,,,,,自家用車,1,0,0,0,0,0,0,自家用車,0,0,0,0,,,,6～10回目,6～10回目,お祭りやイベントへの参加・見物,0,0,0,0,0,0,0,1,0,0,0,0,0,0,0,0,0,0,宿泊施設,0,0,0,0,0,0,0,0,0,0,0,0,0,1,0,0,0,0,0,0,0,0,0,0,0,,,,"10,000円以上 20,000円未満",,"10,000円以上 20,000円未満",,"10,000円以上 20,000円未満","20,000円以上 30,000円未満",,,,,,,,,,4,4,,,,,,8,機会があれば行きたい,,福井駅前 エリア（宿泊施設）,,選択なし/該当施設なし,,越前和紙の里,,000000,福井駅前 エリア（宿泊施設）,1974,52,,1月,02.福井駅前 エリア（宿泊施設）,,
福井,2026/01/18 15:38:50,東京都,男,30代,,700万円以上 800万円未満,夫婦2人,2泊,福井県外には宿泊しない,,2泊,,,,,,,,,新幹線,0,0,1,0,0,0,0,レンタカー,0,0,0,0,5,,,初めて,初めて,名所、旧跡の観光,0,0,0,0,1,0,0,0,0,0,0,0,0,0,0,0,0,0,インターネット・アプリ,0,0,0,0,0,0,0,0,0,0,1,0,0,0,0,0,0,0,0,0,0,0,0,0,0,,,,"20,000円以上 30,000円未満",,"30,000円以上 40,000円未満",,"1,000円以上 3,000円未満","20,000円以上 30,000円未満",,,,,,,,,,5,4,,,,,,9,また行きたい（1年以内）,,道の駅「南えちぜん山海里」 エリア,,選択なし/該当施設なし,,選択なし/該当施設なし,,000000,大本山 永平寺 エリア,1995,31,,1月,58.道の駅「南えちぜん山海里」 エリア,,
福井,2026/01/18 15:37:00,東京都,女,30代,,"900万円以上 1,000万円未満",夫婦2人,2泊,福井県外には宿泊しない,,2泊,,,,,,,,,新幹線,0,0,1,0,0,0,0,レンタカー,0,0,0,0,,,,初めて,初めて,テーマパーク（遊園地、動物園、博物館など）,0,0,0,0,0,1,0,0,0,0,0,0,0,0,0,0,0,0,観光展・物産展,0,0,0,0,0,0,0,0,0,0,0,0,0,0,0,0,0,0,0,0,0,0,1,0,0,,,,"30,000円以上 40,000円未満",,"50,000円以上 100,000円未満",,"20,000円以上 30,000円未満","20,000円以上 30,000円未満",,,,,,,,,,5,5,,,,,,9,,,道の駅「南えちぜん山海里」 エリア,,選択なし/該当施設なし,,選択なし/該当施設なし,,000000,かつやま恐竜の森 エリア,1996,30,,1月,58.道の駅「南えちぜん山海里」 エリア,,
福井,2026/01/18 15:36:37,福井県,男,50代,,"1,000万円以上 1,200万円未満",小学生以下連れの家族,日帰り,東海,,1泊,,,,,,,,,自家用車,1,0,0,0,0,0,0,自家用車,0,0,0,0,5,,,11回目以上,11回目以上,友人・親戚を尋ねる,0,0,0,0,0,0,0,0,0,0,0,0,0,0,0,1,0,0,観光展・物産展,0,0,0,0,0,0,0,0,0,0,0,0,0,0,0,0,0,0,0,0,0,0,1,0,0,,,,"1,000円未満",,"10,000円以上 20,000円未満",,"1,000円以上 3,000円未満","10,000円以上 20,000円未満",,,,,,,,,,5,4,,,,,,8,福井県在住,,花の駅 ゆりの里公園 エリア,,選択なし/該当施設なし,,選択なし/該当施設なし,,000000,花の駅 ゆりの里公園 エリア,1973,53,,1月,14.花の駅 ゆりの里公園 エリア,(一社)DMOさかい観光局,
福井,2026/01/18 15:35:35,兵庫県,女,50代,,分からない/無回答,夫婦2人,2泊,石川県金沢市,,福井県内には宿泊しない,,,,,,,,,自家用車,1,0,0,0,0,0,0,自家用車,0,0,0,0,,,,2～5回目,2～5回目,名所、旧跡の観光,0,0,0,0,1,0,0,0,0,0,0,0,0,0,0,0,0,0,インターネット・アプリ,0,0,0,0,0,0,0,0,0,0,1,0,0,0,0,0,0,0,0,0,0,0,0,0,0,,,,"20,000円以上 30,000円未満",,"10,000円以上 20,000円未満",,"3,000円以上 5,000円未満","10,000円以上 20,000円未満",,,,,,,,,,4,4,,,,,,7,,,日本海さかな街 エリア,,氣比神宮,,選択なし/該当施設なし,,000000,web,1975,51,,1月,61.日本海さかな街 エリア,,
福井,2026/01/18 15:35:14,兵庫県,男,50代,,分からない/無回答,夫婦2人,2泊,石川　岐阜,,福井県内には宿泊しない,,,,,,,,,自家用車,1,0,0,0,0,0,0,自家用車,0,0,0,0,4,,,2～5回目,2～5回目,名所、旧跡の観光,0,0,0,0,1,0,0,0,0,0,0,0,0,0,0,0,0,0,インターネット・アプリ,0,0,0,0,0,0,0,0,0,0,1,0,0,0,0,0,0,0,0,0,0,0,0,0,0,,,,"10,000円以上 20,000円未満",,使わない,,"3,000円以上 5,000円未満","3,000円以上 5,000円未満",,,,,,,,,,4,4,,,,,,7,また行きたい（1年以内）,,日本海さかな街 エリア,,氣比神宮,,選択なし/該当施設なし,,000000,web,1974,52,,1月,61.日本海さかな街 エリア,,
福井,2026/01/18 15:18:42,福井県,女,50代,,800万円以上 900万円未満,その他家族,日帰り,福井県外には宿泊しない,,福井県内には宿泊しない,,,,,,,,,自家用車,1,0,0,0,0,0,0,自家用車,0,0,0,0,,,,6～10回目,6～10回目,まちあるき、都市散策,0,0,0,0,0,0,0,0,0,0,1,0,0,0,0,0,0,0,TV・ラジオ番組やCM,0,0,0,0,0,0,0,0,0,0,0,0,0,0,1,0,0,0,0,0,0,0,0,0,0,,,,"1,000円以上 3,000円未満",,"3,000円以上 5,000円未満",,"1,000円以上 3,000円未満","3,000円以上 5,000円未満",,,,,,,,,,4,4,,色々ある,,,,8,福井県在住,,JR美浜駅 エリア,,選択なし/該当施設なし,,選択なし/該当施設なし,,000000,web,1969,57,,1月,79.JR美浜駅 エリア,三方五湖DMO(株),ソフト
福井,2026/01/18 15:08:47,大阪府,女,50代,,700万円以上 800万円未満,夫婦2人,1泊,福井県外には宿泊しない,,1泊,,,,,,,,,新幹線在来線,0,0,1,1,0,0,0,在来線徒歩,0,0,1,0,3,福井駅に訪れたときに徒歩圏内にあるので特に問題はなかった,,初めて,初めて,温泉や露天風呂テーマパーク（遊園地、動物園、博物館など）友人・親戚を尋ねる,0,1,0,0,0,1,0,0,0,0,0,0,0,0,0,1,0,0,インターネット・アプリ宿泊施設,0,0,0,0,0,0,0,0,0,0,1,0,0,1,0,0,0,0,0,0,0,0,0,0,0,,,,"5,000円以上 10,000円未満",,"30,000円以上 40,000円未満",,使わない,"5,000円以上 10,000円未満",,,,,,,,,,5,5,,再建されていても当時の雰囲気を感じれるようなゆったりした空間と建具でした。,,,,10,機会があれば行きたい,,名勝 養浩館庭園 エリア,,北の庄城址・柴田公園,,福井県立恐竜博物館,,000000,名勝 養浩館庭園 エリア,1974,52,,1月,04.名勝 養浩館庭園 エリア,,家族の日ということで無料で拝観できたし、ボランティアの方も丁寧に説明してくれて満足度が高かったので。
福井,2026/01/18 14:47:40,山梨県,男,40代,,400万円以上 500万円未満,友人,2泊,福井県外には宿泊しない,,2泊,,,,,,,,,自家用車,1,0,0,0,0,0,0,自家用車,0,0,0,0,,,,2～5回目,2～5回目,温泉や露天風呂地元の美味しいものを食べる名所、旧跡の観光まちあるき、都市散策,0,1,1,0,1,0,0,0,0,0,1,0,0,0,0,0,0,0,インターネット・アプリInstagramブログその他,0,0,0,1,0,0,0,0,1,0,1,0,0,0,0,0,0,0,0,0,0,0,0,0,0,,,,"10,000円以上 20,000円未満",,"20,000円以上 30,000円未満",,"5,000円以上 10,000円未満","20,000円以上 30,000円未満",,,,,,,,,,4,4,,旅行に来ている感じが感じられて良かったです。ちょっと閉店店舗も目立つので、リノベーションしたり、一層解体して公園のような使い方ができる空間にしたりと、何が手を加えるとより素敵な場所になるかなと思いました。,,,,8,機会があれば行きたい,,東尋坊 エリア,,大本山永平寺,,あわら温泉街,,000000,東尋坊 エリア,1984,42,,1月,10.東尋坊 エリア,(一社)DMOさかい観光局,料理が美味しいです。また恐竜を前面に押し出しているので、男の子のいる家庭などには勧めやすいと思います。また、カニについては高価格帯でブランディング画されていると考えれば、私のような40代以外はちょっと手が出しづらいですが、親世代の60、70代なら喜ぶと思うので親にも勧めたいと思いました。
福井,2026/01/18 14:47:17,福井県,女,70代,,400万円以上 500万円未満,夫婦2人,日帰り,福井県外には宿泊しない,,福井県内には宿泊しない,,,,,,,,,県外から訪れていない（福井県在住）,0,0,0,0,0,0,1,自家用車,0,0,0,0,,,,6～10回目,6～10回目,温泉や露天風呂,0,1,0,0,0,0,0,0,0,0,0,0,0,0,0,0,0,0,インターネット・アプリ,0,0,0,0,0,0,0,0,0,0,1,0,0,0,0,0,0,0,0,0,0,0,0,0,0,,,,"1,000円未満",,"3,000円以上 5,000円未満",,"1,000円以上 3,000円未満","3,000円以上 5,000円未満",,,,,,,,,,3,4,,にぎわいが少ない,,,,6,また行きたい（1年以内）,,あわら湯のまち エリア,,越前海岸,,選択なし/該当施設なし,,000000,web,1955,71,,1月,17.あわら湯のまち エリア,,
福井,2026/01/18 14:14:33,福井県,女,70代,,100万円以上 200万円未満,友人,日帰り,福井県外には宿泊しない,,福井県内には宿泊しない,,,,,,,,,自家用車,1,0,0,0,0,0,0,自家用車,0,0,0,0,,,,2～5回目,2～5回目,地元の美味しいものを食べるお祭りやイベントへの参加・見物,0,0,1,0,0,0,0,1,0,0,0,0,0,0,0,0,0,0,観光展・物産展新聞・雑誌・ガイドブック,0,0,0,0,0,0,0,0,0,0,0,0,0,0,0,0,1,0,0,0,0,0,1,0,0,,,,使わない,,使わない,,"5,000円以上 10,000円未満","5,000円以上 10,000円未満",,,,,,,,,,4,4,,,,,,7,,,越前海岸 高佐米ノ旅館街 エリア,,選択なし/該当施設なし,,選択なし/該当施設なし,,000000,越前海岸 高佐米ノ旅館街 エリア,1949,77,,1月,56.越前海岸 高佐米ノ旅館街 エリア,一般社団法人 越前町観光連盟（DMO ECHIZEN）,
福井,2026/01/18 14:10:45,福井県,男,70代,,300万円以上 400万円未満,夫婦2人,日帰り,福井県外には宿泊しない,,福井県内には宿泊しない,,,,,,,,,県外から訪れていない（福井県在住）,0,0,0,0,0,0,1,自家用車,0,0,0,0,4,,,2～5回目,2～5回目,地元の美味しいものを食べる名所、旧跡の観光,0,0,1,0,1,0,0,0,0,0,0,0,0,0,0,0,0,0,インターネット・アプリ,0,0,0,0,0,0,0,0,0,0,1,0,0,0,0,0,0,0,0,0,0,0,0,0,0,,,,"5,000円以上 10,000円未満",,"10,000円以上 20,000円未満",,"1,000円以上 3,000円未満","5,000円以上 10,000円未満",,,,,,,,,,3,3,,,,,,6,,,かずら橋 エリア,,選択なし/該当施設なし,,選択なし/該当施設なし,,000000,JR美浜駅 エリア,1954,72,,1月,48.かずら橋 エリア,（一財）いけだ農村観光公社,
福井,2026/01/18 14:04:40,富山県,男,50代,,800万円以上 900万円未満,夫婦2人,1泊,福井県外には宿泊しない,,1泊,,,,,,,,,自家用車,1,0,0,0,0,0,0,自家用車,0,0,0,0,,,,初めて,初めて,温泉や露天風呂地元の美味しいものを食べる,0,1,1,0,0,0,0,0,0,0,0,0,0,0,0,0,0,0,新聞・雑誌・ガイドブック,0,0,0,0,0,0,0,0,0,0,0,0,0,0,0,0,1,0,0,0,0,0,0,0,0,,,,"10,000円以上 20,000円未満",,"10,000円以上 20,000円未満",,"3,000円以上 5,000円未満","10,000円以上 20,000円未満",,,,,,,,,,4,4,,,,,,8,機会があれば行きたい,,えちぜん鉄道 松岡駅 エリア,,大本山永平寺,,一乗谷朝倉氏遺跡,,000000,えちぜん鉄道 松岡駅 エリア,1972,54,,1月,33.えちぜん鉄道 松岡駅 エリア,,両親蕎麦と由緒ある寺社
福井,2026/01/18 14:04:39,富山県,女,50代,,800万円以上 900万円未満,夫婦2人,1泊,石川県加賀市,,福井県内には宿泊しない,,,,,,,,,自家用車,1,0,0,0,0,0,0,自家用車,0,0,0,0,,,,初めて,初めて,地元の美味しいものを食べる名所、旧跡の観光まちあるき、都市散策,0,0,1,0,1,0,0,0,0,0,1,0,0,0,0,0,0,0,新聞・雑誌・ガイドブックインターネット・アプリ,0,0,0,0,0,0,0,0,0,0,1,0,0,0,0,0,1,0,0,0,0,0,0,0,0,,,,"5,000円以上 10,000円未満",,"10,000円以上 20,000円未満",,"3,000円以上 5,000円未満","3,000円以上 5,000円未満",,,,,,,,,,4,4,,,,,,8,また行きたい（1年以内）,,えちぜん鉄道 松岡駅 エリア,,大本山永平寺,,選択なし/該当施設なし,,000000,えちぜん鉄道 松岡駅 エリア,1967,59,,1月,33.えちぜん鉄道 松岡駅 エリア,,
福井,2026/01/18 13:44:25,福井県,男,50代,,600万円以上 700万円未満,自分ひとり,日帰り,福井県外には宿泊しない,,福井県内には宿泊しない,,,,,,,,,県外から訪れていない（福井県在住）,0,0,0,0,0,0,1,自家用車,0,0,0,0,,,,11回目以上,11回目以上,地元の美味しいものを食べる,0,0,1,0,0,0,0,0,0,0,0,0,0,0,0,0,0,0,観光パンフレット・ポスター,0,0,0,0,0,0,0,0,0,0,0,0,0,0,0,0,0,0,0,0,1,0,0,0,0,,,,"1,000円未満",,使わない,,"1,000円以上 3,000円未満","1,000円以上 3,000円未満",,,,,,,,,,4,4,,,,,,7,,,道の駅「越前」 エリア,,選択なし/該当施設なし,,選択なし/該当施設なし,,000000,道の駅「若狭おばま」,1968,58,,1月,49.道の駅「越前」 エリア,一般社団法人 越前町観光連盟（DMO ECHIZEN）,
福井,2026/01/18 13:23:34,富山県,女,60代,,100万円以上 200万円未満,その他家族,1泊,福井県外には宿泊しない,,1泊,,,,,,,,,自家用車,1,0,0,0,0,0,0,自家用車,0,0,0,0,,,,初めて,初めて,宿でのんびり過ごす,1,0,0,0,0,0,0,0,0,0,0,0,0,0,0,0,0,0,友人・知人,0,0,0,0,0,0,0,0,0,0,0,0,0,0,0,0,0,0,1,0,0,0,0,0,0,,,,"3,000円以上 5,000円未満",,"10,000円以上 20,000円未満",,"1,000円以上 3,000円未満","5,000円以上 10,000円未満",,,,,,,,,,5,5,,,,,,10,また行きたい（1年以内）,,越前そばの里 エリア,,日本海さかな街,,選択なし/該当施設なし,,000000,あわら湯のまち エリア,1961,65,,1月,37.越前そばの里 エリア,,
福井,2026/01/18 13:20:45,富山県,男,30代,,500万円以上 600万円未満,親,1泊,福井県外には宿泊しない,,1泊,,,,,,,,,自家用車,1,0,0,0,0,0,0,自家用車,0,0,0,0,,,,初めて,初めて,地元の美味しいものを食べるアウトドア（海水浴、釣り、登山など）,0,0,1,0,0,0,0,0,0,1,0,0,0,0,0,0,0,0,インターネット・アプリ友人・知人,0,0,0,0,0,0,0,0,0,0,1,0,0,0,0,0,0,0,1,0,0,0,0,0,0,,,,"5,000円以上 10,000円未満",,"5,000円以上 10,000円未満",,"3,000円以上 5,000円未満","5,000円以上 10,000円未満",,,,,,,,,,4,4,,,,,,7,機会があれば行きたい,,越前そばの里 エリア,,越前がにミュージアム,,日本海さかな街,,000000,越前そばの里 エリア,1996,30,,1月,37.越前そばの里 エリア,,
福井,2026/01/18 13:19:34,福井県,男,50代,,100万円以上 200万円未満,夫婦2人,日帰り,福井県外には宿泊しない,,福井県内には宿泊しない,,,,,,,,,自家用車,1,0,0,0,0,0,0,自家用車,0,0,0,0,,,,2～5回目,2～5回目,名所、旧跡の観光,0,0,0,0,1,0,0,0,0,0,0,0,0,0,0,0,0,0,インターネット・アプリ,0,0,0,0,0,0,0,0,0,0,1,0,0,0,0,0,0,0,0,0,0,0,0,0,0,,,,使わない,,使わない,,"1,000円以上 3,000円未満","1,000円以上 3,000円未満",,,,,,,,,,4,4,,,,,,8,,,大本山 永平寺 エリア,,選択なし/該当施設なし,,選択なし/該当施設なし,,000000,大本山 永平寺 エリア,1968,58,,1月,34.大本山 永平寺 エリア,,
福井,2026/01/18 13:07:00,東京都,男,30代,,700万円以上 800万円未満,夫婦2人,2泊,福井県外には宿泊しない,,2泊,,,,,,,,,新幹線,0,0,1,0,0,0,0,レンタカー,0,0,0,0,,,,初めて,初めて,名所、旧跡の観光,0,0,0,0,1,0,0,0,0,0,0,0,0,0,0,0,0,0,インターネット・アプリ,0,0,0,0,0,0,0,0,0,0,1,0,0,0,0,0,0,0,0,0,0,0,0,0,0,,,,"20,000円以上 30,000円未満",,"30,000円以上 40,000円未満",,"3,000円以上 5,000円未満","20,000円以上 30,000円未満",,,,,,,,,,5,5,,,,,,9,また行きたい（1年以内）,,湖上館パムコ（水月湖）エリア,,選択なし/該当施設なし,,選択なし/該当施設なし,,000000,大本山 永平寺 エリア,1995,31,,1月,82.湖上館パムコ（水月湖） エリア,三方五湖DMO(株),
福井,2026/01/18 13:04:37,福井県,女,60代,,100万円以上 200万円未満,夫婦2人,日帰り,福井県外には宿泊しない,,福井県内には宿泊しない,,,,,,,,,自家用車,1,0,0,0,0,0,0,自家用車,0,0,0,0,5,,,11回目以上,11回目以上,買い物、アウトレット,0,0,0,0,0,0,1,0,0,0,0,0,0,0,0,0,0,0,その他,0,0,0,0,0,0,0,0,0,0,0,0,0,0,0,0,0,0,0,0,0,0,0,0,1,,,,"10,000円以上 20,000円未満",,"5,000円以上 10,000円未満",,"5,000円以上 10,000円未満","5,000円以上 10,000円未満",,,,,,,,,,4,5,,,,,,8,機会があれば行きたい,,越前そばの里 エリア,,越前打刃物会館,,選択なし/該当施設なし,,000000,web,1959,67,,1月,37.越前そばの里 エリア,,
福井,2026/01/18 13:02:59,東京都,女,30代,,"900万円以上 1,000万円未満",夫婦2人,2泊,福井県外には宿泊しない,,2泊,,,,,,,,,新幹線,0,0,1,0,0,0,0,レンタカー,0,0,0,0,,,,初めて,初めて,テーマパーク（遊園地、動物園、博物館など）,0,0,0,0,0,1,0,0,0,0,0,0,0,0,0,0,0,0,観光展・物産展,0,0,0,0,0,0,0,0,0,0,0,0,0,0,0,0,0,0,0,0,0,0,1,0,0,,,,"30,000円以上 40,000円未満",,"50,000円以上 100,000円未満",,"3,000円以上 5,000円未満","20,000円以上 30,000円未満",,,,,,,,,,5,4,,,,,,8,,,湖上館パムコ（水月湖）エリア,,選択なし/該当施設なし,,選択なし/該当施設なし,,000000,かつやま恐竜の森 エリア,1996,30,,1月,82.湖上館パムコ（水月湖） エリア,三方五湖DMO(株),
福井,2026/01/18 12:57:53,福井県,女,50代,,"1,000万円以上 1,200万円未満",夫婦2人,1泊,石川県加賀市,,福井県内には宿泊しない,,,,,,,,,自家用車,1,0,0,0,0,0,0,自家用車,0,0,0,0,,,,初めて,初めて,宿でのんびり過ごす温泉や露天風呂地元の美味しいものを食べる名所、旧跡の観光,1,1,1,0,1,0,0,0,0,0,0,0,0,0,0,0,0,0,インターネット・アプリ,0,0,0,0,0,0,0,0,0,0,1,0,0,0,0,0,0,0,0,0,0,0,0,0,0,,,,"5,000円以上 10,000円未満",,"5,000円以上 10,000円未満",,"3,000円以上 5,000円未満","5,000円以上 10,000円未満",,,,,,,,,,5,5,,,,,,10,福井県在住,,竹田エリア,,選択なし/該当施設なし,,選択なし/該当施設なし,,000000,web,1973,53,,1月,91.竹田エリア,(一社)DMOさかい観光局,
福井,2026/01/18 12:57:24,福井県,女,60代,,600万円以上 700万円未満,夫婦2人,日帰り,福井県外には宿泊しない,,福井県内には宿泊しない,,,,,,,,,自家用車,1,0,0,0,0,0,0,自家用車,0,0,0,0,,,,11回目以上,11回目以上,地元の美味しいものを食べる,0,0,1,0,0,0,0,0,0,0,0,0,0,0,0,0,0,0,TV・ラジオ番組やCM友人・知人,0,0,0,0,0,0,0,0,0,0,0,0,0,0,1,0,0,0,1,0,0,0,0,0,0,,,,"1,000円未満",,使わない,,"3,000円以上 5,000円未満","3,000円以上 5,000円未満",,,,,,,,,,5,5,,美味しくて親切で楽しい,,,,10,福井県在住,,越前そばの里 エリア,,選択なし/該当施設なし,,選択なし/該当施設なし,,000000,越前そばの里 エリア,1963,63,,1月,37.越前そばの里 エリア,,
福井,2026/01/18 12:19:38,三重県,女,40代,,200万円以上 300万円未満,夫婦2人,1泊,福井県外には宿泊しない,,1泊,,,,,,,,,自家用車,1,0,0,0,0,0,0,自家用車,0,0,0,0,,,,2～5回目,2～5回目,その他,0,0,0,0,0,0,0,0,0,0,0,0,0,0,0,0,0,1,その他,0,0,0,0,0,0,0,0,0,0,0,0,0,0,0,0,0,0,0,0,0,0,0,0,1,,,,"10,000円以上 20,000円未満",,"40,000円以上 50,000円未満",,"1,000円未満","30,000円以上 40,000円未満",,,,,,,,,,4,5,,,,,,5,また行きたい（1年以内）,,うみんぴあ大飯 エリア,,選択なし/該当施設なし,,選択なし/該当施設なし,,000000,JR美浜駅 エリア,1982,44,,1月,84.うみんぴあ大飯 エリア,,
福井,2026/01/18 12:05:56,東京都,女,30代,,"900万円以上 1,000万円未満",夫婦2人,2泊,福井県外には宿泊しない,,2泊,,,,,,,,,新幹線,0,0,1,0,0,0,0,レンタカー,0,0,0,0,,,,初めて,初めて,テーマパーク（遊園地、動物園、博物館など）,0,0,0,0,0,1,0,0,0,0,0,0,0,0,0,0,0,0,観光展・物産展,0,0,0,0,0,0,0,0,0,0,0,0,0,0,0,0,0,0,0,0,0,0,1,0,0,,,,"30,000円以上 40,000円未満",,"50,000円以上 100,000円未満",,"1,000円未満","20,000円以上 30,000円未満",,,,,,,,,,4,4,,,,,,6,,,道の駅「若狭おばま」 エリア,,選択なし/該当施設なし,,選択なし/該当施設なし,,000000,かつやま恐竜の森 エリア,1996,30,,1月,68.道の駅「若狭おばま」 エリア,(株)まちづくり小浜,
福井,2026/01/18 12:05:41,東京都,男,30代,,700万円以上 800万円未満,夫婦2人,2泊,福井県外には宿泊しない,,2泊,,,,,,,,,新幹線,0,0,1,0,0,0,0,レンタカー,0,0,0,0,5,,,初めて,初めて,名所、旧跡の観光,0,0,0,0,1,0,0,0,0,0,0,0,0,0,0,0,0,0,インターネット・アプリ,0,0,0,0,0,0,0,0,0,0,1,0,0,0,0,0,0,0,0,0,0,0,0,0,0,,,,"20,000円以上 30,000円未満",,"30,000円以上 40,000円未満",,"1,000円未満","20,000円以上 30,000円未満",,,,,,,,,,5,5,,,,,,9,また行きたい（1年以内）,,道の駅「若狭おばま」 エリア,,選択なし/該当施設なし,,選択なし/該当施設なし,,000000,大本山 永平寺 エリア,1995,31,,1月,68.道の駅「若狭おばま」 エリア,(株)まちづくり小浜,
福井,2026/01/18 12:05:40,福井県,無回答,50代,,300万円以上 400万円未満,夫婦2人,日帰り,自宅,,福井県内には宿泊しない,,,,,,,,,自家用車,1,0,0,0,0,0,0,自家用車,0,0,0,0,3,,,11回目以上,11回目以上,買い物、アウトレット,0,0,0,0,0,0,1,0,0,0,0,0,0,0,0,0,0,0,インターネット・アプリ,0,0,0,0,0,0,0,0,0,0,1,0,0,0,0,0,0,0,0,0,0,0,0,0,0,,,,使わない,,使わない,,"1,000円以上 3,000円未満","3,000円以上 5,000円未満",,,,,,,,,,4,4,,,,,,7,福井県在住,,越前そばの里 エリア,,選択なし/該当施設なし,,選択なし/該当施設なし,,000000,web,1973,53,,1月,37.越前そばの里 エリア,,
福井,2026/01/18 11:52:44,岐阜県,男,70代,,"900万円以上 1,000万円未満",夫婦2人,1泊,福井県外には宿泊しない,,1泊,,,,,,,,,自家用車,1,0,0,0,0,0,0,自家用車,0,0,0,0,4,,,2～5回目,2～5回目,宿でのんびり過ごす温泉や露天風呂地元の美味しいものを食べる名所、旧跡の観光,1,1,1,0,1,0,0,0,0,0,0,0,0,0,0,0,0,0,観光パンフレット・ポスター,0,0,0,0,0,0,0,0,0,0,0,0,0,0,0,0,0,0,0,0,1,0,0,0,0,,,,"10,000円以上 20,000円未満",,"40,000円以上 50,000円未満",,"5,000円以上 10,000円未満","10,000円以上 20,000円未満",,,,,,,,,,4,4,,,,,,9,機会があれば行きたい,,東尋坊 エリア,,大本山永平寺,,三國湊レトロ,,000000,東尋坊 エリア,1955,71,,1月,10.東尋坊 エリア,(一社)DMOさかい観光局,
福井,2026/01/18 11:52:28,福井県,女,50代,,"1,200万円以上 1,500万円未満",夫婦2人,日帰り,福井県外には宿泊しない,,福井県内には宿泊しない,,,,,,,,,自家用車,1,0,0,0,0,0,0,自家用車,0,0,0,0,5,,,6～10回目,6～10回目,温泉や露天風呂地元の美味しいものを食べるまちあるき、都市散策ドライブ・ツーリング,0,1,1,0,0,0,0,0,0,0,1,0,0,0,1,0,0,0,観光展・物産展新聞・雑誌・ガイドブック観光パンフレット・ポスターインターネット・アプリブログ,0,0,0,0,0,0,0,0,1,0,1,0,0,0,0,0,1,0,0,0,1,0,1,0,0,,,,"1,000円以上 3,000円未満",,"5,000円以上 10,000円未満",,"1,000円未満","1,000円以上 3,000円未満",,,,,,,,,,4,4,,無料なのがびっくりです。施設もきれいでした。,,,,9,福井県在住,,あわら湯のまち エリア,,北潟湖畔公園・サイクリングパーク,,三国サンセットビーチ,,000000,道の駅「西山公園」 エリア,1972,54,,1月,17.あわら湯のまち エリア,,
福井,2026/01/18 11:48:25,愛知県,女,50代,,600万円以上 700万円未満,友人,日帰り,その他,,福井県内には宿泊しない,,,,,,,,,自家用車,1,0,0,0,0,0,0,自家用車,0,0,0,0,,,,初めて,初めて,買い物、アウトレット,0,0,0,0,0,0,1,0,0,0,0,0,0,0,0,0,0,0,観光展・物産展,0,0,0,0,0,0,0,0,0,0,0,0,0,0,0,0,0,0,0,0,0,0,1,0,0,,,,"3,000円以上 5,000円未満",,使わない,,"3,000円以上 5,000円未満","5,000円以上 10,000円未満",,,,,,,,,,4,5,,,,,,9,また行きたい（1年以内）,,JR美浜駅 エリア,,選択なし/該当施設なし,,選択なし/該当施設なし,,000000,JR美浜駅 エリア,1968,58,,1月,79.JR美浜駅 エリア,三方五湖DMO(株),
福井,2026/01/18 11:45:35,東京都,男,20代,,分からない/無回答,自分ひとり,4泊以上,京都府,,1泊,,,,,,,,,在来線飛行機,0,0,0,1,1,0,0,路線バス,0,1,0,0,3,,,初めて,初めて,地元の美味しいものを食べる花見や紅葉などの自然鑑賞名所、旧跡の観光テーマパーク（遊園地、動物園、博物館など）まちあるき、都市散策,0,0,1,1,1,1,0,0,0,0,1,0,0,0,0,0,0,0,友人・知人,0,0,0,0,0,0,0,0,0,0,0,0,0,0,0,0,0,0,1,0,0,0,0,0,0,,,,"20,000円以上 30,000円未満",,"5,000円以上 10,000円未満",,"1,000円未満","5,000円以上 10,000円未満",,,,,,,,,,4,4,,,,,,7,機会があれば行きたい,,大本山 永平寺 エリア,,大本山永平寺,,選択なし/該当施設なし,,000000,大本山 永平寺 エリア,2003,23,,1月,34.大本山 永平寺 エリア,,
福井,2026/01/18 11:40:39,三重県,女,40代,,200万円以上 300万円未満,夫婦2人,1泊,福井県外には宿泊しない,,1泊,,,,,,,,,自家用車,1,0,0,0,0,0,0,自家用車,0,0,0,0,,,,2～5回目,2～5回目,その他,0,0,0,0,0,0,0,0,0,0,0,0,0,0,0,0,0,1,その他,0,0,0,0,0,0,0,0,0,0,0,0,0,0,0,0,0,0,0,0,0,0,0,0,1,,,,"10,000円以上 20,000円未満",,"40,000円以上 50,000円未満",,"3,000円以上 5,000円未満","30,000円以上 40,000円未満",,,,,,,,,,5,5,,,,,,10,また行きたい（1年以内）,,道の駅「若狭おばま」 エリア,,道の駅「三方五湖」,,選択なし/該当施設なし,,000000,JR美浜駅 エリア,1982,44,,1月,68.道の駅「若狭おばま」 エリア,(株)まちづくり小浜,
福井,2026/01/18 11:33:59,岡山県,男,60代,,300万円以上 400万円未満,夫婦2人,1泊,福井県外には宿泊しない,,1泊,,,,,,,,,新幹線在来線,0,0,1,1,0,0,0,路線バス,0,1,0,0,4,現地まで直通バスを利用したため利便性が良かった。,,初めて,初めて,宿でのんびり過ごす温泉や露天風呂,1,1,0,0,0,0,0,0,0,0,0,0,0,0,0,0,0,0,新聞・雑誌・ガイドブック観光連盟やDMOのHP観光協会等の案内所,0,0,0,0,0,0,0,0,0,0,0,0,0,0,0,0,1,0,0,0,0,1,0,1,0,,,,"20,000円以上 30,000円未満",,"20,000円以上 30,000円未満",,"1,000円以上 3,000円未満","10,000円以上 20,000円未満",,,,,,,,,,4,4,,,,,,9,機会があれば行きたい,,大本山 永平寺 エリア,,福井駅,,福井駅,,000000,web,1958,68,,1月,34.大本山 永平寺 エリア,,
福井,2026/01/18 11:33:23,福井県,男,50代,,"1,200万円以上 1,500万円未満",小学生以下連れの家族,日帰り,福井県外には宿泊しない,,福井県内には宿泊しない,,,,,,,,,県外から訪れていない（福井県在住）,0,0,0,0,0,0,1,自家用車,0,0,0,0,,,,11回目以上,11回目以上,買い物、アウトレット,0,0,0,0,0,0,1,0,0,0,0,0,0,0,0,0,0,0,新聞・雑誌・ガイドブックTV・ラジオ番組やCMインターネット・アプリ,0,0,0,0,0,0,0,0,0,0,1,0,0,0,1,0,1,0,0,0,0,0,0,0,0,,,,使わない,,"3,000円以上 5,000円未満",,"3,000円以上 5,000円未満",使わない,,,,,,,,,,4,4,,,,,,6,福井県在住,,越前そばの里 エリア,,選択なし/該当施設なし,,道の駅「南えちぜん山海里」,,000000,越前そばの里 エリア,1972,54,,1月,37.越前そばの里 エリア,,
福井,2026/01/18 11:31:08,福井県,女,30代,,300万円以上 400万円未満,小学生以下連れの家族,日帰り,福井県外には宿泊しない,,福井県内には宿泊しない,,,,,,,,,県外から訪れていない（福井県在住）,0,0,0,0,0,0,1,自家用車,0,0,0,0,,,,2～5回目,2～5回目,お祭りやイベントへの参加・見物,0,0,0,0,0,0,0,1,0,0,0,0,0,0,0,0,0,0,インターネット・アプリ,0,0,0,0,0,0,0,0,0,0,1,0,0,0,0,0,0,0,0,0,0,0,0,0,0,,,,"1,000円以上 3,000円未満",,使わない,,"1,000円以上 3,000円未満","3,000円以上 5,000円未満",,,,,,,,,,4,4,,,,,,8,福井県在住,,JR芦原温泉駅 エリア,,選択なし/該当施設なし,,選択なし/該当施設なし,,000000,かつやま恐竜の森 エリア,1993,33,,1月,16.JR芦原温泉駅 エリア,,
福井,2026/01/18 11:27:45,愛知県,女,20代,,"1,000万円以上 1,200万円未満",親,日帰り,福井県外には宿泊しない,,福井県内には宿泊しない,,,,,,,,,自家用車,1,0,0,0,0,0,0,自家用車,0,0,0,0,,,,初めて,初めて,地元の美味しいものを食べる名所、旧跡の観光,0,0,1,0,1,0,0,0,0,0,0,0,0,0,0,0,0,0,TwitterInstagram,0,0,0,1,0,1,0,0,0,0,0,0,0,0,0,0,0,0,0,0,0,0,0,0,0,,,,"5,000円以上 10,000円未満",,使わない,,"5,000円以上 10,000円未満","5,000円以上 10,000円未満",,,,,,,,,,4,5,,歴史を感じる建物ですが、すごく綺麗でした。,,,,9,また行きたい（1年以内）,,金ヶ崎 エリア,,選択なし/該当施設なし,,敦賀赤レンガ倉庫,,000000,金ヶ崎 エリア,2000,26,,1月,64.金ヶ崎 エリア,,蟹料理が美味しかったので、薦めたいです。
福井,2026/01/18 11:21:55,東京都,女,60代,,700万円以上 800万円未満,その他家族,1泊,福井県外には宿泊しない,,1泊,,,,,,,,,自家用車,1,0,0,0,0,0,0,自家用車,0,0,0,0,,,,2～5回目,2～5回目,温泉や露天風呂地元の美味しいものを食べる,0,1,1,0,0,0,0,0,0,0,0,0,0,0,0,0,0,0,友人・知人,0,0,0,0,0,0,0,0,0,0,0,0,0,0,0,0,0,0,1,0,0,0,0,0,0,,,,"1,000円以上 3,000円未満",,"10,000円以上 20,000円未満",,"3,000円以上 5,000円未満","5,000円以上 10,000円未満",,,,,,,,,,4,4,,,,,,3,機会があれば行きたい,,越前海岸 高佐米ノ旅館街 エリア,,越前水仙の里公園,,選択なし/該当施設なし,,000000,越前海岸 高佐米ノ旅館街 エリア,1964,62,,1月,56.越前海岸 高佐米ノ旅館街 エリア,一般社団法人 越前町観光連盟（DMO ECHIZEN）,
福井,2026/01/18 11:08:01,石川県,男,70代,,200万円以上 300万円未満,夫婦2人,日帰り,福井県外には宿泊しない,,福井県内には宿泊しない,,,,,,,,,自家用車,1,0,0,0,0,0,0,自家用車,0,0,0,0,,,,6～10回目,6～10回目,地元の美味しいものを食べる買い物、アウトレットドライブ・ツーリング,0,0,1,0,0,0,1,0,0,0,0,0,0,0,1,0,0,0,その他,0,0,0,0,0,0,0,0,0,0,0,0,0,0,0,0,0,0,0,0,0,0,0,0,1,,,,使わない,,使わない,,"3,000円以上 5,000円未満","3,000円以上 5,000円未満",,,,,,,,,,4,4,,,,,,8,また行きたい（1年以内）,,道の駅「越前おおの荒島の郷」 エリア,,選択なし/該当施設なし,,選択なし/該当施設なし,,000000,web,1949,77,,1月,22.道の駅「越前おおの荒島の郷」 エリア,,
福井,2026/01/18 10:47:47,大阪府,男,20代,,400万円以上 500万円未満,恋人,1泊,福井県外には宿泊しない,,1泊,,,,,,,,,自家用車,1,0,0,0,0,0,0,自家用車,0,0,0,0,,,,初めて,初めて,宿でのんびり過ごす温泉や露天風呂地元の美味しいものを食べるその他,1,1,1,0,0,0,0,0,0,0,0,0,0,0,0,0,0,1,インターネット・アプリInstagram宿泊施設,0,0,0,1,0,0,0,0,0,0,1,0,0,1,0,0,0,0,0,0,0,0,0,0,0,,,,"5,000円以上 10,000円未満",,"50,000円以上 100,000円未満",,"5,000円以上 10,000円未満","10,000円以上 20,000円未満",,,,,,,,,,5,5,,,,,,8,また行きたい（1年以内）,,小浜市 阿納 エリア,,レインボーライン,,選択なし/該当施設なし,,000000,小浜市 阿納 エリア,2000,26,,1月,67.小浜市 阿納 エリア,(株)まちづくり小浜,
福井,2026/01/18 10:38:10,東京都,男,50代,,"1,000万円以上 1,200万円未満",その他家族,1泊,福井県外には宿泊しない,,1泊,,,,,,,,,在来線飛行機,0,0,0,1,1,0,0,タクシー路線バス,1,1,0,0,5,最寄り駅からホテルまで、ホテル八木さんにご負担いただいたため。と,,初めて,初めて,宿でのんびり過ごす温泉や露天風呂地元の美味しいものを食べる,1,1,1,0,0,0,0,0,0,0,0,0,0,0,0,0,0,0,友人・知人,0,0,0,0,0,0,0,0,0,0,0,0,0,0,0,0,0,0,1,0,0,0,0,0,0,,,,"10,000円以上 20,000円未満",,"20,000円以上 30,000円未満",,"10,000円以上 20,000円未満","10,000円以上 20,000円未満",,,,,,,,,,4,4,,新旧、訪れたどの施設も清掃が行き届いていた点。,,,,8,また行きたい（1年以内）,,あわら湯のまち エリア,,選択なし/該当施設なし,,選択なし/該当施設なし,,000000,あわら湯のまち エリア,1975,51,,1月,17.あわら湯のまち エリア,,とにかく町が静かだったこと。例えばホテル内、露天風呂に入っている際にも、親が流れる音と換気扇の音くらいしか聞こえない＝交通量が少ないのかと思いますが、それが、東京生まれ東京育ちの自分からすると、何事にも変え難い魅力の一つだと感じられました。
福井,2026/01/18 10:08:07,兵庫県,女,50代,,分からない/無回答,夫婦2人,2泊,石川県金沢市,,福井県内には宿泊しない,,,,,,,,,自家用車,1,0,0,0,0,0,0,自家用車,0,0,0,0,,,,2～5回目,2～5回目,名所、旧跡の観光,0,0,0,0,1,0,0,0,0,0,0,0,0,0,0,0,0,0,インターネット・アプリ,0,0,0,0,0,0,0,0,0,0,1,0,0,0,0,0,0,0,0,0,0,0,0,0,0,,,,"20,000円以上 30,000円未満",,"10,000円以上 20,000円未満",,"3,000円以上 5,000円未満","10,000円以上 20,000円未満",,,,,,,,,,4,4,,,,,,7,,,大本山 永平寺 エリア,,選択なし/該当施設なし,,選択なし/該当施設なし,,000000,web,1975,51,,1月,34.大本山 永平寺 エリア,,
福井,2026/01/18 10:07:26,兵庫県,男,50代,,分からない/無回答,夫婦2人,2泊,石川　岐阜,,福井県内には宿泊しない,,,,,,,,,自家用車,1,0,0,0,0,0,0,自家用車,0,0,0,0,4,,,初めて,初めて,名所、旧跡の観光,0,0,0,0,1,0,0,0,0,0,0,0,0,0,0,0,0,0,インターネット・アプリ,0,0,0,0,0,0,0,0,0,0,1,0,0,0,0,0,0,0,0,0,0,0,0,0,0,,,,"10,000円以上 20,000円未満",,使わない,,"5,000円以上 10,000円未満","3,000円以上 5,000円未満",,,,,,,,,,4,4,,,,,,8,また行きたい（1年以内）,,大本山 永平寺 エリア,,選択なし/該当施設なし,,選択なし/該当施設なし,,000000,web,1974,52,,1月,34.大本山 永平寺 エリア,,
福井,2026/01/18 09:44:32,東京都,女,30代,,"900万円以上 1,000万円未満",夫婦2人,2泊,福井県外には宿泊しない,,2泊,,,,,,,,,新幹線,0,0,1,0,0,0,0,レンタカー,0,0,0,0,,,,初めて,初めて,テーマパーク（遊園地、動物園、博物館など）,0,0,0,0,0,1,0,0,0,0,0,0,0,0,0,0,0,0,観光展・物産展,0,0,0,0,0,0,0,0,0,0,0,0,0,0,0,0,0,0,0,0,0,0,1,0,0,,,,"30,000円以上 40,000円未満",,"50,000円以上 100,000円未満",,"1,000円未満","20,000円以上 30,000円未満",,,,,,,,,,4,4,,,,,,7,,,道の駅「三方五湖」  エリア,,選択なし/該当施設なし,,選択なし/該当施設なし,,000000,かつやま恐竜の森 エリア,1996,30,,1月,83.道の駅「三方五湖」 エリア,三方五湖DMO(株),
福井,2026/01/18 09:43:22,東京都,男,30代,,700万円以上 800万円未満,夫婦2人,2泊,福井県外には宿泊しない,,2泊,,,,,,,,,新幹線,0,0,1,0,0,0,0,レンタカー,0,0,0,0,5,,,初めて,初めて,名所、旧跡の観光,0,0,0,0,1,0,0,0,0,0,0,0,0,0,0,0,0,0,インターネット・アプリ,0,0,0,0,0,0,0,0,0,0,1,0,0,0,0,0,0,0,0,0,0,0,0,0,0,,,,"20,000円以上 30,000円未満",,"30,000円以上 40,000円未満",,"1,000円以上 3,000円未満","20,000円以上 30,000円未満",,,,,,,,,,5,5,,,,,,7,また行きたい（1年以内）,,道の駅「三方五湖」  エリア,,選択なし/該当施設なし,,選択なし/該当施設なし,,000000,大本山 永平寺 エリア,1995,31,,1月,83.道の駅「三方五湖」 エリア,三方五湖DMO(株),
福井,2026/01/18 09:25:22,石川県,女,60代,,"1,000万円以上 1,200万円未満",その他家族,1泊,福井県外には宿泊しない,,1泊,,,,,,,,,自家用車,1,0,0,0,0,0,0,自家用車,0,0,0,0,,,,2～5回目,2～5回目,宿でのんびり過ごす,1,0,0,0,0,0,0,0,0,0,0,0,0,0,0,0,0,0,インターネット・アプリInstagram,0,0,0,1,0,0,0,0,0,0,1,0,0,0,0,0,0,0,0,0,0,0,0,0,0,,,,"1,000円以上 3,000円未満",,"30,000円以上 40,000円未満",,"3,000円以上 5,000円未満","1,000円以上 3,000円未満",,,,,,,,,,4,4,,,,,,6,機会があれば行きたい,,あわら湯のまち エリア,,ふれあいパーク三里浜(道の駅「みくに」),,選択なし/該当施設なし,,000000,あわら湯のまち エリア,1962,64,,1月,17.あわら湯のまち エリア,,
福井,2026/01/18 09:10:29,千葉県,男,50代,,"1,000万円以上 1,200万円未満",友人,1泊,福井県外には宿泊しない,,1泊,,,,,,,,,レンタカー新幹線,0,1,1,0,0,0,0,レンタカー,0,0,0,0,5,,,2～5回目,2～5回目,宿でのんびり過ごす温泉や露天風呂,1,1,0,0,0,0,0,0,0,0,0,0,0,0,0,0,0,0,友人・知人,0,0,0,0,0,0,0,0,0,0,0,0,0,0,0,0,0,0,1,0,0,0,0,0,0,,,,"5,000円以上 10,000円未満",,"20,000円以上 30,000円未満",,"3,000円以上 5,000円未満","5,000円以上 10,000円未満",,,,,,,,,,5,5,,,,,,10,,,越前海岸 くりや旅館街 エリア,,選択なし/該当施設なし,,選択なし/該当施設なし,,000000,大本山 永平寺 エリア,1967,59,,1月,57.越前海岸 くりや旅館街 エリア,一般社団法人 越前町観光連盟（DMO ECHIZEN）,
福井,2026/01/18 08:38:43,滋賀県,女,40代,,700万円以上 800万円未満,小学生以下連れの家族,1泊,福井県外には宿泊しない,,1泊,,,,,,,,,自家用車,1,0,0,0,0,0,0,自家用車,0,0,0,0,5,,,初めて,初めて,スキー・スノボ、マリンスポーツ,0,0,0,0,0,0,0,0,0,0,0,0,1,0,0,0,0,0,Instagram,0,0,0,1,0,0,0,0,0,0,0,0,0,0,0,0,0,0,0,0,0,0,0,0,0,,,,"10,000円以上 20,000円未満",,"40,000円以上 50,000円未満",,"1,000円以上 3,000円未満","30,000円以上 40,000円未満",,,,,,,,,,4,5,,,,,,6,また行きたい（1年以内）,,一乗谷朝倉氏遺跡 エリア,,道の駅「南えちぜん山海里」,,選択なし/該当施設なし,,000000,かつやま恐竜の森 エリア,1984,42,,1月,06.一乗谷朝倉氏遺跡 エリア,,
福井,2026/01/18 06:44:59,大阪府,男,60代,,"900万円以上 1,000万円未満",夫婦2人,1泊,福井県外には宿泊しない,,1泊,,,,,,,,,自家用車,1,0,0,0,0,0,0,自家用車,0,0,0,0,,,,11回目以上,11回目以上,宿でのんびり過ごす温泉や露天風呂地元の美味しいものを食べる,1,1,1,0,0,0,0,0,0,0,0,0,0,0,0,0,0,0,インターネット・アプリ,0,0,0,0,0,0,0,0,0,0,1,0,0,0,0,0,0,0,0,0,0,0,0,0,0,,,,"5,000円以上 10,000円未満",,"50,000円以上 100,000円未満",,"10,000円以上 20,000円未満","20,000円以上 30,000円未満",,,,,,,,,,5,5,,,,,,10,また行きたい（1年以内）,,えちぜん鉄道 松岡駅 エリア,,選択なし/該当施設なし,田辺酒造,選択なし/該当施設なし,,000000,大本山 永平寺 エリア,1964,62,,1月,33.えちぜん鉄道 松岡駅 エリア,,
福井,2026/01/19 22:24:23,大阪府,女,50代,,700万円以上 800万円未満,夫婦2人,1泊,福井県外には宿泊しない,,1泊,,,,,,,,,在来線,0,0,0,1,0,0,0,在来線その他,0,0,0,0,4,雪の季節に自家用車はリスクがあるので列車で安心しました。,,初めて,初めて,友人・親戚を尋ねる,0,0,0,0,0,0,0,0,0,0,0,0,0,0,0,1,0,0,宿泊施設,0,0,0,0,0,0,0,0,0,0,0,0,0,1,0,0,0,0,0,0,0,0,0,0,0,,,,"5,000円以上 10,000円未満",,"30,000円以上 40,000円未満",,"3,000円以上 5,000円未満","5,000円以上 10,000円未満",,,,,,,,,,4,4,,情報が色々あり、お試しで買えるようなご当地スイーツがあって、よかった。,,,,9,機会があれば行きたい,,福井駅前 エリア,,養浩館庭園,,福井県立恐竜博物館,,000000,名勝 養浩館庭園 エリア,1974,52,,1月,01.福井駅前 エリア,,駅前の動く恐竜がリアリティがあって動きも複雑な感じでよかった。
福井,2026/01/19 22:20:07,大阪府,男,50代,,800万円以上 900万円未満,夫婦2人,1泊,福井県外には宿泊しない,,1泊,,,,,,,,,在来線,0,0,0,1,0,0,0,在来線,0,0,0,0,3,,,2～5回目,2～5回目,地元の美味しいものを食べる,0,0,1,0,0,0,0,0,0,0,0,0,0,0,0,0,0,0,インターネット・アプリ,0,0,0,0,0,0,0,0,0,0,1,0,0,0,0,0,0,0,0,0,0,0,0,0,0,,,,"10,000円以上 20,000円未満",,"30,000円以上 40,000円未満",,"3,000円以上 5,000円未満","5,000円以上 10,000円未満",,,,,,,,,,4,4,,,,,,6,機会があれば行きたい,,福井駅前 エリア,,福井県立恐竜博物館,,北の庄城址・柴田公園,,000000,名勝 養浩館庭園 エリア,1972,54,,1月,01.福井駅前 エリア,,
福井,2026/01/19 21:57:54,滋賀県,女,40代,,200万円以上 300万円未満,親,日帰り,福井県外には宿泊しない,,福井県内には宿泊しない,,,,,,,,,自家用車,1,0,0,0,0,0,0,自家用車,0,0,0,0,,,,2～5回目,2～5回目,名所、旧跡の観光,0,0,0,0,1,0,0,0,0,0,0,0,0,0,0,0,0,0,インターネット・アプリ,0,0,0,0,0,0,0,0,0,0,1,0,0,0,0,0,0,0,0,0,0,0,0,0,0,,,,"3,000円以上 5,000円未満",,使わない,,"5,000円以上 10,000円未満","5,000円以上 10,000円未満",,,,,,,,,,4,4,,,,,,6,,,道の駅「若狭おばま」 エリア,,選択なし/該当施設なし,,選択なし/該当施設なし,,000000,道の駅「若狭おばま」 エリア,1983,43,,1月,68.道の駅「若狭おばま」 エリア,(株)まちづくり小浜,
福井,2026/01/19 21:46:46,滋賀県,女,40代,,200万円以上 300万円未満,親,日帰り,福井県外には宿泊しない,,福井県内には宿泊しない,,,,,,,,,自家用車,1,0,0,0,0,0,0,自家用車,0,0,0,0,,,,2～5回目,2～5回目,名所、旧跡の観光,0,0,0,0,1,0,0,0,0,0,0,0,0,0,0,0,0,0,インターネット・アプリ,0,0,0,0,0,0,0,0,0,0,1,0,0,0,0,0,0,0,0,0,0,0,0,0,0,,,,"3,000円以上 5,000円未満",,使わない,,"3,000円以上 5,000円未満","5,000円以上 10,000円未満",,,,,,,,,,4,4,,,,,,6,,,道の駅「恐竜渓谷かつやま」 エリア,,選択なし/該当施設なし,,選択なし/該当施設なし,,000000,道の駅「若狭おばま」 エリア,1983,43,,1月,26.道の駅「恐竜渓谷かつやま」 エリア,勝山市観光まちづくり(株),
福井,2026/01/19 21:45:27,滋賀県,女,40代,,200万円以上 300万円未満,親,日帰り,福井県外には宿泊しない,,福井県内には宿泊しない,,,,,,,,,自家用車,1,0,0,0,0,0,0,自家用車,0,0,0,0,,,,2～5回目,2～5回目,地元の美味しいものを食べる名所、旧跡の観光,0,0,1,0,1,0,0,0,0,0,0,0,0,0,0,0,0,0,インターネット・アプリ,0,0,0,0,0,0,0,0,0,0,1,0,0,0,0,0,0,0,0,0,0,0,0,0,0,,,,"3,000円以上 5,000円未満",,使わない,,"3,000円以上 5,000円未満","5,000円以上 10,000円未満",,,,,,,,,,4,4,,,,,,6,,,越前大仏 エリア,,選択なし/該当施設なし,,選択なし/該当施設なし,,000000,道の駅「若狭おばま」 エリア,1983,43,,1月,28.越前大仏 エリア,勝山市観光まちづくり(株),
福井,2026/01/19 20:37:41,福井県,男,60代,,"900万円以上 1,000万円未満",自分ひとり,日帰り,福井県外には宿泊しない,,福井県内には宿泊しない,,,,,,,,,自家用車,1,0,0,0,0,0,0,自家用車,0,0,0,0,,,,2～5回目,2～5回目,買い物、アウトレット,0,0,0,0,0,0,1,0,0,0,0,0,0,0,0,0,0,0,インターネット・アプリ,0,0,0,0,0,0,0,0,0,0,1,0,0,0,0,0,0,0,0,0,0,0,0,0,0,,,,"1,000円以上 3,000円未満",,使わない,,"3,000円以上 5,000円未満","3,000円以上 5,000円未満",,,,,,,,,,4,4,,,,,,10,また行きたい（1年以内）,,道の駅「越前おおの荒島の郷」 エリア,,選択なし/該当施設なし,大野市内の和菓子屋,選択なし/該当施設なし,,000000,レインボーライン エリア,1964,62,,1月,22.道の駅「越前おおの荒島の郷」 エリア,,大野の水羊羹、種類が多いため自分にあった水羊羹を探し当てることができる
福井,2026/01/19 19:59:24,東京都,女,60代,,100万円未満,その他家族,1泊,福井県外には宿泊しない,,1泊,,,,,,,,,飛行機,0,0,0,0,1,0,0,路線バス,0,1,0,0,3,,,初めて,初めて,地元の美味しいものを食べる,0,0,1,0,0,0,0,0,0,0,0,0,0,0,0,0,0,0,友人・知人,0,0,0,0,0,0,0,0,0,0,0,0,0,0,0,0,0,0,1,0,0,0,0,0,0,,,,"20,000円以上 30,000円未満",,"30,000円以上 40,000円未満",,使わない,"10,000円以上 20,000円未満",,,,,,,,,,4,4,,,,,,6,機会があれば行きたい,,越前松島水族館 エリア,,選択なし/該当施設なし,,選択なし/該当施設なし,,000000,web,1958,68,,1月,11.越前松島水族館 エリア,(一社)DMOさかい観光局,
福井,2026/01/19 17:38:41,東京都,無回答,50代,,800万円以上 900万円未満,夫婦2人,3泊,愛知県,,2泊,,,,,,,,,自家用車,1,0,0,0,0,0,0,自家用車,0,0,0,0,,,,2～5回目,2～5回目,お祭りやイベントへの参加・見物,0,0,0,0,0,0,0,1,0,0,0,0,0,0,0,0,0,0,宿泊施設,0,0,0,0,0,0,0,0,0,0,0,0,0,1,0,0,0,0,0,0,0,0,0,0,0,,,,"10,000円以上 20,000円未満",,"10,000円以上 20,000円未満",,"5,000円以上 10,000円未満","20,000円以上 30,000円未満",,,,,,,,,,5,5,,,,,,9,機会があれば行きたい,,越前和紙の里 エリア,,選択なし/該当施設なし,,選択なし/該当施設なし,,000000,福井駅前 エリア（宿泊施設）,1974,52,,1月,36.越前和紙の里 エリア,,
福井,2026/01/19 16:47:00,京都府,男,50代,,600万円以上 700万円未満,自分ひとり,1泊,福井県外には宿泊しない,,1泊,,,,,,,,,自家用車,1,0,0,0,0,0,0,自家用車,0,0,0,0,,,,2～5回目,2～5回目,宿でのんびり過ごす,1,0,0,0,0,0,0,0,0,0,0,0,0,0,0,0,0,0,観光連盟やDMOのHPインターネット・アプリ,0,0,0,0,0,0,0,0,0,0,1,0,0,0,0,0,0,0,0,0,0,0,0,1,0,,,,"3,000円以上 5,000円未満",,"30,000円以上 40,000円未満",,"40,000円以上 50,000円未満","5,000円以上 10,000円未満",,,,,,,,,,5,5,,松の大木伐採後も毎年、利用させていただいています。あの松に勝る物は無いですが、何か新しいシンボリックな物が、植樹されると嬉しいかも？しれないです。,,,,8,また行きたい（1年以内）,,小浜市 阿納 エリア,,道の駅「若狭おばま」,,レインボーライン,,000000,小浜市 阿納 エリア,1976,50,,1月,67.小浜市 阿納 エリア,(株)まちづくり小浜,両親を連れて来たいが、静かにボーッと過ごす事が苦手なので、ここで1日、海と空を見ながら時間が過ごせる人にお勧めします。
福井,2026/01/19 16:35:30,青森県,女,20代,,200万円以上 300万円未満,恋人,4泊以上,石川県金沢市,,1泊,,,,,,,,,自家用車,1,0,0,0,0,0,0,自家用車,0,0,0,0,,,,初めて,初めて,宿でのんびり過ごす,1,0,0,0,0,0,0,0,0,0,0,0,0,0,0,0,0,0,友人・知人,0,0,0,0,0,0,0,0,0,0,0,0,0,0,0,0,0,0,1,0,0,0,0,0,0,,,,"10,000円以上 20,000円未満",,"10,000円以上 20,000円未満",,"1,000円以上 3,000円未満","3,000円以上 5,000円未満",,,,,,,,,,4,3,,,,,,5,機会があれば行きたい,,一乗谷朝倉氏遺跡 エリア,,選択なし/該当施設なし,,選択なし/該当施設なし,,000000,一乗谷朝倉氏遺跡 エリア,2001,25,,1月,06.一乗谷朝倉氏遺跡 エリア,,
福井,2026/01/19 15:58:19,兵庫県,女,60代,,600万円以上 700万円未満,その他家族,1泊,福井県外には宿泊しない,,1泊,,,,,,,,,自家用車,1,0,0,0,0,0,0,自家用車,0,0,0,0,,,,初めて,初めて,温泉や露天風呂その他,0,1,0,0,0,0,0,0,0,0,0,0,0,0,0,0,0,1,新聞・雑誌・ガイドブックTV・ラジオ番組やCM,0,0,0,0,0,0,0,0,0,0,0,0,0,0,1,0,1,0,0,0,0,0,0,0,0,,,,"20,000円以上 30,000円未満",,"30,000円以上 40,000円未満",,"3,000円以上 5,000円未満","20,000円以上 30,000円未満",,,,,,,,,,5,5,,移動することでいろんな方向から恐竜の骨格が見られた。化石クリーニングの現場も見られた。,,,,8,また行きたい（1年以内）,,かつやま恐竜の森 エリア,,道の駅「若狭熊川宿」,帰宅します,選択なし/該当施設なし,,000000,かつやま恐竜の森 エリア,1960,66,,1月,25.かつやま恐竜の森 エリア,勝山市観光まちづくり(株),冬の福井は寒くて行きにくいイメージだったが、温泉も良いし、人出が少ない分ゆっくり過ごせました。
福井,2026/01/19 15:51:58,京都府,女,40代,,400万円以上 500万円未満,親,1泊,福井県外には宿泊しない,,1泊,,,,,,,,,自家用車,1,0,0,0,0,0,0,自家用車,0,0,0,0,,,,初めて,初めて,温泉や露天風呂地元の美味しいものを食べる名所、旧跡の観光,0,1,1,0,1,0,0,0,0,0,0,0,0,0,0,0,0,0,TV・ラジオ番組やCMInstagram,0,0,0,1,0,0,0,0,0,0,0,0,0,0,1,0,0,0,0,0,0,0,0,0,0,,,,"20,000円以上 30,000円未満",,"30,000円以上 40,000円未満",,"1,000円未満","10,000円以上 20,000円未満",,,,,,,,,,5,5,,,,,,9,機会があれば行きたい,,かつやま恐竜の森 エリア,,選択なし/該当施設なし,,選択なし/該当施設なし,,000000,かつやま恐竜の森 エリア,1986,40,,1月,25.かつやま恐竜の森 エリア,勝山市観光まちづくり(株),
福井,2026/01/19 15:45:34,静岡県,男,70代,,分からない/無回答,夫婦2人,3泊,石川県金沢市,,1泊,,,,,,,,,レンタカー新幹線,0,1,1,0,0,0,0,レンタカー,0,0,0,0,,秋の旅行なので？解らない！,,初めて,初めて,名所、旧跡の観光テーマパーク（遊園地、動物園、博物館など）,0,0,0,0,1,1,0,0,0,0,0,0,0,0,0,0,0,0,観光パンフレット・ポスターインターネット・アプリ,0,0,0,0,0,0,0,0,0,0,1,0,0,0,0,0,0,0,0,0,1,0,0,0,0,,,,"50,000円以上 100,000円未満",,"10,000円以上 20,000円未満",,"5,000円以上 10,000円未満","20,000円以上 30,000円未満",,,,,,,,,,3,3,,何度も言ってること！行く前なので解らない。,,,,5,機会があれば行きたい,,福井駅前 エリア,,福井県立恐竜博物館,,大本山永平寺,,000000,福井駅前 エリア,1952,74,,1月,01.福井駅前 エリア,,解らない。
福井,2026/01/19 15:39:15,京都府,男,50代,,100万円未満,夫婦2人,1泊,福井県外には宿泊しない,,1泊,,,,,,,,,在来線,0,0,0,1,0,0,0,在来線,0,0,0,0,4,ハピラインに乗りました,,2～5回目,2～5回目,地元の美味しいものを食べる,0,0,1,0,0,0,0,0,0,0,0,0,0,0,0,0,0,0,インターネット・アプリ,0,0,0,0,0,0,0,0,0,0,1,0,0,0,0,0,0,0,0,0,0,0,0,0,0,,,,"10,000円以上 20,000円未満",,"50,000円以上 100,000円未満",,使わない,"50,000円以上 100,000円未満",,,,,,,,,,3,3,,,,,,5,機会があれば行きたい,,JR敦賀駅前 エリア,,大本山永平寺,,選択なし/該当施設なし,,000000,web,1967,59,,1月,63.JR敦賀駅前 エリア,,
福井,2026/01/19 14:41:25,大阪府,男,50代,,800万円以上 900万円未満,夫婦2人,1泊,福井県外には宿泊しない,,1泊,,,,,,,,,在来線,0,0,0,1,0,0,0,在来線旅行会社ツアーバス,0,0,0,0,4,XRバスは、不思議な体験でした。,,初めて,初めて,地元の美味しいものを食べる,0,0,1,0,0,0,0,0,0,0,0,0,0,0,0,0,0,0,インターネット・アプリ,0,0,0,0,0,0,0,0,0,0,1,0,0,0,0,0,0,0,0,0,0,0,0,0,0,,,,"10,000円以上 20,000円未満",,"30,000円以上 40,000円未満",,"5,000円以上 10,000円未満","5,000円以上 10,000円未満",,,,,,,,,,5,4,,恐竜博物館は見応えがあり、満足です。平日の訪問でしたので、帰りのバスなどの拘束がありゆっくり出来なかったのは残念です。,,,,8,機会があれば行きたい,,かつやま恐竜の森 エリア,,福井県立恐竜博物館,,福井駅,,000000,名勝 養浩館庭園 エリア,1972,54,,1月,25.かつやま恐竜の森 エリア,勝山市観光まちづくり(株),恐竜博物館は、子供だけでは無く本格的に展示されており、大人も楽しめる構成。
福井,2026/01/19 14:28:28,大阪府,男,50代,,800万円以上 900万円未満,夫婦2人,1泊,福井県外には宿泊しない,,1泊,,,,,,,,,新幹線在来線,0,0,1,1,0,0,0,徒歩,0,0,1,0,,,,初めて,初めて,温泉や露天風呂地元の美味しいものを食べる,0,1,1,0,0,0,0,0,0,0,0,0,0,0,0,0,0,0,インターネット・アプリ,0,0,0,0,0,0,0,0,0,0,1,0,0,0,0,0,0,0,0,0,0,0,0,0,0,,,,"10,000円以上 20,000円未満",,"30,000円以上 40,000円未満",,"5,000円以上 10,000円未満","5,000円以上 10,000円未満",,,,,,,,,,4,4,,,,,,5,機会があれば行きたい,,名勝 養浩館庭園 エリア,,北の庄城址・柴田公園,,福井県立恐竜博物館,,000000,名勝 養浩館庭園 エリア,1972,54,,1月,04.名勝 養浩館庭園 エリア,,
福井,2026/01/19 14:17:43,京都府,男,50代,,100万円未満,夫婦2人,1泊,福井県外には宿泊しない,,1泊,,,,,,,,,在来線,0,0,0,1,0,0,0,在来線,0,0,0,0,4,,,初めて,初めて,地元の美味しいものを食べる,0,0,1,0,0,0,0,0,0,0,0,0,0,0,0,0,0,0,インターネット・アプリ,0,0,0,0,0,0,0,0,0,0,1,0,0,0,0,0,0,0,0,0,0,0,0,0,0,,,,"10,000円以上 20,000円未満",,"50,000円以上 100,000円未満",,"3,000円以上 5,000円未満","50,000円以上 100,000円未満",,,,,,,,,,4,4,,,,,,5,機会があれば行きたい,,福井駅前 エリア（宿泊施設）,,大本山永平寺,,選択なし/該当施設なし,,000000,web,1967,59,,1月,02.福井駅前 エリア（宿泊施設）,,
福井,2026/01/19 14:13:14,福井県,男,60代,,600万円以上 700万円未満,夫婦2人,日帰り,福井県外には宿泊しない,,福井県内には宿泊しない,,,,,,,,,自家用車,1,0,0,0,0,0,0,自家用車,0,0,0,0,5,,,11回目以上,11回目以上,地元の美味しいものを食べる名所、旧跡の観光,0,0,1,0,1,0,0,0,0,0,0,0,0,0,0,0,0,0,観光展・物産展観光パンフレット・ポスターインターネット・アプリ,0,0,0,0,0,0,0,0,0,0,1,0,0,0,0,0,0,0,0,0,1,0,1,0,0,,,,使わない,,"3,000円以上 5,000円未満",,"3,000円以上 5,000円未満",使わない,,,,,,,,,,5,5,,,,,,10,福井県在住,,越前大野城・城下町 エリア,,選択なし/該当施設なし,,選択なし/該当施設なし,,000000,越前大野城・城下町 エリア,1965,61,,1月,21.越前大野城・城下町 エリア,,
福井,2026/01/19 14:07:38,大阪府,女,50代,,700万円以上 800万円未満,夫婦2人,1泊,福井県外には宿泊しない,,1泊,,,,,,,,,在来線,0,0,0,1,0,0,0,在来線その他,0,0,0,0,4,55分の乗車時間があっという間に感じた,,初めて,初めて,友人・親戚を尋ねる,0,0,0,0,0,0,0,0,0,0,0,0,0,0,0,1,0,0,宿泊施設,0,0,0,0,0,0,0,0,0,0,0,0,0,1,0,0,0,0,0,0,0,0,0,0,0,,,,"5,000円以上 10,000円未満",,"30,000円以上 40,000円未満",,"3,000円以上 5,000円未満","5,000円以上 10,000円未満",,,,,,,,,,5,5,,,,,,9,機会があれば行きたい,,かつやま恐竜の森 エリア,,北の庄城址・柴田公園,,福井県立恐竜博物館,,000000,名勝 養浩館庭園 エリア,1974,52,,1月,25.かつやま恐竜の森 エリア,勝山市観光まちづくり(株),恐竜博物館は壮大で面白かった
福井,2026/01/19 13:42:49,大阪府,男,60代,,800万円以上 900万円未満,夫婦2人,2泊,石川県加賀市,,1泊,,,,,,,,,旅行会社ツアーバス,0,0,0,0,0,1,0,旅行会社ツアーバス,0,0,0,0,5,いつもは自家用車での旅行なのでバスでゆったりできるので,,初めて,初めて,宿でのんびり過ごす温泉や露天風呂地元の美味しいものを食べる,1,1,1,0,0,0,0,0,0,0,0,0,0,0,0,0,0,0,その他,0,0,0,0,0,0,0,0,0,0,0,0,0,0,0,0,0,0,0,0,0,0,0,0,1,,,,"10,000円以上 20,000円未満",,"50,000円以上 100,000円未満",,"50,000円以上 100,000円未満","50,000円以上 100,000円未満",,,,,,,,,,4,4,,赤レンガ倉庫は初めてでしたがこじんまりとしていて落ち着きがある,,,,8,また行きたい（1年以内）,,金ヶ崎 エリア,,三方五湖,,山代温泉（石川県）,,000000,金ヶ崎 エリア,1959,67,,1月,64.金ヶ崎 エリア,,三方五湖レインボーラインや展望台からの絶景
福井,2026/01/19 13:21:35,千葉県,男,60代,,"900万円以上 1,000万円未満",自分ひとり,3泊,千葉県,,3泊,,,,,,,,,新幹線,0,0,1,0,0,0,0,路線バス,0,1,0,0,5,,,2～5回目,2～5回目,名所、旧跡の観光まちあるき、都市散策友人・親戚を尋ねる,0,0,0,0,1,0,0,0,0,0,1,0,0,0,0,1,0,0,新聞・雑誌・ガイドブック,0,0,0,0,0,0,0,0,0,0,0,0,0,0,0,0,1,0,0,0,0,0,0,0,0,,,,"40,000円以上 50,000円未満",,"30,000円以上 40,000円未満",,"5,000円以上 10,000円未満","10,000円以上 20,000円未満",,,,,,,,,,5,5,,,,,,9,機会があれば行きたい,,大本山 永平寺 エリア,,一乗谷朝倉氏遺跡,,選択なし/該当施設なし,,000000,web,1958,68,,1月,34.大本山 永平寺 エリア,,
福井,2026/01/19 13:21:28,岐阜県,女,60代,,400万円以上 500万円未満,友人,1泊,福井県外には宿泊しない,,1泊,,,,,,,,,自家用車,1,0,0,0,0,0,0,自家用車,0,0,0,0,,,,2～5回目,2～5回目,名所、旧跡の観光,0,0,0,0,1,0,0,0,0,0,0,0,0,0,0,0,0,0,インターネット・アプリ,0,0,0,0,0,0,0,0,0,0,1,0,0,0,0,0,0,0,0,0,0,0,0,0,0,,,,"5,000円以上 10,000円未満",,"20,000円以上 30,000円未満",,"5,000円以上 10,000円未満","10,000円以上 20,000円未満",,,,,,,,,,5,5,,,,,,8,また行きたい（1年以内）,,大本山 永平寺 エリア,,越前海岸,,選択なし/該当施設なし,,000000,大本山 永平寺 エリア,1964,62,,1月,34.大本山 永平寺 エリア,,
福井,2026/01/19 12:36:05,東京都,無回答,50代,,800万円以上 900万円未満,夫婦2人,3泊,愛知県,,2泊,,,,,,,,,自家用車,1,0,0,0,0,0,0,自家用車,0,0,0,0,,,,初めて,初めて,お祭りやイベントへの参加・見物,0,0,0,0,0,0,0,1,0,0,0,0,0,0,0,0,0,0,宿泊施設,0,0,0,0,0,0,0,0,0,0,0,0,0,1,0,0,0,0,0,0,0,0,0,0,0,,,,"10,000円以上 20,000円未満",,"10,000円以上 20,000円未満",,"5,000円以上 10,000円未満","20,000円以上 30,000円未満",,,,,,,,,,4,3,,新しくて綺麗,,,,6,機会があれば行きたい,,北陸新幹線 越前たけふ駅 エリア,,選択なし/該当施設なし,,越前和紙の里,,000000,福井駅前 エリア（宿泊施設）,1974,52,,1月,38.北陸新幹線 越前たけふ駅 エリア,,
福井,2026/01/19 12:29:58,福井県,女,50代,,800万円以上 900万円未満,夫婦2人,日帰り,京都府,,1泊,,,,,,,,,自家用車,1,0,0,0,0,0,0,自家用車,0,0,0,0,,,,2～5回目,2～5回目,その他,0,0,0,0,0,0,0,0,0,0,0,0,0,0,0,0,0,1,友人・知人,0,0,0,0,0,0,0,0,0,0,0,0,0,0,0,0,0,0,1,0,0,0,0,0,0,,,,"30,000円以上 40,000円未満",,"20,000円以上 30,000円未満",,"5,000円以上 10,000円未満","20,000円以上 30,000円未満",,,,,,,,,,4,4,,,,,,10,また行きたい（1年以内）,,ふくい鮮いちば エリア,,ふれあいパーク三里浜(道の駅「みくに」),,選択なし/該当施設なし,,000000,道の駅「パークイン丹生ヶ丘」 エリア,1970,56,,1月,05.ふくい鮮いちば エリア,,福井県が大好き！食べ物美味しい！
福井,2026/01/19 12:27:25,福井県,男,50代,,800万円以上 900万円未満,夫婦2人,日帰り,福井県外には宿泊しない,,福井県内には宿泊しない,,,,,,,,,自家用車,1,0,0,0,0,0,0,自家用車,0,0,0,0,5,何もかも美味しい。,,初めて,初めて,地元の美味しいものを食べる,0,0,1,0,0,0,0,0,0,0,0,0,0,0,0,0,0,0,インターネット・アプリ,0,0,0,0,0,0,0,0,0,0,1,0,0,0,0,0,0,0,0,0,0,0,0,0,0,,,,使わない,,使わない,,"3,000円以上 5,000円未満","5,000円以上 10,000円未満",,,,,,,,,,4,4,,,,,,10,また行きたい（1年以内）,,ふくい鮮いちば エリア,,一乗谷朝倉氏遺跡,,選択なし/該当施設なし,,000000,道の駅「パークイン丹生ヶ丘」 エリア,1967,59,,1月,05.ふくい鮮いちば エリア,,
福井,2026/01/19 12:14:45,京都府,男,50代,,100万円未満,夫婦2人,1泊,福井県外には宿泊しない,,1泊,,,,,,,,,在来線,0,0,0,1,0,0,0,路線バス,0,1,0,0,4,速かったです,,2～5回目,2～5回目,地元の美味しいものを食べる,0,0,1,0,0,0,0,0,0,0,0,0,0,0,0,0,0,0,インターネット・アプリ,0,0,0,0,0,0,0,0,0,0,1,0,0,0,0,0,0,0,0,0,0,0,0,0,0,,,,"10,000円以上 20,000円未満",,"50,000円以上 100,000円未満",,"3,000円以上 5,000円未満","50,000円以上 100,000円未満",,,,,,,,,,4,4,,,,,,5,機会があれば行きたい,,大本山 永平寺 エリア,,瀧谷寺,,選択なし/該当施設なし,,000000,web,1967,59,,1月,34.大本山 永平寺 エリア,,
福井,2026/01/19 12:04:27,福井県,女,60代,,500万円以上 600万円未満,夫婦2人,日帰り,京都府,,福井県内には宿泊しない,,,,,,,,,自家用車,1,0,0,0,0,0,0,自家用車,0,0,0,0,5,,,11回目以上,11回目以上,地元の美味しいものを食べる,0,0,1,0,0,0,0,0,0,0,0,0,0,0,0,0,0,0,インターネット・アプリ,0,0,0,0,0,0,0,0,0,0,1,0,0,0,0,0,0,0,0,0,0,0,0,0,0,,,,"1,000円以上 3,000円未満",,使わない,,"3,000円以上 5,000円未満","5,000円以上 10,000円未満",,,,,,,,,,5,5,,,,,,9,,,越前そばの里 エリア,,越前がにミュージアム,,選択なし/該当施設なし,,000000,越前そばの里 エリア,1966,60,,1月,37.越前そばの里 エリア,,
福井,2026/01/19 12:03:48,福井県,男,60代,,分からない/無回答,自分ひとり,日帰り,石川県金沢市,,福井県内には宿泊しない,,,,,,,,,自家用車,1,0,0,0,0,0,0,自家用車,0,0,0,0,,,,6～10回目,6～10回目,地元の美味しいものを食べる,0,0,1,0,0,0,0,0,0,0,0,0,0,0,0,0,0,0,Twitter,0,0,0,0,0,1,0,0,0,0,0,0,0,0,0,0,0,0,0,0,0,0,0,0,0,,,,使わない,,使わない,,"3,000円以上 5,000円未満","3,000円以上 5,000円未満",,,,,,,,,,4,4,,,,,,8,,,ふくい鮮いちば エリア,,選択なし/該当施設なし,,選択なし/該当施設なし,,000000,web,1966,60,,1月,05.ふくい鮮いちば エリア,,
福井,2026/01/19 12:03:07,愛知県,男,70代,,300万円以上 400万円未満,その他家族,1泊,福井県外には宿泊しない,,1泊,,,,,,,,,自家用車,1,0,0,0,0,0,0,自家用車,0,0,0,0,,,,6～10回目,6～10回目,温泉や露天風呂地元の美味しいものを食べる名所、旧跡の観光,0,1,1,0,1,0,0,0,0,0,0,0,0,0,0,0,0,0,新聞・雑誌・ガイドブックインターネット・アプリ,0,0,0,0,0,0,0,0,0,0,1,0,0,0,0,0,1,0,0,0,0,0,0,0,0,,,,"3,000円以上 5,000円未満",,"10,000円以上 20,000円未満",,"3,000円以上 5,000円未満","3,000円以上 5,000円未満",,,,,,,,,,4,4,,,,,,8,また行きたい（1年以内）,,越前そばの里 エリア,,一乗谷朝倉氏遺跡,,福井県立恐竜博物館,,000000,越前そばの里 エリア,1953,73,,1月,37.越前そばの里 エリア,,
福井,2026/01/19 11:50:43,兵庫県,女,60代,,"1,000万円以上 1,200万円未満",夫婦2人,1泊,福井県外には宿泊しない,,2泊,,,,,,,,,新幹線在来線,0,0,1,1,0,0,0,在来線,0,0,0,0,4,ハピラインは便利だけど、揺れが激しい,,初めて,初めて,温泉や露天風呂地元の美味しいものを食べるその他,0,1,1,0,0,0,0,0,0,0,0,0,0,0,0,0,0,1,インターネット・アプリ,0,0,0,0,0,0,0,0,0,0,1,0,0,0,0,0,0,0,0,0,0,0,0,0,0,,,,"20,000円以上 30,000円未満",,"10,000円以上 20,000円未満",,"1,000円以上 3,000円未満","10,000円以上 20,000円未満",,,,,,,,,,5,5,,観光化されすぎず、静かなところがよい,,,,9,機会があれば行きたい,,あわら湯のまち エリア,,選択なし/該当施設なし,,選択なし/該当施設なし,,000000,あわら湯のまち エリア,1959,67,,1月,17.あわら湯のまち エリア,,
福井,2026/01/19 11:45:24,愛知県,男,60代,,400万円以上 500万円未満,友人,1泊,その他,,1泊,,,,,,,,,自家用車,1,0,0,0,0,0,0,自家用車,0,0,0,0,4,,,2～5回目,2～5回目,地元の美味しいものを食べる,0,0,1,0,0,0,0,0,0,0,0,0,0,0,0,0,0,0,観光展・物産展インターネット・アプリ,0,0,0,0,0,0,0,0,0,0,1,0,0,0,0,0,0,0,0,0,0,0,1,0,0,,,,"5,000円以上 10,000円未満",,"30,000円以上 40,000円未満",,使わない,"5,000円以上 10,000円未満",,,,,,,,,,5,5,,,,,,8,機会があれば行きたい,,湖上館パムコ（水月湖）エリア,,レインボーライン,,選択なし/該当施設なし,,000000,湖上館パムコ（水月湖）エリア,1961,65,,1月,82.湖上館パムコ（水月湖） エリア,三方五湖DMO(株),
福井,2026/01/19 11:39:39,岐阜県,男,60代,,400万円以上 500万円未満,友人,1泊,福井県外には宿泊しない,,1泊,,,,,,,,,自家用車,1,0,0,0,0,0,0,自家用車,0,0,0,0,,,,2～5回目,2～5回目,地元の美味しいものを食べる,0,0,1,0,0,0,0,0,0,0,0,0,0,0,0,0,0,0,インターネット・アプリ友人・知人,0,0,0,0,0,0,0,0,0,0,1,0,0,0,0,0,0,0,1,0,0,0,0,0,0,,,,"20,000円以上 30,000円未満",,"30,000円以上 40,000円未満",,"1,000円以上 3,000円未満","20,000円以上 30,000円未満",,,,,,,,,,4,4,,,,,,8,,,湖上館パムコ（水月湖）エリア,,選択なし/該当施設なし,,選択なし/該当施設なし,,000000,湖上館パムコ（水月湖）エリア,1961,65,,1月,82.湖上館パムコ（水月湖） エリア,三方五湖DMO(株),
福井,2026/01/19 11:22:44,福井県,女,70代,,分からない/無回答,自分ひとり,日帰り,福井県外には宿泊しない,,福井県内には宿泊しない,,,,,,,,,自家用車,1,0,0,0,0,0,0,自家用車,0,0,0,0,4,,,6～10回目,6～10回目,地元の美味しいものを食べる買い物、アウトレット,0,0,1,0,0,0,1,0,0,0,0,0,0,0,0,0,0,0,新聞・雑誌・ガイドブック観光パンフレット・ポスター,0,0,0,0,0,0,0,0,0,0,0,0,0,0,0,0,1,0,0,0,1,0,0,0,0,,,,"1,000円未満",,"5,000円以上 10,000円未満",,"5,000円以上 10,000円未満","5,000円以上 10,000円未満",,,,,,,,,,4,4,,,,,,10,また行きたい（1年以内）,,道の駅「南えちぜん山海里」 エリア,,選択なし/該当施設なし,,選択なし/該当施設なし,,000000,web,1954,72,,1月,58.道の駅「南えちぜん山海里」 エリア,,
福井,2026/01/19 10:55:37,京都府,男,50代,,100万円未満,夫婦2人,1泊,福井県外には宿泊しない,,1泊,,,,,,,,,在来線,0,0,0,1,0,0,0,その他,0,0,0,0,4,速い,,初めて,初めて,地元の美味しいものを食べる,0,0,1,0,0,0,0,0,0,0,0,0,0,0,0,0,0,0,インターネット・アプリ,0,0,0,0,0,0,0,0,0,0,1,0,0,0,0,0,0,0,0,0,0,0,0,0,0,,,,"10,000円以上 20,000円未満",,"50,000円以上 100,000円未満",,"50,000円以上 100,000円未満","50,000円以上 100,000円未満",,,,,,,,,,4,4,,,,,,5,機会があれば行きたい,,あわら湯のまち エリア,,瀧谷寺,,大本山永平寺,,000000,web,1967,59,,1月,17.あわら湯のまち エリア,,温泉はよかった
福井,2026/01/19 10:50:32,京都府,男,50代,,100万円未満,夫婦2人,1泊,福井県外には宿泊しない,,1泊,,,,,,,,,新幹線在来線,0,0,1,1,0,0,0,在来線,0,0,0,0,3,,,6～10回目,6～10回目,温泉や露天風呂地元の美味しいものを食べる,0,1,1,0,0,0,0,0,0,0,0,0,0,0,0,0,0,0,インターネット・アプリ,0,0,0,0,0,0,0,0,0,0,1,0,0,0,0,0,0,0,0,0,0,0,0,0,0,,,,"10,000円以上 20,000円未満",,"50,000円以上 100,000円未満",,"3,000円以上 5,000円未満","50,000円以上 100,000円未満",,,,,,,,,,3,3,,,,,,10,機会があれば行きたい,,福井駅前 エリア,,瀧谷寺,,大本山永平寺,,000000,web,1967,59,,1月,01.福井駅前 エリア,,交通の拠点だから
福井,2026/01/19 10:47:16,神奈川県,男,30代,,700万円以上 800万円未満,自分ひとり,2泊,福井県外には宿泊しない,,2泊,,,,,,,,,新幹線,0,0,1,0,0,0,0,その他,0,0,0,0,5,時間が新幹線の時間にちょうどよかった,,初めて,初めて,名所、旧跡の観光,0,0,0,0,1,0,0,0,0,0,0,0,0,0,0,0,0,0,観光協会等の案内所,0,0,0,0,0,0,0,0,0,0,0,0,0,0,0,0,0,0,0,0,0,1,0,0,0,,,,"20,000円以上 30,000円未満",,"50,000円以上 100,000円未満",,"3,000円以上 5,000円未満","10,000円以上 20,000円未満",,,,,,,,,,5,5,,,,,,9,また行きたい（1年以内）,,JR芦原温泉駅 エリア,,あわら温泉街,,選択なし/該当施設なし,,000000,大本山 永平寺 エリア,1988,38,,1月,16.JR芦原温泉駅 エリア,,
福井,2026/01/19 10:36:30,奈良県,男,60代,,"1,000万円以上 1,200万円未満",夫婦2人,1泊,福井県外には宿泊しない,,1泊,,,,,,,,,自家用車,1,0,0,0,0,0,0,自家用車,0,0,0,0,,,,初めて,初めて,地元の美味しいものを食べる,0,0,1,0,0,0,0,0,0,0,0,0,0,0,0,0,0,0,インターネット・アプリ,0,0,0,0,0,0,0,0,0,0,1,0,0,0,0,0,0,0,0,0,0,0,0,0,0,,,,"3,000円以上 5,000円未満",,"10,000円以上 20,000円未満",,"1,000円以上 3,000円未満","10,000円以上 20,000円未満",,,,,,,,,,4,4,,,,,,5,どちらともいえない,,美浜町レイクセンター エリア,,レインボーライン,,選択なし/該当施設なし,,000000,美浜町レイクセンター エリア,1964,62,,1月,75.美浜町レイクセンター エリア,三方五湖DMO(株),
福井,2026/01/19 10:35:52,奈良県,女,60代,,800万円以上 900万円未満,夫婦2人,1泊,福井県外には宿泊しない,,1泊,,,,,,,,,自家用車,1,0,0,0,0,0,0,自家用車,0,0,0,0,,,,初めて,初めて,地元の美味しいものを食べる,0,0,1,0,0,0,0,0,0,0,0,0,0,0,0,0,0,0,インターネット・アプリ,0,0,0,0,0,0,0,0,0,0,1,0,0,0,0,0,0,0,0,0,0,0,0,0,0,,,,"3,000円以上 5,000円未満",,"20,000円以上 30,000円未満",,"5,000円以上 10,000円未満","5,000円以上 10,000円未満",,,,,,,,,,5,4,,清潔、スタッフが親切,,,,8,機会があれば行きたい,,美浜町レイクセンター エリア,,水晶浜海水浴場,,五湖の駅,,000000,美浜町レイクセンター エリア,1960,66,,1月,75.美浜町レイクセンター エリア,三方五湖DMO(株),民宿のフグが美味しく価格も安かった
福井,2026/01/19 07:01:17,富山県,女,60代,,300万円以上 400万円未満,夫婦2人,日帰り,福井県外には宿泊しない,,福井県内には宿泊しない,,,,,,,,,自家用車,1,0,0,0,0,0,0,自家用車,0,0,0,0,,,,6～10回目,6～10回目,地元の美味しいものを食べる,0,0,1,0,0,0,0,0,0,0,0,0,0,0,0,0,0,0,Instagram,0,0,0,1,0,0,0,0,0,0,0,0,0,0,0,0,0,0,0,0,0,0,0,0,0,,,,"5,000円以上 10,000円未満",,使わない,,"5,000円以上 10,000円未満","5,000円以上 10,000円未満",,,,,,,,,,4,4,,ポイントサービスがあり良いと思う,,,,8,また行きたい（1年以内）,,越前そばの里 エリア,,選択なし/該当施設なし,,道の駅「越前」,,000000,越前そばの里 エリア,1961,65,,1月,37.越前そばの里 エリア,,そばの美味しさ
福井,2026/01/19 02:33:30,京都府,男,50代,,100万円以上 200万円未満,自分ひとり,1泊,石川県加賀市,,福井県内には宿泊しない,,,,,,,,,自家用車,1,0,0,0,0,0,0,自家用車,0,0,0,0,4,,,11回目以上,11回目以上,地元の美味しいものを食べる名所、旧跡の観光買い物、アウトレット,0,0,1,0,1,0,1,0,0,0,0,0,0,0,0,0,0,0,観光展・物産展その他,0,0,0,0,0,0,0,0,0,0,0,0,0,0,0,0,0,0,0,0,0,0,1,0,0,,,,"1,000円以上 3,000円未満",,使わない,,"1,000円以上 3,000円未満","1,000円以上 3,000円未満",,,,,,,,,,5,5,,,,,,9,また行きたい（1年以内）,,越前そばの里 エリア,,丸岡城,,越前大仏,,000000,越前そばの里 エリア,1970,56,,1月,37.越前そばの里 エリア,,
福井,2026/01/19 00:34:25,福井県,男,20代,,300万円以上 400万円未満,恋人,日帰り,福井県外には宿泊しない,,福井県内には宿泊しない,,,,,,,,,県外から訪れていない（福井県在住）,0,0,0,0,0,0,1,自家用車,0,0,0,0,4,自家用車だと敦賀市内の移動が楽だから。,,2～5回目,2～5回目,名所、旧跡の観光,0,0,0,0,1,0,0,0,0,0,0,0,0,0,0,0,0,0,観光パンフレット・ポスター観光連盟やDMOのHP,0,0,0,0,0,0,0,0,0,0,0,0,0,0,0,0,0,0,0,0,1,0,0,1,0,,,,"1,000円以上 3,000円未満",,使わない,,"1,000円以上 3,000円未満","5,000円以上 10,000円未満",,,,,,,,,,4,4,,,,,,7,福井県在住,,金ヶ崎 エリア,,氣比神宮,,道の駅「南えちぜん山海里」,,000000,うみんぴあ大飯 エリア,1999,27,,1月,64.金ヶ崎 エリア,,
福井,2026/01/20 20:24:20,大阪府,男,30代,,"1,500万円以上",自分ひとり,2泊,福井県外には宿泊しない,,2泊,,,,,,,,,自家用車,1,0,0,0,0,0,0,自家用車,0,0,0,0,,,,11回目以上,11回目以上,温泉や露天風呂友人・親戚を尋ねる出張など仕事関係,0,1,0,0,0,0,0,0,0,0,0,0,0,0,0,1,1,0,友人・知人,0,0,0,0,0,0,0,0,0,0,0,0,0,0,0,0,0,0,1,0,0,0,0,0,0,,,,"10,000円以上 20,000円未満",,"10,000円以上 20,000円未満",,"5,000円以上 10,000円未満","5,000円以上 10,000円未満",,,,,,,,,,5,5,,,,,,10,また行きたい（1年以内）,,道の駅みくに ふれあいパーク三里浜 エリア,,三國湊レトロ,親戚宅,選択なし/該当施設なし,,000000,道の駅みくに ふれあいパーク三里浜 エリア,1992,34,,1月,15.道の駅みくに ふれあいパーク三里浜 エリア,(一社)DMOさかい観光局,
福井,2026/01/20 16:46:03,大阪府,女,50代,,分からない/無回答,夫婦2人,1泊,福井県外には宿泊しない,,1泊,,,,,,,,,自家用車,1,0,0,0,0,0,0,自家用車,0,0,0,0,,,,6～10回目,6～10回目,スキー・スノボ、マリンスポーツ,0,0,0,0,0,0,0,0,0,0,0,0,1,0,0,0,0,0,インターネット・アプリ,0,0,0,0,0,0,0,0,0,0,1,0,0,0,0,0,0,0,0,0,0,0,0,0,0,,,,"10,000円以上 20,000円未満",,"10,000円以上 20,000円未満",,"10,000円以上 20,000円未満","10,000円以上 20,000円未満",,,,,,,,,,4,4,,,,,,6,また行きたい（1年以内）,,竹田エリア,,選択なし/該当施設なし,,選択なし/該当施設なし,,000000,竹田エリア,1967,59,,1月,91.竹田エリア,(一社)DMOさかい観光局,ゆったりと過ごせるし　食事が美味しい
福井,2026/01/20 13:27:13,東京都,女,60代,,200万円以上 300万円未満,夫婦2人,2泊,富山県,,1泊,,,,,,,,,飛行機旅行会社ツアーバス,0,0,0,0,1,1,0,旅行会社ツアーバス,0,0,0,0,5,知らない土地なので安心,,2～5回目,2～5回目,名所、旧跡の観光,0,0,0,0,1,0,0,0,0,0,0,0,0,0,0,0,0,0,新聞・雑誌・ガイドブック,0,0,0,0,0,0,0,0,0,0,0,0,0,0,0,0,1,0,0,0,0,0,0,0,0,,,,"5,000円以上 10,000円未満",,"50,000円以上 100,000円未満",,"3,000円以上 5,000円未満","20,000円以上 30,000円未満",,,,,,,,,,4,3,,,,,,6,機会があれば行きたい,,東尋坊 エリア,,越前そばの里,,選択なし/該当施設なし,,000000,web,1960,66,,1月,10.東尋坊 エリア,(一社)DMOさかい観光局,夏ならば良いと思う
福井,2026/01/20 13:00:19,東京都,女,70代,,分からない/無回答,友人,3泊,福井県外には宿泊しない,,3泊,,,,,,,,,新幹線,0,0,1,0,0,0,0,在来線,0,0,0,0,4,,,初めて,初めて,地元の美味しいものを食べる,0,0,1,0,0,0,0,0,0,0,0,0,0,0,0,0,0,0,インターネット・アプリ,0,0,0,0,0,0,0,0,0,0,1,0,0,0,0,0,0,0,0,0,0,0,0,0,0,,,,"100,000円以上",,"100,000円以上",,"1,000円以上 3,000円未満","20,000円以上 30,000円未満",,,,,,,,,,3,3,,まだ観光していません,,,,8,機会があれば行きたい,,三国湊 エリア,,選択なし/該当施設なし,,選択なし/該当施設なし,,000000,大本山 永平寺 エリア,1950,76,,1月,09.三国湊 エリア,(一社)DMOさかい観光局,
福井,2026/01/20 12:34:53,神奈川県,男,40代,,"1,000万円以上 1,200万円未満",夫婦2人,2泊,福井県外には宿泊しない,,2泊,,,,,,,,,自家用車,1,0,0,0,0,0,0,自家用車,0,0,0,0,5,,,初めて,初めて,地元の美味しいものを食べる名所、旧跡の観光テーマパーク（遊園地、動物園、博物館など）まちあるき、都市散策,0,0,1,0,1,1,0,0,0,0,1,0,0,0,0,0,0,0,インターネット・アプリTwitterInstagramFacebook友人・知人,1,0,0,1,0,1,0,0,0,0,1,0,0,0,0,0,0,0,1,0,0,0,0,0,0,,,,"20,000円以上 30,000円未満",,"20,000円以上 30,000円未満",,"1,000円未満","30,000円以上 40,000円未満",,,,,,,,,,5,5,,,,,,8,機会があれば行きたい,,大本山 永平寺 エリア,,大本山永平寺,,選択なし/該当施設なし,,000000,大本山 永平寺 エリア,1984,42,,1月,34.大本山 永平寺 エリア,,
福井,2026/01/20 12:30:03,京都府,女,70代,,600万円以上 700万円未満,友人,1泊,京都府,,1泊,,,,,,,,,新幹線在来線,0,0,1,1,0,0,0,路線バス,0,1,0,0,,とても楽しく満足しました！カニ食べに来て堪能しました！友人にも何十年振りに会いました！,,2～5回目,2～5回目,温泉や露天風呂地元の美味しいものを食べる友人・親戚を尋ねる,0,1,1,0,0,0,0,0,0,0,0,0,0,0,0,1,0,0,観光展・物産展新聞・雑誌・ガイドブック,0,0,0,0,0,0,0,0,0,0,0,0,0,0,0,0,1,0,0,0,0,0,1,0,0,,,,"10,000円以上 20,000円未満",,"40,000円以上 50,000円未満",,"20,000円以上 30,000円未満","20,000円以上 30,000円未満",,,,,,,,,,4,4,,,,,,3,機会があれば行きたい,,三国湊 エリア,,選択なし/該当施設なし,,三国サンセットビーチ,,000000,三国湊 エリア,1955,71,,1月,09.三国湊 エリア,(一社)DMOさかい観光局,
福井,2026/01/20 11:58:17,福井県,女,40代,,500万円以上 600万円未満,自分ひとり,日帰り,福井県外には宿泊しない,,福井県内には宿泊しない,,,,,,,,,自家用車,1,0,0,0,0,0,0,自家用車,0,0,0,0,,,,11回目以上,11回目以上,名所、旧跡の観光,0,0,0,0,1,0,0,0,0,0,0,0,0,0,0,0,0,0,観光展・物産展,0,0,0,0,0,0,0,0,0,0,0,0,0,0,0,0,0,0,0,0,0,0,1,0,0,,,,使わない,,使わない,,使わない,使わない,,,,,,,,,,3,3,,,,,,5,,,丸岡城 エリア,,選択なし/該当施設なし,,選択なし/該当施設なし,,000000,ふくい鮮いちば エリア,1984,42,,1月,13.丸岡城 エリア,(一社)DMOさかい観光局,
福井,2026/01/20 11:11:55,東京都,女,70代,,分からない/無回答,友人,3泊,福井県外には宿泊しない,,3泊,,,,,,,,,新幹線,0,0,1,0,0,0,0,路線バス,0,1,0,0,,,,初めて,初めて,地元の美味しいものを食べる,0,0,1,0,0,0,0,0,0,0,0,0,0,0,0,0,0,0,インターネット・アプリ,0,0,0,0,0,0,0,0,0,0,1,0,0,0,0,0,0,0,0,0,0,0,0,0,0,,,,"100,000円以上",,"100,000円以上",,"100,000円以上","20,000円以上 30,000円未満",,,,,,,,,,5,5,,,,,,10,機会があれば行きたい,,えちぜん鉄道 永平寺口駅 エリア,,選択なし/該当施設なし,,選択なし/該当施設なし,,000000,大本山 永平寺 エリア,1950,76,,1月,31.えちぜん鉄道 永平寺口駅 エリア,,
福井,2026/01/21 22:23:17,千葉県,男,60代,,"1,200万円以上 1,500万円未満",自分ひとり,1泊,福井県外には宿泊しない,,1泊,,,,,,,,,新幹線,0,0,1,0,0,0,0,在来線徒歩,0,0,1,0,3,特急が無くなり不便,,11回目以上,11回目以上,出張など仕事関係,0,0,0,0,0,0,0,0,0,0,0,0,0,0,0,0,1,0,友人・知人,0,0,0,0,0,0,0,0,0,0,0,0,0,0,0,0,0,0,1,0,0,0,0,0,0,,,,"30,000円以上 40,000円未満",,"5,000円以上 10,000円未満",,"20,000円以上 30,000円未満","20,000円以上 30,000円未満",,,,,,,,,,3,3,,同上,,,,4,また行きたい（1年以内）,,福井駅前 エリア（宿泊施設）,,道の駅「西山公園」,鯖江,選択なし/該当施設なし,,000000,福井駅前 エリア（宿泊施設）,1966,60,,1月,02.福井駅前 エリア（宿泊施設）,,鯖江の眼鏡
福井,2026/01/21 18:36:34,福井県,女,60代,,100万円以上 200万円未満,夫婦2人,1泊,石川県加賀市,,福井県内には宿泊しない,,,,,,,,,自家用車,1,0,0,0,0,0,0,自家用車,0,0,0,0,,,,初めて,初めて,名所、旧跡の観光,0,0,0,0,1,0,0,0,0,0,0,0,0,0,0,0,0,0,TV・ラジオ番組やCM,0,0,0,0,0,0,0,0,0,0,0,0,0,0,1,0,0,0,0,0,0,0,0,0,0,,,,"1,000円未満",,使わない,,"1,000円以上 3,000円未満","1,000円以上 3,000円未満",,,,,,,,,,4,4,,,,,,8,,,丸岡城 エリア,,選択なし/該当施設なし,,選択なし/該当施設なし,,000000,web,1963,63,,1月,13.丸岡城 エリア,(一社)DMOさかい観光局,
福井,2026/01/21 16:57:29,東京都,男,60代,,700万円以上 800万円未満,夫婦2人,2泊,愛知県,,1泊,,,,,,,,,自家用車,1,0,0,0,0,0,0,自家用車,0,0,0,0,3,,,初めて,初めて,地元の美味しいものを食べる名所、旧跡の観光,0,0,1,0,1,0,0,0,0,0,0,0,0,0,0,0,0,0,新聞・雑誌・ガイドブックインターネット・アプリInstagram,0,0,0,1,0,0,0,0,0,0,1,0,0,0,0,0,1,0,0,0,0,0,0,0,0,,,,"20,000円以上 30,000円未満",,"30,000円以上 40,000円未満",,"1,000円以上 3,000円未満","5,000円以上 10,000円未満",,,,,,,,,,4,5,,お蕎麦屋さんしか行ってないので他はわかりませんが、施設は、自宅を改装したような作りで、店の入口が分からず隠れ家的なところが良かったです。,,,,7,機会があれば行きたい,,えちぜん鉄道 松岡駅 エリア,,大本山永平寺,,東尋坊,,000000,えちぜん鉄道 松岡駅 エリア,1962,64,,1月,33.えちぜん鉄道 松岡駅 エリア,,越前蕎麦、越前蟹、羽二重餅どれもとても美味しかったです。
福井,2026/01/21 16:02:40,滋賀県,女,50代,,300万円以上 400万円未満,夫婦2人,日帰り,福井県外には宿泊しない,,福井県内には宿泊しない,,,,,,,,,自家用車,1,0,0,0,0,0,0,自家用車,0,0,0,0,5,,,2～5回目,2～5回目,地元の美味しいものを食べる,0,0,1,0,0,0,0,0,0,0,0,0,0,0,0,0,0,0,インターネット・アプリ,0,0,0,0,0,0,0,0,0,0,1,0,0,0,0,0,0,0,0,0,0,0,0,0,0,,,,"10,000円以上 20,000円未満",,使わない,,"1,000円未満","20,000円以上 30,000円未満",,,,,,,,,,5,5,,,,,,10,また行きたい（1年以内）,,道の駅「南えちぜん山海里」 エリア,,越前がにミュージアム,,花はす公園,,000000,道の駅「越前」 エリア,1975,51,,1月,58.道の駅「南えちぜん山海里」 エリア,,
福井,2026/01/21 15:31:31,滋賀県,女,50代,,300万円以上 400万円未満,夫婦2人,日帰り,福井県外には宿泊しない,,福井県内には宿泊しない,,,,,,,,,自家用車,1,0,0,0,0,0,0,自家用車,0,0,0,0,,,,2～5回目,2～5回目,地元の美味しいものを食べる,0,0,1,0,0,0,0,0,0,0,0,0,0,0,0,0,0,0,観光パンフレット・ポスターインターネット・アプリ,0,0,0,0,0,0,0,0,0,0,1,0,0,0,0,0,0,0,0,0,1,0,0,0,0,,,,"10,000円以上 20,000円未満",,使わない,,"3,000円以上 5,000円未満","20,000円以上 30,000円未満",,,,,,,,,,4,5,,,,,,10,また行きたい（1年以内）,,北陸新幹線 越前たけふ駅 エリア,,越前がにミュージアム,,選択なし/該当施設なし,,000000,道の駅「越前」 エリア,1975,51,,1月,38.北陸新幹線 越前たけふ駅 エリア,,
福井,2026/01/21 15:13:11,東京都,女,70代,,分からない/無回答,友人,3泊,福井県外には宿泊しない,,3泊,,,,,,,,,新幹線,0,0,1,0,0,0,0,在来線路線バス,0,1,0,0,4,,,2～5回目,2～5回目,地元の美味しいものを食べる,0,0,1,0,0,0,0,0,0,0,0,0,0,0,0,0,0,0,インターネット・アプリ,0,0,0,0,0,0,0,0,0,0,1,0,0,0,0,0,0,0,0,0,0,0,0,0,0,,,,"100,000円以上",,"100,000円以上",,"100,000円以上","20,000円以上 30,000円未満",,,,,,,,,,4,4,,休暇村越前三国で蟹を美味しくいただきました,,,,9,機会があれば行きたい,,越前松島水族館 エリア,,あわら温泉街,,三國湊レトロ,,000000,大本山 永平寺 エリア,1950,76,,1月,11.越前松島水族館 エリア,(一社)DMOさかい観光局,蟹が美味しい
福井,2026/01/21 13:47:23,福井県,男,60代,,600万円以上 700万円未満,夫婦2人,日帰り,福井県外には宿泊しない,,1泊,,,,,,,,,自家用車,1,0,0,0,0,0,0,自家用車,0,0,0,0,,,,11回目以上,11回目以上,温泉や露天風呂,0,1,0,0,0,0,0,0,0,0,0,0,0,0,0,0,0,0,友人・知人,0,0,0,0,0,0,0,0,0,0,0,0,0,0,0,0,0,0,1,0,0,0,0,0,0,,,,使わない,,使わない,,"1,000円以上 3,000円未満","3,000円以上 5,000円未満",,,,,,,,,,4,4,,,,,,8,,,道の駅「越前」 エリア,,選択なし/該当施設なし,,選択なし/該当施設なし,,000000,道の駅「越前」 エリア,1958,68,,1月,49.道の駅「越前」 エリア,一般社団法人 越前町観光連盟（DMO ECHIZEN）,
福井,2026/01/21 13:47:21,福井県,女,50代,,300万円以上 400万円未満,夫婦2人,日帰り,福井県外には宿泊しない,,福井県内には宿泊しない,,,,,,,,,県外から訪れていない（福井県在住）,0,0,0,0,0,0,1,自家用車,0,0,0,0,,,,11回目以上,11回目以上,地元の美味しいものを食べる,0,0,1,0,0,0,0,0,0,0,0,0,0,0,0,0,0,0,インターネット・アプリ,0,0,0,0,0,0,0,0,0,0,1,0,0,0,0,0,0,0,0,0,0,0,0,0,0,,,,使わない,,使わない,,"1,000円未満","5,000円以上 10,000円未満",,,,,,,,,,5,5,,,,,,9,,,道の駅「越前」 エリア,,選択なし/該当施設なし,,選択なし/該当施設なし,,000000,web,1968,58,,1月,49.道の駅「越前」 エリア,一般社団法人 越前町観光連盟（DMO ECHIZEN）,
福井,2026/01/21 13:35:12,滋賀県,女,60代,,500万円以上 600万円未満,団体旅行,2泊,石川県金沢市,,福井県内には宿泊しない,,,,,,,,,旅行会社ツアーバス,0,0,0,0,0,1,0,旅行会社ツアーバス,0,0,0,0,4,時間や交通手段を検討する必要がなかった,,初めて,初めて,地元の美味しいものを食べる買い物、アウトレット,0,0,1,0,0,0,1,0,0,0,0,0,0,0,0,0,0,0,その他,0,0,0,0,0,0,0,0,0,0,0,0,0,0,0,0,0,0,0,0,0,0,0,0,1,,,,"20,000円以上 30,000円未満",,使わない,,"1,000円未満","10,000円以上 20,000円未満",,,,,,,,,,4,4,,,,,,8,機会があれば行きたい,,敦賀市立博物館 エリア,,選択なし/該当施設なし,,日本海さかな街,,000000,敦賀市立博物館 エリア,1957,69,,1月,65.敦賀市立博物館 エリア,,
福井,2026/01/21 13:30:35,京都府,女,60代,,600万円以上 700万円未満,夫婦2人,日帰り,福井県外には宿泊しない,,福井県内には宿泊しない,,,,,,,,,自家用車,1,0,0,0,0,0,0,自家用車,0,0,0,0,,,,11回目以上,11回目以上,花見や紅葉などの自然鑑賞,0,0,0,1,0,0,0,0,0,0,0,0,0,0,0,0,0,0,観光パンフレット・ポスター,0,0,0,0,0,0,0,0,0,0,0,0,0,0,0,0,0,0,0,0,1,0,0,0,0,,,,"3,000円以上 5,000円未満",,使わない,,"1,000円以上 3,000円未満","5,000円以上 10,000円未満",,,,,,,,,,4,3,,,,,,10,また行きたい（1年以内）,,名田庄 エリア,,選択なし/該当施設なし,,選択なし/該当施設なし,,000000,名田庄 エリア,1966,60,,1月,86.名田庄 エリア,,
福井,2026/01/21 12:51:53,三重県,女,40代,,分からない/無回答,小学生以下連れの家族,2泊,福井県外には宿泊しない,,2泊,,,,,,,,,自家用車,1,0,0,0,0,0,0,自家用車,0,0,0,0,3,,,2～5回目,2～5回目,テーマパーク（遊園地、動物園、博物館など）スキー・スノボ、マリンスポーツ,0,0,0,0,0,1,0,0,0,0,0,0,1,0,0,0,0,0,Instagram,0,0,0,1,0,0,0,0,0,0,0,0,0,0,0,0,0,0,0,0,0,0,0,0,0,,,,"20,000円以上 30,000円未満",,"5,000円以上 10,000円未満",,"1,000円未満","20,000円以上 30,000円未満",,,,,,,,,,4,4,,,,,,10,機会があれば行きたい,,かつやま恐竜の森 エリア,,福井県立恐竜博物館,,選択なし/該当施設なし,,000000,かつやま恐竜の森 エリア,1982,44,,1月,25.かつやま恐竜の森 エリア,勝山市観光まちづくり(株),何度来ても発見ばかりで楽しく、皆さんに勧めたいです
福井,2026/01/21 12:31:06,滋賀県,男,70代,,300万円以上 400万円未満,夫婦2人,1泊,福井県外には宿泊しない,,1泊,,,,,,,,,自家用車,1,0,0,0,0,0,0,自家用車,0,0,0,0,,,,2～5回目,2～5回目,地元の美味しいものを食べる,0,0,1,0,0,0,0,0,0,0,0,0,0,0,0,0,0,0,宿泊施設,0,0,0,0,0,0,0,0,0,0,0,0,0,1,0,0,0,0,0,0,0,0,0,0,0,,,,"50,000円以上 100,000円未満",,"40,000円以上 50,000円未満",,"1,000円以上 3,000円未満","5,000円以上 10,000円未満",,,,,,,,,,4,4,,,,,,8,機会があれば行きたい,,越前そばの里 エリア,,福井駅,,彦根城（滋賀県）,,000000,web,1955,71,,1月,37.越前そばの里 エリア,,
福井,2026/01/21 12:09:53,福井県,女,50代,,300万円以上 400万円未満,夫婦2人,日帰り,福井県外には宿泊しない,,福井県内には宿泊しない,,,,,,,,,県外から訪れていない（福井県在住）,0,0,0,0,0,0,1,自家用車,0,0,0,0,,,,11回目以上,11回目以上,地元の美味しいものを食べる,0,0,1,0,0,0,0,0,0,0,0,0,0,0,0,0,0,0,インターネット・アプリ,0,0,0,0,0,0,0,0,0,0,1,0,0,0,0,0,0,0,0,0,0,0,0,0,0,,,,使わない,,使わない,,"1,000円以上 3,000円未満","5,000円以上 10,000円未満",,,,,,,,,,5,5,,,,,,9,,,劔神社 エリア,,選択なし/該当施設なし,,選択なし/該当施設なし,,000000,web,1968,58,,1月,51.劔神社 エリア,一般社団法人 越前町観光連盟（DMO ECHIZEN）,
福井,2026/01/21 12:08:33,福井県,男,60代,,600万円以上 700万円未満,夫婦2人,日帰り,福井県外には宿泊しない,,1泊,,,,,,,,,自家用車,1,0,0,0,0,0,0,自家用車,0,0,0,0,,,,6～10回目,6～10回目,温泉や露天風呂,0,1,0,0,0,0,0,0,0,0,0,0,0,0,0,0,0,0,友人・知人,0,0,0,0,0,0,0,0,0,0,0,0,0,0,0,0,0,0,1,0,0,0,0,0,0,,,,使わない,,使わない,,"1,000円以上 3,000円未満","3,000円以上 5,000円未満",,,,,,,,,,4,4,,,,,,7,,,劔神社 エリア,,選択なし/該当施設なし,,選択なし/該当施設なし,,000000,道の駅「越前」 エリア,1958,68,,1月,51.劔神社 エリア,一般社団法人 越前町観光連盟（DMO ECHIZEN）,
福井,2026/01/21 11:26:34,東京都,女,70代,,分からない/無回答,友人,3泊,福井県外には宿泊しない,,3泊,,,,,,,,,新幹線,0,0,1,0,0,0,0,在来線路線バス,0,1,0,0,4,本数は多くないけれど種類はあるので不自由は無かった,,2～5回目,2～5回目,地元の美味しいものを食べる,0,0,1,0,0,0,0,0,0,0,0,0,0,0,0,0,0,0,インターネット・アプリ,0,0,0,0,0,0,0,0,0,0,1,0,0,0,0,0,0,0,0,0,0,0,0,0,0,,,,"100,000円以上",,"100,000円以上",,"100,000円以上","20,000円以上 30,000円未満",,,,,,,,,,4,4,,,,,,9,機会があれば行きたい,,JR芦原温泉駅 エリア,,山代温泉（石川県）,,選択なし/該当施設なし,,000000,大本山 永平寺 エリア,1950,76,,1月,16.JR芦原温泉駅 エリア,,
福井,2026/01/21 11:22:22,長野県,女,20代,,200万円以上 300万円未満,職場の同僚,1泊,福井県外には宿泊しない,,1泊,,,,,,,,,新幹線,0,0,1,0,0,0,0,レンタカー,0,0,0,0,5,道が広くて雪もなく走りやすかった,,初めて,初めて,宿でのんびり過ごす温泉や露天風呂地元の美味しいものを食べる,1,1,1,0,0,0,0,0,0,0,0,0,0,0,0,0,0,0,インターネット・アプリ友人・知人,0,0,0,0,0,0,0,0,0,0,1,0,0,0,0,0,0,0,1,0,0,0,0,0,0,,,,"100,000円以上",,"100,000円以上",,"5,000円以上 10,000円未満","50,000円以上 100,000円未満",,,,,,,,,,5,5,,,,,,0,機会があれば行きたい,,かつやま恐竜の森 エリア,,選択なし/該当施設なし,お昼食べて帰ります,選択なし/該当施設なし,,000000,かつやま恐竜の森 エリア,1999,27,,1月,25.かつやま恐竜の森 エリア,勝山市観光まちづくり(株),福井といえば恐竜博物館というイメージありましたが、本当に一見の価値あるからぜひ！と勧めたくなる博物館でしたあわらで食べた海鮮、特にカニも美味しかったです
福井,2026/01/21 10:16:07,福井県,男,60代,,600万円以上 700万円未満,夫婦2人,日帰り,福井県外には宿泊しない,,1泊,,,,,,,,,自家用車,1,0,0,0,0,0,0,自家用車,0,0,0,0,,,,11回目以上,11回目以上,温泉や露天風呂,0,1,0,0,0,0,0,0,0,0,0,0,0,0,0,0,0,0,友人・知人,0,0,0,0,0,0,0,0,0,0,0,0,0,0,0,0,0,0,1,0,0,0,0,0,0,,,,使わない,,使わない,,使わない,"3,000円以上 5,000円未満",,,,,,,,,,3,3,,,,,,6,,,道の駅「南えちぜん山海里」 エリア,,選択なし/該当施設なし,,選択なし/該当施設なし,,000000,道の駅「越前」 エリア,1958,68,,1月,58.道の駅「南えちぜん山海里」 エリア,,
福井,2026/01/21 10:15:51,福井県,女,50代,,300万円以上 400万円未満,夫婦2人,日帰り,福井県外には宿泊しない,,福井県内には宿泊しない,,,,,,,,,県外から訪れていない（福井県在住）,0,0,0,0,0,0,1,自家用車,0,0,0,0,,,,11回目以上,11回目以上,地元の美味しいものを食べる,0,0,1,0,0,0,0,0,0,0,0,0,0,0,0,0,0,0,インターネット・アプリ,0,0,0,0,0,0,0,0,0,0,1,0,0,0,0,0,0,0,0,0,0,0,0,0,0,,,,使わない,,使わない,,"1,000円以上 3,000円未満","5,000円以上 10,000円未満",,,,,,,,,,5,5,,,,,,8,,,道の駅「南えちぜん山海里」 エリア,,選択なし/該当施設なし,,選択なし/該当施設なし,,000000,web,1968,58,,1月,58.道の駅「南えちぜん山海里」 エリア,,
福井,2026/01/21 09:23:17,福井県,男,50代,,100万円以上 200万円未満,恋人,1泊,福井県外には宿泊しない,,1泊,,,,,,,,,自家用車,1,0,0,0,0,0,0,自家用車,0,0,0,0,,,,初めて,初めて,名所、旧跡の観光,0,0,0,0,1,0,0,0,0,0,0,0,0,0,0,0,0,0,友人・知人,0,0,0,0,0,0,0,0,0,0,0,0,0,0,0,0,0,0,1,0,0,0,0,0,0,,,,"3,000円以上 5,000円未満",,"5,000円以上 10,000円未満",,"1,000円以上 3,000円未満","3,000円以上 5,000円未満",,,,,,,,,,3,3,,見る場所が少なく感じました。,,,,5,また行きたい（1年以内）,,道の駅「恐竜渓谷かつやま」 エリア,,丸岡城,,越前大野城,,000000,web,1974,52,,1月,26.道の駅「恐竜渓谷かつやま」 エリア,勝山市観光まちづくり(株),勝山の山々の雪景色
福井,2026/01/21 08:15:50,福井県,無回答,60代,,100万円未満,友人,日帰り,大阪府,,福井県内には宿泊しない,,,,,,,,,県外から訪れていない（福井県在住）,0,0,0,0,0,0,1,自家用車,0,0,0,0,,,,6～10回目,6～10回目,アウトドア（海水浴、釣り、登山など）,0,0,0,0,0,0,0,0,0,1,0,0,0,0,0,0,0,0,友人・知人,0,0,0,0,0,0,0,0,0,0,0,0,0,0,0,0,0,0,1,0,0,0,0,0,0,,,,"1,000円以上 3,000円未満",,"5,000円以上 10,000円未満",,"1,000円以上 3,000円未満","3,000円以上 5,000円未満",,,,,,,,,,4,3,,,,,,9,,,道の駅「恐竜渓谷かつやま」 エリア,,選択なし/該当施設なし,,選択なし/該当施設なし,,000000,道の駅「恐竜渓谷かつやま」 エリア,1965,61,,1月,26.道の駅「恐竜渓谷かつやま」 エリア,勝山市観光まちづくり(株),
福井,2026/01/21 08:07:59,千葉県,女,30代,,500万円以上 600万円未満,自分ひとり,1泊,福井県外には宿泊しない,,1泊,,,,,,,,,自家用車,1,0,0,0,0,0,0,自家用車,0,0,0,0,,,,初めて,初めて,テーマパーク（遊園地、動物園、博物館など）スポーツ観戦や芸能鑑賞（コンサート等）,0,0,0,0,0,1,0,0,1,0,0,0,0,0,0,0,0,0,宿泊施設,0,0,0,0,0,0,0,0,0,0,0,0,0,1,0,0,0,0,0,0,0,0,0,0,0,,,,"10,000円以上 20,000円未満",,"10,000円以上 20,000円未満",,使わない,"5,000円以上 10,000円未満",,,,,,,,,,5,5,,,,,,10,また行きたい（1年以内）,,道の駅みくに ふれあいパーク三里浜 エリア,,選択なし/該当施設なし,,選択なし/該当施設なし,,000000,web,1992,34,,1月,15.道の駅みくに ふれあいパーク三里浜 エリア,(一社)DMOさかい観光局,
福井,2026/01/21 07:44:02,滋賀県,男,70代,,300万円以上 400万円未満,夫婦2人,1泊,福井県外には宿泊しない,,1泊,,,,,,,,,自家用車,1,0,0,0,0,0,0,自家用車,0,0,0,0,,,,2～5回目,2～5回目,宿でのんびり過ごす地元の美味しいものを食べる,1,0,1,0,0,0,0,0,0,0,0,0,0,0,0,0,0,0,宿泊施設,0,0,0,0,0,0,0,0,0,0,0,0,0,1,0,0,0,0,0,0,0,0,0,0,0,,,,"50,000円以上 100,000円未満",,"40,000円以上 50,000円未満",,"40,000円以上 50,000円未満","5,000円以上 10,000円未満",,,,,,,,,,4,4,,部屋からは海が見え、温泉も良かった。,,,,8,機会があれば行きたい,,越前松島水族館 エリア,,選択なし/該当施設なし,福井県立歴史博物館,選択なし/該当施設なし,,000000,web,1955,71,,1月,11.越前松島水族館 エリア,(一社)DMOさかい観光局,荒々しい冬の海と美味しい蟹。
福井,2026/01/22 22:25:57,神奈川県,男,60代,,800万円以上 900万円未満,中学生以上連れの家族,4泊以上,福井県外には宿泊しない,,4泊以上,,,,,,,,,自家用車,1,0,0,0,0,0,0,自家用車,0,0,0,0,,,,2～5回目,2～5回目,友人・親戚を尋ねる,0,0,0,0,0,0,0,0,0,0,0,0,0,0,0,1,0,0,観光パンフレット・ポスターインターネット・アプリ,0,0,0,0,0,0,0,0,0,0,1,0,0,0,0,0,0,0,0,0,1,0,0,0,0,,,,"10,000円以上 20,000円未満",,使わない,,"5,000円以上 10,000円未満","30,000円以上 40,000円未満",,,,,,,,,,5,5,,,,,,10,また行きたい（1年以内）,,越前和紙の里 エリア,,越前陶芸村,,道の駅「禅の里」,,000000,web,1964,62,,1月,36.越前和紙の里 エリア,,大本山永平寺は有名ですが、その元になった永平寺町の吉峰寺を元旦に訪れました。このストーリーは最も有名になっても良いと思います。
福井,2026/01/22 19:57:28,福井県,男,50代,,"1,000万円以上 1,200万円未満",自分ひとり,日帰り,福井県外には宿泊しない,,福井県内には宿泊しない,,,,,,,,,県外から訪れていない（福井県在住）,0,0,0,0,0,0,1,自家用車,0,0,0,0,,,,11回目以上,11回目以上,その他スポーツ（ゴルフ、テニスなど）,0,0,0,0,0,0,0,0,0,0,0,0,0,1,0,0,0,1,InstagramFacebook,1,0,0,1,0,0,0,0,0,0,0,0,0,0,0,0,0,0,0,0,0,0,0,0,0,,,,"1,000円未満",,"1,000円未満",,"1,000円未満","1,000円未満",,,,,,,,,,5,5,,,,,,7,,,だるまちゃん広場 エリア,,選択なし/該当施設なし,,選択なし/該当施設なし,,000000,JR美浜駅 エリア,1970,56,,1月,42.だるまちゃん広場 エリア,,
福井,2026/01/22 13:50:46,兵庫県,男,30代,,300万円以上 400万円未満,自分ひとり,1泊,福井県外には宿泊しない,,1泊,,,,,,,,,自家用車,1,0,0,0,0,0,0,自家用車,0,0,0,0,,,,初めて,初めて,お祭りやイベントへの参加・見物,0,0,0,0,0,0,0,1,0,0,0,0,0,0,0,0,0,0,インターネット・アプリ,0,0,0,0,0,0,0,0,0,0,1,0,0,0,0,0,0,0,0,0,0,0,0,0,0,,,,"10,000円以上 20,000円未満",,"5,000円以上 10,000円未満",,"1,000円未満","5,000円以上 10,000円未満",,,,,,,,,,4,4,,,,,,5,,,道の駅「恐竜渓谷かつやま」 エリア,,選択なし/該当施設なし,,選択なし/該当施設なし,,000000,かつやま恐竜の森 エリア,1995,31,,1月,26.道の駅「恐竜渓谷かつやま」 エリア,勝山市観光まちづくり(株),
福井,2026/01/22 13:22:16,兵庫県,男,30代,,300万円以上 400万円未満,自分ひとり,1泊,福井県外には宿泊しない,,1泊,,,,,,,,,自家用車,1,0,0,0,0,0,0,自家用車,0,0,0,0,3,,,初めて,初めて,地元の美味しいものを食べるテーマパーク（遊園地、動物園、博物館など）お祭りやイベントへの参加・見物,0,0,1,0,0,1,0,1,0,0,0,0,0,0,0,0,0,0,インターネット・アプリ,0,0,0,0,0,0,0,0,0,0,1,0,0,0,0,0,0,0,0,0,0,0,0,0,0,,,,"10,000円以上 20,000円未満",,"5,000円以上 10,000円未満",,"3,000円以上 5,000円未満","5,000円以上 10,000円未満",,,,,,,,,,4,4,,,,,,8,,,かつやま恐竜の森 エリア,,選択なし/該当施設なし,,選択なし/該当施設なし,,000000,かつやま恐竜の森 エリア,1995,31,,1月,25.かつやま恐竜の森 エリア,勝山市観光まちづくり(株),
福井,2026/01/22 07:37:33,富山県,男,50代,,"1,000万円以上 1,200万円未満",自分ひとり,日帰り,福井県外には宿泊しない,,福井県内には宿泊しない,,,,,,,,,新幹線,0,0,1,0,0,0,0,在来線,0,0,0,0,3,,,11回目以上,11回目以上,出張など仕事関係,0,0,0,0,0,0,0,0,0,0,0,0,0,0,0,0,1,0,インターネット・アプリ,0,0,0,0,0,0,0,0,0,0,1,0,0,0,0,0,0,0,0,0,0,0,0,0,0,,,,"1,000円未満",,"1,000円未満",,"1,000円未満","1,000円未満",,,,,,,,,,4,4,,,,,,5,機会があれば行きたい,,JR敦賀駅前 エリア,,選択なし/該当施設なし,,選択なし/該当施設なし,,000000,web,1969,57,,1月,63.JR敦賀駅前 エリア,,
福井,2026/01/22 06:42:05,静岡県,男,70代,,"900万円以上 1,000万円未満",自分ひとり,1泊,福井県外には宿泊しない,,1泊,,,,,,,,,新幹線,0,0,1,0,0,0,0,タクシー,1,0,0,0,5,親切にしていただ来ました,,初めて,初めて,出張など仕事関係,0,0,0,0,0,0,0,0,0,0,0,0,0,0,0,0,1,0,観光パンフレット・ポスターインターネット・アプリ,0,0,0,0,0,0,0,0,0,0,1,0,0,0,0,0,0,0,0,0,1,0,0,0,0,,,,"30,000円以上 40,000円未満",,"5,000円以上 10,000円未満",,"3,000円以上 5,000円未満","10,000円以上 20,000円未満",,,,,,,,,,5,5,,,,,,10,また行きたい（1年以内）,,道の駅みくに ふれあいパーク三里浜 エリア,,丸岡城,,越前大仏,,000000,道の駅みくに ふれあいパーク三里浜 エリア,1955,71,,1月,15.道の駅みくに ふれあいパーク三里浜 エリア,(一社)DMOさかい観光局,
福井,2026/01/23 20:53:34,福井県,女,20代,,分からない/無回答,恋人,日帰り,福井県外には宿泊しない,,1泊,,,,,,,,,自家用車,1,0,0,0,0,0,0,自家用車,0,0,0,0,,,,11回目以上,11回目以上,地元の美味しいものを食べる,0,0,1,0,0,0,0,0,0,0,0,0,0,0,0,0,0,0,Instagram,0,0,0,1,0,0,0,0,0,0,0,0,0,0,0,0,0,0,0,0,0,0,0,0,0,,,,"1,000円以上 3,000円未満",,使わない,,使わない,"1,000円以上 3,000円未満",,,,,,,,,,5,5,,,,,,8,,,あわら湯のまち エリア,,選択なし/該当施設なし,,選択なし/該当施設なし,,000000,web,1997,29,,1月,17.あわら湯のまち エリア,,
福井,2026/01/23 19:48:49,福井県,男,60代,,400万円以上 500万円未満,親,1泊,福井県外には宿泊しない,,1泊,,,,,,,,,県外から訪れていない（福井県在住）,0,0,0,0,0,0,1,自家用車,0,0,0,0,,,,2～5回目,2～5回目,宿でのんびり過ごす温泉や露天風呂地元の美味しいものを食べる,1,1,1,0,0,0,0,0,0,0,0,0,0,0,0,0,0,0,観光パンフレット・ポスターTwitter,0,0,0,0,0,1,0,0,0,0,0,0,0,0,0,0,0,0,0,0,1,0,0,0,0,,,,"1,000円以上 3,000円未満",,"20,000円以上 30,000円未満",,"3,000円以上 5,000円未満","5,000円以上 10,000円未満",,,,,,,,,,4,4,,,,,,7,福井県在住,,越前松島水族館 エリア,,道の駅「さかい」（坂井地域交流センター「いねす」）,,選択なし/該当施設なし,,000000,一乗谷朝倉氏遺跡 エリア,1965,61,,1月,11.越前松島水族館 エリア,(一社)DMOさかい観光局,
福井,2026/01/23 18:58:59,福井県,女,60代,,100万円以上 200万円未満,夫婦2人,4泊以上,東京,,福井県内には宿泊しない,,,,,,,,,自家用車,1,0,0,0,0,0,0,自家用車,0,0,0,0,,,,2～5回目,2～5回目,まちあるき、都市散策,0,0,0,0,0,0,0,0,0,0,1,0,0,0,0,0,0,0,インターネット・アプリ,0,0,0,0,0,0,0,0,0,0,1,0,0,0,0,0,0,0,0,0,0,0,0,0,0,,,,"30,000円以上 40,000円未満",,"10,000円以上 20,000円未満",,"1,000円未満","1,000円未満",,,,,,,,,,4,4,,キレイで大きくて、カッコいい！,,,,4,また行きたい（1年以内）,,北陸新幹線 越前たけふ駅 エリア,,選択なし/該当施設なし,,選択なし/該当施設なし,,000000,JR敦賀駅前 エリア,1961,65,,1月,38.北陸新幹線 越前たけふ駅 エリア,,自然がいっぱいあるところ
福井,2026/01/23 17:17:10,愛知県,女,50代,,200万円以上 300万円未満,職場の同僚,日帰り,福井県外には宿泊しない,,福井県内には宿泊しない,,,,,,,,,旅行会社ツアーバス,0,0,0,0,0,1,0,旅行会社ツアーバス,0,0,0,0,4,,,初めて,初めて,出張など仕事関係,0,0,0,0,0,0,0,0,0,0,0,0,0,0,0,0,1,0,友人・知人,0,0,0,0,0,0,0,0,0,0,0,0,0,0,0,0,0,0,1,0,0,0,0,0,0,,,,"10,000円以上 20,000円未満",,使わない,,"1,000円以上 3,000円未満","5,000円以上 10,000円未満",,,,,,,,,,5,5,,店員さんが親切に対応してくださった。,,,,10,また行きたい（1年以内）,,越前そばの里 エリア,,選択なし/該当施設なし,,選択なし/該当施設なし,,000000,越前そばの里 エリア,1969,57,,1月,37.越前そばの里 エリア,,お蕎麦が美味しかった。店内が広く席数も多く開放感があった。注文後の待ち時間が短くてよかった。
福井,2026/01/23 16:55:03,茨城県,女,50代,,600万円以上 700万円未満,親,2泊,石川県加賀市,,1泊,,,,,,,,,旅行会社ツアーバス,0,0,0,0,0,1,0,旅行会社ツアーバス,0,0,0,0,5,,,初めて,初めて,地元の美味しいものを食べる,0,0,1,0,0,0,0,0,0,0,0,0,0,0,0,0,0,0,ブログ,0,0,0,0,0,0,0,0,1,0,0,0,0,0,0,0,0,0,0,0,0,0,0,0,0,,,,"50,000円以上 100,000円未満",,"10,000円以上 20,000円未満",,"1,000円未満","5,000円以上 10,000円未満",,,,,,,,,,3,4,,,,,,7,機会があれば行きたい,,越前そばの里 エリア,,一乗谷朝倉氏遺跡,越前海岸,選択なし/該当施設なし,,000000,かつやま恐竜の森 エリア,1975,51,,1月,37.越前そばの里 エリア,,
福井,2026/01/23 16:03:54,茨城県,女,50代,,600万円以上 700万円未満,親,2泊,石川県加賀市,,1泊,,,,,,,,,旅行会社ツアーバス,0,0,0,0,0,1,0,旅行会社ツアーバス,0,0,0,0,5,アクセス楽々,,2～5回目,2～5回目,地元の美味しいものを食べる,0,0,1,0,0,0,0,0,0,0,0,0,0,0,0,0,0,0,ブログ,0,0,0,0,0,0,0,0,1,0,0,0,0,0,0,0,0,0,0,0,0,0,0,0,0,,,,"50,000円以上 100,000円未満",,"10,000円以上 20,000円未満",,"1,000円未満","5,000円以上 10,000円未満",,,,,,,,,,5,5,,,,,,8,機会があれば行きたい,,一乗谷朝倉氏遺跡 エリア,,福井県立恐竜博物館,越前そばの里,選択なし/該当施設なし,,000000,かつやま恐竜の森 エリア,1975,51,,1月,06.一乗谷朝倉氏遺跡 エリア,,
福井,2026/01/23 14:33:14,大阪府,女,50代,,分からない/無回答,夫婦2人,1泊,福井県外には宿泊しない,,福井県内には宿泊しない,,,,,,,,,自家用車,1,0,0,0,0,0,0,自家用車,0,0,0,0,,,,初めて,初めて,宿でのんびり過ごす地元の美味しいものを食べる名所、旧跡の観光,1,0,1,0,1,0,0,0,0,0,0,0,0,0,0,0,0,0,インターネット・アプリ,0,0,0,0,0,0,0,0,0,0,1,0,0,0,0,0,0,0,0,0,0,0,0,0,0,,,,"5,000円以上 10,000円未満",,"5,000円以上 10,000円未満",,"1,000円未満","5,000円以上 10,000円未満",,,,,,,,,,4,4,,施設での紹介のビデオが詳しく説明があり、ガイドのようでわかりやすく、楽しめました。,,,,2,機会があれば行きたい,,一乗谷朝倉氏遺跡 エリア,,大本山永平寺,,選択なし/該当施設なし,,000000,一乗谷朝倉氏遺跡 エリア,1976,50,,1月,06.一乗谷朝倉氏遺跡 エリア,,
福井,2026/01/23 13:40:30,千葉県,女,40代,,300万円以上 400万円未満,夫婦2人,2泊,石川県金沢市,,2泊,,,,,,,,,レンタカー,0,1,0,0,0,0,0,レンタカー路線バス,0,1,0,0,4,,,11回目以上,11回目以上,温泉や露天風呂,0,1,0,0,0,0,0,0,0,0,0,0,0,0,0,0,0,0,観光連盟やDMOのHP,0,0,0,0,0,0,0,0,0,0,0,0,0,0,0,0,0,0,0,0,0,0,0,1,0,,,,"5,000円以上 10,000円未満",,"40,000円以上 50,000円未満",,"10,000円以上 20,000円未満","50,000円以上 100,000円未満",,,,,,,,,,4,3,,,,,,10,,,越前大仏 エリア,,越前大野城,,丸岡城,,000000,web,1978,48,,1月,28.越前大仏 エリア,勝山市観光まちづくり(株),
福井,2026/01/23 12:33:22,東京都,女,50代,,"1,500万円以上",夫婦2人,2泊,石川県金沢市,,1泊,,,,,,,,,新幹線,0,0,1,0,0,0,0,路線バス,0,1,0,0,,,,11回目以上,11回目以上,地元の美味しいものを食べる友人・親戚を尋ねる,0,0,1,0,0,0,0,0,0,0,0,0,0,0,0,1,0,0,インターネット・アプリ友人・知人,0,0,0,0,0,0,0,0,0,0,1,0,0,0,0,0,0,0,1,0,0,0,0,0,0,,,,"30,000円以上 40,000円未満",,"100,000円以上",,"5,000円以上 10,000円未満","20,000円以上 30,000円未満",,,,,,,,,,4,4,,,,,,8,,,JR芦原温泉駅 エリア,,選択なし/該当施設なし,,選択なし/該当施設なし,,000000,web,1967,59,,1月,16.JR芦原温泉駅 エリア,,
福井,2026/01/23 12:19:04,茨城県,女,50代,,600万円以上 700万円未満,親,2泊,石川県加賀市,,1泊,,,,,,,,,旅行会社ツアーバス,0,0,0,0,0,1,0,旅行会社ツアーバス,0,0,0,0,4,アクセスが楽々,,初めて,初めて,温泉や露天風呂地元の美味しいものを食べる,0,1,1,0,0,0,0,0,0,0,0,0,0,0,0,0,0,0,インターネット・アプリブログ,0,0,0,0,0,0,0,0,1,0,1,0,0,0,0,0,0,0,0,0,0,0,0,0,0,,,,"50,000円以上 100,000円未満",,"10,000円以上 20,000円未満",,"1,000円未満","5,000円以上 10,000円未満",,,,,,,,,,4,4,,,,,,10,機会があれば行きたい,,かつやま恐竜の森 エリア,,選択なし/該当施設なし,,一乗谷朝倉氏遺跡,,000000,かつやま恐竜の森 エリア,1975,51,,1月,25.かつやま恐竜の森 エリア,勝山市観光まちづくり(株),
福井,2026/01/23 08:01:32,東京都,女,50代,,"900万円以上 1,000万円未満",その他家族,2泊,福井県外には宿泊しない,,2泊,,,,,,,,,新幹線,0,0,1,0,0,0,0,タクシー,1,0,0,0,4,日の丸タクシーの方が親切だった,,2～5回目,2～5回目,宿でのんびり過ごす,1,0,0,0,0,0,0,0,0,0,0,0,0,0,0,0,0,0,インターネット・アプリタクシードライバーや地元の人,0,0,0,0,0,0,0,0,0,0,1,0,0,0,0,0,0,0,0,1,0,0,0,0,0,,,,"30,000円以上 40,000円未満",,"20,000円以上 30,000円未満",,"5,000円以上 10,000円未満","30,000円以上 40,000円未満",,,,,,,,,,4,5,,,,,,8,機会があれば行きたい,,越前海岸 北部 エリア,,選択なし/該当施設なし,,丸岡城,,000000,越前海岸 北部 エリア,1968,58,,1月,07.越前海岸 北部 エリア,,
福井,2026/01/24 23:33:49,大阪府,無回答,50代,,"1,000万円以上 1,200万円未満",夫婦2人,日帰り,福井県外には宿泊しない,,福井県内には宿泊しない,,,,,,,,,自家用車,1,0,0,0,0,0,0,自家用車,0,0,0,0,3,名田庄の道の駅、お土産、農産物少ない,,6～10回目,6～10回目,買い物、アウトレット,0,0,0,0,0,0,1,0,0,0,0,0,0,0,0,0,0,0,観光展・物産展,0,0,0,0,0,0,0,0,0,0,0,0,0,0,0,0,0,0,0,0,0,0,1,0,0,,,,"1,000円以上 3,000円未満",,"1,000円以上 3,000円未満",,"1,000円以上 3,000円未満","1,000円以上 3,000円未満",,,,,,,,,,4,4,,,,,,9,また行きたい（1年以内）,,名田庄 エリア,,道の駅「名田庄」,,越前大野城,,000000,名田庄 エリア,1970,56,,1月,86.名田庄 エリア,,
福井,2026/01/24 22:19:54,滋賀県,女,40代,,200万円以上 300万円未満,親,日帰り,福井県外には宿泊しない,,福井県内には宿泊しない,,,,,,,,,自家用車,1,0,0,0,0,0,0,自家用車,0,0,0,0,,,,2～5回目,2～5回目,ドライブ・ツーリング,0,0,0,0,0,0,0,0,0,0,0,0,0,0,1,0,0,0,インターネット・アプリ,0,0,0,0,0,0,0,0,0,0,1,0,0,0,0,0,0,0,0,0,0,0,0,0,0,,,,"3,000円以上 5,000円未満",,使わない,,"5,000円以上 10,000円未満","5,000円以上 10,000円未満",,,,,,,,,,4,4,,,,,,6,,,道の駅「若狭おばま」 エリア,,選択なし/該当施設なし,,選択なし/該当施設なし,,000000,道の駅「若狭おばま」 エリア,1983,43,,1月,68.道の駅「若狭おばま」 エリア,(株)まちづくり小浜,
福井,2026/01/24 22:18:51,滋賀県,女,40代,,200万円以上 300万円未満,親,日帰り,福井県外には宿泊しない,,福井県内には宿泊しない,,,,,,,,,自家用車,1,0,0,0,0,0,0,自家用車,0,0,0,0,,,,2～5回目,2～5回目,ドライブ・ツーリング,0,0,0,0,0,0,0,0,0,0,0,0,0,0,1,0,0,0,インターネット・アプリ,0,0,0,0,0,0,0,0,0,0,1,0,0,0,0,0,0,0,0,0,0,0,0,0,0,,,,"3,000円以上 5,000円未満",,使わない,,"3,000円以上 5,000円未満","5,000円以上 10,000円未満",,,,,,,,,,4,4,,,,,,6,,,道の駅「恐竜渓谷かつやま」 エリア,,選択なし/該当施設なし,,選択なし/該当施設なし,,000000,道の駅「若狭おばま」 エリア,1983,43,,1月,26.道の駅「恐竜渓谷かつやま」 エリア,勝山市観光まちづくり(株),
福井,2026/01/24 22:18:16,滋賀県,女,40代,,200万円以上 300万円未満,親,日帰り,福井県外には宿泊しない,,福井県内には宿泊しない,,,,,,,,,自家用車,1,0,0,0,0,0,0,自家用車,0,0,0,0,,,,2～5回目,2～5回目,地元の美味しいものを食べる名所、旧跡の観光ドライブ・ツーリング,0,0,1,0,1,0,0,0,0,0,0,0,0,0,1,0,0,0,新聞・雑誌・ガイドブックインターネット・アプリ,0,0,0,0,0,0,0,0,0,0,1,0,0,0,0,0,1,0,0,0,0,0,0,0,0,,,,"3,000円以上 5,000円未満",,使わない,,"3,000円以上 5,000円未満","5,000円以上 10,000円未満",,,,,,,,,,4,4,,,,,,6,,,越前大仏 エリア,,選択なし/該当施設なし,,選択なし/該当施設なし,,000000,道の駅「若狭おばま」 エリア,1983,43,,1月,28.越前大仏 エリア,勝山市観光まちづくり(株),
福井,2026/01/24 21:03:11,福井県,無回答,20代,,分からない/無回答,友人,日帰り,石川県金沢市,,福井県内には宿泊しない,,,,,,,,,県外から訪れていない（福井県在住）,0,0,0,0,0,0,1,路線バス,0,1,0,0,5,便利な,,2～5回目,2～5回目,温泉や露天風呂地元の美味しいものを食べるまちあるき、都市散策,0,1,1,0,0,0,0,0,0,0,1,0,0,0,0,0,0,0,友人・知人その他,0,0,0,0,0,0,0,0,0,0,0,0,0,0,0,0,0,0,1,0,0,0,0,0,0,,,,"1,000円以上 3,000円未満",,使わない,,"3,000円以上 5,000円未満","3,000円以上 5,000円未満",,,,,,,,,,5,5,,リラックスできてとてもフレンドリーなスタッフ,,,,9,福井県在住,,大本山 永平寺 エリア,,養浩館庭園,,レインボーライン,,000000,大本山 永平寺 エリア,1999,27,,1月,34.大本山 永平寺 エリア,,お寺や御朱印に興味があるなら、絶対にこれをお勧めします。それにとてもリラックスできます。
福井,2026/01/24 17:19:48,福井県,女,50代,,"1,200万円以上 1,500万円未満",その他家族,1泊,福井県外には宿泊しない,,1泊,,,,,,,,,県外から訪れていない（福井県在住）,0,0,0,0,0,0,1,自家用車,0,0,0,0,,,,2～5回目,2～5回目,地元の美味しいものを食べるまちあるき、都市散策,0,0,1,0,0,0,0,0,0,0,1,0,0,0,0,0,0,0,新聞・雑誌・ガイドブック,0,0,0,0,0,0,0,0,0,0,0,0,0,0,0,0,1,0,0,0,0,0,0,0,0,,,,使わない,,"10,000円以上 20,000円未満",,"1,000円以上 3,000円未満","20,000円以上 30,000円未満",,,,,,,,,,5,4,,大雪の中で、ハプニングも多かったが楽しく対応いただいた。,,,,8,また行きたい（1年以内）,,大本山 永平寺 エリア,,福井駅,,一乗谷朝倉氏遺跡,,000000,大本山 永平寺 エリア,1969,57,,1月,34.大本山 永平寺 エリア,,エシコト　山や　　の対応
福井,2026/01/24 16:19:25,京都府,男,50代,,100万円以上 200万円未満,自分ひとり,1泊,福井県外には宿泊しない,,1泊,,,,,,,,,自家用車,1,0,0,0,0,0,0,自家用車,0,0,0,0,5,毎度福井に来たときには昼食を食べに来てます。,,11回目以上,11回目以上,宿でのんびり過ごす温泉や露天風呂,1,1,0,0,0,0,0,0,0,0,0,0,0,0,0,0,0,0,新聞・雑誌・ガイドブック観光パンフレット・ポスターインターネット・アプリ,0,0,0,0,0,0,0,0,0,0,1,0,0,0,0,0,1,0,0,0,1,0,0,0,0,,,,"5,000円以上 10,000円未満",,"20,000円以上 30,000円未満",,"3,000円以上 5,000円未満","5,000円以上 10,000円未満",,,,,,,,,,5,5,,,,,,10,また行きたい（1年以内）,,越前そばの里 エリア,,選択なし/該当施設なし,,選択なし/該当施設なし,,000000,web,1972,54,,1月,37.越前そばの里 エリア,,
福井,2026/01/24 15:18:02,福井県,女,60代,,200万円以上 300万円未満,夫婦2人,1泊,石川県加賀市,,福井県内には宿泊しない,,,,,,,,,県外から訪れていない（福井県在住）,0,0,0,0,0,0,1,自家用車,0,0,0,0,,,,2～5回目,2～5回目,地元の美味しいものを食べる名所、旧跡の観光ドライブ・ツーリング,0,0,1,0,1,0,0,0,0,0,0,0,0,0,1,0,0,0,新聞・雑誌・ガイドブック観光パンフレット・ポスター,0,0,0,0,0,0,0,0,0,0,0,0,0,0,0,0,1,0,0,0,1,0,0,0,0,,,,"1,000円以上 3,000円未満",,使わない,,"3,000円以上 5,000円未満","1,000円以上 3,000円未満",,,,,,,,,,4,4,,,,,,5,,,北潟湖 エリア,,選択なし/該当施設なし,,選択なし/該当施設なし,,000000,六呂師高原 エリア,1958,68,,1月,20.北潟湖 エリア,,
福井,2026/01/24 12:44:18,大阪府,男,60代,,400万円以上 500万円未満,夫婦2人,1泊,福井県外には宿泊しない,,1泊,,,,,,,,,新幹線,0,0,1,0,0,0,0,その他,0,0,0,0,3,車の方が楽,,初めて,初めて,宿でのんびり過ごす温泉や露天風呂地元の美味しいものを食べる,1,1,1,0,0,0,0,0,0,0,0,0,0,0,0,0,0,0,TV・ラジオ番組やCM,0,0,0,0,0,0,0,0,0,0,0,0,0,0,1,0,0,0,0,0,0,0,0,0,0,,,,"20,000円以上 30,000円未満",,"50,000円以上 100,000円未満",,"10,000円以上 20,000円未満","30,000円以上 40,000円未満",,,,,,,,,,4,3,,,,,,7,また行きたい（1年以内）,,JR芦原温泉駅 エリア,,選択なし/該当施設なし,,選択なし/該当施設なし,,000000,一乗谷朝倉氏遺跡 エリア,1960,66,,1月,16.JR芦原温泉駅 エリア,,
福井,2026/01/24 12:31:27,千葉県,男,30代,,200万円以上 300万円未満,恋人,1泊,福井県外には宿泊しない,,1泊,,,,,,,,,新幹線在来線,0,0,1,1,0,0,0,その他,0,0,0,0,3,,,11回目以上,11回目以上,スポーツ観戦や芸能鑑賞（コンサート等）,0,0,0,0,0,0,0,0,1,0,0,0,0,0,0,0,0,0,Instagram,0,0,0,1,0,0,0,0,0,0,0,0,0,0,0,0,0,0,0,0,0,0,0,0,0,,,,"20,000円以上 30,000円未満",,"5,000円以上 10,000円未満",,"5,000円以上 10,000円未満","30,000円以上 40,000円未満",,,,,,,,,,5,5,,,,,,10,また行きたい（1年以内）,,福井駅前 エリア,,選択なし/該当施設なし,セーレン・ドリームアリーナ,選択なし/該当施設なし,,000000,web,1993,33,,1月,01.福井駅前 エリア,,
福井,2026/01/24 12:23:00,愛知県,女,50代,,100万円以上 200万円未満,その他家族,1泊,福井県外には宿泊しない,,1泊,,,,,,,,,新幹線在来線,0,0,1,1,0,0,0,路線バス,0,1,0,0,5,無料が嬉しい,,初めて,初めて,地元の美味しいものを食べるテーマパーク（遊園地、動物園、博物館など）,0,0,1,0,0,1,0,0,0,0,0,0,0,0,0,0,0,0,観光展・物産展観光連盟やDMOのHPインターネット・アプリ,0,0,0,0,0,0,0,0,0,0,1,0,0,0,0,0,0,0,0,0,0,0,1,1,0,,,,"10,000円以上 20,000円未満",,"10,000円以上 20,000円未満",,"3,000円以上 5,000円未満","10,000円以上 20,000円未満",,,,,,,,,,4,4,,,,,,5,機会があれば行きたい,,ふくい鮮いちば エリア,,選択なし/該当施設なし,,選択なし/該当施設なし,,000000,ふくい鮮いちば エリア,1976,50,,1月,05.ふくい鮮いちば エリア,,
福井,2026/01/24 11:45:21,愛知県,男,50代,,400万円以上 500万円未満,夫婦2人,日帰り,福井県外には宿泊しない,,福井県内には宿泊しない,,,,,,,,,自家用車,1,0,0,0,0,0,0,自家用車,0,0,0,0,4,,,初めて,初めて,地元の美味しいものを食べる名所、旧跡の観光買い物、アウトレット,0,0,1,0,1,0,1,0,0,0,0,0,0,0,0,0,0,0,インターネット・アプリ,0,0,0,0,0,0,0,0,0,0,1,0,0,0,0,0,0,0,0,0,0,0,0,0,0,,,,"3,000円以上 5,000円未満",,使わない,,"1,000円以上 3,000円未満","5,000円以上 10,000円未満",,,,,,,,,,4,4,,,,,,5,また行きたい（1年以内）,,一乗谷朝倉氏遺跡 エリア,,選択なし/該当施設なし,,選択なし/該当施設なし,,000000,web,1970,56,,1月,06.一乗谷朝倉氏遺跡 エリア,,
福井,2026/01/24 11:44:01,神奈川県,男,20代,,500万円以上 600万円未満,親,1泊,石川県金沢市,,福井県内には宿泊しない,,,,,,,,,レンタカー飛行機,0,1,0,0,1,0,0,レンタカー,0,0,0,0,,,,初めて,初めて,地元の美味しいものを食べる名所、旧跡の観光テーマパーク（遊園地、動物園、博物館など）,0,0,1,0,1,1,0,0,0,0,0,0,0,0,0,0,0,0,その他,0,0,0,0,0,0,0,0,0,0,0,0,0,0,0,0,0,0,0,0,0,0,0,0,1,,,,"10,000円以上 20,000円未満",,"3,000円以上 5,000円未満",,"1,000円以上 3,000円未満","3,000円以上 5,000円未満",,,,,,,,,,5,5,,,,,,9,,,東尋坊 エリア,,大本山永平寺,,福井県立恐竜博物館,,000000,東尋坊 エリア,2002,24,,1月,10.東尋坊 エリア,(一社)DMOさかい観光局,
福井,2026/01/24 10:51:00,東京都,女,50代,,"900万円以上 1,000万円未満",その他家族,2泊,福井県外には宿泊しない,,2泊,,,,,,,,,新幹線,0,0,1,0,0,0,0,タクシー,1,0,0,0,5,,,2～5回目,2～5回目,宿でのんびり過ごす,1,0,0,0,0,0,0,0,0,0,0,0,0,0,0,0,0,0,タクシードライバーや地元の人,0,0,0,0,0,0,0,0,0,0,0,0,0,0,0,0,0,0,0,1,0,0,0,0,0,,,,"30,000円以上 40,000円未満",,"20,000円以上 30,000円未満",,"10,000円以上 20,000円未満","30,000円以上 40,000円未満",,,,,,,,,,4,4,,,,,,7,機会があれば行きたい,,福井駅前 エリア,,選択なし/該当施設なし,,選択なし/該当施設なし,,000000,越前海岸 北部 エリア,1968,58,,1月,01.福井駅前 エリア,,
福井,2026/01/24 10:48:18,茨城県,女,50代,,600万円以上 700万円未満,親,2泊,石川県加賀市,,1泊,,,,,,,,,旅行会社ツアーバス,0,0,0,0,0,1,0,旅行会社ツアーバス,0,0,0,0,5,アクセスが楽々,,2～5回目,2～5回目,地元の美味しいものを食べる,0,0,1,0,0,0,0,0,0,0,0,0,0,0,0,0,0,0,ブログ,0,0,0,0,0,0,0,0,1,0,0,0,0,0,0,0,0,0,0,0,0,0,0,0,0,,,,"50,000円以上 100,000円未満",,"10,000円以上 20,000円未満",,"1,000円以上 3,000円未満","5,000円以上 10,000円未満",,,,,,,,,,4,4,,,,,,7,機会があれば行きたい,,東尋坊 エリア,,あわら温泉街,石川県へ行きます,選択なし/該当施設なし,,000000,かつやま恐竜の森 エリア,1975,51,,1月,10.東尋坊 エリア,(一社)DMOさかい観光局,
福井,2026/01/24 09:43:26,愛知県,男,50代,,"900万円以上 1,000万円未満",自分ひとり,2泊,京都府,,1泊,,,,,,,,,新幹線,0,0,1,0,0,0,0,徒歩,0,0,1,0,,,,11回目以上,11回目以上,友人・親戚を尋ねる出張など仕事関係,0,0,0,0,0,0,0,0,0,0,0,0,0,0,0,1,1,0,観光パンフレット・ポスター観光協会等の案内所,0,0,0,0,0,0,0,0,0,0,0,0,0,0,0,0,0,0,0,0,1,1,0,0,0,,,,"20,000円以上 30,000円未満",,"5,000円以上 10,000円未満",,"5,000円以上 10,000円未満","50,000円以上 100,000円未満",,,,,,,,,,4,4,,,,,,10,また行きたい（1年以内）,,福井駅前 エリア,,福井駅,,敦賀駅,,000000,福井駅前 エリア,1970,56,,1月,01.福井駅前 エリア,,
福井,2026/01/24 08:59:56,茨城県,女,50代,,600万円以上 700万円未満,親,2泊,石川県加賀市,,1泊,,,,,,,,,旅行会社ツアーバス,0,0,0,0,0,1,0,旅行会社ツアーバス,0,0,0,0,5,アクセス楽々,,初めて,初めて,地元の美味しいものを食べる,0,0,1,0,0,0,0,0,0,0,0,0,0,0,0,0,0,0,ブログ,0,0,0,0,0,0,0,0,1,0,0,0,0,0,0,0,0,0,0,0,0,0,0,0,0,,,,"50,000円以上 100,000円未満",,"10,000円以上 20,000円未満",,"5,000円以上 10,000円未満","5,000円以上 10,000円未満",,,,,,,,,,5,5,,,,,,10,機会があれば行きたい,,あわら湯のまち エリア,,福井県立恐竜博物館,,選択なし/該当施設なし,,000000,かつやま恐竜の森 エリア,1975,51,,1月,17.あわら湯のまち エリア,,
福井,2026/01/24 07:13:23,京都府,男,60代,,600万円以上 700万円未満,夫婦2人と犬1匹,1泊,福井県外には宿泊しない,,1泊,,,,,,,,,自家用車,1,0,0,0,0,0,0,自家用車,0,0,0,0,2,高速道路が通行止めで一般道も渋滞した。冬の交通網に問題あり。,,初めて,初めて,温泉や露天風呂,0,1,0,0,0,0,0,0,0,0,0,0,0,0,0,0,0,0,インターネット・アプリ,0,0,0,0,0,0,0,0,0,0,1,0,0,0,0,0,0,0,0,0,0,0,0,0,0,,,,"10,000円以上 20,000円未満",,"50,000円以上 100,000円未満",,"1,000円未満","3,000円以上 5,000円未満",,,,,,,,,,5,3,,,,,,2,機会があれば行きたい,,あわら湯のまち エリア,,選択なし/該当施設なし,,選択なし/該当施設なし,,000000,web,1960,66,,1月,17.あわら湯のまち エリア,,
福井,2026/01/24 00:28:40,愛知県,女,60代,,300万円以上 400万円未満,夫婦2人,日帰り,福井県外には宿泊しない,,福井県内には宿泊しない,,,,,,,,,自家用車,1,0,0,0,0,0,0,自家用車,0,0,0,0,,,,2～5回目,2～5回目,スキー・スノボ、マリンスポーツ,0,0,0,0,0,0,0,0,0,0,0,0,1,0,0,0,0,0,その他,0,0,0,0,0,0,0,0,0,0,0,0,0,0,0,0,0,0,0,0,0,0,0,0,1,,,,"20,000円以上 30,000円未満",,"10,000円以上 20,000円未満",,"5,000円以上 10,000円未満","20,000円以上 30,000円未満",,,,,,,,,,5,5,,,,,,10,また行きたい（1年以内）,,道の駅「恐竜渓谷かつやま」 エリア,,選択なし/該当施設なし,,選択なし/該当施設なし,,000000,道の駅「恐竜渓谷かつやま」 エリア,1966,60,,1月,26.道の駅「恐竜渓谷かつやま」 エリア,勝山市観光まちづくり(株),
福井,2026/01/25 19:42:07,富山県,女,50代,,分からない/無回答,夫婦2人,1泊,福井県外には宿泊しない,,1泊,,,,,,,,,自家用車,1,0,0,0,0,0,0,自家用車,0,0,0,0,,,,2～5回目,2～5回目,宿でのんびり過ごす地元の美味しいものを食べる,1,0,1,0,0,0,0,0,0,0,0,0,0,0,0,0,0,0,観光展・物産展新聞・雑誌・ガイドブック観光パンフレット・ポスターインターネット・アプリ観光協会等の案内所,0,0,0,0,0,0,0,0,0,0,1,0,0,0,0,0,1,0,0,0,1,1,1,0,0,,,,"3,000円以上 5,000円未満",,"20,000円以上 30,000円未満",,"5,000円以上 10,000円未満","5,000円以上 10,000円未満",,,,,,,,,,4,4,,,,,,8,また行きたい（1年以内）,,JR芦原温泉駅 エリア,,選択なし/該当施設なし,,選択なし/該当施設なし,,000000,あわら湯のまち エリア,1975,51,,1月,16.JR芦原温泉駅 エリア,,
福井,2026/01/25 19:28:26,石川県,女,50代,,100万円以上 200万円未満,自分ひとり,2泊,福井県外には宿泊しない,,2泊,,,,,,,,,自家用車,1,0,0,0,0,0,0,自家用車,0,0,0,0,4,,,2～5回目,2～5回目,友人・親戚を尋ねる,0,0,0,0,0,0,0,0,0,0,0,0,0,0,0,1,0,0,観光パンフレット・ポスター,0,0,0,0,0,0,0,0,0,0,0,0,0,0,0,0,0,0,0,0,1,0,0,0,0,,,,"3,000円以上 5,000円未満",,"3,000円以上 5,000円未満",,"5,000円以上 10,000円未満","5,000円以上 10,000円未満",,,,,,,,,,4,3,,,,,,7,また行きたい（1年以内）,,道の駅みくに ふれあいパーク三里浜 エリア,,丸岡城,,吉崎御坊跡,,000000,web,1968,58,,1月,15.道の駅みくに ふれあいパーク三里浜 エリア,(一社)DMOさかい観光局,
福井,2026/01/25 18:40:30,京都府,男,60代,,300万円以上 400万円未満,夫婦2人,日帰り,福井県外には宿泊しない,,福井県内には宿泊しない,,,,,,,,,自家用車,1,0,0,0,0,0,0,自家用車,0,0,0,0,,,,6～10回目,6～10回目,地元の美味しいものを食べる買い物、アウトレット,0,0,1,0,0,0,1,0,0,0,0,0,0,0,0,0,0,0,インターネット・アプリ,0,0,0,0,0,0,0,0,0,0,1,0,0,0,0,0,0,0,0,0,0,0,0,0,0,,,,"5,000円以上 10,000円未満",,使わない,,"3,000円以上 5,000円未満","3,000円以上 5,000円未満",,,,,,,,,,4,4,,距離もちょうどいい,,,,6,また行きたい（1年以内）,,道の駅「若狭おばま」 エリア,,選択なし/該当施設なし,滋賀県,選択なし/該当施設なし,,000000,道の駅「若狭おばま」 エリア,1957,69,,1月,68.道の駅「若狭おばま」 エリア,(株)まちづくり小浜,さばバーガーが美味しい
福井,2026/01/25 15:16:10,滋賀県,女,40代,,700万円以上 800万円未満,小学生以下連れの家族,1泊,福井県外には宿泊しない,,1泊,,,,,,,,,自家用車,1,0,0,0,0,0,0,自家用車,0,0,0,0,,,,初めて,初めて,地元の美味しいものを食べる,0,0,1,0,0,0,0,0,0,0,0,0,0,0,0,0,0,0,観光展・物産展観光連盟やDMOのHPインターネット・アプリ,0,0,0,0,0,0,0,0,0,0,1,0,0,0,0,0,0,0,0,0,0,0,1,1,0,,,,"10,000円以上 20,000円未満",,"50,000円以上 100,000円未満",,"1,000円未満","50,000円以上 100,000円未満",,,,,,,,,,5,5,,,,,,8,また行きたい（1年以内）,,刃物の里 エリア,,越前がにミュージアム,,選択なし/該当施設なし,,000000,web,1980,46,,1月,43.刃物の里 エリア,,
福井,2026/01/25 14:33:57,東京都,男,50代,,"900万円以上 1,000万円未満",夫婦2人,2泊,滋賀県,,1泊,,,,,,,,,新幹線,0,0,1,0,0,0,0,路線バス,0,1,0,0,4,,,初めて,初めて,名所、旧跡の観光,0,0,0,0,1,0,0,0,0,0,0,0,0,0,0,0,0,0,インターネット・アプリ,0,0,0,0,0,0,0,0,0,0,1,0,0,0,0,0,0,0,0,0,0,0,0,0,0,,,,"20,000円以上 30,000円未満",,"5,000円以上 10,000円未満",,"10,000円以上 20,000円未満","3,000円以上 5,000円未満",,,,,,,,,,5,4,,,,,,8,機会があれば行きたい,,あわら湯のまち エリア,,選択なし/該当施設なし,,選択なし/該当施設なし,,000000,東尋坊 エリア,1973,53,,1月,17.あわら湯のまち エリア,,
福井,2026/01/25 14:32:12,東京都,男,50代,,"900万円以上 1,000万円未満",夫婦2人,2泊,和倉温泉,,1泊,,,,,,,,,新幹線,0,0,1,0,0,0,0,路線バス,0,1,0,0,4,,,初めて,初めて,名所、旧跡の観光,0,0,0,0,1,0,0,0,0,0,0,0,0,0,0,0,0,0,インターネット・アプリ,0,0,0,0,0,0,0,0,0,0,1,0,0,0,0,0,0,0,0,0,0,0,0,0,0,,,,"20,000円以上 30,000円未満",,"5,000円以上 10,000円未満",,"10,000円以上 20,000円未満","3,000円以上 5,000円未満",,,,,,,,,,4,4,,,,,,5,機会があれば行きたい,,あわら湯のまち エリア,,東尋坊,,選択なし/該当施設なし,,000000,東尋坊 エリア,1973,53,,1月,17.あわら湯のまち エリア,,
福井,2026/01/25 14:21:22,福井県,女,60代,,400万円以上 500万円未満,夫婦2人,日帰り,福井県外には宿泊しない,,福井県内には宿泊しない,,,,,,,,,自家用車,1,0,0,0,0,0,0,自家用車,0,0,0,0,5,,,11回目以上,11回目以上,買い物、アウトレット,0,0,0,0,0,0,1,0,0,0,0,0,0,0,0,0,0,0,新聞・雑誌・ガイドブック観光パンフレット・ポスター,0,0,0,0,0,0,0,0,0,0,0,0,0,0,0,0,1,0,0,0,1,0,0,0,0,,,,"1,000円未満",,"3,000円以上 5,000円未満",,"3,000円以上 5,000円未満","1,000円以上 3,000円未満",,,,,,,,,,5,5,,,,,,8,福井県在住,,越前そばの里 エリア,,明城ファーム,,選択なし/該当施設なし,,000000,道の駅「恐竜渓谷かつやま」 エリア,1962,64,,1月,37.越前そばの里 エリア,,
福井,2026/01/25 13:59:45,広島県,男,20代,,500万円以上 600万円未満,自分ひとり,1泊,福井県外には宿泊しない,,2泊,,,,,,,,,在来線,0,0,0,1,0,0,0,路線バス,0,1,0,0,5,,,初めて,初めて,テーマパーク（遊園地、動物園、博物館など）,0,0,0,0,0,1,0,0,0,0,0,0,0,0,0,0,0,0,観光連盟やDMOのHP,0,0,0,0,0,0,0,0,0,0,0,0,0,0,0,0,0,0,0,0,0,0,0,1,0,,,,"10,000円以上 20,000円未満",,"5,000円以上 10,000円未満",,使わない,"5,000円以上 10,000円未満",,,,,,,,,,5,5,,,,,,8,また行きたい（1年以内）,,名勝 養浩館庭園 エリア,,一乗谷朝倉氏遺跡,,越前大野城,,000000,大本山 永平寺 エリア,1998,28,,1月,04.名勝 養浩館庭園 エリア,,
福井,2026/01/25 13:42:52,東京都,男,40代,,200万円以上 300万円未満,その他家族,2泊,福井県外には宿泊しない,,2泊,,,,,,,,,自家用車新幹線,1,0,1,0,0,0,0,自家用車,0,0,0,0,5,,,2～5回目,2～5回目,友人・親戚を尋ねる,0,0,0,0,0,0,0,0,0,0,0,0,0,0,0,1,0,0,友人・知人タクシードライバーや地元の人,0,0,0,0,0,0,0,0,0,0,0,0,0,0,0,0,0,0,1,1,0,0,0,0,0,,,,"10,000円以上 20,000円未満",,"10,000円以上 20,000円未満",,"5,000円以上 10,000円未満","3,000円以上 5,000円未満",,,,,,,,,,5,5,,,,,,9,また行きたい（1年以内）,,越前そばの里 エリア,,めがねミュージアム,,福井駅,,000000,越前そばの里 エリア,1986,40,,1月,37.越前そばの里 エリア,,
福井,2026/01/25 13:41:59,東京都,女,20代,,100万円以上 200万円未満,夫婦2人,3泊,実家,,福井県内には宿泊しない,,,,,,,,,新幹線,0,0,1,0,0,0,0,自家用車,0,0,0,0,5,,,11回目以上,11回目以上,地元の美味しいものを食べる友人・親戚を尋ねる,0,0,1,0,0,0,0,0,0,0,0,0,0,0,0,1,0,0,観光展・物産展,0,0,0,0,0,0,0,0,0,0,0,0,0,0,0,0,0,0,0,0,0,0,1,0,0,,,,"10,000円以上 20,000円未満",,使わない,,"1,000円以上 3,000円未満","1,000円以上 3,000円未満",,,,,,,,,,5,5,,,,,,10,福井県在住,,越前そばの里 エリア,,選択なし/該当施設なし,,選択なし/該当施設なし,,000000,越前そばの里 エリア,2002,24,,1月,37.越前そばの里 エリア,,
福井,2026/01/25 13:18:32,京都府,男,50代,,分からない/無回答,夫婦2人,日帰り,福井県外には宿泊しない,,福井県内には宿泊しない,,,,,,,,,自家用車,1,0,0,0,0,0,0,自家用車,0,0,0,0,5,,,2～5回目,2～5回目,温泉や露天風呂地元の美味しいものを食べる,0,1,1,0,0,0,0,0,0,0,0,0,0,0,0,0,0,0,インターネット・アプリ,0,0,0,0,0,0,0,0,0,0,1,0,0,0,0,0,0,0,0,0,0,0,0,0,0,,,,"5,000円以上 10,000円未満",,使わない,,"3,000円以上 5,000円未満","10,000円以上 20,000円未満",,,,,,,,,,5,5,,,,,,5,,,湖上館パムコ（水月湖）エリア,,選択なし/該当施設なし,,選択なし/該当施設なし,,000000,湖上館パムコ（水月湖）エリア,1974,52,,1月,82.湖上館パムコ（水月湖） エリア,三方五湖DMO(株),
福井,2026/01/25 12:48:56,東京都,女,40代,,500万円以上 600万円未満,夫婦2人,2泊,福井県外には宿泊しない,,2泊,,,,,,,,,レンタカー,0,1,0,0,0,0,0,レンタカー,0,0,0,0,5,大雪だったので、レンタカーでよかったです。,,初めて,初めて,地元の美味しいものを食べる名所、旧跡の観光テーマパーク（遊園地、動物園、博物館など）,0,0,1,0,1,1,0,0,0,0,0,0,0,0,0,0,0,0,新聞・雑誌・ガイドブック観光連盟やDMOのHPインターネット・アプリInstagram観光協会等の案内所,0,0,0,1,0,0,0,0,0,0,1,0,0,0,0,0,1,0,0,0,0,1,0,1,0,,,,"20,000円以上 30,000円未満",,"10,000円以上 20,000円未満",,"5,000円以上 10,000円未満","30,000円以上 40,000円未満",,,,,,,,,,5,5,,,,,,10,また行きたい（1年以内）,,かつやま恐竜の森 エリア,,丸岡城,,大本山永平寺,,000000,かつやま恐竜の森 エリア,1982,44,,1月,25.かつやま恐竜の森 エリア,勝山市観光まちづくり(株),こんなに恐竜の展示をしているところはないので是非もっと多くの人に来て欲しいです。恐竜が大好きな主人がとにかく喜んでいました。今度は子供を連れてきたいです。大人から子供まで楽しめてよいと思います。また、暖かくなったら、発掘体験にも参加したいです。
福井,2026/01/25 12:44:16,東京都,女,50代,,分からない/無回答,夫婦2人,2泊,石川県加賀市,,1泊,,,,,,,,,新幹線,0,0,1,0,0,0,0,在来線路線バス,0,1,0,0,4,寒い中暖かい安全な状態で移動出来る安心感。沿線の雪景色が美しい。こじんまりとしているけど清潔感がある車内。古いながら大切に手入れされた駅舎。よいと思います。,,初めて,初めて,宿でのんびり過ごす温泉や露天風呂地元の美味しいものを食べる名所、旧跡の観光買い物、アウトレットまちあるき、都市散策,1,1,1,0,1,0,1,0,0,0,1,0,0,0,0,0,0,0,新聞・雑誌・ガイドブックインターネット・アプリ,0,0,0,0,0,0,0,0,0,0,1,0,0,0,0,0,1,0,0,0,0,0,0,0,0,,,,"20,000円以上 30,000円未満",,"5,000円以上 10,000円未満",,"1,000円以上 3,000円未満","3,000円以上 5,000円未満",,,,,,,,,,4,5,,このエリアということであれば、閉店しているお店がバス停から続くので寂しげだし不安になりました。早く何かしらのお店が出来るとよいと思います。,,,,7,機会があれば行きたい,,東尋坊 エリア,,選択なし/該当施設なし,白川郷,選択なし/該当施設なし,,000000,web,1972,54,,1月,10.東尋坊 エリア,(一社)DMOさかい観光局,雪景色が綺麗、日本海の荒波が美しい、海産物が美味しそう。
福井,2026/01/25 12:37:01,福井県,男,60代,,400万円以上 500万円未満,夫婦2人,日帰り,福井県外には宿泊しない,,1泊,,,,,,,,,自家用車,1,0,0,0,0,0,0,自家用車,0,0,0,0,,,,6～10回目,6～10回目,宿でのんびり過ごす,1,0,0,0,0,0,0,0,0,0,0,0,0,0,0,0,0,0,その他,0,0,0,0,0,0,0,0,0,0,0,0,0,0,0,0,0,0,0,0,0,0,0,0,1,,,,"10,000円以上 20,000円未満",,"30,000円以上 40,000円未満",,"1,000円以上 3,000円未満","10,000円以上 20,000円未満",,,,,,,,,,4,4,,,,,,10,,,越前そばの里 エリア,,選択なし/該当施設なし,,選択なし/該当施設なし,,000000,越前そばの里 エリア,1961,65,,1月,37.越前そばの里 エリア,,
福井,2026/01/25 12:32:41,東京都,男,50代,,"900万円以上 1,000万円未満",夫婦2人,2泊,滋賀県,,1泊,,,,,,,,,新幹線,0,0,1,0,0,0,0,在来線路線バス,0,1,0,0,4,,,初めて,初めて,宿でのんびり過ごす温泉や露天風呂地元の美味しいものを食べる名所、旧跡の観光,1,1,1,0,1,0,0,0,0,0,0,0,0,0,0,0,0,0,新聞・雑誌・ガイドブック観光パンフレット・ポスターインターネット・アプリ,0,0,0,0,0,0,0,0,0,0,1,0,0,0,0,0,1,0,0,0,1,0,0,0,0,,,,"20,000円以上 30,000円未満",,"5,000円以上 10,000円未満",,"1,000円以上 3,000円未満","3,000円以上 5,000円未満",,,,,,,,,,4,4,,,,,,7,機会があれば行きたい,,東尋坊 エリア,,選択なし/該当施設なし,,和倉温泉郷（石川県）,,000000,東尋坊 エリア,1973,53,,1月,10.東尋坊 エリア,(一社)DMOさかい観光局,
福井,2026/01/25 12:18:27,東京都,男,50代,,"900万円以上 1,000万円未満",夫婦2人,2泊,和倉温泉,,1泊,,,,,,,,,新幹線,0,0,1,0,0,0,0,在来線路線バス,0,1,0,0,4,,,初めて,初めて,温泉や露天風呂名所、旧跡の観光,0,1,0,0,1,0,0,0,0,0,0,0,0,0,0,0,0,0,新聞・雑誌・ガイドブックインターネット・アプリ,0,0,0,0,0,0,0,0,0,0,1,0,0,0,0,0,1,0,0,0,0,0,0,0,0,,,,"20,000円以上 30,000円未満",,"5,000円以上 10,000円未満",,"1,000円以上 3,000円未満","3,000円以上 5,000円未満",,,,,,,,,,4,4,,,,,,5,機会があれば行きたい,,東尋坊 エリア,,選択なし/該当施設なし,,選択なし/該当施設なし,,000000,東尋坊 エリア,1973,53,,1月,10.東尋坊 エリア,(一社)DMOさかい観光局,
福井,2026/01/25 11:35:58,東京都,男,60代,,600万円以上 700万円未満,友人,1泊,福井県外には宿泊しない,,1泊,,,,,,,,,新幹線在来線,0,0,1,1,0,0,0,路線バス,0,1,0,0,4,,,2～5回目,2～5回目,名所、旧跡の観光,0,0,0,0,1,0,0,0,0,0,0,0,0,0,0,0,0,0,友人・知人,0,0,0,0,0,0,0,0,0,0,0,0,0,0,0,0,0,0,1,0,0,0,0,0,0,,,,"40,000円以上 50,000円未満",,"5,000円以上 10,000円未満",,"1,000円以上 3,000円未満","20,000円以上 30,000円未満",,,,,,,,,,4,4,,,,,,7,機会があれば行きたい,,大本山 永平寺 エリア,,選択なし/該当施設なし,,勝山城博物館,,000000,大本山 永平寺 エリア,1960,66,,1月,34.大本山 永平寺 エリア,,
福井,2026/01/25 09:12:17,広島県,男,20代,,500万円以上 600万円未満,自分ひとり,1泊,福井県外には宿泊しない,,2泊,,,,,,,,,新幹線在来線,0,0,1,1,0,0,0,在来線路線バス,0,1,0,0,5,,,初めて,初めて,宿でのんびり過ごすテーマパーク（遊園地、動物園、博物館など）,1,0,0,0,0,1,0,0,0,0,0,0,0,0,0,0,0,0,観光展・物産展観光連盟やDMOのHP,0,0,0,0,0,0,0,0,0,0,0,0,0,0,0,0,0,0,0,0,0,0,1,1,0,,,,"10,000円以上 20,000円未満",,"5,000円以上 10,000円未満",,"10,000円以上 20,000円未満","5,000円以上 10,000円未満",,,,,,,,,,5,5,,,,,,9,また行きたい（1年以内）,,大本山 永平寺 エリア,,丸岡城,,氣比神宮,,000000,大本山 永平寺 エリア,1998,28,,1月,34.大本山 永平寺 エリア,,
福井,2026/01/26 21:53:37,福井県,女,70代,,100万円未満,団体旅行,日帰り,福井県外には宿泊しない,,福井県内には宿泊しない,,,,,,,,,県外から訪れていない（福井県在住）,0,0,0,0,0,0,1,旅行会社ツアーバス,0,0,0,0,4,観光バスが新しかった,,2～5回目,2～5回目,地元の美味しいものを食べる買い物、アウトレット,0,0,1,0,0,0,1,0,0,0,0,0,0,0,0,0,0,0,観光展・物産展,0,0,0,0,0,0,0,0,0,0,0,0,0,0,0,0,0,0,0,0,0,0,1,0,0,,,,"5,000円以上 10,000円未満",,使わない,,"5,000円以上 10,000円未満","5,000円以上 10,000円未満",,,,,,,,,,4,4,,,,,,8,福井県在住,,道の駅「若狭おばま」 エリア,,暦会館,,選択なし/該当施設なし,,000000,道の駅「越前おおの荒島の郷」 エリア,1951,75,,1月,68.道の駅「若狭おばま」 エリア,(株)まちづくり小浜,日美でランチ美味しかった
福井,2026/01/26 21:52:50,福井県,男,20代,,500万円以上 600万円未満,友人,2泊,石川県加賀市,,2泊,,,,,,,,,レンタカー在来線,0,1,0,1,0,0,0,レンタカー,0,0,0,0,5,色々な場所に行けた。,,2～5回目,2～5回目,宿でのんびり過ごす温泉や露天風呂地元の美味しいものを食べるお祭りやイベントへの参加・見物まちあるき、都市散策,1,1,1,0,0,0,0,1,0,0,1,0,0,0,0,0,0,0,観光展・物産展観光パンフレット・ポスタータクシードライバーや地元の人,0,0,0,0,0,0,0,0,0,0,0,0,0,0,0,0,0,0,0,1,1,0,1,0,0,,,,"30,000円以上 40,000円未満",,"30,000円以上 40,000円未満",,"40,000円以上 50,000円未満","30,000円以上 40,000円未満",,,,,,,,,,5,5,,おいしい魚やカニ。温泉に入れた。,,,,10,また行きたい（1年以内）,,越前海岸 北部 エリア,,道の駅「若狭おばま」,,氣比神宮,,000000,越前海岸 北部 エリア,2004,22,,1月,07.越前海岸 北部 エリア,,日本海の景色とおいしい魚。
福井,2026/01/26 21:35:04,福井県,女,60代,,100万円未満,その他家族,2泊,京都府,,1泊,,,,,,,,,県外から訪れていない（福井県在住）,0,0,0,0,0,0,1,レンタカー,0,0,0,0,4,レンタカーで自由にどこでも行けたから,,2～5回目,2～5回目,温泉や露天風呂,0,1,0,0,0,0,0,0,0,0,0,0,0,0,0,0,0,0,新聞・雑誌・ガイドブック,0,0,0,0,0,0,0,0,0,0,0,0,0,0,0,0,1,0,0,0,0,0,0,0,0,,,,"30,000円以上 40,000円未満",,"50,000円以上 100,000円未満",,"50,000円以上 100,000円未満","30,000円以上 40,000円未満",,,,,,,,,,4,4,,温泉がとても気持ちよかった,,,,10,福井県在住,,越前海岸 北部 エリア,,選択なし/該当施設なし,,選択なし/該当施設なし,,000000,越前海岸 北部 エリア,1963,63,,1月,07.越前海岸 北部 エリア,,日本海の荒々しさや日本海の美味しい魚をみんなに知って欲しいから
福井,2026/01/26 21:02:21,福井県,男,70代,,100万円以上 200万円未満,友人,1泊,福井県外には宿泊しない,,1泊,,,,,,,,,自家用車,1,0,0,0,0,0,0,自家用車,0,0,0,0,4,使い易い,,11回目以上,11回目以上,温泉や露天風呂地元の美味しいものを食べる,0,1,1,0,0,0,0,0,0,0,0,0,0,0,0,0,0,0,観光展・物産展新聞・雑誌・ガイドブックTV・ラジオ番組やCM,0,0,0,0,0,0,0,0,0,0,0,0,0,0,1,0,1,0,0,0,0,0,1,0,0,,,,"1,000円以上 3,000円未満",,"10,000円以上 20,000円未満",,"3,000円以上 5,000円未満","10,000円以上 20,000円未満",,,,,,,,,,5,5,,買いたい品揃えが多い。,,,,10,機会があれば行きたい,,福井駅前 エリア,,選択なし/該当施設なし,温泉施設,選択なし/該当施設なし,,000000,道の駅「越前おおの荒島の郷」 エリア,1949,77,,1月,01.福井駅前 エリア,,食べ物が美味しい。
福井,2026/01/26 19:07:33,福井県,男,70代,,分からない/無回答,その他家族,1泊,京都府,,1泊,,,,,,,,,新幹線,0,0,1,0,0,0,0,自家用車,0,0,0,0,3,,,11回目以上,11回目以上,その他,0,0,0,0,0,0,0,0,0,0,0,0,0,0,0,0,0,1,インターネット・アプリ,0,0,0,0,0,0,0,0,0,0,1,0,0,0,0,0,0,0,0,0,0,0,0,0,0,,,,"20,000円以上 30,000円未満",,"5,000円以上 10,000円未満",,"10,000円以上 20,000円未満","5,000円以上 10,000円未満",,,,,,,,,,3,3,,,,,,7,機会があれば行きたい,,福井駅前 エリア（宿泊施設）,,選択なし/該当施設なし,,選択なし/該当施設なし,,000000,web,1949,77,,1月,02.福井駅前 エリア（宿泊施設）,,
福井,2026/01/26 17:11:30,福井県,女,50代,,600万円以上 700万円未満,自分ひとり,日帰り,福井県外には宿泊しない,,福井県内には宿泊しない,,,,,,,,,自家用車県外から訪れていない（福井県在住）,1,0,0,0,0,0,1,自家用車,0,0,0,0,,,,11回目以上,11回目以上,まちあるき、都市散策,0,0,0,0,0,0,0,0,0,0,1,0,0,0,0,0,0,0,Instagram,0,0,0,1,0,0,0,0,0,0,0,0,0,0,0,0,0,0,0,0,0,0,0,0,0,,,,使わない,,"1,000円以上 3,000円未満",,"3,000円以上 5,000円未満","3,000円以上 5,000円未満",,,,,,,,,,4,4,,,,,,7,福井県在住,,福井駅前 エリア,,選択なし/該当施設なし,くるふ,選択なし/該当施設なし,,000000,web,1974,52,,1月,01.福井駅前 エリア,,
福井,2026/01/26 13:45:44,滋賀県,男,50代,,600万円以上 700万円未満,団体旅行,1泊,福井県外には宿泊しない,,1泊,,,,,,,,,レンタカー,0,1,0,0,0,0,0,レンタカー,0,0,0,0,,,,初めて,初めて,温泉や露天風呂,0,1,0,0,0,0,0,0,0,0,0,0,0,0,0,0,0,0,インターネット・アプリ,0,0,0,0,0,0,0,0,0,0,1,0,0,0,0,0,0,0,0,0,0,0,0,0,0,,,,"5,000円以上 10,000円未満",,"10,000円以上 20,000円未満",,"3,000円以上 5,000円未満","10,000円以上 20,000円未満",,,,,,,,,,5,5,,落ち着いた感じ,,,,10,また行きたい（1年以内）,,越前そばの里 エリア,,丸岡城,,選択なし/該当施設なし,,000000,越前そばの里 エリア,1972,54,,1月,37.越前そばの里 エリア,,ホテルも良かったし対応が良かった
福井,2026/01/26 10:53:05,神奈川県,女,70代,,分からない/無回答,夫婦2人,1泊,石川県金沢市,,1泊,,,,,,,,,飛行機,0,0,0,0,1,0,0,路線バス,0,1,0,0,5,お得なフリー切符があり、宿でのキャッシュバックもありよかった,,2～5回目,2～5回目,地元の美味しいものを食べる,0,0,1,0,0,0,0,0,0,0,0,0,0,0,0,0,0,0,新聞・雑誌・ガイドブック観光パンフレット・ポスター観光協会等の案内所,0,0,0,0,0,0,0,0,0,0,0,0,0,0,0,0,1,0,0,0,1,1,0,0,0,,,,"30,000円以上 40,000円未満",,"50,000円以上 100,000円未満",,"40,000円以上 50,000円未満","5,000円以上 10,000円未満",,,,,,,,,,5,4,,,,,,8,機会があれば行きたい,,三国湊 エリア,,あわら温泉街,,選択なし/該当施設なし,,000000,web,1955,71,,1月,09.三国湊 エリア,(一社)DMOさかい観光局,蟹が美味しかった。
福井,2026/01/26 10:45:07,神奈川県,男,20代,,200万円以上 300万円未満,夫婦2人,2泊,石川県金沢市,,1泊,,,,,,,,,飛行機,0,0,0,0,1,0,0,在来線,0,0,0,0,3,遅れ,,初めて,初めて,地元の美味しいものを食べる,0,0,1,0,0,0,0,0,0,0,0,0,0,0,0,0,0,0,観光展・物産展インターネット・アプリ,0,0,0,0,0,0,0,0,0,0,1,0,0,0,0,0,0,0,0,0,0,0,1,0,0,,,,"10,000円以上 20,000円未満",,"5,000円以上 10,000円未満",,"10,000円以上 20,000円未満","10,000円以上 20,000円未満",,,,,,,,,,4,4,,少し寒い,,,,5,機会があれば行きたい,,三国湊 エリア,,選択なし/該当施設なし,,北の庄城址・柴田公園,,000000,三国湊 エリア,2000,26,,1月,09.三国湊 エリア,(一社)DMOさかい観光局,
福井,2026/01/26 10:26:06,東京都,男,50代,,"900万円以上 1,000万円未満",夫婦2人,2泊,和倉温泉,,1泊,,,,,,,,,新幹線,0,0,1,0,0,0,0,路線バス,0,1,0,0,,,,初めて,初めて,名所、旧跡の観光,0,0,0,0,1,0,0,0,0,0,0,0,0,0,0,0,0,0,インターネット・アプリ,0,0,0,0,0,0,0,0,0,0,1,0,0,0,0,0,0,0,0,0,0,0,0,0,0,,,,"20,000円以上 30,000円未満",,"5,000円以上 10,000円未満",,"5,000円以上 10,000円未満","3,000円以上 5,000円未満",,,,,,,,,,5,5,,,,,,10,機会があれば行きたい,,JR芦原温泉駅 エリア,,選択なし/該当施設なし,,選択なし/該当施設なし,,000000,東尋坊 エリア,1973,53,,1月,16.JR芦原温泉駅 エリア,,
福井,2026/01/26 10:23:59,東京都,男,50代,,"900万円以上 1,000万円未満",夫婦2人,2泊,滋賀県,,1泊,,,,,,,,,新幹線,0,0,1,0,0,0,0,路線バス,0,1,0,0,5,,,初めて,初めて,名所、旧跡の観光,0,0,0,0,1,0,0,0,0,0,0,0,0,0,0,0,0,0,インターネット・アプリ,0,0,0,0,0,0,0,0,0,0,1,0,0,0,0,0,0,0,0,0,0,0,0,0,0,,,,"20,000円以上 30,000円未満",,"5,000円以上 10,000円未満",,"5,000円以上 10,000円未満","3,000円以上 5,000円未満",,,,,,,,,,5,5,,,,,,10,機会があれば行きたい,,JR芦原温泉駅 エリア,,選択なし/該当施設なし,,選択なし/該当施設なし,,000000,東尋坊 エリア,1973,53,,1月,16.JR芦原温泉駅 エリア,,
福井,2026/01/26 09:52:07,東京都,女,50代,,分からない/無回答,夫婦2人,2泊,石川県加賀市,,1泊,,,,,,,,,新幹線,0,0,1,0,0,0,0,在来線路線バス,0,1,0,0,4,車窓の景色が良い,,初めて,初めて,まちあるき、都市散策,0,0,0,0,0,0,0,0,0,0,1,0,0,0,0,0,0,0,インターネット・アプリ,0,0,0,0,0,0,0,0,0,0,1,0,0,0,0,0,0,0,0,0,0,0,0,0,0,,,,"20,000円以上 30,000円未満",,"5,000円以上 10,000円未満",,"1,000円以上 3,000円未満","3,000円以上 5,000円未満",,,,,,,,,,5,4,,綺麗で飲み物が充実,,,,7,機会があれば行きたい,,あわら湯のまち エリア,,東尋坊,,和倉温泉郷（石川県）,,000000,web,1972,54,,1月,17.あわら湯のまち エリア,,初めて来たけど良い温泉がある
福井,2026/01/26 08:53:08,石川県,女,50代,,200万円以上 300万円未満,中学生以上連れの家族,日帰り,福井県外には宿泊しない,,福井県内には宿泊しない,,,,,,,,,自家用車,1,0,0,0,0,0,0,自家用車,0,0,0,0,,,,6～10回目,6～10回目,地元の美味しいものを食べる買い物、アウトレット,0,0,1,0,0,0,1,0,0,0,0,0,0,0,0,0,0,0,観光パンフレット・ポスター,0,0,0,0,0,0,0,0,0,0,0,0,0,0,0,0,0,0,0,0,1,0,0,0,0,,,,使わない,,使わない,,"1,000円以上 3,000円未満","1,000円以上 3,000円未満",,,,,,,,,,5,5,,空気が澄んでる,,,,10,また行きたい（1年以内）,,北潟湖 エリア,,選択なし/該当施設なし,,選択なし/該当施設なし,,000000,北潟湖 エリア,1971,55,,1月,20.北潟湖 エリア,,空気のきれいな静かで穏やかに過ごせるので
福井,2026/01/26 08:38:02,大阪府,女,50代,,500万円以上 600万円未満,自分ひとり,1泊,福井県外には宿泊しない,,1泊,,,,,,,,,自家用車,1,0,0,0,0,0,0,自家用車,0,0,0,0,,,,初めて,初めて,スキー・スノボ、マリンスポーツ,0,0,0,0,0,0,0,0,0,0,0,0,1,0,0,0,0,0,インターネット・アプリ,0,0,0,0,0,0,0,0,0,0,1,0,0,0,0,0,0,0,0,0,0,0,0,0,0,,,,"5,000円以上 10,000円未満",,"3,000円以上 5,000円未満",,"1,000円未満","3,000円以上 5,000円未満",,,,,,,,,,3,3,,,,,,7,また行きたい（1年以内）,,道の駅「恐竜渓谷かつやま」 エリア,,福井和泉スキー場,,道の駅「河野」,,000000,越前大野城・城下町 エリア,1974,52,,1月,26.道の駅「恐竜渓谷かつやま」 エリア,勝山市観光まちづくり(株),
福井,2026/01/27 21:43:50,滋賀県,女,30代,,300万円以上 400万円未満,夫婦2人,1泊,福井県外には宿泊しない,,1泊,,,,,,,,,在来線,0,0,0,1,0,0,0,在来線路線バス,0,1,0,0,5,寒い地域だからか、駅にあったかスポットがあって地域の方々も日常で使われている様子にほっこりしました。初めて小浜まで路線バスを使いましたが、雪景色に癒されて、あっという間の1時間でした。あたたかく迎えてくださった福井の皆さま、ありがとうございます^_^,,2～5回目,2～5回目,宿でのんびり過ごす地元の美味しいものを食べる,1,0,1,0,0,0,0,0,0,0,0,0,0,0,0,0,0,0,インターネット・アプリInstagram,0,0,0,1,0,0,0,0,0,0,1,0,0,0,0,0,0,0,0,0,0,0,0,0,0,,,,"5,000円以上 10,000円未満",,"40,000円以上 50,000円未満",,"50,000円以上 100,000円未満","5,000円以上 10,000円未満",,,,,,,,,,5,5,,とにかく景色がよく、雪や海をみたいと思って旅行を計画した私たちは癒されました！,,,,10,また行きたい（1年以内）,,小浜市 阿納 エリア,,選択なし/該当施設なし,,敦賀駅,,000000,web,1995,31,,1月,67.小浜市 阿納 エリア,(株)まちづくり小浜,今度は家族と旅行にこようと話しています！
福井,2026/01/27 20:49:59,大阪府,男,50代,,500万円以上 600万円未満,職場の同僚,日帰り,福井県外には宿泊しない,,1泊,,,,,,,,,自家用車,1,0,0,0,0,0,0,自家用車,0,0,0,0,,,,初めて,初めて,出張など仕事関係,0,0,0,0,0,0,0,0,0,0,0,0,0,0,0,0,1,0,宿泊施設,0,0,0,0,0,0,0,0,0,0,0,0,0,1,0,0,0,0,0,0,0,0,0,0,0,,,,使わない,,"5,000円以上 10,000円未満",,"1,000円以上 3,000円未満","5,000円以上 10,000円未満",,,,,,,,,,4,4,,,,,,3,また行きたい（1年以内）,,道の駅みくに ふれあいパーク三里浜 エリア,,選択なし/該当施設なし,,選択なし/該当施設なし,,000000,道の駅みくに ふれあいパーク三里浜 エリア,1973,53,,1月,15.道の駅みくに ふれあいパーク三里浜 エリア,(一社)DMOさかい観光局,
福井,2026/01/27 16:31:31,愛知県,女,60代,,400万円以上 500万円未満,夫婦2人,1泊,福井県外には宿泊しない,,1泊,,,,,,,,,自家用車,1,0,0,0,0,0,0,自家用車,0,0,0,0,,,,初めて,初めて,スキー・スノボ、マリンスポーツ,0,0,0,0,0,0,0,0,0,0,0,0,1,0,0,0,0,0,インターネット・アプリ,0,0,0,0,0,0,0,0,0,0,1,0,0,0,0,0,0,0,0,0,0,0,0,0,0,,,,"10,000円以上 20,000円未満",,"10,000円以上 20,000円未満",,"5,000円以上 10,000円未満","10,000円以上 20,000円未満",,,,,,,,,,4,4,,,,,,7,また行きたい（1年以内）,,丸岡城 エリア,,選択なし/該当施設なし,,スキージャム勝山,,000000,丸岡城 エリア,1957,69,,1月,13.丸岡城 エリア,(一社)DMOさかい観光局,
福井,2026/01/27 14:06:47,愛知県,女,70代,,100万円以上 200万円未満,団体旅行,日帰り,福井県外には宿泊しない,,福井県内には宿泊しない,,,,,,,,,旅行会社ツアーバス,0,0,0,0,0,1,0,旅行会社ツアーバス,0,0,0,0,4,,,2～5回目,2～5回目,名所、旧跡の観光,0,0,0,0,1,0,0,0,0,0,0,0,0,0,0,0,0,0,その他,0,0,0,0,0,0,0,0,0,0,0,0,0,0,0,0,0,0,0,0,0,0,0,0,1,,,,使わない,,"1,000円以上 3,000円未満",,"1,000円以上 3,000円未満","1,000円以上 3,000円未満",,,,,,,,,,4,3,,,,,,7,機会があれば行きたい,,大本山 永平寺 エリア,,大本山永平寺,,選択なし/該当施設なし,,000000,大本山 永平寺 エリア,1954,72,,1月,34.大本山 永平寺 エリア,,
福井,2026/01/27 13:44:02,福井県,男,70代,,分からない/無回答,その他家族,1泊,京都府,,1泊,,,,,,,,,新幹線,0,0,1,0,0,0,0,タクシー,1,0,0,0,3,,,11回目以上,11回目以上,その他,0,0,0,0,0,0,0,0,0,0,0,0,0,0,0,0,0,1,インターネット・アプリ,0,0,0,0,0,0,0,0,0,0,1,0,0,0,0,0,0,0,0,0,0,0,0,0,0,,,,"20,000円以上 30,000円未満",,"5,000円以上 10,000円未満",,"5,000円以上 10,000円未満","5,000円以上 10,000円未満",,,,,,,,,,3,3,,,,,,7,機会があれば行きたい,,福井駅前 エリア,,選択なし/該当施設なし,,選択なし/該当施設なし,,000000,web,1949,77,,1月,01.福井駅前 エリア,,
福井,2026/01/27 12:34:58,愛知県,男,60代,,600万円以上 700万円未満,夫婦2人,3泊,石川県金沢市,,2泊,,,,,,,,,新幹線在来線,0,0,1,1,0,0,0,路線バス,0,1,0,0,4,,,初めて,初めて,宿でのんびり過ごす温泉や露天風呂地元の美味しいものを食べる名所、旧跡の観光,1,1,1,0,1,0,0,0,0,0,0,0,0,0,0,0,0,0,インターネット・アプリ,0,0,0,0,0,0,0,0,0,0,1,0,0,0,0,0,0,0,0,0,0,0,0,0,0,,,,"20,000円以上 30,000円未満",,"30,000円以上 40,000円未満",,"3,000円以上 5,000円未満","20,000円以上 30,000円未満",,,,,,,,,,4,4,,永平寺が素晴らしい,,,,8,機会があれば行きたい,,大本山 永平寺 エリア,,大本山永平寺,,東尋坊,,000000,大本山 永平寺 エリア,1966,60,,1月,34.大本山 永平寺 エリア,,永平寺の素晴らしさ
福井,2026/01/27 12:30:24,愛知県,女,50代,,分からない/無回答,夫婦2人,3泊,石川県金沢市,,1泊,,,,,,,,,新幹線,0,0,1,0,0,0,0,路線バス,0,1,0,0,4,スムーズに来れたから,,初めて,初めて,宿でのんびり過ごす温泉や露天風呂地元の美味しいものを食べる,1,1,1,0,0,0,0,0,0,0,0,0,0,0,0,0,0,0,新聞・雑誌・ガイドブックインターネット・アプリInstagram,0,0,0,1,0,0,0,0,0,0,1,0,0,0,0,0,1,0,0,0,0,0,0,0,0,,,,"20,000円以上 30,000円未満",,"50,000円以上 100,000円未満",,"1,000円以上 3,000円未満","3,000円以上 5,000円未満",,,,,,,,,,5,4,,,,,,8,機会があれば行きたい,,大本山 永平寺 エリア,,選択なし/該当施設なし,,東尋坊,,000000,大本山 永平寺 エリア,1971,55,,1月,34.大本山 永平寺 エリア,,
福井,2026/01/28 23:18:10,兵庫県,女,60代,,400万円以上 500万円未満,自分ひとり,1泊,福井県外には宿泊しない,,1泊,,,,,,,,,在来線,0,0,0,1,0,0,0,在来線,0,0,0,0,3,,,2～5回目,2～5回目,地元の美味しいものを食べる,0,0,1,0,0,0,0,0,0,0,0,0,0,0,0,0,0,0,インターネット・アプリ,0,0,0,0,0,0,0,0,0,0,1,0,0,0,0,0,0,0,0,0,0,0,0,0,0,,,,"5,000円以上 10,000円未満",,"20,000円以上 30,000円未満",,"1,000円未満","10,000円以上 20,000円未満",,,,,,,,,,3,3,,,,,,6,,,名勝 養浩館庭園 エリア,,選択なし/該当施設なし,,選択なし/該当施設なし,,000000,web,1964,62,,1月,04.名勝 養浩館庭園 エリア,,
福井,2026/01/28 23:17:19,兵庫県,女,60代,,400万円以上 500万円未満,自分ひとり,1泊,福井県外には宿泊しない,,1泊,,,,,,,,,在来線,0,0,0,1,0,0,0,在来線,0,0,0,0,3,,,2～5回目,2～5回目,地元の美味しいものを食べる,0,0,1,0,0,0,0,0,0,0,0,0,0,0,0,0,0,0,インターネット・アプリ,0,0,0,0,0,0,0,0,0,0,1,0,0,0,0,0,0,0,0,0,0,0,0,0,0,,,,"5,000円以上 10,000円未満",,"20,000円以上 30,000円未満",,"5,000円以上 10,000円未満","10,000円以上 20,000円未満",,,,,,,,,,3,3,,,,,,6,,,福井駅前 エリア（宿泊施設）,,選択なし/該当施設なし,,選択なし/該当施設なし,,000000,web,1964,62,,1月,02.福井駅前 エリア（宿泊施設）,,
福井,2026/01/28 23:16:27,兵庫県,女,60代,,400万円以上 500万円未満,自分ひとり,1泊,福井県外には宿泊しない,,1泊,,,,,,,,,在来線,0,0,0,1,0,0,0,在来線,0,0,0,0,3,,,2～5回目,2～5回目,地元の美味しいものを食べる,0,0,1,0,0,0,0,0,0,0,0,0,0,0,0,0,0,0,インターネット・アプリ,0,0,0,0,0,0,0,0,0,0,1,0,0,0,0,0,0,0,0,0,0,0,0,0,0,,,,"5,000円以上 10,000円未満",,"20,000円以上 30,000円未満",,"1,000円以上 3,000円未満","10,000円以上 20,000円未満",,,,,,,,,,3,3,,,,,,6,,,今庄宿 エリア,,選択なし/該当施設なし,,選択なし/該当施設なし,,000000,web,1964,62,,1月,60.今庄宿 エリア,,
福井,2026/01/28 23:15:17,兵庫県,女,60代,,400万円以上 500万円未満,自分ひとり,1泊,福井県外には宿泊しない,,1泊,,,,,,,,,在来線,0,0,0,1,0,0,0,在来線,0,0,0,0,3,,,2～5回目,2～5回目,地元の美味しいものを食べる,0,0,1,0,0,0,0,0,0,0,0,0,0,0,0,0,0,0,インターネット・アプリ,0,0,0,0,0,0,0,0,0,0,1,0,0,0,0,0,0,0,0,0,0,0,0,0,0,,,,"5,000円以上 10,000円未満",,"20,000円以上 30,000円未満",,"10,000円以上 20,000円未満","10,000円以上 20,000円未満",,,,,,,,,,3,3,,,,,,6,,,JR敦賀駅前 エリア,,選択なし/該当施設なし,,選択なし/該当施設なし,,000000,web,1964,62,,1月,63.JR敦賀駅前 エリア,,
福井,2026/01/28 23:14:03,兵庫県,女,60代,,400万円以上 500万円未満,自分ひとり,1泊,福井県外には宿泊しない,,1泊,,,,,,,,,在来線,0,0,0,1,0,0,0,在来線路線バス,0,1,0,0,3,,,2～5回目,2～5回目,地元の美味しいものを食べる,0,0,1,0,0,0,0,0,0,0,0,0,0,0,0,0,0,0,インターネット・アプリ,0,0,0,0,0,0,0,0,0,0,1,0,0,0,0,0,0,0,0,0,0,0,0,0,0,,,,"5,000円以上 10,000円未満",,"20,000円以上 30,000円未満",,"1,000円以上 3,000円未満","10,000円以上 20,000円未満",,,,,,,,,,3,3,,,,,,6,,,越前そばの里 エリア,,選択なし/該当施設なし,,選択なし/該当施設なし,,000000,web,1964,62,,1月,37.越前そばの里 エリア,,
福井,2026/01/28 23:13:08,兵庫県,女,60代,,400万円以上 500万円未満,自分ひとり,1泊,福井県外には宿泊しない,,1泊,,,,,,,,,在来線,0,0,0,1,0,0,0,在来線,0,0,0,0,3,,,2～5回目,2～5回目,地元の美味しいものを食べる,0,0,1,0,0,0,0,0,0,0,0,0,0,0,0,0,0,0,インターネット・アプリ,0,0,0,0,0,0,0,0,0,0,1,0,0,0,0,0,0,0,0,0,0,0,0,0,0,,,,"5,000円以上 10,000円未満",,"20,000円以上 30,000円未満",,"1,000円未満","10,000円以上 20,000円未満",,,,,,,,,,3,3,,,,,,5,,,メガネストリート エリア,,選択なし/該当施設なし,,選択なし/該当施設なし,,000000,web,1964,62,,1月,45.メガネストリート エリア,,
福井,2026/01/28 23:12:12,兵庫県,女,60代,,400万円以上 500万円未満,自分ひとり,1泊,福井県外には宿泊しない,,1泊,,,,,,,,,在来線,0,0,0,1,0,0,0,在来線路線バス,0,1,0,0,3,,,2～5回目,2～5回目,地元の美味しいものを食べる,0,0,1,0,0,0,0,0,0,0,0,0,0,0,0,0,0,0,インターネット・アプリ,0,0,0,0,0,0,0,0,0,0,1,0,0,0,0,0,0,0,0,0,0,0,0,0,0,,,,"5,000円以上 10,000円未満",,"20,000円以上 30,000円未満",,"1,000円以上 3,000円未満","10,000円以上 20,000円未満",,,,,,,,,,3,3,,,,,,6,,,金ヶ崎 エリア,,選択なし/該当施設なし,,選択なし/該当施設なし,,000000,web,1964,62,,1月,64.金ヶ崎 エリア,,
福井,2026/01/28 23:11:05,兵庫県,女,60代,,400万円以上 500万円未満,自分ひとり,1泊,福井県外には宿泊しない,,1泊,,,,,,,,,在来線,0,0,0,1,0,0,0,在来線,0,0,0,0,3,,,2～5回目,2～5回目,地元の美味しいものを食べる,0,0,1,0,0,0,0,0,0,0,0,0,0,0,0,0,0,0,インターネット・アプリ,0,0,0,0,0,0,0,0,0,0,1,0,0,0,0,0,0,0,0,0,0,0,0,0,0,,,,"5,000円以上 10,000円未満",,"20,000円以上 30,000円未満",,"1,000円以上 3,000円未満","10,000円以上 20,000円未満",,,,,,,,,,3,3,,,,,,6,,,敦賀市立博物館 エリア,,選択なし/該当施設なし,,選択なし/該当施設なし,,000000,web,1964,62,,1月,65.敦賀市立博物館 エリア,,
福井,2026/01/28 23:09:31,兵庫県,女,60代,,400万円以上 500万円未満,自分ひとり,1泊,福井県外には宿泊しない,,1泊,,,,,,,,,在来線,0,0,0,1,0,0,0,在来線,0,0,0,0,3,,,2～5回目,2～5回目,地元の美味しいものを食べる,0,0,1,0,0,0,0,0,0,0,0,0,0,0,0,0,0,0,インターネット・アプリ,0,0,0,0,0,0,0,0,0,0,1,0,0,0,0,0,0,0,0,0,0,0,0,0,0,,,,"5,000円以上 10,000円未満",,"20,000円以上 30,000円未満",,"3,000円以上 5,000円未満","10,000円以上 20,000円未満",,,,,,,,,,3,3,,,,,,6,,,福井駅前 エリア,,選択なし/該当施設なし,,選択なし/該当施設なし,,000000,web,1964,62,,1月,01.福井駅前 エリア,,
福井,2026/01/28 23:09:18,東京都,女,40代,,"1,200万円以上 1,500万円未満",団体旅行,3泊,京都府,,1泊,,,,,,,,,飛行機旅行会社ツアーバス,0,0,0,0,1,1,0,旅行会社ツアーバス,0,0,0,0,,,,2～5回目,2～5回目,地元の美味しいものを食べる各種体験（手作り、果物狩りなど）出張など仕事関係,0,0,1,0,0,0,0,0,0,0,0,1,0,0,0,0,1,0,観光連盟やDMOのHP,0,0,0,0,0,0,0,0,0,0,0,0,0,0,0,0,0,0,0,0,0,0,0,1,0,,,,"20,000円以上 30,000円未満",,"5,000円以上 10,000円未満",,"3,000円以上 5,000円未満","3,000円以上 5,000円未満",,,,,,,,,,5,5,,,,,,9,また行きたい（1年以内）,,小浜市 阿納 エリア,,氣比神宮,,明通寺,,000000,小浜市 阿納 エリア,1979,47,,1月,67.小浜市 阿納 エリア,(株)まちづくり小浜,
福井,2026/01/28 20:54:33,福井県,女,20代,,分からない/無回答,親,日帰り,福井県外には宿泊しない,,福井県内には宿泊しない,,,,,,,,,自家用車,1,0,0,0,0,0,0,自家用車,0,0,0,0,,,,11回目以上,11回目以上,地元の美味しいものを食べる,0,0,1,0,0,0,0,0,0,0,0,0,0,0,0,0,0,0,Instagram,0,0,0,1,0,0,0,0,0,0,0,0,0,0,0,0,0,0,0,0,0,0,0,0,0,,,,"3,000円以上 5,000円未満",,使わない,,使わない,"5,000円以上 10,000円未満",,,,,,,,,,4,4,,,,,,8,,,あわら湯のまち エリア,,選択なし/該当施設なし,,選択なし/該当施設なし,,000000,web,1997,29,,1月,17.あわら湯のまち エリア,,
福井,2026/01/28 20:02:16,宮城県,男,40代,,300万円以上 400万円未満,自分ひとり,2泊,大阪府,,1泊,,,,,,,,,在来線飛行機,0,0,0,1,1,0,0,在来線路線バス,0,1,0,0,2,福井に来るまでに経由地を経なければならず、遠回りになる,,2～5回目,2～5回目,温泉や露天風呂各種体験（手作り、果物狩りなど）,0,1,0,0,0,0,0,0,0,0,0,1,0,0,0,0,0,0,インターネット・アプリ,0,0,0,0,0,0,0,0,0,0,1,0,0,0,0,0,0,0,0,0,0,0,0,0,0,,,,"30,000円以上 40,000円未満",,"5,000円以上 10,000円未満",,"20,000円以上 30,000円未満","40,000円以上 50,000円未満",,,,,,,,,,4,4,,,,,,3,機会があれば行きたい,,あわら湯のまち エリア,,選択なし/該当施設なし,伝統芸能館,選択なし/該当施設なし,,000000,あわら湯のまち エリア,1977,49,,1月,17.あわら湯のまち エリア,,
福井,2026/01/28 19:39:33,東京都,女,40代,,600万円以上 700万円未満,夫婦2人,4泊以上,滋賀県,,4泊以上,,,,,,,,,新幹線在来線,0,0,1,1,0,0,0,路線バス,0,1,0,0,4,安い、便利,,初めて,初めて,温泉や露天風呂地元の美味しいものを食べる名所、旧跡の観光テーマパーク（遊園地、動物園、博物館など）まちあるき、都市散策,0,1,1,0,1,1,0,0,0,0,1,0,0,0,0,0,0,0,観光パンフレット・ポスターインターネット・アプリ友人・知人その他,0,0,0,0,0,0,0,0,0,0,1,0,0,0,0,0,0,0,1,0,1,0,0,0,0,,,,"20,000円以上 30,000円未満",,"50,000円以上 100,000円未満",,"5,000円以上 10,000円未満","30,000円以上 40,000円未満",,,,,,,,,,4,4,,,,,,8,機会があれば行きたい,,大本山 永平寺 エリア,,越前大野城,,丸岡城,,000000,大本山 永平寺 エリア,1982,44,,1月,34.大本山 永平寺 エリア,,
福井,2026/01/28 17:09:40,京都府,男,40代,,400万円以上 500万円未満,夫婦2人,日帰り,福井県外には宿泊しない,,福井県内には宿泊しない,,,,,,,,,自家用車,1,0,0,0,0,0,0,自家用車,0,0,0,0,,,,2～5回目,2～5回目,地元の美味しいものを食べる花見や紅葉などの自然鑑賞買い物、アウトレットドライブ・ツーリング,0,0,1,1,0,0,1,0,0,0,0,0,0,0,1,0,0,0,その他,0,0,0,0,0,0,0,0,0,0,0,0,0,0,0,0,0,0,0,0,0,0,0,0,1,,,,"3,000円以上 5,000円未満",,使わない,,"3,000円以上 5,000円未満","3,000円以上 5,000円未満",,,,,,,,,,4,5,,,,,,7,また行きたい（1年以内）,,JR美浜駅 エリア,,選択なし/該当施設なし,,舞鶴（京都府）,,000000,道の駅「若狭おばま」 エリア,1980,46,,1月,79.JR美浜駅 エリア,三方五湖DMO(株),
福井,2026/01/28 11:59:58,広島県,女,40代,,600万円以上 700万円未満,夫婦2人,4泊以上,京都府,,福井県内には宿泊しない,,,,,,,,,自家用車,1,0,0,0,0,0,0,自家用車,0,0,0,0,5,除雪がきちんとしてあり、走りやすかった,,2～5回目,2～5回目,地元の美味しいものを食べる名所、旧跡の観光買い物、アウトレット,0,0,1,0,1,0,1,0,0,0,0,0,0,0,0,0,0,0,友人・知人,0,0,0,0,0,0,0,0,0,0,0,0,0,0,0,0,0,0,1,0,0,0,0,0,0,,,,"1,000円以上 3,000円未満",,"1,000円未満",,"3,000円以上 5,000円未満","1,000円以上 3,000円未満",,,,,,,,,,5,5,,買い物もカフェもあり、ゆったりできる情報がたくさん入る,,,,9,また行きたい（1年以内）,,うみんぴあ大飯 エリア,,道の駅「シーサイド高浜」,,御食国若狭おばま食文化館,,000000,web,1979,47,,1月,84.うみんぴあ大飯 エリア,,福井県には魅力的な施設がたくさんあり、飽きない施設がどこも綺麗で利用しやすい
福井,2026/01/28 11:34:11,兵庫県,女,60代,,500万円以上 600万円未満,その他家族,2泊,石川県加賀市,,1泊,,,,,,,,,自家用車,1,0,0,0,0,0,0,自家用車,0,0,0,0,4,,,初めて,初めて,宿でのんびり過ごす温泉や露天風呂地元の美味しいものを食べる,1,1,1,0,0,0,0,0,0,0,0,0,0,0,0,0,0,0,観光パンフレット・ポスター,0,0,0,0,0,0,0,0,0,0,0,0,0,0,0,0,0,0,0,0,1,0,0,0,0,,,,"10,000円以上 20,000円未満",,"5,000円以上 10,000円未満",,"5,000円以上 10,000円未満","10,000円以上 20,000円未満",,,,,,,,,,4,4,,,,,,8,,,日本海さかな街 エリア,,選択なし/該当施設なし,,選択なし/該当施設なし,,000000,道の駅「シーサイド高浜」 エリア,1965,61,,1月,61.日本海さかな街 エリア,,
福井,2026/01/28 09:05:10,滋賀県,男,50代,,500万円以上 600万円未満,自分ひとり,日帰り,福井県外には宿泊しない,,福井県内には宿泊しない,,,,,,,,,自家用車,1,0,0,0,0,0,0,自家用車,0,0,0,0,,,,初めて,初めて,地元の美味しいものを食べるまちあるき、都市散策ドライブ・ツーリング,0,0,1,0,0,0,0,0,0,0,1,0,0,0,1,0,0,0,インターネット・アプリ,0,0,0,0,0,0,0,0,0,0,1,0,0,0,0,0,0,0,0,0,0,0,0,0,0,,,,"1,000円以上 3,000円未満",,使わない,,"1,000円未満","1,000円以上 3,000円未満",,,,,,,,,,4,4,,こじんまりとしているが情報や地元紹介されていた,,,,6,また行きたい（1年以内）,,道の駅「若狭おばま」 エリア,,選択なし/該当施設なし,,御食国若狭おばま食文化館,,000000,道の駅「若狭おばま」 エリア,1972,54,,1月,68.道の駅「若狭おばま」 エリア,(株)まちづくり小浜,各地に色々と良い点があり、現地に訪問しないとわからない。
福井,2026/01/28 08:13:04,福井県,女,50代,,300万円以上 400万円未満,夫婦2人,1泊,石川県金沢市,,福井県内には宿泊しない,,,,,,,,,在来線,0,0,0,1,0,0,0,在来線,0,0,0,0,3,,,6～10回目,6～10回目,温泉や露天風呂,0,1,0,0,0,0,0,0,0,0,0,0,0,0,0,0,0,0,新聞・雑誌・ガイドブック,0,0,0,0,0,0,0,0,0,0,0,0,0,0,0,0,1,0,0,0,0,0,0,0,0,,,,"5,000円以上 10,000円未満",,"10,000円以上 20,000円未満",,"5,000円以上 10,000円未満","10,000円以上 20,000円未満",,,,,,,,,,3,3,,,,,,5,,,福井駅前 エリア,,選択なし/該当施設なし,,選択なし/該当施設なし,,000000,web,1969,57,,1月,01.福井駅前 エリア,,
福井,2026/01/28 06:46:45,東京都,女,30代,,"1,200万円以上 1,500万円未満",自分ひとり,2泊,福井県外には宿泊しない,,2泊,,,,,,,,,飛行機,0,0,0,0,1,0,0,自家用車タクシー,1,0,0,0,4,,,2～5回目,2～5回目,出張など仕事関係,0,0,0,0,0,0,0,0,0,0,0,0,0,0,0,0,1,0,インターネット・アプリ,0,0,0,0,0,0,0,0,0,0,1,0,0,0,0,0,0,0,0,0,0,0,0,0,0,,,,"30,000円以上 40,000円未満",,"10,000円以上 20,000円未満",,"3,000円以上 5,000円未満","5,000円以上 10,000円未満",,,,,,,,,,4,4,,,,,,5,,,福井駅前 エリア（宿泊施設）,,選択なし/該当施設なし,,選択なし/該当施設なし,,000000,福井駅前 エリア（宿泊施設）,1988,38,,1月,02.福井駅前 エリア（宿泊施設）,,
福井,2026/01/29 17:35:27,兵庫県,女,60代,,300万円以上 400万円未満,夫婦2人,1泊,福井県外には宿泊しない,,1泊,,,,,,,,,自家用車,1,0,0,0,0,0,0,自家用車,0,0,0,0,,,,初めて,初めて,温泉や露天風呂地元の美味しいものを食べる名所、旧跡の観光,0,1,1,0,1,0,0,0,0,0,0,0,0,0,0,0,0,0,新聞・雑誌・ガイドブック,0,0,0,0,0,0,0,0,0,0,0,0,0,0,0,0,1,0,0,0,0,0,0,0,0,,,,"10,000円以上 20,000円未満",,"30,000円以上 40,000円未満",,"1,000円以上 3,000円未満","10,000円以上 20,000円未満",,,,,,,,,,5,5,,,,,,8,また行きたい（1年以内）,,丸岡城 エリア,,丸岡城,,選択なし/該当施設なし,,000000,丸岡城 エリア,1960,66,,1月,13.丸岡城 エリア,(一社)DMOさかい観光局,
福井,2026/01/29 15:02:28,香川県,女,50代,,"1,000万円以上 1,200万円未満",夫婦2人,3泊,石川県金沢市,,福井県内には宿泊しない,,,,,,,,,自家用車,1,0,0,0,0,0,0,自家用車,0,0,0,0,5,,,2～5回目,2～5回目,買い物、アウトレット,0,0,0,0,0,0,1,0,0,0,0,0,0,0,0,0,0,0,その他,0,0,0,0,0,0,0,0,0,0,0,0,0,0,0,0,0,0,0,0,0,0,0,0,1,,,,"10,000円以上 20,000円未満",,使わない,,"1,000円以上 3,000円未満","1,000円以上 3,000円未満",,,,,,,,,,5,5,,,,,,8,機会があれば行きたい,,道の駅「若狭おばま」 エリア,,選択なし/該当施設なし,,金沢駅周辺（石川県）,,000000,道の駅「若狭おばま」 エリア,1976,50,,1月,68.道の駅「若狭おばま」 エリア,(株)まちづくり小浜,
福井,2026/01/29 14:57:29,愛知県,男,50代,,"1,500万円以上",自分ひとり,日帰り,日帰り,,福井県内には宿泊しない,,,,,,,,,自家用車,1,0,0,0,0,0,0,自家用車,0,0,0,0,,,,初めて,初めて,出張など仕事関係,0,0,0,0,0,0,0,0,0,0,0,0,0,0,0,0,1,0,その他,0,0,0,0,0,0,0,0,0,0,0,0,0,0,0,0,0,0,0,0,0,0,0,0,1,,,,"10,000円以上 20,000円未満",,使わない,,"1,000円以上 3,000円未満","5,000円以上 10,000円未満",,,,,,,,,,4,4,,雪が酷く駐車場にもう少し屋根付きエリアがあると良いと思う。,,,,8,また行きたい（1年以内）,,北陸新幹線 越前たけふ駅 エリア,,選択なし/該当施設なし,,選択なし/該当施設なし,,000000,北陸新幹線 越前たけふ駅 エリア,1968,58,,1月,38.北陸新幹線 越前たけふ駅 エリア,,新しい福井を感じられる。
福井,2026/01/29 14:46:50,静岡県,男,50代,,700万円以上 800万円未満,団体旅行,2泊,福井県外には宿泊しない,,2泊,,,,,,,,,旅行会社ツアーバス,0,0,0,0,0,1,0,旅行会社ツアーバス,0,0,0,0,4,美味しいお土産をたくさん買える,,初めて,初めて,温泉や露天風呂名所、旧跡の観光,0,1,0,0,1,0,0,0,0,0,0,0,0,0,0,0,0,0,観光協会等の案内所,0,0,0,0,0,0,0,0,0,0,0,0,0,0,0,0,0,0,0,0,0,1,0,0,0,,,,"30,000円以上 40,000円未満",,"40,000円以上 50,000円未満",,"3,000円以上 5,000円未満","40,000円以上 50,000円未満",,,,,,,,,,4,4,,,,,,9,また行きたい（1年以内）,,越前そばの里 エリア,,道の駅「越前」,,御誕生寺,,000000,越前そばの里 エリア,1975,51,,1月,37.越前そばの里 エリア,,
福井,2026/01/29 14:42:45,静岡県,女,50代,,100万円未満,恋人,2泊,福井県外には宿泊しない,,2泊,,,,,,,,,飛行機,0,0,0,0,1,0,0,旅行会社ツアーバス,0,0,0,0,,,,初めて,初めて,温泉や露天風呂地元の美味しいものを食べる,0,1,1,0,0,0,0,0,0,0,0,0,0,0,0,0,0,0,その他,0,0,0,0,0,0,0,0,0,0,0,0,0,0,0,0,0,0,0,0,0,0,0,0,1,,,,"30,000円以上 40,000円未満",,"5,000円以上 10,000円未満",,"1,000円以上 3,000円未満","5,000円以上 10,000円未満",,,,,,,,,,5,4,,お土産屋さんが広く、おそばの試食もできるから,,,,10,また行きたい（1年以内）,,越前そばの里 エリア,,選択なし/該当施設なし,,選択なし/該当施設なし,,000000,越前そばの里 エリア,1973,53,,1月,37.越前そばの里 エリア,,いろいろなお土産が売っているから
福井,2026/01/29 14:15:09,大阪府,女,50代,,"900万円以上 1,000万円未満",夫婦2人,1泊,石川県金沢市,,1泊,,,,,,,,,在来線,0,0,0,1,0,0,0,在来線,0,0,0,0,4,,,初めて,初めて,宿でのんびり過ごす温泉や露天風呂地元の美味しいものを食べる,1,1,1,0,0,0,0,0,0,0,0,0,0,0,0,0,0,0,宿泊施設,0,0,0,0,0,0,0,0,0,0,0,0,0,1,0,0,0,0,0,0,0,0,0,0,0,,,,"10,000円以上 20,000円未満",,"40,000円以上 50,000円未満",,"1,000円以上 3,000円未満","3,000円以上 5,000円未満",,,,,,,,,,4,4,,,,,,6,機会があれば行きたい,,JR芦原温泉駅 エリア,,敦賀駅,,選択なし/該当施設なし,,000000,JR芦原温泉駅 エリア,1974,52,,1月,16.JR芦原温泉駅 エリア,,
福井,2026/01/29 13:22:47,福井県,男,50代,,600万円以上 700万円未満,自分ひとり,日帰り,福井県外には宿泊しない,,福井県内には宿泊しない,,,,,,,,,県外から訪れていない（福井県在住）,0,0,0,0,0,0,1,自家用車,0,0,0,0,,,,11回目以上,11回目以上,買い物、アウトレット,0,0,0,0,0,0,1,0,0,0,0,0,0,0,0,0,0,0,観光パンフレット・ポスター,0,0,0,0,0,0,0,0,0,0,0,0,0,0,0,0,0,0,0,0,1,0,0,0,0,,,,"1,000円以上 3,000円未満",,使わない,,使わない,"1,000円以上 3,000円未満",,,,,,,,,,4,4,,,,,,5,,,北陸新幹線 越前たけふ駅 エリア,,選択なし/該当施設なし,,選択なし/該当施設なし,,000000,道の駅「若狭おばま」,1968,58,,1月,38.北陸新幹線 越前たけふ駅 エリア,,
福井,2026/01/29 13:21:10,福井県,女,60代,,300万円以上 400万円未満,自分ひとり,日帰り,福井県外には宿泊しない,,福井県内には宿泊しない,,,,,,,,,自家用車,1,0,0,0,0,0,0,自家用車,0,0,0,0,4,,,初めて,初めて,買い物、アウトレット,0,0,0,0,0,0,1,0,0,0,0,0,0,0,0,0,0,0,観光協会等の案内所,0,0,0,0,0,0,0,0,0,0,0,0,0,0,0,0,0,0,0,0,0,1,0,0,0,,,,"1,000円未満",,"1,000円以上 3,000円未満",,"1,000円以上 3,000円未満","1,000円以上 3,000円未満",,,,,,,,,,2,2,,,,,,3,,,ふくい鮮いちば エリア,,選択なし/該当施設なし,,選択なし/該当施設なし,,000000,web,1965,61,,1月,05.ふくい鮮いちば エリア,,
福井,2026/01/29 12:18:55,福井県,女,60代,,"1,000万円以上 1,200万円未満",中学生以上連れの家族,日帰り,福井県外には宿泊しない,,福井県内には宿泊しない,,,,,,,,,県外から訪れていない（福井県在住）,0,0,0,0,0,0,1,自家用車,0,0,0,0,3,,,2～5回目,2～5回目,地元の美味しいものを食べる,0,0,1,0,0,0,0,0,0,0,0,0,0,0,0,0,0,0,インターネット・アプリ,0,0,0,0,0,0,0,0,0,0,1,0,0,0,0,0,0,0,0,0,0,0,0,0,0,,,,使わない,,使わない,,"3,000円以上 5,000円未満","3,000円以上 5,000円未満",,,,,,,,,,4,4,,,,,,6,,,越前そばの里 エリア,,選択なし/該当施設なし,,選択なし/該当施設なし,,000000,道の駅「三方五湖」  エリア,1965,61,,1月,37.越前そばの里 エリア,,
福井,2026/01/29 11:56:14,福井県,女,60代,,100万円以上 200万円未満,友人,日帰り,福井県外には宿泊しない,,福井県内には宿泊しない,,,,,,,,,県外から訪れていない（福井県在住）,0,0,0,0,0,0,1,自家用車,0,0,0,0,4,駐車場の除雪もできていて広いので安心です,,11回目以上,11回目以上,その他,0,0,0,0,0,0,0,0,0,0,0,0,0,0,0,0,0,1,友人・知人,0,0,0,0,0,0,0,0,0,0,0,0,0,0,0,0,0,0,1,0,0,0,0,0,0,,,,"1,000円未満",,使わない,,"1,000円以上 3,000円未満","1,000円以上 3,000円未満",,,,,,,,,,5,5,,,,,,9,福井県在住,,越前そばの里 エリア,,選択なし/該当施設なし,,選択なし/該当施設なし,,000000,越前そばの里 エリア,1957,69,,1月,37.越前そばの里 エリア,,
福井,2026/01/29 11:53:21,東京都,女,50代,,分からない/無回答,夫婦2人,1泊,福井県外には宿泊しない,,1泊,,,,,,,,,新幹線,0,0,1,0,0,0,0,在来線,0,0,0,0,5,,,初めて,初めて,まちあるき、都市散策,0,0,0,0,0,0,0,0,0,0,1,0,0,0,0,0,0,0,TV・ラジオ番組やCM,0,0,0,0,0,0,0,0,0,0,0,0,0,0,1,0,0,0,0,0,0,0,0,0,0,,,,"20,000円以上 30,000円未満",,"20,000円以上 30,000円未満",,"10,000円以上 20,000円未満","20,000円以上 30,000円未満",,,,,,,,,,4,4,,,,,,10,また行きたい（1年以内）,,福井駅前 エリア,,あわら温泉街,,選択なし/該当施設なし,,000000,あわら湯のまち エリア,1970,56,,1月,01.福井駅前 エリア,,
福井,2026/01/29 11:45:00,東京都,女,50代,,分からない/無回答,夫婦2人,1泊,福井県外には宿泊しない,,1泊,,,,,,,,,新幹線,0,0,1,0,0,0,0,徒歩,0,0,1,0,,先日の寒波の時期で、出掛けるのを躊躇していましたが、みなさんから親切にしていただいて伺ってよかったとおもいまし,,初めて,初めて,宿でのんびり過ごす温泉や露天風呂地元の美味しいものを食べるまちあるき、都市散策,1,1,1,0,0,0,0,0,0,0,1,0,0,0,0,0,0,0,TV・ラジオ番組やCM,0,0,0,0,0,0,0,0,0,0,0,0,0,0,1,0,0,0,0,0,0,0,0,0,0,,,,"20,000円以上 30,000円未満",,"20,000円以上 30,000円未満",,"10,000円以上 20,000円未満","20,000円以上 30,000円未満",,,,,,,,,,4,5,,,,,,10,また行きたい（1年以内）,,あわら湯のまち エリア,,あわら温泉「芦湯」,三国、三国港駅,選択なし/該当施設なし,,000000,あわら湯のまち エリア,1970,56,,1月,17.あわら湯のまち エリア,,
福井,2026/01/29 10:43:44,福井県,女,50代,,100万円以上 200万円未満,その他家族,1泊,福井県外には宿泊しない,,1泊,,,,,,,,,県外から訪れていない（福井県在住）,0,0,0,0,0,0,1,自家用車,0,0,0,0,,,,11回目以上,11回目以上,宿でのんびり過ごす温泉や露天風呂,1,1,0,0,0,0,0,0,0,0,0,0,0,0,0,0,0,0,インターネット・アプリInstagram友人・知人,0,0,0,1,0,0,0,0,0,0,1,0,0,0,0,0,0,0,1,0,0,0,0,0,0,,,,使わない,,"3,000円以上 5,000円未満",,"1,000円以上 3,000円未満","1,000円未満",,,,,,,,,,3,4,,,,,,5,また行きたい（1年以内）,,三国湊 エリア,,選択なし/該当施設なし,,選択なし/該当施設なし,,000000,web,1970,56,,1月,09.三国湊 エリア,(一社)DMOさかい観光局,
福井,2026/01/30 21:27:49,千葉県,男,40代,,400万円以上 500万円未満,親,1泊,福井県外には宿泊しない,,1泊,,,,,,,,,レンタカー飛行機,0,1,0,0,1,0,0,レンタカー,0,0,0,0,4,スムーズに移動が出来た,,初めて,初めて,名所、旧跡の観光テーマパーク（遊園地、動物園、博物館など）まちあるき、都市散策,0,0,0,0,1,1,0,0,0,0,1,0,0,0,0,0,0,0,観光パンフレット・ポスターインターネット・アプリ,0,0,0,0,0,0,0,0,0,0,1,0,0,0,0,0,0,0,0,0,1,0,0,0,0,,,,"10,000円以上 20,000円未満",,"5,000円以上 10,000円未満",,"1,000円以上 3,000円未満","10,000円以上 20,000円未満",,,,,,,,,,4,4,,,,,,8,機会があれば行きたい,,道の駅みくに ふれあいパーク三里浜 エリア,,越前松島水族館,加賀市鴨池観察館,三國湊レトロ,,000000,道の駅みくに ふれあいパーク三里浜 エリア,1981,45,,1月,15.道の駅みくに ふれあいパーク三里浜 エリア,(一社)DMOさかい観光局,
福井,2026/01/30 20:40:33,滋賀県,女,40代,,200万円以上 300万円未満,親,日帰り,福井県外には宿泊しない,,福井県内には宿泊しない,,,,,,,,,自家用車,1,0,0,0,0,0,0,自家用車,0,0,0,0,,,,6～10回目,6～10回目,ドライブ・ツーリング,0,0,0,0,0,0,0,0,0,0,0,0,0,0,1,0,0,0,インターネット・アプリ,0,0,0,0,0,0,0,0,0,0,1,0,0,0,0,0,0,0,0,0,0,0,0,0,0,,,,"3,000円以上 5,000円未満",,使わない,,"5,000円以上 10,000円未満","5,000円以上 10,000円未満",,,,,,,,,,4,4,,,,,,6,,,道の駅「若狭おばま」 エリア,,選択なし/該当施設なし,,選択なし/該当施設なし,,000000,道の駅「若狭おばま」 エリア,1983,43,,1月,68.道の駅「若狭おばま」 エリア,(株)まちづくり小浜,
福井,2026/01/30 20:39:46,滋賀県,女,40代,,200万円以上 300万円未満,親,日帰り,福井県外には宿泊しない,,福井県内には宿泊しない,,,,,,,,,自家用車,1,0,0,0,0,0,0,自家用車,0,0,0,0,,,,2～5回目,2～5回目,ドライブ・ツーリング,0,0,0,0,0,0,0,0,0,0,0,0,0,0,1,0,0,0,インターネット・アプリ,0,0,0,0,0,0,0,0,0,0,1,0,0,0,0,0,0,0,0,0,0,0,0,0,0,,,,"3,000円以上 5,000円未満",,使わない,,"3,000円以上 5,000円未満","5,000円以上 10,000円未満",,,,,,,,,,4,4,,,,,,6,,,道の駅「恐竜渓谷かつやま」 エリア,,選択なし/該当施設なし,,選択なし/該当施設なし,,000000,道の駅「若狭おばま」 エリア,1983,43,,1月,26.道の駅「恐竜渓谷かつやま」 エリア,勝山市観光まちづくり(株),
福井,2026/01/30 20:39:08,滋賀県,女,40代,,200万円以上 300万円未満,親,日帰り,福井県外には宿泊しない,,福井県内には宿泊しない,,,,,,,,,自家用車,1,0,0,0,0,0,0,自家用車,0,0,0,0,,,,2～5回目,2～5回目,地元の美味しいものを食べる名所、旧跡の観光ドライブ・ツーリング,0,0,1,0,1,0,0,0,0,0,0,0,0,0,1,0,0,0,新聞・雑誌・ガイドブックインターネット・アプリ,0,0,0,0,0,0,0,0,0,0,1,0,0,0,0,0,1,0,0,0,0,0,0,0,0,,,,"3,000円以上 5,000円未満",,使わない,,"3,000円以上 5,000円未満","5,000円以上 10,000円未満",,,,,,,,,,4,4,,,,,,6,,,越前大仏 エリア,,選択なし/該当施設なし,,選択なし/該当施設なし,,000000,道の駅「若狭おばま」 エリア,1983,43,,1月,28.越前大仏 エリア,勝山市観光まちづくり(株),
福井,2026/01/30 18:44:39,長野県,女,20代,,500万円以上 600万円未満,親,1泊,福井県外には宿泊しない,,1泊,,,,,,,,,レンタカー新幹線,0,1,1,0,0,0,0,レンタカー,0,0,0,0,5,路面の凍結が心配だったが融雪装置のおかげで全く滑ることなく安全に走行できたから,,初めて,初めて,宿でのんびり過ごす温泉や露天風呂地元の美味しいものを食べる名所、旧跡の観光テーマパーク（遊園地、動物園、博物館など）,1,1,1,0,1,1,0,0,0,0,0,0,0,0,0,0,0,0,TV・ラジオ番組やCMインターネット・アプリInstagram友人・知人,0,0,0,1,0,0,0,0,0,0,1,0,0,0,1,0,0,0,1,0,0,0,0,0,0,,,,"20,000円以上 30,000円未満",,"40,000円以上 50,000円未満",,"5,000円以上 10,000円未満","40,000円以上 50,000円未満",,,,,,,,,,5,5,,,,,,10,また行きたい（1年以内）,,かつやま恐竜の森 エリア,,丸岡城,,越前大仏,,000000,かつやま恐竜の森 エリア,1997,29,,1月,25.かつやま恐竜の森 エリア,勝山市観光まちづくり(株),
福井,2026/01/30 15:47:42,滋賀県,男,60代,,分からない/無回答,夫婦2人,1泊,福井県外には宿泊しない,,1泊,,,,,,,,,自家用車,1,0,0,0,0,0,0,自家用車,0,0,0,0,,楽しく過ごせた,,初めて,初めて,温泉や露天風呂テーマパーク（遊園地、動物園、博物館など）スキー・スノボ、マリンスポーツ,0,1,0,0,0,1,0,0,0,0,0,0,1,0,0,0,0,0,観光パンフレット・ポスター,0,0,0,0,0,0,0,0,0,0,0,0,0,0,0,0,0,0,0,0,1,0,0,0,0,,,,"3,000円以上 5,000円未満",,"5,000円以上 10,000円未満",,"5,000円以上 10,000円未満","20,000円以上 30,000円未満",,,,,,,,,,5,5,,空いていたのでゆっくりできた,,,,10,また行きたい（1年以内）,,名勝 養浩館庭園 エリア,,道の駅「越前おおの荒島の郷」,,九頭竜スキー場,,000000,名勝 養浩館庭園 エリア,1963,63,,1月,04.名勝 養浩館庭園 エリア,,いろいろな施設があり楽しめる
福井,2026/01/30 14:26:12,愛知県,女,50代,,"900万円以上 1,000万円未満",自分ひとり,2泊,福井県外には宿泊しない,,2泊,,,,,,,,,その他,0,0,0,0,0,0,0,自家用車レンタカー,0,0,0,0,,,,初めて,初めて,地元の美味しいものを食べる友人・親戚を尋ねる,0,0,1,0,0,0,0,0,0,0,0,0,0,0,0,1,0,0,インターネット・アプリ,0,0,0,0,0,0,0,0,0,0,1,0,0,0,0,0,0,0,0,0,0,0,0,0,0,,,,"5,000円以上 10,000円未満",,"20,000円以上 30,000円未満",,"1,000円以上 3,000円未満","20,000円以上 30,000円未満",,,,,,,,,,5,5,,,,,,9,,,ふくい鮮いちば エリア,,選択なし/該当施設なし,,選択なし/該当施設なし,,000000,ふくい鮮いちば エリア,1975,51,,1月,05.ふくい鮮いちば エリア,,
福井,2026/01/30 14:26:04,福井県,女,50代,,200万円以上 300万円未満,恋人,日帰り,福井県外には宿泊しない,,福井県内には宿泊しない,,,,,,,,,県外から訪れていない（福井県在住）,0,0,0,0,0,0,1,自家用車,0,0,0,0,3,,,初めて,初めて,地元の美味しいものを食べる,0,0,1,0,0,0,0,0,0,0,0,0,0,0,0,0,0,0,観光展・物産展,0,0,0,0,0,0,0,0,0,0,0,0,0,0,0,0,0,0,0,0,0,0,1,0,0,,,,使わない,,"1,000円以上 3,000円未満",,"1,000円以上 3,000円未満","1,000円以上 3,000円未満",,,,,,,,,,4,4,,,,,,7,機会があれば行きたい,,道の駅「越前」 エリア,,選択なし/該当施設なし,,選択なし/該当施設なし,,000000,web,1970,56,,1月,49.道の駅「越前」 エリア,一般社団法人 越前町観光連盟（DMO ECHIZEN）,
福井,2026/01/30 13:30:43,兵庫県,女,60代,,500万円以上 600万円未満,その他家族,2泊,石川県加賀市,,1泊,,,,,,,,,自家用車,1,0,0,0,0,0,0,自家用車,0,0,0,0,4,,,2～5回目,2～5回目,地元の美味しいものを食べる,0,0,1,0,0,0,0,0,0,0,0,0,0,0,0,0,0,0,観光パンフレット・ポスター,0,0,0,0,0,0,0,0,0,0,0,0,0,0,0,0,0,0,0,0,1,0,0,0,0,,,,"10,000円以上 20,000円未満",,"5,000円以上 10,000円未満",,"5,000円以上 10,000円未満","10,000円以上 20,000円未満",,,,,,,,,,4,4,,,,,,8,,,熊川宿 エリア,,選択なし/該当施設なし,,選択なし/該当施設なし,,000000,道の駅「シーサイド高浜」 エリア,1965,61,,1月,81.熊川宿 エリア,三方五湖DMO(株),
福井,2026/01/30 13:23:43,愛知県,男,60代,,700万円以上 800万円未満,夫婦2人,1泊,福井県外には宿泊しない,,1泊,,,,,,,,,自家用車,1,0,0,0,0,0,0,自家用車,0,0,0,0,5,,,2～5回目,2～5回目,名所、旧跡の観光,0,0,0,0,1,0,0,0,0,0,0,0,0,0,0,0,0,0,新聞・雑誌・ガイドブック,0,0,0,0,0,0,0,0,0,0,0,0,0,0,0,0,1,0,0,0,0,0,0,0,0,,,,"5,000円以上 10,000円未満",,"5,000円以上 10,000円未満",,"3,000円以上 5,000円未満","40,000円以上 50,000円未満",,,,,,,,,,4,4,,,,,,10,機会があれば行きたい,,大本山 永平寺 エリア,,福井県立恐竜博物館,,一乗谷朝倉氏遺跡,,000000,かつやま恐竜の森 エリア,1964,62,,1月,34.大本山 永平寺 エリア,,
福井,2026/01/30 12:45:11,千葉県,女,60代,,700万円以上 800万円未満,夫婦2人,2泊,福井県外には宿泊しない,,2泊,,,,,,,,,新幹線,0,0,1,0,0,0,0,路線バス,0,1,0,0,5,電車よりも早く、何より大雪の中何の不安も感じさせない運転で雪道を走ってくれた事、感謝しかないです,,初めて,初めて,地元の美味しいものを食べる名所、旧跡の観光,0,0,1,0,1,0,0,0,0,0,0,0,0,0,0,0,0,0,観光パンフレット・ポスターインターネット・アプリ,0,0,0,0,0,0,0,0,0,0,1,0,0,0,0,0,0,0,0,0,1,0,0,0,0,,,,"30,000円以上 40,000円未満",,"10,000円以上 20,000円未満",,"3,000円以上 5,000円未満","100,000円以上",,,,,,,,,,3,5,,大雪のせいか閉まっているお店が多かったことが残念です,,,,10,機会があれば行きたい,,大本山 永平寺 エリア,,福井県立恐竜博物館,,選択なし/該当施設なし,,000000,大本山 永平寺 エリア,1966,60,,1月,34.大本山 永平寺 エリア,,季節がらか、観光客が空かなかった事が1番の理由で、その中で、ゆっくり観光もでき、食事も落ち着いてできた事から、ここの街は良いと印象づけられた
福井,2026/01/30 12:09:52,福井県,男,60代,,分からない/無回答,夫婦2人,日帰り,福井県外には宿泊しない,,福井県内には宿泊しない,,,,,,,,,自家用車,1,0,0,0,0,0,0,自家用車,0,0,0,0,4,,,2～5回目,2～5回目,各種体験（手作り、果物狩りなど）,0,0,0,0,0,0,0,0,0,0,0,1,0,0,0,0,0,0,友人・知人,0,0,0,0,0,0,0,0,0,0,0,0,0,0,0,0,0,0,1,0,0,0,0,0,0,,,,"1,000円未満",,"3,000円以上 5,000円未満",,"3,000円以上 5,000円未満","3,000円以上 5,000円未満",,,,,,,,,,4,3,,,,,,7,,,越前そばの里 エリア,,選択なし/該当施設なし,,選択なし/該当施設なし,,000000,越前そばの里 エリア,1957,69,,1月,37.越前そばの里 エリア,,
福井,2026/01/30 11:24:45,愛知県,男,60代,,700万円以上 800万円未満,夫婦2人,1泊,福井県外には宿泊しない,,1泊,,,,,,,,,自家用車,1,0,0,0,0,0,0,自家用車,0,0,0,0,5,,,初めて,初めて,温泉や露天風呂名所、旧跡の観光,0,1,0,0,1,0,0,0,0,0,0,0,0,0,0,0,0,0,新聞・雑誌・ガイドブック,0,0,0,0,0,0,0,0,0,0,0,0,0,0,0,0,1,0,0,0,0,0,0,0,0,,,,"5,000円以上 10,000円未満",,"5,000円以上 10,000円未満",,"1,000円以上 3,000円未満","40,000円以上 50,000円未満",,,,,,,,,,4,4,,,,,,10,機会があれば行きたい,,かつやま恐竜の森 エリア,,選択なし/該当施設なし,,大本山永平寺,,000000,かつやま恐竜の森 エリア,1964,62,,1月,25.かつやま恐竜の森 エリア,勝山市観光まちづくり(株),恐竜博物館は1日すごせる場所だと思う
福井,2026/01/30 11:08:11,大阪府,男,40代,,分からない/無回答,自分ひとり,日帰り,福井県外には宿泊しない,,1泊,,,,,,,,,自家用車,1,0,0,0,0,0,0,自家用車,0,0,0,0,5,,,2～5回目,2～5回目,温泉や露天風呂地元の美味しいものを食べる名所、旧跡の観光買い物、アウトレットアウトドア（海水浴、釣り、登山など）ドライブ・ツーリング,0,1,1,0,1,0,1,0,0,1,0,0,0,0,1,0,0,0,インターネット・アプリ,0,0,0,0,0,0,0,0,0,0,1,0,0,0,0,0,0,0,0,0,0,0,0,0,0,,,,"3,000円以上 5,000円未満",,使わない,,使わない,"1,000円以上 3,000円未満",,,,,,,,,,4,4,,,,,,5,機会があれば行きたい,,名田庄 エリア,,選択なし/該当施設なし,,道の駅「三方五湖」,,000000,名田庄 エリア,1980,46,,1月,86.名田庄 エリア,,
福井,2026/01/30 10:24:52,三重県,男,50代,,100万円未満,友人,2泊,福井県外には宿泊しない,,2泊,,,,,,,,,自家用車,1,0,0,0,0,0,0,自家用車,0,0,0,0,4,,,初めて,初めて,ドライブ・ツーリング,0,0,0,0,0,0,0,0,0,0,0,0,0,0,1,0,0,0,友人・知人,0,0,0,0,0,0,0,0,0,0,0,0,0,0,0,0,0,0,1,0,0,0,0,0,0,,,,"10,000円以上 20,000円未満",,"10,000円以上 20,000円未満",,"3,000円以上 5,000円未満",使わない,,,,,,,,,,4,4,,,,,,6,,,越前そばの里 エリア,,敦賀市立博物館,,越前大野城,,000000,web,1972,54,,1月,37.越前そばの里 エリア,,
福井,2026/01/30 07:26:28,石川県,女,20代,,100万円未満,自分ひとり,1泊,福井県外には宿泊しない,,1泊,,,,,,,,,自家用車,1,0,0,0,0,0,0,自家用車,0,0,0,0,,,,2～5回目,2～5回目,温泉や露天風呂地元の美味しいものを食べる,0,1,1,0,0,0,0,0,0,0,0,0,0,0,0,0,0,0,インターネット・アプリ,0,0,0,0,0,0,0,0,0,0,1,0,0,0,0,0,0,0,0,0,0,0,0,0,0,,,,"1,000円未満",,"5,000円以上 10,000円未満",,"1,000円以上 3,000円未満","3,000円以上 5,000円未満",,,,,,,,,,4,4,,,,,,8,機会があれば行きたい,,福井駅前 エリア（宿泊施設）,,あわら温泉屋台村「湯けむり横丁」,,山代温泉（石川県）,,000000,福井駅前 エリア（宿泊施設）,2005,21,,1月,02.福井駅前 エリア（宿泊施設）,,
福井,2026/01/31 23:14:20,京都府,女,80歳以上,,300万円以上 400万円未満,その他家族,1泊,福井県外には宿泊しない,,1泊,,,,,,,,,新幹線,0,0,1,0,0,0,0,自家用車,0,0,0,0,,,,初めて,初めて,温泉や露天風呂地元の美味しいものを食べる,0,1,1,0,0,0,0,0,0,0,0,0,0,0,0,0,0,0,友人・知人,0,0,0,0,0,0,0,0,0,0,0,0,0,0,0,0,0,0,1,0,0,0,0,0,0,,,,"5,000円以上 10,000円未満",,"30,000円以上 40,000円未満",,"1,000円以上 3,000円未満","1,000円以上 3,000円未満",,,,,,,,,,2,2,,,,,,0,また行きたい（1年以内）,,越前和紙の里 エリア,,選択なし/該当施設なし,,選択なし/該当施設なし,,000000,越前和紙の里 エリア,1946,80,,1月,36.越前和紙の里 エリア,,
福井,2026/01/31 22:54:57,奈良県,男,60代,,300万円以上 400万円未満,団体旅行,1泊,富山市内,,福井県内には宿泊しない,,,,,,,,,新幹線旅行会社ツアーバス,0,0,1,0,0,1,0,旅行会社ツアーバス,0,0,0,0,4,大雪の中、移動することができた,,2～5回目,2～5回目,地元の美味しいものを食べるその他,0,0,1,0,0,0,0,0,0,0,0,0,0,0,0,0,0,1,新聞・雑誌・ガイドブック観光パンフレット・ポスター,0,0,0,0,0,0,0,0,0,0,0,0,0,0,0,0,1,0,0,0,1,0,0,0,0,,,,"5,000円以上 10,000円未満",,使わない,,"5,000円以上 10,000円未満","5,000円以上 10,000円未満",,,,,,,,,,4,4,,待合室がある,,,,8,機会があれば行きたい,,福井駅前 エリア,,選択なし/該当施設なし,敦賀駅乗り換え,選択なし/該当施設なし,,000000,東尋坊 エリア,1957,69,,1月,01.福井駅前 エリア,,恐竜
福井,2026/01/31 22:23:37,福井県,女,40代,,分からない/無回答,知人,日帰り,関東、関西、東海,,福井県内には宿泊しない,,,,,,,,,自家用車,1,0,0,0,0,0,0,自家用車,0,0,0,0,,,,11回目以上,11回目以上,地元の美味しいものを食べる名所、旧跡の観光まちあるき、都市散策,0,0,1,0,1,0,0,0,0,0,1,0,0,0,0,0,0,0,観光パンフレット・ポスターインターネット・アプリ,0,0,0,0,0,0,0,0,0,0,1,0,0,0,0,0,0,0,0,0,1,0,0,0,0,,,,"1,000円未満",,使わない,,"1,000円以上 3,000円未満","1,000円以上 3,000円未満",,,,,,,,,,4,4,,,,,,10,福井県在住,,金ヶ崎 エリア,,敦賀赤レンガ倉庫,,氣比神宮,,000000,JR美浜駅 エリア,1986,40,,1月,64.金ヶ崎 エリア,,
福井,2026/01/31 21:11:44,兵庫県,男,60代,,200万円以上 300万円未満,夫婦2人,1泊,福井県外には宿泊しない,,1泊,,,,,,,,,自家用車,1,0,0,0,0,0,0,自家用車,0,0,0,0,,,,11回目以上,11回目以上,宿でのんびり過ごす地元の美味しいものを食べるその他,1,0,1,0,0,0,0,0,0,0,0,0,0,0,0,0,0,1,その他,0,0,0,0,0,0,0,0,0,0,0,0,0,0,0,0,0,0,0,0,0,0,0,0,1,,,,"10,000円以上 20,000円未満",,"5,000円以上 10,000円未満",,"5,000円以上 10,000円未満","10,000円以上 20,000円未満",,,,,,,,,,5,5,,清潔,,,,10,また行きたい（1年以内）,,福井駅前 エリア（宿泊施設）,,選択なし/該当施設なし,,氣比神宮,,000000,福井駅前 エリア（宿泊施設）,1959,67,,1月,02.福井駅前 エリア（宿泊施設）,,ゴミゴミせずゆったりした雰囲気
福井,2026/01/31 20:16:03,東京都,女,30代,,"1,200万円以上 1,500万円未満",その他家族,2泊,石川県粟津町,,1泊,,,,,,,,,新幹線,0,0,1,0,0,0,0,在来線,0,0,0,0,4,雪でしたが定刻で運行していて安心しました。,,6～10回目,6～10回目,宿でのんびり過ごす温泉や露天風呂地元の美味しいものを食べる名所、旧跡の観光,1,1,1,0,1,0,0,0,0,0,0,0,0,0,0,0,0,0,観光パンフレット・ポスターインターネット・アプリ,0,0,0,0,0,0,0,0,0,0,1,0,0,0,0,0,0,0,0,0,1,0,0,0,0,,,,"40,000円以上 50,000円未満",,"10,000円以上 20,000円未満",,"50,000円以上 100,000円未満","50,000円以上 100,000円未満",,,,,,,,,,4,5,,,,,,10,機会があれば行きたい,,三国湊 エリア,,東尋坊,,大本山永平寺,,000000,三国湊 エリア,1996,30,,1月,09.三国湊 エリア,(一社)DMOさかい観光局,
福井,2026/01/31 19:45:56,福井県,女,30代,,100万円未満,その他家族,日帰り,福井県外には宿泊しない,,福井県内には宿泊しない,,,,,,,,,自家用車,1,0,0,0,0,0,0,自家用車,0,0,0,0,3,,,6～10回目,6～10回目,温泉や露天風呂,0,1,0,0,0,0,0,0,0,0,0,0,0,0,0,0,0,0,友人・知人,0,0,0,0,0,0,0,0,0,0,0,0,0,0,0,0,0,0,1,0,0,0,0,0,0,,,,使わない,,使わない,,"1,000円未満","1,000円未満",,,,,,,,,,2,3,,,,,,2,,,道の駅「シーサイド高浜」 エリア,,選択なし/該当施設なし,,選択なし/該当施設なし,,000000,道の駅「シーサイド高浜」 エリア,1990,36,,1月,88.道の駅「シーサイド高浜」 エリア,,
福井,2026/01/31 18:26:54,埼玉県,女,50代,,分からない/無回答,夫婦2人,2泊,石川県金沢市,,1泊,,,,,,,,,新幹線,0,0,1,0,0,0,0,旅行会社ツアーバス,0,0,0,0,4,新幹線なので、移動時間が速い,,2～5回目,2～5回目,温泉や露天風呂地元の美味しいものを食べる,0,1,1,0,0,0,0,0,0,0,0,0,0,0,0,0,0,0,その他,0,0,0,0,0,0,0,0,0,0,0,0,0,0,0,0,0,0,0,0,0,0,0,0,1,,,,"30,000円以上 40,000円未満",,使わない,,"10,000円以上 20,000円未満","20,000円以上 30,000円未満",,,,,,,,,,3,3,,,,,,5,機会があれば行きたい,,東尋坊 エリア,,越前そばの里,兼六園、九谷満月,選択なし/該当施設なし,,000000,東尋坊 エリア,1970,56,,1月,10.東尋坊 エリア,(一社)DMOさかい観光局,冬の東尋坊は、寒く波も荒かったです。見学するには、冬以外の季節を勧めます。
福井,2026/01/31 18:26:31,福井県,女,60代,,300万円以上 400万円未満,その他家族,日帰り,福井県外には宿泊しない,,福井県内には宿泊しない,,,,,,,,,県外から訪れていない（福井県在住）,0,0,0,0,0,0,1,自家用車,0,0,0,0,5,,,11回目以上,11回目以上,地元の美味しいものを食べる,0,0,1,0,0,0,0,0,0,0,0,0,0,0,0,0,0,0,友人・知人,0,0,0,0,0,0,0,0,0,0,0,0,0,0,0,0,0,0,1,0,0,0,0,0,0,,,,"1,000円以上 3,000円未満",,使わない,,"3,000円以上 5,000円未満","3,000円以上 5,000円未満",,,,,,,,,,4,4,,,,,,5,福井県在住,,越前そばの里 エリア,,選択なし/該当施設なし,,選択なし/該当施設なし,,000000,越前そばの里 エリア,1962,64,,1月,37.越前そばの里 エリア,,
福井,2026/01/31 18:03:10,福井県,男,50代,,分からない/無回答,自分ひとり,日帰り,福井県外には宿泊しない,,福井県内には宿泊しない,,,,,,,,,自家用車,1,0,0,0,0,0,0,自家用車,0,0,0,0,,,,11回目以上,11回目以上,出張など仕事関係,0,0,0,0,0,0,0,0,0,0,0,0,0,0,0,0,1,0,インターネット・アプリ,0,0,0,0,0,0,0,0,0,0,1,0,0,0,0,0,0,0,0,0,0,0,0,0,0,,,,"1,000円以上 3,000円未満",,使わない,,"1,000円未満","1,000円以上 3,000円未満",,,,,,,,,,5,5,,,,,,8,,,小浜 エリア（宿泊施設）,,選択なし/該当施設なし,,選択なし/該当施設なし,,000000,web,1967,59,,1月,69.小浜 エリア（宿泊施設）,(株)まちづくり小浜,
福井,2026/01/31 18:02:37,福井県,男,50代,,分からない/無回答,自分ひとり,日帰り,福井県外には宿泊しない,,福井県内には宿泊しない,,,,,,,,,自家用車,1,0,0,0,0,0,0,自家用車,0,0,0,0,,,,11回目以上,11回目以上,出張など仕事関係,0,0,0,0,0,0,0,0,0,0,0,0,0,0,0,0,1,0,インターネット・アプリ,0,0,0,0,0,0,0,0,0,0,1,0,0,0,0,0,0,0,0,0,0,0,0,0,0,,,,"1,000円以上 3,000円未満",,使わない,,"1,000円未満","1,000円以上 3,000円未満",,,,,,,,,,5,5,,,,,,8,,,道の駅「三方五湖」  エリア,,選択なし/該当施設なし,,選択なし/該当施設なし,,000000,web,1967,59,,1月,83.道の駅「三方五湖」 エリア,三方五湖DMO(株),
福井,2026/01/31 18:01:48,福井県,男,50代,,分からない/無回答,自分ひとり,日帰り,福井県外には宿泊しない,,福井県内には宿泊しない,,,,,,,,,自家用車,1,0,0,0,0,0,0,自家用車,0,0,0,0,,,,11回目以上,11回目以上,出張など仕事関係,0,0,0,0,0,0,0,0,0,0,0,0,0,0,0,0,1,0,インターネット・アプリ,0,0,0,0,0,0,0,0,0,0,1,0,0,0,0,0,0,0,0,0,0,0,0,0,0,,,,"1,000円以上 3,000円未満",,使わない,,"1,000円未満","1,000円以上 3,000円未満",,,,,,,,,,5,5,,,,,,8,,,JR美浜駅 エリア,,選択なし/該当施設なし,,選択なし/該当施設なし,,000000,web,1967,59,,1月,79.JR美浜駅 エリア,三方五湖DMO(株),
福井,2026/01/31 17:20:15,千葉県,男,30代,,"1,000万円以上 1,200万円未満",自分ひとり,1泊,福井県外には宿泊しない,,1泊,,,,,,,,,飛行機,0,0,0,0,1,0,0,路線バス,0,1,0,0,5,,,2～5回目,2～5回目,出張など仕事関係,0,0,0,0,0,0,0,0,0,0,0,0,0,0,0,0,1,0,観光パンフレット・ポスター,0,0,0,0,0,0,0,0,0,0,0,0,0,0,0,0,0,0,0,0,1,0,0,0,0,,,,"3,000円以上 5,000円未満",,"10,000円以上 20,000円未満",,"5,000円以上 10,000円未満","5,000円以上 10,000円未満",,,,,,,,,,4,5,,,,,,8,機会があれば行きたい,,福井駅前 エリア,,選択なし/該当施設なし,,選択なし/該当施設なし,,000000,福井駅前 エリア,1991,35,,1月,01.福井駅前 エリア,,
福井,2026/01/31 16:05:12,滋賀県,男,60代,,分からない/無回答,夫婦2人,1泊,福井県外には宿泊しない,,1泊,,,,,,,,,自家用車,1,0,0,0,0,0,0,自家用車,0,0,0,0,5,,,11回目以上,11回目以上,スキー・スノボ、マリンスポーツ,0,0,0,0,0,0,0,0,0,0,0,0,1,0,0,0,0,0,観光パンフレット・ポスター,0,0,0,0,0,0,0,0,0,0,0,0,0,0,0,0,0,0,0,0,1,0,0,0,0,,,,"3,000円以上 5,000円未満",,"5,000円以上 10,000円未満",,"3,000円以上 5,000円未満","20,000円以上 30,000円未満",,,,,,,,,,5,5,,いろいろ買えてよかった,,,,10,また行きたい（1年以内）,,道の駅「南えちぜん山海里」 エリア,,九頭竜スキー場,,選択なし/該当施設なし,,000000,名勝 養浩館庭園 エリア,1963,63,,1月,58.道の駅「南えちぜん山海里」 エリア,,
福井,2026/01/31 15:56:08,愛知県,女,70代,,100万円以上 200万円未満,夫婦2人,日帰り,福井県外には宿泊しない,,福井県内には宿泊しない,,,,,,,,,旅行会社ツアーバス,0,0,0,0,0,1,0,自家用車旅行会社ツアーバス,0,0,0,0,,,,6～10回目,6～10回目,その他,0,0,0,0,0,0,0,0,0,0,0,0,0,0,0,0,0,1,観光展・物産展新聞・雑誌・ガイドブック観光パンフレット・ポスターインターネット・アプリ,0,0,0,0,0,0,0,0,0,0,1,0,0,0,0,0,1,0,0,0,1,0,1,0,0,,,,"5,000円以上 10,000円未満",,使わない,,"5,000円以上 10,000円未満","10,000円以上 20,000円未満",,,,,,,,,,4,4,,フレンドリー,,,,10,また行きたい（1年以内）,,日本海さかな街 エリア,,氣比神宮,,越前そばの里,,000000,日本海さかな街 エリア,1953,73,,1月,61.日本海さかな街 エリア,,
福井,2026/01/31 15:39:31,福井県,男,40代,,"1,000万円以上 1,200万円未満",小学生以下連れの家族,日帰り,福井県外には宿泊しない,,福井県内には宿泊しない,,,,,,,,,自家用車,1,0,0,0,0,0,0,自家用車,0,0,0,0,,,,6～10回目,6～10回目,ドライブ・ツーリング,0,0,0,0,0,0,0,0,0,0,0,0,0,0,1,0,0,0,観光パンフレット・ポスター,0,0,0,0,0,0,0,0,0,0,0,0,0,0,0,0,0,0,0,0,1,0,0,0,0,,,,"3,000円以上 5,000円未満",,"1,000円以上 3,000円未満",,"1,000円以上 3,000円未満","3,000円以上 5,000円未満",,,,,,,,,,4,5,,,,,,10,,,越前大野城・城下町 エリア,,選択なし/該当施設なし,,選択なし/該当施設なし,,000000,六呂師高原 エリア,1979,47,,1月,21.越前大野城・城下町 エリア,,
福井,2026/01/31 15:36:48,福井県,女,50代,,"1,000万円以上 1,200万円未満",夫婦2人,日帰り,福井県外には宿泊しない,,福井県内には宿泊しない,,,,,,,,,自家用車,1,0,0,0,0,0,0,自家用車,0,0,0,0,5,,,6～10回目,6～10回目,その他,0,0,0,0,0,0,0,0,0,0,0,0,0,0,0,0,0,1,友人・知人,0,0,0,0,0,0,0,0,0,0,0,0,0,0,0,0,0,0,1,0,0,0,0,0,0,,,,"1,000円未満",,使わない,,"1,000円以上 3,000円未満","1,000円以上 3,000円未満",,,,,,,,,,4,4,,,,,,5,機会があれば行きたい,,道の駅「越前おおの荒島の郷」 エリア,,選択なし/該当施設なし,,選択なし/該当施設なし,,000000,レインボーライン エリア,1969,57,,1月,22.道の駅「越前おおの荒島の郷」 エリア,,
福井,2026/01/31 15:33:33,岐阜県,女,50代,,"900万円以上 1,000万円未満",中学生以上連れの家族,2泊,石川県金沢市,,1泊,,,,,,,,,自家用車,1,0,0,0,0,0,0,自家用車,0,0,0,0,,,,2～5回目,2～5回目,地元の美味しいものを食べる,0,0,1,0,0,0,0,0,0,0,0,0,0,0,0,0,0,0,その他,0,0,0,0,0,0,0,0,0,0,0,0,0,0,0,0,0,0,0,0,0,0,0,0,1,,,,"5,000円以上 10,000円未満",,"10,000円以上 20,000円未満",,"1,000円未満","30,000円以上 40,000円未満",,,,,,,,,,4,4,,きれい,,,,7,また行きたい（1年以内）,,かずら橋 エリア,,選択なし/該当施設なし,,選択なし/該当施設なし,,000000,かずら橋 エリア,1973,53,,1月,48.かずら橋 エリア,（一財）いけだ農村観光公社,アクティビティ
福井,2026/01/31 15:14:24,埼玉県,女,20代,,300万円以上 400万円未満,恋人,3泊,石川県金沢市,,1泊,,,,,,,,,新幹線,0,0,1,0,0,0,0,徒歩,0,0,1,0,5,,,初めて,初めて,まちあるき、都市散策,0,0,0,0,0,0,0,0,0,0,1,0,0,0,0,0,0,0,観光展・物産展,0,0,0,0,0,0,0,0,0,0,0,0,0,0,0,0,0,0,0,0,0,0,1,0,0,,,,"30,000円以上 40,000円未満",,"5,000円以上 10,000円未満",,"1,000円未満","10,000円以上 20,000円未満",,,,,,,,,,5,5,,,,,,10,機会があれば行きたい,,北ノ庄 エリア,,大本山永平寺,,選択なし/該当施設なし,,000000,ふくい鮮いちば エリア,2002,24,,1月,03.北ノ庄 エリア,,
福井,2026/01/31 14:48:43,徳島県,女,60代,,"900万円以上 1,000万円未満",夫婦2人,2泊,福井県外には宿泊しない,,2泊,,,,,,,,,在来線,0,0,0,1,0,0,0,レンタカー,0,0,0,0,5,荷物が多いので助かる,,初めて,初めて,温泉や露天風呂,0,1,0,0,0,0,0,0,0,0,0,0,0,0,0,0,0,0,新聞・雑誌・ガイドブック観光パンフレット・ポスターインターネット・アプリ,0,0,0,0,0,0,0,0,0,0,1,0,0,0,0,0,1,0,0,0,1,0,0,0,0,,,,"10,000円以上 20,000円未満",,"100,000円以上",,"3,000円以上 5,000円未満","10,000円以上 20,000円未満",,,,,,,,,,5,5,,静かで清潔。,,,,8,機会があれば行きたい,,大本山 永平寺 エリア,,越前がにミュージアム,,福井県立恐竜博物館,,000000,大本山 永平寺 エリア,1965,61,,1月,34.大本山 永平寺 エリア,,階段が多いので、お年寄りには薦めづらいところがある
福井,2026/01/31 14:41:01,東京都,女,40代,,600万円以上 700万円未満,自分ひとり,1泊,福井県外には宿泊しない,,1泊,,,,,,,,,飛行機,0,0,0,0,1,0,0,在来線,0,0,0,0,,,,11回目以上,11回目以上,買い物、アウトレット,0,0,0,0,0,0,1,0,0,0,0,0,0,0,0,0,0,0,インターネット・アプリ,0,0,0,0,0,0,0,0,0,0,1,0,0,0,0,0,0,0,0,0,0,0,0,0,0,,,,"20,000円以上 30,000円未満",,"5,000円以上 10,000円未満",,"5,000円以上 10,000円未満","10,000円以上 20,000円未満",,,,,,,,,,4,4,,,,,,10,また行きたい（1年以内）,,福井駅前 エリア,,東尋坊,,選択なし/該当施設なし,,000000,ふくい鮮いちば エリア,1986,40,,1月,01.福井駅前 エリア,,
福井,2026/01/31 14:39:12,福井県,男,40代,,"1,000万円以上 1,200万円未満",小学生以下連れの家族,日帰り,福井県外には宿泊しない,,福井県内には宿泊しない,,,,,,,,,自家用車,1,0,0,0,0,0,0,自家用車,0,0,0,0,5,,,2～5回目,2～5回目,名所、旧跡の観光買い物、アウトレットドライブ・ツーリング,0,0,0,0,1,0,1,0,0,0,0,0,0,0,1,0,0,0,観光パンフレット・ポスター,0,0,0,0,0,0,0,0,0,0,0,0,0,0,0,0,0,0,0,0,1,0,0,0,0,,,,"3,000円以上 5,000円未満",,"1,000円以上 3,000円未満",,"1,000円以上 3,000円未満","3,000円以上 5,000円未満",,,,,,,,,,5,5,,,,,,8,,,はたや記念館 ゆめおーれ勝山 エリア,,越前大野城,,選択なし/該当施設なし,,000000,六呂師高原 エリア,1979,47,,1月,30.はたや記念館 ゆめおーれ勝山 エリア,勝山市観光まちづくり(株),
福井,2026/01/31 14:15:35,滋賀県,男,50代,,"1,000万円以上 1,200万円未満",自分ひとり,2泊,石川県加賀市,,1泊,,,,,,,,,新幹線在来線,0,0,1,1,0,0,0,路線バス,0,1,0,0,5,,,2～5回目,2～5回目,温泉や露天風呂地元の美味しいものを食べる,0,1,1,0,0,0,0,0,0,0,0,0,0,0,0,0,0,0,インターネット・アプリ,0,0,0,0,0,0,0,0,0,0,1,0,0,0,0,0,0,0,0,0,0,0,0,0,0,,,,"10,000円以上 20,000円未満",,"5,000円以上 10,000円未満",,"1,000円未満","5,000円以上 10,000円未満",,,,,,,,,,5,5,,,,,,9,また行きたい（1年以内）,,大本山 永平寺 エリア,,選択なし/該当施設なし,,選択なし/該当施設なし,,000000,web,1967,59,,1月,34.大本山 永平寺 エリア,,
福井,2026/01/31 14:05:21,福井県,女,40代,,100万円未満,その他家族,日帰り,福井県外には宿泊しない,,福井県内には宿泊しない,,,,,,,,,自家用車,1,0,0,0,0,0,0,自家用車,0,0,0,0,,,,6～10回目,6～10回目,出張など仕事関係,0,0,0,0,0,0,0,0,0,0,0,0,0,0,0,0,1,0,観光展・物産展,0,0,0,0,0,0,0,0,0,0,0,0,0,0,0,0,0,0,0,0,0,0,1,0,0,,,,使わない,,"5,000円以上 10,000円未満",,"5,000円以上 10,000円未満","3,000円以上 5,000円未満",,,,,,,,,,5,5,,,,,,10,また行きたい（1年以内）,,道の駅「恐竜渓谷かつやま」 エリア,,選択なし/該当施設なし,,選択なし/該当施設なし,,000000,道の駅「恐竜渓谷かつやま」 エリア,1978,48,,1月,26.道の駅「恐竜渓谷かつやま」 エリア,勝山市観光まちづくり(株),
福井,2026/01/31 13:54:30,福井県,女,40代,,300万円以上 400万円未満,その他家族,2泊,京都府,,福井県内には宿泊しない,,,,,,,,,自家用車,1,0,0,0,0,0,0,自家用車,0,0,0,0,,,,11回目以上,11回目以上,地元の美味しいものを食べる,0,0,1,0,0,0,0,0,0,0,0,0,0,0,0,0,0,0,友人・知人,0,0,0,0,0,0,0,0,0,0,0,0,0,0,0,0,0,0,1,0,0,0,0,0,0,,,,使わない,,"1,000円以上 3,000円未満",,"1,000円以上 3,000円未満",使わない,,,,,,,,,,3,3,,,,,,5,,,ふくい鮮いちば エリア,,選択なし/該当施設なし,,選択なし/該当施設なし,,000000,web,1977,49,,1月,05.ふくい鮮いちば エリア,,
福井,2026/01/31 13:49:48,埼玉県,女,20代,,300万円以上 400万円未満,恋人,3泊,石川県金沢市,,1泊,,,,,,,,,新幹線,0,0,1,0,0,0,0,タクシー,1,0,0,0,5,,,初めて,初めて,まちあるき、都市散策,0,0,0,0,0,0,0,0,0,0,1,0,0,0,0,0,0,0,観光展・物産展,0,0,0,0,0,0,0,0,0,0,0,0,0,0,0,0,0,0,0,0,0,0,1,0,0,,,,"30,000円以上 40,000円未満",,"5,000円以上 10,000円未満",,"1,000円未満","10,000円以上 20,000円未満",,,,,,,,,,5,5,,,,,,10,機会があれば行きたい,,大本山 永平寺 エリア,,勝山城博物館,,選択なし/該当施設なし,,000000,ふくい鮮いちば エリア,2002,24,,1月,34.大本山 永平寺 エリア,,
福井,2026/01/31 13:48:02,福井県,女,50代,,分からない/無回答,恋人,日帰り,石川県金沢市,,福井県内には宿泊しない,,,,,,,,,自家用車,1,0,0,0,0,0,0,自家用車,0,0,0,0,5,,,2～5回目,2～5回目,地元の美味しいものを食べる,0,0,1,0,0,0,0,0,0,0,0,0,0,0,0,0,0,0,友人・知人,0,0,0,0,0,0,0,0,0,0,0,0,0,0,0,0,0,0,1,0,0,0,0,0,0,,,,"3,000円以上 5,000円未満",,"20,000円以上 30,000円未満",,"3,000円以上 5,000円未満","5,000円以上 10,000円未満",,,,,,,,,,5,5,,,,,,8,,,越前そばの里 エリア,,選択なし/該当施設なし,,選択なし/該当施設なし,,000000,web,1972,54,,1月,37.越前そばの里 エリア,,
福井,2026/01/31 13:47:44,大阪府,女,60代,,300万円以上 400万円未満,友人,1泊,福井県外には宿泊しない,,1泊,,,,,,,,,レンタカー,0,1,0,0,0,0,0,レンタカー,0,0,0,0,4,おいしかった,,初めて,初めて,宿でのんびり過ごす,1,0,0,0,0,0,0,0,0,0,0,0,0,0,0,0,0,0,友人・知人,0,0,0,0,0,0,0,0,0,0,0,0,0,0,0,0,0,0,1,0,0,0,0,0,0,,,,"10,000円以上 20,000円未満",,"20,000円以上 30,000円未満",,"3,000円以上 5,000円未満","10,000円以上 20,000円未満",,,,,,,,,,4,4,,すぐ対応,,,,8,また行きたい（1年以内）,,越前そばの里 エリア,,越前大仏,,選択なし/該当施設なし,,000000,web,1965,61,,1月,37.越前そばの里 エリア,,
福井,2026/01/31 13:42:46,福井県,女,60代,,600万円以上 700万円未満,夫婦2人,日帰り,福井県外には宿泊しない,,福井県内には宿泊しない,,,,,,,,,自家用車,1,0,0,0,0,0,0,自家用車,0,0,0,0,5,海鮮丼が新鮮でとてもおいしかった,,2～5回目,2～5回目,地元の美味しいものを食べる,0,0,1,0,0,0,0,0,0,0,0,0,0,0,0,0,0,0,その他,0,0,0,0,0,0,0,0,0,0,0,0,0,0,0,0,0,0,0,0,0,0,0,0,1,,,,"1,000円以上 3,000円未満",,使わない,,"3,000円以上 5,000円未満","3,000円以上 5,000円未満",,,,,,,,,,4,5,,,,,,10,,,ふくい鮮いちば エリア,,選択なし/該当施設なし,,選択なし/該当施設なし,,000000,web,1959,67,,1月,05.ふくい鮮いちば エリア,,
福井,2026/01/31 13:36:05,福井県,女,60代,,600万円以上 700万円未満,夫婦2人,日帰り,福井県外には宿泊しない,,福井県内には宿泊しない,,,,,,,,,自家用車,1,0,0,0,0,0,0,自家用車タクシー,1,0,0,0,3,土曜日、日曜日だと駐車場や、飲食エリアがいっぱいで諦めたことがある。,,11回目以上,11回目以上,地元の美味しいものを食べる,0,0,1,0,0,0,0,0,0,0,0,0,0,0,0,0,0,0,インターネット・アプリ,0,0,0,0,0,0,0,0,0,0,1,0,0,0,0,0,0,0,0,0,0,0,0,0,0,,,,"1,000円未満",,使わない,,"5,000円以上 10,000円未満","5,000円以上 10,000円未満",,,,,,,,,,3,4,,,,,,10,,,越前そばの里 エリア,,道の駅「越前」,,選択なし/該当施設なし,,000000,越前そばの里 エリア,1963,63,,1月,37.越前そばの里 エリア,,食事もできて、お土産も購入出来るから
福井,2026/01/31 13:15:20,奈良県,女,40代,,"900万円以上 1,000万円未満",夫婦2人,日帰り,福井県外には宿泊しない,,福井県内には宿泊しない,,,,,,,,,自家用車,1,0,0,0,0,0,0,自家用車,0,0,0,0,,,,初めて,初めて,地元の美味しいものを食べるその他,0,0,1,0,0,0,0,0,0,0,0,0,0,0,0,0,0,1,その他,0,0,0,0,0,0,0,0,0,0,0,0,0,0,0,0,0,0,0,0,0,0,0,0,1,,,,"10,000円以上 20,000円未満",,"20,000円以上 30,000円未満",,"3,000円以上 5,000円未満","10,000円以上 20,000円未満",,,,,,,,,,5,5,,立ち寄った道のオアシスフォーシーズンズテラスお店の方がとても親切でした！,,,,10,また行きたい（1年以内）,,かずら橋 エリア,,選択なし/該当施設なし,,選択なし/該当施設なし,,000000,かずら橋 エリア,1978,48,,1月,48.かずら橋 エリア,（一財）いけだ農村観光公社,景色の美しさ、人の良さが素晴らしいです。
福井,2026/01/31 12:42:42,愛媛県,男,20代,,500万円以上 600万円未満,恋人,2泊,福井県外には宿泊しない,,2泊,,,,,,,,,在来線,0,0,0,1,0,0,0,在来線,0,0,0,0,4,,,2～5回目,2～5回目,地元の美味しいものを食べる,0,0,1,0,0,0,0,0,0,0,0,0,0,0,0,0,0,0,観光展・物産展新聞・雑誌・ガイドブック,0,0,0,0,0,0,0,0,0,0,0,0,0,0,0,0,1,0,0,0,0,0,1,0,0,,,,"10,000円以上 20,000円未満",,"10,000円以上 20,000円未満",,"10,000円以上 20,000円未満","20,000円以上 30,000円未満",,,,,,,,,,4,4,,,,,,6,機会があれば行きたい,,若狭高浜 エリア,,選択なし/該当施設なし,,選択なし/該当施設なし,,000000,若狭高浜 エリア,1998,28,,1月,90.若狭高浜 エリア,,
福井,2026/01/31 12:14:54,福井県,女,50代,,200万円以上 300万円未満,友人,日帰り,福井県外には宿泊しない,,福井県内には宿泊しない,,,,,,,,,自家用車,1,0,0,0,0,0,0,自家用車,0,0,0,0,5,,,11回目以上,11回目以上,宿でのんびり過ごす,1,0,0,0,0,0,0,0,0,0,0,0,0,0,0,0,0,0,観光展・物産展,0,0,0,0,0,0,0,0,0,0,0,0,0,0,0,0,0,0,0,0,0,0,1,0,0,,,,"3,000円以上 5,000円未満",,"3,000円以上 5,000円未満",,"1,000円以上 3,000円未満","1,000円以上 3,000円未満",,,,,,,,,,5,5,,,,,,10,また行きたい（1年以内）,,道の駅「パークイン丹生ヶ丘」 エリア,,越前陶芸村,,選択なし/該当施設なし,,000000,web,1970,56,,1月,50.道の駅「パークイン丹生ヶ丘」 エリア,一般社団法人 越前町観光連盟（DMO ECHIZEN）,
福井,2026/01/31 12:05:06,福井県,女,50代,,400万円以上 500万円未満,夫婦2人,日帰り,福井県外には宿泊しない,,福井県内には宿泊しない,,,,,,,,,自家用車,1,0,0,0,0,0,0,自家用車,0,0,0,0,5,,,2～5回目,2～5回目,まちあるき、都市散策,0,0,0,0,0,0,0,0,0,0,1,0,0,0,0,0,0,0,新聞・雑誌・ガイドブック,0,0,0,0,0,0,0,0,0,0,0,0,0,0,0,0,1,0,0,0,0,0,0,0,0,,,,使わない,,"3,000円以上 5,000円未満",,"3,000円以上 5,000円未満","5,000円以上 10,000円未満",,,,,,,,,,4,4,,,,,,8,,,ふくい鮮いちば エリア,,選択なし/該当施設なし,,選択なし/該当施設なし,,000000,web,1971,55,,1月,05.ふくい鮮いちば エリア,,
福井,2026/01/31 12:03:37,大阪府,男,50代,,"1,200万円以上 1,500万円未満",夫婦2人,1泊,福井県外には宿泊しない,,1泊,,,,,,,,,自家用車,1,0,0,0,0,0,0,自家用車,0,0,0,0,3,,,2～5回目,2～5回目,宿でのんびり過ごす温泉や露天風呂地元の美味しいものを食べる,1,1,1,0,0,0,0,0,0,0,0,0,0,0,0,0,0,0,インターネット・アプリ,0,0,0,0,0,0,0,0,0,0,1,0,0,0,0,0,0,0,0,0,0,0,0,0,0,,,,"20,000円以上 30,000円未満",,"50,000円以上 100,000円未満",,"5,000円以上 10,000円未満","50,000円以上 100,000円未満",,,,,,,,,,5,5,,,,,,10,,,大本山 永平寺 エリア,,選択なし/該当施設なし,,選択なし/該当施設なし,,000000,web,1976,50,,1月,34.大本山 永平寺 エリア,,
福井,2026/01/31 11:50:42,東京都,女,40代,,分からない/無回答,自分ひとり,2泊,福井県外には宿泊しない,,2泊,,,,,,,,,飛行機,0,0,0,0,1,0,0,在来線路線バス,0,1,0,0,3,交通アクセスが不便だと思った,,初めて,初めて,地元の美味しいものを食べる花見や紅葉などの自然鑑賞名所、旧跡の観光,0,0,1,1,1,0,0,0,0,0,0,0,0,0,0,0,0,0,インターネット・アプリ,0,0,0,0,0,0,0,0,0,0,1,0,0,0,0,0,0,0,0,0,0,0,0,0,0,,,,"20,000円以上 30,000円未満",,"10,000円以上 20,000円未満",,"1,000円以上 3,000円未満","10,000円以上 20,000円未満",,,,,,,,,,4,4,,,,,,7,機会があれば行きたい,,大本山 永平寺 エリア,,選択なし/該当施設なし,,福井県立恐竜博物館,,000000,大本山 永平寺 エリア,1984,42,,1月,34.大本山 永平寺 エリア,,雪
福井,2026/01/31 11:48:31,東京都,女,40代,,600万円以上 700万円未満,自分ひとり,1泊,福井県外には宿泊しない,,1泊,,,,,,,,,飛行機,0,0,0,0,1,0,0,在来線路線バス,0,1,0,0,4,,,11回目以上,11回目以上,買い物、アウトレット,0,0,0,0,0,0,1,0,0,0,0,0,0,0,0,0,0,0,インターネット・アプリ,0,0,0,0,0,0,0,0,0,0,1,0,0,0,0,0,0,0,0,0,0,0,0,0,0,,,,"20,000円以上 30,000円未満",,"5,000円以上 10,000円未満",,"1,000円以上 3,000円未満","10,000円以上 20,000円未満",,,,,,,,,,4,4,,,,,,10,また行きたい（1年以内）,,東尋坊 エリア,,選択なし/該当施設なし,,選択なし/該当施設なし,,000000,ふくい鮮いちば エリア,1986,40,,1月,10.東尋坊 エリア,(一社)DMOさかい観光局,
福井,2026/01/31 11:37:21,奈良県,男,30代,,400万円以上 500万円未満,兄弟,日帰り,福井県外には宿泊しない,,福井県内には宿泊しない,,,,,,,,,在来線,0,0,0,1,0,0,0,その他,0,0,0,0,5,土日はバスのほとんどが運休していて、観光に全く使えない時間の便しか走ってないので、非常に助かる,,初めて,初めて,地元の美味しいものを食べる,0,0,1,0,0,0,0,0,0,0,0,0,0,0,0,0,0,0,その他,0,0,0,0,0,0,0,0,0,0,0,0,0,0,0,0,0,0,0,0,0,0,0,0,1,,,,"3,000円以上 5,000円未満",,使わない,,"3,000円以上 5,000円未満","5,000円以上 10,000円未満",,,,,,,,,,5,5,,雰囲気もいいし蕎麦打ち体験も楽しそうだった,,,,2,また行きたい（1年以内）,,越前そばの里 エリア,,選択なし/該当施設なし,麺房いせや,選択なし/該当施設なし,,000000,越前そばの里 エリア,1987,39,,1月,37.越前そばの里 エリア,,福井県は全体的に、観光地に行く、ツアーではない一般バス路線が弱すぎて、使い物にならず、結局タクシー移動になってお金がかかるのがネック。特に越前市。もっと一般バス路線を観光地に立ち寄るように（なんで越前そばの里にすら立ち寄らない&hellip;観光客は蕎麦食べに来るのに&hellip;）、そして運行時刻も滞在時間とか電車との接続を考えて路線を作ってほしい。和紙の里ですら、開館時間にちょうどいい便が、土休日運休になっている。観光客呼ぶ気ある？と思います。電車も接続無いと、1時間以上武生駅で待つの？寒いよ？ってなります。しかも着いてすぐ折り返しって&hellip;市役所職員は和紙の里を何分で見る想定してるの？5分？と思います。バスの土休日の利便性が悪く、駅からの交通手段が観光客に優しくない。だから福井県をお勧めできないです。私たちの地元奈良では、観光客を呼ぶために、補助金を出して土日の方が本数多くしています。そうしないと、二次交通がタクシーだけでは観光客は来ません。（最近はタクシーの台数も限られるし&hellip;）
福井,2026/01/31 11:24:09,滋賀県,男,70代,,100万円未満,夫婦2人,2泊,石川県加賀市,,1泊,,,,,,,,,在来線旅行会社ツアーバス,0,0,0,1,0,1,0,旅行会社ツアーバス,0,0,0,0,3,ツアーバスのため,,初めて,初めて,宿でのんびり過ごす温泉や露天風呂地元の美味しいものを食べる,1,1,1,0,0,0,0,0,0,0,0,0,0,0,0,0,0,0,その他,0,0,0,0,0,0,0,0,0,0,0,0,0,0,0,0,0,0,0,0,0,0,0,0,1,,,,"5,000円以上 10,000円未満",,"10,000円以上 20,000円未満",,"3,000円以上 5,000円未満","5,000円以上 10,000円未満",,,,,,,,,,4,4,,,,,,7,機会があれば行きたい,,敦賀市立博物館 エリア,,一乗谷朝倉氏遺跡,,日本海さかな街,,000000,敦賀市立博物館 エリア,1954,72,,1月,65.敦賀市立博物館 エリア,,
福井,2026/01/31 10:39:48,福井県,女,30代,,300万円以上 400万円未満,自分ひとり,日帰り,福井県外には宿泊しない,,福井県内には宿泊しない,,,,,,,,,自家用車,1,0,0,0,0,0,0,自家用車,0,0,0,0,4,,,2～5回目,2～5回目,お祭りやイベントへの参加・見物,0,0,0,0,0,0,0,1,0,0,0,0,0,0,0,0,0,0,観光展・物産展,0,0,0,0,0,0,0,0,0,0,0,0,0,0,0,0,0,0,0,0,0,0,1,0,0,,,,使わない,,使わない,,"1,000円未満",使わない,,,,,,,,,,5,5,,,,,,10,,,越前そばの里 エリア,,選択なし/該当施設なし,,選択なし/該当施設なし,,000000,越前そばの里 エリア,1996,30,,1月,37.越前そばの里 エリア,,
福井,2026/01/31 09:50:39,福井県,男,50代,,600万円以上 700万円未満,親,日帰り,福井県外には宿泊しない,,2泊,,,,,,,,,自家用車,1,0,0,0,0,0,0,自家用車,0,0,0,0,5,品物が安い,,6～10回目,6～10回目,買い物、アウトレット,0,0,0,0,0,0,1,0,0,0,0,0,0,0,0,0,0,0,新聞・雑誌・ガイドブックインターネット・アプリFacebookブログ,1,0,0,0,0,0,0,0,1,0,1,0,0,0,0,0,1,0,0,0,0,0,0,0,0,,,,"5,000円以上 10,000円未満",,"10,000円以上 20,000円未満",,"10,000円以上 20,000円未満","10,000円以上 20,000円未満",,,,,,,,,,5,5,,,,,,10,また行きたい（1年以内）,,ふくい鮮いちば エリア,,北の庄城址・柴田公園,,選択なし/該当施設なし,,000000,ふくい鮮いちば エリア,1967,59,,1月,05.ふくい鮮いちば エリア,,
福井,2026/01/31 08:59:14,埼玉県,男,60代,,500万円以上 600万円未満,その他家族,1泊,福井県外には宿泊しない,,1泊,,,,,,,,,新幹線,0,0,1,0,0,0,0,レンタカー,0,0,0,0,4,,,初めて,初めて,友人・親戚を尋ねる,0,0,0,0,0,0,0,0,0,0,0,0,0,0,0,1,0,0,インターネット・アプリ,0,0,0,0,0,0,0,0,0,0,1,0,0,0,0,0,0,0,0,0,0,0,0,0,0,,,,"30,000円以上 40,000円未満",,"5,000円以上 10,000円未満",,"3,000円以上 5,000円未満","20,000円以上 30,000円未満",,,,,,,,,,4,5,,,,,,8,機会があれば行きたい,,越前そばの里 エリア,,越前がにミュージアム,,選択なし/該当施設なし,,000000,web,1964,62,,1月,37.越前そばの里 エリア,,
福井,2026/01/31 08:26:59,埼玉県,女,20代,,300万円以上 400万円未満,恋人,3泊,石川県金沢市,,1泊,,,,,,,,,新幹線,0,0,1,0,0,0,0,路線バス,0,1,0,0,,,,初めて,初めて,宿でのんびり過ごす温泉や露天風呂地元の美味しいものを食べる名所、旧跡の観光テーマパーク（遊園地、動物園、博物館など）まちあるき、都市散策,1,1,1,0,1,1,0,0,0,0,1,0,0,0,0,0,0,0,観光展・物産展,0,0,0,0,0,0,0,0,0,0,0,0,0,0,0,0,0,0,0,0,0,0,1,0,0,,,,"30,000円以上 40,000円未満",,"5,000円以上 10,000円未満",,"1,000円以上 3,000円未満","10,000円以上 20,000円未満",,,,,,,,,,5,5,,,,,,10,機会があれば行きたい,,ふくい鮮いちば エリア,,選択なし/該当施設なし,,一乗谷朝倉氏遺跡,,000000,ふくい鮮いちば エリア,2002,24,,1月,05.ふくい鮮いちば エリア,,
福井,2026/01/31 04:44:08,愛知県,女,30代,,800万円以上 900万円未満,自分ひとり,1泊,福井県外には宿泊しない,,1泊,,,,,,,,,自家用車,1,0,0,0,0,0,0,自家用車徒歩,0,0,1,0,,,,2～5回目,2～5回目,宿でのんびり過ごす地元の美味しいものを食べるまちあるき、都市散策,1,0,1,0,0,0,0,0,0,0,1,0,0,0,0,0,0,0,観光パンフレット・ポスターインターネット・アプリInstagram友人・知人,0,0,0,1,0,0,0,0,0,0,1,0,0,0,0,0,0,0,1,0,1,0,0,0,0,,,,"3,000円以上 5,000円未満",,"10,000円以上 20,000円未満",,"1,000円以上 3,000円未満","5,000円以上 10,000円未満",,,,,,,,,,5,5,,,,,,10,また行きたい（1年以内）,,金ヶ崎 エリア,,敦賀赤レンガ倉庫,,一乗谷朝倉氏遺跡,,000000,web,1989,37,,1月,64.金ヶ崎 エリア,,
福井,2026/02/01 22:18:38,福井県,女,70代,,100万円以上 200万円未満,夫婦2人,日帰り,福井県外には宿泊しない,,福井県内には宿泊しない,,,,,,,,,県外から訪れていない（福井県在住）,0,0,0,0,0,0,1,自家用車,0,0,0,0,,,,6～10回目,6～10回目,地元の美味しいものを食べる,0,0,1,0,0,0,0,0,0,0,0,0,0,0,0,0,0,0,観光協会等の案内所,0,0,0,0,0,0,0,0,0,0,0,0,0,0,0,0,0,0,0,0,0,1,0,0,0,,,,"1,000円以上 3,000円未満",,"10,000円以上 20,000円未満",,"1,000円以上 3,000円未満","5,000円以上 10,000円未満",,,,,,,,,,4,4,,,,,,8,,,かずら橋 エリア,,一乗谷朝倉氏遺跡,,選択なし/該当施設なし,,000000,かずら橋 エリア,1948,78,,2月,48.かずら橋 エリア,（一財）いけだ農村観光公社,
福井,2026/02/01 21:37:23,東京都,女,30代,,"1,200万円以上 1,500万円未満",その他家族,2泊,石川県粟津町,,1泊,,,,,,,,,新幹線,0,0,1,0,0,0,0,タクシー,1,0,0,0,5,観光タクシーを予約しました。乗り心地も良く、親切にしていただきました。,,2～5回目,2～5回目,名所、旧跡の観光,0,0,0,0,1,0,0,0,0,0,0,0,0,0,0,0,0,0,インターネット・アプリ,0,0,0,0,0,0,0,0,0,0,1,0,0,0,0,0,0,0,0,0,0,0,0,0,0,,,,"40,000円以上 50,000円未満",,"10,000円以上 20,000円未満",,"1,000円未満","50,000円以上 100,000円未満",,,,,,,,,,4,4,,,,,,10,機会があれば行きたい,,大本山 永平寺 エリア,,福井県立恐竜博物館,,選択なし/該当施設なし,,000000,三国湊 エリア,1996,30,,2月,34.大本山 永平寺 エリア,,
福井,2026/02/01 20:16:43,福井県,女,60代,,分からない/無回答,夫婦2人,日帰り,福井県外には宿泊しない,,福井県内には宿泊しない,,,,,,,,,県外から訪れていない（福井県在住）,0,0,0,0,0,0,1,自家用車,0,0,0,0,4,除雪作業もされていてスムーズに走れました。,,2～5回目,2～5回目,お祭りやイベントへの参加・見物,0,0,0,0,0,0,0,1,0,0,0,0,0,0,0,0,0,0,観光展・物産展TV・ラジオ番組やCM,0,0,0,0,0,0,0,0,0,0,0,0,0,0,1,0,0,0,0,0,0,0,1,0,0,,,,使わない,,使わない,,"10,000円以上 20,000円未満","10,000円以上 20,000円未満",,,,,,,,,,4,4,,,,,,9,福井県在住,,越前そばの里 エリア,,道の駅「越前おおの荒島の郷」,,選択なし/該当施設なし,,000000,越前そばの里 エリア,1962,64,,2月,37.越前そばの里 エリア,,祭りやイベントは楽しく、蕎麦や蟹はとっても美味しいです。
福井,2026/02/01 19:11:02,大阪府,男,50代,,"1,200万円以上 1,500万円未満",夫婦2人,1泊,福井県外には宿泊しない,,1泊,,,,,,,,,自家用車,1,0,0,0,0,0,0,自家用車,0,0,0,0,5,,,2～5回目,2～5回目,地元の美味しいものを食べる,0,0,1,0,0,0,0,0,0,0,0,0,0,0,0,0,0,0,インターネット・アプリ,0,0,0,0,0,0,0,0,0,0,1,0,0,0,0,0,0,0,0,0,0,0,0,0,0,,,,"20,000円以上 30,000円未満",,"50,000円以上 100,000円未満",,"5,000円以上 10,000円未満","50,000円以上 100,000円未満",,,,,,,,,,5,5,,,,,,10,,,道の駅「南えちぜん山海里」 エリア,,選択なし/該当施設なし,,選択なし/該当施設なし,,000000,web,1976,50,,2月,58.道の駅「南えちぜん山海里」 エリア,,
福井,2026/02/01 19:07:44,愛知県,男,60代,,700万円以上 800万円未満,夫婦2人,2泊,大阪市,,1泊,,,,,,,,,新幹線在来線,0,0,1,1,0,0,0,在来線路線バス,0,1,0,0,,,,初めて,初めて,温泉や露天風呂地元の美味しいものを食べる名所、旧跡の観光,0,1,1,0,1,0,0,0,0,0,0,0,0,0,0,0,0,0,観光パンフレット・ポスター観光協会等の案内所,0,0,0,0,0,0,0,0,0,0,0,0,0,0,0,0,0,0,0,0,1,1,0,0,0,,,,"40,000円以上 50,000円未満",,"30,000円以上 40,000円未満",,"10,000円以上 20,000円未満","20,000円以上 30,000円未満",,,,,,,,,,5,5,,施設が何処も綺麗で清潔でした。,,,,10,機会があれば行きたい,,福井駅前 エリア,,養浩館庭園,,一乗谷朝倉氏遺跡,,000000,福井駅前 エリア,1964,62,,2月,01.福井駅前 エリア,,一乗谷朝倉氏遺跡など。
福井,2026/02/01 18:44:33,東京都,男,30代,,"1,200万円以上 1,500万円未満",夫婦2人,2泊,石川県金沢市,,1泊,,,,,,,,,飛行機,0,0,0,0,1,0,0,路線バス,0,1,0,0,5,,,初めて,初めて,宿でのんびり過ごす温泉や露天風呂地元の美味しいものを食べる花見や紅葉などの自然鑑賞名所、旧跡の観光テーマパーク（遊園地、動物園、博物館など）まちあるき、都市散策,1,1,1,1,1,1,0,0,0,0,1,0,0,0,0,0,0,0,新聞・雑誌・ガイドブックTV・ラジオ番組やCM観光パンフレット・ポスター,0,0,0,0,0,0,0,0,0,0,0,0,0,0,1,0,1,0,0,0,1,0,0,0,0,,,,"30,000円以上 40,000円未満",,"30,000円以上 40,000円未満",,"1,000円未満","5,000円以上 10,000円未満",,,,,,,,,,5,5,,,,,,8,機会があれば行きたい,,大本山 永平寺 エリア,,選択なし/該当施設なし,,福井県立恐竜博物館,,000000,大本山 永平寺 エリア,1994,32,,2月,34.大本山 永平寺 エリア,,福井駅中のお店でもカニが美味しかった！
福井,2026/02/01 18:27:04,福井県,男,60代,,500万円以上 600万円未満,夫婦2人,日帰り,福井県外には宿泊しない,,福井県内には宿泊しない,,,,,,,,,自家用車,1,0,0,0,0,0,0,自家用車,0,0,0,0,5,,,2～5回目,2～5回目,テーマパーク（遊園地、動物園、博物館など）,0,0,0,0,0,1,0,0,0,0,0,0,0,0,0,0,0,0,インターネット・アプリInstagram,0,0,0,1,0,0,0,0,0,0,1,0,0,0,0,0,0,0,0,0,0,0,0,0,0,,,,"20,000円以上 30,000円未満",,"20,000円以上 30,000円未満",,"1,000円以上 3,000円未満","20,000円以上 30,000円未満",,,,,,,,,,4,4,,,,,,7,機会があれば行きたい,,ふくい鮮いちば エリア,,選択なし/該当施設なし,,選択なし/該当施設なし,,000000,web,1960,66,,2月,05.ふくい鮮いちば エリア,,
福井,2026/02/01 18:15:02,東京都,女,30代,,"1,200万円以上 1,500万円未満",夫婦2人,2泊,石川県金沢市,,1泊,,,,,,,,,飛行機,0,0,0,0,1,0,0,路線バス,0,1,0,0,4,,,初めて,初めて,温泉や露天風呂地元の美味しいものを食べる名所、旧跡の観光テーマパーク（遊園地、動物園、博物館など）,0,1,1,0,1,1,0,0,0,0,0,0,0,0,0,0,0,0,新聞・雑誌・ガイドブック,0,0,0,0,0,0,0,0,0,0,0,0,0,0,0,0,1,0,0,0,0,0,0,0,0,,,,"5,000円以上 10,000円未満",,"30,000円以上 40,000円未満",,"1,000円以上 3,000円未満","10,000円以上 20,000円未満",,,,,,,,,,3,2,,もう少し施設についての案内（音声ガイドやツアーなど）があると楽しめると思った,,,,6,機会があれば行きたい,,大本山 永平寺 エリア,,大本山永平寺,,福井県立恐竜博物館,,000000,大本山 永平寺 エリア,1990,36,,2月,34.大本山 永平寺 エリア,,
福井,2026/02/01 18:11:14,岐阜県,女,20代,,300万円以上 400万円未満,小学生以下連れの家族,日帰り,福井県外には宿泊しない,,福井県内には宿泊しない,,,,,,,,,自家用車,1,0,0,0,0,0,0,自家用車,0,0,0,0,3,,,初めて,初めて,友人・親戚を尋ねる,0,0,0,0,0,0,0,0,0,0,0,0,0,0,0,1,0,0,友人・知人,0,0,0,0,0,0,0,0,0,0,0,0,0,0,0,0,0,0,1,0,0,0,0,0,0,,,,"5,000円以上 10,000円未満",,使わない,,"3,000円以上 5,000円未満","5,000円以上 10,000円未満",,,,,,,,,,5,5,,,,,,10,機会があれば行きたい,,越前陶芸村 エリア,,選択なし/該当施設なし,,選択なし/該当施設なし,,000000,越前陶芸村 エリア,1997,29,,2月,52.越前陶芸村 エリア,一般社団法人 越前町観光連盟（DMO ECHIZEN）,
福井,2026/02/01 17:56:13,静岡県,男,40代,,500万円以上 600万円未満,自分ひとり,1泊,福井県外には宿泊しない,,1泊,,,,,,,,,新幹線在来線,0,0,1,1,0,0,0,徒歩,0,0,1,0,,,,初めて,初めて,地元の美味しいものを食べる名所、旧跡の観光テーマパーク（遊園地、動物園、博物館など）まちあるき、都市散策,0,0,1,0,1,1,0,0,0,0,1,0,0,0,0,0,0,0,インターネット・アプリ観光協会等の案内所,0,0,0,0,0,0,0,0,0,0,1,0,0,0,0,0,0,0,0,0,0,1,0,0,0,,,,"30,000円以上 40,000円未満",,"10,000円以上 20,000円未満",,"1,000円以上 3,000円未満","5,000円以上 10,000円未満",,,,,,,,,,4,3,,今回の敦賀市内の旅行で敦賀の歴史を学べました。旅先では必ず県・市・町の博物館館行くので。,,,,10,また行きたい（1年以内）,,敦賀市立博物館 エリア,,氣比神宮,,敦賀赤レンガ倉庫,,000000,敦賀市立博物館 エリア,1979,47,,2月,65.敦賀市立博物館 エリア,,静岡県から福井県まで乗り換え一回で行くことができる。観光地は多く、食べ物も美味しいので飽きることは無いでしょう。
福井,2026/02/01 16:32:37,福井県,無回答,50代,,分からない/無回答,自分ひとり,日帰り,福井県外には宿泊しない,,福井県内には宿泊しない,,,,,,,,,県外から訪れていない（福井県在住）,0,0,0,0,0,0,1,自家用車,0,0,0,0,,,,6～10回目,6～10回目,その他スポーツ（ゴルフ、テニスなど）,0,0,0,0,0,0,0,0,0,0,0,0,0,1,0,0,0,1,インターネット・アプリ,0,0,0,0,0,0,0,0,0,0,1,0,0,0,0,0,0,0,0,0,0,0,0,0,0,,,,"1,000円未満",,使わない,,"1,000円未満","1,000円未満",,,,,,,,,,4,4,,,,,,9,福井県在住,,だるまちゃん広場 エリア,,選択なし/該当施設なし,,選択なし/該当施設なし,,000000,紫式部公園 エリア,1975,51,,2月,42.だるまちゃん広場 エリア,,
福井,2026/02/01 16:05:52,滋賀県,男,50代,,"1,200万円以上 1,500万円未満",恋人,2泊,滋賀県,,2泊,,,,,,,,,自家用車,1,0,0,0,0,0,0,自家用車,0,0,0,0,,,,初めて,初めて,地元の美味しいものを食べる,0,0,1,0,0,0,0,0,0,0,0,0,0,0,0,0,0,0,インターネット・アプリ,0,0,0,0,0,0,0,0,0,0,1,0,0,0,0,0,0,0,0,0,0,0,0,0,0,,,,"1,000円以上 3,000円未満",,"40,000円以上 50,000円未満",,"5,000円以上 10,000円未満","5,000円以上 10,000円未満",,,,,,,,,,5,5,,,,,,10,また行きたい（1年以内）,,道の駅「若狭おばま」 エリア,,選択なし/該当施設なし,,びわ湖（滋賀県）,,000000,web,1967,59,,2月,68.道の駅「若狭おばま」 エリア,(株)まちづくり小浜,人が優しい
福井,2026/02/01 16:04:57,東京都,女,40代,,500万円以上 600万円未満,恋人,4泊以上,滋賀県,,2泊,,,,,,,,,新幹線,0,0,1,0,0,0,0,自家用車,0,0,0,0,4,,,初めて,初めて,アウトドア（海水浴、釣り、登山など）,0,0,0,0,0,0,0,0,0,1,0,0,0,0,0,0,0,0,友人・知人,0,0,0,0,0,0,0,0,0,0,0,0,0,0,0,0,0,0,1,0,0,0,0,0,0,,,,"30,000円以上 40,000円未満",,"30,000円以上 40,000円未満",,"1,000円未満","5,000円以上 10,000円未満",,,,,,,,,,5,5,,キレイ。商品豊富でオシャレ。,,,,9,また行きたい（1年以内）,,道の駅「若狭おばま」 エリア,,明通寺,世久見エリアの民宿,選択なし/該当施設なし,,000000,web,1979,47,,2月,68.道の駅「若狭おばま」 エリア,(株)まちづくり小浜,人が優しい。美しい景色。のんびり
福井,2026/02/01 16:03:35,愛知県,女,40代,,"1,000万円以上 1,200万円未満",小学生以下連れの家族,1泊,石川県加賀市,,福井県内には宿泊しない,,,,,,,,,自家用車,1,0,0,0,0,0,0,自家用車,0,0,0,0,,,,2～5回目,2～5回目,温泉や露天風呂テーマパーク（遊園地、動物園、博物館など）,0,1,0,0,0,1,0,0,0,0,0,0,0,0,0,0,0,0,インターネット・アプリ,0,0,0,0,0,0,0,0,0,0,1,0,0,0,0,0,0,0,0,0,0,0,0,0,0,,,,"30,000円以上 40,000円未満",,使わない,,"3,000円以上 5,000円未満","10,000円以上 20,000円未満",,,,,,,,,,5,5,,,,,,10,機会があれば行きたい,,かつやま恐竜の森 エリア,,福井県立恐竜博物館,,選択なし/該当施設なし,,000000,web,1985,41,,2月,25.かつやま恐竜の森 エリア,勝山市観光まちづくり(株),
福井,2026/02/01 15:26:02,京都府,女,40代,,700万円以上 800万円未満,小学生以下連れの家族,日帰り,福井県外には宿泊しない,,福井県内には宿泊しない,,,,,,,,,自家用車,1,0,0,0,0,0,0,自家用車,0,0,0,0,5,,,2～5回目,2～5回目,スキー・スノボ、マリンスポーツ,0,0,0,0,0,0,0,0,0,0,0,0,1,0,0,0,0,0,インターネット・アプリ,0,0,0,0,0,0,0,0,0,0,1,0,0,0,0,0,0,0,0,0,0,0,0,0,0,,,,"3,000円以上 5,000円未満",,"5,000円以上 10,000円未満",,"1,000円未満","3,000円以上 5,000円未満",,,,,,,,,,5,5,,前は、朝早くてトイレしか寄れなかったから,,,,5,また行きたい（1年以内）,,道の駅「禅の里」 エリア,,道の駅「恐竜渓谷かつやま」,,選択なし/該当施設なし,,000000,web,1980,46,,2月,35.道の駅「禅の里」 エリア,,
福井,2026/02/01 15:25:55,大阪府,男,50代,,"1,200万円以上 1,500万円未満",夫婦2人,1泊,福井県外には宿泊しない,,1泊,,,,,,,,,自家用車,1,0,0,0,0,0,0,自家用車,0,0,0,0,5,,,2～5回目,2～5回目,地元の美味しいものを食べる,0,0,1,0,0,0,0,0,0,0,0,0,0,0,0,0,0,0,インターネット・アプリ,0,0,0,0,0,0,0,0,0,0,1,0,0,0,0,0,0,0,0,0,0,0,0,0,0,,,,"20,000円以上 30,000円未満",,"50,000円以上 100,000円未満",,"3,000円以上 5,000円未満","50,000円以上 100,000円未満",,,,,,,,,,5,5,,,,,,10,,,道の駅「越前」 エリア,,選択なし/該当施設なし,,選択なし/該当施設なし,,000000,web,1976,50,,2月,49.道の駅「越前」 エリア,一般社団法人 越前町観光連盟（DMO ECHIZEN）,
福井,2026/02/01 15:04:15,埼玉県,女,20代,,"900万円以上 1,000万円未満",その他家族,1泊,福井県外には宿泊しない,,1泊,,,,,,,,,新幹線,0,0,1,0,0,0,0,在来線,0,0,0,0,4,,,初めて,初めて,名所、旧跡の観光,0,0,0,0,1,0,0,0,0,0,0,0,0,0,0,0,0,0,Instagram,0,0,0,1,0,0,0,0,0,0,0,0,0,0,0,0,0,0,0,0,0,0,0,0,0,,,,"20,000円以上 30,000円未満",,"5,000円以上 10,000円未満",,"1,000円未満","10,000円以上 20,000円未満",,,,,,,,,,5,5,,,,,,10,また行きたい（1年以内）,,名勝 養浩館庭園 エリア,,あわら温泉「芦湯」,,選択なし/該当施設なし,,000000,あわら湯のまち エリア,1998,28,,2月,04.名勝 養浩館庭園 エリア,,
福井,2026/02/01 15:02:27,京都府,女,40代,,700万円以上 800万円未満,小学生以下連れの家族,日帰り,福井県外には宿泊しない,,福井県内には宿泊しない,,,,,,,,,自家用車,1,0,0,0,0,0,0,自家用車,0,0,0,0,5,,,6～10回目,6～10回目,スキー・スノボ、マリンスポーツ,0,0,0,0,0,0,0,0,0,0,0,0,1,0,0,0,0,0,インターネット・アプリ,0,0,0,0,0,0,0,0,0,0,1,0,0,0,0,0,0,0,0,0,0,0,0,0,0,,,,"3,000円以上 5,000円未満",,"5,000円以上 10,000円未満",,"1,000円未満","3,000円以上 5,000円未満",,,,,,,,,,5,5,,,,,,10,また行きたい（1年以内）,,道の駅「恐竜渓谷かつやま」 エリア,,福井和泉スキー場,,選択なし/該当施設なし,,000000,web,1980,46,,2月,26.道の駅「恐竜渓谷かつやま」 エリア,勝山市観光まちづくり(株),
福井,2026/02/01 14:59:49,宮城県,女,20代,,200万円以上 300万円未満,その他家族,1泊,福井県外には宿泊しない,,1泊,,,,,,,,,新幹線,0,0,1,0,0,0,0,在来線,0,0,0,0,5,,,初めて,初めて,地元の美味しいものを食べる,0,0,1,0,0,0,0,0,0,0,0,0,0,0,0,0,0,0,Instagram,0,0,0,1,0,0,0,0,0,0,0,0,0,0,0,0,0,0,0,0,0,0,0,0,0,,,,"30,000円以上 40,000円未満",,"5,000円以上 10,000円未満",,"1,000円未満","10,000円以上 20,000円未満",,,,,,,,,,5,5,,,,,,10,また行きたい（1年以内）,,名勝 養浩館庭園 エリア,,あわら温泉「芦湯」,,福井駅,,000000,web,2001,25,,2月,04.名勝 養浩館庭園 エリア,,
福井,2026/02/01 14:56:58,福井県,女,50代,,500万円以上 600万円未満,その他家族,日帰り,福井県外には宿泊しない,,福井県内には宿泊しない,,,,,,,,,自家用車,1,0,0,0,0,0,0,自家用車,0,0,0,0,4,,,6～10回目,6～10回目,買い物、アウトレット,0,0,0,0,0,0,1,0,0,0,0,0,0,0,0,0,0,0,観光展・物産展,0,0,0,0,0,0,0,0,0,0,0,0,0,0,0,0,0,0,0,0,0,0,1,0,0,,,,"1,000円未満",,"1,000円以上 3,000円未満",,"1,000円以上 3,000円未満","1,000円以上 3,000円未満",,,,,,,,,,4,4,,,,,,9,,,道の駅「南えちぜん山海里」 エリア,,選択なし/該当施設なし,,選択なし/該当施設なし,,000000,web,1972,54,,2月,58.道の駅「南えちぜん山海里」 エリア,,
福井,2026/02/01 14:54:06,東京都,女,40代,,400万円以上 500万円未満,自分ひとり,1泊,石川県金沢市,,福井県内には宿泊しない,,,,,,,,,レンタカー飛行機,0,1,0,0,1,0,0,レンタカー,0,0,0,0,5,,,2～5回目,2～5回目,地元の美味しいものを食べる名所、旧跡の観光,0,0,1,0,1,0,0,0,0,0,0,0,0,0,0,0,0,0,観光連盟やDMOのHPインターネット・アプリTwitterInstagram,0,0,0,1,0,1,0,0,0,0,1,0,0,0,0,0,0,0,0,0,0,0,0,1,0,,,,"30,000円以上 40,000円未満",,"10,000円以上 20,000円未満",,"5,000円以上 10,000円未満","40,000円以上 50,000円未満",,,,,,,,,,5,4,,,,,,10,機会があれば行きたい,,大本山 永平寺 エリア,,大本山永平寺,,選択なし/該当施設なし,,000000,大本山 永平寺 エリア,1984,42,,2月,34.大本山 永平寺 エリア,,大本山永平寺の空氣を感じて欲しい
福井,2026/02/01 14:38:37,福井県,女,50代,,600万円以上 700万円未満,親,日帰り,福井県外には宿泊しない,,福井県内には宿泊しない,,,,,,,,,自家用車,1,0,0,0,0,0,0,自家用車,0,0,0,0,,,,11回目以上,11回目以上,まちあるき、都市散策,0,0,0,0,0,0,0,0,0,0,1,0,0,0,0,0,0,0,Instagram,0,0,0,1,0,0,0,0,0,0,0,0,0,0,0,0,0,0,0,0,0,0,0,0,0,,,,使わない,,使わない,,"3,000円以上 5,000円未満","5,000円以上 10,000円未満",,,,,,,,,,4,4,,除雪出来ててたすかる,,,,8,福井県在住,,道の駅「恐竜渓谷かつやま」 エリア,,選択なし/該当施設なし,,選択なし/該当施設なし,,000000,web,1974,52,,2月,26.道の駅「恐竜渓谷かつやま」 エリア,勝山市観光まちづくり(株),
福井,2026/02/01 14:30:19,福井県,男,60代,,100万円未満,夫婦2人,日帰り,福井県外には宿泊しない,,福井県内には宿泊しない,,,,,,,,,自家用車,1,0,0,0,0,0,0,自家用車,0,0,0,0,5,,,6～10回目,6～10回目,温泉や露天風呂,0,1,0,0,0,0,0,0,0,0,0,0,0,0,0,0,0,0,友人・知人,0,0,0,0,0,0,0,0,0,0,0,0,0,0,0,0,0,0,1,0,0,0,0,0,0,,,,使わない,,使わない,,"1,000円以上 3,000円未満","1,000円以上 3,000円未満",,,,,,,,,,5,5,,,,,,8,,,越前そばの里 エリア,,選択なし/該当施設なし,,選択なし/該当施設なし,,000000,web,1965,61,,2月,37.越前そばの里 エリア,,
福井,2026/02/01 14:00:50,大阪府,男,50代,,"1,200万円以上 1,500万円未満",夫婦2人,1泊,福井県外には宿泊しない,,1泊,,,,,,,,,自家用車,1,0,0,0,0,0,0,自家用車,0,0,0,0,5,,,2～5回目,2～5回目,地元の美味しいものを食べる,0,0,1,0,0,0,0,0,0,0,0,0,0,0,0,0,0,0,インターネット・アプリ,0,0,0,0,0,0,0,0,0,0,1,0,0,0,0,0,0,0,0,0,0,0,0,0,0,,,,"20,000円以上 30,000円未満",,"50,000円以上 100,000円未満",,"5,000円以上 10,000円未満","50,000円以上 100,000円未満",,,,,,,,,,5,5,,,,,,10,,,道の駅みくに ふれあいパーク三里浜 エリア,,選択なし/該当施設なし,,選択なし/該当施設なし,,000000,web,1976,50,,2月,15.道の駅みくに ふれあいパーク三里浜 エリア,(一社)DMOさかい観光局,
福井,2026/02/01 13:51:41,埼玉県,女,20代,,"900万円以上 1,000万円未満",その他家族,1泊,福井県外には宿泊しない,,1泊,,,,,,,,,新幹線,0,0,1,0,0,0,0,在来線,0,0,0,0,4,フリーパスを使えたから,,初めて,初めて,地元の美味しいものを食べる名所、旧跡の観光,0,0,1,0,1,0,0,0,0,0,0,0,0,0,0,0,0,0,観光連盟やDMOのHPInstagram,0,0,0,1,0,0,0,0,0,0,0,0,0,0,0,0,0,0,0,0,0,0,0,1,0,,,,"20,000円以上 30,000円未満",,"5,000円以上 10,000円未満",,"1,000円未満","10,000円以上 20,000円未満",,,,,,,,,,4,4,,,,,,10,また行きたい（1年以内）,,あわら湯のまち エリア,,東尋坊,,選択なし/該当施設なし,,000000,あわら湯のまち エリア,1998,28,,2月,17.あわら湯のまち エリア,,海鮮が美味しいから
福井,2026/02/01 13:50:47,宮城県,女,20代,,200万円以上 300万円未満,その他家族,1泊,福井県外には宿泊しない,,1泊,,,,,,,,,新幹線,0,0,1,0,0,0,0,在来線,0,0,0,0,5,,,初めて,初めて,地元の美味しいものを食べる,0,0,1,0,0,0,0,0,0,0,0,0,0,0,0,0,0,0,Instagram,0,0,0,1,0,0,0,0,0,0,0,0,0,0,0,0,0,0,0,0,0,0,0,0,0,,,,"30,000円以上 40,000円未満",,"5,000円以上 10,000円未満",,"1,000円未満","10,000円以上 20,000円未満",,,,,,,,,,5,5,,,,,,10,また行きたい（1年以内）,,あわら湯のまち エリア,,東尋坊,,福井駅,,000000,web,2001,25,,2月,17.あわら湯のまち エリア,,
福井,2026/02/01 13:12:28,東京都,女,20代,,600万円以上 700万円未満,恋人,2泊,福井県外には宿泊しない,,2泊,,,,,,,,,新幹線,0,0,1,0,0,0,0,レンタカー,0,0,0,0,,,,初めて,初めて,宿でのんびり過ごす温泉や露天風呂地元の美味しいものを食べる名所、旧跡の観光まちあるき、都市散策ドライブ・ツーリング,1,1,1,0,1,0,0,0,0,0,1,0,0,0,1,0,0,0,インターネット・アプリInstagram,0,0,0,1,0,0,0,0,0,0,1,0,0,0,0,0,0,0,0,0,0,0,0,0,0,,,,"20,000円以上 30,000円未満",,"20,000円以上 30,000円未満",,"1,000円以上 3,000円未満","10,000円以上 20,000円未満",,,,,,,,,,5,4,,,,,,9,,,大本山 永平寺 エリア,,越前大仏,,選択なし/該当施設なし,,000000,web,1998,28,,2月,34.大本山 永平寺 エリア,,
福井,2026/02/01 12:45:11,滋賀県,男,50代,,"1,200万円以上 1,500万円未満",恋人,2泊,滋賀県,,2泊,,,,,,,,,自家用車,1,0,0,0,0,0,0,自家用車,0,0,0,0,,,,初めて,初めて,地元の美味しいものを食べる,0,0,1,0,0,0,0,0,0,0,0,0,0,0,0,0,0,0,インターネット・アプリ,0,0,0,0,0,0,0,0,0,0,1,0,0,0,0,0,0,0,0,0,0,0,0,0,0,,,,"1,000円以上 3,000円未満",,"40,000円以上 50,000円未満",,"5,000円以上 10,000円未満","5,000円以上 10,000円未満",,,,,,,,,,5,5,,明通寺の説明、施設が素晴らしい,,,,10,また行きたい（1年以内）,,明通寺 エリア,,選択なし/該当施設なし,一言主神社,選択なし/該当施設なし,,000000,web,1967,59,,2月,73.明通寺 エリア,(株)まちづくり小浜,人が優しくて素晴らしい
福井,2026/02/01 12:44:13,東京都,女,40代,,500万円以上 600万円未満,恋人,4泊以上,滋賀県,,2泊,,,,,,,,,自家用車新幹線,1,0,1,0,0,0,0,自家用車,0,0,0,0,,,,2～5回目,2～5回目,地元の美味しいものを食べるアウトドア（海水浴、釣り、登山など）,0,0,1,0,0,0,0,0,0,1,0,0,0,0,0,0,0,0,友人・知人,0,0,0,0,0,0,0,0,0,0,0,0,0,0,0,0,0,0,1,0,0,0,0,0,0,,,,"30,000円以上 40,000円未満",,"30,000円以上 40,000円未満",,"3,000円以上 5,000円未満","5,000円以上 10,000円未満",,,,,,,,,,5,5,,,,,,10,また行きたい（1年以内）,,明通寺 エリア,,ふれあいパーク三里浜(道の駅「みくに」),お寺巡り,選択なし/該当施設なし,,000000,web,1979,47,,2月,73.明通寺 エリア,(株)まちづくり小浜,東北との繋がり。福井の人の良さ。落ち着き。
福井,2026/02/01 12:39:57,福井県,女,40代,,"900万円以上 1,000万円未満",友人,日帰り,福井県外には宿泊しない,,福井県内には宿泊しない,,,,,,,,,自家用車,1,0,0,0,0,0,0,自家用車,0,0,0,0,,,,6～10回目,6～10回目,その他,0,0,0,0,0,0,0,0,0,0,0,0,0,0,0,0,0,1,インターネット・アプリ,0,0,0,0,0,0,0,0,0,0,1,0,0,0,0,0,0,0,0,0,0,0,0,0,0,,,,"1,000円以上 3,000円未満",,使わない,,使わない,"3,000円以上 5,000円未満",,,,,,,,,,5,5,,,,,,9,,,えちぜん鉄道 松岡駅 エリア,,選択なし/該当施設なし,,選択なし/該当施設なし,,000000,web,1982,44,,2月,33.えちぜん鉄道 松岡駅 エリア,,
福井,2026/02/01 12:35:28,福井県,男,30代,,100万円未満,夫婦2人,日帰り,福井県外には宿泊しない,,福井県内には宿泊しない,,,,,,,,,自家用車,1,0,0,0,0,0,0,自家用車,0,0,0,0,5,,,11回目以上,11回目以上,地元の美味しいものを食べる,0,0,1,0,0,0,0,0,0,0,0,0,0,0,0,0,0,0,友人・知人,0,0,0,0,0,0,0,0,0,0,0,0,0,0,0,0,0,0,1,0,0,0,0,0,0,,,,"5,000円以上 10,000円未満",,"10,000円以上 20,000円未満",,"5,000円以上 10,000円未満","10,000円以上 20,000円未満",,,,,,,,,,4,5,,,,,,8,また行きたい（1年以内）,,えちぜん鉄道 松岡駅 エリア,,選択なし/該当施設なし,,選択なし/該当施設なし,,000000,web,1991,35,,2月,33.えちぜん鉄道 松岡駅 エリア,,
福井,2026/02/01 12:33:40,大阪府,男,50代,,"1,200万円以上 1,500万円未満",夫婦2人,1泊,福井県外には宿泊しない,,1泊,,,,,,,,,自家用車,1,0,0,0,0,0,0,自家用車,0,0,0,0,5,いつも自然の雄大さに感心させられます,,2～5回目,2～5回目,地元の美味しいものを食べる,0,0,1,0,0,0,0,0,0,0,0,0,0,0,0,0,0,0,インターネット・アプリ,0,0,0,0,0,0,0,0,0,0,1,0,0,0,0,0,0,0,0,0,0,0,0,0,0,,,,"20,000円以上 30,000円未満",,"50,000円以上 100,000円未満",,"5,000円以上 10,000円未満","50,000円以上 100,000円未満",,,,,,,,,,5,5,,,,,,10,,,東尋坊 エリア,,大本山永平寺,,丸岡城,,000000,web,1976,50,,2月,10.東尋坊 エリア,(一社)DMOさかい観光局,
福井,2026/02/01 12:22:57,東京都,男,20代,,"900万円以上 1,000万円未満",友人,日帰り,福井県外には宿泊しない,,福井県内には宿泊しない,,,,,,,,,飛行機,0,0,0,0,1,0,0,路線バス,0,1,0,0,4,子供がじっくり楽しめた帰りの飛行機でぐっすり寝てくれた,,初めて,初めて,温泉や露天風呂地元の美味しいものを食べる,0,1,1,0,0,0,0,0,0,0,0,0,0,0,0,0,0,0,観光展・物産展友人・知人,0,0,0,0,0,0,0,0,0,0,0,0,0,0,0,0,0,0,1,0,0,0,1,0,0,,,,"10,000円以上 20,000円未満",,使わない,,"1,000円以上 3,000円未満","5,000円以上 10,000円未満",,,,,,,,,,4,4,,,,,,8,機会があれば行きたい,,かつやま恐竜の森 エリア,,選択なし/該当施設なし,,あわら温泉街,,000000,かつやま恐竜の森 エリア,1997,29,,2月,25.かつやま恐竜の森 エリア,勝山市観光まちづくり(株),
福井,2026/02/01 12:22:54,東京都,男,20代,,"900万円以上 1,000万円未満",友人,日帰り,福井県外には宿泊しない,,福井県内には宿泊しない,,,,,,,,,飛行機,0,0,0,0,1,0,0,路線バス,0,1,0,0,4,,,初めて,初めて,温泉や露天風呂地元の美味しいものを食べる名所、旧跡の観光テーマパーク（遊園地、動物園、博物館など）,0,1,1,0,1,1,0,0,0,0,0,0,0,0,0,0,0,0,その他,0,0,0,0,0,0,0,0,0,0,0,0,0,0,0,0,0,0,0,0,0,0,0,0,1,,,,"10,000円以上 20,000円未満",,使わない,,"1,000円未満","3,000円以上 5,000円未満",,,,,,,,,,4,4,,,,,,8,機会があれば行きたい,,かつやま恐竜の森 エリア,,選択なし/該当施設なし,,選択なし/該当施設なし,,000000,かつやま恐竜の森 エリア,1997,29,,2月,25.かつやま恐竜の森 エリア,勝山市観光まちづくり(株),
福井,2026/02/01 12:22:47,東京都,男,20代,,"1,000万円以上 1,200万円未満",友人,日帰り,福井県外には宿泊しない,,福井県内には宿泊しない,,,,,,,,,在来線飛行機,0,0,0,1,1,0,0,在来線路線バス,0,1,0,0,4,,,初めて,初めて,温泉や露天風呂まちあるき、都市散策,0,1,0,0,0,0,0,0,0,0,1,0,0,0,0,0,0,0,インターネット・アプリ,0,0,0,0,0,0,0,0,0,0,1,0,0,0,0,0,0,0,0,0,0,0,0,0,0,,,,"3,000円以上 5,000円未満",,使わない,,"1,000円以上 3,000円未満","5,000円以上 10,000円未満",,,,,,,,,,4,3,,,,,,6,機会があれば行きたい,,かつやま恐竜の森 エリア,,選択なし/該当施設なし,,あわら温泉屋台村「湯けむり横丁」,,000000,かつやま恐竜の森 エリア,1998,28,,2月,25.かつやま恐竜の森 エリア,勝山市観光まちづくり(株),
福井,2026/02/01 11:52:14,福井県,男,60代,,400万円以上 500万円未満,小学生以下連れの家族,1泊,福井県外には宿泊しない,,1泊,,,,,,,,,県外から訪れていない（福井県在住）,0,0,0,0,0,0,1,自家用車,0,0,0,0,,,,11回目以上,11回目以上,温泉や露天風呂,0,1,0,0,0,0,0,0,0,0,0,0,0,0,0,0,0,0,新聞・雑誌・ガイドブック,0,0,0,0,0,0,0,0,0,0,0,0,0,0,0,0,1,0,0,0,0,0,0,0,0,,,,"1,000円以上 3,000円未満",,"10,000円以上 20,000円未満",,"3,000円以上 5,000円未満","3,000円以上 5,000円未満",,,,,,,,,,4,4,,,,,,6,福井県在住,,JR芦原温泉駅 エリア,,金津創作の森,,選択なし/該当施設なし,,000000,明通寺 エリア,1961,65,,2月,16.JR芦原温泉駅 エリア,,駐車場が近くにあること
福井,2026/02/01 11:39:45,福井県,無回答,30代,,800万円以上 900万円未満,小学生以下連れの家族,1泊,福井県外には宿泊しない,,1泊,,,,,,,,,自家用車,1,0,0,0,0,0,0,自家用車,0,0,0,0,,,,11回目以上,11回目以上,地元の美味しいものを食べる買い物、アウトレット,0,0,1,0,0,0,1,0,0,0,0,0,0,0,0,0,0,0,友人・知人,0,0,0,0,0,0,0,0,0,0,0,0,0,0,0,0,0,0,1,0,0,0,0,0,0,,,,"5,000円以上 10,000円未満",,"10,000円以上 20,000円未満",,"10,000円以上 20,000円未満","20,000円以上 30,000円未満",,,,,,,,,,5,5,,,,,,9,,,越前そばの里 エリア,,選択なし/該当施設なし,,選択なし/該当施設なし,,000000,越前そばの里 エリア,1990,36,,2月,37.越前そばの里 エリア,,
福井,2026/02/01 11:17:10,大阪府,男,50代,,"1,000万円以上 1,200万円未満",団体旅行,日帰り,福井県外には宿泊しない,,福井県内には宿泊しない,,,,,,,,,自家用車旅行会社ツアーバス,1,0,0,0,0,1,0,自家用車旅行会社ツアーバス,0,0,0,0,4,,,2～5回目,2～5回目,地元の美味しいものを食べるまちあるき、都市散策各種体験（手作り、果物狩りなど）,0,0,1,0,0,0,0,0,0,0,1,1,0,0,0,0,0,0,観光パンフレット・ポスター観光連盟やDMOのHP,0,0,0,0,0,0,0,0,0,0,0,0,0,0,0,0,0,0,0,0,1,0,0,1,0,,,,"5,000円以上 10,000円未満",,使わない,,"1,000円以上 3,000円未満","5,000円以上 10,000円未満",,,,,,,,,,4,4,,,,,,6,また行きたい（1年以内）,,美浜町レイクセンター エリア,,選択なし/該当施設なし,,三方五湖,,000000,美浜町レイクセンター エリア,1973,53,,2月,75.美浜町レイクセンター エリア,三方五湖DMO(株),
福井,2026/02/01 09:33:00,福井県,女,50代,,600万円以上 700万円未満,その他家族,日帰り,その他,,福井県内には宿泊しない,,,,,,,,,県外から訪れていない（福井県在住）,0,0,0,0,0,0,1,自家用車,0,0,0,0,4,,,11回目以上,11回目以上,まちあるき、都市散策,0,0,0,0,0,0,0,0,0,0,1,0,0,0,0,0,0,0,その他,0,0,0,0,0,0,0,0,0,0,0,0,0,0,0,0,0,0,0,0,0,0,0,0,1,,,,"3,000円以上 5,000円未満",,"5,000円以上 10,000円未満",,"1,000円以上 3,000円未満","5,000円以上 10,000円未満",,,,,,,,,,4,4,,,,,,6,福井県在住,,越前そばの里 エリア,,選択なし/該当施設なし,,選択なし/該当施設なし,,000000,越前そばの里,1971,55,,2月,37.越前そばの里 エリア,,
福井,2026/02/01 09:21:55,京都府,女,60代,,100万円以上 200万円未満,友人,1泊,福井県外には宿泊しない,,1泊,,,,,,,,,新幹線在来線,0,0,1,1,0,0,0,路線バス,0,1,0,0,4,,,初めて,初めて,地元の美味しいものを食べる,0,0,1,0,0,0,0,0,0,0,0,0,0,0,0,0,0,0,観光展・物産展観光パンフレット・ポスター,0,0,0,0,0,0,0,0,0,0,0,0,0,0,0,0,0,0,0,0,1,0,1,0,0,,,,"5,000円以上 10,000円未満",,"30,000円以上 40,000円未満",,"1,000円以上 3,000円未満","3,000円以上 5,000円未満",,,,,,,,,,5,4,,休暇村のホテル　の方やタクシー運転手さん親切,,,,10,機会があれば行きたい,,三国湊 エリア,,一乗谷朝倉氏遺跡,,一乗谷朝倉氏遺跡,,000000,三国湊 エリア,1957,69,,2月,09.三国湊 エリア,(一社)DMOさかい観光局,休暇村の良さ　　美味しい食べ物、お酒
福井,2026/02/01 09:10:40,愛知県,女,50代,,100万円未満,友人,1泊,福井県外には宿泊しない,,1泊,,,,,,,,,在来線,0,0,0,1,0,0,0,在来線,0,0,0,0,4,,,2～5回目,2～5回目,地元の美味しいものを食べる,0,0,1,0,0,0,0,0,0,0,0,0,0,0,0,0,0,0,友人・知人,0,0,0,0,0,0,0,0,0,0,0,0,0,0,0,0,0,0,1,0,0,0,0,0,0,,,,"20,000円以上 30,000円未満",,"5,000円以上 10,000円未満",,"10,000円以上 20,000円未満","50,000円以上 100,000円未満",,,,,,,,,,4,4,,,,,,9,また行きたい（1年以内）,,三国湊 エリア,,一乗谷朝倉氏遺跡,,選択なし/該当施設なし,,000000,三国湊 エリア,1973,53,,2月,09.三国湊 エリア,(一社)DMOさかい観光局,
福井,2026/02/01 09:06:51,愛知県,女,70代,,300万円以上 400万円未満,友人,1泊,福井県外には宿泊しない,,1泊,,,,,,,,,新幹線在来線,0,0,1,1,0,0,0,在来線,0,0,0,0,4,,,2～5回目,2～5回目,地元の美味しいものを食べる,0,0,1,0,0,0,0,0,0,0,0,0,0,0,0,0,0,0,友人・知人,0,0,0,0,0,0,0,0,0,0,0,0,0,0,0,0,0,0,1,0,0,0,0,0,0,,,,"10,000円以上 20,000円未満",,"30,000円以上 40,000円未満",,"30,000円以上 40,000円未満","30,000円以上 40,000円未満",,,,,,,,,,5,5,,,,,,8,また行きたい（1年以内）,,三国湊 エリア,,選択なし/該当施設なし,,選択なし/該当施設なし,,000000,三国湊 エリア,1956,70,,2月,09.三国湊 エリア,(一社)DMOさかい観光局,
福井,2026/02/01 09:02:57,福井県,女,40代,,500万円以上 600万円未満,夫婦2人,日帰り,福井県外には宿泊しない,,福井県内には宿泊しない,,,,,,,,,自家用車,1,0,0,0,0,0,0,自家用車,0,0,0,0,5,,,2～5回目,2～5回目,地元の美味しいものを食べる,0,0,1,0,0,0,0,0,0,0,0,0,0,0,0,0,0,0,Instagram,0,0,0,1,0,0,0,0,0,0,0,0,0,0,0,0,0,0,0,0,0,0,0,0,0,,,,"1,000円未満",,"5,000円以上 10,000円未満",,"3,000円以上 5,000円未満","1,000円未満",,,,,,,,,,5,5,,,,,,10,福井県在住,,越前そばの里 エリア,,選択なし/該当施設なし,,選択なし/該当施設なし,,000000,越前そばの里 エリア,1980,46,,2月,37.越前そばの里 エリア,,
福井,2026/02/01 08:02:12,大阪府,女,50代,,100万円未満,中学生以上連れの家族,1泊,福井県外には宿泊しない,,1泊,,,,,,,,,自家用車,1,0,0,0,0,0,0,自家用車,0,0,0,0,,,,11回目以上,11回目以上,宿でのんびり過ごす地元の美味しいものを食べる友人・親戚を尋ねる,1,0,1,0,0,0,0,0,0,0,0,0,0,0,0,1,0,0,友人・知人,0,0,0,0,0,0,0,0,0,0,0,0,0,0,0,0,0,0,1,0,0,0,0,0,0,,,,"1,000円以上 3,000円未満",,"10,000円以上 20,000円未満",,"10,000円以上 20,000円未満","5,000円以上 10,000円未満",,,,,,,,,,5,5,,,,,,10,,,小浜市 阿納 エリア,,小浜市水産食品センター（若狭小浜お魚センター）,,選択なし/該当施設なし,,000000,小浜市 阿納 エリア,1969,57,,2月,67.小浜市 阿納 エリア,(株)まちづくり小浜,
福井,2026/02/01 07:53:08,京都府,男,50代,,600万円以上 700万円未満,団体旅行,1泊,福井県外には宿泊しない,,1泊,,,,,,,,,自家用車,1,0,0,0,0,0,0,自家用車,0,0,0,0,5,,,11回目以上,11回目以上,地元の美味しいものを食べるその他,0,0,1,0,0,0,0,0,0,0,0,0,0,0,0,0,0,1,友人・知人,0,0,0,0,0,0,0,0,0,0,0,0,0,0,0,0,0,0,1,0,0,0,0,0,0,,,,使わない,,"10,000円以上 20,000円未満",,"20,000円以上 30,000円未満","3,000円以上 5,000円未満",,,,,,,,,,5,5,,,,,,10,また行きたい（1年以内）,,小浜市 阿納 エリア,,選択なし/該当施設なし,,選択なし/該当施設なし,,000000,小浜市 阿納 エリア,1973,53,,2月,67.小浜市 阿納 エリア,(株)まちづくり小浜,
福井,2026/02/01 07:25:14,京都府,女,40代,,700万円以上 800万円未満,小学生以下連れの家族,日帰り,福井県外には宿泊しない,,福井県内には宿泊しない,,,,,,,,,自家用車,1,0,0,0,0,0,0,自家用車,0,0,0,0,5,,,初めて,初めて,スキー・スノボ、マリンスポーツ,0,0,0,0,0,0,0,0,0,0,0,0,1,0,0,0,0,0,インターネット・アプリ,0,0,0,0,0,0,0,0,0,0,1,0,0,0,0,0,0,0,0,0,0,0,0,0,0,,,,"3,000円以上 5,000円未満",,"5,000円以上 10,000円未満",,"1,000円以上 3,000円未満","3,000円以上 5,000円未満",,,,,,,,,,5,4,,除雪もされていて、安心でした,,,,10,また行きたい（1年以内）,,道の駅「越前おおの荒島の郷」 エリア,,選択なし/該当施設なし,,福井和泉スキー場,,000000,web,1980,46,,2月,22.道の駅「越前おおの荒島の郷」 エリア,,トイレが綺麗
福井,2026/02/02 23:42:56,東京都,男,20代,,"1,000万円以上 1,200万円未満",友人,日帰り,福井県外には宿泊しない,,福井県内には宿泊しない,,,,,,,,,飛行機,0,0,0,0,1,0,0,路線バス徒歩,0,1,1,0,4,フリーパスが使えたから,,初めて,初めて,まちあるき、都市散策,0,0,0,0,0,0,0,0,0,0,1,0,0,0,0,0,0,0,インターネット・アプリ,0,0,0,0,0,0,0,0,0,0,1,0,0,0,0,0,0,0,0,0,0,0,0,0,0,,,,"3,000円以上 5,000円未満",,使わない,,"1,000円以上 3,000円未満","5,000円以上 10,000円未満",,,,,,,,,,3,3,,何があるのかわからなかった,,,,2,機会があれば行きたい,,はたや記念館 ゆめおーれ勝山 エリア,,福井県立恐竜博物館,,あわら温泉街,,000000,かつやま恐竜の森 エリア,1998,28,,2月,30.はたや記念館 ゆめおーれ勝山 エリア,勝山市観光まちづくり(株),
福井,2026/02/02 23:40:14,東京都,男,20代,,"1,000万円以上 1,200万円未満",友人,日帰り,福井県外には宿泊しない,,福井県内には宿泊しない,,,,,,,,,飛行機,0,0,0,0,1,0,0,在来線徒歩,0,0,1,0,4,,,初めて,初めて,まちあるき、都市散策,0,0,0,0,0,0,0,0,0,0,1,0,0,0,0,0,0,0,インターネット・アプリ,0,0,0,0,0,0,0,0,0,0,1,0,0,0,0,0,0,0,0,0,0,0,0,0,0,,,,"3,000円以上 5,000円未満",,使わない,,"3,000円以上 5,000円未満","5,000円以上 10,000円未満",,,,,,,,,,4,4,,,,,,5,機会があれば行きたい,,あわら湯のまち エリア,,はたや記念館 ゆめおーれ勝山,,選択なし/該当施設なし,,000000,かつやま恐竜の森 エリア,1998,28,,2月,17.あわら湯のまち エリア,,
福井,2026/02/02 23:20:20,石川県,女,50代,,300万円以上 400万円未満,親,1泊,福井県外には宿泊しない,,1泊,,,,,,,,,自家用車,1,0,0,0,0,0,0,自家用車,0,0,0,0,,,,2～5回目,2～5回目,宿でのんびり過ごす地元の美味しいものを食べるスポーツ観戦や芸能鑑賞（コンサート等）,1,0,1,0,0,0,0,0,1,0,0,0,0,0,0,0,0,0,TV・ラジオ番組やCM観光パンフレット・ポスターInstagramFacebook,1,0,0,1,0,0,0,0,0,0,0,0,0,0,1,0,0,0,0,0,1,0,0,0,0,,,,"1,000円以上 3,000円未満",,"5,000円以上 10,000円未満",,"1,000円未満","5,000円以上 10,000円未満",,,,,,,,,,4,5,,ご飯やさんもリーズナブルで美味しかった,,,,8,機会があれば行きたい,,福井駅前 エリア（宿泊施設）,,選択なし/該当施設なし,,選択なし/該当施設なし,,000000,福井駅前 エリア（宿泊施設）,1967,59,,2月,02.福井駅前 エリア（宿泊施設）,,
福井,2026/02/02 20:55:21,福井県,女,20代,,分からない/無回答,自分ひとり,日帰り,福井県外には宿泊しない,,福井県内には宿泊しない,,,,,,,,,自家用車,1,0,0,0,0,0,0,自家用車,0,0,0,0,,,,11回目以上,11回目以上,温泉や露天風呂,0,1,0,0,0,0,0,0,0,0,0,0,0,0,0,0,0,0,友人・知人,0,0,0,0,0,0,0,0,0,0,0,0,0,0,0,0,0,0,1,0,0,0,0,0,0,,,,"1,000円以上 3,000円未満",,使わない,,"1,000円以上 3,000円未満","1,000円未満",,,,,,,,,,4,4,,,,,,9,,,あわら湯のまち エリア,,選択なし/該当施設なし,,選択なし/該当施設なし,,000000,web,1997,29,,2月,17.あわら湯のまち エリア,,
福井,2026/02/02 18:11:36,京都府,女,60代,,100万円未満,その他家族,日帰り,京都府,,1泊,,,,,,,,,自家用車,1,0,0,0,0,0,0,自家用車,0,0,0,0,5,食事が美味しい,,2～5回目,2～5回目,宿でのんびり過ごす,1,0,0,0,0,0,0,0,0,0,0,0,0,0,0,0,0,0,観光展・物産展,0,0,0,0,0,0,0,0,0,0,0,0,0,0,0,0,0,0,0,0,0,0,1,0,0,,,,"1,000円未満",,"1,000円未満",,"1,000円未満","1,000円未満",,,,,,,,,,5,4,,明るい,,,,1,また行きたい（1年以内）,,道の駅「若狭おばま」 エリア,,敦賀赤レンガ倉庫,えるどらんど,越前大仏,,000000,道の駅「若狭おばま」 エリア,1964,62,,2月,68.道の駅「若狭おばま」 エリア,(株)まちづくり小浜,越前そば
福井,2026/02/02 16:25:36,兵庫県,女,20代,,100万円以上 200万円未満,恋人,1泊,福井県外には宿泊しない,,1泊,,,,,,,,,自家用車,1,0,0,0,0,0,0,自家用車,0,0,0,0,,,,初めて,初めて,テーマパーク（遊園地、動物園、博物館など）,0,0,0,0,0,1,0,0,0,0,0,0,0,0,0,0,0,0,その他,0,0,0,0,0,0,0,0,0,0,0,0,0,0,0,0,0,0,0,0,0,0,0,0,1,,,,"10,000円以上 20,000円未満",,"5,000円以上 10,000円未満",,"1,000円以上 3,000円未満","20,000円以上 30,000円未満",,,,,,,,,,5,5,,福井県の道の駅全体的にとても綺麗で、雪が降っているのに床も乾いていて安心でした！,,,,10,また行きたい（1年以内）,,道の駅「恐竜渓谷かつやま」 エリア,,福井県立恐竜博物館,,道の駅「名田庄」,,000000,ふくい鮮いちば エリア,2003,23,,2月,26.道の駅「恐竜渓谷かつやま」 エリア,勝山市観光まちづくり(株),
福井,2026/02/02 16:04:23,兵庫県,女,20代,,100万円以上 200万円未満,恋人,1泊,福井県外には宿泊しない,,1泊,,,,,,,,,自家用車,1,0,0,0,0,0,0,自家用車,0,0,0,0,3,,,初めて,初めて,テーマパーク（遊園地、動物園、博物館など）,0,0,0,0,0,1,0,0,0,0,0,0,0,0,0,0,0,0,その他,0,0,0,0,0,0,0,0,0,0,0,0,0,0,0,0,0,0,0,0,0,0,0,0,1,,,,"10,000円以上 20,000円未満",,"5,000円以上 10,000円未満",,"3,000円以上 5,000円未満","20,000円以上 30,000円未満",,,,,,,,,,5,5,,,,,,10,また行きたい（1年以内）,,かつやま恐竜の森 エリア,,道の駅「シーサイド高浜」,,越前がにミュージアム,,000000,ふくい鮮いちば エリア,2003,23,,2月,25.かつやま恐竜の森 エリア,勝山市観光まちづくり(株),大人2名でしたが化石や鉱石の展示などとても楽しめました！
福井,2026/02/02 15:56:31,福井県,男,20代,,500万円以上 600万円未満,恋人,日帰り,福井県外には宿泊しない,,福井県内には宿泊しない,,,,,,,,,県外から訪れていない（福井県在住）,0,0,0,0,0,0,1,自家用車,0,0,0,0,5,,,初めて,初めて,名所、旧跡の観光,0,0,0,0,1,0,0,0,0,0,0,0,0,0,0,0,0,0,観光展・物産展インターネット・アプリ,0,0,0,0,0,0,0,0,0,0,1,0,0,0,0,0,0,0,0,0,0,0,1,0,0,,,,使わない,,使わない,,"1,000円未満",使わない,,,,,,,,,,5,5,,,,,,9,,,平泉寺白山神社 エリア,,一乗谷朝倉氏遺跡,,スキージャム勝山,,000000,平泉寺白山神社 エリア,2006,20,,2月,29.平泉寺白山神社 エリア,勝山市観光まちづくり(株),
福井,2026/02/02 14:55:36,長野県,女,20代,,100万円未満,恋人,1泊,福井県外には宿泊しない,,1泊,,,,,,,,,自家用車,1,0,0,0,0,0,0,自家用車,0,0,0,0,,,,2～5回目,2～5回目,温泉や露天風呂地元の美味しいものを食べる,0,1,1,0,0,0,0,0,0,0,0,0,0,0,0,0,0,0,新聞・雑誌・ガイドブックInstagram,0,0,0,1,0,0,0,0,0,0,0,0,0,0,0,0,1,0,0,0,0,0,0,0,0,,,,"5,000円以上 10,000円未満",,"20,000円以上 30,000円未満",,"1,000円以上 3,000円未満","10,000円以上 20,000円未満",,,,,,,,,,5,4,,,,,,8,,,かつやま恐竜の森 エリア,,選択なし/該当施設なし,,選択なし/該当施設なし,,000000,かつやま恐竜の森 エリア,2005,21,,2月,25.かつやま恐竜の森 エリア,勝山市観光まちづくり(株),
福井,2026/02/02 14:20:14,滋賀県,男,40代,,300万円以上 400万円未満,小学生以下連れの家族,1泊,京都府,,1泊,,,,,,,,,自家用車,1,0,0,0,0,0,0,自家用車,0,0,0,0,5,,,初めて,初めて,宿でのんびり過ごす温泉や露天風呂,1,1,0,0,0,0,0,0,0,0,0,0,0,0,0,0,0,0,観光展・物産展新聞・雑誌・ガイドブック,0,0,0,0,0,0,0,0,0,0,0,0,0,0,0,0,1,0,0,0,0,0,1,0,0,,,,"50,000円以上 100,000円未満",,"40,000円以上 50,000円未満",,"3,000円以上 5,000円未満","20,000円以上 30,000円未満",,,,,,,,,,5,5,,,,,,9,,,越前そばの里 エリア,,選択なし/該当施設なし,,選択なし/該当施設なし,,000000,web,1986,40,,2月,37.越前そばの里 エリア,,
福井,2026/02/02 13:30:43,福井県,女,50代,,200万円以上 300万円未満,職場の同僚,日帰り,福井県外には宿泊しない,,福井県内には宿泊しない,,,,,,,,,自家用車,1,0,0,0,0,0,0,自家用車,0,0,0,0,3,,,2～5回目,2～5回目,出張など仕事関係,0,0,0,0,0,0,0,0,0,0,0,0,0,0,0,0,1,0,友人・知人,0,0,0,0,0,0,0,0,0,0,0,0,0,0,0,0,0,0,1,0,0,0,0,0,0,,,,使わない,,使わない,,使わない,"1,000円以上 3,000円未満",,,,,,,,,,4,3,,,,,,7,,,越前そばの里 エリア,,選択なし/該当施設なし,,選択なし/該当施設なし,,000000,越前そばの里 エリア,1968,58,,2月,37.越前そばの里 エリア,,
福井,2026/02/02 13:24:19,福井県,女,70代,,300万円以上 400万円未満,友人,日帰り,富山八尾,,福井県内には宿泊しない,,,,,,,,,県外から訪れていない（福井県在住）,0,0,0,0,0,0,1,自家用車,0,0,0,0,,海を観たくて訪問しました。写真を多く撮りました。波や鳥など,,6～10回目,6～10回目,地元の美味しいものを食べるまちあるき、都市散策,0,0,1,0,0,0,0,0,0,0,1,0,0,0,0,0,0,0,新聞・雑誌・ガイドブック友人・知人観光協会等の案内所,0,0,0,0,0,0,0,0,0,0,0,0,0,0,0,0,1,0,1,0,0,1,0,0,0,,,,"1,000円以上 3,000円未満",,"20,000円以上 30,000円未満",,"5,000円以上 10,000円未満","5,000円以上 10,000円未満",,,,,,,,,,4,4,,近場からでもロケーションも良いし、楽しく過ごせた。,,,,6,機会があれば行きたい,,河野北前船主通りエリア,,北前船主の館  右近家,,選択なし/該当施設なし,,000000,web,1949,77,,2月,59.河野北前船主通りエリア,,河野の北前船の屋敷は中々、興味深く楽しい。
福井,2026/02/02 13:14:58,福井県,男,40代,,分からない/無回答,小学生以下連れの家族,日帰り,福井県外には宿泊しない,,福井県内には宿泊しない,,,,,,,,,県外から訪れていない（福井県在住）,0,0,0,0,0,0,1,自家用車,0,0,0,0,,,,11回目以上,11回目以上,地元の美味しいものを食べる,0,0,1,0,0,0,0,0,0,0,0,0,0,0,0,0,0,0,友人・知人,0,0,0,0,0,0,0,0,0,0,0,0,0,0,0,0,0,0,1,0,0,0,0,0,0,,,,使わない,,使わない,,"3,000円以上 5,000円未満",使わない,,,,,,,,,,5,5,,,,,,10,,,越前そばの里 エリア,,選択なし/該当施設なし,,選択なし/該当施設なし,,000000,越前そばの里 エリア,1979,47,,2月,37.越前そばの里 エリア,,
福井,2026/02/02 13:01:14,兵庫県,女,20代,,100万円以上 200万円未満,恋人,1泊,福井県外には宿泊しない,,1泊,,,,,,,,,自家用車,1,0,0,0,0,0,0,自家用車,0,0,0,0,,,,2～5回目,2～5回目,地元の美味しいものを食べるテーマパーク（遊園地、動物園、博物館など）,0,0,1,0,0,1,0,0,0,0,0,0,0,0,0,0,0,0,その他,0,0,0,0,0,0,0,0,0,0,0,0,0,0,0,0,0,0,0,0,0,0,0,0,1,,,,"10,000円以上 20,000円未満",,"5,000円以上 10,000円未満",,"3,000円以上 5,000円未満","20,000円以上 30,000円未満",,,,,,,,,,4,5,,全体的にとても綺麗でよかったけどさむい！,,,,8,また行きたい（1年以内）,,北陸新幹線 越前たけふ駅 エリア,,道の駅「シーサイド高浜」,,福井県立恐竜博物館,,000000,ふくい鮮いちば エリア,2003,23,,2月,38.北陸新幹線 越前たけふ駅 エリア,,蟹などが安いしお土産も豊富
福井,2026/02/02 12:44:06,大阪府,男,30代,,"1,200万円以上 1,500万円未満",自分ひとり,1泊,福井県外には宿泊しない,,1泊,,,,,,,,,新幹線,0,0,1,0,0,0,0,在来線,0,0,0,0,4,,,6～10回目,6～10回目,出張など仕事関係,0,0,0,0,0,0,0,0,0,0,0,0,0,0,0,0,1,0,友人・知人,0,0,0,0,0,0,0,0,0,0,0,0,0,0,0,0,0,0,1,0,0,0,0,0,0,,,,"5,000円以上 10,000円未満",,"10,000円以上 20,000円未満",,"5,000円以上 10,000円未満","5,000円以上 10,000円未満",,,,,,,,,,4,4,,,,,,7,機会があれば行きたい,,福井駅前 エリア,,選択なし/該当施設なし,,選択なし/該当施設なし,,000000,web,1987,39,,2月,01.福井駅前 エリア,,
福井,2026/02/02 11:10:57,福井県,女,60代,,分からない/無回答,その他家族,1泊,福井県外には宿泊しない,,1泊,,,,,,,,,県外から訪れていない（福井県在住）,0,0,0,0,0,0,1,自家用車,0,0,0,0,,,,11回目以上,11回目以上,宿でのんびり過ごす地元の美味しいものを食べる,1,0,1,0,0,0,0,0,0,0,0,0,0,0,0,0,0,0,友人・知人,0,0,0,0,0,0,0,0,0,0,0,0,0,0,0,0,0,0,1,0,0,0,0,0,0,,,,"1,000円未満",,"10,000円以上 20,000円未満",,"3,000円以上 5,000円未満","1,000円以上 3,000円未満",,,,,,,,,,4,4,,,,,,8,福井県在住,,道の駅みくに ふれあいパーク三里浜 エリア,,選択なし/該当施設なし,,選択なし/該当施設なし,,000000,道の駅「西山公園」 エリア,1960,66,,2月,15.道の駅みくに ふれあいパーク三里浜 エリア,(一社)DMOさかい観光局,
福井,2026/02/02 10:47:18,東京都,女,20代,,600万円以上 700万円未満,恋人,2泊,福井県外には宿泊しない,,2泊,,,,,,,,,新幹線,0,0,1,0,0,0,0,レンタカー,0,0,0,0,,,,初めて,初めて,ドライブ・ツーリング,0,0,0,0,0,0,0,0,0,0,0,0,0,0,1,0,0,0,Instagram,0,0,0,1,0,0,0,0,0,0,0,0,0,0,0,0,0,0,0,0,0,0,0,0,0,,,,"20,000円以上 30,000円未満",,"20,000円以上 30,000円未満",,"1,000円以上 3,000円未満","10,000円以上 20,000円未満",,,,,,,,,,5,5,,,,,,10,,,道の駅みくに ふれあいパーク三里浜 エリア,,選択なし/該当施設なし,,選択なし/該当施設なし,,000000,web,1998,28,,2月,15.道の駅みくに ふれあいパーク三里浜 エリア,(一社)DMOさかい観光局,
福井,2026/02/03 22:55:35,滋賀県,女,50代,,分からない/無回答,中学生以上連れの家族,1泊,石川県,,福井県内には宿泊しない,,,,,,,,,自家用車在来線,1,0,0,1,0,0,0,自家用車,0,0,0,0,,,,初めて,初めて,テーマパーク（遊園地、動物園、博物館など）,0,0,0,0,0,1,0,0,0,0,0,0,0,0,0,0,0,0,インターネット・アプリ,0,0,0,0,0,0,0,0,0,0,1,0,0,0,0,0,0,0,0,0,0,0,0,0,0,,,,"10,000円以上 20,000円未満",,"50,000円以上 100,000円未満",,"5,000円以上 10,000円未満","10,000円以上 20,000円未満",,,,,,,,,,4,4,,,,,,10,また行きたい（1年以内）,,花の駅 ゆりの里公園 エリア,,粟津温泉（石川県）,,選択なし/該当施設なし,,000000,花の駅 ゆりの里公園 エリア,1972,54,,2月,14.花の駅 ゆりの里公園 エリア,(一社)DMOさかい観光局,
福井,2026/02/03 21:51:43,京都府,男,50代,,700万円以上 800万円未満,夫婦2人,4泊以上,石川県金沢市,,4泊以上,,,,,,,,,自家用車,1,0,0,0,0,0,0,自家用車,0,0,0,0,5,,,初めて,初めて,地元の美味しいものを食べる,0,0,1,0,0,0,0,0,0,0,0,0,0,0,0,0,0,0,新聞・雑誌・ガイドブック,0,0,0,0,0,0,0,0,0,0,0,0,0,0,0,0,1,0,0,0,0,0,0,0,0,,,,"100,000円以上",,"50,000円以上 100,000円未満",,"5,000円以上 10,000円未満","100,000円以上",,,,,,,,,,4,4,,,,,,8,機会があれば行きたい,,えちぜん鉄道 松岡駅 エリア,,大本山永平寺,,選択なし/該当施設なし,,000000,えちぜん鉄道 松岡駅 エリア,1970,56,,2月,33.えちぜん鉄道 松岡駅 エリア,,
福井,2026/02/03 21:49:48,京都府,男,50代,,700万円以上 800万円未満,夫婦2人,4泊以上,石川県金沢市,,4泊以上,,,,,,,,,自家用車,1,0,0,0,0,0,0,自家用車,0,0,0,0,5,",臨機応変に行きたいところへ行ける",,初めて,初めて,温泉や露天風呂地元の美味しいものを食べる,0,1,1,0,0,0,0,0,0,0,0,0,0,0,0,0,0,0,新聞・雑誌・ガイドブック,0,0,0,0,0,0,0,0,0,0,0,0,0,0,0,0,1,0,0,0,0,0,0,0,0,,,,"100,000円以上",,"50,000円以上 100,000円未満",,"10,000円以上 20,000円未満","100,000円以上",,,,,,,,,,5,5,,,,,,10,機会があれば行きたい,,大本山 永平寺 エリア,,三方五湖,,一乗谷朝倉氏遺跡,,000000,えちぜん鉄道 松岡駅 エリア,1970,56,,2月,34.大本山 永平寺 エリア,,
福井,2026/02/03 21:06:37,静岡県,女,30代,,"1,200万円以上 1,500万円未満",小学生以下連れの家族,4泊以上,福井県外には宿泊しない,,4泊以上,,,,,,,,,自家用車,1,0,0,0,0,0,0,自家用車,0,0,0,0,,,,11回目以上,11回目以上,地元の美味しいものを食べるスキー・スノボ、マリンスポーツ友人・親戚を尋ねる,0,0,1,0,0,0,0,0,0,0,0,0,1,0,0,1,0,0,その他,0,0,0,0,0,0,0,0,0,0,0,0,0,0,0,0,0,0,0,0,0,0,0,0,1,,,,"20,000円以上 30,000円未満",,使わない,,"1,000円以上 3,000円未満","20,000円以上 30,000円未満",,,,,,,,,,3,3,,,,,,5,また行きたい（1年以内）,,道の駅「恐竜渓谷かつやま」 エリア,,九頭竜スキー場,,選択なし/該当施設なし,,000000,道の駅「恐竜渓谷かつやま」 エリア,1992,34,,2月,26.道の駅「恐竜渓谷かつやま」 エリア,勝山市観光まちづくり(株),
福井,2026/02/03 20:22:43,静岡県,男,30代,,"1,200万円以上 1,500万円未満",小学生以下連れの家族,4泊以上,福井県外には宿泊しない,,4泊以上,,,,,,,,,自家用車,1,0,0,0,0,0,0,自家用車,0,0,0,0,4,大雪にも関わらず、除雪が進んでいた点,,初めて,初めて,スキー・スノボ、マリンスポーツ,0,0,0,0,0,0,0,0,0,0,0,0,1,0,0,0,0,0,友人・知人,0,0,0,0,0,0,0,0,0,0,0,0,0,0,0,0,0,0,1,0,0,0,0,0,0,,,,"10,000円以上 20,000円未満",,使わない,,"1,000円以上 3,000円未満","20,000円以上 30,000円未満",,,,,,,,,,4,4,,建物がきれいだったため,,,,10,また行きたい（1年以内）,,道の駅「越前おおの荒島の郷」 エリア,,選択なし/該当施設なし,,九頭竜スキー場,,000000,web,1994,32,,2月,22.道の駅「越前おおの荒島の郷」 エリア,,食べ物が美味しい（越前そば、ソースカツ丼、醤油カツ丼）
福井,2026/02/03 20:17:50,静岡県,男,30代,,"1,200万円以上 1,500万円未満",小学生以下連れの家族,4泊以上,福井県外には宿泊しない,,4泊以上,,,,,,,,,自家用車,1,0,0,0,0,0,0,自家用車,0,0,0,0,,,,初めて,初めて,地元の美味しいものを食べる買い物、アウトレットスキー・スノボ、マリンスポーツ,0,0,1,0,0,0,1,0,0,0,0,0,1,0,0,0,0,0,友人・知人,0,0,0,0,0,0,0,0,0,0,0,0,0,0,0,0,0,0,1,0,0,0,0,0,0,,,,"10,000円以上 20,000円未満",,使わない,,"1,000円以上 3,000円未満","20,000円以上 30,000円未満",,,,,,,,,,4,4,,建物がキレイで、トイレのピクトグラムが恐竜のデザインになっている点が面白くてよかった,,,,10,また行きたい（1年以内）,,道の駅「恐竜渓谷かつやま」 エリア,,福井和泉スキー場,,選択なし/該当施設なし,,000000,web,1994,32,,2月,26.道の駅「恐竜渓谷かつやま」 エリア,勝山市観光まちづくり(株),食べ物が美味しいこと（越前そば、ソースカツ丼、醤油カツ丼）、他県の著名な観光地に比べて人が少なく観光しやすい点
福井,2026/02/03 18:53:46,静岡県,男,70代,,500万円以上 600万円未満,自分ひとり,2泊,福井県外には宿泊しない,,2泊,,,,,,,,,レンタカー新幹線,0,1,1,0,0,0,0,レンタカー,0,0,0,0,3,ナシ,,初めて,初めて,出張など仕事関係,0,0,0,0,0,0,0,0,0,0,0,0,0,0,0,0,1,0,観光展・物産展,0,0,0,0,0,0,0,0,0,0,0,0,0,0,0,0,0,0,0,0,0,0,1,0,0,,,,"40,000円以上 50,000円未満",,"10,000円以上 20,000円未満",,"1,000円以上 3,000円未満","1,000円以上 3,000円未満",,,,,,,,,,3,3,,なし,,,,5,機会があれば行きたい,,道の駅みくに ふれあいパーク三里浜 エリア,,丸岡城,,選択なし/該当施設なし,,000000,道の駅みくに ふれあいパーク三里浜 エリア,1956,70,,2月,15.道の駅みくに ふれあいパーク三里浜 エリア,(一社)DMOさかい観光局,
福井,2026/02/03 11:59:40,東京都,男,60代,,"1,000万円以上 1,200万円未満",職場の同僚,1泊,名古屋,,福井県内には宿泊しない,,,,,,,,,新幹線,0,0,1,0,0,0,0,レンタカー徒歩,0,0,1,0,4,,,11回目以上,11回目以上,出張など仕事関係,0,0,0,0,0,0,0,0,0,0,0,0,0,0,0,0,1,0,観光展・物産展,0,0,0,0,0,0,0,0,0,0,0,0,0,0,0,0,0,0,0,0,0,0,1,0,0,,,,"20,000円以上 30,000円未満",,使わない,,"3,000円以上 5,000円未満","3,000円以上 5,000円未満",,,,,,,,,,4,4,,,,,,8,また行きたい（1年以内）,,福井駅前 エリア,,選択なし/該当施設なし,,選択なし/該当施設なし,,000000,福井駅前 エリア,1966,60,,2月,01.福井駅前 エリア,,
福井,2026/02/03 11:20:35,石川県,男,70代,,300万円以上 400万円未満,その他家族,2泊,石川県金沢市,,2泊,,,,,,,,,自家用車,1,0,0,0,0,0,0,自家用車,0,0,0,0,4,道の駅にｲﾝﾀｰに近い,,11回目以上,11回目以上,温泉や露天風呂地元の美味しいものを食べる,0,1,1,0,0,0,0,0,0,0,0,0,0,0,0,0,0,0,観光展・物産展,0,0,0,0,0,0,0,0,0,0,0,0,0,0,0,0,0,0,0,0,0,0,1,0,0,,,,"5,000円以上 10,000円未満",,"50,000円以上 100,000円未満",,"1,000円以上 3,000円未満","20,000円以上 30,000円未満",,,,,,,,,,4,4,,,,,,10,また行きたい（1年以内）,,越前そばの里 エリア,,五湖の駅,西山公園,若狭三方縄文博物館,,000000,越前そばの里 エリア,1955,71,,2月,37.越前そばの里 エリア,,
福井,2026/02/03 08:53:39,福井県,女,50代,,700万円以上 800万円未満,自分ひとり,1泊,京都府,,1泊,,,,,,,,,自家用車,1,0,0,0,0,0,0,自家用車,0,0,0,0,,,,初めて,初めて,宿でのんびり過ごす温泉や露天風呂,1,1,0,0,0,0,0,0,0,0,0,0,0,0,0,0,0,0,インターネット・アプリその他,0,0,0,0,0,0,0,0,0,0,1,0,0,0,0,0,0,0,0,0,0,0,0,0,0,,,,使わない,,"3,000円以上 5,000円未満",,"3,000円以上 5,000円未満","5,000円以上 10,000円未満",,,,,,,,,,5,5,,,,,,7,,,道の駅みくに ふれあいパーク三里浜 エリア,,選択なし/該当施設なし,,選択なし/該当施設なし,,000000,web,1972,54,,2月,15.道の駅みくに ふれあいパーク三里浜 エリア,(一社)DMOさかい観光局,
福井,2026/02/03 08:02:56,大阪府,男,40代,,600万円以上 700万円未満,自分ひとり,1泊,石川県、大分県,,1泊,,,,,,,,,自家用車,1,0,0,0,0,0,0,自家用車レンタカー,0,0,0,0,,,,初めて,初めて,出張など仕事関係,0,0,0,0,0,0,0,0,0,0,0,0,0,0,0,0,1,0,インターネット・アプリ,0,0,0,0,0,0,0,0,0,0,1,0,0,0,0,0,0,0,0,0,0,0,0,0,0,,,,"10,000円以上 20,000円未満",,"5,000円以上 10,000円未満",,"5,000円以上 10,000円未満","3,000円以上 5,000円未満",,,,,,,,,,4,4,,綺麗なホテルだった。,,,,10,機会があれば行きたい,,道の駅みくに ふれあいパーク三里浜 エリア,,越前大仏,,大本山永平寺,,000000,道の駅みくに ふれあいパーク三里浜 エリア,1977,49,,2月,15.道の駅みくに ふれあいパーク三里浜 エリア,(一社)DMOさかい観光局,
福井,2026/02/04 22:28:16,滋賀県,女,40代,,200万円以上 300万円未満,親,日帰り,福井県外には宿泊しない,,福井県内には宿泊しない,,,,,,,,,自家用車,1,0,0,0,0,0,0,自家用車,0,0,0,0,,,,2～5回目,2～5回目,ドライブ・ツーリング,0,0,0,0,0,0,0,0,0,0,0,0,0,0,1,0,0,0,インターネット・アプリ,0,0,0,0,0,0,0,0,0,0,1,0,0,0,0,0,0,0,0,0,0,0,0,0,0,,,,"3,000円以上 5,000円未満",,使わない,,"5,000円以上 10,000円未満","5,000円以上 10,000円未満",,,,,,,,,,4,4,,,,,,6,,,道の駅「若狭おばま」 エリア,,選択なし/該当施設なし,,選択なし/該当施設なし,,000000,道の駅「若狭おばま」 エリア,1983,43,,2月,68.道の駅「若狭おばま」 エリア,(株)まちづくり小浜,
福井,2026/02/04 22:27:35,滋賀県,女,40代,,200万円以上 300万円未満,親,日帰り,福井県外には宿泊しない,,福井県内には宿泊しない,,,,,,,,,自家用車,1,0,0,0,0,0,0,自家用車,0,0,0,0,,,,2～5回目,2～5回目,ドライブ・ツーリング,0,0,0,0,0,0,0,0,0,0,0,0,0,0,1,0,0,0,インターネット・アプリ,0,0,0,0,0,0,0,0,0,0,1,0,0,0,0,0,0,0,0,0,0,0,0,0,0,,,,"3,000円以上 5,000円未満",,使わない,,"3,000円以上 5,000円未満","5,000円以上 10,000円未満",,,,,,,,,,4,4,,,,,,6,,,道の駅「恐竜渓谷かつやま」 エリア,,選択なし/該当施設なし,,選択なし/該当施設なし,,000000,道の駅「若狭おばま」 エリア,1983,43,,2月,26.道の駅「恐竜渓谷かつやま」 エリア,勝山市観光まちづくり(株),
福井,2026/02/04 22:25:15,滋賀県,女,40代,,200万円以上 300万円未満,親,日帰り,福井県外には宿泊しない,,福井県内には宿泊しない,,,,,,,,,自家用車,1,0,0,0,0,0,0,自家用車,0,0,0,0,,,,2～5回目,2～5回目,地元の美味しいものを食べる名所、旧跡の観光まちあるき、都市散策ドライブ・ツーリング,0,0,1,0,1,0,0,0,0,0,1,0,0,0,1,0,0,0,インターネット・アプリ,0,0,0,0,0,0,0,0,0,0,1,0,0,0,0,0,0,0,0,0,0,0,0,0,0,,,,"3,000円以上 5,000円未満",,使わない,,"3,000円以上 5,000円未満","5,000円以上 10,000円未満",,,,,,,,,,4,4,,,,,,6,,,越前大仏 エリア,,選択なし/該当施設なし,,選択なし/該当施設なし,,000000,道の駅「若狭おばま」 エリア,1983,43,,2月,28.越前大仏 エリア,勝山市観光まちづくり(株),
福井,2026/02/04 20:44:30,兵庫県,男,40代,,600万円以上 700万円未満,自分ひとり,4泊以上,滋賀県,,3泊,,,,,,,,,レンタカー,0,1,0,0,0,0,0,レンタカー,0,0,0,0,4,,,2～5回目,2～5回目,出張など仕事関係,0,0,0,0,0,0,0,0,0,0,0,0,0,0,0,0,1,0,観光展・物産展観光パンフレット・ポスター,0,0,0,0,0,0,0,0,0,0,0,0,0,0,0,0,0,0,0,0,1,0,1,0,0,,,,"10,000円以上 20,000円未満",,"20,000円以上 30,000円未満",,"3,000円以上 5,000円未満","5,000円以上 10,000円未満",,,,,,,,,,4,4,,,,,,8,機会があれば行きたい,,道の駅みくに ふれあいパーク三里浜 エリア,,選択なし/該当施設なし,,選択なし/該当施設なし,,000000,道の駅みくに ふれあいパーク三里浜 エリア,1977,49,,2月,15.道の駅みくに ふれあいパーク三里浜 エリア,(一社)DMOさかい観光局,
福井,2026/02/04 14:42:24,福井県,男,60代,,600万円以上 700万円未満,夫婦2人,日帰り,福井県外には宿泊しない,,1泊,,,,,,,,,自家用車,1,0,0,0,0,0,0,自家用車,0,0,0,0,,,,11回目以上,11回目以上,買い物、アウトレット,0,0,0,0,0,0,1,0,0,0,0,0,0,0,0,0,0,0,ブログ,0,0,0,0,0,0,0,0,1,0,0,0,0,0,0,0,0,0,0,0,0,0,0,0,0,,,,使わない,,"3,000円以上 5,000円未満",,"3,000円以上 5,000円未満","3,000円以上 5,000円未満",,,,,,,,,,4,4,,,,,,8,,,道の駅「越前」 エリア,,選択なし/該当施設なし,,選択なし/該当施設なし,,000000,道の駅「越前」 エリア,1958,68,,2月,49.道の駅「越前」 エリア,一般社団法人 越前町観光連盟（DMO ECHIZEN）,
福井,2026/02/04 14:33:55,大阪府,男,60代,,100万円未満,夫婦2人,1泊,福井県外には宿泊しない,,2泊,,,,,,,,,在来線,0,0,0,1,0,0,0,路線バス,0,1,0,0,5,,,6～10回目,6～10回目,温泉や露天風呂,0,1,0,0,0,0,0,0,0,0,0,0,0,0,0,0,0,0,観光展・物産展,0,0,0,0,0,0,0,0,0,0,0,0,0,0,0,0,0,0,0,0,0,0,1,0,0,,,,"5,000円以上 10,000円未満",,"1,000円以上 3,000円未満",,"1,000円以上 3,000円未満","5,000円以上 10,000円未満",,,,,,,,,,5,5,,,,,,5,,,かつやま恐竜の森 エリア,,選択なし/該当施設なし,,選択なし/該当施設なし,,000000,かつやま恐竜の森 エリア,1958,68,,2月,25.かつやま恐竜の森 エリア,勝山市観光まちづくり(株),
福井,2026/02/04 14:11:34,福井県,女,60代,,300万円以上 400万円未満,自分ひとり,日帰り,福井県外には宿泊しない,,福井県内には宿泊しない,,,,,,,,,県外から訪れていない（福井県在住）,0,0,0,0,0,0,1,自家用車,0,0,0,0,,,,6～10回目,6～10回目,温泉や露天風呂,0,1,0,0,0,0,0,0,0,0,0,0,0,0,0,0,0,0,観光パンフレット・ポスター,0,0,0,0,0,0,0,0,0,0,0,0,0,0,0,0,0,0,0,0,1,0,0,0,0,,,,"1,000円未満",,使わない,,"1,000円以上 3,000円未満","1,000円以上 3,000円未満",,,,,,,,,,4,4,,,,,,6,,,丸岡城 エリア,,選択なし/該当施設なし,,選択なし/該当施設なし,,000000,web,1965,61,,2月,13.丸岡城 エリア,(一社)DMOさかい観光局,
福井,2026/02/04 13:44:19,福井県,女,40代,,800万円以上 900万円未満,小学生以下連れの家族,日帰り,福井県外には宿泊しない,,福井県内には宿泊しない,,,,,,,,,県外から訪れていない（福井県在住）,0,0,0,0,0,0,1,自家用車,0,0,0,0,,,,6～10回目,6～10回目,花見や紅葉などの自然鑑賞ドライブ・ツーリング,0,0,0,1,0,0,0,0,0,0,0,0,0,0,1,0,0,0,インターネット・アプリ,0,0,0,0,0,0,0,0,0,0,1,0,0,0,0,0,0,0,0,0,0,0,0,0,0,,,,使わない,,使わない,,"1,000円以上 3,000円未満","1,000円以上 3,000円未満",,,,,,,,,,5,4,,,,,,7,福井県在住,,越前海岸 北部 エリア,,選択なし/該当施設なし,,選択なし/該当施設なし,,000000,web,1983,43,,2月,07.越前海岸 北部 エリア,,
福井,2026/02/04 13:23:54,福井県,男,60代,,600万円以上 700万円未満,夫婦2人,日帰り,福井県外には宿泊しない,,1泊,,,,,,,,,自家用車,1,0,0,0,0,0,0,自家用車,0,0,0,0,,,,6～10回目,6～10回目,買い物、アウトレット,0,0,0,0,0,0,1,0,0,0,0,0,0,0,0,0,0,0,ブログ,0,0,0,0,0,0,0,0,1,0,0,0,0,0,0,0,0,0,0,0,0,0,0,0,0,,,,使わない,,"3,000円以上 5,000円未満",,"1,000円以上 3,000円未満","3,000円以上 5,000円未満",,,,,,,,,,4,4,,,,,,7,,,劔神社 エリア,,選択なし/該当施設なし,,選択なし/該当施設なし,,000000,道の駅「越前」 エリア,1958,68,,2月,51.劔神社 エリア,一般社団法人 越前町観光連盟（DMO ECHIZEN）,
福井,2026/02/04 13:11:17,福井県,女,50代,,300万円以上 400万円未満,夫婦2人,日帰り,福井県外には宿泊しない,,福井県内には宿泊しない,,,,,,,,,県外から訪れていない（福井県在住）,0,0,0,0,0,0,1,自家用車,0,0,0,0,,,,11回目以上,11回目以上,買い物、アウトレット,0,0,0,0,0,0,1,0,0,0,0,0,0,0,0,0,0,0,インターネット・アプリ,0,0,0,0,0,0,0,0,0,0,1,0,0,0,0,0,0,0,0,0,0,0,0,0,0,,,,使わない,,使わない,,"1,000円以上 3,000円未満","5,000円以上 10,000円未満",,,,,,,,,,5,5,,,,,,10,,,劔神社 エリア,,選択なし/該当施設なし,,選択なし/該当施設なし,,000000,web,1968,58,,2月,51.劔神社 エリア,一般社団法人 越前町観光連盟（DMO ECHIZEN）,オタイコヒルズのスタッフの女性が　いつ訪れても笑顔で素敵な接客で心和みます
福井,2026/02/04 13:03:00,静岡県,男,30代,,"1,200万円以上 1,500万円未満",小学生以下連れの家族,4泊以上,福井県外には宿泊しない,,4泊以上,,,,,,,,,自家用車,1,0,0,0,0,0,0,自家用車,0,0,0,0,4,,,2～5回目,2～5回目,スキー・スノボ、マリンスポーツ,0,0,0,0,0,0,0,0,0,0,0,0,1,0,0,0,0,0,友人・知人,0,0,0,0,0,0,0,0,0,0,0,0,0,0,0,0,0,0,1,0,0,0,0,0,0,,,,"10,000円以上 20,000円未満",,使わない,,使わない,"20,000円以上 30,000円未満",,,,,,,,,,4,4,,,,,,8,また行きたい（1年以内）,,道の駅「南えちぜん山海里」 エリア,,福井駅,,今庄宿,,000000,web,1994,32,,2月,58.道の駅「南えちぜん山海里」 エリア,,
福井,2026/02/04 12:56:50,福井県,男,70代,,100万円以上 200万円未満,夫婦2人,日帰り,福井県外には宿泊しない,,福井県内には宿泊しない,,,,,,,,,自家用車,1,0,0,0,0,0,0,自家用車,0,0,0,0,4,,,11回目以上,11回目以上,買い物、アウトレット,0,0,0,0,0,0,1,0,0,0,0,0,0,0,0,0,0,0,友人・知人,0,0,0,0,0,0,0,0,0,0,0,0,0,0,0,0,0,0,1,0,0,0,0,0,0,,,,使わない,,"1,000円以上 3,000円未満",,"1,000円以上 3,000円未満","1,000円以上 3,000円未満",,,,,,,,,,4,4,,,,,,3,,,越前そばの里 エリア,,選択なし/該当施設なし,,選択なし/該当施設なし,,000000,越前そばの里 エリア,1955,71,,2月,37.越前そばの里 エリア,,
福井,2026/02/04 12:55:54,福井県,男,60代,,200万円以上 300万円未満,夫婦2人,日帰り,福井県外には宿泊しない,,福井県内には宿泊しない,,,,,,,,,自家用車,1,0,0,0,0,0,0,自家用車,0,0,0,0,,,,11回目以上,11回目以上,地元の美味しいものを食べる,0,0,1,0,0,0,0,0,0,0,0,0,0,0,0,0,0,0,インターネット・アプリ,0,0,0,0,0,0,0,0,0,0,1,0,0,0,0,0,0,0,0,0,0,0,0,0,0,,,,"1,000円未満",,"1,000円以上 3,000円未満",,"1,000円以上 3,000円未満","1,000円以上 3,000円未満",,,,,,,,,,4,4,,,,,,10,また行きたい（1年以内）,,越前そばの里 エリア,,選択なし/該当施設なし,,選択なし/該当施設なし,,000000,web,1958,68,,2月,37.越前そばの里 エリア,,
福井,2026/02/04 12:48:51,静岡県,女,30代,,"1,200万円以上 1,500万円未満",小学生以下連れの家族,4泊以上,福井県外には宿泊しない,,4泊以上,,,,,,,,,自家用車,1,0,0,0,0,0,0,自家用車,0,0,0,0,,,,6～10回目,6～10回目,友人・親戚を尋ねる,0,0,0,0,0,0,0,0,0,0,0,0,0,0,0,1,0,0,その他,0,0,0,0,0,0,0,0,0,0,0,0,0,0,0,0,0,0,0,0,0,0,0,0,1,,,,"20,000円以上 30,000円未満",,使わない,,"1,000円以上 3,000円未満","20,000円以上 30,000円未満",,,,,,,,,,3,4,,,,,,7,また行きたい（1年以内）,,道の駅「南えちぜん山海里」 エリア,,福井和泉スキー場,,選択なし/該当施設なし,,000000,道の駅「恐竜渓谷かつやま」 エリア,1992,34,,2月,58.道の駅「南えちぜん山海里」 エリア,,
福井,2026/02/04 11:44:04,福井県,女,60代,,分からない/無回答,親,日帰り,福井県外には宿泊しない,,福井県内には宿泊しない,,,,,,,,,自家用車,1,0,0,0,0,0,0,自家用車,0,0,0,0,5,,,11回目以上,11回目以上,地元の美味しいものを食べる,0,0,1,0,0,0,0,0,0,0,0,0,0,0,0,0,0,0,その他,0,0,0,0,0,0,0,0,0,0,0,0,0,0,0,0,0,0,0,0,0,0,0,0,1,,,,"1,000円未満",,使わない,,"1,000円以上 3,000円未満","1,000円以上 3,000円未満",,,,,,,,,,5,5,,,,,,10,福井県在住,,越前そばの里 エリア,,選択なし/該当施設なし,,選択なし/該当施設なし,,000000,JR九頭竜湖駅 エリア,1959,67,,2月,37.越前そばの里 エリア,,
福井,2026/02/04 11:38:13,福井県,男,60代,,分からない/無回答,夫婦2人,日帰り,福井県外には宿泊しない,,1泊,,,,,,,,,自家用車,1,0,0,0,0,0,0,自家用車,0,0,0,0,,,,2～5回目,2～5回目,友人・親戚を尋ねる,0,0,0,0,0,0,0,0,0,0,0,0,0,0,0,1,0,0,友人・知人,0,0,0,0,0,0,0,0,0,0,0,0,0,0,0,0,0,0,1,0,0,0,0,0,0,,,,"30,000円以上 40,000円未満",,"30,000円以上 40,000円未満",,使わない,"30,000円以上 40,000円未満",,,,,,,,,,4,4,,,,,,9,機会があれば行きたい,,だるまちゃん広場 エリア,,越前和紙の里,,丸岡城,,000000,web,1957,69,,2月,42.だるまちゃん広場 エリア,,
福井,2026/02/04 11:27:21,愛知県,男,60代,,"1,500万円以上",夫婦2人,1泊,福井県外には宿泊しない,,1泊,,,,,,,,,自家用車,1,0,0,0,0,0,0,自家用車,0,0,0,0,,,,11回目以上,11回目以上,その他,0,0,0,0,0,0,0,0,0,0,0,0,0,0,0,0,0,1,その他,0,0,0,0,0,0,0,0,0,0,0,0,0,0,0,0,0,0,0,0,0,0,0,0,1,,,,"20,000円以上 30,000円未満",,"20,000円以上 30,000円未満",,"3,000円以上 5,000円未満","40,000円以上 50,000円未満",,,,,,,,,,5,5,,,,,,10,また行きたい（1年以内）,,越前そばの里 エリア,,越前そばの里,,選択なし/該当施設なし,,000000,大本山 永平寺 エリア,1961,65,,2月,37.越前そばの里 エリア,,
福井,2026/02/04 11:04:15,福井県,男,60代,,600万円以上 700万円未満,夫婦2人,日帰り,福井県外には宿泊しない,,1泊,,,,,,,,,自家用車,1,0,0,0,0,0,0,自家用車,0,0,0,0,3,,,11回目以上,11回目以上,買い物、アウトレット,0,0,0,0,0,0,1,0,0,0,0,0,0,0,0,0,0,0,ブログ,0,0,0,0,0,0,0,0,1,0,0,0,0,0,0,0,0,0,0,0,0,0,0,0,0,,,,使わない,,"3,000円以上 5,000円未満",,使わない,"3,000円以上 5,000円未満",,,,,,,,,,3,3,,,,,,6,,,道の駅「南えちぜん山海里」 エリア,,選択なし/該当施設なし,,選択なし/該当施設なし,,000000,道の駅「越前」 エリア,1958,68,,2月,58.道の駅「南えちぜん山海里」 エリア,,
福井,2026/02/04 11:03:01,福井県,女,50代,,300万円以上 400万円未満,夫婦2人,日帰り,福井県外には宿泊しない,,福井県内には宿泊しない,,,,,,,,,県外から訪れていない（福井県在住）,0,0,0,0,0,0,1,自家用車,0,0,0,0,,,,11回目以上,11回目以上,地元の美味しいものを食べる買い物、アウトレット,0,0,1,0,0,0,1,0,0,0,0,0,0,0,0,0,0,0,インターネット・アプリ,0,0,0,0,0,0,0,0,0,0,1,0,0,0,0,0,0,0,0,0,0,0,0,0,0,,,,使わない,,使わない,,"1,000円以上 3,000円未満","5,000円以上 10,000円未満",,,,,,,,,,4,4,,,,,,8,,,道の駅「南えちぜん山海里」 エリア,,選択なし/該当施設なし,,選択なし/該当施設なし,,000000,web,1968,58,,2月,58.道の駅「南えちぜん山海里」 エリア,,
福井,2026/02/04 10:46:19,東京都,女,50代,,分からない/無回答,親,3泊,福井県外には宿泊しない,,3泊,,,,,,,,,新幹線,0,0,1,0,0,0,0,レンタカー,0,0,0,0,4,,,初めて,初めて,温泉や露天風呂,0,1,0,0,0,0,0,0,0,0,0,0,0,0,0,0,0,0,インターネット・アプリ,0,0,0,0,0,0,0,0,0,0,1,0,0,0,0,0,0,0,0,0,0,0,0,0,0,,,,"20,000円以上 30,000円未満",,"10,000円以上 20,000円未満",,"10,000円以上 20,000円未満","10,000円以上 20,000円未満",,,,,,,,,,4,4,,,,,,8,また行きたい（1年以内）,,あわら湯のまち エリア,,丸岡城,,選択なし/該当施設なし,,000000,web,1968,58,,2月,17.あわら湯のまち エリア,,
福井,2026/02/04 10:35:27,福井県,男,40代,,"1,000万円以上 1,200万円未満",夫婦2人,日帰り,福井県外には宿泊しない,,福井県内には宿泊しない,,,,,,,,,自家用車,1,0,0,0,0,0,0,自家用車,0,0,0,0,5,,,11回目以上,11回目以上,地元の美味しいものを食べる買い物、アウトレット,0,0,1,0,0,0,1,0,0,0,0,0,0,0,0,0,0,0,観光展・物産展,0,0,0,0,0,0,0,0,0,0,0,0,0,0,0,0,0,0,0,0,0,0,1,0,0,,,,"1,000円以上 3,000円未満",,"5,000円以上 10,000円未満",,"1,000円未満","5,000円以上 10,000円未満",,,,,,,,,,5,5,,,,,,10,,,道の駅「南えちぜん山海里」 エリア,,選択なし/該当施設なし,,選択なし/該当施設なし,,000000,かずら橋 エリア,1982,44,,2月,58.道の駅「南えちぜん山海里」 エリア,,
福井,2026/02/04 09:59:44,愛知県,男,60代,,"1,500万円以上",夫婦2人,1泊,福井県外には宿泊しない,,1泊,,,,,,,,,自家用車,1,0,0,0,0,0,0,自家用車,0,0,0,0,,,,11回目以上,11回目以上,その他,0,0,0,0,0,0,0,0,0,0,0,0,0,0,0,0,0,1,その他,0,0,0,0,0,0,0,0,0,0,0,0,0,0,0,0,0,0,0,0,0,0,0,0,1,,,,"20,000円以上 30,000円未満",,"20,000円以上 30,000円未満",,"10,000円以上 20,000円未満","40,000円以上 50,000円未満",,,,,,,,,,5,5,,,,,,10,また行きたい（1年以内）,,大本山 永平寺 エリア,,選択なし/該当施設なし,,選択なし/該当施設なし,,000000,大本山 永平寺 エリア,1961,65,,2月,34.大本山 永平寺 エリア,,
福井,2026/02/04 07:37:12,静岡県,女,30代,,"1,200万円以上 1,500万円未満",小学生以下連れの家族,4泊以上,福井県外には宿泊しない,,4泊以上,,,,,,,,,自家用車,1,0,0,0,0,0,0,自家用車,0,0,0,0,,,,2～5回目,2～5回目,友人・親戚を尋ねる,0,0,0,0,0,0,0,0,0,0,0,0,0,0,0,1,0,0,その他,0,0,0,0,0,0,0,0,0,0,0,0,0,0,0,0,0,0,0,0,0,0,0,0,1,,,,"20,000円以上 30,000円未満",,使わない,,"3,000円以上 5,000円未満","20,000円以上 30,000円未満",,,,,,,,,,4,4,,,,,,7,また行きたい（1年以内）,,道の駅「越前おおの荒島の郷」 エリア,,選択なし/該当施設なし,,九頭竜スキー場,,000000,道の駅「恐竜渓谷かつやま」 エリア,1992,34,,2月,22.道の駅「越前おおの荒島の郷」 エリア,,
福井,2026/02/05 23:53:00,福井県,女,50代,,500万円以上 600万円未満,自分ひとり,日帰り,福井県外には宿泊しない,,福井県内には宿泊しない,,,,,,,,,自家用車,1,0,0,0,0,0,0,自家用車,0,0,0,0,5,,,初めて,初めて,宿でのんびり過ごす,1,0,0,0,0,0,0,0,0,0,0,0,0,0,0,0,0,0,観光展・物産展,0,0,0,0,0,0,0,0,0,0,0,0,0,0,0,0,0,0,0,0,0,0,1,0,0,,,,使わない,,使わない,,"3,000円以上 5,000円未満","3,000円以上 5,000円未満",,,,,,,,,,5,5,,,,,,10,また行きたい（1年以内）,,丸岡城 エリア,,選択なし/該当施設なし,,選択なし/該当施設なし,,000000,丸岡城 エリア,1973,53,,2月,13.丸岡城 エリア,(一社)DMOさかい観光局,
福井,2026/02/05 23:45:17,大阪府,女,40代,,500万円以上 600万円未満,友人,2泊,福井県外には宿泊しない,,2泊,,,,,,,,,新幹線在来線,0,0,1,1,0,0,0,在来線路線バス,0,1,0,0,,,,2～5回目,2～5回目,地元の美味しいものを食べる,0,0,1,0,0,0,0,0,0,0,0,0,0,0,0,0,0,0,新聞・雑誌・ガイドブックインターネット・アプリ,0,0,0,0,0,0,0,0,0,0,1,0,0,0,0,0,1,0,0,0,0,0,0,0,0,,,,"5,000円以上 10,000円未満",,"5,000円以上 10,000円未満",,"5,000円以上 10,000円未満","10,000円以上 20,000円未満",,,,,,,,,,5,5,,,,,,8,また行きたい（1年以内）,,福井駅前 エリア,,越前大野城,,東尋坊,,000000,福井駅前 エリア,1978,48,,2月,01.福井駅前 エリア,,都会にはない自然やおいしいごはんを堪能できて満足度が高い。
福井,2026/02/05 23:32:32,兵庫県,無回答,30代,,300万円以上 400万円未満,親,1泊,福井県外には宿泊しない,,1泊,,,,,,,,,自家用車在来線,1,0,0,1,0,0,0,自家用車,0,0,0,0,,,,2～5回目,2～5回目,宿でのんびり過ごす温泉や露天風呂地元の美味しいものを食べるまちあるき、都市散策,1,1,1,0,0,0,0,0,0,0,1,0,0,0,0,0,0,0,新聞・雑誌・ガイドブック観光パンフレット・ポスターインターネット・アプリTwitterInstagramFacebook宿泊施設,1,0,0,1,0,1,0,0,0,0,1,0,0,1,0,0,1,0,0,0,1,0,0,0,0,,,,"10,000円以上 20,000円未満",,"10,000円以上 20,000円未満",,"30,000円以上 40,000円未満","5,000円以上 10,000円未満",,,,,,,,,,4,4,,,,,,5,機会があれば行きたい,,あわら湯のまち エリア,,選択なし/該当施設なし,,選択なし/該当施設なし,,000000,web,1993,33,,2月,17.あわら湯のまち エリア,,足湯がいろいろあり、良いと思いました。運転ができる友達には勧めたいです。
福井,2026/02/05 19:44:53,福井県,女,50代,,100万円未満,自分ひとり,日帰り,福井県外には宿泊しない,,福井県内には宿泊しない,,,,,,,,,県外から訪れていない（福井県在住）,0,0,0,0,0,0,1,自家用車,0,0,0,0,,,,6～10回目,6～10回目,買い物、アウトレット,0,0,0,0,0,0,1,0,0,0,0,0,0,0,0,0,0,0,観光パンフレット・ポスター,0,0,0,0,0,0,0,0,0,0,0,0,0,0,0,0,0,0,0,0,1,0,0,0,0,,,,使わない,,"3,000円以上 5,000円未満",,"3,000円以上 5,000円未満","3,000円以上 5,000円未満",,,,,,,,,,5,5,,,,,,10,福井県在住,,道の駅「越前おおの荒島の郷」 エリア,,選択なし/該当施設なし,えちてつ　永平寺口駅,選択なし/該当施設なし,,000000,web,1972,54,,2月,22.道の駅「越前おおの荒島の郷」 エリア,,
福井,2026/02/05 19:41:27,福井県,女,50代,,100万円未満,自分ひとり,日帰り,福井県外には宿泊しない,,福井県内には宿泊しない,,,,,,,,,県外から訪れていない（福井県在住）,0,0,0,0,0,0,1,自家用車,0,0,0,0,,,,11回目以上,11回目以上,買い物、アウトレット,0,0,0,0,0,0,1,0,0,0,0,0,0,0,0,0,0,0,観光パンフレット・ポスター,0,0,0,0,0,0,0,0,0,0,0,0,0,0,0,0,0,0,0,0,1,0,0,0,0,,,,使わない,,"3,000円以上 5,000円未満",,"1,000円以上 3,000円未満","3,000円以上 5,000円未満",,,,,,,,,,5,5,,,,,,10,福井県在住,,道の駅「禅の里」 エリア,,道の駅「越前おおの荒島の郷」,,選択なし/該当施設なし,,000000,web,1972,54,,2月,35.道の駅「禅の里」 エリア,,
福井,2026/02/05 19:39:13,福井県,女,50代,,100万円未満,自分ひとり,日帰り,福井県外には宿泊しない,,福井県内には宿泊しない,,,,,,,,,県外から訪れていない（福井県在住）,0,0,0,0,0,0,1,自家用車,0,0,0,0,,,,2～5回目,2～5回目,買い物、アウトレット,0,0,0,0,0,0,1,0,0,0,0,0,0,0,0,0,0,0,観光パンフレット・ポスター,0,0,0,0,0,0,0,0,0,0,0,0,0,0,0,0,0,0,0,0,1,0,0,0,0,,,,使わない,,"3,000円以上 5,000円未満",,"1,000円以上 3,000円未満","3,000円以上 5,000円未満",,,,,,,,,,4,4,,,,,,8,福井県在住,,えちぜん鉄道 永平寺口駅 エリア,,選択なし/該当施設なし,,道の駅「越前おおの荒島の郷」,,000000,web,1972,54,,2月,31.えちぜん鉄道 永平寺口駅 エリア,,
福井,2026/02/05 17:22:55,滋賀県,男,60代,,500万円以上 600万円未満,夫婦2人,日帰り,福井県外には宿泊しない,,福井県内には宿泊しない,,,,,,,,,自家用車,1,0,0,0,0,0,0,自家用車,0,0,0,0,,,,2～5回目,2～5回目,地元の美味しいものを食べる名所、旧跡の観光,0,0,1,0,1,0,0,0,0,0,0,0,0,0,0,0,0,0,友人・知人,0,0,0,0,0,0,0,0,0,0,0,0,0,0,0,0,0,0,1,0,0,0,0,0,0,,,,"5,000円以上 10,000円未満",,使わない,,"5,000円以上 10,000円未満","5,000円以上 10,000円未満",,,,,,,,,,5,4,,,,,,7,,,越前そばの里 エリア,,選択なし/該当施設なし,,選択なし/該当施設なし,,000000,web,1964,62,,2月,37.越前そばの里 エリア,,
福井,2026/02/05 16:31:08,東京都,女,30代,,200万円以上 300万円未満,親,2泊,福井県外には宿泊しない,,2泊,,,,,,,,,新幹線在来線,0,0,1,1,0,0,0,タクシー,1,0,0,0,5,タクシーのドライバーさんが運転しながら各名所を説明してくれて本当に親切だった,,初めて,初めて,温泉や露天風呂地元の美味しいものを食べる名所、旧跡の観光テーマパーク（遊園地、動物園、博物館など）買い物、アウトレットまちあるき、都市散策,0,1,1,0,1,1,1,0,0,0,1,0,0,0,0,0,0,0,新聞・雑誌・ガイドブックインターネット・アプリ,0,0,0,0,0,0,0,0,0,0,1,0,0,0,0,0,1,0,0,0,0,0,0,0,0,,,,"50,000円以上 100,000円未満",,"20,000円以上 30,000円未満",,"20,000円以上 30,000円未満","50,000円以上 100,000円未満",,,,,,,,,,5,5,,とても見応えあり、レストランなども充実していた。,,,,10,また行きたい（1年以内）,,東尋坊 エリア,,大本山永平寺,,越前大仏,,000000,東尋坊 エリア,1994,32,,2月,10.東尋坊 エリア,(一社)DMOさかい観光局,東尋坊は写真で見るより実物で見るのが魅力的。どこの名所も実際見ると感動するものばかりだった。また地域の方々も暖かく、食も何を食べても美味しくまた来たいと強くおもった。
福井,2026/02/05 16:30:13,富山県,男,50代,,400万円以上 500万円未満,中学生以上連れの家族,1泊,福井県外には宿泊しない,,1泊,,,,,,,,,自家用車,1,0,0,0,0,0,0,自家用車,0,0,0,0,,,,2～5回目,2～5回目,宿でのんびり過ごす温泉や露天風呂名所、旧跡の観光ドライブ・ツーリング,1,1,0,0,1,0,0,0,0,0,0,0,0,0,1,0,0,0,観光パンフレット・ポスター,0,0,0,0,0,0,0,0,0,0,0,0,0,0,0,0,0,0,0,0,1,0,0,0,0,,,,"5,000円以上 10,000円未満",,"30,000円以上 40,000円未満",,"5,000円以上 10,000円未満","10,000円以上 20,000円未満",,,,,,,,,,5,5,,,,,,10,また行きたい（1年以内）,,かつやま恐竜の森 エリア,,選択なし/該当施設なし,,一乗谷朝倉氏遺跡,,000000,かつやま恐竜の森 エリア,1968,58,,2月,25.かつやま恐竜の森 エリア,勝山市観光まちづくり(株),
福井,2026/02/05 15:47:06,福井県,女,30代,,700万円以上 800万円未満,小学生以下連れの家族,日帰り,福井県外には宿泊しない,,1泊,,,,,,,,,県外から訪れていない（福井県在住）,0,0,0,0,0,0,1,自家用車,0,0,0,0,3,,,11回目以上,11回目以上,宿でのんびり過ごす地元の美味しいものを食べるまちあるき、都市散策,1,0,1,0,0,0,0,0,0,0,1,0,0,0,0,0,0,0,インターネット・アプリInstagram,0,0,0,1,0,0,0,0,0,0,1,0,0,0,0,0,0,0,0,0,0,0,0,0,0,,,,"3,000円以上 5,000円未満",,"10,000円以上 20,000円未満",,"5,000円以上 10,000円未満","10,000円以上 20,000円未満",,,,,,,,,,5,5,,,,,,10,また行きたい（1年以内）,,あわら湯のまち エリア,,ふれあいパーク三里浜(道の駅「みくに」),,越前松島水族館,,000000,あわら湯のまち エリア,1995,31,,2月,17.あわら湯のまち エリア,,
福井,2026/02/05 13:58:02,大阪府,女,30代,,300万円以上 400万円未満,自分ひとり,1泊,福井県外には宿泊しない,,1泊,,,,,,,,,新幹線,0,0,1,0,0,0,0,路線バス,0,1,0,0,5,とても便利です！,,初めて,初めて,温泉や露天風呂地元の美味しいものを食べるテーマパーク（遊園地、動物園、博物館など）,0,1,1,0,0,1,0,0,0,0,0,0,0,0,0,0,0,0,友人・知人,0,0,0,0,0,0,0,0,0,0,0,0,0,0,0,0,0,0,1,0,0,0,0,0,0,,,,"20,000円以上 30,000円未満",,"10,000円以上 20,000円未満",,"1,000円以上 3,000円未満","3,000円以上 5,000円未満",,,,,,,,,,5,4,,館内の展示レイアウトは素敵です！涙うるうる、感激です。特別展示の3面映画は最高です。化石研究体験をしたのて、また来ます。,,,,9,また行きたい（1年以内）,,かつやま恐竜の森 エリア,,東尋坊,,丸岡城,,000000,かつやま恐竜の森 エリア,1994,32,,2月,25.かつやま恐竜の森 エリア,勝山市観光まちづくり(株),
福井,2026/02/05 13:03:48,兵庫県,女,70代,,"1,200万円以上 1,500万円未満",夫婦2人,2泊,石川県金沢市,,1泊,,,,,,,,,新幹線,0,0,1,0,0,0,0,旅行会社ツアーバス,0,0,0,0,3,,,初めて,初めて,宿でのんびり過ごす,1,0,0,0,0,0,0,0,0,0,0,0,0,0,0,0,0,0,友人・知人その他,0,0,0,0,0,0,0,0,0,0,0,0,0,0,0,0,0,0,1,0,0,0,0,0,0,,,,"40,000円以上 50,000円未満",,"50,000円以上 100,000円未満",,"1,000円以上 3,000円未満","10,000円以上 20,000円未満",,,,,,,,,,3,3,,,,,,3,機会があれば行きたい,,メガネストリート エリア,,選択なし/該当施設なし,,選択なし/該当施設なし,,000000,メガネストリート エリア,1954,72,,2月,45.メガネストリート エリア,,
福井,2026/02/05 12:34:25,福井県,男,50代,,300万円以上 400万円未満,友人,日帰り,石川県金沢市,,福井県内には宿泊しない,,,,,,,,,自家用車,1,0,0,0,0,0,0,自家用車,0,0,0,0,4,武生ICから近かったから,,初めて,初めて,地元の美味しいものを食べる,0,0,1,0,0,0,0,0,0,0,0,0,0,0,0,0,0,0,観光展・物産展,0,0,0,0,0,0,0,0,0,0,0,0,0,0,0,0,0,0,0,0,0,0,1,0,0,,,,"5,000円以上 10,000円未満",,"10,000円以上 20,000円未満",,"3,000円以上 5,000円未満","5,000円以上 10,000円未満",,,,,,,,,,5,4,,,,,,3,また行きたい（1年以内）,,越前そばの里 エリア,,丸岡城,,丸岡城,,000000,越前そばの里 エリア,1967,59,,2月,37.越前そばの里 エリア,,
福井,2026/02/05 12:21:10,福井県,男,60代,,"900万円以上 1,000万円未満",職場の同僚,日帰り,福井県外には宿泊しない,,福井県内には宿泊しない,,,,,,,,,自家用車,1,0,0,0,0,0,0,自家用車,0,0,0,0,,,,2～5回目,2～5回目,地元の美味しいものを食べる,0,0,1,0,0,0,0,0,0,0,0,0,0,0,0,0,0,0,友人・知人,0,0,0,0,0,0,0,0,0,0,0,0,0,0,0,0,0,0,1,0,0,0,0,0,0,,,,"1,000円以上 3,000円未満",,使わない,,"1,000円以上 3,000円未満","1,000円以上 3,000円未満",,,,,,,,,,4,3,,,,,,7,福井県在住,,越前そばの里 エリア,,岡太神社・大瀧神社,,北の庄城址・柴田公園,,000000,かずら橋 エリア,1962,64,,2月,37.越前そばの里 エリア,,
福井,2026/02/05 12:17:57,福井県,女,20代,,分からない/無回答,職場の同僚,日帰り,福井県外には宿泊しない,,福井県内には宿泊しない,,,,,,,,,県外から訪れていない（福井県在住）,0,0,0,0,0,0,1,その他,0,0,0,0,,,,6～10回目,6～10回目,出張など仕事関係,0,0,0,0,0,0,0,0,0,0,0,0,0,0,0,0,1,0,友人・知人,0,0,0,0,0,0,0,0,0,0,0,0,0,0,0,0,0,0,1,0,0,0,0,0,0,,,,使わない,,使わない,,"1,000円以上 3,000円未満",使わない,,,,,,,,,,4,4,,,,,,7,,,越前そばの里 エリア,,選択なし/該当施設なし,,選択なし/該当施設なし,,000000,web,1997,29,,2月,37.越前そばの里 エリア,,
福井,2026/02/05 11:56:04,大阪府,男,30代,,500万円以上 600万円未満,職場の同僚,2泊,福井県外には宿泊しない,,2泊,,,,,,,,,自家用車,1,0,0,0,0,0,0,自家用車,0,0,0,0,,,,11回目以上,11回目以上,出張など仕事関係,0,0,0,0,0,0,0,0,0,0,0,0,0,0,0,0,1,0,宿泊施設,0,0,0,0,0,0,0,0,0,0,0,0,0,1,0,0,0,0,0,0,0,0,0,0,0,,,,使わない,,"20,000円以上 30,000円未満",,"1,000円以上 3,000円未満","20,000円以上 30,000円未満",,,,,,,,,,5,5,,,,,,8,,,越前そばの里 エリア,,選択なし/該当施設なし,,選択なし/該当施設なし,,000000,web,1988,38,,2月,37.越前そばの里 エリア,,
福井,2026/02/05 11:53:23,大阪府,男,40代,,500万円以上 600万円未満,友人,2泊,福井県外には宿泊しない,,2泊,,,,,,,,,自家用車,1,0,0,0,0,0,0,自家用車,0,0,0,0,5,,,11回目以上,11回目以上,温泉や露天風呂スキー・スノボ、マリンスポーツ,0,1,0,0,0,0,0,0,0,0,0,0,1,0,0,0,0,0,友人・知人,0,0,0,0,0,0,0,0,0,0,0,0,0,0,0,0,0,0,1,0,0,0,0,0,0,,,,"50,000円以上 100,000円未満",,"30,000円以上 40,000円未満",,"3,000円以上 5,000円未満","40,000円以上 50,000円未満",,,,,,,,,,5,5,,,,,,10,機会があれば行きたい,,越前そばの里 エリア,,越前和紙の里,,選択なし/該当施設なし,,000000,越前そばの里,1980,46,,2月,37.越前そばの里 エリア,,
福井,2026/02/05 11:45:32,富山県,女,40代,,300万円以上 400万円未満,職場の同僚,1泊,福井県外には宿泊しない,,1泊,,,,,,,,,レンタカー,0,1,0,0,0,0,0,レンタカー,0,0,0,0,5,大型もとめやすいところが多くて利用しやすい,,初めて,初めて,宿でのんびり過ごす,1,0,0,0,0,0,0,0,0,0,0,0,0,0,0,0,0,0,友人・知人,0,0,0,0,0,0,0,0,0,0,0,0,0,0,0,0,0,0,1,0,0,0,0,0,0,,,,"20,000円以上 30,000円未満",,"50,000円以上 100,000円未満",,"5,000円以上 10,000円未満","10,000円以上 20,000円未満",,,,,,,,,,5,5,,,,,,10,また行きたい（1年以内）,,越前そばの里 エリア,,選択なし/該当施設なし,道の駅,選択なし/該当施設なし,,000000,越前そばの里 エリア,1977,49,,2月,37.越前そばの里 エリア,,
福井,2026/02/05 07:20:52,大阪府,女,60代,,400万円以上 500万円未満,親,2泊,石川県金沢市,,福井県内には宿泊しない,,,,,,,,,在来線旅行会社ツアーバス,0,0,0,1,0,1,0,旅行会社ツアーバス,0,0,0,0,2,昔はサンダーバードで北陸まで行けましたが、北陸新幹線ができたことで、大阪からだと乗り換えないとだめなことが不便です。,,初めて,初めて,名所、旧跡の観光,0,0,0,0,1,0,0,0,0,0,0,0,0,0,0,0,0,0,その他,0,0,0,0,0,0,0,0,0,0,0,0,0,0,0,0,0,0,0,0,0,0,0,0,1,,,,"10,000円以上 20,000円未満",,使わない,,"1,000円以上 3,000円未満","5,000円以上 10,000円未満",,,,,,,,,,3,3,,,,,,5,機会があれば行きたい,,敦賀市立博物館 エリア,,山代温泉（石川県）,,選択なし/該当施設なし,,000000,敦賀市立博物館 エリア,1965,61,,2月,65.敦賀市立博物館 エリア,,
福井,2026/02/06 23:00:51,福井県,女,50代,,分からない/無回答,夫婦2人,日帰り,福井県外には宿泊しない,,福井県内には宿泊しない,,,,,,,,,県外から訪れていない（福井県在住）,0,0,0,0,0,0,1,自家用車,0,0,0,0,,,,11回目以上,11回目以上,温泉や露天風呂ドライブ・ツーリング,0,1,0,0,0,0,0,0,0,0,0,0,0,0,1,0,0,0,その他,0,0,0,0,0,0,0,0,0,0,0,0,0,0,0,0,0,0,0,0,0,0,0,0,1,,,,"1,000円未満",,"3,000円以上 5,000円未満",,"1,000円未満","3,000円以上 5,000円未満",,,,,,,,,,4,4,,,,,,8,福井県在住,,三国湊 エリア,,選択なし/該当施設なし,,選択なし/該当施設なし,,000000,web,1970,56,,2月,09.三国湊 エリア,(一社)DMOさかい観光局,
福井,2026/02/06 19:30:03,福井県,女,20代,,分からない/無回答,職場の同僚,日帰り,福井県外には宿泊しない,,福井県内には宿泊しない,,,,,,,,,県外から訪れていない（福井県在住）,0,0,0,0,0,0,1,自家用車,0,0,0,0,,,,11回目以上,11回目以上,出張など仕事関係,0,0,0,0,0,0,0,0,0,0,0,0,0,0,0,0,1,0,友人・知人,0,0,0,0,0,0,0,0,0,0,0,0,0,0,0,0,0,0,1,0,0,0,0,0,0,,,,使わない,,使わない,,"1,000円以上 3,000円未満",使わない,,,,,,,,,,4,4,,,,,,6,,,福井駅前 エリア,,選択なし/該当施設なし,,選択なし/該当施設なし,,000000,web,1997,29,,2月,01.福井駅前 エリア,,
福井,2026/02/06 16:35:07,三重県,男,20代,,分からない/無回答,自分ひとり,1泊,滋賀県,,1泊,,,,,,,,,新幹線在来線,0,0,1,1,0,0,0,在来線路線バス,0,1,0,0,4,,,初めて,初めて,テーマパーク（遊園地、動物園、博物館など）,0,0,0,0,0,1,0,0,0,0,0,0,0,0,0,0,0,0,インターネット・アプリ友人・知人観光協会等の案内所,0,0,0,0,0,0,0,0,0,0,1,0,0,0,0,0,0,0,1,0,0,1,0,0,0,,,,"50,000円以上 100,000円未満",,"20,000円以上 30,000円未満",,"100,000円以上","50,000円以上 100,000円未満",,,,,,,,,,4,4,,,,,,10,機会があれば行きたい,,かつやま恐竜の森 エリア,,福井県立恐竜博物館,,越前松島水族館,,000000,かつやま恐竜の森 エリア,1998,28,,2月,25.かつやま恐竜の森 エリア,勝山市観光まちづくり(株),
福井,2026/02/06 14:32:22,滋賀県,女,50代,,300万円以上 400万円未満,夫婦2人,1泊,福井県外には宿泊しない,,1泊,,,,,,,,,自家用車,1,0,0,0,0,0,0,自家用車,0,0,0,0,5,,,初めて,初めて,温泉や露天風呂地元の美味しいものを食べる,0,1,1,0,0,0,0,0,0,0,0,0,0,0,0,0,0,0,Instagram,0,0,0,1,0,0,0,0,0,0,0,0,0,0,0,0,0,0,0,0,0,0,0,0,0,,,,"10,000円以上 20,000円未満",,"10,000円以上 20,000円未満",,"1,000円以上 3,000円未満","20,000円以上 30,000円未満",,,,,,,,,,4,4,,,,,,10,また行きたい（1年以内）,,道の駅「若狭おばま」 エリア,,選択なし/該当施設なし,,選択なし/該当施設なし,,000000,道の駅「越前」 エリア,1975,51,,2月,68.道の駅「若狭おばま」 エリア,(株)まちづくり小浜,
福井,2026/02/06 13:45:06,大阪府,女,50代,,400万円以上 500万円未満,夫婦2人,1泊,福井県外には宿泊しない,,1泊,,,,,,,,,新幹線在来線,0,0,1,1,0,0,0,路線バス,0,1,0,0,5,江戸時代のお城が見れて感動しました,,初めて,初めて,宿でのんびり過ごす温泉や露天風呂地元の美味しいものを食べる名所、旧跡の観光,1,1,1,0,1,0,0,0,0,0,0,0,0,0,0,0,0,0,インターネット・アプリ,0,0,0,0,0,0,0,0,0,0,1,0,0,0,0,0,0,0,0,0,0,0,0,0,0,,,,"10,000円以上 20,000円未満",,"10,000円以上 20,000円未満",,"3,000円以上 5,000円未満","20,000円以上 30,000円未満",,,,,,,,,,5,5,,ヨーロッパ軒も美味しかった,,,,10,また行きたい（1年以内）,,丸岡城 エリア,,丸岡城,ヨーロッパ軒,選択なし/該当施設なし,,000000,丸岡城 エリア,1974,52,,2月,13.丸岡城 エリア,(一社)DMOさかい観光局,
福井,2026/02/06 12:35:19,福井県,男,70代,,300万円以上 400万円未満,夫婦2人,日帰り,福井県外には宿泊しない,,福井県内には宿泊しない,,,,,,,,,自家用車,1,0,0,0,0,0,0,自家用車,0,0,0,0,,,,6～10回目,6～10回目,地元の美味しいものを食べる買い物、アウトレット,0,0,1,0,0,0,1,0,0,0,0,0,0,0,0,0,0,0,観光展・物産展,0,0,0,0,0,0,0,0,0,0,0,0,0,0,0,0,0,0,0,0,0,0,1,0,0,,,,使わない,,使わない,,"1,000円以上 3,000円未満","5,000円以上 10,000円未満",,,,,,,,,,3,4,,,,,,4,機会があれば行きたい,,かずら橋 エリア,,選択なし/該当施設なし,,選択なし/該当施設なし,,000000,かずら橋 エリア,1950,76,,2月,48.かずら橋 エリア,（一財）いけだ農村観光公社,
福井,2026/02/06 12:29:12,福井県,男,40代,,"900万円以上 1,000万円未満",自分ひとり,日帰り,福井県外には宿泊しない,,福井県内には宿泊しない,,,,,,,,,県外から訪れていない（福井県在住）,0,0,0,0,0,0,1,自家用車,0,0,0,0,4,,,2～5回目,2～5回目,まちあるき、都市散策,0,0,0,0,0,0,0,0,0,0,1,0,0,0,0,0,0,0,観光パンフレット・ポスター,0,0,0,0,0,0,0,0,0,0,0,0,0,0,0,0,0,0,0,0,1,0,0,0,0,,,,"1,000円以上 3,000円未満",,使わない,,"1,000円以上 3,000円未満","1,000円以上 3,000円未満",,,,,,,,,,4,4,,,,,,8,福井県在住,,大本山 永平寺 エリア,,越前大野城,,一乗谷朝倉氏遺跡,,000000,JR九頭竜湖駅 エリア,1985,41,,2月,34.大本山 永平寺 エリア,,
福井,2026/02/06 12:03:04,福井県,男,40代,,"900万円以上 1,000万円未満",自分ひとり,日帰り,福井県外には宿泊しない,,福井県内には宿泊しない,,,,,,,,,県外から訪れていない（福井県在住）,0,0,0,0,0,0,1,自家用車,0,0,0,0,,,,2～5回目,2～5回目,まちあるき、都市散策,0,0,0,0,0,0,0,0,0,0,1,0,0,0,0,0,0,0,観光パンフレット・ポスター,0,0,0,0,0,0,0,0,0,0,0,0,0,0,0,0,0,0,0,0,1,0,0,0,0,,,,"1,000円以上 3,000円未満",,使わない,,"1,000円以上 3,000円未満","1,000円以上 3,000円未満",,,,,,,,,,4,4,,,,,,7,福井県在住,,道の駅「禅の里」 エリア,,越前大野城,,一乗谷朝倉氏遺跡,,000000,JR九頭竜湖駅 エリア,1985,41,,2月,35.道の駅「禅の里」 エリア,,
福井,2026/02/06 11:44:42,福井県,男,40代,,"900万円以上 1,000万円未満",自分ひとり,日帰り,福井県外には宿泊しない,,福井県内には宿泊しない,,,,,,,,,県外から訪れていない（福井県在住）,0,0,0,0,0,0,1,自家用車,0,0,0,0,4,,,2～5回目,2～5回目,まちあるき、都市散策,0,0,0,0,0,0,0,0,0,0,1,0,0,0,0,0,0,0,観光パンフレット・ポスター,0,0,0,0,0,0,0,0,0,0,0,0,0,0,0,0,0,0,0,0,1,0,0,0,0,,,,"1,000円以上 3,000円未満",,使わない,,"1,000円未満","1,000円以上 3,000円未満",,,,,,,,,,4,4,,,,,,8,福井県在住,,道の駅「恐竜渓谷かつやま」 エリア,,越前大野城,,一乗谷朝倉氏遺跡,,000000,JR九頭竜湖駅 エリア,1985,41,,2月,26.道の駅「恐竜渓谷かつやま」 エリア,勝山市観光まちづくり(株),
福井,2026/02/06 11:42:41,東京都,女,60代,,"1,500万円以上",自分ひとり,1泊,福井県外には宿泊しない,,2泊,,,,,,,,,新幹線在来線,0,0,1,1,0,0,0,レンタカー徒歩,0,0,1,0,4,芦原温泉からの連絡(ルート)がわかりにくかった,,初めて,初めて,温泉や露天風呂地元の美味しいものを食べるまちあるき、都市散策,0,1,1,0,0,0,0,0,0,0,1,0,0,0,0,0,0,0,インターネット・アプリ,0,0,0,0,0,0,0,0,0,0,1,0,0,0,0,0,0,0,0,0,0,0,0,0,0,,,,"10,000円以上 20,000円未満",,"5,000円以上 10,000円未満",,"1,000円未満","3,000円以上 5,000円未満",,,,,,,,,,4,4,,,,,,7,機会があれば行きたい,,大本山 永平寺 エリア,,選択なし/該当施設なし,,金沢駅周辺（石川県）,,000000,大本山 永平寺 エリア,1962,64,,2月,34.大本山 永平寺 エリア,,
福井,2026/02/06 11:34:46,東京都,男,70代,,"1,000万円以上 1,200万円未満",夫婦2人,3泊,石川県加賀市,,2泊,,,,,,,,,自家用車,1,0,0,0,0,0,0,自家用車,0,0,0,0,5,食べ物が美味しい。温泉も良い。,,初めて,初めて,宿でのんびり過ごす温泉や露天風呂テーマパーク（遊園地、動物園、博物館など）,1,1,0,0,0,1,0,0,0,0,0,0,0,0,0,0,0,0,観光展・物産展新聞・雑誌・ガイドブック,0,0,0,0,0,0,0,0,0,0,0,0,0,0,0,0,1,0,0,0,0,0,1,0,0,,,,"30,000円以上 40,000円未満",,"20,000円以上 30,000円未満",,"5,000円以上 10,000円未満","40,000円以上 50,000円未満",,,,,,,,,,5,5,,,,,,2,また行きたい（1年以内）,,えちぜん鉄道 松岡駅 エリア,,氣比神宮,,大本山永平寺,,000000,えちぜん鉄道 松岡駅 エリア,1956,70,,2月,33.えちぜん鉄道 松岡駅 エリア,,
福井,2026/02/06 11:34:04,東京都,男,60代,,"1,500万円以上",夫婦2人,2泊,石川県金沢市,,1泊,,,,,,,,,新幹線,0,0,1,0,0,0,0,レンタカー,0,0,0,0,5,,,2～5回目,2～5回目,その他,0,0,0,0,0,0,0,0,0,0,0,0,0,0,0,0,0,1,インターネット・アプリ,0,0,0,0,0,0,0,0,0,0,1,0,0,0,0,0,0,0,0,0,0,0,0,0,0,,,,"10,000円以上 20,000円未満",,"50,000円以上 100,000円未満",,"40,000円以上 50,000円未満","100,000円以上",,,,,,,,,,5,5,,,,,,9,また行きたい（1年以内）,,大本山 永平寺 エリア,,越前がにミュージアム,,福井県立恐竜博物館,,000000,web,1966,60,,2月,34.大本山 永平寺 エリア,,威厳がある
福井,2026/02/06 11:28:39,福井県,男,40代,,"900万円以上 1,000万円未満",自分ひとり,日帰り,福井県外には宿泊しない,,福井県内には宿泊しない,,,,,,,,,県外から訪れていない（福井県在住）,0,0,0,0,0,0,1,自家用車,0,0,0,0,5,,,2～5回目,2～5回目,まちあるき、都市散策,0,0,0,0,0,0,0,0,0,0,1,0,0,0,0,0,0,0,観光パンフレット・ポスター,0,0,0,0,0,0,0,0,0,0,0,0,0,0,0,0,0,0,0,0,1,0,0,0,0,,,,"1,000円以上 3,000円未満",,使わない,,"1,000円未満","1,000円以上 3,000円未満",,,,,,,,,,4,4,,,,,,7,福井県在住,,はたや記念館 ゆめおーれ勝山 エリア,,越前大野城,,一乗谷朝倉氏遺跡,,000000,JR九頭竜湖駅 エリア,1985,41,,2月,30.はたや記念館 ゆめおーれ勝山 エリア,勝山市観光まちづくり(株),
福井,2026/02/06 10:47:32,福井県,男,40代,,"900万円以上 1,000万円未満",自分ひとり,日帰り,福井県外には宿泊しない,,福井県内には宿泊しない,,,,,,,,,県外から訪れていない（福井県在住）,0,0,0,0,0,0,1,自家用車,0,0,0,0,,,,2～5回目,2～5回目,まちあるき、都市散策,0,0,0,0,0,0,0,0,0,0,1,0,0,0,0,0,0,0,観光パンフレット・ポスター,0,0,0,0,0,0,0,0,0,0,0,0,0,0,0,0,0,0,0,0,1,0,0,0,0,,,,"1,000円以上 3,000円未満",,使わない,,"1,000円未満","1,000円以上 3,000円未満",,,,,,,,,,5,4,,,,,,9,福井県在住,,道の駅「越前おおの荒島の郷」 エリア,,越前大野城,,一乗谷朝倉氏遺跡,,000000,JR九頭竜湖駅 エリア,1985,41,,2月,22.道の駅「越前おおの荒島の郷」 エリア,,
福井,2026/02/06 10:24:24,福井県,男,40代,,"900万円以上 1,000万円未満",自分ひとり,日帰り,福井県外には宿泊しない,,福井県内には宿泊しない,,,,,,,,,県外から訪れていない（福井県在住）,0,0,0,0,0,0,1,自家用車,0,0,0,0,,,,2～5回目,2～5回目,名所、旧跡の観光買い物、アウトレットまちあるき、都市散策,0,0,0,0,1,0,1,0,0,0,1,0,0,0,0,0,0,0,新聞・雑誌・ガイドブック観光パンフレット・ポスター,0,0,0,0,0,0,0,0,0,0,0,0,0,0,0,0,1,0,0,0,1,0,0,0,0,,,,"1,000円以上 3,000円未満",,使わない,,"1,000円未満","1,000円以上 3,000円未満",,,,,,,,,,4,4,,,,,,8,福井県在住,,JR九頭竜湖駅 エリア,,越前大野城,,一乗谷朝倉氏遺跡,,000000,JR九頭竜湖駅 エリア,1985,41,,2月,23.JR九頭竜湖駅 エリア,,
福井,2026/02/06 02:12:03,京都府,男,50代,,700万円以上 800万円未満,夫婦2人,4泊以上,石川県金沢市,,4泊以上,,,,,,,,,自家用車,1,0,0,0,0,0,0,自家用車,0,0,0,0,4,,,初めて,初めて,地元の美味しいものを食べる,0,0,1,0,0,0,0,0,0,0,0,0,0,0,0,0,0,0,新聞・雑誌・ガイドブック,0,0,0,0,0,0,0,0,0,0,0,0,0,0,0,0,1,0,0,0,0,0,0,0,0,,,,"100,000円以上",,"50,000円以上 100,000円未満",,"1,000円以上 3,000円未満","100,000円以上",,,,,,,,,,4,4,,,,,,7,機会があれば行きたい,,丸岡城 エリア,,選択なし/該当施設なし,,選択なし/該当施設なし,,000000,えちぜん鉄道 松岡駅 エリア,1970,56,,2月,13.丸岡城 エリア,(一社)DMOさかい観光局,
福井,2026/02/06 02:10:46,京都府,男,50代,,700万円以上 800万円未満,夫婦2人,4泊以上,石川県金沢市,,4泊以上,,,,,,,,,自家用車,1,0,0,0,0,0,0,自家用車,0,0,0,0,5,行きたいところへ臨機応変に行ける,,初めて,初めて,地元の美味しいものを食べる,0,0,1,0,0,0,0,0,0,0,0,0,0,0,0,0,0,0,新聞・雑誌・ガイドブック,0,0,0,0,0,0,0,0,0,0,0,0,0,0,0,0,1,0,0,0,0,0,0,0,0,,,,"100,000円以上",,"50,000円以上 100,000円未満",,"3,000円以上 5,000円未満","100,000円以上",,,,,,,,,,4,5,,,,,,9,機会があれば行きたい,,竹田エリア,,あわら温泉街,,選択なし/該当施設なし,,000000,えちぜん鉄道 松岡駅 エリア,1970,56,,2月,91.竹田エリア,(一社)DMOさかい観光局,
福井,2026/02/07 21:01:59,福井県,女,40代,,300万円以上 400万円未満,夫婦2人,日帰り,福井県外には宿泊しない,,福井県内には宿泊しない,,,,,,,,,県外から訪れていない（福井県在住）,0,0,0,0,0,0,1,自家用車,0,0,0,0,,,,初めて,初めて,地元の美味しいものを食べる買い物、アウトレットその他,0,0,1,0,0,0,1,0,0,0,0,0,0,0,0,0,0,1,観光パンフレット・ポスター宿泊施設,0,0,0,0,0,0,0,0,0,0,0,0,0,1,0,0,0,0,0,0,1,0,0,0,0,,,,"1,000円未満",,使わない,,"30,000円以上 40,000円未満","100,000円以上",,,,,,,,,,5,5,,施設それぞれで特徴がありすべてすごく楽しかったです！施設内外もきれいにされていました。,,,,10,福井県在住,,箸のふるさと館WAKASA エリア,,小浜市水産食品センター（若狭小浜お魚センター）,,御食国若狭おばま食文化館,,000000,箸のふるさと館WAKASA エリア,1981,45,,2月,74.箸のふるさと館WAKASA エリア,(株)まちづくり小浜,物の良さだけじゃなく、そこにおられる方もとても感じが良く、色々と知ることができて楽しく回ることができたため
福井,2026/02/07 20:56:09,福井県,女,20代,,分からない/無回答,自分ひとり,日帰り,福井県外には宿泊しない,,福井県内には宿泊しない,,,,,,,,,自家用車,1,0,0,0,0,0,0,自家用車,0,0,0,0,,,,11回目以上,11回目以上,地元の美味しいものを食べる,0,0,1,0,0,0,0,0,0,0,0,0,0,0,0,0,0,0,Instagram,0,0,0,1,0,0,0,0,0,0,0,0,0,0,0,0,0,0,0,0,0,0,0,0,0,,,,"1,000円未満",,使わない,,"1,000円以上 3,000円未満","1,000円未満",,,,,,,,,,4,4,,,,,,8,,,あわら湯のまち エリア,,選択なし/該当施設なし,,選択なし/該当施設なし,,000000,web,1997,29,,2月,17.あわら湯のまち エリア,,
福井,2026/02/07 19:11:06,埼玉県,女,30代,,300万円以上 400万円未満,自分ひとり,1泊,福井県外には宿泊しない,,1泊,,,,,,,,,新幹線,0,0,1,0,0,0,0,在来線路線バス,0,1,0,0,3,,,初めて,初めて,地元の美味しいものを食べる名所、旧跡の観光,0,0,1,0,1,0,0,0,0,0,0,0,0,0,0,0,0,0,観光展・物産展観光パンフレット・ポスターインターネット・アプリ観光協会等の案内所,0,0,0,0,0,0,0,0,0,0,1,0,0,0,0,0,0,0,0,0,1,1,1,0,0,,,,"30,000円以上 40,000円未満",,"20,000円以上 30,000円未満",,"1,000円以上 3,000円未満","10,000円以上 20,000円未満",,,,,,,,,,4,4,,,,,,10,また行きたい（1年以内）,,福井駅前 エリア,,選択なし/該当施設なし,,一乗谷朝倉氏遺跡,,000000,福井駅前 エリア,1995,31,,2月,01.福井駅前 エリア,,
福井,2026/02/07 18:48:26,神奈川県,男,60代,,800万円以上 900万円未満,その他家族,1泊,石川県加賀市,,4泊以上,,,,,,,,,レンタカー飛行機,0,1,0,0,1,0,0,レンタカー,0,0,0,0,5,短時間で色々と回れる,,6～10回目,6～10回目,温泉や露天風呂地元の美味しいものを食べる名所、旧跡の観光友人・親戚を尋ねる,0,1,1,0,1,0,0,0,0,0,0,0,0,0,0,1,0,0,友人・知人,0,0,0,0,0,0,0,0,0,0,0,0,0,0,0,0,0,0,1,0,0,0,0,0,0,,,,"5,000円以上 10,000円未満",,"5,000円以上 10,000円未満",,"3,000円以上 5,000円未満","40,000円以上 50,000円未満",,,,,,,,,,4,4,,満喫した,,,,10,また行きたい（1年以内）,,大本山 永平寺 エリア,,一乗谷朝倉氏遺跡,,大本山永平寺,,000000,大本山 永平寺 エリア,1963,63,,2月,34.大本山 永平寺 エリア,,
福井,2026/02/07 18:11:28,福井県,女,60代,,"1,000万円以上 1,200万円未満",その他家族,1泊,大阪,,1泊,,,,,,,,,自家用車,1,0,0,0,0,0,0,自家用車,0,0,0,0,3,,,2～5回目,2～5回目,温泉や露天風呂,0,1,0,0,0,0,0,0,0,0,0,0,0,0,0,0,0,0,インターネット・アプリ,0,0,0,0,0,0,0,0,0,0,1,0,0,0,0,0,0,0,0,0,0,0,0,0,0,,,,使わない,,"100,000円以上",,"100,000円以上",使わない,,,,,,,,,,4,5,,,,,,8,,,越前海岸 くりや旅館街 エリア,,選択なし/該当施設なし,,選択なし/該当施設なし,,000000,web,1966,60,,2月,57.越前海岸 くりや旅館街 エリア,一般社団法人 越前町観光連盟（DMO ECHIZEN）,
福井,2026/02/07 18:04:56,大阪府,女,20代,,300万円以上 400万円未満,親,1泊,福井県外には宿泊しない,,4泊以上,,,,,,,,,新幹線,0,0,1,0,0,0,0,自家用車,0,0,0,0,,,,2～5回目,2～5回目,宿でのんびり過ごす温泉や露天風呂友人・親戚を尋ねる,1,1,0,0,0,0,0,0,0,0,0,0,0,0,0,1,0,0,友人・知人,0,0,0,0,0,0,0,0,0,0,0,0,0,0,0,0,0,0,1,0,0,0,0,0,0,,,,"10,000円以上 20,000円未満",,"100,000円以上",,"3,000円以上 5,000円未満","10,000円以上 20,000円未満",,,,,,,,,,5,5,,,,,,10,また行きたい（1年以内）,,越前海岸 くりや旅館街 エリア,,選択なし/該当施設なし,,選択なし/該当施設なし,,000000,越前海岸 くりや旅館街 エリア,2001,25,,2月,57.越前海岸 くりや旅館街 エリア,一般社団法人 越前町観光連盟（DMO ECHIZEN）,
福井,2026/02/07 17:42:34,岐阜県,男,50代,,300万円以上 400万円未満,夫婦2人,2泊,富山県,,福井県内には宿泊しない,,,,,,,,,自家用車,1,0,0,0,0,0,0,自家用車,0,0,0,0,5,,,2～5回目,2～5回目,ドライブ・ツーリング,0,0,0,0,0,0,0,0,0,0,0,0,0,0,1,0,0,0,その他,0,0,0,0,0,0,0,0,0,0,0,0,0,0,0,0,0,0,0,0,0,0,0,0,1,,,,"30,000円以上 40,000円未満",,使わない,,使わない,"5,000円以上 10,000円未満",,,,,,,,,,4,3,,新しい,,,,10,機会があれば行きたい,,道の駅「恐竜渓谷かつやま」 エリア,,選択なし/該当施設なし,道の駅白鳥,一乗谷朝倉氏遺跡,,000000,web,1969,57,,2月,26.道の駅「恐竜渓谷かつやま」 エリア,勝山市観光まちづくり(株),新しい駐車場が広い
福井,2026/02/07 17:40:02,埼玉県,女,30代,,300万円以上 400万円未満,夫婦2人,1泊,福井県外には宿泊しない,,1泊,,,,,,,,,自家用車,1,0,0,0,0,0,0,自家用車,0,0,0,0,5,,,2～5回目,2～5回目,宿でのんびり過ごす温泉や露天風呂地元の美味しいものを食べる,1,1,1,0,0,0,0,0,0,0,0,0,0,0,0,0,0,0,インターネット・アプリ,0,0,0,0,0,0,0,0,0,0,1,0,0,0,0,0,0,0,0,0,0,0,0,0,0,,,,"3,000円以上 5,000円未満",,"50,000円以上 100,000円未満",,"1,000円未満","1,000円未満",,,,,,,,,,5,5,,,,,,9,,,道の駅「越前」 エリア,,選択なし/該当施設なし,,選択なし/該当施設なし,,000000,web,1996,30,,2月,49.道の駅「越前」 エリア,一般社団法人 越前町観光連盟（DMO ECHIZEN）,
福井,2026/02/07 17:39:50,埼玉県,女,60代,,"1,500万円以上",夫婦2人,2泊,石川県金沢市,,1泊,,,,,,,,,新幹線,0,0,1,0,0,0,0,路線バス,0,1,0,0,5,新幹線駅から路線バスがでていたので，スムーズでした。,,初めて,初めて,宿でのんびり過ごす温泉や露天風呂地元の美味しいものを食べる,1,1,1,0,0,0,0,0,0,0,0,0,0,0,0,0,0,0,インターネット・アプリ,0,0,0,0,0,0,0,0,0,0,1,0,0,0,0,0,0,0,0,0,0,0,0,0,0,,,,"50,000円以上 100,000円未満",,"100,000円以上",,"50,000円以上 100,000円未満","5,000円以上 10,000円未満",,,,,,,,,,5,5,,べにやさんはとても良かったです。,,,,10,また行きたい（1年以内）,,あわら湯のまち エリア,,選択なし/該当施設なし,,選択なし/該当施設なし,,000000,web,1957,69,,2月,17.あわら湯のまち エリア,,宿泊先のべにやさんは、旅好きや、カニを食べに来たい人にはお勧めします。
福井,2026/02/07 16:19:14,福井県,女,50代,,500万円以上 600万円未満,夫婦2人,日帰り,福井県外には宿泊しない,,福井県内には宿泊しない,,,,,,,,,自家用車,1,0,0,0,0,0,0,自家用車,0,0,0,0,,,,2～5回目,2～5回目,その他,0,0,0,0,0,0,0,0,0,0,0,0,0,0,0,0,0,1,新聞・雑誌・ガイドブック,0,0,0,0,0,0,0,0,0,0,0,0,0,0,0,0,1,0,0,0,0,0,0,0,0,,,,使わない,,使わない,,"1,000円以上 3,000円未満",使わない,,,,,,,,,,4,4,,,,,,5,,,越前そばの里 エリア,,選択なし/該当施設なし,,選択なし/該当施設なし,,000000,越前そばの里 エリア,1974,52,,2月,37.越前そばの里 エリア,,
福井,2026/02/07 15:49:39,大阪府,男,50代,,分からない/無回答,自分ひとり,日帰り,石川県加賀市,,福井県内には宿泊しない,,,,,,,,,自家用車,1,0,0,0,0,0,0,自家用車,0,0,0,0,,,,2～5回目,2～5回目,温泉や露天風呂,0,1,0,0,0,0,0,0,0,0,0,0,0,0,0,0,0,0,新聞・雑誌・ガイドブック,0,0,0,0,0,0,0,0,0,0,0,0,0,0,0,0,1,0,0,0,0,0,0,0,0,,,,"3,000円以上 5,000円未満",,"3,000円以上 5,000円未満",,"3,000円以上 5,000円未満","3,000円以上 5,000円未満",,,,,,,,,,3,3,,,,,,6,,,あわら湯のまち エリア,,選択なし/該当施設なし,,選択なし/該当施設なし,,000000,越前大野城・城下町 エリア,1973,53,,2月,17.あわら湯のまち エリア,,
福井,2026/02/07 14:09:21,滋賀県,男,70代,,300万円以上 400万円未満,その他家族,日帰り,福井県外には宿泊しない,,福井県内には宿泊しない,,,,,,,,,自家用車,1,0,0,0,0,0,0,自家用車,0,0,0,0,4,,,初めて,初めて,スポーツ観戦や芸能鑑賞（コンサート等）,0,0,0,0,0,0,0,0,1,0,0,0,0,0,0,0,0,0,観光展・物産展,0,0,0,0,0,0,0,0,0,0,0,0,0,0,0,0,0,0,0,0,0,0,1,0,0,,,,"5,000円以上 10,000円未満",,使わない,,"3,000円以上 5,000円未満","5,000円以上 10,000円未満",,,,,,,,,,4,4,,,,,,8,また行きたい（1年以内）,,越前そばの里 エリア,,福井県立恐竜博物館,,選択なし/該当施設なし,,000000,越前そばの里 エリア,1956,70,,2月,37.越前そばの里 エリア,,
福井,2026/02/07 13:40:38,福井県,女,40代,,100万円未満,夫婦2人,日帰り,福井県外には宿泊しない,,福井県内には宿泊しない,,,,,,,,,県外から訪れていない（福井県在住）,0,0,0,0,0,0,1,自家用車,0,0,0,0,5,,,6～10回目,6～10回目,ドライブ・ツーリング,0,0,0,0,0,0,0,0,0,0,0,0,0,0,1,0,0,0,友人・知人,0,0,0,0,0,0,0,0,0,0,0,0,0,0,0,0,0,0,1,0,0,0,0,0,0,,,,使わない,,使わない,,"1,000円以上 3,000円未満",使わない,,,,,,,,,,5,5,,,,,,8,,,越前そばの里 エリア,,選択なし/該当施設なし,,選択なし/該当施設なし,,000000,越前そばの里 エリア,1979,47,,2月,37.越前そばの里 エリア,,
福井,2026/02/07 13:30:59,大阪府,無回答,40代,,600万円以上 700万円未満,夫婦2人,1泊,福井県外には宿泊しない,,1泊,,,,,,,,,自家用車,1,0,0,0,0,0,0,自家用車,0,0,0,0,4,,,6～10回目,6～10回目,地元の美味しいものを食べる,0,0,1,0,0,0,0,0,0,0,0,0,0,0,0,0,0,0,Instagram,0,0,0,1,0,0,0,0,0,0,0,0,0,0,0,0,0,0,0,0,0,0,0,0,0,,,,"5,000円以上 10,000円未満",,"10,000円以上 20,000円未満",,"3,000円以上 5,000円未満","20,000円以上 30,000円未満",,,,,,,,,,4,4,,,,,,8,また行きたい（1年以内）,,越前大野城・城下町 エリア,,選択なし/該当施設なし,,選択なし/該当施設なし,,000000,日本海さかな街 エリア,1978,48,,2月,21.越前大野城・城下町 エリア,,
福井,2026/02/07 12:55:18,岐阜県,男,60代,,400万円以上 500万円未満,夫婦2人,1泊,石川県加賀市,,福井県内には宿泊しない,,,,,,,,,自家用車,1,0,0,0,0,0,0,自家用車,0,0,0,0,,,,2～5回目,2～5回目,宿でのんびり過ごす温泉や露天風呂地元の美味しいものを食べる,1,1,1,0,0,0,0,0,0,0,0,0,0,0,0,0,0,0,インターネット・アプリ,0,0,0,0,0,0,0,0,0,0,1,0,0,0,0,0,0,0,0,0,0,0,0,0,0,,,,"3,000円以上 5,000円未満",,使わない,,"3,000円以上 5,000円未満","5,000円以上 10,000円未満",,,,,,,,,,4,4,,,,,,8,また行きたい（1年以内）,,越前そばの里 エリア,,丸岡城,,選択なし/該当施設なし,,000000,越前そばの里 エリア,1962,64,,2月,37.越前そばの里 エリア,,
福井,2026/02/07 12:55:11,大阪府,男,50代,,"1,000万円以上 1,200万円未満",夫婦2人,1泊,福井県外には宿泊しない,,1泊,,,,,,,,,自家用車,1,0,0,0,0,0,0,自家用車,0,0,0,0,4,,,11回目以上,11回目以上,地元の美味しいものを食べる,0,0,1,0,0,0,0,0,0,0,0,0,0,0,0,0,0,0,観光パンフレット・ポスター,0,0,0,0,0,0,0,0,0,0,0,0,0,0,0,0,0,0,0,0,1,0,0,0,0,,,,"10,000円以上 20,000円未満",,"10,000円以上 20,000円未満",,"1,000円以上 3,000円未満","10,000円以上 20,000円未満",,,,,,,,,,4,4,,,,,,9,また行きたい（1年以内）,,越前大野城・城下町 エリア,,選択なし/該当施設なし,,選択なし/該当施設なし,,000000,日本海さかな街 エリア,1972,54,,2月,21.越前大野城・城下町 エリア,,
福井,2026/02/07 12:51:57,岐阜県,女,60代,,500万円以上 600万円未満,夫婦2人,1泊,石川県加賀市,,福井県内には宿泊しない,,,,,,,,,自家用車,1,0,0,0,0,0,0,自家用車,0,0,0,0,4,,,初めて,初めて,地元の美味しいものを食べる,0,0,1,0,0,0,0,0,0,0,0,0,0,0,0,0,0,0,観光展・物産展インターネット・アプリ宿泊施設,0,0,0,0,0,0,0,0,0,0,1,0,0,1,0,0,0,0,0,0,0,0,1,0,0,,,,"5,000円以上 10,000円未満",,"20,000円以上 30,000円未満",,"10,000円以上 20,000円未満","5,000円以上 10,000円未満",,,,,,,,,,4,4,,,,,,6,機会があれば行きたい,,越前そばの里 エリア,,越前そばの里,,選択なし/該当施設なし,,000000,web,1964,62,,2月,37.越前そばの里 エリア,,
福井,2026/02/07 12:26:49,大阪府,無回答,40代,,600万円以上 700万円未満,夫婦2人,1泊,福井県外には宿泊しない,,1泊,,,,,,,,,自家用車,1,0,0,0,0,0,0,自家用車,0,0,0,0,4,,,6～10回目,6～10回目,地元の美味しいものを食べる,0,0,1,0,0,0,0,0,0,0,0,0,0,0,0,0,0,0,Instagram,0,0,0,1,0,0,0,0,0,0,0,0,0,0,0,0,0,0,0,0,0,0,0,0,0,,,,"5,000円以上 10,000円未満",,"10,000円以上 20,000円未満",,"3,000円以上 5,000円未満","20,000円以上 30,000円未満",,,,,,,,,,4,4,,モンベルと道の駅で両方買い物出来るため,,,,9,また行きたい（1年以内）,,道の駅「越前おおの荒島の郷」 エリア,,選択なし/該当施設なし,,選択なし/該当施設なし,,000000,日本海さかな街 エリア,1978,48,,2月,22.道の駅「越前おおの荒島の郷」 エリア,,
福井,2026/02/07 12:25:42,滋賀県,女,40代,,"900万円以上 1,000万円未満",夫婦2人,日帰り,福井県外には宿泊しない,,福井県内には宿泊しない,,,,,,,,,自家用車,1,0,0,0,0,0,0,自家用車,0,0,0,0,,,,初めて,初めて,アウトドア（海水浴、釣り、登山など）,0,0,0,0,0,0,0,0,0,1,0,0,0,0,0,0,0,0,観光連盟やDMOのHP,0,0,0,0,0,0,0,0,0,0,0,0,0,0,0,0,0,0,0,0,0,0,0,1,0,,,,"1,000円未満",,使わない,,使わない,"3,000円以上 5,000円未満",,,,,,,,,,5,5,,,,,,10,また行きたい（1年以内）,,美浜町レイクセンター エリア,,選択なし/該当施設なし,,選択なし/該当施設なし,,000000,美浜町レイクセンター エリア,1979,47,,2月,75.美浜町レイクセンター エリア,三方五湖DMO(株),
福井,2026/02/07 12:16:27,福井県,女,40代,,"900万円以上 1,000万円未満",恋人,日帰り,福井県外には宿泊しない,,1泊,,,,,,,,,自家用車,1,0,0,0,0,0,0,自家用車,0,0,0,0,5,敦賀良いところですね,,初めて,初めて,まちあるき、都市散策ドライブ・ツーリング,0,0,0,0,0,0,0,0,0,0,1,0,0,0,1,0,0,0,新聞・雑誌・ガイドブック観光パンフレット・ポスター,0,0,0,0,0,0,0,0,0,0,0,0,0,0,0,0,1,0,0,0,1,0,0,0,0,,,,"1,000円以上 3,000円未満",,使わない,,"1,000円未満","1,000円以上 3,000円未満",,,,,,,,,,5,5,,暖かみがあり、無料で利用できる,,,,9,機会があれば行きたい,,金ヶ崎 エリア,,北の庄城址・柴田公園,敦賀ゼウム,足羽川桜並木,,000000,web,1978,48,,2月,64.金ヶ崎 エリア,,人道の港の村
福井,2026/02/07 12:05:41,滋賀県,女,60代,,200万円以上 300万円未満,友人,日帰り,福井県外には宿泊しない,,福井県内には宿泊しない,,,,,,,,,自家用車,1,0,0,0,0,0,0,自家用車,0,0,0,0,5,自然の景色が素晴らしかった。,,初めて,初めて,花見や紅葉などの自然鑑賞名所、旧跡の観光アウトドア（海水浴、釣り、登山など）各種体験（手作り、果物狩りなど）ドライブ・ツーリング,0,0,0,1,1,0,0,0,0,1,0,1,0,0,1,0,0,0,Instagram,0,0,0,1,0,0,0,0,0,0,0,0,0,0,0,0,0,0,0,0,0,0,0,0,0,,,,"1,000円以上 3,000円未満",,使わない,,使わない,"5,000円以上 10,000円未満",,,,,,,,,,4,2,,,,,,8,また行きたい（1年以内）,,美浜町レイクセンター エリア,,選択なし/該当施設なし,,選択なし/該当施設なし,,000000,美浜町レイクセンター エリア,1960,66,,2月,75.美浜町レイクセンター エリア,三方五湖DMO(株),
福井,2026/02/07 11:55:28,大阪府,男,50代,,"1,000万円以上 1,200万円未満",夫婦2人,1泊,福井県外には宿泊しない,,1泊,,,,,,,,,自家用車,1,0,0,0,0,0,0,自家用車,0,0,0,0,5,,,6～10回目,6～10回目,地元の美味しいものを食べる,0,0,1,0,0,0,0,0,0,0,0,0,0,0,0,0,0,0,観光パンフレット・ポスター,0,0,0,0,0,0,0,0,0,0,0,0,0,0,0,0,0,0,0,0,1,0,0,0,0,,,,"10,000円以上 20,000円未満",,"10,000円以上 20,000円未満",,"1,000円以上 3,000円未満","10,000円以上 20,000円未満",,,,,,,,,,5,5,,,,,,10,また行きたい（1年以内）,,道の駅「越前おおの荒島の郷」 エリア,,丸岡城,,選択なし/該当施設なし,,000000,日本海さかな街 エリア,1972,54,,2月,22.道の駅「越前おおの荒島の郷」 エリア,,
福井,2026/02/07 11:47:29,福井県,女,60代,,200万円以上 300万円未満,夫婦2人,日帰り,福井県外には宿泊しない,,福井県内には宿泊しない,,,,,,,,,自家用車,1,0,0,0,0,0,0,自家用車,0,0,0,0,,,,11回目以上,11回目以上,地元の美味しいものを食べるまちあるき、都市散策,0,0,1,0,0,0,0,0,0,0,1,0,0,0,0,0,0,0,ブログ,0,0,0,0,0,0,0,0,1,0,0,0,0,0,0,0,0,0,0,0,0,0,0,0,0,,,,使わない,,"1,000円以上 3,000円未満",,使わない,使わない,,,,,,,,,,4,5,,,,,,2,,,越前そばの里 エリア,,一乗谷朝倉氏遺跡,,選択なし/該当施設なし,,000000,越前そばの里 エリア,1959,67,,2月,37.越前そばの里 エリア,,
福井,2026/02/07 11:45:52,大阪府,女,50代,,600万円以上 700万円未満,夫婦2人,1泊,福井県外には宿泊しない,,1泊,,,,,,,,,新幹線在来線,0,0,1,1,0,0,0,在来線,0,0,0,0,,,,2～5回目,2～5回目,宿でのんびり過ごす温泉や露天風呂地元の美味しいものを食べる,1,1,1,0,0,0,0,0,0,0,0,0,0,0,0,0,0,0,観光パンフレット・ポスターインターネット・アプリ,0,0,0,0,0,0,0,0,0,0,1,0,0,0,0,0,0,0,0,0,1,0,0,0,0,,,,"10,000円以上 20,000円未満",,"10,000円以上 20,000円未満",,"5,000円以上 10,000円未満","5,000円以上 10,000円未満",,,,,,,,,,4,4,,ゆっくりできる場所があって、大きな地図があり、観光名所もよく分かって良かったです！,,,,8,機会があれば行きたい,,JR芦原温泉駅 エリア,,選択なし/該当施設なし,,選択なし/該当施設なし,,000000,JR芦原温泉駅 エリア,1972,54,,2月,16.JR芦原温泉駅 エリア,,
福井,2026/02/07 11:30:01,滋賀県,女,20代,,400万円以上 500万円未満,恋人,1泊,福井県外には宿泊しない,,1泊,,,,,,,,,自家用車在来線,1,0,0,1,0,0,0,自家用車,0,0,0,0,4,,,初めて,初めて,地元の美味しいものを食べる,0,0,1,0,0,0,0,0,0,0,0,0,0,0,0,0,0,0,友人・知人,0,0,0,0,0,0,0,0,0,0,0,0,0,0,0,0,0,0,1,0,0,0,0,0,0,,,,"3,000円以上 5,000円未満",,使わない,,"1,000円以上 3,000円未満","20,000円以上 30,000円未満",,,,,,,,,,4,4,,,,,,10,,,越前そばの里 エリア,,選択なし/該当施設なし,,選択なし/該当施設なし,,000000,越前そばの里 エリア,1998,28,,2月,37.越前そばの里 エリア,,
福井,2026/02/07 11:02:28,福井県,女,60代,,200万円以上 300万円未満,夫婦2人,日帰り,福井県外には宿泊しない,,福井県内には宿泊しない,,,,,,,,,自家用車,1,0,0,0,0,0,0,自家用車,0,0,0,0,5,接待が丁寧でした。,,2～5回目,2～5回目,温泉や露天風呂,0,1,0,0,0,0,0,0,0,0,0,0,0,0,0,0,0,0,友人・知人,0,0,0,0,0,0,0,0,0,0,0,0,0,0,0,0,0,0,1,0,0,0,0,0,0,,,,"30,000円以上 40,000円未満",,"20,000円以上 30,000円未満",,"1,000円以上 3,000円未満","10,000円以上 20,000円未満",,,,,,,,,,5,5,,,,,,7,また行きたい（1年以内）,,越前そばの里 エリア,,越前和紙の里,,選択なし/該当施設なし,,000000,越前そばの里 エリア,1963,63,,2月,37.越前そばの里 エリア,,
福井,2026/02/07 10:57:16,大阪府,女,30代,,100万円以上 200万円未満,親,日帰り,福井県外には宿泊しない,,福井県内には宿泊しない,,,,,,,,,自家用車,1,0,0,0,0,0,0,自家用車,0,0,0,0,,,,6～10回目,6～10回目,ドライブ・ツーリング,0,0,0,0,0,0,0,0,0,0,0,0,0,0,1,0,0,0,観光連盟やDMOのHPインターネット・アプリ,0,0,0,0,0,0,0,0,0,0,1,0,0,0,0,0,0,0,0,0,0,0,0,1,0,,,,使わない,,使わない,,"10,000円以上 20,000円未満","10,000円以上 20,000円未満",,,,,,,,,,5,5,,お食事所が複数あり、お手洗いもキレイで安心して利用出来てよかったです。休憩スペースもある所がバイクや車で来る人が気軽に休憩出来てありがたいです。,,,,8,また行きたい（1年以内）,,若狭フィッシャーマンズワーフ エリア,,選択なし/該当施設なし,,越前海岸,,000000,名田庄 エリア,1991,35,,2月,70.若狭フィッシャーマンズワーフ エリア,(株)まちづくり小浜,海産物が多くあって美味しいため勧めたいと思いました。
福井,2026/02/07 10:50:28,東京都,男,20代,,300万円以上 400万円未満,恋人,1泊,福井県外には宿泊しない,,1泊,,,,,,,,,新幹線,0,0,1,0,0,0,0,その他,0,0,0,0,5,,,初めて,初めて,宿でのんびり過ごす温泉や露天風呂テーマパーク（遊園地、動物園、博物館など）お祭りやイベントへの参加・見物,1,1,0,0,0,1,0,1,0,0,0,0,0,0,0,0,0,0,インターネット・アプリ,0,0,0,0,0,0,0,0,0,0,1,0,0,0,0,0,0,0,0,0,0,0,0,0,0,,,,"30,000円以上 40,000円未満",,"40,000円以上 50,000円未満",,"1,000円以上 3,000円未満","10,000円以上 20,000円未満",,,,,,,,,,5,5,,,,,,9,機会があれば行きたい,,越前そばの里 エリア,,選択なし/該当施設なし,,福井県立恐竜博物館,,000000,越前そばの里 エリア,1999,27,,2月,37.越前そばの里 エリア,,
福井,2026/02/07 10:15:16,大阪府,男,50代,,"1,000万円以上 1,200万円未満",夫婦2人,1泊,福井県外には宿泊しない,,1泊,,,,,,,,,自家用車,1,0,0,0,0,0,0,自家用車,0,0,0,0,4,,,2～5回目,2～5回目,地元の美味しいものを食べる,0,0,1,0,0,0,0,0,0,0,0,0,0,0,0,0,0,0,観光パンフレット・ポスター,0,0,0,0,0,0,0,0,0,0,0,0,0,0,0,0,0,0,0,0,1,0,0,0,0,,,,"10,000円以上 20,000円未満",,"10,000円以上 20,000円未満",,"3,000円以上 5,000円未満","10,000円以上 20,000円未満",,,,,,,,,,4,4,,,,,,9,また行きたい（1年以内）,,丸岡城 エリア,,選択なし/該当施設なし,,選択なし/該当施設なし,,000000,日本海さかな街 エリア,1972,54,,2月,13.丸岡城 エリア,(一社)DMOさかい観光局,
福井,2026/02/07 10:15:05,大阪府,無回答,40代,,600万円以上 700万円未満,夫婦2人,1泊,福井県外には宿泊しない,,1泊,,,,,,,,,自家用車,1,0,0,0,0,0,0,自家用車,0,0,0,0,3,,,2～5回目,2～5回目,地元の美味しいものを食べる,0,0,1,0,0,0,0,0,0,0,0,0,0,0,0,0,0,0,インターネット・アプリInstagram,0,0,0,1,0,0,0,0,0,0,1,0,0,0,0,0,0,0,0,0,0,0,0,0,0,,,,"5,000円以上 10,000円未満",,"10,000円以上 20,000円未満",,"3,000円以上 5,000円未満","20,000円以上 30,000円未満",,,,,,,,,,4,3,,,,,,7,また行きたい（1年以内）,,丸岡城 エリア,,選択なし/該当施設なし,,選択なし/該当施設なし,,000000,日本海さかな街 エリア,1978,48,,2月,13.丸岡城 エリア,(一社)DMOさかい観光局,
福井,2026/02/07 09:46:49,福井県,無回答,50代,,300万円以上 400万円未満,夫婦2人,1泊,自宅,,1泊,,,,,,,,,自家用車,1,0,0,0,0,0,0,自家用車,0,0,0,0,5,景色が美しい,,6～10回目,6～10回目,地元の美味しいものを食べる友人・親戚を尋ねる,0,0,1,0,0,0,0,0,0,0,0,0,0,0,0,1,0,0,観光展・物産展インターネット・アプリInstagram,0,0,0,1,0,0,0,0,0,0,1,0,0,0,0,0,0,0,0,0,0,0,1,0,0,,,,"10,000円以上 20,000円未満",,"10,000円以上 20,000円未満",,"3,000円以上 5,000円未満","10,000円以上 20,000円未満",,,,,,,,,,5,5,,,,,,10,また行きたい（1年以内）,,越前大野城・城下町 エリア,,越前大野城,駅周辺,福井駅,,000000,かずら橋 エリア,1972,54,,2月,21.越前大野城・城下町 エリア,,
福井,2026/02/07 09:45:04,福井県,男,50代,,100万円以上 200万円未満,夫婦2人,日帰り,福井県外には宿泊しない,,福井県内には宿泊しない,,,,,,,,,自家用車,1,0,0,0,0,0,0,自家用車,0,0,0,0,,,,2～5回目,2～5回目,地元の美味しいものを食べる,0,0,1,0,0,0,0,0,0,0,0,0,0,0,0,0,0,0,インターネット・アプリ,0,0,0,0,0,0,0,0,0,0,1,0,0,0,0,0,0,0,0,0,0,0,0,0,0,,,,"1,000円未満",,使わない,,"5,000円以上 10,000円未満","5,000円以上 10,000円未満",,,,,,,,,,4,4,,,,,,5,福井県在住,,越前大野城・城下町 エリア,,大本山永平寺,,選択なし/該当施設なし,,000000,大本山 永平寺 エリア,1968,58,,2月,21.越前大野城・城下町 エリア,,
福井,2026/02/07 08:48:03,福井県,女,50代,,800万円以上 900万円未満,夫婦、親,日帰り,福井県外には宿泊しない,,福井県内には宿泊しない,,,,,,,,,自家用車,1,0,0,0,0,0,0,自家用車,0,0,0,0,,,,2～5回目,2～5回目,地元の美味しいものを食べる,0,0,1,0,0,0,0,0,0,0,0,0,0,0,0,0,0,0,友人・知人,0,0,0,0,0,0,0,0,0,0,0,0,0,0,0,0,0,0,1,0,0,0,0,0,0,,,,使わない,,"3,000円以上 5,000円未満",,"3,000円以上 5,000円未満","3,000円以上 5,000円未満",,,,,,,,,,5,5,,,,,,8,福井県在住,,ふくい鮮いちば エリア,,選択なし/該当施設なし,,選択なし/該当施設なし,,000000,web,1969,57,,2月,05.ふくい鮮いちば エリア,,
福井,2026/02/08 21:43:38,石川県,男,40代,,"900万円以上 1,000万円未満",小学生以下連れの家族,1泊,福井県外には宿泊しない,,1泊,,,,,,,,,自家用車,1,0,0,0,0,0,0,自家用車,0,0,0,0,,,,初めて,初めて,宿でのんびり過ごす地元の美味しいものを食べる,1,0,1,0,0,0,0,0,0,0,0,0,0,0,0,0,0,0,インターネット・アプリその他,0,0,0,0,0,0,0,0,0,0,1,0,0,0,0,0,0,0,0,0,0,0,0,0,0,,,,"10,000円以上 20,000円未満",,"10,000円以上 20,000円未満",,"3,000円以上 5,000円未満","5,000円以上 10,000円未満",,,,,,,,,,5,5,,旅行を通じて、【福井県はご飯が美味しくて、子供が楽しめる場所】という認識が家族全体で持つことができた。,,,,10,また行きたい（1年以内）,,うみんぴあ大飯 エリア,,選択なし/該当施設なし,,選択なし/該当施設なし,,000000,うみんぴあ大飯 エリア,1986,40,,2月,84.うみんぴあ大飯 エリア,,食事の美味しさや施設が集約されているところ
福井,2026/02/08 20:29:14,兵庫県,男,50代,,"1,000万円以上 1,200万円未満",職場の同僚,日帰り,石川県金沢市,,福井県内には宿泊しない,,,,,,,,,その他,0,0,0,0,0,0,0,その他,0,0,0,0,,,,2～5回目,2～5回目,出張など仕事関係,0,0,0,0,0,0,0,0,0,0,0,0,0,0,0,0,1,0,友人・知人,0,0,0,0,0,0,0,0,0,0,0,0,0,0,0,0,0,0,1,0,0,0,0,0,0,,,,"3,000円以上 5,000円未満",,使わない,,"1,000円以上 3,000円未満","1,000円以上 3,000円未満",,,,,,,,,,3,3,,ひとの動線制御がいまひとつ。,,,,5,機会があれば行きたい,,越前そばの里 エリア,,越前打刃物会館,,丸岡城,,000000,越前そばの里 エリア,1969,57,,2月,37.越前そばの里 エリア,,記念にはなる
福井,2026/02/08 20:25:48,福井県,女,50代,,100万円以上 200万円未満,中学生以上連れの家族,日帰り,石川県金沢市,,福井県内には宿泊しない,,,,,,,,,在来線,0,0,0,1,0,0,0,在来線,0,0,0,0,3,運賃がとても高くて、4人での移動には負担が大きいため,,6～10回目,6～10回目,温泉や露天風呂名所、旧跡の観光,0,1,0,0,1,0,0,0,0,0,0,0,0,0,0,0,0,0,InstagramFacebook,1,0,0,1,0,0,0,0,0,0,0,0,0,0,0,0,0,0,0,0,0,0,0,0,0,,,,"5,000円以上 10,000円未満",,"5,000円以上 10,000円未満",,"5,000円以上 10,000円未満","10,000円以上 20,000円未満",,,,,,,,,,4,4,,,,,,7,どちらともいえない,,三国湊 エリア,,芝政ワールド,,一乗谷朝倉氏遺跡,,000000,三国湊 エリア,1976,50,,2月,09.三国湊 エリア,(一社)DMOさかい観光局,
福井,2026/02/08 20:17:09,大阪府,男,50代,,700万円以上 800万円未満,中学生以上連れの家族,日帰り,石川県金沢市,,福井県内には宿泊しない,,,,,,,,,自家用車,1,0,0,0,0,0,0,自家用車,0,0,0,0,,,,初めて,初めて,名所、旧跡の観光テーマパーク（遊園地、動物園、博物館など）,0,0,0,0,1,1,0,0,0,0,0,0,0,0,0,0,0,0,観光パンフレット・ポスター,0,0,0,0,0,0,0,0,0,0,0,0,0,0,0,0,0,0,0,0,1,0,0,0,0,,,,"10,000円以上 20,000円未満",,使わない,,"40,000円以上 50,000円未満","10,000円以上 20,000円未満",,,,,,,,,,5,5,,,,,,10,また行きたい（1年以内）,,かつやま恐竜の森 エリア,,一乗谷朝倉氏遺跡,,丸岡城,,000000,かつやま恐竜の森 エリア,1973,53,,2月,25.かつやま恐竜の森 エリア,勝山市観光まちづくり(株),
福井,2026/02/08 19:12:23,愛知県,女,40代,,600万円以上 700万円未満,友人,1泊,福井県外には宿泊しない,,1泊,,,,,,,,,新幹線在来線,0,0,1,1,0,0,0,在来線その他,0,0,0,0,5,時間がかからないから,,初めて,初めて,スポーツ観戦や芸能鑑賞（コンサート等）,0,0,0,0,0,0,0,0,1,0,0,0,0,0,0,0,0,0,インターネット・アプリTwitter友人・知人観光協会等の案内所,0,0,0,0,0,1,0,0,0,0,1,0,0,0,0,0,0,0,1,0,0,1,0,0,0,,,,"10,000円以上 20,000円未満",,"5,000円以上 10,000円未満",,"40,000円以上 50,000円未満","40,000円以上 50,000円未満",,,,,,,,,,5,5,,広さがちょうどいい,,,,10,また行きたい（1年以内）,,福井駅前 エリア,,選択なし/該当施設なし,サンドーム福井,選択なし/該当施設なし,,000000,福井駅前 エリア,1982,44,,2月,01.福井駅前 エリア,,食事、何を食べても美味しい
福井,2026/02/08 18:50:42,愛知県,女,40代,,700万円以上 800万円未満,友人,1泊,福井県外には宿泊しない,,1泊,,,,,,,,,新幹線,0,0,1,0,0,0,0,在来線その他,0,0,0,0,4,乗り換えが面倒なので名古屋から1本で新幹線があったら嬉しいです,,初めて,初めて,スポーツ観戦や芸能鑑賞（コンサート等）,0,0,0,0,0,0,0,0,1,0,0,0,0,0,0,0,0,0,インターネット・アプリ,0,0,0,0,0,0,0,0,0,0,1,0,0,0,0,0,0,0,0,0,0,0,0,0,0,,,,"5,000円以上 10,000円未満",,"5,000円以上 10,000円未満",,"30,000円以上 40,000円未満","30,000円以上 40,000円未満",,,,,,,,,,5,5,,試食もたくさんあって、安心して買える,,,,10,また行きたい（1年以内）,,福井駅前 エリア,,選択なし/該当施設なし,サンドーム,選択なし/該当施設なし,,000000,web,1982,44,,2月,01.福井駅前 エリア,,食べ物が美味しい！！
福井,2026/02/08 18:47:41,福井県,女,40代,,500万円以上 600万円未満,自分ひとり,日帰り,福井県外には宿泊しない,,福井県内には宿泊しない,,,,,,,,,自家用車,1,0,0,0,0,0,0,自家用車,0,0,0,0,3,,,11回目以上,11回目以上,友人・親戚を尋ねる,0,0,0,0,0,0,0,0,0,0,0,0,0,0,0,1,0,0,友人・知人,0,0,0,0,0,0,0,0,0,0,0,0,0,0,0,0,0,0,1,0,0,0,0,0,0,,,,使わない,,使わない,,使わない,使わない,,,,,,,,,,5,3,,,,,,5,,,JR芦原温泉駅 エリア,,選択なし/該当施設なし,,選択なし/該当施設なし,,000000,ふくい鮮いちば エリア,1984,42,,2月,16.JR芦原温泉駅 エリア,,
福井,2026/02/08 17:50:45,熊本県,男,60代,,600万円以上 700万円未満,夫婦2人,3泊,大阪,,1泊,,,,,,,,,在来線飛行機,0,0,0,1,1,0,0,在来線路線バス,0,1,0,0,5,時間的に無駄がない費用が安価なので,,初めて,初めて,温泉や露天風呂地元の美味しいものを食べる名所、旧跡の観光,0,1,1,0,1,0,0,0,0,0,0,0,0,0,0,0,0,0,観光パンフレット・ポスターインターネット・アプリ宿泊施設,0,0,0,0,0,0,0,0,0,0,1,0,0,1,0,0,0,0,0,0,1,0,0,0,0,,,,"20,000円以上 30,000円未満",,"50,000円以上 100,000円未満",,"5,000円以上 10,000円未満","50,000円以上 100,000円未満",,,,,,,,,,4,4,,,,,,10,機会があれば行きたい,,大本山 永平寺 エリア,,越前がにミュージアム,,選択なし/該当施設なし,,000000,大本山 永平寺 エリア,1963,63,,2月,34.大本山 永平寺 エリア,,心静かな癒し空間
福井,2026/02/08 16:56:21,福井県,男,50代,,600万円以上 700万円未満,自分ひとり,日帰り,福井県外には宿泊しない,,福井県内には宿泊しない,,,,,,,,,自家用車,1,0,0,0,0,0,0,自家用車,0,0,0,0,,,,6～10回目,6～10回目,買い物、アウトレット,0,0,0,0,0,0,1,0,0,0,0,0,0,0,0,0,0,0,インターネット・アプリ,0,0,0,0,0,0,0,0,0,0,1,0,0,0,0,0,0,0,0,0,0,0,0,0,0,,,,"1,000円未満",,"1,000円未満",,"1,000円未満","1,000円未満",,,,,,,,,,4,4,,,,,,8,福井県在住,,北陸新幹線 越前たけふ駅 エリア,,選択なし/該当施設なし,,選択なし/該当施設なし,,000000,越前大野城・城下町 エリア,1971,55,,2月,38.北陸新幹線 越前たけふ駅 エリア,,
福井,2026/02/08 16:44:33,愛知県,女,40代,,700万円以上 800万円未満,友人,1泊,福井県外には宿泊しない,,1泊,,,,,,,,,新幹線,0,0,1,0,0,0,0,在来線,0,0,0,0,5,思ったより、スムーズに行ったから！！,,初めて,初めて,スポーツ観戦や芸能鑑賞（コンサート等）,0,0,0,0,0,0,0,0,1,0,0,0,0,0,0,0,0,0,インターネット・アプリ,0,0,0,0,0,0,0,0,0,0,1,0,0,0,0,0,0,0,0,0,0,0,0,0,0,,,,"5,000円以上 10,000円未満",,"5,000円以上 10,000円未満",,"1,000円未満","30,000円以上 40,000円未満",,,,,,,,,,5,4,,駅がきれい！！木でできていて素敵です！！,,,,10,また行きたい（1年以内）,,北陸新幹線 越前たけふ駅 エリア,,福井駅,,選択なし/該当施設なし,,000000,web,1982,44,,2月,38.北陸新幹線 越前たけふ駅 エリア,,食べ物が美味しいのでまたゆっくり食べに来たいです！！
福井,2026/02/08 15:50:45,福井県,女,40代,,分からない/無回答,小学生以下連れの家族,日帰り,福井県外には宿泊しない,,福井県内には宿泊しない,,,,,,,,,自家用車,1,0,0,0,0,0,0,自家用車,0,0,0,0,,,,6～10回目,6～10回目,お祭りやイベントへの参加・見物,0,0,0,0,0,0,0,1,0,0,0,0,0,0,0,0,0,0,Instagram,0,0,0,1,0,0,0,0,0,0,0,0,0,0,0,0,0,0,0,0,0,0,0,0,0,,,,"1,000円以上 3,000円未満",,使わない,,"5,000円以上 10,000円未満","5,000円以上 10,000円未満",,,,,,,,,,4,4,,,,,,10,,,竹田エリア,,選択なし/該当施設なし,,選択なし/該当施設なし,,000000,竹田エリア,1983,43,,2月,91.竹田エリア,(一社)DMOさかい観光局,
福井,2026/02/08 15:44:13,福井県,女,40代,,700万円以上 800万円未満,中学生以上連れの家族,日帰り,福井県外には宿泊しない,,福井県内には宿泊しない,,,,,,,,,自家用車,1,0,0,0,0,0,0,自家用車,0,0,0,0,3,,,初めて,初めて,ドライブ・ツーリング,0,0,0,0,0,0,0,0,0,0,0,0,0,0,1,0,0,0,インターネット・アプリ,0,0,0,0,0,0,0,0,0,0,1,0,0,0,0,0,0,0,0,0,0,0,0,0,0,,,,使わない,,使わない,,"1,000円未満",使わない,,,,,,,,,,3,3,,,,,,5,福井県在住,,道の駅「禅の里」 エリア,,選択なし/該当施設なし,,選択なし/該当施設なし,,000000,道の駅「禅の里」 エリア,1981,45,,2月,35.道の駅「禅の里」 エリア,,
福井,2026/02/08 13:54:17,長野県,女,40代,,"1,500万円以上",夫婦2人,3泊,滋賀県,,1泊,,,,,,,,,自家用車,1,0,0,0,0,0,0,自家用車,0,0,0,0,,,,初めて,初めて,温泉や露天風呂地元の美味しいものを食べる名所、旧跡の観光,0,1,1,0,1,0,0,0,0,0,0,0,0,0,0,0,0,0,インターネット・アプリ,0,0,0,0,0,0,0,0,0,0,1,0,0,0,0,0,0,0,0,0,0,0,0,0,0,,,,"10,000円以上 20,000円未満",,"20,000円以上 30,000円未満",,"5,000円以上 10,000円未満","30,000円以上 40,000円未満",,,,,,,,,,5,5,,,,,,10,また行きたい（1年以内）,,越前そばの里 エリア,,東尋坊,,道の駅「パークイン丹生ヶ丘」,,000000,越前そばの里 エリア,1980,46,,2月,37.越前そばの里 エリア,,
福井,2026/02/08 13:38:43,大阪府,男,20代,,100万円未満,自分ひとり,日帰り,福井県外には宿泊しない,,福井県内には宿泊しない,,,,,,,,,新幹線在来線,0,0,1,1,0,0,0,在来線,0,0,0,0,5,,,11回目以上,11回目以上,温泉や露天風呂地元の美味しいものを食べる,0,1,1,0,0,0,0,0,0,0,0,0,0,0,0,0,0,0,観光展・物産展,0,0,0,0,0,0,0,0,0,0,0,0,0,0,0,0,0,0,0,0,0,0,1,0,0,,,,"3,000円以上 5,000円未満",,"3,000円以上 5,000円未満",,"5,000円以上 10,000円未満","5,000円以上 10,000円未満",,,,,,,,,,5,5,,,,,,10,,,今庄宿 エリア,,選択なし/該当施設なし,,選択なし/該当施設なし,,000000,JR敦賀駅前 エリア,1998,28,,2月,60.今庄宿 エリア,,
福井,2026/02/08 11:57:34,愛知県,男,20代,,"1,000万円以上 1,200万円未満",自分ひとり,2泊,福井県外には宿泊しない,,2泊,,,,,,,,,その他,0,0,0,0,0,0,0,在来線路線バス,0,1,0,0,5,,,2～5回目,2～5回目,テーマパーク（遊園地、動物園、博物館など）出張など仕事関係,0,0,0,0,0,1,0,0,0,0,0,0,0,0,0,0,1,0,観光展・物産展,0,0,0,0,0,0,0,0,0,0,0,0,0,0,0,0,0,0,0,0,0,0,1,0,0,,,,"10,000円以上 20,000円未満",,"5,000円以上 10,000円未満",,使わない,"5,000円以上 10,000円未満",,,,,,,,,,5,5,,,,,,10,,,かつやま恐竜の森 エリア,,選択なし/該当施設なし,,選択なし/該当施設なし,,000000,かつやま恐竜の森 エリア,1998,28,,2月,25.かつやま恐竜の森 エリア,勝山市観光まちづくり(株),
福井,2026/02/08 11:53:05,大阪府,女,30代,,300万円以上 400万円未満,その他家族,日帰り,福井県外には宿泊しない,,福井県内には宿泊しない,,,,,,,,,県外から訪れていない（福井県在住）,0,0,0,0,0,0,1,自家用車,0,0,0,0,,,,初めて,初めて,地元の美味しいものを食べる,0,0,1,0,0,0,0,0,0,0,0,0,0,0,0,0,0,0,インターネット・アプリInstagram,0,0,0,1,0,0,0,0,0,0,1,0,0,0,0,0,0,0,0,0,0,0,0,0,0,,,,"1,000円未満",,使わない,,"3,000円以上 5,000円未満","5,000円以上 10,000円未満",,,,,,,,,,4,4,,,,,,8,福井県在住,,越前そばの里 エリア,,明城ファーム,,選択なし/該当施設なし,,000000,越前海岸 北部 エリア,1988,38,,2月,37.越前そばの里 エリア,,そばの里内の食堂が、比較的安く、量も多く、揚げ餅や水羊羹などこちらの特産を気軽に食べれて良かった。
福井,2026/02/08 11:26:07,福井県,女,30代,,"900万円以上 1,000万円未満",小学生以下連れの家族,日帰り,石川県加賀市,,福井県内には宿泊しない,,,,,,,,,自家用車,1,0,0,0,0,0,0,自家用車,0,0,0,0,5,そば美味しかった,,2～5回目,2～5回目,宿でのんびり過ごす,1,0,0,0,0,0,0,0,0,0,0,0,0,0,0,0,0,0,観光展・物産展,0,0,0,0,0,0,0,0,0,0,0,0,0,0,0,0,0,0,0,0,0,0,1,0,0,,,,"10,000円以上 20,000円未満",,"10,000円以上 20,000円未満",,"3,000円以上 5,000円未満","1,000円未満",,,,,,,,,,4,4,,,,,,9,,,越前そばの里 エリア,,選択なし/該当施設なし,,選択なし/該当施設なし,,000000,越前そばの里 エリア,1989,37,,2月,37.越前そばの里 エリア,,
福井,2026/02/08 11:03:08,福井県,女,40代,,300万円以上 400万円未満,友人,日帰り,福井県外には宿泊しない,,福井県内には宿泊しない,,,,,,,,,県外から訪れていない（福井県在住）,0,0,0,0,0,0,1,自家用車,0,0,0,0,,,,2～5回目,2～5回目,買い物、アウトレット,0,0,0,0,0,0,1,0,0,0,0,0,0,0,0,0,0,0,観光連盟やDMOのHP,0,0,0,0,0,0,0,0,0,0,0,0,0,0,0,0,0,0,0,0,0,0,0,1,0,,,,使わない,,"1,000円以上 3,000円未満",,"1,000円以上 3,000円未満","1,000円以上 3,000円未満",,,,,,,,,,4,5,,,,,,8,福井県在住,,道の駅「越前おおの荒島の郷」 エリア,,選択なし/該当施設なし,,選択なし/該当施設なし,,000000,JR福井駅・ハピリンモール（1F）,1980,46,,2月,22.道の駅「越前おおの荒島の郷」 エリア,,
福井,2026/02/08 10:34:53,三重県,女,40代,,600万円以上 700万円未満,恋人,1泊,福井県外には宿泊しない,,1泊,,,,,,,,,自家用車,1,0,0,0,0,0,0,自家用車,0,0,0,0,5,自家用車のため理由なし。,,初めて,初めて,名所、旧跡の観光その他,0,0,0,0,1,0,0,0,0,0,0,0,0,0,0,0,0,1,友人・知人,0,0,0,0,0,0,0,0,0,0,0,0,0,0,0,0,0,0,1,0,0,0,0,0,0,,,,使わない,,"5,000円以上 10,000円未満",,"3,000円以上 5,000円未満","10,000円以上 20,000円未満",,,,,,,,,,5,5,,モンベル に寄りました。山登る人間としては外せない。満足です。星山のホルモンも買えて嬉しかったです。,,,,10,また行きたい（1年以内）,,道の駅「越前おおの荒島の郷」 エリア,,越前大野城,,選択なし/該当施設なし,,000000,web,1984,42,,2月,22.道の駅「越前おおの荒島の郷」 エリア,,美味しい食事
福井,2026/02/08 09:50:26,神奈川県,女,50代,,"1,000万円以上 1,200万円未満",自分ひとり,2泊,福井県外には宿泊しない,,2泊,,,,,,,,,新幹線,0,0,1,0,0,0,0,路線バス,0,1,0,0,5,,,初めて,初めて,スポーツ観戦や芸能鑑賞（コンサート等）,0,0,0,0,0,0,0,0,1,0,0,0,0,0,0,0,0,0,新聞・雑誌・ガイドブック,0,0,0,0,0,0,0,0,0,0,0,0,0,0,0,0,1,0,0,0,0,0,0,0,0,,,,"20,000円以上 30,000円未満",,"30,000円以上 40,000円未満",,"1,000円以上 3,000円未満","20,000円以上 30,000円未満",,,,,,,,,,5,5,,,,,,10,また行きたい（1年以内）,,大本山 永平寺 エリア,,氣比神宮,,丸岡城,,000000,大本山 永平寺 エリア,1974,52,,2月,34.大本山 永平寺 エリア,,
福井,2026/02/08 09:46:29,埼玉県,女,30代,,300万円以上 400万円未満,夫婦2人,1泊,福井県外には宿泊しない,,1泊,,,,,,,,,自家用車,1,0,0,0,0,0,0,自家用車,0,0,0,0,5,,,初めて,初めて,地元の美味しいものを食べる,0,0,1,0,0,0,0,0,0,0,0,0,0,0,0,0,0,0,インターネット・アプリ,0,0,0,0,0,0,0,0,0,0,1,0,0,0,0,0,0,0,0,0,0,0,0,0,0,,,,"3,000円以上 5,000円未満",,"50,000円以上 100,000円未満",,"50,000円以上 100,000円未満","1,000円未満",,,,,,,,,,5,5,,,,,,10,,,越前海岸 茂原民宿街 エリア,,選択なし/該当施設なし,,選択なし/該当施設なし,,000000,web,1996,30,,2月,55.越前海岸 茂原民宿街 エリア,一般社団法人 越前町観光連盟（DMO ECHIZEN）,
福井,2026/02/08 09:37:32,福井県,男,70代,,200万円以上 300万円未満,夫婦2人,1泊,福井県外には宿泊しない,,1泊,,,,,,,,,県外から訪れていない（福井県在住）,0,0,0,0,0,0,1,自家用車,0,0,0,0,,,,11回目以上,11回目以上,温泉や露天風呂地元の美味しいものを食べる,0,1,1,0,0,0,0,0,0,0,0,0,0,0,0,0,0,0,観光展・物産展新聞・雑誌・ガイドブックTV・ラジオ番組やCM観光パンフレット・ポスターインターネット・アプリ,0,0,0,0,0,0,0,0,0,0,1,0,0,0,1,0,1,0,0,0,1,0,1,0,0,,,,"10,000円以上 20,000円未満",,"10,000円以上 20,000円未満",,"5,000円以上 10,000円未満","5,000円以上 10,000円未満",,,,,,,,,,4,4,,,,,,10,福井県在住,,三国湊 エリア,,一乗谷朝倉氏遺跡,,丸岡城,,000000,web,1950,76,,2月,09.三国湊 エリア,(一社)DMOさかい観光局,
福井,2026/02/08 09:14:07,大阪府,女,50代,,100万円以上 200万円未満,その他家族,1泊,福井県外には宿泊しない,,1泊,,,,,,,,,自家用車,1,0,0,0,0,0,0,自家用車徒歩,0,0,1,0,,,,2～5回目,2～5回目,地元の美味しいものを食べるその他,0,0,1,0,0,0,0,0,0,0,0,0,0,0,0,0,0,1,インターネット・アプリ観光協会等の案内所,0,0,0,0,0,0,0,0,0,0,1,0,0,0,0,0,0,0,0,0,0,1,0,0,0,,,,"10,000円以上 20,000円未満",,"20,000円以上 30,000円未満",,"5,000円以上 10,000円未満","10,000円以上 20,000円未満",,,,,,,,,,5,5,,,,,,10,また行きたい（1年以内）,,あわら湯のまち エリア,,黒壁スクエア（滋賀県）,,一乗谷朝倉氏遺跡,,000000,あわら湯のまち エリア,1969,57,,2月,17.あわら湯のまち エリア,,
福井,2026/02/08 08:40:48,神奈川県,女,60代,,700万円以上 800万円未満,夫婦2人,1泊,福井県外には宿泊しない,,1泊,,,,,,,,,レンタカー飛行機,0,1,0,0,1,0,0,レンタカー,0,0,0,0,4,自由に移動できる,,初めて,初めて,宿でのんびり過ごす温泉や露天風呂地元の美味しいものを食べる買い物、アウトレット,1,1,1,0,0,0,1,0,0,0,0,0,0,0,0,0,0,0,観光パンフレット・ポスター観光連盟やDMOのHP,0,0,0,0,0,0,0,0,0,0,0,0,0,0,0,0,0,0,0,0,1,0,0,1,0,,,,"20,000円以上 30,000円未満",,"50,000円以上 100,000円未満",,"1,000円以上 3,000円未満","5,000円以上 10,000円未満",,,,,,,,,,4,3,,日本海に近い為景色が良い所が多く、観光客（インバウンド）もあまり多くない為のんびりできました。,,,,8,機会があれば行きたい,,越前松島水族館 エリア,,選択なし/該当施設なし,ゆあぽーと,選択なし/該当施設なし,,000000,越前松島水族館 エリア,1962,64,,2月,11.越前松島水族館 エリア,(一社)DMOさかい観光局,カニの時期は特にグルメが楽しみだから
福井,2026/02/08 07:48:39,福井県,女,50代,,400万円以上 500万円未満,福井県在住,日帰り,日帰り温泉に来たため,,福井県内には宿泊しない,,,,,,,,,自家用車,1,0,0,0,0,0,0,自家用車,0,0,0,0,5,,,11回目以上,11回目以上,その他,0,0,0,0,0,0,0,0,0,0,0,0,0,0,0,0,0,1,インターネット・アプリ,0,0,0,0,0,0,0,0,0,0,1,0,0,0,0,0,0,0,0,0,0,0,0,0,0,,,,"1,000円未満",,使わない,,使わない,"3,000円以上 5,000円未満",,,,,,,,,,5,5,,足湯が盛り上がっていた。若者が多い。,,,,9,福井県在住,,あわら湯のまち エリア,,選択なし/該当施設なし,,あわら温泉屋台村「湯けむり横丁」,,000000,丸岡城 エリア,1971,55,,2月,17.あわら湯のまち エリア,,足湯とセントピア芦原でローコストでとても楽しめる
福井,2026/02/08 07:33:52,東京都,男,30代,,"1,500万円以上",小学生以下連れの家族,1泊,福井県外には宿泊しない,,1泊,,,,,,,,,レンタカー,0,1,0,0,0,0,0,レンタカー,0,0,0,0,4,,,初めて,初めて,宿でのんびり過ごす地元の美味しいものを食べるテーマパーク（遊園地、動物園、博物館など）買い物、アウトレット,1,0,1,0,0,1,1,0,0,0,0,0,0,0,0,0,0,0,インターネット・アプリ,0,0,0,0,0,0,0,0,0,0,1,0,0,0,0,0,0,0,0,0,0,0,0,0,0,,,,"30,000円以上 40,000円未満",,"10,000円以上 20,000円未満",,"20,000円以上 30,000円未満","20,000円以上 30,000円未満",,,,,,,,,,4,4,,,,,,4,機会があれば行きたい,,越前海岸 北部 エリア,,めがねミュージアム,,選択なし/該当施設なし,,000000,越前海岸 北部 エリア,1988,38,,2月,07.越前海岸 北部 エリア,,
福井,2026/02/08 06:43:19,京都府,女,40代,,700万円以上 800万円未満,小学生以下連れの家族,日帰り,福井県外には宿泊しない,,福井県内には宿泊しない,,,,,,,,,自家用車,1,0,0,0,0,0,0,自家用車,0,0,0,0,,,,2～5回目,2～5回目,スキー・スノボ、マリンスポーツ,0,0,0,0,0,0,0,0,0,0,0,0,1,0,0,0,0,0,その他,0,0,0,0,0,0,0,0,0,0,0,0,0,0,0,0,0,0,0,0,0,0,0,0,1,,,,"3,000円以上 5,000円未満",,"3,000円以上 5,000円未満",,使わない,"3,000円以上 5,000円未満",,,,,,,,,,4,3,,,,,,10,また行きたい（1年以内）,,道の駅「越前おおの荒島の郷」 エリア,,選択なし/該当施設なし,,福井和泉スキー場,,000000,web,1980,46,,2月,22.道の駅「越前おおの荒島の郷」 エリア,,
福井,2026/02/09 23:07:02,滋賀県,女,40代,,200万円以上 300万円未満,親,日帰り,福井県外には宿泊しない,,福井県内には宿泊しない,,,,,,,,,自家用車,1,0,0,0,0,0,0,自家用車,0,0,0,0,,,,2～5回目,2～5回目,ドライブ・ツーリング,0,0,0,0,0,0,0,0,0,0,0,0,0,0,1,0,0,0,インターネット・アプリ,0,0,0,0,0,0,0,0,0,0,1,0,0,0,0,0,0,0,0,0,0,0,0,0,0,,,,"3,000円以上 5,000円未満",,使わない,,"5,000円以上 10,000円未満","5,000円以上 10,000円未満",,,,,,,,,,4,4,,,,,,7,,,道の駅「若狭おばま」 エリア,,選択なし/該当施設なし,,選択なし/該当施設なし,,000000,道の駅「若狭おばま」 エリア,1983,43,,2月,68.道の駅「若狭おばま」 エリア,(株)まちづくり小浜,
福井,2026/02/09 23:06:16,滋賀県,女,40代,,200万円以上 300万円未満,親,日帰り,福井県外には宿泊しない,,福井県内には宿泊しない,,,,,,,,,自家用車,1,0,0,0,0,0,0,自家用車,0,0,0,0,,,,2～5回目,2～5回目,ドライブ・ツーリング,0,0,0,0,0,0,0,0,0,0,0,0,0,0,1,0,0,0,インターネット・アプリ,0,0,0,0,0,0,0,0,0,0,1,0,0,0,0,0,0,0,0,0,0,0,0,0,0,,,,"3,000円以上 5,000円未満",,使わない,,"3,000円以上 5,000円未満","5,000円以上 10,000円未満",,,,,,,,,,4,4,,,,,,6,,,道の駅「恐竜渓谷かつやま」 エリア,,選択なし/該当施設なし,,選択なし/該当施設なし,,000000,道の駅「若狭おばま」 エリア,1983,43,,2月,26.道の駅「恐竜渓谷かつやま」 エリア,勝山市観光まちづくり(株),
福井,2026/02/09 23:05:14,滋賀県,女,40代,,200万円以上 300万円未満,親,日帰り,福井県外には宿泊しない,,福井県内には宿泊しない,,,,,,,,,自家用車,1,0,0,0,0,0,0,自家用車,0,0,0,0,,,,2～5回目,2～5回目,地元の美味しいものを食べる名所、旧跡の観光まちあるき、都市散策ドライブ・ツーリング,0,0,1,0,1,0,0,0,0,0,1,0,0,0,1,0,0,0,インターネット・アプリ,0,0,0,0,0,0,0,0,0,0,1,0,0,0,0,0,0,0,0,0,0,0,0,0,0,,,,"3,000円以上 5,000円未満",,使わない,,"3,000円以上 5,000円未満","5,000円以上 10,000円未満",,,,,,,,,,4,4,,,,,,6,,,越前大仏 エリア,,選択なし/該当施設なし,,選択なし/該当施設なし,,000000,道の駅「若狭おばま」 エリア,1983,43,,2月,28.越前大仏 エリア,勝山市観光まちづくり(株),
福井,2026/02/09 21:29:58,和歌山県,男,40代,,700万円以上 800万円未満,自分ひとり,2泊,福井県外には宿泊しない,,2泊,,,,,,,,,新幹線在来線,0,0,1,1,0,0,0,その他,0,0,0,0,3,,,2～5回目,2～5回目,出張など仕事関係,0,0,0,0,0,0,0,0,0,0,0,0,0,0,0,0,1,0,宿泊施設,0,0,0,0,0,0,0,0,0,0,0,0,0,1,0,0,0,0,0,0,0,0,0,0,0,,,,"10,000円以上 20,000円未満",,"5,000円以上 10,000円未満",,"3,000円以上 5,000円未満","10,000円以上 20,000円未満",,,,,,,,,,4,4,,,,,,5,,,道の駅みくに ふれあいパーク三里浜 エリア,,選択なし/該当施設なし,,選択なし/該当施設なし,,000000,道の駅みくに ふれあいパーク三里浜 エリア,1981,45,,2月,15.道の駅みくに ふれあいパーク三里浜 エリア,(一社)DMOさかい観光局,
福井,2026/02/09 21:29:34,福井県,男,60代,,500万円以上 600万円未満,夫婦2人,日帰り,石川県加賀市,,福井県内には宿泊しない,,,,,,,,,自家用車,1,0,0,0,0,0,0,自家用車,0,0,0,0,4,,,6～10回目,6～10回目,温泉や露天風呂,0,1,0,0,0,0,0,0,0,0,0,0,0,0,0,0,0,0,新聞・雑誌・ガイドブック,0,0,0,0,0,0,0,0,0,0,0,0,0,0,0,0,1,0,0,0,0,0,0,0,0,,,,使わない,,使わない,,"1,000円未満","1,000円以上 3,000円未満",,,,,,,,,,4,4,,,,,,8,機会があれば行きたい,,道の駅「パークイン丹生ヶ丘」 エリア,,選択なし/該当施設なし,,選択なし/該当施設なし,,000000,道の駅「パークイン丹生ヶ丘」 エリア,1957,69,,2月,50.道の駅「パークイン丹生ヶ丘」 エリア,一般社団法人 越前町観光連盟（DMO ECHIZEN）,
福井,2026/02/09 16:22:12,東京都,男,30代,,600万円以上 700万円未満,恋人,3泊,福井県外には宿泊しない,,3泊,,,,,,,,,新幹線,0,0,1,0,0,0,0,レンタカー,0,0,0,0,4,駐車場が広いから,,初めて,初めて,その他,0,0,0,0,0,0,0,0,0,0,0,0,0,0,0,0,0,1,インターネット・アプリその他,0,0,0,0,0,0,0,0,0,0,1,0,0,0,0,0,0,0,0,0,0,0,0,0,0,,,,"50,000円以上 100,000円未満",,"50,000円以上 100,000円未満",,"1,000円以上 3,000円未満","50,000円以上 100,000円未満",,,,,,,,,,4,4,,カイリューのスタンプがあったから,,,,8,機会があれば行きたい,,うみんぴあ大飯 エリア,,道の駅「シーサイド高浜」,,敦賀赤レンガ倉庫,,000000,かつやま恐竜の森 エリア,1988,38,,2月,84.うみんぴあ大飯 エリア,,
福井,2026/02/09 16:21:41,東京都,男,30代,,300万円以上 400万円未満,友人,3泊,福井県外には宿泊しない,,3泊,,,,,,,,,新幹線,0,0,1,0,0,0,0,レンタカー,0,0,0,0,5,カイリューのパネルがあったから,,初めて,初めて,その他,0,0,0,0,0,0,0,0,0,0,0,0,0,0,0,0,0,1,その他,0,0,0,0,0,0,0,0,0,0,0,0,0,0,0,0,0,0,0,0,0,0,0,0,1,,,,"30,000円以上 40,000円未満",,"10,000円以上 20,000円未満",,"1,000円以上 3,000円未満","50,000円以上 100,000円未満",,,,,,,,,,1,3,,カイリューのパネルがあったから,,,,10,また行きたい（1年以内）,,うみんぴあ大飯 エリア,,越前大野城,,敦賀赤レンガ倉庫,,000000,web,1990,36,,2月,84.うみんぴあ大飯 エリア,,
福井,2026/02/09 16:15:35,福井県,男,50代,,100万円以上 200万円未満,恋人,日帰り,福井県外には宿泊しない,,福井県内には宿泊しない,,,,,,,,,自家用車,1,0,0,0,0,0,0,自家用車,0,0,0,0,5,海鮮が美味しかった,,初めて,初めて,まちあるき、都市散策,0,0,0,0,0,0,0,0,0,0,1,0,0,0,0,0,0,0,友人・知人,0,0,0,0,0,0,0,0,0,0,0,0,0,0,0,0,0,0,1,0,0,0,0,0,0,,,,"1,000円以上 3,000円未満",,"1,000円以上 3,000円未満",,"3,000円以上 5,000円未満","1,000円以上 3,000円未満",,,,,,,,,,5,5,,綺麗でお土産が買いやすくなっている,,,,10,また行きたい（1年以内）,,北陸新幹線 越前たけふ駅 エリア,,一乗谷朝倉氏遺跡,,選択なし/該当施設なし,,000000,web,1974,52,,2月,38.北陸新幹線 越前たけふ駅 エリア,,海鮮が美味しい
福井,2026/02/09 15:45:00,福井県,男,50代,,100万円以上 200万円未満,恋人,日帰り,福井県外には宿泊しない,,福井県内には宿泊しない,,,,,,,,,自家用車,1,0,0,0,0,0,0,自家用車,0,0,0,0,5,子供も遊べる併設の施設が良かった,,初めて,初めて,まちあるき、都市散策,0,0,0,0,0,0,0,0,0,0,1,0,0,0,0,0,0,0,友人・知人,0,0,0,0,0,0,0,0,0,0,0,0,0,0,0,0,0,0,1,0,0,0,0,0,0,,,,"1,000円以上 3,000円未満",,"1,000円以上 3,000円未満",,"1,000円以上 3,000円未満","1,000円以上 3,000円未満",,,,,,,,,,5,5,,子供と1日遊べる所が良かった,,,,10,また行きたい（1年以内）,,道の駅「南えちぜん山海里」 エリア,,今庄宿,,越前和紙の里,,000000,web,1974,52,,2月,58.道の駅「南えちぜん山海里」 エリア,,子供と1日遊べる所
福井,2026/02/09 15:18:05,福井県,男,50代,,100万円以上 200万円未満,恋人,日帰り,福井県外には宿泊しない,,福井県内には宿泊しない,,,,,,,,,自家用車,1,0,0,0,0,0,0,自家用車,0,0,0,0,4,趣のある街並みがよかった,,初めて,初めて,まちあるき、都市散策,0,0,0,0,0,0,0,0,0,0,1,0,0,0,0,0,0,0,友人・知人,0,0,0,0,0,0,0,0,0,0,0,0,0,0,0,0,0,0,1,0,0,0,0,0,0,,,,"1,000円以上 3,000円未満",,"1,000円以上 3,000円未満",,"1,000円未満","1,000円以上 3,000円未満",,,,,,,,,,4,4,,レンタル自転車が便利でした,,,,6,また行きたい（1年以内）,,今庄宿 エリア,,氣比神宮,,選択なし/該当施設なし,,000000,web,1974,52,,2月,60.今庄宿 エリア,,歴史の残る街並みとその歴史を知ることができたこと
福井,2026/02/09 14:21:10,福井県,男,40代,,500万円以上 600万円未満,親,日帰り,福井県外には宿泊しない,,福井県内には宿泊しない,,,,,,,,,自家用車,1,0,0,0,0,0,0,自家用車徒歩,0,0,1,0,,,,11回目以上,11回目以上,地元の美味しいものを食べる,0,0,1,0,0,0,0,0,0,0,0,0,0,0,0,0,0,0,インターネット・アプリ,0,0,0,0,0,0,0,0,0,0,1,0,0,0,0,0,0,0,0,0,0,0,0,0,0,,,,"3,000円以上 5,000円未満",,"5,000円以上 10,000円未満",,"1,000円以上 3,000円未満","1,000円以上 3,000円未満",,,,,,,,,,5,4,,,,,,10,福井県在住,,越前そばの里 エリア,,選択なし/該当施設なし,,選択なし/該当施設なし,,000000,web,1977,49,,2月,37.越前そばの里 エリア,,
福井,2026/02/09 14:11:33,福井県,男,50代,,100万円以上 200万円未満,恋人,日帰り,福井県外には宿泊しない,,福井県内には宿泊しない,,,,,,,,,自家用車,1,0,0,0,0,0,0,自家用車,0,0,0,0,3,1つ1つが離れている,,初めて,初めて,まちあるき、都市散策,0,0,0,0,0,0,0,0,0,0,1,0,0,0,0,0,0,0,友人・知人,0,0,0,0,0,0,0,0,0,0,0,0,0,0,0,0,0,0,1,0,0,0,0,0,0,,,,"1,000円以上 3,000円未満",,"1,000円以上 3,000円未満",,"1,000円未満","1,000円以上 3,000円未満",,,,,,,,,,3,3,,施設が1つにまとまって欲しい,,,,7,また行きたい（1年以内）,,金ヶ崎 エリア,,氣比神宮,,選択なし/該当施設なし,,000000,web,1974,52,,2月,64.金ヶ崎 エリア,,歴史を知ることができた
福井,2026/02/09 13:58:54,大阪府,男,20代,,700万円以上 800万円未満,恋人,2泊,富山,,1泊,,,,,,,,,新幹線在来線,0,0,1,1,0,0,0,路線バス,0,1,0,0,5,直通で楽だった,,2～5回目,2～5回目,地元の美味しいものを食べる名所、旧跡の観光,0,0,1,0,1,0,0,0,0,0,0,0,0,0,0,0,0,0,観光連盟やDMOのHPInstagram,0,0,0,1,0,0,0,0,0,0,0,0,0,0,0,0,0,0,0,0,0,0,0,1,0,,,,"20,000円以上 30,000円未満",,"5,000円以上 10,000円未満",,"1,000円以上 3,000円未満","10,000円以上 20,000円未満",,,,,,,,,,5,5,,,,,,10,機会があれば行きたい,,大本山 永平寺 エリア,,選択なし/該当施設なし,,選択なし/該当施設なし,,000000,大本山 永平寺 エリア,1998,28,,2月,34.大本山 永平寺 エリア,,
福井,2026/02/09 13:55:58,岐阜県,女,20代,,400万円以上 500万円未満,夫婦2人,1泊,福井県外には宿泊しない,,1泊,,,,,,,,,レンタカー,0,1,0,0,0,0,0,レンタカー,0,0,0,0,4,,,初めて,初めて,買い物、アウトレット,0,0,0,0,0,0,1,0,0,0,0,0,0,0,0,0,0,0,インターネット・アプリ,0,0,0,0,0,0,0,0,0,0,1,0,0,0,0,0,0,0,0,0,0,0,0,0,0,,,,"5,000円以上 10,000円未満",,"10,000円以上 20,000円未満",,"1,000円以上 3,000円未満","10,000円以上 20,000円未満",,,,,,,,,,4,4,,,,,,7,,,道の駅「パークイン丹生ヶ丘」 エリア,,選択なし/該当施設なし,,選択なし/該当施設なし,,000000,道の駅「南えちぜん山海里」 エリア,1999,27,,2月,50.道の駅「パークイン丹生ヶ丘」 エリア,一般社団法人 越前町観光連盟（DMO ECHIZEN）,
福井,2026/02/09 13:55:13,岐阜県,男,30代,,400万円以上 500万円未満,恋人,1泊,福井県外には宿泊しない,,1泊,,,,,,,,,レンタカー,0,1,0,0,0,0,0,レンタカー,0,0,0,0,,,,初めて,初めて,買い物、アウトレット,0,0,0,0,0,0,1,0,0,0,0,0,0,0,0,0,0,0,インターネット・アプリ,0,0,0,0,0,0,0,0,0,0,1,0,0,0,0,0,0,0,0,0,0,0,0,0,0,,,,"3,000円以上 5,000円未満",,"10,000円以上 20,000円未満",,"1,000円未満","10,000円以上 20,000円未満",,,,,,,,,,4,5,,,,,,7,機会があれば行きたい,,道の駅「パークイン丹生ヶ丘」 エリア,,選択なし/該当施設なし,,選択なし/該当施設なし,,000000,道の駅「南えちぜん山海里」 エリア,1993,33,,2月,50.道の駅「パークイン丹生ヶ丘」 エリア,一般社団法人 越前町観光連盟（DMO ECHIZEN）,
福井,2026/02/09 13:49:18,静岡県,女,20代,,500万円以上 600万円未満,親,1泊,福井県外には宿泊しない,,1泊,,,,,,,,,新幹線,0,0,1,0,0,0,0,路線バス,0,1,0,0,5,地域の人が周遊バスについて教えてくれて活用できたバスの本数がちょうど良かった,,初めて,初めて,名所、旧跡の観光その他,0,0,0,0,1,0,0,0,0,0,0,0,0,0,0,0,0,1,観光パンフレット・ポスターインターネット・アプリタクシードライバーや地元の人宿泊施設,0,0,0,0,0,0,0,0,0,0,1,0,0,1,0,0,0,0,0,1,1,0,0,0,0,,,,"30,000円以上 40,000円未満",,"10,000円以上 20,000円未満",,"5,000円以上 10,000円未満","10,000円以上 20,000円未満",,,,,,,,,,4,5,,美味しい蟹が食べられた,,,,10,機会があれば行きたい,,金ヶ崎 エリア,,敦賀赤レンガ倉庫,,金ヶ崎,,000000,金ヶ崎 エリア,1998,28,,2月,64.金ヶ崎 エリア,,
福井,2026/02/09 13:45:26,福井県,男,50代,,100万円以上 200万円未満,恋人,日帰り,福井県外には宿泊しない,,福井県内には宿泊しない,,,,,,,,,自家用車,1,0,0,0,0,0,0,自家用車,0,0,0,0,4,氣比神宮が良かった,,初めて,初めて,まちあるき、都市散策,0,0,0,0,0,0,0,0,0,0,1,0,0,0,0,0,0,0,友人・知人,0,0,0,0,0,0,0,0,0,0,0,0,0,0,0,0,0,0,1,0,0,0,0,0,0,,,,"1,000円以上 3,000円未満",,"1,000円以上 3,000円未満",,"1,000円未満","1,000円以上 3,000円未満",,,,,,,,,,4,4,,とても親切でした,,,,8,また行きたい（1年以内）,,神楽通り エリア,,氣比神宮,,選択なし/該当施設なし,,000000,web,1974,52,,2月,62.神楽通りエリア,,氣比神宮からの綺麗な通りが良かった
福井,2026/02/09 13:25:00,福井県,男,50代,,100万円以上 200万円未満,恋人,日帰り,福井県外には宿泊しない,,福井県内には宿泊しない,,,,,,,,,自家用車,1,0,0,0,0,0,0,在来線,0,0,0,0,4,シンプルで使いやすい駅でした,,初めて,初めて,まちあるき、都市散策,0,0,0,0,0,0,0,0,0,0,1,0,0,0,0,0,0,0,友人・知人,0,0,0,0,0,0,0,0,0,0,0,0,0,0,0,0,0,0,1,0,0,0,0,0,0,,,,"1,000円以上 3,000円未満",,"1,000円以上 3,000円未満",,"1,000円未満","1,000円以上 3,000円未満",,,,,,,,,,5,5,,使いやすかった,,,,9,また行きたい（1年以内）,,JR敦賀駅前 エリア,,選択なし/該当施設なし,,丸岡城,,000000,web,1974,52,,2月,63.JR敦賀駅前 エリア,,駅前の999のモニュメントが良かった
福井,2026/02/09 13:24:01,石川県,男,40代,,"1,000万円以上 1,200万円未満",夫婦2人,1泊,福井県外には宿泊しない,,1泊,,,,,,,,,自家用車,1,0,0,0,0,0,0,自家用車,0,0,0,0,5,,,2～5回目,2～5回目,その他,0,0,0,0,0,0,0,0,0,0,0,0,0,0,0,0,0,1,観光パンフレット・ポスター,0,0,0,0,0,0,0,0,0,0,0,0,0,0,0,0,0,0,0,0,1,0,0,0,0,,,,"3,000円以上 5,000円未満",,"10,000円以上 20,000円未満",,"1,000円以上 3,000円未満","10,000円以上 20,000円未満",,,,,,,,,,5,5,,わらの神様の像が素敵でした,,,,9,また行きたい（1年以内）,,道の駅「禅の里」 エリア,,道の駅「恐竜渓谷かつやま」,,選択なし/該当施設なし,,000000,越前大野城・城下町 エリア,1983,43,,2月,35.道の駅「禅の里」 エリア,,
福井,2026/02/09 12:43:24,福井県,男,50代,,100万円以上 200万円未満,恋人,日帰り,福井県外には宿泊しない,,福井県内には宿泊しない,,,,,,,,,自家用車,1,0,0,0,0,0,0,自家用車,0,0,0,0,4,賑やかで魚が凄くおいしかった。,,2～5回目,2～5回目,まちあるき、都市散策,0,0,0,0,0,0,0,0,0,0,1,0,0,0,0,0,0,0,友人・知人,0,0,0,0,0,0,0,0,0,0,0,0,0,0,0,0,0,0,1,0,0,0,0,0,0,,,,"1,000円以上 3,000円未満",,"1,000円以上 3,000円未満",,"1,000円以上 3,000円未満","1,000円以上 3,000円未満",,,,,,,,,,4,4,,真冬でしたが寒さを感じなかった,,,,9,また行きたい（1年以内）,,日本海さかな街 エリア,,選択なし/該当施設なし,,敦賀赤レンガ倉庫,,000000,web,1974,52,,2月,61.日本海さかな街 エリア,,魚が美味しい
福井,2026/02/09 12:29:08,神奈川県,男,40代,,600万円以上 700万円未満,職場の同僚,3泊,石川県金沢市,,福井県内には宿泊しない,,,,,,,,,自家用車,1,0,0,0,0,0,0,自家用車,0,0,0,0,,,,初めて,初めて,地元の美味しいものを食べる,0,0,1,0,0,0,0,0,0,0,0,0,0,0,0,0,0,0,インターネット・アプリ,0,0,0,0,0,0,0,0,0,0,1,0,0,0,0,0,0,0,0,0,0,0,0,0,0,,,,"40,000円以上 50,000円未満",,"40,000円以上 50,000円未満",,"5,000円以上 10,000円未満","40,000円以上 50,000円未満",,,,,,,,,,5,4,,,,,,9,また行きたい（1年以内）,,越前そばの里 エリア,,丸岡城,,選択なし/該当施設なし,,000000,越前そばの里 エリア,1977,49,,2月,37.越前そばの里 エリア,,
福井,2026/02/09 12:08:20,福井県,男,50代,,"900万円以上 1,000万円未満",友人,日帰り,福井県外には宿泊しない,,福井県内には宿泊しない,,,,,,,,,県外から訪れていない（福井県在住）,0,0,0,0,0,0,1,自家用車,0,0,0,0,4,,,2～5回目,2～5回目,地元の美味しいものを食べるドライブ・ツーリング,0,0,1,0,0,0,0,0,0,0,0,0,0,0,1,0,0,0,インターネット・アプリ,0,0,0,0,0,0,0,0,0,0,1,0,0,0,0,0,0,0,0,0,0,0,0,0,0,,,,"1,000円以上 3,000円未満",,使わない,,"3,000円以上 5,000円未満","3,000円以上 5,000円未満",,,,,,,,,,4,4,,,,,,8,福井県在住,,道の駅「南えちぜん山海里」 エリア,,道の駅「西山公園」,,花はす公園,,000000,JR九頭竜湖駅 エリア,1970,56,,2月,58.道の駅「南えちぜん山海里」 エリア,,
福井,2026/02/09 12:06:45,福井県,女,40代,,分からない/無回答,自分ひとり,日帰り,福井県外には宿泊しない,,福井県内には宿泊しない,,,,,,,,,自家用車,1,0,0,0,0,0,0,自家用車,0,0,0,0,4,,,2～5回目,2～5回目,まちあるき、都市散策,0,0,0,0,0,0,0,0,0,0,1,0,0,0,0,0,0,0,友人・知人,0,0,0,0,0,0,0,0,0,0,0,0,0,0,0,0,0,0,1,0,0,0,0,0,0,,,,"3,000円以上 5,000円未満",,"3,000円以上 5,000円未満",,"3,000円以上 5,000円未満","3,000円以上 5,000円未満",,,,,,,,,,5,4,,,,,,8,また行きたい（1年以内）,,道の駅「南えちぜん山海里」 エリア,,選択なし/該当施設なし,,選択なし/該当施設なし,,000000,一乗谷朝倉氏遺跡 エリア,1977,49,,2月,58.道の駅「南えちぜん山海里」 エリア,,
福井,2026/02/09 12:00:34,石川県,男,40代,,"1,000万円以上 1,200万円未満",夫婦2人,1泊,福井県外には宿泊しない,,1泊,,,,,,,,,自家用車,1,0,0,0,0,0,0,自家用車,0,0,0,0,3,,,初めて,初めて,宿でのんびり過ごす名所、旧跡の観光まちあるき、都市散策ドライブ・ツーリングその他,1,0,0,0,1,0,0,0,0,0,1,0,0,0,1,0,0,1,観光パンフレット・ポスター,0,0,0,0,0,0,0,0,0,0,0,0,0,0,0,0,0,0,0,0,1,0,0,0,0,,,,"3,000円以上 5,000円未満",,"10,000円以上 20,000円未満",,"5,000円以上 10,000円未満","10,000円以上 20,000円未満",,,,,,,,,,5,5,,,,,,10,また行きたい（1年以内）,,越前大野城・城下町 エリア,,越前大野城,,選択なし/該当施設なし,,000000,越前大野城・城下町 エリア,1983,43,,2月,21.越前大野城・城下町 エリア,,
福井,2026/02/09 11:49:34,福井県,女,60代,,100万円未満,その他家族,日帰り,広島,,1泊,,,,,,,,,県外から訪れていない（福井県在住）,0,0,0,0,0,0,1,自家用車,0,0,0,0,,,,6～10回目,6～10回目,地元の美味しいものを食べる,0,0,1,0,0,0,0,0,0,0,0,0,0,0,0,0,0,0,友人・知人,0,0,0,0,0,0,0,0,0,0,0,0,0,0,0,0,0,0,1,0,0,0,0,0,0,,,,"1,000円以上 3,000円未満",,"20,000円以上 30,000円未満",,"1,000円以上 3,000円未満","3,000円以上 5,000円未満",,,,,,,,,,4,4,,,,,,5,福井県在住,,越前そばの里 エリア,,選択なし/該当施設なし,いちご狩り,選択なし/該当施設なし,,000000,web,1960,66,,2月,37.越前そばの里 エリア,,
福井,2026/02/09 11:30:25,福井県,女,50代,,分からない/無回答,夫婦2人,日帰り,自宅,,福井県内には宿泊しない,,,,,,,,,県外から訪れていない（福井県在住）,0,0,0,0,0,0,1,自家用車,0,0,0,0,,,,初めて,初めて,花見や紅葉などの自然鑑賞名所、旧跡の観光ドライブ・ツーリング,0,0,0,1,1,0,0,0,0,0,0,0,0,0,1,0,0,0,インターネット・アプリ,0,0,0,0,0,0,0,0,0,0,1,0,0,0,0,0,0,0,0,0,0,0,0,0,0,,,,"1,000円未満",,使わない,,使わない,"1,000円未満",,,,,,,,,,3,4,,,,,,6,福井県在住,,かずら橋 エリア,,選択なし/該当施設なし,,一乗谷朝倉氏遺跡,,000000,web,1974,52,,2月,48.かずら橋 エリア,（一財）いけだ農村観光公社,
福井,2026/02/09 11:17:56,岐阜県,男,30代,,400万円以上 500万円未満,恋人,1泊,福井県外には宿泊しない,,1泊,,,,,,,,,レンタカー,0,1,0,0,0,0,0,レンタカー,0,0,0,0,,,,初めて,初めて,宿でのんびり過ごす温泉や露天風呂地元の美味しいものを食べる買い物、アウトレット,1,1,1,0,0,0,1,0,0,0,0,0,0,0,0,0,0,0,インターネット・アプリ,0,0,0,0,0,0,0,0,0,0,1,0,0,0,0,0,0,0,0,0,0,0,0,0,0,,,,"3,000円以上 5,000円未満",,"10,000円以上 20,000円未満",,"1,000円以上 3,000円未満","10,000円以上 20,000円未満",,,,,,,,,,4,4,,,,,,9,機会があれば行きたい,,道の駅「南えちぜん山海里」 エリア,,選択なし/該当施設なし,,越前がにミュージアム,,000000,道の駅「南えちぜん山海里」 エリア,1993,33,,2月,58.道の駅「南えちぜん山海里」 エリア,,
福井,2026/02/09 11:17:48,岐阜県,女,20代,,400万円以上 500万円未満,夫婦2人,1泊,福井県外には宿泊しない,,1泊,,,,,,,,,レンタカー,0,1,0,0,0,0,0,レンタカー,0,0,0,0,4,,,初めて,初めて,宿でのんびり過ごす温泉や露天風呂地元の美味しいものを食べる買い物、アウトレット,1,1,1,0,0,0,1,0,0,0,0,0,0,0,0,0,0,0,インターネット・アプリ,0,0,0,0,0,0,0,0,0,0,1,0,0,0,0,0,0,0,0,0,0,0,0,0,0,,,,"5,000円以上 10,000円未満",,"10,000円以上 20,000円未満",,"5,000円以上 10,000円未満","10,000円以上 20,000円未満",,,,,,,,,,4,4,,,,,,9,,,道の駅「南えちぜん山海里」 エリア,,選択なし/該当施設なし,,選択なし/該当施設なし,,000000,道の駅「南えちぜん山海里」 エリア,1999,27,,2月,58.道の駅「南えちぜん山海里」 エリア,,
福井,2026/02/09 10:55:29,福井県,男,10代,,分からない/無回答,その他家族,日帰り,地元,,福井県内には宿泊しない,,,,,,,,,県外から訪れていない（福井県在住）,0,0,0,0,0,0,1,自家用車,0,0,0,0,,,,2～5回目,2～5回目,その他,0,0,0,0,0,0,0,0,0,0,0,0,0,0,0,0,0,1,その他,0,0,0,0,0,0,0,0,0,0,0,0,0,0,0,0,0,0,0,0,0,0,0,0,1,,,,使わない,,使わない,,使わない,使わない,,,,,,,,,,4,4,,,,,,6,,,かつやま恐竜の森 エリア,,選択なし/該当施設なし,,選択なし/該当施設なし,,000000,web,2007,19,,2月,25.かつやま恐竜の森 エリア,勝山市観光まちづくり(株),
福井,2026/02/09 10:55:25,東京都,女,20代,,300万円以上 400万円未満,自分ひとり,4泊以上,福井県外には宿泊しない,,4泊以上,,,,,,,,,新幹線,0,0,1,0,0,0,0,自家用車,0,0,0,0,,,,11回目以上,11回目以上,その他,0,0,0,0,0,0,0,0,0,0,0,0,0,0,0,0,0,1,その他,0,0,0,0,0,0,0,0,0,0,0,0,0,0,0,0,0,0,0,0,0,0,0,0,1,,,,使わない,,使わない,,使わない,使わない,,,,,,,,,,5,5,,,,,,8,また行きたい（1年以内）,,かつやま恐竜の森 エリア,,選択なし/該当施設なし,,選択なし/該当施設なし,,000000,かつやま恐竜の森 エリア,2002,24,,2月,25.かつやま恐竜の森 エリア,勝山市観光まちづくり(株),
福井,2026/02/09 09:50:36,千葉県,男,70代,,"1,500万円以上",自分ひとり,1泊,福井県外には宿泊しない,,1泊,,,,,,,,,旅行会社ツアーバス,0,0,0,0,0,1,0,旅行会社ツアーバス,0,0,0,0,4,,,初めて,初めて,テーマパーク（遊園地、動物園、博物館など）,0,0,0,0,0,1,0,0,0,0,0,0,0,0,0,0,0,0,TV・ラジオ番組やCM観光パンフレット・ポスター,0,0,0,0,0,0,0,0,0,0,0,0,0,0,1,0,0,0,0,0,1,0,0,0,0,,,,"40,000円以上 50,000円未満",,"5,000円以上 10,000円未満",,"1,000円以上 3,000円未満","10,000円以上 20,000円未満",,,,,,,,,,4,4,,,,,,10,また行きたい（1年以内）,,かつやま恐竜の森 エリア,,丸岡城,,福井県立恐竜博物館,,000000,かつやま恐竜の森 エリア,1949,77,,2月,25.かつやま恐竜の森 エリア,勝山市観光まちづくり(株),
福井,2026/02/09 09:34:54,東京都,無回答,60代,,400万円以上 500万円未満,団体旅行,2泊,石川県金沢市,,2泊,,,,,,,,,新幹線,0,0,1,0,0,0,0,旅行会社ツアーバス,0,0,0,0,,,,初めて,初めて,温泉や露天風呂,0,1,0,0,0,0,0,0,0,0,0,0,0,0,0,0,0,0,インターネット・アプリ,0,0,0,0,0,0,0,0,0,0,1,0,0,0,0,0,0,0,0,0,0,0,0,0,0,,,,"5,000円以上 10,000円未満",,"5,000円以上 10,000円未満",,"5,000円以上 10,000円未満","20,000円以上 30,000円未満",,,,,,,,,,4,4,,,,,,8,,,あわら湯のまち エリア,,選択なし/該当施設なし,,選択なし/該当施設なし,,000000,あわら湯のまち エリア,1965,61,,2月,17.あわら湯のまち エリア,,
福井,2026/02/10 21:48:59,千葉県,女,70代,,300万円以上 400万円未満,団体旅行,2泊,石川県金沢市,,福井県内には宿泊しない,,,,,,,,,飛行機,0,0,0,0,1,0,0,旅行会社ツアーバス,0,0,0,0,4,,,初めて,初めて,名所、旧跡の観光,0,0,0,0,1,0,0,0,0,0,0,0,0,0,0,0,0,0,TV・ラジオ番組やCM,0,0,0,0,0,0,0,0,0,0,0,0,0,0,1,0,0,0,0,0,0,0,0,0,0,,,,"40,000円以上 50,000円未満",,使わない,,"1,000円未満","1,000円未満",,,,,,,,,,4,4,,日本一短い手紙の応募作品を見て久しぶりに心が温かくなりました、忘れていた気持ちを思い出して。,,,,6,機会があれば行きたい,,丸岡城 エリア,,一乗谷朝倉氏遺跡,,一筆啓上 日本一短い手紙の館,,000000,web,1952,74,,2月,13.丸岡城 エリア,(一社)DMOさかい観光局,
福井,2026/02/10 20:25:28,福岡県,女,40代,,100万円以上 200万円未満,友人,4泊以上,夜行バスの車内泊,,3泊,,,,,,,,,新幹線在来線,0,0,1,1,0,0,0,在来線,0,0,0,0,4,駅員さんが親切でした,,初めて,初めて,温泉や露天風呂地元の美味しいものを食べるスポーツ観戦や芸能鑑賞（コンサート等）,0,1,1,0,0,0,0,0,1,0,0,0,0,0,0,0,0,0,友人・知人,0,0,0,0,0,0,0,0,0,0,0,0,0,0,0,0,0,0,1,0,0,0,0,0,0,,,,"30,000円以上 40,000円未満",,"20,000円以上 30,000円未満",,"10,000円以上 20,000円未満","20,000円以上 30,000円未満",,,,,,,,,,5,5,,設備やスタッフの方の対応が親切でした,,,,8,機会があれば行きたい,,福井駅前 エリア（宿泊施設）,,ふれあいパーク三里浜(道の駅「みくに」),,東尋坊,,000000,福井駅前 エリア（宿泊施設）,1982,44,,2月,02.福井駅前 エリア（宿泊施設）,,ご飯が美味しくて景色が綺麗で値段も手頃で人が優しかったです
福井,2026/02/10 17:54:10,東京都,男,30代,,600万円以上 700万円未満,恋人,3泊,福井県外には宿泊しない,,3泊,,,,,,,,,新幹線,0,0,1,0,0,0,0,レンタカー,0,0,0,0,4,駐車場があるから,,2～5回目,2～5回目,その他,0,0,0,0,0,0,0,0,0,0,0,0,0,0,0,0,0,1,その他,0,0,0,0,0,0,0,0,0,0,0,0,0,0,0,0,0,0,0,0,0,0,0,0,1,,,,"50,000円以上 100,000円未満",,"50,000円以上 100,000円未満",,"1,000円以上 3,000円未満","50,000円以上 100,000円未満",,,,,,,,,,4,4,,ポケふたがあるから,,,,8,機会があれば行きたい,,道の駅「禅の里」 エリア,,大本山永平寺,,勝山城博物館,,000000,かつやま恐竜の森 エリア,1988,38,,2月,35.道の駅「禅の里」 エリア,,カイリューとのコラボ
福井,2026/02/10 17:51:52,東京都,男,30代,,300万円以上 400万円未満,友人,3泊,福井県外には宿泊しない,,3泊,,,,,,,,,新幹線,0,0,1,0,0,0,0,レンタカー,0,0,0,0,4,,,2～5回目,2～5回目,その他,0,0,0,0,0,0,0,0,0,0,0,0,0,0,0,0,0,1,その他,0,0,0,0,0,0,0,0,0,0,0,0,0,0,0,0,0,0,0,0,0,0,0,0,1,,,,"30,000円以上 40,000円未満",,"10,000円以上 20,000円未満",,使わない,"50,000円以上 100,000円未満",,,,,,,,,,4,4,,,,,,5,また行きたい（1年以内）,,道の駅「禅の里」 エリア,,敦賀鉄道資料館（旧敦賀港駅舎 ）,,勝山城博物館,,000000,web,1990,36,,2月,35.道の駅「禅の里」 エリア,,
福井,2026/02/10 14:38:10,東京都,女,50代,,分からない/無回答,夫婦2人,2泊,あわら温泉,,2泊,,,,,,,,,新幹線,0,0,1,0,0,0,0,路線バス,0,1,0,0,5,福井駅からアクセスしやすいから,,初めて,初めて,温泉や露天風呂地元の美味しいものを食べる名所、旧跡の観光,0,1,1,0,1,0,0,0,0,0,0,0,0,0,0,0,0,0,インターネット・アプリ,0,0,0,0,0,0,0,0,0,0,1,0,0,0,0,0,0,0,0,0,0,0,0,0,0,,,,"50,000円以上 100,000円未満",,"100,000円以上",,"1,000円以上 3,000円未満","100,000円以上",,,,,,,,,,3,3,,,,,,6,機会があれば行きたい,,大本山 永平寺 エリア,,選択なし/該当施設なし,,選択なし/該当施設なし,,000000,大本山 永平寺 エリア,1973,53,,2月,34.大本山 永平寺 エリア,,
福井,2026/02/10 13:39:49,奈良県,女,50代,,100万円未満,夫婦2人,1泊,福井県外には宿泊しない,,1泊,,,,,,,,,自家用車,1,0,0,0,0,0,0,自家用車,0,0,0,0,3,,,初めて,初めて,温泉や露天風呂地元の美味しいものを食べる名所、旧跡の観光,0,1,1,0,1,0,0,0,0,0,0,0,0,0,0,0,0,0,インターネット・アプリ,0,0,0,0,0,0,0,0,0,0,1,0,0,0,0,0,0,0,0,0,0,0,0,0,0,,,,"10,000円以上 20,000円未満",,"20,000円以上 30,000円未満",,"3,000円以上 5,000円未満","20,000円以上 30,000円未満",,,,,,,,,,5,5,,,,,,10,機会があれば行きたい,,大本山 永平寺 エリア,,越前大仏,芦原温泉,選択なし/該当施設なし,,000000,大本山 永平寺 エリア,1974,52,,2月,34.大本山 永平寺 エリア,,永平寺も素敵で、お蕎麦も美味しかったから
福井,2026/02/10 13:04:44,兵庫県,女,40代,,600万円以上 700万円未満,親,1泊,石川県加賀市,,福井県内には宿泊しない,,,,,,,,,自家用車,1,0,0,0,0,0,0,自家用車,0,0,0,0,,,,初めて,初めて,宿でのんびり過ごす温泉や露天風呂地元の美味しいものを食べる,1,1,1,0,0,0,0,0,0,0,0,0,0,0,0,0,0,0,インターネット・アプリ友人・知人,0,0,0,0,0,0,0,0,0,0,1,0,0,0,0,0,0,0,1,0,0,0,0,0,0,,,,"5,000円以上 10,000円未満",,使わない,,"3,000円以上 5,000円未満","5,000円以上 10,000円未満",,,,,,,,,,2,2,,店が少ない,,,,6,機会があれば行きたい,,日本海さかな街 エリア,,選択なし/該当施設なし,,選択なし/該当施設なし,,000000,日本海さかな街 エリア,1980,46,,2月,61.日本海さかな街 エリア,,オーガニック店が充実していること
福井,2026/02/10 13:01:16,東京都,女,60代,,400万円以上 500万円未満,夫婦2人,3泊,京都府,,1泊,,,,,,,,,旅行会社ツアーバス,0,0,0,0,0,1,0,旅行会社ツアーバス,0,0,0,0,4,ツアーなので楽,,初めて,初めて,宿でのんびり過ごす,1,0,0,0,0,0,0,0,0,0,0,0,0,0,0,0,0,0,新聞・雑誌・ガイドブック,0,0,0,0,0,0,0,0,0,0,0,0,0,0,0,0,1,0,0,0,0,0,0,0,0,,,,"10,000円以上 20,000円未満",,"10,000円以上 20,000円未満",,"3,000円以上 5,000円未満","3,000円以上 5,000円未満",,,,,,,,,,4,4,,,,,,6,また行きたい（1年以内）,,日本海さかな街 エリア,,天橋立（京都府）,箸工房,選択なし/該当施設なし,,000000,日本海さかな街 エリア,1963,63,,2月,61.日本海さかな街 エリア,,
福井,2026/02/10 12:53:54,福井県,女,30代,,400万円以上 500万円未満,自分ひとり,日帰り,石川県金沢市,,福井県内には宿泊しない,,,,,,,,,在来線,0,0,0,1,0,0,0,在来線,0,0,0,0,,,,11回目以上,11回目以上,温泉や露天風呂,0,1,0,0,0,0,0,0,0,0,0,0,0,0,0,0,0,0,TV・ラジオ番組やCM,0,0,0,0,0,0,0,0,0,0,0,0,0,0,1,0,0,0,0,0,0,0,0,0,0,,,,使わない,,使わない,,使わない,使わない,,,,,,,,,,4,5,,,,,,5,,,JR敦賀駅前 エリア,,選択なし/該当施設なし,,選択なし/該当施設なし,,000000,JR敦賀駅前 エリア,1987,39,,2月,63.JR敦賀駅前 エリア,,
福井,2026/02/10 12:46:11,京都府,女,20代,,分からない/無回答,自分ひとり,1泊,福井県外には宿泊しない,,1泊,,,,,,,,,在来線,0,0,0,1,0,0,0,在来線,0,0,0,0,4,,,11回目以上,11回目以上,地元の美味しいものを食べる,0,0,1,0,0,0,0,0,0,0,0,0,0,0,0,0,0,0,友人・知人,0,0,0,0,0,0,0,0,0,0,0,0,0,0,0,0,0,0,1,0,0,0,0,0,0,,,,"5,000円以上 10,000円未満",,使わない,,使わない,"1,000円以上 3,000円未満",,,,,,,,,,4,4,,,,,,8,また行きたい（1年以内）,,福井駅前 エリア,,選択なし/該当施設なし,,選択なし/該当施設なし,,000000,web,2004,22,,2月,01.福井駅前 エリア,,
福井,2026/02/10 12:35:18,京都府,女,20代,,分からない/無回答,自分ひとり,1泊,福井県外には宿泊しない,,1泊,,,,,,,,,新幹線在来線,0,0,1,1,0,0,0,自家用車,0,0,0,0,,,,初めて,初めて,地元の美味しいものを食べる,0,0,1,0,0,0,0,0,0,0,0,0,0,0,0,0,0,0,友人・知人,0,0,0,0,0,0,0,0,0,0,0,0,0,0,0,0,0,0,1,0,0,0,0,0,0,,,,"5,000円以上 10,000円未満",,使わない,,"1,000円以上 3,000円未満","1,000円以上 3,000円未満",,,,,,,,,,4,5,,,,,,8,また行きたい（1年以内）,,ふくい鮮いちば エリア,,選択なし/該当施設なし,,選択なし/該当施設なし,,000000,web,2004,22,,2月,05.ふくい鮮いちば エリア,,
福井,2026/02/10 12:34:50,大阪府,女,30代,,200万円以上 300万円未満,その他家族,1泊,福井県外には宿泊しない,,1泊,,,,,,,,,自家用車,1,0,0,0,0,0,0,自家用車,0,0,0,0,5,,,2～5回目,2～5回目,テーマパーク（遊園地、動物園、博物館など）,0,0,0,0,0,1,0,0,0,0,0,0,0,0,0,0,0,0,インターネット・アプリ,0,0,0,0,0,0,0,0,0,0,1,0,0,0,0,0,0,0,0,0,0,0,0,0,0,,,,"20,000円以上 30,000円未満",,"20,000円以上 30,000円未満",,"1,000円以上 3,000円未満","20,000円以上 30,000円未満",,,,,,,,,,5,5,,,,,,5,機会があれば行きたい,,かつやま恐竜の森 エリア,,選択なし/該当施設なし,,選択なし/該当施設なし,,000000,かつやま恐竜の森 エリア,1988,38,,2月,25.かつやま恐竜の森 エリア,勝山市観光まちづくり(株),
福井,2026/02/10 12:30:31,神奈川県,女,50代,,700万円以上 800万円未満,自分ひとり,日帰り,福井県外には宿泊しない,,福井県内には宿泊しない,,,,,,,,,自家用車,1,0,0,0,0,0,0,自家用車,0,0,0,0,,,,初めて,初めて,まちあるき、都市散策,0,0,0,0,0,0,0,0,0,0,1,0,0,0,0,0,0,0,タクシードライバーや地元の人,0,0,0,0,0,0,0,0,0,0,0,0,0,0,0,0,0,0,0,1,0,0,0,0,0,,,,"5,000円以上 10,000円未満",,"3,000円以上 5,000円未満",,"1,000円未満","3,000円以上 5,000円未満",,,,,,,,,,4,4,,,,,,7,福井県在住,,美浜町レイクセンター エリア,,選択なし/該当施設なし,,選択なし/該当施設なし,,000000,道の駅「禅の里」 エリア,1971,55,,2月,75.美浜町レイクセンター エリア,三方五湖DMO(株),
福井,2026/02/10 12:28:34,大阪府,無回答,30代,,500万円以上 600万円未満,その他家族,1泊,福井県外には宿泊しない,,1泊,,,,,,,,,自家用車,1,0,0,0,0,0,0,自家用車,0,0,0,0,,,,初めて,初めて,温泉や露天風呂テーマパーク（遊園地、動物園、博物館など）,0,1,0,0,0,1,0,0,0,0,0,0,0,0,0,0,0,0,友人・知人,0,0,0,0,0,0,0,0,0,0,0,0,0,0,0,0,0,0,1,0,0,0,0,0,0,,,,"3,000円以上 5,000円未満",,"10,000円以上 20,000円未満",,"10,000円以上 20,000円未満","10,000円以上 20,000円未満",,,,,,,,,,4,4,,,,,,7,また行きたい（1年以内）,,かつやま恐竜の森 エリア,,和倉温泉郷（石川県）,,選択なし/該当施設なし,,000000,かつやま恐竜の森 エリア,1988,38,,2月,25.かつやま恐竜の森 エリア,勝山市観光まちづくり(株),
福井,2026/02/10 12:04:11,兵庫県,女,40代,,800万円以上 900万円未満,友人,1泊,石川県加賀市,,福井県内には宿泊しない,,,,,,,,,旅行会社ツアーバス,0,0,0,0,0,1,0,自家用車レンタカー,0,0,0,0,4,漆塗りの食器が安く買えた,,初めて,初めて,宿でのんびり過ごす温泉や露天風呂地元の美味しいものを食べる,1,1,1,0,0,0,0,0,0,0,0,0,0,0,0,0,0,0,インターネット・アプリInstagram友人・知人,0,0,0,1,0,0,0,0,0,0,1,0,0,0,0,0,0,0,1,0,0,0,0,0,0,,,,"5,000円以上 10,000円未満",,"10,000円以上 20,000円未満",,"5,000円以上 10,000円未満","3,000円以上 5,000円未満",,,,,,,,,,4,4,,海鮮も食べれた,,,,7,また行きたい（1年以内）,,日本海さかな街 エリア,,選択なし/該当施設なし,,選択なし/該当施設なし,,000000,日本海さかな街 エリア,1980,46,,2月,61.日本海さかな街 エリア,,
福井,2026/02/10 11:29:12,東京都,男,30代,,300万円以上 400万円未満,友人,3泊,福井県外には宿泊しない,,3泊,,,,,,,,,新幹線,0,0,1,0,0,0,0,レンタカー,0,0,0,0,4,カイリューのポケふたがあるから,,2～5回目,2～5回目,その他,0,0,0,0,0,0,0,0,0,0,0,0,0,0,0,0,0,1,その他,0,0,0,0,0,0,0,0,0,0,0,0,0,0,0,0,0,0,0,0,0,0,0,0,1,,,,"30,000円以上 40,000円未満",,"10,000円以上 20,000円未満",,"1,000円以上 3,000円未満","50,000円以上 100,000円未満",,,,,,,,,,4,4,,施設が綺麗なので,,,,5,また行きたい（1年以内）,,道の駅「南えちぜん山海里」 エリア,,敦賀赤レンガ倉庫,カイリューのポケふた,選択なし/該当施設なし,,000000,web,1990,36,,2月,58.道の駅「南えちぜん山海里」 エリア,,
福井,2026/02/10 11:28:53,東京都,男,30代,,600万円以上 700万円未満,恋人,3泊,福井県外には宿泊しない,,3泊,,,,,,,,,新幹線,0,0,1,0,0,0,0,レンタカー,0,0,0,0,4,駐車場が広いから,,2～5回目,2～5回目,その他,0,0,0,0,0,0,0,0,0,0,0,0,0,0,0,0,0,1,その他,0,0,0,0,0,0,0,0,0,0,0,0,0,0,0,0,0,0,0,0,0,0,0,0,1,,,,"50,000円以上 100,000円未満",,"50,000円以上 100,000円未満",,"1,000円以上 3,000円未満","50,000円以上 100,000円未満",,,,,,,,,,4,4,,トイレが綺麗ポケふたがあるから,,,,8,機会があれば行きたい,,道の駅「南えちぜん山海里」 エリア,,大本山永平寺,,越前がにミュージアム,,000000,かつやま恐竜の森 エリア,1988,38,,2月,58.道の駅「南えちぜん山海里」 エリア,,カイリューグッズ
福井,2026/02/10 10:58:29,愛知県,男,60代,,200万円以上 300万円未満,自分ひとり,日帰り,福井県外には宿泊しない,,福井県内には宿泊しない,,,,,,,,,自家用車,1,0,0,0,0,0,0,自家用車,0,0,0,0,,,,11回目以上,11回目以上,温泉や露天風呂地元の美味しいものを食べるドライブ・ツーリング,0,1,1,0,0,0,0,0,0,0,0,0,0,0,1,0,0,0,その他,0,0,0,0,0,0,0,0,0,0,0,0,0,0,0,0,0,0,0,0,0,0,0,0,1,,,,"5,000円以上 10,000円未満",,使わない,,"1,000円以上 3,000円未満","3,000円以上 5,000円未満",,,,,,,,,,5,5,,どの施設も感じ良く豊富に商品があった。,,,,8,また行きたい（1年以内）,,道の駅「南えちぜん山海里」 エリア,,選択なし/該当施設なし,,選択なし/該当施設なし,,000000,道の駅「南えちぜん山海里」 エリア,1959,67,,2月,58.道の駅「南えちぜん山海里」 エリア,,海鮮類の土産。
福井,2026/02/10 08:55:06,福井県,女,40代,,300万円以上 400万円未満,小学生以下連れの家族,日帰り,福井県外には宿泊しない,,福井県内には宿泊しない,,,,,,,,,自家用車,1,0,0,0,0,0,0,自家用車,0,0,0,0,4,,,2～5回目,2～5回目,地元の美味しいものを食べるお祭りやイベントへの参加・見物スキー・スノボ、マリンスポーツ,0,0,1,0,0,0,0,1,0,0,0,0,1,0,0,0,0,0,友人・知人,0,0,0,0,0,0,0,0,0,0,0,0,0,0,0,0,0,0,1,0,0,0,0,0,0,,,,"1,000円未満",,使わない,,"1,000円以上 3,000円未満","5,000円以上 10,000円未満",,,,,,,,,,4,4,,,,,,8,また行きたい（1年以内）,,竹田エリア,,竹田水車メロディパーク,,選択なし/該当施設なし,,000000,まちの市場 こってコテいけだ エリア,1979,47,,2月,91.竹田エリア,(一社)DMOさかい観光局,ちくちくぼんぼん、そり遊びが楽しかった。食べ物も購入でき、施設も綺麗で、子供連れにはとても良かった。
福井,2026/02/10 08:37:40,愛知県,女,30代,,分からない/無回答,親,1泊,福井県外には宿泊しない,,1泊,,,,,,,,,自家用車,1,0,0,0,0,0,0,自家用車,0,0,0,0,,,,初めて,初めて,地元の美味しいものを食べる名所、旧跡の観光買い物、アウトレットまちあるき、都市散策,0,0,1,0,1,0,1,0,0,0,1,0,0,0,0,0,0,0,新聞・雑誌・ガイドブック観光連盟やDMOのHPインターネット・アプリTwitterInstagram観光協会等の案内所宿泊施設,0,0,0,1,0,1,0,0,0,0,1,0,0,1,0,0,1,0,0,0,0,1,0,1,0,,,,"5,000円以上 10,000円未満",,"10,000円以上 20,000円未満",,"10,000円以上 20,000円未満","20,000円以上 30,000円未満",,,,,,,,,,5,4,,良い雰囲気の街のなかにある昔の良さを残した一棟貸しに泊まれて、非日常感を楽しめました。昔の名残のガラスや道具などがあり部屋内を見回すのが楽しかったです。,,,,10,また行きたい（1年以内）,,小浜 エリア（宿泊施設）,,箸のふるさと館WAKASA,,小浜市水産食品センター（若狭小浜お魚センター）,,000000,小浜 エリア（宿泊施設）,1988,38,,2月,69.小浜 エリア（宿泊施設）,(株)まちづくり小浜,海鮮などごはんがおいしい！お箸の買い物やカフェや小浜の町並みなど、見どころが近隣にたくさんある
福井,2026/02/10 08:06:53,北海道,女,60代,,500万円以上 600万円未満,自分ひとり,4泊以上,福井県外には宿泊しない,,4泊以上,,,,,,,,,飛行機,0,0,0,0,1,0,0,レンタカー,0,0,0,0,5,,,初めて,初めて,その他,0,0,0,0,0,0,0,0,0,0,0,0,0,0,0,0,0,1,宿泊施設,0,0,0,0,0,0,0,0,0,0,0,0,0,1,0,0,0,0,0,0,0,0,0,0,0,,,,"50,000円以上 100,000円未満",,"5,000円以上 10,000円未満",,"1,000円未満","50,000円以上 100,000円未満",,,,,,,,,,5,4,,,,,,10,機会があれば行きたい,,メガネストリート エリア,,道の駅「西山公園」,,うるしの里,,000000,web,1962,64,,2月,45.メガネストリート エリア,,
福井,2026/02/10 07:57:07,北海道,女,60代,,500万円以上 600万円未満,自分ひとり,4泊以上,福井県外には宿泊しない,,4泊以上,,,,,,,,,レンタカー飛行機,0,1,0,0,1,0,0,レンタカー,0,0,0,0,4,漆の説明がとても丁寧。自由観覧だからか、人が事務所から出てくるでもなく、あいさつも控えめ。もう少しお相手していただくと財布のヒモも緩むのに。,,初めて,初めて,地元の美味しいものを食べるテーマパーク（遊園地、動物園、博物館など）その他,0,0,1,0,0,1,0,0,0,0,0,0,0,0,0,0,0,1,観光連盟やDMOのHPインターネット・アプリ宿泊施設,0,0,0,0,0,0,0,0,0,0,1,0,0,1,0,0,0,0,0,0,0,0,0,1,0,,,,"50,000円以上 100,000円未満",,"5,000円以上 10,000円未満",,使わない,"50,000円以上 100,000円未満",,,,,,,,,,4,4,,,,,,8,機会があれば行きたい,,うるしの里 エリア,,うるしの里,,越前大野城,,000000,web,1962,64,,2月,46.うるしの里 エリア,,漆の説明がどこよりも丁寧。
福井,2026/02/10 02:02:05,東京都,女,50代,,"1,500万円以上",その他家族,2泊,福井県外には宿泊しない,,2泊,,,,,,,,,自家用車,1,0,0,0,0,0,0,自家用車,0,0,0,0,,,,初めて,初めて,温泉や露天風呂地元の美味しいものを食べるスポーツ観戦や芸能鑑賞（コンサート等）,0,1,1,0,0,0,0,0,1,0,0,0,0,0,0,0,0,0,観光パンフレット・ポスターインターネット・アプリ,0,0,0,0,0,0,0,0,0,0,1,0,0,0,0,0,0,0,0,0,1,0,0,0,0,,,,"10,000円以上 20,000円未満",,"50,000円以上 100,000円未満",,"5,000円以上 10,000円未満","30,000円以上 40,000円未満",,,,,,,,,,3,3,,,,,,6,機会があれば行きたい,,道の駅「恐竜渓谷かつやま」 エリア,,福井県立恐竜博物館,,選択なし/該当施設なし,,000000,web,1972,54,,2月,26.道の駅「恐竜渓谷かつやま」 エリア,勝山市観光まちづくり(株),
福井,2026/02/11 23:37:24,和歌山県,男,50代,,400万円以上 500万円未満,自分ひとり,4泊以上,福井県外には宿泊しない,,4泊以上,,,,,,,,,レンタカー,0,1,0,0,0,0,0,レンタカータクシー,1,0,0,0,5,,,初めて,初めて,出張など仕事関係,0,0,0,0,0,0,0,0,0,0,0,0,0,0,0,0,1,0,友人・知人,0,0,0,0,0,0,0,0,0,0,0,0,0,0,0,0,0,0,1,0,0,0,0,0,0,,,,"50,000円以上 100,000円未満",,"40,000円以上 50,000円未満",,"50,000円以上 100,000円未満","50,000円以上 100,000円未満",,,,,,,,,,5,5,,,,,,10,また行きたい（1年以内）,,小浜 エリア（宿泊施設）,,日本海さかな街,,若狭フィッシャーマンズワーフ,,000000,小浜 エリア（宿泊施設）,1971,55,,2月,69.小浜 エリア（宿泊施設）,(株)まちづくり小浜,
福井,2026/02/11 23:19:20,京都府,女,40代,,400万円以上 500万円未満,夫婦2人,日帰り,福井県外には宿泊しない,,福井県内には宿泊しない,,,,,,,,,自家用車,1,0,0,0,0,0,0,自家用車,0,0,0,0,,,,2～5回目,2～5回目,スポーツ観戦や芸能鑑賞（コンサート等）,0,0,0,0,0,0,0,0,1,0,0,0,0,0,0,0,0,0,観光パンフレット・ポスター,0,0,0,0,0,0,0,0,0,0,0,0,0,0,0,0,0,0,0,0,1,0,0,0,0,,,,"3,000円以上 5,000円未満",,使わない,,使わない,"5,000円以上 10,000円未満",,,,,,,,,,4,4,,施設が綺麗だった,,,,8,また行きたい（1年以内）,,福井駅前 エリア,,道の駅「名田庄」,,道の駅「名田庄」,,000000,レインボーライン エリア,1984,42,,2月,01.福井駅前 エリア,,駅中を進めたいお土産が充実している
福井,2026/02/11 23:10:13,京都府,男,40代,,300万円以上 400万円未満,夫婦2人,日帰り,福井県外には宿泊しない,,福井県内には宿泊しない,,,,,,,,,自家用車,1,0,0,0,0,0,0,自家用車,0,0,0,0,,,,2～5回目,2～5回目,地元の美味しいものを食べる買い物、アウトレットお祭りやイベントへの参加・見物,0,0,1,0,0,0,1,1,0,0,0,0,0,0,0,0,0,0,Instagram,0,0,0,1,0,0,0,0,0,0,0,0,0,0,0,0,0,0,0,0,0,0,0,0,0,,,,"3,000円以上 5,000円未満",,使わない,,"1,000円以上 3,000円未満","10,000円以上 20,000円未満",,,,,,,,,,5,5,,,,,,9,また行きたい（1年以内）,,福井駅前 エリア,,道の駅「南えちぜん山海里」,,若狭瓜割名水公園 瓜割の滝,,000000,web,1981,45,,2月,01.福井駅前 エリア,,
福井,2026/02/11 19:35:54,大阪府,女,20代,,100万円未満,恋人,1泊,福井県外には宿泊しない,,1泊,,,,,,,,,自家用車,1,0,0,0,0,0,0,自家用車,0,0,0,0,5,,,初めて,初めて,宿でのんびり過ごす温泉や露天風呂地元の美味しいものを食べる花見や紅葉などの自然鑑賞名所、旧跡の観光,1,1,1,1,1,0,0,0,0,0,0,0,0,0,0,0,0,0,インターネット・アプリInstagram宿泊施設,0,0,0,1,0,0,0,0,0,0,1,0,0,1,0,0,0,0,0,0,0,0,0,0,0,,,,"5,000円以上 10,000円未満",,"10,000円以上 20,000円未満",,"3,000円以上 5,000円未満","5,000円以上 10,000円未満",,,,,,,,,,5,5,,,,,,10,また行きたい（1年以内）,,あわら湯のまち エリア,,越前松島水族館,,福井県立恐竜博物館,,000000,web,2003,23,,2月,17.あわら湯のまち エリア,,とても、良い街！
福井,2026/02/11 19:31:03,福井県,女,40代,,分からない/無回答,自分ひとり,日帰り,福井県外には宿泊しない,,福井県内には宿泊しない,,,,,,,,,自家用車,1,0,0,0,0,0,0,自家用車,0,0,0,0,4,駐車場に停めやすい,,11回目以上,11回目以上,買い物、アウトレット,0,0,0,0,0,0,1,0,0,0,0,0,0,0,0,0,0,0,インターネット・アプリInstagram,0,0,0,1,0,0,0,0,0,0,1,0,0,0,0,0,0,0,0,0,0,0,0,0,0,,,,"1,000円未満",,使わない,,"1,000円以上 3,000円未満","1,000円以上 3,000円未満",,,,,,,,,,2,2,,お店を増やして欲しい,,,,4,また行きたい（1年以内）,,福井駅前 エリア,,選択なし/該当施設なし,,選択なし/該当施設なし,,000000,web,1977,49,,2月,01.福井駅前 エリア,,お土産売り場は充実していて県外の人にはおすすめしたい
福井,2026/02/11 19:29:29,福井県,女,60代,,400万円以上 500万円未満,夫婦2人,日帰り,福井県外には宿泊しない,,福井県内には宿泊しない,,,,,,,,,自家用車,1,0,0,0,0,0,0,自家用車,0,0,0,0,4,,,6～10回目,6～10回目,買い物、アウトレット,0,0,0,0,0,0,1,0,0,0,0,0,0,0,0,0,0,0,観光パンフレット・ポスター,0,0,0,0,0,0,0,0,0,0,0,0,0,0,0,0,0,0,0,0,1,0,0,0,0,,,,"1,000円未満",,"3,000円以上 5,000円未満",,"1,000円未満","5,000円以上 10,000円未満",,,,,,,,,,4,4,,,,,,7,機会があれば行きたい,,道の駅「パークイン丹生ヶ丘」 エリア,,まちの市場 こってコテいけだ,,選択なし/該当施設なし,,000000,web,1959,67,,2月,50.道の駅「パークイン丹生ヶ丘」 エリア,一般社団法人 越前町観光連盟（DMO ECHIZEN）,
福井,2026/02/11 18:02:18,東京都,男,60代,,200万円以上 300万円未満,夫婦2人,1泊,福井県外には宿泊しない,,1泊,,,,,,,,,新幹線,0,0,1,0,0,0,0,レンタカー,0,0,0,0,4,道路の除雪がしっかりとなされていて、安心して車を運転できた。,,2～5回目,2～5回目,温泉や露天風呂地元の美味しいものを食べる,0,1,1,0,0,0,0,0,0,0,0,0,0,0,0,0,0,0,インターネット・アプリ,0,0,0,0,0,0,0,0,0,0,1,0,0,0,0,0,0,0,0,0,0,0,0,0,0,,,,"30,000円以上 40,000円未満",,"20,000円以上 30,000円未満",,"20,000円以上 30,000円未満","10,000円以上 20,000円未満",,,,,,,,,,4,4,,雪の永平寺は趣があって良かった。ガイド付きツアーがあると、もっと勉強になって良かった気がする。ビデオはあったが、やはり人による説明が良い。,,,,9,機会があれば行きたい,,大本山 永平寺 エリア,,福井県立恐竜博物館,,東尋坊,,000000,大本山 永平寺 エリア,1961,65,,2月,34.大本山 永平寺 エリア,,永平寺の駐車場は、手前の町営ではなくもっと進んだお土産屋さんの駐車場の方が便利なので、それをアドバイスしたい。
福井,2026/02/11 16:48:01,大阪府,男,50代,,"1,200万円以上 1,500万円未満",中学生以上連れの家族,日帰り,福井県外には宿泊しない,,福井県内には宿泊しない,,,,,,,,,自家用車,1,0,0,0,0,0,0,自家用車,0,0,0,0,4,,,初めて,初めて,温泉や露天風呂地元の美味しいものを食べるドライブ・ツーリング,0,1,1,0,0,0,0,0,0,0,0,0,0,0,1,0,0,0,インターネット・アプリ,0,0,0,0,0,0,0,0,0,0,1,0,0,0,0,0,0,0,0,0,0,0,0,0,0,,,,"1,000円以上 3,000円未満",,"5,000円以上 10,000円未満",,"3,000円以上 5,000円未満","3,000円以上 5,000円未満",,,,,,,,,,4,4,,,,,,7,機会があれば行きたい,,金ヶ崎 エリア,,敦賀赤レンガ倉庫,,若狭フィッシャーマンズワーフ,,000000,金ヶ崎 エリア,1973,53,,2月,64.金ヶ崎 エリア,,
福井,2026/02/11 16:01:06,富山県,女,30代,,700万円以上 800万円未満,小学生以下連れの家族,日帰り,福井県外には宿泊しない,,福井県内には宿泊しない,,,,,,,,,自家用車,1,0,0,0,0,0,0,自家用車,0,0,0,0,5,,,初めて,初めて,テーマパーク（遊園地、動物園、博物館など）,0,0,0,0,0,1,0,0,0,0,0,0,0,0,0,0,0,0,インターネット・アプリ,0,0,0,0,0,0,0,0,0,0,1,0,0,0,0,0,0,0,0,0,0,0,0,0,0,,,,"3,000円以上 5,000円未満",,使わない,,"1,000円未満","10,000円以上 20,000円未満",,,,,,,,,,5,3,,,,,,8,機会があれば行きたい,,道の駅「恐竜渓谷かつやま」 エリア,,選択なし/該当施設なし,,選択なし/該当施設なし,,000000,web,1993,33,,2月,26.道の駅「恐竜渓谷かつやま」 エリア,勝山市観光まちづくり(株),
福井,2026/02/11 15:57:27,大阪府,男,20代,,300万円以上 400万円未満,その他家族,日帰り,福井県外には宿泊しない,,福井県内には宿泊しない,,,,,,,,,在来線旅行会社ツアーバス,0,0,0,1,0,1,0,在来線旅行会社ツアーバス,0,0,0,0,5,,,初めて,初めて,地元の美味しいものを食べる,0,0,1,0,0,0,0,0,0,0,0,0,0,0,0,0,0,0,観光展・物産展,0,0,0,0,0,0,0,0,0,0,0,0,0,0,0,0,0,0,0,0,0,0,1,0,0,,,,使わない,,使わない,,使わない,使わない,,,,,,,,,,5,5,,,,,,10,,,若狭高浜 エリア,,選択なし/該当施設なし,,選択なし/該当施設なし,,000000,若狭高浜 エリア,2005,21,,2月,90.若狭高浜 エリア,,
福井,2026/02/11 15:56:25,富山県,男,30代,,700万円以上 800万円未満,小学生以下連れの家族,日帰り,福井県外には宿泊しない,,福井県内には宿泊しない,,,,,,,,,自家用車,1,0,0,0,0,0,0,自家用車,0,0,0,0,5,,,初めて,初めて,テーマパーク（遊園地、動物園、博物館など）,0,0,0,0,0,1,0,0,0,0,0,0,0,0,0,0,0,0,インターネット・アプリ,0,0,0,0,0,0,0,0,0,0,1,0,0,0,0,0,0,0,0,0,0,0,0,0,0,,,,"10,000円以上 20,000円未満",,使わない,,"1,000円未満","5,000円以上 10,000円未満",,,,,,,,,,5,5,,,,,,10,,,道の駅「恐竜渓谷かつやま」 エリア,,福井県立恐竜博物館,,選択なし/該当施設なし,,000000,かつやま恐竜の森 エリア,1992,34,,2月,26.道の駅「恐竜渓谷かつやま」 エリア,勝山市観光まちづくり(株),
福井,2026/02/11 15:47:29,兵庫県,男,60代,,200万円以上 300万円未満,恋人,1泊,福井県外には宿泊しない,,1泊,,,,,,,,,自家用車,1,0,0,0,0,0,0,自家用車,0,0,0,0,,,,2～5回目,2～5回目,友人・親戚を尋ねる,0,0,0,0,0,0,0,0,0,0,0,0,0,0,0,1,0,0,インターネット・アプリ,0,0,0,0,0,0,0,0,0,0,1,0,0,0,0,0,0,0,0,0,0,0,0,0,0,,,,"5,000円以上 10,000円未満",,"3,000円以上 5,000円未満",,"3,000円以上 5,000円未満","5,000円以上 10,000円未満",,,,,,,,,,4,4,,,,,,6,また行きたい（1年以内）,,道の駅みくに ふれあいパーク三里浜 エリア,,選択なし/該当施設なし,,選択なし/該当施設なし,,000000,道の駅みくに ふれあいパーク三里浜 エリア,1962,64,,2月,15.道の駅みくに ふれあいパーク三里浜 エリア,(一社)DMOさかい観光局,
福井,2026/02/11 15:33:09,福井県,女,50代,,300万円以上 400万円未満,友人,1泊,福井県外には宿泊しない,,1泊,,,,,,,,,自家用車,1,0,0,0,0,0,0,自家用車,0,0,0,0,3,,,11回目以上,11回目以上,地元の美味しいものを食べる,0,0,1,0,0,0,0,0,0,0,0,0,0,0,0,0,0,0,インターネット・アプリ,0,0,0,0,0,0,0,0,0,0,1,0,0,0,0,0,0,0,0,0,0,0,0,0,0,,,,"1,000円以上 3,000円未満",,"3,000円以上 5,000円未満",,"3,000円以上 5,000円未満","3,000円以上 5,000円未満",,,,,,,,,,3,3,,,,,,5,どちらともいえない,,道の駅みくに ふれあいパーク三里浜 エリア,,選択なし/該当施設なし,,選択なし/該当施設なし,,000000,web,1967,59,,2月,15.道の駅みくに ふれあいパーク三里浜 エリア,(一社)DMOさかい観光局,
福井,2026/02/11 15:23:30,富山県,男,30代,,700万円以上 800万円未満,小学生以下連れの家族,日帰り,福井県外には宿泊しない,,福井県内には宿泊しない,,,,,,,,,自家用車,1,0,0,0,0,0,0,自家用車,0,0,0,0,5,,,2～5回目,2～5回目,テーマパーク（遊園地、動物園、博物館など）,0,0,0,0,0,1,0,0,0,0,0,0,0,0,0,0,0,0,インターネット・アプリ,0,0,0,0,0,0,0,0,0,0,1,0,0,0,0,0,0,0,0,0,0,0,0,0,0,,,,"10,000円以上 20,000円未満",,使わない,,"5,000円以上 10,000円未満","5,000円以上 10,000円未満",,,,,,,,,,5,5,,,,,,10,,,かつやま恐竜の森 エリア,,福井県立恐竜博物館,,選択なし/該当施設なし,,000000,かつやま恐竜の森 エリア,1992,34,,2月,25.かつやま恐竜の森 エリア,勝山市観光まちづくり(株),
福井,2026/02/11 15:20:54,京都府,女,50代,,"1,500万円以上",恋人,1泊,福井県外には宿泊しない,,1泊,,,,,,,,,新幹線在来線,0,0,1,1,0,0,0,レンタカー,0,0,0,0,4,,,初めて,初めて,温泉や露天風呂地元の美味しいものを食べる,0,1,1,0,0,0,0,0,0,0,0,0,0,0,0,0,0,0,観光展・物産展,0,0,0,0,0,0,0,0,0,0,0,0,0,0,0,0,0,0,0,0,0,0,1,0,0,,,,"5,000円以上 10,000円未満",,"10,000円以上 20,000円未満",,"1,000円以上 3,000円未満","3,000円以上 5,000円未満",,,,,,,,,,4,4,,,,,,8,,,道の駅みくに ふれあいパーク三里浜 エリア,,選択なし/該当施設なし,,選択なし/該当施設なし,,000000,道の駅みくに ふれあいパーク三里浜 エリア,1969,57,,2月,15.道の駅みくに ふれあいパーク三里浜 エリア,(一社)DMOさかい観光局,
福井,2026/02/11 15:18:50,富山県,女,30代,,700万円以上 800万円未満,小学生以下連れの家族,日帰り,福井県外には宿泊しない,,福井県内には宿泊しない,,,,,,,,,自家用車,1,0,0,0,0,0,0,自家用車,0,0,0,0,,,,2～5回目,2～5回目,テーマパーク（遊園地、動物園、博物館など）,0,0,0,0,0,1,0,0,0,0,0,0,0,0,0,0,0,0,インターネット・アプリ,0,0,0,0,0,0,0,0,0,0,1,0,0,0,0,0,0,0,0,0,0,0,0,0,0,,,,"3,000円以上 5,000円未満",,使わない,,"10,000円以上 20,000円未満","10,000円以上 20,000円未満",,,,,,,,,,4,4,,,,,,7,機会があれば行きたい,,かつやま恐竜の森 エリア,,選択なし/該当施設なし,,選択なし/該当施設なし,,000000,web,1993,33,,2月,25.かつやま恐竜の森 エリア,勝山市観光まちづくり(株),
福井,2026/02/11 15:16:34,福井県,男,10歳未満,,"1,200万円以上 1,500万円未満",小学生以下連れの家族,日帰り,福井県外には宿泊しない,,福井県内には宿泊しない,,,,,,,,,その他,0,0,0,0,0,0,0,自家用車,0,0,0,0,5,,,2～5回目,2～5回目,お祭りやイベントへの参加・見物,0,0,0,0,0,0,0,1,0,0,0,0,0,0,0,0,0,0,インターネット・アプリ,0,0,0,0,0,0,0,0,0,0,1,0,0,0,0,0,0,0,0,0,0,0,0,0,0,,,,"1,000円未満",,使わない,,"1,000円以上 3,000円未満",使わない,,,,,,,,,,4,5,,,,,,5,福井県在住,,花の駅 ゆりの里公園 エリア,,越前大野城,,選択なし/該当施設なし,,000000,越前松島水族館 エリア,2017,9,,2月,14.花の駅 ゆりの里公園 エリア,(一社)DMOさかい観光局,
福井,2026/02/11 15:13:19,徳島県,女,60代,,200万円以上 300万円未満,夫婦2人,2泊,石川県金沢市,,福井県内には宿泊しない,,,,,,,,,自家用車,1,0,0,0,0,0,0,自家用車,0,0,0,0,,,,2～5回目,2～5回目,地元の美味しいものを食べる買い物、アウトレット,0,0,1,0,0,0,1,0,0,0,0,0,0,0,0,0,0,0,新聞・雑誌・ガイドブックインターネット・アプリ,0,0,0,0,0,0,0,0,0,0,1,0,0,0,0,0,1,0,0,0,0,0,0,0,0,,,,"20,000円以上 30,000円未満",,"5,000円以上 10,000円未満",,"1,000円以上 3,000円未満","5,000円以上 10,000円未満",,,,,,,,,,4,3,,買ったものに満足,,,,7,また行きたい（1年以内）,,JR美浜駅 エリア,,選択なし/該当施設なし,金沢,選択なし/該当施設なし,,000000,JR美浜駅 エリア,1960,66,,2月,79.JR美浜駅 エリア,三方五湖DMO(株),
福井,2026/02/11 15:04:38,福井県,女,40代,,800万円以上 900万円未満,小学生以下連れの家族,日帰り,福井県外には宿泊しない,,福井県内には宿泊しない,,,,,,,,,県外から訪れていない（福井県在住）,0,0,0,0,0,0,1,自家用車,0,0,0,0,,,,2～5回目,2～5回目,テーマパーク（遊園地、動物園、博物館など）,0,0,0,0,0,1,0,0,0,0,0,0,0,0,0,0,0,0,インターネット・アプリ,0,0,0,0,0,0,0,0,0,0,1,0,0,0,0,0,0,0,0,0,0,0,0,0,0,,,,使わない,,"1,000円以上 3,000円未満",,"1,000円以上 3,000円未満","1,000円以上 3,000円未満",,,,,,,,,,5,5,,,,,,9,福井県在住,,芝政ワールド エリア,,選択なし/該当施設なし,,選択なし/該当施設なし,,000000,web,1983,43,,2月,12.芝政ワールド エリア,(一社)DMOさかい観光局,
福井,2026/02/11 14:49:24,高知県,女,20代,,100万円未満,自分ひとり,2泊,石川県金沢市,,1泊,,,,,,,,,新幹線在来線,0,0,1,1,0,0,0,路線バス,0,1,0,0,,,,初めて,初めて,テーマパーク（遊園地、動物園、博物館など）,0,0,0,0,0,1,0,0,0,0,0,0,0,0,0,0,0,0,観光展・物産展,0,0,0,0,0,0,0,0,0,0,0,0,0,0,0,0,0,0,0,0,0,0,1,0,0,,,,"5,000円以上 10,000円未満",,"50,000円以上 100,000円未満",,"1,000円以上 3,000円未満","3,000円以上 5,000円未満",,,,,,,,,,5,5,,,,,,10,,,かつやま恐竜の森 エリア,,選択なし/該当施設なし,,選択なし/該当施設なし,,000000,かつやま恐竜の森 エリア,2004,22,,2月,25.かつやま恐竜の森 エリア,勝山市観光まちづくり(株),
福井,2026/02/11 14:39:12,京都府,女,40代,,"1,200万円以上 1,500万円未満",小学生以下連れの家族,1泊,福井県外には宿泊しない,,1泊,,,,,,,,,自家用車,1,0,0,0,0,0,0,自家用車,0,0,0,0,4,,,2～5回目,2～5回目,テーマパーク（遊園地、動物園、博物館など）スキー・スノボ、マリンスポーツ,0,0,0,0,0,1,0,0,0,0,0,0,1,0,0,0,0,0,友人・知人,0,0,0,0,0,0,0,0,0,0,0,0,0,0,0,0,0,0,1,0,0,0,0,0,0,,,,"3,000円以上 5,000円未満",,"5,000円以上 10,000円未満",,"1,000円以上 3,000円未満","5,000円以上 10,000円未満",,,,,,,,,,5,5,,,,,,8,また行きたい（1年以内）,,かつやま恐竜の森 エリア,,選択なし/該当施設なし,,選択なし/該当施設なし,,000000,かつやま恐竜の森 エリア,1984,42,,2月,25.かつやま恐竜の森 エリア,勝山市観光まちづくり(株),
福井,2026/02/11 14:34:40,岐阜県,男,40代,,"900万円以上 1,000万円未満",小学生以下連れの家族,日帰り,福井県外には宿泊しない,,福井県内には宿泊しない,,,,,,,,,自家用車,1,0,0,0,0,0,0,自家用車,0,0,0,0,4,,,初めて,初めて,テーマパーク（遊園地、動物園、博物館など）,0,0,0,0,0,1,0,0,0,0,0,0,0,0,0,0,0,0,インターネット・アプリ,0,0,0,0,0,0,0,0,0,0,1,0,0,0,0,0,0,0,0,0,0,0,0,0,0,,,,"10,000円以上 20,000円未満",,"10,000円以上 20,000円未満",,"10,000円以上 20,000円未満","10,000円以上 20,000円未満",,,,,,,,,,4,4,,,,,,9,機会があれば行きたい,,かつやま恐竜の森 エリア,,福井県立恐竜博物館,,福井県立恐竜博物館,,000000,かつやま恐竜の森 エリア,1978,48,,2月,25.かつやま恐竜の森 エリア,勝山市観光まちづくり(株),
福井,2026/02/11 14:26:14,福井県,女,60代,,300万円以上 400万円未満,中学生以上連れの家族,日帰り,福井県外には宿泊しない,,福井県内には宿泊しない,,,,,,,,,自家用車,1,0,0,0,0,0,0,自家用車,0,0,0,0,,,,11回目以上,11回目以上,地元の美味しいものを食べる名所、旧跡の観光買い物、アウトレットまちあるき、都市散策,0,0,1,0,1,0,1,0,0,0,1,0,0,0,0,0,0,0,観光展・物産展新聞・雑誌・ガイドブック友人・知人,0,0,0,0,0,0,0,0,0,0,0,0,0,0,0,0,1,0,1,0,0,0,1,0,0,,,,使わない,,使わない,,"5,000円以上 10,000円未満","5,000円以上 10,000円未満",,,,,,,,,,5,5,,,,,,10,福井県在住,,越前大野城・城下町 エリア,,越前大野城,,選択なし/該当施設なし,,000000,越前大野城・城下町 エリア,1963,63,,2月,21.越前大野城・城下町 エリア,,
福井,2026/02/11 14:11:37,福井県,女,60代,,700万円以上 800万円未満,孫,1泊,石川県加賀市,,1泊,,,,,,,,,自家用車,1,0,0,0,0,0,0,自家用車,0,0,0,0,4,いきやすかった,,初めて,初めて,温泉や露天風呂テーマパーク（遊園地、動物園、博物館など）,0,1,0,0,0,1,0,0,0,0,0,0,0,0,0,0,0,0,インターネット・アプリ,0,0,0,0,0,0,0,0,0,0,1,0,0,0,0,0,0,0,0,0,0,0,0,0,0,,,,使わない,,"10,000円以上 20,000円未満",,"1,000円未満","5,000円以上 10,000円未満",,,,,,,,,,3,3,,小さい子も遊べる,,,,5,機会があれば行きたい,,花の駅 ゆりの里公園 エリア,,選択なし/該当施設なし,,選択なし/該当施設なし,,000000,花の駅 ゆりの里公園 エリア,1959,67,,2月,14.花の駅 ゆりの里公園 エリア,(一社)DMOさかい観光局,特にない
福井,2026/02/11 14:10:32,石川県,女,50代,,300万円以上 400万円未満,恋人,日帰り,石川県金沢市,,福井県内には宿泊しない,,,,,,,,,自家用車,1,0,0,0,0,0,0,自家用車,0,0,0,0,5,,,初めて,初めて,地元の美味しいものを食べるまちあるき、都市散策ドライブ・ツーリング,0,0,1,0,0,0,0,0,0,0,1,0,0,0,1,0,0,0,友人・知人,0,0,0,0,0,0,0,0,0,0,0,0,0,0,0,0,0,0,1,0,0,0,0,0,0,,,,"10,000円以上 20,000円未満",,使わない,,"3,000円以上 5,000円未満","3,000円以上 5,000円未満",,,,,,,,,,4,4,,魚がとても美味しかった,,,,5,また行きたい（1年以内）,,ふくい鮮いちば エリア,,三方五湖,,丸岡城,,000000,ふくい鮮いちば エリア,1969,57,,2月,05.ふくい鮮いちば エリア,,
福井,2026/02/11 14:02:25,徳島県,男,60代,,100万円以上 200万円未満,夫婦2人,2泊,石川県金沢市,,福井県内には宿泊しない,,,,,,,,,自家用車,1,0,0,0,0,0,0,自家用車,0,0,0,0,,,,2～5回目,2～5回目,地元の美味しいものを食べる,0,0,1,0,0,0,0,0,0,0,0,0,0,0,0,0,0,0,新聞・雑誌・ガイドブック,0,0,0,0,0,0,0,0,0,0,0,0,0,0,0,0,1,0,0,0,0,0,0,0,0,,,,"10,000円以上 20,000円未満",,使わない,,使わない,"3,000円以上 5,000円未満",,,,,,,,,,4,4,,,,,,8,また行きたい（1年以内）,,JR美浜駅 エリア,,選択なし/該当施設なし,,選択なし/該当施設なし,,000000,金ヶ崎 エリア,1959,67,,2月,79.JR美浜駅 エリア,三方五湖DMO(株),
福井,2026/02/11 13:58:50,東京都,男,30代,,600万円以上 700万円未満,恋人,3泊,福井県外には宿泊しない,,3泊,,,,,,,,,新幹線,0,0,1,0,0,0,0,レンタカー,0,0,0,0,4,,,初めて,初めて,その他,0,0,0,0,0,0,0,0,0,0,0,0,0,0,0,0,0,1,その他,0,0,0,0,0,0,0,0,0,0,0,0,0,0,0,0,0,0,0,0,0,0,0,0,1,,,,"50,000円以上 100,000円未満",,"50,000円以上 100,000円未満",,"1,000円以上 3,000円未満","50,000円以上 100,000円未満",,,,,,,,,,4,4,,,,,,8,機会があれば行きたい,,一乗谷朝倉氏遺跡 エリア,,選択なし/該当施設なし,,選択なし/該当施設なし,,000000,かつやま恐竜の森 エリア,1988,38,,2月,06.一乗谷朝倉氏遺跡 エリア,,
福井,2026/02/11 13:58:42,東京都,男,30代,,300万円以上 400万円未満,友人,3泊,福井県外には宿泊しない,,3泊,,,,,,,,,新幹線,0,0,1,0,0,0,0,レンタカー,0,0,0,0,,,,2～5回目,2～5回目,その他,0,0,0,0,0,0,0,0,0,0,0,0,0,0,0,0,0,1,その他,0,0,0,0,0,0,0,0,0,0,0,0,0,0,0,0,0,0,0,0,0,0,0,0,1,,,,"30,000円以上 40,000円未満",,"10,000円以上 20,000円未満",,"1,000円以上 3,000円未満","50,000円以上 100,000円未満",,,,,,,,,,4,4,,,,,,8,また行きたい（1年以内）,,一乗谷朝倉氏遺跡 エリア,,選択なし/該当施設なし,,選択なし/該当施設なし,,000000,web,1990,36,,2月,06.一乗谷朝倉氏遺跡 エリア,,
福井,2026/02/11 13:58:23,福井県,男,60代,,400万円以上 500万円未満,その他家族,日帰り,福井県外には宿泊しない,,福井県内には宿泊しない,,,,,,,,,県外から訪れていない（福井県在住）,0,0,0,0,0,0,1,自家用車,0,0,0,0,4,スペースが広い。,,初めて,初めて,お祭りやイベントへの参加・見物,0,0,0,0,0,0,0,1,0,0,0,0,0,0,0,0,0,0,その他,0,0,0,0,0,0,0,0,0,0,0,0,0,0,0,0,0,0,0,0,0,0,0,0,1,,,,使わない,,使わない,,"1,000円未満","1,000円未満",,,,,,,,,,4,3,,,,,,5,福井県在住,,花の駅 ゆりの里公園 エリア,,選択なし/該当施設なし,,選択なし/該当施設なし,,000000,花の駅 ゆりの里公園 エリア,1957,69,,2月,14.花の駅 ゆりの里公園 エリア,(一社)DMOさかい観光局,
福井,2026/02/11 13:56:50,埼玉県,男,50代,,700万円以上 800万円未満,夫婦2人,1泊,福井県外には宿泊しない,,1泊,,,,,,,,,新幹線,0,0,1,0,0,0,0,旅行会社ツアーバス,0,0,0,0,4,予想以上に短時間で大宮から着いてしまいました。こんなに近いとは思わなかったので大満足です。福井が随分と身近に感じるようになりますね。,,初めて,初めて,宿でのんびり過ごす温泉や露天風呂地元の美味しいものを食べるテーマパーク（遊園地、動物園、博物館など）,1,1,1,0,0,1,0,0,0,0,0,0,0,0,0,0,0,0,新聞・雑誌・ガイドブックTV・ラジオ番組やCMインターネット・アプリInstagram,0,0,0,1,0,0,0,0,0,0,1,0,0,0,1,0,1,0,0,0,0,0,0,0,0,,,,"20,000円以上 30,000円未満",,"30,000円以上 40,000円未満",,"3,000円以上 5,000円未満","50,000円以上 100,000円未満",,,,,,,,,,4,4,,,,,,10,機会があれば行きたい,,かつやま恐竜の森 エリア,,丸岡城,,越前大仏,,000000,かつやま恐竜の森 エリア,1973,53,,2月,25.かつやま恐竜の森 エリア,勝山市観光まちづくり(株),
福井,2026/02/11 13:50:39,神奈川県,無回答,60代,,分からない/無回答,職場の同僚,1泊,福井県外には宿泊しない,,1泊,,,,,,,,,新幹線,0,0,1,0,0,0,0,徒歩,0,0,1,0,5,駅からちきったのて,,初めて,初めて,出張など仕事関係,0,0,0,0,0,0,0,0,0,0,0,0,0,0,0,0,1,0,インターネット・アプリ,0,0,0,0,0,0,0,0,0,0,1,0,0,0,0,0,0,0,0,0,0,0,0,0,0,,,,"30,000円以上 40,000円未満",,"100,000円以上",,"10,000円以上 20,000円未満","3,000円以上 5,000円未満",,,,,,,,,,4,4,,,,,,8,機会があれば行きたい,,福井駅前 エリア（宿泊施設）,,選択なし/該当施設なし,,選択なし/該当施設なし,,000000,web,1965,61,,2月,02.福井駅前 エリア（宿泊施設）,,
福井,2026/02/11 13:43:21,埼玉県,女,50代,,分からない/無回答,夫婦2人,1泊,福井県外には宿泊しない,,1泊,,,,,,,,,新幹線,0,0,1,0,0,0,0,旅行会社ツアーバス,0,0,0,0,4,,,初めて,初めて,温泉や露天風呂地元の美味しいものを食べるテーマパーク（遊園地、動物園、博物館など）,0,1,1,0,0,1,0,0,0,0,0,0,0,0,0,0,0,0,インターネット・アプリ,0,0,0,0,0,0,0,0,0,0,1,0,0,0,0,0,0,0,0,0,0,0,0,0,0,,,,"50,000円以上 100,000円未満",,"30,000円以上 40,000円未満",,"1,000円未満","5,000円以上 10,000円未満",,,,,,,,,,4,4,,,,,,8,,,かつやま恐竜の森 エリア,,選択なし/該当施設なし,,東尋坊,,000000,web,1974,52,,2月,25.かつやま恐竜の森 エリア,勝山市観光まちづくり(株),
福井,2026/02/11 13:29:53,広島県,女,50代,,300万円以上 400万円未満,自分ひとり,1泊,福井県外には宿泊しない,,1泊,,,,,,,,,新幹線旅行会社ツアーバス,0,0,1,0,0,1,0,旅行会社ツアーバス,0,0,0,0,5,,,初めて,初めて,宿でのんびり過ごす温泉や露天風呂名所、旧跡の観光テーマパーク（遊園地、動物園、博物館など）,1,1,0,0,1,1,0,0,0,0,0,0,0,0,0,0,0,0,インターネット・アプリInstagram,0,0,0,1,0,0,0,0,0,0,1,0,0,0,0,0,0,0,0,0,0,0,0,0,0,,,,"30,000円以上 40,000円未満",,"20,000円以上 30,000円未満",,"1,000円以上 3,000円未満","10,000円以上 20,000円未満",,,,,,,,,,5,5,,,,,,6,また行きたい（1年以内）,,かつやま恐竜の森 エリア,,一乗谷朝倉氏遺跡,,丸岡城,,000000,かつやま恐竜の森 エリア,1967,59,,2月,25.かつやま恐竜の森 エリア,勝山市観光まちづくり(株),
福井,2026/02/11 13:18:04,福井県,女,50代,,200万円以上 300万円未満,その他家族,日帰り,福井県外には宿泊しない,,福井県内には宿泊しない,,,,,,,,,県外から訪れていない（福井県在住）,0,0,0,0,0,0,1,自家用車,0,0,0,0,,,,初めて,初めて,地元の美味しいものを食べる,0,0,1,0,0,0,0,0,0,0,0,0,0,0,0,0,0,0,インターネット・アプリ,0,0,0,0,0,0,0,0,0,0,1,0,0,0,0,0,0,0,0,0,0,0,0,0,0,,,,"1,000円未満",,使わない,,"3,000円以上 5,000円未満","1,000円以上 3,000円未満",,,,,,,,,,4,4,,,,,,6,福井県在住,,越前そばの里 エリア,,明城ファーム,,選択なし/該当施設なし,,000000,越前そばの里 エリア,1967,59,,2月,37.越前そばの里 エリア,,
福井,2026/02/11 13:16:12,熊本県,女,20代,,300万円以上 400万円未満,自分ひとり,2泊,福井県外には宿泊しない,,2泊,,,,,,,,,新幹線在来線,0,0,1,1,0,0,0,在来線路線バス,0,1,0,0,3,,,初めて,初めて,地元の美味しいものを食べるテーマパーク（遊園地、動物園、博物館など）,0,0,1,0,0,1,0,0,0,0,0,0,0,0,0,0,0,0,Instagram観光協会等の案内所,0,0,0,1,0,0,0,0,0,0,0,0,0,0,0,0,0,0,0,0,0,1,0,0,0,,,,"5,000円以上 10,000円未満",,"3,000円以上 5,000円未満",,"10,000円以上 20,000円未満","20,000円以上 30,000円未満",,,,,,,,,,5,5,,フリースペース（?）や充電できるところが多く、とても助かった。,,,,10,また行きたい（1年以内）,,福井駅前 エリア,,福井県立恐竜博物館,,福井駅,,000000,福井駅前 エリア,1999,27,,2月,01.福井駅前 エリア,,大阪&bull;名古屋&bull;金沢との移動も便利で、気軽に来れる場所だと思いとても良かった。恐竜好きな甥っ子がいるので、年パスポート保有して通い詰めるのも良いと感じた
福井,2026/02/11 13:15:37,福井県,女,40代,,300万円以上 400万円未満,中学生以上連れの家族,日帰り,福井県外には宿泊しない,,福井県内には宿泊しない,,,,,,,,,県外から訪れていない（福井県在住）,0,0,0,0,0,0,1,自家用車,0,0,0,0,4,駐車場が広く停めやすいため,,11回目以上,11回目以上,地元の美味しいものを食べる,0,0,1,0,0,0,0,0,0,0,0,0,0,0,0,0,0,0,その他,0,0,0,0,0,0,0,0,0,0,0,0,0,0,0,0,0,0,0,0,0,0,0,0,1,,,,"1,000円未満",,使わない,,"5,000円以上 10,000円未満","5,000円以上 10,000円未満",,,,,,,,,,4,4,,,,,,8,,,越前そばの里 エリア,,選択なし/該当施設なし,,選択なし/該当施設なし,,000000,web,1979,47,,2月,37.越前そばの里 エリア,,
福井,2026/02/11 13:14:30,福井県,女,30代,,"1,000万円以上 1,200万円未満",その他家族,日帰り,福井県外には宿泊しない,,福井県内には宿泊しない,,,,,,,,,県外から訪れていない（福井県在住）,0,0,0,0,0,0,1,自家用車,0,0,0,0,,,,初めて,初めて,買い物、アウトレット,0,0,0,0,0,0,1,0,0,0,0,0,0,0,0,0,0,0,Instagram,0,0,0,1,0,0,0,0,0,0,0,0,0,0,0,0,0,0,0,0,0,0,0,0,0,,,,"1,000円未満",,使わない,,"3,000円以上 5,000円未満","3,000円以上 5,000円未満",,,,,,,,,,4,4,,,,,,7,福井県在住,,越前そばの里 エリア,,選択なし/該当施設なし,,選択なし/該当施設なし,,000000,web,1990,36,,2月,37.越前そばの里 エリア,,
福井,2026/02/11 13:09:34,兵庫県,女,50代,,分からない/無回答,夫婦2人,1泊,福井県外には宿泊しない,,1泊,,,,,,,,,自家用車,1,0,0,0,0,0,0,自家用車,0,0,0,0,4,,,初めて,初めて,宿でのんびり過ごす,1,0,0,0,0,0,0,0,0,0,0,0,0,0,0,0,0,0,観光展・物産展新聞・雑誌・ガイドブック,0,0,0,0,0,0,0,0,0,0,0,0,0,0,0,0,1,0,0,0,0,0,1,0,0,,,,"5,000円以上 10,000円未満",,"20,000円以上 30,000円未満",,"1,000円以上 3,000円未満","30,000円以上 40,000円未満",,,,,,,,,,4,4,,,,,,5,,,東尋坊 エリア,,選択なし/該当施設なし,,選択なし/該当施設なし,,000000,東尋坊 エリア,1976,50,,2月,10.東尋坊 エリア,(一社)DMOさかい観光局,
福井,2026/02/11 12:55:46,京都府,女,30代,,500万円以上 600万円未満,恋人,1泊,福井県外には宿泊しない,,1泊,,,,,,,,,自家用車,1,0,0,0,0,0,0,自家用車,0,0,0,0,,,,2～5回目,2～5回目,宿でのんびり過ごす地元の美味しいものを食べる,1,0,1,0,0,0,0,0,0,0,0,0,0,0,0,0,0,0,その他,0,0,0,0,0,0,0,0,0,0,0,0,0,0,0,0,0,0,0,0,0,0,0,0,1,,,,"10,000円以上 20,000円未満",,"100,000円以上",,"3,000円以上 5,000円未満","100,000円以上",,,,,,,,,,4,5,,,,,,10,また行きたい（1年以内）,,越前そばの里 エリア,,選択なし/該当施設なし,,選択なし/該当施設なし,,000000,越前そばの里 エリア,1987,39,,2月,37.越前そばの里 エリア,,
福井,2026/02/11 12:33:55,福井県,男,60代,,400万円以上 500万円未満,夫婦2人,日帰り,福井県外には宿泊しない,,福井県内には宿泊しない,,,,,,,,,県外から訪れていない（福井県在住）,0,0,0,0,0,0,1,自家用車,0,0,0,0,3,,,6～10回目,6～10回目,ドライブ・ツーリング,0,0,0,0,0,0,0,0,0,0,0,0,0,0,1,0,0,0,新聞・雑誌・ガイドブック,0,0,0,0,0,0,0,0,0,0,0,0,0,0,0,0,1,0,0,0,0,0,0,0,0,,,,使わない,,"3,000円以上 5,000円未満",,"3,000円以上 5,000円未満",使わない,,,,,,,,,,3,3,,,,,,5,また行きたい（1年以内）,,越前そばの里 エリア,,越前大仏,,瀧谷寺,,000000,web,1964,62,,2月,37.越前そばの里 エリア,,
福井,2026/02/11 12:31:42,福井県,女,60代,,400万円以上 500万円未満,夫婦2人,日帰り,福井県外には宿泊しない,,福井県内には宿泊しない,,,,,,,,,自家用車,1,0,0,0,0,0,0,自家用車,0,0,0,0,,,,2～5回目,2～5回目,温泉や露天風呂地元の美味しいものを食べる買い物、アウトレット,0,1,1,0,0,0,1,0,0,0,0,0,0,0,0,0,0,0,観光パンフレット・ポスター,0,0,0,0,0,0,0,0,0,0,0,0,0,0,0,0,0,0,0,0,1,0,0,0,0,,,,"1,000円未満",,"3,000円以上 5,000円未満",,"3,000円以上 5,000円未満","5,000円以上 10,000円未満",,,,,,,,,,5,4,,,,,,10,機会があれば行きたい,,かずら橋 エリア,,まちの市場 こってコテいけだ,,花はす公園,,000000,web,1959,67,,2月,48.かずら橋 エリア,（一財）いけだ農村観光公社,
福井,2026/02/11 12:27:52,北海道,女,60代,,500万円以上 600万円未満,自分ひとり,4泊以上,福井県外には宿泊しない,,4泊以上,,,,,,,,,飛行機,0,0,0,0,1,0,0,レンタカー,0,0,0,0,5,,,初めて,初めて,その他,0,0,0,0,0,0,0,0,0,0,0,0,0,0,0,0,0,1,宿泊施設,0,0,0,0,0,0,0,0,0,0,0,0,0,1,0,0,0,0,0,0,0,0,0,0,0,,,,"50,000円以上 100,000円未満",,"5,000円以上 10,000円未満",,"5,000円以上 10,000円未満","50,000円以上 100,000円未満",,,,,,,,,,3,3,,,,,,6,機会があれば行きたい,,道の駅「越前」 エリア,,道の駅「禅の里」,,越前陶芸村,,000000,web,1962,64,,2月,49.道の駅「越前」 エリア,一般社団法人 越前町観光連盟（DMO ECHIZEN）,
福井,2026/02/11 12:21:29,東京都,男,30代,,600万円以上 700万円未満,恋人,3泊,福井県外には宿泊しない,,3泊,,,,,,,,,新幹線,0,0,1,0,0,0,0,レンタカー,0,0,0,0,4,有名観光地だから,,初めて,初めて,その他,0,0,0,0,0,0,0,0,0,0,0,0,0,0,0,0,0,1,その他,0,0,0,0,0,0,0,0,0,0,0,0,0,0,0,0,0,0,0,0,0,0,0,0,1,,,,"50,000円以上 100,000円未満",,"50,000円以上 100,000円未満",,"1,000円以上 3,000円未満","50,000円以上 100,000円未満",,,,,,,,,,4,4,,,,,,8,機会があれば行きたい,,大本山 永平寺 エリア,,選択なし/該当施設なし,,選択なし/該当施設なし,,000000,かつやま恐竜の森 エリア,1988,38,,2月,34.大本山 永平寺 エリア,,
福井,2026/02/11 12:20:33,東京都,男,30代,,300万円以上 400万円未満,友人,3泊,福井県外には宿泊しない,,3泊,,,,,,,,,新幹線,0,0,1,0,0,0,0,レンタカー,0,0,0,0,,,,2～5回目,2～5回目,その他,0,0,0,0,0,0,0,0,0,0,0,0,0,0,0,0,0,1,その他,0,0,0,0,0,0,0,0,0,0,0,0,0,0,0,0,0,0,0,0,0,0,0,0,1,,,,"30,000円以上 40,000円未満",,"10,000円以上 20,000円未満",,"5,000円以上 10,000円未満","50,000円以上 100,000円未満",,,,,,,,,,4,4,,,,,,7,また行きたい（1年以内）,,大本山 永平寺 エリア,,選択なし/該当施設なし,,選択なし/該当施設なし,,000000,web,1990,36,,2月,34.大本山 永平寺 エリア,,
福井,2026/02/11 12:13:07,京都府,女,40代,,分からない/無回答,小学生以下連れの家族,日帰り,福井県外には宿泊しない,,福井県内には宿泊しない,,,,,,,,,自家用車,1,0,0,0,0,0,0,自家用車,0,0,0,0,5,,,11回目以上,11回目以上,お祭りやイベントへの参加・見物,0,0,0,0,0,0,0,1,0,0,0,0,0,0,0,0,0,0,Instagram,0,0,0,1,0,0,0,0,0,0,0,0,0,0,0,0,0,0,0,0,0,0,0,0,0,,,,"1,000円未満",,"1,000円未満",,"1,000円未満","1,000円未満",,,,,,,,,,5,5,,,,,,8,また行きたい（1年以内）,,うみんぴあ大飯 エリア,,選択なし/該当施設なし,,選択なし/該当施設なし,,000000,道の駅「若狭おばま」 エリア,1986,40,,2月,84.うみんぴあ大飯 エリア,,
福井,2026/02/11 12:09:09,東京都,男,20代,,"1,000万円以上 1,200万円未満",恋人,4泊以上,石川県加賀市,,福井県内には宿泊しない,,,,,,,,,新幹線,0,0,1,0,0,0,0,自家用車,0,0,0,0,5,,,初めて,初めて,宿でのんびり過ごす温泉や露天風呂地元の美味しいものを食べるまちあるき、都市散策,1,1,1,0,0,0,0,0,0,0,1,0,0,0,0,0,0,0,観光展・物産展観光協会等の案内所,0,0,0,0,0,0,0,0,0,0,0,0,0,0,0,0,0,0,0,0,0,1,1,0,0,,,,"1,000円以上 3,000円未満",,使わない,,"20,000円以上 30,000円未満","10,000円以上 20,000円未満",,,,,,,,,,4,3,,,,,,9,,,えちぜん鉄道 松岡駅 エリア,,選択なし/該当施設なし,,選択なし/該当施設なし,,000000,えちぜん鉄道 松岡駅 エリア,1998,28,,2月,33.えちぜん鉄道 松岡駅 エリア,,
福井,2026/02/11 12:05:34,福井県,女,20代,,400万円以上 500万円未満,親,1泊,福井県外には宿泊しない,,1泊,,,,,,,,,自家用車,1,0,0,0,0,0,0,自家用車,0,0,0,0,,,,11回目以上,11回目以上,友人・親戚を尋ねる,0,0,0,0,0,0,0,0,0,0,0,0,0,0,0,1,0,0,TV・ラジオ番組やCMインターネット・アプリ友人・知人,0,0,0,0,0,0,0,0,0,0,1,0,0,0,1,0,0,0,1,0,0,0,0,0,0,,,,"10,000円以上 20,000円未満",,"5,000円以上 10,000円未満",,"5,000円以上 10,000円未満","10,000円以上 20,000円未満",,,,,,,,,,5,5,,雪が多いですが、駐車場は除雪されていて快適でした！！,,,,10,福井県在住,,武生駅 エリア,,越前そばの里,カレーのダンダダ,選択なし/該当施設なし,,000000,web,1999,27,,2月,40.武生駅 エリア,,雪があっても車が出せるから
福井,2026/02/11 12:00:34,福井県,女,50代,,600万円以上 700万円未満,夫婦2人,日帰り,福井県外には宿泊しない,,福井県内には宿泊しない,,,,,,,,,自家用車,1,0,0,0,0,0,0,自家用車,0,0,0,0,5,,,2～5回目,2～5回目,その他,0,0,0,0,0,0,0,0,0,0,0,0,0,0,0,0,0,1,Instagram,0,0,0,1,0,0,0,0,0,0,0,0,0,0,0,0,0,0,0,0,0,0,0,0,0,,,,"10,000円以上 20,000円未満",,使わない,,"3,000円以上 5,000円未満","10,000円以上 20,000円未満",,,,,,,,,,4,4,,,,,,8,福井県在住,,ふくい鮮いちば エリア,,選択なし/該当施設なし,,選択なし/該当施設なし,,000000,ふくい鮮いちば エリア,1974,52,,2月,05.ふくい鮮いちば エリア,,
福井,2026/02/11 11:37:24,京都府,無回答,60代,,"1,000万円以上 1,200万円未満",夫婦2人,1泊,石川県加賀市,,福井県内には宿泊しない,,,,,,,,,自家用車,1,0,0,0,0,0,0,自家用車,0,0,0,0,,,,初めて,初めて,温泉や露天風呂,0,1,0,0,0,0,0,0,0,0,0,0,0,0,0,0,0,0,インターネット・アプリ,0,0,0,0,0,0,0,0,0,0,1,0,0,0,0,0,0,0,0,0,0,0,0,0,0,,,,"10,000円以上 20,000円未満",,"20,000円以上 30,000円未満",,"1,000円以上 3,000円未満","20,000円以上 30,000円未満",,,,,,,,,,5,4,,カニミュージアムは、大人も楽しめました。カニの知らなかったことがわかりました。,,,,10,また行きたい（1年以内）,,道の駅「越前」 エリア,,選択なし/該当施設なし,,越前がにミュージアム,,000000,道の駅「越前」 エリア,1966,60,,2月,49.道の駅「越前」 エリア,一般社団法人 越前町観光連盟（DMO ECHIZEN）,越前カニに興味を持ってもらいたいです。
福井,2026/02/11 11:30:18,岐阜県,女,40代,,800万円以上 900万円未満,夫婦2人,日帰り,福井県外には宿泊しない,,福井県内には宿泊しない,,,,,,,,,自家用車,1,0,0,0,0,0,0,自家用車,0,0,0,0,,,,2～5回目,2～5回目,地元の美味しいものを食べる,0,0,1,0,0,0,0,0,0,0,0,0,0,0,0,0,0,0,友人・知人,0,0,0,0,0,0,0,0,0,0,0,0,0,0,0,0,0,0,1,0,0,0,0,0,0,,,,"5,000円以上 10,000円未満",,使わない,,"10,000円以上 20,000円未満","20,000円以上 30,000円未満",,,,,,,,,,5,5,,,,,,8,また行きたい（1年以内）,,河野北前船主通りエリア,,道の駅「越前」,,選択なし/該当施設なし,,000000,web,1980,46,,2月,59.河野北前船主通りエリア,,
福井,2026/02/11 11:08:59,東京都,男,30代,,"1,000万円以上 1,200万円未満",自分ひとり,1泊,福井県外には宿泊しない,,1泊,,,,,,,,,新幹線飛行機,0,0,1,0,1,0,0,在来線路線バス,0,1,0,0,3,,,初めて,初めて,宿でのんびり過ごす温泉や露天風呂地元の美味しいものを食べる花見や紅葉などの自然鑑賞名所、旧跡の観光まちあるき、都市散策,1,1,1,1,1,0,0,0,0,0,1,0,0,0,0,0,0,0,観光パンフレット・ポスター観光連盟やDMOのHPインターネット・アプリ,0,0,0,0,0,0,0,0,0,0,1,0,0,0,0,0,0,0,0,0,1,0,0,1,0,,,,"10,000円以上 20,000円未満",,"20,000円以上 30,000円未満",,"10,000円以上 20,000円未満","10,000円以上 20,000円未満",,,,,,,,,,4,4,,,,,,8,機会があれば行きたい,,あわら湯のまち エリア,,一乗谷朝倉氏遺跡,,東尋坊,,000000,あわら湯のまち エリア,1996,30,,2月,17.あわら湯のまち エリア,,
福井,2026/02/11 11:06:58,福井県,男,40代,,400万円以上 500万円未満,自分ひとり,日帰り,石川県金沢市,,福井県内には宿泊しない,,,,,,,,,自家用車,1,0,0,0,0,0,0,自家用車,0,0,0,0,,,,初めて,初めて,地元の美味しいものを食べる,0,0,1,0,0,0,0,0,0,0,0,0,0,0,0,0,0,0,Instagram,0,0,0,1,0,0,0,0,0,0,0,0,0,0,0,0,0,0,0,0,0,0,0,0,0,,,,"3,000円以上 5,000円未満",,使わない,,"1,000円以上 3,000円未満","1,000円以上 3,000円未満",,,,,,,,,,4,4,,,,,,5,,,越前そばの里 エリア,,選択なし/該当施設なし,,選択なし/該当施設なし,,000000,web,1986,40,,2月,37.越前そばの里 エリア,,
福井,2026/02/11 10:42:47,福井県,女,50代,,400万円以上 500万円未満,小学生以下連れの家族,日帰り,福井県外には宿泊しない,,福井県内には宿泊しない,,,,,,,,,自家用車,1,0,0,0,0,0,0,自家用車,0,0,0,0,4,,,11回目以上,11回目以上,地元の美味しいものを食べる,0,0,1,0,0,0,0,0,0,0,0,0,0,0,0,0,0,0,インターネット・アプリ,0,0,0,0,0,0,0,0,0,0,1,0,0,0,0,0,0,0,0,0,0,0,0,0,0,,,,"10,000円以上 20,000円未満",,"10,000円以上 20,000円未満",,"10,000円以上 20,000円未満","10,000円以上 20,000円未満",,,,,,,,,,4,4,,,,,,10,,,越前そばの里 エリア,,選択なし/該当施設なし,,選択なし/該当施設なし,,000000,web,1969,57,,2月,37.越前そばの里 エリア,,
福井,2026/02/11 10:38:20,兵庫県,女,50代,,700万円以上 800万円未満,夫婦2人,1泊,福井県外には宿泊しない,,1泊,,,,,,,,,自家用車,1,0,0,0,0,0,0,自家用車,0,0,0,0,4,,,11回目以上,11回目以上,ドライブ・ツーリング,0,0,0,0,0,0,0,0,0,0,0,0,0,0,1,0,0,0,Instagram,0,0,0,1,0,0,0,0,0,0,0,0,0,0,0,0,0,0,0,0,0,0,0,0,0,,,,"3,000円以上 5,000円未満",,"5,000円以上 10,000円未満",,"1,000円以上 3,000円未満","10,000円以上 20,000円未満",,,,,,,,,,4,4,,,,,,8,また行きたい（1年以内）,,うみんぴあ大飯 エリア,,道の駅「シーサイド高浜」,,氣比神宮,,000000,web,1975,51,,2月,84.うみんぴあ大飯 エリア,,
福井,2026/02/11 10:35:59,兵庫県,男,50代,,700万円以上 800万円未満,夫婦2人,1泊,福井県外には宿泊しない,,1泊,,,,,,,,,自家用車,1,0,0,0,0,0,0,自家用車,0,0,0,0,5,,,2～5回目,2～5回目,スキー・スノボ、マリンスポーツ,0,0,0,0,0,0,0,0,0,0,0,0,1,0,0,0,0,0,観光展・物産展,0,0,0,0,0,0,0,0,0,0,0,0,0,0,0,0,0,0,0,0,0,0,1,0,0,,,,"3,000円以上 5,000円未満",,"5,000円以上 10,000円未満",,"1,000円以上 3,000円未満","1,000円以上 3,000円未満",,,,,,,,,,5,5,,,,,,10,また行きたい（1年以内）,,うみんぴあ大飯 エリア,,選択なし/該当施設なし,,エルガイアおおい,,000000,web,1975,51,,2月,84.うみんぴあ大飯 エリア,,
福井,2026/02/11 10:20:33,福井県,女,40代,,800万円以上 900万円未満,小学生以下連れの家族,日帰り,福井県外には宿泊しない,,福井県内には宿泊しない,,,,,,,,,自家用車,1,0,0,0,0,0,0,自家用車,0,0,0,0,,,,2～5回目,2～5回目,まちあるき、都市散策,0,0,0,0,0,0,0,0,0,0,1,0,0,0,0,0,0,0,インターネット・アプリ,0,0,0,0,0,0,0,0,0,0,1,0,0,0,0,0,0,0,0,0,0,0,0,0,0,,,,"1,000円未満",,"3,000円以上 5,000円未満",,"1,000円以上 3,000円未満","5,000円以上 10,000円未満",,,,,,,,,,5,5,,,,,,8,福井県在住,,花の駅 ゆりの里公園 エリア,,選択なし/該当施設なし,,選択なし/該当施設なし,,000000,花の駅 ゆりの里公園 エリア,1979,47,,2月,14.花の駅 ゆりの里公園 エリア,(一社)DMOさかい観光局,
福井,2026/02/11 10:08:17,兵庫県,女,50代,,700万円以上 800万円未満,夫婦2人,1泊,福井県外には宿泊しない,,1泊,,,,,,,,,自家用車,1,0,0,0,0,0,0,自家用車,0,0,0,0,5,,,11回目以上,11回目以上,温泉や露天風呂スキー・スノボ、マリンスポーツドライブ・ツーリング,0,1,0,0,0,0,0,0,0,0,0,0,1,0,1,0,0,0,TwitterInstagram,0,0,0,1,0,1,0,0,0,0,0,0,0,0,0,0,0,0,0,0,0,0,0,0,0,,,,"3,000円以上 5,000円未満",,"5,000円以上 10,000円未満",,使わない,"10,000円以上 20,000円未満",,,,,,,,,,3,3,,,,,,5,また行きたい（1年以内）,,道の駅「シーサイド高浜」 エリア,,選択なし/該当施設なし,,エルガイアおおい,,000000,web,1975,51,,2月,88.道の駅「シーサイド高浜」 エリア,,
福井,2026/02/11 10:07:58,兵庫県,男,50代,,700万円以上 800万円未満,夫婦2人,1泊,福井県外には宿泊しない,,1泊,,,,,,,,,自家用車,1,0,0,0,0,0,0,自家用車,0,0,0,0,5,,,2～5回目,2～5回目,スキー・スノボ、マリンスポーツ,0,0,0,0,0,0,0,0,0,0,0,0,1,0,0,0,0,0,観光展・物産展,0,0,0,0,0,0,0,0,0,0,0,0,0,0,0,0,0,0,0,0,0,0,1,0,0,,,,"3,000円以上 5,000円未満",,"5,000円以上 10,000円未満",,"1,000円以上 3,000円未満","1,000円以上 3,000円未満",,,,,,,,,,5,5,,,,,,10,また行きたい（1年以内）,,道の駅「シーサイド高浜」 エリア,,選択なし/該当施設なし,,日本海さかな街,,000000,web,1975,51,,2月,88.道の駅「シーサイド高浜」 エリア,,
福井,2026/02/11 09:38:37,滋賀県,女,50代,,300万円以上 400万円未満,中学生以上連れの家族,1泊,福井県外には宿泊しない,,1泊,,,,,,,,,自家用車,1,0,0,0,0,0,0,自家用車,0,0,0,0,5,自由が利く荷物を気にしなくてもいい,,11回目以上,11回目以上,宿でのんびり過ごす買い物、アウトレット,1,0,0,0,0,0,1,0,0,0,0,0,0,0,0,0,0,0,観光協会等の案内所,0,0,0,0,0,0,0,0,0,0,0,0,0,0,0,0,0,0,0,0,0,1,0,0,0,,,,"3,000円以上 5,000円未満",,使わない,,"1,000円以上 3,000円未満","10,000円以上 20,000円未満",,,,,,,,,,5,5,,,,,,10,また行きたい（1年以内）,,JR美浜駅 エリア,,道の駅「うみんぴあ大飯」,キッチンブー,選択なし/該当施設なし,,000000,JR美浜駅 エリア,1973,53,,2月,79.JR美浜駅 エリア,三方五湖DMO(株),相木の魚人の良さと魚の良さ
福井,2026/02/11 09:19:49,滋賀県,男,50代,,600万円以上 700万円未満,夫婦2人,日帰り,福井県外には宿泊しない,,福井県内には宿泊しない,,,,,,,,,自家用車,1,0,0,0,0,0,0,自家用車,0,0,0,0,,,,2～5回目,2～5回目,買い物、アウトレット,0,0,0,0,0,0,1,0,0,0,0,0,0,0,0,0,0,0,インターネット・アプリ,0,0,0,0,0,0,0,0,0,0,1,0,0,0,0,0,0,0,0,0,0,0,0,0,0,,,,使わない,,使わない,,"1,000円以上 3,000円未満","5,000円以上 10,000円未満",,,,,,,,,,5,5,,清潔で感じが良い,,,,8,また行きたい（1年以内）,,JR美浜駅 エリア,,選択なし/該当施設なし,キッチンブー,選択なし/該当施設なし,,000000,ふくい鮮いちば エリア,1968,58,,2月,79.JR美浜駅 エリア,三方五湖DMO(株),
福井,2026/02/11 07:53:51,北海道,女,60代,,500万円以上 600万円未満,自分ひとり,4泊以上,福井県外には宿泊しない,,4泊以上,,,,,,,,,飛行機,0,0,0,0,1,0,0,レンタカー,0,0,0,0,5,,,初めて,初めて,その他,0,0,0,0,0,0,0,0,0,0,0,0,0,0,0,0,0,1,宿泊施設,0,0,0,0,0,0,0,0,0,0,0,0,0,1,0,0,0,0,0,0,0,0,0,0,0,,,,"50,000円以上 100,000円未満",,"5,000円以上 10,000円未満",,"1,000円以上 3,000円未満","50,000円以上 100,000円未満",,,,,,,,,,4,4,,,,,,9,機会があれば行きたい,,はたや記念館 ゆめおーれ勝山 エリア,,越前大野城,,福井県立恐竜博物館,,000000,web,1962,64,,2月,30.はたや記念館 ゆめおーれ勝山 エリア,勝山市観光まちづくり(株),
福井,2026/02/11 05:09:01,大阪府,男,50代,,700万円以上 800万円未満,自分ひとり,1泊,福井県外には宿泊しない,,1泊,,,,,,,,,レンタカー在来線,0,1,0,1,0,0,0,レンタカー,0,0,0,0,4,,,初めて,初めて,地元の美味しいものを食べる名所、旧跡の観光,0,0,1,0,1,0,0,0,0,0,0,0,0,0,0,0,0,0,インターネット・アプリ友人・知人,0,0,0,0,0,0,0,0,0,0,1,0,0,0,0,0,0,0,1,0,0,0,0,0,0,,,,"20,000円以上 30,000円未満",,"10,000円以上 20,000円未満",,"3,000円以上 5,000円未満","10,000円以上 20,000円未満",,,,,,,,,,3,3,,,,,,7,機会があれば行きたい,,日本海さかな街 エリア,,越前大野城,,越前大野城,,000000,日本海さかな街 エリア,1970,56,,2月,61.日本海さかな街 エリア,,
福井,2026/02/12 21:50:42,滋賀県,男,70代,,600万円以上 700万円未満,夫婦2人,日帰り,福井県外には宿泊しない,,福井県内には宿泊しない,,,,,,,,,自家用車,1,0,0,0,0,0,0,自家用車,0,0,0,0,,,,11回目以上,11回目以上,地元の美味しいものを食べる,0,0,1,0,0,0,0,0,0,0,0,0,0,0,0,0,0,0,観光パンフレット・ポスター観光連盟やDMOのHP,0,0,0,0,0,0,0,0,0,0,0,0,0,0,0,0,0,0,0,0,1,0,0,1,0,,,,"1,000円未満",,使わない,,"10,000円以上 20,000円未満","10,000円以上 20,000円未満",,,,,,,,,,5,5,,,,,,9,また行きたい（1年以内）,,道の駅「若狭おばま」 エリア,,氣比神宮,,小浜市まちの駅・旭座,,000000,web,1953,73,,2月,68.道の駅「若狭おばま」 エリア,(株)まちづくり小浜,
福井,2026/02/12 20:57:27,福井県,女,20代,,分からない/無回答,自分ひとり,日帰り,福井県外には宿泊しない,,福井県内には宿泊しない,,,,,,,,,自家用車,1,0,0,0,0,0,0,自家用車,0,0,0,0,,,,11回目以上,11回目以上,温泉や露天風呂,0,1,0,0,0,0,0,0,0,0,0,0,0,0,0,0,0,0,Instagram,0,0,0,1,0,0,0,0,0,0,0,0,0,0,0,0,0,0,0,0,0,0,0,0,0,,,,"1,000円以上 3,000円未満",,使わない,,"1,000円以上 3,000円未満","1,000円以上 3,000円未満",,,,,,,,,,3,4,,,,,,8,,,あわら湯のまち エリア,,選択なし/該当施設なし,,選択なし/該当施設なし,,000000,web,1997,29,,2月,17.あわら湯のまち エリア,,
福井,2026/02/12 17:38:44,京都府,無回答,50代,,分からない/無回答,自分ひとり,日帰り,福井県外には宿泊しない,,1泊,,,,,,,,,在来線,0,0,0,1,0,0,0,在来線,0,0,0,0,3,,,2～5回目,2～5回目,地元の美味しいものを食べる出張など仕事関係,0,0,1,0,0,0,0,0,0,0,0,0,0,0,0,0,1,0,友人・知人,0,0,0,0,0,0,0,0,0,0,0,0,0,0,0,0,0,0,1,0,0,0,0,0,0,,,,"5,000円以上 10,000円未満",,"5,000円以上 10,000円未満",,"3,000円以上 5,000円未満","1,000円以上 3,000円未満",,,,,,,,,,4,4,,,,,,8,また行きたい（1年以内）,,今庄宿 エリア,,選択なし/該当施設なし,,選択なし/該当施設なし,,000000,今庄宿 エリア,1975,51,,2月,60.今庄宿 エリア,,
福井,2026/02/12 17:17:50,大阪府,男,50代,,300万円以上 400万円未満,夫婦2人,日帰り,福井県外には宿泊しない,,福井県内には宿泊しない,,,,,,,,,自家用車,1,0,0,0,0,0,0,自家用車,0,0,0,0,,,,初めて,初めて,地元の美味しいものを食べる,0,0,1,0,0,0,0,0,0,0,0,0,0,0,0,0,0,0,友人・知人,0,0,0,0,0,0,0,0,0,0,0,0,0,0,0,0,0,0,1,0,0,0,0,0,0,,,,"1,000円以上 3,000円未満",,使わない,,"1,000円以上 3,000円未満","1,000円以上 3,000円未満",,,,,,,,,,5,5,,,,,,5,また行きたい（1年以内）,,湖上館パムコ（水月湖）エリア,,選択なし/該当施設なし,ドライブインよしだ,選択なし/該当施設なし,,000000,湖上館パムコ（水月湖）エリア,1971,55,,2月,82.湖上館パムコ（水月湖） エリア,三方五湖DMO(株),
福井,2026/02/12 17:12:39,東京都,男,20代,,"1,500万円以上",恋人,1泊,富山,,2泊,,,,,,,,,新幹線,0,0,1,0,0,0,0,路線バス,0,1,0,0,4,,,初めて,初めて,宿でのんびり過ごす温泉や露天風呂地元の美味しいものを食べる名所、旧跡の観光,1,1,1,0,1,0,0,0,0,0,0,0,0,0,0,0,0,0,観光展・物産展インターネット・アプリ,0,0,0,0,0,0,0,0,0,0,1,0,0,0,0,0,0,0,0,0,0,0,1,0,0,,,,"40,000円以上 50,000円未満",,"20,000円以上 30,000円未満",,"5,000円以上 10,000円未満","20,000円以上 30,000円未満",,,,,,,,,,5,5,,,,,,8,機会があれば行きたい,,大本山 永平寺 エリア,,あわら温泉街,,福井県立恐竜博物館,,000000,大本山 永平寺 エリア,1997,29,,2月,34.大本山 永平寺 エリア,,
福井,2026/02/12 17:02:34,福井県,女,60代,,分からない/無回答,夫婦2人,日帰り,福井県外には宿泊しない,,福井県内には宿泊しない,,,,,,,,,県外から訪れていない（福井県在住）,0,0,0,0,0,0,1,自家用車,0,0,0,0,,,,2～5回目,2～5回目,地元の美味しいものを食べる,0,0,1,0,0,0,0,0,0,0,0,0,0,0,0,0,0,0,友人・知人,0,0,0,0,0,0,0,0,0,0,0,0,0,0,0,0,0,0,1,0,0,0,0,0,0,,,,"1,000円未満",,使わない,,"3,000円以上 5,000円未満","3,000円以上 5,000円未満",,,,,,,,,,4,4,,,,,,8,,,越前そばの里 エリア,,選択なし/該当施設なし,,選択なし/該当施設なし,,000000,越前そばの里 エリア,1966,60,,2月,37.越前そばの里 エリア,,
福井,2026/02/12 16:00:37,福井県,女,60代,,300万円以上 400万円未満,自分ひとり,日帰り,福井県外には宿泊しない,,福井県内には宿泊しない,,,,,,,,,自家用車,1,0,0,0,0,0,0,自家用車,0,0,0,0,4,,,11回目以上,11回目以上,温泉や露天風呂,0,1,0,0,0,0,0,0,0,0,0,0,0,0,0,0,0,0,観光パンフレット・ポスター,0,0,0,0,0,0,0,0,0,0,0,0,0,0,0,0,0,0,0,0,1,0,0,0,0,,,,"1,000円以上 3,000円未満",,使わない,,"1,000円未満","3,000円以上 5,000円未満",,,,,,,,,,4,4,,,,,,5,,,道の駅「禅の里」 エリア,,選択なし/該当施設なし,,選択なし/該当施設なし,,000000,web,1965,61,,2月,35.道の駅「禅の里」 エリア,,
福井,2026/02/12 15:38:50,福井県,女,60代,,300万円以上 400万円未満,自分ひとり,日帰り,福井県外には宿泊しない,,福井県内には宿泊しない,,,,,,,,,自家用車,1,0,0,0,0,0,0,自家用車,0,0,0,0,4,,,6～10回目,6～10回目,温泉や露天風呂,0,1,0,0,0,0,0,0,0,0,0,0,0,0,0,0,0,0,観光パンフレット・ポスター,0,0,0,0,0,0,0,0,0,0,0,0,0,0,0,0,0,0,0,0,1,0,0,0,0,,,,"1,000円以上 3,000円未満",,使わない,,"1,000円未満","3,000円以上 5,000円未満",,,,,,,,,,4,4,,,,,,6,,,道の駅「恐竜渓谷かつやま」 エリア,,選択なし/該当施設なし,,選択なし/該当施設なし,,000000,web,1965,61,,2月,26.道の駅「恐竜渓谷かつやま」 エリア,勝山市観光まちづくり(株),
福井,2026/02/12 15:33:53,兵庫県,女,50代,,700万円以上 800万円未満,夫婦2人,1泊,福井県外には宿泊しない,,1泊,,,,,,,,,自家用車,1,0,0,0,0,0,0,自家用車,0,0,0,0,5,,,2～5回目,2～5回目,ドライブ・ツーリング,0,0,0,0,0,0,0,0,0,0,0,0,0,0,1,0,0,0,Instagram,0,0,0,1,0,0,0,0,0,0,0,0,0,0,0,0,0,0,0,0,0,0,0,0,0,,,,"3,000円以上 5,000円未満",,"5,000円以上 10,000円未満",,"1,000円以上 3,000円未満","10,000円以上 20,000円未満",,,,,,,,,,4,4,,,,,,8,また行きたい（1年以内）,,道の駅「南えちぜん山海里」 エリア,,北の庄城址・柴田公園,,選択なし/該当施設なし,,000000,web,1975,51,,2月,58.道の駅「南えちぜん山海里」 エリア,,
福井,2026/02/12 15:33:37,兵庫県,男,50代,,700万円以上 800万円未満,夫婦2人,1泊,福井県外には宿泊しない,,1泊,,,,,,,,,自家用車,1,0,0,0,0,0,0,自家用車,0,0,0,0,5,,,6～10回目,6～10回目,スキー・スノボ、マリンスポーツ,0,0,0,0,0,0,0,0,0,0,0,0,1,0,0,0,0,0,観光展・物産展,0,0,0,0,0,0,0,0,0,0,0,0,0,0,0,0,0,0,0,0,0,0,1,0,0,,,,"3,000円以上 5,000円未満",,"5,000円以上 10,000円未満",,"3,000円以上 5,000円未満","1,000円以上 3,000円未満",,,,,,,,,,5,5,,,,,,10,また行きたい（1年以内）,,道の駅「南えちぜん山海里」 エリア,,選択なし/該当施設なし,,選択なし/該当施設なし,,000000,web,1975,51,,2月,58.道の駅「南えちぜん山海里」 エリア,,
福井,2026/02/12 14:57:44,大阪府,男,60代,,400万円以上 500万円未満,中学生以上連れの家族,1泊,福井県外には宿泊しない,,1泊,,,,,,,,,新幹線,0,0,1,0,0,0,0,レンタカー,0,0,0,0,4,,,2～5回目,2～5回目,名所、旧跡の観光,0,0,0,0,1,0,0,0,0,0,0,0,0,0,0,0,0,0,インターネット・アプリ,0,0,0,0,0,0,0,0,0,0,1,0,0,0,0,0,0,0,0,0,0,0,0,0,0,,,,"40,000円以上 50,000円未満",,"40,000円以上 50,000円未満",,"20,000円以上 30,000円未満","20,000円以上 30,000円未満",,,,,,,,,,4,4,,,,,,8,また行きたい（1年以内）,,大本山 永平寺 エリア,,大本山永平寺,,福井県立恐竜博物館,,000000,大本山 永平寺 エリア,1957,69,,2月,34.大本山 永平寺 エリア,,
福井,2026/02/12 14:37:38,大阪府,男,40代,,600万円以上 700万円未満,恋人,1泊,福井県外には宿泊しない,,1泊,,,,,,,,,在来線,0,0,0,1,0,0,0,路線バス,0,1,0,0,4,,,初めて,初めて,温泉や露天風呂地元の美味しいものを食べる,0,1,1,0,0,0,0,0,0,0,0,0,0,0,0,0,0,0,観光連盟やDMOのHP,0,0,0,0,0,0,0,0,0,0,0,0,0,0,0,0,0,0,0,0,0,0,0,1,0,,,,"10,000円以上 20,000円未満",,"40,000円以上 50,000円未満",,"3,000円以上 5,000円未満","30,000円以上 40,000円未満",,,,,,,,,,4,4,,,,,,9,また行きたい（1年以内）,,東尋坊 エリア,,選択なし/該当施設なし,,選択なし/該当施設なし,,000000,web,1979,47,,2月,10.東尋坊 エリア,(一社)DMOさかい観光局,
福井,2026/02/12 14:18:56,兵庫県,女,50代,,700万円以上 800万円未満,夫婦2人,1泊,福井県外には宿泊しない,,1泊,,,,,,,,,自家用車,1,0,0,0,0,0,0,自家用車,0,0,0,0,5,,,2～5回目,2～5回目,ドライブ・ツーリング,0,0,0,0,0,0,0,0,0,0,0,0,0,0,1,0,0,0,Instagram,0,0,0,1,0,0,0,0,0,0,0,0,0,0,0,0,0,0,0,0,0,0,0,0,0,,,,"3,000円以上 5,000円未満",,"5,000円以上 10,000円未満",,"5,000円以上 10,000円未満","10,000円以上 20,000円未満",,,,,,,,,,5,5,,,,,,9,また行きたい（1年以内）,,福井駅前 エリア,,敦賀赤レンガ倉庫,,選択なし/該当施設なし,,000000,web,1975,51,,2月,01.福井駅前 エリア,,
福井,2026/02/12 13:21:10,愛知県,女,50代,,700万円以上 800万円未満,夫婦2人,2泊,福井県外には宿泊しない,,2泊,,,,,,,,,その他,0,0,0,0,0,0,0,路線バス,0,1,0,0,5,路線バスの運転手さんが道中とても丁寧に案内してくださる珍しい方で、楽しく来られたから。,,2～5回目,2～5回目,温泉や露天風呂地元の美味しいものを食べる名所、旧跡の観光,0,1,1,0,1,0,0,0,0,0,0,0,0,0,0,0,0,0,新聞・雑誌・ガイドブック,0,0,0,0,0,0,0,0,0,0,0,0,0,0,0,0,1,0,0,0,0,0,0,0,0,,,,"10,000円以上 20,000円未満",,"50,000円以上 100,000円未満",,"3,000円以上 5,000円未満","10,000円以上 20,000円未満",,,,,,,,,,4,4,,,,,,10,また行きたい（1年以内）,,東尋坊 エリア,,あわら温泉「芦湯」,,三國湊レトロ,,000000,東尋坊 エリア,1973,53,,2月,10.東尋坊 エリア,(一社)DMOさかい観光局,東尋坊の景色は、訪れたことがない海外の方にも勧めたくなる素晴らしいものです。ただ、日本語でもその他の言語でも注意喚起が少ないため、いつか何か大きな事故が起こらないかと心配になります。
福井,2026/02/12 13:07:32,福井県,男,50代,,600万円以上 700万円未満,自分ひとり,日帰り,福井県外には宿泊しない,,福井県内には宿泊しない,,,,,,,,,県外から訪れていない（福井県在住）,0,0,0,0,0,0,1,自家用車,0,0,0,0,,,,11回目以上,11回目以上,買い物、アウトレット,0,0,0,0,0,0,1,0,0,0,0,0,0,0,0,0,0,0,観光パンフレット・ポスターインターネット・アプリ,0,0,0,0,0,0,0,0,0,0,1,0,0,0,0,0,0,0,0,0,1,0,0,0,0,,,,"3,000円以上 5,000円未満",,使わない,,"1,000円未満","1,000円未満",,,,,,,,,,4,4,,,,,,7,,,道の駅「若狭おばま」 エリア,,選択なし/該当施設なし,,選択なし/該当施設なし,,000000,道の駅「若狭おばま」,1968,58,,2月,68.道の駅「若狭おばま」 エリア,(株)まちづくり小浜,
福井,2026/02/12 12:40:08,兵庫県,女,30代,,400万円以上 500万円未満,友人,1泊,福井県外には宿泊しない,,1泊,,,,,,,,,新幹線在来線,0,0,1,1,0,0,0,路線バス,0,1,0,0,,,,初めて,初めて,宿でのんびり過ごす温泉や露天風呂地元の美味しいものを食べる名所、旧跡の観光まちあるき、都市散策,1,1,1,0,1,0,0,0,0,0,1,0,0,0,0,0,0,0,インターネット・アプリ友人・知人,0,0,0,0,0,0,0,0,0,0,1,0,0,0,0,0,0,0,1,0,0,0,0,0,0,,,,"20,000円以上 30,000円未満",,"30,000円以上 40,000円未満",,"3,000円以上 5,000円未満","5,000円以上 10,000円未満",,,,,,,,,,4,4,,荘厳さが感じられました。また、修行僧の方々も間近にお会いすることができました。,,,,7,機会があれば行きたい,,大本山 永平寺 エリア,,大本山永平寺,,一乗谷朝倉氏遺跡,,000000,大本山 永平寺 エリア,1988,38,,2月,34.大本山 永平寺 エリア,,歴史を感じられる場所だったので。
福井,2026/02/12 12:38:21,大阪府,女,30代,,400万円以上 500万円未満,友人,1泊,福井県外には宿泊しない,,1泊,,,,,,,,,新幹線在来線,0,0,1,1,0,0,0,在来線路線バス,0,1,0,0,2,永平寺から一乗谷へ回るルートの時間制限が大きい,,初めて,初めて,宿でのんびり過ごす温泉や露天風呂地元の美味しいものを食べる,1,1,1,0,0,0,0,0,0,0,0,0,0,0,0,0,0,0,インターネット・アプリ,0,0,0,0,0,0,0,0,0,0,1,0,0,0,0,0,0,0,0,0,0,0,0,0,0,,,,"10,000円以上 20,000円未満",,"30,000円以上 40,000円未満",,"3,000円以上 5,000円未満","10,000円以上 20,000円未満",,,,,,,,,,4,4,,,,,,6,,,大本山 永平寺 エリア,,一乗谷朝倉氏遺跡,,選択なし/該当施設なし,,000000,web,1989,37,,2月,34.大本山 永平寺 エリア,,
福井,2026/02/12 12:36:29,大阪府,女,30代,,"900万円以上 1,000万円未満",友人,1泊,なし,,1泊,,,,,,,,,新幹線,0,0,1,0,0,0,0,路線バス,0,1,0,0,5,,,初めて,初めて,温泉や露天風呂地元の美味しいものを食べる名所、旧跡の観光,0,1,1,0,1,0,0,0,0,0,0,0,0,0,0,0,0,0,インターネット・アプリ,0,0,0,0,0,0,0,0,0,0,1,0,0,0,0,0,0,0,0,0,0,0,0,0,0,,,,"30,000円以上 40,000円未満",,"20,000円以上 30,000円未満",,"1,000円以上 3,000円未満","5,000円以上 10,000円未満",,,,,,,,,,5,5,,,,,,10,機会があれば行きたい,,大本山 永平寺 エリア,,東尋坊,,一乗谷朝倉氏遺跡,,000000,大本山 永平寺 エリア,1988,38,,2月,34.大本山 永平寺 エリア,,
福井,2026/02/12 12:05:58,新潟県,女,40代,,600万円以上 700万円未満,自分ひとり,1泊,福井県外には宿泊しない,,1泊,,,,,,,,,自家用車,1,0,0,0,0,0,0,自家用車,0,0,0,0,,,,初めて,初めて,地元の美味しいものを食べる名所、旧跡の観光,0,0,1,0,1,0,0,0,0,0,0,0,0,0,0,0,0,0,インターネット・アプリ,0,0,0,0,0,0,0,0,0,0,1,0,0,0,0,0,0,0,0,0,0,0,0,0,0,,,,"10,000円以上 20,000円未満",,"5,000円以上 10,000円未満",,"1,000円以上 3,000円未満","10,000円以上 20,000円未満",,,,,,,,,,4,5,,建物、室内、設備がきれい。備品が少ない（脱衣所に綿棒がない、お部屋にメイク用の鏡がない 等）には少し驚きました。お風呂場の空調が効きすぎていて風が強く、あまり温まらない。,,,,9,また行きたい（1年以内）,,竹田エリア,,選択なし/該当施設なし,,大本山永平寺,,000000,竹田エリア,1978,48,,2月,91.竹田エリア,(一社)DMOさかい観光局,駐車場に困ることがない。
福井,2026/02/12 12:04:32,福井県,男,50代,,100万円以上 200万円未満,恋人,日帰り,福井県外には宿泊しない,,福井県内には宿泊しない,,,,,,,,,自家用車,1,0,0,0,0,0,0,自家用車,0,0,0,0,4,趣と迫力があって大本山らしい素晴らしいお寺でした,,初めて,初めて,まちあるき、都市散策,0,0,0,0,0,0,0,0,0,0,1,0,0,0,0,0,0,0,友人・知人,0,0,0,0,0,0,0,0,0,0,0,0,0,0,0,0,0,0,1,0,0,0,0,0,0,,,,"1,000円以上 3,000円未満",,"1,000円以上 3,000円未満",,"1,000円以上 3,000円未満","1,000円以上 3,000円未満",,,,,,,,,,5,4,,駐車場などが利用しやすかった,,,,10,また行きたい（1年以内）,,大本山 永平寺 エリア,,一乗谷朝倉氏遺跡,,丸岡城,,000000,web,1974,52,,2月,34.大本山 永平寺 エリア,,永平寺の素晴らしさを伝えたい
福井,2026/02/12 11:39:46,福井県,男,40代,,400万円以上 500万円未満,親,日帰り,福井県外には宿泊しない,,福井県内には宿泊しない,,,,,,,,,自家用車,1,0,0,0,0,0,0,自家用車,0,0,0,0,4,,,6～10回目,6～10回目,買い物、アウトレット,0,0,0,0,0,0,1,0,0,0,0,0,0,0,0,0,0,0,TV・ラジオ番組やCM,0,0,0,0,0,0,0,0,0,0,0,0,0,0,1,0,0,0,0,0,0,0,0,0,0,,,,"1,000円以上 3,000円未満",,"1,000円以上 3,000円未満",,"1,000円以上 3,000円未満","1,000円以上 3,000円未満",,,,,,,,,,4,4,,,,,,8,,,越前そばの里 エリア,,選択なし/該当施設なし,,選択なし/該当施設なし,,000000,web,1982,44,,2月,37.越前そばの里 エリア,,
福井,2026/02/12 10:17:23,福井県,女,40代,,500万円以上 600万円未満,自分ひとり,日帰り,福井県外には宿泊しない,,福井県内には宿泊しない,,,,,,,,,自家用車,1,0,0,0,0,0,0,自家用車,0,0,0,0,,,,初めて,初めて,友人・親戚を尋ねる,0,0,0,0,0,0,0,0,0,0,0,0,0,0,0,1,0,0,友人・知人,0,0,0,0,0,0,0,0,0,0,0,0,0,0,0,0,0,0,1,0,0,0,0,0,0,,,,使わない,,使わない,,"1,000円以上 3,000円未満",使わない,,,,,,,,,,5,5,,,,,,5,,,一乗谷朝倉氏遺跡 エリア,,選択なし/該当施設なし,,選択なし/該当施設なし,,000000,ふくい鮮いちば エリア,1984,42,,2月,06.一乗谷朝倉氏遺跡 エリア,,
福井,2026/02/12 10:12:32,福井県,男,50代,,100万円以上 200万円未満,恋人,日帰り,福井県外には宿泊しない,,福井県内には宿泊しない,,,,,,,,,自家用車,1,0,0,0,0,0,0,自家用車,0,0,0,0,5,お餅など食べ物が美味しい,,初めて,初めて,まちあるき、都市散策,0,0,0,0,0,0,0,0,0,0,1,0,0,0,0,0,0,0,友人・知人,0,0,0,0,0,0,0,0,0,0,0,0,0,0,0,0,0,0,1,0,0,0,0,0,0,,,,"1,000円以上 3,000円未満",,"1,000円以上 3,000円未満",,"1,000円以上 3,000円未満","1,000円以上 3,000円未満",,,,,,,,,,5,5,,とても綺麗にされていました,,,,10,また行きたい（1年以内）,,まちの市場 こってコテいけだ エリア,,一乗谷朝倉氏遺跡,,選択なし/該当施設なし,,000000,web,1974,52,,2月,47.まちの市場 こってコテいけだ エリア,（一財）いけだ農村観光公社,お餅やお弁当、食堂で食べて欲しい
福井,2026/02/12 10:08:25,岐阜県,女,40代,,800万円以上 900万円未満,夫婦2人,日帰り,福井県外には宿泊しない,,福井県内には宿泊しない,,,,,,,,,自家用車,1,0,0,0,0,0,0,自家用車,0,0,0,0,,,,2～5回目,2～5回目,地元の美味しいものを食べる,0,0,1,0,0,0,0,0,0,0,0,0,0,0,0,0,0,0,友人・知人,0,0,0,0,0,0,0,0,0,0,0,0,0,0,0,0,0,0,1,0,0,0,0,0,0,,,,"5,000円以上 10,000円未満",,使わない,,"1,000円以上 3,000円未満","20,000円以上 30,000円未満",,,,,,,,,,5,5,,,,,,9,また行きたい（1年以内）,,道の駅「越前」 エリア,,越前がにミュージアム,,選択なし/該当施設なし,,000000,web,1980,46,,2月,49.道の駅「越前」 エリア,一般社団法人 越前町観光連盟（DMO ECHIZEN）,
福井,2026/02/12 09:28:45,千葉県,男,50代,,700万円以上 800万円未満,自分ひとり,2泊,石川県加賀市,,4泊以上,,,,,,,,,自家用車,1,0,0,0,0,0,0,自家用車,0,0,0,0,3,,,2～5回目,2～5回目,温泉や露天風呂,0,1,0,0,0,0,0,0,0,0,0,0,0,0,0,0,0,0,その他,0,0,0,0,0,0,0,0,0,0,0,0,0,0,0,0,0,0,0,0,0,0,0,0,1,,,,"20,000円以上 30,000円未満",,"5,000円以上 10,000円未満",,"1,000円以上 3,000円未満","40,000円以上 50,000円未満",,,,,,,,,,4,4,,福井のお土産が充実している,,,,8,また行きたい（1年以内）,,道の駅みくに ふれあいパーク三里浜 エリア,,越前大野城,,一乗谷朝倉氏遺跡,,000000,道の駅みくに ふれあいパーク三里浜 エリア,1970,56,,2月,15.道の駅みくに ふれあいパーク三里浜 エリア,(一社)DMOさかい観光局,福井の観光名所全国的に知名度が低いと思います。福井といえば恐竜と東尋坊でしょ、と言われるくらい。関東方面からのアクセスが新幹線開通で有利になったので、東京圏でポスターなどの宣伝で自然環境主体の魅力を伝えたら良いと思います。
福井,2026/02/12 09:23:26,東京都,女,50代,,700万円以上 800万円未満,中学生以上連れの家族,1泊,福井県外には宿泊しない,,1泊,,,,,,,,,新幹線,0,0,1,0,0,0,0,在来線路線バス,0,1,0,0,4,のんびり旅だったので、電車やバスの時間に合わせて、お昼ご飯やお土産選びができたのでよかった。,,初めて,初めて,宿でのんびり過ごす温泉や露天風呂地元の美味しいものを食べる名所、旧跡の観光,1,1,1,0,1,0,0,0,0,0,0,0,0,0,0,0,0,0,インターネット・アプリ,0,0,0,0,0,0,0,0,0,0,1,0,0,0,0,0,0,0,0,0,0,0,0,0,0,,,,"20,000円以上 30,000円未満",,"20,000円以上 30,000円未満",,"10,000円以上 20,000円未満","50,000円以上 100,000円未満",,,,,,,,,,4,4,,滞在時間があまりなかったので、よくわからなかったけど、もう少し広いかと思っていたけど、けっこうこじんまりとしていた。,,,,8,機会があれば行きたい,,福井駅前 エリア,,大本山永平寺,,あわら温泉「芦湯」,,000000,福井駅前 エリア,1970,56,,2月,01.福井駅前 エリア,,お寿司と永平寺
福井,2026/02/12 08:54:39,埼玉県,女,60代,,"900万円以上 1,000万円未満",夫婦2人,2泊,福井県外には宿泊しない,,2泊,,,,,,,,,新幹線,0,0,1,0,0,0,0,レンタカー,0,0,0,0,,,,初めて,初めて,宿でのんびり過ごす温泉や露天風呂地元の美味しいものを食べる名所、旧跡の観光,1,1,1,0,1,0,0,0,0,0,0,0,0,0,0,0,0,0,新聞・雑誌・ガイドブックインターネット・アプリ,0,0,0,0,0,0,0,0,0,0,1,0,0,0,0,0,1,0,0,0,0,0,0,0,0,,,,"20,000円以上 30,000円未満",,"30,000円以上 40,000円未満",,"5,000円以上 10,000円未満","10,000円以上 20,000円未満",,,,,,,,,,4,4,,人が親切,,,,5,機会があれば行きたい,,大本山 永平寺 エリア,,福井県立恐竜博物館,,福井県年縞博物館,,000000,大本山 永平寺 エリア,1966,60,,2月,34.大本山 永平寺 エリア,,永平寺見どころが多いから
福井,2026/02/12 08:46:52,宮城県,男,60代,,400万円以上 500万円未満,その他家族,1泊,福井県外には宿泊しない,,1泊,,,,,,,,,自家用車,1,0,0,0,0,0,0,自家用車,0,0,0,0,,,,初めて,初めて,地元の美味しいものを食べる名所、旧跡の観光テーマパーク（遊園地、動物園、博物館など）,0,0,1,0,1,1,0,0,0,0,0,0,0,0,0,0,0,0,観光展・物産展観光パンフレット・ポスターインターネット・アプリTwitter,0,0,0,0,0,1,0,0,0,0,1,0,0,0,0,0,0,0,0,0,1,0,1,0,0,,,,"30,000円以上 40,000円未満",,"100,000円以上",,"3,000円以上 5,000円未満","20,000円以上 30,000円未満",,,,,,,,,,5,4,,,,,,10,また行きたい（1年以内）,,越前松島水族館 エリア,,選択なし/該当施設なし,,選択なし/該当施設なし,,000000,web,1958,68,,2月,11.越前松島水族館 エリア,(一社)DMOさかい観光局,
福井,2026/02/12 07:53:31,石川県,女,50代,,200万円以上 300万円未満,中学生以上連れの家族,日帰り,福井県外には宿泊しない,,福井県内には宿泊しない,,,,,,,,,自家用車,1,0,0,0,0,0,0,自家用車,0,0,0,0,,,,2～5回目,2～5回目,地元の美味しいものを食べる名所、旧跡の観光ドライブ・ツーリング,0,0,1,0,1,0,0,0,0,0,0,0,0,0,1,0,0,0,新聞・雑誌・ガイドブック,0,0,0,0,0,0,0,0,0,0,0,0,0,0,0,0,1,0,0,0,0,0,0,0,0,,,,使わない,,使わない,,"3,000円以上 5,000円未満","3,000円以上 5,000円未満",,,,,,,,,,5,5,,,,,,10,また行きたい（1年以内）,,一乗谷朝倉氏遺跡 エリア,,選択なし/該当施設なし,,道の駅「一乗谷あさくら水の駅」,,000000,北潟湖 エリア,1971,55,,2月,06.一乗谷朝倉氏遺跡 エリア,,
福井,2026/02/12 06:57:02,愛知県,男,50代,,600万円以上 700万円未満,自分ひとり,1泊,福井県外には宿泊しない,,1泊,,,,,,,,,新幹線,0,0,1,0,0,0,0,徒歩,0,0,1,0,,,,11回目以上,11回目以上,出張など仕事関係,0,0,0,0,0,0,0,0,0,0,0,0,0,0,0,0,1,0,宿泊施設,0,0,0,0,0,0,0,0,0,0,0,0,0,1,0,0,0,0,0,0,0,0,0,0,0,,,,"3,000円以上 5,000円未満",,"3,000円以上 5,000円未満",,"5,000円以上 10,000円未満","3,000円以上 5,000円未満",,,,,,,,,,5,5,,,,,,10,また行きたい（1年以内）,,福井駅前 エリア（宿泊施設）,,選択なし/該当施設なし,,選択なし/該当施設なし,,000000,web,1967,59,,2月,02.福井駅前 エリア（宿泊施設）,,
福井,2026/02/13 22:48:52,石川県,男,30代,,200万円以上 300万円未満,小学生以下連れの家族,1泊,石川県加賀市,,1泊,,,,,,,,,自家用車,1,0,0,0,0,0,0,自家用車,0,0,0,0,5,,,初めて,初めて,温泉や露天風呂,0,1,0,0,0,0,0,0,0,0,0,0,0,0,0,0,0,0,観光パンフレット・ポスター,0,0,0,0,0,0,0,0,0,0,0,0,0,0,0,0,0,0,0,0,1,0,0,0,0,,,,"1,000円未満",,"20,000円以上 30,000円未満",,"1,000円以上 3,000円未満","3,000円以上 5,000円未満",,,,,,,,,,4,4,,,,,,8,また行きたい（1年以内）,,道の駅みくに ふれあいパーク三里浜 エリア,,選択なし/該当施設なし,,選択なし/該当施設なし,,000000,道の駅みくに ふれあいパーク三里浜 エリア,1988,38,,2月,15.道の駅みくに ふれあいパーク三里浜 エリア,(一社)DMOさかい観光局,
福井,2026/02/13 20:54:24,福井県,無回答,50代,,分からない/無回答,夫婦2人,日帰り,福井県外には宿泊しない,,1泊,,,,,,,,,県外から訪れていない（福井県在住）,0,0,0,0,0,0,1,自家用車,0,0,0,0,,,,2～5回目,2～5回目,地元の美味しいものを食べる,0,0,1,0,0,0,0,0,0,0,0,0,0,0,0,0,0,0,TV・ラジオ番組やCMインターネット・アプリ,0,0,0,0,0,0,0,0,0,0,1,0,0,0,1,0,0,0,0,0,0,0,0,0,0,,,,使わない,,使わない,,"3,000円以上 5,000円未満","1,000円以上 3,000円未満",,,,,,,,,,4,4,,,,,,7,,,越前そばの里 エリア,,選択なし/該当施設なし,,選択なし/該当施設なし,,000000,web,1967,59,,2月,37.越前そばの里 エリア,,
福井,2026/02/13 19:43:52,埼玉県,無回答,30代,,"1,000万円以上 1,200万円未満",夫婦2人,2泊,福井県外には宿泊しない,,2泊,,,,,,,,,新幹線在来線,0,0,1,1,0,0,0,在来線,0,0,0,0,4,,,初めて,初めて,温泉や露天風呂地元の美味しいものを食べるテーマパーク（遊園地、動物園、博物館など）,0,1,1,0,0,1,0,0,0,0,0,0,0,0,0,0,0,0,観光連盟やDMOのHPTwitter,0,0,0,0,0,1,0,0,0,0,0,0,0,0,0,0,0,0,0,0,0,0,0,1,0,,,,"20,000円以上 30,000円未満",,"20,000円以上 30,000円未満",,"5,000円以上 10,000円未満","10,000円以上 20,000円未満",,,,,,,,,,4,4,,,,,,7,機会があれば行きたい,,あわら湯のまち エリア,,東尋坊,,選択なし/該当施設なし,,000000,あわら湯のまち エリア,1987,39,,2月,17.あわら湯のまち エリア,,
福井,2026/02/13 19:41:50,埼玉県,女,30代,,"1,000万円以上 1,200万円未満",夫婦2人,2泊,福井県外には宿泊しない,,2泊,,,,,,,,,新幹線,0,0,1,0,0,0,0,在来線,0,0,0,0,,,,初めて,初めて,温泉や露天風呂地元の美味しいものを食べる名所、旧跡の観光テーマパーク（遊園地、動物園、博物館など）,0,1,1,0,1,1,0,0,0,0,0,0,0,0,0,0,0,0,Instagram,0,0,0,1,0,0,0,0,0,0,0,0,0,0,0,0,0,0,0,0,0,0,0,0,0,,,,"20,000円以上 30,000円未満",,"20,000円以上 30,000円未満",,"5,000円以上 10,000円未満","10,000円以上 20,000円未満",,,,,,,,,,4,4,,,,,,8,,,あわら湯のまち エリア,,選択なし/該当施設なし,,選択なし/該当施設なし,,000000,web,1989,37,,2月,17.あわら湯のまち エリア,,
福井,2026/02/13 19:15:24,福井県,女,70代,,"1,500万円以上",中学生以上連れの家族,1泊,福井県外には宿泊しない,,1泊,,,,,,,,,県外から訪れていない（福井県在住）,0,0,0,0,0,0,1,自家用車,0,0,0,0,,,,11回目以上,11回目以上,宿でのんびり過ごす温泉や露天風呂地元の美味しいものを食べる,1,1,1,0,0,0,0,0,0,0,0,0,0,0,0,0,0,0,TV・ラジオ番組やCM観光パンフレット・ポスター友人・知人宿泊施設,0,0,0,0,0,0,0,0,0,0,0,0,0,1,1,0,0,0,1,0,1,0,0,0,0,,,,使わない,,"30,000円以上 40,000円未満",,使わない,"3,000円以上 5,000円未満",,,,,,,,,,4,4,,お風呂が源泉かけ流しで泉質がいい。,,,,10,福井県在住,,あわら湯のまち エリア,,選択なし/該当施設なし,,選択なし/該当施設なし,,000000,越前陶芸村 エリア,1956,70,,2月,17.あわら湯のまち エリア,,
福井,2026/02/13 18:56:02,福井県,男,40代,,400万円以上 500万円未満,職場の同僚,1泊,福井県外には宿泊しない,,1泊,,,,,,,,,県外から訪れていない（福井県在住）,0,0,0,0,0,0,1,自家用車,0,0,0,0,,,,6～10回目,6～10回目,温泉や露天風呂,0,1,0,0,0,0,0,0,0,0,0,0,0,0,0,0,0,0,観光パンフレット・ポスター,0,0,0,0,0,0,0,0,0,0,0,0,0,0,0,0,0,0,0,0,1,0,0,0,0,,,,使わない,,"5,000円以上 10,000円未満",,"5,000円以上 10,000円未満","1,000円以上 3,000円未満",,,,,,,,,,4,4,,,,,,7,また行きたい（1年以内）,,かずら橋 エリア,,越前そばの里,,選択なし/該当施設なし,,000000,web,1980,46,,2月,48.かずら橋 エリア,（一財）いけだ農村観光公社,
福井,2026/02/13 18:11:21,福井県,女,60代,,100万円以上 200万円未満,自分ひとり,1泊,福井県外には宿泊しない,,1泊,,,,,,,,,在来線,0,0,0,1,0,0,0,在来線,0,0,0,0,5,露天風呂も大浴場もすいていて、ゆっくり利用できくつろげました！,,初めて,初めて,温泉や露天風呂,0,1,0,0,0,0,0,0,0,0,0,0,0,0,0,0,0,0,観光パンフレット・ポスターインターネット・アプリ,0,0,0,0,0,0,0,0,0,0,1,0,0,0,0,0,0,0,0,0,1,0,0,0,0,,,,"3,000円以上 5,000円未満",,"5,000円以上 10,000円未満",,"10,000円以上 20,000円未満","3,000円以上 5,000円未満",,,,,,,,,,5,5,,海岸線の近くにある濱の湯はとても良かったです。宿泊施設のお風呂もゆっくりでき、お風呂三昧で過ごせました。,,,,8,機会があれば行きたい,,小浜 エリア（宿泊施設）,,小浜市水産食品センター（若狭小浜お魚センター）,,敦賀赤レンガ倉庫,,000000,福井駅前 エリア,1958,68,,2月,69.小浜 エリア（宿泊施設）,(株)まちづくり小浜,飲食情報をもっとよくリサーチして行くよう勧めます。
福井,2026/02/13 17:00:05,京都府,女,60代,,300万円以上 400万円未満,自分ひとり,2泊,福井県外には宿泊しない,,2泊,,,,,,,,,在来線,0,0,0,1,0,0,0,路線バス,0,1,0,0,5,,,2～5回目,2～5回目,名所、旧跡の観光,0,0,0,0,1,0,0,0,0,0,0,0,0,0,0,0,0,0,インターネット・アプリ,0,0,0,0,0,0,0,0,0,0,1,0,0,0,0,0,0,0,0,0,0,0,0,0,0,,,,"3,000円以上 5,000円未満",,"10,000円以上 20,000円未満",,使わない,"10,000円以上 20,000円未満",,,,,,,,,,4,4,,,,,,8,,,福井駅前 エリア,,選択なし/該当施設なし,,選択なし/該当施設なし,,000000,福井駅前 エリア,1966,60,,2月,01.福井駅前 エリア,,
福井,2026/02/13 16:54:33,富山県,女,60代,,400万円以上 500万円未満,夫婦2人,1泊,福井県外には宿泊しない,,1泊,,,,,,,,,自家用車,1,0,0,0,0,0,0,自家用車,0,0,0,0,5,車がとめやすかった,,2～5回目,2～5回目,宿でのんびり過ごす温泉や露天風呂,1,1,0,0,0,0,0,0,0,0,0,0,0,0,0,0,0,0,Instagram友人・知人,0,0,0,1,0,0,0,0,0,0,0,0,0,0,0,0,0,0,1,0,0,0,0,0,0,,,,"3,000円以上 5,000円未満",,"10,000円以上 20,000円未満",,"1,000円以上 3,000円未満","3,000円以上 5,000円未満",,,,,,,,,,5,5,,,,,,10,また行きたい（1年以内）,,道の駅みくに ふれあいパーク三里浜 エリア,,選択なし/該当施設なし,,選択なし/該当施設なし,,000000,web,1966,60,,2月,15.道の駅みくに ふれあいパーク三里浜 エリア,(一社)DMOさかい観光局,海が綺麗
福井,2026/02/13 15:38:40,福井県,男,50代,,600万円以上 700万円未満,自分ひとり,日帰り,福井県外には宿泊しない,,福井県内には宿泊しない,,,,,,,,,県外から訪れていない（福井県在住）,0,0,0,0,0,0,1,自家用車,0,0,0,0,,,,11回目以上,11回目以上,買い物、アウトレット,0,0,0,0,0,0,1,0,0,0,0,0,0,0,0,0,0,0,インターネット・アプリ,0,0,0,0,0,0,0,0,0,0,1,0,0,0,0,0,0,0,0,0,0,0,0,0,0,,,,"3,000円以上 5,000円未満",,使わない,,"1,000円未満","1,000円未満",,,,,,,,,,4,4,,,,,,7,,,一乗谷朝倉氏遺跡 エリア,,選択なし/該当施設なし,,選択なし/該当施設なし,,000000,道の駅「若狭おばま」,1968,58,,2月,06.一乗谷朝倉氏遺跡 エリア,,
福井,2026/02/13 15:26:26,徳島県,女,40代,,300万円以上 400万円未満,その他家族,1泊,大阪,,1泊,,,,,,,,,新幹線,0,0,1,0,0,0,0,レンタカー,0,0,0,0,,,,初めて,初めて,出張など仕事関係,0,0,0,0,0,0,0,0,0,0,0,0,0,0,0,0,1,0,その他,0,0,0,0,0,0,0,0,0,0,0,0,0,0,0,0,0,0,0,0,0,0,0,0,1,,,,"50,000円以上 100,000円未満",,"10,000円以上 20,000円未満",,"1,000円以上 3,000円未満","30,000円以上 40,000円未満",,,,,,,,,,3,3,,,,,,5,どちらともいえない,,東尋坊 エリア,,大本山永平寺,宿泊場所,選択なし/該当施設なし,,000000,東尋坊 エリア,1981,45,,2月,10.東尋坊 エリア,(一社)DMOさかい観光局,
福井,2026/02/13 15:22:26,大阪府,男,30代,,600万円以上 700万円未満,その他家族,3泊,福井県外には宿泊しない,,3泊,,,,,,,,,レンタカー,0,1,0,0,0,0,0,レンタカー,0,0,0,0,5,ドライブの居心地の良い車種だったから,,2～5回目,2～5回目,温泉や露天風呂友人・親戚を尋ねる,0,1,0,0,0,0,0,0,0,0,0,0,0,0,0,1,0,0,その他,0,0,0,0,0,0,0,0,0,0,0,0,0,0,0,0,0,0,0,0,0,0,0,0,1,,,,"5,000円以上 10,000円未満",,"20,000円以上 30,000円未満",,"1,000円以上 3,000円未満","5,000円以上 10,000円未満",,,,,,,,,,5,4,,数十年前に訪れたときと比べてリニューアルされており、楽しめた,,,,8,また行きたい（1年以内）,,かつやま恐竜の森 エリア,,越前和紙の里,,あわら温泉街,,000000,かつやま恐竜の森 エリア,1996,30,,2月,25.かつやま恐竜の森 エリア,勝山市観光まちづくり(株),
福井,2026/02/13 15:21:47,大阪府,女,30代,,500万円以上 600万円未満,小学生以下連れの家族,3泊,福井県外には宿泊しない,,3泊,,,,,,,,,レンタカー,0,1,0,0,0,0,0,レンタカー,0,0,0,0,5,,,初めて,初めて,宿でのんびり過ごす温泉や露天風呂地元の美味しいものを食べるテーマパーク（遊園地、動物園、博物館など）友人・親戚を尋ねる,1,1,1,0,0,1,0,0,0,0,0,0,0,0,0,1,0,0,観光展・物産展友人・知人,0,0,0,0,0,0,0,0,0,0,0,0,0,0,0,0,0,0,1,0,0,0,1,0,0,,,,"5,000円以上 10,000円未満",,"30,000円以上 40,000円未満",,"3,000円以上 5,000円未満","5,000円以上 10,000円未満",,,,,,,,,,5,5,,,,,,8,機会があれば行きたい,,かつやま恐竜の森 エリア,,越前和紙の里,,あわら温泉街,,000000,web,1994,32,,2月,25.かつやま恐竜の森 エリア,勝山市観光まちづくり(株),
福井,2026/02/13 14:35:05,三重県,男,60代,,分からない/無回答,小学生以下連れの家族,4泊以上,京都府,,3泊,,,,,,,,,自家用車,1,0,0,0,0,0,0,自家用車,0,0,0,0,,,,11回目以上,11回目以上,地元の美味しいものを食べるスキー・スノボ、マリンスポーツ,0,0,1,0,0,0,0,0,0,0,0,0,1,0,0,0,0,0,インターネット・アプリ,0,0,0,0,0,0,0,0,0,0,1,0,0,0,0,0,0,0,0,0,0,0,0,0,0,,,,"20,000円以上 30,000円未満",,"30,000円以上 40,000円未満",,"1,000円以上 3,000円未満","100,000円以上",,,,,,,,,,4,4,,,,,,7,また行きたい（1年以内）,,うみんぴあ大飯 エリア,,九頭竜スキー場,,選択なし/該当施設なし,,000000,うみんぴあ大飯 エリア,1965,61,,2月,84.うみんぴあ大飯 エリア,,
福井,2026/02/13 14:19:46,三重県,女,10歳未満,,分からない/無回答,小学生以下連れの家族,4泊以上,京都府,,3泊,,,,,,,,,自家用車,1,0,0,0,0,0,0,自家用車,0,0,0,0,,,,11回目以上,11回目以上,地元の美味しいものを食べるスキー・スノボ、マリンスポーツ,0,0,1,0,0,0,0,0,0,0,0,0,1,0,0,0,0,0,インターネット・アプリその他,0,0,0,0,0,0,0,0,0,0,1,0,0,0,0,0,0,0,0,0,0,0,0,0,0,,,,"20,000円以上 30,000円未満",,"30,000円以上 40,000円未満",,"1,000円以上 3,000円未満","100,000円以上",,,,,,,,,,4,4,,,,,,8,また行きたい（1年以内）,,うみんぴあ大飯 エリア,,九頭竜スキー場,,選択なし/該当施設なし,,000000,うみんぴあ大飯 エリア,2018,8,,2月,84.うみんぴあ大飯 エリア,,
福井,2026/02/13 14:09:07,石川県,男,50代,,分からない/無回答,自分ひとり,日帰り,福井県外には宿泊しない,,福井県内には宿泊しない,,,,,,,,,自家用車,1,0,0,0,0,0,0,自家用車,0,0,0,0,,,,2～5回目,2～5回目,花見や紅葉などの自然鑑賞名所、旧跡の観光買い物、アウトレット,0,0,0,1,1,0,1,0,0,0,0,0,0,0,0,0,0,0,観光展・物産展観光パンフレット・ポスター観光協会等の案内所,0,0,0,0,0,0,0,0,0,0,0,0,0,0,0,0,0,0,0,0,1,1,1,0,0,,,,"1,000円以上 3,000円未満",,使わない,,"1,000円未満","1,000円以上 3,000円未満",,,,,,,,,,4,4,,,,,,7,また行きたい（1年以内）,,北潟湖 エリア,,選択なし/該当施設なし,,選択なし/該当施設なし,,000000,北潟湖 エリア,1974,52,,2月,20.北潟湖 エリア,,
福井,2026/02/13 14:05:58,岐阜県,女,50代,,200万円以上 300万円未満,夫婦2人,日帰り,福井県外には宿泊しない,,福井県内には宿泊しない,,,,,,,,,自家用車,1,0,0,0,0,0,0,自家用車,0,0,0,0,,,,11回目以上,11回目以上,地元の美味しいものを食べる,0,0,1,0,0,0,0,0,0,0,0,0,0,0,0,0,0,0,TV・ラジオ番組やCMインターネット・アプリ,0,0,0,0,0,0,0,0,0,0,1,0,0,0,1,0,0,0,0,0,0,0,0,0,0,,,,"5,000円以上 10,000円未満",,使わない,,"1,000円以上 3,000円未満","5,000円以上 10,000円未満",,,,,,,,,,4,4,,,,,,8,また行きたい（1年以内）,,越前そばの里 エリア,,越前がにミュージアム,,選択なし/該当施設なし,,000000,越前そばの里 エリア,1967,59,,2月,37.越前そばの里 エリア,,
福井,2026/02/13 14:03:43,愛知県,女,50代,,700万円以上 800万円未満,夫婦2人,2泊,福井県外には宿泊しない,,2泊,,,,,,,,,その他,0,0,0,0,0,0,0,在来線,0,0,0,0,4,,,2～5回目,2～5回目,名所、旧跡の観光,0,0,0,0,1,0,0,0,0,0,0,0,0,0,0,0,0,0,新聞・雑誌・ガイドブック,0,0,0,0,0,0,0,0,0,0,0,0,0,0,0,0,1,0,0,0,0,0,0,0,0,,,,"10,000円以上 20,000円未満",,"50,000円以上 100,000円未満",,"3,000円以上 5,000円未満","10,000円以上 20,000円未満",,,,,,,,,,4,4,,,,,,8,また行きたい（1年以内）,,福井駅前 エリア,,選択なし/該当施設なし,,選択なし/該当施設なし,,000000,東尋坊 エリア,1973,53,,2月,01.福井駅前 エリア,,
福井,2026/02/13 13:57:50,愛知県,男,50代,,500万円以上 600万円未満,夫婦2人,1泊,福井県外には宿泊しない,,1泊,,,,,,,,,在来線その他,0,0,0,1,0,0,0,自家用車在来線,0,0,0,0,5,,,2～5回目,2～5回目,宿でのんびり過ごす地元の美味しいものを食べるまちあるき、都市散策,1,0,1,0,0,0,0,0,0,0,1,0,0,0,0,0,0,0,インターネット・アプリ,0,0,0,0,0,0,0,0,0,0,1,0,0,0,0,0,0,0,0,0,0,0,0,0,0,,,,"10,000円以上 20,000円未満",,"30,000円以上 40,000円未満",,"5,000円以上 10,000円未満","3,000円以上 5,000円未満",,,,,,,,,,3,4,,,,,,9,機会があれば行きたい,,あわら湯のまち エリア,,選択なし/該当施設なし,,選択なし/該当施設なし,,000000,web,1976,50,,2月,17.あわら湯のまち エリア,,
福井,2026/02/13 13:56:35,京都府,女,70代,,200万円以上 300万円未満,夫婦2人,日帰り,福井県外には宿泊しない,,福井県内には宿泊しない,,,,,,,,,自家用車,1,0,0,0,0,0,0,自家用車,0,0,0,0,,,,11回目以上,11回目以上,買い物、アウトレット,0,0,0,0,0,0,1,0,0,0,0,0,0,0,0,0,0,0,観光連盟やDMOのHP,0,0,0,0,0,0,0,0,0,0,0,0,0,0,0,0,0,0,0,0,0,0,0,1,0,,,,使わない,,使わない,,"3,000円以上 5,000円未満","3,000円以上 5,000円未満",,,,,,,,,,4,4,,,,,,7,機会があれば行きたい,,うみんぴあ大飯 エリア,,明通寺,,熊川宿,,000000,web,1953,73,,2月,84.うみんぴあ大飯 エリア,,
福井,2026/02/13 13:55:21,愛知県,女,50代,,500万円以上 600万円未満,夫婦2人,1泊,福井県外には宿泊しない,,1泊,,,,,,,,,在来線,0,0,0,1,0,0,0,徒歩,0,0,1,0,,,,2～5回目,2～5回目,宿でのんびり過ごす地元の美味しいものを食べるまちあるき、都市散策,1,0,1,0,0,0,0,0,0,0,1,0,0,0,0,0,0,0,インターネット・アプリ,0,0,0,0,0,0,0,0,0,0,1,0,0,0,0,0,0,0,0,0,0,0,0,0,0,,,,"5,000円以上 10,000円未満",,"20,000円以上 30,000円未満",,"5,000円以上 10,000円未満","5,000円以上 10,000円未満",,,,,,,,,,5,3,,綺麗にされていた。,,,,5,機会があれば行きたい,,あわら湯のまち エリア,,選択なし/該当施設なし,,選択なし/該当施設なし,,000000,あわら湯のまち エリア,1967,59,,2月,17.あわら湯のまち エリア,,温泉
福井,2026/02/13 13:25:09,大阪府,男,40代,,100万円未満,自分ひとり,日帰り,石川県金沢市,,福井県内には宿泊しない,,,,,,,,,飛行機,0,0,0,0,1,0,0,路線バス,0,1,0,0,4,,,初めて,初めて,名所、旧跡の観光まちあるき、都市散策,0,0,0,0,1,0,0,0,0,0,1,0,0,0,0,0,0,0,インターネット・アプリ友人・知人,0,0,0,0,0,0,0,0,0,0,1,0,0,0,0,0,0,0,1,0,0,0,0,0,0,,,,"30,000円以上 40,000円未満",,使わない,,"1,000円以上 3,000円未満","5,000円以上 10,000円未満",,,,,,,,,,5,4,,,,,,8,機会があれば行きたい,,大本山 永平寺 エリア,,養浩館庭園,,北の庄城址・柴田公園,,000000,web,1986,40,,2月,34.大本山 永平寺 エリア,,
福井,2026/02/13 12:22:42,広島県,男,40代,,100万円未満,自分ひとり,4泊以上,岐阜県,,2泊,,,,,,,,,自家用車,1,0,0,0,0,0,0,自家用車,0,0,0,0,,,,初めて,初めて,温泉や露天風呂地元の美味しいものを食べるスキー・スノボ、マリンスポーツその他,0,1,1,0,0,0,0,0,0,0,0,0,1,0,0,0,0,1,その他,0,0,0,0,0,0,0,0,0,0,0,0,0,0,0,0,0,0,0,0,0,0,0,0,1,,,,"20,000円以上 30,000円未満",,"5,000円以上 10,000円未満",,"1,000円以上 3,000円未満","20,000円以上 30,000円未満",,,,,,,,,,4,4,,,,,,5,機会があれば行きたい,,丸岡城 エリア,,スキージャム勝山,,越前大仏,,000000,丸岡城 エリア,1981,45,,2月,13.丸岡城 エリア,(一社)DMOさかい観光局,
福井,2026/02/13 11:51:15,東京都,女,60代,,"1,000万円以上 1,200万円未満",夫婦2人,1泊,福井県外には宿泊しない,,1泊,,,,,,,,,新幹線,0,0,1,0,0,0,0,路線バス,0,1,0,0,4,便利,,2～5回目,2～5回目,宿でのんびり過ごす温泉や露天風呂地元の美味しいものを食べる,1,1,1,0,0,0,0,0,0,0,0,0,0,0,0,0,0,0,インターネット・アプリ,0,0,0,0,0,0,0,0,0,0,1,0,0,0,0,0,0,0,0,0,0,0,0,0,0,,,,"10,000円以上 20,000円未満",,"30,000円以上 40,000円未満",,"3,000円以上 5,000円未満","10,000円以上 20,000円未満",,,,,,,,,,4,4,,,,,,6,機会があれば行きたい,,東尋坊 エリア,,選択なし/該当施設なし,,京都市内寺院（京都府）,,000000,東尋坊 エリア,1961,65,,2月,10.東尋坊 エリア,(一社)DMOさかい観光局,
福井,2026/02/13 11:34:39,東京都,女,40代,,300万円以上 400万円未満,自分ひとり,2泊,福井県外には宿泊しない,,2泊,,,,,,,,,新幹線在来線,0,0,1,1,0,0,0,在来線路線バス,0,1,0,0,4,,,2～5回目,2～5回目,名所、旧跡の観光,0,0,0,0,1,0,0,0,0,0,0,0,0,0,0,0,0,0,インターネット・アプリ,0,0,0,0,0,0,0,0,0,0,1,0,0,0,0,0,0,0,0,0,0,0,0,0,0,,,,"20,000円以上 30,000円未満",,"10,000円以上 20,000円未満",,"1,000円以上 3,000円未満","30,000円以上 40,000円未満",,,,,,,,,,5,4,,,,,,8,機会があれば行きたい,,大本山 永平寺 エリア,,氣比神宮,,福井駅,,000000,大本山 永平寺 エリア,1980,46,,2月,34.大本山 永平寺 エリア,,
福井,2026/02/13 10:48:45,滋賀県,男,60代,,100万円未満,夫婦2人,1泊,福井県外には宿泊しない,,1泊,,,,,,,,,自家用車,1,0,0,0,0,0,0,自家用車,0,0,0,0,4,,,11回目以上,11回目以上,宿でのんびり過ごす地元の美味しいものを食べる,1,0,1,0,0,0,0,0,0,0,0,0,0,0,0,0,0,0,観光展・物産展,0,0,0,0,0,0,0,0,0,0,0,0,0,0,0,0,0,0,0,0,0,0,1,0,0,,,,"1,000円以上 3,000円未満",,"30,000円以上 40,000円未満",,"3,000円以上 5,000円未満","3,000円以上 5,000円未満",,,,,,,,,,4,4,,,,,,9,また行きたい（1年以内）,,熊川宿 エリア,,選択なし/該当施設なし,,選択なし/該当施設なし,,000000,web,1959,67,,2月,81.熊川宿 エリア,三方五湖DMO(株),
福井,2026/02/13 10:39:11,滋賀県,女,60代,,分からない/無回答,夫婦2人,1泊,福井県外には宿泊しない,,1泊,,,,,,,,,自家用車,1,0,0,0,0,0,0,自家用車,0,0,0,0,,,,11回目以上,11回目以上,宿でのんびり過ごす地元の美味しいものを食べる,1,0,1,0,0,0,0,0,0,0,0,0,0,0,0,0,0,0,インターネット・アプリ,0,0,0,0,0,0,0,0,0,0,1,0,0,0,0,0,0,0,0,0,0,0,0,0,0,,,,使わない,,"30,000円以上 40,000円未満",,使わない,使わない,,,,,,,,,,4,4,,,,,,8,また行きたい（1年以内）,,熊川宿 エリア,,選択なし/該当施設なし,,選択なし/該当施設なし,,000000,web,1959,67,,2月,81.熊川宿 エリア,三方五湖DMO(株),
福井,2026/02/13 07:48:01,京都府,女,50代,,500万円以上 600万円未満,自分ひとり,日帰り,福井県外には宿泊しない,,福井県内には宿泊しない,,,,,,,,,在来線,0,0,0,1,0,0,0,在来線,0,0,0,0,5,雪景色,,初めて,初めて,名所、旧跡の観光,0,0,0,0,1,0,0,0,0,0,0,0,0,0,0,0,0,0,友人・知人,0,0,0,0,0,0,0,0,0,0,0,0,0,0,0,0,0,0,1,0,0,0,0,0,0,,,,"5,000円以上 10,000円未満",,使わない,,使わない,"5,000円以上 10,000円未満",,,,,,,,,,5,5,,,,,,10,,,名勝 養浩館庭園 エリア,,選択なし/該当施設なし,,選択なし/該当施設なし,,000000,名勝 養浩館庭園 エリア,1970,56,,2月,04.名勝 養浩館庭園 エリア,,
福井,2026/02/13 07:45:55,東京都,男,20代,,200万円以上 300万円未満,自分ひとり,4泊以上,福井県外には宿泊しない,,4泊以上,,,,,,,,,新幹線,0,0,1,0,0,0,0,徒歩,0,0,1,0,5,,,11回目以上,11回目以上,名所、旧跡の観光スキー・スノボ、マリンスポーツ出張など仕事関係,0,0,0,0,1,0,0,0,0,0,0,0,1,0,0,0,1,0,宿泊施設,0,0,0,0,0,0,0,0,0,0,0,0,0,1,0,0,0,0,0,0,0,0,0,0,0,,,,"30,000円以上 40,000円未満",,"20,000円以上 30,000円未満",,"10,000円以上 20,000円未満","40,000円以上 50,000円未満",,,,,,,,,,4,4,,,,,,10,また行きたい（1年以内）,,福井駅前 エリア（宿泊施設）,,選択なし/該当施設なし,,スキージャム勝山,,000000,web,1998,28,,2月,02.福井駅前 エリア（宿泊施設）,,
福井,2026/02/14 23:22:23,東京都,女,40代,,500万円以上 600万円未満,友人,2泊,福井県外には宿泊しない,,2泊,,,,,,,,,新幹線,0,0,1,0,0,0,0,徒歩,0,0,1,0,,,,初めて,初めて,まちあるき、都市散策,0,0,0,0,0,0,0,0,0,0,1,0,0,0,0,0,0,0,観光協会等の案内所,0,0,0,0,0,0,0,0,0,0,0,0,0,0,0,0,0,0,0,0,0,1,0,0,0,,,,"30,000円以上 40,000円未満",,"10,000円以上 20,000円未満",,"10,000円以上 20,000円未満","30,000円以上 40,000円未満",,,,,,,,,,4,4,,駅前にいろいろお店が集まっていて街歩きしやすい。少し離れた場所に居酒屋が集まっていて飲み歩きしやすい,,,,8,機会があれば行きたい,,福井駅前 エリア,,選択なし/該当施設なし,,あわら温泉街,,000000,web,1982,44,,2月,01.福井駅前 エリア,,食べ物、お酒が美味しい
福井,2026/02/14 20:57:34,大阪府,女,50代,,100万円未満,夫婦2人,2泊,福井県外には宿泊しない,,2泊,,,,,,,,,自家用車,1,0,0,0,0,0,0,自家用車,0,0,0,0,5,福井県には、色々な酒蔵があるので酒粕を各々のお店で買ったので粕汁などを作って楽しみたいです。,,2～5回目,2～5回目,温泉や露天風呂地元の美味しいものを食べるまちあるき、都市散策,0,1,1,0,0,0,0,0,0,0,1,0,0,0,0,0,0,0,観光パンフレット・ポスターインターネット・アプリ,0,0,0,0,0,0,0,0,0,0,1,0,0,0,0,0,0,0,0,0,1,0,0,0,0,,,,"20,000円以上 30,000円未満",,"20,000円以上 30,000円未満",,"30,000円以上 40,000円未満","20,000円以上 30,000円未満",,,,,,,,,,5,5,,今回伺った酒蔵などで色々話しを聞かせてもらいながらのお買い物が楽しかったです,,,,8,また行きたい（1年以内）,,北潟湖 エリア,,大本山永平寺,,丸岡城,,000000,北潟湖 エリア,1969,57,,2月,20.北潟湖 エリア,,温泉が沢山あって、泉質も良かったので違うところも伺ってみたいと思います
福井,2026/02/14 20:42:37,神奈川県,男,40代,,500万円以上 600万円未満,夫婦2人,日帰り,小松市,,福井県内には宿泊しない,,,,,,,,,自家用車,1,0,0,0,0,0,0,自家用車,0,0,0,0,5,,,2～5回目,2～5回目,ドライブ・ツーリング,0,0,0,0,0,0,0,0,0,0,0,0,0,0,1,0,0,0,観光連盟やDMOのHP,0,0,0,0,0,0,0,0,0,0,0,0,0,0,0,0,0,0,0,0,0,0,0,1,0,,,,"1,000円以上 3,000円未満",,"5,000円以上 10,000円未満",,"1,000円未満","3,000円以上 5,000円未満",,,,,,,,,,5,5,,施設が綺麗で過ごしやすかったから,,,,9,また行きたい（1年以内）,,道の駅「三方五湖」  エリア,,レインボーライン,,選択なし/該当施設なし,,000000,web,1985,41,,2月,83.道の駅「三方五湖」 エリア,三方五湖DMO(株),
福井,2026/02/14 20:40:44,愛知県,男,70代,,300万円以上 400万円未満,友人,1泊,福井県外には宿泊しない,,1泊,,,,,,,,,自家用車新幹線,1,0,1,0,0,0,0,自家用車,0,0,0,0,,,,初めて,初めて,宿でのんびり過ごす温泉や露天風呂地元の美味しいものを食べる名所、旧跡の観光,1,1,1,0,1,0,0,0,0,0,0,0,0,0,0,0,0,0,観光パンフレット・ポスター,0,0,0,0,0,0,0,0,0,0,0,0,0,0,0,0,0,0,0,0,1,0,0,0,0,,,,"10,000円以上 20,000円未満",,"10,000円以上 20,000円未満",,"1,000円以上 3,000円未満","3,000円以上 5,000円未満",,,,,,,,,,5,5,,大雪後に訪れましたが、庭園の景色に雪が美しさを倍増して感動しました。,,,,8,また行きたい（1年以内）,,名勝 養浩館庭園 エリア,,選択なし/該当施設なし,,氣比神宮,,000000,道の駅みくに ふれあいパーク三里浜 エリア,1954,72,,2月,04.名勝 養浩館庭園 エリア,,フグとカニ料理が美味しい季節なので是非に食べに行くべきです。
福井,2026/02/14 20:33:41,石川県,女,20代,,300万円以上 400万円未満,夫婦2人,日帰り,福井県外には宿泊しない,,福井県内には宿泊しない,,,,,,,,,自家用車,1,0,0,0,0,0,0,自家用車,0,0,0,0,5,,,2～5回目,2～5回目,ドライブ・ツーリング,0,0,0,0,0,0,0,0,0,0,0,0,0,0,1,0,0,0,新聞・雑誌・ガイドブック,0,0,0,0,0,0,0,0,0,0,0,0,0,0,0,0,1,0,0,0,0,0,0,0,0,,,,"1,000円以上 3,000円未満",,使わない,,"1,000円以上 3,000円未満","3,000円以上 5,000円未満",,,,,,,,,,5,5,,,,,,10,また行きたい（1年以内）,,道の駅「三方五湖」  エリア,,丸岡城,,選択なし/該当施設なし,,000000,web,1997,29,,2月,83.道の駅「三方五湖」 エリア,三方五湖DMO(株),
福井,2026/02/14 20:23:53,東京都,男,40代,,"1,200万円以上 1,500万円未満",小学生以下連れの家族,2泊,福井県外には宿泊しない,,2泊,,,,,,,,,新幹線,0,0,1,0,0,0,0,徒歩,0,0,1,0,5,,,2～5回目,2～5回目,スキー・スノボ、マリンスポーツ,0,0,0,0,0,0,0,0,0,0,0,0,1,0,0,0,0,0,インターネット・アプリ,0,0,0,0,0,0,0,0,0,0,1,0,0,0,0,0,0,0,0,0,0,0,0,0,0,,,,"50,000円以上 100,000円未満",,"50,000円以上 100,000円未満",,"10,000円以上 20,000円未満","50,000円以上 100,000円未満",,,,,,,,,,4,4,,,,,,8,また行きたい（1年以内）,,福井駅前 エリア（宿泊施設）,,選択なし/該当施設なし,,選択なし/該当施設なし,,000000,越前そばの里 エリア,1981,45,,2月,02.福井駅前 エリア（宿泊施設）,,
福井,2026/02/14 20:23:23,大阪府,男,30代,,600万円以上 700万円未満,その他家族,3泊,福井県外には宿泊しない,,3泊,,,,,,,,,レンタカー,0,1,0,0,0,0,0,レンタカー,0,0,0,0,5,高速道路のsaと併設しているため,,初めて,初めて,友人・親戚を尋ねる,0,0,0,0,0,0,0,0,0,0,0,0,0,0,0,1,0,0,その他,0,0,0,0,0,0,0,0,0,0,0,0,0,0,0,0,0,0,0,0,0,0,0,0,1,,,,"5,000円以上 10,000円未満",,"20,000円以上 30,000円未満",,"1,000円以上 3,000円未満","5,000円以上 10,000円未満",,,,,,,,,,5,5,,,,,,10,また行きたい（1年以内）,,道の駅「南えちぜん山海里」 エリア,,福井県立恐竜博物館,,選択なし/該当施設なし,,000000,かつやま恐竜の森 エリア,1996,30,,2月,58.道の駅「南えちぜん山海里」 エリア,,
福井,2026/02/14 19:55:16,大阪府,男,50代,,400万円以上 500万円未満,自分ひとり,日帰り,福井県外には宿泊しない,,福井県内には宿泊しない,,,,,,,,,新幹線在来線,0,0,1,1,0,0,0,在来線,0,0,0,0,4,特急で一本で来られる,,6～10回目,6～10回目,名所、旧跡の観光テーマパーク（遊園地、動物園、博物館など）買い物、アウトレット,0,0,0,0,1,1,1,0,0,0,0,0,0,0,0,0,0,0,観光展・物産展観光パンフレット・ポスターインターネット・アプリ,0,0,0,0,0,0,0,0,0,0,1,0,0,0,0,0,0,0,0,0,1,0,1,0,0,,,,"5,000円以上 10,000円未満",,使わない,,"1,000円以上 3,000円未満","5,000円以上 10,000円未満",,,,,,,,,,3,4,,夜に訪れたのでお店の多くが閉まっていたのは残念でした,,,,8,機会があれば行きたい,,JR敦賀駅前 エリア,,福井県立恐竜博物館,,選択なし/該当施設なし,,000000,JR敦賀駅前 エリア,1974,52,,2月,63.JR敦賀駅前 エリア,,
福井,2026/02/14 19:30:24,福井県,無回答,30代,,400万円以上 500万円未満,自分ひとり,日帰り,福井県外には宿泊しない,,福井県内には宿泊しない,,,,,,,,,自家用車,1,0,0,0,0,0,0,自家用車,0,0,0,0,,,,2～5回目,2～5回目,買い物、アウトレット,0,0,0,0,0,0,1,0,0,0,0,0,0,0,0,0,0,0,観光展・物産展,0,0,0,0,0,0,0,0,0,0,0,0,0,0,0,0,0,0,0,0,0,0,1,0,0,,,,"1,000円未満",,"1,000円未満",,"1,000円未満","1,000円未満",,,,,,,,,,5,5,,,,,,10,,,花の駅 ゆりの里公園 エリア,,選択なし/該当施設なし,,選択なし/該当施設なし,,000000,web,1995,31,,2月,14.花の駅 ゆりの里公園 エリア,(一社)DMOさかい観光局,
福井,2026/02/14 17:51:13,埼玉県,無回答,30代,,"1,000万円以上 1,200万円未満",夫婦2人,2泊,福井県外には宿泊しない,,2泊,,,,,,,,,在来線,0,0,0,1,0,0,0,在来線,0,0,0,0,4,,,初めて,初めて,テーマパーク（遊園地、動物園、博物館など）,0,0,0,0,0,1,0,0,0,0,0,0,0,0,0,0,0,0,Twitter,0,0,0,0,0,1,0,0,0,0,0,0,0,0,0,0,0,0,0,0,0,0,0,0,0,,,,"20,000円以上 30,000円未満",,"20,000円以上 30,000円未満",,"5,000円以上 10,000円未満","10,000円以上 20,000円未満",,,,,,,,,,4,4,,駅前に商業施設が多く、どの建物も綺麗で便利でした。,,,,8,機会があれば行きたい,,福井駅前 エリア,,選択なし/該当施設なし,,東尋坊,,000000,あわら湯のまち エリア,1987,39,,2月,01.福井駅前 エリア,,
福井,2026/02/14 17:49:16,埼玉県,女,30代,,"1,000万円以上 1,200万円未満",夫婦2人,2泊,福井県外には宿泊しない,,2泊,,,,,,,,,新幹線,0,0,1,0,0,0,0,在来線,0,0,0,0,,,,初めて,初めて,テーマパーク（遊園地、動物園、博物館など）,0,0,0,0,0,1,0,0,0,0,0,0,0,0,0,0,0,0,Instagram,0,0,0,1,0,0,0,0,0,0,0,0,0,0,0,0,0,0,0,0,0,0,0,0,0,,,,"20,000円以上 30,000円未満",,"20,000円以上 30,000円未満",,"1,000円以上 3,000円未満","10,000円以上 20,000円未満",,,,,,,,,,3,4,,,,,,7,,,福井駅前 エリア,,選択なし/該当施設なし,,選択なし/該当施設なし,,000000,web,1989,37,,2月,01.福井駅前 エリア,,
福井,2026/02/14 17:37:30,神奈川県,女,50代,,分からない/無回答,親,日帰り,福井県外には宿泊しない,,福井県内には宿泊しない,,,,,,,,,県外から訪れていない（福井県在住）,0,0,0,0,0,0,1,自家用車,0,0,0,0,,,,2～5回目,2～5回目,名所、旧跡の観光,0,0,0,0,1,0,0,0,0,0,0,0,0,0,0,0,0,0,インターネット・アプリ,0,0,0,0,0,0,0,0,0,0,1,0,0,0,0,0,0,0,0,0,0,0,0,0,0,,,,"1,000円以上 3,000円未満",,使わない,,"1,000円以上 3,000円未満","1,000円以上 3,000円未満",,,,,,,,,,4,4,,,,,,5,福井県在住,,熊川宿 エリア,,選択なし/該当施設なし,道の駅　「若狭美浜　はまびより」,選択なし/該当施設なし,,000000,web,1968,58,,2月,81.熊川宿 エリア,三方五湖DMO(株),
福井,2026/02/14 17:23:20,岐阜県,男,30代,,800万円以上 900万円未満,小学生以下連れの家族,日帰り,福井県外には宿泊しない,,福井県内には宿泊しない,,,,,,,,,自家用車,1,0,0,0,0,0,0,自家用車,0,0,0,0,5,,,2～5回目,2～5回目,テーマパーク（遊園地、動物園、博物館など）,0,0,0,0,0,1,0,0,0,0,0,0,0,0,0,0,0,0,観光展・物産展,0,0,0,0,0,0,0,0,0,0,0,0,0,0,0,0,0,0,0,0,0,0,1,0,0,,,,"1,000円以上 3,000円未満",,"5,000円以上 10,000円未満",,"3,000円以上 5,000円未満","5,000円以上 10,000円未満",,,,,,,,,,4,4,,,,,,10,,,かつやま恐竜の森 エリア,,福井県立恐竜博物館,,選択なし/該当施設なし,,000000,かつやま恐竜の森 エリア,1994,32,,2月,25.かつやま恐竜の森 エリア,勝山市観光まちづくり(株),
福井,2026/02/14 16:45:26,茨城県,男,20代,,300万円以上 400万円未満,自分ひとり,4泊以上,福井県外には宿泊しない,,4泊以上,,,,,,,,,新幹線飛行機,0,0,1,0,1,0,0,自家用車,0,0,0,0,,,,11回目以上,11回目以上,出張など仕事関係,0,0,0,0,0,0,0,0,0,0,0,0,0,0,0,0,1,0,その他,0,0,0,0,0,0,0,0,0,0,0,0,0,0,0,0,0,0,0,0,0,0,0,0,1,,,,使わない,,使わない,,"10,000円以上 20,000円未満","100,000円以上",,,,,,,,,,5,5,,,,,,10,,,道の駅「南えちぜん山海里」 エリア,,選択なし/該当施設なし,,選択なし/該当施設なし,,000000,web,2001,25,,2月,58.道の駅「南えちぜん山海里」 エリア,,
福井,2026/02/14 16:38:12,大阪府,男,50代,,"1,500万円以上",中学生以上連れの家族,1泊,福井県外には宿泊しない,,1泊,,,,,,,,,自家用車,1,0,0,0,0,0,0,自家用車,0,0,0,0,4,,,2～5回目,2～5回目,宿でのんびり過ごす,1,0,0,0,0,0,0,0,0,0,0,0,0,0,0,0,0,0,新聞・雑誌・ガイドブック,0,0,0,0,0,0,0,0,0,0,0,0,0,0,0,0,1,0,0,0,0,0,0,0,0,,,,"20,000円以上 30,000円未満",,"50,000円以上 100,000円未満",,"10,000円以上 20,000円未満","20,000円以上 30,000円未満",,,,,,,,,,4,4,,,,,,8,,,越前海岸 くりや旅館街 エリア,,選択なし/該当施設なし,,選択なし/該当施設なし,,000000,越前海岸 くりや旅館街 エリア,1968,58,,2月,57.越前海岸 くりや旅館街 エリア,一般社団法人 越前町観光連盟（DMO ECHIZEN）,
福井,2026/02/14 16:21:34,千葉県,女,40代,,800万円以上 900万円未満,小学生以下連れの家族,3泊,大阪府,,1泊,,,,,,,,,新幹線在来線,0,0,1,1,0,0,0,在来線徒歩,0,0,1,0,4,東京駅から福井駅まで新幹線で一本。駅目の前のホテルで、小学生が帰宅後、夜のうちに福井まで疲れずに来れたので！,,初めて,初めて,テーマパーク（遊園地、動物園、博物館など）,0,0,0,0,0,1,0,0,0,0,0,0,0,0,0,0,0,0,観光パンフレット・ポスターインターネット・アプリTwitter友人・知人,0,0,0,0,0,1,0,0,0,0,1,0,0,0,0,0,0,0,1,0,1,0,0,0,0,,,,"20,000円以上 30,000円未満",,"10,000円以上 20,000円未満",,"5,000円以上 10,000円未満","10,000円以上 20,000円未満",,,,,,,,,,4,4,,,,,,8,機会があれば行きたい,,福井駅前 エリア（宿泊施設）,,選択なし/該当施設なし,,福井県立恐竜博物館,,000000,福井駅前 エリア（宿泊施設）,1982,44,,2月,02.福井駅前 エリア（宿泊施設）,,
福井,2026/02/14 15:54:53,福井県,女,70代,,100万円以上 200万円未満,夫婦2人,日帰り,福井県外には宿泊しない,,福井県内には宿泊しない,,,,,,,,,県外から訪れていない（福井県在住）,0,0,0,0,0,0,1,自家用車,0,0,0,0,4,道が混んでいなかった,,11回目以上,11回目以上,温泉や露天風呂地元の美味しいものを食べる,0,1,1,0,0,0,0,0,0,0,0,0,0,0,0,0,0,0,観光展・物産展観光パンフレット・ポスター,0,0,0,0,0,0,0,0,0,0,0,0,0,0,0,0,0,0,0,0,1,0,1,0,0,,,,"1,000円未満",,"1,000円以上 3,000円未満",,"1,000円以上 3,000円未満","1,000円以上 3,000円未満",,,,,,,,,,5,5,,料金が安い,,,,8,福井県在住,,道の駅「禅の里」 エリア,,選択なし/該当施設なし,,選択なし/該当施設なし,,000000,道の駅「禅の里」 エリア,1948,78,,2月,35.道の駅「禅の里」 エリア,,禅の里道の駅　リラックスで来る
福井,2026/02/14 15:48:07,埼玉県,女,30代,,"1,000万円以上 1,200万円未満",夫婦2人,2泊,福井県外には宿泊しない,,2泊,,,,,,,,,新幹線,0,0,1,0,0,0,0,タクシー,1,0,0,0,,,,初めて,初めて,テーマパーク（遊園地、動物園、博物館など）,0,0,0,0,0,1,0,0,0,0,0,0,0,0,0,0,0,0,Instagram,0,0,0,1,0,0,0,0,0,0,0,0,0,0,0,0,0,0,0,0,0,0,0,0,0,,,,"20,000円以上 30,000円未満",,"20,000円以上 30,000円未満",,"1,000円未満","10,000円以上 20,000円未満",,,,,,,,,,3,3,,,,,,7,,,越前大仏 エリア,,選択なし/該当施設なし,,選択なし/該当施設なし,,000000,web,1989,37,,2月,28.越前大仏 エリア,勝山市観光まちづくり(株),
福井,2026/02/14 15:41:17,東京都,無回答,30代,,"1,200万円以上 1,500万円未満",夫婦2人,1泊,石川県加賀市,,福井県内には宿泊しない,,,,,,,,,飛行機,0,0,0,0,1,0,0,レンタカー,0,0,0,0,4,,,初めて,初めて,地元の美味しいものを食べる名所、旧跡の観光,0,0,1,0,1,0,0,0,0,0,0,0,0,0,0,0,0,0,新聞・雑誌・ガイドブックTV・ラジオ番組やCM,0,0,0,0,0,0,0,0,0,0,0,0,0,0,1,0,1,0,0,0,0,0,0,0,0,,,,"30,000円以上 40,000円未満",,使わない,,"1,000円以上 3,000円未満","10,000円以上 20,000円未満",,,,,,,,,,5,5,,永平寺だけでも訪れる価値は充分にあると感じたため。建物の価値だけでなく、そこに流れる哲学に多くの人が触れるべきだと感じたため。,,,,10,また行きたい（1年以内）,,大本山 永平寺 エリア,,福井県立恐竜博物館,,選択なし/該当施設なし,,000000,大本山 永平寺 エリア,1992,34,,2月,34.大本山 永平寺 エリア,,永平寺エリアは近代的なカフェと老舗が馴染み合うように共存しているのが良いと思った。そば、プリン、洋菓子など、目移りしてしまう楽しさがあったため。
福井,2026/02/14 15:38:42,東京都,女,40代,,500万円以上 600万円未満,友人,2泊,福井県外には宿泊しない,,2泊,,,,,,,,,新幹線,0,0,1,0,0,0,0,路線バス,0,1,0,0,4,福井駅前からバスに乗れる。観光案内所にバスの時刻表があり、簡単に行けることがわかったこと。バス運転手が帰りのバスの時間と乗り場を伝えてくれたこと。カード決済ができたこと。,,初めて,初めて,温泉や露天風呂地元の美味しいものを食べる名所、旧跡の観光まちあるき、都市散策,0,1,1,0,1,0,0,0,0,0,1,0,0,0,0,0,0,0,観光パンフレット・ポスター観光協会等の案内所,0,0,0,0,0,0,0,0,0,0,0,0,0,0,0,0,0,0,0,0,1,1,0,0,0,,,,"30,000円以上 40,000円未満",,"10,000円以上 20,000円未満",,"1,000円以上 3,000円未満","30,000円以上 40,000円未満",,,,,,,,,,4,4,,見応えがあった,,,,7,機会があれば行きたい,,大本山 永平寺 エリア,,大本山永平寺,,福井県立恐竜博物館,,000000,web,1982,44,,2月,34.大本山 永平寺 エリア,,
福井,2026/02/14 15:27:03,東京都,女,40代,,100万円未満,友人,2泊,福井県外には宿泊しない,,2泊,,,,,,,,,新幹線,0,0,1,0,0,0,0,在来線,0,0,0,0,4,,,初めて,初めて,テーマパーク（遊園地、動物園、博物館など）,0,0,0,0,0,1,0,0,0,0,0,0,0,0,0,0,0,0,インターネット・アプリ,0,0,0,0,0,0,0,0,0,0,1,0,0,0,0,0,0,0,0,0,0,0,0,0,0,,,,"10,000円以上 20,000円未満",,"10,000円以上 20,000円未満",,"10,000円以上 20,000円未満","10,000円以上 20,000円未満",,,,,,,,,,4,5,,,,,,10,,,福井駅前 エリア,,選択なし/該当施設なし,,選択なし/該当施設なし,,000000,web,1981,45,,2月,01.福井駅前 エリア,,
福井,2026/02/14 15:26:34,東京都,女,40代,,100万円未満,友人,2泊,福井県外には宿泊しない,,2泊,,,,,,,,,新幹線,0,0,1,0,0,0,0,在来線,0,0,0,0,4,,,初めて,初めて,温泉や露天風呂地元の美味しいものを食べるテーマパーク（遊園地、動物園、博物館など）,0,1,1,0,0,1,0,0,0,0,0,0,0,0,0,0,0,0,インターネット・アプリ,0,0,0,0,0,0,0,0,0,0,1,0,0,0,0,0,0,0,0,0,0,0,0,0,0,,,,"10,000円以上 20,000円未満",,"10,000円以上 20,000円未満",,"1,000円以上 3,000円未満","10,000円以上 20,000円未満",,,,,,,,,,4,4,,,,,,8,,,大本山 永平寺 エリア,,選択なし/該当施設なし,,選択なし/該当施設なし,,000000,web,1981,45,,2月,34.大本山 永平寺 エリア,,
福井,2026/02/14 15:00:54,神奈川県,男,40代,,500万円以上 600万円未満,夫婦2人,日帰り,小松市,,福井県内には宿泊しない,,,,,,,,,自家用車,1,0,0,0,0,0,0,自家用車,0,0,0,0,,,,2～5回目,2～5回目,名所、旧跡の観光ドライブ・ツーリング,0,0,0,0,1,0,0,0,0,0,0,0,0,0,1,0,0,0,観光連盟やDMOのHP,0,0,0,0,0,0,0,0,0,0,0,0,0,0,0,0,0,0,0,0,0,0,0,1,0,,,,"1,000円以上 3,000円未満",,"5,000円以上 10,000円未満",,"3,000円以上 5,000円未満","3,000円以上 5,000円未満",,,,,,,,,,5,5,,綺麗に整備されていて快適に使用できたから。,,,,10,また行きたい（1年以内）,,レインボーライン エリア,,選択なし/該当施設なし,,選択なし/該当施設なし,,000000,web,1985,41,,2月,77.レインボーライン エリア,三方五湖DMO(株),景色の良さと道中のドライブがとても楽しいから
福井,2026/02/14 14:58:32,兵庫県,女,30代,,300万円以上 400万円未満,団体旅行,日帰り,日帰り,,福井県内には宿泊しない,,,,,,,,,旅行会社ツアーバス,0,0,0,0,0,1,0,その他,0,0,0,0,3,,,2～5回目,2～5回目,地元の美味しいものを食べる,0,0,1,0,0,0,0,0,0,0,0,0,0,0,0,0,0,0,インターネット・アプリ,0,0,0,0,0,0,0,0,0,0,1,0,0,0,0,0,0,0,0,0,0,0,0,0,0,,,,"5,000円以上 10,000円未満",,"10,000円以上 20,000円未満",,使わない,"5,000円以上 10,000円未満",,,,,,,,,,3,3,,,,,,8,また行きたい（1年以内）,,小浜 エリア（宿泊施設）,,選択なし/該当施設なし,,選択なし/該当施設なし,,000000,あわら湯のまち エリア,1990,36,,2月,69.小浜 エリア（宿泊施設）,(株)まちづくり小浜,
福井,2026/02/14 14:58:31,石川県,女,20代,,300万円以上 400万円未満,夫婦2人,日帰り,福井県外には宿泊しない,,福井県内には宿泊しない,,,,,,,,,自家用車,1,0,0,0,0,0,0,自家用車,0,0,0,0,3,,,2～5回目,2～5回目,ドライブ・ツーリング,0,0,0,0,0,0,0,0,0,0,0,0,0,0,1,0,0,0,新聞・雑誌・ガイドブック,0,0,0,0,0,0,0,0,0,0,0,0,0,0,0,0,1,0,0,0,0,0,0,0,0,,,,"1,000円以上 3,000円未満",,使わない,,"1,000円以上 3,000円未満","3,000円以上 5,000円未満",,,,,,,,,,5,5,,,,,,9,また行きたい（1年以内）,,レインボーライン エリア,,丸岡城,,選択なし/該当施設なし,,000000,web,1997,29,,2月,77.レインボーライン エリア,三方五湖DMO(株),
福井,2026/02/14 14:56:25,愛知県,女,60代,,100万円未満,夫婦2人,日帰り,福井県外には宿泊しない,,福井県内には宿泊しない,,,,,,,,,自家用車,1,0,0,0,0,0,0,自家用車,0,0,0,0,,,,6～10回目,6～10回目,スキー・スノボ、マリンスポーツ,0,0,0,0,0,0,0,0,0,0,0,0,1,0,0,0,0,0,観光展・物産展,0,0,0,0,0,0,0,0,0,0,0,0,0,0,0,0,0,0,0,0,0,0,1,0,0,,,,"5,000円以上 10,000円未満",,使わない,,"3,000円以上 5,000円未満","10,000円以上 20,000円未満",,,,,,,,,,5,4,,施設が綺麗だから。買い物もしやすい。,,,,7,また行きたい（1年以内）,,JR九頭竜湖駅 エリア,,九頭竜スキー場,このまま帰宅する,選択なし/該当施設なし,,000000,web,1957,69,,2月,23.JR九頭竜湖駅 エリア,,九頭竜スキー場を薦めたいです。雪があれば人の数もそこそこで楽しめるから。
福井,2026/02/14 14:53:47,愛知県,男,50代,,分からない/無回答,恋人,日帰り,福井県外には宿泊しない,,福井県内には宿泊しない,,,,,,,,,自家用車,1,0,0,0,0,0,0,自家用車,0,0,0,0,,,,11回目以上,11回目以上,スキー・スノボ、マリンスポーツ,0,0,0,0,0,0,0,0,0,0,0,0,1,0,0,0,0,0,インターネット・アプリ,0,0,0,0,0,0,0,0,0,0,1,0,0,0,0,0,0,0,0,0,0,0,0,0,0,,,,"3,000円以上 5,000円未満",,使わない,,"3,000円以上 5,000円未満","3,000円以上 5,000円未満",,,,,,,,,,4,4,,,,,,8,また行きたい（1年以内）,,JR九頭竜湖駅 エリア,,選択なし/該当施設なし,,選択なし/該当施設なし,,000000,JR九頭竜湖駅 エリア,1974,52,,2月,23.JR九頭竜湖駅 エリア,,
福井,2026/02/14 14:51:18,富山県,男,20代,,"1,000万円以上 1,200万円未満",恋人,1泊,福井県外には宿泊しない,,1泊,,,,,,,,,自家用車,1,0,0,0,0,0,0,自家用車,0,0,0,0,,,,初めて,初めて,ドライブ・ツーリング,0,0,0,0,0,0,0,0,0,0,0,0,0,0,1,0,0,0,友人・知人,0,0,0,0,0,0,0,0,0,0,0,0,0,0,0,0,0,0,1,0,0,0,0,0,0,,,,"5,000円以上 10,000円未満",,"40,000円以上 50,000円未満",,"1,000円未満","20,000円以上 30,000円未満",,,,,,,,,,4,4,,,,,,7,,,大本山 永平寺 エリア,,選択なし/該当施設なし,,選択なし/該当施設なし,,000000,越前そばの里 エリア,1997,29,,2月,34.大本山 永平寺 エリア,,
福井,2026/02/14 14:48:06,奈良県,男,30代,,200万円以上 300万円未満,自分ひとり,4泊以上,石川県金沢市,,1泊,,,,,,,,,新幹線在来線,0,0,1,1,0,0,0,路線バス,0,1,0,0,4,canバスで直接アクセスすることができた。値段もお得だが、本数が少ないので時間が限られたのは残念だった？,,初めて,初めて,温泉や露天風呂地元の美味しいものを食べる名所、旧跡の観光,0,1,1,0,1,0,0,0,0,0,0,0,0,0,0,0,0,0,観光パンフレット・ポスター観光連盟やDMOのHP,0,0,0,0,0,0,0,0,0,0,0,0,0,0,0,0,0,0,0,0,1,0,0,1,0,,,,"3,000円以上 5,000円未満",,"10,000円以上 20,000円未満",,"1,000円以上 3,000円未満","5,000円以上 10,000円未満",,,,,,,,,,4,4,,,,,,9,機会があれば行きたい,,北潟湖 エリア,,山代温泉（石川県）,,三国サンセットビーチ,,000000,越前大野城・城下町 エリア,1993,33,,2月,20.北潟湖 エリア,,
福井,2026/02/14 14:30:25,福井県,女,30代,,分からない/無回答,小学生以下連れの家族,日帰り,福井県外には宿泊しない,,福井県内には宿泊しない,,,,,,,,,県外から訪れていない（福井県在住）,0,0,0,0,0,0,1,自家用車,0,0,0,0,,,,初めて,初めて,テーマパーク（遊園地、動物園、博物館など）,0,0,0,0,0,1,0,0,0,0,0,0,0,0,0,0,0,0,インターネット・アプリ,0,0,0,0,0,0,0,0,0,0,1,0,0,0,0,0,0,0,0,0,0,0,0,0,0,,,,"1,000円以上 3,000円未満",,使わない,,"1,000円以上 3,000円未満","1,000円以上 3,000円未満",,,,,,,,,,5,5,,,,,,8,福井県在住,,うみんぴあ大飯 エリア,,福井県こども家族館,,選択なし/該当施設なし,,000000,web,1988,38,,2月,84.うみんぴあ大飯 エリア,,
福井,2026/02/14 14:10:03,石川県,女,50代,,200万円以上 300万円未満,友人,日帰り,福井県外には宿泊しない,,福井県内には宿泊しない,,,,,,,,,自家用車,1,0,0,0,0,0,0,自家用車,0,0,0,0,,,,2～5回目,2～5回目,地元の美味しいものを食べるドライブ・ツーリング,0,0,1,0,0,0,0,0,0,0,0,0,0,0,1,0,0,0,友人・知人,0,0,0,0,0,0,0,0,0,0,0,0,0,0,0,0,0,0,1,0,0,0,0,0,0,,,,"1,000円以上 3,000円未満",,"5,000円以上 10,000円未満",,"3,000円以上 5,000円未満","10,000円以上 20,000円未満",,,,,,,,,,4,4,,,,,,8,また行きたい（1年以内）,,大本山 永平寺 エリア,,選択なし/該当施設なし,,選択なし/該当施設なし,,000000,大本山 永平寺 エリア,1972,54,,2月,34.大本山 永平寺 エリア,,静かでやすらぐ
福井,2026/02/14 13:53:52,東京都,男,60代,,"1,000万円以上 1,200万円未満",夫婦2人,2泊,白山市,,福井県内には宿泊しない,,,,,,,,,新幹線,0,0,1,0,0,0,0,路線バス,0,1,0,0,4,もう少し本数が多いと使いやすい,,2～5回目,2～5回目,地元の美味しいものを食べる名所、旧跡の観光テーマパーク（遊園地、動物園、博物館など）まちあるき、都市散策,0,0,1,0,1,1,0,0,0,0,1,0,0,0,0,0,0,0,観光展・物産展観光パンフレット・ポスターインターネット・アプリ観光協会等の案内所,0,0,0,0,0,0,0,0,0,0,1,0,0,0,0,0,0,0,0,0,1,1,1,0,0,,,,"20,000円以上 30,000円未満",,使わない,,"1,000円以上 3,000円未満","5,000円以上 10,000円未満",,,,,,,,,,4,4,,,,,,8,また行きたい（1年以内）,,金ヶ崎 エリア,,選択なし/該当施設なし,,氣比神宮,,000000,金ヶ崎 エリア,1963,63,,2月,64.金ヶ崎 エリア,,杉原千畝の功績
福井,2026/02/14 13:53:49,東京都,女,50代,,600万円以上 700万円未満,夫婦2人,日帰り,石川県白山市,,福井県内には宿泊しない,,,,,,,,,新幹線在来線,0,0,1,1,0,0,0,路線バス,0,1,0,0,3,もう少し頻度が多ければ一日パスにしたいが、本数が少ないのでやめた。,,初めて,初めて,名所、旧跡の観光テーマパーク（遊園地、動物園、博物館など）まちあるき、都市散策,0,0,0,0,1,1,0,0,0,0,1,0,0,0,0,0,0,0,観光パンフレット・ポスター,0,0,0,0,0,0,0,0,0,0,0,0,0,0,0,0,0,0,0,0,1,0,0,0,0,,,,"30,000円以上 40,000円未満",,"20,000円以上 30,000円未満",,"5,000円以上 10,000円未満","5,000円以上 10,000円未満",,,,,,,,,,4,4,,,,,,7,また行きたい（1年以内）,,金ヶ崎 エリア,,選択なし/該当施設なし,,選択なし/該当施設なし,,000000,web,1971,55,,2月,64.金ヶ崎 エリア,,
福井,2026/02/14 13:36:33,福井県,女,50代,,600万円以上 700万円未満,その他家族,日帰り,大阪府,,福井県内には宿泊しない,,,,,,,,,自家用車,1,0,0,0,0,0,0,自家用車,0,0,0,0,5,景色もよく、除雪もされてて温泉もとても良かった,,6～10回目,6～10回目,温泉や露天風呂地元の美味しいものを食べるドライブ・ツーリング,0,1,1,0,0,0,0,0,0,0,0,0,0,0,1,0,0,0,友人・知人,0,0,0,0,0,0,0,0,0,0,0,0,0,0,0,0,0,0,1,0,0,0,0,0,0,,,,"3,000円以上 5,000円未満",,使わない,,"1,000円未満","3,000円以上 5,000円未満",,,,,,,,,,5,5,,,,,,8,福井県在住,,かずら橋 エリア,,丸岡城,,一乗谷朝倉氏遺跡,,000000,web,1973,53,,2月,48.かずら橋 エリア,（一財）いけだ農村観光公社,
福井,2026/02/14 13:25:44,埼玉県,女,30代,,"1,000万円以上 1,200万円未満",夫婦2人,2泊,福井県外には宿泊しない,,2泊,,,,,,,,,新幹線,0,0,1,0,0,0,0,旅行会社ツアーバス,0,0,0,0,,,,初めて,初めて,テーマパーク（遊園地、動物園、博物館など）,0,0,0,0,0,1,0,0,0,0,0,0,0,0,0,0,0,0,Instagram,0,0,0,1,0,0,0,0,0,0,0,0,0,0,0,0,0,0,0,0,0,0,0,0,0,,,,"20,000円以上 30,000円未満",,"20,000円以上 30,000円未満",,"5,000円以上 10,000円未満","10,000円以上 20,000円未満",,,,,,,,,,4,4,,,,,,8,,,かつやま恐竜の森 エリア,,選択なし/該当施設なし,,選択なし/該当施設なし,,000000,web,1989,37,,2月,25.かつやま恐竜の森 エリア,勝山市観光まちづくり(株),
福井,2026/02/14 13:23:08,埼玉県,無回答,30代,,"1,000万円以上 1,200万円未満",夫婦2人,2泊,福井県外には宿泊しない,,2泊,,,,,,,,,在来線,0,0,0,1,0,0,0,旅行会社ツアーバス,0,0,0,0,4,,,初めて,初めて,テーマパーク（遊園地、動物園、博物館など）,0,0,0,0,0,1,0,0,0,0,0,0,0,0,0,0,0,0,Twitter,0,0,0,0,0,1,0,0,0,0,0,0,0,0,0,0,0,0,0,0,0,0,0,0,0,,,,"20,000円以上 30,000円未満",,"20,000円以上 30,000円未満",,"5,000円以上 10,000円未満","10,000円以上 20,000円未満",,,,,,,,,,4,4,,恐竜のみでなく、地層や植物など幅広く学べてとても楽しかったです。,,,,8,機会があれば行きたい,,かつやま恐竜の森 エリア,,東尋坊,,越前大仏,,000000,あわら湯のまち エリア,1987,39,,2月,25.かつやま恐竜の森 エリア,勝山市観光まちづくり(株),
福井,2026/02/14 12:53:35,神奈川県,女,30代,,600万円以上 700万円未満,恋人,1泊,石川県金沢市,,1泊,,,,,,,,,新幹線在来線,0,0,1,1,0,0,0,在来線路線バス,0,1,0,0,4,バスが30分に1本あり、予定が立てやすい,,初めて,初めて,宿でのんびり過ごす地元の美味しいものを食べる名所、旧跡の観光まちあるき、都市散策,1,0,1,0,1,0,0,0,0,0,1,0,0,0,0,0,0,0,インターネット・アプリTwitter友人・知人,0,0,0,0,0,1,0,0,0,0,1,0,0,0,0,0,0,0,1,0,0,0,0,0,0,,,,"20,000円以上 30,000円未満",,"5,000円以上 10,000円未満",,"1,000円以上 3,000円未満","10,000円以上 20,000円未満",,,,,,,,,,3,3,,,,,,7,機会があれば行きたい,,東尋坊 エリア,,三國湊レトロ,,金沢駅周辺（石川県）,,000000,東尋坊 エリア,1995,31,,2月,10.東尋坊 エリア,(一社)DMOさかい観光局,人が少なくてゆっくりできるから。人混みや喧騒から離れることができる。
福井,2026/02/14 12:53:14,東京都,男,20代,,500万円以上 600万円未満,恋人,2泊,石川県金沢市,,1泊,,,,,,,,,新幹線,0,0,1,0,0,0,0,路線バス,0,1,0,0,4,バスの本数が30分に一本あり、不便しないため。,,2～5回目,2～5回目,名所、旧跡の観光,0,0,0,0,1,0,0,0,0,0,0,0,0,0,0,0,0,0,インターネット・アプリ,0,0,0,0,0,0,0,0,0,0,1,0,0,0,0,0,0,0,0,0,0,0,0,0,0,,,,"20,000円以上 30,000円未満",,"5,000円以上 10,000円未満",,"3,000円以上 5,000円未満","10,000円以上 20,000円未満",,,,,,,,,,4,4,,,,,,7,機会があれば行きたい,,東尋坊 エリア,,三國湊レトロ,,選択なし/該当施設なし,,000000,東尋坊 エリア,2003,23,,2月,10.東尋坊 エリア,(一社)DMOさかい観光局,
福井,2026/02/14 12:40:07,大阪府,女,40代,,300万円以上 400万円未満,自分ひとり,1泊,福井県外には宿泊しない,,1泊,,,,,,,,,在来線,0,0,0,1,0,0,0,徒歩,0,0,1,0,3,,,初めて,初めて,地元の美味しいものを食べる,0,0,1,0,0,0,0,0,0,0,0,0,0,0,0,0,0,0,インターネット・アプリ,0,0,0,0,0,0,0,0,0,0,1,0,0,0,0,0,0,0,0,0,0,0,0,0,0,,,,"3,000円以上 5,000円未満",,"5,000円以上 10,000円未満",,"1,000円以上 3,000円未満","10,000円以上 20,000円未満",,,,,,,,,,4,4,,,,,,5,また行きたい（1年以内）,,金ヶ崎 エリア,,敦賀赤レンガ倉庫,,氣比神宮,,000000,金ヶ崎 エリア,1980,46,,2月,64.金ヶ崎 エリア,,
福井,2026/02/14 12:24:38,福井県,女,30代,,600万円以上 700万円未満,夫婦2人,日帰り,福井県外には宿泊しない,,福井県内には宿泊しない,,,,,,,,,県外から訪れていない（福井県在住）,0,0,0,0,0,0,1,自家用車,0,0,0,0,,,,11回目以上,11回目以上,地元の美味しいものを食べる,0,0,1,0,0,0,0,0,0,0,0,0,0,0,0,0,0,0,その他,0,0,0,0,0,0,0,0,0,0,0,0,0,0,0,0,0,0,0,0,0,0,0,0,1,,,,使わない,,使わない,,"1,000円以上 3,000円未満","1,000円以上 3,000円未満",,,,,,,,,,5,4,,,,,,8,福井県在住,,越前そばの里 エリア,,選択なし/該当施設なし,,選択なし/該当施設なし,,000000,越前そばの里 エリア,1996,30,,2月,37.越前そばの里 エリア,,
福井,2026/02/14 12:17:59,石川県,女,50代,,300万円以上 400万円未満,友人,日帰り,福井県外には宿泊しない,,福井県内には宿泊しない,,,,,,,,,自家用車,1,0,0,0,0,0,0,自家用車,0,0,0,0,5,,,初めて,初めて,お祭りやイベントへの参加・見物,0,0,0,0,0,0,0,1,0,0,0,0,0,0,0,0,0,0,友人・知人,0,0,0,0,0,0,0,0,0,0,0,0,0,0,0,0,0,0,1,0,0,0,0,0,0,,,,"3,000円以上 5,000円未満",,使わない,,"5,000円以上 10,000円未満","3,000円以上 5,000円未満",,,,,,,,,,4,5,,,,,,8,また行きたい（1年以内）,,えちぜん鉄道 松岡駅 エリア,,丸岡城,,選択なし/該当施設なし,,000000,えちぜん鉄道 松岡駅 エリア,1970,56,,2月,33.えちぜん鉄道 松岡駅 エリア,,
福井,2026/02/14 12:08:41,京都府,女,30代,,600万円以上 700万円未満,恋人,1泊,京都府,,福井県内には宿泊しない,,,,,,,,,自家用車,1,0,0,0,0,0,0,自家用車,0,0,0,0,,,,初めて,初めて,地元の美味しいものを食べる花見や紅葉などの自然鑑賞名所、旧跡の観光まちあるき、都市散策ドライブ・ツーリング,0,0,1,1,1,0,0,0,0,0,1,0,0,0,1,0,0,0,インターネット・アプリInstagram,0,0,0,1,0,0,0,0,0,0,1,0,0,0,0,0,0,0,0,0,0,0,0,0,0,,,,"1,000円以上 3,000円未満",,"5,000円以上 10,000円未満",,"1,000円以上 3,000円未満","5,000円以上 10,000円未満",,,,,,,,,,5,5,,,,,,10,また行きたい（1年以内）,,美浜町レイクセンター エリア,,選択なし/該当施設なし,,レインボーライン,,000000,美浜町レイクセンター エリア,1995,31,,2月,75.美浜町レイクセンター エリア,三方五湖DMO(株),
福井,2026/02/14 11:54:52,福井県,女,50代,,500万円以上 600万円未満,中学生以上連れの家族,日帰り,福井県外には宿泊しない,,福井県内には宿泊しない,,,,,,,,,自家用車,1,0,0,0,0,0,0,自家用車,0,0,0,0,4,,,2～5回目,2～5回目,買い物、アウトレット,0,0,0,0,0,0,1,0,0,0,0,0,0,0,0,0,0,0,インターネット・アプリ,0,0,0,0,0,0,0,0,0,0,1,0,0,0,0,0,0,0,0,0,0,0,0,0,0,,,,"1,000円未満",,"1,000円未満",,"1,000円未満","1,000円未満",,,,,,,,,,4,4,,,,,,8,,,かずら橋 エリア,,選択なし/該当施設なし,,選択なし/該当施設なし,,000000,web,1972,54,,2月,48.かずら橋 エリア,（一財）いけだ農村観光公社,
福井,2026/02/14 11:54:27,富山県,男,20代,,"1,000万円以上 1,200万円未満",恋人,1泊,福井県外には宿泊しない,,1泊,,,,,,,,,自家用車,1,0,0,0,0,0,0,自家用車,0,0,0,0,,,,初めて,初めて,温泉や露天風呂地元の美味しいものを食べる名所、旧跡の観光ドライブ・ツーリング,0,1,1,0,1,0,0,0,0,0,0,0,0,0,1,0,0,0,友人・知人,0,0,0,0,0,0,0,0,0,0,0,0,0,0,0,0,0,0,1,0,0,0,0,0,0,,,,"5,000円以上 10,000円未満",,"40,000円以上 50,000円未満",,"3,000円以上 5,000円未満","20,000円以上 30,000円未満",,,,,,,,,,4,5,,,,,,8,,,越前そばの里 エリア,,選択なし/該当施設なし,,選択なし/該当施設なし,,000000,越前そばの里 エリア,1997,29,,2月,37.越前そばの里 エリア,,
福井,2026/02/14 11:51:20,滋賀県,男,30代,,300万円以上 400万円未満,友人,1泊,福井県外には宿泊しない,,1泊,,,,,,,,,レンタカー,0,1,0,0,0,0,0,レンタカー,0,0,0,0,4,,,初めて,初めて,温泉や露天風呂,0,1,0,0,0,0,0,0,0,0,0,0,0,0,0,0,0,0,友人・知人,0,0,0,0,0,0,0,0,0,0,0,0,0,0,0,0,0,0,1,0,0,0,0,0,0,,,,"1,000円以上 3,000円未満",,"1,000円以上 3,000円未満",,"1,000円以上 3,000円未満","1,000円以上 3,000円未満",,,,,,,,,,4,4,,,,,,10,機会があれば行きたい,,越前そばの里 エリア,,選択なし/該当施設なし,,選択なし/該当施設なし,,000000,web,1992,34,,2月,37.越前そばの里 エリア,,
福井,2026/02/14 11:40:00,愛知県,男,50代,,500万円以上 600万円未満,夫婦2人,1泊,福井県外には宿泊しない,,1泊,,,,,,,,,その他,0,0,0,0,0,0,0,路線バス,0,1,0,0,5,,,2～5回目,2～5回目,まちあるき、都市散策,0,0,0,0,0,0,0,0,0,0,1,0,0,0,0,0,0,0,インターネット・アプリ,0,0,0,0,0,0,0,0,0,0,1,0,0,0,0,0,0,0,0,0,0,0,0,0,0,,,,"10,000円以上 20,000円未満",,"30,000円以上 40,000円未満",,"3,000円以上 5,000円未満","3,000円以上 5,000円未満",,,,,,,,,,4,4,,,,,,9,機会があれば行きたい,,JR芦原温泉駅 エリア,,選択なし/該当施設なし,自宅にかえるので,選択なし/該当施設なし,,000000,web,1976,50,,2月,16.JR芦原温泉駅 エリア,,
福井,2026/02/14 11:31:16,石川県,女,40代,,700万円以上 800万円未満,恋人,1泊,福井県外には宿泊しない,,1泊,,,,,,,,,自家用車,1,0,0,0,0,0,0,自家用車,0,0,0,0,,,,11回目以上,11回目以上,宿でのんびり過ごす温泉や露天風呂地元の美味しいものを食べる,1,1,1,0,0,0,0,0,0,0,0,0,0,0,0,0,0,0,インターネット・アプリ,0,0,0,0,0,0,0,0,0,0,1,0,0,0,0,0,0,0,0,0,0,0,0,0,0,,,,"5,000円以上 10,000円未満",,"30,000円以上 40,000円未満",,"3,000円以上 5,000円未満","10,000円以上 20,000円未満",,,,,,,,,,4,4,,,,,,8,また行きたい（1年以内）,,越前そばの里 エリア,,選択なし/該当施設なし,,道の駅「南えちぜん山海里」,,000000,越前そばの里 エリア,1980,46,,2月,37.越前そばの里 エリア,,
福井,2026/02/14 11:27:48,福井県,男,60代,,400万円以上 500万円未満,その他家族,日帰り,福井県外には宿泊しない,,福井県内には宿泊しない,,,,,,,,,県外から訪れていない（福井県在住）,0,0,0,0,0,0,1,自家用車,0,0,0,0,,,,11回目以上,11回目以上,地元の美味しいものを食べる,0,0,1,0,0,0,0,0,0,0,0,0,0,0,0,0,0,0,その他,0,0,0,0,0,0,0,0,0,0,0,0,0,0,0,0,0,0,0,0,0,0,0,0,1,,,,"1,000円未満",,使わない,,"3,000円以上 5,000円未満","3,000円以上 5,000円未満",,,,,,,,,,5,5,,,,,,10,,,越前そばの里 エリア,,選択なし/該当施設なし,,選択なし/該当施設なし,,000000,越前そばの里 エリア,1964,62,,2月,37.越前そばの里 エリア,,
福井,2026/02/14 11:20:12,福井県,女,50代,,600万円以上 700万円未満,夫婦2人,日帰り,福井県外には宿泊しない,,福井県内には宿泊しない,,,,,,,,,自家用車,1,0,0,0,0,0,0,自家用車,0,0,0,0,,,,11回目以上,11回目以上,出張など仕事関係,0,0,0,0,0,0,0,0,0,0,0,0,0,0,0,0,1,0,友人・知人,0,0,0,0,0,0,0,0,0,0,0,0,0,0,0,0,0,0,1,0,0,0,0,0,0,,,,使わない,,使わない,,"1,000円以上 3,000円未満","1,000円以上 3,000円未満",,,,,,,,,,3,4,,,,,,5,また行きたい（1年以内）,,越前そばの里 エリア,,一乗谷朝倉氏遺跡,,丸岡城,,000000,越前そばの里 エリア,1969,57,,2月,37.越前そばの里 エリア,,
福井,2026/02/14 11:17:35,福井県,男,60代,,300万円以上 400万円未満,夫婦2人,日帰り,京都府,,福井県内には宿泊しない,,,,,,,,,自家用車,1,0,0,0,0,0,0,自家用車,0,0,0,0,5,雰囲気がいい。お蕎麦が美味い!,,11回目以上,11回目以上,買い物、アウトレット,0,0,0,0,0,0,1,0,0,0,0,0,0,0,0,0,0,0,インターネット・アプリ,0,0,0,0,0,0,0,0,0,0,1,0,0,0,0,0,0,0,0,0,0,0,0,0,0,,,,使わない,,使わない,,"1,000円以上 3,000円未満","1,000円以上 3,000円未満",,,,,,,,,,5,5,,,,,,1,また行きたい（1年以内）,,越前そばの里 エリア,,越前大野城,,丸岡城,,000000,越前そばの里 エリア,1966,60,,2月,37.越前そばの里 エリア,,
福井,2026/02/14 11:14:17,福井県,女,50代,,300万円以上 400万円未満,夫婦2人,日帰り,福井県外には宿泊しない,,福井県内には宿泊しない,,,,,,,,,自家用車,1,0,0,0,0,0,0,自家用車,0,0,0,0,,,,6～10回目,6～10回目,温泉や露天風呂地元の美味しいものを食べる,0,1,1,0,0,0,0,0,0,0,0,0,0,0,0,0,0,0,インターネット・アプリ,0,0,0,0,0,0,0,0,0,0,1,0,0,0,0,0,0,0,0,0,0,0,0,0,0,,,,"1,000円未満",,使わない,,"3,000円以上 5,000円未満","3,000円以上 5,000円未満",,,,,,,,,,4,4,,,,,,7,福井県在住,,あわら湯のまち エリア,,選択なし/該当施設なし,,ふれあいパーク三里浜(道の駅「みくに」),,000000,ふくい鮮いちば エリア,1975,51,,2月,17.あわら湯のまち エリア,,
福井,2026/02/14 11:06:18,京都府,女,50代,,"1,000万円以上 1,200万円未満",夫婦2人,1泊,福井県外には宿泊しない,,1泊,,,,,,,,,自家用車,1,0,0,0,0,0,0,自家用車,0,0,0,0,,,,2～5回目,2～5回目,温泉や露天風呂,0,1,0,0,0,0,0,0,0,0,0,0,0,0,0,0,0,0,インターネット・アプリInstagram,0,0,0,1,0,0,0,0,0,0,1,0,0,0,0,0,0,0,0,0,0,0,0,0,0,,,,"5,000円以上 10,000円未満",,"30,000円以上 40,000円未満",,"3,000円以上 5,000円未満","10,000円以上 20,000円未満",,,,,,,,,,4,4,,,,,,8,また行きたい（1年以内）,,湖上館パムコ（水月湖）エリア,,選択なし/該当施設なし,,選択なし/該当施設なし,,000000,湖上館パムコ（水月湖）エリア,1970,56,,2月,82.湖上館パムコ（水月湖） エリア,三方五湖DMO(株),
福井,2026/02/14 10:40:39,福井県,男,50代,,600万円以上 700万円未満,自分ひとり,4泊以上,福井県外には宿泊しない,,4泊以上,,,,,,,,,自家用車,1,0,0,0,0,0,0,自家用車,0,0,0,0,5,うまいもん,,11回目以上,11回目以上,地元の美味しいものを食べるその他スポーツ（ゴルフ、テニスなど）,0,0,1,0,0,0,0,0,0,0,0,0,0,1,0,0,0,1,インターネット・アプリ,0,0,0,0,0,0,0,0,0,0,1,0,0,0,0,0,0,0,0,0,0,0,0,0,0,,,,"1,000円以上 3,000円未満",,"1,000円以上 3,000円未満",,"1,000円以上 3,000円未満","1,000円以上 3,000円未満",,,,,,,,,,5,5,,接客丁寧,,,,9,また行きたい（1年以内）,,越前そばの里 エリア,,選択なし/該当施設なし,,氣比神宮,,000000,越前そばの里 エリア,1976,50,,2月,37.越前そばの里 エリア,,うまいから
福井,2026/02/14 08:39:37,兵庫県,女,50代,,600万円以上 700万円未満,その他家族,1泊,福井県外には宿泊しない,,1泊,,,,,,,,,レンタカー新幹線,0,1,1,0,0,0,0,レンタカー,0,0,0,0,5,駅前にレンタカーショップがあるのが良かった,,2～5回目,2～5回目,宿でのんびり過ごす地元の美味しいものを食べる名所、旧跡の観光,1,0,1,0,1,0,0,0,0,0,0,0,0,0,0,0,0,0,新聞・雑誌・ガイドブックインターネット・アプリInstagram,0,0,0,1,0,0,0,0,0,0,1,0,0,0,0,0,1,0,0,0,0,0,0,0,0,,,,"20,000円以上 30,000円未満",,"30,000円以上 40,000円未満",,"10,000円以上 20,000円未満","30,000円以上 40,000円未満",,,,,,,,,,5,5,,,,,,10,機会があれば行きたい,,東尋坊 エリア,,福井県立恐竜博物館,,越前松島水族館,,000000,東尋坊 エリア,1976,50,,2月,10.東尋坊 エリア,(一社)DMOさかい観光局,
福井,2026/02/15 21:43:47,岐阜県,男,30代,,400万円以上 500万円未満,小学生以下連れの家族,1泊,福井県外には宿泊しない,,1泊,,,,,,,,,自家用車,1,0,0,0,0,0,0,自家用車,0,0,0,0,4,お店が多く、歩くだけでも楽しかったです,,2～5回目,2～5回目,温泉や露天風呂,0,1,0,0,0,0,0,0,0,0,0,0,0,0,0,0,0,0,インターネット・アプリ,0,0,0,0,0,0,0,0,0,0,1,0,0,0,0,0,0,0,0,0,0,0,0,0,0,,,,"3,000円以上 5,000円未満",,"10,000円以上 20,000円未満",,"1,000円未満","3,000円以上 5,000円未満",,,,,,,,,,4,4,,,,,,8,また行きたい（1年以内）,,日本海さかな街 エリア,,越前松島水族館,,選択なし/該当施設なし,,000000,道の駅「越前」 エリア,1994,32,,2月,61.日本海さかな街 エリア,,
福井,2026/02/15 20:44:42,京都府,女,40代,,400万円以上 500万円未満,夫婦2人,日帰り,福井県外には宿泊しない,,福井県内には宿泊しない,,,,,,,,,自家用車,1,0,0,0,0,0,0,自家用車,0,0,0,0,,,,11回目以上,11回目以上,スポーツ観戦や芸能鑑賞（コンサート等）,0,0,0,0,0,0,0,0,1,0,0,0,0,0,0,0,0,0,観光パンフレット・ポスター,0,0,0,0,0,0,0,0,0,0,0,0,0,0,0,0,0,0,0,0,1,0,0,0,0,,,,"3,000円以上 5,000円未満",,使わない,,"5,000円以上 10,000円未満","5,000円以上 10,000円未満",,,,,,,,,,5,5,,テラス席があり、天気が良い日に利用すると気持ちが良いです,,,,10,また行きたい（1年以内）,,うみんぴあ大飯 エリア,,若狭瓜割名水公園 瓜割の滝,,エルガイアおおい,,000000,レインボーライン エリア,1984,42,,2月,84.うみんぴあ大飯 エリア,,大飯エリアは、温泉施設、温水プール、食事、原子力発電関連施設があり一日中楽しめて良い
福井,2026/02/15 20:34:06,福井県,女,50代,,200万円以上 300万円未満,夫婦2人,日帰り,福井県外には宿泊しない,,福井県内には宿泊しない,,,,,,,,,自家用車,1,0,0,0,0,0,0,自家用車,0,0,0,0,5,,,11回目以上,11回目以上,温泉や露天風呂地元の美味しいものを食べる,0,1,1,0,0,0,0,0,0,0,0,0,0,0,0,0,0,0,友人・知人その他,0,0,0,0,0,0,0,0,0,0,0,0,0,0,0,0,0,0,1,0,0,0,0,0,0,,,,"1,000円未満",,"3,000円以上 5,000円未満",,"3,000円以上 5,000円未満","3,000円以上 5,000円未満",,,,,,,,,,5,5,,景色素晴らしい,,,,10,また行きたい（1年以内）,,越前海岸 北部 エリア,,劔神社,,選択なし/該当施設なし,,000000,web,1967,59,,2月,07.越前海岸 北部 エリア,,
福井,2026/02/15 20:21:18,福井県,男,60代,,700万円以上 800万円未満,自分ひとり,1泊,石川県金沢市,,福井県内には宿泊しない,,,,,,,,,自家用車,1,0,0,0,0,0,0,自家用車,0,0,0,0,,,,2～5回目,2～5回目,地元の美味しいものを食べる名所、旧跡の観光まちあるき、都市散策,0,0,1,0,1,0,0,0,0,0,1,0,0,0,0,0,0,0,観光パンフレット・ポスター観光連盟やDMOのHP観光協会等の案内所,0,0,0,0,0,0,0,0,0,0,0,0,0,0,0,0,0,0,0,0,1,1,0,1,0,,,,"5,000円以上 10,000円未満",,使わない,,"3,000円以上 5,000円未満","10,000円以上 20,000円未満",,,,,,,,,,4,4,,,,,,5,また行きたい（1年以内）,,明通寺 エリア,,一乗谷朝倉氏遺跡,,敦賀鉄道資料館（旧敦賀港駅舎 ）,,000000,web,1960,66,,2月,73.明通寺 エリア,(株)まちづくり小浜,若狭の歴史の奥深さ
福井,2026/02/15 20:17:20,愛知県,無回答,50代,,分からない/無回答,夫婦2人,2泊,石川県加賀市,,福井県内には宿泊しない,,,,,,,,,自家用車,1,0,0,0,0,0,0,自家用車,0,0,0,0,,,,初めて,初めて,ドライブ・ツーリング,0,0,0,0,0,0,0,0,0,0,0,0,0,0,1,0,0,0,その他,0,0,0,0,0,0,0,0,0,0,0,0,0,0,0,0,0,0,0,0,0,0,0,0,1,,,,"5,000円以上 10,000円未満",,使わない,,"1,000円以上 3,000円未満","1,000円以上 3,000円未満",,,,,,,,,,4,4,,,,,,7,機会があれば行きたい,,越前陶芸村 エリア,,選択なし/該当施設なし,,選択なし/該当施設なし,,000000,越前陶芸村 エリア,1971,55,,2月,52.越前陶芸村 エリア,一般社団法人 越前町観光連盟（DMO ECHIZEN）,
福井,2026/02/15 19:50:20,福井県,男,20代,,200万円以上 300万円未満,自分ひとり,日帰り,福井県外には宿泊しない,,福井県内には宿泊しない,,,,,,,,,自家用車県外から訪れていない（福井県在住）,1,0,0,0,0,0,1,自家用車在来線,0,0,0,0,5,,,2～5回目,2～5回目,宿でのんびり過ごす温泉や露天風呂地元の美味しいものを食べる,1,1,1,0,0,0,0,0,0,0,0,0,0,0,0,0,0,0,新聞・雑誌・ガイドブック観光パンフレット・ポスター,0,0,0,0,0,0,0,0,0,0,0,0,0,0,0,0,1,0,0,0,1,0,0,0,0,,,,"3,000円以上 5,000円未満",,使わない,,"1,000円以上 3,000円未満","20,000円以上 30,000円未満",,,,,,,,,,4,4,,,,,,8,,,明通寺 エリア,,選択なし/該当施設なし,,選択なし/該当施設なし,,000000,一乗谷朝倉氏遺跡 エリア,1997,29,,2月,73.明通寺 エリア,(株)まちづくり小浜,
福井,2026/02/15 19:05:29,東京都,無回答,30代,,"1,200万円以上 1,500万円未満",夫婦2人,1泊,石川県加賀市,,福井県内には宿泊しない,,,,,,,,,飛行機,0,0,0,0,1,0,0,レンタカー,0,0,0,0,4,,,初めて,初めて,名所、旧跡の観光,0,0,0,0,1,0,0,0,0,0,0,0,0,0,0,0,0,0,TV・ラジオ番組やCM,0,0,0,0,0,0,0,0,0,0,0,0,0,0,1,0,0,0,0,0,0,0,0,0,0,,,,"30,000円以上 40,000円未満",,使わない,,"1,000円未満","10,000円以上 20,000円未満",,,,,,,,,,4,4,,,,,,8,また行きたい（1年以内）,,丸岡城 エリア,,福井県立恐竜博物館,,片山津温泉（石川県）,,000000,大本山 永平寺 エリア,1992,34,,2月,13.丸岡城 エリア,(一社)DMOさかい観光局,
福井,2026/02/15 18:27:41,福井県,女,50代,,100万円未満,夫婦2人,日帰り,福井県外には宿泊しない,,福井県内には宿泊しない,,,,,,,,,県外から訪れていない（福井県在住）,0,0,0,0,0,0,1,自家用車,0,0,0,0,5,,,11回目以上,11回目以上,買い物、アウトレット,0,0,0,0,0,0,1,0,0,0,0,0,0,0,0,0,0,0,友人・知人,0,0,0,0,0,0,0,0,0,0,0,0,0,0,0,0,0,0,1,0,0,0,0,0,0,,,,使わない,,"10,000円以上 20,000円未満",,"5,000円以上 10,000円未満","10,000円以上 20,000円未満",,,,,,,,,,5,5,,,,,,10,福井県在住,,道の駅「越前おおの荒島の郷」 エリア,,平泉寺白山神社,,選択なし/該当施設なし,,000000,web,1972,54,,2月,22.道の駅「越前おおの荒島の郷」 エリア,,
福井,2026/02/15 18:25:59,福井県,女,50代,,100万円未満,夫婦2人,日帰り,福井県外には宿泊しない,,福井県内には宿泊しない,,,,,,,,,県外から訪れていない（福井県在住）,0,0,0,0,0,0,1,自家用車,0,0,0,0,,,,6～10回目,6～10回目,買い物、アウトレット,0,0,0,0,0,0,1,0,0,0,0,0,0,0,0,0,0,0,友人・知人,0,0,0,0,0,0,0,0,0,0,0,0,0,0,0,0,0,0,1,0,0,0,0,0,0,,,,使わない,,"10,000円以上 20,000円未満",,使わない,"10,000円以上 20,000円未満",,,,,,,,,,4,4,,,,,,8,福井県在住,,越前大野城・城下町 エリア,,はたや記念館 ゆめおーれ勝山,,道の駅「恐竜渓谷かつやま」,,000000,web,1972,54,,2月,21.越前大野城・城下町 エリア,,
福井,2026/02/15 18:22:39,福井県,女,50代,,100万円未満,夫婦2人,日帰り,福井県外には宿泊しない,,福井県内には宿泊しない,,,,,,,,,県外から訪れていない（福井県在住）,0,0,0,0,0,0,1,自家用車,0,0,0,0,,,,6～10回目,6～10回目,買い物、アウトレット,0,0,0,0,0,0,1,0,0,0,0,0,0,0,0,0,0,0,友人・知人,0,0,0,0,0,0,0,0,0,0,0,0,0,0,0,0,0,0,1,0,0,0,0,0,0,,,,使わない,,"10,000円以上 20,000円未満",,"1,000円以上 3,000円未満","10,000円以上 20,000円未満",,,,,,,,,,4,4,,,,,,8,福井県在住,,はたや記念館 ゆめおーれ勝山 エリア,,道の駅「禅の里」,,越前大野城,,000000,web,1972,54,,2月,30.はたや記念館 ゆめおーれ勝山 エリア,勝山市観光まちづくり(株),
福井,2026/02/15 18:20:27,福井県,女,50代,,100万円未満,夫婦2人,日帰り,福井県外には宿泊しない,,福井県内には宿泊しない,,,,,,,,,県外から訪れていない（福井県在住）,0,0,0,0,0,0,1,自家用車,0,0,0,0,5,,,11回目以上,11回目以上,買い物、アウトレット,0,0,0,0,0,0,1,0,0,0,0,0,0,0,0,0,0,0,Instagram友人・知人,0,0,0,1,0,0,0,0,0,0,0,0,0,0,0,0,0,0,1,0,0,0,0,0,0,,,,使わない,,"10,000円以上 20,000円未満",,"1,000円以上 3,000円未満","10,000円以上 20,000円未満",,,,,,,,,,5,5,,,,,,10,福井県在住,,道の駅「禅の里」 エリア,,選択なし/該当施設なし,,はたや記念館 ゆめおーれ勝山,,000000,web,1972,54,,2月,35.道の駅「禅の里」 エリア,,
福井,2026/02/15 18:03:43,京都府,男,30代,,300万円以上 400万円未満,自分ひとり,日帰り,石川県加賀市,,福井県内には宿泊しない,,,,,,,,,レンタカー,0,1,0,0,0,0,0,レンタカー,0,0,0,0,3,駐車場の空き台数が少なく感じました。,,初めて,初めて,宿でのんびり過ごす温泉や露天風呂名所、旧跡の観光テーマパーク（遊園地、動物園、博物館など）まちあるき、都市散策,1,1,0,0,1,1,0,0,0,0,1,0,0,0,0,0,0,0,観光パンフレット・ポスターインターネット・アプリTwitterブログその他,0,0,0,0,0,1,0,0,1,0,1,0,0,0,0,0,0,0,0,0,1,0,0,0,0,,,,"5,000円以上 10,000円未満",,使わない,,"1,000円以上 3,000円未満","3,000円以上 5,000円未満",,,,,,,,,,3,4,,店舗や駐車場が狭かったかなと感じました。,,,,5,また行きたい（1年以内）,,越前大野城・城下町 エリア,,越前大野城,イトヨの砂糖,越前大仏,,000000,一乗谷朝倉氏遺跡 エリア,1991,35,,2月,21.越前大野城・城下町 エリア,,カイリューのスタンプラリーとかおもしろかったです。
福井,2026/02/15 18:01:14,福井県,無回答,50代,,分からない/無回答,福井在住,日帰り,福井県外には宿泊しない,,4泊以上,,,,,,,,,県外から訪れていない（福井県在住）,0,0,0,0,0,0,1,自家用車,0,0,0,0,,,,11回目以上,11回目以上,買い物、アウトレット,0,0,0,0,0,0,1,0,0,0,0,0,0,0,0,0,0,0,その他,0,0,0,0,0,0,0,0,0,0,0,0,0,0,0,0,0,0,0,0,0,0,0,0,1,,,,"1,000円未満",,使わない,,"1,000円未満","3,000円以上 5,000円未満",,,,,,,,,,4,4,,道の駅うみんぴあ大飯は、農産物や水産物、食加工品、手作り小物や陶芸品、ビニールポットに入った植物等、いろいろ販売されているのが良いです。訪れるたびに、掘り出し物がないかゆっくり見回っています。,,,,8,福井県在住,,うみんぴあ大飯 エリア,,選択なし/該当施設なし,,選択なし/該当施設なし,,000000,若狭高浜 エリア,1970,56,,2月,84.うみんぴあ大飯 エリア,,
福井,2026/02/15 17:38:06,兵庫県,男,40代,,"1,000万円以上 1,200万円未満",自分ひとり,日帰り,福井県外には宿泊しない,,福井県内には宿泊しない,,,,,,,,,在来線,0,0,0,1,0,0,0,在来線路線バス,0,1,0,0,4,,,2～5回目,2～5回目,温泉や露天風呂テーマパーク（遊園地、動物園、博物館など）,0,1,0,0,0,1,0,0,0,0,0,0,0,0,0,0,0,0,インターネット・アプリ,0,0,0,0,0,0,0,0,0,0,1,0,0,0,0,0,0,0,0,0,0,0,0,0,0,,,,"1,000円以上 3,000円未満",,使わない,,"1,000円以上 3,000円未満","1,000円以上 3,000円未満",,,,,,,,,,4,4,,,,,,7,,,JR敦賀駅前 エリア,,選択なし/該当施設なし,,選択なし/該当施設なし,,000000,平泉寺白山神社 エリア,1979,47,,2月,63.JR敦賀駅前 エリア,,
福井,2026/02/15 17:31:03,福井県,女,40代,,700万円以上 800万円未満,小学生以下連れの家族,日帰り,福井県外には宿泊しない,,福井県内には宿泊しない,,,,,,,,,自家用車,1,0,0,0,0,0,0,自家用車,0,0,0,0,,,,11回目以上,11回目以上,地元の美味しいものを食べる買い物、アウトレット,0,0,1,0,0,0,1,0,0,0,0,0,0,0,0,0,0,0,インターネット・アプリInstagram,0,0,0,1,0,0,0,0,0,0,1,0,0,0,0,0,0,0,0,0,0,0,0,0,0,,,,"1,000円未満",,使わない,,"10,000円以上 20,000円未満","10,000円以上 20,000円未満",,,,,,,,,,5,5,,,,,,9,また行きたい（1年以内）,,福井駅前 エリア,,選択なし/該当施設なし,,選択なし/該当施設なし,,000000,web,1977,49,,2月,01.福井駅前 エリア,,
福井,2026/02/15 16:45:37,岐阜県,女,50代,,300万円以上 400万円未満,友人,日帰り,福井県外には宿泊しない,,福井県内には宿泊しない,,,,,,,,,レンタカー,0,1,0,0,0,0,0,自家用車レンタカー,0,0,0,0,,,,2～5回目,2～5回目,温泉や露天風呂地元の美味しいものを食べる,0,1,1,0,0,0,0,0,0,0,0,0,0,0,0,0,0,0,TV・ラジオ番組やCM,0,0,0,0,0,0,0,0,0,0,0,0,0,0,1,0,0,0,0,0,0,0,0,0,0,,,,"10,000円以上 20,000円未満",,使わない,,"5,000円以上 10,000円未満","5,000円以上 10,000円未満",,,,,,,,,,3,4,,,,,,5,機会があれば行きたい,,三国湊 エリア,,東尋坊,,天橋立（京都府）,,000000,三国湊 エリア,1974,52,,2月,09.三国湊 エリア,(一社)DMOさかい観光局,
福井,2026/02/15 16:42:49,埼玉県,無回答,30代,,"1,000万円以上 1,200万円未満",夫婦2人,2泊,福井県外には宿泊しない,,2泊,,,,,,,,,在来線,0,0,0,1,0,0,0,徒歩,0,0,1,0,,,,初めて,初めて,テーマパーク（遊園地、動物園、博物館など）,0,0,0,0,0,1,0,0,0,0,0,0,0,0,0,0,0,0,Twitter,0,0,0,0,0,1,0,0,0,0,0,0,0,0,0,0,0,0,0,0,0,0,0,0,0,,,,"20,000円以上 30,000円未満",,"20,000円以上 30,000円未満",,"1,000円未満","10,000円以上 20,000円未満",,,,,,,,,,4,4,,,,,,6,機会があれば行きたい,,名勝 養浩館庭園 エリア,,越前大仏,,選択なし/該当施設なし,,000000,あわら湯のまち エリア,1987,39,,2月,04.名勝 養浩館庭園 エリア,,
福井,2026/02/15 16:39:58,埼玉県,女,30代,,"1,000万円以上 1,200万円未満",夫婦2人,2泊,福井県外には宿泊しない,,2泊,,,,,,,,,新幹線,0,0,1,0,0,0,0,徒歩,0,0,1,0,,,,初めて,初めて,テーマパーク（遊園地、動物園、博物館など）,0,0,0,0,0,1,0,0,0,0,0,0,0,0,0,0,0,0,Instagram,0,0,0,1,0,0,0,0,0,0,0,0,0,0,0,0,0,0,0,0,0,0,0,0,0,,,,"20,000円以上 30,000円未満",,"20,000円以上 30,000円未満",,"1,000円未満","10,000円以上 20,000円未満",,,,,,,,,,4,4,,,,,,7,,,名勝 養浩館庭園 エリア,,北の庄城址・柴田公園,,選択なし/該当施設なし,,000000,web,1989,37,,2月,04.名勝 養浩館庭園 エリア,,
福井,2026/02/15 16:38:40,福井県,女,50代,,100万円以上 200万円未満,親,日帰り,なし,,福井県内には宿泊しない,,,,,,,,,自家用車,1,0,0,0,0,0,0,自家用車,0,0,0,0,5,,,6～10回目,6～10回目,地元の美味しいものを食べる,0,0,1,0,0,0,0,0,0,0,0,0,0,0,0,0,0,0,その他,0,0,0,0,0,0,0,0,0,0,0,0,0,0,0,0,0,0,0,0,0,0,0,0,1,,,,"1,000円以上 3,000円未満",,"5,000円以上 10,000円未満",,"3,000円以上 5,000円未満","1,000円以上 3,000円未満",,,,,,,,,,5,5,,,,,,10,福井県在住,,越前そばの里 エリア,,選択なし/該当施設なし,,選択なし/該当施設なし,,000000,越前そばの里 エリア,1976,50,,2月,37.越前そばの里 エリア,,
福井,2026/02/15 16:27:04,大阪府,女,40代,,600万円以上 700万円未満,その他家族,1泊,石川県金沢市,,福井県内には宿泊しない,,,,,,,,,自家用車,1,0,0,0,0,0,0,自家用車,0,0,0,0,4,,,2～5回目,2～5回目,宿でのんびり過ごす温泉や露天風呂地元の美味しいものを食べる名所、旧跡の観光テーマパーク（遊園地、動物園、博物館など）買い物、アウトレットまちあるき、都市散策,1,1,1,0,1,1,1,0,0,0,1,0,0,0,0,0,0,0,観光展・物産展観光パンフレット・ポスター友人・知人,0,0,0,0,0,0,0,0,0,0,0,0,0,0,0,0,0,0,1,0,1,0,1,0,0,,,,"5,000円以上 10,000円未満",,"5,000円以上 10,000円未満",,"3,000円以上 5,000円未満","3,000円以上 5,000円未満",,,,,,,,,,4,4,,,,,,8,機会があれば行きたい,,三国湊 エリア,,丸岡城,,越前大仏,,000000,三国湊 エリア,1986,40,,2月,09.三国湊 エリア,(一社)DMOさかい観光局,
福井,2026/02/15 16:25:52,大阪府,女,40代,,分からない/無回答,その他家族,1泊,石川県金沢市,,福井県内には宿泊しない,,,,,,,,,自家用車,1,0,0,0,0,0,0,自家用車,0,0,0,0,5,,,6～10回目,6～10回目,宿でのんびり過ごす温泉や露天風呂地元の美味しいものを食べる名所、旧跡の観光まちあるき、都市散策ドライブ・ツーリング,1,1,1,0,1,0,0,0,0,0,1,0,0,0,1,0,0,0,観光展・物産展観光パンフレット・ポスター,0,0,0,0,0,0,0,0,0,0,0,0,0,0,0,0,0,0,0,0,1,0,1,0,0,,,,"10,000円以上 20,000円未満",,使わない,,"3,000円以上 5,000円未満","5,000円以上 10,000円未満",,,,,,,,,,5,4,,,,,,9,また行きたい（1年以内）,,三国湊 エリア,,丸岡城,,一乗谷朝倉氏遺跡,,000000,道の駅「越前」 エリア,1984,42,,2月,09.三国湊 エリア,(一社)DMOさかい観光局,
福井,2026/02/15 16:10:31,東京都,男,50代,,"1,000万円以上 1,200万円未満",夫婦2人,1泊,福井県外には宿泊しない,,1泊,,,,,,,,,新幹線,0,0,1,0,0,0,0,レンタカー,0,0,0,0,5,,,初めて,初めて,地元の美味しいものを食べる,0,0,1,0,0,0,0,0,0,0,0,0,0,0,0,0,0,0,友人・知人,0,0,0,0,0,0,0,0,0,0,0,0,0,0,0,0,0,0,1,0,0,0,0,0,0,,,,"5,000円以上 10,000円未満",,"10,000円以上 20,000円未満",,"50,000円以上 100,000円未満","5,000円以上 10,000円未満",,,,,,,,,,4,4,,,,,,9,機会があれば行きたい,,福井駅前 エリア,,選択なし/該当施設なし,,選択なし/該当施設なし,,000000,福井駅前 エリア,1973,53,,2月,01.福井駅前 エリア,,
福井,2026/02/15 16:05:58,福井県,女,50代,,100万円以上 200万円未満,夫婦2人,日帰り,福井県外には宿泊しない,,福井県内には宿泊しない,,,,,,,,,県外から訪れていない（福井県在住）,0,0,0,0,0,0,1,自家用車,0,0,0,0,,,,2～5回目,2～5回目,買い物、アウトレットまちあるき、都市散策ドライブ・ツーリング,0,0,0,0,0,0,1,0,0,0,1,0,0,0,1,0,0,0,Instagram友人・知人,0,0,0,1,0,0,0,0,0,0,0,0,0,0,0,0,0,0,1,0,0,0,0,0,0,,,,"1,000円未満",,"1,000円以上 3,000円未満",,"3,000円以上 5,000円未満","3,000円以上 5,000円未満",,,,,,,,,,4,4,,,,,,6,福井県在住,,道の駅「南えちぜん山海里」 エリア,,選択なし/該当施設なし,,選択なし/該当施設なし,,000000,越前大野城・城下町 エリア,1970,56,,2月,58.道の駅「南えちぜん山海里」 エリア,,
福井,2026/02/15 15:59:04,大阪府,女,40代,,300万円以上 400万円未満,自分ひとり,1泊,福井県外には宿泊しない,,1泊,,,,,,,,,在来線,0,0,0,1,0,0,0,路線バス,0,1,0,0,2,,,初めて,初めて,地元の美味しいものを食べる,0,0,1,0,0,0,0,0,0,0,0,0,0,0,0,0,0,0,インターネット・アプリ,0,0,0,0,0,0,0,0,0,0,1,0,0,0,0,0,0,0,0,0,0,0,0,0,0,,,,"3,000円以上 5,000円未満",,"5,000円以上 10,000円未満",,"1,000円以上 3,000円未満","10,000円以上 20,000円未満",,,,,,,,,,3,3,,,,,,5,また行きたい（1年以内）,,日本海さかな街 エリア,,氣比神宮,,敦賀赤レンガ倉庫,,000000,金ヶ崎 エリア,1980,46,,2月,61.日本海さかな街 エリア,,
福井,2026/02/15 15:38:09,福井県,女,50代,,"1,000万円以上 1,200万円未満",夫婦2人,日帰り,福井県外には宿泊しない,,福井県内には宿泊しない,,,,,,,,,自家用車,1,0,0,0,0,0,0,自家用車,0,0,0,0,4,,,11回目以上,11回目以上,お祭りやイベントへの参加・見物,0,0,0,0,0,0,0,1,0,0,0,0,0,0,0,0,0,0,TV・ラジオ番組やCM,0,0,0,0,0,0,0,0,0,0,0,0,0,0,1,0,0,0,0,0,0,0,0,0,0,,,,"1,000円未満",,使わない,,"1,000円未満","1,000円未満",,,,,,,,,,4,4,,,,,,5,機会があれば行きたい,,道の駅「パークイン丹生ヶ丘」 エリア,,選択なし/該当施設なし,,選択なし/該当施設なし,,000000,レインボーライン エリア,1969,57,,2月,50.道の駅「パークイン丹生ヶ丘」 エリア,一般社団法人 越前町観光連盟（DMO ECHIZEN）,
福井,2026/02/15 15:35:16,福井県,女,50代,,"1,000万円以上 1,200万円未満",夫婦2人,日帰り,福井県外には宿泊しない,,福井県内には宿泊しない,,,,,,,,,自家用車,1,0,0,0,0,0,0,自家用車,0,0,0,0,,,,11回目以上,11回目以上,温泉や露天風呂お祭りやイベントへの参加・見物,0,1,0,0,0,0,0,1,0,0,0,0,0,0,0,0,0,0,TV・ラジオ番組やCM,0,0,0,0,0,0,0,0,0,0,0,0,0,0,1,0,0,0,0,0,0,0,0,0,0,,,,"1,000円未満",,使わない,,"1,000円未満","1,000円未満",,,,,,,,,,4,4,,,,,,5,機会があれば行きたい,,越前陶芸村 エリア,,選択なし/該当施設なし,泰澄の杜,道の駅「パークイン丹生ヶ丘」,,000000,レインボーライン エリア,1969,57,,2月,52.越前陶芸村 エリア,一般社団法人 越前町観光連盟（DMO ECHIZEN）,
福井,2026/02/15 14:54:16,福井県,女,60代,,300万円以上 400万円未満,自分ひとり,日帰り,福井県外には宿泊しない,,福井県内には宿泊しない,,,,,,,,,自家用車,1,0,0,0,0,0,0,自家用車,0,0,0,0,4,,,6～10回目,6～10回目,温泉や露天風呂,0,1,0,0,0,0,0,0,0,0,0,0,0,0,0,0,0,0,観光パンフレット・ポスター,0,0,0,0,0,0,0,0,0,0,0,0,0,0,0,0,0,0,0,0,1,0,0,0,0,,,,"1,000円以上 3,000円未満",,使わない,,"3,000円以上 5,000円未満","3,000円以上 5,000円未満",,,,,,,,,,4,4,,,,,,6,,,道の駅「三方五湖」  エリア,,選択なし/該当施設なし,,選択なし/該当施設なし,,000000,web,1965,61,,2月,83.道の駅「三方五湖」 エリア,三方五湖DMO(株),
福井,2026/02/15 14:51:17,東京都,無回答,30代,,"1,200万円以上 1,500万円未満",夫婦2人,1泊,石川県加賀市,,福井県内には宿泊しない,,,,,,,,,飛行機,0,0,0,0,1,0,0,レンタカー,0,0,0,0,4,道もわかりやすく、駐車場のキャパシティも問題なかった,,初めて,初めて,名所、旧跡の観光,0,0,0,0,1,0,0,0,0,0,0,0,0,0,0,0,0,0,TV・ラジオ番組やCM,0,0,0,0,0,0,0,0,0,0,0,0,0,0,1,0,0,0,0,0,0,0,0,0,0,,,,"30,000円以上 40,000円未満",,使わない,,"3,000円以上 5,000円未満","10,000円以上 20,000円未満",,,,,,,,,,5,5,,迫力に大満足！説明もわかりやすく、体験型没入型のコンテンツも多く楽しく学べる仕組みが良かったから。,,,,10,また行きたい（1年以内）,,かつやま恐竜の森 エリア,,大本山永平寺,丸岡城,越前大仏,,000000,大本山 永平寺 エリア,1992,34,,2月,25.かつやま恐竜の森 エリア,勝山市観光まちづくり(株),
福井,2026/02/15 14:13:06,愛知県,女,30代,,700万円以上 800万円未満,小学生以下連れの家族,1泊,福井県外には宿泊しない,,1泊,,,,,,,,,自家用車,1,0,0,0,0,0,0,自家用車,0,0,0,0,5,道路の除雪がしっかりされており、走りやすかった,,初めて,初めて,スキー・スノボ、マリンスポーツ,0,0,0,0,0,0,0,0,0,0,0,0,1,0,0,0,0,0,宿泊施設,0,0,0,0,0,0,0,0,0,0,0,0,0,1,0,0,0,0,0,0,0,0,0,0,0,,,,"10,000円以上 20,000円未満",,"100,000円以上",,"3,000円以上 5,000円未満","10,000円以上 20,000円未満",,,,,,,,,,5,5,,恐竜についての知識が増えて、とても楽しかった！1日居ても飽きない施設！今回は発掘できなかったけど、また発掘しにいきたい！,,,,10,また行きたい（1年以内）,,かつやま恐竜の森 エリア,,スキージャム勝山,,道の駅「恐竜渓谷かつやま」,,000000,web,1994,32,,2月,25.かつやま恐竜の森 エリア,勝山市観光まちづくり(株),施設の中で恐竜について色々学べること、実際に動いている様子や、案内をアプリでできること。
福井,2026/02/15 14:10:19,福井県,女,60代,,300万円以上 400万円未満,自分ひとり,日帰り,福井県外には宿泊しない,,福井県内には宿泊しない,,,,,,,,,自家用車,1,0,0,0,0,0,0,自家用車,0,0,0,0,4,,,6～10回目,6～10回目,温泉や露天風呂,0,1,0,0,0,0,0,0,0,0,0,0,0,0,0,0,0,0,観光パンフレット・ポスター,0,0,0,0,0,0,0,0,0,0,0,0,0,0,0,0,0,0,0,0,1,0,0,0,0,,,,"1,000円以上 3,000円未満",,使わない,,"1,000円以上 3,000円未満","3,000円以上 5,000円未満",,,,,,,,,,4,4,,,,,,6,,,JR美浜駅 エリア,,選択なし/該当施設なし,,選択なし/該当施設なし,,000000,web,1965,61,,2月,79.JR美浜駅 エリア,三方五湖DMO(株),
福井,2026/02/15 13:57:40,岐阜県,女,40代,,800万円以上 900万円未満,夫婦2人,1泊,福井県外には宿泊しない,,1泊,,,,,,,,,自家用車,1,0,0,0,0,0,0,自家用車,0,0,0,0,5,,,2～5回目,2～5回目,宿でのんびり過ごす地元の美味しいものを食べるまちあるき、都市散策,1,0,1,0,0,0,0,0,0,0,1,0,0,0,0,0,0,0,インターネット・アプリ,0,0,0,0,0,0,0,0,0,0,1,0,0,0,0,0,0,0,0,0,0,0,0,0,0,,,,"1,000円以上 3,000円未満",,"20,000円以上 30,000円未満",,"1,000円以上 3,000円未満","3,000円以上 5,000円未満",,,,,,,,,,4,4,,,,,,8,また行きたい（1年以内）,,フルーツライン エリア,,北前船主の館  右近家,,選択なし/該当施設なし,,000000,フルーツライン エリア,1983,43,,2月,18.フルーツライン エリア,,
福井,2026/02/15 13:56:14,京都府,女,60代,,300万円以上 400万円未満,自分ひとり,2泊,福井県外には宿泊しない,,2泊,,,,,,,,,在来線,0,0,0,1,0,0,0,在来線路線バス,0,1,0,0,,,,初めて,初めて,名所、旧跡の観光,0,0,0,0,1,0,0,0,0,0,0,0,0,0,0,0,0,0,インターネット・アプリ,0,0,0,0,0,0,0,0,0,0,1,0,0,0,0,0,0,0,0,0,0,0,0,0,0,,,,"3,000円以上 5,000円未満",,"10,000円以上 20,000円未満",,使わない,"10,000円以上 20,000円未満",,,,,,,,,,5,5,,,,,,10,,,かつやま恐竜の森 エリア,,選択なし/該当施設なし,,選択なし/該当施設なし,,000000,福井駅前 エリア,1966,60,,2月,25.かつやま恐竜の森 エリア,勝山市観光まちづくり(株),
福井,2026/02/15 13:42:06,奈良県,女,40代,,100万円以上 200万円未満,夫婦2人,1泊,福井県外には宿泊しない,,1泊,,,,,,,,,自家用車,1,0,0,0,0,0,0,自家用車,0,0,0,0,,,,初めて,初めて,温泉や露天風呂地元の美味しいものを食べるテーマパーク（遊園地、動物園、博物館など）スキー・スノボ、マリンスポーツ,0,1,1,0,0,1,0,0,0,0,0,0,1,0,0,0,0,0,新聞・雑誌・ガイドブック,0,0,0,0,0,0,0,0,0,0,0,0,0,0,0,0,1,0,0,0,0,0,0,0,0,,,,"10,000円以上 20,000円未満",,"5,000円以上 10,000円未満",,"3,000円以上 5,000円未満","5,000円以上 10,000円未満",,,,,,,,,,5,5,,,,,,10,機会があれば行きたい,,かつやま恐竜の森 エリア,,選択なし/該当施設なし,,選択なし/該当施設なし,,000000,web,1979,47,,2月,25.かつやま恐竜の森 エリア,勝山市観光まちづくり(株),博物館最高でした。
福井,2026/02/15 13:39:24,奈良県,男,40代,,800万円以上 900万円未満,夫婦2人,1泊,福井県外には宿泊しない,,1泊,,,,,,,,,自家用車,1,0,0,0,0,0,0,自家用車,0,0,0,0,4,,,初めて,初めて,温泉や露天風呂テーマパーク（遊園地、動物園、博物館など）スキー・スノボ、マリンスポーツ,0,1,0,0,0,1,0,0,0,0,0,0,1,0,0,0,0,0,インターネット・アプリ,0,0,0,0,0,0,0,0,0,0,1,0,0,0,0,0,0,0,0,0,0,0,0,0,0,,,,"5,000円以上 10,000円未満",,"5,000円以上 10,000円未満",,"3,000円以上 5,000円未満","10,000円以上 20,000円未満",,,,,,,,,,4,5,,,,,,8,機会があれば行きたい,,かつやま恐竜の森 エリア,,スキージャム勝山,,選択なし/該当施設なし,,000000,道の駅「越前」 エリア,1979,47,,2月,25.かつやま恐竜の森 エリア,勝山市観光まちづくり(株),
福井,2026/02/15 13:14:32,三重県,女,50代,,400万円以上 500万円未満,夫婦2人,日帰り,福井県外には宿泊しない,,福井県内には宿泊しない,,,,,,,,,自家用車,1,0,0,0,0,0,0,自家用車,0,0,0,0,4,高速道路から近い,,11回目以上,11回目以上,その他,0,0,0,0,0,0,0,0,0,0,0,0,0,0,0,0,0,1,観光展・物産展,0,0,0,0,0,0,0,0,0,0,0,0,0,0,0,0,0,0,0,0,0,0,1,0,0,,,,"3,000円以上 5,000円未満",,使わない,,"3,000円以上 5,000円未満","3,000円以上 5,000円未満",,,,,,,,,,4,4,,,,,,10,また行きたい（1年以内）,,越前そばの里 エリア,,選択なし/該当施設なし,,選択なし/該当施設なし,,000000,越前そばの里 エリア,1971,55,,2月,37.越前そばの里 エリア,,
福井,2026/02/15 13:02:48,福井県,女,40代,,600万円以上 700万円未満,夫婦2人,日帰り,福井県外には宿泊しない,,福井県内には宿泊しない,,,,,,,,,自家用車,1,0,0,0,0,0,0,自家用車,0,0,0,0,3,駐車場がいっぱい,,11回目以上,11回目以上,地元の美味しいものを食べる,0,0,1,0,0,0,0,0,0,0,0,0,0,0,0,0,0,0,友人・知人,0,0,0,0,0,0,0,0,0,0,0,0,0,0,0,0,0,0,1,0,0,0,0,0,0,,,,"5,000円以上 10,000円未満",,使わない,,"3,000円以上 5,000円未満","5,000円以上 10,000円未満",,,,,,,,,,4,4,,,,,,8,福井県在住,,越前そばの里 エリア,,選択なし/該当施設なし,,選択なし/該当施設なし,,000000,越前そばの里 エリア,1978,48,,2月,37.越前そばの里 エリア,,
福井,2026/02/15 12:56:28,三重県,男,50代,,"1,000万円以上 1,200万円未満",夫婦2人,日帰り,福井県外には宿泊しない,,福井県内には宿泊しない,,,,,,,,,自家用車,1,0,0,0,0,0,0,自家用車,0,0,0,0,4,,,11回目以上,11回目以上,その他,0,0,0,0,0,0,0,0,0,0,0,0,0,0,0,0,0,1,Instagram,0,0,0,1,0,0,0,0,0,0,0,0,0,0,0,0,0,0,0,0,0,0,0,0,0,,,,"3,000円以上 5,000円未満",,"3,000円以上 5,000円未満",,"3,000円以上 5,000円未満","3,000円以上 5,000円未満",,,,,,,,,,4,4,,,,,,10,また行きたい（1年以内）,,越前そばの里 エリア,,選択なし/該当施設なし,,選択なし/該当施設なし,,000000,越前そばの里 エリア,1967,59,,2月,37.越前そばの里 エリア,,
福井,2026/02/15 12:45:23,福井県,女,60代,,300万円以上 400万円未満,自分ひとり,日帰り,福井県外には宿泊しない,,福井県内には宿泊しない,,,,,,,,,自家用車,1,0,0,0,0,0,0,自家用車,0,0,0,0,4,,,2～5回目,2～5回目,温泉や露天風呂,0,1,0,0,0,0,0,0,0,0,0,0,0,0,0,0,0,0,観光パンフレット・ポスター,0,0,0,0,0,0,0,0,0,0,0,0,0,0,0,0,0,0,0,0,1,0,0,0,0,,,,"1,000円以上 3,000円未満",,使わない,,"1,000円以上 3,000円未満","3,000円以上 5,000円未満",,,,,,,,,,4,4,,,,,,6,,,金ヶ崎 エリア,,選択なし/該当施設なし,,選択なし/該当施設なし,,000000,web,1965,61,,2月,64.金ヶ崎 エリア,,
福井,2026/02/15 12:44:07,京都府,女,50代,,100万円未満,夫婦2人,日帰り,福井県外には宿泊しない,,福井県内には宿泊しない,,,,,,,,,自家用車,1,0,0,0,0,0,0,自家用車,0,0,0,0,5,,,2～5回目,2～5回目,ドライブ・ツーリング,0,0,0,0,0,0,0,0,0,0,0,0,0,0,1,0,0,0,インターネット・アプリ,0,0,0,0,0,0,0,0,0,0,1,0,0,0,0,0,0,0,0,0,0,0,0,0,0,,,,"1,000円未満",,"3,000円以上 5,000円未満",,"1,000円以上 3,000円未満","3,000円以上 5,000円未満",,,,,,,,,,5,5,,,,,,10,また行きたい（1年以内）,,日本海さかな街 エリア,,選択なし/該当施設なし,,選択なし/該当施設なし,,000000,名田庄 エリア,1974,52,,2月,61.日本海さかな街 エリア,,
福井,2026/02/15 12:42:20,兵庫県,女,50代,,"1,500万円以上",夫婦2人,1泊,福井県外には宿泊しない,,1泊,,,,,,,,,自家用車,1,0,0,0,0,0,0,自家用車,0,0,0,0,5,,,初めて,初めて,宿でのんびり過ごす温泉や露天風呂地元の美味しいものを食べる各種体験（手作り、果物狩りなど）,1,1,1,0,0,0,0,0,0,0,0,1,0,0,0,0,0,0,インターネット・アプリ宿泊施設,0,0,0,0,0,0,0,0,0,0,1,0,0,1,0,0,0,0,0,0,0,0,0,0,0,,,,"30,000円以上 40,000円未満",,"30,000円以上 40,000円未満",,"5,000円以上 10,000円未満","30,000円以上 40,000円未満",,,,,,,,,,5,5,,,,,,10,,,越前そばの里 エリア,,選択なし/該当施設なし,,選択なし/該当施設なし,,000000,越前そばの里 エリア,1968,58,,2月,37.越前そばの里 エリア,,
福井,2026/02/15 12:34:43,福井県,女,40代,,100万円以上 200万円未満,小学生以下連れの家族,日帰り,福井県外には宿泊しない,,福井県内には宿泊しない,,,,,,,,,県外から訪れていない（福井県在住）,0,0,0,0,0,0,1,自家用車,0,0,0,0,3,,,2～5回目,2～5回目,地元の美味しいものを食べる,0,0,1,0,0,0,0,0,0,0,0,0,0,0,0,0,0,0,Instagram,0,0,0,1,0,0,0,0,0,0,0,0,0,0,0,0,0,0,0,0,0,0,0,0,0,,,,"3,000円以上 5,000円未満",,"5,000円以上 10,000円未満",,"3,000円以上 5,000円未満","3,000円以上 5,000円未満",,,,,,,,,,4,4,,,,,,10,福井県在住,,越前そばの里 エリア,,選択なし/該当施設なし,,選択なし/該当施設なし,,000000,JR芦原温泉駅 エリア,1984,42,,2月,37.越前そばの里 エリア,,
福井,2026/02/15 12:26:03,福井県,女,40代,,400万円以上 500万円未満,小学生以下連れの家族,日帰り,福井県外には宿泊しない,,福井県内には宿泊しない,,,,,,,,,県外から訪れていない（福井県在住）,0,0,0,0,0,0,1,自家用車,0,0,0,0,5,,,6～10回目,6～10回目,スキー・スノボ、マリンスポーツ,0,0,0,0,0,0,0,0,0,0,0,0,1,0,0,0,0,0,友人・知人,0,0,0,0,0,0,0,0,0,0,0,0,0,0,0,0,0,0,1,0,0,0,0,0,0,,,,"3,000円以上 5,000円未満",,"20,000円以上 30,000円未満",,"20,000円以上 30,000円未満","20,000円以上 30,000円未満",,,,,,,,,,5,5,,,,,,8,,,スキージャム勝山 エリア,,選択なし/該当施設なし,,選択なし/該当施設なし,,000000,タケフナイフビレッジ エリア,1983,43,,2月,27.スキージャム勝山 エリア,勝山市観光まちづくり(株),
福井,2026/02/15 12:25:44,福井県,女,70代,,分からない/無回答,その他家族,日帰り,福井県外には宿泊しない,,福井県内には宿泊しない,,,,,,,,,自家用車,1,0,0,0,0,0,0,自家用車,0,0,0,0,4,,,6～10回目,6～10回目,地元の美味しいものを食べる,0,0,1,0,0,0,0,0,0,0,0,0,0,0,0,0,0,0,ブログ,0,0,0,0,0,0,0,0,1,0,0,0,0,0,0,0,0,0,0,0,0,0,0,0,0,,,,"1,000円以上 3,000円未満",,"1,000円以上 3,000円未満",,"3,000円以上 5,000円未満","3,000円以上 5,000円未満",,,,,,,,,,5,5,,,,,,9,また行きたい（1年以内）,,越前そばの里 エリア,,選択なし/該当施設なし,,選択なし/該当施設なし,,000000,web,1954,72,,2月,37.越前そばの里 エリア,,
福井,2026/02/15 12:02:59,京都府,女,50代,,100万円未満,夫婦2人,日帰り,福井県外には宿泊しない,,福井県内には宿泊しない,,,,,,,,,自家用車,1,0,0,0,0,0,0,自家用車,0,0,0,0,5,,,初めて,初めて,ドライブ・ツーリング,0,0,0,0,0,0,0,0,0,0,0,0,0,0,1,0,0,0,インターネット・アプリ,0,0,0,0,0,0,0,0,0,0,1,0,0,0,0,0,0,0,0,0,0,0,0,0,0,,,,"1,000円未満",,"3,000円以上 5,000円未満",,使わない,"3,000円以上 5,000円未満",,,,,,,,,,4,5,,,,,,10,また行きたい（1年以内）,,JR美浜駅 エリア,,選択なし/該当施設なし,,選択なし/該当施設なし,,000000,名田庄 エリア,1974,52,,2月,79.JR美浜駅 エリア,三方五湖DMO(株),
福井,2026/02/15 11:35:28,千葉県,男,40代,,"1,200万円以上 1,500万円未満",夫婦2人,3泊,富山,,1泊,,,,,,,,,新幹線,0,0,1,0,0,0,0,旅行会社ツアーバス,0,0,0,0,5,,,初めて,初めて,地元の美味しいものを食べる名所、旧跡の観光,0,0,1,0,1,0,0,0,0,0,0,0,0,0,0,0,0,0,インターネット・アプリ,0,0,0,0,0,0,0,0,0,0,1,0,0,0,0,0,0,0,0,0,0,0,0,0,0,,,,"30,000円以上 40,000円未満",,"5,000円以上 10,000円未満",,"3,000円以上 5,000円未満","20,000円以上 30,000円未満",,,,,,,,,,5,4,,,,,,8,機会があれば行きたい,,かつやま恐竜の森 エリア,,福井県立恐竜博物館,,選択なし/該当施設なし,,000000,かつやま恐竜の森 エリア,1977,49,,2月,25.かつやま恐竜の森 エリア,勝山市観光まちづくり(株),
福井,2026/02/15 11:26:45,福井県,男,60代,,"1,000万円以上 1,200万円未満",夫婦2人,日帰り,福井県外には宿泊しない,,福井県内には宿泊しない,,,,,,,,,自家用車,1,0,0,0,0,0,0,自家用車,0,0,0,0,4,,,初めて,初めて,買い物、アウトレット,0,0,0,0,0,0,1,0,0,0,0,0,0,0,0,0,0,0,インターネット・アプリ,0,0,0,0,0,0,0,0,0,0,1,0,0,0,0,0,0,0,0,0,0,0,0,0,0,,,,使わない,,"3,000円以上 5,000円未満",,"3,000円以上 5,000円未満",使わない,,,,,,,,,,4,4,,,,,,7,また行きたい（1年以内）,,越前そばの里 エリア,,一乗谷朝倉氏遺跡,,選択なし/該当施設なし,,000000,web,1959,67,,2月,37.越前そばの里 エリア,,
福井,2026/02/15 11:04:32,福井県,男,50代,,600万円以上 700万円未満,親,日帰り,福井県外には宿泊しない,,福井県内には宿泊しない,,,,,,,,,自家用車,1,0,0,0,0,0,0,自家用車,0,0,0,0,5,,,11回目以上,11回目以上,地元の美味しいものを食べる,0,0,1,0,0,0,0,0,0,0,0,0,0,0,0,0,0,0,観光展・物産展,0,0,0,0,0,0,0,0,0,0,0,0,0,0,0,0,0,0,0,0,0,0,1,0,0,,,,"1,000円以上 3,000円未満",,"3,000円以上 5,000円未満",,"3,000円以上 5,000円未満","5,000円以上 10,000円未満",,,,,,,,,,5,5,,,,,,10,また行きたい（1年以内）,,越前そばの里 エリア,,選択なし/該当施設なし,,選択なし/該当施設なし,,000000,JR美浜駅 エリア,1970,56,,2月,37.越前そばの里 エリア,,
福井,2026/02/15 11:03:20,福井県,女,60代,,300万円以上 400万円未満,自分ひとり,日帰り,福井県外には宿泊しない,,福井県内には宿泊しない,,,,,,,,,自家用車,1,0,0,0,0,0,0,自家用車,0,0,0,0,4,,,6～10回目,6～10回目,温泉や露天風呂,0,1,0,0,0,0,0,0,0,0,0,0,0,0,0,0,0,0,観光パンフレット・ポスター,0,0,0,0,0,0,0,0,0,0,0,0,0,0,0,0,0,0,0,0,1,0,0,0,0,,,,"1,000円以上 3,000円未満",,使わない,,使わない,"3,000円以上 5,000円未満",,,,,,,,,,4,4,,,,,,5,,,北陸新幹線 越前たけふ駅 エリア,,選択なし/該当施設なし,,選択なし/該当施設なし,,000000,web,1965,61,,2月,38.北陸新幹線 越前たけふ駅 エリア,,
福井,2026/02/15 10:47:06,京都府,女,50代,,100万円未満,夫婦2人,日帰り,福井県外には宿泊しない,,福井県内には宿泊しない,,,,,,,,,自家用車,1,0,0,0,0,0,0,自家用車,0,0,0,0,4,,,11回目以上,11回目以上,買い物、アウトレットドライブ・ツーリング,0,0,0,0,0,0,1,0,0,0,0,0,0,0,1,0,0,0,観光展・物産展インターネット・アプリ,0,0,0,0,0,0,0,0,0,0,1,0,0,0,0,0,0,0,0,0,0,0,1,0,0,,,,"1,000円未満",,"3,000円以上 5,000円未満",,"1,000円以上 3,000円未満","3,000円以上 5,000円未満",,,,,,,,,,4,4,,,,,,10,また行きたい（1年以内）,,名田庄 エリア,,道の駅「名田庄」,,道の駅「シーサイド高浜」,,000000,名田庄 エリア,1974,52,,2月,86.名田庄 エリア,,
福井,2026/02/15 10:40:29,大阪府,男,30代,,600万円以上 700万円未満,その他家族,3泊,福井県外には宿泊しない,,3泊,,,,,,,,,レンタカー,0,1,0,0,0,0,0,レンタカー,0,0,0,0,5,,,初めて,初めて,友人・親戚を尋ねる,0,0,0,0,0,0,0,0,0,0,0,0,0,0,0,1,0,0,その他,0,0,0,0,0,0,0,0,0,0,0,0,0,0,0,0,0,0,0,0,0,0,0,0,1,,,,"5,000円以上 10,000円未満",,"20,000円以上 30,000円未満",,使わない,"5,000円以上 10,000円未満",,,,,,,,,,5,4,,,,,,9,また行きたい（1年以内）,,はたや記念館 ゆめおーれ勝山 エリア,,福井県立恐竜博物館,,道の駅「南えちぜん山海里」,,000000,かつやま恐竜の森 エリア,1996,30,,2月,30.はたや記念館 ゆめおーれ勝山 エリア,勝山市観光まちづくり(株),
福井,2026/02/15 10:28:58,石川県,女,50代,,200万円以上 300万円未満,自分ひとり,日帰り,福井県外には宿泊しない,,福井県内には宿泊しない,,,,,,,,,在来線,0,0,0,1,0,0,0,在来線,0,0,0,0,5,土日の安いデジタルチケットを使い半額で来れたから,,6～10回目,6～10回目,まちあるき、都市散策その他,0,0,0,0,0,0,0,0,0,0,1,0,0,0,0,0,0,1,観光パンフレット・ポスター,0,0,0,0,0,0,0,0,0,0,0,0,0,0,0,0,0,0,0,0,1,0,0,0,0,,,,使わない,,使わない,,"1,000円以上 3,000円未満","3,000円以上 5,000円未満",,,,,,,,,,4,3,,,,,,7,また行きたい（1年以内）,,福井駅前 エリア,,選択なし/該当施設なし,,越前大野城,,000000,web,1974,52,,2月,01.福井駅前 エリア,,
福井,2026/02/15 09:47:30,福井県,男,60代,,"1,200万円以上 1,500万円未満",自分ひとり,日帰り,福井県外には宿泊しない,,福井県内には宿泊しない,,,,,,,,,県外から訪れていない（福井県在住）,0,0,0,0,0,0,1,自家用車,0,0,0,0,,,,11回目以上,11回目以上,ドライブ・ツーリング,0,0,0,0,0,0,0,0,0,0,0,0,0,0,1,0,0,0,インターネット・アプリ,0,0,0,0,0,0,0,0,0,0,1,0,0,0,0,0,0,0,0,0,0,0,0,0,0,,,,使わない,,"1,000円未満",,"1,000円未満","1,000円未満",,,,,,,,,,4,4,,,,,,7,,,北潟湖 エリア,,選択なし/該当施設なし,,選択なし/該当施設なし,,000000,JR九頭竜湖駅 エリア,1965,61,,2月,20.北潟湖 エリア,,
福井,2026/02/15 09:47:22,滋賀県,女,40代,,分からない/無回答,小学生以下連れの家族,1泊,福井県外には宿泊しない,,1泊,,,,,,,,,自家用車,1,0,0,0,0,0,0,自家用車,0,0,0,0,,,,2～5回目,2～5回目,テーマパーク（遊園地、動物園、博物館など）まちあるき、都市散策,0,0,0,0,0,1,0,0,0,0,1,0,0,0,0,0,0,0,インターネット・アプリ,0,0,0,0,0,0,0,0,0,0,1,0,0,0,0,0,0,0,0,0,0,0,0,0,0,,,,"5,000円以上 10,000円未満",,"5,000円以上 10,000円未満",,"5,000円以上 10,000円未満","5,000円以上 10,000円未満",,,,,,,,,,4,4,,,,,,8,,,福井駅前 エリア,,選択なし/該当施設なし,,選択なし/該当施設なし,,000000,web,1981,45,,2月,01.福井駅前 エリア,,
福井,2026/02/15 09:19:37,愛知県,男,70代,,200万円以上 300万円未満,夫婦2人,1泊,福井県外には宿泊しない,,1泊,,,,,,,,,自家用車,1,0,0,0,0,0,0,自家用車,0,0,0,0,4,,,初めて,初めて,名所、旧跡の観光,0,0,0,0,1,0,0,0,0,0,0,0,0,0,0,0,0,0,インターネット・アプリ,0,0,0,0,0,0,0,0,0,0,1,0,0,0,0,0,0,0,0,0,0,0,0,0,0,,,,"5,000円以上 10,000円未満",,"10,000円以上 20,000円未満",,"5,000円以上 10,000円未満","5,000円以上 10,000円未満",,,,,,,,,,4,4,,,,,,8,,,大本山 永平寺 エリア,,越前和紙の里,,選択なし/該当施設なし,,000000,大本山 永平寺 エリア,1956,70,,2月,34.大本山 永平寺 エリア,,
福井,2026/02/15 09:09:11,京都府,女,50代,,"1,000万円以上 1,200万円未満",夫婦2人,1泊,福井県外には宿泊しない,,1泊,,,,,,,,,自家用車,1,0,0,0,0,0,0,自家用車,0,0,0,0,,,,初めて,初めて,温泉や露天風呂,0,1,0,0,0,0,0,0,0,0,0,0,0,0,0,0,0,0,Instagram,0,0,0,1,0,0,0,0,0,0,0,0,0,0,0,0,0,0,0,0,0,0,0,0,0,,,,"5,000円以上 10,000円未満",,"30,000円以上 40,000円未満",,"5,000円以上 10,000円未満","10,000円以上 20,000円未満",,,,,,,,,,4,4,,,,,,6,また行きたい（1年以内）,,かずら橋 エリア,,一乗谷朝倉氏遺跡,,岡太神社・大瀧神社,,000000,湖上館パムコ（水月湖）エリア,1970,56,,2月,48.かずら橋 エリア,（一財）いけだ農村観光公社,
福井,2026/02/15 08:49:52,石川県,女,50代,,200万円以上 300万円未満,親,日帰り,福井県外には宿泊しない,,福井県内には宿泊しない,,,,,,,,,自家用車,1,0,0,0,0,0,0,自家用車,0,0,0,0,5,自分のタイミングで立ち寄ってみたい場所を時間やトイレ休憩など、遠慮せずに行けるとこですね,,初めて,初めて,ドライブ・ツーリングその他,0,0,0,0,0,0,0,0,0,0,0,0,0,0,1,0,0,1,インターネット・アプリ,0,0,0,0,0,0,0,0,0,0,1,0,0,0,0,0,0,0,0,0,0,0,0,0,0,,,,"3,000円以上 5,000円未満",,"5,000円以上 10,000円未満",,"3,000円以上 5,000円未満","5,000円以上 10,000円未満",,,,,,,,,,5,5,,御手洗も丁寧に掃除されていて、気持ちよく使わせて頂きました。,,,,10,また行きたい（1年以内）,,道の駅「恐竜渓谷かつやま」 エリア,,山中温泉（石川県）,,選択なし/該当施設なし,,000000,道の駅「恐竜渓谷かつやま」 エリア,1971,55,,2月,26.道の駅「恐竜渓谷かつやま」 エリア,勝山市観光まちづくり(株),美味しい食事品数豊富なお土産立ち寄りやすい広い駐車場
福井,2026/02/15 08:26:33,滋賀県,女,40代,,200万円以上 300万円未満,親,日帰り,福井県外には宿泊しない,,福井県内には宿泊しない,,,,,,,,,自家用車,1,0,0,0,0,0,0,自家用車,0,0,0,0,,,,2～5回目,2～5回目,ドライブ・ツーリング,0,0,0,0,0,0,0,0,0,0,0,0,0,0,1,0,0,0,インターネット・アプリ,0,0,0,0,0,0,0,0,0,0,1,0,0,0,0,0,0,0,0,0,0,0,0,0,0,,,,"3,000円以上 5,000円未満",,使わない,,"5,000円以上 10,000円未満","10,000円以上 20,000円未満",,,,,,,,,,4,4,,,,,,6,,,道の駅「若狭おばま」 エリア,,選択なし/該当施設なし,,選択なし/該当施設なし,,000000,道の駅「若狭おばま」 エリア,1983,43,,2月,68.道の駅「若狭おばま」 エリア,(株)まちづくり小浜,
福井,2026/02/15 08:25:37,滋賀県,女,40代,,200万円以上 300万円未満,親,日帰り,福井県外には宿泊しない,,福井県内には宿泊しない,,,,,,,,,自家用車,1,0,0,0,0,0,0,自家用車,0,0,0,0,,,,2～5回目,2～5回目,ドライブ・ツーリング,0,0,0,0,0,0,0,0,0,0,0,0,0,0,1,0,0,0,インターネット・アプリ,0,0,0,0,0,0,0,0,0,0,1,0,0,0,0,0,0,0,0,0,0,0,0,0,0,,,,"3,000円以上 5,000円未満",,使わない,,"3,000円以上 5,000円未満","10,000円以上 20,000円未満",,,,,,,,,,4,4,,,,,,6,,,道の駅「恐竜渓谷かつやま」 エリア,,選択なし/該当施設なし,,選択なし/該当施設なし,,000000,道の駅「若狭おばま」 エリア,1983,43,,2月,26.道の駅「恐竜渓谷かつやま」 エリア,勝山市観光まちづくり(株),
福井,2026/02/15 08:24:04,滋賀県,女,40代,,200万円以上 300万円未満,親,日帰り,福井県外には宿泊しない,,福井県内には宿泊しない,,,,,,,,,自家用車,1,0,0,0,0,0,0,自家用車,0,0,0,0,,,,2～5回目,2～5回目,地元の美味しいものを食べる名所、旧跡の観光ドライブ・ツーリング,0,0,1,0,1,0,0,0,0,0,0,0,0,0,1,0,0,0,新聞・雑誌・ガイドブックインターネット・アプリ,0,0,0,0,0,0,0,0,0,0,1,0,0,0,0,0,1,0,0,0,0,0,0,0,0,,,,"3,000円以上 5,000円未満",,使わない,,"3,000円以上 5,000円未満","10,000円以上 20,000円未満",,,,,,,,,,4,4,,,,,,6,,,越前大仏 エリア,,選択なし/該当施設なし,,選択なし/該当施設なし,,000000,道の駅「若狭おばま」 エリア,1983,43,,2月,28.越前大仏 エリア,勝山市観光まちづくり(株),
福井,2026/02/15 03:11:55,岡山県,男,50代,,100万円未満,自分ひとり,2泊,福井県外には宿泊しない,,2泊,,,,,,,,,自家用車,1,0,0,0,0,0,0,自家用車,0,0,0,0,,,,2～5回目,2～5回目,スポーツ観戦や芸能鑑賞（コンサート等）,0,0,0,0,0,0,0,0,1,0,0,0,0,0,0,0,0,0,インターネット・アプリ,0,0,0,0,0,0,0,0,0,0,1,0,0,0,0,0,0,0,0,0,0,0,0,0,0,,,,"30,000円以上 40,000円未満",,"5,000円以上 10,000円未満",,"1,000円以上 3,000円未満","5,000円以上 10,000円未満",,,,,,,,,,4,4,,,,,,9,また行きたい（1年以内）,,道の駅みくに ふれあいパーク三里浜 エリア,,スキージャム勝山,,三國湊レトロ,,000000,web,1976,50,,2月,15.道の駅みくに ふれあいパーク三里浜 エリア,(一社)DMOさかい観光局,
福井,2026/02/15 00:00:37,石川県,女,50代,,700万円以上 800万円未満,夫婦2人,日帰り,福井県外には宿泊しない,,福井県内には宿泊しない,,,,,,,,,自家用車,1,0,0,0,0,0,0,自家用車,0,0,0,0,,,,初めて,初めて,地元の美味しいものを食べる,0,0,1,0,0,0,0,0,0,0,0,0,0,0,0,0,0,0,友人・知人,0,0,0,0,0,0,0,0,0,0,0,0,0,0,0,0,0,0,1,0,0,0,0,0,0,,,,使わない,,使わない,,"5,000円以上 10,000円未満","10,000円以上 20,000円未満",,,,,,,,,,5,5,,,,,,10,また行きたい（1年以内）,,越前そばの里 エリア,,選択なし/該当施設なし,,選択なし/該当施設なし,,000000,越前そばの里 エリア,1972,54,,2月,37.越前そばの里 エリア,,
