エリア,施設,タイムスタンプ,個人情報保護の方針について,全行程での宿泊数をお答えください（石川県以外での宿泊も含みます）,石川県内での宿泊数をお答えください,石川県内での宿泊エリアをお答えください,石川県外での宿泊エリアをお答えください,今回はどなたと石川県を訪れていますか？,今回の石川県の訪問目的は何ですか？（複数選択可）,石川県外から訪れた方にお聞きします。今回は主にどのような交通手段で石川県に来られましたか。※2つまでお答えください,次に、 当施設  を訪れる際に利用した主な交通手段をお答えください。※2つまでお答えください,前の設問で「自家用車」「徒歩」以外を選択された方にお聞きします。当該の交通手段をお使いいただいた満足度をお聞かせください。,上記満足度の理由について、具体的に教えてください,今回の旅行またはお出かけにおける、石川県内での具体的な宿泊費をお答えください。（予定でも可/１人あたり）,"今回の旅行またはお出かけにおける石川県内での具体的な交通費をお答えください。（予定でも可/１人あたり）
※石川県外からの交通費、石川県内での交通費を含む。","今回の旅行またはお出かけにおける、石川県内での具体的な現地消費額をお答えください。（予定でも可/１人あたり）
※飲食、買い物、体験・観光などの消費額合計
※宿泊費、交通費を除く",これまでに   当施設   には何度訪れたことがありますか。,今回   当施設   を訪れる際に参考にした情報源は何ですか？（複数選択可）,"当施設   の前に訪れた主な場所（施設やスポット名称、エリアなど）を、次の名称リストからひとつ選んでください。

※名称リストにない場所の場合は、「選択なし/該当施設なし」を選び、次の設問でお答えください。
※当施設   が最初に訪れた場所である場合は、「選択なし/該当施設なし」をお選びください。",上記名称リストにない場合について、具体的にお答えください。(前),"当施設   の後に訪れる予定の場所（施設やスポット名称、エリア）を、次の名称リストからひとつ選んでください

※名称リストにない場所の場合は、「選択なし/該当施設なし」を選び、次の設問でお答えください。
※当施設    が最後に訪れた場所である場合は、「選択なし/該当施設なし」をお選びください。",上記名称リストにない場合について、具体的にお答えください。(後),当施設    における、消費総額をお答えください。（予定でも可/１人あたり）,当施設 における、商品・サービスの満足度をお答えください,上記満足度の理由につい具体的に教えてください。(サービス),当施設   における、施設全体の満足度をお答えください。,上記満足度の理由につい具体的に教えてください。(施設全体),当施設   において、不便を感じたり困ったことはありましたか。,上記不便を感じたり、困ったことについて具体的に教えてください,あなたは石川県への旅行または 当施設 へのお出かけを、どのくらい家族や友人に薦めたいと思いますか。 0（全く薦めたくない）～10（ぜひ薦めたい）でお答えください。,あなたが求めている   当施設   の飲食、土産、アクティビティについて、ご自由にご意見をお聞かせください,今後、再び石川県を訪れたいと思いますか,"あなたが求めている石川県の飲食、土産、アクティビティについて、ご自由にご意見をお聞かせください。

(※必須項目です。無ければ「特になし」とご記入ください)",性別をお答えください,生まれた年をお答えください,お住いの都道府県をお答えください,"お住いの市区町村をお答えください
例：新宿区",世帯年収をお答えください,アンケートに回答しようと思った動機をお答えください,旅全体の総合満足度を教えてください。,"石川県への旅行を、どのくらい家族や友人に勧めたいと薦めたいと思いますか。
０（まったく薦めたくない）～１０（ぜひ薦めたい）でお答え下さい。",今回の旅行またはお出かけにおいて、特に人に薦めたいと感じたものとその理由について具体的に教えてください。
金沢エリア,金沢城公園,2023/10/01 1:43:37,同意する,1泊,1泊,金沢エリア  （湯涌温泉、深谷温泉、犀川温泉など）,石川県外には泊まらない,友人,"地元の美味しいものを食べる, 名所、旧跡の観光, まちあるき、都市散策, 各種体験（手作り、果物狩りなど）",在来線,徒歩,,,"10,000円以上 20,000円未満","1,000円未満","30,000円以上 40,000円未満",初めて,新聞・雑誌・ガイドブック,尾山神社,,兼六園,,"1,000円未満",満足,カフェで冷やし抹茶と和菓子を食べましたが、とても美味しかったです。,満足,,感じなかった,,8,金沢城公園には9月29日に訪れましたが、チームラボのプロジェクションマッピングを見ることが出来ず残念でした。,機会があれば行きたい,今回食べた物が全て美味しかったので、特にありません。,女,1963,愛知県,知立市,400万円以上 500万円未満,"能登牛が当たる, 動く３Dひゃくまんさんを見たい",,,
金沢エリア,金沢城公園,2023/10/07 8:38:18,同意する,2泊,石川県内には宿泊しない,石川県内には宿泊しない,新潟県,親,"地元の美味しいものを食べる, 名所、旧跡の観光, 買い物、アウトレット, まちあるき、都市散策, 各種体験（手作り、果物狩りなど）",自家用車,自家用車,,,"3,000円以上 5,000円未満","1,000円以上 3,000円未満","1,000円以上 3,000円未満",初めて,"新聞・雑誌・ガイドブック, 観光パンフレット・ポスター, 観光連盟やDMOのHP, インターネット・アプリ, Instagram",選択なし/該当施設なし,,兼六園,,"1,000円未満",どちらでもない,,不満,早く来るとどこも開いてないから何も見れない,感じなかった,,6,,機会があれば行きたい,特になし,女,2004,神奈川県,横浜市,300万円以上 400万円未満,なんとなく,,,
金沢エリア,金沢城公園,2023/10/07 16:00:18,同意する,1泊,1泊,金沢エリア  （湯涌温泉、深谷温泉、犀川温泉など）,石川県外には泊まらない,自分ひとり,"宿でのんびり過ごす, 地元の美味しいものを食べる, 名所、旧跡の観光, 友人・親戚を訪ねる",新幹線,路線バス,とても満足,,"30,000円以上 40,000円未満","1,000円未満","5,000円以上 10,000円未満",初めて,"新聞・雑誌・ガイドブック, 友人・知人",選択なし/該当施設なし,石川県観光物産館,選択なし/該当施設なし,金沢城公園が最後、あとは宿泊先に向かう。,"1,000円以上 3,000円未満",とても満足,豆皿茶屋での素敵な景色をみながらのランチがとても満足した。,とても満足,,感じなかった,,10,,また行きたい（1年以内）,特になし,女,1984,千葉県,習志野市,600万円以上 700万円未満,石川県のおすすめ観光スポットが見たい,,,
金沢エリア,金沢城公園,2023/10/07 23:44:25,同意する,2泊,2泊,金沢エリア  （湯涌温泉、深谷温泉、犀川温泉など）,石川県外には泊まらない,夫婦2人,結婚記念日,新幹線,路線バス,不満,バスが分かりづらい。Suica使えない。,"100,000円以上","30,000円以上 40,000円未満","40,000円以上 50,000円未満",2～5回目,インターネット・アプリ,選択なし/該当施設なし,サケマルシェ,兼六園,,"3,000円以上 5,000円未満",満足,火花のゾーンは、混雑するしよく分からないし…必要なかった？ぬり絵は、楽しかった。,満足,初めてのチームラボ楽しかった。,感じなかった,,10,夜行ったのでお土産屋は、見れなかったのですが、城バッジがあると嬉しいです！,機会があれば行きたい,ほうじ茶が好きなので、ほうじ茶メインのイベント！,女,1988,栃木県,足利市,"1,000万円以上 1,200万円未満",能登牛が当たる,,,雰囲気が良い。
金沢エリア,金沢城公園,2023/10/07 23:46:06,同意する,2泊,2泊,能登エリア （和倉温泉、七尾市、輪島市、珠洲市など）,石川県外には泊まらない,夫婦2人,"宿でのんびり過ごす, 温泉や露天風呂, 地元の美味しいものを食べる, 名所、旧跡の観光, 買い物、アウトレット, お祭りやイベントへの参加・見物, まちあるき、都市散策, ドライブ・ツーリング, 結婚記念日旅行！",新幹線,"路線バス, 徒歩",不満,バスがとてもわかりずらい。Suicaも使えない。1日フリーパスを買ったので何の問題も無かったのですが、Suicaが使えると助かります。,"100,000円以上","30,000円以上 40,000円未満","40,000円以上 50,000円未満",2～5回目,"インターネット・アプリ, Instagram",選択なし/該当施設なし,サケマルシェ,兼六園,,"3,000円以上 5,000円未満",満足,teamLabのクオリティー,満足,トイレ等の各設備がとても綺麗に管理されている。,感じなかった,,10,,機会があれば行きたい,今回は町の雰囲気を堪能したく、歩いて回りました。ベンチ等はあったのでなに不自由無かったのですが、贅沢を言えば所々に足湯等があると凄く嬉しいです。,男,1984,栃木県,足利市,"1,200万円以上 1,500万円未満",能登牛が当たる,,,見応え！綺麗！景色！設備が綺麗！
金沢エリア,金沢城公園,2023/10/10 7:59:57,同意する,2泊,1泊,金沢エリア  （湯涌温泉、深谷温泉、犀川温泉など）,石川県外には泊まらない,夫婦2人,"地元の美味しいものを食べる, 名所、旧跡の観光, お祭りやイベントへの参加・見物, まちあるき、都市散策",自家用車,自家用車,,,"5,000円以上 10,000円未満","10,000円以上 20,000円未満","1,000円以上 3,000円未満",初めて,"新聞・雑誌・ガイドブック, 観光パンフレット・ポスター, インターネット・アプリ",兼六園,,金沢21世紀美術館,,"1,000円以上 3,000円未満",満足,,満足,,感じなかった,,8,,また行きたい（1年以内）,手軽に美味しい物が食べたいです,女,1966,埼玉県,戸田市,300万円以上 400万円未満,"ひゃくまさんが好き, ARでひゃくまんさんと写真が撮りたかった, 動く３Dひゃくまんさんを見たい",,,
金沢エリア,金沢城公園,2023/10/11 8:02:06,同意する,日帰り,石川県内には宿泊しない,石川県内には宿泊しない,石川県外には泊まらない,友人,"地元の美味しいものを食べる, 花見や紅葉などの自然鑑賞, 名所、旧跡の観光, テーマパーク（遊園地、動物園、博物館など）",県外から訪れていない（石川県内在住）,路線バス,とても満足,フラットバス100円でお安く便利,使わない,"1,000円未満","1,000円以上 3,000円未満",11回目以上,"観光パンフレット・ポスター, 観光連盟やDMOのHP",兼六園,,選択なし/該当施設なし,,"1,000円以上 3,000円未満",とても満足,チームラボの光の祭り良かった,とても満足,,感じなかった,,10,,また行きたい（1年以内）,特になし,女,1978,石川県,金沢市,100万円未満,"ひゃくまさんが好き, ARでひゃくまんさんと写真が撮りたかった",,,櫓と光の祭りの美しさ
金沢エリア,金沢城公園,2023/10/11 9:35:17,同意する,1泊,1泊,金沢エリア  （湯涌温泉、深谷温泉、犀川温泉など）,石川県外には泊まらない,自分ひとり,出張など仕事関係,在来線,"路線バス, 徒歩",不満,全国交通カードが使えず小銭を用意しないといけないのは、とても不便、降車時に時間がかかる人が多い。運転手さんも大変ですし、インバウンドの方も困るのではと思います。復路の乗り場もわかりにくかった。兼六園駐車場の前にあるバス停には、金沢駅方面には行きませんと書いてあって助かったが、他３つのバス停の距離感とか本数とか、一番早か出発する停留所は、どこかなどがわかると助かります。バス停を降りてからの石川門までの進路も暗いのでよくわからず、私と同様迷っている方が多かったです。,"5,000円以上 10,000円未満","1,000円以上 3,000円未満","5,000円以上 10,000円未満",2～5回目,観光協会等の案内所,近江町市場,,選択なし/該当施設なし,,"1,000円以上 3,000円未満",満足,チームラボのお絵描きのエリアは、席は空いていてもクレパスがなくてできなかった、立ち席でもいいので、もう少し増やしたらどうか。,満足,,感じなかった,,10,暖かいものが飲める、カフェや抹茶のスペースがあるといいなと思いました。,また行きたい（1年以内）,観光客は時間がないので、飲食店も予約サービスを充実させてほしい,女,1962,愛知県,稲沢市,700万円以上 800万円未満,能登牛が当たる,,,チームラボは、何度か体験したことがあるが、屋外ははじめてで、石垣との調和が印象的だった。すごく雨が降っていたのでゆっくり眺めることができなかったのは残念、屋根があり座って鑑賞できるエリアがあると助かります。景観的に難しいかもしれませんが、最後の石垣のエリアのあたり
金沢エリア,金沢城公園,2023/10/11 18:14:01,同意する,1泊,1泊,金沢エリア  （湯涌温泉、深谷温泉、犀川温泉など）,石川県外には泊まらない,恋人,地元の美味しいものを食べる,自家用車,自家用車,,,"5,000円以上 10,000円未満","3,000円以上 5,000円未満","10,000円以上 20,000円未満",2～5回目,インターネット・アプリ,兼六園,,金沢21世紀美術館,,"3,000円以上 5,000円未満",とても満足,,とても満足,,感じなかった,,10,,あまり行きたいと思わない,特になし,女,2001,富山県,中新川郡立山町,"900万円以上 1,000万円未満",能登牛が当たる,,,
金沢エリア,金沢城公園,2023/10/11 18:25:10,同意する,2泊,2泊,金沢エリア  （湯涌温泉、深谷温泉、犀川温泉など）,石川県外には泊まらない,夫婦2人,地元の美味しいものを食べる,新幹線,路線バス,どちらでもない,とても分かりにくかった,"50,000円以上 100,000円未満","40,000円以上 50,000円未満","100,000円以上",2～5回目,新聞・雑誌・ガイドブック,金沢21世紀美術館,,選択なし/該当施設なし,駅近のお寿司屋,"1,000円未満",とても満足,缶バッチがとても可愛くできました。,とても満足,さすがチームラボさんです。,感じなかった,,9,夜は少し肌寒いので、温かい物がほしいです。,また行きたい（1年以内）,能登牛がとてもおいしかった！,女,1963,神奈川県,横浜市,400万円以上 500万円未満,石川県のおすすめ観光スポットが見たい,,,夜の金沢城でのプロジェクションマッピングは最高に素晴らしいので、薦めたいです。
金沢エリア,金沢城公園,2023/10/12 11:05:46,同意する,4泊以上,石川県内には宿泊しない,石川県内には宿泊しない,客船,親,"地元の美味しいものを食べる, 名所、旧跡の観光",客船,客船,満足,,使わない,使わない,"5,000円以上 10,000円未満",初めて,ツアー,選択なし/該当施設なし,,兼六園,,使わない,満足,,満足,,感じなかった,,7,,機会があれば行きたい,名所観光、焼物、海鮮料理,女,1963,広島県,広島市,700万円以上 800万円未満,能登牛が当たる,,,
金沢エリア,金沢城公園,2023/10/12 19:17:16,同意する,2泊,2泊,金沢エリア  （湯涌温泉、深谷温泉、犀川温泉など）,石川県外には泊まらない,恋人,"地元の美味しいものを食べる, 名所、旧跡の観光, まちあるき、都市散策",新幹線,"路線バス, 徒歩",とても満足,便利,"10,000円以上 20,000円未満","30,000円以上 40,000円未満","10,000円以上 20,000円未満",初めて,インターネット・アプリ,選択なし/該当施設なし,,金沢21世紀美術館,,"1,000円以上 3,000円未満",どちらでもない,チームラボががっかりだった,満足,城自体はよかった,感じた,入口の案内が少ない,7,なし,機会があれば行きたい,特になし,女,1992,静岡県,御殿場市,300万円以上 400万円未満,能登牛が当たる,,,良いから
金沢エリア,金沢城公園,2023/10/12 20:36:13,同意する,1泊,1泊,金沢エリア  （湯涌温泉、深谷温泉、犀川温泉など）,石川県外には泊まらない,恋人,"地元の美味しいものを食べる, 名所、旧跡の観光, テーマパーク（遊園地、動物園、博物館など）",在来線,徒歩,,,"5,000円以上 10,000円未満","10,000円以上 20,000円未満","10,000円以上 20,000円未満",2～5回目,"観光パンフレット・ポスター, インターネット・アプリ",金沢21世紀美術館,,兼六園,,"1,000円以上 3,000円未満",とても満足,,とても満足,,感じなかった,,10,,機会があれば行きたい,特になし,無回答,1999,兵庫県,神戸市,400万円以上 500万円未満,なんとなく,,,
金沢エリア,金沢城公園,2023/10/12 20:36:29,同意する,1泊,1泊,金沢エリア  （湯涌温泉、深谷温泉、犀川温泉など）,石川県外には泊まらない,恋人,"宿でのんびり過ごす, 地元の美味しいものを食べる, 花見や紅葉などの自然鑑賞, 名所、旧跡の観光, お祭りやイベントへの参加・見物",在来線,徒歩,とても満足,絵をかけたことによってとても思い出に残りました！！！,"10,000円以上 20,000円未満","5,000円以上 10,000円未満","20,000円以上 30,000円未満",初めて,"観光パンフレット・ポスター, Instagram",近江町市場,,選択なし/該当施設なし,石川図書館,"3,000円以上 5,000円未満",とても満足,色々質問させていただきましたがとても丁寧に答えていただきました,とても満足,初めて行きましたが、とても綺麗でした,感じなかった,,10,,また行きたい（1年以内）,満足してます,女,2002,兵庫県,神戸市,100万円未満,"能登牛が当たる, ひゃくまさんが好き, 動く３Dひゃくまんさんを見たい, 石川県のおすすめ観光スポットが見たい, 石川県の雑学を知りたい",,,徒歩圏内で楽しめるところがたくさんあるところ
金沢エリア,金沢城公園,2023/10/12 22:02:38,同意する,1泊,1泊,金沢エリア  （湯涌温泉、深谷温泉、犀川温泉など）,石川県外には泊まらない,友人,"地元の美味しいものを食べる, 名所、旧跡の観光",新幹線,路線バス,どちらでもない,バスがわかりずらい,"5,000円以上 10,000円未満","1,000円以上 3,000円未満","5,000円以上 10,000円未満",初めて,"インターネット・アプリ, 友人・知人",金沢21世紀美術館,,ひがし茶屋街,,"1,000円以上 3,000円未満",満足,綺麗だった,満足,綺麗だった,感じなかった,,9,,機会があれば行きたい,食事,女,1962,新潟県,十日町市,600万円以上 700万円未満,能登牛が当たる,,,自然がよい
金沢エリア,金沢城公園,2023/10/12 22:35:23,同意する,日帰り,石川県内には宿泊しない,石川県内には宿泊しない,地元住民です。,小学生以下連れの家族,チームラボ金沢城光の祭を鑑賞しました。,市内バス,徒歩,,,使わない,使わない,使わない,11回目以上,"観光展・物産展, TV・ラジオ番組やCM",選択なし/該当施設なし,地元住民であるため。,選択なし/該当施設なし,,"3,000円以上 5,000円未満",とても満足,チームラボ金沢城光の祭を鑑賞しました。最高でした。,とても満足,,感じなかった,,10,,石川県在住,鶴丸休憩所にスターバックスリージョナルストアを誘致してほしいです。,男,1984,石川県,金沢市,600万円以上 700万円未満,ひゃくまさんが好き,,,
金沢エリア,金沢城公園,2023/10/13 13:53:58,同意する,日帰り,石川県内には宿泊しない,石川県内には宿泊しない,石川県外には泊まらない,親,"地元の美味しいものを食べる, 名所、旧跡の観光, まちあるき、都市散策",新幹線,路線バス,満足,今回見たかった場所がバスの本数が多くアクセスは良かった。,使わない,"20,000円以上 30,000円未満","10,000円以上 20,000円未満",初めて,新聞・雑誌・ガイドブック,近江町市場,,選択なし/該当施設なし,,使わない,どちらでもない,お金を支払う行動をしていないので,満足,無料で入れる場所が、他のお城なら有料の場所になるような場所まで入れたから,感じなかった,,8,特になし,機会があれば行きたい,特になし,男,1990,東京都,北区,500万円以上 600万円未満,なんとなく,,,近江町市場、美味しいものが沢山あったから
金沢エリア,金沢城公園,2023/10/13 19:51:49,同意する,日帰り,石川県内には宿泊しない,石川県内には宿泊しない,石川県外には泊まらない,小学生以下連れの家族,テーマパーク（遊園地、動物園、博物館など）,県外から訪れていない（石川県内在住）,自家用車,,,使わない,使わない,"1,000円以上 3,000円未満",2～5回目,インターネット・アプリ,選択なし/該当施設なし,金沢城公園のみ,選択なし/該当施設なし,金沢城公園のみ,"1,000円以上 3,000円未満",とても満足,案内がしっかりしていた,どちらでもない,よくわからない,感じなかった,,2,,石川県在住,石川県の企業でコラボ,男,1973,石川県,白山市,500万円以上 600万円未満,ひゃくまさんが好き,,,ない
金沢エリア,金沢城公園,2023/10/13 19:53:18,同意する,1泊,1泊,金沢エリア  （湯涌温泉、深谷温泉、犀川温泉など）,石川県外には泊まらない,中学生以下連れの家族,"温泉や露天風呂, 地元の美味しいものを食べる, お祭りやイベントへの参加・見物",在来線,徒歩,,,"10,000円以上 20,000円未満",使わない,"5,000円以上 10,000円未満",初めて,インターネット・アプリ,尾山神社,,選択なし/該当施設なし,,"1,000円以上 3,000円未満",とても満足,,満足,チームラボ観てきた,感じた,石川門からのみの入場で一周まわりました,8,ライトアップ,機会があれば行きたい,東茶屋,女,1969,大阪府,寝屋川市,600万円以上 700万円未満,"能登牛が当たる, ひゃくまさんが好き, 動く３Dひゃくまんさんを見たい",,,チームラボ
金沢エリア,金沢城公園,2023/10/13 20:12:00,同意する,1泊,1泊,金沢エリア  （湯涌温泉、深谷温泉、犀川温泉など）,石川県外には泊まらない,親,"宿でのんびり過ごす, 地元の美味しいものを食べる, 買い物、アウトレット, まちあるき、都市散策",在来線,徒歩,,,"5,000円以上 10,000円未満","5,000円以上 10,000円未満","5,000円以上 10,000円未満",2～5回目,"新聞・雑誌・ガイドブック, インターネット・アプリ",近江町市場,,選択なし/該当施設なし,,"1,000円以上 3,000円未満",とても満足,チームラボのライトアップがとても綺麗だった。展示物に説明もあり、想像よりもボリュームたっぷりで母と二人で行きましたがとても楽しめました。,とても満足,夜暗い道でもスタッフの方が誘導してくださったりライトで階段を照らしてくれたので安心しました。,感じた,金沢城公園に向かうまでの道が案内が少なく、本当に合っているのが辿り着けるのか少し不安でした。チームラボの展示は入り口が限られていたため、分かりやすく大きめの標識などあるととても分かりやすいと思いました。,10,金沢城公園(夜)は、寒さもありかなり歩くため屋台があっても良いのかなと思いました。,また行きたい（1年以内）,特にないです,女,1998,大阪府,大阪市,400万円以上 500万円未満,"能登牛が当たる, ひゃくまさんが好き",,,街の景観が綺麗で、自然や芸術やグルメを楽しめるので色んな面で満足できると思いました。
金沢エリア,金沢城公園,2023/10/13 20:22:17,同意する,1泊,1泊,金沢エリア  （湯涌温泉、深谷温泉、犀川温泉など）,石川県外には泊まらない,友人,"スポーツ観戦や芸術鑑賞（コンサート等）, まちあるき、都市散策",新幹線,路線バス,満足,バス亭が解りづらい所があった。,"5,000円以上 10,000円未満","10,000円以上 20,000円未満","10,000円以上 20,000円未満",6～10回目,インターネット・アプリ,金沢21世紀美術館,,ひがし茶屋街,,"1,000円以上 3,000円未満",どちらでもない,サービスを受ける事はなかった。,とても不満,特別感じなかった。,感じなかった,,8,特に無し,機会があれば行きたい,特に無し,女,1962,新潟県,十日町市,500万円以上 600万円未満,能登牛が当たる,,,コンパクトに色々な箇所を観光出来て良いから。
金沢エリア,金沢城公園,2023/10/13 22:43:10,同意する,日帰り,石川県内には宿泊しない,石川県内には宿泊しない,石川県外には泊まらない,自分ひとり,お祭りやイベントへの参加・見物,在来線,路線バス,不満,金沢城公園の入り口がわかりにくかった,"1,000円以上 3,000円未満","1,000円未満","1,000円以上 3,000円未満",6～10回目,新聞・雑誌・ガイドブック,金沢21世紀美術館,,近江町市場,,"1,000円以上 3,000円未満",とても満足,アートラボがとてもよかった,とても満足,キレイなトイレが多かった,感じなかった,,9,,機会があれば行きたい,上品さ,女,1972,石川県,白山市,700万円以上 800万円未満,ひゃくまさんが好き,,,アートラボ　見る価値あり
金沢エリア,金沢城公園,2023/10/14 21:50:10,同意する,1泊,1泊,能登エリア （和倉温泉、七尾市、輪島市、珠洲市など）,岐阜県,夫婦2人,ドライブ・ツーリング,県外から訪れていない（石川県内在住）,"自家用車, 徒歩",,,"10,000円以上 20,000円未満","10,000円以上 20,000円未満","10,000円以上 20,000円未満",6～10回目,観光パンフレット・ポスター,兼六園,,近江町市場,,"1,000円以上 3,000円未満",満足,ちょこし値段が高いかな～,とても満足,値段が高いかな,感じなかった,,10,やはり天守閣の復興,また行きたい（1年以内）,金沢駅付近に集中しすぎてる感じがする,男,1972,石川県,金沢市,200万円以上 300万円未満,ひゃくまさんが好き,,,雰囲気や石垣の素晴らしい所
金沢エリア,金沢城公園,2023/10/14 21:50:23,同意する,日帰り,4泊以上,能登エリア （和倉温泉、七尾市、輪島市、珠洲市など）,福井県,夫婦2人,ドライブ・ツーリング,県外から訪れていない（石川県内在住）,"自家用車, 徒歩",,,"20,000円以上 30,000円未満","10,000円以上 20,000円未満","10,000円以上 20,000円未満",6～10回目,観光パンフレット・ポスター,兼六園,,近江町市場,,"1,000円以上 3,000円未満",満足,とても親切だった。,満足,綺麗だった。,感じなかった,,10,もう、ちょっとお値段が安くなると良いと思った。,石川県在住,ひゃくまんさんを、もっと全面に出すべきです。,女,1984,石川県,金沢市,200万円以上 300万円未満,能登牛が当たる,,,夜のライトアップが良かったから。
金沢エリア,金沢城公園,2023/10/14 22:18:26,同意する,日帰り,1泊,金沢エリア  （湯涌温泉、深谷温泉、犀川温泉など）,石川県外には泊まらない,恋人,"宿でのんびり過ごす, 温泉や露天風呂, 地元の美味しいものを食べる",レンタカー,自家用車,とても満足,,"20,000円以上 30,000円未満","1,000円以上 3,000円未満","1,000円未満",11回目以上,観光展・物産展,兼六園,,兼六園,,使わない,とても満足,,とても満足,,感じた,,10,,また行きたい（1年以内）,特に無し,男,1996,石川県,金沢市,"1,500万円以上",能登牛が当たる,,,
金沢エリア,金沢城公園,2023/10/14 22:39:19,同意する,日帰り,石川県内には宿泊しない,石川県内には宿泊しない,石川県外には泊まらない,小学生以下連れの家族,名所、旧跡の観光,県外から訪れていない（石川県内在住）,自家用車,,,使わない,使わない,"1,000円以上 3,000円未満",初めて,"TV・ラジオ番組やCM, インターネット・アプリ",選択なし/該当施設なし,,選択なし/該当施設なし,,"3,000円以上 5,000円未満",とても満足,チームラボの展示が魅力的だった,満足,人混みではなかった,感じなかった,,10,,石川県在住,子連れで飲食できる店を充実させてほしい,男,1987,石川県,小松市,"900万円以上 1,000万円未満",能登牛が当たる,,,金沢でしか見れないものが多い
金沢エリア,金沢城公園,2023/10/14 23:07:56,同意する,1泊,1泊,金沢エリア  （湯涌温泉、深谷温泉、犀川温泉など）,石川県外には泊まらない,親,"温泉や露天風呂, 地元の美味しいものを食べる, 名所、旧跡の観光",サンダーバード（JR）,"路線バス, 徒歩",満足,まちバスはとても便利でした。ほかのバスはICOCAが使えなかったので、使えるようにしてもらいたいです,"10,000円以上 20,000円未満","10,000円以上 20,000円未満","10,000円以上 20,000円未満",初めて,"Instagram, TikTok",金沢21世紀美術館,,選択なし/該当施設なし,ホテル,"1,000円未満",とても満足,チームラボ楽しかったです,満足,トイレ綺麗だった！数が少ないから少し増やして欲しいな…,感じなかった,チームラボの入口が分かりにくかった,10,定期的にイベントをお願いしたいです。兵庫県からまた来たいと思えました！！,また行きたい（1年以内）,ほうじ茶大好きなのでほうじ茶博覧会とか見てみたいです。あと遊園地とか？欲しいなぁ,女,2003,兵庫県,神戸市,100万円以上 200万円未満,"能登牛が当たる, 石川県のおすすめ観光スポットが見たい",,,行ってよかったと思います
金沢エリア,金沢城公園,2023/10/15 8:22:54,同意する,2泊,2泊,金沢エリア  （湯涌温泉、深谷温泉、犀川温泉など）,東京都,夫婦2人,"温泉や露天風呂, 地元の美味しいものを食べる, 名所、旧跡の観光",新幹線,路線バス,とても満足,,"20,000円以上 30,000円未満","30,000円以上 40,000円未満","10,000円以上 20,000円未満",2～5回目,観光パンフレット・ポスター,金沢21世紀美術館,,兼六園,,"3,000円以上 5,000円未満",どちらでもない,,満足,,感じなかった,,8,,また行きたい（1年以内）,特になし,女,1994,東京都,八王子市,"900万円以上 1,000万円未満","能登牛が当たる, ひゃくまさんが好き, ひゃくまんさんの名刺をコレクションしている",,,
金沢エリア,金沢城公園,2023/10/15 12:23:15,同意する,3泊,2泊,金沢エリア  （湯涌温泉、深谷温泉、犀川温泉など）,京都府,友人,"地元の美味しいものを食べる, 名所、旧跡の観光, テーマパーク（遊園地、動物園、博物館など）, まちあるき、都市散策","新幹線, 在来線",路線バス,満足,本数が多くて、自分のタイミングで目的地に向かうことができて便利だったから。,"30,000円以上 40,000円未満","20,000円以上 30,000円未満","50,000円以上 100,000円未満",初めて,"新聞・雑誌・ガイドブック, 観光パンフレット・ポスター, インターネット・アプリ, X(旧：Twitter), 友人・知人",兼六園,,ひがし茶屋街,,"3,000円以上 5,000円未満",満足,ボランティアの方がそれぞれの建物にいらっしゃったので、中に入ってどう歩いたら良いかルートが分かりやすかった。また、展示物に関して説明してくださったりして、ただ自分で見て回るだけでは得られない知識が得られて良い経験になった。,とても満足,広々としていて、のんびりと歩いて見て回ることができて楽しかった。緑が多く、また手入れが行き届いていたので空気も綺麗で居心地が良かった。,感じなかった,,10,クイズラリー,また行きたい（1年以内）,食べ歩きができるような場所があったらぜひ行きたい。,女,2002,福岡県,北九州市,100万円未満,"能登牛が当たる, ひゃくまさんが好き, ひゃくまんさんの名刺をコレクションしている",,,名所が多く、またそれぞれの場所が近くて行きやすいので、例えば日数が限られていても充実した旅行になると思ったから。入場料がお手頃な価格なのも嬉しく、そうした点でも他の人にも気軽にお勧めできるポイントだと思った。
金沢エリア,金沢城公園,2023/10/15 13:15:41,同意する,2泊,2泊,加賀エリア （山代温泉、山中温泉、片山津温泉、粟津温泉、辰口温泉、加賀市、小松市など）,石川県外には泊まらない,恋人,"温泉や露天風呂, 地元の美味しいものを食べる",自家用車,自家用車,満足,海鮮系が美味しかった,"20,000円以上 30,000円未満","20,000円以上 30,000円未満","10,000円以上 20,000円未満",2～5回目,"観光展・物産展, 新聞・雑誌・ガイドブック, 観光パンフレット・ポスター",兼六園,,ひがし茶屋街,,"1,000円以上 3,000円未満",満足,,満足,,感じなかった,,9,,また行きたい（1年以内）,特になし,男,1992,福井県,敦賀市,400万円以上 500万円未満,能登牛が当たる,,,
金沢エリア,金沢城公園,2023/10/15 16:09:43,同意する,2泊,2泊,金沢エリア  （湯涌温泉、深谷温泉、犀川温泉など）,石川県外には泊まらない,職場の同僚,"温泉や露天風呂, 地元の美味しいものを食べる, 名所、旧跡の観光, 出張など仕事関係",新幹線,徒歩,,,"5,000円以上 10,000円未満","1,000円未満","3,000円以上 5,000円未満",初めて,観光パンフレット・ポスター,金沢21世紀美術館,,ひがし茶屋街,,"1,000円以上 3,000円未満",とても満足,,とても満足,,感じなかった,,10,,また行きたい（1年以内）,特になし,女,1988,東京都,大田区,400万円以上 500万円未満,"能登牛が当たる, 石川県のおすすめ観光スポットが見たい",,,
金沢エリア,金沢城公園,2023/10/16 6:42:48,同意する,日帰り,石川県内には宿泊しない,石川県内には宿泊しない,石川県外には泊まらない,小学生以下連れの家族,お祭りやイベントへの参加・見物,自家用車,自家用車,,,使わない,"1,000円以上 3,000円未満","5,000円以上 10,000円未満",11回目以上,"インターネット・アプリ, X(旧：Twitter), Instagram",金沢21世紀美術館,,兼六園,,"1,000円以上 3,000円未満",満足,,とても満足,,感じなかった,,10,,また行きたい（1年以内）,特になし,男,1981,石川県,金沢市,"900万円以上 1,000万円未満",能登牛が当たる,,,
金沢エリア,金沢城公園,2023/10/16 23:45:38,同意する,1泊,1泊,金沢エリア  （湯涌温泉、深谷温泉、犀川温泉など）,石川県外には泊まらない,家族,"花見や紅葉などの自然鑑賞, 名所、旧跡の観光",在来線,路線バス,満足,1日乗車券で色々回れた,"5,000円以上 10,000円未満","5,000円以上 10,000円未満","20,000円以上 30,000円未満",初めて,インターネット・アプリ,金沢21世紀美術館,,近江町市場,,"1,000円以上 3,000円未満",満足,チームラボのイベントが良かった,満足,,感じなかった,,9,,また行きたい（1年以内）,新幹線などで食べれる商品がほしい,女,1997,大阪府,藤井寺市,500万円以上 600万円未満,ひゃくまさんが好き,,,チームラボ
金沢エリア,金沢城公園,2023/10/17 10:14:09,同意する,2泊,2泊,金沢エリア  （湯涌温泉、深谷温泉、犀川温泉など）,石川県外には泊まらない,友人,"宿でのんびり過ごす, 地元の美味しいものを食べる, スポーツ観戦や芸術鑑賞（コンサート等）",新幹線,路線バス,満足,東京からのアクセスの良さ。,"10,000円以上 20,000円未満","3,000円以上 5,000円未満","10,000円以上 20,000円未満",初めて,観光パンフレット・ポスター,兼六園,県立美術館,選択なし/該当施設なし,,"1,000円未満",とても満足,,とても満足,,感じなかった,,10,,機会があれば行きたい,県立美術館はもう少し拡充してもらいたいな。,女,1971,埼玉県,入間市,"900万円以上 1,000万円未満",ARでひゃくまんさんと写真が撮りたかった,,,食べ物もよく、アクセスもよい。美しくて静かな街。
金沢エリア,金沢城公園,2023/10/18 11:52:44,同意する,日帰り,石川県内には宿泊しない,石川県内には宿泊しない,石川県外には泊まらない,友人,"地元の美味しいものを食べる, 名所、旧跡の観光, まちあるき、都市散策",在来線,徒歩,とても満足,街並みが綺麗でとても素敵でした,使わない,"5,000円以上 10,000円未満","20,000円以上 30,000円未満",初めて,"インターネット・アプリ, 友人・知人",兼六園,,兼六園,,"3,000円以上 5,000円未満",とても満足,庭園が素敵で見てるだけで癒される,とても満足,休めるところがたくさんありとても助かりました,感じなかった,何ヶ所かある入り口がわかりにくいかなと思いました,10,,また行きたい（1年以内）,のどぐろの一人分のもう少し小さいお土産があると嬉しいなと思いました,女,1981,大阪府,大阪市,300万円以上 400万円未満,"能登牛が当たる, 石川県のおすすめ観光スポットが見たい",,,街並みが本当に素敵で他の友人と訪れたいと思ってます
金沢エリア,金沢城公園,2023/10/18 14:13:10,同意する,2泊,2泊,金沢エリア  （湯涌温泉、深谷温泉、犀川温泉など）,石川県外には泊まらない,夫婦2人,"地元の美味しいものを食べる, 名所、旧跡の観光",新幹線,旅行会社ツアーバス,どちらでもない,結構歩いて疲れた,"5,000円以上 10,000円未満","20,000円以上 30,000円未満","30,000円以上 40,000円未満",2～5回目,インターネット・アプリ,近江町市場,,近江町市場,,"1,000円未満",満足,期待通りだった,満足,期待通りだった,感じなかった,,7,特にない,機会があれば行きたい,海産物が美味しい,男,1963,千葉県,佐倉市,400万円以上 500万円未満,石川県のおすすめ観光スポットが見たい,,,歴史を感じたかったので
金沢エリア,金沢城公園,2023/10/19 17:00:06,同意する,1泊,1泊,金沢エリア  （湯涌温泉、深谷温泉、犀川温泉など）,石川県外には泊まらない,自分ひとり,"地元の美味しいものを食べる, 名所、旧跡の観光, まちあるき、都市散策, 出張など仕事関係",新幹線,徒歩,,,"5,000円以上 10,000円未満","20,000円以上 30,000円未満","10,000円以上 20,000円未満",初めて,"新聞・雑誌・ガイドブック, 観光パンフレット・ポスター, 観光協会等の案内所",兼六園,,金沢21世紀美術館,,使わない,どちらでもない,広すぎて何もない,どちらでもない,,感じた,方向が分からなくなった,8,もう少し売店等あると良い,また行きたい（1年以内）,かなりたくさんあって迷う,男,1978,東京都,板橋区,"1,000万円以上 1,200万円未満","能登牛が当たる, 石川県のおすすめ観光スポットが見たい",,,独特の街並み、加賀料理
金沢エリア,金沢城公園,2023/10/19 19:24:22,同意する,日帰り,石川県内には宿泊しない,石川県内には宿泊しない,石川県外には泊まらない,恋人,地元の美味しいものを食べる,自家用車,自家用車,とても満足,バッジ楽しかった,"5,000円以上 10,000円未満","1,000円以上 3,000円未満","5,000円以上 10,000円未満",初めて,観光展・物産展,兼六園,,近江町市場,,"1,000円以上 3,000円未満",とても満足,バッジ楽しかった,とても満足,,感じなかった,,10,,また行きたい（1年以内）,金箔ソフト金沢城に設置,男,1998,富山県,富山市,300万円以上 400万円未満,能登牛が当たる,,,
金沢エリア,金沢城公園,2023/10/19 19:24:52,同意する,日帰り,石川県内には宿泊しない,石川県内には宿泊しない,富山県,恋人,花見や紅葉などの自然鑑賞,自家用車,自家用車,,,使わない,使わない,"3,000円以上 5,000円未満",2～5回目,Instagram,兼六園,,選択なし/該当施設なし,飲食店,"1,000円未満",とても満足,バッチを作れたから,とても満足,チームラボが楽しかった,感じなかった,トイレがたくさんあったから,10,飲食店があればいいと思った,また行きたい（1年以内）,特になし,女,1998,富山県,富山市,300万円以上 400万円未満,"能登牛が当たる, ひゃくまさんが好き, なんとなく",,,いいデートになったから
金沢エリア,金沢城公園,2023/10/19 21:14:41,同意する,2泊,2泊,金沢エリア  （湯涌温泉、深谷温泉、犀川温泉など）,石川県外には泊まらない,恋人,"地元の美味しいものを食べる, 名所、旧跡の観光",在来線,在来線,満足,バスの本数が多く、あまり困る事なく移動できた,"10,000円以上 20,000円未満","10,000円以上 20,000円未満","10,000円以上 20,000円未満",初めて,"観光パンフレット・ポスター, インターネット・アプリ",ひがし茶屋街,,金沢21世紀美術館,,"1,000円以上 3,000円未満",どちらでもない,,どちらでもない,,感じた,できれば,10,公園内にも、お土産や茶屋があれば良いなぁと思う,機会があれば行きたい,駅から近い飲食店が、もう少しあれば良い,女,1971,大阪府,八尾市,200万円以上 300万円未満,ひゃくまさんが好き,,,東茶屋町の町家並などが良く薦めたい
金沢エリア,金沢城公園,2023/10/20 8:50:30,同意する,日帰り,石川県内には宿泊しない,石川県内には宿泊しない,石川県民です,中学生以下連れの家族,"地元の美味しいものを食べる, 名所、旧跡の観光",自家用車,自家用車,,,使わない,使わない,"3,000円以上 5,000円未満",11回目以上,"新聞・雑誌・ガイドブック, インターネット・アプリ",兼六園,,兼六園,,"1,000円以上 3,000円未満",満足,,満足,,感じなかった,,7,テイクアウト,石川県在住,特になし,女,1975,石川県,野々市,400万円以上 500万円未満,"ひゃくまさんが好き, ARでひゃくまんさんと写真が撮りたかった, ひゃくまんさんの名刺をコレクションしている",,,キレイだから
金沢エリア,金沢城公園,2023/10/20 9:05:24,同意する,1泊,1泊,金沢エリア  （湯涌温泉、深谷温泉、犀川温泉など）,石川県外には泊まらない,恋人,"地元の美味しいものを食べる, 名所、旧跡の観光",自家用車,徒歩,,,"5,000円以上 10,000円未満","20,000円以上 30,000円未満","40,000円以上 50,000円未満",初めて,"観光パンフレット・ポスター, インターネット・アプリ, X(旧：Twitter), Instagram, 友人・知人",金沢21世紀美術館,,近江町市場,,"1,000円以上 3,000円未満",とても満足,,とても満足,,感じなかった,,10,特になし,また行きたい（1年以内）,特になし,男,1993,群馬県,高崎市,600万円以上 700万円未満,能登牛が当たる,,,おでんが美味しい、街並みがきれい
金沢エリア,金沢城公園,2023/10/20 12:20:47,同意する,2泊,2泊,金沢エリア  （湯涌温泉、深谷温泉、犀川温泉など）,石川県外には泊まらない,娘,"温泉や露天風呂, 地元の美味しいものを食べる, 名所、旧跡の観光, お祭りやイベントへの参加・見物, まちあるき、都市散策",新幹線,路線バス,満足,路線バスが頻繁にでてる,"10,000円以上 20,000円未満","1,000円以上 3,000円未満","20,000円以上 30,000円未満",初めて,"新聞・雑誌・ガイドブック, 観光パンフレット・ポスター, インターネット・アプリ, X(旧：Twitter), Instagram",兼六園,,選択なし/該当施設なし,,"1,000円以上 3,000円未満",満足,チームラボの光の祭が素晴らしかった。,満足,,感じなかった,,8,,また行きたい（1年以内）,とにかく海鮮が美味しい。,女,1967,東京都,板橋区,600万円以上 700万円未満,ひゃくまさんが好き,,,
金沢エリア,金沢城公園,2023/10/20 21:19:03,同意する,2泊,2泊,金沢エリア  （湯涌温泉、深谷温泉、犀川温泉など）,石川県外には泊まらない,夫婦2人,"名所、旧跡の観光, まちあるき、都市散策",新幹線,路線バス,満足,金沢周遊バスを利用してあちこち回れた。,"20,000円以上 30,000円未満","20,000円以上 30,000円未満","20,000円以上 30,000円未満",初めて,"観光パンフレット・ポスター, インターネット・アプリ",ひがし茶屋街,,選択なし/該当施設なし,水引きミュージアム,"1,000円以上 3,000円未満",とても満足,光の祭を見られてとても良かった,とても満足,,感じなかった,,10,,機会があれば行きたい,バス停で降りたあとの行き方の案内表示がなくて分かりにくかった。,女,1955,福島県,いわき市,400万円以上 500万円未満,能登牛が当たる,,,石垣
金沢エリア,金沢城公園,2023/10/20 21:57:49,同意する,2泊,1泊,能登エリア （和倉温泉、七尾市、輪島市、珠洲市など）,富山県,夫婦2人,"温泉や露天風呂, 名所、旧跡の観光, まちあるき、都市散策",飛行機,旅行会社ツアーバス,満足,座席がゆったりしていた。,"20,000円以上 30,000円未満","10,000円以上 20,000円未満","5,000円以上 10,000円未満",初めて,観光パンフレット・ポスター,尾山神社,,近江町市場,,使わない,どちらでもない,,満足,鼠多門付近の石垣,感じなかった,,7,飲食、土産など楽しむ時間が無かった,機会があれば行きたい,近江市場の新鮮で豊富な食材。買って帰りたいものがいっぱいあったが、やはり鮮度が命で断念した。,女,1950,東京都,江戸川区,300万円以上 400万円未満,"能登牛が当たる, 石川県の雑学を知りたい",,,尾山神社の不思議な建物
金沢エリア,金沢城公園,2023/10/21 19:39:07,同意する,日帰り,1泊,金沢エリア  （湯涌温泉、深谷温泉、犀川温泉など）,石川県外には泊まらない,恋人,温泉や露天風呂,自家用車,自家用車,とても満足,,"10,000円以上 20,000円未満","10,000円以上 20,000円未満","10,000円以上 20,000円未満",2～5回目,"観光展・物産展, 新聞・雑誌・ガイドブック",兼六園,,金沢21世紀美術館,,"10,000円以上 20,000円未満",とても満足,,満足,,感じた,,10,,機会があれば行きたい,特になし,男,1997,京都府,舞鶴市,300万円以上 400万円未満,能登牛が当たる,,,
金沢エリア,金沢城公園,2023/10/21 20:17:10,同意する,1泊,1泊,金沢エリア  （湯涌温泉、深谷温泉、犀川温泉など）,石川県外には泊まらない,恋人,"地元の美味しいものを食べる, 名所、旧跡の観光",在来線,徒歩,,,"5,000円以上 10,000円未満","5,000円以上 10,000円未満","5,000円以上 10,000円未満",初めて,インターネット・アプリ,兼六園,,金沢21世紀美術館,,使わない,とても満足,職員がとても親切だったから,とても満足,とても綺麗に整備されていたから,感じた,少し暗すぎるとこが見られた,10,カフェ以外も増やしてほしあ,機会があれば行きたい,今回とは違う季節に着てみたいと思う,男,1992,兵庫県,芦屋市,700万円以上 800万円未満,能登牛が当たる,,,名所の回りやすさ
金沢エリア,金沢城公園,2023/10/22 21:46:44,同意する,1泊,1泊,金沢エリア  （湯涌温泉、深谷温泉、犀川温泉など）,石川県外には泊まらない,友人,"温泉や露天風呂, お祭りやイベントへの参加・見物, まちあるき、都市散策",在来線,"在来線, 路線バス, 徒歩, 友達の車",とても満足,100円バスがとても便利でした。,"20,000円以上 30,000円未満","3,000円以上 5,000円未満","3,000円以上 5,000円未満",2～5回目,"観光パンフレット・ポスター, 観光協会等の案内所",尾山神社,,金沢21世紀美術館,,"1,000円以上 3,000円未満",満足,観光案内の方の対応がとても丁寧でよかったから,不満,お花の寄せ植えや様々なオブジェが歓迎ムード満点だったから,感じなかった,,10,金沢城内にも、お食事処が少しあるとよい,また行きたい（1年以内）,特になし,女,1962,富山県,富山市,400万円以上 500万円未満,なんとなく,,,100万石文化祭など文化の秋にふさわしい催し物が満載でよいから
金沢エリア,金沢城公園,2023/10/22 21:49:30,同意する,日帰り,石川県内には宿泊しない,石川県内には宿泊しない,石川県外には泊まらない,親,スポーツ観戦や芸術鑑賞（コンサート等）,県外から訪れていない（石川県内在住）,自家用車,,,使わない,"1,000円以上 3,000円未満",使わない,11回目以上,"インターネット・アプリ, Facebook",選択なし/該当施設なし,,選択なし/該当施設なし,,使わない,とても満足,,満足,,感じなかった,,8,,石川県在住,特になし,女,1971,石川県,白山市,500万円以上 600万円未満,"ひゃくまさんが好き, ARでひゃくまんさんと写真が撮りたかった",,,風景の美しさ、歴史的建造物が見事だったから
金沢エリア,金沢城公園,2023/10/22 22:30:47,同意する,1泊,1泊,金沢エリア  （湯涌温泉、深谷温泉、犀川温泉など）,石川県外には泊まらない,友人,"地元の美味しいものを食べる, 名所、旧跡の観光, テーマパーク（遊園地、動物園、博物館など）, まちあるき、都市散策",高速バス,"徒歩, レンタサイクル",とても満足,レンタサイクルのポートが複数あり使用しやすかったです。,"5,000円以上 10,000円未満","10,000円以上 20,000円未満","5,000円以上 10,000円未満",初めて,"インターネット・アプリ, 友人・知人",金沢21世紀美術館,からくり館,選択なし/該当施設なし,石川県立美術館 ひがし茶屋街,"20,000円以上 30,000円未満",とても満足,夜間ライトアップが良かった。交通手段が整っていた。,とても満足,解説が詳しい。トイレが多いので助かる。,感じなかった,,10,,機会があれば行きたい,金沢駅前の飲食店が早く閉まるので、遅くまで開いているとありがたいです。,女,1988,宮城県,仙台市,300万円以上 400万円未満,名刺のひゃくまんさんに惹かれてついでに答えてみようと思った,,,見るところが沢山あって見所に困らないため。
金沢エリア,金沢城公園,2023/10/22 23:57:14,同意する,日帰り,石川県内には宿泊しない,石川県内には宿泊しない,石川県外には泊まらない,自分ひとり,まちあるき、都市散策,県外から訪れていない（石川県内在住）,自家用車,,,使わない,使わない,"5,000円以上 10,000円未満",11回目以上,インターネット・アプリ,兼六園,,金沢21世紀美術館,,"3,000円以上 5,000円未満",とても満足,,とても満足,,感じなかった,,10,,また行きたい（1年以内）,ひゃくまんさんグッズ(特に背中の図柄を重視してほしい),女,1974,石川県,野々市市,"900万円以上 1,000万円未満",ひゃくまさんが好き,,,
金沢エリア,金沢城公園,2023/10/23 14:33:41,同意する,3泊,3泊,金沢エリア  （湯涌温泉、深谷温泉、犀川温泉など）,石川県外には泊まらない,自分ひとり,実家に帰省。,新幹線,徒歩,,バスの本数もたくさんあって、よかった。,"20,000円以上 30,000円未満","20,000円以上 30,000円未満","20,000円以上 30,000円未満",2～5回目,"観光展・物産展, 新聞・雑誌・ガイドブック, 観光パンフレット・ポスター",選択なし/該当施設なし,,兼六園,,"1,000円以上 3,000円未満",どちらでもない,イベントが行われてなかったため。,満足,きれいにゴミひとつ落ちていなかった。,感じなかった,,9,,また行きたい（1年以内）,和菓子、きんつば、カニ、食べ物が美味しい,女,1977,東京都,府中市,500万円以上 600万円未満,"能登牛が当たる, ひゃくまさんが好き, 石川県のおすすめ観光スポットが見たい",,,ライトアップ
金沢エリア,金沢城公園,2023/10/23 17:26:25,同意する,2泊,2泊,能登エリア （和倉温泉、七尾市、輪島市、珠洲市など）,石川県外には泊まらない,中学生以下連れの家族,"地元の美味しいものを食べる, 名所、旧跡の観光",自家用車,自家用車,,,"10,000円以上 20,000円未満","5,000円以上 10,000円未満","40,000円以上 50,000円未満",初めて,友人・知人,選択なし/該当施設なし,,ひがし茶屋街,,"1,000円以上 3,000円未満",満足,,満足,,感じなかった,,8,,機会があれば行きたい,特になし,女,1988,岐阜県,岐阜市,400万円以上 500万円未満,能登牛が当たる,,,
金沢エリア,金沢城公園,2023/10/23 23:46:23,同意する,1泊,1泊,金沢エリア  （湯涌温泉、深谷温泉、犀川温泉など）,石川県外には泊まらない,友人,友人・親戚を訪ねる,在来線,路線バス,どちらでもない,乗り放題を買ったが、意外と歩ける距離にありあまり使わなかった。種類が多くてよかった。パンフレットにほかの路線図もあると嬉しかった,使わない,"1,000円以上 3,000円未満","10,000円以上 20,000円未満",初めて,"観光展・物産展, インターネット・アプリ, X(旧：Twitter), Instagram",金沢21世紀美術館,,選択なし/該当施設なし,,"3,000円以上 5,000円未満",満足,,満足,,感じなかった,,6,,機会があれば行きたい,特になし。特産があまり分からなかった,女,1997,兵庫県,尼崎市,300万円以上 400万円未満,"能登牛が当たる, ひゃくまさんが好き, ARでひゃくまんさんと写真が撮りたかった",,,
金沢エリア,金沢城公園,2023/10/25 5:34:55,同意する,4泊以上,2泊,金沢エリア  （湯涌温泉、深谷温泉、犀川温泉など）,京都,小学生以下連れの家族,"地元の美味しいものを食べる, 花見や紅葉などの自然鑑賞, 名所、旧跡の観光, まちあるき、都市散策",新幹線,"タクシー, 路線バス",とても不満,大人3人、小学生低学年1人、幼稚園児1人の計5人でした。うち一名が足を痛めていた事と子ども2人が小さいので、混んでいるバスに乗るのが大変な為、移動手段は主にタクシーを想定しておりましたが、一台では全員乗車できないと何度も乗車を断られました。場所によってはタクシー2台がなかなか捕まらず、また金額もかさんで想定外の状態。ほかの観光地では今までこんなことはなかったので正直に言って驚きました。県の決まり（ルール）というのなら、しょうがないとは思いますが、それならば観光客へその旨の周知徹底してほしいです。,"10,000円以上 20,000円未満","3,000円以上 5,000円未満","5,000円以上 10,000円未満",初めて,新聞・雑誌・ガイドブック,兼六園,,近江町市場,,"1,000円以上 3,000円未満",どちらでもない,お城内部の見学代は適正価格だと思いました,満足,お庭なども大変広く開放感があってよかった。芝生なども手入れされていて、とても綺麗でした,感じた,トイレをもう少しいろんな場所に設置してほしい。,3,茶店があちこちにあり、十分だと思います。,あまり行きたいと思わない,特になし,女,1979,東京都,港区,300万円以上 400万円未満,ひゃくまさんが好き,,,金沢城と兼六園の緑の綺麗なところ。
金沢エリア,金沢城公園,2023/10/25 20:31:49,同意する,日帰り,石川県内には宿泊しない,石川県内には宿泊しない,福井県,自分ひとり,地元の美味しいものを食べる,自家用車,在来線,とても満足,石川らしさを感じれた,"40,000円以上 50,000円未満","10,000円以上 20,000円未満","50,000円以上 100,000円未満",2～5回目,観光展・物産展,兼六園,,兼六園,,"10,000円以上 20,000円未満",とても満足,観光客向けだと思った,とても満足,久しぶりぶりにあるい,感じなかった,,10,,また行きたい（1年以内）,美味しいご飯を食べたい,男,2002,石川県,金沢市,200万円以上 300万円未満,能登牛が当たる,,,
金沢エリア,金沢城公園,2023/10/26 9:59:47,同意する,2泊,2泊,能登エリア （和倉温泉、七尾市、輪島市、珠洲市など）,石川県外には泊まらない,親,"地元の美味しいものを食べる, 名所、旧跡の観光, 買い物、アウトレット, お祭りやイベントへの参加・見物, まちあるき、都市散策",飛行機,タクシー,満足,異様な程丁寧な接客対応,"10,000円以上 20,000円未満","50,000円以上 100,000円未満","30,000円以上 40,000円未満",初めて,"新聞・雑誌・ガイドブック, 観光パンフレット・ポスター, インターネット・アプリ",選択なし/該当施設なし,珠洲市のイベントに2日掛けて参加していた為、他にまわる時間が無かった,金沢21世紀美術館,,"3,000円以上 5,000円未満",満足,チームラボのマッピングが良かった,満足,チームラボので夜は映えていた,感じた,城なこで仕方ない事だが、足腰の悪い人には少し不便に思った,8,,機会があれば行きたい,特になし,男,1997,東京都,府中市,100万円以上 200万円未満,なんとなく,,,金沢駅、色々な主要駅を見てきたが他に無いくらいに見栄えが良かった
金沢エリア,金沢城公園,2023/10/27 20:14:24,同意する,2泊,2泊,金沢エリア  （湯涌温泉、深谷温泉、犀川温泉など）,石川県外には泊まらない,職場の同僚,出張など仕事関係,新幹線,徒歩,,,"3,000円以上 5,000円未満","20,000円以上 30,000円未満","20,000円以上 30,000円未満",2～5回目,観光協会等の案内所,兼六園,,近江町市場,,使わない,どちらでもない,買い物等はしていない,満足,掃除も行き届いているし、仕事をされている方の対応も気持ちが良いから。,感じなかった,,10,特にありません。,機会があれば行きたい,特に無し,女,1964,埼玉県,坂戸市,200万円以上 300万円未満,ひゃくまさんが好き,,,歴史的な観光スポットが多い。食も楽しめる。
金沢エリア,金沢城公園,2023/10/28 1:41:44,同意する,1泊,1泊,金沢エリア  （湯涌温泉、深谷温泉、犀川温泉など）,石川県外には泊まらない,兄弟,"宿でのんびり過ごす, 地元の美味しいものを食べる, 花見や紅葉などの自然鑑賞, 名所、旧跡の観光, お祭りやイベントへの参加・見物",新幹線,"路線バス, 徒歩",満足,バスの本数が多くてよかった。,"10,000円以上 20,000円未満","30,000円以上 40,000円未満","10,000円以上 20,000円未満",初めて,"Instagram, ブログ",兼六園,,近江町市場,,"1,000円以上 3,000円未満",とても満足,チームラボの展示をみた。とても感動した。,満足,金沢城自体がキレイだったので満足だが、多くの入口があり、目的の入口へ行くためのわかりやすい案内板があるとよかった。,感じた,目的の入口が見つけにくかった。,9,,機会があれば行きたい,のどぐろ、甘海老などの石川県っぽい海鮮,女,1986,千葉県,千葉市,300万円以上 400万円未満,"能登牛が当たる, なんとなく",,,新幹線で行きやすい観光地だから。簡単に非日常を味わえた。
金沢エリア,金沢城公園,2023/10/28 13:17:11,同意する,1泊,1泊,金沢エリア  （湯涌温泉、深谷温泉、犀川温泉など）,石川県外には泊まらない,親,"地元の美味しいものを食べる, 名所、旧跡の観光","新幹線, 在来線",路線バス,とても満足,やすい,"3,000円以上 5,000円未満","10,000円以上 20,000円未満","10,000円以上 20,000円未満",初めて,"新聞・雑誌・ガイドブック, 観光パンフレット・ポスター",近江町市場,,金沢21世紀美術館,,使わない,とても満足,きれい,とても満足,きれい,感じなかった,,8,,また行きたい（1年以内）,特になし,女,1997,愛知県,名古屋市,"900万円以上 1,000万円未満",能登牛が当たる,,,
金沢エリア,金沢城公園,2023/10/28 20:42:58,同意する,1泊,1泊,金沢エリア  （湯涌温泉、深谷温泉、犀川温泉など）,石川県外には泊まらない,小学生以下連れの家族,"名所、旧跡の観光, お祭りやイベントへの参加・見物, 各種体験（手作り、果物狩りなど）",在来線,"在来線, 路線バス, 徒歩",,,"50,000円以上 100,000円未満","10,000円以上 20,000円未満","50,000円以上 100,000円未満",初めて,インターネット・アプリ,ひがし茶屋街,,選択なし/該当施設なし,,"3,000円以上 5,000円未満",とても満足,プロジェクションマッピングでのイベントがあると知らなかったので夜が楽しかったです,満足,,感じなかった,,8,,機会があれば行きたい,なし,男,1976,大阪府,大阪市,800万円以上 900万円未満,なんとなく,,,昼間の観光だけでは無いという点
金沢エリア,金沢城公園,2023/10/29 9:06:33,同意する,日帰り,石川県内には宿泊しない,石川県内には宿泊しない,自宅から。白山市,自分ひとり,お祭りやイベントへの参加・見物,在来線,徒歩,,,"1,000円未満","1,000円未満",使わない,11回目以上,"新聞・雑誌・ガイドブック, インターネット・アプリ",尾山神社,,選択なし/該当施設なし,,使わない,とても満足,,とても満足,,感じなかった,,10,,石川県在住,美味しいものたくさんあり、今は国民文化祭で見どころがたくさんあります！,女,1968,石川県,白山市,300万円以上 400万円未満,"能登牛が当たる, ひゃくまさんが好き",,,綺麗にしてあるなあと思いました。ライトアップが綺麗でした。
金沢エリア,金沢城公園,2023/10/29 11:28:59,同意する,2泊,2泊,能登エリア （和倉温泉、七尾市、輪島市、珠洲市など）,石川県外には泊まらない,夫婦2人,"温泉や露天風呂, 地元の美味しいものを食べる, 名所、旧跡の観光, まちあるき、都市散策",旅行会社ツアーバス,旅行会社ツアーバス,満足,近くに止めてくれて また迎えに来てくれたのでとてもらくでした,"50,000円以上 100,000円未満",使わない,"10,000円以上 20,000円未満",初めて,ツアーのコースにはいっていた,選択なし/該当施設なし,,ひがし茶屋街,,"1,000円以上 3,000円未満",満足,景観がよかった,満足,芝が歩きやすかった　,感じなかった,,7,特になです,機会があれば行きたい,特にないです,男,1958,埼玉県,川越市,600万円以上 700万円未満,能登牛が当たる,,,景観がよかったこと　温泉もまあよかった
金沢エリア,金沢城公園,2023/10/29 14:23:57,同意する,1泊,1泊,金沢エリア  （湯涌温泉、深谷温泉、犀川温泉など）,石川県外には泊まらない,夫婦2人,"お祭りやイベントへの参加・見物, まちあるき、都市散策, 友人・親戚を訪ねる",飛行機,タクシー,満足,,"10,000円以上 20,000円未満","40,000円以上 50,000円未満","20,000円以上 30,000円未満",6～10回目,"インターネット・アプリ, 友人・知人",選択なし/該当施設なし,にし茶屋街,兼六園,,"1,000円以上 3,000円未満",満足,,満足,,感じなかった,,8,,また行きたい（1年以内）,特になし,女,1970,東京都,港区,"1,000万円以上 1,200万円未満","能登牛が当たる, 石川県のおすすめ観光スポットが見たい, 石川県の雑学を知りたい",,,
金沢エリア,金沢城公園,2023/10/29 21:35:49,同意する,4泊以上,4泊以上,金沢エリア  （湯涌温泉、深谷温泉、犀川温泉など）,石川県外には泊まらない,家族,"お祭りやイベントへの参加・見物, 金沢マラソン",夜行バス,レンタカー,とても満足,自由度が高かった,"10,000円以上 20,000円未満","3,000円以上 5,000円未満","20,000円以上 30,000円未満",6～10回目,友人・知人,尾山神社,,兼六園,,"1,000円以上 3,000円未満",どちらでもない,,どちらでもない,,感じなかった,,10,,また行きたい（1年以内）,金沢ぐるめ食べ歩き,女,1965,神奈川県,横浜市,100万円未満,"能登牛が当たる, ひゃくまさんが好き, 石川県のおすすめ観光スポットが見たい, 石川県の雑学を知りたい",,,金沢城光の祭りチームラボが素晴らしかった
金沢エリア,金沢城公園,2023/10/29 23:51:33,同意する,2泊,2泊,金沢エリア  （湯涌温泉、深谷温泉、犀川温泉など）,石川県外には泊まらない,自分ひとり,金沢マラソン,新幹線,路線バス,,,"10,000円以上 20,000円未満","10,000円以上 20,000円未満","10,000円以上 20,000円未満",2～5回目,"観光パンフレット・ポスター, 観光連盟やDMOのHP, TeamLabのHP",選択なし/該当施設なし,ホテルから直接,選択なし/該当施設なし,片町（夕食）,"1,000円以上 3,000円未満",満足,夜間イベント足元や展示物の説明がもう少し見やすいと良い,満足,,感じた,,8,野点などの趣のある飲食スペース、薪能などの伝統芸能,機会があれば行きたい,郷土料理と歴史的建造物,女,1985,東京都,目黒区,400万円以上 500万円未満,能登牛が当たる,,,美味しいものがたくさんあり、季節がとても良い
金沢エリア,金沢城公園,2023/10/31 14:21:47,同意する,日帰り,石川県内には宿泊しない,石川県内には宿泊しない,石川県外には泊まらない,夫婦2人,"地元の美味しいものを食べる, 名所、旧跡の観光",在来線,徒歩,,,使わない,"20,000円以上 30,000円未満","10,000円以上 20,000円未満",初めて,"新聞・雑誌・ガイドブック, TV・ラジオ番組やCM",尾山神社,,兼六園,,"1,000円未満",どちらでもない,,満足,綺麗,感じなかった,,7,食事するところがない,機会があれば行きたい,特になし,男,1969,京都府,京都市,700万円以上 800万円未満,"能登牛が当たる, ひゃくまさんが好き, 石川県のおすすめ観光スポットが見たい",,,金沢に来たことがない人に
金沢エリア,金沢城公園,2023/10/31 16:19:20,同意する,1泊,1泊,金沢エリア  （湯涌温泉、深谷温泉、犀川温泉など）,石川県外には泊まらない,娘,"地元の美味しいものを食べる, 名所、旧跡の観光, テーマパーク（遊園地、動物園、博物館など）, まちあるき、都市散策",在来線,路線バス,満足,,"10,000円以上 20,000円未満","5,000円以上 10,000円未満","20,000円以上 30,000円未満",初めて,観光パンフレット・ポスター,尾山神社,,兼六園,,"1,000円以上 3,000円未満",とても満足,公園内の庭園で温かい言葉とすてきなお庭に満足。,とても満足,同上と同じ,感じなかった,,10,建築中の建物ができるのが楽しみです。,また行きたい（1年以内）,お茶やお菓子が満足しました。,女,1967,愛知県,小牧市,600万円以上 700万円未満,石川県の雑学を知りたい,,,食事とお宿。神社など
金沢エリア,金沢城公園,2023/10/31 17:53:35,同意する,日帰り,石川県内には宿泊しない,石川県内には宿泊しない,石川県外には泊まらない,夫婦2人,"地元の美味しいものを食べる, 名所、旧跡の観光",在来線,徒歩,,,使わない,"10,000円以上 20,000円未満","10,000円以上 20,000円未満",初めて,"新聞・雑誌・ガイドブック, TV・ラジオ番組やCM, インターネット・アプリ",尾山神社,,兼六園,,"1,000円未満",どちらでもない,,満足,綺麗　わかりやすい,感じなかった,,7,飲食店を増やせばいい,機会があれば行きたい,今のままで良い,男,1969,京都府,京都市,700万円以上 800万円未満,"能登牛が当たる, ひゃくまさんが好き, 石川県のおすすめ観光スポットが見たい",,,一度は訪れた方がいい
金沢エリア,金沢城公園,2023/10/31 19:53:03,同意する,日帰り,石川県内には宿泊しない,石川県内には宿泊しない,富山県,恋人,まちあるき、都市散策,旅行会社ツアーバス,路線バス,満足,快適,使わない,使わない,"1,000円未満",初めて,観光協会等の案内所,近江町市場,,選択なし/該当施設なし,帰る。,使わない,満足,,満足,,感じなかった,,9,何もなくて良い,また行きたい（1年以内）,地物。,女,1969,富山県,砺波市,"1,000万円以上 1,200万円未満",なんとなく,,,施設入場２日間フリーきっぷ
金沢エリア,金沢城公園,2023/11/01 19:01:44,同意する,日帰り,石川県内には宿泊しない,石川県内には宿泊しない,石川県外には泊まらない,自分ひとり,"宿でのんびり過ごす, 温泉や露天風呂, 地元の美味しいものを食べる",県外から訪れていない（石川県内在住）,徒歩,,,使わない,使わない,使わない,2～5回目,"新聞・雑誌・ガイドブック, TV・ラジオ番組やCM, 観光パンフレット・ポスター",金沢21世紀美術館,,兼六園,,使わない,満足,,とても満足,,感じなかった,,10,,石川県在住,特になし,男,2010,石川県,金沢市,"1,500万円以上",なんとなく,,,
金沢エリア,金沢城公園,2023/11/02 7:12:13,同意する,日帰り,石川県内には宿泊しない,石川県内には宿泊しない,石川県外には泊まらない,友人,地元の美味しいものを食べる,自家用車,自家用車,とても満足,期待以上でした,使わない,"1,000円未満","5,000円以上 10,000円未満",2～5回目,インターネット・アプリ,選択なし/該当施設なし,,選択なし/該当施設なし,,"1,000円以上 3,000円未満",とても満足,期待以上でした,とても満足,きれいに整備されていました,感じなかった,,10,,また行きたい（1年以内）,特になし,女,1975,石川県,金沢市,"1,000万円以上 1,200万円未満",能登牛が当たる,,,感動を分かち合いたい
金沢エリア,金沢城公園,2023/11/04 13:02:17,同意する,2泊,2泊,金沢エリア  （湯涌温泉、深谷温泉、犀川温泉など）,石川県外には泊まらない,小学生以下連れの家族,"名所、旧跡の観光, 各種体験（手作り、果物狩りなど）",新幹線,徒歩,,,"40,000円以上 50,000円未満","20,000円以上 30,000円未満","5,000円以上 10,000円未満",初めて,インターネット・アプリ,ひがし茶屋街,,近江町市場,,"1,000円未満",どちらでもない,,不満,子供だから,感じなかった,,10,鉄棒などの遊具,また行きたい（1年以内）,鉄棒などの遊具,男,1983,東京都,北区,"1,500万円以上",ひゃくまさんが好き,,,城に入ったこと
金沢エリア,金沢城公園,2023/11/04 20:06:19,同意する,1泊,1泊,金沢エリア  （湯涌温泉、深谷温泉、犀川温泉など）,石川県外には泊まらない,団体旅行,出張など仕事関係,新幹線,レンタカー,満足,レンタカーがもう少し駅近ならよかった。返却したあとなかなかタクシーがつかまらなかったため。,"10,000円以上 20,000円未満","20,000円以上 30,000円未満","10,000円以上 20,000円未満",2～5回目,Googleマップ,選択なし/該当施設なし,白川郷,選択なし/該当施設なし,安江八幡宮,"1,000円未満",満足,今回は時間がなくちゃんと見てまわれなかった,満足,あまり見て回らなかったけど綺麗に整っていました,感じた,反対側の道路から渡るのにわかりにくく遠回りした。,10,今度はもっとゆっくり観たいです,機会があれば行きたい,兼六園や21世紀美術館なども行ったが金沢の民藝など昔からの文化も知りたいと思った。たまたま行った日が天皇陛下が訪れる日だったため博物館など東京で見ることができるものだったため。,女,1977,東京都,杉並区,600万円以上 700万円未満,"ひゃくまさんが好き, なんとなく",,,文化と歴史があるため
金沢エリア,金沢城公園,2023/11/04 23:18:29,同意する,3泊,3泊,金沢エリア  （湯涌温泉、深谷温泉、犀川温泉など）,石川県外には泊まらない,自分ひとり,スポーツ観戦や芸術鑑賞（コンサート等）,"在来線, 飛行機",徒歩,,,"10,000円以上 20,000円未満","40,000円以上 50,000円未満","20,000円以上 30,000円未満",初めて,"観光パンフレット・ポスター, 観光連盟やDMOのHP",兼六園,,金沢21世紀美術館,,"1,000円以上 3,000円未満",満足,,満足,,感じなかった,,10,,機会があれば行きたい,特になし,女,1987,大分県,大分市,700万円以上 800万円未満,ひゃくまさんが好き,,,
金沢エリア,金沢城公園,2023/11/05 9:30:51,同意する,日帰り,石川県内には宿泊しない,石川県内には宿泊しない,石川県外には泊まらない,自分ひとり,まちあるき、都市散策,県外から訪れていない（石川県内在住）,自転車,とても不満,駐輪場が少ない,"10,000円以上 20,000円未満",使わない,"20,000円以上 30,000円未満",11回目以上,ボランティアガイド,兼六園,,選択なし/該当施設なし,,使わない,とても満足,スタッフが親切,とても不満,コインロッカーが少ない　老朽化,感じなかった,,10,カラスやとんびの駆除,石川県在住,特に無し,男,1959,石川県,金沢市,500万円以上 600万円未満,ひゃくまさんが好き,,,県民として誇りに思っている
金沢エリア,金沢城公園,2023/11/06 23:36:08,同意する,2泊,1泊,金沢エリア  （湯涌温泉、深谷温泉、犀川温泉など）,富山県,自分ひとり,"地元の美味しいものを食べる, 名所、旧跡の観光, テーマパーク（遊園地、動物園、博物館など）",新幹線,路線バス,とても満足,バスの本数も多く乗り場案内がわかりやすかった,"5,000円以上 10,000円未満","1,000円以上 3,000円未満","5,000円以上 10,000円未満",初めて,インターネット・アプリ,選択なし/該当施設なし,妙立寺,兼六園,,使わない,満足,案内看板がたくさんあり便利だった,満足,きれいだった,感じなかった,,10,,また行きたい（1年以内）,満足です,女,1989,千葉県,船橋市,"900万円以上 1,000万円未満","ひゃくまさんが好き, 動く３Dひゃくまんさんを見たい",,,妙立寺　他では経験できないお寺でとても楽しかった
金沢エリア,金沢城公園,2023/11/09 17:53:26,同意する,1泊,1泊,金沢エリア  （湯涌温泉、深谷温泉、犀川温泉など）,石川県外には泊まらない,夫婦2人,"地元の美味しいものを食べる, 名所、旧跡の観光, まちあるき、都市散策",在来線,レンタサイクル,とても満足,レンタサイクルが便利だった,"20,000円以上 30,000円未満","1,000円以上 3,000円未満","20,000円以上 30,000円未満",初めて,新聞・雑誌・ガイドブック,尾山神社,,近江町市場,,"3,000円以上 5,000円未満",満足,,とても満足,,感じなかった,,10,,また行きたい（1年以内）,近江町市場内の閉店時間が早いのには困った,女,1965,大阪府,富田林市,800万円以上 900万円未満,ひゃくまさんが好き,,,レンタサイクル
金沢エリア,金沢城公園,2023/11/09 21:43:35,同意する,2泊,2泊,金沢エリア  （湯涌温泉、深谷温泉、犀川温泉など）,石川県外には泊まらない,娘,"地元の美味しいものを食べる, 花見や紅葉などの自然鑑賞, 名所、旧跡の観光",新幹線,徒歩,,,"50,000円以上 100,000円未満","20,000円以上 30,000円未満","30,000円以上 40,000円未満",初めて,インターネット・アプリ,ひがし茶屋街,,兼六園,,"1,000円以上 3,000円未満",とても満足,散策からチームラボイルミネーションと昼間も夜も楽しみました。ポランティアのおじさんが『写真を撮ってあげましょうか？』と声をかけて下さったりとても気持ちよく散策を楽しみました。,とても満足,見るところが沢山あり、どこもとても綺麗に整備されているので、気持ち良く散策出来ました。,感じなかった,,10,お城の形のカステラ等。,また行きたい（1年以内）,近江市場のお店がもう少し長く空いていたら嬉しいです。,女,1974,東京都,港区,400万円以上 500万円未満,"能登牛が当たる, 石川県のおすすめ観光スポットが見たい, 石川県の雑学を知りたい",,,金沢城の見応え。武家屋敷を回りながら時代を越える感覚。東茶屋街のおしゃれな風情。
金沢エリア,金沢城公園,2023/11/13 13:42:22,同意する,4泊以上,4泊以上,金沢エリア  （湯涌温泉、深谷温泉、犀川温泉など）,石川県外には泊まらない,夫婦2人,"温泉や露天風呂, 地元の美味しいものを食べる, 花見や紅葉などの自然鑑賞, 名所、旧跡の観光, まちあるき、都市散策","新幹線, 在来線","路線バス, 徒歩",どちらでもない,利用客が少ないのかもしれませんが、早朝駅出発、夜間駅に向かうバスが無くて、タクシーか徒歩しかありませんでした。,"30,000円以上 40,000円未満","30,000円以上 40,000円未満","20,000円以上 30,000円未満",初めて,"新聞・雑誌・ガイドブック, YouTube",兼六園,,ひがし茶屋街,,"3,000円以上 5,000円未満",どちらでもない,リサーチ不足で、あらかじめ観光コースをもっと勉強してくれば良かった,満足,夜間も危なくないよう22時までライトアップされていたので、夜間の散策を満喫出来ました,感じた,トイレの場所を把握出来ておらず、やや困りました,10,チームラボのようなライトアップも良いと思いますし、最近、あちこちであっているランタンを放つイベントであったり、二条城でも開催されたアートアクアリウムなども海外の方々にもウケるのではないでしょうか？,また行きたい（1年以内）,飲食、お土産は大変満喫させて頂きましたし満足しております。ただ、やはり人気店は予約が取れなかったり、順番待ちが1時間以上であったり、食べたかったお店を諦める日もありました。,女,1965,福岡県,春日市,600万円以上 700万円未満,"能登牛が当たる, ひゃくまさんが好き",,,美味しい食べ物は多いし、小京都だけあって茶屋街、武家屋敷などの魅力的な建築物が遺されているから。
金沢エリア,金沢城公園,2023/11/14 11:10:30,同意する,2泊,1泊,金沢エリア  （湯涌温泉、深谷温泉、犀川温泉など）,富山県,家族５人,"地元の美味しいものを食べる, 名所、旧跡の観光, まちあるき、都市散策",飛行機,路線バス,満足,駅の案内がとてもわかりやすかったから,"10,000円以上 20,000円未満","50,000円以上 100,000円未満","50,000円以上 100,000円未満",初めて,新聞・雑誌・ガイドブック,金沢21世紀美術館,,選択なし/該当施設なし,ライトアップを見た後なので食事に行った,"1,000円以上 3,000円未満",不満,チームラボを見る前に待機するとして、兼六園前の出店が全て閉まっていて残念だった,満足,交通の便が良い。とても整備されている,感じなかった,,10,飲食店がもう少しあるといい,機会があれば行きたい,駅がとてもわかりやすかった。飲食店遅くまでがやっている飲食店が駅前にたくさんあると良い。,女,1965,北海道,札幌市,700万円以上 800万円未満,"能登牛が当たる, 石川県のおすすめ観光スポットが見たい",,,近江市場のおでん
金沢エリア,金沢城公園,2023/11/14 21:57:34,同意する,1泊,1泊,金沢エリア  （湯涌温泉、深谷温泉、犀川温泉など）,石川県外には泊まらない,夫婦2人,"地元の美味しいものを食べる, スポーツ観戦や芸術鑑賞（コンサート等）",自家用車,徒歩,,,"10,000円以上 20,000円未満","5,000円以上 10,000円未満","10,000円以上 20,000円未満",2～5回目,観光パンフレット・ポスター,選択なし/該当施設なし,県美術館、兼六園など,選択なし/該当施設なし,物産館,使わない,満足,朝散歩で訪問、人も少なくゆったり拝見しました。,満足,広く、ゴミも無くとても清潔な印象でした。,感じなかった,,10,休憩施設など営業前でした。次回は伺います。,また行きたい（1年以内）,おでんを食べるつもりでしたが寿司などを食べ、食べられなくなり残念でした。美味しいものが多くて困ります。,男,1951,愛知県,名古屋市,700万円以上 800万円未満,"石川県のおすすめ観光スポットが見たい, 石川県の雑学を知りたい",,,21世紀美術館は知っていたが、今回、県美術館を観て所蔵作品も含めてとても興味あるものでした。
金沢エリア,金沢城公園,2023/11/15 8:47:40,同意する,1泊,1泊,金沢エリア  （湯涌温泉、深谷温泉、犀川温泉など）,石川県外には泊まらない,自分ひとり,"地元の美味しいものを食べる, 名所、旧跡の観光, お祭りやイベントへの参加・見物","新幹線, 在来線","路線バス, 徒歩",どちらでもない,普段はマイカーでの生活ですが、旅先の為久しぶりにバスに乗ったので、整理券を取り忘れたら、運転手さんに強く叱られたので。,"10,000円以上 20,000円未満","20,000円以上 30,000円未満","30,000円以上 40,000円未満",初めて,インターネット・アプリ,近江町市場,,兼六園,,使わない,満足,,満足,,感じた,トイレにゴミ箱がない,8,光の祭りが良かったです,機会があれば行きたい,金沢おでん高い,女,1967,岡山県,岡山市,500万円以上 600万円未満,"ひゃくまさんが好き, ARでひゃくまんさんと写真が撮りたかった, 動く３Dひゃくまんさんを見たい",,,海の幸
金沢エリア,金沢城公園,2023/11/16 6:13:42,同意する,2泊,2泊,金沢エリア  （湯涌温泉、深谷温泉、犀川温泉など）,石川県外には泊まらない,団体旅行,"地元の美味しいものを食べる, 名所、旧跡の観光, お祭りやイベントへの参加・見物",新幹線,"タクシー, 路線バス",とても満足,タクシーの運転手さんに、目的地に着くまで簡単なガイドをしてくれて助かりました。バスも周遊バスが次々にきてくれるので、待つことなく次の目的地に行くことができ、行きたかった所を回れて良かったです。,"10,000円以上 20,000円未満","40,000円以上 50,000円未満","10,000円以上 20,000円未満",初めて,"観光展・物産展, 観光パンフレット・ポスター, タクシードライバーや地元の人",兼六園,,選択なし/該当施設なし,能登,"1,000円未満",とても満足,チームラボの光の祭りが素敵で、自分たちが塗り絵をしたキャラクターが画面に映るって、子供みたいにはしゃいでしまいました。お城の周りを歩いてライトアップされた景色を見れて、た楽しかった。,満足,ライトアップ前の消灯が、あまりにも早い時間から消したので、少し時間を持て余した。暗くなってからの案内板が見えないので、他のお客さんたちが、ルートを間違って、出口からはいってきたり、入場券の購入場所がわからない人もありました。,感じなかった,,8,,機会があれば行きたい,特になし,女,1965,青森県,黒石市,400万円以上 500万円未満,動く３Dひゃくまんさんを見たい,,,兼六園は、散策してみたい場所だったので、とてもよかった。
金沢エリア,金沢城公園,2023/11/16 17:11:49,同意する,2泊,2泊,金沢エリア  （湯涌温泉、深谷温泉、犀川温泉など）,なし,友人,温泉や露天風呂,新幹線,路線バス,満足,便が多い,"30,000円以上 40,000円未満","20,000円以上 30,000円未満","20,000円以上 30,000円未満",2～5回目,インターネット・アプリ,兼六園,,金沢21世紀美術館,,"1,000円以上 3,000円未満",満足,自然豊か,満足,トイレがキレイ,感じなかった,,7,ベンチが欲しい,また行きたい（1年以内）,海産物,女,1970,神奈川県,横浜市,"900万円以上 1,000万円未満","能登牛が当たる, ひゃくまさんが好き, ARでひゃくまんさんと写真が撮りたかった",,,はちまんさまが可愛い
金沢エリア,金沢城公園,2023/11/16 23:27:30,同意する,1泊,1泊,加賀エリア （山代温泉、山中温泉、片山津温泉、粟津温泉、辰口温泉、加賀市、小松市など）,石川県外には泊まらない,親子3世代　9人で,"宿でのんびり過ごす, 温泉や露天風呂, 地元の美味しいものを食べる, 名所、旧跡の観光, まちあるき、都市散策",在来線,"在来線, 路線バス",満足,金沢マラソンで規制がかかっていました,"40,000円以上 50,000円未満","10,000円以上 20,000円未満","20,000円以上 30,000円未満",初めて,"新聞・雑誌・ガイドブック, インターネット・アプリ, Instagram",近江町市場,,兼六園,,"1,000円未満",とても満足,ボランティアガイドさんがとても親切で、時間通り観光できました。,とても満足,お城スタンプ帳を持って探していると、窓口のお姉さんが声をかけてくださいました。,感じなかった,,10,景色を眺めながら美味しいコーヒーが飲めるカフェがほしい。,また行きたい（1年以内）,雪の時期に訪れたいです。,女,1972,大阪府,岸和田市,500万円以上 600万円未満,能登牛が当たる,,,とても楽しかったので、11月以降に冬の金沢観光をオススメしたいです。ライトアップも見たかったので是非オススメしたいです。
金沢エリア,金沢城公園,2023/11/18 19:21:30,同意する,1泊,1泊,金沢エリア  （湯涌温泉、深谷温泉、犀川温泉など）,石川県外には泊まらない,家族,カニを食べる,新幹線,路線バス,どちらでもない,バスの乗り方イマイチ分かりづらい,"10,000円以上 20,000円未満","3,000円以上 5,000円未満","50,000円以上 100,000円未満",初めて,新聞・雑誌・ガイドブック,近江町市場,,ひがし茶屋街,,"5,000円以上 10,000円未満",どちらでもない,寒くてゆっくり見れませんでした,どちらでもない,寒くてゆっくり見れませんでした!,感じなかった,,7,特になし,また行きたい（1年以内）,またカニを食べに来たい!,男,1963,埼玉県,入間市,800万円以上 900万円未満,能登牛が当たる,,,カニは食べた方がいい
金沢エリア,金沢城公園,2023/11/19 15:14:40,同意する,2泊,2泊,金沢エリア  （湯涌温泉、深谷温泉、犀川温泉など）,石川県外には泊まらない,妹,まちあるき、都市散策,飛行機,徒歩,,,"5,000円以上 10,000円未満",使わない,"20,000円以上 30,000円未満",初めて,インターネット・アプリ,尾山神社,,近江町市場,,"3,000円以上 5,000円未満",満足,,満足,,感じなかった,,10,,また行きたい（1年以内）,グルメ,女,1973,千葉県,成田市,"1,500万円以上",ひゃくまさんが好き,,,
金沢エリア,金沢城公園,2023/11/21 8:23:29,同意する,1泊,1泊,金沢エリア  （湯涌温泉、深谷温泉、犀川温泉など）,石川県外には泊まらない,夫婦2人,"地元の美味しいものを食べる, 名所、旧跡の観光, まちあるき、都市散策",在来線,路線バス,どちらでもない,交通系ICが使えなかった,"5,000円以上 10,000円未満","10,000円以上 20,000円未満","10,000円以上 20,000円未満",初めて,"新聞・雑誌・ガイドブック, インターネット・アプリ",兼六園,,金沢21世紀美術館,,"1,000円未満",満足,雨だったので、休憩施設などが綺麗でありがたかった,満足,現状でも満足しているが、新たに着工を始めた施設が早くみたい期待がある,感じた,雨で手持ちの地図が見づらかったので、案内板があると嬉しい,8,金沢城でのお土産がもっとあるといい,機会があれば行きたい,雨が降った時に楽しめる場所がいくつかあってほしい。ひゃくまんさんが可愛かったので、もっとグッズを増やして欲しい,女,1994,大阪府,東大阪市,500万円以上 600万円未満,"ひゃくまさんが好き, 石川県のおすすめ観光スポットが見たい",,,食べ物が美味しい
金沢エリア,金沢城公園,2023/11/23 2:37:52,同意する,1泊,1泊,金沢エリア  （湯涌温泉、深谷温泉、犀川温泉など）,石川県外には泊まらない,夫婦2人,"地元の美味しいものを食べる, 花見や紅葉などの自然鑑賞, 名所、旧跡の観光, お祭りやイベントへの参加・見物",在来線,路線バス,どちらでもない,ループバス以外の路線バス停の場所や時刻表の情報がもっと欲しかった。,"5,000円以上 10,000円未満","5,000円以上 10,000円未満","5,000円以上 10,000円未満",2～5回目,"TV・ラジオ番組やCM, 観光パンフレット・ポスター, インターネット・アプリ",尾山神社,,兼六園,,"1,000円以上 3,000円未満",満足,受付の方が、皆さん好印だったので。,とても満足,建物の復元規模が素晴らしい。,感じなかった,,10,お茶席やカフェがあって良いと思います。,また行きたい（1年以内）,香箱がに、おでん、じぶ料理、美味しかったです。,女,1958,愛知県,名古屋市,100万円未満,能登牛が当たる,,,お城好きの方に是非見て欲しい。石垣の種類がいろいろ見られる。玉泉院丸庭園の発掘調査の成果などにより再現された事が素晴らしい。
金沢エリア,金沢城公園,2023/11/24 5:28:07,同意する,1泊,1泊,金沢エリア  （湯涌温泉、深谷温泉、犀川温泉など）,石川県外には泊まらない,夫婦2人,"地元の美味しいものを食べる, 花見や紅葉などの自然鑑賞, 名所、旧跡の観光, スポーツ観戦や芸術鑑賞（コンサート等）, まちあるき、都市散策",在来線,徒歩,,,"5,000円以上 10,000円未満","10,000円以上 20,000円未満","5,000円以上 10,000円未満",2～5回目,"観光パンフレット・ポスター, インターネット・アプリ",尾山神社,,兼六園,,"1,000円未満",とても不満,手軽に飲食できる場所が少ない,満足,,感じた,飲食店が少ない,9,民活で飲食店を！,機会があれば行きたい,周遊バスと路線バスのバス停が離れており不便。双方のバス停にバス停情報(マップ)を表示してほしい。,男,1958,愛知県,名古屋市,300万円以上 400万円未満,能登牛が当たる,,,
金沢エリア,金沢城公園,2023/11/25 16:27:33,同意する,4泊以上,4泊以上,白山エリア （一里野温泉、白峰温泉、白山市など）,石川県外には泊まらない,職場の同僚,出張など仕事関係,新幹線,徒歩,,,使わない,"1,000円未満","40,000円以上 50,000円未満",初めて,インターネット・アプリ,兼六園,,兼六園,,使わない,どちらでもない,,満足,,感じた,,10,,また行きたい（1年以内）,特になし,女,1999,大阪府,大阪市,200万円以上 300万円未満,"ひゃくまんさんが好き, ARでひゃくまんさんと写真が撮りたかった, ひゃくまんさんの名刺をコレクションしている, 動く３Dひゃくまんさんを見たい",,,ひゃくまんさんの存在
金沢エリア,金沢城公園,2023/11/26 13:25:09,同意する,日帰り,石川県内には宿泊しない,石川県内には宿泊しない,岐阜県,小学生以下連れの家族,まちあるき、都市散策,"自家用車, 在来線","自家用車, 徒歩",,,使わない,"3,000円以上 5,000円未満","5,000円以上 10,000円未満",11回目以上,観光展・物産展,尾山神社,,金沢21世紀美術館,,"1,000円未満",満足,整備されていてきれい。,満足,建物がきれい,感じなかった,,10,遊具,また行きたい（1年以内）,鮮魚,男,1986,岐阜県,高山市,400万円以上 500万円未満,ARでひゃくまんさんと写真が撮りたかった,,,近江町市場のにぎわい
金沢エリア,金沢城公園,2023/11/26 13:26:04,同意する,日帰り,石川県内には宿泊しない,石川県内には宿泊しない,石川県外には泊まらない,小学生以下連れの家族,まちあるき、都市散策,県外から訪れていない（石川県内在住）,徒歩,,,"1,000円以上 3,000円未満","1,000円未満","1,000円以上 3,000円未満",2～5回目,"TV・ラジオ番組やCM, Instagram",選択なし/該当施設なし,金沢駅,金沢21世紀美術館,,使わない,満足,建物がきれい,満足,公園もきれい,感じなかった,,7,,また行きたい（1年以内）,色々なところでソフトクリームが食べれるといい,女,1990,石川県,金沢市,400万円以上 500万円未満,"能登牛が当たる, ARでひゃくまんさんと写真が撮りたかった",,,紅葉と公園がとてもあっていてよかったから
金沢エリア,金沢城公園,2023/11/26 17:49:19,同意する,1泊,1泊,金沢エリア  （湯涌温泉、深谷温泉、犀川温泉など）,石川県外には泊まらない,恋人,"地元の美味しいものを食べる, 名所、旧跡の観光, 友人・親戚を訪ねる",新幹線,徒歩,,,"5,000円以上 10,000円未満","10,000円以上 20,000円未満","20,000円以上 30,000円未満",2～5回目,"インターネット・アプリ, 友人・知人",近江町市場,,金沢21世紀美術館,,"1,000円以上 3,000円未満",とても満足,景観が良く、ボランティアスタッフの方もとても感じが良かった,とても満足,トイレが綺麗,感じなかった,,10,,また行きたい（1年以内）,茶屋町に休憩できる場所が少なかったので座れる場所がもっとあると嬉しい,女,1987,千葉県,松戸市,400万円以上 500万円未満,"能登牛が当たる, ひゃくまんさんが好き",,,
金沢エリア,金沢城公園,2023/11/26 19:05:38,同意する,1泊,1泊,金沢エリア  （湯涌温泉、深谷温泉、犀川温泉など）,石川県外には泊まらない,娘,"地元の美味しいものを食べる, 花見や紅葉などの自然鑑賞, 名所、旧跡の観光, まちあるき、都市散策, ポケふた",新幹線,"路線バス, 徒歩",とても不満,時刻表どおりにバスが来ない,"30,000円以上 40,000円未満","30,000円以上 40,000円未満","20,000円以上 30,000円未満",2～5回目,インターネット・アプリ,尾山神社,,兼六園,,"1,000円以上 3,000円未満",とても満足,きれいなコーヒーのお土産に出会えた,とても満足,ボランティアガイドの方によるお話,感じなかった,,10,飲食が楽しめる場所を増やして欲しい,また行きたい（1年以内）,ポケふたを増やして欲しい,女,1954,神奈川県,横浜市,100万円以上 200万円未満,"能登牛が当たる, 石川県のおすすめ観光スポットが見たい, 石川県の雑学を知りたい",,,一つ一つの門が見られたこと
金沢エリア,金沢城公園,2023/11/27 17:03:49,同意する,1泊,1泊,金沢エリア  （湯涌温泉、深谷温泉、犀川温泉など）,石川県外には泊まらない,夫婦2人,"地元の美味しいものを食べる, 名所、旧跡の観光",自家用車,路線バス,どちらでもない,混んでいた,"10,000円以上 20,000円未満","10,000円以上 20,000円未満","20,000円以上 30,000円未満",初めて,インターネット・アプリ,ひがし茶屋街,,尾山神社,,"3,000円以上 5,000円未満",どちらでもない,夜しか行ってないためよくわかりません,どちらでもない,夜しか行ってないためよくわかりません,感じなかった,夜しか行ってないためよくわかりません,7,おしゃれなカフェがほしい,また行きたい（1年以内）,金箔スイーツを増やしてほしい,女,1975,長野県,飯田市,400万円以上 500万円未満,能登牛が当たる,,,金沢は料理が美味しくて楽しい
金沢エリア,金沢城公園,2023/11/27 18:50:38,同意する,1泊,1泊,金沢エリア  （湯涌温泉、深谷温泉、犀川温泉など）,石川県外には泊まらない,友人,"地元の美味しいものを食べる, 花見や紅葉などの自然鑑賞, 名所、旧跡の観光, テーマパーク（遊園地、動物園、博物館など）",新幹線,タクシー,とても満足,貸切タクシーでわからない場所も案内とともにスムーズにゆっくりみることができました。,"5,000円以上 10,000円未満","50,000円以上 100,000円未満","20,000円以上 30,000円未満",初めて,タクシードライバーや地元の人,兼六園,,選択なし/該当施設なし,石浦神社,使わない,とても満足,とてもお庭がきれいでゴミなども落ちていないし、広々としていてゆっくりまわれました。,とても満足,欠点をみつけるほうが難しいほど、美しかったです。,感じなかった,,10,,また行きたい（1年以内）,美味しいものをたべたい。千枚田に田植え時期にきたい。,女,1988,千葉県,柏市,400万円以上 500万円未満,"能登牛が当たる, ひゃくまんさんが好き",,,
金沢エリア,金沢城公園,2023/11/29 17:03:35,同意する,2泊,2泊,金沢エリア  （湯涌温泉、深谷温泉、犀川温泉など）,京都　福岡,夫婦2人,"地元の美味しいものを食べる, 花見や紅葉などの自然鑑賞, 名所、旧跡の観光, 買い物、アウトレット, お祭りやイベントへの参加・見物, まちあるき、都市散策, 友人・親戚を訪ねる",在来線,徒歩,,気候が過ごしやすく、快適なご旅行👫でした,"10,000円以上 20,000円未満",使わない,"10,000円以上 20,000円未満",2～5回目,主人が金沢医科大学卒業🎄でございますので、主人に金沢の町並み🏯を案内していただきました。金沢大茶会🍡🍵にも参加させていただきました,兼六園,,ひがし茶屋街,,"1,000円以上 3,000円未満",とても満足,接客🌟が、とても品🥀が良くて、好感をもちました,とても満足,夜🌃にも、訪れましたが、お城🏯のスポットライト🌟がキレイ🌟です,感じなかった,,10,九谷焼🎍は、素敵ですね,また行きたい（1年以内）,九谷焼🎄は、素敵ですね,女,1972,愛知県,名古屋市,"1,500万円以上",石川県の雑学を知りたい,,,浅野川域、近江町市場など、みなさまに、オススメしております🌟とても、好評💛です
金沢エリア,金沢城公園,2023/12/01 12:44:51,同意する,2泊,2泊,金沢エリア  （湯涌温泉、深谷温泉、犀川温泉など）,石川県外には泊まらない,夫婦2人,"地元の美味しいものを食べる, 名所、旧跡の観光, テーマパーク（遊園地、動物園、博物館など）, まちあるき、都市散策",新幹線,旅行会社ツアーバス,とても満足,,"5,000円以上 10,000円未満","30,000円以上 40,000円未満","30,000円以上 40,000円未満",初めて,"観光展・物産展, 観光パンフレット・ポスター, インターネット・アプリ",兼六園,,近江町市場,,使わない,とても満足,,とても満足,,感じなかった,,5,,行きたくない,お土産に魅力的なものが少なかったです。,女,1974,東京都,中野区,500万円以上 600万円未満,"能登牛が当たる, ひゃくまんさんが好き",,,
金沢エリア,金沢城公園,2023/12/05 11:04:31,同意する,2泊,1泊,金沢エリア  （湯涌温泉、深谷温泉、犀川温泉など）,富山県,恋人,"宿でのんびり過ごす, 地元の美味しいものを食べる, スポーツ観戦や芸術鑑賞（コンサート等）",新幹線,徒歩,,,"5,000円以上 10,000円未満","20,000円以上 30,000円未満","10,000円以上 20,000円未満",6～10回目,友人・知人,選択なし/該当施設なし,,尾山神社,,使わない,満足,,満足,,感じた,道が分かれているところで地図がなく、一度戻った,10,,また行きたい（1年以内）,美術鑑賞、緑に触れる、美味しいものを食べる、街並みが良い、おしゃれなものが買えるなど,女,1990,神奈川県,川崎市,400万円以上 500万円未満,ひゃくまんさんが好き,,,
金沢エリア,金沢城公園,2023/12/06 16:53:50,同意する,3泊,1泊,金沢エリア  （湯涌温泉、深谷温泉、犀川温泉など）,岐阜県,友人,"名所、旧跡の観光, まちあるき、都市散策","在来線, 飛行機",路線バス,満足,バスの本数があるのは良いのですが方向音痴の人には不親切なのかもしれません道案内など矢印を多めにつけてほしいです,"10,000円以上 20,000円未満","5,000円以上 10,000円未満","20,000円以上 30,000円未満",初めて,インターネット・アプリ,ひがし茶屋街,,兼六園,,"1,000円未満",どちらでもない,天守閣に入れなかった,どちらでもない,閉まるのが早くてショップで買い物が出来なかった,感じなかった,,5,閉店が早いと思う,機会があれば行きたい,私はひゃくまんさんの存在を初めて知り魅了されてしまいましたこちらではシマエナガですが大人向けの商品もあると良いかな〜と思いました次回は2泊以上したいなと思いました,女,1965,北海道,江別市,300万円以上 400万円未満,"ひゃくまんさんが好き, 動く３Dひゃくまんさんを見たい",,,経験の為
金沢エリア,金沢城公園,2023/12/10 17:49:03,同意する,1泊,1泊,金沢エリア  （湯涌温泉、深谷温泉、犀川温泉など）,石川県外には泊まらない,親,"地元の美味しいものを食べる, まちあるき、都市散策",新幹線,タクシー,満足,ベンツ,"10,000円以上 20,000円未満","5,000円以上 10,000円未満","30,000円以上 40,000円未満",初めて,インターネット・アプリ,ひがし茶屋街,,兼六園,,使わない,満足,ゴミがひとつも落ちてなかった,満足,作られた感が出過ぎてたけど石垣が見れたので◎,感じなかった,なし,8,,機会があれば行きたい,特になし,女,2000,神奈川県,横浜市,400万円以上 500万円未満,ARでひゃくまんさんと写真が撮りたかった,,,
金沢エリア,金沢城公園,2023/12/11 11:59:05,同意する,2泊,2泊,金沢エリア  （湯涌温泉、深谷温泉、犀川温泉など）,石川県外には泊まらない,自分ひとり,"地元の美味しいものを食べる, 名所、旧跡の観光, 買い物、アウトレット, スポーツ観戦や芸術鑑賞（コンサート等）, まちあるき、都市散策",飛行機,徒歩,,,"20,000円以上 30,000円未満","30,000円以上 40,000円未満","30,000円以上 40,000円未満",初めて,観光パンフレット・ポスター,兼六園,,金沢21世紀美術館,,使わない,満足,,とても満足,,感じなかった,,9,,機会があれば行きたい,特になし,男,1992,東京都,大田区,300万円以上 400万円未満,"ARでひゃくまんさんと写真が撮りたかった, 動く３Dひゃくまんさんを見たい",,,
金沢エリア,金沢城公園,2023/12/13 2:06:49,同意する,2泊,2泊,金沢エリア  （湯涌温泉、深谷温泉、犀川温泉など）,石川県外には泊まらない,友人,地元の美味しいものを食べる,新幹線,路線バス,満足,便利,"10,000円以上 20,000円未満","10,000円以上 20,000円未満","50,000円以上 100,000円未満",6～10回目,新聞・雑誌・ガイドブック,金沢21世紀美術館,,ひがし茶屋街,,使わない,満足,ボランティアガイド,満足,快適,感じなかった,,9,,また行きたい（1年以内）,アクセサリー購入したい,女,1965,東京都,杉並区,"1,500万円以上",石川県の雑学を知りたい,,,観光箇所、グルメが魅力的
金沢エリア,金沢城公園,2023/12/13 8:16:00,同意する,2泊,2泊,金沢エリア  （湯涌温泉、深谷温泉、犀川温泉など）,石川県外には泊まらない,自分ひとり,"宿でのんびり過ごす, 温泉や露天風呂, 地元の美味しいものを食べる, 花見や紅葉などの自然鑑賞, 名所、旧跡の観光, まちあるき、都市散策",在来線,"路線バス, 徒歩",とても満足,バスの本数が多く、待ち時間が短い。バス停の場所が分かりやすく多かったので、便利だった。,"20,000円以上 30,000円未満","1,000円以上 3,000円未満","30,000円以上 40,000円未満",初めて,観光パンフレット・ポスター,兼六園,,金沢21世紀美術館,,使わない,とても満足,スタッフの方が優しく丁寧に説明して下さり、ゆっくりできた。、,とても満足,広くてキレイで気持ち良かった。トイレもキレイで気持ち良かった。,感じなかった,,10,金沢城公園内にもご当地スイーツが食べられるカフェがあったら、いいなぁ〜😋,また行きたい（1年以内）,特になし,女,1969,奈良県,奈良市,500万円以上 600万円未満,"ひゃくまんさんが好き, 動く３Dひゃくまんさんを見たい, 石川県のおすすめ観光スポットが見たい",,,近江町市場にはまた家族で来たい。乗り放題バスがとても便利。
金沢エリア,金沢城公園,2023/12/13 19:59:16,同意する,日帰り,1泊,白山エリア （一里野温泉、白峰温泉、白山市など）,富山県,家族4人　選択肢がおかしい,"名所、旧跡の観光, 買い物、アウトレット",自家用車,自家用車,,,使わない,"1,000円以上 3,000円未満","10,000円以上 20,000円未満",2～5回目,インターネット・アプリ,尾山神社,,兼六園,,"10,000円以上 20,000円未満",とても満足,30年ぶりに来たが、新しい価値発見だらけで楽しかった,とても満足,木造建築群大好き,感じなかった,,10,,また行きたい（1年以内）,特になし,男,1971,富山県,高岡市,800万円以上 900万円未満,"ひゃくまんさんが好き, なんとなく, ",,,観光資産の作り方が上手
金沢エリア,金沢城公園,2023/12/14 13:44:47,同意する,1泊,1泊,金沢エリア  （湯涌温泉、深谷温泉、犀川温泉など）,富山県、福井県,自分ひとり,"宿でのんびり過ごす, 地元の美味しいものを食べる, 名所、旧跡の観光, まちあるき、都市散策",新幹線,徒歩,,,"10,000円以上 20,000円未満","20,000円以上 30,000円未満","20,000円以上 30,000円未満",2～5回目,観光パンフレット・ポスター,尾山神社,,近江町市場,,"1,000円未満",どちらでもない,土産物があまり無かった,満足,展示内容が面白かった,感じなかった,,8,県の形をした小さめのキーホルダー,機会があれば行きたい,特になし,男,1998,神奈川県,横浜市,100万円以上 200万円未満,なんとなく,,,尾山神社や近江市場など観光地や博物館や美術館など観光地が近くでまとまっているので散策しやすいため
金沢エリア,金沢城公園,2023/12/16 14:23:46,同意する,1泊,1泊,金沢エリア  （湯涌温泉、深谷温泉、犀川温泉など）,石川県外には泊まらない,夫婦2人,"地元の美味しいものを食べる, 名所、旧跡の観光",在来線,徒歩,,,"5,000円以上 10,000円未満","10,000円以上 20,000円未満","5,000円以上 10,000円未満",初めて,"新聞・雑誌・ガイドブック, 観光パンフレット・ポスター",尾山神社,,兼六園,,"1,000円未満",満足,65歳以上無料で見学が出来た,不満,説明が無いのに倉庫の見学が出来なかった事,感じた,菱櫓等の見学で床がとても冷たくて寒くなった,7,特にありません,機会があれば行きたい,特にありません,男,1955,愛知県,津島市,600万円以上 700万円未満,石川県の雑学を知りたい,,,草花の咲く暖かい季節に来ると素敵だろうと思ったから
金沢エリア,金沢城公園,2023/12/17 10:26:17,同意する,1泊,1泊,金沢エリア  （湯涌温泉、深谷温泉、犀川温泉など）,石川県外には泊まらない,友人,"地元の美味しいものを食べる, 名所、旧跡の観光",新幹線,"タクシー, 路線バス",満足,路線バスで回れて良かった,"10,000円以上 20,000円未満","40,000円以上 50,000円未満","50,000円以上 100,000円未満",2～5回目,"新聞・雑誌・ガイドブック, 観光パンフレット・ポスター",兼六園,,尾山神社,,"1,000円以上 3,000円未満",満足,,満足,,感じなかった,,10,,また行きたい（1年以内）,美味しい食べ物,女,1984,千葉県,柏市,300万円以上 400万円未満,ひゃくまんさんが好き,,,花が咲く時期にまた来たい
金沢エリア,金沢城公園,2023/12/18 17:23:26,同意する,2泊,2泊,金沢エリア  （湯涌温泉、深谷温泉、犀川温泉など）,石川県外には泊まらない,親族,"地元の美味しいものを食べる, 名所、旧跡の観光, まちあるき、都市散策",新幹線,"路線バス, 徒歩",とても満足,どこに行っても皆さん親切,"10,000円以上 20,000円未満","10,000円以上 20,000円未満","20,000円以上 30,000円未満",初めて,"観光展・物産展, 観光パンフレット・ポスター",近江町市場,,兼六園,,"1,000円以上 3,000円未満",とても満足,,とても満足,,感じなかった,,10,,また行きたい（1年以内）,漆器のマグカップを購入しました。,女,1967,東京都,北区,400万円以上 500万円未満,能登牛が当たる,,,
金沢エリア,金沢城公園,2023/12/18 21:35:29,同意する,1泊,1泊,金沢エリア  （湯涌温泉、深谷温泉、犀川温泉など）,石川県外には泊まらない,親,"温泉や露天風呂, 地元の美味しいものを食べる, 買い物、アウトレット, まちあるき、都市散策, 友人・親戚を訪ねる",新幹線,路線バス,満足,,"5,000円以上 10,000円未満","20,000円以上 30,000円未満","5,000円以上 10,000円未満",初めて,"観光展・物産展, 新聞・雑誌・ガイドブック, 観光パンフレット・ポスター, インターネット・アプリ, X(旧：Twitter), 友人・知人",兼六園,,近江町市場,,"1,000円以上 3,000円未満",とても満足,特に問題もなくとても良かったです。,とても満足,とても楽しめて癒されました。広いしのんびり出来ました。また機会があれば行きたいです。,感じなかった,,9,,機会があれば行きたい,特になし,女,1984,千葉県,松戸市,200万円以上 300万円未満,"ひゃくまんさんが好き, ARでひゃくまんさんと写真が撮りたかった, ひゃくまんさんの名刺をコレクションしている, 動く３Dひゃくまんさんを見たい, 石川県のおすすめ観光スポットが見たい",,,素敵な場所だし癒される場所なので
金沢エリア,金沢城公園,2023/12/21 17:37:16,同意する,2泊,2泊,金沢エリア  （湯涌温泉、深谷温泉、犀川温泉など）,石川県外には泊まらない,夫婦2人,"地元の美味しいものを食べる, 名所、旧跡の観光, テーマパーク（遊園地、動物園、博物館など）, まちあるき、都市散策","新幹線, 在来線",徒歩,,,"50,000円以上 100,000円未満","30,000円以上 40,000円未満","20,000円以上 30,000円未満",初めて,"新聞・雑誌・ガイドブック, 観光パンフレット・ポスター, 観光連盟やDMOのHP, インターネット・アプリ",近江町市場,,兼六園,,"1,000円未満",満足,見学エリアがきれいだったので、また行きたいと思った,満足,修復工事が行われていたので再訪したいと思いました,感じなかった,,7,,機会があれば行きたい,金沢おでんがとても美味しかった！海鮮も豊富で魅力的です,女,1974,千葉県,松戸市,800万円以上 900万円未満,"ひゃくまんさんが好き, 石川県のおすすめ観光スポットが見たい",,,兼六園がとにかく美しかったので是非行ってほしいと思います！
金沢エリア,金沢城公園,2023/12/24 10:27:28,同意する,1泊,1泊,金沢エリア  （湯涌温泉、深谷温泉、犀川温泉など）,石川県外には泊まらない,自分ひとり,テーマパーク（遊園地、動物園、博物館など）,在来線,"路線バス, 徒歩",満足,バスの本数が多い,"5,000円以上 10,000円未満","10,000円以上 20,000円未満","20,000円以上 30,000円未満",初めて,新聞・雑誌・ガイドブック,兼六園,,ひがし茶屋街,,"1,000円以上 3,000円未満",満足,美味しいスイーツがある,満足,風情がある,感じた,休憩場所がもっとあるといい,7,おしゃれなお土産があるとよい,また行きたい（1年以内）,好きなキャラクターとのコラボイベント希望します,女,1981,愛知県,名古屋市,500万円以上 600万円未満,"能登牛が当たる, ひゃくまんさんが好き",,,ひがし茶屋でのまち歩きが楽しい
金沢エリア,金沢城公園,2023/12/25 13:19:53,同意する,2泊,2泊,金沢エリア  （湯涌温泉、深谷温泉、犀川温泉など）,石川県外には泊まらない,夫婦2人,まちあるき、都市散策,新幹線,路線バス,とても満足,バスの頻度が高いので,"20,000円以上 30,000円未満","30,000円以上 40,000円未満","40,000円以上 50,000円未満",2～5回目,インターネット・アプリ,金沢21世紀美術館,,ひがし茶屋街,,"3,000円以上 5,000円未満",満足,,満足,,感じなかった,,10,,また行きたい（1年以内）,市内電車があると良いですね,男,1957,神奈川県,横浜市,"1,500万円以上","ひゃくまんさんの名刺をコレクションしている, 石川県の雑学を知りたい",,,
金沢エリア,金沢城公園,2023/12/26 11:53:57,同意する,2泊,1泊,金沢エリア  （湯涌温泉、深谷温泉、犀川温泉など）,福井県,自分ひとり,撮影旅行,旅行会社ツアーバス,路線バス,満足,バスの本数が多く、案内も丁寧だったから。,"10,000円以上 20,000円未満","5,000円以上 10,000円未満","5,000円以上 10,000円未満",初めて,観光パンフレット・ポスター,選択なし/該当施設なし,,近江町市場,,使わない,どちらでもない,特に買ったりサービスを受けたりしていないから。,満足,施設が綺麗だから。,感じなかった,,10,,また行きたい（1年以内）,石川らしいと感じる、コメや海産物を使ったものが食べてみたい。また、冬の積雪している時期も楽しめるアクティビティが増えたらいいと思う。,男,2002,宮城県,仙台市,100万円未満,能登牛が当たる,,,
金沢エリア,金沢城公園,2023/12/27 11:11:45,同意する,2泊,1泊,能登エリア （和倉温泉、七尾市、輪島市、珠洲市など）,福井県,職場の同僚,"温泉や露天風呂, 地元の美味しいものを食べる, 名所、旧跡の観光, テーマパーク（遊園地、動物園、博物館など）, 買い物、アウトレット, まちあるき、都市散策",飛行機,社員旅行のため、小松空港から貸し切りバス,とても満足,社員旅行だったため貸し切りバス利用。,"10,000円以上 20,000円未満","3,000円以上 5,000円未満","10,000円以上 20,000円未満",初めて,"新聞・雑誌・ガイドブック, TV・ラジオ番組やCM, 観光パンフレット・ポスター, X(旧：Twitter), Instagram, 友人・知人, 観光協会等の案内所",兼六園,,近江町市場,,"1,000円未満",とても満足,公園内が広々としており、かつとても清潔であること。あいにくの雨模様でしたが、雨で濡れる城壁も趣があってよかった。,とても満足,お手洗いもあたらしく、また清潔に保たれていてよかった。,感じなかった,,10,,また行きたい（1年以内）,工芸体験のような、金沢ならではの体験をもっとPRしたらよいとおもう。また海外の観光客にむけたバス案内を充実させたらよいとおもう。(バス乗り降りに困ってる方を何度も見かけました),女,1984,埼玉県,久喜市,300万円以上 400万円未満,"能登牛が当たる, ひゃくまんさんが好き",,,ほかの観光地にはない景観、美術館や博物館等のみどころの豊富さ、美味しい食事、観光地でもそこまで騒がしくない。
金沢エリア,金沢城公園,2023/12/28 15:04:29,同意する,1泊,1泊,金沢エリア  （湯涌温泉、深谷温泉、犀川温泉など）,石川県外には泊まらない,自分ひとり,"名所、旧跡の観光, 買い物、アウトレット, まちあるき、都市散策, 友人・親戚を訪ねる",自家用車,"路線バス, 徒歩",満足,ダイヤは便利でしたが、乗客が多すぎました。,"5,000円以上 10,000円未満","10,000円以上 20,000円未満","30,000円以上 40,000円未満",11回目以上,元金沢市民,選択なし/該当施設なし,,尾山神社,,使わない,とても満足,,とても満足,きちんと整備されていて、百万石にふさわしいと思うから。,感じなかった,,10,アクティビティは、立地的に難しいとは思いますが、お堀を巡る舟があると良いなと思います。,また行きたい（1年以内）,今のままで十分だと思います。,女,1975,三重県,鈴鹿市,300万円以上 400万円未満,なんとなく,,,素晴らしい金沢城を観光し、食べ物も美味しいから。
金沢エリア,金沢城公園,2023/12/28 22:02:56,同意する,2泊,2泊,金沢エリア  （湯涌温泉、深谷温泉、犀川温泉など）,石川県外には泊まらない,高校生連れの家族,"地元の美味しいものを食べる, 名所、旧跡の観光, 買い物、アウトレット, まちあるき、都市散策","飛行機, 旅行会社ツアーバス",路線バス,満足,バスがもうすぐ来ることなどが分かりやすい,"10,000円以上 20,000円未満","30,000円以上 40,000円未満","10,000円以上 20,000円未満",初めて,インターネット・アプリ,兼六園,,尾山神社,,"1,000円未満",とても満足,スタッフの方がとても親切だった,とても満足,ゴミひとつ落ちていなくて綺麗だった。,感じなかった,,10,,また行きたい（1年以内）,美味しいお寿司、おでんなどの美味しい食事を楽しみにして来ました。堪能できてとても良かったです。,女,1969,千葉県,船橋市,"1,000万円以上 1,200万円未満","能登牛が当たる, ひゃくまんさんが好き, ARでひゃくまんさんと写真が撮りたかった",,,食べ物は美味しいし、兼六園やひがし茶屋街など景色の素晴らしいところも多いので
金沢エリア,金沢城公園,2023/12/28 23:27:03,同意する,2泊,1泊,金沢エリア  （湯涌温泉、深谷温泉、犀川温泉など）,福井県,夫婦2人,"温泉や露天風呂, 地元の美味しいものを食べる, 名所、旧跡の観光","新幹線, 在来線","路線バス, 徒歩",満足,周遊券を有効に使えたから。,"1,000円以上 3,000円未満","20,000円以上 30,000円未満","20,000円以上 30,000円未満",初めて,"新聞・雑誌・ガイドブック, 観光パンフレット・ポスター",兼六園,,金沢21世紀美術館,,"5,000円以上 10,000円未満",とても満足,豆皿茶屋の御膳が良かったから。,満足,,感じた,床が冷たい。,10,俳句ポスト,機会があれば行きたい,市場や茶屋街が閉まる店が早い。,男,1976,東京都,小平市,400万円以上 500万円未満,能登牛が当たる,,,近江町市場、自由軒のオムライス。
金沢エリア,金沢城公園,2023/12/29 11:28:57,同意する,1泊,1泊,金沢エリア  （湯涌温泉、深谷温泉、犀川温泉など）,石川県外には泊まらない,自分ひとり,地元の美味しいものを食べる,自家用車,自家用車,,,"5,000円以上 10,000円未満","1,000円以上 3,000円未満","10,000円以上 20,000円未満",2～5回目,"新聞・雑誌・ガイドブック, ",尾山神社,,尾山神社,,使わない,とても満足,,とても満足,,感じなかった,,10,,また行きたい（1年以内）,特になし,女,1977,石川県,能美市,500万円以上 600万円未満,ひゃくまんさんが好き,,,
金沢エリア,金沢城公園,2023/12/29 12:23:03,同意する,日帰り,石川県内には宿泊しない,石川県内には宿泊しない,富山県,夫婦2人,"地元の美味しいものを食べる, 名所、旧跡の観光, まちあるき、都市散策",自家用車,"自家用車, 徒歩",,,使わない,"3,000円以上 5,000円未満","5,000円以上 10,000円未満",11回目以上,"観光協会等の案内所, タクシードライバーや地元の人",選択なし/該当施設なし,本田の森公園、緑の小径、松風閣庭園など,尾山神社,,"1,000円未満",とても満足,落ち着いた雰囲気がとっていいです,とても満足,丁寧に手入れされていて、とっても綺麗,感じなかった,,10,小さい ひゃくまんさん が欲しいです,また行きたい（1年以内）,ご飯の時の混み方がすごいです,男,1959,富山県,富山市,200万円以上 300万円未満,"石川県のおすすめ観光スポットが見たい, ボランティアの人の案内が楽しかったです",,,金沢城公園周辺の街並みがすごく美しい
金沢エリア,金沢城公園,2023/12/30 11:39:53,同意する,4泊以上,石川県内には宿泊しない,石川県内には宿泊しない,石川県外には泊まらない,自分ひとり,"地元の美味しいものを食べる, 名所、旧跡の観光, 友人・親戚を訪ねる",在来線,徒歩,,,使わない,"3,000円以上 5,000円未満","1,000円以上 3,000円未満",11回目以上,"観光協会等の案内所, タクシードライバーや地元の人",尾山神社,,兼六園,,使わない,とても満足,,とても満足,,感じなかった,,10,,また行きたい（1年以内）,特になし,男,2004,愛知県,春日井市,100万円未満,"能登牛が当たる, ひゃくまんさんが好き, ARでひゃくまんさんと写真が撮りたかった, ひゃくまんさんの名刺をコレクションしている, 動く３Dひゃくまんさんを見たい, 石川県のおすすめ観光スポットが見たい",,,
金沢エリア,金沢城公園,2023/12/31 14:44:02,同意する,2泊,2泊,金沢エリア  （湯涌温泉、深谷温泉、犀川温泉など）,石川県外には泊まらない,中学生以下連れの家族,"宿でのんびり過ごす, 温泉や露天風呂, 地元の美味しいものを食べる, 名所、旧跡の観光, まちあるき、都市散策",自家用車,"自家用車, 徒歩",,,"50,000円以上 100,000円未満","10,000円以上 20,000円未満","20,000円以上 30,000円未満",2～5回目,新聞・雑誌・ガイドブック,近江町市場,,兼六園,,"1,000円以上 3,000円未満",どちらでもない,,どちらでもない,,感じた,,6,,機会があれば行きたい,寿司,女,1971,京都府,京都市,"900万円以上 1,000万円未満",能登牛が当たる,,,
金沢エリア,金沢城公園,2024/01/01 11:20:55,同意する,3泊,2泊,金沢エリア  （湯涌温泉、深谷温泉、犀川温泉など）,岐阜県,親,"温泉や露天風呂, 地元の美味しいものを食べる, 名所、旧跡の観光, まちあるき、都市散策, ドライブ・ツーリング, マンホールカード",自家用車,自家用車,,,"10,000円以上 20,000円未満","1,000円以上 3,000円未満","10,000円以上 20,000円未満",初めて,"観光パンフレット・ポスター, 観光連盟やDMOのHP, インターネット・アプリ",兼六園,,ひがし茶屋街,,"1,000円未満",満足,缶バッジをいただけるスタンプラリーが良かった。,満足,おすすめの見学ルートがよりわかりやすく掲示されているとより良いと思う。,感じなかった,,8,,機会があれば行きたい,海鮮料理、金箔ソフト、ひゃくまんさん,女,2000,岐阜県,本巣市,200万円以上 300万円未満,"能登牛が当たる, ひゃくまんさんが好き",,,海の幸
金沢エリア,金沢城公園,2024/01/01 20:21:38,同意する,2泊,2泊,能登エリア （和倉温泉、七尾市、輪島市、珠洲市など）,石川県外には泊まらない,小学生以下連れの家族,"地元の美味しいものを食べる, 名所、旧跡の観光",在来線,徒歩,,,"10,000円以上 20,000円未満","10,000円以上 20,000円未満","5,000円以上 10,000円未満",2～5回目,新聞・雑誌・ガイドブック,ひがし茶屋街,,兼六園,,"1,000円未満",満足,,満足,,感じなかった,,8,,機会があれば行きたい,特になし,女,1975,京都府,京都市,"1,500万円以上",ひゃくまんさんが好き,,,
金沢エリア,金沢城公園,2024/01/01 20:29:06,同意する,3泊,3泊,加賀エリア （山代温泉、山中温泉、片山津温泉、粟津温泉、辰口温泉、加賀市、小松市など）,石川県外には泊まらない,小学生以下連れの家族,"宿でのんびり過ごす, 地元の美味しいものを食べる, 名所、旧跡の観光","在来線, 旅行会社ツアーバス","タクシー, 徒歩",満足,タクシーのドライバーさんが丁寧だったので。,"10,000円以上 20,000円未満","20,000円以上 30,000円未満","10,000円以上 20,000円未満",2～5回目,"新聞・雑誌・ガイドブック, インターネット・アプリ",ひがし茶屋街,,尾山神社,,"1,000円以上 3,000円未満",満足,お正月で無料で兼六園に入園させていただけた,満足,特別に高い観光地料金に設定されていないので。,感じた,食事をできる場所が限られているので、結局、金沢場内を二周することになった。,10,ひゃくまんさんグッズの充実,また行きたい（1年以内）,美味しい海産物と、豪華な印象の文化体験,男,1972,京都府,京都市,"1,500万円以上",ひゃくまんさんが好き,,,ひゃくまんさんがかわいい。寿司が美味い。
金沢エリア,金沢城公園,2024/01/03 11:58:12,同意する,1泊,1泊,金沢エリア  （湯涌温泉、深谷温泉、犀川温泉など）,富山県,小学生以下連れの家族,テーマパーク（遊園地、動物園、博物館など）,自家用車,自家用車,,,"30,000円以上 40,000円未満","10,000円以上 20,000円未満","50,000円以上 100,000円未満",初めて,観光パンフレット・ポスター,兼六園,,ひがし茶屋街,,"1,000円以上 3,000円未満",どちらでもない,,どちらでもない,,感じた,トイレ,5,少ない,機会があれば行きたい,特に無し,男,1971,滋賀県,栗東市,300万円以上 400万円未満,なんとなく,,,
金沢エリア,金沢城公園,2024/01/03 12:32:18,同意する,1泊,1泊,金沢エリア  （湯涌温泉、深谷温泉、犀川温泉など）,石川県外には泊まらない,小学生以下連れの家族,"地元の美味しいものを食べる, 名所、旧跡の観光, 買い物、アウトレット, まちあるき、都市散策, 各種体験（手作り、果物狩りなど）",自家用車,"自家用車, 徒歩",,,"10,000円以上 20,000円未満","5,000円以上 10,000円未満","10,000円以上 20,000円未満",初めて,"観光パンフレット・ポスター, インターネット・アプリ, 観光協会等の案内所",選択なし/該当施設なし,,兼六園,,"1,000円未満",どちらでもない,お土産や金沢城をアピールする、金銭を払える場を増やしてください。,満足,施設内で案内？教えてくれるガイドの方の説明、充実,感じた,推奨される案内の順が途中わかりにくかった,10,景観を邪魔しない程度にもう少し軽食があれば嬉しい,また行きたい（1年以内）,金箔体験など伝統工芸の体験が豊富にある。ふらっと入ったチェーン店であろう回転寿司ですら美味しかった。そして地元をアピールもしていて良かった。,女,1984,滋賀県,栗東市,700万円以上 800万円未満,"能登牛が当たる, 石川県のおすすめ観光スポットが見たい, 石川県の雑学を知りたい",,,町、人の魅力。食も楽しい、文化や体験も素晴らしい
金沢エリア,金沢城公園,2024/01/20 21:25:37,同意する,4泊以上,4泊以上,金沢エリア  （湯涌温泉、深谷温泉、犀川温泉など）,石川県外には泊まらない,友人,"地元の美味しいものを食べる, 名所、旧跡の観光, まちあるき、都市散策, 各種体験（手作り、果物狩りなど）, 友人・親戚を訪ねる",飛行機,路線バス,満足,バスの本数が多い,"30,000円以上 40,000円未満","40,000円以上 50,000円未満","40,000円以上 50,000円未満",初めて,"観光展・物産展, 新聞・雑誌・ガイドブック, 友人・知人",近江町市場,,選択なし/該当施設なし,,"1,000円未満",満足,,満足,,感じなかった,,8,,また行きたい（1年以内）,どれも素晴らしい,女,1968,北海道,札幌市,700万円以上 800万円未満,"能登牛が当たる, ひゃくまんさんが好き",,,
金沢エリア,金沢城公園,2024/01/22 21:01:14,同意する,1泊,1泊,金沢エリア  （湯涌温泉、深谷温泉、犀川温泉など）,石川県外には泊まらない,自分ひとり,"地元の美味しいものを食べる, 名所、旧跡の観光, 買い物、アウトレット, まちあるき、都市散策",在来線,"路線バス, 徒歩",,,"3,000円以上 5,000円未満","20,000円以上 30,000円未満","20,000円以上 30,000円未満",初めて,観光連盟やDMOのHP,ひがし茶屋街,,兼六園,,"1,000円以上 3,000円未満",とても満足,,とても満足,,感じなかった,,10,,また行きたい（1年以内）,様々な地域の海産物の食事,女,1987,愛知県,名古屋市,300万円以上 400万円未満,動く３Dひゃくまんさんを見たい,,,
金沢エリア,金沢城公園,2024/01/29 11:33:50,同意する,1泊,1泊,金沢エリア  （湯涌温泉、深谷温泉、犀川温泉など）,石川県外には泊まらない,夫婦2人,"地元の美味しいものを食べる, 名所、旧跡の観光, まちあるき、都市散策",在来線,在来線,満足,しらさぎに初めて乗車したので、車窓の景色から楽しめた。,"5,000円以上 10,000円未満","10,000円以上 20,000円未満","10,000円以上 20,000円未満",初めて,"観光パンフレット・ポスター, インターネット・アプリ, 観光協会等の案内所",近江町市場,,兼六園,,"1,000円未満",満足,観光客に対する配慮を感じた。,満足,綺麗に整備されている,感じなかった,,8,特になし,また行きたい（1年以内）,その土地の味を楽しむ,女,1975,愛知県,名古屋市,500万円以上 600万円未満,石川県のおすすめ観光スポットが見たい,,,五十間長屋が、見ごたえあった
金沢エリア,金沢城公園,2024/01/29 19:00:41,同意する,4泊以上,4泊以上,金沢エリア  （湯涌温泉、深谷温泉、犀川温泉など）,石川県外には泊まらない,職場の同僚,出張など仕事関係,自家用車,徒歩,,,使わない,使わない,"20,000円以上 30,000円未満",初めて,インターネット・アプリ,近江町市場,,兼六園,,使わない,満足,,満足,,感じなかった,,8,,機会があれば行きたい,特になし,男,1983,栃木県,宇都宮市,600万円以上 700万円未満,ひゃくまんさんが好き,,,
金沢エリア,金沢城公園,2024/02/01 13:30:18,同意する,1泊,1泊,金沢エリア  （湯涌温泉、深谷温泉、犀川温泉など）,石川県外には泊まらない,夫婦2人,"地元の美味しいものを食べる, 名所、旧跡の観光, まちあるき、都市散策",在来線,路線バス,満足,時間が正確,"3,000円以上 5,000円未満","1,000円以上 3,000円未満","3,000円以上 5,000円未満",2～5回目,"新聞・雑誌・ガイドブック, インターネット・アプリ",兼六園,,尾山神社,,使わない,どちらでもない,,満足,,感じなかった,,8,,機会があれば行きたい,大変な時期でどうかと思いましたが、行ってよかったと感じました。,男,1970,滋賀県,近江八幡市,600万円以上 700万円未満,"能登牛が当たる, ひゃくまんさんが好き, なんとなく",,,
金沢エリア,金沢城公園,2024/02/03 16:48:09,同意する,2泊,2泊,金沢エリア  （湯涌温泉、深谷温泉、犀川温泉など）,石川県外には泊まらない,夫婦2人,"地元の美味しいものを食べる, 名所、旧跡の観光, 買い物、アウトレット, まちあるき、都市散策, 各種体験（手作り、果物狩りなど）",新幹線,路線バス,どちらでもない,あまりバスに乗らないので、少し疲れた,"20,000円以上 30,000円未満","30,000円以上 40,000円未満","50,000円以上 100,000円未満",初めて,"新聞・雑誌・ガイドブック, 友人・知人",近江町市場,,兼六園,,"1,000円以上 3,000円未満",どちらでもない,雨が降ってきたから,満足,ゆっくり観ることができた！,感じなかった,,10,アニメとのコラボなんかあったら楽しいかも,また行きたい（1年以内）,ひゃくまんさんがとても可愛くてファンになったので、もっとグッズやお食事とのコラボがあったら嬉しいです,女,1987,神奈川県,川崎市,600万円以上 700万円未満,"ひゃくまんさんが好き, ARでひゃくまんさんと写真が撮りたかった, 動く３Dひゃくまんさんを見たい",,,雪や雨に見舞われたけど、それでも景色がよく、ご飯も美味しくて、体験などもやれて、楽しかった
金沢エリア,金沢城公園,2024/02/04 15:03:47,同意する,4泊以上,4泊以上,金沢エリア  （湯涌温泉、深谷温泉、犀川温泉など）,岐阜県,恋人,"地元の美味しいものを食べる, 花見や紅葉などの自然鑑賞, 名所、旧跡の観光, お祭りやイベントへの参加・見物, まちあるき、都市散策",新幹線,徒歩,とても満足,,"5,000円以上 10,000円未満","5,000円以上 10,000円未満","1,000円以上 3,000円未満",初めて,"インターネット・アプリ, Youtube",ひがし茶屋街,,兼六園,,使わない,満足,It was partialy closed but the workers informed us about and offered us alternative routes,満足,,感じなかった,,10,,機会があれば行きたい,"Food was delicious, we love the fresh fish of the area. We don't like that the only Way of transportation from here to Nagano is the shinkansen, because the bus doesn't work in winter months. ",女,1996,北海道,札幌市,200万円以上 300万円未満,ひゃくまんさんが好き,,,
金沢エリア,金沢城公園,2024/02/04 21:30:54,同意する,1泊,1泊,金沢エリア  （湯涌温泉、深谷温泉、犀川温泉など）,石川県外には泊まらない,恋人,"地元の美味しいものを食べる, 名所、旧跡の観光, まちあるき、都市散策",新幹線,路線バス,満足,わかりやすかった,"5,000円以上 10,000円未満","20,000円以上 30,000円未満","20,000円以上 30,000円未満",初めて,"新聞・雑誌・ガイドブック, 観光パンフレット・ポスター",兼六園,,選択なし/該当施設なし,夕食に出かけた,"1,000円未満",どちらでもない,スタンプラリーしながらの見学は楽しかったけれど、御城印をいただいた際の日付けをご自身で。というのはガッカリしました。,満足,地震の影響のせい,感じた,地震のせいでの迂回,10,満足してます,機会があれば行きたい,特になし,女,1973,東京都,品川区,"1,500万円以上",なんとなく,,,街歩き
金沢エリア,金沢城公園,2024/02/05 21:56:59,同意する,日帰り,1泊,加賀エリア （山代温泉、山中温泉、片山津温泉、粟津温泉、辰口温泉、加賀市、小松市など）,石川県外には泊まらない,友人,お祭りやイベントへの参加・見物,ラン,ラン,とても満足,道がわかりやすい。金沢城に行くまでにも観光が楽しめる,使わない,使わない,"3,000円以上 5,000円未満",11回目以上,"観光展・物産展, 観光パンフレット・ポスター",尾山神社,,ひがし茶屋街,,"3,000円以上 5,000円未満",とても満足,地元の観光客に対してのおもてなしが暖かい！私、野々市なのに！金沢のおもてなしは誰にでも平等に暖かいって感激しました。,とても満足,地震の影響で入れない所があったのですがわざわざそとまで出て案内をしてくれました。,感じなかった,,10,スタンプラリー、嬉しいですね。すごい物じゃなくてもコンプリートしてもらったらメダルに匹敵するかちがある‼️  プチイベントたくさん作って下さい！          ,また行きたい（1年以内）,金沢おでんってどういうやつ？って聞かれますヾ(=д= ；)。教えてください！,女,1972,石川県,野々市,800万円以上 900万円未満,"能登牛が当たる, 石川県のおすすめ観光スポットが見たい, 石川県の雑学を知りたい",,,宇多須神社の節分祭り、金沢芸妓さんの艶やかな姿と今もなお受け継がれている伝統をたくさんの国内外の方に見て貰いたいです。
金沢エリア,金沢城公園,2024/02/06 14:07:06,同意する,4泊以上,4泊以上,金沢エリア  （湯涌温泉、深谷温泉、犀川温泉など）,石川県外には泊まらない,自分ひとり,出張など仕事関係,新幹線,徒歩,,,"50,000円以上 100,000円未満","40,000円以上 50,000円未満","20,000円以上 30,000円未満",初めて,"新聞・雑誌・ガイドブック, 観光パンフレット・ポスター",近江町市場,,兼六園,,"1,000円未満",どちらでもない,開園前に立ち寄ったので,満足,開園前でもある程度楽しめたため,感じなかった,,10,特にありません,機会があれば行きたい,特になし,男,1973,千葉県,千葉市,"900万円以上 1,000万円未満","能登牛が当たる, ARでひゃくまんさんと写真が撮りたかった, なんとなく",,,食べ物が美味しかった！
金沢エリア,金沢城公園,2024/02/18 11:11:58,同意する,2泊,2泊,金沢エリア  （湯涌温泉、深谷温泉、犀川温泉など）,石川県外には泊まらない,自分ひとり,"地元の美味しいものを食べる, 名所、旧跡の観光, テーマパーク（遊園地、動物園、博物館など）, 買い物、アウトレット, まちあるき、都市散策",新幹線,路線バス,満足,便利ではあったがバスが多くて1日チケットが使えるのかドキドキして乗ってました。,"5,000円以上 10,000円未満","20,000円以上 30,000円未満","40,000円以上 50,000円未満",初めて,観光パンフレット・ポスター,兼六園,,近江町市場,,"1,000円未満",満足,よく分からず時間があったので行きました。,満足,事前に復元工事の事など知らなかったので立派でびっくりしました。,感じた,広くてどこから行っていいのやら・・次回勉強して,7,ちょっと寒かったので菱櫓を見て帰りましたが暖かくなったらもっとゆっくり休みながら見てみたいとおもいました。,また行きたい（1年以内）,歩いて裏道とか行きたいが住所表記が少ない気がする。とても迷った。歩いてみてね。,女,1950,東京都,青梅市,200万円以上 300万円未満,"能登牛が当たる, ひゃくまんさんが好き",,,地震後だったので見れない所もあり、まず私がもう一度行ってみる。
金沢エリア,金沢城公園,2024/02/18 16:11:43,同意する,4泊以上,2泊,金沢エリア  （湯涌温泉、深谷温泉、犀川温泉など）,富山県,友人,"地元の美味しいものを食べる, 花見や紅葉などの自然鑑賞, 名所、旧跡の観光, 買い物、アウトレット, 各種体験（手作り、果物狩りなど）",在来線,"路線バス, 徒歩",満足,,"1,000円以上 3,000円未満","10,000円以上 20,000円未満","20,000円以上 30,000円未満",初めて,"インターネット・アプリ, X(旧：Twitter)",近江町市場,,ひがし茶屋街,,"1,000円以上 3,000円未満",満足,,満足,,感じなかった,,10,,また行きたい（1年以内）,特になし,男,2003,大阪府,大阪市,700万円以上 800万円未満,ひゃくまんさんが好き,,,
金沢エリア,金沢城公園,2024/02/19 17:45:04,同意する,2泊,1泊,金沢エリア  （湯涌温泉、深谷温泉、犀川温泉など）,福井県,夫婦2人,"地元の美味しいものを食べる, 花見や紅葉などの自然鑑賞, 名所、旧跡の観光, 買い物、アウトレット, まちあるき、都市散策","新幹線, 在来線",徒歩,,,"1,000円以上 3,000円未満","1,000円未満","5,000円以上 10,000円未満",初めて,インターネット・アプリ,近江町市場,,兼六園,,使わない,とても満足,缶バッジがいただけた,とても満足,案内がよかった,感じた,まわりみちしたこと,10,ここしかたべれないもの,また行きたい（1年以内）,よかった！,女,1983,東京都,板橋区,100万円未満,能登牛が当たる,,,きれいだった
金沢エリア,金沢城公園,2024/02/19 23:05:38,同意する,2泊,2泊,金沢エリア  （湯涌温泉、深谷温泉、犀川温泉など）,石川県外には泊まらない,夫婦2人,"地元の美味しいものを食べる, 名所、旧跡の観光",在来線,路線バス,どちらでもない,,"5,000円以上 10,000円未満","5,000円以上 10,000円未満","10,000円以上 20,000円未満",初めて,インターネット・アプリ,尾山神社,,兼六園,,"1,000円未満",満足,,どちらでもない,,感じなかった,,5,,機会があれば行きたい,兼六園は若い人、海外観光客が多かった。お抹茶おいしかった,男,1975,奈良県,葛城市,800万円以上 900万円未満,ひゃくまんさんが好き,,,
金沢エリア,金沢城公園,2024/02/20 12:07:14,同意する,2泊,2泊,金沢エリア  （湯涌温泉、深谷温泉、犀川温泉など）,石川県外には泊まらない,友人,"宿でのんびり過ごす, 地元の美味しいものを食べる, 名所、旧跡の観光, テーマパーク（遊園地、動物園、博物館など）, お祭りやイベントへの参加・見物",新幹線,"路線バス, 徒歩",とても満足,,"10,000円以上 20,000円未満","3,000円以上 5,000円未満","20,000円以上 30,000円未満",初めて,"観光展・物産展, 新聞・雑誌・ガイドブック",ひがし茶屋街,,兼六園,,"3,000円以上 5,000円未満",とても満足,,とても満足,,感じなかった,,10,,また行きたい（1年以内）,特になし,男,2003,神奈川県,横浜市,"1,500万円以上","ひゃくまんさんが好き, ARでひゃくまんさんと写真が撮りたかった",,,
金沢エリア,金沢城公園,2024/02/21 14:29:15,同意する,1泊,1泊,金沢エリア  （湯涌温泉、深谷温泉、犀川温泉など）,石川県外には泊まらない,友人,"地元の美味しいものを食べる, 名所、旧跡の観光",新幹線,路線バス,とても満足,路線バスの充実,"5,000円以上 10,000円未満","20,000円以上 30,000円未満","20,000円以上 30,000円未満",初めて,"観光パンフレット・ポスター, 友人・知人",近江町市場,,ひがし茶屋街,,"1,000円未満",満足,待合室など充実,とても満足,施設が綺麗,感じなかった,,10,特には。これからも頑張って下さい,また行きたい（1年以内）,なし,女,1971,東京都,新宿区,300万円以上 400万円未満,ひゃくまんさんが好き,,,観光のし易さ
金沢エリア,金沢城公園,2024/02/21 19:45:05,同意する,1泊,1泊,金沢エリア  （湯涌温泉、深谷温泉、犀川温泉など）,石川県外には泊まらない,友人,"地元の美味しいものを食べる, 名所、旧跡の観光, まちあるき、都市散策",在来線,路線バス,とても満足,不便なく回れた,"10,000円以上 20,000円未満","3,000円以上 5,000円未満","30,000円以上 40,000円未満",初めて,"新聞・雑誌・ガイドブック, 観光パンフレット・ポスター, インターネット・アプリ, タクシードライバーや地元の人",近江町市場,,ひがし茶屋街,,"1,000円未満",とても満足,不便なかつた,とても満足,不便なかった,感じなかった,雨降った,10,特になし,また行きたい（1年以内）,とくになしあ,女,1969,大阪府,大阪市,200万円以上 300万円未満,"能登牛が当たる, ひゃくまんさんが好き",,,魚か美味しい
金沢エリア,金沢城公園,2024/02/25 13:22:30,同意する,1泊,1泊,金沢エリア  （湯涌温泉、深谷温泉、犀川温泉など）,石川県外には泊まらない,小学生以下連れの家族,地元の美味しいものを食べる,自家用車,徒歩,,,"5,000円以上 10,000円未満","1,000円未満","5,000円以上 10,000円未満",2～5回目,インターネット・アプリ,近江町市場,,兼六園,,"1,000円未満",とても満足,スタンプラリーをするためにきました　スタンプラリーは今後も継続を希望します,とても満足,スタッフの案内が親切で分かりやすかったです,感じなかった,,10,芝生のあたりで屋台があるといいと思います,また行きたい（1年以内）,海産物を楽しみにきました。美味しいものが食べれて満足です。,女,1981,新潟県,長岡市,"900万円以上 1,000万円未満","能登牛が当たる, ひゃくまんさんが好き",,,金沢城のスタンプラリー
金沢エリア,金沢城公園,2024/02/27 19:42:03,同意する,日帰り,石川県内には宿泊しない,石川県内には宿泊しない,石川県外には泊まらない,自分ひとり,"地元の美味しいものを食べる, 名所、旧跡の観光",在来線,"在来線, レンタサイクル",とても満足,レンタサイクルが充実していたし、金沢駅から自転車圏内に複数観光スポットがある。,使わない,"1,000円以上 3,000円未満","10,000円以上 20,000円未満",2～5回目,観光協会等の案内所,尾山神社,,兼六園,,"1,000円未満",とても満足,スタンプラリーが良かった。,とても満足,久しぶりに訪れたが、休憩所など整備されていたり、復元物も綺麗になっていた。,感じなかった,特になし。,9,今の状態で十分満足でした。,機会があれば行きたい,特になし。,男,1983,奈良県,大和郡山市,500万円以上 600万円未満,能登牛が当たる,,,日帰りでも観光や食事を駅周辺でも色々楽しめるので、気楽に来られます。
金沢エリア,金沢城公園,2024/02/28 11:30:43,同意する,1泊,1泊,金沢エリア  （湯涌温泉、深谷温泉、犀川温泉など）,石川県外には泊まらない,夫婦2人,"地元の美味しいものを食べる, まちあるき、都市散策",新幹線,徒歩,,,"5,000円以上 10,000円未満","20,000円以上 30,000円未満","10,000円以上 20,000円未満",2～5回目,インターネット・アプリ,ひがし茶屋街,,尾山神社,,使わない,どちらでもない,,どちらでもない,,感じなかった,,10,,また行きたい（1年以内）,特に無し,女,1968,千葉県,市川市,600万円以上 700万円未満,ひゃくまんさんが好き,,,町並みがきれい
金沢エリア,金沢城公園,2024/03/01 15:22:27,同意する,1泊,1泊,金沢エリア  （湯涌温泉、深谷温泉、犀川温泉など）,石川県外には泊まらない,親,"地元の美味しいものを食べる, 名所、旧跡の観光, まちあるき、都市散策",在来線,徒歩,,,"5,000円以上 10,000円未満","20,000円以上 30,000円未満","5,000円以上 10,000円未満",初めて,"新聞・雑誌・ガイドブック, 観光パンフレット・ポスター",近江町市場,,兼六園,,"1,000円未満",とても満足,,満足,,感じなかった,,8,,また行きたい（1年以内）,特になし,女,1985,愛知県,名古屋市,200万円以上 300万円未満,ひゃくまんさんが好き,,,
金沢エリア,金沢城公園,2024/03/03 11:52:29,同意する,日帰り,石川県内には宿泊しない,石川県内には宿泊しない,石川県外には泊まらない,友人,"地元の美味しいものを食べる, 名所、旧跡の観光, まちあるき、都市散策",在来線,徒歩,とても満足,街歩きを楽しめたから,使わない,"1,000円以上 3,000円未満","5,000円以上 10,000円未満",2～5回目,"インターネット・アプリ, 友人・知人",近江町市場,,選択なし/該当施設なし,妙立寺,"1,000円以上 3,000円未満",とても満足,石垣が素晴らしかった,とても満足,,感じなかった,,8,,機会があれば行きたい,特になし,女,1968,兵庫県,神戸市,400万円以上 500万円未満,なんとなく,,,
金沢エリア,金沢城公園,2024/03/03 21:26:15,同意する,日帰り,石川県内には宿泊しない,石川県内には宿泊しない,石川県外には泊まらない,自分ひとり,"名所、旧跡の観光, まちあるき、都市散策",県外から訪れていない（石川県内在住）,路線バス,満足,,使わない,"1,000円未満","3,000円以上 5,000円未満",11回目以上,"インターネット・アプリ, X(旧：Twitter)",兼六園,,近江町市場,,使わない,とても満足,,とても満足,,感じなかった,,10,,石川県在住,特になし,女,1981,石川県,金沢市,500万円以上 600万円未満,"動く３Dひゃくまんさんを見たい, なんとなく",,,
金沢エリア,金沢城公園,2024/03/06 0:15:47,同意する,3泊,3泊,金沢エリア  （湯涌温泉、深谷温泉、犀川温泉など）,石川県外には泊まらない,夫婦2人,"地元の美味しいものを食べる, 買い物、アウトレット, まちあるき、都市散策, 友人・親戚を訪ねる, 前撮り","新幹線, 在来線","路線バス, 徒歩",,,"30,000円以上 40,000円未満","30,000円以上 40,000円未満","20,000円以上 30,000円未満",2～5回目,"インターネット・アプリ, Instagram, 友人・知人",近江町市場,,尾山神社,,"1,000円以上 3,000円未満",とても満足,混雑せずに、金箔ソフトクリームを食べながら金沢城がみれた。また、飲み物のカップがかわいかった。,満足,歩く所が多くて、細かい所まで見ることができなかったが、また次回見る楽しみがあった。城から連なる雪山が見れて綺麗だった。,感じなかった,,9,金沢城もしくは地域ににちなんだ昔の食事が食べたい。土産は、いろいろな天気のポストカードがほしい。寒くて写真を撮るのが大変だったため。,また行きたい（1年以内）,金沢カレー食べ比べ店があると良い。土産は、ボールペン種類増やしてほしい。アクティビティは、もうあるかもしれないがタクシーで街周遊。,女,1983,神奈川県,座間市,500万円以上 600万円未満,かわいいひゃくまんさんの名刺を見つけて、よく見たらキャンペーンも見つけたから,,,金沢城見ながらのカフェ。歩いて行ける近江市場の海鮮丼は、色々あるから面白い。
金沢エリア,金沢城公園,2024/03/07 10:01:36,同意する,1泊,1泊,金沢エリア  （湯涌温泉、深谷温泉、犀川温泉など）,石川県外には泊まらない,友人,"宿でのんびり過ごす, 温泉や露天風呂, 地元の美味しいものを食べる, 花見や紅葉などの自然鑑賞, 名所、旧跡の観光",新幹線,徒歩,,,"20,000円以上 30,000円未満","10,000円以上 20,000円未満","5,000円以上 10,000円未満",初めて,X(旧：Twitter),選択なし/該当施設なし,,ひがし茶屋街,,"1,000円未満",満足,,満足,,感じなかった,,10,,また行きたい（1年以内）,特になし,女,2003,千葉県,習志野市,"900万円以上 1,000万円未満",なんとなく,,,海鮮丼　おいしかった
金沢エリア,金沢城公園,2024/03/08 21:08:02,同意する,2泊,2泊,金沢エリア  （湯涌温泉、深谷温泉、犀川温泉など）,石川県外には泊まらない,自分ひとり,地元の美味しいものを食べる,旅行会社ツアーバス,徒歩,,,"5,000円以上 10,000円未満","5,000円以上 10,000円未満","20,000円以上 30,000円未満",初めて,観光展・物産展,兼六園,,近江町市場,,使わない,とても満足,,とても満足,,感じなかった,,10,,また行きたい（1年以内）,美味しいご飯,男,1998,愛知県,名古屋市,100万円未満,ひゃくまんさんが好き,,,
金沢エリア,金沢城公園,2024/03/08 21:35:07,同意する,1泊,1泊,金沢エリア  （湯涌温泉、深谷温泉、犀川温泉など）,石川県外には泊まらない,友人,"地元の美味しいものを食べる, 各種体験（手作り、果物狩りなど）",新幹線,徒歩,,,"20,000円以上 30,000円未満","3,000円以上 5,000円未満","10,000円以上 20,000円未満",初めて,"TV・ラジオ番組やCM, X(旧：Twitter)",兼六園,,金沢21世紀美術館,,使わない,とても満足,自然が豊だった,とても満足,,感じなかった,,8,,また行きたい（1年以内）,おいしいもの,男,2004,東京都,文京区,"1,000万円以上 1,200万円未満","ひゃくまんさんが好き, ARでひゃくまんさんと写真が撮りたかった, ひゃくまんさんの名刺をコレクションしている, 動く３Dひゃくまんさんを見たい",,,
金沢エリア,金沢城公園,2024/03/09 9:46:31,同意する,2泊,1泊,金沢エリア  （湯涌温泉、深谷温泉、犀川温泉など）,福井県,団体旅行,"地元の美味しいものを食べる, 名所、旧跡の観光",旅行会社ツアーバス,"自家用車, 在来線",満足,サンダーバードがすき,"5,000円以上 10,000円未満","5,000円以上 10,000円未満","10,000円以上 20,000円未満",2～5回目,以前来ている,兼六園,,選択なし/該当施設なし,,"1,000円未満",どちらでもない,前回も来ているから,とても満足,綺麗に手入れしてある,感じなかった,,10,公園なので特になくてもよいかと,また行きたい（1年以内）,日本酒が特に最高、魚介類が最高,男,1982,鳥取県,鳥取市,500万円以上 600万円未満,"能登牛が当たる, ひゃくまんさんが好き, 動く３Dひゃくまんさんを見たい",,,美味しいものと街並みが好き
金沢エリア,金沢城公園,2024/03/09 15:20:18,同意する,1泊,1泊,金沢エリア  （湯涌温泉、深谷温泉、犀川温泉など）,石川県外には泊まらない,友人,"地元の美味しいものを食べる, まちあるき、都市散策",新幹線,徒歩,,,"5,000円以上 10,000円未満","10,000円以上 20,000円未満","10,000円以上 20,000円未満",初めて,"インターネット・アプリ, Instagram",尾山神社,,兼六園,,"1,000円以上 3,000円未満",とても満足,,とても満足,,感じなかった,,10,,また行きたい（1年以内）,特になし,女,1998,長野県,佐久市,100万円以上 200万円未満,ひゃくまんさんが好き,,,
金沢エリア,金沢城公園,2024/03/11 8:55:17,同意する,1泊,1泊,金沢エリア  （湯涌温泉、深谷温泉、犀川温泉など）,石川県外には泊まらない,自分ひとり,"地元の美味しいものを食べる, 名所、旧跡の観光, まちあるき、都市散策",在来線,徒歩,,,"3,000円以上 5,000円未満","3,000円以上 5,000円未満","10,000円以上 20,000円未満",2～5回目,観光パンフレット・ポスター,近江町市場,,ひがし茶屋街,,使わない,満足,,満足,,感じた,休憩所に充電するところがあれば助かる,8,,機会があれば行きたい,おすすめグルメスポットを紹介したフリーペーパーがあったらわかりやすい,男,1991,大阪府,貝塚市,300万円以上 400万円未満,"能登牛が当たる, ひゃくまんさんが好き",,,
金沢エリア,金沢城公園,2024/03/17 9:50:30,同意する,2泊,2泊,金沢エリア  （湯涌温泉、深谷温泉、犀川温泉など）,石川県外には泊まらない,夫婦2人,"地元の美味しいものを食べる, 名所、旧跡の観光",新幹線,"路線バス, 徒歩",不満,路線バスの香林坊から東部車庫行きに乗車したとき、立っている乗客に「安全のためつかまって下さい」と運転手さんがしつこく声をかけしていましたが、ちょっとしつこくて不自然な感じでした。声かけのわりに丁寧な運転には感じませんでした。,"10,000円以上 20,000円未満","30,000円以上 40,000円未満","30,000円以上 40,000円未満",初めて,インターネット・アプリ,選択なし/該当施設なし,,兼六園,,"1,000円以上 3,000円未満",とても満足,全体的にきれい,とても満足,とてもきれいに整備されている,感じなかった,,10,,機会があれば行きたい,とくになし,女,1965,栃木県,宇都宮市,100万円以上 200万円未満,能登牛が当たる,,,金沢城と兼六園
金沢エリア,金沢城公園,2024/03/17 16:49:26,同意する,1泊,1泊,金沢エリア  （湯涌温泉、深谷温泉、犀川温泉など）,石川県外には泊まらない,友人,北陸新幹線沿線開業,"新幹線, 在来線",徒歩,,,"10,000円以上 20,000円未満","10,000円以上 20,000円未満","10,000円以上 20,000円未満",初めて,新聞・雑誌・ガイドブック,尾山神社,,ひがし茶屋街,,使わない,とても満足,自由に散策できる,とても満足,,感じた,地図を見ながら行ったが通行止めの箇所がたくさんあった,10,閉店になっていたので　利用できませんでした,機会があれば行きたい,季節の海鮮料理をいただきたいと思う　バスが交通系カードか使えないのが不便　金沢駅のバス停のおじさんの無愛想なこと,女,1953,京都府,亀岡市,300万円以上 400万円未満,ひゃくまんさんが好き,,,庭園や長屋　　石垣　など見処がある
金沢エリア,金沢城公園,2024/03/26 23:12:43,同意する,2泊,2泊,金沢エリア  （湯涌温泉、深谷温泉、犀川温泉など）,石川県外には泊まらない,小学生以下連れの家族,大正琴の祭典に出場した,新幹線,徒歩,,,"20,000円以上 30,000円未満","30,000円以上 40,000円未満","50,000円以上 100,000円未満",初めて,"新聞・雑誌・ガイドブック, 観光パンフレット・ポスター, インターネット・アプリ, Instagram, 友人・知人",尾山神社,,兼六園,,"1,000円以上 3,000円未満",とても満足,案内板がわかりやすかった。,とても満足,実際に昔の建物の中に入ることができた。,感じなかった,,10,特にないです！,また行きたい（1年以内）,特になし,女,1980,静岡県,沼津市,400万円以上 500万円未満,"能登牛が当たる, ひゃくまんさんが好き, ARでひゃくまんさんと写真が撮りたかった, ひゃくまんさんの名刺をコレクションしている, 動く３Dひゃくまんさんを見たい, 石川県のおすすめ観光スポットが見たい, 石川県の雑学を知りたい",,,武家屋敷跡周辺　歴史的な街並みと人の温かさを感じることができた。
金沢エリア,金沢城公園,2024/03/26 23:24:14,同意する,2泊,2泊,金沢エリア  （湯涌温泉、深谷温泉、犀川温泉など）,石川県外には泊まらない,小学生以下連れの家族,大正琴の祭典に出場する,新幹線,徒歩,,,"20,000円以上 30,000円未満","30,000円以上 40,000円未満","50,000円以上 100,000円未満",初めて,"新聞・雑誌・ガイドブック, 観光パンフレット・ポスター, インターネット・アプリ, Instagram, 友人・知人",尾山神社,,兼六園,,"1,000円以上 3,000円未満",とても満足,案内板がわかりやすい,とても満足,実際に昔の建物の中に入れる,感じなかった,,10,とくになし,また行きたい（1年以内）,特になし,女,1980,静岡県,沼津市,400万円以上 500万円未満,"能登牛が当たる, ひゃくまんさんが好き, ARでひゃくまんさんと写真が撮りたかった, ひゃくまんさんの名刺をコレクションしている, 動く３Dひゃくまんさんを見たい, 石川県のおすすめ観光スポットが見たい, 石川県の雑学を知りたい",,,武家屋敷跡周辺　歴史的な街並みと人の温かさ
金沢エリア,金沢城公園,2024/03/27 15:12:25,同意する,1泊,1泊,金沢エリア  （湯涌温泉、深谷温泉、犀川温泉など）,石川県外には泊まらない,夫婦2人,"温泉や露天風呂, 地元の美味しいものを食べる, 名所、旧跡の観光",新幹線,徒歩,どちらでもない,バスの運転が全体的に荒かった,"5,000円以上 10,000円未満","1,000円以上 3,000円未満","5,000円以上 10,000円未満",初めて,新聞・雑誌・ガイドブック,近江町市場,,兼六園,,"1,000円未満",満足,ベンチもたくさんあり休みやすい。説明も多く退屈しない,満足,どこも設備が綺麗でよかった,感じなかった,特にありません,7,特にありません,機会があれば行きたい,特になし,女,1979,兵庫県,宝塚市,600万円以上 700万円未満,"能登牛が当たる, ARでひゃくまんさんと写真が撮りたかった, 動く３Dひゃくまんさんを見たい, 石川県のおすすめ観光スポットが見たい",,,兼六園
金沢エリア,金沢城公園,2024/03/27 15:16:13,同意する,1泊,1泊,金沢エリア  （湯涌温泉、深谷温泉、犀川温泉など）,石川県外には泊まらない,夫婦2人,"名所、旧跡の観光, まちあるき、都市散策","新幹線, 在来線",路線バス,満足,概ね満足ですが、交通系ICカードが使えないのは不便と思いました,"5,000円以上 10,000円未満","10,000円以上 20,000円未満","10,000円以上 20,000円未満",初めて,新聞・雑誌・ガイドブック,兼六園,,ひがし茶屋街,,"1,000円未満",どちらでもない,散歩に来たので,満足,,感じなかった,,5,,機会があれば行きたい,特に無し,男,1976,兵庫県,宝塚市,500万円以上 600万円未満,"能登牛が当たる, なんとなく",,,兼六園は良かった
金沢エリア,金沢城公園,2024/03/28 17:13:53,同意する,1泊,1泊,金沢エリア  （湯涌温泉、深谷温泉、犀川温泉など）,石川県外には泊まらない,夫婦2人,"温泉や露天風呂, 地元の美味しいものを食べる, 名所、旧跡の観光, テーマパーク（遊園地、動物園、博物館など）, ドライブ・ツーリング",自家用車,自家用車,,,"10,000円以上 20,000円未満","1,000円未満","10,000円以上 20,000円未満",11回目以上,"新聞・雑誌・ガイドブック, Instagram, 友人・知人",兼六園,,近江町市場,,"1,000円未満",とても満足,お店がお洒落だった,とても満足,お城がキレイ,感じなかった,,10,,石川県在住,特になし,女,1977,石川県,金沢市,"900万円以上 1,000万円未満",ひゃくまんさんが好き,,,海鮮類　新鮮で美味しい
金沢エリア,金沢城公園,2024/03/28 17:51:26,同意する,1泊,1泊,金沢エリア  （湯涌温泉、深谷温泉、犀川温泉など）,石川県外には泊まらない,夫婦2人,スポーツ観戦や芸術鑑賞（コンサート等）,新幹線,徒歩,,,"5,000円以上 10,000円未満","10,000円以上 20,000円未満","10,000円以上 20,000円未満",初めて,観光パンフレット・ポスター,ひがし茶屋街,,兼六園,,使わない,とても満足,ボランティアガイドの方が親切に質問に答えてくれた。,とても満足,ドラクエウォーク(スマホアプリゲーム)でレアアイテムがゲットできる。,感じなかった,,10,広いがのどが乾いてもなかなか給水できるところがないように感じました。でも自販機とか味気ないものよりは、和風の出店があれば利用する人は多いと思う。,また行きたい（1年以内）,金沢競馬をもっと盛り上げたい。,女,1975,大阪府,大阪市,100万円以上 200万円未満,ひゃくまんさんが好き,,,歴史と文化を感じ、どこも美しく食べ物がおいしい。兼六園内のような茶店があればうれしい。
金沢エリア,金沢城公園,2024/03/29 12:31:23,同意する,日帰り,石川県内には宿泊しない,石川県内には宿泊しない,石川県外には泊まらない,自分ひとり,名所、旧跡の観光,自家用車,自家用車,とても満足,,使わない,"1,000円未満","1,000円以上 3,000円未満",11回目以上,観光協会等の案内所,兼六園,,金沢21世紀美術館,,"1,000円未満",とても満足,,とても満足,,感じなかった,,10,体験できるアクティビティが増えるといいな,また行きたい（1年以内）,可愛いお土産のお菓子とか有ればいいな,女,1980,石川県,金沢市,100万円以上 200万円未満,ひゃくまんさんが好き,,,VR映像が凄かった
金沢エリア,金沢城公園,2024/03/29 13:24:30,同意する,日帰り,石川県内には宿泊しない,石川県内には宿泊しない,石川県外には泊まらない,自分ひとり,"宿でのんびり過ごす, 温泉や露天風呂, 地元の美味しいものを食べる, 花見や紅葉などの自然鑑賞, 名所、旧跡の観光, テーマパーク（遊園地、動物園、博物館など）, 買い物、アウトレット, お祭りやイベントへの参加・見物, スポーツ観戦や芸術鑑賞（コンサート等）, アウトドア（海水浴、釣り、登山など）, まちあるき、都市散策, 各種体験（手作り、果物狩りなど）, スキー・スノボ・マリンスポーツ, その他スポーツ（ゴルフ、テニスなど）, ドライブ・ツーリング, 友人・親戚を訪ねる, 出張など仕事関係","新幹線, 旅行会社ツアーバス","自家用車, 路線バス",とても満足,支援物資等に説明明確していて最高です✨,"100,000円以上","100,000円以上","100,000円以上",11回目以上,"観光展・物産展, 新聞・雑誌・ガイドブック, TV・ラジオ番組やCM, 観光パンフレット・ポスター, 観光連盟やDMOのHP, インターネット・アプリ, X(旧：Twitter), Instagram, Facebook, ブログ, 友人・知人, 観光協会等の案内所, タクシードライバーや地元の人",近江町市場,食糧支援や警察支援等に役立っていて説明明瞭していて最高です✨,尾山神社,詳細支援や観光支援等に説明明瞭していて最高です✨,"100,000円以上",とても満足,旅行支援や医療支援等に捗っておりとても充実しておりましす。,とても不満,開催支援や交際支援等に説明明確でとても最高です✨,感じた,地震支援や医師支援等に説明明瞭していて最高です✨,10,支援物資や治療物資等に説明明確していて最高,石川県在住,エンタープライズ最高。,男,1980,石川県,金沢市,100万円未満,"能登牛が当たる, ひゃくまんさんが好き, ARでひゃくまんさんと写真が撮りたかった, ひゃくまんさんの名刺をコレクションしている, 動く３Dひゃくまんさんを見たい, 石川県のおすすめ観光スポットが見たい, 石川県の雑学を知りたい, なんとなく",,,親近者や親族者等に説明明瞭していて最高。
金沢エリア,金沢城公園,2024/03/31 7:48:07,同意する,1泊,1泊,金沢エリア  （湯涌温泉、深谷温泉、犀川温泉など）,石川県外には泊まらない,夫婦2人,"温泉や露天風呂, 地元の美味しいものを食べる",自家用車,自家用車,,,"20,000円以上 30,000円未満","1,000円未満","5,000円以上 10,000円未満",初めて,"新聞・雑誌・ガイドブック, 観光パンフレット・ポスター",近江町市場,,ひがし茶屋街,,使わない,満足,公園がとても綺麗に整備されていた,満足,とても綺麗に整備されていた,感じなかった,,5,,機会があれば行きたい,特になし,男,1964,京都府,城陽市,"900万円以上 1,000万円未満","能登牛が当たる, ひゃくまんさんが好き",,,
金沢エリア,金沢城公園,2024/03/31 7:54:06,同意する,1泊,1泊,金沢エリア  （湯涌温泉、深谷温泉、犀川温泉など）,石川県外には泊まらない,夫婦2人,"温泉や露天風呂, 地元の美味しいものを食べる",自家用車,自家用車,,,"20,000円以上 30,000円未満","1,000円未満","5,000円以上 10,000円未満",初めて,観光連盟やDMOのHP,近江町市場,,ひがし茶屋街,,使わない,どちらでもない,,満足,,感じなかった,,5,,機会があれば行きたい,特になし,男,1964,京都府,城陽市,"900万円以上 1,000万円未満",能登牛が当たる,,,
金沢エリア,金沢城公園,2024/04/02 15:39:42,同意する,1泊,1泊,金沢エリア  （湯涌温泉、深谷温泉、犀川温泉など）,石川県外には泊まらない,小学生以下連れの家族,"地元の美味しいものを食べる, 名所、旧跡の観光, 買い物、アウトレット",自家用車,路線バス,,,"10,000円以上 20,000円未満","5,000円以上 10,000円未満","10,000円以上 20,000円未満",2～5回目,"TV・ラジオ番組やCM, X(旧：Twitter), Instagram",兼六園,,近江町市場,,"1,000円未満",満足,ボランティアさんの説明が参考になった,満足,綺麗なトイレがあった,感じなかった,,10,城グッズがほしい,機会があれば行きたい,ご当地ガチャガチャが面白かったのでもっと増やして欲しい,女,1988,千葉県,船橋市,600万円以上 700万円未満,"ひゃくまんさんが好き, ARでひゃくまんさんと写真が撮りたかった",,,金沢全体の利便性
金沢エリア,金沢城公園,2024/04/05 15:32:31,同意する,1泊,1泊,金沢エリア  （湯涌温泉、深谷温泉、犀川温泉など）,石川県外には泊まらない,自分ひとり,"地元の美味しいものを食べる, 花見や紅葉などの自然鑑賞, 名所、旧跡の観光, まちあるき、都市散策, ラブライブ！のコラボイベント参加","新幹線, 在来線",徒歩,,,"10,000円以上 20,000円未満","20,000円以上 30,000円未満","20,000円以上 30,000円未満",2～5回目,"インターネット・アプリ, X(旧：Twitter), ラブライブ！コラボイベント",選択なし/該当施設なし,石浦神社,近江町市場,,"1,000円未満",満足,桜が満開で素晴らしい景観だった,満足,休憩所などが適度にあって良かった,感じなかった,,10,特になし,また行きたい（1年以内）,海の幸,男,1983,東京都,板橋区,700万円以上 800万円未満,"ひゃくまんさんが好き, ARでひゃくまんさんと写真が撮りたかった, 動く３Dひゃくまんさんを見たい",とても満足,10,伝統ある街の魅力と美味しい食べ物
金沢エリア,金沢城公園,2024/04/06 1:41:01,同意する,日帰り,石川県内には宿泊しない,石川県内には宿泊しない,日帰り,友人,お祭りやイベントへの参加・見物,自家用車,"自家用車, 徒歩",,,使わない,"1,000円以上 3,000円未満","10,000円以上 20,000円未満",2～5回目,"観光パンフレット・ポスター, インターネット・アプリ, X(旧：Twitter)",近江町市場,,ひがし茶屋街,,"1,000円以上 3,000円未満",満足,団子が美味しかった,満足,景色が良かった,感じた,広くてトイレが遠い,8,観光価格になっている持ち運べるドリンク類が手軽な価格になってほしい。,また行きたい（1年以内）,特になし,男,1985,富山県,氷見市,400万円以上 500万円未満,"ひゃくまんさんが好き, なんとなく",とても満足,10,蓮ノ空女学院スクールアイドルクラブ
金沢エリア,金沢城公園,2024/04/06 14:18:43,同意する,1泊,1泊,金沢エリア  （湯涌温泉、深谷温泉、犀川温泉など）,石川県外には泊まらない,友人,"地元の美味しいものを食べる, 名所、旧跡の観光, まちあるき、都市散策, 蓮ノ空コラボ",飛行機,"徒歩, レンタサイクル",満足,並ばずに移動できる,"10,000円以上 20,000円未満","20,000円以上 30,000円未満","20,000円以上 30,000円未満",2～5回目,蓮ノ空コラボ,近江町市場,,ひがし茶屋街,,"1,000円未満",満足,,満足,,感じなかった,,10,,また行きたい（1年以内）,蓮ノ空コラボ最高なのでまたやってください,男,1975,東京都,世田谷区,"1,500万円以上",なんとなく,とても満足,10,
金沢エリア,金沢城公園,2024/04/06 15:59:25,同意する,4泊以上,2泊,金沢エリア  （湯涌温泉、深谷温泉、犀川温泉など）,新潟県,中学生以上連れの家族,"宿でのんびり過ごす, 地元の美味しいものを食べる, 名所、旧跡の観光, まちあるき、都市散策",自家用車,"自家用車, 徒歩",,,"30,000円以上 40,000円未満","10,000円以上 20,000円未満","20,000円以上 30,000円未満",初めて,インターネット・アプリ,兼六園,,ひがし茶屋街,,使わない,どちらでもない,兼六園側にもお土産屋さんはあったが、金沢城公園の無料エリアには無かった気がするから。,満足,色々な石垣があり良かった。建設中の物もあるようなのでそれに期待している,感じなかった,,8,無料ガイドさんはとても良かった。ライトアップを毎日していなくて残念だった。,機会があれば行きたい,九谷焼が１箇所にもっと種類豊富に揃っていたら良かった。色んなお店を回るのは大変だった。加賀まで行く時間は取れなかった。駅の土産売り場は種類が少なかった。美術館がまとまったエリアにあって良かった。,女,1976,東京都,東久留米市,700万円以上 800万円未満,石川県の復興に少しでもお役に立てればと思った,とても満足,8,"*SANRAKUさんのクラブラウンジはサービスの質が高くて良かった。朝食も良かった
*兼六園近くのお店の手裏剣体験は子供が喜んでいた
*兼六園、ひがし茶屋街等、散策ができる場所が楽しかった"
金沢エリア,金沢城公園,2024/04/06 18:57:10,同意する,日帰り,石川県内には宿泊しない,石川県内には宿泊しない,石川県外には泊まらない,親,"花見や紅葉などの自然鑑賞, 名所、旧跡の観光",県外から訪れていない（石川県内在住）,"自家用車, 徒歩",,,使わない,使わない,"1,000円以上 3,000円未満",11回目以上,友人・知人,兼六園,,選択なし/該当施設なし,,使わない,満足,,満足,,感じなかった,,7,,石川県在住,特になし,女,2006,石川県,七尾市,100万円以上 200万円未満,"ひゃくまんさんが好き, ARでひゃくまんさんと写真が撮りたかった, 動く３Dひゃくまんさんを見たい",満足,10,
金沢エリア,金沢城公園,2024/04/07 7:19:44,同意する,日帰り,石川県内には宿泊しない,石川県内には宿泊しない,石川県外には泊まらない,自分ひとり,蓮ノ空スタンプラリー,旅行会社ツアーバス,徒歩,,,使わない,"10,000円以上 20,000円未満","10,000円以上 20,000円未満",2～5回目,インターネット・アプリ,兼六園,,ひがし茶屋街,,使わない,満足,,満足,,感じなかった,,8,,また行きたい（1年以内）,第3回蓮ノ空コラボがあれば、石川県に行く回数は増えると懐います。,男,1992,静岡県,伊豆の国市,500万円以上 600万円未満,"能登牛が当たる, ひゃくまんさんが好き",とても満足,9,
金沢エリア,金沢城公園,2024/04/07 9:12:06,同意する,1泊,1泊,金沢エリア  （湯涌温泉、深谷温泉、犀川温泉など）,石川県外には泊まらない,友人,"地元の美味しいものを食べる, 花見や紅葉などの自然鑑賞, 名所、旧跡の観光, お祭りやイベントへの参加・見物, まちあるき、都市散策","新幹線, 旅行会社ツアーバス","路線バス, 徒歩",不満,全国のICカードが主要バスで使えると助かります,"5,000円以上 10,000円未満","20,000円以上 30,000円未満","20,000円以上 30,000円未満",初めて,友人・知人,兼六園,,近江町市場,,"1,000円未満",満足,休憩所がキレイだった,満足,まわりやすかった,感じなかった,,9,イベント時期は店の開いてる時間を調節お願いします,また行きたい（1年以内）,特になし,女,1987,千葉県,船橋市,400万円以上 500万円未満,"ARでひゃくまんさんと写真が撮りたかった, 動く３Dひゃくまんさんを見たい",満足,10,とてもいい場所だから
金沢エリア,金沢城公園,2024/04/07 9:28:15,同意する,日帰り,石川県内には宿泊しない,石川県内には宿泊しない,石川県外には泊まらない,夫婦2人,まちあるき、都市散策,県外から訪れていない（石川県内在住）,自家用車,,,"1,000円以上 3,000円未満","1,000円未満","1,000円以上 3,000円未満",11回目以上,"X(旧：Twitter), Instagram",兼六園,,選択なし/該当施設なし,しいのき迎賓館,使わない,とても満足,,とても満足,,感じなかった,,10,,石川県在住,特になし,男,1981,石川県,河北郡津幡町,600万円以上 700万円未満,石川県のおすすめ観光スポットが見たい,とても満足,10,
金沢エリア,金沢城公園,2024/04/07 11:52:11,同意する,1泊,1泊,金沢エリア  （湯涌温泉、深谷温泉、犀川温泉など）,石川県外には泊まらない,親同伴夫婦,"地元の美味しいものを食べる, 花見や紅葉などの自然鑑賞",バス,徒歩,,,"1,000円以上 3,000円未満","1,000円未満","1,000円以上 3,000円未満",2～5回目,"新聞・雑誌・ガイドブック, インターネット・アプリ",兼六園,,金沢21世紀美術館,,"1,000円未満",とても満足,天気が良くて桜も咲いていてお城がよく映える,とても満足,,感じた,トイレが少ない,10,,機会があれば行きたい,特になし,女,1975,東京都,豊島区,400万円以上 500万円未満,ひゃくまんさんが好き,とても満足,10,気持ちよかった
金沢エリア,金沢城公園,2024/04/07 18:47:31,同意する,1泊,石川県内には宿泊しない,石川県内には宿泊しない,富山県,夫婦2人,"宿でのんびり過ごす, 地元の美味しいものを食べる, 花見や紅葉などの自然鑑賞, 名所、旧跡の観光",自家用車,自家用車,,,"1,000円以上 3,000円未満","1,000円未満","1,000円以上 3,000円未満",初めて,"観光パンフレット・ポスター, インターネット・アプリ",兼六園,,選択なし/該当施設なし,,使わない,とても満足,とても美しかったから,とても満足,とても美しかったから,感じなかった,,10,じゅうぶん満足です。,また行きたい（1年以内）,ゆるキャラグッズ,女,1987,大阪府,富田林市,100万円以上 200万円未満,能登牛が当たる,とても満足,10,とても美しく楽しかったから
金沢エリア,金沢城公園,2024/04/07 18:48:20,同意する,1泊,石川県内には宿泊しない,石川県内には宿泊しない,富山県,恋人,"花見や紅葉などの自然鑑賞, 名所、旧跡の観光, ドライブ・ツーリング",自家用車,自家用車,,,"1,000円以上 3,000円未満","1,000円未満","1,000円以上 3,000円未満",初めて,"観光パンフレット・ポスター, インターネット・アプリ",兼六園,,兼六園,,"1,000円未満",とても満足,桜が満開の時に会わせて、兼六園が無料って！おどろきのサービス,とても満足,石垣とライトアップが素敵,感じなかった,能登の地震で崩れた石垣が残念,10,,また行きたい（1年以内）,イベントいっぱいお願いいたします！,男,1971,大阪府,富田林市,100万円未満,"能登牛が当たる, 石川県のおすすめ観光スポットが見たい",とても満足,10,他の城跡にひけをとらない桜の名所！
金沢エリア,金沢城公園,2024/04/07 22:20:45,同意する,日帰り,石川県内には宿泊しない,石川県内には宿泊しない,宿泊しません,自分ひとり,テーマパーク（遊園地、動物園、博物館など）,在来線,路線バス,どちらでもない,バス停がどこにあるか分からなくなりました。,使わない,"1,000円以上 3,000円未満","5,000円以上 10,000円未満",6～10回目,インターネット・アプリ,兼六園,,選択なし/該当施設なし,石川県立美術館,"1,000円未満",とても満足,バーチャル映像で加賀藩の気風が分かったため。,満足,値段が高かった気がします。,感じた,バス停が分からなくなりました。,10,佐久間盛政の喧伝,また行きたい（1年以内）,能登支援,男,1985,富山県,富山市,300万円以上 400万円未満,"能登牛が当たる, ひゃくまんさんが好き, 旅の余韻",とても満足,10,バーチャル映像を中心に文化を感じたため
金沢エリア,金沢城公園,2024/04/07 23:00:22,同意する,4泊以上,4泊以上,金沢エリア  （湯涌温泉、深谷温泉、犀川温泉など）,石川県外には泊まらない,夫婦2人,"地元の美味しいものを食べる, 花見や紅葉などの自然鑑賞, 買い物、アウトレット",自家用車,"自家用車, レンタサイクル",満足,充電が少ない自転車が多かった,"10,000円以上 20,000円未満","10,000円以上 20,000円未満","40,000円以上 50,000円未満",初めて,"観光展・物産展, 新聞・雑誌・ガイドブック, 観光パンフレット・ポスター",兼六園,,近江町市場,,使わない,とても満足,,どちらでもない,,感じなかった,,8,,また行きたい（1年以内）,ひゃくまんさんグッズの充実,男,1989,石川県,金沢市,600万円以上 700万円未満,"ひゃくまんさんが好き, ARでひゃくまんさんと写真が撮りたかった, ひゃくまんさんの名刺をコレクションしている, 動く３Dひゃくまんさんを見たい",とても満足,10,
金沢エリア,金沢城公園,2024/04/08 1:08:38,同意する,1泊,1泊,金沢エリア  （湯涌温泉、深谷温泉、犀川温泉など）,石川県外には泊まらない,自分ひとり,"花見や紅葉などの自然鑑賞, 名所、旧跡の観光",新幹線,路線バス,満足,様々な景色を見ながら乗車できるから,"10,000円以上 20,000円未満","20,000円以上 30,000円未満","20,000円以上 30,000円未満",6～10回目,"観光連盟やDMOのHP, インターネット・アプリ",尾山神社,,兼六園,,"1,000円以上 3,000円未満",とても満足,,満足,施設内部の説明がわかりやすく、文化がよく学べた,感じなかった,,10,喫茶関係の営業時間がもう少し長いとありがたいです,また行きたい（1年以内）,徒歩での移動も多いので、街の中に案内図を設置して頂けると有り難い,女,1970,埼玉県,川越市,200万円以上 300万円未満,ひゃくまんさんが好き,とても満足,10,金沢の上品な文化や、人々の心の温かさ
金沢エリア,金沢城公園,2024/04/08 22:47:59,同意する,2泊,2泊,加賀エリア （山代温泉、山中温泉、片山津温泉、粟津温泉、辰口温泉、加賀市、小松市など）,石川県外には泊まらない,友人,"温泉や露天風呂, 地元の美味しいものを食べる, 名所、旧跡の観光, お祭りやイベントへの参加・見物",新幹線,レンタサイクル,とても満足,レンタサイクルの貸し出し場所が多く存在し、観光地間の移動を円滑に行うことができたため,"20,000円以上 30,000円未満","30,000円以上 40,000円未満","20,000円以上 30,000円未満",初めて,"X(旧：Twitter), 友人・知人",近江町市場,,ひがし茶屋街,,"1,000円未満",とても満足,ボランティアスタッフの説明がわかりやすく興味が湧く内容であり大変満足できた。,とても満足,公園自体がしっかりと整備されており休憩所やトイレも場所がわかりやすく使用しやすかった。,感じた,地震の影響で通れない場所があることがその場所に行かないとわからなかった。HP等確認すれば良かったのですが、公園の入口などにQRコードを掲示して最新の園内マップを手持ちのスマートフォンで確認するように誘導するなどしてもらえるとありがたいです。,10,,また行きたい（1年以内）,強いて言えば、加賀友禅等の伝統工芸品を現代の生活に取り入れやすくなるようにスマートフォン、PC関係の商品を制作していただけるとありがたいです。,男,1988,栃木県,宇都宮市,500万円以上 600万円未満,地震による北陸応援割をきっかけに石川県を旅行させていただきましたが、あまりにも素敵なところでありその感想を伝える機会があると知りアンケートに回答いたしました。,とても満足,10,"1 食について
　海鮮も野菜もとにかく美味しいものばかりだった。
2  観光について
　観光名所は魅力的で3日間では回り切れないほど存在していたが、公共交通とレンタサイクルである程度は観光できるよう整備されており、ストレスなく過ごすことができた。"
金沢エリア,金沢城公園,2024/04/09 11:19:38,同意する,1泊,1泊,金沢エリア  （湯涌温泉、深谷温泉、犀川温泉など）,石川県外には泊まらない,自分ひとり,まちあるき、都市散策,新幹線,路線バス,どちらでもない,,"10,000円以上 20,000円未満","30,000円以上 40,000円未満","50,000円以上 100,000円未満",2～5回目,"観光連盟やDMOのHP, ブログ",兼六園,,尾山神社,,使わない,どちらでもない,,満足,,感じなかった,,8,,機会があれば行きたい,特になし,男,1996,千葉県,習志野市,400万円以上 500万円未満,ARでひゃくまんさんと写真が撮りたかった,とても満足,8,
金沢エリア,金沢城公園,2024/04/09 13:32:51,同意する,2泊,2泊,金沢エリア  （湯涌温泉、深谷温泉、犀川温泉など）,石川県外には泊まらない,友人,"温泉や露天風呂, 地元の美味しいものを食べる, 名所、旧跡の観光, 買い物、アウトレット, お祭りやイベントへの参加・見物, 各種体験（手作り、果物狩りなど）","新幹線, 夜行バス",徒歩,,,"20,000円以上 30,000円未満","20,000円以上 30,000円未満","20,000円以上 30,000円未満",2～5回目,"観光展・物産展, X(旧：Twitter)",兼六園,,近江町市場,,"1,000円未満",満足,ボランティアスタッフさんの解説が面白かった,満足,時期も良かったこともあり、景観がとても素晴らしかった。,感じなかった,,7,,また行きたい（1年以内）,今回金沢周辺を自動車で回ったが、駐車をするためのパーキングエリアが空いているのかどうかをパーキング自身の「空」「満」で行っており、市内全域のパーキング状況をネットやアプリ上で見れるようになるととても便利だと感じました。大変難しいとは思いますが、検討していただけると助かります。,男,1992,東京都,大田区,500万円以上 600万円未満,"能登牛が当たる, ひゃくまんさんが好き",満足,8,ほぼどの店舗、施設においてもスタッフさんがとても親切だったのがとても嬉しかった。
金沢エリア,金沢城公園,2024/04/10 10:57:22,同意する,2泊,2泊,金沢エリア  （湯涌温泉、深谷温泉、犀川温泉など）,富山県,夫婦2人,"地元の美味しいものを食べる, 花見や紅葉などの自然鑑賞, 名所、旧跡の観光","レンタカー, 飛行機",レンタカー,満足,レンタカーを借りたらとても楽でした,"20,000円以上 30,000円未満","20,000円以上 30,000円未満","30,000円以上 40,000円未満",初めて,新聞・雑誌・ガイドブック,ひがし茶屋街,野村武家屋敷,兼六園,,"1,000円未満",満足,トイレが綺麗だった,とても満足,桜も施設も綺麗でした,感じなかった,,10,もう少しお土産が欲しい、お菓子等,また行きたい（1年以内）,ひゃくまんさんのグッズをもっと出して欲しい,女,1987,神奈川県,横浜市,"900万円以上 1,000万円未満","能登牛が当たる, ひゃくまんさんが好き, 動く３Dひゃくまんさんを見たい, 石川県のおすすめ観光スポットが見たい",とても満足,10,本当に魚介類が美味しかったです
金沢エリア,金沢城公園,2024/04/11 3:38:04,同意する,1泊,1泊,金沢エリア  （湯涌温泉、深谷温泉、犀川温泉など）,石川県外には泊まらない,自分ひとり,名所、旧跡の観光,新幹線,路線バス,,,"5,000円以上 10,000円未満","20,000円以上 30,000円未満","5,000円以上 10,000円未満",2～5回目,"観光展・物産展, インターネット・アプリ",選択なし/該当施設なし,,兼六園,,"3,000円以上 5,000円未満",どちらでもない,,どちらでもない,,感じなかった,,7,,機会があれば行きたい,なし,女,1962,千葉県,千葉市,200万円以上 300万円未満,能登牛が当たる,満足,7,
金沢エリア,金沢城公園,2024/04/11 9:24:12,同意する,2泊,1泊,加賀エリア （山代温泉、山中温泉、片山津温泉、粟津温泉、辰口温泉、加賀市、小松市など）,富山県,夫婦2人,"温泉や露天風呂, 地元の美味しいものを食べる, 名所、旧跡の観光","新幹線, 在来線",路線バス,どちらでもない,特段不便は感じなかった,"10,000円以上 20,000円未満","10,000円以上 20,000円未満","10,000円以上 20,000円未満",2～5回目,"観光パンフレット・ポスター, インターネット・アプリ, 観光協会等の案内所",兼六園,,尾山神社,,"1,000円以上 3,000円未満",どちらでもない,場内案内も適切で分かりやすかった,満足,桜の時期で城とマッチングが良かった,感じなかった,,10,城の歴史に関するパフオーマンス,また行きたい（1年以内）,新鮮な海産物の食事を期待しています,男,1955,兵庫県,川西市,200万円以上 300万円未満,能登牛が当たる,満足,10,兼六園や金沢城公園以外にもまだまだ見所がある
金沢エリア,金沢城公園,2024/04/11 9:33:23,同意する,2泊,1泊,加賀エリア （山代温泉、山中温泉、片山津温泉、粟津温泉、辰口温泉、加賀市、小松市など）,富山県,夫婦2人,"温泉や露天風呂, 地元の美味しいものを食べる, 花見や紅葉などの自然鑑賞","新幹線, 在来線",路線バス,満足,特に不便を感じなかった。,"1,000円以上 3,000円未満","10,000円以上 20,000円未満","10,000円以上 20,000円未満",2～5回目,"観光パンフレット・ポスター, インターネット・アプリ, 観光協会等の案内所",兼六園,,尾山神社,,"1,000円未満",満足,特に不満無し,とても満足,とても整備されていて、わかりやすかった。,感じなかった,,10,施設の方がとても親切でした。石垣巡りがおもしろかった。,また行きたい（1年以内）,満足してます。,女,1959,兵庫県,川西市,200万円以上 300万円未満,"能登牛が当たる, ひゃくまんさんが好き, 石川県のおすすめ観光スポットが見たい",とても満足,10,美味しい食事、美しい景色、そして温泉があるから
金沢エリア,金沢城公園,2024/04/13 22:01:16,同意する,1泊,1泊,金沢エリア  （湯涌温泉、深谷温泉、犀川温泉など）,石川県外には泊まらない,夫婦2人,"地元の美味しいものを食べる, 名所、旧跡の観光, 買い物、アウトレット, まちあるき、都市散策",高速バス,路線バス,どちらでもない,雨ふりのため思うように観光できなかった,"5,000円以上 10,000円未満","3,000円以上 5,000円未満","20,000円以上 30,000円未満",2～5回目,"観光パンフレット・ポスター, インターネット・アプリ",兼六園,,近江町市場,,使わない,満足,ライトアップよかったです,満足,鼠多門よかった,感じなかった,,7,買いたい物がなかった,機会があれば行きたい,お土産の本よかったです,女,1966,愛知県,西尾市,"1,000万円以上 1,200万円未満",なんとなく,満足,5,YOUtubeを見て勉強しました
金沢エリア,金沢城公園,2024/04/14 8:24:45,同意する,1泊,1泊,金沢エリア  （湯涌温泉、深谷温泉、犀川温泉など）,石川県外には泊まらない,友人,大学時時代の同期会,自家用車,徒歩,,,"5,000円以上 10,000円未満","10,000円以上 20,000円未満","20,000円以上 30,000円未満",2～5回目,"TV・ラジオ番組やCM, 友人・知人",兼六園,,尾山神社,,使わない,とても満足,歴史施設のみであり、観光地にありがちな商業施設が無い点,とても満足,,感じなかった,,10,このままで良い,また行きたい（1年以内）,特に無し,男,1953,愛知県,岡崎市,400万円以上 500万円未満,なんとなく,どちらでもない,10,
金沢エリア,金沢城公園,2024/04/15 8:08:41,同意する,1泊,1泊,金沢エリア  （湯涌温泉、深谷温泉、犀川温泉など）,石川県外には泊まらない,自分ひとり,名所、旧跡の観光,新幹線,在来線,満足,乗り換えなしの新幹線は便利だから。,"5,000円以上 10,000円未満","10,000円以上 20,000円未満","5,000円以上 10,000円未満",2～5回目,観光パンフレット・ポスター,近江町市場,,兼六園,,"3,000円以上 5,000円未満",満足,,満足,,感じなかった,,10,,機会があれば行きたい,特になし,男,1955,埼玉県,川越市,400万円以上 500万円未満,能登牛が当たる,満足,8,
金沢エリア,金沢城公園,2024/04/17 13:48:25,同意する,1泊,1泊,金沢エリア  （湯涌温泉、深谷温泉、犀川温泉など）,石川県外には泊まらない,友人,"花見や紅葉などの自然鑑賞, 名所、旧跡の観光, 買い物、アウトレット, スポーツ観戦や芸術鑑賞（コンサート等）, まちあるき、都市散策",新幹線,"路線バス, 徒歩",どちらでもない,ある程度は仕方ないと思いますが、定刻通りには来ないことと、運転が荒かったです……,"10,000円以上 20,000円未満","20,000円以上 30,000円未満","10,000円以上 20,000円未満",初めて,"インターネット・アプリ, 友人・知人",兼六園,,尾山神社,,"1,000円以上 3,000円未満",どちらでもない,御城印を求めてグルグルしました……,満足,桜の時期に来れたので満足です,感じた,案内所で御城印を取り扱ってるところの説明を受けましたが、看板等がある訳でもなくあまりの広さにどこなの？！となったのでもう少し分かりやすい案内があったらいいな、と思いました,7,,機会があれば行きたい,特にないです,女,1977,神奈川県,平塚市,200万円以上 300万円未満,なんとなく,とても満足,8,のどぐろが大変美味しかったです
金沢エリア,金沢城公園,2024/04/21 14:10:46,同意する,1泊,1泊,金沢エリア  （湯涌温泉、深谷温泉、犀川温泉など）,石川県外には泊まらない,夫婦2人,"地元の美味しいものを食べる, 花見や紅葉などの自然鑑賞, 名所、旧跡の観光",新幹線,徒歩,,,"10,000円以上 20,000円未満","50,000円以上 100,000円未満","20,000円以上 30,000円未満",初めて,"観光パンフレット・ポスター, インターネット・アプリ, 観光協会等の案内所",選択なし/該当施設なし,,兼六園,,使わない,とても満足,,とても満足,,感じなかった,,10,,機会があれば行きたい,美味しいお魚が食べたい,男,1968,東京都,北区,700万円以上 800万円未満,なんとなく,とても満足,10,
金沢エリア,金沢城公園,2024/04/23 19:11:20,同意する,1泊,1泊,金沢エリア  （湯涌温泉、深谷温泉、犀川温泉など）,石川県外には泊まらない,夫婦2人,"地元の美味しいものを食べる, 名所、旧跡の観光",新幹線,路線バス,満足,可もなく不可も無く…,"10,000円以上 20,000円未満","20,000円以上 30,000円未満","40,000円以上 50,000円未満",初めて,"新聞・雑誌・ガイドブック, TV・ラジオ番組やCM, 観光パンフレット・ポスター",兼六園,,近江町市場,,"1,000円以上 3,000円未満",どちらでもない,お金を払うような場所はなかった,満足,天気もよく良い散歩になった,感じなかった,,7,とにかく美味しいもの,機会があれば行きたい,特になし,男,1973,長野県,長野市,700万円以上 800万円未満,"能登牛が当たる, ひゃくまんさんが好き",満足,8,新幹線で簡単に来れる
金沢エリア,金沢城公園,2024/04/27 16:15:30,同意する,2泊,2泊,金沢エリア  （湯涌温泉、深谷温泉、犀川温泉など）,石川県外には泊まらない,成人した娘と,"地元の美味しいものを食べる, 花見や紅葉などの自然鑑賞, 名所、旧跡の観光, まちあるき、都市散策",新幹線,徒歩,,,"10,000円以上 20,000円未満","20,000円以上 30,000円未満","20,000円以上 30,000円未満",初めて,インターネット・アプリ,ひがし茶屋街,,兼六園,,使わない,どちらでもない,4時から行ったらカフェがもう閉まっていたのが少し残念でした。,満足,ゆったりしていてのんびり散策出来た点。,感じなかった,,7,カフェが素敵なので週末はもう少し営業時間が長くても良いかもしれないですね。,機会があれば行きたい,金沢の和菓子が美味しかったので、また買いたいと思い八重洲のサテライトショップに行ったが、あまり品揃えが魅力できでなかったので、もう少し充実すればいいなと思った。,女,1961,神奈川県,鎌倉市,"1,000万円以上 1,200万円未満","動く３Dひゃくまんさんを見たい, 石川県のおすすめ観光スポットが見たい, 金沢は観光地としてとても整備されていて感心しました。震災があり大変な地域がまだたくさんあると思いますが、お邪魔にならない頃に他の地域も訪れてみたいと思います。",満足,8,街や人の雰囲気がゆったりしている。博物館関連が充実。食べ物が美味しい。観光名所が街中に集まっていて便利。
金沢エリア,金沢城公園,2024/04/29 13:52:49,同意する,2泊,2泊,加賀エリア （山代温泉、山中温泉、片山津温泉、粟津温泉、辰口温泉、加賀市、小松市など）,石川県外には泊まらない,夫婦2人,"温泉や露天風呂, 地元の美味しいものを食べる",在来線,徒歩,,,"30,000円以上 40,000円未満","1,000円以上 3,000円未満","20,000円以上 30,000円未満",2～5回目,"新聞・雑誌・ガイドブック, TV・ラジオ番組やCM",近江町市場,,近江町市場,,"1,000円以上 3,000円未満",とても満足,茶店のぜんざいが美味しかったです😊,とても満足,,感じなかった,,10,,また行きたい（1年以内）,城下町ならではの伝統の和菓子,男,1978,愛知県,岡崎市,"1,000万円以上 1,200万円未満","能登牛が当たる, ひゃくまんさんが好き",とても満足,10,
金沢エリア,金沢城公園,2024/05/05 11:11:18,同意する,1泊,1泊,金沢エリア  （湯涌温泉、深谷温泉、犀川温泉など）,石川県外には泊まらない,自分ひとり,温泉や露天風呂,新幹線,"路線バス, 徒歩",満足,,"30,000円以上 40,000円未満","10,000円以上 20,000円未満","3,000円以上 5,000円未満",2～5回目,観光展・物産展,兼六園,,兼六園,,"3,000円以上 5,000円未満",満足,,満足,,感じた,,7,,どちらともいえない,なし,女,1963,千葉県,長生郡,200万円以上 300万円未満,能登牛が当たる,満足,5,
金沢エリア,金沢城公園,2024/05/11 23:25:14,同意する,1泊,1泊,金沢エリア  （湯涌温泉、深谷温泉、犀川温泉など）,石川県外には泊まらない,夫、夫の両親,"宿でのんびり過ごす, 地元の美味しいものを食べる, 名所、旧跡の観光",新幹線,徒歩,,,"5,000円以上 10,000円未満","3,000円以上 5,000円未満","5,000円以上 10,000円未満",初めて,"インターネット・アプリ, Instagram",尾山神社,,選択なし/該当施設なし,,使わない,満足,きれいだった,満足,ちょうどいい広さ,感じなかった,,8,,機会があれば行きたい,金沢駅のひゃくまんさんのパンが看板にあったのになくて残念でした。,女,1989,埼玉県,ふじみ野市,300万円以上 400万円未満,ひゃくまんさんが好き,とても満足,10,兼六園、地元の味がおいしかった
金沢エリア,金沢城公園,2024/05/14 1:30:17,同意する,1泊,1泊,金沢エリア  （湯涌温泉、深谷温泉、犀川温泉など）,石川県外には泊まらない,夫婦2人,"地元の美味しいものを食べる, 名所、旧跡の観光, まちあるき、都市散策, 友人・親戚を訪ねる, 地震のお見舞い",新幹線,路線バス,満足,バスの乗車券が会社により変わるのでわかりにくい,"50,000円以上 100,000円未満","20,000円以上 30,000円未満","30,000円以上 40,000円未満",初めて,インターネット・アプリ,ひがし茶屋街,,金沢21世紀美術館,,"1,000円未満",どちらでもない,お賽銭しか使用していない,満足,地震後の修復をお祈りしています,感じた,仕方がありませんが入れない所があって残念でした,10,和風のカフェ,機会があれば行きたい,十分美味しいものがあるので今の地産地消を守ってほしい,女,1967,東京都,港区,100万円未満,なんとなく,とても満足,10,古いものが残っている所
金沢エリア,金沢城公園,2024/05/14 8:31:10,同意する,日帰り,石川県内には宿泊しない,石川県内には宿泊しない,石川県外には泊まらない,自分ひとり,まちあるき、都市散策,県外から訪れていない（石川県内在住）,自家用車,,,使わない,"1,000円未満","1,000円未満",2～5回目,Instagram,尾山神社,,兼六園,,"1,000円未満",とても満足,,とても満足,,感じなかった,,8,,また行きたい（1年以内）,特になし,女,1989,石川県,金沢市,300万円以上 400万円未満,ひゃくまんさんが好き,とても満足,10,
金沢エリア,金沢城公園,2024/05/17 15:31:27,同意する,日帰り,石川県内には宿泊しない,石川県内には宿泊しない,石川県外には泊まらない,友人,名所、旧跡の観光,自家用車,自家用車,,,使わない,使わない,"3,000円以上 5,000円未満",2～5回目,新聞・雑誌・ガイドブック,選択なし/該当施設なし,,兼六園,,使わない,どちらでもない,買うものがない,満足,迷子になって無駄に歩いて疲れました,感じた,どこからどう回ればいいのかさっぱり分からない,3,おみやげが少ない,石川県在住,特になし,女,1967,石川県,金沢市,500万円以上 600万円未満,なんとなく,どちらでもない,10,
金沢エリア,金沢城公園,2024/06/02 10:02:50,同意する,2泊,2泊,金沢エリア  （湯涌温泉、深谷温泉、犀川温泉など）,石川県外には泊まらない,夫婦2人,"地元の美味しいものを食べる, まちあるき、都市散策, ","新幹線, 在来線",徒歩,,,"5,000円以上 10,000円未満","10,000円以上 20,000円未満","10,000円以上 20,000円未満",11回目以上,情報源は必要ありませんでした,近江町市場,,尾山神社,,使わない,とても満足,ロケーションも良くゆっくりできて心身が癒される,とても満足,とても丁寧に掃除等が行き届いているので,感じなかった,,10,今のままで充分です。今のままであって欲しい,また行きたい（1年以内）,古き良き物を大切にしてくださるなら、それ以上の物はありません,女,1966,大阪府,高槻市,"1,000万円以上 1,200万円未満",単身赴任している主人から依頼が入った為,とても満足,10,わかりません。兎に角一度金沢を訪れてからとても気に入り、年に一度は必ず訪れています。
金沢エリア,金沢城公園,2024/06/02 12:06:51,同意する,2泊,2泊,金沢エリア  （湯涌温泉、深谷温泉、犀川温泉など）,長野,夫婦2人,まちあるき、都市散策,新幹線,路線バス,とても満足,路線が解りやすく充実している,"40,000円以上 50,000円未満","20,000円以上 30,000円未満","20,000円以上 30,000円未満",6～10回目,"新聞・雑誌・ガイドブック, インターネット・アプリ",尾山神社,,近江町市場,,"1,000円以上 3,000円未満",とても満足,親切丁寧,とても満足,加賀100万石の歴史を深く感じられる,感じなかった,,10,静かに歴史に浸る静寂さが良い,また行きたい（1年以内）,この10数年、加賀の和食文化が激減して来たことを心配しています。,女,1952,東京都,江戸川区,800万円以上 900万円未満,2007頃に赴任、実生活から体感しているので新幹線開通前の庶民生活を味わい毎年、数回訪問、変化を見てきたからかと思います。,とても満足,10,"
加賀潘の栄華と食と文化の中央への影響力。歴史の変遷"
金沢エリア,金沢城公園,2024/06/02 13:22:36,同意する,1泊,1泊,金沢エリア  （湯涌温泉、深谷温泉、犀川温泉など）,石川県外には泊まらない,自分ひとり,"温泉や露天風呂, 地元の美味しいものを食べる, 花見や紅葉などの自然鑑賞, 名所、旧跡の観光, まちあるき、都市散策","新幹線, 在来線","タクシー, 徒歩",満足,市内の移動には、やはりタクシーが行きたい時間に行きたい所へ行けて便利,"10,000円以上 20,000円未満","20,000円以上 30,000円未満","20,000円以上 30,000円未満",2～5回目,"新聞・雑誌・ガイドブック, 観光パンフレット・ポスター, インターネット・アプリ, 観光協会等の案内所, タクシードライバーや地元の人",尾山神社,,選択なし/該当施設なし,片町,"1,000円以上 3,000円未満",どちらでもない,もっと金沢城の歴史的価値やかつての威容をビジュアルで表現した商品が欲しい。,満足,とても素晴らしい場所です。しかし、今後の復元等にもっと期待したい。,感じなかった,,10,建物の復元を進めて欲しい。,機会があれば行きたい,酒、日本料理,男,1985,愛知県,みよし市,"900万円以上 1,000万円未満",石川県が好きだから,とても満足,10,酒や食事の美味しさ
金沢エリア,金沢城公園,2024/06/02 14:19:59,同意する,1泊,1泊,金沢エリア  （湯涌温泉、深谷温泉、犀川温泉など）,富山県,友人,"宿でのんびり過ごす, 温泉や露天風呂, 地元の美味しいものを食べる, 名所、旧跡の観光, まちあるき、都市散策",在来線,"在来線, 徒歩",満足,問題無く、現地に到達。金沢駅の景色も良かったです。,"10,000円以上 20,000円未満","10,000円以上 20,000円未満","20,000円以上 30,000円未満",2～5回目,前から知っていた,近江町市場,,ひがし茶屋街,,"3,000円以上 5,000円未満",どちらでもない,,とても満足,金沢城・兼六園が良く整備されているため。,感じなかった,,7,海産物が好きなので近くに良い店があれば。,また行きたい（1年以内）,のどぐろ、ハントンライス、近江市場の雰囲気つ,男,1958,愛知県,名古屋市,200万円以上 300万円未満,なんとなく,とても満足,7,"のどぐろの美味しさと、ハントンライスなど特長のある食事
"
金沢エリア,金沢城公園,2024/06/02 17:14:18,同意する,1泊,1泊,金沢エリア  （湯涌温泉、深谷温泉、犀川温泉など）,石川県外には泊まらない,親,"宿でのんびり過ごす, 地元の美味しいものを食べる, 名所、旧跡の観光, お祭りやイベントへの参加・見物, まちあるき、都市散策",自家用車,自家用車,,,"5,000円以上 10,000円未満","3,000円以上 5,000円未満","30,000円以上 40,000円未満",6～10回目,"観光パンフレット・ポスター, インターネット・アプリ, X(旧：Twitter)",選択なし/該当施設なし,加賀友禅会館,選択なし/該当施設なし,鳥鶏庵泉ヶ丘店,"1,000円未満",どちらでもない,地図の掲示が少ない。,満足,施設再建に取り組んでいるから。,感じた,手洗い場、自販機、休憩所が少ない。,5,土産店やカフェが充実してほしいです。,また行きたい（1年以内）,有料駐車場の料金を割引をしてほしいです。,男,1987,福井県,敦賀市,300万円以上 400万円未満,"石川県のおすすめ観光スポットが見たい, 石川県の雑学を知りたい, なんとなく",満足,7,"ラブライブのコラボで訪れましたが、それを抜きでも町並みが綺麗で食事も美味しく、県外の方の受入に慣れていて故郷に帰って来た感が味わえるところです。く
"
金沢エリア,金沢城公園,2024/06/02 22:27:41,同意する,1泊,1泊,金沢エリア  （湯涌温泉、深谷温泉、犀川温泉など）,富山県,自分ひとり,名所、旧跡の観光,新幹線,徒歩,,,"5,000円以上 10,000円未満","20,000円以上 30,000円未満","5,000円以上 10,000円未満",6～10回目,頻繁に訪ねているので特に情報は得ていません,近江町市場,,選択なし/該当施設なし,武家屋敷街,使わない,どちらでもない,特にサービスを受けていないから,満足,素晴らしい復元努力を感じます,感じなかった,,8,テーマパークではないのであまりそういったことは求めていません,また行きたい（1年以内）,観光立県だと思うのですがバスで全国交通系ICがほとんど使えないのは遅れていると思っています,男,1967,千葉県,習志野市,"1,000万円以上 1,200万円未満",なんとなく,満足,9,街の風情
金沢エリア,金沢城公園,2024/06/03 10:12:48,同意する,日帰り,石川県内には宿泊しない,石川県内には宿泊しない,ないです,見学します,温泉や露天風呂,"新幹線, ",路線バス,どちらでもない,,使わない,使わない,使わない,11回目以上,"観光展・物産展, ",兼六園,,兼六園,,使わない,満足,,満足,,感じた,,1,,また行きたい（1年以内）,あります,男,2000,大阪府,大阪市,100万円未満,能登牛が当たる,とても満足,1,
金沢エリア,金沢城公園,2024/06/03 10:41:59,同意する,1泊,1泊,金沢エリア  （湯涌温泉、深谷温泉、犀川温泉など）,石川県外には泊まらない,高校生の孫,"名所、旧跡の観光, まちあるき、都市散策, 孫の用事の同伴",新幹線,"路線バス, 周遊バス",とても満足,どの路線も分かりやすい,"5,000円以上 10,000円未満","20,000円以上 30,000円未満","10,000円以上 20,000円未満",2～5回目,"新聞・雑誌・ガイドブック, 観光パンフレット・ポスター",尾山神社,,近江町市場,,使わない,どちらでもない,,満足,,感じなかった,,6,,機会があれば行きたい,歴史的な場所の観光と新しいものとのミックス,女,1960,栃木県,宇都宮市,600万円以上 700万円未満,石川県のおすすめ観光スポットが見たい,満足,8,
金沢エリア,金沢城公園,2024/06/03 11:52:50,同意する,2泊,1泊,加賀エリア （山代温泉、山中温泉、片山津温泉、粟津温泉、辰口温泉、加賀市、小松市など）,富山県,夫婦2人,名所、旧跡の観光,飛行機,路線バス,,古い街並みが各所に見られたこと,"5,000円以上 10,000円未満","20,000円以上 30,000円未満","10,000円以上 20,000円未満",初めて,"観光展・物産展, 観光パンフレット・ポスター, インターネット・アプリ",兼六園,武家屋敷,ひがし茶屋街,,"3,000円以上 5,000円未満",満足,,満足,,感じなかった,,10,,また行きたい（1年以内）,特になし,男,1955,北海道,札幌市西区,200万円以上 300万円未満,石川県のおすすめ観光スポットが見たい,満足,9,
金沢エリア,金沢城公園,2024/06/03 13:07:05,同意する,2泊,1泊,加賀エリア （山代温泉、山中温泉、片山津温泉、粟津温泉、辰口温泉、加賀市、小松市など）,富山県,自分ひとり,"温泉や露天風呂, 地元の美味しいものを食べる, 名所、旧跡の観光",自家用車,自家用車,,,"20,000円以上 30,000円未満","5,000円以上 10,000円未満","5,000円以上 10,000円未満",6～10回目,"新聞・雑誌・ガイドブック, TV・ラジオ番組やCM, インターネット・アプリ",兼六園,,金沢21世紀美術館,,"1,000円以上 3,000円未満",満足,環境が整っている。,満足,古いものと新しいものが調和している。,感じなかった,,6,高くなった,機会があれば行きたい,海鮮,男,1948,岐阜県,恵那市,200万円以上 300万円未満,石川県のおすすめ観光スポットが見たい,満足,7,温泉が多くいやされる。
金沢エリア,金沢城公園,2024/06/03 19:27:45,同意する,3泊,3泊,金沢エリア  （湯涌温泉、深谷温泉、犀川温泉など）,石川県外には泊まらない,自分ひとり,"名所、旧跡の観光, まちあるき、都市散策, 友人・親戚を訪ねる",飛行機,徒歩,,,"10,000円以上 20,000円未満","10,000円以上 20,000円未満","10,000円以上 20,000円未満",2～5回目,"観光パンフレット・ポスター, インターネット・アプリ, 友人・知人",尾山神社,,金沢21世紀美術館,,"1,000円未満",どちらでもない,特にない,満足,お庭がきれい,感じなかった,,8,お土産や飲食で俗っぽい観光地にしないで欲しい,また行きたい（1年以内）,公共交通機関がバスのみなので、全国の交通系ICカードを全ての路線で使用可にして欲しい,女,1960,東京都,豊島区,700万円以上 800万円未満,観光客の利便性（交通機関）を考えてもらいたい,満足,10,緑に囲まれた美術館や工芸館を散策してると、豊かな気分になる
金沢エリア,金沢城公園,2024/06/03 22:01:08,同意する,1泊,1泊,加賀エリア （山代温泉、山中温泉、片山津温泉、粟津温泉、辰口温泉、加賀市、小松市など）,石川県外には泊まらない,夫婦2人,"名所、旧跡の観光, まちあるき、都市散策, 友人・親戚を訪ねる, 墓参り",自家用車,自家用車,,心が癒される　懐かしい　いろんな人に見せたい,"10,000円以上 20,000円未満","10,000円以上 20,000円未満","5,000円以上 10,000円未満",11回目以上,"新聞・雑誌・ガイドブック, 生まれ故郷　先祖が岡嶋喜三郎",近江町市場,金沢駅,近江町市場,かな,"1,000円以上 3,000円未満",満足,,満足,,感じなかった,,10,,また行きたい（1年以内）,かぶらすし　ふぐのぬか漬けが大好き,男,1948,滋賀県,近江八幡市,500万円以上 600万円未満,金沢が大好き　故郷,とても満足,10,
金沢エリア,金沢城公園,2024/06/04 0:21:08,同意する,日帰り,石川県内には宿泊しない,石川県内には宿泊しない,日帰り,自分ひとり,"名所、旧跡の観光, まちあるき、都市散策",新幹線,レンタサイクル,とても満足,自分のペースで移動・散策出来た。更に市内(卯辰山含む)を廻るのに随所に駐輪場が有るのも良かった。まちのり自転車の料金も手頃であった。,使わない,"40,000円以上 50,000円未満","20,000円以上 30,000円未満",初めて,"インターネット・アプリ, 観光協会等の案内所",近江町市場,,選択なし/該当施設なし,金沢城公園は最後の方で、その後は駅に行って御土産を買ったりしていた。,"1,000円以上 3,000円未満",満足,休憩場所にて一休み出来たのであちこち見て廻れた。,満足,堀・石垣等の遺構も残っているし、櫓等の遺構(復元含む)も見応えがあった。御殿も復元されていたらもっと良かった。その時は来たい。,感じなかった,,10,資料集本や案内本、土産として飾れるグッズ(ミニチュア・提灯・百萬石関連)があると良い。もしかしてもう有るとしたら見つけられなくて残念。,また行きたい（1年以内）,この場所での名物、産物をもっと堪能したい。今回、宿が取れなかったから日帰りにならざる終えなかったが、次回は県内の出来れば温泉とかに宿泊してもっとじっくりと見たり食べたりしたいと思っている。,男,1959,東京都,江戸川区,100万円以上 200万円未満,ひゃくまんさんが好き,とても満足,10,町の散策。それぞれに見どころがあるし、随所に風情を感じる。
金沢エリア,金沢城公園,2024/06/04 9:02:11,同意する,1泊,1泊,金沢エリア  （湯涌温泉、深谷温泉、犀川温泉など）,石川県外には泊まらない,家族,"宿でのんびり過ごす, 地元の美味しいものを食べる, 名所、旧跡の観光, まちあるき、都市散策",新幹線,"路線バス, 徒歩",どちらでもない,,"30,000円以上 40,000円未満","40,000円以上 50,000円未満","20,000円以上 30,000円未満",2～5回目,"新聞・雑誌・ガイドブック, 観光パンフレット・ポスター",近江町市場,,ひがし茶屋街,,"3,000円以上 5,000円未満",満足,,満足,,感じなかった,,8,,機会があれば行きたい,特になし,女,1958,埼玉県,新座市,700万円以上 800万円未満,石川県のおすすめ観光スポットが見たい,満足,8,
金沢エリア,金沢城公園,2024/06/04 10:56:12,同意する,3泊,3泊,加賀エリア （山代温泉、山中温泉、片山津温泉、粟津温泉、辰口温泉、加賀市、小松市など）,石川県外には泊まらない,友人,"宿でのんびり過ごす, 温泉や露天風呂, 地元の美味しいものを食べる, 花見や紅葉などの自然鑑賞",在来線,路線バス,とても満足,便が適度,"5,000円以上 10,000円未満","1,000円以上 3,000円未満","10,000円以上 20,000円未満",初めて,"観光連盟やDMOのHP, 友人・知人",近江町市場,,選択なし/該当施設なし,大拙館,"1,000円以上 3,000円未満",とても満足,,とても満足,美しく整備され、休憩所などが豊富,感じなかった,,9,観光ずれしていないのが何よりいいです。　過去の武家としての文化の香りがあちこちに漂ってます。　それが京都や大阪と違う点。是非ともそのコンセプトを継続して、観光ずれのウランかなばかりを前面に出さないでください。どこでもあるものでなく、金沢としてふさわしい矜恃を感じさせるものをものが求められることが、貴市のみりょくですから。,また行きたい（1年以内）,今回、行列も素晴らしいし、各処の催し物が楽しいです。薪能の素晴らしさは金沢ならではです。東京ではこの雰囲気は出せない,男,1948,兵庫県,宝塚市,200万円以上 300万円未満,好みの町だから,とても満足,10,金沢市の雰囲気。和服がとても似合う
金沢エリア,金沢城公園,2024/06/05 8:26:24,同意する,2泊,2泊,金沢エリア  （湯涌温泉、深谷温泉、犀川温泉など）,福井県,夫婦2人,"温泉や露天風呂, 地元の美味しいものを食べる, 名所、旧跡の観光",新幹線,"タクシー, 路線バス",満足,,"20,000円以上 30,000円未満","20,000円以上 30,000円未満","10,000円以上 20,000円未満",2～5回目,インターネット・アプリ,兼六園,,近江町市場,,"1,000円以上 3,000円未満",満足,,満足,,感じなかった,,10,,また行きたい（1年以内）,特になし,男,1959,山形県,山形市,"1,200万円以上 1,500万円未満",なんとなく,満足,10,
金沢エリア,金沢城公園,2024/06/05 10:32:20,同意する,1泊,石川県内には宿泊しない,石川県内には宿泊しない,石川県外には泊まらない,自分ひとり,"地元の美味しいものを食べる, 名所、旧跡の観光, 買い物、アウトレット",自家用車,"自家用車, 徒歩",,,"5,000円以上 10,000円未満","5,000円以上 10,000円未満","10,000円以上 20,000円未満",2～5回目,"新聞・雑誌・ガイドブック, インターネット・アプリ, 観光協会等の案内所",兼六園,,近江町市場,,"3,000円以上 5,000円未満",満足,城見学が好きなので,満足,景色が良い,感じなかった,,9,,また行きたい（1年以内）,特になし,男,1972,愛知県,名古屋市天白区,400万円以上 500万円未満,能登牛が当たる,とても満足,9,海鮮などが美味しい
金沢エリア,金沢城公園,2024/06/05 18:51:22,同意する,2泊,2泊,能登エリア （和倉温泉、七尾市、輪島市、珠洲市など）,石川県外には泊まらない,夫婦2人,"お祭りやイベントへの参加・見物, 33回忌法要","レンタカー, 新幹線",レンタカー,,,使わない,使わない,"20,000円以上 30,000円未満",11回目以上,"観光展・物産展, TV・ラジオ番組やCM, 観光協会等の案内所",兼六園,,ひがし茶屋街,,"3,000円以上 5,000円未満",どちらでもない,普通かな？,満足,トイレがキレイ,感じなかった,,10,,また行きたい（1年以内）,能登半島地震の復興で色々な物産品の購入をしたい,男,1955,千葉県,船橋市,800万円以上 900万円未満,"能登牛が当たる, ひゃくまんさんが好き",満足,10,地元愛
金沢エリア,金沢城公園,2024/06/06 13:05:53,同意する,3泊,3泊,金沢エリア  （湯涌温泉、深谷温泉、犀川温泉など）,石川県外には泊まらない,自分ひとり,"地元の美味しいものを食べる, 名所、旧跡の観光",飛行機,"路線バス, 徒歩",満足,バスは台数も多いし、スイカも使えて便利。,"40,000円以上 50,000円未満","5,000円以上 10,000円未満","20,000円以上 30,000円未満",初めて,"観光パンフレット・ポスター, 観光連盟やDMOのHP",兼六園,,金沢21世紀美術館,,使わない,どちらでもない,散歩がてら、歩きながら景色を楽しんでたから。,満足,掃除が行き届いて良かった!,感じなかった,,8,早朝の為、飲食、土産は頭に無かった。,また行きたい（1年以内）,石川県民、輪島朝市の方達には、頑張って頂きたい💪,男,1959,東京都,豊島区,400万円以上 500万円未満,能登牛が当たる,とても満足,9,地震の１ヶ月前に輪島の朝市に金沢からバスで行ったのですが、テレビで地震の後見た時のショックは、忘れない😰
金沢エリア,金沢城公園,2024/06/06 23:45:12,同意する,2泊,2泊,金沢エリア  （湯涌温泉、深谷温泉、犀川温泉など）,石川県外には泊まらない,自分ひとり,"地元の美味しいものを食べる, 名所、旧跡の観光, まちあるき、都市散策",新幹線,徒歩,,,"20,000円以上 30,000円未満","30,000円以上 40,000円未満","50,000円以上 100,000円未満",2～5回目,"新聞・雑誌・ガイドブック, インターネット・アプリ, 観光協会等の案内所",近江町市場,,兼六園,,"1,000円以上 3,000円未満",どちらでもない,ちょっと休憩したいと思っても、座ってお茶を飲めるような場所がないから,満足,施設自体はきれいだったので満足でした。,感じなかった,,7,気温が高い日に行ったが、木陰が少なく休める場所が少ないので、金沢城の景観を壊さないような休憩場所とその当時食べられていた再現された食事ができたりといった体験ができる場所があったらもっと楽しめる。ただの観光で有名だから行くではなく、数ある城の中でも何かしらの体験ができる場所で差別化をはかってもいいなと思った。,機会があれば行きたい,茶屋での食事。一人でも気軽に立ち寄れると尚可。,女,1973,埼玉県,越谷市,400万円以上 500万円未満,能登地震で被害を石川県を応援したいのと、金沢城復元の画像を観て、生きてる間に叶ったらいいなと思ったから!,満足,8,春の桜、手入された庭園の兼六園、街自体がこじんまりとしていて、徒歩でも街歩きを堪能できるところ。
金沢エリア,金沢城公園,2024/06/07 20:17:24,同意する,1泊,1泊,金沢エリア  （湯涌温泉、深谷温泉、犀川温泉など）,石川県外には泊まらない,友人,"地元の美味しいものを食べる, 名所、旧跡の観光, お祭りやイベントへの参加・見物, まちあるき、都市散策","新幹線, 在来線",路線バス,とても満足,バスの本数が多くすぐに目的地に到着出来たので,"10,000円以上 20,000円未満","10,000円以上 20,000円未満","20,000円以上 30,000円未満",11回目以上,"新聞・雑誌・ガイドブック, 観光パンフレット・ポスター, 観光連盟やDMOのHP, インターネット・アプリ, 観光協会等の案内所",尾山神社,,兼六園,,"1,000円以上 3,000円未満",とても満足,色々なイベントがあり、その度にわくわく訪問したくなるので,とても満足,キレイに整備されていて､しいの木迎賓館での食事も楽しみなので,感じなかった,,10,お土産を取り扱う場所が増えるのは嬉しいですが、自然豊かでのんびりできる雰囲気を保っていただきたく、飲食店は増えてほしくはないです,また行きたい（1年以内）,価格が上がっても良いので、飲食､土産､アクティビティの質は下げないで欲しい,女,1966,大阪府,高槻市,"1,200万円以上 1,500万円未満",ひゃくまんさんが好き,とても満足,10,食べる物がどれも美味しく、宿泊費用が納得のいく価格
金沢エリア,金沢城公園,2024/06/08 1:58:52,同意する,日帰り,石川県内には宿泊しない,石川県内には宿泊しない,石川県外には泊まらない,自分ひとり,名所、旧跡の観光,在来線,徒歩,とても不満,なし,使わない,"1,000円未満","3,000円以上 5,000円未満",2～5回目,観光展・物産展,尾山神社,特になし,選択なし/該当施設なし,なし,使わない,どちらでもない,,どちらでもない,,感じなかった,,1,なし,どちらともいえない,なし,男,1985,富山県,小矢部市綾子4024,100万円未満,なんとなく,どちらでもない,1,
金沢エリア,金沢城公園,2024/06/09 9:56:58,同意する,日帰り,1泊,金沢エリア  （湯涌温泉、深谷温泉、犀川温泉など）,岐阜県,小学生以下連れの家族,名所、旧跡の観光,自家用車,自家用車,,,"40,000円以上 50,000円未満","40,000円以上 50,000円未満","20,000円以上 30,000円未満",初めて,インターネット・アプリ,兼六園,,選択なし/該当施設なし,,"5,000円以上 10,000円未満",不満,,どちらでもない,,感じなかった,,6,,あまり行きたいと思わない,飲食店を増やして欲しい,女,1977,福岡県,大宰府市,500万円以上 600万円未満,石川県の雑学を知りたい,満足,7,
金沢エリア,金沢城公園,2024/06/10 10:17:10,同意する,1泊,1泊,金沢エリア  （湯涌温泉、深谷温泉、犀川温泉など）,石川県外には泊まらない,自分ひとり,"名所、旧跡の観光, 各種体験（手作り、果物狩りなど）",在来線,在来線,とても満足,電車でのんびり移動できたので,"5,000円以上 10,000円未満","5,000円以上 10,000円未満","10,000円以上 20,000円未満",2～5回目,インターネット・アプリ,選択なし/該当施設なし,金沢城公園が最初,選択なし/該当施設なし,石川県立美術館,"1,000円以上 3,000円未満",とても満足,ボランティアのガイドさんがとても親切丁寧だった。,とても満足,公園内すべてが手入れの行き届いた環境で素敵だった,感じなかった,,10,現状満足だったので思いつかない,また行きたい（1年以内）,特になし,女,1966,兵庫県,神戸市,200万円以上 300万円未満,動く３Dひゃくまんさんを見たい,とても満足,10,史跡が大切にされていて、歴史や時間を感じることのできる空間が心地よい
金沢エリア,金沢城公園,2024/06/10 19:25:29,同意する,2泊,2泊,金沢エリア  （湯涌温泉、深谷温泉、犀川温泉など）,石川県外には泊まらない,夫婦2人,"宿でのんびり過ごす, 温泉や露天風呂, 地元の美味しいものを食べる, 名所、旧跡の観光, 買い物、アウトレット, まちあるき、都市散策",新幹線,路線バス,とても満足,待ち時間が少なくストレスを全く感じません。,"100,000円以上","50,000円以上 100,000円未満","100,000円以上",6～10回目,"観光展・物産展, 新聞・雑誌・ガイドブック, 観光パンフレット・ポスター, インターネット・アプリ",近江町市場,,選択なし/該当施設なし,香林坊,"3,000円以上 5,000円未満",とても満足,いつ訪れても進化し続けている（新しい施設や整備等）,とても満足,,感じなかった,,10,,また行きたい（1年以内）,特になし,男,1971,群馬県,安中市,"1,500万円以上",ただただ石川県が好きだからです。,とても満足,10,歴史の街で風情に浸り食べ物が美味しくお酒も美味しい
金沢エリア,金沢城公園,2024/06/12 15:51:12,同意する,2泊,2泊,加賀エリア （山代温泉、山中温泉、片山津温泉、粟津温泉、辰口温泉、加賀市、小松市など）,石川県外には泊まらない,職場の同僚,"地元の美味しいものを食べる, 名所、旧跡の観光",新幹線,貸切バス,満足,北陸新幹線に乗車できたので,"20,000円以上 30,000円未満","10,000円以上 20,000円未満","20,000円以上 30,000円未満",2～5回目,インターネット・アプリ,尾山神社,,選択なし/該当施設なし,コスモアイル羽咋,使わない,満足,ボランティアガイドさんがとても詳しく説明をしてくださいました。,とても満足,石垣に興味があるため様々な様式を見学できました。,感じなかった,,7,現状でも十分です。,機会があれば行きたい,特になし,女,1970,静岡県,伊豆の国市,600万円以上 700万円未満,石川県のおすすめ観光スポットが見たい,満足,8,その土地の歴史に触れることができるので。
金沢エリア,金沢城公園,2024/06/15 19:14:38,同意する,1泊,1泊,加賀エリア （山代温泉、山中温泉、片山津温泉、粟津温泉、辰口温泉、加賀市、小松市など）,石川県外には泊まらない,友人,"温泉や露天風呂, 地元の美味しいものを食べる, 名所、旧跡の観光, 買い物、アウトレット, まちあるき、都市散策","新幹線, 在来線",路線バス,満足,迷わず乗れる。利便性が良い。,"10,000円以上 20,000円未満","20,000円以上 30,000円未満","30,000円以上 40,000円未満",2～5回目,"新聞・雑誌・ガイドブック, インターネット・アプリ",兼六園,,近江町市場,,"1,000円以上 3,000円未満",どちらでもない,,どちらでもない,,感じた,広くてトイレまで遠かった。階段(段差)が多く車椅子を押して移動がたいへんに感じた。,5,熊本城を訪れた時復元御殿を見学し、感動しました。バーチャル映像でもいいので当時の城内の復元が見たいです。,機会があれば行きたい,特に無し,女,1964,千葉県,松戸市,800万円以上 900万円未満,昨年訪れて楽しかったから。,満足,8,
金沢エリア,金沢城公園,2024/06/18 1:04:27,同意する,1泊,1泊,金沢エリア  （湯涌温泉、深谷温泉、犀川温泉など）,石川県外には泊まらない,友人,"地元の美味しいものを食べる, 名所、旧跡の観光, テーマパーク（遊園地、動物園、博物館など）, まちあるき、都市散策",在来線,"路線バス, レンタサイクル",満足,走っているバスが多い,"3,000円以上 5,000円未満","3,000円以上 5,000円未満","10,000円以上 20,000円未満",2～5回目,TV・ラジオ番組やCM,金沢21世紀美術館,,兼六園,,"1,000円未満",満足,庭が綺麗だった。,とても満足,きれいな緑の芝と白と海鼠壁が良かった。,感じなかった,,10,,機会があれば行きたい,特になし,男,1980,大阪府,大阪市,500万円以上 600万円未満,なんとなく,満足,9,
金沢エリア,金沢城公園,2024/06/18 5:14:46,同意する,1泊,1泊,白山エリア （一里野温泉、白峰温泉、白山市など）,福井県,夫婦2人,名所、旧跡の観光,新幹線,路線バス,満足,,"5,000円以上 10,000円未満","20,000円以上 30,000円未満","20,000円以上 30,000円未満",6～10回目,観光展・物産展,兼六園,,金沢21世紀美術館,,"1,000円未満",満足,,どちらでもない,,感じなかった,,10,,また行きたい（1年以内）,他府県の資本介入が悲しい、地場資本は何してるの。,男,1952,千葉県,市川市,"900万円以上 1,000万円未満",なんとなく,満足,9,
金沢エリア,金沢城公園,2024/06/18 7:51:03,同意する,3泊,3泊,金沢エリア  （湯涌温泉、深谷温泉、犀川温泉など）,石川県外には泊まらない,恋人,"地元の美味しいものを食べる, 名所、旧跡の観光, 買い物、アウトレット, まちあるき、都市散策",飛行機,"路線バス, 徒歩",,,"10,000円以上 20,000円未満","10,000円以上 20,000円未満","50,000円以上 100,000円未満",6～10回目,"観光パンフレット・ポスター, インターネット・アプリ",兼六園,,ひがし茶屋街,,"1,000円以上 3,000円未満",満足,,満足,,感じなかった,,8,,また行きたい（1年以内）,いつきても新たな発見もあり素晴らしいです,男,1961,東京都,中野区,500万円以上 600万円未満,"能登牛が当たる, 金沢が気に入っている応援したい",とても満足,10,"食物も美味しいし人情もあり九谷焼をはじめ文化も素晴らしい
永住も考えているぐらい気に入ってますよー
いろんな人に金沢最高と伝えています👏👏👏
"
金沢エリア,兼六園,2023/09/30 22:16:47,同意する,日帰り,石川県内には宿泊しない,石川県内には宿泊しない,石川県外には泊まらない,恋人,温泉や露天風呂,飛行機,徒歩,とても満足,,"30,000円以上 40,000円未満","30,000円以上 40,000円未満","5,000円以上 10,000円未満",2～5回目,新聞・雑誌・ガイドブック,金沢城（金沢城公園）,,金沢城（金沢城公園）,,"10,000円以上 20,000円未満",とても満足,,とても満足,,感じた,,10,,また行きたい（1年以内）,特になし,男,2008,富山県,富山市,100万円未満,石川県の雑学を知りたい,,,
金沢エリア,兼六園,2023/10/01 16:36:23,同意する,1泊,1泊,金沢エリア  （湯涌温泉、深谷温泉、犀川温泉など）,石川県外には泊まらない,友人,サイコロきっぷ,在来線,徒歩,,,"10,000円以上 20,000円未満","10,000円以上 20,000円未満","30,000円以上 40,000円未満",初めて,観光パンフレット・ポスター,金沢城（金沢城公園）,,近江町市場,,使わない,とても満足,警備員さんにバス停の場所を聞いたときの対応が良かった。,どちらでもない,静かに愛でたかったが、ガイドの声が大きかったから。,感じなかった,,6,,機会があれば行きたい,特になし,女,1970,和歌山県,日髙郡日高町,700万円以上 800万円未満,ひゃくまさんが好き,,,
金沢エリア,兼六園,2023/10/01 22:29:50,同意する,1泊,1泊,金沢エリア  （湯涌温泉、深谷温泉、犀川温泉など）,石川県外には泊まらない,友人,"宿でのんびり過ごす, 地元の美味しいものを食べる, 名所、旧跡の観光, 買い物、アウトレット, まちあるき、都市散策",県外から訪れていない（石川県内在住）,路線バス,どちらでもない,まちバスを利用。混んでいたが料金が安いので仕方がない。,"1,000円以上 3,000円未満","1,000円以上 3,000円未満","20,000円以上 30,000円未満",6～10回目,"新聞・雑誌・ガイドブック, 観光パンフレット・ポスター, 観光協会等の案内所",金沢城（金沢城公園）,,金沢21世紀美術館,,"1,000円未満",どちらでもない,,満足,手入れが行き届き綺麗だから,感じなかった,,10,お茶屋さんが少し入りづらい,石川県在住,特になし,女,1970,石川県,金沢市,100万円以上 200万円未満,能登牛が当たる,,,
金沢エリア,兼六園,2023/10/01 23:05:06,同意する,1泊,1泊,金沢エリア  （湯涌温泉、深谷温泉、犀川温泉など）,石川県外には泊まらない,友人,"地元の美味しいものを食べる, 名所、旧跡の観光","新幹線, 在来線",路線バス,満足,料金が分かりやすい。,"10,000円以上 20,000円未満","20,000円以上 30,000円未満","20,000円以上 30,000円未満",初めて,観光パンフレット・ポスター,尾山神社,,金沢21世紀美術館,,"1,000円未満",とても満足,来園記念の札をもらえた。,満足,ライトアップの準備をしていてゴタゴタしていた。,感じなかった,,5,,機会があれば行きたい,海鮮が美味しいんだと思っていたが、値段ばかり高くあまり美味しくなかったのが残念だった。,女,1971,山梨県,笛吹市,300万円以上 400万円未満,ひゃくまさんが好き,,,特になし
金沢エリア,兼六園,2023/10/02 19:30:39,同意する,1泊,1泊,金沢エリア  （湯涌温泉、深谷温泉、犀川温泉など）,石川県外には泊まらない,夫婦2人,"地元の美味しいものを食べる, 名所、旧跡の観光","在来線, サイコロきっぷ",徒歩,満足,天候,"10,000円以上 20,000円未満","5,000円以上 10,000円未満","10,000円以上 20,000円未満",初めて,"インターネット・アプリ, 友人・知人",近江町市場,,選択なし/該当施設なし,チームラボ,"1,000円以上 3,000円未満",満足,平日でゆっくり見て回れた,とても満足,キレイだった,感じなかった,,8,スイーツ系,機会があれば行きたい,個装のお土産がたくさんあると嬉しい,女,1981,兵庫県,伊丹市,700万円以上 800万円未満,なんとなく,,,ゆっくりできる
金沢エリア,兼六園,2023/10/02 20:25:34,同意する,1泊,1泊,金沢エリア  （湯涌温泉、深谷温泉、犀川温泉など）,石川県外には泊まらない,自分ひとり,"温泉や露天風呂, 地元の美味しいものを食べる, スポーツ観戦や芸術鑑賞（コンサート等）, 友人・親戚を訪ねる",新幹線,路線バス,とても満足,バスの運転手がバス停の案内とともに観光名所案内もしてくれてわかりやすかった。,"5,000円以上 10,000円未満","30,000円以上 40,000円未満","10,000円以上 20,000円未満",初めて,"インターネット・アプリ, 友人・知人",金沢城（金沢城公園）,,尾山神社,,"1,000円以上 3,000円未満",とても満足,手入れが行き届いているところ,とても満足,リフレッシュできた,感じなかった,,10,ライトアップ,また行きたい（1年以内）,海産物、郷土料理などの充実,女,1976,神奈川県,横浜市,800万円以上 900万円未満,"動く３Dひゃくまんさんを見たい, 石川県のおすすめ観光スポットが見たい",,,自然豊かな環境でリラックスできるから
金沢エリア,兼六園,2023/10/02 22:17:47,同意する,日帰り,1泊,加賀エリア （山代温泉、山中温泉、片山津温泉、粟津温泉、辰口温泉、加賀市、小松市など）,富山県,友人,"温泉や露天風呂, 地元の美味しいものを食べる, 花見や紅葉などの自然鑑賞, 名所、旧跡の観光, まちあるき、都市散策",在来線,路線バス,とても満足,バスの本数が多い,"30,000円以上 40,000円未満","10,000円以上 20,000円未満","10,000円以上 20,000円未満",2～5回目,観光展・物産展,近江町市場,,金沢21世紀美術館,,"1,000円未満",とても満足,,とても満足,,感じなかった,,10,風情が有り、和菓子が美味しい、珍しい蝶や鳥に出会えて嬉しい、敷地が広くて見やすい,また行きたい（1年以内）,どこも美しく素晴らしかったので特にないです,女,1963,京都府,京都市,100万円以上 200万円未満,ひゃくまさんが好き,,,観光地を周遊しやすい、街が美しい、魚が美味しい、駅が使いやすくお土産売り場がとても綺麗
金沢エリア,兼六園,2023/10/03 16:53:10,同意する,1泊,1泊,金沢エリア  （湯涌温泉、深谷温泉、犀川温泉など）,石川県外には泊まらない,姉,"地元の美味しいものを食べる, 名所、旧跡の観光, スポーツ観戦や芸術鑑賞（コンサート等）",新幹線,徒歩,,,"20,000円以上 30,000円未満","1,000円未満","20,000円以上 30,000円未満",初めて,"観光展・物産展, 新聞・雑誌・ガイドブック, TV・ラジオ番組やCM, 観光パンフレット・ポスター, インターネット・アプリ",近江町市場,,金沢21世紀美術館,,"1,000円未満",満足,景色の良いところで食事等できるから。,満足,景色がとても綺麗だったから。,感じなかった,,10,,また行きたい（1年以内）,特になし,女,1985,東京都,足立区,300万円以上 400万円未満,"能登牛が当たる, ひゃくまさんが好き",,,兼六園
金沢エリア,兼六園,2023/10/04 20:31:09,同意する,1泊,1泊,金沢エリア  （湯涌温泉、深谷温泉、犀川温泉など）,石川県外には泊まらない,夫婦2人,"地元の美味しいものを食べる, 花見や紅葉などの自然鑑賞, 名所、旧跡の観光, テーマパーク（遊園地、動物園、博物館など）, まちあるき、都市散策",在来線,徒歩,,,"20,000円以上 30,000円未満","3,000円以上 5,000円未満","30,000円以上 40,000円未満",2～5回目,X(旧：Twitter),近江町市場,,金沢21世紀美術館,,"1,000円以上 3,000円未満",満足,平日だったので落ち着いて対応いただいた。,満足,,感じなかった,,8,,また行きたい（1年以内）,近江市場よりコンビニの方が安いお土産があった。,男,1962,大阪府,交野市,500万円以上 600万円未満,"ひゃくまさんが好き, 動く３Dひゃくまんさんを見たい, 石川県のおすすめ観光スポットが見たい",,,東京や大阪みたいに慌ただしくなく、旅を楽しめる。
金沢エリア,兼六園,2023/10/06 12:42:39,同意する,1泊,1泊,金沢エリア  （湯涌温泉、深谷温泉、犀川温泉など）,石川県外には泊まらない,職場の同僚,出張など仕事関係,自家用車,"自家用車, 徒歩",,,"5,000円以上 10,000円未満","1,000円以上 3,000円未満","1,000円以上 3,000円未満",2～5回目,友人・知人,金沢城（金沢城公園）,,選択なし/該当施設なし,,"1,000円以上 3,000円未満",とても満足,対応が丁寧,満足,,感じなかった,,6,,また行きたい（1年以内）,特になし,女,1981,富山県,富山市,400万円以上 500万円未満,良くして頂いたお礼の気持ち,,,日本特有の文化を感じられるから
金沢エリア,兼六園,2023/10/06 16:12:22,同意する,日帰り,石川県内には宿泊しない,石川県内には宿泊しない,石川県外には泊まらない,恋人,"地元の美味しいものを食べる, 買い物、アウトレット",自家用車,自家用車,,,"1,000円以上 3,000円未満",使わない,"1,000円以上 3,000円未満",2～5回目,"インターネット・アプリ, X(旧：Twitter)",選択なし/該当施設なし,,金沢城（金沢城公園）,,"1,000円未満",満足,,満足,,感じなかった,,1,,石川県在住,特になし,その他,1997,石川県,金沢市,100万円以上 200万円未満,なんとなく,,,
金沢エリア,兼六園,2023/10/06 16:57:30,同意する,日帰り,石川県内には宿泊しない,石川県内には宿泊しない,石川県外には泊まらない,友人,"地元の美味しいものを食べる, 名所、旧跡の観光, まちあるき、都市散策",在来線,路線バス,満足,,使わない,"5,000円以上 10,000円未満","10,000円以上 20,000円未満",2～5回目,新聞・雑誌・ガイドブック,近江町市場,,金沢21世紀美術館,,"1,000円未満",満足,,満足,,感じた,通れない道等で行きたい方向にすぐに行けなかった,8,,機会があれば行きたい,海鮮以外の土地の物を食べてみたい,女,1966,京都府,京都市,700万円以上 800万円未満,"能登牛が当たる, ひゃくまさんが好き, 石川県のおすすめ観光スポットが見たい",,,コンパクトに観光を楽しめる
金沢エリア,兼六園,2023/10/06 18:48:21,同意する,2泊,2泊,金沢エリア  （湯涌温泉、深谷温泉、犀川温泉など）,石川県外には泊まらない,友人,"地元の美味しいものを食べる, 名所、旧跡の観光, 買い物、アウトレット, まちあるき、都市散策, 各種体験（手作り、果物狩りなど）",新幹線,徒歩,,,"10,000円以上 20,000円未満","1,000円以上 3,000円未満","20,000円以上 30,000円未満",2～5回目,"新聞・雑誌・ガイドブック, 友人・知人",金沢城（金沢城公園）,,選択なし/該当施設なし,石浦神社,"3,000円以上 5,000円未満",満足,,満足,庭園の景色を堪能でき、おでん定食も美味しく、九谷焼のフォトフレーム作り体験も出来た。,感じた,入口が複数あり、少し迷いました。,10,金沢の地元の食べ物をお手軽に楽しめる場所(カフェ等)がもう少しあるといいかも。,機会があれば行きたい,可愛いお土産を色々開発して下さい。,女,1963,福岡県,糸島市,700万円以上 800万円未満,金沢が好きだから。これからも応援してます。,,,季節ごとに景観が変わり、いつ行っても美しい。見学出来る建物もあり、抹茶と和菓子も楽しめる。
金沢エリア,兼六園,2023/10/06 21:59:54,同意する,2泊,2泊,金沢エリア  （湯涌温泉、深谷温泉、犀川温泉など）,石川県外には泊まらない,親,"地元の美味しいものを食べる, 名所、旧跡の観光",新幹線,旅行会社ツアーバス,とても満足,,"30,000円以上 40,000円未満","1,000円未満","20,000円以上 30,000円未満",2～5回目,インターネット・アプリ,ひがし茶屋街,,近江町市場,,"1,000円未満",とても満足,,とても満足,,感じなかった,,10,,機会があれば行きたい,特になし,女,1979,埼玉県,川口市,500万円以上 600万円未満,能登牛が当たる,,,
金沢エリア,兼六園,2023/10/07 18:18:27,同意する,4泊以上,4泊以上,金沢エリア  （湯涌温泉、深谷温泉、犀川温泉など）,長野県,親,友人・親戚を訪ねる,新幹線,路線バス,満足,金沢駅からのバスは多く利用しやすい,"5,000円以上 10,000円未満","1,000円以上 3,000円未満","30,000円以上 40,000円未満",2～5回目,"新聞・雑誌・ガイドブック, インターネット・アプリ, 友人・知人",ひがし茶屋街,,近江町市場,,"3,000円以上 5,000円未満",どちらでもない,兼六園ではゆっくり散歩しただけなのでサービスはよくわかりません,満足,紅葉や雪の日はもっと素敵と聞いていたので、今回は緑の中を堪能しました,感じなかった,,7,,また行きたい（1年以内）,今回は回転寿司や寿司屋には行けなかったので次回は必ず美味しいお寿司を堪能したいです,女,1959,東京都,小平市,200万円以上 300万円未満,ひゃくまさんが好き,,,兼六園は皆が行っているところなので、季節の良い時期を勧めたいです
金沢エリア,兼六園,2023/10/07 18:41:32,同意する,日帰り,1泊,金沢エリア  （湯涌温泉、深谷温泉、犀川温泉など）,石川県外には泊まらない,自分ひとり,"花見や紅葉などの自然鑑賞, 名所、旧跡の観光",自家用車,自家用車,,,"1,000円以上 3,000円未満","1,000円未満","1,000円以上 3,000円未満",11回目以上,インターネット・アプリ,選択なし/該当施設なし,,選択なし/該当施設なし,,使わない,満足,,満足,,感じなかった,,10,,また行きたい（1年以内）,寿司,男,1979,石川県,金沢市,600万円以上 700万円未満,ひゃくまさんが好き,,,
金沢エリア,兼六園,2023/10/07 20:20:23,同意する,1泊,1泊,金沢エリア  （湯涌温泉、深谷温泉、犀川温泉など）,石川県外には泊まらない,恋人,"地元の美味しいものを食べる, 名所、旧跡の観光, 買い物、アウトレット",新幹線,路線バス,どちらでもない,,"5,000円以上 10,000円未満","20,000円以上 30,000円未満","20,000円以上 30,000円未満",初めて,"新聞・雑誌・ガイドブック, インターネット・アプリ",近江町市場,,ひがし茶屋街,,"1,000円以上 3,000円未満",満足,,満足,,感じなかった,,8,,また行きたい（1年以内）,特になし,女,1995,埼玉県,日高市,300万円以上 400万円未満,"ひゃくまさんが好き, ARでひゃくまんさんと写真が撮りたかった, ひゃくまんさんの名刺をコレクションしている, 動く３Dひゃくまんさんを見たい, 石川県のおすすめ観光スポットが見たい, 石川県の雑学を知りたい",,,
金沢エリア,兼六園,2023/10/08 3:48:08,同意する,日帰り,石川県内には宿泊しない,石川県内には宿泊しない,石川県外には泊まらない,夫婦2人,地元の美味しいものを食べる,自家用車,自家用車,,,"10,000円以上 20,000円未満","3,000円以上 5,000円未満","10,000円以上 20,000円未満",初めて,観光展・物産展,金沢城（金沢城公園）,,ひがし茶屋街,,"1,000円以上 3,000円未満",とても満足,,とても満足,,感じなかった,,10,,また行きたい（1年以内）,特になし,女,1989,石川県,白山市,300万円以上 400万円未満,"石川県のおすすめ観光スポットが見たい, 石川県の雑学を知りたい",,,
金沢エリア,兼六園,2023/10/08 8:32:20,同意する,日帰り,石川県内には宿泊しない,石川県内には宿泊しない,東京,自分ひとり,"地元の美味しいものを食べる, 名所、旧跡の観光, 買い物、アウトレット, まちあるき、都市散策",高速バス,高速バス,とても満足,直通でいけたから,使わない,使わない,"10,000円以上 20,000円未満",初めて,インターネット・アプリ,選択なし/該当施設なし,,ひがし茶屋街,,"1,000円未満",どちらでもない,,とても満足,,感じた,洋式トイレの常設,8,,機会があれば行きたい,特になし,女,1959,富山県,富山市,200万円以上 300万円未満,"能登牛が当たる, 石川県のおすすめ観光スポットが見たい, なんとなく",,,
金沢エリア,兼六園,2023/10/08 10:55:04,同意する,2泊,1泊,金沢エリア  （湯涌温泉、深谷温泉、犀川温泉など）,福井県,恋人,"温泉や露天風呂, 名所、旧跡の観光, お祭りやイベントへの参加・見物, 出張など仕事関係","レンタカー, 新幹線","レンタカー, 徒歩",,,"10,000円以上 20,000円未満","1,000円以上 3,000円未満","30,000円以上 40,000円未満",2～5回目,インターネット・アプリ,近江町市場,,金沢城（金沢城公園）,,使わない,とても満足,,とても満足,,感じなかった,,8,,また行きたい（1年以内）,ホスピタリティ,女,1992,栃木県,佐野市,"1,500万円以上","能登牛が当たる, ARでひゃくまんさんと写真が撮りたかった",,,
金沢エリア,兼六園,2023/10/08 14:06:03,同意する,2泊,2泊,金沢エリア  （湯涌温泉、深谷温泉、犀川温泉など）,石川県外には泊まらない,夫婦2人,地元の美味しいものを食べる,飛行機,"徒歩, レンタサイクル",満足,,"10,000円以上 20,000円未満","20,000円以上 30,000円未満","10,000円以上 20,000円未満",初めて,新聞・雑誌・ガイドブック,金沢城（金沢城公園）,,近江町市場,,"1,000円未満",満足,,満足,,感じなかった,,7,,機会があれば行きたい,おいしい海の幸,女,1975,神奈川県,川崎市,"1,000万円以上 1,200万円未満",能登牛が当たる,,,
金沢エリア,兼六園,2023/10/08 17:52:00,同意する,日帰り,石川県内には宿泊しない,石川県内には宿泊しない,日帰り,夫婦2人,"名所、旧跡の観光, ドライブ・ツーリング",自家用車,自家用車,,,使わない,"5,000円以上 10,000円未満","5,000円以上 10,000円未満",2～5回目,"新聞・雑誌・ガイドブック, インターネット・アプリ",金沢城（金沢城公園）,,金沢城（金沢城公園）,,"1,000円以上 3,000円未満",満足,ガイドマップが多数ある,満足,綺麗に整備されている,感じなかった,,8,,また行きたい（1年以内）,特になし,男,1966,新潟県,上越市,"1,200万円以上 1,500万円未満","ひゃくまさんが好き, ARでひゃくまんさんと写真が撮りたかった, 石川県のおすすめ観光スポットが見たい",,,地元にはこのような規模がない、綺麗に管理されている、案内看板が適度にある、アクセスが適度に良い
金沢エリア,兼六園,2023/10/08 21:21:28,同意する,1泊,1泊,金沢エリア  （湯涌温泉、深谷温泉、犀川温泉など）,石川県外には泊まらない,恋人,"地元の美味しいものを食べる, 名所、旧跡の観光",新幹線,"路線バス, 徒歩",満足,,"3,000円以上 5,000円未満","10,000円以上 20,000円未満","10,000円以上 20,000円未満",初めて,"新聞・雑誌・ガイドブック, インターネット・アプリ",ひがし茶屋街,,金沢21世紀美術館,,使わない,満足,入園料の支払い方法が多様だった点が便利に感じた,満足,綺麗に手入れされていて見応えがあった反面、順路が分かりにくかった,感じた,順路が分かりにくい,8,,機会があれば行きたい,特になし,女,1996,愛知県,愛知郡東郷町,800万円以上 900万円未満,能登牛が当たる,,,ひがし茶屋街のカフェが、2階席から眺める風景と室内の雰囲気も相まってとても風雅で、友人に勧めたいと思った
金沢エリア,兼六園,2023/10/09 12:13:40,同意する,1泊,1泊,金沢エリア  （湯涌温泉、深谷温泉、犀川温泉など）,石川県外には泊まらない,友人,"地元の美味しいものを食べる, 名所、旧跡の観光, まちあるき、都市散策",在来線,路線バス,満足,本数が多い、土日の100円で乗車出来るバスもありよかった,"10,000円以上 20,000円未満","10,000円以上 20,000円未満","20,000円以上 30,000円未満",2～5回目,"新聞・雑誌・ガイドブック, Instagram",尾山神社,,金沢21世紀美術館,,"1,000円未満",満足,あんころ餅がとても美味しかった,満足,清潔にしてあった,感じなかった,,10,,機会があれば行きたい,主要な観光地へのアクセスは非常に便利ですが、素敵なカフェも多いのでカフェに特化したガイドマップを作っていただけたら嬉しい。今回は予約が取れなくて金箔を貼る体験、和菓子を作る体験が出来なくて残念でした。連休や土日はもう少し体験出来る人数が多いと楽しい思い出が残せる人が増えると思いました。,女,1965,大阪府,守口市,300万円以上 400万円未満,"ひゃくまさんが好き, ARでひゃくまんさんと写真が撮りたかった, 石川県のおすすめ観光スポットが見たい",,,歴史的な建造物や現代美術、美味しい食べ物も沢山ありとても魅力的な街なので。
金沢エリア,兼六園,2023/10/11 8:07:58,同意する,日帰り,石川県内には宿泊しない,石川県内には宿泊しない,石川県外には泊まらない,友人,"地元の美味しいものを食べる, 花見や紅葉などの自然鑑賞, 名所、旧跡の観光, テーマパーク（遊園地、動物園、博物館など）",県外から訪れていない（石川県内在住）,路線バス,とても満足,,"1,000円以上 3,000円未満","1,000円未満","1,000円以上 3,000円未満",11回目以上,"TV・ラジオ番組やCM, 観光パンフレット・ポスター",尾山神社,,金沢城（金沢城公園）,,"1,000円未満",とても満足,,とても満足,手入れが行き届いてると感じた,感じなかった,,10,,また行きたい（1年以内）,特になし,女,1978,石川県,金沢市,100万円未満,"ひゃくまさんが好き, ARでひゃくまんさんと写真が撮りたかった",,,
金沢エリア,兼六園,2023/10/11 9:00:51,同意する,1泊,1泊,金沢エリア  （湯涌温泉、深谷温泉、犀川温泉など）,石川県外には泊まらない,夫婦2人,名所、旧跡の観光,新幹線,路線バス,満足,のりばがわかりやすく表示されていて、本数も結構あった。,"5,000円以上 10,000円未満","1,000円未満","20,000円以上 30,000円未満",初めて,新聞・雑誌・ガイドブック,近江町市場,,金沢城（金沢城公園）,,"1,000円以上 3,000円未満",満足,,満足,,感じなかった,,8,,機会があれば行きたい,特になし,男,1964,埼玉県,さいたま市,400万円以上 500万円未満,能登牛が当たる,,,
金沢エリア,兼六園,2023/10/14 20:12:24,同意する,日帰り,石川県内には宿泊しない,石川県内には宿泊しない,石川県外には泊まらない,自分ひとり,出張など仕事関係,自家用車,自家用車,,,"1,000円未満","1,000円未満","1,000円未満",6～10回目,観光連盟やDMOのHP,選択なし/該当施設なし,,選択なし/該当施設なし,,使わない,どちらでもない,,どちらでもない,,感じた,,7,,石川県在住,特になし,男,1995,石川県,金沢市,600万円以上 700万円未満,能登牛が当たる,,,
金沢エリア,兼六園,2023/10/14 22:08:28,同意する,1泊,1泊,金沢エリア  （湯涌温泉、深谷温泉、犀川温泉など）,石川県外には泊まらない,親,"地元の美味しいものを食べる, まちあるき、都市散策",在来線,徒歩,,,"30,000円以上 40,000円未満","5,000円以上 10,000円未満","10,000円以上 20,000円未満",2～5回目,"観光パンフレット・ポスター, インターネット・アプリ",金沢城（金沢城公園）,,金沢21世紀美術館,,使わない,満足,ライトアップのとき、無料だったのでよかった,とても満足,ライトアップが非常に綺麗だった,感じた,ライトアップ時、薄暗いので、やはり道に迷うことが多かった,9,,また行きたい（1年以内）,美味しい海鮮を手頃な値段で食べたい。できれば主要な回転寿司の店舗は予約できるようになって欲しい。(ランチ営業は難しいのは分かるが。),女,1999,大阪府,高槻市,200万円以上 300万円未満,能登牛が当たる,,,
金沢エリア,兼六園,2023/10/15 10:23:47,同意する,3泊,1泊,金沢エリア  （湯涌温泉、深谷温泉、犀川温泉など）,富山県,夫婦2人,名所、旧跡の観光,自家用車,徒歩,,,"5,000円以上 10,000円未満","10,000円以上 20,000円未満","5,000円以上 10,000円未満",6～10回目,観光パンフレット・ポスター,金沢城（金沢城公園）,,尾山神社,,"1,000円未満",どちらでもない,お茶室が混んでいました。もう少し受け入れ人数が多いと混まないと思いました。,とても満足,いつもお庭の手入れをされている方が複数いらして、綺麗なお庭を堪能できるので。,感じなかった,,9,気軽にお抹茶が楽しめる和室,また行きたい（1年以内）,牛首紬の小物,女,1961,静岡県,静岡市,"1,200万円以上 1,500万円未満","能登牛が当たる, 石川県のおすすめ観光スポットが見たい, 石川県の雑学を知りたい",,,いつ伺っても、整備された庭園を楽しめるので。
金沢エリア,兼六園,2023/10/15 20:54:08,同意する,1泊,1泊,金沢エリア  （湯涌温泉、深谷温泉、犀川温泉など）,石川県外には泊まらない,恋人,"地元の美味しいものを食べる, 名所、旧跡の観光",在来線,徒歩,,,"10,000円以上 20,000円未満","5,000円以上 10,000円未満","10,000円以上 20,000円未満",2～5回目,新聞・雑誌・ガイドブック,選択なし/該当施設なし,21世紀美術館,選択なし/該当施設なし,,使わない,満足,,満足,,感じなかった,,8,,機会があれば行きたい,バスはもう少しICA以外の交通系ICカードを使わせてほしかった。飲食店は土日祝はもう少し遅い時間まで営業しても良いのではないか。,女,1998,奈良県,葛城郡王寺町,400万円以上 500万円未満,能登牛が当たる,,,
金沢エリア,兼六園,2023/10/17 8:37:27,同意する,1泊,1泊,金沢エリア  （湯涌温泉、深谷温泉、犀川温泉など）,石川県外には泊まらない,夫婦2人,"名所、旧跡の観光, 大学生の子供に会いに",自家用車,自家用車,,,"5,000円以上 10,000円未満","30,000円以上 40,000円未満","30,000円以上 40,000円未満",初めて,"観光パンフレット・ポスター, インターネット・アプリ",金沢城（金沢城公園）,,近江町市場,,"1,000円以上 3,000円未満",満足,日中と夜の２回訪問しました。,満足,,感じなかった,,9,兼六園内限定のものが良いです,機会があれば行きたい,現在のものを引き続き品質を落とすこと無くで良いと思います。,男,1975,広島県,福山市,"900万円以上 1,000万円未満",なんとなく,,,
金沢エリア,兼六園,2023/10/25 20:37:50,同意する,3泊,1泊,金沢エリア  （湯涌温泉、深谷温泉、犀川温泉など）,岐阜県,夫婦2人,"地元の美味しいものを食べる, 名所、旧跡の観光, まちあるき、都市散策",自家用車,自家用車,,,"3,000円以上 5,000円未満","10,000円以上 20,000円未満","20,000円以上 30,000円未満",初めて,"インターネット・アプリ, X(旧：Twitter)",近江町市場,,ひがし茶屋街,,"1,000円以上 3,000円未満",満足,,満足,,感じなかった,,9,兼六園オリジナルのお土産があると嬉しいです,また行きたい（1年以内）,食べ歩き可能なものが増えると嬉しいです,女,1984,埼玉県,越谷市,200万円以上 300万円未満,能登牛が当たる,,,景色も綺麗で美味しいものもたくさんあるところ
金沢エリア,兼六園,2023/10/29 0:22:53,同意する,1泊,1泊,金沢エリア  （湯涌温泉、深谷温泉、犀川温泉など）,石川県外には泊まらない,親,"地元の美味しいものを食べる, 花見や紅葉などの自然鑑賞, 名所、旧跡の観光",新幹線,路線バス,とても満足,,"10,000円以上 20,000円未満","5,000円以上 10,000円未満","5,000円以上 10,000円未満",初めて,"TV・ラジオ番組やCM, 観光パンフレット・ポスター, X(旧：Twitter), Instagram",近江町市場,,金沢城（金沢城公園）,,使わない,とても満足,,とても満足,,感じなかった,,10,,機会があれば行きたい,特になし,女,1992,埼玉県,鴻巣市,100万円以上 200万円未満,"能登牛が当たる, ひゃくまさんが好き, 動く３Dひゃくまんさんを見たい, 石川県のおすすめ観光スポットが見たい",,,
金沢エリア,兼六園,2023/10/29 21:36:03,同意する,4泊以上,2泊,金沢エリア  （湯涌温泉、深谷温泉、犀川温泉など）,車中泊,親,"友人・親戚を訪ねる, 金沢マラソンの応援",夜行バス,自家用車,,,"1,000円未満","10,000円以上 20,000円未満","10,000円以上 20,000円未満",11回目以上,友人・知人,尾山神社,,選択なし/該当施設なし,,使わない,とても満足,夕食後ライトアップを観に行ったので何も購入しなかったため商品と言えるか微妙ですが、ライトアップは素敵でした！,とても満足,池に映る木々が幻想的で素敵だった,感じなかった,,10,周りのお土産屋さんが閉まるのが早いので、ライトアップの時期だけでも長めに開けて欲しかった。,また行きたい（1年以内）,特になし,女,1993,神奈川県,横浜市,800万円以上 900万円未満,"能登牛が当たる, ひゃくまさんが好き, ひゃくまんさんの名刺をコレクションしている",,,金沢マラソン。食べまっしステーションなど石川ならではがたくさんあり、応援する側も観光地が多いので楽しかったです！
金沢エリア,兼六園,2023/10/31 19:13:08,同意する,1泊,1泊,金沢エリア  （湯涌温泉、深谷温泉、犀川温泉など）,石川県外には泊まらない,恋人,花見や紅葉などの自然鑑賞,自家用車,自家用車,,,"5,000円以上 10,000円未満",使わない,"1,000円以上 3,000円未満",2～5回目,観光パンフレット・ポスター,金沢城（金沢城公園）,,選択なし/該当施設なし,,使わない,とても満足,,とても満足,,感じなかった,,10,,また行きたい（1年以内）,特になし,女,1999,石川県,能美市,100万円未満,なんとなく,,,
金沢エリア,兼六園,2023/11/15 11:05:39,同意する,1泊,2泊,金沢エリア  （湯涌温泉、深谷温泉、犀川温泉など）,福井県,恋人,名所、旧跡の観光,飛行機,徒歩,,,"5,000円以上 10,000円未満","20,000円以上 30,000円未満","5,000円以上 10,000円未満",初めて,"TV・ラジオ番組やCM, インターネット・アプリ",近江町市場,,ひがし茶屋街,,"1,000円未満",満足,,満足,,感じなかった,,10,,機会があれば行きたい,とく無し,女,1981,北海道,岩見沢市,200万円以上 300万円未満,ひゃくまさんが好き,,,
金沢エリア,兼六園,2023/11/15 17:27:04,同意する,1泊,1泊,金沢エリア  （湯涌温泉、深谷温泉、犀川温泉など）,東京,夫婦2人,"地元の美味しいものを食べる, 花見や紅葉などの自然鑑賞, 名所、旧跡の観光",自家用車,"自家用車, 徒歩",,,"20,000円以上 30,000円未満","10,000円以上 20,000円未満","10,000円以上 20,000円未満",2～5回目,"観光パンフレット・ポスター, インターネット・アプリ, Instagram",尾山神社,,近江町市場,,"1,000円以上 3,000円未満",とても満足,,とても満足,,感じなかった,,10,コーヒーとかの茶店をもう少し増やしてほしい,また行きたい（1年以内）,金沢駅から兼六園までのルートに、流行りのグルメスポットを増やしてほしい。,女,1965,岐阜県,岐阜市,500万円以上 600万円未満,能登牛が当たる,,,
金沢エリア,兼六園,2023/11/15 19:13:19,同意する,1泊,1泊,金沢エリア  （湯涌温泉、深谷温泉、犀川温泉など）,石川県外には泊まらない,夫婦2人,"温泉や露天風呂, 地元の美味しいものを食べる, 名所、旧跡の観光, まちあるき、都市散策",新幹線,路線バス,不満,バス停が良い場所になく、バスの時間間隔も長いため待ち時間が多かった。,"30,000円以上 40,000円未満","10,000円以上 20,000円未満","10,000円以上 20,000円未満",2～5回目,"インターネット・アプリ, X(旧：Twitter), Instagram, 友人・知人",金沢城（金沢城公園）,,ひがし茶屋街,,"1,000円未満",どちらでもない,庭園以外の付加価値があまり感じられなかったため。,どちらでもない,庭園自体は満足。,感じなかった,,7,兼六園でしか買えない商品やコラボ商品。,機会があれば行きたい,海鮮を観光客価格ではない適切な値段で食べられるところを知りたい。また、バス移動がかなり不便。,男,1990,東京都,練馬区,"1,200万円以上 1,500万円未満","ひゃくまさんが好き, ARでひゃくまんさんと写真が撮りたかった, 動く３Dひゃくまんさんを見たい",,,金沢おでん(赤玉)、ボタンエビのお刺身、ホテル山楽
金沢エリア,兼六園,2023/11/18 1:00:54,同意する,2泊,2泊,金沢エリア  （湯涌温泉、深谷温泉、犀川温泉など）,石川県外には泊まらない,団体旅行,お祭りやイベントへの参加・見物,新幹線,路線バス,とても満足,路線バスの本数がそこそこあって、乗り場もわかりやすかった。,"30,000円以上 40,000円未満","5,000円以上 10,000円未満","30,000円以上 40,000円未満",初めて,インターネット・アプリ,選択なし/該当施設なし,他には時間の都合上行けてない。,選択なし/該当施設なし,時間の都合上、他の施設には行けなかった。,"3,000円以上 5,000円未満",とても満足,金箔のソフトクリームを食べようとおもっていたが、寒かったので断念。代わりに金箔団子があり、楽しめたのが嬉しい。お土産をたくさん買えたことも満足。,とても満足,トイレも整備されていてよかった。,感じなかった,,10,暑くても寒くても楽しめる、又、雨の日も楽しめるような設備の拡充があれば良い。,また行きたい（1年以内）,やはり旅行の楽しみはお土産を選ぶことだと思う。お土産屋さんは何店あってもいいと思うし、食べ歩き出来る施設が沢山あるほど観光地としては栄えると思う。,女,1982,大分県,大分市,800万円以上 900万円未満,ひゃくまさんが好き,,,これぞ石川県だと思うので、薦めたいと思う。
金沢エリア,兼六園,2023/11/20 22:45:44,同意する,3泊,3泊,金沢エリア  （湯涌温泉、深谷温泉、犀川温泉など）,石川県外には泊まらない,夫婦2人,"地元の美味しいものを食べる, 花見や紅葉などの自然鑑賞, 名所、旧跡の観光, まちあるき、都市散策","レンタカー, 飛行機",レンタカー,とても満足,駐車場が多い,"20,000円以上 30,000円未満","20,000円以上 30,000円未満","20,000円以上 30,000円未満",初めて,"新聞・雑誌・ガイドブック, インターネット・アプリ, Instagram",近江町市場,,選択なし/該当施設なし,,"1,000円以上 3,000円未満",満足,対応が良かった。,とても満足,とても綺麗にされていて良かった。,感じなかった,,10,現状でいい。,機会があれば行きたい,特になし,女,1967,沖縄県,宮古島市,300万円以上 400万円未満,"能登牛が当たる, 石川県のおすすめ観光スポットが見たい, 石川県の雑学を知りたい",,,景色が綺麗で心が落ち着く。何度でも来たいから
金沢エリア,兼六園,2023/11/20 23:35:58,同意する,2泊,2泊,金沢エリア  （湯涌温泉、深谷温泉、犀川温泉など）,石川県外には泊まらない,消防団,お祭りやイベントへの参加・見物,"新幹線, 在来線",路線バス,満足,待ち時間が少なくて良かった,"10,000円以上 20,000円未満","50,000円以上 100,000円未満","50,000円以上 100,000円未満",初めて,"新聞・雑誌・ガイドブック, 観光パンフレット・ポスター",選択なし/該当施設なし,,選択なし/該当施設なし,,"1,000円以上 3,000円未満",どちらでもない,,どちらでもない,,感じた,あいにくの雨だった為,5,,機会があれば行きたい,子供向けの土産がもう少し欲しい,女,1976,大分県,大分市,600万円以上 700万円未満,動く３Dひゃくまんさんを見たい,,,
金沢エリア,兼六園,2023/11/21 18:56:41,同意する,2泊,2泊,金沢エリア  （湯涌温泉、深谷温泉、犀川温泉など）,石川県外には泊まらない,自分ひとり,友人・親戚を訪ねる,友人の車,路線バス,どちらでもない,バスが混んでる,"5,000円以上 10,000円未満","1,000円未満","20,000円以上 30,000円未満",初めて,友人・知人,ひがし茶屋街,,選択なし/該当施設なし,鈴木大拙館,使わない,満足,歴史を感じたし植えてある木がすごかった,とても満足,なかなか見れないところだったので新鮮でした,感じなかった,,10,アクティビティは求めていませんが兼六園に合う食べ物が食べたかった昔の将軍様が食べてそうなやつ,また行きたい（1年以内）,今度行ったとこは釣り体験してみたいですその魚を料理してくれるところもあれば嬉しいです,女,1975,千葉県,市川市,300万円以上 400万円未満,ひゃくまさんが好き,,,兼六園にある松の木は他では見れないし池や他の作りも兼六園でしか見れないものが多いのでぜひお勧めしたいです
金沢エリア,兼六園,2023/11/21 19:01:37,同意する,2泊,3泊,金沢エリア  （湯涌温泉、深谷温泉、犀川温泉など）,岐阜県,恋人,名所、旧跡の観光,在来線,自家用車,とても満足,,使わない,使わない,"5,000円以上 10,000円未満",初めて,ブログ,金沢城（金沢城公園）,,近江町市場,,"3,000円以上 5,000円未満",とても満足,,とても満足,,感じなかった,,3,,また行きたい（1年以内）,特にない,無回答,1975,千葉県,市川市,300万円以上 400万円未満,ひゃくまさんが好き,,,
金沢エリア,兼六園,2023/11/22 13:42:01,同意する,2泊,2泊,金沢エリア  （湯涌温泉、深谷温泉、犀川温泉など）,石川県外には泊まらない,夫婦2人,地元の美味しいものを食べる,新幹線,路線バス,満足,便利だったから,"5,000円以上 10,000円未満","5,000円以上 10,000円未満","20,000円以上 30,000円未満",初めて,観光展・物産展,近江町市場,なし,近江町市場,,使わない,満足,,満足,,感じなかった,,7,,また行きたい（1年以内）,特にない,女,1966,千葉県,千葉市,"1,200万円以上 1,500万円未満",能登牛が当たる,,,
金沢エリア,兼六園,2023/11/23 20:38:35,同意する,1泊,1泊,加賀エリア （山代温泉、山中温泉、片山津温泉、粟津温泉、辰口温泉、加賀市、小松市など）,石川県外には泊まらない,友人,"宿でのんびり過ごす, 地元の美味しいものを食べる, まちあるき、都市散策",在来線,路線バス,とても満足,,"20,000円以上 30,000円未満","1,000円以上 3,000円未満","10,000円以上 20,000円未満",初めて,"新聞・雑誌・ガイドブック, 友人・知人",選択なし/該当施設なし,,金沢城（金沢城公園）,,"1,000円未満",とても満足,,とても満足,,感じなかった,,10,,また行きたい（1年以内）,海鮮が美味しかったです,女,1988,千葉県,成田市,400万円以上 500万円未満,能登牛が当たる,,,
金沢エリア,兼六園,2023/11/25 6:40:20,同意する,2泊,2泊,金沢エリア  （湯涌温泉、深谷温泉、犀川温泉など）,石川県外には泊まらない,自分ひとり,名所、旧跡の観光,新幹線,旅行会社ツアーバス,満足,,"10,000円以上 20,000円未満","30,000円以上 40,000円未満","20,000円以上 30,000円未満",2～5回目,インターネット・アプリ,ひがし茶屋街,,近江町市場,,"1,000円未満",とても満足,,とても満足,,感じなかった,,8,,また行きたい（1年以内）,今のままで満足です,女,1972,埼玉県,さいたま市,"1,000万円以上 1,200万円未満",なんとなく,,,金沢神社　ホッとできる空間。御朱印もよかった。
金沢エリア,兼六園,2023/11/25 13:30:11,同意する,1泊,1泊,能登エリア （和倉温泉、七尾市、輪島市、珠洲市など）,石川県外には泊まらない,友人,"温泉や露天風呂, 地元の美味しいものを食べる, 花見や紅葉などの自然鑑賞, 名所、旧跡の観光",新幹線,路線バス,不満,どのバスに乗れば良いのか分かりづらいです。交通ICカードが使えないバスが有り不便でした。渋滞も酷いので、路面電車があれば良いのにと思いました。,"5,000円以上 10,000円未満","30,000円以上 40,000円未満","30,000円以上 40,000円未満",2～5回目,"新聞・雑誌・ガイドブック, インターネット・アプリ",選択なし/該当施設なし,能登半島,選択なし/該当施設なし,能登半島,使わない,どちらでもない,商品の購入は無いので分かりません,満足,紅葉が素晴らしかったです。2日間の旅行で、昼間と夜のライトアップ、2回伺いました。どちらも違った楽しみ方が出来ました。,感じた,道路反対側のバス停に行くのに、横断歩道が遠く、信号待ちも長かったです。歩道橋が有れば良いのにと思いました。また、ライトアップ後の周遊バスが無く、次の目的地に早く着くバスがどれなのか分からず、困りました。,8,駅に早朝で食べれるお寿司屋さんや海鮮丼屋さんが有ると非常に有難いです,また行きたい（1年以内）,やはり食べ物が美味しいです。交通事情の改善をお願いしたいです。,女,1978,茨城県,龍ヶ崎市,400万円以上 500万円未満,能登牛が当たる,,,金沢の寿司が美味しかったです。
金沢エリア,兼六園,2023/11/26 13:01:19,同意する,2泊,石川県内には宿泊しない,石川県内には宿泊しない,福井県,夫婦2人,"地元の美味しいものを食べる, 名所、旧跡の観光",自家用車,自家用車,,,使わない,"1,000円未満","3,000円以上 5,000円未満",初めて,インターネット・アプリ,選択なし/該当施設なし,,金沢城（金沢城公園）,,使わない,とても満足,,とても満足,,感じなかった,,10,,また行きたい（1年以内）,特になし,男,1955,徳島県,板野郡,500万円以上 600万円未満,能登牛が当たる,,,
金沢エリア,兼六園,2023/11/27 10:49:12,同意する,1泊,1泊,金沢エリア  （湯涌温泉、深谷温泉、犀川温泉など）,石川県外には泊まらない,親,地元の美味しいものを食べる,新幹線,徒歩,満足,,"20,000円以上 30,000円未満","5,000円以上 10,000円未満","5,000円以上 10,000円未満",2～5回目,観光展・物産展,金沢城（金沢城公園）,,金沢城（金沢城公園）,,"3,000円以上 5,000円未満",とても満足,,とても満足,,感じた,,10,,また行きたい（1年以内）,特になし,女,1998,神奈川県,横浜市,400万円以上 500万円未満,ARでひゃくまんさんと写真が撮りたかった,,,
金沢エリア,兼六園,2023/11/27 11:15:57,同意する,1泊,1泊,金沢エリア  （湯涌温泉、深谷温泉、犀川温泉など）,石川県外には泊まらない,娘,"温泉や露天風呂, 地元の美味しいものを食べる, お祭りやイベントへの参加・見物","新幹線, 在来線",徒歩,,,"10,000円以上 20,000円未満","30,000円以上 40,000円未満","30,000円以上 40,000円未満",2～5回目,ブログ,選択なし/該当施設なし,ホテル,選択なし/該当施設なし,帰宅,"3,000円以上 5,000円未満",満足,希望をかなえた,満足,,感じなかった,,5,特に,機会があれば行きたい,特にない,女,1959,神奈川県,横浜市,600万円以上 700万円未満,能登牛が当たる,,,紹介された場所なので
金沢エリア,兼六園,2023/11/27 23:01:09,同意する,2泊,2泊,能登エリア （和倉温泉、七尾市、輪島市、珠洲市など）,石川県外には泊まらない,夫婦2人,地元の美味しいものを食べる,飛行機,旅行会社ツアーバス,とても満足,観光バス用駐車場が便利だった,"20,000円以上 30,000円未満","30,000円以上 40,000円未満","20,000円以上 30,000円未満",6～10回目,インターネット・アプリ,選択なし/該当施設なし,,ひがし茶屋街,,"1,000円未満",満足,,とても満足,紅葉と雪吊り,感じた,券売機が使いにくい、一部の入り口は行列だった,8,,機会があれば行きたい,美味しいものがたくさんあり、食べ過ぎて困る、しかし、金沢駅に行かなかったのでお土産買うのに不便のに困,女,1963,埼玉県,春日部市,200万円以上 300万円未満,"能登牛が当たる, 動く３Dひゃくまんさんを見たい",,,石川県の食文化
金沢エリア,兼六園,2023/11/28 9:07:05,同意する,1泊,1泊,金沢エリア  （湯涌温泉、深谷温泉、犀川温泉など）,石川県外には泊まらない,親,"地元の美味しいものを食べる, 名所、旧跡の観光",新幹線,路線バス,満足,頻繁にバスが来た,"5,000円以上 10,000円未満","20,000円以上 30,000円未満","10,000円以上 20,000円未満",初めて,"観光連盟やDMOのHP, インターネット・アプリ",ひがし茶屋街,,尾山神社,,"1,000円未満",満足,混雑回避するため案内をしていた,とても満足,とてもきれいにされており、気持ち良く利用できた,感じなかった,,10,老人は疲れるので休憩スペースがもう少しあると散策しやすく感じた,また行きたい（1年以内）,金沢の名物が食べれる飲食店がランク別にわかると嬉しい,女,1972,埼玉県,草加市,"900万円以上 1,000万円未満","能登牛が当たる, 能登牛を食べるために来たのに、HPで書かれていた能登牛が提供できないと昨日行った飲食店で言われてしまったためぜひ食べたい",,,観光施設が集中しているため
金沢エリア,兼六園,2023/11/28 9:22:51,同意する,4泊以上,4泊以上,金沢エリア  （湯涌温泉、深谷温泉、犀川温泉など）,石川県外には泊まらない,夫婦2人,"地元の美味しいものを食べる, 名所、旧跡の観光, 買い物、アウトレット","新幹線, 在来線",路線バス,満足,交通費も安く、市内観光出来る事。,"20,000円以上 30,000円未満","20,000円以上 30,000円未満","30,000円以上 40,000円未満",2～5回目,"観光展・物産展, 新聞・雑誌・ガイドブック, 観光パンフレット・ポスター, インターネット・アプリ, 友人・知人, 観光協会等の案内所",金沢城（金沢城公園）,,近江町市場,,使わない,どちらでもない,すみません兼六園では何も購入していません。,とても満足,昼も夜も風景が素晴らしい。,感じなかった,,10,外観の問題もあると思いますが、少し休める椅子や飲食店が欲しいです。,機会があれば行きたい,観光、食事、最高に素敵でした。お土産は、和菓子、ビーバーとハッピーターンが好評でした。,男,1963,福岡県,久留米市,500万円以上 600万円未満,"能登牛が当たる, 石川県のおすすめ観光スポットが見たい, 石川県の雑学を知りたい",,,観光は兼六園。食事は魚介類。安くて美味しく最高でした。
金沢エリア,兼六園,2023/11/28 10:13:05,同意する,1泊,1泊,石川県内には宿泊しない,富山県,夫婦2人,"まちあるき、都市散策, 移住のための不動産の下見。","新幹線, 夜行バス",タクシー,満足,運転手さんが気さくで親切でした。,"10,000円以上 20,000円未満","30,000円以上 40,000円未満","10,000円以上 20,000円未満",2～5回目,インターネット・アプリ,選択なし/該当施設なし,金沢駅から。,選択なし/該当施設なし,不動産の下見。,"1,000円以上 3,000円未満",満足,紅葉🍁が綺麗でした。,満足,綺麗に手入れしてあったので。,感じなかった,,9,今回は時間があまりなかったので次回はもっとゆっくり見てからということで今回は特にありません。,また行きたい（1年以内）,移住を考えてます。,男,1961,東京都,東久留米市,300万円以上 400万円未満,"能登牛が当たる, ひゃくまさんが好き",,,金沢駅の駅ビル
金沢エリア,兼六園,2023/11/28 10:16:11,同意する,1泊,石川県内には宿泊しない,石川県内には宿泊しない,富山県,夫婦2人,"名所、旧跡の観光, 買い物、アウトレット, 移住のための物件探し",夜行バス,タクシー,満足,バスはすごく並ぶし、どこから乗るのか、よくわらなかったので,"10,000円以上 20,000円未満","20,000円以上 30,000円未満","20,000円以上 30,000円未満",11回目以上,元々羽咋郡志賀町が田舎,選択なし/該当施設なし,,金沢21世紀美術館,,"5,000円以上 10,000円未満",満足,美術館にて九谷焼の新しいデザイナーによるお皿がよかったので,満足,,感じた,順路とかわかりづらい,10,もっと手頃なお昼ご飯が食べられるとよかった,また行きたい（1年以内）,今のままずーっと無くならずに続いて欲しい,女,1960,東京都,東久留米市,400万円以上 500万円未満,ひゃくまさんが好き,,,雪吊りの様子が見られる時も良い、紅葉の紅葉と相まってよかった
金沢エリア,兼六園,2023/11/28 23:14:35,同意する,3泊,3泊,能登エリア （和倉温泉、七尾市、輪島市、珠洲市など）,石川県外には泊まらない,自分ひとり,"温泉や露天風呂, 地元の美味しいものを食べる, 名所、旧跡の観光",飛行機,"路線バス, 徒歩",とても満足,金沢駅からの路線バスが便利,"20,000円以上 30,000円未満","10,000円以上 20,000円未満","20,000円以上 30,000円未満",2～5回目,"新聞・雑誌・ガイドブック, TV・ラジオ番組やCM",金沢城（金沢城公園）,,金沢21世紀美術館,,"1,000円未満",とても満足,出入り口が多くサービスが良いと感じる,とても満足,景色が素晴らしい,感じなかった,,10,お店の数はいまのままで満足です。,また行きたい（1年以内）,治部煮を、もっとアピールしたい。花嫁のれんの文化も感動したので皆に広めたい,女,1968,東京都,大田区,500万円以上 600万円未満,"能登牛が当たる, ひゃくまさんが好き",,,兼六園の紅葉、もても綺麗だったので。
金沢エリア,兼六園,2023/12/06 12:30:22,同意する,1泊,1泊,能登エリア （和倉温泉、七尾市、輪島市、珠洲市など）,石川県外には泊まらない,息子,"温泉や露天風呂, 地元の美味しいものを食べる, まちあるき、都市散策, ドライブ・ツーリング","レンタカー, 飛行機",レンタカー,とても満足,時間に縛られず自由に動ける。,"10,000円以上 20,000円未満","20,000円以上 30,000円未満","50,000円以上 100,000円未満",2～5回目,"観光パンフレット・ポスター, インターネット・アプリ, X(旧：Twitter)",近江町市場,,選択なし/該当施設なし,,"1,000円未満",どちらでもない,売店の雰囲気がイマイチ。,満足,とても綺麗に整備されている。,感じなかった,なし,10,落ち着いた、おしゃれな店。,また行きたい（1年以内）,地物の食を見つけるのが難しい。,女,1959,千葉県,市川市,700万円以上 800万円未満,能登牛が当たる,,,庭園として、美しい。特に雪吊りされた、木々。
金沢エリア,兼六園,2023/12/06 21:52:57,同意する,3泊,3泊,金沢エリア  （湯涌温泉、深谷温泉、犀川温泉など）,石川県外には泊まらない,夫婦2人,"地元の美味しいものを食べる, 名所、旧跡の観光, お祭りやイベントへの参加・見物, 金沢で婚姻届を提出します。",新幹線,徒歩,,,"50,000円以上 100,000円未満","50,000円以上 100,000円未満","50,000円以上 100,000円未満",初めて,"新聞・雑誌・ガイドブック, 観光パンフレット・ポスター",金沢城（金沢城公園）,,金沢21世紀美術館,,"1,000円以上 3,000円未満",とても満足,作業されている方が気持ちよく挨拶してくださいました。,とても満足,季節を変えて何度でも訪れたくなると感じました。,感じなかった,,10,お昼時でしたのでもう少しお食事どころがあると良かった。,また行きたい（1年以内）,初めての金沢に大満足中なので特になしです。,女,1974,群馬県,高崎市,"900万円以上 1,000万円未満",ひゃくまさんが好き,,,世界に誇れる兼六園の美しさ。
金沢エリア,兼六園,2023/12/10 20:04:14,同意する,2泊,2泊,能登エリア （和倉温泉、七尾市、輪島市、珠洲市など）,石川県外には泊まらない,両親　成人した子供,"温泉や露天風呂, 地元の美味しいものを食べる, まちあるき、都市散策",在来線,レンタカー,満足,駐車場が　近かい,"30,000円以上 40,000円未満","20,000円以上 30,000円未満","10,000円以上 20,000円未満",初めて,インターネット・アプリ,選択なし/該当施設なし,レンタカーレンタル〜お寿司屋〜兼六園,選択なし/該当施設なし,ホテル,"1,000円以上 3,000円未満",満足,,満足,坂が　思いの外　急だった,感じた,出入り口が　いくつかあり　施設内の案内が少ないと思いました　,7,,機会があれば行きたい,石川県は　美味しいものが沢山ありそう　カニが食べられて良かったです,女,1976,愛知県,名古屋市,300万円以上 400万円未満,"能登牛が当たる, なんとなく",,,両親が70代になり　施設内の坂道は　つらそうだから
金沢エリア,兼六園,2023/12/15 21:42:14,同意する,2泊,2泊,金沢エリア  （湯涌温泉、深谷温泉、犀川温泉など）,石川県外には泊まらない,友人,"地元の美味しいものを食べる, 花見や紅葉などの自然鑑賞, 名所、旧跡の観光, まちあるき、都市散策",新幹線,"路線バス, 徒歩",満足,1日フリーパスがよかった,"20,000円以上 30,000円未満","10,000円以上 20,000円未満","20,000円以上 30,000円未満",2～5回目,新聞・雑誌・ガイドブック,金沢城（金沢城公園）,,近江町市場,,"1,000円未満",とても満足,手頃な料金の飲食店が色々あってよかった,とても満足,庭園の外側に飲食店がずらりと並んでいるので、移動の動線がよい,感じなかった,,10,,また行きたい（1年以内）,加賀百万石の美食を堪能できるカテゴリー毎や地域毎の検索機能がついた飲食店検索サイトがあるといいと思いました,女,1971,神奈川県,横浜市,500万円以上 600万円未満,能登牛が当たる,,,観光は見所が多く、美食も堪能できてこの2つを目的として行動すれば時間が足りない位充実した旅行になるから
金沢エリア,兼六園,2023/12/19 21:58:48,同意する,3泊,3泊,金沢エリア  （湯涌温泉、深谷温泉、犀川温泉など）,石川県外には泊まらない,友人,まちあるき、都市散策,新幹線,徒歩,,,"20,000円以上 30,000円未満","20,000円以上 30,000円未満","50,000円以上 100,000円未満",初めて,新聞・雑誌・ガイドブック,金沢城（金沢城公園）,,近江町市場,,使わない,満足,,満足,,感じなかった,,7,,機会があれば行きたい,なし,女,1965,東京都,品川区,400万円以上 500万円未満,なんとなく,,,
金沢エリア,兼六園,2023/12/29 1:44:00,同意する,2泊,1泊,金沢エリア  （湯涌温泉、深谷温泉、犀川温泉など）,富山県,友人,"地元の美味しいものを食べる, 名所、旧跡の観光, テーマパーク（遊園地、動物園、博物館など）",新幹線,路線バス,満足,いろいろなところに繋がっていて便利だったから,"5,000円以上 10,000円未満","20,000円以上 30,000円未満","10,000円以上 20,000円未満",初めて,"インターネット・アプリ, 友人・知人",近江町市場,,金沢21世紀美術館,,"1,000円未満",満足,,満足,,感じなかった,,10,,また行きたい（1年以内）,今のままで十分満足です,女,1992,東京都,墨田区,600万円以上 700万円未満,能登牛が当たる,,,美味しい食べ物と、親切な人々
金沢エリア,兼六園,2024/01/08 19:34:35,同意する,2泊,2泊,金沢エリア  （湯涌温泉、深谷温泉、犀川温泉など）,石川県外には泊まらない,夫婦2人,"地元の美味しいものを食べる, 名所、旧跡の観光, 買い物、アウトレット, まちあるき、都市散策","レンタカー, 新幹線",路線バス,とても満足,凄く楽しかった,"5,000円以上 10,000円未満","20,000円以上 30,000円未満","20,000円以上 30,000円未満",2～5回目,インターネット・アプリ,金沢城（金沢城公園）,,選択なし/該当施設なし,ホテルに戻る,"1,000円未満",どちらでもない,買わない,満足,良かった,感じなかった,,10,価格安く,機会があれば行きたい,美味しい食事,男,1964,神奈川県,横浜市,"900万円以上 1,000万円未満",なんとなく,,,食事が美味しい
金沢エリア,兼六園,2024/01/10 17:56:49,同意する,2泊,2泊,金沢エリア  （湯涌温泉、深谷温泉、犀川温泉など）,石川県外には泊まらない,夫婦2人,"地元の美味しいものを食べる, 名所、旧跡の観光",自家用車,自家用車,,,"10,000円以上 20,000円未満","40,000円以上 50,000円未満","20,000円以上 30,000円未満",11回目以上,"新聞・雑誌・ガイドブック, 観光パンフレット・ポスター",尾山神社,,金沢21世紀美術館,,"1,000円未満",満足,,満足,,感じなかった,,4,,また行きたい（1年以内）,美味し土産物,男,1953,三重県,鈴鹿市,300万円以上 400万円未満,能登牛が当たる,,,
金沢エリア,兼六園,2024/01/27 23:48:47,同意する,1泊,1泊,金沢エリア  （湯涌温泉、深谷温泉、犀川温泉など）,石川県外には泊まらない,友人,"温泉や露天風呂, 地元の美味しいものを食べる, 名所、旧跡の観光",新幹線,路線バス,とても満足,時間を有効活用できたから,"20,000円以上 30,000円未満","20,000円以上 30,000円未満","20,000円以上 30,000円未満",2～5回目,観光パンフレット・ポスター,選択なし/該当施設なし,,金沢城（金沢城公園）,,"1,000円未満",満足,花が咲いていることに気づかなかった,とても満足,雪景色がとても綺麗だった,感じなかった,,10,飲食は特に必要だと思わない。のんびり散策したい。,機会があれば行きたい,駅周辺に土産を買える場所が点在していると良い,女,1989,東京都,練馬区,200万円以上 300万円未満,金沢旅行が楽しかったから,,,旅館のホスピタリティが抜群に良かった
金沢エリア,兼六園,2024/01/28 21:22:12,同意する,2泊,2泊,金沢エリア  （湯涌温泉、深谷温泉、犀川温泉など）,石川県外には泊まらない,夫婦2人,"地元の美味しいものを食べる, 花見や紅葉などの自然鑑賞, 名所、旧跡の観光, まちあるき、都市散策, 各種体験（手作り、果物狩りなど）",飛行機,徒歩,,,"10,000円以上 20,000円未満","10,000円以上 20,000円未満","30,000円以上 40,000円未満",2～5回目,"新聞・雑誌・ガイドブック, 観光パンフレット・ポスター",選択なし/該当施設なし,,ひがし茶屋街,,"1,000円未満",どちらでもない,,満足,,感じなかった,,9,,機会があれば行きたい,海鮮に偏り過ぎかもしれません,男,1963,神奈川県,海老名市,600万円以上 700万円未満,能登牛が当たる,,,
金沢エリア,兼六園,2024/01/29 18:13:31,同意する,3泊,2泊,金沢エリア  （湯涌温泉、深谷温泉、犀川温泉など）,福井県,自分ひとり,"地元の美味しいものを食べる, 名所、旧跡の観光","在来線, 飛行機",路線バス,どちらでもない,Pasmoが使用できなかった,"10,000円以上 20,000円未満","3,000円以上 5,000円未満","30,000円以上 40,000円未満",初めて,"インターネット・アプリ, X(旧：Twitter)",金沢城（金沢城公園）,,選択なし/該当施設なし,,使わない,どちらでもない,海外からの旅行者のマナーがよくない,どちらでもない,兼六園より金沢城散策がメインだったため,感じた,時間帯により観光客が多かったためゆっくり観光できなかった,10,,機会があれば行きたい,金沢城の二の丸御殿の復元、楽しみにしております,女,1979,東京都,足立区,500万円以上 600万円未満,"能登牛が当たる, 石川県のおすすめ観光スポットが見たい, 石川県の雑学を知りたい",,,金沢城が素晴らしかったので、また友人と訪れたい
金沢エリア,兼六園,2024/02/03 21:50:57,同意する,2泊,1泊,金沢エリア  （湯涌温泉、深谷温泉、犀川温泉など）,福井県,中学生以下連れの家族,"地元の美味しいものを食べる, 名所、旧跡の観光",在来線,徒歩,,,"10,000円以上 20,000円未満","3,000円以上 5,000円未満","10,000円以上 20,000円未満",初めて,新聞・雑誌・ガイドブック,ひがし茶屋街,,選択なし/該当施設なし,長町武家屋敷,"3,000円以上 5,000円未満",満足,金箔ソフト,満足,,感じなかった,,9,市内は徒歩で疲れた。,機会があれば行きたい,特になし,男,1969,東京都,狛江市,"1,000万円以上 1,200万円未満",ひゃくまさんが好き,,,グルメ
金沢エリア,兼六園,2024/02/11 14:32:28,同意する,日帰り,石川県内には宿泊しない,石川県内には宿泊しない,日帰り,親,"地元の美味しいものを食べる, 名所、旧跡の観光",在来線,路線バス,とても満足,気軽に安く利用できたから,使わない,"10,000円以上 20,000円未満","10,000円以上 20,000円未満",6～10回目,特になし,選択なし/該当施設なし,,金沢城（金沢城公園）,,"1,000円未満",とても満足,,とても満足,,感じなかった,,10,,また行きたい（1年以内）,特になし,女,1971,滋賀県,彦根市,400万円以上 500万円未満,能登牛が当たる,,,
金沢エリア,金沢駅,2023/10/03 15:02:39,同意する,4泊以上,石川県内には宿泊しない,石川県内には宿泊しない,大阪、長野,親,"地元の美味しいものを食べる, 名所、旧跡の観光, まちあるき、都市散策",在来線,在来線,満足,サンダーバードが静かで椅子もふかふかで心地よかった,使わない,"10,000円以上 20,000円未満","3,000円以上 5,000円未満",初めて,"インターネット・アプリ, Instagram",選択なし/該当施設なし,一番最初に金沢駅につきました,近江町市場,,"1,000円以上 3,000円未満",満足,携帯の充電を観光案内所で貸し出されていて非常に助かった,とても満足,色々なお店があってお麩のパフェのお店で休憩できた。コインロッカーも便利だった。,感じなかった,,10,,また行きたい（1年以内）,バスの乗り放題が値上げしていて少し残念だったくらいで楽しい思い出になりました,女,2002,広島県,東広島市,100万円未満,"能登牛が当たる, ARでひゃくまんさんと写真が撮りたかった, 石川県のおすすめ観光スポットが見たい",,,市場が美味しいのと街が整備されていて綺麗だったから
金沢エリア,金沢駅,2023/10/05 9:59:02,同意する,1泊,1泊,金沢エリア  （湯涌温泉、深谷温泉、犀川温泉など）,石川県外には泊まらない,友人,"地元の美味しいものを食べる, スポーツ観戦や芸術鑑賞（コンサート等）, まちあるき、都市散策",在来線,路線バス,どちらでもない,駅からはバス停がわかりやすいが、観光地からのバス停の場所がわかりにくい。標識などがほしい。,"5,000円以上 10,000円未満","1,000円未満","10,000円以上 20,000円未満",初めて,"新聞・雑誌・ガイドブック, 観光パンフレット・ポスター, インターネット・アプリ",選択なし/該当施設なし,,金沢21世紀美術館,,"5,000円以上 10,000円未満",満足,観光案内所のサービス,満足,駅中にいろんな施設がある,感じなかった,,10,いろいろあって、良かった,機会があれば行きたい,特になし,女,1961,大阪府,大阪市,600万円以上 700万円未満,能登牛が当たる,,,いろんな観光地がコンパクトに移動できる
金沢エリア,金沢駅,2023/10/05 22:33:04,同意する,1泊,1泊,金沢エリア  （湯涌温泉、深谷温泉、犀川温泉など）,石川県外には泊まらない,恋人,宿でのんびり過ごす,自家用車,自家用車,満足,,"5,000円以上 10,000円未満","5,000円以上 10,000円未満","5,000円以上 10,000円未満",2～5回目,インターネット・アプリ,ひがし茶屋街,,ひがし茶屋街,,"3,000円以上 5,000円未満",満足,,満足,,感じなかった,,7,,また行きたい（1年以内）,特になし,女,1974,富山県,富山市,600万円以上 700万円未満,石川県の雑学を知りたい,,,
金沢エリア,金沢駅,2023/10/08 15:44:46,同意する,日帰り,石川県内には宿泊しない,石川県内には宿泊しない,石川県外には泊まらない,自分ひとり,金沢競馬,在来線,"在来線, 路線バス",満足,競馬場から無料でこれたから。少し待ち時間はあった。,使わない,"1,000円以上 3,000円未満","5,000円以上 10,000円未満",2～5回目,観光協会等の案内所,選択なし/該当施設なし,金沢競馬,ひがし茶屋街,,使わない,とても満足,充電サービスがありがたい,満足,,感じなかった,,8,,また行きたい（1年以内）,上質なもの。多少料金は高くても構わない。金沢には高級なイメージがあるから。,男,2003,富山県,富山市,100万円以上 200万円未満,"能登牛が当たる, ひゃくまんさんの名刺をコレクションしている",,,
金沢エリア,金沢駅,2023/10/10 0:06:43,同意する,2泊,2泊,能登エリア （和倉温泉、七尾市、輪島市、珠洲市など）,石川県外には泊まらない,夫婦2人,"宿でのんびり過ごす, 温泉や露天風呂, 地元の美味しいものを食べる, 名所、旧跡の観光, まちあるき、都市散策","新幹線, 在来線",路線バス,満足,新幹線も在来線もわかりやすかったですがバスが多すぎて少し迷いました！,"30,000円以上 40,000円未満","20,000円以上 30,000円未満","20,000円以上 30,000円未満",初めて,"新聞・雑誌・ガイドブック, YouTube",選択なし/該当施設なし,金沢駅が初,兼六園,,"10,000円以上 20,000円未満",とても満足,色々迷う程ありました！,満足,飲食店がどこも混んでて結果ホテルの近くで食べました。,感じなかった,,10,一番はここでしか食べれない物を食べたいです。,また行きたい（1年以内）,この土地でしか味わえない物を視覚味覚で楽しめればと,女,1977,神奈川県,小田原市,800万円以上 900万円未満,"能登牛が当たる, ひゃくまさんが好き",,,のんびり出来たのと食べ物がどれも美味しかった！
金沢エリア,金沢駅,2023/10/14 19:14:47,同意する,2泊,2泊,金沢エリア  （湯涌温泉、深谷温泉、犀川温泉など）,石川県外には泊まらない,夫婦2人,"地元の美味しいものを食べる, 花見や紅葉などの自然鑑賞, 名所、旧跡の観光, 買い物、アウトレット, まちあるき、都市散策",新幹線,"路線バス, 徒歩",満足,金沢の周遊バスが使いやすかった,"30,000円以上 40,000円未満","10,000円以上 20,000円未満","30,000円以上 40,000円未満",2～5回目,"観光パンフレット・ポスター, インターネット・アプリ, X(旧：Twitter), 観光協会等の案内所",金沢21世紀美術館,,兼六園,,"5,000円以上 10,000円未満",とても満足,欲しいものがたくさん買えた,とても満足,欲しいものがたくさんあった。椅子がたくさんあって休憩しやすい。,感じなかった,,10,予約なしでも体験できる施設があれば嬉しい。,機会があれば行きたい,工芸体験ができたら嬉しい。,女,1980,東京都,江戸川区,800万円以上 900万円未満,"ひゃくまさんが好き, ARでひゃくまんさんと写真が撮りたかった",,,観光スポットがたくさんあり、どの年代の方も楽しめる。
金沢エリア,金沢駅,2023/10/24 15:25:58,同意する,1泊,1泊,金沢エリア  （湯涌温泉、深谷温泉、犀川温泉など）,石川県外には泊まらない,自分ひとり,"地元の美味しいものを食べる, 花見や紅葉などの自然鑑賞, 名所、旧跡の観光, 蓮ノ空女学院スクールアイドルクラブの聖地巡り。声優の小泉萌香さんの写真集「きみやすみ」のロケ地巡り",新幹線,徒歩,,,"5,000円以上 10,000円未満","20,000円以上 30,000円未満","30,000円以上 40,000円未満",初めて,"新聞・雑誌・ガイドブック, インターネット・アプリ, X(旧：Twitter)",近江町市場,,兼六園,,"3,000円以上 5,000円未満",とても満足,,とても満足,,感じなかった,,10,,また行きたい（1年以内）,蓮ノ空女学院スクールアイドルクラブとのコラボ,男,2000,東京都,台東区,200万円以上 300万円未満,ひゃくまさんが好き,,,
金沢エリア,金沢駅,2023/11/07 13:04:03,同意する,1泊,1泊,金沢エリア  （湯涌温泉、深谷温泉、犀川温泉など）,金沢市内,友人,"地元の美味しいものを食べる, 名所、旧跡の観光, まちあるき、都市散策",新幹線,徒歩,満足,公共機関が充実している,"10,000円以上 20,000円未満","20,000円以上 30,000円未満","10,000円以上 20,000円未満",初めて,新聞・雑誌・ガイドブック,ひがし茶屋街,,選択なし/該当施設なし,,"5,000円以上 10,000円未満",満足,駅全体がわかりやすい,満足,お店が時刻表している,感じなかった,,9,,また行きたい（1年以内）,特になし,女,1975,山形県,山形市,300万円以上 400万円未満,ひゃくまさんが好き,,,
金沢エリア,金沢駅,2023/11/10 19:06:52,同意する,3泊,1泊,金沢エリア  （湯涌温泉、深谷温泉、犀川温泉など）,車中泊,自分ひとり,"地元の美味しいものを食べる, お祭りやイベントへの参加・見物, スポーツ観戦や芸術鑑賞（コンサート等）",旅行会社ツアーバス,旅行会社ツアーバス,満足,眠れたが、何度か目が覚めたので少し寝不足だった,"5,000円以上 10,000円未満","3,000円以上 5,000円未満","20,000円以上 30,000円未満",初めて,"観光パンフレット・ポスター, インターネット・アプリ, X(旧：Twitter)",選択なし/該当施設なし,,ひがし茶屋街,,"5,000円以上 10,000円未満",とても満足,IRいしかわの駅員さんたちが親切だった,とても満足,コインロッカーが近くにあり便利だった,感じなかった,,8,,機会があれば行きたい,色んなスポットに行く動機づけとなる作品コラボイベント例:刀剣乱舞のスタンプラリーなどコラボレーション企画やイベント,その他,1994,神奈川県,川崎市,400万円以上 500万円未満,"能登牛が当たる, ひゃくまさんが好き",,,
金沢エリア,金沢駅,2023/11/12 21:48:13,同意する,1泊,1泊,加賀エリア （山代温泉、山中温泉、片山津温泉、粟津温泉、辰口温泉、加賀市、小松市など）,石川県外には泊まらない,自分ひとり,友人・親戚を訪ねる,新幹線,在来線,どちらでもない,,"10,000円以上 20,000円未満","5,000円以上 10,000円未満","5,000円以上 10,000円未満",11回目以上,友人・知人,選択なし/該当施設なし,,選択なし/該当施設なし,,"5,000円以上 10,000円未満",どちらでもない,,とても不満,,感じた,,1,,機会があれば行きたい,特に無し,男,1961,埼玉県,草加市,100万円未満,動く３Dひゃくまんさんを見たい,,,
金沢エリア,金沢駅,2023/11/17 17:44:26,同意する,日帰り,石川県内には宿泊しない,石川県内には宿泊しない,石川県外には泊まらない,自分ひとり,出張など仕事関係,在来線,在来線,どちらでもない,,"1,000円未満","1,000円未満","1,000円未満",11回目以上,友人・知人,選択なし/該当施設なし,,選択なし/該当施設なし,,"1,000円未満",満足,,満足,,感じなかった,,8,,どちらともいえない,新鮮な海鮮、スイーツ,男,2000,福井県,福井市,800万円以上 900万円未満,なんとなく,,,
金沢エリア,金沢駅,2023/11/20 18:34:41,同意する,日帰り,石川県内には宿泊しない,石川県内には宿泊しない,石川県外には泊まらない,職場の同僚,出張など仕事関係,新幹線,徒歩,,,使わない,"20,000円以上 30,000円未満","5,000円以上 10,000円未満",2～5回目,インターネット・アプリ,選択なし/該当施設なし,,選択なし/該当施設なし,,"5,000円以上 10,000円未満",満足,,満足,,感じなかった,,7,,また行きたい（1年以内）,なし,男,1980,東京都,江東区,"1,000万円以上 1,200万円未満",観光サービス向上に役立ててほしいから,,,
金沢エリア,金沢駅,2023/11/26 19:43:29,同意する,1泊,1泊,金沢エリア  （湯涌温泉、深谷温泉、犀川温泉など）,石川県外には泊まらない,夫婦2人,"地元の美味しいものを食べる, 名所、旧跡の観光",新幹線,徒歩,満足,,"10,000円以上 20,000円未満","10,000円以上 20,000円未満","40,000円以上 50,000円未満",2～5回目,"インターネット・アプリ, Instagram",近江町市場,,金沢21世紀美術館,,"10,000円以上 20,000円未満",満足,,満足,,感じた,,9,,また行きたい（1年以内）,特に無し,男,1962,長野県,北安曇郡白馬村,200万円以上 300万円未満,能登牛が当たる,,,
金沢エリア,金沢駅,2023/12/10 13:29:17,同意する,2泊,2泊,金沢エリア  （湯涌温泉、深谷温泉、犀川温泉など）,石川県外には泊まらない,自分ひとり,"宿でのんびり過ごす, 温泉や露天風呂, 地元の美味しいものを食べる, 花見や紅葉などの自然鑑賞, 名所、旧跡の観光, まちあるき、都市散策","新幹線, 在来線","路線バス, レンタサイクル",満足,係の人もバスの運転手さんもアナウンスなどわかりやすくて観光客には嬉しい対応だった,"20,000円以上 30,000円未満","30,000円以上 40,000円未満","5,000円以上 10,000円未満",2～5回目,"観光パンフレット・ポスター, 観光連盟やDMOのHP, インターネット・アプリ",ひがし茶屋街,,兼六園,,"5,000円以上 10,000円未満",とても満足,有名処のお土産が集まっているので購入時とにかく便利,とても満足,表示も案内もお店も全ていいと思う,感じた,カフェがもう少しあったら嬉しい,8,,機会があれば行きたい,特になし,女,1972,広島県,広島市,600万円以上 700万円未満,"ひゃくまさんが好き, ARでひゃくまんさんと写真が撮りたかった, ひゃくまんさんの名刺をコレクションしている",,,観光、グルメ、温泉と揃っており満足度が高かったら
金沢エリア,金沢駅,2023/12/11 7:59:58,同意する,日帰り,石川県内には宿泊しない,石川県内には宿泊しない,石川県外には泊まらない,親,"買い物、アウトレット, お祭りやイベントへの参加・見物",県外から訪れていない（石川県内在住）,路線バス,とても満足,,使わない,"1,000円未満","1,000円未満",11回目以上,新聞・雑誌・ガイドブック,選択なし/該当施設なし,,兼六園,,"1,000円未満",とても満足,,とても満足,,感じなかった,,10,,石川県在住,特になし,女,1978,石川県,金沢市,100万円未満,"能登牛が当たる, ひゃくまさんが好き",,,
金沢エリア,金沢駅,2023/12/12 14:56:11,同意する,日帰り,石川県内には宿泊しない,石川県内には宿泊しない,石川県外には泊まらない,娘,"買い物、アウトレット, まちあるき、都市散策",県外から訪れていない（石川県内在住）,自家用車,,,使わない,使わない,"1,000円以上 3,000円未満",11回目以上,Instagram,選択なし/該当施設なし,,兼六園,,"1,000円以上 3,000円未満",満足,スタッフの方接客が丁寧,どちらでもない,休憩する場所が少ない。座れるところが少ない。,感じた,休憩箇所少ない。,5,県内に無い有名店舗の期間限定出店　スイーツの店など,石川県在住,特になし,女,1972,石川県,金沢市,800万円以上 900万円未満,石川県のおすすめ観光スポットが見たい,,,和菓子や食品が一箇所に集まっていて、あちこち行かなくても購入できる。
金沢エリア,金沢駅,2023/12/17 23:56:01,同意する,2泊,2泊,金沢エリア  （湯涌温泉、深谷温泉、犀川温泉など）,石川県外には泊まらない,自分ひとり,"地元の美味しいものを食べる, 名所、旧跡の観光",在来線,在来線,とても満足,乗換なしの電車の予約が取れたので,"10,000円以上 20,000円未満","10,000円以上 20,000円未満","10,000円以上 20,000円未満",11回目以上,"新聞・雑誌・ガイドブック, TV・ラジオ番組やCM, インターネット・アプリ, 観光協会等の案内所",選択なし/該当施設なし,発酵の街　大野,選択なし/該当施設なし,武家屋敷群,"1,000円以上 3,000円未満",満足,案内所やおみやげ処は充実しているが、朝早くから利用できるコインロッカーが少ないと感じたかな,満足,おみやげ処も食事処も充実している,感じた,朝早くから利用できるコインロッカーが少ないと感じた,10,今回はガス海老と甘エビの食べ比べをしたくてお寿司屋さんに行き、おでんの車麩を食べたくて近江町市場に行きました。次回もぜったい食べよう！と思うほどおいしかったです。まてホテル朝食でとり野菜みその料理を食べることもでき、地のもの満載の旅になりました。観光では、金沢城とひがし茶屋街は必須と決めており、立ち寄りたかったカフェや城壁巡りを満喫しました。バスの種類が多くて移動にとても便利な街です。,また行きたい（1年以内）,自分のなかでは魚介類は必須てす。今回初めて行った大野で、次回はお昼ごはんも大野で取れるようゆっくり見学したいと思いました。,女,1966,京都府,長岡京市,100万円未満,"石川県の雑学を知りたい, なんとなく",,,金沢城の城壁巡りがとてもよかった。ウオーキングにもなり、次回もまた看て歩きたい。
金沢エリア,金沢駅,2023/12/20 14:28:35,同意する,1泊,石川県内には宿泊しない,石川県内には宿泊しない,東京都大田区,自分ひとり,出張など仕事関係,飛行機,在来線,満足,接続の良さ,使わない,"30,000円以上 40,000円未満","3,000円以上 5,000円未満",6～10回目,インターネット・アプリ,選択なし/該当施設なし,鶴来駅,選択なし/該当施設なし,金沢大学,"1,000円以上 3,000円未満",とても満足,食時もおみやげ物も凡て揃う,とても満足,洗練されている,感じなかった,,10,有名処のチェーン劣化飯より地元民に愛されてる美味いお店が欲しいです,また行きたい（1年以内）,地場でしか食べれないもの,男,1974,千葉県,柏市,"1,500万円以上","能登牛が当たる, ARでひゃくまんさんと写真が撮りたかった",,,加賀百万石の魅力が全てある
金沢エリア,金沢駅,2023/12/20 16:34:35,同意する,日帰り,石川県内には宿泊しない,石川県内には宿泊しない,石川県外には泊まらない,団体旅行,"宿でのんびり過ごす, 温泉や露天風呂, 地元の美味しいものを食べる, 名所、旧跡の観光, テーマパーク（遊園地、動物園、博物館など）, 買い物、アウトレット, お祭りやイベントへの参加・見物, 友人・親戚を訪ねる, 出張など仕事関係",在来線,在来線,満足,金額が良いから,"5,000円以上 10,000円未満","1,000円以上 3,000円未満","1,000円以上 3,000円未満",11回目以上,"観光展・物産展, 新聞・雑誌・ガイドブック, 観光パンフレット・ポスター, 友人・知人, 観光協会等の案内所",兼六園,秋は紅葉がきれいです,近江町市場,いろんな関西物がある,"1,000円以上 3,000円未満",満足,金沢駅は観光の事を教えてくれます,満足,,感じた,,10,,石川県在住,特になし,女,1966,石川県,金沢市,100万円以上 200万円未満,"ひゃくまさんが好き, ARでひゃくまんさんと写真が撮りたかった, ひゃくまんさんの名刺をコレクションしている, 動く３Dひゃくまんさんを見たい",,,
金沢エリア,金沢駅,2023/12/21 10:21:36,同意する,4泊以上,3泊,金沢エリア  （湯涌温泉、深谷温泉、犀川温泉など）,大阪,親,"地元の美味しいものを食べる, 名所、旧跡の観光, 買い物、アウトレット",新幹線,"路線バス, 徒歩",満足,特に不満がない,"50,000円以上 100,000円未満","20,000円以上 30,000円未満","20,000円以上 30,000円未満",初めて,"Instagram, 観光協会等の案内所",選択なし/該当施設なし,,兼六園,,"10,000円以上 20,000円未満",満足,,満足,,感じなかった,,7,,機会があれば行きたい,特になし,女,1998,東京都,台東区,500万円以上 600万円未満,"能登牛が当たる, 石川県のおすすめ観光スポットが見たい",,,天気がちょっと悪かった
金沢エリア,金沢駅,2023/12/21 11:44:27,同意する,2泊,1泊,金沢エリア  （湯涌温泉、深谷温泉、犀川温泉など）,富山県,自分ひとり,"地元の美味しいものを食べる, テーマパーク（遊園地、動物園、博物館など）, お祭りやイベントへの参加・見物, ポケモンセンター","新幹線, 在来線",在来線,満足,,"5,000円以上 10,000円未満","20,000円以上 30,000円未満","5,000円以上 10,000円未満",2～5回目,"インターネット・アプリ, 友人・知人, 観光協会等の案内所",兼六園,ポケモンセンターカナザワ,選択なし/該当施設なし,,"3,000円以上 5,000円未満",満足,,満足,,感じなかった,,7,,機会があれば行きたい,手頃で買える限定品が多くの種類がほしい,無回答,1970,神奈川県,茅ヶ崎市,400万円以上 500万円未満,能登牛が当たる,,,
金沢エリア,金沢駅,2023/12/22 19:02:43,同意する,日帰り,石川県内には宿泊しない,石川県内には宿泊しない,石川県外には泊まらない,夫婦2人,名所、旧跡の観光,自家用車,自家用車,どちらでもない,まあまあ,"20,000円以上 30,000円未満","10,000円以上 20,000円未満","10,000円以上 20,000円未満",2～5回目,インターネット・アプリ,選択なし/該当施設なし,ひみつ,選択なし/該当施設なし,ひみつ,"10,000円以上 20,000円未満",どちらでもない,,どちらでもない,,感じた,,3,,どちらともいえない,なし,男,1961,富山県,上新川郡大沢野町,500万円以上 600万円未満,なんとなく,,,
金沢エリア,金沢駅,2023/12/26 12:30:21,同意する,2泊,2泊,金沢エリア  （湯涌温泉、深谷温泉、犀川温泉など）,石川県外には泊まらない,恋人,"宿でのんびり過ごす, 温泉や露天風呂, 地元の美味しいものを食べる",新幹線,徒歩,,,"30,000円以上 40,000円未満","1,000円以上 3,000円未満","20,000円以上 30,000円未満",2～5回目,インターネット・アプリ,兼六園,,兼六園,,"5,000円以上 10,000円未満",満足,,満足,,感じなかった,,7,,機会があれば行きたい,海鮮や温泉を楽しみに訪れました! 今後もこういった観光資源を大切にしてもらえると嬉しいです!,男,1991,東京都,文京区,"1,200万円以上 1,500万円未満","能登牛が当たる, ひゃくまさんが好き",,,
金沢エリア,金沢駅,2023/12/26 12:30:24,同意する,2泊,2泊,金沢エリア  （湯涌温泉、深谷温泉、犀川温泉など）,石川県外には泊まらない,恋人,"宿でのんびり過ごす, 温泉や露天風呂, 地元の美味しいものを食べる",新幹線,旅館の送迎バス,満足,時間通りに指定の場所に来てもらえて便利だったから,"100,000円以上","5,000円以上 10,000円未満","100,000円以上",2～5回目,インターネット・アプリ,選択なし/該当施設なし,,兼六園,,"5,000円以上 10,000円未満",満足,全体的に満足。ひゃくまんさんの豪華マスコットがあるのがいい。もっと食のスペースが充実しているとなおよい(あまり時間がないけど金沢に来たからには食を楽しみたいという人は多いはず)。,満足,上記のとおり,感じなかった,トイレがもう少し充実すると良い,8,金沢の名産を集めたちょっと高級なフードコートのような場所があるとよりよいかも？角打ちなども人気が出るのではないでしょうか。カニやブリなど高級品を使ったファストフード(ハンバーガーやラーメンなど)も、値段が高くても人気が出ると思います。,機会があれば行きたい,前の項目のとおり,女,1992,東京都,港区,"1,200万円以上 1,500万円未満","能登牛が当たる, ひゃくまさんが好き",,,ご飯が美味しい、宿がこぢんまりしていて過ごしやすい
金沢エリア,金沢駅,2023/12/28 9:51:55,同意する,2泊,2泊,金沢エリア  （湯涌温泉、深谷温泉、犀川温泉など）,石川県外には泊まらない,中学生以下連れの家族,"地元の美味しいものを食べる, 名所、旧跡の観光, まちあるき、都市散策",新幹線,在来線,とても満足,市内までのアクセスがよい,"40,000円以上 50,000円未満","30,000円以上 40,000円未満","20,000円以上 30,000円未満",2～5回目,観光パンフレット・ポスター,選択なし/該当施設なし,,金沢21世紀美術館,,"3,000円以上 5,000円未満",どちらでもない,時間帯によって激しく混んでいる,どちらでもない,時間帯によって激しく混んでる,感じなかった,,10,,また行きたい（1年以内）,なし,女,1973,東京都,豊島区,"1,000万円以上 1,200万円未満",能登牛が当たる,,,21世紀美術館が素晴らしかった
金沢エリア,金沢駅,2023/12/29 14:23:15,同意する,4泊以上,4泊以上,金沢エリア  （湯涌温泉、深谷温泉、犀川温泉など）,石川県外には泊まらない,自分ひとり,帰省,"在来線, 飛行機",路線バス,不満,乗車賃が高額,使わない,"1,000円以上 3,000円未満","10,000円以上 20,000円未満",11回目以上,インターネット・アプリ,選択なし/該当施設なし,,選択なし/該当施設なし,,"3,000円以上 5,000円未満",満足,,満足,,感じなかった,,10,,また行きたい（1年以内）,飲食店はもう少し多いと良い,女,1981,東京都,大田区,200万円以上 300万円未満,ひゃくまさんが好き,,,
金沢エリア,金沢駅,2023/12/29 21:42:55,同意する,3泊,3泊,金沢エリア  （湯涌温泉、深谷温泉、犀川温泉など）,石川県外には泊まらない,中学生以下連れの家族,"温泉や露天風呂, 地元の美味しいものを食べる, 花見や紅葉などの自然鑑賞, 名所、旧跡の観光, 買い物、アウトレット, まちあるき、都市散策, 各種体験（手作り、果物狩りなど）",飛行機,"在来線, 路線バス",どちらでもない,電車の遅れがひどかった,"20,000円以上 30,000円未満","5,000円以上 10,000円未満","40,000円以上 50,000円未満",初めて,"観光パンフレット・ポスター, インターネット・アプリ, X(旧：Twitter), Instagram, 観光協会等の案内所",選択なし/該当施設なし,,ひがし茶屋街,,"10,000円以上 20,000円未満",満足,レストランがどこも混みすぎ,満足,,感じた,バスがこない、混みすぎ,10,,機会があれば行きたい,体験系あくてを増やしてほしい、県産のものを利用した食事がリーズナブルに食べられるお店が増えてほしい,女,1982,東京都,大田区,400万円以上 500万円未満,"能登牛が当たる, ひゃくまさんが好き",,,色々な体験
金沢エリア,金沢駅,2024/01/01 15:13:08,同意する,日帰り,石川県内には宿泊しない,石川県内には宿泊しない,石川県外には泊まらない,小学生以下連れの家族,名所、旧跡の観光,在来線,在来線,満足,,使わない,"5,000円以上 10,000円未満","1,000円以上 3,000円未満",2～5回目,インターネット・アプリ,兼六園,,選択なし/該当施設なし,,"3,000円以上 5,000円未満",満足,,満足,,感じなかった,,5,,機会があれば行きたい,特になし,女,1974,大阪府,交野市,200万円以上 300万円未満,能登牛が当たる,,,
金沢エリア,金沢駅,2024/01/01 17:25:27,同意する,4泊以上,3泊,金沢エリア  （湯涌温泉、深谷温泉、犀川温泉など）,富山県,夫婦2人,"宿でのんびり過ごす, 温泉や露天風呂, 地元の美味しいものを食べる, 名所、旧跡の観光, まちあるき、都市散策",在来線,在来線,とても満足,座れた,"30,000円以上 40,000円未満","40,000円以上 50,000円未満","30,000円以上 40,000円未満",11回目以上,"観光パンフレット・ポスター, インターネット・アプリ",選択なし/該当施設なし,金沢駅,尾山神社,,"20,000円以上 30,000円未満",とても満足,あんとは充実していて好きです,とても満足,あんとが好きだから,感じなかった,元旦はあんとが、休みなのは知っていたので困らなかった,10,厚生食堂のようなお店があってもいいかな。と思っています。,また行きたい（1年以内）,海鮮やおでんが好きです。あんとのピザとビールの店も好きです。,女,1962,東京都,世田谷区,500万円以上 600万円未満,ひゃくまさんが好き,,,好きで、毎年訪れている。昨年は３回来ました。兼六園、金沢城は何度訪れてもすばらしい。東京都民で金沢にゆかりはないですか、毎年尾山神社に初詣に来ています。
金沢エリア,金沢駅,2024/01/03 23:29:54,同意する,2泊,2泊,金沢エリア  （湯涌温泉、深谷温泉、犀川温泉など）,石川県外には泊まらない,夫婦2人,"地元の美味しいものを食べる, 名所、旧跡の観光, テーマパーク（遊園地、動物園、博物館など）, 買い物、アウトレット, まちあるき、都市散策",新幹線,徒歩,,,"30,000円以上 40,000円未満","20,000円以上 30,000円未満","30,000円以上 40,000円未満",初めて,"新聞・雑誌・ガイドブック, 観光パンフレット・ポスター, インターネット・アプリ, X(旧：Twitter)",金沢21世紀美術館,,ひがし茶屋街,,"10,000円以上 20,000円未満",とても満足,お店がたくさんあり、きれいです。バスの案内も分かりやすいです。,とても満足,案内の方も親切にいろいろ教えてくれました。,感じた,バスについて、スイカやパスモを使えるようにしてほしい。博多は電車やバスなどほとんど使えました。,10,いしかわ動物園が目的のひとつだったのですが、バスの便が行き帰りとも１本だったので、もう少し増やしていただければと思います。,また行きたい（1年以内）,先に書きましたが、スイカ、パスモを使えるようになると便利です。毎回運転席のところで両替したり、小銭を数えたりがとても不便でした。,女,1961,埼玉県,川口市,800万円以上 900万円未満,"能登牛が当たる, ひゃくまさんが好き, 動く３Dひゃくまんさんを見たい, 石川県のおすすめ観光スポットが見たい",,,どこの飲食店も美味しかったです。
金沢エリア,金沢駅,2024/01/07 11:38:15,同意する,2泊,1泊,金沢エリア  （湯涌温泉、深谷温泉、犀川温泉など）,富山県,夫婦2人,"宿でのんびり過ごす, 地元の美味しいものを食べる, 名所、旧跡の観光, まちあるき、都市散策",自家用車,徒歩,,,"5,000円以上 10,000円未満","10,000円以上 20,000円未満","10,000円以上 20,000円未満",2～5回目,インターネット・アプリ,ひがし茶屋街,,兼六園,,"3,000円以上 5,000円未満",満足,,とても満足,,感じなかった,,10,,機会があれば行きたい,特になし,男,1991,長野県,上田市,"1,000万円以上 1,200万円未満",能登牛が当たる,,,
金沢エリア,金沢駅,2024/01/17 1:21:15,同意する,1泊,1泊,金沢エリア  （湯涌温泉、深谷温泉、犀川温泉など）,石川県外には泊まらない,親,"地元の美味しいものを食べる, 花見や紅葉などの自然鑑賞, 名所、旧跡の観光, 買い物、アウトレット, まちあるき、都市散策",自家用車,路線バス,満足,お買い物でもらえた200円分の乗車チケット,"10,000円以上 20,000円未満","10,000円以上 20,000円未満","10,000円以上 20,000円未満",2～5回目,"新聞・雑誌・ガイドブック, 観光パンフレット・ポスター, X(旧：Twitter)",近江町市場,,選択なし/該当施設なし,石川県立美術館,"3,000円以上 5,000円未満",満足,,満足,,感じた,あんとの営業時間,8,,また行きたい（1年以内）,冬の金沢を楽しみにしております。,男,1992,埼玉県,本庄市,100万円以上 200万円未満,"ひゃくまんさんが好き, ARでひゃくまんさんと写真が撮りたかった, 石川県のおすすめ観光スポットが見たい",,,
金沢エリア,金沢駅,2024/01/20 10:09:22,同意する,2泊,2泊,能登エリア （和倉温泉、七尾市、輪島市、珠洲市など）,石川県外には泊まらない,親,"地元の美味しいものを食べる, お見舞い",新幹線,"在来線, 徒歩",,,"40,000円以上 50,000円未満","30,000円以上 40,000円未満","20,000円以上 30,000円未満",2～5回目,"新聞・雑誌・ガイドブック, 観光パンフレット・ポスター, インターネット・アプリ, Instagram, 友人・知人, 観光協会等の案内所",選択なし/該当施設なし,,ひがし茶屋街,,"5,000円以上 10,000円未満",満足,朝早く着いたので、やっていないお店が多かった,とても満足,広すぎず、お手洗いなどわかりやすかったし、母に車椅子を貸していただいた,感じなかった,,10,白山そばが食べられて嬉しかった！,また行きたい（1年以内）,七尾に被災お見舞いのために行きました。普段は能登空港を利用しますが、使えなかったため、金沢駅を利用しました。新幹線のアクセスもとても良く、主な観光地も近場で良かったです。とにかく食べ物が美味しかったので、アピールして欲しいと思いました!,女,1976,埼玉県,蕨市,"1,500万円以上","能登牛が当たる, ひゃくまんさんが好き, 動く３Dひゃくまんさんを見たい, 石川県のおすすめ観光スポットが見たい, 石川県の雑学を知りたい",,,やはり、食べ物が美味しいし、文化の違いを感じられる
金沢エリア,金沢駅,2024/01/20 13:22:42,同意する,4泊以上,4泊以上,金沢エリア  （湯涌温泉、深谷温泉、犀川温泉など）,石川県外には泊まらない,職場の同僚,出張など仕事関係,レンタカー,レンタカー,満足,金沢駅もとても変わっており 便利になっていました,"5,000円以上 10,000円未満","20,000円以上 30,000円未満","30,000円以上 40,000円未満",2～5回目,インターネット・アプリ,選択なし/該当施設なし,,選択なし/該当施設なし,,"3,000円以上 5,000円未満",満足,様々な商品も売っていました,満足,商業施設に生まれ変わっていました,感じなかった,,9,,また行きたい（1年以内）,自然な感じ,男,1970,愛知県,稲沢市,400万円以上 500万円未満,石川県のおすすめ観光スポットが見たい,,,
金沢エリア,金沢駅,2024/01/21 11:00:21,同意する,2泊,1泊,金沢エリア  （湯涌温泉、深谷温泉、犀川温泉など）,東京,夫婦2人,"地元の美味しいものを食べる, 名所、旧跡の観光",在来線,在来線,満足,定時運行,"5,000円以上 10,000円未満","10,000円以上 20,000円未満","50,000円以上 100,000円未満",初めて,"観光パンフレット・ポスター, インターネット・アプリ",兼六園,,近江町市場,,"3,000円以上 5,000円未満",満足,,満足,,感じなかった,,8,,また行きたい（1年以内）,無し,男,1961,愛知県,知多市,"900万円以上 1,000万円未満",能登牛が当たる,,,
金沢エリア,金沢駅,2024/01/21 11:12:24,同意する,1泊,1泊,金沢エリア  （湯涌温泉、深谷温泉、犀川温泉など）,東京都,夫婦2人,"地元の美味しいものを食べる, 名所、旧跡の観光, まちあるき、都市散策",在来線,在来線,満足,定時運転。予定が立てやすい。楽。,"5,000円以上 10,000円未満","10,000円以上 20,000円未満","50,000円以上 100,000円未満",初めて,"観光展・物産展, 観光パンフレット・ポスター, インターネット・アプリ",ひがし茶屋街,,選択なし/該当施設なし,東京へ行き、中島みゆきのコンサートに行きます。,"10,000円以上 20,000円未満",とても満足,観光案内が広くて、自分で情報が入手しやすかった。,とても満足,きれい。掃除行き届いている。,感じなかった,,10,伝統文化を感じられる体験を気軽に、短時間でできるもの。,また行きたい（1年以内）,輪島塗の保存に貢献できること。,女,1970,愛知県,知多市,600万円以上 700万円未満,能登牛が当たる,,,愛知からは遠い印象があるので、なかなか足が向かないが、復興支援の意味でも、強く勧めたい。
金沢エリア,金沢駅,2024/01/22 19:45:44,同意する,1泊,1泊,金沢エリア  （湯涌温泉、深谷温泉、犀川温泉など）,石川県外には泊まらない,夫婦2人,"地元の美味しいものを食べる, 名所、旧跡の観光",新幹線,在来線,満足,速いから,"10,000円以上 20,000円未満","20,000円以上 30,000円未満","10,000円以上 20,000円未満",初めて,"新聞・雑誌・ガイドブック, 観光パンフレット・ポスター",選択なし/該当施設なし,,ひがし茶屋街,,"10,000円以上 20,000円未満",とても満足,お土産が充実してるら,満足,綺麗,感じなかった,,9,,機会があれば行きたい,ひゃんまんさんがいたらとても嬉しいです。,男,1974,埼玉県,さいたま市,"1,500万円以上",能登牛が当たる,,,美味しい食べ物。多くの名所。、
金沢エリア,金沢駅,2024/01/23 8:29:17,同意する,1泊,1泊,金沢エリア  （湯涌温泉、深谷温泉、犀川温泉など）,石川県外には泊まらない,夫婦2人,"地元の美味しいものを食べる, 名所、旧跡の観光, まちあるき、都市散策",新幹線,路線バス,満足,バスが充実している,"10,000円以上 20,000円未満","1,000円以上 3,000円未満","20,000円以上 30,000円未満",2～5回目,"新聞・雑誌・ガイドブック, 観光連盟やDMOのHP, 友人・知人",近江町市場,,ひがし茶屋街,,"3,000円以上 5,000円未満",満足,最終の新幹線までお土産屋さんが営業していると良い,満足,,感じなかった,,10,ゆっくりできるカフェがもっとあると良い,また行きたい（1年以内）,気軽なバラマキ土産がたくさんあると良い,女,1985,埼玉県,さいたま市,"1,200万円以上 1,500万円未満","能登牛が当たる, ひゃくまんさんが好き",,,まいどさん（ボランティアガイド）
金沢エリア,金沢駅,2024/01/25 21:08:04,同意する,日帰り,石川県内には宿泊しない,石川県内には宿泊しない,東京,夫婦2人,地元の美味しいものを食べる,新幹線,在来線,満足,,使わない,"10,000円以上 20,000円未満","20,000円以上 30,000円未満",2～5回目,インターネット・アプリ,近江町市場,,近江町市場,,"5,000円以上 10,000円未満",満足,,満足,,感じた,バス乗り場が複雑だった,10,,また行きたい（1年以内）,魚介類を常に美味しく頂きたい,男,1970,愛知県,名古屋市,700万円以上 800万円未満,能登牛が当たる,,,
金沢エリア,金沢駅,2024/01/26 16:50:34,同意する,4泊以上,石川県内には宿泊しない,石川県内には宿泊しない,北海道,自分ひとり,"地元の美味しいものを食べる, 名所、旧跡の観光, まちあるき、都市散策",高速バス,高速バス,とても満足,,使わない,"3,000円以上 5,000円未満","3,000円以上 5,000円未満",6～10回目,"観光展・物産展, 観光パンフレット・ポスター, X(旧：Twitter), 観光協会等の案内所",選択なし/該当施設なし,,兼六園,,"1,000円未満",満足,,とても満足,,感じなかった,,9,,また行きたい（1年以内）,各地にある温泉,男,2003,大阪府,枚方市,300万円以上 400万円未満,なんとなく,,,
金沢エリア,金沢駅,2024/01/28 20:53:05,同意する,1泊,1泊,金沢エリア  （湯涌温泉、深谷温泉、犀川温泉など）,石川県外には泊まらない,夫婦2人,"地元の美味しいものを食べる, 名所、旧跡の観光, まちあるき、都市散策",在来線,在来線,とても満足,バス移動ができるので移動しやすかった,"40,000円以上 50,000円未満","30,000円以上 40,000円未満","10,000円以上 20,000円未満",初めて,"観光パンフレット・ポスター, Instagram, ブログ",選択なし/該当施設なし,,兼六園,,"10,000円以上 20,000円未満",とても満足,お土産が揃う,とても満足,グルメも土産もある,感じなかった,,10,金沢らしいお土産を買いました,また行きたい（1年以内）,手軽に体験できるものがいい　,女,1975,大阪府,守口市,500万円以上 600万円未満,能登牛が当たる,,,海鮮が美味しい
金沢エリア,金沢駅,2024/02/01 16:38:29,同意する,1泊,1泊,金沢エリア  （湯涌温泉、深谷温泉、犀川温泉など）,石川県外には泊まらない,成人の娘,"宿でのんびり過ごす, 地元の美味しいものを食べる, 買い物、アウトレット, 少しでも復興支援したくて","在来線, 高速バス","在来線, 高速バス",とても満足,降りてすぐに目的地があるし、バスもたくさん走ってるので待たなくても大丈夫。結構歩いてでもいろんなところに行ける,"10,000円以上 20,000円未満","1,000円以上 3,000円未満","30,000円以上 40,000円未満",11回目以上,"観光パンフレット・ポスター, インターネット・アプリ, Instagram",ひがし茶屋街,,近江町市場,,"5,000円以上 10,000円未満",満足,お土産屋さんや色んなお店屋さんがたくさんあり、見た目にも美しい。バスの案内の女性が特に詳しく適切に丁寧に説明してくれて感動した。,とても満足,きれいで清潔感ある。,感じなかった,,10,やはり海鮮。金沢らしいお菓子やお茶。,また行きたい（1年以内）,北陸の美味しい海鮮、加賀野菜、金沢らしい菓子やお茶。兼六園もとても美しく、所々に古い建物や町並みもあって最高！,女,1970,富山県,富山市,600万円以上 700万円未満,能登牛が当たる,,,ホテルの綺麗さと快適さ。美味しい食べ物。
金沢エリア,金沢駅,2024/02/01 16:42:48,同意する,1泊,1泊,金沢エリア  （湯涌温泉、深谷温泉、犀川温泉など）,石川県外には泊まらない,親,"宿でのんびり過ごす, 地元の美味しいものを食べる, 買い物、アウトレット, 観光客が減っていると言っていたので、少しでも石川県にお金を落とすために来ました",高速バス,路線バス,とても満足,沢山バスが走っているので、待ち時間が少ない,"5,000円以上 10,000円未満","1,000円以上 3,000円未満","20,000円以上 30,000円未満",11回目以上,"インターネット・アプリ, X(旧：Twitter)",ひがし茶屋街,,近江町市場,,"5,000円以上 10,000円未満",とても満足,美味しい物やお土産が、近い場所で全てそろうから,とても満足,食事、お土産屋、バス停を雨に濡れないで行き来できる,感じた,バス停が多すぎて少し迷いました,10,,また行きたい（1年以内）,特になし,女,1993,富山県,富山市,600万円以上 700万円未満,"能登牛が当たる, ひゃくまんさんが好き, 動く３Dひゃくまんさんを見たい",,,バスで行ける範囲に観光地が多く行動しやすい。近江町市場やひがし茶屋街はとても美味しい物や、お得な海鮮物が多くておすすめできる。
金沢エリア,金沢駅,2024/02/02 12:04:48,同意する,1泊,1泊,金沢エリア  （湯涌温泉、深谷温泉、犀川温泉など）,福井県,自分ひとり,北陸新幹線に乗るため,"新幹線, 在来線",徒歩,,,"10,000円以上 20,000円未満","20,000円以上 30,000円未満","10,000円以上 20,000円未満",2～5回目,"新聞・雑誌・ガイドブック, 友人・知人",兼六園,,金沢21世紀美術館,,"1,000円以上 3,000円未満",満足,歩いているだけで楽しい,満足,活気がある,感じなかった,,10,暖かくなったらレンタル自転車で巡りたい,また行きたい（1年以内）,巡回バスの運行,女,1958,広島県,広島市,600万円以上 700万円未満,"能登牛が当たる, ひゃくまんさんが好き",,,能登地震被害による観光面を応援したいから
金沢エリア,金沢駅,2024/02/02 19:15:46,同意する,2泊,2泊,金沢エリア  （湯涌温泉、深谷温泉、犀川温泉など）,石川県外には泊まらない,自分ひとり,災害ボランティア,新幹線,在来線,,,"3,000円以上 5,000円未満","1,000円以上 3,000円未満","5,000円以上 10,000円未満",初めて,観光パンフレット・ポスター,選択なし/該当施設なし,,金沢21世紀美術館,,"100,000円以上",とても満足,大好きになった。全てが程よい,とても満足,,感じなかった,,10,LOOPの電動キックボードがも〜っとがあるといい！,また行きたい（1年以内）,海鮮、牛,男,2007,東京都,豊島区,"1,500万円以上","能登牛が当たる, 石川県の雑学を知りたい, なんとなく",,,金沢は静かで良い街です。これからもそうあってほしい。もう少しだけ栄えたら良い程度。ごみごみするから大都市にならないでほしい
金沢エリア,金沢駅,2024/02/02 21:38:50,同意する,日帰り,石川県内には宿泊しない,石川県内には宿泊しない,石川県外には泊まらない,恋人,"地元の美味しいものを食べる, 名所、旧跡の観光, テーマパーク（遊園地、動物園、博物館など）, まちあるき、都市散策",在来線,在来線,とても満足,出発地から乗り換えなしで行けるため,使わない,"10,000円以上 20,000円未満","5,000円以上 10,000円未満",2～5回目,"新聞・雑誌・ガイドブック, 観光パンフレット・ポスター, 観光連盟やDMOのHP",選択なし/該当施設なし,,近江町市場,,"1,000円以上 3,000円未満",とても満足,種類豊富なお土産屋があったから,とても満足,地域性を感じる駅のデザインだったから,感じなかった,,8,,機会があれば行きたい,地魚を使ったお寿司、海鮮丼,男,1995,大阪府,大阪市,800万円以上 900万円未満,ひゃくまんさんが好き,,,海の幸
金沢エリア,金沢駅,2024/02/05 19:17:36,同意する,4泊以上,4泊以上,金沢エリア  （湯涌温泉、深谷温泉、犀川温泉など）,石川県外には泊まらない,職場の同僚,出張など仕事関係,在来線,在来線,とても満足,大阪から乗り換えなしで来れたから,"50,000円以上 100,000円未満","10,000円以上 20,000円未満","50,000円以上 100,000円未満",11回目以上,インターネット・アプリ,選択なし/該当施設なし,,選択なし/該当施設なし,,"5,000円以上 10,000円未満",とても満足,充実している,とても満足,きれい,感じなかった,,8,,また行きたい（1年以内）,寿司,男,1971,大阪府,枚方市,"900万円以上 1,000万円未満",ひゃくまんさんが好き,,,おもてなし
金沢エリア,金沢駅,2024/02/07 15:05:22,同意する,2泊,2泊,金沢エリア  （湯涌温泉、深谷温泉、犀川温泉など）,石川県外には泊まらない,自分ひとり,"地元の美味しいものを食べる, まちあるき、都市散策",新幹線,路線バス,満足,観光地を回るのに便利,"5,000円以上 10,000円未満","1,000円以上 3,000円未満","20,000円以上 30,000円未満",2～5回目,Instagram,選択なし/該当施設なし,,ひがし茶屋街,,"5,000円以上 10,000円未満",満足,あんとで色々なお土産が、見れるのでラクでした,満足,食事もできて、金沢を満喫できました！,感じなかった,,10,,また行きたい（1年以内）,特にないです。今で十分です！,女,1985,埼玉県,さいたま市,700万円以上 800万円未満,能登牛が当たる,,,料理も日本酒も美味しいし、移動がラクなので、観光には最適でした！
金沢エリア,金沢駅,2024/02/08 11:04:47,同意する,日帰り,石川県内には宿泊しない,石川県内には宿泊しない,石川県外には泊まらない,自分ひとり,"地元の美味しいものを食べる, 名所、旧跡の観光, 買い物、アウトレット, まちあるき、都市散策","在来線, 特急(サンダーバード)",特急(サンダーバード),とても満足,すごく速かったので,"10,000円以上 20,000円未満","5,000円以上 10,000円未満","5,000円以上 10,000円未満",2～5回目,"観光展・物産展, インターネット・アプリ",選択なし/該当施設なし,,ひがし茶屋街,,"3,000円以上 5,000円未満",とても満足,お土産屋コーナーが広くて種類が豊富だったので,とても満足,綺麗で店舗も多いので,感じなかった,,9,,機会があれば行きたい,金沢駅周辺で美味しい海鮮が食べられる店舗が増えると嬉しいです。,男,1986,大阪府,東大阪市,800万円以上 900万円未満,"能登牛が当たる, なんとなく",,,食べ物が美味しいのと街が綺麗
金沢エリア,金沢駅,2024/02/11 11:36:58,同意する,3泊,3泊,金沢エリア  （湯涌温泉、深谷温泉、犀川温泉など）,石川県外には泊まらない,自分ひとり,"地元の美味しいものを食べる, 名所、旧跡の観光, まちあるき、都市散策",新幹線,"路線バス, 徒歩",どちらでもない,IC利用希望です,"40,000円以上 50,000円未満","10,000円以上 20,000円未満","10,000円以上 20,000円未満",初めて,"観光パンフレット・ポスター, 友人・知人, 観光協会等の案内所",選択なし/該当施設なし,野町,尾山神社,,"50,000円以上 100,000円未満",どちらでもない,高いので…,満足,施設や接客は充分で、ほぼ満足。,感じなかった,,7,,機会があれば行きたい,特になし,女,1998,東京都,葛飾区,100万円未満,"能登牛が当たる, 石川県の雑学を知りたい, なんとなく",,,食べ物がおいしい。見るところが多い。
金沢エリア,金沢駅,2024/02/11 11:45:27,同意する,日帰り,1泊,能登エリア （和倉温泉、七尾市、輪島市、珠洲市など）,大阪,親,スタンプを押すため,自家用車,自家用車,,,"10,000円以上 20,000円未満","3,000円以上 5,000円未満","1,000円以上 3,000円未満",6～10回目,"TV・ラジオ番組やCM, 友人・知人, 観光協会等の案内所",近江町市場,,兼六園,,"3,000円以上 5,000円未満",満足,清潔感があり、随所に金沢らしさがある,とても満足,百番街に石川県の観光パンフレットが沢山あり良かった。,感じなかった,,9,子どもも楽しめるスポットを増やしてほしい,石川県在住,特になし,女,1936,石川県,白山市,100万円以上 200万円未満,なんとなく,,,近江町市場でその場で海鮮が食べられる
金沢エリア,金沢駅,2024/02/11 17:48:17,同意する,1泊,石川県内には宿泊しない,石川県内には宿泊しない,福井県,友人,"地元の美味しいものを食べる, 名所、旧跡の観光, まちあるき、都市散策, 聖地巡礼","新幹線, 在来線",在来線,満足,福井方面からの北陸線は特急・普通あわせて1時間あたり3本程度は運行しており、主要駅間の移動には実用できる。金沢近郊エリア(西金沢、野々市、松任駅等)の列車密度をもう少し増やしてほしい。,"10,000円以上 20,000円未満","20,000円以上 30,000円未満","10,000円以上 20,000円未満",2～5回目,"観光展・物産展, インターネット・アプリ, X(旧：Twitter)",選択なし/該当施設なし,,選択なし/該当施設なし,フォーラス,"1,000円以上 3,000円未満",とても満足,主要な土産品が一通り揃っている点,満足,中央通路について、東西出口付近は扉があるものの、実質的には吹き抜けで、夏は蒸し暑く冬は寒いのが難点。冬はまだしも、昨夏訪れた際の蒸し暑さは異常だった。,感じなかった,,10,,また行きたい（1年以内）,多角的なコンテンツとのコラボ,男,1993,東京都,東村山市,300万円以上 400万円未満,"ひゃくまんさんが好き, ARでひゃくまんさんと写真が撮りたかった",,,
金沢エリア,金沢駅,2024/02/12 10:56:05,同意する,1泊,1泊,金沢エリア  （湯涌温泉、深谷温泉、犀川温泉など）,石川県外には泊まらない,夫婦2人,地元の美味しいものを食べる,在来線,在来線,満足,サンダーバード直通で来れて楽,"5,000円以上 10,000円未満","10,000円以上 20,000円未満","20,000円以上 30,000円未満",初めて,"インターネット・アプリ, X(旧：Twitter), Instagram",選択なし/該当施設なし,,兼六園,,"10,000円以上 20,000円未満",とても満足,食事が美味しい,とても満足,,感じなかった,,10,,また行きたい（1年以内）,海産物、お酒が美味しく、大阪からも近いので、小旅行としてちょうど良い,男,1980,大阪府,大阪市,"1,200万円以上 1,500万円未満","能登牛が当たる, ひゃくまんさんが好き",,,食事
金沢エリア,金沢駅,2024/02/12 10:59:37,同意する,1泊,1泊,金沢エリア  （湯涌温泉、深谷温泉、犀川温泉など）,石川県外には泊まらない,夫婦2人,"地元の美味しいものを食べる, 名所、旧跡の観光",在来線,在来線,とても満足,サンダーバードに初めて乗りましたがとても快適で、景色もよく、楽しめました。雪景色や山々、琵琶湖もとても印象的でした。,"20,000円以上 30,000円未満","1,000円未満","10,000円以上 20,000円未満",初めて,"インターネット・アプリ, X(旧：Twitter), Instagram",選択なし/該当施設なし,,兼六園,,"5,000円以上 10,000円未満",とても満足,海鮮丼と、刺身セットを昼食にいただきました。非常美味しく大満足でした。人柄もいい方ばかりでした。,とても満足,どの場所も明るく清潔感がありました。,感じなかった,,10,ひゃくまんさんのグッズ,また行きたい（1年以内）,詳しく調べてまた楽しめる場所を探したいです。,女,1988,大阪府,大阪市,"900万円以上 1,000万円未満","能登牛が当たる, ひゃくまんさんが好き",,,観光のしやすさ、食事のおいしさ。
金沢エリア,金沢駅,2024/02/12 14:37:27,同意する,1泊,1泊,金沢エリア  （湯涌温泉、深谷温泉、犀川温泉など）,石川県外には泊まらない,親戚,"名所、旧跡の観光, まちあるき、都市散策, 各種体験（手作り、果物狩りなど）, 支援",新幹線,新幹線,とても満足,,"10,000円以上 20,000円未満","1,000円以上 3,000円未満","10,000円以上 20,000円未満",2～5回目,"観光展・物産展, TV・ラジオ番組やCM, 観光パンフレット・ポスター, インターネット・アプリ",兼六園,,金沢21世紀美術館,,"20,000円以上 30,000円未満",とても満足,,とても満足,,感じなかった,,10,事前予約と当日予約とあると、体験がしやすくて嬉しい,また行きたい（1年以内）,海の幸美味しい,女,1971,神奈川県,横浜市,400万円以上 500万円未満,石川県のおすすめ観光スポットが見たい,,,
金沢エリア,金沢駅,2024/02/13 12:54:50,同意する,1泊,1泊,金沢エリア  （湯涌温泉、深谷温泉、犀川温泉など）,石川県外には泊まらない,自分ひとり,"宿でのんびり過ごす, 出張など仕事関係",新幹線,徒歩,,,"5,000円以上 10,000円未満","10,000円以上 20,000円未満","10,000円以上 20,000円未満",11回目以上,"TV・ラジオ番組やCM, 友人・知人",選択なし/該当施設なし,金沢駅付近の商業施設,選択なし/該当施設なし,,"5,000円以上 10,000円未満",満足,,とても満足,,感じなかった,,10,お土産の可愛さ、楽しさ、選択肢を増やして欲しい。特に和菓子。きんつは以上が無い。,また行きたい（1年以内）,前述した,女,1976,富山県,射水市,"1,000万円以上 1,200万円未満",充電,,,
金沢エリア,金沢駅,2024/02/14 6:56:35,同意する,4泊以上,4泊以上,金沢エリア  （湯涌温泉、深谷温泉、犀川温泉など）,京都府,災害支援,出張など仕事関係,旅行会社ツアーバス,旅行会社ツアーバス,とても満足,,使わない,使わない,"10,000円以上 20,000円未満",2～5回目,ホテルが近くだった,選択なし/該当施設なし,,選択なし/該当施設なし,,"10,000円以上 20,000円未満",とても満足,,満足,改札を入ると売店しかない,感じなかった,,10,回転寿司が減った気がします,また行きたい（1年以内）,のと鉄道と七尾線の直通運転,男,1986,京都府,京丹後市,"1,000万円以上 1,200万円未満",なんとなく,,,元気な能登を見てほしいから
金沢エリア,金沢駅,2024/02/15 13:45:31,同意する,1泊,1泊,金沢エリア  （湯涌温泉、深谷温泉、犀川温泉など）,石川県外には泊まらない,自分ひとり,名所、旧跡の観光,在来線,徒歩,,,"5,000円以上 10,000円未満","5,000円以上 10,000円未満","3,000円以上 5,000円未満",初めて,インターネット・アプリ,兼六園,,近江町市場,,"3,000円以上 5,000円未満",満足,,満足,,感じなかった,,9,,また行きたい（1年以内）,他では味わえない食事　金沢でないと食べられない物,女,1983,大阪府,守口市,400万円以上 500万円未満,能登牛が当たる,,,
金沢エリア,金沢駅,2024/02/15 21:36:36,同意する,1泊,1泊,金沢エリア  （湯涌温泉、深谷温泉、犀川温泉など）,石川県外には泊まらない,恋人,"温泉や露天風呂, 地元の美味しいものを食べる, 名所、旧跡の観光, スポーツ観戦や芸術鑑賞（コンサート等）, まちあるき、都市散策",在来線,在来線,満足,大阪からサンダーバードで一息だったから。,"5,000円以上 10,000円未満","3,000円以上 5,000円未満","5,000円以上 10,000円未満",2～5回目,"観光パンフレット・ポスター, 観光連盟やDMOのHP, インターネット・アプリ",兼六園,,選択なし/該当施設なし,,"3,000円以上 5,000円未満",とても不満,ゴーゴーカレーが美味しかったから。お土産屋さんも和菓子中心に沢山あり嬉しかった。,とても満足,,感じなかった,,9,,機会があれば行きたい,お土産でいうなら塩っぱいお菓子がほしい。,女,1999,大阪府,摂津市,300万円以上 400万円未満,能登牛が当たる,,,静かにゆったり過ごせたので、両親や祖父母が楽しめるかなと思った。
金沢エリア,金沢駅,2024/02/17 12:41:52,同意する,1泊,1泊,金沢エリア  （湯涌温泉、深谷温泉、犀川温泉など）,富山県,自分ひとり,宿でのんびり過ごす,在来線,在来線,満足,すわれた,"10,000円以上 20,000円未満","20,000円以上 30,000円未満","20,000円以上 30,000円未満",6～10回目,"新聞・雑誌・ガイドブック, TV・ラジオ番組やCM, 観光パンフレット・ポスター",近江町市場,,兼六園,,"1,000円以上 3,000円未満",どちらでもない,ありきたり,満足,きれい,感じなかった,,7,すし,機会があれば行きたい,すし,男,1965,大阪府,大阪市,"1,000万円以上 1,200万円未満",能登牛が当たる,,,市場
金沢エリア,金沢駅,2024/02/17 20:26:24,同意する,1泊,1泊,金沢エリア  （湯涌温泉、深谷温泉、犀川温泉など）,石川県外には泊まらない,夫婦2人,"宿でのんびり過ごす, 友人・親戚を訪ねる",在来線,在来線,満足,サンダーバードで来ました。旅してる感じが良い,"5,000円以上 10,000円未満","1,000円以上 3,000円未満","20,000円以上 30,000円未満",2～5回目,"インターネット・アプリ, Instagram",選択なし/該当施設なし,サンダーバードで金沢駅に降りたので,尾山神社,,"10,000円以上 20,000円未満",満足,あんと良いですね,とても満足,デパ地下にイメージ近い感じ,感じなかった,,8,市内の有名パン屋さんが期間限定で営業されていました。今後も同様に市内の名店が出張出店してほしいですね。,機会があれば行きたい,海鮮以外の食事も食べたい,男,1974,兵庫県,宝塚市,"1,200万円以上 1,500万円未満",能登牛が当たる,,,徒歩でも結構移動できました
金沢エリア,金沢駅,2024/02/17 21:02:02,同意する,1泊,1泊,金沢エリア  （湯涌温泉、深谷温泉、犀川温泉など）,石川県外には泊まらない,夫婦2人,"地元の美味しいものを食べる, 名所、旧跡の観光",在来線,在来線,,,"5,000円以上 10,000円未満","3,000円以上 5,000円未満","30,000円以上 40,000円未満",2～5回目,"インターネット・アプリ, Instagram, Googleマップ",選択なし/該当施設なし,,近江町市場,,"10,000円以上 20,000円未満",とても満足,駅だけでもお土産物や飲食出来るところがいっぱいあって良かった。,満足,トイレが混んでいた。,感じた,駅構内のトイレが混んでいて時間的に諦めた。,10,加賀手まりが作れたら楽しそう。,また行きたい（1年以内）,珠洲が壊滅的ですが金沢から盛り上がってほしい。珠洲の祖母の家が全壊してしまいましたが。。,女,1977,兵庫県,宝塚市,"1,000万円以上 1,200万円未満","能登牛が当たる, ひゃくまんさんが好き",,,近畿から来やすくて一泊で見て回るのに良かった。美味しいものも多い。
金沢エリア,金沢駅,2024/02/19 9:50:15,同意する,1泊,1泊,金沢エリア  （湯涌温泉、深谷温泉、犀川温泉など）,石川県外には泊まらない,友人,"地元の美味しいものを食べる, 名所、旧跡の観光, まちあるき、都市散策",新幹線,在来線,満足,一本でこられるので楽,"10,000円以上 20,000円未満","10,000円以上 20,000円未満","10,000円以上 20,000円未満",初めて,"新聞・雑誌・ガイドブック, インターネット・アプリ",選択なし/該当施設なし,,兼六園,,"10,000円以上 20,000円未満",満足,きれいだ,満足,駅の中がわかりやすい,感じなかった,,7,,機会があれば行きたい,海鮮丼が有名だがもう少し安いのがあればいい、海鮮以外のご当地グルメもあるといい,女,1968,長野県,千曲市,500万円以上 600万円未満,能登牛が当たる,,,観光が駅近でいい
金沢エリア,金沢駅,2024/02/19 13:24:25,同意する,2泊,2泊,金沢エリア  （湯涌温泉、深谷温泉、犀川温泉など）,福井県,夫婦2人,"お祭りやイベントへの参加・見物, ","新幹線, 在来線",在来線,とても満足,しらさぎに乗車してきたが、数年前に乗ったものに比べて、座席感覚が広くて良かったです,"10,000円以上 20,000円未満","30,000円以上 40,000円未満","10,000円以上 20,000円未満",2～5回目,"インターネット・アプリ, こどもの大学入学にあたり、観光も兼ねて訪問",選択なし/該当施設なし,福井県❨新幹線試乗会で、乗車❩,兼六園,,"20,000円以上 30,000円未満",満足,欲しい商品がなかったので、お店の人に聞いたら丁寧に答えてくれた。,満足,お店が見つからなかった際にインフォメーションでの対応も丁寧,感じなかった,,10,ほしかったわれ氷が生産していなかったのはとても残念だった。新しいお店もできていて、魅力があり、美味しかった。,機会があれば行きたい,商品の名前が覚えていないので、特になし,女,1965,静岡県,静岡市,400万円以上 500万円未満,"能登牛が当たる, ARでひゃくまんさんと写真が撮りたかった, 動く３Dひゃくまんさんを見たい, 石川県のおすすめ観光スポットが見たい",,,新しくなった金沢駅を見てほしい、宿泊したホテルもお勧めしたいから
金沢エリア,金沢駅,2024/02/19 13:26:15,同意する,2泊,1泊,金沢エリア  （湯涌温泉、深谷温泉、犀川温泉など）,福井県,夫婦2人,"まちあるき、都市散策, アパート探し","新幹線, 在来線",在来線,満足,移動時間が短い,"5,000円以上 10,000円未満","20,000円以上 30,000円未満","10,000円以上 20,000円未満",2～5回目,インターネット・アプリ,兼六園,,近江町市場,,"10,000円以上 20,000円未満",とても満足,全て揃っている。,満足,但し、飲食店の数が少く、満席の店が殆ど。,感じなかった,,10,特になし,また行きたい（1年以内）,特になし,男,1963,静岡県,静岡市,500万円以上 600万円未満,能登牛が当たる,,,古い町並み、風情あり。海産物が美味しい。
金沢エリア,金沢駅,2024/02/19 18:28:18,同意する,2泊,1泊,金沢エリア  （湯涌温泉、深谷温泉、犀川温泉など）,福井県,家族❨大学生と社会人❩,新幹線の試乗会　大学生の新居探し,"新幹線, 在来線","在来線, 新幹線　",不満,今回北陸本線の線路トラブルがあり、北陸新幹線の試乗会に間に合うかヒヤヒヤだった❨名古屋発のしらさぎに乗る予定が急遽米原までの移動になったり、それも動くかどうか微妙なところだったため❩,"10,000円以上 20,000円未満","10,000円以上 20,000円未満","5,000円以上 10,000円未満",2～5回目,インターネット・アプリ,選択なし/該当施設なし,福井駅❨北陸新幹線の試乗会❩,選択なし/該当施設なし,武家屋敷跡界隈,"5,000円以上 10,000円未満",とても満足,欲しい商品が見つからなかった際にInformationでの対応　店舗において欲しい商品がなかった際の店員の丁寧な説明,満足,以前来たときに比べると、お店が増えていて金沢料理を楽しむことができた,感じた,食事の際の場所がよくわからなかった❨あんとの上の階に行くエスカレーターがわかりづらかった❩,10,数年ぶりに来たら少しずつお菓子の種類も変わっていたりして、目の保養にもなったが、やはり昔あったお菓子が懐かしいのもある。企業の関係もあるのでしょうが、古き良きものもおいてほしいと思うのはわがままでしょうね（笑）,機会があれば行きたい,金沢でしか食べられないような飲食店❨店の数❩がもう少しあると探すのがラク,女,1965,静岡県,静岡市,500万円以上 600万円未満,"能登牛が当たる, ひゃくまんさんが好き, 動く３Dひゃくまんさんを見たい, 石川県のおすすめ観光スポットが見たい",,,バスに乗車した際、わからないことがあったが地元の人が教えてくれたり❨運転手はもちろんのこと❩宿泊したホテルのスタッフの心づかいが嬉しかった❩
金沢エリア,金沢駅,2024/02/21 16:09:51,同意する,2泊,2泊,金沢エリア  （湯涌温泉、深谷温泉、犀川温泉など）,石川県外には泊まらない,自分ひとり,"地元の美味しいものを食べる, アウトドア（海水浴、釣り、登山など）, ラブライブ ！蓮ノ空の聖地巡礼",夜行バス,"路線バス, 徒歩",満足,医王山登山にバスを利用しましたが、冬季は登山口までは運行していないようで少しあるきましたが、路線バスがあるだけありがたいです。,"5,000円以上 10,000円未満","1,000円以上 3,000円未満","5,000円以上 10,000円未満",2～5回目,"インターネット・アプリ, X(旧：Twitter)",選択なし/該当施設なし,,近江町市場,,"1,000円未満",満足,お土産屋やトイレなど特に不便なく利用させていただきました。,満足,バス乗り場がわかりやすくて良いと思う。,感じなかった,,8,座って休めるベンチがもう少し多いと良いなと思いました。,また行きたい（1年以内）,冬季も白山へのバスをぜひ運行して下さい！！,女,1987,東京都,府中市,400万円以上 500万円未満,能登牛が当たる,,,自家用車がなくても路線バスなど交通の便が良いと思う。
金沢エリア,金沢駅,2024/02/22 14:26:18,同意する,4泊以上,4泊以上,金沢エリア  （湯涌温泉、深谷温泉、犀川温泉など）,石川県外には泊まらない,夫婦2人,出張など仕事関係,飛行機,路線バス,満足,,"30,000円以上 40,000円未満","3,000円以上 5,000円未満","10,000円以上 20,000円未満",初めて,"観光連盟やDMOのHP, インターネット・アプリ",兼六園,,選択なし/該当施設なし,,"1,000円以上 3,000円未満",満足,,満足,,感じなかった,,5,,機会があれば行きたい,特になし,女,1987,沖縄県,名護市,600万円以上 700万円未満,能登牛が当たる,,,
金沢エリア,金沢駅,2024/02/25 7:46:07,同意する,1泊,1泊,金沢エリア  （湯涌温泉、深谷温泉、犀川温泉など）,石川県外には泊まらない,自分ひとり,"地元の美味しいものを食べる, 名所、旧跡の観光, 各種体験（手作り、果物狩りなど）",在来線,在来線,満足,,"5,000円以上 10,000円未満","10,000円以上 20,000円未満","40,000円以上 50,000円未満",初めて,"新聞・雑誌・ガイドブック, インターネット・アプリ",選択なし/該当施設なし,,近江町市場,,"20,000円以上 30,000円未満",とても満足,食事処やおみやげ屋さんがいっぱいある,とても満足,おみやげ屋、食事処が充実している、バスの案内板が見易かった,感じなかった,,10,一度に2店舗のグルメが食べられるセットなどあれば嬉しい、お寿司とおでん、カレーとパフェなど,機会があれば行きたい,大阪にアンテナショップを作ってほしい,女,1984,大阪府,大阪市,100万円以上 200万円未満,"能登牛が当たる, ひゃくまんさんが好き",,,観光地などが集まっているので移動しやすい、兼六園、金沢城公園がよかった、食べ物が美味しい
金沢エリア,金沢駅,2024/02/26 18:29:42,同意する,4泊以上,4泊以上,金沢エリア  （湯涌温泉、深谷温泉、犀川温泉など）,石川県外には泊まらない,災害支援チーム　JRAT,災害支援,"新幹線, 在来線",在来線,不満,鹿児島からは遠かった,"20,000円以上 30,000円未満","20,000円以上 30,000円未満","10,000円以上 20,000円未満",初めて,観光パンフレット・ポスター,選択なし/該当施設なし,,選択なし/該当施設なし,石川県総合スポーツセンター　　避難所,"3,000円以上 5,000円未満",満足,おでんか美味しかった,満足,鹿児島中央駅にはない賑やかさがありました。,感じなかった,,7,おでんが美味しい,機会があれば行きたい,今回は災害支援で来ましたので、次回は観光で兼六園等回ってみたい。,男,1975,鹿児島県,鹿児島市,500万円以上 600万円未満,"能登牛が当たる, ひゃくまんさんが好き",,,加賀百万石の魅力と復興を見てもらいたい
金沢エリア,金沢駅,2024/02/27 1:37:50,同意する,3泊,2泊,金沢エリア  （湯涌温泉、深谷温泉、犀川温泉など）,富山県,友人,"地元の美味しいものを食べる, 名所、旧跡の観光, 買い物、アウトレット, スポーツ観戦や芸術鑑賞（コンサート等）, まちあるき、都市散策, 各種体験（手作り、果物狩りなど）",新幹線,徒歩,,,"10,000円以上 20,000円未満","20,000円以上 30,000円未満","20,000円以上 30,000円未満",2～5回目,"観光展・物産展, 新聞・雑誌・ガイドブック, インターネット・アプリ, X(旧：Twitter), Instagram, 観光協会等の案内所",選択なし/該当施設なし,,兼六園,,"5,000円以上 10,000円未満",とても満足,,とても満足,,感じなかった,,10,,また行きたい（1年以内）,特になし,女,1990,東京都,中央区,700万円以上 800万円未満,"能登牛が当たる, 動く３Dひゃくまんさんを見たい",,,文化の体験が楽しかったので。
金沢エリア,金沢駅,2024/02/28 18:12:12,同意する,2泊,2泊,金沢エリア  （湯涌温泉、深谷温泉、犀川温泉など）,石川県外には泊まらない,夫婦2人,"温泉や露天風呂, 地元の美味しいものを食べる, 復興支援",飛行機,在来線,どちらでもない,仕方がないのですが電車の本数が少ない,"20,000円以上 30,000円未満","10,000円以上 20,000円未満","10,000円以上 20,000円未満",2～5回目,"新聞・雑誌・ガイドブック, インターネット・アプリ, Instagram",ひがし茶屋街,,選択なし/該当施設なし,富山へ,"10,000円以上 20,000円未満",満足,とても食べ物が美味しかった,満足,駅ビルが充実していた,感じなかった,,10,食べ物がとても美味しい,機会があれば行きたい,東京駅にアンテナショップができるのが楽しみ,女,1961,千葉県,四街道市,300万円以上 400万円未満,能登牛が当たる,,,ぜひ復興割で皆さんにきて欲しい
金沢エリア,金沢駅,2024/02/29 16:21:04,同意する,4泊以上,4泊以上,金沢エリア  （湯涌温泉、深谷温泉、犀川温泉など）,石川県外には泊まらない,職場の同僚,"出張など仕事関係, 災害復興",自家用車,"タクシー, 路線バス",満足,タクシーは比較的走ってて捕まりやすい。バスは本数が少なめ。,"30,000円以上 40,000円未満","3,000円以上 5,000円未満","30,000円以上 40,000円未満",初めて,"観光展・物産展, X(旧：Twitter), 友人・知人",兼六園,,金沢21世紀美術館,,"20,000円以上 30,000円未満",とても満足,他県にない地元のものがたくさんある。,満足,綺麗、お店豊富,感じた,携帯が充電できる箇所が少ない。,9,,また行きたい（1年以内）,特に無し,男,1984,神奈川県,座間市,"1,000万円以上 1,200万円未満",なんとなく,,,自然と都会の融合
金沢エリア,金沢駅,2024/02/29 16:54:01,同意する,4泊以上,4泊以上,金沢エリア  （湯涌温泉、深谷温泉、犀川温泉など）,石川県外には泊まらない,自分ひとり,"温泉や露天風呂, 地元の美味しいものを食べる, まちあるき、都市散策",在来線,在来線,どちらでもない,関西からの便の不便さ,"10,000円以上 20,000円未満","3,000円以上 5,000円未満","5,000円以上 10,000円未満",11回目以上,"観光パンフレット・ポスター, インターネット・アプリ",近江町市場,,選択なし/該当施設なし,銭湯くつわゆ,"1,000円未満",どちらでもない,土産の充実,満足,全体的に高い　マクドナルドのみ,感じなかった,,8,土産の充実,機会があれば行きたい,日本酒と海鮮、昼から飲める場所が少ない,男,1960,奈良県,大和郡山,"1,000万円以上 1,200万円未満","能登牛が当たる, 充電コーナー使用中でひまだから",,,海鮮の安さと旨さ、人情
金沢エリア,金沢駅,2024/03/01 11:16:37,同意する,1泊,1泊,金沢エリア  （湯涌温泉、深谷温泉、犀川温泉など）,石川県外には泊まらない,夫婦2人,買い物、アウトレット,新幹線,路線バス,満足,バスなどが充実している,"10,000円以上 20,000円未満","5,000円以上 10,000円未満","20,000円以上 30,000円未満",2～5回目,インターネット・アプリ,近江町市場,,ひがし茶屋街,,"10,000円以上 20,000円未満",満足,,満足,,感じなかった,,9,,また行きたい（1年以内）,特になし,男,1962,長野県,北安曇郡白馬村,100万円以上 200万円未満,ひゃくまんさんが好き,,,
金沢エリア,金沢駅,2024/03/02 11:59:27,同意する,1泊,1泊,金沢エリア  （湯涌温泉、深谷温泉、犀川温泉など）,石川県外には泊まらない,夫婦2人,地元の美味しいものを食べる,在来線,在来線,満足,大阪から乗換なしで来られたから,"20,000円以上 30,000円未満","10,000円以上 20,000円未満","10,000円以上 20,000円未満",2～5回目,新聞・雑誌・ガイドブック,ひがし茶屋街,,近江町市場,,"5,000円以上 10,000円未満",満足,お店がたくさんある,満足,,感じなかった,,10,,また行きたい（1年以内）,試食を充実させてほしい。おいしさを確認して買い物をしたいから,男,1964,兵庫県,高砂市,"900万円以上 1,000万円未満",,,,
金沢エリア,金沢駅,2024/03/02 12:21:55,同意する,1泊,1泊,金沢エリア  （湯涌温泉、深谷温泉、犀川温泉など）,石川県外には泊まらない,夫婦2人,"地元の美味しいものを食べる, 名所、旧跡の観光, 買い物、アウトレット, まちあるき、都市散策","在来線, サンダーバード",在来線,とても満足,サンダーバードの乗り納めができました！,"5,000円以上 10,000円未満","10,000円以上 20,000円未満","30,000円以上 40,000円未満",2～5回目,"TV・ラジオ番組やCM, インターネット・アプリ",選択なし/該当施設なし,あんとでお土産前日調査のため,近江町市場,,"20,000円以上 30,000円未満",とても満足,SAKE食堂があったこと！,とても満足,品揃えが多く綺麗なこと,感じなかった,,10,試食があると嬉しいです,また行きたい（1年以内）,食もお酒も美味しいこと,女,1964,兵庫県,高砂市,200万円以上 300万円未満,"能登牛が当たる, ひゃくまんさんが好き",,,食が美味しいこと
金沢エリア,金沢駅,2024/03/02 23:43:10,同意する,3泊,3泊,金沢エリア  （湯涌温泉、深谷温泉、犀川温泉など）,石川県外には泊まらない,自分ひとり,"名所、旧跡の観光, 出張など仕事関係",在来線,在来線,満足,時間に正確,"30,000円以上 40,000円未満","10,000円以上 20,000円未満","20,000円以上 30,000円未満",11回目以上,インターネット・アプリ,ひがし茶屋街,,尾山神社,,"5,000円以上 10,000円未満",満足,充実している,満足,不足はない,感じなかった,ない,8,金沢らしさ,また行きたい（1年以内）,金沢らしさ,男,1963,奈良県,奈良市,"1,200万円以上 1,500万円未満",能登牛が当たる,,,金沢特有のものがある。
金沢エリア,金沢駅,2024/03/03 17:36:20,同意する,1泊,1泊,金沢エリア  （湯涌温泉、深谷温泉、犀川温泉など）,石川県外には泊まらない,夫婦2人,"地元の美味しいものを食べる, 名所、旧跡の観光",在来線,在来線,とても満足,案内が明確,"10,000円以上 20,000円未満","1,000円以上 3,000円未満","10,000円以上 20,000円未満",2～5回目,インターネット・アプリ,選択なし/該当施設なし,,近江町市場,,"10,000円以上 20,000円未満",とても満足,買いたい商品が揃っている,とても満足,案内がわかりやすく、掃除か行き届いていた,感じなかった,,10,パン屋さんがあれば嬉しいです,また行きたい（1年以内）,美味しいものの品揃えか豊富なので特になし,女,1964,兵庫県,高砂市,"1,000万円以上 1,200万円未満","能登牛が当たる, ひゃくまんさんが好き, ARでひゃくまんさんと写真が撮りたかった, ひゃくまんさんの名刺をコレクションしている, 動く３Dひゃくまんさんを見たい, 石川県のおすすめ観光スポットが見たい, 石川県の雑学を知りたい",,,買い物が楽しい　全体的に美しい
金沢エリア,金沢駅,2024/03/04 23:46:50,同意する,日帰り,石川県内には宿泊しない,石川県内には宿泊しない,石川県外には泊まらない,自分ひとり,鉄道,乗り鉄旅、公共配布カード集め,在来線,満足,在来線特急で金沢入りするのは、多分きょうが最後になると思うので。,使わない,"3,000円以上 5,000円未満","3,000円以上 5,000円未満",2～5回目,"インターネット・アプリ, X(旧：Twitter), ブログ",選択なし/該当施設なし,,選択なし/該当施設なし,,"1,000円未満",満足,,満足,,感じた,みどりの窓口はいつもとても混んでいる。,8,駅でちょっと食事するのに、白山そばはありましたが、金沢カレーの店が見付けられなかった。,また行きたい（1年以内）,新幹線の延長区間と第三セクター移管区間への乗車のためにまた来る予定。,男,1968,東京都,練馬区,"900万円以上 1,000万円未満","能登牛が当たる, ひゃくまんさんの名刺をコレクションしている, 石川県のおすすめ観光スポットが見たい, 石川県の雑学を知りたい",,,新幹線で楽に行けるので。
金沢エリア,金沢駅,2024/03/07 11:27:19,同意する,1泊,1泊,金沢エリア  （湯涌温泉、深谷温泉、犀川温泉など）,石川県外には泊まらない,友人,"宿でのんびり過ごす, 温泉や露天風呂, 地元の美味しいものを食べる",新幹線,在来線,満足,,"20,000円以上 30,000円未満","10,000円以上 20,000円未満","30,000円以上 40,000円未満",初めて,"新聞・雑誌・ガイドブック, Instagram",選択なし/該当施設なし,,兼六園,,"10,000円以上 20,000円未満",とても満足,,満足,,感じなかった,,8,,また行きたい（1年以内）,とくにし,女,2007,大阪府,泉佐野市,500万円以上 600万円未満,能登牛が当たる,,,
金沢エリア,金沢駅,2024/03/07 11:28:12,同意する,1泊,1泊,金沢エリア  （湯涌温泉、深谷温泉、犀川温泉など）,石川県外には泊まらない,親,"温泉や露天風呂, 地元の美味しいものを食べる, 名所、旧跡の観光",新幹線,"在来線, 路線バス",とても満足,サンダーバードが快適だった,"10,000円以上 20,000円未満","10,000円以上 20,000円未満","10,000円以上 20,000円未満",初めて,"新聞・雑誌・ガイドブック, 観光パンフレット・ポスター, Instagram",選択なし/該当施設なし,,近江町市場,,使わない,どちらでもない,,満足,とても綺麗で案内がわかりやすい。観光案内所の人も親切だった,感じなかった,,10,,機会があれば行きたい,特になし,女,2003,大阪府,泉佐野市,800万円以上 900万円未満,"能登牛が当たる, ひゃくまんさんが好き",,,おいしい！！そして空気がきれい！楽しかった！
金沢エリア,金沢駅,2024/03/08 19:04:36,同意する,1泊,石川県内には宿泊しない,石川県内には宿泊しない,福井県,親,"地元の美味しいものを食べる, まちあるき、都市散策",自家用車,"自家用車, 在来線",満足,バスが来る間隔がはやい,"5,000円以上 10,000円未満","3,000円以上 5,000円未満","5,000円以上 10,000円未満",2～5回目,"観光展・物産展, 観光パンフレット・ポスター, インターネット・アプリ",選択なし/該当施設なし,福井(母親の実家),近江町市場,,"5,000円以上 10,000円未満",満足,あんと。の店に買いたかった和菓子のお店が入っていたから。,どちらでもない,店舗数が多すぎて迷ったり広すぎて予定通りに動くのが難しかった。,感じた,とても綺麗な駅ではあったけど全体的に駅構内の場所やどこまで地下から歩けるのかなどわかりにくいと感じました。,5,駅構内でミニ金箔ソフトクリームがあると嬉しいです。,機会があれば行きたい,ミニ金箔ソフトクリーム,女,1993,愛知県,尾張旭市,100万円未満,"能登牛が当たる, 石川県のおすすめ観光スポットが見たい, こうゆうアンケートが楽しくて好き",,,金沢駅中の飲食店『おでんの山さん』の従業員の方の配慮も良く、食べた定食も手頃でとっても美味しかったです。疲れていたので構内でこんな静かに美味しいご飯食べれる場所もあるだと幸せでした。
金沢エリア,金沢駅,2024/03/08 22:18:28,同意する,1泊,1泊,金沢エリア  （湯涌温泉、深谷温泉、犀川温泉など）,石川県外には泊まらない,夫婦2人,"地元の美味しいものを食べる, 名所、旧跡の観光, まちあるき、都市散策",自家用車,自家用車,,,"5,000円以上 10,000円未満","5,000円以上 10,000円未満","10,000円以上 20,000円未満",初めて,インターネット・アプリ,金沢21世紀美術館,,兼六園,,"3,000円以上 5,000円未満",とても満足,,満足,,感じなかった,,10,,また行きたい（1年以内）,特になし,男,1968,長野県,岡谷市,500万円以上 600万円未満,ひゃくまんさんが好き,,,
金沢エリア,金沢駅,2024/03/08 22:25:19,同意する,1泊,1泊,金沢エリア  （湯涌温泉、深谷温泉、犀川温泉など）,石川県外には泊まらない,夫婦2人,"地元の美味しいものを食べる, 名所、旧跡の観光, まちあるき、都市散策",自家用車,"路線バス, 徒歩",満足,分かりやすかった,"5,000円以上 10,000円未満","5,000円以上 10,000円未満","10,000円以上 20,000円未満",初めて,新聞・雑誌・ガイドブック,金沢21世紀美術館,,ひがし茶屋街,,"5,000円以上 10,000円未満",とても満足,構内地図を見ていたら、声をかけてくれて、いろいろ教えてくれた方がいた,とても満足,広くてキレイ,感じなかった,,10,どれも満足,また行きたい（1年以内）,全部良かった,女,1971,長野県,岡谷市,500万円以上 600万円未満,"ひゃくまんさんが好き, ARでひゃくまんさんと写真が撮りたかった, 動く３Dひゃくまんさんを見たい",,,食べ物が特に美味しかった
金沢エリア,金沢駅,2024/03/09 9:00:50,同意する,日帰り,石川県内には宿泊しない,石川県内には宿泊しない,石川県外には泊まらない,自分ひとり,買い物、アウトレット,"新幹線, 在来線",在来線,とても満足,自家用車だと高速代や香林坊での駐車場代がかかるから,使わない,"1,000円以上 3,000円未満","3,000円以上 5,000円未満",6～10回目,観光展・物産展,近江町市場,,ひがし茶屋街,,"1,000円以上 3,000円未満",とても満足,,とても満足,,感じた,,10,,また行きたい（1年以内）,特に無し,男,1978,富山県,富山市,100万円以上 200万円未満,能登牛が当たる,,,
金沢エリア,金沢駅,2024/03/10 19:26:27,同意する,1泊,1泊,金沢エリア  （湯涌温泉、深谷温泉、犀川温泉など）,石川県外には泊まらない,夫婦2人,"宿でのんびり過ごす, 温泉や露天風呂, 地元の美味しいものを食べる, テーマパーク（遊園地、動物園、博物館など）, まちあるき、都市散策","新幹線, 在来線",路線バス,満足,1日乗車券の範囲がもっと広いとなお良い。,"40,000円以上 50,000円未満","20,000円以上 30,000円未満","20,000円以上 30,000円未満",2～5回目,"新聞・雑誌・ガイドブック, インターネット・アプリ, X(旧：Twitter)",金沢21世紀美術館,,近江町市場,,"5,000円以上 10,000円未満",とても満足,お土産が豊富に取り揃えられている,とても満足,駅全体がとてもきれい,感じた,改札から近いロッカーが埋まっており、遠いロッカーまで歩かなければならなかった。混雑したらロッカー難民になりそう。まで,10,,また行きたい（1年以内）,美味しいものが多いのはいいが、新しい名物を開発してほしい,男,1985,東京都,足立区,"1,200万円以上 1,500万円未満",ひゃくまんさんが好き,,,コンパクトシティで観光施設の移動に時間がかからないところ
金沢エリア,金沢駅,2024/03/12 19:58:06,同意する,3泊,3泊,金沢エリア  （湯涌温泉、深谷温泉、犀川温泉など）,石川県外には泊まらない,親,地元の美味しいものを食べる,新幹線,路線バス,どちらでもない,Suicaが使えないから,"10,000円以上 20,000円未満","10,000円以上 20,000円未満","10,000円以上 20,000円未満",11回目以上,インターネット・アプリ,選択なし/該当施設なし,,兼六園,,"5,000円以上 10,000円未満",満足,,満足,,感じなかった,,8,飲食にハズレがない。お土産も豊富。最高の街。,また行きたい（1年以内）,炎鵬グッズ,女,1993,東京都,西東京市,600万円以上 700万円未満,"能登牛が当たる, ひゃくまんさんが好き, ひゃくまんさんの名刺をコレクションしている, 動く３Dひゃくまんさんを見たい",,,食べ物、名所
金沢エリア,金沢駅,2024/03/15 22:00:57,同意する,4泊以上,石川県内には宿泊しない,石川県内には宿泊しない,東京都、千葉県、山梨県,自分ひとり,"地元の美味しいものを食べる, 名所、旧跡の観光, まちあるき、都市散策, 最後の北陸本線を楽しみに来た",在来線,在来線,とても満足,,使わない,"1,000円以上 3,000円未満","3,000円以上 5,000円未満",2～5回目,インターネット・アプリ,選択なし/該当施設なし,金沢駅に到着した,近江町市場,,使わない,とても満足,,とても満足,,感じなかった,,8,,また行きたい（1年以内）,旬の魚と地酒が少しずつ楽しめる(朝・昼・晩のご飯に限らず、コト消費的な感じで)場所　羽二重餅とか白エビとか富山米とか他県のものを拝借している金沢土産が多い。もっとオール金沢のお土産を増やすべき。,無回答,2002,兵庫県,神戸市,100万円未満,能登牛が当たる,,,
金沢エリア,金沢駅,2024/03/15 23:20:02,同意する,2泊,2泊,加賀エリア （山代温泉、山中温泉、片山津温泉、粟津温泉、辰口温泉、加賀市、小松市など）,石川県外には泊まらない,夫婦2人,"温泉や露天風呂, 地元の美味しいものを食べる, 名所、旧跡の観光",在来線,在来線,満足,乗り換え無しで目的地に着けた,"50,000円以上 100,000円未満","20,000円以上 30,000円未満","10,000円以上 20,000円未満",2～5回目,観光パンフレット・ポスター,選択なし/該当施設なし,,兼六園,,"3,000円以上 5,000円未満",どちらでもない,,どちらでもない,,感じた,食事処はあっても行きたいところがなかったし、軽食(テイクアウト)も見つからなかった,5,,機会があれば行きたい,特に無し,女,1960,大阪府,八尾市,100万円以上 200万円未満,"能登牛が当たる, なんとなく",,,兼六園、長町武家屋敷
金沢エリア,金沢駅,2024/03/17 10:01:02,同意する,2泊,1泊,加賀エリア （山代温泉、山中温泉、片山津温泉、粟津温泉、辰口温泉、加賀市、小松市など）,富山県,高校生の子供,"温泉や露天風呂, 名所、旧跡の観光, まちあるき、都市散策","新幹線, 在来線","在来線, 北陸新幹線",とても満足,快適性,"10,000円以上 20,000円未満","20,000円以上 30,000円未満","5,000円以上 10,000円未満",11回目以上,"観光パンフレット・ポスター, 観光協会等の案内所",兼六園,金沢城,ひがし茶屋街,,"3,000円以上 5,000円未満",とても満足,お店の方の接客,とても満足,清潔きれい,感じなかった,特になし,8,北陸各県の物を集めてはどうか,また行きたい（1年以内）,特になし,男,1960,大阪府,大阪市,600万円以上 700万円未満,なんとなく,,,新幹線開業後がわからない
金沢エリア,金沢駅,2024/03/17 14:17:46,同意する,1泊,1泊,金沢エリア  （湯涌温泉、深谷温泉、犀川温泉など）,石川県外には泊まらない,自分ひとり,地元の美味しいものを食べる,"新幹線, 在来線",新幹線,とても満足,早く移動できる,"5,000円以上 10,000円未満","10,000円以上 20,000円未満","30,000円以上 40,000円未満",11回目以上,特に調べていない,近江町市場,,選択なし/該当施設なし,,"5,000円以上 10,000円未満",満足,ショッピングエリアがもう少し充実してほしい,満足,,感じた,家電量販店がないこと,8,,また行きたい（1年以内）,海産物やおでん等,男,1974,愛知県,春日井市,800万円以上 900万円未満,ひゃくまんさんが好き,,,食事や観光名所
金沢エリア,金沢駅,2024/03/18 7:26:20,同意する,1泊,1泊,金沢エリア  （湯涌温泉、深谷温泉、犀川温泉など）,石川県外には泊まらない,兄弟,"友人・親戚を訪ねる, 法事","新幹線, 在来線",自家用車,,,"5,000円以上 10,000円未満","10,000円以上 20,000円未満","20,000円以上 30,000円未満",2～5回目,"TV・ラジオ番組やCM, インターネット・アプリ",ひがし茶屋街,,金沢21世紀美術館,,"5,000円以上 10,000円未満",とても満足,ワクワクする,とても満足,駅内で全部事足りること,感じなかった,,10,,機会があれば行きたい,能登に行きたい！,男,1958,大阪府,交野市,300万円以上 400万円未満,"能登牛が当たる, ひゃくまんさんが好き, ",,,一度は行って欲しい
金沢エリア,金沢駅,2024/03/18 11:04:30,同意する,1泊,1泊,金沢エリア  （湯涌温泉、深谷温泉、犀川温泉など）,石川県外には泊まらない,家族,"温泉や露天風呂, ",自家用車,自家用車,,,"10,000円以上 20,000円未満","5,000円以上 10,000円未満","20,000円以上 30,000円未満",初めて,新聞・雑誌・ガイドブック,近江町市場,,ひがし茶屋街,,"3,000円以上 5,000円未満",満足,,とても満足,,感じなかった,,9,,また行きたい（1年以内）,なし,女,1968,兵庫県,加古川市,500万円以上 600万円未満,"能登牛が当たる, ひゃくまんさんが好き",,,
金沢エリア,金沢駅,2024/03/19 12:51:40,同意する,1泊,1泊,加賀エリア （山代温泉、山中温泉、片山津温泉、粟津温泉、辰口温泉、加賀市、小松市など）,石川県外には泊まらない,友人,"温泉や露天風呂, 地元の美味しいものを食べる",新幹線,"在来線, レンタサイクル",満足,レンタサイクルは画期的で歩くのが荷物もあり億劫だったのでサクサク限られた時間を有効に使えた。,"20,000円以上 30,000円未満","10,000円以上 20,000円未満","20,000円以上 30,000円未満",初めて,"新聞・雑誌・ガイドブック, TV・ラジオ番組やCM, インターネット・アプリ",兼六園,,近江町市場,,"10,000円以上 20,000円未満",とても満足,お寿司もおいしく、駅周辺で全部揃っているのでお土産買うのも楽しめた。,満足,加賀温泉に宿泊しましたが、とにかく食べ物が美味しかった。白エビは最高。,感じた,加賀温泉駅のIRの切符売場が長蛇の列で一枚づつしか買えないのは改善してほしい。,6,道の駅的な野菜が販売しているところがあると嬉しいです。後、おすすめエリアの看板など、用紙配布して下さる方いると嬉しい。,機会があれば行きたい,道の駅的な野菜地元のものが買いたい。,女,1980,東京都,練馬区,400万円以上 500万円未満,"能登牛が当たる, 石川県のおすすめ観光スポットが見たい, 石川県の雑学を知りたい",,,東京から新幹線で２時間近い。道の駅
金沢エリア,金沢駅,2024/03/19 23:42:11,同意する,3泊,2泊,金沢エリア  （湯涌温泉、深谷温泉、犀川温泉など）,富山県,恋人,"宿でのんびり過ごす, 温泉や露天風呂, 地元の美味しいものを食べる, 名所、旧跡の観光, 買い物、アウトレット, まちあるき、都市散策","在来線, 飛行機",在来線,満足,小松空港からアクセスしやすかった。特急を使ったが、もうサンダーバードやしらさぎは金沢駅に来なくなったため、次回行くとしたら在来線を使うべきかと思った。小松から金沢で距離的に新幹線は使わないので、個人的には廃止するべきではないと思っていたため。,"5,000円以上 10,000円未満","30,000円以上 40,000円未満","20,000円以上 30,000円未満",初めて,"新聞・雑誌・ガイドブック, 観光パンフレット・ポスター, 観光連盟やDMOのHP, インターネット・アプリ, Instagram",選択なし/該当施設なし,小松空港,近江町市場,,"1,000円以上 3,000円未満",とても満足,,とても満足,,感じた,改札内のトイレが非常に混んでおり、新幹線延伸の初日であったことも含め人が多すぎてしまい、かなり混雑していた。主要駅なので、もう少しトイレの数は増やすべきなのではないかと思う。,9,,機会があれば行きたい,特になし,女,2003,東京都,文京区,"1,200万円以上 1,500万円未満","ひゃくまんさんが好き, ARでひゃくまんさんと写真が撮りたかった, ひゃくまんさんの名刺をコレクションしている, 動く３Dひゃくまんさんを見たい, 石川県のおすすめ観光スポットが見たい",,,寿司屋、兼六園、近江町市場、Himito
金沢エリア,金沢駅,2024/03/20 21:51:40,同意する,1泊,1泊,加賀エリア （山代温泉、山中温泉、片山津温泉、粟津温泉、辰口温泉、加賀市、小松市など）,石川県外には泊まらない,姉,"温泉や露天風呂, 金沢〜京都あいだのサンダーバード乗車",在来線,在来線,満足,直通のため利便性大,"10,000円以上 20,000円未満","5,000円以上 10,000円未満","5,000円以上 10,000円未満",6～10回目,"インターネット・アプリ, 友人・知人, 観光協会等の案内所",選択なし/該当施設なし,,兼六園,,"5,000円以上 10,000円未満",満足,観光案内所にスマホの充電出来るところがある（観光案内の方がおしえてくれた。困っていたので助かりました！）,満足,,感じなかった,,8,,機会があれば行きたい,香箱カニ、温泉,女,1963,京都府,向日市,"1,200万円以上 1,500万円未満","動く３Dひゃくまんさんを見たい, なんとなく, 観光案内所2助けてもらったから",,,
金沢エリア,金沢駅,2024/03/24 12:21:24,同意する,1泊,1泊,金沢エリア  （湯涌温泉、深谷温泉、犀川温泉など）,石川県外には泊まらない,夫婦2人,"地元の美味しいものを食べる, 名所、旧跡の観光, 買い物、アウトレット, まちあるき、都市散策",飛行機,路線バス,満足,座れた。時間通りの発着だった。,"20,000円以上 30,000円未満","30,000円以上 40,000円未満","30,000円以上 40,000円未満",2～5回目,インターネット・アプリ,選択なし/該当施設なし,小松空港から金沢駅にきました,近江町市場,,"30,000円以上 40,000円未満",とても満足,カフェがたくさんなので休憩がとれる。コインロッカーがわかりやすくてたくさんある。いろんなお店があって、飽きない。,とても満足,清潔であかるくてお店が活気あって、いるだけで楽しい,感じなかった,,10,いまので満足,機会があれば行きたい,特になし,女,1970,東京都,江東区,800万円以上 900万円未満,携帯を充電するついでに。,,,駅からのバス本数が多いので、移動しやすいし、休憩とれるカフェがたくさんあるから居心地がいい
金沢エリア,金沢駅,2024/03/25 12:53:00,同意する,3泊,3泊,金沢エリア  （湯涌温泉、深谷温泉、犀川温泉など）,石川県外には泊まらない,夫婦2人,名所、旧跡の観光,新幹線,新幹線,とても満足,,"20,000円以上 30,000円未満","50,000円以上 100,000円未満","5,000円以上 10,000円未満",初めて,インターネット・アプリ,選択なし/該当施設なし,,兼六園,,使わない,どちらでもない,,とても満足,,感じなかった,,9,,機会があれば行きたい,海の幸と山の幸があってよかった,男,1972,栃木県,宇都宮市,"1,500万円以上","能登牛が当たる, ひゃくまんさんが好き",,,
金沢エリア,金沢駅,2024/03/25 23:17:32,同意する,2泊,2泊,金沢エリア  （湯涌温泉、深谷温泉、犀川温泉など）,石川県外には泊まらない,自分ひとり,"地元の美味しいものを食べる, まちあるき、都市散策, 各種体験（手作り、果物狩りなど）",新幹線,新幹線で金沢駅にきました,満足,快適な乗り心地で移動できたため,"5,000円以上 10,000円未満","20,000円以上 30,000円未満","20,000円以上 30,000円未満",2～5回目,"新聞・雑誌・ガイドブック, 観光パンフレット・ポスター, インターネット・アプリ, 観光協会等の案内所",選択なし/該当施設なし,,尾山神社,,"3,000円以上 5,000円未満",満足,おみやげがたくさんあり買い物も楽しい。,満足,清潔で人も親切でした,感じなかった,,9,駅にひとりでも気軽にお寿司が食べられるお店がほしいです。,また行きたい（1年以内）,今の状況で満足です。,女,1974,埼玉県,越谷市,"1,000万円以上 1,200万円未満","能登牛が当たる, ひゃくまんさんが好き, 石川県のおすすめ観光スポットが見たい",,,ひとりでもコンパクトに観光できる。おいしい食事や、体験ものもあり楽しい。
金沢エリア,金沢駅,2024/03/26 10:44:15,同意する,4泊以上,4泊以上,金沢エリア  （湯涌温泉、深谷温泉、犀川温泉など）,石川県外には泊まらない,親,"宿でのんびり過ごす, 地元の美味しいものを食べる, 名所、旧跡の観光","新幹線, 在来線",在来線,満足,不満に思う点はないが特別優れた点もないから,"40,000円以上 50,000円未満","10,000円以上 20,000円未満","50,000円以上 100,000円未満",初めて,TV・ラジオ番組やCM,選択なし/該当施設なし,新幹線から降りたのが金沢駅だから,金沢21世紀美術館,,"5,000円以上 10,000円未満",とても満足,,とても満足,,感じなかった,,8,,どちらともいえない,海鮮が美味しかった,男,2007,神奈川県,横浜市,"1,500万円以上",能登牛が当たる,,,
金沢エリア,金沢駅,2024/03/28 13:00:27,同意する,2泊,2泊,金沢エリア  （湯涌温泉、深谷温泉、犀川温泉など）,石川県外には泊まらない,親,"宿でのんびり過ごす, 温泉や露天風呂, 地元の美味しいものを食べる, 花見や紅葉などの自然鑑賞, 名所、旧跡の観光","新幹線, 在来線",在来線,とても満足,お得なツアーチケットがあったため,"30,000円以上 40,000円未満","1,000円以上 3,000円未満","3,000円以上 5,000円未満",初めて,インターネット・アプリ,選択なし/該当施設なし,,尾山神社,,"1,000円以上 3,000円未満",満足,綺麗,とても満足,綺麗,感じなかった,,8,,機会があれば行きたい,特になし,女,2001,埼玉県,久喜市,400万円以上 500万円未満,能登牛が当たる,,,新幹線ですぐ着いた
金沢エリア,金沢駅,2024/03/29 19:13:05,同意する,2泊,2泊,加賀エリア （山代温泉、山中温泉、片山津温泉、粟津温泉、辰口温泉、加賀市、小松市など）,石川県外には泊まらない,親,"地元の美味しいものを食べる, 花見や紅葉などの自然鑑賞, 名所、旧跡の観光, 買い物、アウトレット, まちあるき、都市散策",新幹線,在来線,満足,,"10,000円以上 20,000円未満","1,000円以上 3,000円未満","5,000円以上 10,000円未満",初めて,"新聞・雑誌・ガイドブック, TV・ラジオ番組やCM, インターネット・アプリ, X(旧：Twitter)",兼六園,,選択なし/該当施設なし,,"3,000円以上 5,000円未満",満足,,満足,,感じなかった,,8,,機会があれば行きたい,加賀棒茶、コスパの良い海鮮丼,男,2001,大阪府,松原市,500万円以上 600万円未満,"能登牛が当たる, ひゃくまんさんが好き",,,
金沢エリア,金沢駅,2024/03/30 15:08:04,同意する,1泊,1泊,金沢エリア  （湯涌温泉、深谷温泉、犀川温泉など）,石川県外には泊まらない,家族,"宿でのんびり過ごす, まちあるき、都市散策","新幹線, 在来線",レンタカー,とても満足,駅周辺に営業所が多かったから,"10,000円以上 20,000円未満","10,000円以上 20,000円未満","20,000円以上 30,000円未満",11回目以上,"観光展・物産展, インターネット・アプリ, 観光協会等の案内所",近江町市場,,金沢21世紀美術館,,"5,000円以上 10,000円未満",満足,選択肢何多い,とても満足,清潔,感じなかった,,10,,また行きたい（1年以内）,特に無し,男,1961,大阪府,堺市,"1,000万円以上 1,200万円未満","ひゃくまんさんが好き, 動く３Dひゃくまんさんを見たい",,,便利
金沢エリア,金沢駅,2024/04/06 17:40:31,同意する,2泊,2泊,金沢エリア  （湯涌温泉、深谷温泉、犀川温泉など）,石川県外には泊まらない,友人,"地元の美味しいものを食べる, 花見や紅葉などの自然鑑賞, 名所、旧跡の観光",新幹線,"自家用車, 在来線",,,"10,000円以上 20,000円未満","10,000円以上 20,000円未満","50,000円以上 100,000円未満",2～5回目,"観光展・物産展, 新聞・雑誌・ガイドブック, 友人・知人",ひがし茶屋街,,選択なし/該当施設なし,,"20,000円以上 30,000円未満",どちらでもない,可もなく付加もなく,満足,可もなく不可もなく,感じなかった,,7,,機会があれば行きたい,牡蠣食べ放題,女,1980,東京都,足立区,700万円以上 800万円未満,"能登牛が当たる, ひゃくまんさんが好き",,,
金沢エリア,金沢駅,2024/04/06 21:51:50,同意する,4泊以上,4泊以上,金沢エリア  （湯涌温泉、深谷温泉、犀川温泉など）,石川県外には泊まらない,職場の同僚,"地元の美味しいものを食べる, 出張など仕事関係",新幹線,旅行会社ツアーバス,とても満足,時間通りに行き来出来たのでとても安心して過ごすことが出来ました！,"10,000円以上 20,000円未満","30,000円以上 40,000円未満","5,000円以上 10,000円未満",2～5回目,"観光展・物産展, 観光パンフレット・ポスター, X(旧：Twitter), 観光協会等の案内所",兼六園,,金沢21世紀美術館,,"50,000円以上 100,000円未満",とても満足,たくさんのお土産があって有難い🙏,とても満足,スーパーもあってちょっと小腹が空いたときにふらっとよる事ができて有難い🙏また、コンビニもあるのでいつでも買うことができて嬉しい！,感じなかった,,10,金箔アイス、ご当地グルメ、イオンがあると有難い🙏,また行きたい（1年以内）,のどぐろのおにぎり、お弁当、金箔など,女,1995,千葉県,四街道市,"1,500万円以上","能登牛が当たる, ひゃくまんさんが好き, ARでひゃくまんさんと写真が撮りたかった, 動く３Dひゃくまんさんを見たい, 石川県のおすすめ観光スポットが見たい, 石川県の雑学を知りたい",,,兼六園での桜を見ることが出来て幸せそのものでした🌸
金沢エリア,金沢駅,2024/04/06 21:57:29,同意する,4泊以上,4泊以上,金沢エリア  （湯涌温泉、深谷温泉、犀川温泉など）,石川県外には泊まらない,職場の同僚,"地元の美味しいものを食べる, 出張など仕事関係","新幹線, 在来線","旅行会社ツアーバス, 路線バス",とても満足,バスがたくさんあって有難い🙏,"30,000円以上 40,000円未満","30,000円以上 40,000円未満","10,000円以上 20,000円未満",2～5回目,"観光展・物産展, 新聞・雑誌・ガイドブック, 観光パンフレット・ポスター, 観光連盟やDMOのHP, X(旧：Twitter), 友人・知人, 観光協会等の案内所",兼六園,,金沢21世紀美術館,,"30,000円以上 40,000円未満",とても満足,お土産が豊富,とても満足,お土産が豊富,感じなかった,,10,,また行きたい（1年以内）,のどぐろコロッケ,女,1996,千葉県,四街道市,"1,500万円以上","能登牛が当たる, ひゃくまんさんが好き, ARでひゃくまんさんと写真が撮りたかった, 動く３Dひゃくまんさんを見たい, 石川県のおすすめ観光スポットが見たい, 石川県の雑学を知りたい",,,
金沢エリア,金沢駅,2024/04/08 12:27:51,同意する,日帰り,石川県内には宿泊しない,石川県内には宿泊しない,石川県外には泊まらない,小学生以下連れの家族,名所、旧跡の観光,在来線,在来線,満足,楽しかったから,使わない,"10,000円以上 20,000円未満","3,000円以上 5,000円未満",2～5回目,インターネット・アプリ,選択なし/該当施設なし,,兼六園,,"3,000円以上 5,000円未満",満足,,満足,,感じなかった,,5,,機会があれば行きたい,特になし,女,1974,大阪府,交野市,500万円以上 600万円未満,能登牛が当たる,,,
金沢エリア,金沢駅,2024/04/08 14:03:29,同意する,1泊,1泊,石川県内には宿泊しない,石川県外には泊まらない,息子,"地元の美味しいものを食べる, 花見や紅葉などの自然鑑賞, 名所、旧跡の観光, まちあるき、都市散策",新幹線,徒歩,,,"5,000円以上 10,000円未満","20,000円以上 30,000円未満","40,000円以上 50,000円未満",2～5回目,インターネット・アプリ,選択なし/該当施設なし,武家屋敷,選択なし/該当施設なし,,"20,000円以上 30,000円未満",満足,,満足,,感じなかった,,10,,また行きたい（1年以内）,特になし,女,1971,茨城県,筑西市,200万円以上 300万円未満,"能登牛が当たる, 石川県のおすすめ観光スポットが見たい",,,
金沢エリア,金沢駅,2024/04/13 14:49:36,同意する,3泊,3泊,白山エリア （一里野温泉、白峰温泉、白山市など）,石川県外には泊まらない,恋人,"温泉や露天風呂, 地元の美味しいものを食べる","新幹線, 在来線",在来線,とても満足,,"20,000円以上 30,000円未満","3,000円以上 5,000円未満","30,000円以上 40,000円未満",11回目以上,友人・知人,尾山神社,,ひがし茶屋街,,"5,000円以上 10,000円未満",とても満足,,とても満足,,感じなかった,,10,,また行きたい（1年以内）,ひゃくまんさんグッズをもっとふやしてほしい,女,1973,大阪府,此花区,300万円以上 400万円未満,"能登牛が当たる, ひゃくまんさんが好き",,,
金沢エリア,金沢駅,2024/04/13 18:27:30,同意する,3泊,1泊,金沢エリア  （湯涌温泉、深谷温泉、犀川温泉など）,富山県,友人,"地元の美味しいものを食べる, まちあるき、都市散策, 各種体験（手作り、果物狩りなど）",新幹線,路線バス,満足,一定間隔でバスがきたから。,"10,000円以上 20,000円未満","20,000円以上 30,000円未満","10,000円以上 20,000円未満",2～5回目,"観光展・物産展, インターネット・アプリ, X(旧：Twitter), Instagram, ブログ",兼六園,,近江町市場,,"10,000円以上 20,000円未満",満足,駅周辺に金沢名物が集まっているから。,満足,金沢を満喫できたから。,感じなかった,,10,お食事もお酒もおいしく、満喫できました。また行くことで応援できたらと思います。,また行きたい（1年以内）,手作り和菓子に参加しましたが、とてもよかったです。,女,1985,東京都,中央区,100万円以上 200万円未満,"能登牛が当たる, ひゃくまんさんが好き, 石川県のおすすめ観光スポットが見たい",,,
金沢エリア,金沢駅,2024/04/13 18:36:28,同意する,2泊,2泊,金沢エリア  （湯涌温泉、深谷温泉、犀川温泉など）,石川県外には泊まらない,夫婦2人,"地元の美味しいものを食べる, 名所、旧跡の観光, まちあるき、都市散策",新幹線,路線バス,どちらでもない,金沢市内から路線バスで駅まで行きましたが、可もなく不可もなしというところです。,"20,000円以上 30,000円未満","30,000円以上 40,000円未満","20,000円以上 30,000円未満",2～5回目,"観光パンフレット・ポスター, インターネット・アプリ, X(旧：Twitter), 友人・知人, 観光協会等の案内所",近江町市場,,兼六園,,"5,000円以上 10,000円未満",どちらでもない,,満足,,感じなかった,,10,,また行きたい（1年以内）,お寿司がとても美味しかった。,男,1953,東京都,練馬区,800万円以上 900万円未満,"能登牛が当たる, 石川県のおすすめ観光スポットが見たい, 石川県の雑学を知りたい",,,
金沢エリア,金沢駅,2024/04/14 10:19:18,同意する,2泊,1泊,金沢エリア  （湯涌温泉、深谷温泉、犀川温泉など）,福井県,夫婦2人,"温泉や露天風呂, 名所、旧跡の観光",自家用車,自家用車,とても満足,バスが分かりやすい,"30,000円以上 40,000円未満","5,000円以上 10,000円未満","10,000円以上 20,000円未満",6～10回目,"観光展・物産展, 新聞・雑誌・ガイドブック",兼六園,さくら,金沢21世紀美術館,,"10,000円以上 20,000円未満",とても満足,売場が多い,とても満足,たくさんある,感じなかった,,9,グルメもいい,また行きたい（1年以内）,北陸料理,女,1976,岡山県,倉敷市,800万円以上 900万円未満,"能登牛が当たる, ひゃくまんさんが好き, ARでひゃくまんさんと写真が撮りたかった, ひゃくまんさんの名刺をコレクションしている, 動く３Dひゃくまんさんを見たい, 石川県のおすすめ観光スポットが見たい, 石川県の雑学を知りたい",,,
金沢エリア,金沢駅,2024/04/14 16:35:25,同意する,4泊以上,4泊以上,金沢エリア  （湯涌温泉、深谷温泉、犀川温泉など）,石川県外には泊まらない,自分ひとり,"花見や紅葉などの自然鑑賞, 名所、旧跡の観光, 出張など仕事関係",自家用車,"在来線, 徒歩",どちらでもない,本数が少ない,"10,000円以上 20,000円未満","1,000円未満","3,000円以上 5,000円未満",2～5回目,インターネット・アプリ,兼六園,,金沢21世紀美術館,,"3,000円以上 5,000円未満",満足,色々お店が集まっている,満足,きれい,感じなかった,特にない,8,充電スポットがたくさんあると良い,機会があれば行きたい,特にない,女,1980,愛知県,名古屋市,400万円以上 500万円未満,なんとなく,,,
金沢エリア,金沢駅,2024/04/15 11:57:03,同意する,3泊,1泊,金沢エリア  （湯涌温泉、深谷温泉、犀川温泉など）,福井県,自分ひとり,"地元の美味しいものを食べる, 花見や紅葉などの自然鑑賞, 名所、旧跡の観光, テーマパーク（遊園地、動物園、博物館など）","新幹線, 在来線",在来線,,,"5,000円以上 10,000円未満","1,000円以上 3,000円未満","20,000円以上 30,000円未満",2～5回目,"観光パンフレット・ポスター, インターネット・アプリ",兼六園,,選択なし/該当施設なし,高岡,"5,000円以上 10,000円未満",満足,観光案内所の方がものすごく知識豊富でいろんなプランを提示していただけてすごく助かりました。,満足,,感じなかった,,7,,機会があれば行きたい,もう少し海へ行くバスの本数を増やして欲しい,女,1983,東京都,葛飾区,400万円以上 500万円未満,,,,
金沢エリア,金沢駅,2024/04/20 17:04:42,同意する,1泊,1泊,金沢エリア  （湯涌温泉、深谷温泉、犀川温泉など）,石川県外には泊まらない,親子3人,"地元の美味しいものを食べる, 名所、旧跡の観光, 各種体験（手作り、果物狩りなど）","新幹線, 夜行バス",夜行バス,どちらでもない,コスは良いが窮屈,"5,000円以上 10,000円未満","20,000円以上 30,000円未満","3,000円以上 5,000円未満",2～5回目,インターネット・アプリ,選択なし/該当施設なし,,兼六園,,"1,000円以上 3,000円未満",満足,,満足,,感じなかった,,8,,機会があれば行きたい,特に無し,男,1962,神奈川県,横浜市,200万円以上 300万円未満,なんとなく,,,
金沢エリア,金沢駅,2024/04/21 11:01:31,同意する,1泊,1泊,金沢エリア  （湯涌温泉、深谷温泉、犀川温泉など）,石川県外には泊まらない,自分ひとり,地元の美味しいものを食べる,新幹線,在来線,どちらでもない,少し早いが乗り換えがめんどくさい(大阪から),"5,000円以上 10,000円未満","20,000円以上 30,000円未満","10,000円以上 20,000円未満",6～10回目,"インターネット・アプリ, X(旧：Twitter)",選択なし/該当施設なし,,尾山神社,,"5,000円以上 10,000円未満",満足,駅前で賄える,どちらでもない,人が多い,感じなかった,,8,,また行きたい（1年以内）,非日常感、人の温かさ,男,1978,大阪府,摂津市,500万円以上 600万円未満,"能登牛が当たる, ひゃくまんさんが好き, 石川県のおすすめ観光スポットが見たい, 石川県の雑学を知りたい",,,
金沢エリア,金沢駅,2024/04/21 18:36:06,同意する,1泊,1泊,金沢エリア  （湯涌温泉、深谷温泉、犀川温泉など）,石川県外には泊まらない,恋人,地元の美味しいものを食べる,新幹線,路線バス,満足,北鉄とJRのバスの違いが分かりづらかった（ICカードが全部で使えると嬉しい）,"10,000円以上 20,000円未満","20,000円以上 30,000円未満","20,000円以上 30,000円未満",6～10回目,インターネット・アプリ,選択なし/該当施設なし,,兼六園,,"5,000円以上 10,000円未満",とても満足,ご飯が美味しかった,とても満足,どこに何があるかわかりやすい,感じなかった,,8,,また行きたい（1年以内）,美味しいご飯とお酒,女,1995,愛知県,名古屋市,500万円以上 600万円未満,能登牛が当たる,,,
金沢エリア,金沢駅,2024/04/21 18:50:43,同意する,1泊,1泊,加賀エリア （山代温泉、山中温泉、片山津温泉、粟津温泉、辰口温泉、加賀市、小松市など）,石川県外には泊まらない,友人,"温泉や露天風呂, 地元の美味しいものを食べる, 復興支援",自家用車,レンタカー,満足,行きたい場所へ行きやすかったから,"10,000円以上 20,000円未満","10,000円以上 20,000円未満","10,000円以上 20,000円未満",11回目以上,"観光展・物産展, 新聞・雑誌・ガイドブック, インターネット・アプリ, Instagram, 友人・知人, 観光協会等の案内所",選択なし/該当施設なし,,近江町市場,,"3,000円以上 5,000円未満",とても満足,欲しいお土産が買えたから,満足,混んで入るが食事できる場所が充実していたから,感じなかった,,9,能登地方の関連商品がまとめられているとわかりやすいので、復興支援により繋がると感じた,また行きたい（1年以内）,能登の塩は好きなので関連商品が増えると嬉しい,無回答,1990,東京都,世田谷区,700万円以上 800万円未満,"能登牛が当たる, 動く３Dひゃくまんさんを見たい",,,
金沢エリア,金沢駅,2024/04/22 18:57:38,同意する,1泊,1泊,金沢エリア  （湯涌温泉、深谷温泉、犀川温泉など）,石川県外には泊まらない,自分ひとり,お祭りやイベントへの参加・見物,"新幹線, 在来線",路線バス,とても満足,とても分かりやすかった,"5,000円以上 10,000円未満","10,000円以上 20,000円未満","3,000円以上 5,000円未満",初めて,"新聞・雑誌・ガイドブック, インターネット・アプリ, 友人・知人",選択なし/該当施設なし,,兼六園,,"1,000円以上 3,000円未満",とても満足,とても種類がたくさんあって、かつ選びやすかった,とても満足,近代的な中にも落ち着ける場所があった,感じなかった,,10,,機会があれば行きたい,特になし,女,1968,福島県,いわき市,100万円未満,なんとなく,,,
金沢エリア,金沢駅,2024/04/23 13:49:14,同意する,2泊,石川県内には宿泊しない,石川県内には宿泊しない,岐阜県,学校関係（修学旅行・社会科見学等）,"宿でのんびり過ごす, 温泉や露天風呂, 地元の美味しいものを食べる, 花見や紅葉などの自然鑑賞, 名所、旧跡の観光, 買い物、アウトレット","新幹線, 旅行会社ツアーバス",旅行会社ツアーバス,とても満足,,"20,000円以上 30,000円未満","3,000円以上 5,000円未満","5,000円以上 10,000円未満",初めて,"観光展・物産展, 新聞・雑誌・ガイドブック",兼六園,,兼六園,,"5,000円以上 10,000円未満",とても満足,,とても満足,,感じなかった,,10,,また行きたい（1年以内）,特になし‼️大満足‼️,女,2004,千葉県,成田市,700万円以上 800万円未満,"能登牛が当たる, ひゃくまんさんが好き, 動く３Dひゃくまんさんを見たい",,,
金沢エリア,金沢駅,2024/04/25 23:28:46,同意する,1泊,1泊,金沢エリア  （湯涌温泉、深谷温泉、犀川温泉など）,石川県外には泊まらない,夫婦2人,"地元の美味しいものを食べる, まちあるき、都市散策","新幹線, 在来線",路線バス,とても満足,周遊バスのフリーパスで一日中ぐるりと回れ、バスの運転手さんも優しかった。,"10,000円以上 20,000円未満","20,000円以上 30,000円未満","30,000円以上 40,000円未満",初めて,インターネット・アプリ,ひがし茶屋街,,兼六園,,"5,000円以上 10,000円未満",満足,お土産の袋もつけてくれたし、空いているレジをアナウンスしてくれたり、他のお年寄りへ親切丁寧に説明をしているのを見たので。,とても満足,各店舗わかりやすいし、荷物を預けられたり、旅行客のニーズに合っている。,感じた,トイレに並ぶ。,10,座れる所をもう少し増やして欲しい。疲れました。,また行きたい（1年以内）,復興へのお手伝いとして能登の支援出来るようなお土産をたくさん紹介して欲しい。,女,1979,群馬県,沼田市,700万円以上 800万円未満,石川県のおすすめ観光スポットが見たい,,,
金沢エリア,金沢駅,2024/04/28 13:30:56,同意する,日帰り,石川県内には宿泊しない,石川県内には宿泊しない,石川県外には泊まらない,自分ひとり,鉄道乗りつぶし（北陸新幹線、いしかわ鉄道）,"新幹線, 在来線",在来線,満足,,使わない,"30,000円以上 40,000円未満","5,000円以上 10,000円未満",2～5回目,"インターネット・アプリ, X(旧：Twitter)",選択なし/該当施設なし,旬魚亭,選択なし/該当施設なし,,"1,000円以上 3,000円未満",満足,,満足,フリーチャージスポットがこのアンケート貼紙の目の前にある,感じなかった,,9,,また行きたい（1年以内）,海鮮,男,1992,神奈川県,横浜市,400万円以上 500万円未満,"能登牛が当たる, なんとなく",満足,10,海鮮
金沢エリア,金沢駅,2024/04/30 17:57:59,同意する,2泊,2泊,金沢エリア  （湯涌温泉、深谷温泉、犀川温泉など）,石川県外には泊まらない,親,地元の美味しいものを食べる,新幹線,"在来線, 路線バス",とても満足,便利だったから,"10,000円以上 20,000円未満","1,000円以上 3,000円未満","10,000円以上 20,000円未満",初めて,"観光展・物産展, 友人・知人",近江町市場,,兼六園,,"1,000円以上 3,000円未満",とても満足,色んなお土産が売っていて色んなものが選ぶのに,とても満足,シンプルでわかりやすいから,感じなかった,,8,,機会があれば行きたい,電車に関するお土産,男,2010,神奈川県,横浜市,500万円以上 600万円未満,能登牛が当たる,とても満足,10,美味しいものが食べれて楽しいから
金沢エリア,金沢駅,2024/05/02 9:50:35,同意する,1泊,石川県内には宿泊しない,加賀エリア （山代温泉、山中温泉、片山津温泉、粟津温泉、辰口温泉、加賀市、小松市など）,富山県,親,"テーマパーク（遊園地、動物園、博物館など）, 買い物、アウトレット, スキー・スノボ・マリンスポーツ","自家用車, 新幹線","レンタカー, タクシー, 旅行会社ツアーバス",とても満足,,"10,000円以上 20,000円未満","10,000円以上 20,000円未満","5,000円以上 10,000円未満",2～5回目,"新聞・雑誌・ガイドブック, Facebook, 友人・知人",兼六園,,兼六園,,"10,000円以上 20,000円未満",どちらでもない,,満足,,感じた,,8,,機会があれば行きたい,東茶街のような趣の雰囲気がより欲しい。,男,1988,石川県,能美市,200万円以上 300万円未満,"能登牛が当たる, 石川県のおすすめ観光スポットが見たい",満足,6,
金沢エリア,金沢駅,2024/05/05 13:49:13,同意する,2泊,2泊,金沢エリア  （湯涌温泉、深谷温泉、犀川温泉など）,石川県外には泊まらない,夫婦2人,"地元の美味しいものを食べる, 名所、旧跡の観光, 買い物、アウトレット, アウトドア（海水浴、釣り、登山など）",自家用車,自家用車,とても満足,寿司と秋吉が、おいしい！,"10,000円以上 20,000円未満","3,000円以上 5,000円未満","10,000円以上 20,000円未満",2～5回目,"観光展・物産展, インターネット・アプリ",尾山神社,,兼六園,,"5,000円以上 10,000円未満",とても満足,おいしい,とても満足,駅が豪華,感じた,混んでる,9,海カフェ,機会があれば行きたい,寿司を手軽に食べたい,女,1985,長野県,松本市,500万円以上 600万円未満,"能登牛が当たる, ひゃくまんさんが好き, 石川県のおすすめ観光スポットが見たい",とても満足,9,海がいい、千里浜
金沢エリア,金沢駅,2024/05/05 15:06:03,同意する,1泊,1泊,金沢エリア  （湯涌温泉、深谷温泉、犀川温泉など）,石川県外には泊まらない,夫婦2人,"宿でのんびり過ごす, 買い物、アウトレット",自家用車,"自家用車, 路線バス, 徒歩",とても満足,明瞭会計,"10,000円以上 20,000円未満","40,000円以上 50,000円未満","20,000円以上 30,000円未満",6～10回目,インターネット・アプリ,近江町市場,,兼六園,,"10,000円以上 20,000円未満",とても満足,,とても満足,,感じた,,10,,また行きたい（1年以内）,特になし,男,1969,愛知県,海部郡大治町,"1,500万円以上",能登牛が当たる,とても満足,10,
金沢エリア,金沢駅,2024/05/08 14:19:30,同意する,2泊,2泊,金沢エリア  （湯涌温泉、深谷温泉、犀川温泉など）,石川県外には泊まらない,小学生以下連れの家族,"宿でのんびり過ごす, 地元の美味しいものを食べる, 友人・親戚を訪ねる",新幹線,タクシー,満足,カーシェアを利用しました。簡単で便利でした。,"20,000円以上 30,000円未満","20,000円以上 30,000円未満","20,000円以上 30,000円未満",2～5回目,"インターネット・アプリ, 友人・知人",金沢21世紀美術館,,金沢21世紀美術館,,"3,000円以上 5,000円未満",満足,きれい,満足,利便性が高かった,感じなかった,,8,,機会があれば行きたい,海産物,女,1991,東京都,新宿区,"900万円以上 1,000万円未満",能登牛が当たる,満足,8,
金沢エリア,金沢駅,2024/05/14 17:28:33,同意する,3泊,3泊,金沢エリア  （湯涌温泉、深谷温泉、犀川温泉など）,石川県外には泊まらない,中学生以下連れの家族,"名所、旧跡の観光, まちあるき、都市散策",自家用車,自家用車,,,"5,000円以上 10,000円未満","20,000円以上 30,000円未満","5,000円以上 10,000円未満",初めて,"観光パンフレット・ポスター, インターネット・アプリ",兼六園,,兼六園,,"1,000円以上 3,000円未満",満足,,満足,,感じなかった,,8,,機会があれば行きたい,特になし,女,1970,広島県,福山市,200万円以上 300万円未満,能登牛が当たる,満足,8,
金沢エリア,金沢駅,2024/05/14 17:30:03,同意する,3泊,3泊,金沢エリア  （湯涌温泉、深谷温泉、犀川温泉など）,石川県外には泊まらない,親,"宿でのんびり過ごす, 名所、旧跡の観光",自家用車,自家用車,,,"10,000円以上 20,000円未満",使わない,"3,000円以上 5,000円未満",初めて,友人・知人,兼六園,,ひがし茶屋街,,"1,000円以上 3,000円未満",満足,,満足,,感じなかった,,10,,機会があれば行きたい,特に無,男,1997,広島県,福山市,500万円以上 600万円未満,なんとなく,満足,10,
金沢エリア,金沢駅,2024/05/16 14:57:38,同意する,3泊,3泊,金沢エリア  （湯涌温泉、深谷温泉、犀川温泉など）,石川県外には泊まらない,自分ひとり,"温泉や露天風呂, 友人・親戚を訪ねる",高速バス,自家用車,満足,値段,"10,000円以上 20,000円未満","10,000円以上 20,000円未満","10,000円以上 20,000円未満",2～5回目,インターネット・アプリ,近江町市場,,選択なし/該当施設なし,県立図書館,"20,000円以上 30,000円未満",満足,コインロッカーがたくさん,満足,とても綺麗,感じなかった,,8,さっと座って食べられるスペースがほしい,また行きたい（1年以内）,いくつかお店や名所まわるとご褒美がある,女,1972,愛知県,岡崎市,"900万円以上 1,000万円未満",能登牛が当たる,満足,8,駅の鼓門は素敵
金沢エリア,金沢駅,2024/05/19 10:46:35,同意する,4泊以上,4泊以上,白山エリア （一里野温泉、白峰温泉、白山市など）,福井県,夫婦2人,友人・親戚を訪ねる,自家用車,自家用車,,,"50,000円以上 100,000円未満","40,000円以上 50,000円未満","50,000円以上 100,000円未満",11回目以上,友人・知人,選択なし/該当施設なし,金沢港クルーズターミナル,選択なし/該当施設なし,,"5,000円以上 10,000円未満",とても満足,丁寧でした,とても満足,活気がある,感じなかった,,8,飲食エリアのお店が少ない,また行きたい（1年以内）,もう少しお寿司安く食べたい。立ち食い寿司でワンショット寿司バー作ったらいかがでしょうか？さっさと食べて金沢の食を満喫。江戸時代から元々お寿司って立ち食いできるファストフードだったそうですね、ぜひぜひ金沢駅に立ち食い寿司を誘致してください、立ち食いだから安いの！希望,女,1959,佐賀県,佐賀市,200万円以上 300万円未満,"ひゃくまんさんが好き, 動く３Dひゃくまんさんを見たい, 石川県の雑学を知りたい",満足,10,お寿司！石川の県民食ですね、美味しい！
金沢エリア,金沢駅,2024/05/19 18:46:53,同意する,4泊以上,3泊,金沢エリア  （湯涌温泉、深谷温泉、犀川温泉など）,岐阜県,夫婦2人,"地元の美味しいものを食べる, 名所、旧跡の観光, テーマパーク（遊園地、動物園、博物館など）, 買い物、アウトレット, まちあるき、都市散策",自家用車,自家用車,とても満足,駐車場が充実していた,"10,000円以上 20,000円未満","5,000円以上 10,000円未満","50,000円以上 100,000円未満",2～5回目,"観光展・物産展, インターネット・アプリ, Instagram, 友人・知人",兼六園,,近江町市場,,"10,000円以上 20,000円未満",とても満足,お土産が充実しており、とても楽しかった,とても満足,お土産も飲食店も充実しており、様々な商業施設も便利だった,感じなかった,,10,,また行きたい（1年以内）,特になし,男,1993,岩手県,下閉伊郡岩泉町,600万円以上 700万円未満,ひゃくまんさんが好き,とても満足,10,名所が点在しており、ご飯も美味しい。
金沢エリア,金沢駅,2024/05/19 18:46:55,同意する,4泊以上,3泊,金沢エリア  （湯涌温泉、深谷温泉、犀川温泉など）,岐阜県,夫婦2人,"温泉や露天風呂, 地元の美味しいものを食べる, まちあるき、都市散策",自家用車,"自家用車, 徒歩",,,"10,000円以上 20,000円未満","3,000円以上 5,000円未満","20,000円以上 30,000円未満",初めて,"新聞・雑誌・ガイドブック, インターネット・アプリ, Instagram, 友人・知人",選択なし/該当施設なし,,兼六園,,"20,000円以上 30,000円未満",とても満足,自家用車で金沢に来ましたが、金沢の美味しいご飯が集まっているしお土産をたくさんあって楽しめました。,とても満足,とでも綺麗でよかった。,感じなかった,,10,,機会があれば行きたい,特になし。,女,1993,岩手県,盛岡市,"1,000万円以上 1,200万円未満",ひゃくまんさんが好き,とても満足,10,
金沢エリア,金沢駅,2024/06/13 9:19:35,同意する,4泊以上,4泊以上,金沢エリア  （湯涌温泉、深谷温泉、犀川温泉など）,石川県外には泊まらない,小学生以下連れの家族,"地元の美味しいものを食べる, 花見や紅葉などの自然鑑賞, 買い物、アウトレット",新幹線,"路線バス, 徒歩",とても満足,,"50,000円以上 100,000円未満","10,000円以上 20,000円未満","50,000円以上 100,000円未満",2～5回目,"TV・ラジオ番組やCM, 観光パンフレット・ポスター, 友人・知人",兼六園,,尾山神社,,"3,000円以上 5,000円未満",とても満足,,とても満足,,感じなかった,,10,,また行きたい（1年以内）,特になし,女,1986,神奈川県,横浜市神奈川区,300万円以上 400万円未満,"能登牛が当たる, 石川県の雑学を知りたい",とても満足,10,
金沢エリア,金沢駅,2024/06/13 13:20:49,同意する,4泊以上,4泊以上,金沢エリア  （湯涌温泉、深谷温泉、犀川温泉など）,石川県外には泊まらない,小学生以下連れの家族,"地元の美味しいものを食べる, 花見や紅葉などの自然鑑賞, テーマパーク（遊園地、動物園、博物館など）, 買い物、アウトレット, まちあるき、都市散策, 友人・親戚を訪ねる","新幹線, 在来線","路線バス, 新幹線",満足,バス停が宿泊地からは遠かった。山側環状にもバス停があると便利,使わない,"100,000円以上","100,000円以上",11回目以上,"インターネット・アプリ, 友人・知人",選択なし/該当施設なし,最初に金沢駅に来た,選択なし/該当施設なし,ぶどうの森、戸水屋、白山比咩神社,"100,000円以上",満足,自然を満喫できた,満足,授乳室がとても良かった,感じなかった,子連れで入れるお店がわからなかった。特に飲食店,9,地元の店のお弁当コーナーがあると良い,また行きたい（1年以内）,能登まで行きやすいとより良いと思った,男,1984,神奈川県,横浜市神奈川区,500万円以上 600万円未満,"能登牛が当たる, 石川県のおすすめ観光スポットが見たい, 石川県が地元なので少しでも役に立てればと思った",とても満足,8,ぶどうの森が良かった
金沢エリア,金沢駅,2024/06/15 13:47:09,同意する,1泊,1泊,金沢エリア  （湯涌温泉、深谷温泉、犀川温泉など）,福井県,自分ひとり,"宿でのんびり過ごす, 温泉や露天風呂",新幹線,"路線バス, 徒歩",どちらでもない,,"1,000円未満","1,000円未満","1,000円未満",初めて,インターネット・アプリ,選択なし/該当施設なし,,選択なし/該当施設なし,,"1,000円未満",満足,,満足,,感じなかった,,8,,機会があれば行きたい,なし,男,1970,東京都,北区堀船４−４−３−５０４,100万円未満,能登牛が当たる,満足,7,
金沢エリア,金沢中央観光案内所,2023/10/03 23:38:27,同意する,1泊,1泊,金沢エリア  （湯涌温泉、深谷温泉、犀川温泉など）,石川県外には泊まらない,団体旅行,出張など仕事関係,在来線,路線バス,とても満足,本数が多い,"10,000円以上 20,000円未満","10,000円以上 20,000円未満","10,000円以上 20,000円未満",初めて,"観光展・物産展, タクシードライバーや地元の人",近江町市場,金沢駅,兼六園,,使わない,とても満足,外国人も利用している,とても満足,綺麗ですね,感じなかった,,10,飲食やお土産はわからなかった,また行きたい（1年以内）,地元の野菜など使用,男,1970,三重県,四日市市,700万円以上 800万円未満,"能登牛が当たる, ひゃくまさんが好き, ひゃくまんさんの名刺をコレクションしている, 石川県のおすすめ観光スポットが見たい",,,英語のパンフもある
金沢エリア,金沢中央観光案内所,2023/10/09 15:32:04,同意する,1泊,1泊,金沢エリア  （湯涌温泉、深谷温泉、犀川温泉など）,石川県外には泊まらない,夫婦2人,"地元の美味しいものを食べる, 名所、旧跡の観光, お祭りやイベントへの参加・見物, まちあるき、都市散策","新幹線, 在来線","路線バス, 徒歩",とても満足,アクセスがよく、バスの運転手さんの案内が素晴らしかった,"10,000円以上 20,000円未満","10,000円以上 20,000円未満","30,000円以上 40,000円未満",初めて,観光協会等の案内所,尾山神社,,近江町市場,,"1,000円以上 3,000円未満",満足,快適空間でした,満足,案内が親切でした,感じなかった,,10,チケットの手配が色々とできると嬉しいです,また行きたい（1年以内）,お寿司、大好きです,男,1986,岐阜県,岐阜市,600万円以上 700万円未満,"能登牛が当たる, ひゃくまさんが好き, 石川県のおすすめ観光スポットが見たい, 石川県の雑学を知りたい",,,ご飯が美味しく、見るべき場所が多い
金沢エリア,金沢中央観光案内所,2023/10/15 10:41:29,同意する,1泊,石川県内には宿泊しない,石川県内には宿泊しない,富山県,夫婦2人,名所、旧跡の観光,新幹線,徒歩,,,使わない,"1,000円以上 3,000円未満","3,000円以上 5,000円未満",初めて,インターネット・アプリ,近江町市場,,兼六園,,使わない,どちらでもない,,どちらでもない,,感じなかった,,5,,どちらともいえない,海鮮,男,1970,東京都,杉並区,"1,000万円以上 1,200万円未満","ひゃくまさんが好き, 石川県のおすすめ観光スポットが見たい, 石川県の雑学を知りたい",,,
金沢エリア,金沢中央観光案内所,2023/10/25 0:30:43,同意する,1泊,石川県内には宿泊しない,石川県内には宿泊しない,長野県,夫婦2人,"地元の美味しいものを食べる, 名所、旧跡の観光, お祭りやイベントへの参加・見物, まちあるき、都市散策",新幹線,路線バス,どちらでもない,歩ける距離だったので歩いても良かったため,使わない,"10,000円以上 20,000円未満","10,000円以上 20,000円未満",初めて,たまたま通りかかった,選択なし/該当施設なし,道の駅内灘サンセットパーク,兼六園,,使わない,満足,金沢駅にはない観光情報誌があったため,満足,お手洗いが綺麗で良かったため,感じなかった,,8,金沢中央観光案内所でスタンプラリーの情報を知りました。先に知っていればする時間があったのに、夜にきたのが失敗でした。,また行きたい（1年以内）,寿司が前より高くなった気がする。,女,1978,神奈川県,横浜市,300万円以上 400万円未満,能登牛が当たる,,,海鮮が美味しいので寿司を勧めたい
金沢エリア,金沢中央観光案内所,2023/10/29 17:25:09,同意する,1泊,1泊,金沢エリア  （湯涌温泉、深谷温泉、犀川温泉など）,石川県外には泊まらない,友人,"地元の美味しいものを食べる, 名所、旧跡の観光, まちあるき、都市散策, 各種体験（手作り、果物狩りなど）",飛行機,路線バス,満足,空港リムジンバスで、到着後15分で出発するから。但し現金か地元の交通ICカードしか使えないのは不便。,"5,000円以上 10,000円未満","10,000円以上 20,000円未満","50,000円以上 100,000円未満",初めて,"新聞・雑誌・ガイドブック, TV・ラジオ番組やCM, 観光パンフレット・ポスター, インターネット・アプリ, X(旧：Twitter), Instagram",兼六園,,選択なし/該当施設なし,ホテルに戻る,使わない,どちらでもない,特に利用していない。スタンプがあるか知りたかったから。,どちらでもない,利用していないのでよくわからない,感じた,スタンプがない。,5,情報が知りたいので、特になし。,また行きたい（1年以内）,特になし。,女,1962,東京都,新宿区,700万円以上 800万円未満,"ひゃくまさんが好き, ARでひゃくまんさんと写真が撮りたかった",,,香林坊にあるので、なかなか使いずらい。
金沢エリア,金沢中央観光案内所,2023/10/30 9:25:28,同意する,日帰り,1泊,金沢エリア  （湯涌温泉、深谷温泉、犀川温泉など）,石川県外には泊まらない,自分ひとり,"花見や紅葉などの自然鑑賞, 名所、旧跡の観光, まちあるき、都市散策",県外から訪れていない（石川県内在住）,徒歩,,,使わない,"3,000円以上 5,000円未満","3,000円以上 5,000円未満",11回目以上,観光パンフレット・ポスター,選択なし/該当施設なし,,近江町市場,,使わない,とても満足,一人一人に合った提案されている点であったり、外国人観光客に対する接客が充実している点,満足,施設内は他の観光案内所とは異なり、体験設備が整っている点。改善してほしいのは、いしかわ百万石文化祭2023関連するパンフレット類が少ないため、ほしいイベントのチラシが手に入らない点,感じなかった,,8,和菓子,石川県在住,ご当地VTuberたまひめちゃんグッズ,男,2003,石川県,金沢市,100万円未満,"ひゃくまさんが好き, ARでひゃくまんさんと写真が撮りたかった, 石川県の雑学を知りたい",,,市内全域。日本中、数多なる城下町の中でも金沢は京都とは異なる文化いわば武家文化をもち、地元の市民一人一人が金沢に誇りを持って日々の生活を送っている点
金沢エリア,金沢中央観光案内所,2023/11/11 15:31:05,同意する,2泊,2泊,金沢エリア  （湯涌温泉、深谷温泉、犀川温泉など）,石川県外には泊まらない,自分ひとり,"地元の美味しいものを食べる, 花見や紅葉などの自然鑑賞, 名所、旧跡の観光, 友人・親戚を訪ねる",在来線,"路線バス, 徒歩",とても満足,特になし,"10,000円以上 20,000円未満","10,000円以上 20,000円未満","3,000円以上 5,000円未満",2～5回目,前から知っていた,尾山神社,金沢城　しいのき迎賓館　石浦神社,選択なし/該当施設なし,,使わない,とても満足,,とても満足,雰囲気がよかった,感じなかった,,10,,また行きたい（1年以内）,特になし,女,1979,兵庫県,姫路市,100万円以上 200万円未満,"ひゃくまさんが好き, ARでひゃくまんさんと写真が撮りたかった, ひゃくまんさんの名刺をコレクションしている, 動く３Dひゃくまんさんを見たい",,,好きな場所だから
金沢エリア,金沢中央観光案内所,2023/11/16 23:58:42,同意する,1泊,1泊,金沢エリア  （湯涌温泉、深谷温泉、犀川温泉など）,石川県外には泊まらない,職場の同僚,"地元の美味しいものを食べる, 名所、旧跡の観光, 各種体験（手作り、果物狩りなど）, 出張など仕事関係",新幹線,路線バス,どちらでもない,バス停がわかりにくい,"10,000円以上 20,000円未満","1,000円以上 3,000円未満","5,000円以上 10,000円未満",初めて,看板,尾山神社,,ひがし茶屋街,,使わない,どちらでもない,,どちらでもない,,感じなかった,,5,,機会があれば行きたい,朝ごはんを食べられる情報をもっと欲しかった,女,1980,東京都,世田谷区,"1,000万円以上 1,200万円未満",能登牛が当たる,,,
金沢エリア,金沢中央観光案内所,2023/11/18 22:54:46,同意する,2泊,1泊,金沢エリア  （湯涌温泉、深谷温泉、犀川温泉など）,福井県,小学生以下連れの家族,"地元の美味しいものを食べる, 名所、旧跡の観光, まちあるき、都市散策, 各種体験（手作り、果物狩りなど）",新幹線,路線バス,とても満足,本数が多い,"10,000円以上 20,000円未満","5,000円以上 10,000円未満","10,000円以上 20,000円未満",初めて,通りすがり,近江町市場,,尾山神社,,"1,000円未満",とても満足,パンフが多い,とても満足,トイレが使いやすい,感じなかった,,9,ポストカードなどがあると良かった,また行きたい（1年以内）,和菓子などのレベルが高い。金澤プリンのお店が良かった。レターセットやクラフトキットなどが欲しい,女,1972,千葉県,浦安市,"1,200万円以上 1,500万円未満",ひゃくまさんが好き,,,
金沢エリア,金沢中央観光案内所,2023/11/22 20:11:44,同意する,1泊,1泊,金沢エリア  （湯涌温泉、深谷温泉、犀川温泉など）,石川県外には泊まらない,恋人,"地元の美味しいものを食べる, 花見や紅葉などの自然鑑賞, 名所、旧跡の観光, テーマパーク（遊園地、動物園、博物館など）, まちあるき、都市散策",在来線,路線バス,満足,在来線との接続が良く、混雑していなかったから,"10,000円以上 20,000円未満","10,000円以上 20,000円未満","5,000円以上 10,000円未満",初めて,"観光パンフレット・ポスター, インターネット・アプリ",尾山神社,,金沢21世紀美術館,,"1,000円以上 3,000円未満",とても満足,行きたい施設がたくさんあったから,とても満足,建物がきれい,感じなかった,,10,,また行きたい（1年以内）,地酒、のどぐろ,女,1997,京都府,京都市,300万円以上 400万円未満,ARでひゃくまんさんと写真が撮りたかった,,,対応が親切
金沢エリア,金沢中央観光案内所,2023/11/23 21:47:56,同意する,2泊,1泊,金沢エリア  （湯涌温泉、深谷温泉、犀川温泉など）,富山県,夫婦2人,地元の美味しいものを食べる,自家用車,徒歩,,,"3,000円以上 5,000円未満","3,000円以上 5,000円未満","20,000円以上 30,000円未満",初めて,新聞・雑誌・ガイドブック,選択なし/該当施設なし,,選択なし/該当施設なし,,使わない,満足,,満足,,感じなかった,,7,,機会があれば行きたい,ガスエビが食べたい！,女,1978,大阪府,大阪市,"1,200万円以上 1,500万円未満",能登牛が当たる,,,
金沢エリア,金沢中央観光案内所,2023/11/24 7:56:13,同意する,1泊,1泊,金沢エリア  （湯涌温泉、深谷温泉、犀川温泉など）,石川県外には泊まらない,夫婦2人,"温泉や露天風呂, 地元の美味しいものを食べる, 名所、旧跡の観光",在来線,徒歩,,,"5,000円以上 10,000円未満",使わない,"10,000円以上 20,000円未満",2～5回目,歩いてる時に偶然見つけました,兼六園,,近江町市場,,"1,000円未満",満足,,満足,,感じなかった,,10,とくになし,機会があれば行きたい,とくになし,女,1970,長崎県,対馬市,100万円以上 200万円未満,ひゃくまさんが好き,,,施設の清潔感、パンフレットが充実している、案内の方が丁寧
金沢エリア,金沢中央観光案内所,2023/11/25 11:45:51,同意する,1泊,1泊,金沢エリア  （湯涌温泉、深谷温泉、犀川温泉など）,石川県外には泊まらない,夫婦2人,"地元の美味しいものを食べる, 名所、旧跡の観光",飛行機,徒歩,,,"10,000円以上 20,000円未満","10,000円以上 20,000円未満","30,000円以上 40,000円未満",初めて,たまたま通りかかった,近江町市場,,兼六園,,"1,000円未満",満足,バス一日券が買えた。,満足,,感じた,利便性,10,,また行きたい（1年以内）,近江市場の人流が悪すぎる,男,1985,東京都,文京区,"900万円以上 1,000万円未満",ひゃくまさんが好き,,,コンパクトで観光しやすい。景観が良い
金沢エリア,金沢中央観光案内所,2023/11/26 15:07:12,同意する,2泊,2泊,金沢エリア  （湯涌温泉、深谷温泉、犀川温泉など）,石川県外には泊まらない,夫婦2人,"宿でのんびり過ごす, 地元の美味しいものを食べる, 花見や紅葉などの自然鑑賞, 名所、旧跡の観光, まちあるき、都市散策, 各種体験（手作り、果物狩りなど）",新幹線,徒歩,,,"40,000円以上 50,000円未満","40,000円以上 50,000円未満","40,000円以上 50,000円未満",初めて,インターネット・アプリ,近江町市場,,ひがし茶屋街,,"1,000円以上 3,000円未満",満足,バスの行き先が分かりづらかった,とても満足,とても親切な女性にお会いできたので,感じなかった,,10,モデルコースなどがあればとても良かったと思いました。,機会があれば行きたい,特になし,女,1974,千葉県,松戸市,500万円以上 600万円未満,石川県のおすすめ観光スポットが見たい,,,バスの1日フリーパスが購入できる
金沢エリア,金沢中央観光案内所,2023/11/27 11:52:06,同意する,2泊,2泊,金沢エリア  （湯涌温泉、深谷温泉、犀川温泉など）,石川県外には泊まらない,恋人,"宿でのんびり過ごす, まちあるき、都市散策",在来線,徒歩,,,"10,000円以上 20,000円未満","1,000円未満","30,000円以上 40,000円未満",2～5回目,友人・知人,兼六園,,ひがし茶屋街,,使わない,とても満足,,どちらでもない,偶々寄っただけだから,感じなかった,,8,,また行きたい（1年以内）,特になし,男,2002,兵庫県,西宮市,800万円以上 900万円未満,"ARでひゃくまんさんと写真が撮りたかった, なんとなく",,,
金沢エリア,金沢中央観光案内所,2023/11/30 0:47:23,同意する,3泊,3泊,金沢エリア  （湯涌温泉、深谷温泉、犀川温泉など）,石川県外には泊まらない,自分ひとり,"宿でのんびり過ごす, 地元の美味しいものを食べる, 花見や紅葉などの自然鑑賞, まちあるき、都市散策, 友人・親戚を訪ねる",飛行機,徒歩,,,"50,000円以上 100,000円未満","10,000円以上 20,000円未満","50,000円以上 100,000円未満",初めて,"観光パンフレット・ポスター, Instagram",尾山神社,,選択なし/該当施設なし,,"1,000円未満",満足,,満足,,感じなかった,,8,,また行きたい（1年以内）,金沢おでん、スイーツ,男,1974,東京都,世田谷区,300万円以上 400万円未満,"ひゃくまさんが好き, 石川県のおすすめ観光スポットが見たい",,,
金沢エリア,金沢中央観光案内所,2023/12/05 10:17:10,同意する,1泊,1泊,金沢エリア  （湯涌温泉、深谷温泉、犀川温泉など）,石川県外には泊まらない,夫婦2人,"宿でのんびり過ごす, 地元の美味しいものを食べる, 買い物、アウトレット, まちあるき、都市散策",自家用車,"自家用車, 徒歩",,,"5,000円以上 10,000円未満","1,000円以上 3,000円未満","10,000円以上 20,000円未満",2～5回目,観光協会等の案内所,選択なし/該当施設なし,アトリオ大和,尾山神社,,"5,000円以上 10,000円未満",満足,スムーズにチケットを購入出来ました,満足,チケットを買っただけなので特に問題なかったです,感じなかった,,8,充実していますので、特に問題ないです,石川県在住,おでんは少しお高めなんですね,女,1962,石川県,加賀市,500万円以上 600万円未満,能登牛が当たる,,,金沢の料理店、ホテル、街歩き全てが洗練されてます
金沢エリア,金沢中央観光案内所,2023/12/10 12:14:14,同意する,2泊,1泊,金沢エリア  （湯涌温泉、深谷温泉、犀川温泉など）,東京赤羽,恋人,"地元の美味しいものを食べる, 名所、旧跡の観光","新幹線, 飛行機","路線バス, 徒歩",とても満足,便利バスもたくさん走ってる徒歩でまわれる,"5,000円以上 10,000円未満","20,000円以上 30,000円未満","10,000円以上 20,000円未満",初めて,"新聞・雑誌・ガイドブック, 観光パンフレット・ポスター, インターネット・アプリ, 友人・知人",兼六園,,選択なし/該当施設なし,,使わない,どちらでもない,,とても満足,清潔キレイ北陸や石川県のことがすべてわかる,感じなかった,,10,美味しいお食事とお酒に大満足でした。大人旅ができました,また行きたい（1年以内）,金箔お茶、海鮮物、金箔ソフトクリーム金沢おでん,女,1970,愛媛県,松山市,800万円以上 900万円未満,"能登牛が当たる, 石川県のおすすめ観光スポットが見たい",,,大きな整備されている街並み
金沢エリア,金沢中央観光案内所,2023/12/11 8:05:10,同意する,日帰り,石川県内には宿泊しない,石川県内には宿泊しない,石川県外には泊まらない,友人,地元の美味しいものを食べる,県外から訪れていない（石川県内在住）,路線バス,とても満足,,使わない,"1,000円未満","1,000円以上 3,000円未満",2～5回目,新聞・雑誌・ガイドブック,金沢21世紀美術館,,尾山神社,,使わない,とても満足,,とても満足,,感じなかった,,10,,石川県在住,特になし,女,1978,石川県,金沢市,100万円未満,ひゃくまさんが好き,,,
金沢エリア,金沢中央観光案内所,2023/12/13 18:52:54,同意する,2泊,1泊,金沢エリア  （湯涌温泉、深谷温泉、犀川温泉など）,長野県,自分ひとり,"地元の美味しいものを食べる, 名所、旧跡の観光, まちあるき、都市散策","新幹線, 在来線",徒歩,,,"5,000円以上 10,000円未満","5,000円以上 10,000円未満","5,000円以上 10,000円未満",初めて,"観光展・物産展, 観光パンフレット・ポスター, 観光連盟やDMOのHP, インターネット・アプリ",近江町市場,,尾山神社,,使わない,とても満足,金沢をはじめ石川県全体の観光情報が入手できた。,とても満足,施設自体が広く、落ち着いた雰囲気で良かった。,感じなかった,,9,所在地が少しわかりづらいので、もっと外観を分かりやすくして欲しい。,また行きたい（1年以内）,グルメが魅力なので、飲食店情報をもっとわかりやすく開示して欲しい。,男,1971,愛知県,名古屋市,"1,200万円以上 1,500万円未満","ひゃくまさんが好き, ARでひゃくまんさんと写真が撮りたかった, 石川県のおすすめ観光スポットが見たい, 石川県の雑学を知りたい",,,食事も美味しく、金沢は駅から徒歩圏内で色々な観光スポットがあるので、健康づくりを兼ねた散策が可能で、自分もまた来たいと思った。
金沢エリア,金沢中央観光案内所,2023/12/14 22:37:01,同意する,2泊,2泊,金沢エリア  （湯涌温泉、深谷温泉、犀川温泉など）,石川県外には泊まらない,夫婦、成人している子供2人,"温泉や露天風呂, 地元の美味しいものを食べる, 名所、旧跡の観光, テーマパーク（遊園地、動物園、博物館など）, まちあるき、都市散策",新幹線,"路線バス, 徒歩",とても満足,観光地に路線バスで楽に行ける,"20,000円以上 30,000円未満","20,000円以上 30,000円未満","10,000円以上 20,000円未満",初めて,"新聞・雑誌・ガイドブック, 観光パンフレット・ポスター, タクシードライバーや地元の人",ひがし茶屋街,,尾山神社,,使わない,とても満足,情報収集ができたから,とても満足,感じも良く、キレイで落ち着く雰囲気,感じなかった,,10,,また行きたい（1年以内）,特になし,女,1972,山形県,鶴岡市,100万円以上 200万円未満,"ひゃくまさんが好き, 石川県のおすすめ観光スポットが見たい",,,観光施設、食べ物、街並みが素晴らしい
金沢エリア,金沢中央観光案内所,2023/12/16 10:55:56,同意する,2泊,2泊,金沢エリア  （湯涌温泉、深谷温泉、犀川温泉など）,石川県外には泊まらない,友人,地元の美味しいものを食べる,新幹線,徒歩,,,"10,000円以上 20,000円未満","20,000円以上 30,000円未満","50,000円以上 100,000円未満",2～5回目,観光パンフレット・ポスター,尾山神社,,近江町市場,,使わない,満足,,満足,,感じなかった,,10,,また行きたい（1年以内）,今年は今回で3度目の金沢旅行です。首都圏からだと新幹線で気軽に来れる距離感が魅力的です。香箱がにの時期は必須！来年も必ず来ます。,女,1971,神奈川県,横浜市,400万円以上 500万円未満,能登牛が当たる,,,
金沢エリア,金沢中央観光案内所,2023/12/16 10:58:18,同意する,2泊,2泊,金沢エリア  （湯涌温泉、深谷温泉、犀川温泉など）,石川県外には泊まらない,友人,"宿でのんびり過ごす, 地元の美味しいものを食べる",新幹線,"タクシー, 路線バス, 徒歩",どちらでもない,,"10,000円以上 20,000円未満","30,000円以上 40,000円未満","30,000円以上 40,000円未満",2～5回目,観光展・物産展,尾山神社,,近江町市場,,使わない,満足,,満足,,感じなかった,,10,,また行きたい（1年以内）,食べ物かとても美味しい,女,1969,東京都,新宿区,800万円以上 900万円未満,"能登牛が当たる, ひゃくまさんが好き",,,
金沢エリア,金沢中央観光案内所,2023/12/16 20:01:54,同意する,1泊,1泊,金沢エリア  （湯涌温泉、深谷温泉、犀川温泉など）,石川県外には泊まらない,夫婦2人,"地元の美味しいものを食べる, 名所、旧跡の観光, 友人・親戚を訪ねる",新幹線,徒歩,,,"10,000円以上 20,000円未満","10,000円以上 20,000円未満","20,000円以上 30,000円未満",初めて,"TV・ラジオ番組やCM, 観光パンフレット・ポスター, Instagram",尾山神社,,選択なし/該当施設なし,,使わない,どちらでもない,雨宿りに利用したので。,どちらでもない,,感じなかった,,10,,また行きたい（1年以内）,金沢おでんのメジャー化,女,1984,埼玉県,さいたま市,400万円以上 500万円未満,能登牛が当たる,,,
金沢エリア,金沢中央観光案内所,2023/12/17 12:44:15,同意する,日帰り,石川県内には宿泊しない,石川県内には宿泊しない,石川県外には泊まらない,夫婦2人,"地元の美味しいものを食べる, 名所、旧跡の観光, まちあるき、都市散策",県外から訪れていない（石川県内在住）,"路線バス, 徒歩",とても満足,運転手さんが丁寧で好感が持てた。,使わない,"1,000円以上 3,000円未満","3,000円以上 5,000円未満",2～5回目,友人・知人,尾山神社,,尾山神社,,"1,000円未満",とても満足,親切、丁寧、きれい、上品,とても満足,きれい,感じなかった,,10,土産物を売ってほしい,また行きたい（1年以内）,特になし,女,1959,石川県,金沢市,700万円以上 800万円未満,"能登牛が当たる, 石川県のおすすめ観光スポットが見たい",,,グルメ、高品質だから
金沢エリア,金沢中央観光案内所,2023/12/17 14:58:47,同意する,日帰り,石川県内には宿泊しない,石川県内には宿泊しない,日帰り,夫婦2人,"地元の美味しいものを食べる, かに面",在来線,自家用車,,,"30,000円以上 40,000円未満","10,000円以上 20,000円未満","10,000円以上 20,000円未満",初めて,観光パンフレット・ポスター,金沢21世紀美術館,,近江町市場,,使わない,満足,たくさんの情報,満足,きれい,感じなかった,,9,,機会があれば行きたい,特になし,女,1975,愛知県,名古屋市,400万円以上 500万円未満,能登牛が当たる,,,街並み
金沢エリア,金沢中央観光案内所,2023/12/17 16:47:37,同意する,1泊,1泊,金沢エリア  （湯涌温泉、深谷温泉、犀川温泉など）,石川県外には泊まらない,恋人,"地元の美味しいものを食べる, 名所、旧跡の観光, お祭りやイベントへの参加・見物",在来線,"路線バス, 徒歩",満足,,"5,000円以上 10,000円未満","1,000円以上 3,000円未満","10,000円以上 20,000円未満",初めて,"観光パンフレット・ポスター, 観光連盟やDMOのHP",兼六園,,金沢21世紀美術館,,使わない,満足,,満足,,感じなかった,,10,,また行きたい（1年以内）,ひゃくまんさんのグッズが増えると嬉しいです,女,1996,三重県,員弁郡東員町,100万円以上 200万円未満,ひゃくまさんが好き,,,
金沢エリア,金沢中央観光案内所,2023/12/18 15:30:38,同意する,1泊,1泊,金沢エリア  （湯涌温泉、深谷温泉、犀川温泉など）,石川県外には泊まらない,夫婦2人,"地元の美味しいものを食べる, 名所、旧跡の観光",在来線,徒歩,,,"20,000円以上 30,000円未満","10,000円以上 20,000円未満","10,000円以上 20,000円未満",2～5回目,観光パンフレット・ポスター,尾山神社,,尾山神社,,"5,000円以上 10,000円未満",満足,,満足,,感じなかった,,8,,また行きたい（1年以内）,特になし,女,1955,滋賀県,大津市,300万円以上 400万円未満,能登牛が当たる,,,
金沢エリア,金沢中央観光案内所,2023/12/18 16:19:09,同意する,1泊,1泊,金沢エリア  （湯涌温泉、深谷温泉、犀川温泉など）,石川県外には泊まらない,友人,"地元の美味しいものを食べる, 名所、旧跡の観光, 各種体験（手作り、果物狩りなど）",新幹線,路線バス,とても満足,路線バスが便利で助かります。お天気が良ければレンタサイクルも利用したいと思いました。,"10,000円以上 20,000円未満","10,000円以上 20,000円未満","50,000円以上 100,000円未満",初めて,ホテルの近くにあったから,金沢21世紀美術館,,近江町市場,,使わない,満足,ひゃくまんさんのカードもらいました,満足,ひゃくまんさんの九谷焼がありました,感じなかった,,10,,機会があれば行きたい,伝統と現代が融合している街なので、受動的に歴史に触れる機会があるといいなと思いました。,女,1985,茨城県,猿島郡境町,500万円以上 600万円未満,ひゃくまさんが好き,,,金沢に観光に来たのは2回目ですが、街が小さくてバスがたくさん走っていて短い時間で楽しめるので好きです。
金沢エリア,金沢中央観光案内所,2023/12/20 10:57:38,同意する,1泊,1泊,金沢エリア  （湯涌温泉、深谷温泉、犀川温泉など）,石川県外には泊まらない,恋人,地元の美味しいものを食べる,新幹線,"タクシー, 徒歩",満足,タクシーがすぐ見つけられる,"5,000円以上 10,000円未満","20,000円以上 30,000円未満","10,000円以上 20,000円未満",初めて,タクシードライバーや地元の人,兼六園,,ひがし茶屋街,,"10,000円以上 20,000円未満",どちらでもない,,とても満足,綺麗,感じなかった,,10,,また行きたい（1年以内）,特になし,女,1997,千葉県,船橋市,400万円以上 500万円未満,能登牛が当たる,,,とても美味しいものが揃ってる
金沢エリア,金沢中央観光案内所,2023/12/20 11:05:59,同意する,1泊,1泊,金沢エリア  （湯涌温泉、深谷温泉、犀川温泉など）,石川県外には泊まらない,親,"地元の美味しいものを食べる, 名所、旧跡の観光, 買い物、アウトレット",旅行会社ツアーバス,徒歩,どちらでもない,風雨,"10,000円以上 20,000円未満","10,000円以上 20,000円未満","10,000円以上 20,000円未満",初めて,偶然の立ち寄り,尾山神社,,近江町市場,,使わない,満足,パンフレットを沢山頂いた,満足,静かだった,感じなかった,,7,,機会があれば行きたい,近江町市場の従業員の愛想の無さが気になる,男,1958,愛知県,名古屋市,100万円未満,"石川県の雑学を知りたい, なんとなく",,,魚の新鮮さ
金沢エリア,金沢中央観光案内所,2023/12/21 19:07:57,同意する,2泊,1泊,金沢エリア  （湯涌温泉、深谷温泉、犀川温泉など）,京都,夫婦2人,"地元の美味しいものを食べる, 名所、旧跡の観光","新幹線, 在来線",徒歩,,,"5,000円以上 10,000円未満","10,000円以上 20,000円未満","5,000円以上 10,000円未満",初めて,歩いていたらあった,選択なし/該当施設なし,,兼六園,,使わない,どちらでもない,,どちらでもない,,感じなかった,,5,,機会があれば行きたい,子供でも楽しめるところがあれば良い,女,1987,静岡県,浜松市,800万円以上 900万円未満,"能登牛が当たる, なんとなく",,,
金沢エリア,金沢中央観光案内所,2023/12/23 18:32:54,同意する,2泊,2泊,金沢エリア  （湯涌温泉、深谷温泉、犀川温泉など）,石川県外には泊まらない,友人,"地元の美味しいものを食べる, 名所、旧跡の観光, まちあるき、都市散策",新幹線,"路線バス, 徒歩",満足,100円で搭乗できた,"10,000円以上 20,000円未満","30,000円以上 40,000円未満","30,000円以上 40,000円未満",初めて,"新聞・雑誌・ガイドブック, 友人・知人",近江町市場,,選択なし/該当施設なし,,使わない,満足,丁寧に声掛けをいただいた,満足,,感じなかった,,7,,また行きたい（1年以内）,特になし,女,1970,東京都,杉並区,"1,200万円以上 1,500万円未満",能登牛が当たる,,,
金沢エリア,金沢中央観光案内所,2023/12/23 21:39:35,同意する,3泊,3泊,金沢エリア  （湯涌温泉、深谷温泉、犀川温泉など）,石川県外には泊まらない,自分ひとり,"温泉や露天風呂, 地元の美味しいものを食べる, 名所、旧跡の観光, まちあるき、都市散策",新幹線,徒歩,,,"20,000円以上 30,000円未満","20,000円以上 30,000円未満","5,000円以上 10,000円未満",初めて,Google Maps,金沢21世紀美術館,,兼六園,,使わない,満足,,満足,,感じなかった,,8,芸能鑑賞ができるとは知らなかった。旅程の始めのほうでここにくるべきだったかも。,また行きたい（1年以内）,一般に、金沢は雨が多いことがデメリットとされているが、雨を楽しむグッズやサービスがあれば面白い,男,1977,東京都,渋谷区,100万円未満,金沢を楽しめた,,,県立図書館、革新的
金沢エリア,金沢中央観光案内所,2023/12/24 16:07:27,同意する,1泊,1泊,金沢エリア  （湯涌温泉、深谷温泉、犀川温泉など）,石川県外には泊まらない,恋人,"宿でのんびり過ごす, 名所、旧跡の観光, まちあるき、都市散策",在来線,路線バス,どちらでもない,ICカードに対応していないから,"10,000円以上 20,000円未満","10,000円以上 20,000円未満","10,000円以上 20,000円未満",初めて,歩いていたら発見した,ひがし茶屋街,,尾山神社,,使わない,とても満足,トイレが綺麗,とても満足,トイレが綺麗,感じなかった,,10,,また行きたい（1年以内）,海鮮料理が多いのでジビエや肉料理のアピールをもってしてみてはどうか,男,1995,大阪府,大阪市,400万円以上 500万円未満,能登牛が当たる,,,毎年金沢に旅行に来ていて来るたびに新しい発見があるから
金沢エリア,金沢中央観光案内所,2023/12/25 10:10:01,同意する,1泊,1泊,金沢エリア  （湯涌温泉、深谷温泉、犀川温泉など）,石川県外には泊まらない,自分ひとり,"名所、旧跡の観光, 各種体験（手作り、果物狩りなど）",在来線,路線バス,とても満足,,"5,000円以上 10,000円未満","20,000円以上 30,000円未満","5,000円以上 10,000円未満",6～10回目,"観光展・物産展, 新聞・雑誌・ガイドブック, 観光パンフレット・ポスター, 観光連盟やDMOのHP, インターネット・アプリ, X(旧：Twitter), Instagram, 友人・知人, 観光協会等の案内所",尾山神社,,ひがし茶屋街,,使わない,満足,,満足,,感じなかった,,10,,また行きたい（1年以内）,海産物,女,1976,京都府,木津川市,600万円以上 700万円未満,なんとなく,,,
金沢エリア,金沢中央観光案内所,2023/12/25 15:03:10,同意する,1泊,1泊,金沢エリア  （湯涌温泉、深谷温泉、犀川温泉など）,石川県外には泊まらない,自分ひとり,"宿でのんびり過ごす, 地元の美味しいものを食べる, 名所、旧跡の観光",旅行会社ツアーバス,徒歩,,,"10,000円以上 20,000円未満","1,000円以上 3,000円未満","1,000円以上 3,000円未満",2～5回目,観光パンフレット・ポスター,尾山神社,,兼六園,成巽閣,"1,000円以上 3,000円未満",満足,皆さんに親切で、また来たいと思う,満足,スペースが広くてゆったり観られる,感じなかった,,10,満足している、このまま,また行きたい（1年以内）,な,女,1949,愛知県,名古屋市,100万円以上 200万円未満,"能登牛が当たる, ひゃくまさんが好き, 石川県のおすすめ観光スポットが見たい",,,美術館や博物館が素晴らしい
金沢エリア,金沢中央観光案内所,2023/12/26 7:31:42,同意する,日帰り,石川県内には宿泊しない,石川県内には宿泊しない,石川県外には泊まらない,自分ひとり,買い物、アウトレット,飛行機,徒歩,,,使わない,"1,000円以上 3,000円未満","10,000円以上 20,000円未満",2～5回目,X(旧：Twitter),近江町市場,,尾山神社,,使わない,満足,,満足,,感じなかった,,10,,また行きたい（1年以内）,蓮ノ空女学院スクールアイドルクラブとの更なる連携,男,1992,神奈川県,相模原市,500万円以上 600万円未満,なんとなく,,,
金沢エリア,金沢中央観光案内所,2023/12/26 19:13:42,同意する,3泊,3泊,金沢エリア  （湯涌温泉、深谷温泉、犀川温泉など）,岐阜県,友人,"名所、旧跡の観光, まちあるき、都市散策",新幹線,徒歩,,,"5,000円以上 10,000円未満","10,000円以上 20,000円未満","10,000円以上 20,000円未満",初めて,観光協会等の案内所,金沢21世紀美術館,,尾山神社,,使わない,満足,,満足,,感じなかった,,9,,機会があれば行きたい,特になし,女,1996,東京都,葛飾区,100万円未満,能登牛が当たる,,,
金沢エリア,金沢中央観光案内所,2023/12/26 19:17:55,同意する,3泊,3泊,金沢エリア  （湯涌温泉、深谷温泉、犀川温泉など）,岐阜県,友人,"地元の美味しいものを食べる, 名所、旧跡の観光",新幹線,徒歩,,,"5,000円以上 10,000円未満","10,000円以上 20,000円未満","10,000円以上 20,000円未満",初めて,友人・知人,兼六園,きれいです,ひがし茶屋街,楽しいです,使わない,満足,So many useful information ,満足,Long service time ,感じなかった,,8,Everything is good ,機会があれば行きたい,特になし,女,1994,東京都,足立区,100万円未満,"能登牛が当たる, ARでひゃくまんさんと写真が撮りたかった, 石川県のおすすめ観光スポットが見たい",,,It’s easy to go many places 
金沢エリア,金沢中央観光案内所,2023/12/27 0:55:51,同意する,1泊,1泊,金沢エリア  （湯涌温泉、深谷温泉、犀川温泉など）,石川県外には泊まらない,姉妹,地元の美味しいものを食べる,新幹線,自家用車,とても満足,ご飯がおいしかった,"30,000円以上 40,000円未満","30,000円以上 40,000円未満","20,000円以上 30,000円未満",2～5回目,"新聞・雑誌・ガイドブック, Instagram",ひがし茶屋街,,近江町市場,,"20,000円以上 30,000円未満",とても満足,食べ歩き,とても満足,,感じなかった,,8,,また行きたい（1年以内）,特になし,女,1996,兵庫県,尼崎市,300万円以上 400万円未満,能登牛が当たる,,,
金沢エリア,金沢中央観光案内所,2023/12/27 18:18:41,同意する,4泊以上,3泊,石川県内には宿泊しない,福井県,親,"宿でのんびり過ごす, 名所、旧跡の観光, 各種体験（手作り、果物狩りなど）",新幹線,徒歩,とても満足,,"40,000円以上 50,000円未満","5,000円以上 10,000円未満","50,000円以上 100,000円未満",初めて,"観光展・物産展, 新聞・雑誌・ガイドブック, TV・ラジオ番組やCM, Instagram, Facebook, 友人・知人",近江町市場,,兼六園,,"50,000円以上 100,000円未満",とても満足,,とても満足,,感じた,,10,,また行きたい（1年以内）,Very very very goooddddd,女,2000,大阪府,大阪市,100万円未満,能登牛が当たる,,,
金沢エリア,金沢中央観光案内所,2023/12/28 16:42:17,同意する,2泊,2泊,金沢エリア  （湯涌温泉、深谷温泉、犀川温泉など）,石川県外には泊まらない,恋人,"宿でのんびり過ごす, 地元の美味しいものを食べる",新幹線,徒歩,,,"40,000円以上 50,000円未満","20,000円以上 30,000円未満","20,000円以上 30,000円未満",初めて,お手洗い借りました,尾山神社,,近江町市場,,"1,000円以上 3,000円未満",どちらでもない,,とても満足,綺麗でした,感じなかった,,10,,また行きたい（1年以内）,海鮮,女,1977,東京都,八王子市,200万円以上 300万円未満,能登牛が当たる,,,美味しい街です
金沢エリア,金沢中央観光案内所,2023/12/28 22:03:44,同意する,1泊,1泊,金沢エリア  （湯涌温泉、深谷温泉、犀川温泉など）,石川県外には泊まらない,自分ひとり,"名所、旧跡の観光, まちあるき、都市散策",旅行会社ツアーバス,"路線バス, 徒歩",満足,金沢観光ルートバスが、とても良かった,"10,000円以上 20,000円未満","3,000円以上 5,000円未満","1,000円以上 3,000円未満",初めて,"観光パンフレット・ポスター, インターネット・アプリ",金沢21世紀美術館,,兼六園,,"3,000円以上 5,000円未満",とても満足,綺麗に金沢の良さを飾ってあり、見やすい,とても満足,建物は、綺麗で、広いスペースで、のんびり金沢の,感じなかった,,10,,また行きたい（1年以内）,城下町の品のある食材、色合い良かった,女,1958,愛知県,名古屋市,400万円以上 500万円未満,"能登牛が当たる, ひゃくまさんが好き, 石川県のおすすめ観光スポットが見たい",,,雪の金沢
金沢エリア,金沢中央観光案内所,2023/12/29 12:09:02,同意する,1泊,2泊,金沢エリア  （湯涌温泉、深谷温泉、犀川温泉など）,福井県,夫婦2人,"温泉や露天風呂, 地元の美味しいものを食べる, 名所、旧跡の観光",自家用車,"路線バス, 徒歩",満足,便利,"10,000円以上 20,000円未満","3,000円以上 5,000円未満","10,000円以上 20,000円未満",初めて,観光協会等の案内所,近江町市場,,金沢21世紀美術館,,使わない,とても満足,,とても満足,,感じなかった,,10,,機会があれば行きたい,海鮮,女,1971,香川県,高松市,400万円以上 500万円未満,"能登牛が当たる, 石川県のおすすめ観光スポットが見たい, なんとなく",,,
金沢エリア,金沢中央観光案内所,2023/12/29 13:02:27,同意する,1泊,1泊,金沢エリア  （湯涌温泉、深谷温泉、犀川温泉など）,富山県,親,"地元の美味しいものを食べる, 名所、旧跡の観光",在来線,"路線バス, 徒歩",,,"3,000円以上 5,000円未満","5,000円以上 10,000円未満","10,000円以上 20,000円未満",初めて,新聞・雑誌・ガイドブック,兼六園,,近江町市場,,"5,000円以上 10,000円未満",満足,,満足,,感じなかった,,9,,機会があれば行きたい,蟹、牡蠣が食べられるところを増やしてほしい。,女,2004,愛知県,名古屋市,800万円以上 900万円未満,"能登牛が当たる, ひゃくまさんが好き, 石川県のおすすめ観光スポットが見たい",,,
金沢エリア,金沢中央観光案内所,2023/12/29 13:03:19,同意する,1泊,1泊,金沢エリア  （湯涌温泉、深谷温泉、犀川温泉など）,石川県外には泊まらない,親,地元の美味しいものを食べる,在来線,徒歩,,,"1,000円以上 3,000円未満","1,000円以上 3,000円未満","20,000円以上 30,000円未満",初めて,"観光展・物産展, 新聞・雑誌・ガイドブック",選択なし/該当施設なし,,選択なし/該当施設なし,,使わない,満足,,満足,,感じなかった,,6,,機会があれば行きたい,特になし,男,2007,愛知県,名古屋市,"1,200万円以上 1,500万円未満",なんとなく,,,
金沢エリア,金沢中央観光案内所,2023/12/29 14:11:57,同意する,4泊以上,4泊以上,金沢エリア  （湯涌温泉、深谷温泉、犀川温泉など）,石川県外には泊まらない,小学生以下連れの家族,"宿でのんびり過ごす, 地元の美味しいものを食べる, 名所、旧跡の観光",新幹線,徒歩,,,"100,000円以上","1,000円以上 3,000円未満","20,000円以上 30,000円未満",2～5回目,インターネット・アプリ,尾山神社,,選択なし/該当施設なし,今日帰るため,使わない,とても満足,Fのさかなのパンフレットが良かった,とても満足,ゆっくりできる,感じなかった,,10,フリードリンクがあってもいいかなと思う,また行きたい（1年以内）,特になし,女,1983,神奈川県,横浜市,"900万円以上 1,000万円未満",ボランティアの人が素晴らしく、ほかの県にはない良さだと思ったから。他の人にもすすめたいと思う。,,,ボランティアの人がとてもくわしく、コミュニケーション能力が高く、話していて楽しいため
金沢エリア,金沢中央観光案内所,2023/12/30 0:05:07,同意する,3泊,3泊,金沢エリア  （湯涌温泉、深谷温泉、犀川温泉など）,石川県外には泊まらない,親,"温泉や露天風呂, 地元の美味しいものを食べる, 名所、旧跡の観光, まちあるき、都市散策","新幹線, 在来線","路線バス, 徒歩",満足,,"20,000円以上 30,000円未満","30,000円以上 40,000円未満","20,000円以上 30,000円未満",初めて,通りがかった,尾山神社,,兼六園,,使わない,とても満足,,とても満足,,感じなかった,,10,,機会があれば行きたい,美味しい海産物,女,2000,東京都,府中市,"900万円以上 1,000万円未満","能登牛が当たる, ひゃくまさんが好き",,,
金沢エリア,金沢中央観光案内所,2023/12/30 13:09:50,同意する,1泊,2泊,金沢エリア  （湯涌温泉、深谷温泉、犀川温泉など）,新潟県、福井県,自分ひとり,"地元の美味しいものを食べる, 名所、旧跡の観光",在来線,路線バス,満足,,"3,000円以上 5,000円未満","1,000円以上 3,000円未満","20,000円以上 30,000円未満",初めて,道を歩いていたら,尾山神社,,選択なし/該当施設なし,武家屋敷,使わない,満足,,満足,,感じなかった,,5,和菓子屋さんマップ、洋菓子屋さんマップ、酒造マップ,機会があれば行きたい,特になし,男,1986,神奈川県,横須賀市,400万円以上 500万円未満,"能登牛が当たる, 石川県のおすすめ観光スポットが見たい, 石川県の雑学を知りたい",,,
金沢エリア,金沢中央観光案内所,2023/12/30 16:20:56,同意する,4泊以上,4泊以上,金沢エリア  （湯涌温泉、深谷温泉、犀川温泉など）,石川県外には泊まらない,恋人,"地元の美味しいものを食べる, 名所、旧跡の観光, まちあるき、都市散策",在来線,徒歩,,,"40,000円以上 50,000円未満","10,000円以上 20,000円未満","20,000円以上 30,000円未満",初めて,"観光展・物産展, 観光協会等の案内所",尾山神社,,近江町市場,,使わない,満足,県内の様々な情報がわかるから。建物がきれい,満足,建物が、きれい,感じなかった,,8,,機会があれば行きたい,歴史のある町で食べ物も美味しかったですが、少々値段が高いと思います。,男,1964,三重県,北名古屋市,700万円以上 800万円未満,"能登牛が当たる, 石川県のおすすめ観光スポットが見たい",,,わかりやすく、きれいなところ
金沢エリア,金沢中央観光案内所,2023/12/30 16:20:58,同意する,4泊以上,4泊以上,金沢エリア  （湯涌温泉、深谷温泉、犀川温泉など）,石川県外には泊まらない,恋人,"地元の美味しいものを食べる, 名所、旧跡の観光",在来線,"路線バス, 徒歩",満足,わかりやすい　便利,"20,000円以上 30,000円未満","5,000円以上 10,000円未満","50,000円以上 100,000円未満",初めて,インターネット・アプリ,ひがし茶屋街,,兼六園,,"50,000円以上 100,000円未満",どちらでもない,建物が綺麗,どちらでもない,物価が高い,感じなかった,,3,物価が安いといい,あまり行きたいと思わない,とにかく高くて購買意欲が起きない,女,1964,東京都,大田区,600万円以上 700万円未満,能登牛が当たる,,,食べ物が美味しい
金沢エリア,金沢中央観光案内所,2023/12/30 17:12:47,同意する,2泊,2泊,金沢エリア  （湯涌温泉、深谷温泉、犀川温泉など）,石川県外には泊まらない,夫婦、大学生の子供,"温泉や露天風呂, 名所、旧跡の観光",飛行機,徒歩,,,"20,000円以上 30,000円未満","20,000円以上 30,000円未満","20,000円以上 30,000円未満",初めて,通りがかり,ひがし茶屋街,忍者寺,金沢21世紀美術館,,使わない,満足,パンフが、たくさん,満足,,感じなかった,,7,,また行きたい（1年以内）,おでんと海鮮が美味しかった,女,1969,熊本県,山鹿市,"1,200万円以上 1,500万円未満",能登牛が当たる,,,
金沢エリア,金沢中央観光案内所,2023/12/30 17:13:33,同意する,2泊,2泊,金沢エリア  （湯涌温泉、深谷温泉、犀川温泉など）,石川県外には泊まらない,親,"地元の美味しいものを食べる, 名所、旧跡の観光, まちあるき、都市散策",飛行機,徒歩,,,"5,000円以上 10,000円未満","5,000円以上 10,000円未満","20,000円以上 30,000円未満",初めて,観光展・物産展,ひがし茶屋街,,兼六園,,使わない,満足,,満足,,感じなかった,,10,,機会があれば行きたい,特になし,男,2003,福岡県,糸島市,100万円未満,能登牛が当たる,,,
金沢エリア,金沢中央観光案内所,2023/12/30 20:41:20,同意する,3泊,3泊,金沢エリア  （湯涌温泉、深谷温泉、犀川温泉など）,石川県外には泊まらない,夫婦2人,"地元の美味しいものを食べる, 名所、旧跡の観光, 買い物、アウトレット, まちあるき、都市散策",新幹線,徒歩,,,"20,000円以上 30,000円未満","30,000円以上 40,000円未満","20,000円以上 30,000円未満",初めて,歩いていてたまたま,尾山神社,,ひがし茶屋街,,使わない,満足,パンフレットが休館日がわかるようになっていた事,満足,スペースが広く、ゆったりしている。,感じなかった,,8,カフェもあるといいです。,機会があれば行きたい,お値段が高い物が多い印象て、漆器など目の保養で終わってしまいます。,女,1965,東京都,世田谷区,500万円以上 600万円未満,"能登牛が当たる, ひゃくまさんが好き",,,食べ物が美味しく、文化的だから。
金沢エリア,金沢中央観光案内所,2023/12/31 12:10:50,同意する,2泊,石川県内には宿泊しない,金沢エリア  （湯涌温泉、深谷温泉、犀川温泉など）,石川県外には泊まらない,親,"地元の美味しいものを食べる, 名所、旧跡の観光, 買い物、アウトレット, まちあるき、都市散策",新幹線,"路線バス, 徒歩",,,"30,000円以上 40,000円未満","40,000円以上 50,000円未満","20,000円以上 30,000円未満",初めて,通りすがり,兼六園,,尾山神社,,"1,000円未満",満足,,満足,,感じなかった,,9,,機会があれば行きたい,特になし,男,2000,岩手県,盛岡市,100万円未満,能登牛が当たる,,,歴史的な文化建造物が良き
金沢エリア,金沢中央観光案内所,2023/12/31 12:12:42,同意する,2泊,2泊,金沢エリア  （湯涌温泉、深谷温泉、犀川温泉など）,石川県外には泊まらない,子ども,"宿でのんびり過ごす, 地元の美味しいものを食べる, 名所、旧跡の観光, 買い物、アウトレット, まちあるき、都市散策",新幹線,"路線バス, 徒歩",,整ってますね,"20,000円以上 30,000円未満","40,000円以上 50,000円未満","20,000円以上 30,000円未満",初めて,"新聞・雑誌・ガイドブック, 観光パンフレット・ポスター, 観光連盟やDMOのHP, インターネット・アプリ, 観光協会等の案内所",尾山神社,,兼六園,,使わない,満足,,満足,,感じなかった,,8,,機会があれば行きたい,年末の観光地休館が多いもう少しあけて欲しい21美術館見たか,男,1972,岩手県,盛岡市,"1,200万円以上 1,500万円未満",能登牛が当たる,,,
金沢エリア,金沢中央観光案内所,2024/01/01 11:57:50,同意する,1泊,石川県内には宿泊しない,石川県内には宿泊しない,福井県,親,"温泉や露天風呂, 地元の美味しいものを食べる",自家用車,自家用車,とても満足,,使わない,使わない,使わない,初めて,インターネット・アプリ,選択なし/該当施設なし,,選択なし/該当施設なし,,使わない,とても満足,,とても満足,,感じなかった,,10,,また行きたい（1年以内）,特になし,男,1995,東京都,世田谷区,500万円以上 600万円未満,能登牛が当たる,,,
金沢エリア,金沢中央観光案内所,2024/01/01 12:28:42,同意する,2泊,2泊,金沢エリア  （湯涌温泉、深谷温泉、犀川温泉など）,長野,恋人,宿でのんびり過ごす,自家用車,徒歩,,,"50,000円以上 100,000円未満","30,000円以上 40,000円未満","20,000円以上 30,000円未満",2～5回目,たまたま,金沢21世紀美術館,,兼六園,,"20,000円以上 30,000円未満",とても満足,綺麗,とても満足,きれいな施設　トイレ,感じなかった,,10,いまでよい,また行きたい（1年以内）,いまでよい,男,1964,宮崎県,宮崎市,"1,500万円以上",なんとなく,,,雰囲気
金沢エリア,金沢中央観光案内所,2024/01/01 13:13:53,同意する,日帰り,石川県内には宿泊しない,石川県内には宿泊しない,福井県,小学生以下連れの家族,買い物、アウトレット,自家用車,自家用車,満足,,使わない,"10,000円以上 20,000円未満","5,000円以上 10,000円未満",初めて,観光パンフレット・ポスター,兼六園,,兼六園,,"3,000円以上 5,000円未満",満足,,満足,,感じなかった,,5,,また行きたい（1年以内）,特になし,男,1979,広島県,三次市,700万円以上 800万円未満,"能登牛が当たる, 石川県の雑学を知りたい",,,
金沢エリア,金沢中央観光案内所,2024/01/01 13:19:29,同意する,1泊,1泊,金沢エリア  （湯涌温泉、深谷温泉、犀川温泉など）,石川県外には泊まらない,親,特急サンダーバードに乗るため,在来線,"路線バス, 徒歩",不満,どのバスに乗れば良いのか分かりにくい。場合によっては待ち時間がながい。,"5,000円以上 10,000円未満","10,000円以上 20,000円未満","10,000円以上 20,000円未満",初めて,"観光展・物産展, 観光パンフレット・ポスター",近江町市場,,選択なし/該当施設なし,武家屋敷,使わない,満足,トイレが綺麗,満足,,感じなかった,,6,有名な場所ではなく聞かないとわからない場所など教えてもらえると良いと思います。,機会があれば行きたい,日本酒、美味しい食事,男,1981,栃木県,宇都宮市,700万円以上 800万円未満,ひゃくまさんが好き,,,ひがし茶屋の街並み
金沢エリア,金沢中央観光案内所,2024/01/01 13:23:26,同意する,2泊,2泊,金沢エリア  （湯涌温泉、深谷温泉、犀川温泉など）,石川県外には泊まらない,小学生以下連れの家族,"地元の美味しいものを食べる, 名所、旧跡の観光, テーマパーク（遊園地、動物園、博物館など）, 各種体験（手作り、果物狩りなど）, 図書館",在来線,"路線バス, 徒歩",満足,,"5,000円以上 10,000円未満","10,000円以上 20,000円未満","10,000円以上 20,000円未満",初めて,通りすがり,近江町市場,,選択なし/該当施設なし,,使わない,満足,,満足,,感じなかった,,5,,また行きたい（1年以内）,かに、体験,女,1988,兵庫県,尼崎市,400万円以上 500万円未満,能登牛が当たる,,,
金沢エリア,金沢中央観光案内所,2024/01/01 14:08:39,同意する,2泊,2泊,金沢エリア  （湯涌温泉、深谷温泉、犀川温泉など）,石川県外には泊まらない,夫婦2人,地元の美味しいものを食べる,在来線,"路線バス, 徒歩",満足,バスの本数が多かったから,"10,000円以上 20,000円未満","1,000円以上 3,000円未満","30,000円以上 40,000円未満",初めて,椅子があったから立ち寄った,ひがし茶屋街,,兼六園,,使わない,満足,椅子があるから,満足,椅子があるから,感じなかった,特になし,10,,機会があれば行きたい,カニ食べ放題の宿,男,1999,大阪府,堺市,300万円以上 400万円未満,能登牛が当たる,,,椅子があるから
金沢エリア,金沢中央観光案内所,2024/01/01 15:17:04,同意する,2泊,2泊,金沢エリア  （湯涌温泉、深谷温泉、犀川温泉など）,石川県外には泊まらない,恋人,"地元の美味しいものを食べる, お祭りやイベントへの参加・見物, スポーツ観戦や芸術鑑賞（コンサート等）, まちあるき、都市散策",在来線,"路線バス, 徒歩",,,"10,000円以上 20,000円未満","10,000円以上 20,000円未満","20,000円以上 30,000円未満",初めて,"新聞・雑誌・ガイドブック, 観光パンフレット・ポスター, インターネット・アプリ, Instagram",尾山神社,,選択なし/該当施設なし,,使わない,満足,トイレが綺麗でした。,満足,トイレが綺麗でかつ、施設も綺麗でかつ、暖かいかつ、休憩ができる。,感じなかった,,7,休憩施設の増設、喫煙所,機会があれば行きたい,特になし。,男,2001,大阪府,堺市,300万円以上 400万円未満,"能登牛が当たる, ひゃくまさんが好き",,,ご飯やお酒が美味しい！
金沢エリア,金沢中央観光案内所,2024/01/02 10:42:01,同意する,2泊,2泊,金沢エリア  （湯涌温泉、深谷温泉、犀川温泉など）,石川県外には泊まらない,夫婦2人,"宿でのんびり過ごす, 温泉や露天風呂, 地元の美味しいものを食べる, 名所、旧跡の観光, 買い物、アウトレット, まちあるき、都市散策",自家用車,徒歩,とても満足,宿泊先の近くにあり、便利だった。,"20,000円以上 30,000円未満","20,000円以上 30,000円未満","40,000円以上 50,000円未満",2～5回目,"観光展・物産展, インターネット・アプリ",兼六園,,尾山神社,,使わない,満足,いろんな情報を入手出来る。,とても満足,施設が清潔でとても綺麗。係員が明るく親切。,感じなかった,,10,,また行きたい（1年以内）,美味しい食事,男,1967,愛知県,名古屋市,"1,000万円以上 1,200万円未満",ひゃくまさんが好き,,,係員がとても親切だ。
金沢エリア,金沢中央観光案内所,2024/01/02 11:15:27,同意する,3泊,3泊,金沢エリア  （湯涌温泉、深谷温泉、犀川温泉など）,石川県外には泊まらない,夫婦2人,"地元の美味しいものを食べる, 名所、旧跡の観光",新幹線,"タクシー, 路線バス",とても満足,わかりやすい,"100,000円以上","10,000円以上 20,000円未満","100,000円以上",2～5回目,観光協会等の案内所,尾山神社,,ひがし茶屋街,,"1,000円未満",満足,わかりやすい,満足,休めた,感じなかった,,8,もう少し椅子やテーブルが設置してあると尚良い,機会があれば行きたい,特になし,女,1958,神奈川県,逗子市,"1,500万円以上",能登牛が当たる,,,尾山神社
金沢エリア,金沢中央観光案内所,2024/01/02 11:28:24,同意する,3泊,3泊,金沢エリア  （湯涌温泉、深谷温泉、犀川温泉など）,石川県外には泊まらない,夫婦2人,"地元の美味しいものを食べる, 名所、旧跡の観光, まちあるき、都市散策",新幹線,タクシー,満足,運転手の愛想が良い。,"100,000円以上","5,000円以上 10,000円未満","100,000円以上",初めて,道で見つけた,尾山神社,,ひがし茶屋街,,"1,000円未満",どちらでもない,正月情報が少ない,どちらでもない,情報が少ない,感じた,情報が無い,1,市や県の観光協会として、正月の過ごしやすさのキャンペーンをすべき。,あまり行きたいと思わない,九谷焼の若手アーティスト作品の展示、販売に行ってみたい,男,1956,神奈川県,逗子市,"1,500万円以上",能登牛が当たる,,,SANRAKU KANAZAWAの料理の素晴らしさ
金沢エリア,金沢中央観光案内所,2024/01/02 12:05:11,同意する,3泊,3泊,金沢エリア  （湯涌温泉、深谷温泉、犀川温泉など）,石川県外には泊まらない,親,"地元の美味しいものを食べる, 名所、旧跡の観光",飛行機,徒歩,,,"50,000円以上 100,000円未満","3,000円以上 5,000円未満","30,000円以上 40,000円未満",初めて,インターネット・アプリ,近江町市場,,金沢21世紀美術館,,"1,000円以上 3,000円未満",とても満足,,とても満足,,感じなかった,,10,,また行きたい（1年以内）,食べ物特に海鮮が美味しくて大満足です！,女,1972,北海道,札幌市,300万円以上 400万円未満,能登牛が当たる,,,
金沢エリア,金沢中央観光案内所,2024/01/02 12:49:30,同意する,4泊以上,4泊以上,金沢エリア  （湯涌温泉、深谷温泉、犀川温泉など）,石川県外には泊まらない,夫婦と成人娘の3人で,"温泉や露天風呂, 地元の美味しいものを食べる, 名所、旧跡の観光, まちあるき、都市散策",新幹線,徒歩,,,"50,000円以上 100,000円未満","100,000円以上","40,000円以上 50,000円未満",初めて,観光パンフレット・ポスター,兼六園,,選択なし/該当施設なし,,使わない,どちらでもない,訪問した日は宿泊して三日目なのでほぼ　駅前の観光案内所で情報収集していました,どちらでもない,広くて開放的,感じなかった,,7,金沢市民がこよなく愛するお菓子を紹介しておくほしい,また行きたい（1年以内）,特になし,女,1963,神奈川県,横浜市,100万円以上 200万円未満,能登牛が当たる,,,お正月期間だったので　開いているお店が分からず
金沢エリア,金沢中央観光案内所,2024/01/02 12:49:32,同意する,4泊以上,4泊以上,金沢エリア  （湯涌温泉、深谷温泉、犀川温泉など）,石川県外には泊まらない,親,"宿でのんびり過ごす, 温泉や露天風呂, 地元の美味しいものを食べる",新幹線,徒歩,,,"50,000円以上 100,000円未満","5,000円以上 10,000円未満","10,000円以上 20,000円未満",初めて,"新聞・雑誌・ガイドブック, インターネット・アプリ, Instagram",ひがし茶屋街,,選択なし/該当施設なし,,使わない,とても満足,広々していて見やすい。,とても満足,暖かく、綺麗,感じなかった,,10,とてもよかったです。,また行きたい（1年以内）,カニを食べたいです,女,1993,神奈川県,横浜市,300万円以上 400万円未満,"能登牛が当たる, 石川県のおすすめ観光スポットが見たい, 石川県の雑学を知りたい",,,兼六園、ひがし茶屋街、近江町市場はスタッフも温かく、雰囲気が良かった
金沢エリア,金沢中央観光案内所,2024/01/02 15:00:30,同意する,2泊,2泊,金沢エリア  （湯涌温泉、深谷温泉、犀川温泉など）,石川県外には泊まらない,親,"地元の美味しいものを食べる, 名所、旧跡の観光, 買い物、アウトレット",自家用車,徒歩,満足,アクセスしやすい。,"5,000円以上 10,000円未満","5,000円以上 10,000円未満","30,000円以上 40,000円未満",2～5回目,"新聞・雑誌・ガイドブック, 観光パンフレット・ポスター",尾山神社,,近江町市場,,"50,000円以上 100,000円未満",満足,入りやすい雰囲気,満足,混んでない,感じなかった,,9,特に思い当たらない,また行きたい（1年以内）,特になし,女,1978,石川県,加賀市,500万円以上 600万円未満,石川県の雑学を知りたい,,,食　美味しい(水も含めて)
金沢エリア,金沢中央観光案内所,2024/01/02 16:16:01,同意する,2泊,2泊,金沢エリア  （湯涌温泉、深谷温泉、犀川温泉など）,愛知県,恋人,"まちあるき、都市散策, 兼六園、金沢21世紀美術館","新幹線, 在来線","タクシー, 徒歩",,,"10,000円以上 20,000円未満","1,000円以上 3,000円未満","10,000円以上 20,000円未満",初めて,歩いていて見つけた,兼六園,,選択なし/該当施設なし,武家屋敷群,"1,000円未満",とても満足,今回地震でバスが全線運休、徒歩で金沢駅に向かいます。お手洗いに困っていたのでとても助かりました。観光の資料もいっぱいあってよかったです。,とても満足,お手洗い助かります。,感じなかった,,10,自販機があり座るところもあり空調も効いていてとても助かりました。,機会があれば行きたい,温泉と海鮮、21世紀博物館,女,1970,愛知県,名古屋市,500万円以上 600万円未満,なんとなく,,,兼六園
金沢エリア,金沢中央観光案内所,2024/01/03 21:07:27,同意する,4泊以上,4泊以上,金沢エリア  （湯涌温泉、深谷温泉、犀川温泉など）,石川県外には泊まらない,夫婦2人,"温泉や露天風呂, 地元の美味しいものを食べる, 名所、旧跡の観光, まちあるき、都市散策, 各種体験（手作り、果物狩りなど）",新幹線,路線バス,満足,バスの本数が多い,"100,000円以上","50,000円以上 100,000円未満","100,000円以上",初めて,街を歩いていて偶然知った,近江町市場,,兼六園,,使わない,どちらでもない,そもそもあまり商品が少ない,満足,,感じなかった,,8,水引や金箔貼りなどの体験のアクセスが各店舗ごとで一括して確認でできる仕組みが整っていない。一元的に確認、予約できるサイトがほしい。,機会があれば行きたい,季節ごとの料理の違いなどあれば知りたいです。,男,1965,東京都,新宿区,"1,000万円以上 1,200万円未満","能登牛が当たる, 石川県のおすすめ観光スポットが見たい, 石川県の雑学を知りたい",,,料理、和菓子、手仕事がユニークで、京都とは違った独自の世界を感じました。
金沢エリア,金沢中央観光案内所,2024/01/04 16:35:32,同意する,4泊以上,4泊以上,金沢エリア  （湯涌温泉、深谷温泉、犀川温泉など）,石川県外には泊まらない,恋人,"地元の美味しいものを食べる, 友人・親戚を訪ねる",新幹線,自家用車,とても満足,わかりやすく迷わなかった,"100,000円以上","40,000円以上 50,000円未満","50,000円以上 100,000円未満",2～5回目,観光協会等の案内所,尾山神社,,ひがし茶屋街,,使わない,満足,必要に応じて対応してくれるから,満足,トイレとかも綺麗でありがたい,感じなかった,,9,グルメマップとかあれば嬉しい,また行きたい（1年以内）,特になし,男,1994,千葉県,市川市,700万円以上 800万円未満,能登牛が当たる,,,尾山神社での初詣
金沢エリア,金沢中央観光案内所,2024/01/07 12:55:56,同意する,2泊,2泊,金沢エリア  （湯涌温泉、深谷温泉、犀川温泉など）,石川県外には泊まらない,大学生以下連れの家族,"宿でのんびり過ごす, 地元の美味しいものを食べる, 名所、旧跡の観光",新幹線,徒歩,,,"10,000円以上 20,000円未満","20,000円以上 30,000円未満","50,000円以上 100,000円未満",初めて,観光協会等の案内所,近江町市場,,兼六園,,使わない,満足,マップ、パンフレット,満足,トイレ,感じなかった,,10,地場の食べ物の提供,また行きたい（1年以内）,海産物、名所観光、地場品の発掘,男,1970,神奈川県,小田原市,"900万円以上 1,000万円未満",動く３Dひゃくまんさんを見たい,,,
金沢エリア,金沢中央観光案内所,2024/01/07 13:34:12,同意する,1泊,1泊,金沢エリア  （湯涌温泉、深谷温泉、犀川温泉など）,富山県,夫婦2人,宿でのんびり過ごす,自家用車,自家用車,とても満足,スマホで検索してきたから,"3,000円以上 5,000円未満","5,000円以上 10,000円未満","3,000円以上 5,000円未満",11回目以上,観光展・物産展,近江町市場,,近江町市場,,"3,000円以上 5,000円未満",とても満足,,とても満足,,感じなかった,,10,,また行きたい（1年以内）,特になし,女,1979,新潟県,長岡市,100万円未満,能登牛が当たる,,,
金沢エリア,金沢中央観光案内所,2024/01/07 14:13:14,同意する,2泊,1泊,金沢エリア  （湯涌温泉、深谷温泉、犀川温泉など）,福井県,自分ひとり,出張など仕事関係,新幹線,タクシー,,,"10,000円以上 20,000円未満","30,000円以上 40,000円未満","20,000円以上 30,000円未満",6～10回目,インターネット・アプリ,ひがし茶屋街,,尾山神社,,使わない,満足,,満足,,感じなかった,,10,,また行きたい（1年以内）,伝統工芸作り体験,女,1997,東京都,大田区,300万円以上 400万円未満,能登牛が当たる,,,
金沢エリア,金沢中央観光案内所,2024/01/08 14:52:16,同意する,2泊,1泊,金沢エリア  （湯涌温泉、深谷温泉、犀川温泉など）,富山県,自分ひとり,"地元の美味しいものを食べる, 名所、旧跡の観光",在来線,"路線バス, 徒歩",満足,,"3,000円以上 5,000円未満","10,000円以上 20,000円未満","5,000円以上 10,000円未満",初めて,たまたま見つけた,兼六園,,選択なし/該当施設なし,,使わない,満足,,満足,,感じなかった,,10,,また行きたい（1年以内）,北陸新幹線の敦賀延伸と能登半島地震を機に、石川県内でも北陸全体の魅力を伝えられる催しを開催してほしい,男,1993,大阪府,大阪市,400万円以上 500万円未満,能登牛が当たる,,,
金沢エリア,金沢中央観光案内所,2024/01/11 14:03:20,同意する,1泊,1泊,金沢エリア  （湯涌温泉、深谷温泉、犀川温泉など）,石川県外には泊まらない,夫婦2人,"宿でのんびり過ごす, 地元の美味しいものを食べる, 名所、旧跡の観光",新幹線,徒歩,,,"20,000円以上 30,000円未満","40,000円以上 50,000円未満","10,000円以上 20,000円未満",初めて,歩いていてたまたま見つけた,尾山神社,,近江町市場,,使わない,満足,キレイな施設で色々な情報を得られて良かった,満足,静かで落ち着いて調べられた,感じなかった,,7,飲食は少し高めですね,機会があれば行きたい,とても魅力的なおみやげが多かったです,女,1972,埼玉県,所沢市,400万円以上 500万円未満,"能登牛が当たる, ひゃくまさんが好き",,,金沢は地震の影響があまり無いようなので行く予定の人はそのまま旅行して欲しい
金沢エリア,金沢中央観光案内所,2024/01/14 12:08:42,同意する,日帰り,石川県内には宿泊しない,石川県内には宿泊しない,石川県外には泊まらない,自分ひとり,出張など仕事関係,自家用車,自家用車,とても満足,特になし,使わない,使わない,"1,000円以上 3,000円未満",初めて,インターネット・アプリ,兼六園,,尾山神社,,使わない,とても満足,,とても満足,,感じなかった,,10,特になし,また行きたい（1年以内）,特になし,女,1981,福井県,鯖江市,500万円以上 600万円未満,なんとなく,,,
金沢エリア,金沢中央観光案内所,2024/01/15 15:59:59,同意する,1泊,1泊,金沢エリア  （湯涌温泉、深谷温泉、犀川温泉など）,石川県外には泊まらない,親,"地元の美味しいものを食べる, 名所、旧跡の観光",在来線,"路線バス, 徒歩",どちらでもない,普通のバスだった。,"5,000円以上 10,000円未満","20,000円以上 30,000円未満","3,000円以上 5,000円未満",初めて,通りかかった,ひがし茶屋街,,近江町市場,,使わない,とても満足,銭湯を教えていただいた。,とても満足,新しくて清潔感がある。,感じなかった,,10,ご当地グルメの店がほしい,また行きたい（1年以内）,特になし,男,2010,滋賀県,草津市,400万円以上 500万円未満,"能登牛が当たる, ひゃくまさんが好き",,,質問しやすい
金沢エリア,金沢中央観光案内所,2024/01/15 16:00:36,同意する,1泊,1泊,金沢エリア  （湯涌温泉、深谷温泉、犀川温泉など）,石川県外には泊まらない,中学生以下連れの家族,地元の美味しいものを食べる,在来線,"路線バス, 徒歩",満足,スムーズに移動できた。,"5,000円以上 10,000円未満","10,000円以上 20,000円未満","3,000円以上 5,000円未満",初めて,通りがかり,近江町市場,,選択なし/該当施設なし,温泉,使わない,とても満足,的確にわかりやすい案内だった。,とても満足,あたたかくてほっこりした。外から寒すぎ。,感じなかった,,8,,また行きたい（1年以内）,おいしいもの。,女,1977,滋賀県,草津市,600万円以上 700万円未満,能登牛が当たる,,,おいしい海鮮がいっぱい。
金沢エリア,金沢中央観光案内所,2024/01/16 14:10:25,同意する,4泊以上,2泊,金沢エリア  （湯涌温泉、深谷温泉、犀川温泉など）,岐阜県,団体旅行,"地元の美味しいものを食べる, 名所、旧跡の観光, まちあるき、都市散策",新幹線,徒歩,,,"10,000円以上 20,000円未満",使わない,"5,000円以上 10,000円未満",初めて,Passing by,兼六園,,ひがし茶屋街,,使わない,とても満足,Answered my inquiry properly in English ,とても満足,,感じなかった,,10,,機会があれば行きたい,Nothing in particular ,男,1997,石川県,金沢市,100万円以上 200万円未満,"能登牛が当たる, 石川県の雑学を知りたい",,,Historical value 
金沢エリア,金沢中央観光案内所,2024/01/19 13:24:34,同意する,1泊,1泊,金沢エリア  （湯涌温泉、深谷温泉、犀川温泉など）,石川県外には泊まらない,夫婦2人,地元の美味しいものを食べる,在来線,在来線,満足,大阪から金沢まで、特急で一本だから。,"10,000円以上 20,000円未満","3,000円以上 5,000円未満","10,000円以上 20,000円未満",初めて,観光展・物産展,近江町市場,,兼六園,,使わない,満足,暖房があって、体が休まりました。,とても満足,,感じなかった,,5,,機会があれば行きたい,早く和倉温泉が復活してほしい。,男,1975,奈良県,香芝市,"1,000万円以上 1,200万円未満","能登牛が当たる, ひゃくまさんが好き",,,
金沢エリア,金沢中央観光案内所,2024/01/19 20:40:58,同意する,1泊,1泊,金沢エリア  （湯涌温泉、深谷温泉、犀川温泉など）,石川県外には泊まらない,夫婦2人,地元の美味しいものを食べる,在来線,徒歩,満足,歩きやすかった,"10,000円以上 20,000円未満","5,000円以上 10,000円未満","10,000円以上 20,000円未満",2～5回目,観光パンフレット・ポスター,近江町市場,,兼六園,,"1,000円未満",満足,声かけがあった,満足,舞妓さんの演舞のお知らせをしてもらえた,感じなかった,,10,案内所でも体験コーナーが随時あるといいですね,機会があれば行きたい,海鮮がおいしいので、どんどんアピールして広めてください,女,1975,奈良県,香芝市,"1,000万円以上 1,200万円未満",なんとなく,,,人が皆さん親切で気持ちよかった
金沢エリア,金沢中央観光案内所,2024/01/20 11:19:59,同意する,2泊,2泊,金沢エリア  （湯涌温泉、深谷温泉、犀川温泉など）,石川県外には泊まらない,夫婦と大人娘２名の家族旅行,名所、旧跡の観光,"新幹線, 在来線",路線バス,とても満足,バスの本数が多くある、便利,"40,000円以上 50,000円未満","40,000円以上 50,000円未満","100,000円以上",2～5回目,観光協会等の案内所,兼六園,東茶屋街、1日目は兼六園、石浦神社、箔一、香林坊、武家屋敷、屋敷、,尾山神社,,使わない,満足,パンフレット展示,満足,休憩に利用,感じなかった,,10,,機会があれば行きたい,美食,男,1958,東京都,日野市,800万円以上 900万円未満,なんとなく,,,金沢、加賀温泉は２回目、良かったから娘を加えて
金沢エリア,金沢中央観光案内所,2024/01/20 17:27:36,同意する,1泊,1泊,金沢エリア  （湯涌温泉、深谷温泉、犀川温泉など）,石川県外には泊まらない,親,"地元の美味しいものを食べる, 名所、旧跡の観光",在来線,徒歩,,,"5,000円以上 10,000円未満","10,000円以上 20,000円未満","10,000円以上 20,000円未満",初めて,観光協会等の案内所,尾山神社,,近江町市場,,使わない,満足,色々なパンフレットが置いてあってどこに行くか参考になる。どこが休館しているといった情報も得られる。,満足,休憩もできていい,感じなかった,,7,,また行きたい（1年以内）,はじめは輪島に行こうと計画を立てていましたがいけずに残念です。復興したら必ず行きたいです。金沢と白山を観光していますが美味しいものが多い。茶などを家でも楽しみたいので買って帰ります！,女,1990,兵庫県,西宮市,"1,500万円以上","能登牛が当たる, 石川県のおすすめ観光スポットが見たい",,,冬に食べるお寿司は美味しい！！
金沢エリア,金沢中央観光案内所,2024/01/21 16:30:56,同意する,1泊,1泊,金沢エリア  （湯涌温泉、深谷温泉、犀川温泉など）,石川県外には泊まらない,夫婦2人,宿でのんびり過ごす,自家用車,徒歩,,,"20,000円以上 30,000円未満","1,000円未満","10,000円以上 20,000円未満",初めて,"観光協会等の案内所, 歩いていたら、ありました。",近江町市場,,兼六園,,"1,000円未満",どちらでもない,,満足,,感じなかった,,6,種類の多さ,また行きたい（1年以内）,美味しいものを食べたい,女,1976,富山県,富山市,600万円以上 700万円未満,能登牛が当たる,,,
金沢エリア,金沢中央観光案内所,2024/01/21 22:38:18,同意する,1泊,1泊,金沢エリア  （湯涌温泉、深谷温泉、犀川温泉など）,石川県外には泊まらない,夫婦2人,"宿でのんびり過ごす, 地元の美味しいものを食べる, 名所、旧跡の観光, まちあるき、都市散策",在来線,徒歩,,,"5,000円以上 10,000円未満","5,000円以上 10,000円未満","10,000円以上 20,000円未満",2～5回目,観光パンフレット・ポスター,選択なし/該当施設なし,,近江町市場,,使わない,満足,沢山のパンフレットが揃っている,満足,綺麗　説明が丁寧,感じなかった,,10,,また行きたい（1年以内）,特になし,女,1966,大阪府,枚方市,500万円以上 600万円未満,,,,
金沢エリア,金沢中央観光案内所,2024/01/22 0:30:16,同意する,1泊,1泊,金沢エリア  （湯涌温泉、深谷温泉、犀川温泉など）,石川県外には泊まらない,娘,"地元の美味しいものを食べる, 名所、旧跡の観光, まちあるき、都市散策",在来線,徒歩,,,"5,000円以上 10,000円未満","5,000円以上 10,000円未満","20,000円以上 30,000円未満",初めて,特にありません,尾山神社,,近江町市場,,使わない,満足,観光の参考になるパンフレットをいただきました,どちらでもない,,感じなかった,,5,観光、イベントのタイムリーな情報が欲しい,また行きたい（1年以内）,能登地方に行きたいと思ってました。大変だと思いますが、早く復興されることを祈ってます。,女,1964,兵庫県,三田市,"1,500万円以上",能登牛が当たる,,,
金沢エリア,金沢中央観光案内所,2024/01/24 23:52:59,同意する,日帰り,3泊,加賀エリア （山代温泉、山中温泉、片山津温泉、粟津温泉、辰口温泉、加賀市、小松市など）,石川県外には泊まらない,友人,友人・親戚を訪ねる,飛行機,"レンタサイクル, ",とても不満,,"100,000円以上","30,000円以上 40,000円未満","3,000円以上 5,000円未満",初めて,インターネット・アプリ,金沢21世紀美術館,,近江町市場,,"1,000円以上 3,000円未満",満足,,満足,,感じた,,7,,また行きたい（1年以内）,しりませn,女,1990,石川県,金沢市,100万円未満,,,,
金沢エリア,金沢中央観光案内所,2024/01/26 20:16:22,同意する,日帰り,石川県内には宿泊しない,石川県内には宿泊しない,石川県外には泊まらない,自分ひとり,名所、旧跡の観光,在来線,路線バス,どちらでもない,バス停から遠い,使わない,"1,000円未満","3,000円以上 5,000円未満",初めて,観光パンフレット・ポスター,兼六園,,尾山神社,,使わない,どちらでもない,,満足,,感じなかった,,7,,また行きたい（1年以内）,海産物,女,1983,富山県,富山市,400万円以上 500万円未満,ひゃくまさんが好き,,,
金沢エリア,金沢中央観光案内所,2024/01/27 10:20:38,同意する,1泊,1泊,金沢エリア  （湯涌温泉、深谷温泉、犀川温泉など）,石川県外には泊まらない,自分ひとり,"温泉や露天風呂, 地元の美味しいものを食べる",在来線,在来線,とても満足,,"40,000円以上 50,000円未満","30,000円以上 40,000円未満","40,000円以上 50,000円未満",2～5回目,観光パンフレット・ポスター,ひがし茶屋街,,選択なし/該当施設なし,,"1,000円未満",満足,,満足,,感じなかった,,8,,機会があれば行きたい,特になし,男,1994,京都府,久世郡久御山町,300万円以上 400万円未満,能登牛が当たる,,,
金沢エリア,金沢中央観光案内所,2024/01/28 11:33:53,同意する,1泊,1泊,金沢エリア  （湯涌温泉、深谷温泉、犀川温泉など）,富山県,自分ひとり,宿でのんびり過ごす,レンタカー,レンタカー,満足,,"5,000円以上 10,000円未満","20,000円以上 30,000円未満","20,000円以上 30,000円未満",6～10回目,インターネット・アプリ,金沢21世紀美術館,,尾山神社,,"3,000円以上 5,000円未満",満足,,満足,,感じた,,7,,また行きたい（1年以内）,満足です。,男,1991,山形県,山形市,200万円以上 300万円未満,能登牛が当たる,,,
金沢エリア,金沢中央観光案内所,2024/01/28 11:48:03,同意する,3泊,3泊,金沢エリア  （湯涌温泉、深谷温泉、犀川温泉など）,石川県外には泊まらない,夫婦2人,"宿でのんびり過ごす, 地元の美味しいものを食べる, まちあるき、都市散策",新幹線,"路線バス, 徒歩",満足,バスの本数が多い,"5,000円以上 10,000円未満","1,000円以上 3,000円未満","10,000円以上 20,000円未満",初めて,観光協会等の案内所,尾山神社,,選択なし/該当施設なし,,使わない,どちらでもない,,どちらでもない,,感じなかった,,6,,機会があれば行きたい,特になし,男,1975,東京都,品川区,300万円以上 400万円未満,能登牛が当たる,,,
金沢エリア,金沢中央観光案内所,2024/01/28 14:00:15,同意する,1泊,1泊,金沢エリア  （湯涌温泉、深谷温泉、犀川温泉など）,石川県外には泊まらない,恋人,"宿でのんびり過ごす, 地元の美味しいものを食べる",飛行機,徒歩,,,"10,000円以上 20,000円未満","20,000円以上 30,000円未満","20,000円以上 30,000円未満",初めて,観光途中にあったから,選択なし/該当施設なし,武家屋敷跡,尾山神社,,使わない,満足,観光情報のリーフレット,満足,,感じなかった,,10,,また行きたい（1年以内）,海の幸と日本酒,女,1970,東京都,墨田区,600万円以上 700万円未満,能登牛が当たる,,,食事
金沢エリア,金沢中央観光案内所,2024/01/28 16:49:45,同意する,1泊,1泊,金沢エリア  （湯涌温泉、深谷温泉、犀川温泉など）,石川県外には泊まらない,恋人,"地元の美味しいものを食べる, 名所、旧跡の観光",飛行機,"路線バス, 徒歩",満足,路線バスの本数が多く待ち時間が少ない,"10,000円以上 20,000円未満","3,000円以上 5,000円未満","10,000円以上 20,000円未満",初めて,たまたま見つけた,選択なし/該当施設なし,武家屋敷跡,尾山神社,,使わない,どちらでもない,トイレを借りただけなので良くわからない,満足,トイレが綺麗だった,感じなかった,,10,,また行きたい（1年以内）,特になし,男,1971,神奈川県,藤沢市,"1,000万円以上 1,200万円未満",なんとなく,,,海産物が美味しい
金沢エリア,金沢中央観光案内所,2024/01/29 15:09:43,同意する,日帰り,石川県内には宿泊しない,石川県内には宿泊しない,石川県外には泊まらない,恋人,まちあるき、都市散策,自家用車,"自家用車, 徒歩",,,使わない,"3,000円以上 5,000円未満","3,000円以上 5,000円未満",初めて,通りがかり,尾山神社,,選択なし/該当施設なし,,使わない,満足,情報が豊富,満足,施設が綺麗,感じなかった,,8,,また行きたい（1年以内）,温泉に入りたい,男,1983,富山県,富山市,500万円以上 600万円未満,ひゃくまさんが好き,,,ユナイテッドシネマ IMAXシアター
金沢エリア,金沢中央観光案内所,2024/01/30 13:58:10,同意する,1泊,1泊,金沢エリア  （湯涌温泉、深谷温泉、犀川温泉など）,石川県外には泊まらない,夫婦2人,"地元の美味しいものを食べる, 名所、旧跡の観光, まちあるき、都市散策",在来線,徒歩,,,"5,000円以上 10,000円未満","10,000円以上 20,000円未満","20,000円以上 30,000円未満",初めて,"新聞・雑誌・ガイドブック, 観光パンフレット・ポスター, 観光協会等の案内所",尾山神社,,金沢21世紀美術館,,"1,000円以上 3,000円未満",満足,親切に対応いただいた。,満足,広くてきれい。,感じなかった,,7,,機会があれば行きたい,特になし。,男,1958,兵庫県,神戸市,400万円以上 500万円未満,"能登牛が当たる, ひゃくまんさんの名刺をコレクションしている, 石川県の雑学を知りたい",,,旧い街並み
金沢エリア,金沢中央観光案内所,2024/01/31 11:06:18,同意する,3泊,3泊,金沢エリア  （湯涌温泉、深谷温泉、犀川温泉など）,石川県外には泊まらない,夫婦2人,"宿でのんびり過ごす, 地元の美味しいものを食べる, 名所、旧跡の観光, スポーツ観戦や芸術鑑賞（コンサート等）",新幹線,徒歩,,,"10,000円以上 20,000円未満","1,000円以上 3,000円未満","20,000円以上 30,000円未満",2～5回目,以前にきたことがあったので,選択なし/該当施設なし,ホテルからまっすぐきた,近江町市場,,"10,000円以上 20,000円未満",とても満足,対応が丁寧だったので,とても満足,きれいだったので,感じなかった,,10,,また行きたい（1年以内）,今のままでよい。,男,1972,東京都,新宿区,"1,500万円以上","能登牛が当たる, ひゃくまさんが好き",,,食事関連。おいしいと思うので。
金沢エリア,金沢中央観光案内所,2024/02/02 15:08:45,同意する,1泊,1泊,金沢エリア  （湯涌温泉、深谷温泉、犀川温泉など）,石川県外には泊まらない,夫婦2人,"宿でのんびり過ごす, 温泉や露天風呂, 地元の美味しいものを食べる",在来線,"路線バス, 徒歩",満足,案内が適切,"30,000円以上 40,000円未満","10,000円以上 20,000円未満","20,000円以上 30,000円未満",2～5回目,通りすがり,尾山神社,,ひがし茶屋街,,使わない,満足,トイレが綺麗,満足,,感じなかった,,8,,また行きたい（1年以内）,特になし,男,1974,大阪府,東大阪市,"1,500万円以上","能登牛が当たる, なんとなく",,,
金沢エリア,金沢中央観光案内所,2024/02/02 20:59:50,同意する,1泊,1泊,金沢エリア  （湯涌温泉、深谷温泉、犀川温泉など）,石川県外には泊まらない,親,"地元の美味しいものを食べる, 名所、旧跡の観光, まちあるき、都市散策, 各種体験（手作り、果物狩りなど）",在来線,徒歩,,,"10,000円以上 20,000円未満","10,000円以上 20,000円未満","40,000円以上 50,000円未満",初めて,観光パンフレット・ポスター,兼六園,,選択なし/該当施設なし,長町武家屋敷,使わない,とても満足,職員の方が親切だった,とても満足,きれいな建物だった,感じなかった,,10,,また行きたい（1年以内）,施設やお店の営業時間をもう少し伸ばしてくれたら、と思っています。,女,2005,大阪府,大阪市,300万円以上 400万円未満,能登牛が当たる,,,金沢城のスタンプラリー
金沢エリア,金沢中央観光案内所,2024/02/03 15:46:58,同意する,日帰り,石川県内には宿泊しない,石川県内には宿泊しない,石川県外には泊まらない,小学生以下連れの家族,まちあるき、都市散策,自家用車,自家用車,満足,,使わない,"1,000円未満","1,000円以上 3,000円未満",初めて,観光展・物産展,兼六園,,兼六園,,"1,000円未満",満足,,満足,,感じなかった,,9,,また行きたい（1年以内）,特になし,女,1987,石川県,金沢市,700万円以上 800万円未満,ひゃくまさんが好き,,,
金沢エリア,金沢中央観光案内所,2024/02/03 16:14:42,同意する,4泊以上,2泊,金沢エリア  （湯涌温泉、深谷温泉、犀川温泉など）,石川県外には泊まらない,夫婦2人,まちあるき、都市散策,新幹線,"路線バス, 徒歩",とても満足,,"10,000円以上 20,000円未満","5,000円以上 10,000円未満","20,000円以上 30,000円未満",初めて,Facebook,兼六園,,近江町市場,,"10,000円以上 20,000円未満",とても満足,,とても満足,,感じなかった,,10,,機会があれば行きたい,Good,女,1978,東京都,新宿区,200万円以上 300万円未満,石川県のおすすめ観光スポットが見たい,,,
金沢エリア,金沢中央観光案内所,2024/02/03 16:48:55,同意する,1泊,1泊,金沢エリア  （湯涌温泉、深谷温泉、犀川温泉など）,石川県外には泊まらない,友人,地元の美味しいものを食べる,在来線,"路線バス, 徒歩",どちらでもない,,"5,000円以上 10,000円未満","10,000円以上 20,000円未満","10,000円以上 20,000円未満",2～5回目,新聞・雑誌・ガイドブック,兼六園,,近江町市場,,"3,000円以上 5,000円未満",満足,,満足,,感じなかった,,7,,機会があれば行きたい,食事が美味しい,女,1968,兵庫県,神戸市,800万円以上 900万円未満,能登牛が当たる,,,
金沢エリア,金沢中央観光案内所,2024/02/03 16:49:47,同意する,1泊,1泊,金沢エリア  （湯涌温泉、深谷温泉、犀川温泉など）,石川県外には泊まらない,友人,地元の美味しいものを食べる,在来線,徒歩,,,"5,000円以上 10,000円未満","5,000円以上 10,000円未満","5,000円以上 10,000円未満",2～5回目,"観光展・物産展, 新聞・雑誌・ガイドブック, インターネット・アプリ",兼六園,,近江町市場,,使わない,満足,静かでした,満足,清潔でした,感じなかった,,10,特にはありません,機会があれば行きたい,特になし,女,1960,兵庫県,神戸市,500万円以上 600万円未満,能登牛が当たる,,,新鮮な海鮮
金沢エリア,金沢中央観光案内所,2024/02/03 17:10:35,同意する,2泊,2泊,金沢エリア  （湯涌温泉、深谷温泉、犀川温泉など）,石川県外には泊まらない,成人の子供と,"宿でのんびり過ごす, 温泉や露天風呂, 地元の美味しいものを食べる, 名所、旧跡の観光, まちあるき、都市散策",新幹線,"路線バス, 徒歩",満足,フラットバスを利用。18時ごろまでしか運転してないのは残念,"10,000円以上 20,000円未満","1,000円未満","5,000円以上 10,000円未満",初めて,インターネット・アプリ,尾山神社,,選択なし/該当施設なし,,使わない,どちらでもない,特に問い合わせしなかったので,とても満足,,感じなかった,,7,アクティビティに興味あったが、やってない日だった,機会があれば行きたい,特になし,女,1970,東京都,調布市,"1,000万円以上 1,200万円未満",能登牛が当たる,,,
金沢エリア,金沢中央観光案内所,2024/02/03 18:44:05,同意する,4泊以上,4泊以上,金沢エリア  （湯涌温泉、深谷温泉、犀川温泉など）,県内在住,県内在住,県内在住,県外から訪れていない（石川県内在住）,自家用車,,,使わない,使わない,使わない,2～5回目,あったので寄った,尾山神社,,選択なし/該当施設なし,,使わない,満足,,満足,,感じなかった,,5,,石川県在住,特になし,男,2010,石川県,金沢市,100万円未満,ひゃくまんさんの作り方を知りたかった,,,
金沢エリア,金沢中央観光案内所,2024/02/03 20:40:46,同意する,2泊,2泊,金沢エリア  （湯涌温泉、深谷温泉、犀川温泉など）,石川県外には泊まらない,恋人,"地元の美味しいものを食べる, 名所、旧跡の観光, まちあるき、都市散策, おいしいものを食べる",在来線,在来線,とても満足,朝イチだったので、人も少なく、ゆったり電車移動ができた。昼前に到着し有意義な1日を過ごせたから。,"3,000円以上 5,000円未満","10,000円以上 20,000円未満","20,000円以上 30,000円未満",2～5回目,"インターネット・アプリ, Instagram, 友人・知人, 毎年行っているお気に入りの店、場所",ひがし茶屋街,,尾山神社,,使わない,どちらでもない,信号待ちの間に、少し立ち寄っただけで特に何もみていないから,どちらでもない,少し立ち寄っただけなので、でも施設内に携帯の充電ができるところがあるのはありがたいと思いました。,感じなかった,,5,次回利用して感じた時に,また行きたい（1年以内）,食を楽しみにしています。,女,1984,大阪府,大阪市,300万円以上 400万円未満,"能登牛が当たる, 動く３Dひゃくまんさんを見たい, なんとなく",,,
金沢エリア,金沢中央観光案内所,2024/02/04 15:50:14,同意する,1泊,1泊,金沢エリア  （湯涌温泉、深谷温泉、犀川温泉など）,石川県外には泊まらない,夫婦2人,"地元の美味しいものを食べる, 名所、旧跡の観光",在来線,徒歩,,,"5,000円以上 10,000円未満","10,000円以上 20,000円未満","10,000円以上 20,000円未満",初めて,観光協会等の案内所,兼六園,,尾山神社,,使わない,満足,,とても満足,ゆったりしていてじっくりと調べられた,感じなかった,,8,,機会があれば行きたい,カニを堪能したい,男,1956,奈良県,大和郡山市,400万円以上 500万円未満,能登牛が当たる,,,
金沢エリア,金沢中央観光案内所,2024/02/04 16:04:25,同意する,1泊,1泊,金沢エリア  （湯涌温泉、深谷温泉、犀川温泉など）,石川県外には泊まらない,自分ひとり,"地元の美味しいものを食べる, 名所、旧跡の観光, テーマパーク（遊園地、動物園、博物館など）",新幹線,"路線バス, 徒歩",不満,バスの運転手の人が他の地域に比べて高確率で運転が荒く、アナウンスが聞こえない,"5,000円以上 10,000円未満","1,000円以上 3,000円未満","20,000円以上 30,000円未満",2～5回目,観光パンフレット・ポスター,尾山神社,,選択なし/該当施設なし,石川県立美術館,"1,000円以上 3,000円未満",とても満足,積極的に声をかけられないず、案内を聞きに行くととても親切 にしてもらえる,とても満足,広くて綺麗、ひゃくまんさんがいる,感じなかった,,10,季節のおすすめのメニューやお酒、お土産の掲出が見たい。パンフレットのように選んで開くものでなく、パッと目に入るような情報がほしい,機会があれば行きたい,金沢から温泉地への移動しやすさ,女,1989,東京都,稲城市,300万円以上 400万円未満,ひゃくまさんが好き,,,8番らーめん
金沢エリア,金沢中央観光案内所,2024/02/04 19:55:14,同意する,日帰り,石川県内には宿泊しない,石川県内には宿泊しない,石川県外には泊まらない,小学生以下連れの家族,名所、旧跡の観光,県外から訪れていない（石川県内在住）,自家用車,,,使わない,"1,000円以上 3,000円未満","5,000円以上 10,000円未満",初めて,観光展・物産展,尾山神社,,選択なし/該当施設なし,,使わない,どちらでもない,,どちらでもない,,感じなかった,,8,,石川県在住,特になし,無回答,1988,石川県,金沢市,500万円以上 600万円未満,ひゃくまさんが好き,,,
金沢エリア,金沢中央観光案内所,2024/02/05 14:48:20,同意する,1泊,1泊,金沢エリア  （湯涌温泉、深谷温泉、犀川温泉など）,石川県外には泊まらない,高校生,"名所、旧跡の観光, 出張など仕事関係",自家用車,自家用車,,,"20,000円以上 30,000円未満","10,000円以上 20,000円未満","10,000円以上 20,000円未満",初めて,観光協会等の案内所,金沢21世紀美術館,,尾山神社,,使わない,どちらでもない,,満足,,感じなかった,,3,,また行きたい（1年以内）,特になし,女,1979,福井県,坂井市,"900万円以上 1,000万円未満",能登牛が当たる,,,
金沢エリア,金沢中央観光案内所,2024/02/06 11:00:43,同意する,4泊以上,4泊以上,金沢エリア  （湯涌温泉、深谷温泉、犀川温泉など）,石川県外には泊まらない,親,"宿でのんびり過ごす, 温泉や露天風呂, 地元の美味しいものを食べる, 名所、旧跡の観光, 買い物、アウトレット, まちあるき、都市散策, 友人・親戚を訪ねる",県外から訪れていない（石川県内在住）,徒歩,,,"20,000円以上 30,000円未満","20,000円以上 30,000円未満","20,000円以上 30,000円未満",2～5回目,友人・知人,選択なし/該当施設なし,白山ひめ神社,尾山神社,,使わない,満足,パンフレット資料の充実,満足,パンフレットが充実している,感じなかった,,10,,石川県在住,郷土料理の講座,女,1947,石川県,珠洲市,100万円以上 200万円未満,能登牛が当たる,,,自然が豊かで食べものが美味しい
金沢エリア,金沢中央観光案内所,2024/02/07 15:36:17,同意する,1泊,1泊,金沢エリア  （湯涌温泉、深谷温泉、犀川温泉など）,富山県,自分ひとり,"名所、旧跡の観光, 買い物、アウトレット",新幹線,徒歩,とても満足,,"5,000円以上 10,000円未満","5,000円以上 10,000円未満","5,000円以上 10,000円未満",初めて,タクシードライバーや地元の人,兼六園,,尾山神社,,使わない,不満,,満足,,感じた,,8,,機会があれば行きたい,OK,男,1984,東京都,渋谷区,"1,200万円以上 1,500万円未満",能登牛が当たる,,,
金沢エリア,金沢中央観光案内所,2024/02/07 18:30:49,同意する,1泊,1泊,金沢エリア  （湯涌温泉、深谷温泉、犀川温泉など）,石川県外には泊まらない,夫婦と親戚,"地元の美味しいものを食べる, 名所、旧跡の観光, 各種体験（手作り、果物狩りなど）","新幹線, 在来線",徒歩,,,"10,000円以上 20,000円未満","20,000円以上 30,000円未満","20,000円以上 30,000円未満",初めて,歩いていて見つけた,金沢21世紀美術館,,選択なし/該当施設なし,案内所で紹介していただいた、飲食店,使わない,満足,案内の方が親切,満足,きれい,感じなかった,,7,ひゃくまんさんグッズを置いて欲しい,機会があれば行きたい,夜間の観光スポットが少し少ない,男,1971,茨城県,龍ケ崎市,700万円以上 800万円未満,ひゃくまさんが好き,,,自分でプランが無い人は相談した方が良い
金沢エリア,金沢中央観光案内所,2024/02/07 18:31:17,同意する,1泊,1泊,金沢エリア  （湯涌温泉、深谷温泉、犀川温泉など）,石川県外には泊まらない,夫婦2人,"地元の美味しいものを食べる, 名所、旧跡の観光",新幹線,路線バス,満足,車窓からの眺めがとても良く新幹線内も退屈せず過ごせました,"10,000円以上 20,000円未満","20,000円以上 30,000円未満","30,000円以上 40,000円未満",初めて,"観光展・物産展, 新聞・雑誌・ガイドブック, TV・ラジオ番組やCM",金沢21世紀美術館,プールに入れないのが残念だったけどぜひ行きたい場所だった,ひがし茶屋街,街並みが大好きな雰囲気なので是非行ってみたい,"1,000円未満",とても満足,夕食の場所　おすすめを教えてくれた,とても満足,優しい方だとた,感じなかった,,10,退屈しない　金沢は品があり好きです,また行きたい（1年以内）,土産もたくさんでワクワクする,女,1973,茨城県,龍ケ崎市,100万円未満,"ひゃくまさんが好き, ARでひゃくまんさんと写真が撮りたかった, ひゃくまんさんの名刺をコレクションしている, 動く３Dひゃくまんさんを見たい",,,見るもの食べるもの沢山
金沢エリア,金沢中央観光案内所,2024/02/07 18:38:33,同意する,1泊,1泊,金沢エリア  （湯涌温泉、深谷温泉、犀川温泉など）,石川県外には泊まらない,親,"地元の美味しいものを食べる, 名所、旧跡の観光","新幹線, 在来線",徒歩,,,"5,000円以上 10,000円未満","10,000円以上 20,000円未満","3,000円以上 5,000円未満",初めて,観光パンフレット・ポスター,金沢21世紀美術館,,兼六園,,使わない,とても満足,金沢の観光地、その他情報についてよく知ることができたから,とても満足,建物が綺麗,感じなかった,,10,,機会があれば行きたい,特になし,男,2001,茨城県,龍ケ崎市,200万円以上 300万円未満,ひゃくまさんが好き,,,観光する場所が一箇所に集中しているので観光しやすく、楽しいから
金沢エリア,金沢中央観光案内所,2024/02/08 17:13:27,同意する,1泊,1泊,金沢エリア  （湯涌温泉、深谷温泉、犀川温泉など）,石川県外には泊まらない,夫婦2人,地元の美味しいものを食べる,在来線,徒歩,,,"10,000円以上 20,000円未満","10,000円以上 20,000円未満","50,000円以上 100,000円未満",初めて,観光協会等の案内所,ひがし茶屋街,,兼六園,,"1,000円以上 3,000円未満",満足,,とても満足,,感じなかった,,10,,また行きたい（1年以内）,もう少し安ければいいかな。,女,1973,兵庫県,神戸市,700万円以上 800万円未満,能登牛が当たる,,,
金沢エリア,金沢中央観光案内所,2024/02/10 17:11:56,同意する,4泊以上,3泊,石川県内には宿泊しない,福井県,自分ひとり,"名所、旧跡の観光, まちあるき、都市散策","新幹線, 在来線",徒歩,どちらでもない,I am not japanese,"1,000円以上 3,000円未満","50,000円以上 100,000円未満","10,000円以上 20,000円未満",初めて,"観光協会等の案内所, passby",尾山神社,,近江町市場,,使わない,どちらでもない,closed,とても満足,tender service,感じなかった,,10,I have came after 5 p.m.,また行きたい（1年以内）,need more 飲食店,女,1980,沖縄県,沖縄市,300万円以上 400万円未満,石川県のおすすめ観光スポットが見たい,,,I like stamp collecting event of 金沢城跡 a lot
金沢エリア,金沢中央観光案内所,2024/02/10 17:59:36,同意する,1泊,1泊,金沢エリア  （湯涌温泉、深谷温泉、犀川温泉など）,石川県外には泊まらない,友人,"地元の美味しいものを食べる, 名所、旧跡の観光, お祭りやイベントへの参加・見物",在来線,路線バス,とても満足,バスの便数も多く、移動がスムーズで楽だった,"5,000円以上 10,000円未満","1,000円以上 3,000円未満","10,000円以上 20,000円未満",2～5回目,"観光展・物産展, 新聞・雑誌・ガイドブック, 観光パンフレット・ポスター, Instagram, 観光協会等の案内所",尾山神社,,近江町市場,,使わない,とても満足,,とても満足,,感じなかった,,10,,また行きたい（1年以内）,特になし,女,1971,兵庫県,宝塚市,"1,500万円以上",能登牛が当たる,,,
金沢エリア,金沢中央観光案内所,2024/02/10 19:21:21,同意する,2泊,2泊,金沢エリア  （湯涌温泉、深谷温泉、犀川温泉など）,石川県外には泊まらない,親,"地元の美味しいものを食べる, 名所、旧跡の観光, 買い物、アウトレット, 復興支援になればと思いました",新幹線,徒歩,,,"30,000円以上 40,000円未満","1,000円未満","20,000円以上 30,000円未満",2～5回目,歩いていて見かけました,尾山神社,,選択なし/該当施設なし,,使わない,どちらでもない,,どちらでもない,,感じなかった,,5,,また行きたい（1年以内）,地酒をじっくり飲める場所をもっと増やしてほしい,女,1983,東京都,北区,500万円以上 600万円未満,"能登牛が当たる, ひゃくまさんが好き",,,
金沢エリア,金沢中央観光案内所,2024/02/10 20:09:34,同意する,4泊以上,4泊以上,金沢エリア  （湯涌温泉、深谷温泉、犀川温泉など）,石川県外には泊まらない,自分ひとり,出張など仕事関係,新幹線,"路線バス, 徒歩",とても満足,バスの本数も多く、徒歩とバス柔軟に選択しながら観光できました,"5,000円以上 10,000円未満","1,000円以上 3,000円未満","40,000円以上 50,000円未満",初めて,友人・知人,ひがし茶屋街,,尾山神社,,使わない,とても満足,金沢以外の観光情報もあり、いつかの次どこに行こうかと楽しくなりました,とても満足,綺麗で居心地が良かったです,感じなかった,,10,あったのかも知れませんが、サイクリングの貸し出しや自転車の駐車場があると良いなと思いました,機会があれば行きたい,このまま古き良きものと落ち着いた雰囲気の残るままでいて欲しいと思います。,女,1986,東京都,練馬区,600万円以上 700万円未満,良い場所だったので、より良く残り続けて欲しいと思ったため,,,
金沢エリア,金沢中央観光案内所,2024/02/10 20:44:21,同意する,日帰り,3泊,石川県内には宿泊しない,岐阜県,恋人,宿でのんびり過ごす,県外から訪れていない（石川県内在住）,自家用車,,,使わない,"40,000円以上 50,000円未満","40,000円以上 50,000円未満",11回目以上,新聞・雑誌・ガイドブック,選択なし/該当施設なし,,兼六園,,"20,000円以上 30,000円未満",とても満足,,とても満足,,感じた,,8,,また行きたい（1年以内）,あか,無回答,2008,秋田県,秋田市,100万円以上 200万円未満,ひゃくまんさんの名刺をコレクションしている,,,
金沢エリア,金沢中央観光案内所,2024/02/11 10:22:46,同意する,日帰り,2泊,加賀エリア （山代温泉、山中温泉、片山津温泉、粟津温泉、辰口温泉、加賀市、小松市など）,富山県,恋人,"温泉や露天風呂, 地元の美味しいものを食べる",レンタカー,"レンタカー, タクシー",とても満足,,"10,000円以上 20,000円未満","5,000円以上 10,000円未満","5,000円以上 10,000円未満",2～5回目,"観光協会等の案内所, タクシードライバーや地元の人",兼六園,,金沢21世紀美術館,,"20,000円以上 30,000円未満",とても満足,,とても満足,,感じなかった,,8,,また行きたい（1年以内）,なし,女,1953,山形県,鶴岡市,300万円以上 400万円未満,石川県のおすすめ観光スポットが見たい,,,
金沢エリア,金沢中央観光案内所,2024/02/11 10:57:16,同意する,4泊以上,4泊以上,石川県内には宿泊しない,石川県外には泊まらない,親,"宿でのんびり過ごす, 名所、旧跡の観光",レンタカー,レンタカー,満足,,"40,000円以上 50,000円未満","20,000円以上 30,000円未満","20,000円以上 30,000円未満",初めて,"観光展・物産展, 新聞・雑誌・ガイドブック",近江町市場,,兼六園,,"10,000円以上 20,000円未満",満足,,満足,,感じた,,8,,機会があれば行きたい,🈚️,女,1984,秋田県,秋田市,600万円以上 700万円未満,動く３Dひゃくまんさんを見たい,,,
金沢エリア,金沢中央観光案内所,2024/02/11 13:24:37,同意する,2泊,2泊,金沢エリア  （湯涌温泉、深谷温泉、犀川温泉など）,石川県外には泊まらない,恋人,"宿でのんびり過ごす, 地元の美味しいものを食べる, テーマパーク（遊園地、動物園、博物館など）, まちあるき、都市散策",自家用車,自家用車,とても満足,道中も楽しかった！,"10,000円以上 20,000円未満","10,000円以上 20,000円未満","30,000円以上 40,000円未満",初めて,観光展・物産展,兼六園,,金沢21世紀美術館,,使わない,とても満足,お姉さん優しかった,とても満足,館内が綺麗,感じなかった,,10,,また行きたい（1年以内）,特になし,女,1997,島根県,松江市,500万円以上 600万円未満,能登牛が当たる,,,異文化を味わえる
金沢エリア,金沢中央観光案内所,2024/02/11 14:53:26,同意する,4泊以上,4泊以上,金沢エリア  （湯涌温泉、深谷温泉、犀川温泉など）,福井県,親,"温泉や露天風呂, 地元の美味しいものを食べる, 花見や紅葉などの自然鑑賞, 名所、旧跡の観光, まちあるき、都市散策",新幹線,徒歩,,,"5,000円以上 10,000円未満","30,000円以上 40,000円未満","5,000円以上 10,000円未満",初めて,観光協会等の案内所,兼六園,,金沢21世紀美術館,,使わない,どちらでもない,,どちらでもない,,感じなかった,,5,,また行きたい（1年以内）,おいしいお寿司屋さん,女,1986,大阪府,東大阪市,400万円以上 500万円未満,能登牛が当たる,,,
金沢エリア,金沢中央観光案内所,2024/02/11 16:24:33,同意する,2泊,2泊,金沢エリア  （湯涌温泉、深谷温泉、犀川温泉など）,石川県外には泊まらない,夫婦2人,"地元の美味しいものを食べる, まちあるき、都市散策",飛行機,徒歩,,,"10,000円以上 20,000円未満","1,000円以上 3,000円未満","40,000円以上 50,000円未満",初めて,観光協会等の案内所,尾山神社,,ひがし茶屋街,,"1,000円未満",満足,,満足,,感じなかった,,7,,機会があれば行きたい,海鮮🦀,男,1960,神奈川県,横浜市,"1,200万円以上 1,500万円未満",なんとなく,,,安心感！
金沢エリア,金沢中央観光案内所,2024/02/11 16:28:33,同意する,2泊,2泊,金沢エリア  （湯涌温泉、深谷温泉、犀川温泉など）,石川県外には泊まらない,自分ひとり,北陸応援の気持ちで来ました,新幹線,徒歩,,,"5,000円以上 10,000円未満","1,000円未満","10,000円以上 20,000円未満",初めて,観光パンフレット・ポスター,尾山神社,,ひがし茶屋街,,"1,000円未満",満足,質問に丁寧に回答してくれました,満足,新しくて綺麗です,感じなかった,,10,地元ではでしか買えない商品を教えて欲しい,また行きたい（1年以内）,和菓子,女,1970,東京都,中野区,"1,000万円以上 1,200万円未満",能登牛が当たる,,,どの季節もきれいだと思うので
金沢エリア,金沢中央観光案内所,2024/02/11 17:42:50,同意する,2泊,1泊,金沢エリア  （湯涌温泉、深谷温泉、犀川温泉など）,富山県,恋人,地元の美味しいものを食べる,"新幹線, 在来線",徒歩,,,"5,000円以上 10,000円未満","20,000円以上 30,000円未満","40,000円以上 50,000円未満",初めて,観光協会等の案内所,近江町市場,,ひがし茶屋街,,使わない,満足,観光情報がまとまっていた。,満足,設備がきれい。,感じなかった,,9,,機会があれば行きたい,海鮮を中心とした食事がおいしいこと,男,1996,東京都,文京区,300万円以上 400万円未満,能登牛が当たる,,,食事が美味しい。
金沢エリア,金沢中央観光案内所,2024/02/12 15:42:13,同意する,4泊以上,4泊以上,金沢エリア  （湯涌温泉、深谷温泉、犀川温泉など）,奈良県,職場の同僚,"温泉や露天風呂, 地元の美味しいものを食べる, 花見や紅葉などの自然鑑賞, 名所、旧跡の観光",在来線,徒歩,とても満足,良かった,"10,000円以上 20,000円未満","5,000円以上 10,000円未満","5,000円以上 10,000円未満",2～5回目,観光展・物産展,兼六園,,近江町市場,,"1,000円以上 3,000円未満",とても満足,良かった,とても満足,良かった,感じなかった,,9,,また行きたい（1年以内）,なしら,男,1988,奈良県,奈良市,600万円以上 700万円未満,なんとなく,,,良かった
金沢エリア,金沢中央観光案内所,2024/02/12 15:49:22,同意する,2泊,1泊,金沢エリア  （湯涌温泉、深谷温泉、犀川温泉など）,富山県,夫婦2人,"温泉や露天風呂, 地元の美味しいものを食べる, 友人・親戚を訪ねる",新幹線,"路線バス, 徒歩",満足,,"40,000円以上 50,000円未満","40,000円以上 50,000円未満","20,000円以上 30,000円未満",初めて,たまたま歩いていて見つけた,選択なし/該当施設なし,武家屋敷,近江町市場,,使わない,満足,,満足,,感じなかった,,9,,機会があれば行きたい,地元の新鮮な魚,女,1990,東京都,文京区,"1,000万円以上 1,200万円未満","能登牛が当たる, ひゃくまさんが好き",,,
金沢エリア,金沢中央観光案内所,2024/02/13 13:19:17,同意する,3泊,2泊,金沢エリア  （湯涌温泉、深谷温泉、犀川温泉など）,富山県,自分ひとり,"名所、旧跡の観光, まちあるき、都市散策, 友人・親戚を訪ねる",新幹線,"路線バス, 徒歩",不満,巡回バスの左回りが運休のため路線バスは観光客には分かりにくく、時間も読めないため不便。金沢ほどの都会で交通系ICカードが使えないのはありえない…,"10,000円以上 20,000円未満","5,000円以上 10,000円未満","10,000円以上 20,000円未満",初めて,通りすがり,尾山神社,,選択なし/該当施設なし,尾崎神社,使わない,どちらでもない,特にサービスは受けていないので,満足,きれい,感じなかった,地図検索と休憩に寄っただけなので,5,今のままで良いです,機会があれば行きたい,金沢以外の情報がもっと欲しい,女,1980,神奈川県,横浜市,800万円以上 900万円未満,"能登牛が当たる, ひゃくまさんが好き, なんとなく",,,白山比咩神社、鶴来、静かで良かった
金沢エリア,金沢中央観光案内所,2024/02/13 20:55:58,同意する,2泊,2泊,金沢エリア  （湯涌温泉、深谷温泉、犀川温泉など）,石川県外には泊まらない,親,"温泉や露天風呂, 地元の美味しいものを食べる, 名所、旧跡の観光, まちあるき、都市散策",在来線,"路線バス, 徒歩",満足,バスが比較的たくさんある,"5,000円以上 10,000円未満","10,000円以上 20,000円未満","10,000円以上 20,000円未満",初めて,通りすがり,尾山神社,,兼六園,,使わない,どちらでもない,上品だった,満足,パンフがたくさんあった,感じなかった,,10,カニの甲羅揚げがたべたい,また行きたい（1年以内）,地産地消,女,1975,大阪府,西区,300万円以上 400万円未満,"能登牛が当たる, ひゃくまさんが好き, ひゃくまんさんの名刺をコレクションしている, 動く３Dひゃくまんさんを見たい, 石川県のおすすめ観光スポットが見たい, 石川県の雑学を知りたい, なんとなく",,,情報収集でき？
金沢エリア,金沢中央観光案内所,2024/02/14 22:35:14,同意する,4泊以上,2泊,金沢エリア  （湯涌温泉、深谷温泉、犀川温泉など）,大阪、新潟,夫婦と友人夫婦６人,"地元の美味しいものを食べる, 名所、旧跡の観光","新幹線, 飛行機","路線バス, 徒歩",不満,PASMOやSuicaがバスで使えなかった,"10,000円以上 20,000円未満","30,000円以上 40,000円未満","30,000円以上 40,000円未満",初めて,見かけたから,選択なし/該当施設なし,駅でお土産を買った,選択なし/該当施設なし,夕食を食べた,"1,000円未満",満足,係員の方が親切だった,どちらでもない,欲しかったパンフレットが英語版しかなかった,感じた,同上,10,,機会があれば行きたい,特になし,女,1957,北海道,旭川市,500万円以上 600万円未満,なんとなく,,,まだ着いたばかりなので今回の感想は書けないが、金沢はこじんまりとまとまっている街だから便利で薦めたい
金沢エリア,金沢中央観光案内所,2024/02/15 2:58:14,同意する,3泊,2泊,金沢エリア  （湯涌温泉、深谷温泉、犀川温泉など）,石川県外には泊まらない,恋人,"地元の美味しいものを食べる, 花見や紅葉などの自然鑑賞, 名所、旧跡の観光, まちあるき、都市散策, 各種体験（手作り、果物狩りなど）",夜行バス,"路線バス, 徒歩",満足,JRのバスは親切だったが、運転の荒いバスもあったので乗り心地が悪かった。,"10,000円以上 20,000円未満","10,000円以上 20,000円未満","30,000円以上 40,000円未満",初めて,"インターネット・アプリ, Instagram, 友人・知人",金沢21世紀美術館,,近江町市場,,"30,000円以上 40,000円未満",とても満足,,とても満足,,感じなかった,,10,,また行きたい（1年以内）,3日間本当に楽しかったです。彼女の誕生日にいい思い出作りができ、また金沢に来ます。,男,2003,香川県,綾歌郡綾川町,100万円未満,能登牛が当たる,,,
金沢エリア,金沢中央観光案内所,2024/02/15 11:40:45,同意する,1泊,1泊,金沢エリア  （湯涌温泉、深谷温泉、犀川温泉など）,石川県外には泊まらない,夫婦2人,"地元の美味しいものを食べる, 名所、旧跡の観光",在来線,"在来線, 路線バス",満足,バスがたくさん走っている,"10,000円以上 20,000円未満","10,000円以上 20,000円未満","10,000円以上 20,000円未満",初めて,観光パンフレット・ポスター,尾山神社,,兼六園,,使わない,どちらでもない,パンフレットがたくさんあってよかった,満足,静かで落ち着く空間だった,感じなかった,特にありません,7,特にありません,機会があれば行きたい,金沢おでんや海産など、私が知らなかっただけかも知れませんが、もっと宣伝してもいいと思いました。,女,1974,大阪府,和泉市,800万円以上 900万円未満,"能登牛が当たる, ひゃくまさんが好き",,,尾山神社は期待以上に見応えがありました
金沢エリア,金沢中央観光案内所,2024/02/15 11:53:33,同意する,2泊,2泊,金沢エリア  （湯涌温泉、深谷温泉、犀川温泉など）,石川県外には泊まらない,夫婦2人,"地元の美味しいものを食べる, 名所、旧跡の観光, まちあるき、都市散策",新幹線,徒歩,,,"10,000円以上 20,000円未満","5,000円以上 10,000円未満","30,000円以上 40,000円未満",初めて,友人・知人,選択なし/該当施設なし,,近江町市場,,使わない,どちらでもない,,どちらでもない,,感じなかった,,7,パンフレット記載以外の住んでいる方オススメグルメおみやげが知れると嬉しい,また行きたい（1年以内）,地元の方オススメスポットが知りたい。行ってみたい。,女,1962,東京都,港区,500万円以上 600万円未満,"能登牛が当たる, 石川県のおすすめ観光スポットが見たい",,,ゆったりしている
金沢エリア,金沢中央観光案内所,2024/02/16 11:22:09,同意する,1泊,1泊,金沢エリア  （湯涌温泉、深谷温泉、犀川温泉など）,石川県外には泊まらない,夫婦2人,"宿でのんびり過ごす, 温泉や露天風呂, 地元の美味しいものを食べる, 名所、旧跡の観光",在来線,路線バス,満足,,"20,000円以上 30,000円未満","5,000円以上 10,000円未満","10,000円以上 20,000円未満",2～5回目,旅館スタッフの案内,尾山神社,,金沢21世紀美術館,,使わない,どちらでもない,おすすめのお土産も置いてたら良かった,どちらでもない,,感じなかった,,5,,機会があれば行きたい,美味しい地場食材が豊富なのでまた訪れたい,女,1976,大阪府,大阪市,600万円以上 700万円未満,"能登牛が当たる, ひゃくまさんが好き",,,
金沢エリア,金沢中央観光案内所,2024/02/16 16:53:41,同意する,1泊,1泊,金沢エリア  （湯涌温泉、深谷温泉、犀川温泉など）,石川県外には泊まらない,親,"宿でのんびり過ごす, 温泉や露天風呂, 地元の美味しいものを食べる, 名所、旧跡の観光, 買い物、アウトレット, まちあるき、都市散策",在来線,"在来線, 路線バス, 徒歩",満足,バスの方は親切に乗り場を教えてくれました。,"5,000円以上 10,000円未満","1,000円以上 3,000円未満","10,000円以上 20,000円未満",2～5回目,"TV・ラジオ番組やCM, インターネット・アプリ, Facebook",近江町市場,,ひがし茶屋街,,"10,000円以上 20,000円未満",満足,綺麗な街で心地よなったです。蓄音機の博物館がとても良かったです。,満足,このまま続けて続けてください。,感じなかった,大丈夫です。,10,コスパの良い内容,また行きたい（1年以内）,ご当地グルメ,女,1995,大阪府,吹田市,200万円以上 300万円未満,"動く３Dひゃくまんさんを見たい, 石川県のおすすめ観光スポットが見たい",,,蓄音機
金沢エリア,金沢中央観光案内所,2024/02/16 16:56:12,同意する,1泊,1泊,金沢エリア  （湯涌温泉、深谷温泉、犀川温泉など）,石川県外には泊まらない,家族,"温泉や露天風呂, 地元の美味しいものを食べる, 名所、旧跡の観光, まちあるき、都市散策",在来線,"路線バス, 徒歩",どちらでもない,バス料金は全区間統一の方がわかりやすくてありがたいです。,"5,000円以上 10,000円未満","5,000円以上 10,000円未満","10,000円以上 20,000円未満",2～5回目,通りすがり,近江町市場,,ひがし茶屋街,,"1,000円以上 3,000円未満",満足,特になしです。,満足,,感じなかった,,8,石川県の各エリアのスタッフさんイチオシのごはん屋さん特集があると嬉しいです。地元の方のご意見やアドバイスは観光する上でとても参考になります。,また行きたい（1年以内）,関西では味わえない新鮮でおいしい冬の味覚がリーズナブルに味わえること。石川県でしか体験できないアクティビティ。地産地消。,女,1988,大阪府,吹田市,"900万円以上 1,000万円未満","能登牛が当たる, ひゃくまさんが好き, 石川県のおすすめ観光スポットが見たい, 石川県の雑学を知りたい",,,近江町市場。冬の海鮮尽くしは今までで一番最高でした。のどぐろ、白子、寒ぶり、たくさん堪能しました。。
金沢エリア,金沢中央観光案内所,2024/02/17 11:36:30,同意する,2泊,1泊,金沢エリア  （湯涌温泉、深谷温泉、犀川温泉など）,岐阜県,小学生以下連れの家族,"地元の美味しいものを食べる, 名所、旧跡の観光, まちあるき、都市散策",レンタカー,"レンタカー, 徒歩",満足,,"5,000円以上 10,000円未満","3,000円以上 5,000円未満","10,000円以上 20,000円未満",初めて,通りすがり,尾山神社,,兼六園,,使わない,満足,,満足,,感じなかった,,7,,機会があれば行きたい,子どもの好きな食べ物,女,1980,大阪府,豊中市,800万円以上 900万円未満,"能登牛が当たる, ひゃくまさんが好き",,,
金沢エリア,金沢中央観光案内所,2024/02/17 15:34:52,同意する,4泊以上,4泊以上,金沢エリア  （湯涌温泉、深谷温泉、犀川温泉など）,石川県外には泊まらない,夫婦2人,"地元の美味しいものを食べる, 花見や紅葉などの自然鑑賞, 出張など仕事関係",飛行機,自家用車,満足,,"40,000円以上 50,000円未満","3,000円以上 5,000円未満","10,000円以上 20,000円未満",初めて,観光展・物産展,兼六園,,兼六園,,"1,000円未満",満足,,満足,,感じなかった,,8,,あまり行きたいと思わない,特になし,男,1981,東京都,足立区,100万円未満,なんとなく,,,
金沢エリア,金沢中央観光案内所,2024/02/18 14:31:02,同意する,2泊,2泊,金沢エリア  （湯涌温泉、深谷温泉、犀川温泉など）,石川県外には泊まらない,親,"宿でのんびり過ごす, 地元の美味しいものを食べる, 花見や紅葉などの自然鑑賞",飛行機,"路線バス, 徒歩",どちらでもない,複数のバスがあり迷った,"50,000円以上 100,000円未満","3,000円以上 5,000円未満","10,000円以上 20,000円未満",初めて,"観光展・物産展, Instagram",兼六園,,尾山神社,,使わない,満足,ガイドマップが豊富,満足,綺麗,感じなかった,,7,,また行きたい（1年以内）,駐車場が豊富にあると良いと思った,女,1997,千葉県,千葉市,800万円以上 900万円未満,能登牛が当たる,,,ご飯が美味しい、街並みが綺麗
金沢エリア,金沢中央観光案内所,2024/02/18 19:20:07,同意する,1泊,1泊,金沢エリア  （湯涌温泉、深谷温泉、犀川温泉など）,石川県外には泊まらない,夫婦2人,"地元の美味しいものを食べる, 買い物、アウトレット, まちあるき、都市散策",在来線,"路線バス, 徒歩",とても満足,運賃が定額なので使いやすい,"5,000円以上 10,000円未満","5,000円以上 10,000円未満","5,000円以上 10,000円未満",初めて,観光パンフレット・ポスター,選択なし/該当施設なし,,尾山神社,,使わない,満足,お店の場所を聞くと親切に教えてもらえた,満足,観光パンフレットが多く、ゆっくり閲覧する場所がある,感じなかった,,10,ここでしか買えない土産を扱ってもらえれば嬉しいと思います。,また行きたい（1年以内）,特になし,男,1978,和歌山県,和歌山市,"900万円以上 1,000万円未満",能登牛が当たる,,,寿司やおでんなどの金沢グルメがどれを食べても美味しかったから
金沢エリア,金沢中央観光案内所,2024/02/18 20:01:10,同意する,1泊,1泊,金沢エリア  （湯涌温泉、深谷温泉、犀川温泉など）,石川県外には泊まらない,夫婦2人,"地元の美味しいものを食べる, 名所、旧跡の観光, まちあるき、都市散策",在来線,在来線,満足,,"5,000円以上 10,000円未満","5,000円以上 10,000円未満","5,000円以上 10,000円未満",2～5回目,"観光パンフレット・ポスター, 観光協会等の案内所",尾山神社,,近江町市場,,"3,000円以上 5,000円未満",満足,,満足,,感じなかった,,3,,また行きたい（1年以内）,足湯か手湯の施設が金沢市内の街中であれば嬉しい,女,1976,和歌山県,和歌山市,"900万円以上 1,000万円未満",ひゃくまさんが好き,,,
金沢エリア,金沢中央観光案内所,2024/02/19 15:07:36,同意する,2泊,2泊,金沢エリア  （湯涌温泉、深谷温泉、犀川温泉など）,石川県外には泊まらない,自分ひとり,名所、旧跡の観光,旅行会社ツアーバス,自家用車,とても満足,,"1,000円以上 3,000円未満",使わない,使わない,初めて,観光展・物産展,兼六園,,兼六園,,使わない,とても満足,,とても満足,,感じた,,10,,また行きたい（1年以内）,nashi,女,1985,京都府,京都市,100万円以上 200万円未満,ひゃくまさんが好き,,,
金沢エリア,金沢中央観光案内所,2024/02/19 15:09:53,同意する,日帰り,石川県内には宿泊しない,石川県内には宿泊しない,日帰り,自分ひとり,"地元の美味しいものを食べる, まちあるき、都市散策","新幹線, 在来線",徒歩,,,使わない,"10,000円以上 20,000円未満","10,000円以上 20,000円未満",初めて,たまたま見つけた,近江町市場,,近江町市場,,使わない,満足,係の方の対応,満足,豊富なパンフレット,感じなかった,,10,カフェがあると良いですね！,また行きたい（1年以内）,蟹、フグなどを銘酒と味わえる場所をわかりやすく案内していただきたいし、そういったお店が増えると嬉しいです。,男,1973,東京都,文京区,"1,500万円以上","能登牛が当たる, ひゃくまさんが好き",,,鮨屋　大国鮨に行ったが主人も高齢で、お元気なうちに再訪したいと思ったから
金沢エリア,金沢中央観光案内所,2024/02/19 16:47:05,同意する,1泊,1泊,金沢エリア  （湯涌温泉、深谷温泉、犀川温泉など）,石川県外には泊まらない,夫婦2人,地元の美味しいものを食べる,在来線,徒歩,満足,武家屋敷を見ながら尾山神社に向かう途中で寄りました。ちょうど良い場所で休憩できました,"5,000円以上 10,000円未満","10,000円以上 20,000円未満","20,000円以上 30,000円未満",初めて,観光パンフレット・ポスター,尾山神社,,選択なし/該当施設なし,夕飯食べにいきます,使わない,満足,ゆっくりるるぶを読んで、明日の計画をたてられました,満足,キレイで椅子もたくさんあって、ゆっくりできる,感じなかった,,5,ドリンクサービスがあれば良いな。,機会があれば行きたい,カニ面が食べてみたいから、その時期にまた来たいです,女,1969,兵庫県,神戸市,600万円以上 700万円未満,能登牛が当たる,,,金沢はコンパクトにまとまっていて、歩いて回るのも全然大丈夫とわかったから
金沢エリア,金沢中央観光案内所,2024/02/19 19:27:00,同意する,4泊以上,4泊以上,金沢エリア  （湯涌温泉、深谷温泉、犀川温泉など）,石川県外には泊まらない,夫婦2人,"名所、旧跡の観光, まちあるき、都市散策, 友人・親戚を訪ねる",在来線,"路線バス, 徒歩",満足,不便は感じなかった,"50,000円以上 100,000円未満","40,000円以上 50,000円未満","30,000円以上 40,000円未満",初めて,観光展・物産展,尾山神社,,選択なし/該当施設なし,,使わない,満足,特に不満はない,満足,特に不満はない,感じなかった,,10,,機会があれば行きたい,特になし,男,1954,島根県,出雲市,100万円未満,なんとなく,,,長期旅程でも観光できる観光地が多く楽しめたため
金沢エリア,金沢中央観光案内所,2024/02/19 21:56:12,同意する,1泊,1泊,金沢エリア  （湯涌温泉、深谷温泉、犀川温泉など）,石川県外には泊まらない,自分ひとり,"宿でのんびり過ごす, 温泉や露天風呂, 地元の美味しいものを食べる",在来線,徒歩,,,"10,000円以上 20,000円未満","10,000円以上 20,000円未満","10,000円以上 20,000円未満",初めて,インターネット・アプリ,選択なし/該当施設なし,加賀温泉,選択なし/該当施設なし,金沢レトロ建築群。武家屋敷,使わない,どちらでもない,,どちらでもない,,感じなかった,,10,,機会があれば行きたい,美味しい料理と美しい景色。温泉。愛知県から割と近い,男,1970,愛知県,豊川市,600万円以上 700万円未満,能登牛が当たる,,,wifiや観光パンフレットがあり座る場所があるところ
金沢エリア,金沢中央観光案内所,2024/02/19 22:59:49,同意する,4泊以上,4泊以上,金沢エリア  （湯涌温泉、深谷温泉、犀川温泉など）,石川県外には泊まらない,自分ひとり,出張など仕事関係,在来線,徒歩,,,"5,000円以上 10,000円未満","10,000円以上 20,000円未満","30,000円以上 40,000円未満",初めて,たまたま前を通ったから,金沢21世紀美術館,,近江町市場,,使わない,どちらでもない,パンフレットは置いてあるが、それ以上でもそれ以下でもない。積極的に利用するメリットが感じられない。,どちらでもない,閉じたかんじがする。,感じなかった,,3,,機会があれば行きたい,地元のものを観光客向けではなく、地元向けの価格で飲食したい。観光客はぼったくられている感じがする。,男,1973,京都府,京都市,"900万円以上 1,000万円未満",能登牛が当たる,,,近江町市場、金沢21世紀美術館
金沢エリア,金沢中央観光案内所,2024/02/21 16:01:46,同意する,2泊,2泊,金沢エリア  （湯涌温泉、深谷温泉、犀川温泉など）,石川県外には泊まらない,夫婦2人,"宿でのんびり過ごす, 温泉や露天風呂, 地元の美味しいものを食べる",自家用車,"徒歩, レンタサイクル",とても満足,利用しやすいから,"10,000円以上 20,000円未満","5,000円以上 10,000円未満","20,000円以上 30,000円未満",2～5回目,"観光展・物産展, 新聞・雑誌・ガイドブック, インターネット・アプリ, 観光協会等の案内所",近江町市場,,兼六園,,"20,000円以上 30,000円未満",満足,食べ物が美味しい、とても満足にならないのは、お値段が高い,満足,,感じなかった,,9,,また行きたい（1年以内）,お得にお酒とお食事が楽しめる場所があればいい,男,1971,奈良県,奈良市,"1,000万円以上 1,200万円未満","能登牛が当たる, 石川県の雑学を知りたい",,,
金沢エリア,金沢中央観光案内所,2024/02/21 16:44:13,同意する,日帰り,石川県内には宿泊しない,石川県内には宿泊しない,石川県外には泊まらない,自分ひとり,友人・親戚を訪ねる,高速バス,徒歩,,,使わない,"1,000円未満","3,000円以上 5,000円未満",初めて,通りがかった,近江町市場,銭湯　香林坊,選択なし/該当施設なし,食事,使わない,とても満足,スマホの充電をさせて頂きました,とても満足,遅くまで開館時間がある事,感じなかった,,10,喫茶店,また行きたい（1年以内）,酒粕をお土産にしました　　,女,1967,東京都,品川区,200万円以上 300万円未満,なんとなく,,,銭湯　安価でゆっくり温まりました
金沢エリア,金沢中央観光案内所,2024/02/22 14:12:21,同意する,2泊,2泊,金沢エリア  （湯涌温泉、深谷温泉、犀川温泉など）,石川県外には泊まらない,親,"地元の美味しいものを食べる, 名所、旧跡の観光, 買い物、アウトレット, まちあるき、都市散策","新幹線, 在来線","路線バス, 徒歩",,,"5,000円以上 10,000円未満","50,000円以上 100,000円未満","30,000円以上 40,000円未満",初めて,"観光展・物産展, 新聞・雑誌・ガイドブック, 観光連盟やDMOのHP, インターネット・アプリ, X(旧：Twitter), Instagram",尾山神社,,選択なし/該当施設なし,石川県立美術館,"1,000円未満",満足,,満足,,感じなかった,,9,,機会があれば行きたい,特になし,女,1980,宮城県,仙台市,200万円以上 300万円未満,"能登牛が当たる, ひゃくまさんが好き, なんとなく",,,
金沢エリア,金沢中央観光案内所,2024/02/22 14:14:41,同意する,2泊,2泊,金沢エリア  （湯涌温泉、深谷温泉、犀川温泉など）,石川県外には泊まらない,次女と,"地元の美味しいものを食べる, 名所、旧跡の観光, まちあるき、都市散策",新幹線,路線バス,とても満足,どの路線も分かりやすくなっていて、素晴らしい！,"10,000円以上 20,000円未満","30,000円以上 40,000円未満","40,000円以上 50,000円未満",6～10回目,インターネット・アプリ,ひがし茶屋街,大樋焼美術館,選択なし/該当施設なし,,使わない,どちらでもない,,どちらでもない,,感じなかった,,10,,また行きたい（1年以内）,無し,女,1953,宮城県,仙台市,200万円以上 300万円未満,"動く３Dひゃくまんさんを見たい, 石川県のおすすめ観光スポットが見たい, 石川県の雑学を知りたい",,,
金沢エリア,金沢中央観光案内所,2024/02/23 11:15:20,同意する,1泊,1泊,金沢エリア  （湯涌温泉、深谷温泉、犀川温泉など）,石川県外には泊まらない,友人,"地元の美味しいものを食べる, 花見や紅葉などの自然鑑賞, 名所、旧跡の観光, まちあるき、都市散策",新幹線,"路線バス, 徒歩",とても満足,,"10,000円以上 20,000円未満","10,000円以上 20,000円未満","20,000円以上 30,000円未満",初めて,尾山神社から出て目についた,尾山神社,,近江町市場,,使わない,とても満足,,とても満足,,感じなかった,,10,,また行きたい（1年以内）,特になし,無回答,1996,東京都,杉並区,500万円以上 600万円未満,能登牛が当たる,,,
金沢エリア,金沢中央観光案内所,2024/02/23 12:27:10,同意する,2泊,2泊,金沢エリア  （湯涌温泉、深谷温泉、犀川温泉など）,石川県外には泊まらない,自分ひとり,"温泉や露天風呂, 地元の美味しいものを食べる",新幹線,"路線バス, 徒歩",不満,路線バスの種類が多く、どれに乗ればいいのか分かりにくかった。またSuica等のICカードが使えない,"10,000円以上 20,000円未満","20,000円以上 30,000円未満","30,000円以上 40,000円未満",初めて,たまたま通りがかった,選択なし/該当施設なし,県立美術館,選択なし/該当施設なし,,使わない,どちらでもない,,どちらでもない,,感じなかった,,9,,機会があれば行きたい,特になし,男,1994,東京都,豊島区,"900万円以上 1,000万円未満",能登牛が当たる,,,魚を中心としたご飯全般。リーズナブルに最高級のものが食べられる
金沢エリア,金沢中央観光案内所,2024/02/23 13:36:18,同意する,日帰り,石川県内には宿泊しない,石川県内には宿泊しない,石川県外には泊まらない,小学生以下連れの家族,地元の美味しいものを食べる,自家用車,自家用車,どちらでもない,,使わない,使わない,使わない,初めて,インターネット・アプリ,金沢21世紀美術館,,金沢21世紀美術館,,使わない,どちらでもない,,どちらでもない,,感じなかった,,10,,機会があれば行きたい,特になし,男,2000,石川県,加賀市,300万円以上 400万円未満,ひゃくまさんが好き,,,
金沢エリア,金沢中央観光案内所,2024/02/23 17:30:07,同意する,2泊,2泊,金沢エリア  （湯涌温泉、深谷温泉、犀川温泉など）,石川県外には泊まらない,夫婦2人,復興,飛行機,路線バス,どちらでもない,,"20,000円以上 30,000円未満","3,000円以上 5,000円未満","50,000円以上 100,000円未満",初めて,災害情報,近江町市場,,兼六園,,"1,000円未満",どちらでもない,,どちらでもない,,感じなかった,,8,,機会があれば行きたい,工業製品では無い自然なものを嗜みたい,男,1963,神奈川県,綾瀬市,"1,000万円以上 1,200万円未満",なんとなく,,,
金沢エリア,金沢中央観光案内所,2024/02/23 18:52:49,同意する,3泊,2泊,金沢エリア  （湯涌温泉、深谷温泉、犀川温泉など）,長野県,夫婦2人,"地元の美味しいものを食べる, 買い物、アウトレット, まちあるき、都市散策, 災害支援で、買い物をしようと来ました",自家用車,自家用車,,,"20,000円以上 30,000円未満","5,000円以上 10,000円未満","50,000円以上 100,000円未満",2～5回目,観光協会等の案内所,選択なし/該当施設なし,エムザ,選択なし/該当施設なし,買い物をしたのでホテルに戻ります,使わない,満足,落ち着く,満足,資料が豊富,感じなかった,,10,これからもよろしくお願いします,また行きたい（1年以内）,山あり海あり　都会であり田舎でもあり　とても素敵なところです　　能登の復旧復興をお祈りしつつ、美味しいものを買って帰ります,女,1962,群馬県,吾妻郡嬬恋村,"900万円以上 1,000万円未満","能登牛が当たる, ひゃくまさんが好き",,,街がきれい　食べ物が美味しい
金沢エリア,金沢中央観光案内所,2024/02/23 22:05:30,同意する,2泊,2泊,金沢エリア  （湯涌温泉、深谷温泉、犀川温泉など）,石川県外には泊まらない,親,"地元の美味しいものを食べる, お祭りやイベントへの参加・見物, まちあるき、都市散策, 各種体験（手作り、果物狩りなど）",在来線,徒歩,,,"10,000円以上 20,000円未満","10,000円以上 20,000円未満","10,000円以上 20,000円未満",初めて,通りがかったから。,近江町市場,,近江町市場,,使わない,満足,,満足,,感じなかった,,9,,機会があれば行きたい,落ち着いて海鮮丼が食べられる場所があれば嬉しいです。,女,2003,奈良県,奈良市,100万円未満,能登牛が当たる,,,
金沢エリア,金沢中央観光案内所,2024/02/23 22:18:21,同意する,4泊以上,4泊以上,金沢エリア  （湯涌温泉、深谷温泉、犀川温泉など）,石川県外には泊まらない,自分ひとり,出張など仕事関係,飛行機,徒歩,満足,徒歩圏内に名所が集中しているから,"30,000円以上 40,000円未満","10,000円以上 20,000円未満","50,000円以上 100,000円未満",初めて,街歩き,兼六園,,選択なし/該当施設なし,ほぼ訪れた,"1,000円未満",どちらでもない,特になし,満足,きれい,感じなかった,,8,,機会があれば行きたい,特になし,男,1975,鹿児島県,鹿児島市,600万円以上 700万円未満,"能登牛が当たる, ひゃくまさんが好き",,,
金沢エリア,金沢中央観光案内所,2024/02/23 22:48:07,同意する,2泊,2泊,金沢エリア  （湯涌温泉、深谷温泉、犀川温泉など）,石川県外には泊まらない,夫婦2人,地元の美味しいものを食べる,新幹線,路線バス,どちらでもない,それほどまたなかったから,"40,000円以上 50,000円未満","40,000円以上 50,000円未満","20,000円以上 30,000円未満",2～5回目,インターネット・アプリ,選択なし/該当施設なし,,ひがし茶屋街,,使わない,どちらでもない,,どちらでもない,,感じなかった,,5,,機会があれば行きたい,特になし,女,1963,千葉県,市川市,"1,500万円以上",能登牛が当たる,,,
金沢エリア,金沢中央観光案内所,2024/02/24 8:05:42,同意する,1泊,1泊,金沢エリア  （湯涌温泉、深谷温泉、犀川温泉など）,石川県外には泊まらない,恋人,"宿でのんびり過ごす, 地元の美味しいものを食べる, まちあるき、都市散策",在来線,"路線バス, 徒歩",とても満足,バス、徒歩圏内に観光地があり便利に移動できる,"10,000円以上 20,000円未満","5,000円以上 10,000円未満","20,000円以上 30,000円未満",初めて,観光協会等の案内所,選択なし/該当施設なし,忍者寺,近江町市場,,"1,000円未満",満足,色々な情報があった,満足,広くてきれい,感じなかった,,10,ニッチな情報,また行きたい（1年以内）,地元ならではのもの,女,1976,滋賀県,守山市,300万円以上 400万円未満,"能登牛が当たる, ひゃくまさんが好き",,,食べ物が美味しい、街並み
金沢エリア,金沢中央観光案内所,2024/02/24 8:09:29,同意する,1泊,1泊,金沢エリア  （湯涌温泉、深谷温泉、犀川温泉など）,石川県外には泊まらない,夫婦2人,"宿でのんびり過ごす, 地元の美味しいものを食べる, 名所、旧跡の観光, まちあるき、都市散策",在来線,在来線,とても満足,京都からサンダーバード乗り換えなしで来れたのでよかった。,"10,000円以上 20,000円未満","10,000円以上 20,000円未満","5,000円以上 10,000円未満",2～5回目,"観光展・物産展, TV・ラジオ番組やCM",近江町市場,,金沢21世紀美術館,,"3,000円以上 5,000円未満",とても満足,,とても満足,観光案内所のスペースも広く北陸のリーフレットなどもかなり多くアピールがすごいと感心しました。他県ではあまりみたことない。力の入れようがすごく感じられた。,感じなかった,,10,,機会があれば行きたい,このままで良いと思う,男,1971,大阪府,枚方市,500万円以上 600万円未満,"能登牛が当たる, ひゃくまさんが好き",,,食も観光も金沢駅前似宿泊すれば味会えること
金沢エリア,金沢中央観光案内所,2024/02/24 12:40:45,同意する,1泊,1泊,金沢エリア  （湯涌温泉、深谷温泉、犀川温泉など）,石川県外には泊まらない,家族,"温泉や露天風呂, 地元の美味しいものを食べる, 名所、旧跡の観光","在来線, 一部はころころサイコロきっぷ","タクシー, 路線バス, 徒歩",どちらでもない,,"5,000円以上 10,000円未満","10,000円以上 20,000円未満","5,000円以上 10,000円未満",初めて,通りがかり,尾山神社,,尾山神社,,使わない,どちらでもない,,満足,,感じなかった,,5,,機会があれば行きたい,特になし,女,1969,和歌山県,和歌山市,300万円以上 400万円未満,能登牛が当たる,,,
金沢エリア,金沢中央観光案内所,2024/02/24 18:06:29,同意する,3泊,2泊,金沢エリア  （湯涌温泉、深谷温泉、犀川温泉など）,岐阜県,自分ひとり,"花見や紅葉などの自然鑑賞, 名所、旧跡の観光",在来線,徒歩,,,"10,000円以上 20,000円未満","3,000円以上 5,000円未満","10,000円以上 20,000円未満",初めて,新聞・雑誌・ガイドブック,金沢21世紀美術館,,尾山神社,,使わない,とても満足,親切丁寧でした,とても不満,キレイでわかりやすい,感じなかった,,10,工芸館周辺でランチ難民になったので、昼ご飯が食べやすいところを教えてほしかったです,機会があれば行きたい,近江町市場で夜食べたい。,女,1967,大阪府,枚方市,300万円以上 400万円未満,ひゃくまさんが好き,,,地震のあとも頑張っていらっしゃるのが感じられたから
金沢エリア,金沢中央観光案内所,2024/02/24 18:46:41,同意する,3泊,2泊,金沢エリア  （湯涌温泉、深谷温泉、犀川温泉など）,富山県,恋人,"宿でのんびり過ごす, 地元の美味しいものを食べる",新幹線,徒歩,どちらでもない,,"50,000円以上 100,000円未満","20,000円以上 30,000円未満","30,000円以上 40,000円未満",初めて,友人・知人,近江町市場,,兼六園,,"20,000円以上 30,000円未満",とても不満,,どちらでもない,,感じなかった,,2,,あまり行きたいと思わない,特になし,女,1997,東京都,北区,"1,000万円以上 1,200万円未満",なんとなく,,,
金沢エリア,金沢中央観光案内所,2024/02/24 23:17:57,同意する,1泊,1泊,金沢エリア  （湯涌温泉、深谷温泉、犀川温泉など）,石川県外には泊まらない,友人,"宿でのんびり過ごす, 地元の美味しいものを食べる, 花見や紅葉などの自然鑑賞, 名所、旧跡の観光, 買い物、アウトレット, まちあるき、都市散策","新幹線, 在来線","路線バス, 徒歩",満足,全国の交通系ICカードが使えなかったこと以外は、満足であった。,"30,000円以上 40,000円未満","1,000円未満","10,000円以上 20,000円未満",初めて,通りかかった,選択なし/該当施設なし,,選択なし/該当施設なし,足軽,使わない,満足,,満足,,感じなかった,,10,,機会があれば行きたい,特になし,女,1998,東京都,世田谷区,400万円以上 500万円未満,ひゃくまんさんを折りたい,,,観光地として素晴らしい
金沢エリア,金沢中央観光案内所,2024/02/25 1:23:48,同意する,1泊,1泊,金沢エリア  （湯涌温泉、深谷温泉、犀川温泉など）,石川県外には泊まらない,友人,"温泉や露天風呂, 地元の美味しいものを食べる, 花見や紅葉などの自然鑑賞, 名所、旧跡の観光, 買い物、アウトレット, まちあるき、都市散策",新幹線,路線バス,とても満足,運転手が現金の両替などとても丁寧に対応してくれたため,"20,000円以上 30,000円未満","10,000円以上 20,000円未満","10,000円以上 20,000円未満",初めて,近くの看板,選択なし/該当施設なし,,選択なし/該当施設なし,足軽資料館,使わない,どちらでもない,,どちらでもない,,感じなかった,,5,,機会があれば行きたい,ひゃくまんさんの活躍,女,1998,東京都,江東区,"1,000万円以上 1,200万円未満","ひゃくまさんが好き, なんとなく",,,
金沢エリア,金沢中央観光案内所,2024/02/25 2:15:31,同意する,2泊,2泊,金沢エリア  （湯涌温泉、深谷温泉、犀川温泉など）,石川県外には泊まらない,友人,"宿でのんびり過ごす, 温泉や露天風呂, 地元の美味しいものを食べる, お祭りやイベントへの参加・見物, まちあるき、都市散策, 各種体験（手作り、果物狩りなど）, ラブライブ！蓮ノ空 聖地巡礼",新幹線,徒歩,満足,,"20,000円以上 30,000円未満","20,000円以上 30,000円未満","20,000円以上 30,000円未満",初めて,友人・知人,近江町市場,,ひがし茶屋街,,使わない,満足,,満足,,感じなかった,,10,,また行きたい（1年以内）,マグロ解体ショーがとても楽しかった,男,1995,千葉県,千葉市,300万円以上 400万円未満,ひゃくまさんが好き,,,
金沢エリア,金沢中央観光案内所,2024/02/25 10:31:09,同意する,日帰り,石川県内には宿泊しない,石川県内には宿泊しない,石川県外には泊まらない,中学生以下連れの家族,"地元の美味しいものを食べる, 名所、旧跡の観光, まちあるき、都市散策, 各種体験（手作り、果物狩りなど）, 観光業応援のため",飛行機,徒歩,,,使わない,"40,000円以上 50,000円未満","10,000円以上 20,000円未満",2～5回目,"新聞・雑誌・ガイドブック, 観光パンフレット・ポスター, インターネット・アプリ, 友人・知人",近江町市場,,尾山神社,,使わない,満足,資料が揃っている(街歩きのコンパクトな地図は友禅染会館にあったものの方が良かった。),満足,キレイで立地がよい,感じなかった,,10,金沢の歴史的なスクリーン上映(あまり長くないもの),また行きたい（1年以内）,今回は使わなかったが次回は自転車を利用したいので、一時自転車置き場などの充実,女,1968,東京都,国立市,"1,000万円以上 1,200万円未満",ひゃくまさんが好き,,,コンパクトな範囲で充実した観光名所がたくさんある。
金沢エリア,金沢中央観光案内所,2024/02/25 11:07:32,同意する,1泊,1泊,金沢エリア  （湯涌温泉、深谷温泉、犀川温泉など）,石川県外には泊まらない,恋人,"温泉や露天風呂, 地元の美味しいものを食べる",在来線,徒歩,,,"10,000円以上 20,000円未満","5,000円以上 10,000円未満","10,000円以上 20,000円未満",初めて,インターネット・アプリ,ひがし茶屋街,,近江町市場,,使わない,満足,,満足,,感じなかった,,8,,機会があれば行きたい,特に無し,男,1995,大阪府,大阪市,500万円以上 600万円未満,"能登牛が当たる, ひゃくまさんが好き",,,
金沢エリア,金沢中央観光案内所,2024/02/25 11:08:05,同意する,1泊,1泊,金沢エリア  （湯涌温泉、深谷温泉、犀川温泉など）,石川県外には泊まらない,両親とパートナー,"地元の美味しいものを食べる, 名所、旧跡の観光",在来線,徒歩,,,"10,000円以上 20,000円未満","10,000円以上 20,000円未満","5,000円以上 10,000円未満",初めて,"新聞・雑誌・ガイドブック, インターネット・アプリ, Instagram",ひがし茶屋街,,近江町市場,,"5,000円以上 10,000円未満",満足,声をかけてくれた,満足,暖かくて綺麗,感じなかった,,10,何を食べてもおいしい,また行きたい（1年以内）,特になし,女,1996,大阪府,大阪市,600万円以上 700万円未満,"能登牛が当たる, ひゃくまさんが好き",,,街並み
金沢エリア,金沢中央観光案内所,2024/02/25 16:22:11,同意する,日帰り,1泊,石川県内には宿泊しない,富山県,中学生以下連れの家族,地元の美味しいものを食べる,飛行機,路線バス,とても満足,,"10,000円以上 20,000円未満","20,000円以上 30,000円未満","10,000円以上 20,000円未満",2～5回目,インターネット・アプリ,金沢21世紀美術館,,ひがし茶屋街,,"5,000円以上 10,000円未満",とても満足,,とても満足,,感じなかった,,10,,また行きたい（1年以内）,特になし,女,2000,新潟県,上越市,300万円以上 400万円未満,ひゃくまさんが好き,,,
金沢エリア,金沢中央観光案内所,2024/02/25 20:48:13,同意する,1泊,1泊,金沢エリア  （湯涌温泉、深谷温泉、犀川温泉など）,石川県外には泊まらない,小学生以下連れの家族,"地元の美味しいものを食べる, 名所、旧跡の観光, まちあるき、都市散策",在来線,徒歩,,,"5,000円以上 10,000円未満","10,000円以上 20,000円未満","3,000円以上 5,000円未満",初めて,インターネット・アプリ,兼六園,,選択なし/該当施設なし,,使わない,どちらでもない,,どちらでもない,,感じなかった,,6,,また行きたい（1年以内）,良いものが沢山ありますもっとPRして欲しい,その他,1967,和歌山県,日髙郡印南町,500万円以上 600万円未満,能登牛が当たる,,,
金沢エリア,金沢中央観光案内所,2024/02/26 21:48:10,同意する,4泊以上,4泊以上,金沢エリア  （湯涌温泉、深谷温泉、犀川温泉など）,石川県外には泊まらない,夫婦2人,"地元の美味しいものを食べる, 花見や紅葉などの自然鑑賞, 名所、旧跡の観光, お祭りやイベントへの参加・見物, まちあるき、都市散策, 友人・親戚を訪ねる",新幹線,"路線バス, 徒歩",とても満足,バスの便が多くあって待ち時間が少なかった,"50,000円以上 100,000円未満","10,000円以上 20,000円未満","30,000円以上 40,000円未満",初めて,"新聞・雑誌・ガイドブック, インターネット・アプリ, Instagram",ひがし茶屋街,,ひがし茶屋街,,使わない,とても満足,震災の際に地元スパー等の場所を詳しく教えて頂きました。,とても満足,綺麗な場所でした。,感じなかった,,10,,また行きたい（1年以内）,治部煮とお寿司が美味しかったです。九谷焼が美しかったです。,男,1982,千葉県,千葉市,"900万円以上 1,000万円未満",能登牛が当たる,,,
金沢エリア,金沢中央観光案内所,2024/02/26 22:08:37,同意する,1泊,1泊,金沢エリア  （湯涌温泉、深谷温泉、犀川温泉など）,石川県外には泊まらない,夫婦2人,"地元の美味しいものを食べる, 名所、旧跡の観光, 各種体験（手作り、果物狩りなど）",在来線,徒歩,,,"10,000円以上 20,000円未満","1,000円未満","10,000円以上 20,000円未満",初めて,通りがかって,尾山神社,通りがかって,兼六園,,使わない,満足,傘の貸し出しがあった。,満足,震災の寄付金、募金などもっとわかりやすくあればいいと思う。,感じなかった,,8,飲食、土産、体験アクティビティなど、おすすめのところがすぐにわかるといい,機会があれば行きたい,食事は海鮮以外のご当地ものがもっとあればいいと思った。,女,1986,大阪府,茨木市,300万円以上 400万円未満,"ひゃくまさんが好き, 動く３Dひゃくまんさんを見たい",,,今行っているイベントなどがわかるので、立ち寄ってから観光するのがいい
金沢エリア,金沢中央観光案内所,2024/02/27 16:47:34,同意する,日帰り,石川県内には宿泊しない,石川県内には宿泊しない,石川県外には泊まらない,自分ひとり,まちあるき、都市散策,在来線,レンタサイクル,満足,自由に回れた,使わない,"1,000円未満","1,000円未満",11回目以上,観光協会等の案内所,選択なし/該当施設なし,しいのき迎賓館,選択なし/該当施設なし,Aコープ笠舞店,使わない,満足,ほしいパンフレットがあったから,どちらでもない,駐輪場があればよかった,感じた,駐輪場がなかった,9,無料のお茶があれば嬉しいです,また行きたい（1年以内）,ホテルが高い,男,1989,石川県,金沢市,400万円以上 500万円未満,能登牛が当たる,,,街なかがコンパクト
金沢エリア,金沢中央観光案内所,2024/02/27 17:24:05,同意する,4泊以上,4泊以上,能登エリア （和倉温泉、七尾市、輪島市、珠洲市など）,石川県外には泊まらない,友人,"宿でのんびり過ごす, まちあるき、都市散策",在来線,"路線バス, 徒歩",とても満足,バスの頻度と分かりやすさ,"20,000円以上 30,000円未満","5,000円以上 10,000円未満","5,000円以上 10,000円未満",2～5回目,"観光展・物産展, 新聞・雑誌・ガイドブック",兼六園,,金沢21世紀美術館,,"10,000円以上 20,000円未満",満足,,とても満足,,感じなかった,,5,お土産販売があってもいいかなと,また行きたい（1年以内）,お土産販売はあっていいかなと,男,1990,三重県,志摩市,500万円以上 600万円未満,石川県のおすすめ観光スポットが見たい,,,金沢周辺の雰囲気
金沢エリア,金沢中央観光案内所,2024/02/27 21:18:05,同意する,1泊,1泊,金沢エリア  （湯涌温泉、深谷温泉、犀川温泉など）,石川県外には泊まらない,高校生の娘,娘の大学受験,新幹線,路線バス,満足,左周りバスが運休していたのが残念だったけど、それ以外は満足,"10,000円以上 20,000円未満","30,000円以上 40,000円未満","5,000円以上 10,000円未満",初めて,尾山神社に来たら目に入った,尾山神社,,選択なし/該当施設なし,忍者寺,使わない,満足,たくさんのパンフレット類があって良かったが、ボランティアの方が、こちらがあまり興味のない事について語り出したのが、時間を有効に使いたかったので少し残念だった,満足,綺麗で清潔感があった,感じなかった,,10,あまり時間がなくてゆっくり滞在できませんでしたが、すでに必要十分であるように思いました。,機会があれば行きたい,今度訪れた際には伝統工芸の体験をしてみたい,女,1975,埼玉県,白岡市,"1,200万円以上 1,500万円未満",ひゃくまさんが好き,,,食事→どれも美味しい。忍者寺→非常に楽しめた。
金沢エリア,金沢中央観光案内所,2024/02/28 12:16:34,同意する,日帰り,石川県内には宿泊しない,金沢エリア  （湯涌温泉、深谷温泉、犀川温泉など）,石川県外には泊まらない,恋人,地元の美味しいものを食べる,自家用車,"自家用車, 徒歩",,,使わない,"1,000円未満","3,000円以上 5,000円未満",初めて,観光協会等の案内所,尾山神社,,選択なし/該当施設なし,,使わない,満足,,満足,,感じなかった,,8,,また行きたい（1年以内）,特になし,女,1985,富山県,高岡市,300万円以上 400万円未満,能登牛が当たる,,,
金沢エリア,金沢中央観光案内所,2024/02/28 14:56:43,同意する,日帰り,石川県内には宿泊しない,石川県内には宿泊しない,石川県外には泊まらない,友人,"地元の美味しいものを食べる, 花見や紅葉などの自然鑑賞, 名所、旧跡の観光, 買い物、アウトレット, まちあるき、都市散策",在来線,"路線バス, 徒歩",満足,周遊バス以外わかりにくい,使わない,"1,000円未満","10,000円以上 20,000円未満",初めて,神社帰りに偶然見つけた,尾山神社,,近江町市場,,使わない,とても満足,トイレがありがたい,とても満足,トイレがありがたい,感じなかった,,10,,機会があれば行きたい,食べ歩き出来るところを増やしてほしい,女,1995,大阪府,寝屋川市,200万円以上 300万円未満,ひゃくまんさんの折り方を知るため,,,
金沢エリア,金沢中央観光案内所,2024/03/01 8:44:25,同意する,1泊,1泊,金沢エリア  （湯涌温泉、深谷温泉、犀川温泉など）,石川県外には泊まらない,両親と小学生以下の子どもと,"宿でのんびり過ごす, 温泉や露天風呂, 地元の美味しいものを食べる, 名所、旧跡の観光, まちあるき、都市散策",新幹線,タクシー,とても不満,なかなかタクシーが捕まえられず、雨も降っていたのでずぶ濡れで寒かったです,"5,000円以上 10,000円未満","10,000円以上 20,000円未満","10,000円以上 20,000円未満",初めて,新聞・雑誌・ガイドブック,選択なし/該当施設なし,金沢中央観光案内所を最初に訪れた,ひがし茶屋街,,"1,000円以上 3,000円未満",満足,,満足,,感じなかった,,6,やはり、訪れる際の気候が大変重要だと思いました。雨であればタクシーの割引があれば最高だと思いました,機会があれば行きたい,17時まで開いているはずのお店が雨のためか１６時すぎに閉まっており、せっかくはるばる来たのにとても残念でした（ひがし茶屋）,女,1992,和歌山県,海南市,400万円以上 500万円未満,能登牛が当たる,,,兼六園。時期的にライトアップがやってなくて残念でした。
金沢エリア,金沢中央観光案内所,2024/03/01 15:54:26,同意する,1泊,1泊,金沢エリア  （湯涌温泉、深谷温泉、犀川温泉など）,石川県外には泊まらない,両親と兄,"地元の美味しいものを食べる, 名所、旧跡の観光",飛行機,徒歩,,,"5,000円以上 10,000円未満","20,000円以上 30,000円未満","5,000円以上 10,000円未満",初めて,通りすがりに見かけたから,兼六園,,尾山神社,,使わない,満足,急な雨で入館したところスタッフの方が優しく対応してくれた。,満足,石川県内だけではなく近隣地域の観光案内もあってよかった,感じなかった,,9,地元の人ならではのイチオシの土産品や飲食店のじょうほうがあると嬉しい,機会があれば行きたい,昨年12月から今回の石川旅行について計画していたが、地震があってどうなることかと一時は思っていたが、金沢付近は特に問題ないとのことで、復興支援の意味も込めて来ました。頑張ってください！石川県。,女,1980,埼玉県,和光市,400万円以上 500万円未満,能登牛が当たる,,,近江町市場。味はもちろんスタッフの人たちもみんなやさしくてよかった
金沢エリア,金沢中央観光案内所,2024/03/01 21:04:09,同意する,日帰り,石川県内には宿泊しない,金沢エリア  （湯涌温泉、深谷温泉、犀川温泉など）,石川県外には泊まらない,小学生以下連れの家族,地元民です,県外から訪れていない（石川県内在住）,徒歩,どちらでもない,,使わない,使わない,使わない,11回目以上,友人・知人,選択なし/該当施設なし,,選択なし/該当施設なし,,使わない,どちらでもない,,どちらでもない,,感じなかった,,5,,石川県在住,特になし,女,1981,石川県,金沢市,"900万円以上 1,000万円未満",折り紙の折り方を知りたい,,,
金沢エリア,金沢中央観光案内所,2024/03/02 14:19:11,同意する,1泊,1泊,金沢エリア  （湯涌温泉、深谷温泉、犀川温泉など）,石川県外には泊まらない,恋人,"地元の美味しいものを食べる, 名所、旧跡の観光, まちあるき、都市散策, 各種体験（手作り、果物狩りなど）, 友人・親戚を訪ねる",在来線,"自家用車, 路線バス",どちらでもない,バスが混んでいた,"5,000円以上 10,000円未満","1,000円以上 3,000円未満","5,000円以上 10,000円未満",初めて,観光協会等の案内所,ひがし茶屋街,,選択なし/該当施設なし,忍者寺、ヤマト醤油,使わない,どちらでもない,見ていない,どちらでもない,見ていない,感じなかった,,5,金沢有名店の土産,また行きたい（1年以内）,海鮮,男,1995,京都府,京都市,400万円以上 500万円未満,能登牛が当たる,,,海鮮料理
金沢エリア,金沢中央観光案内所,2024/03/02 14:24:23,同意する,1泊,1泊,金沢エリア  （湯涌温泉、深谷温泉、犀川温泉など）,石川県外には泊まらない,自分ひとり,"地元の美味しいものを食べる, スポーツ観戦や芸術鑑賞（コンサート等）, まちあるき、都市散策",新幹線,"路線バス, 徒歩",満足,金沢駅のバス案内所でとても親切に教えてもらいました。,"30,000円以上 40,000円未満","1,000円以上 3,000円未満","30,000円以上 40,000円未満",2～5回目,"観光パンフレット・ポスター, 観光協会等の案内所",兼六園,,ひがし茶屋街,,使わない,満足,,とても満足,,感じなかった,,8,今のままでいいと思います。,また行きたい（1年以内）,海鮮と加賀野菜料理です。,男,1956,東京都,墨田区,300万円以上 400万円未満,"能登牛が当たる, ひゃくまさんが好き",,,
金沢エリア,金沢中央観光案内所,2024/03/03 10:49:19,同意する,1泊,1泊,金沢エリア  （湯涌温泉、深谷温泉、犀川温泉など）,石川県外には泊まらない,夫婦2人,"地元の美味しいものを食べる, 名所、旧跡の観光, 買い物、アウトレット, まちあるき、都市散策",自家用車,徒歩,,,"5,000円以上 10,000円未満","5,000円以上 10,000円未満","10,000円以上 20,000円未満",初めて,たまたま見かけました。,選択なし/該当施設なし,車を駐めてまず近江町に向かう途中で通りかかりました。,近江町市場,車を駐めてまず近江町に向かう途中で通りかかった。,使わない,どちらでもない,まだ拝見していません。,満足,寒い中ほっとできる。,感じなかった,,9,現状でよいかと思います。,機会があれば行きたい,カニを食べたいが····,男,1962,愛知県,北名古屋市,500万円以上 600万円未満,能登牛が当たる,,,実際に町を歩いてみるととてもよい。
金沢エリア,金沢中央観光案内所,2024/03/03 13:03:35,同意する,1泊,1泊,金沢エリア  （湯涌温泉、深谷温泉、犀川温泉など）,石川県外には泊まらない,自分ひとり,名所、旧跡の観光,在来線,"タクシー, 徒歩",とても満足,18きっぷで北陸へ来れる最後だから,"10,000円以上 20,000円未満","10,000円以上 20,000円未満","10,000円以上 20,000円未満",初めて,たまたま歩いていて,兼六園,,選択なし/該当施設なし,,使わない,満足,パンフレットが豊富で休憩出来るので,とても満足,同上,感じなかった,,9,,また行きたい（1年以内）,一人旅に便利な情報が欲しい,女,1971,静岡県,藤枝市,300万円以上 400万円未満,"能登牛が当たる, ひゃくまさんが好き, 石川県のおすすめ観光スポットが見たい",,,街中でいろんな情報を紙媒体で見られるのは大きい
金沢エリア,金沢中央観光案内所,2024/03/03 17:44:31,同意する,1泊,1泊,金沢エリア  （湯涌温泉、深谷温泉、犀川温泉など）,石川県外には泊まらない,恋人,地元の美味しいものを食べる,新幹線,"路線バス, 徒歩",どちらでもない,,"20,000円以上 30,000円未満","10,000円以上 20,000円未満","20,000円以上 30,000円未満",2～5回目,"観光展・物産展, インターネット・アプリ, Instagram",兼六園,,ひがし茶屋街,,使わない,とても満足,,とても満足,,感じなかった,,10,,また行きたい（1年以内）,特になし,女,2001,東京都,大田区,"1,000万円以上 1,200万円未満",能登牛が当たる,,,
金沢エリア,金沢中央観光案内所,2024/03/03 19:55:21,同意する,2泊,2泊,金沢エリア  （湯涌温泉、深谷温泉、犀川温泉など）,石川県外には泊まらない,夫婦2人,"宿でのんびり過ごす, 地元の美味しいものを食べる, 名所、旧跡の観光, 買い物、アウトレット, まちあるき、都市散策","新幹線, 在来線","在来線, 路線バス",とても満足,滞在したホテルから近かった,"10,000円以上 20,000円未満","1,000円未満","5,000円以上 10,000円未満",初めて,"X(旧：Twitter), Instagram",兼六園,,兼六園,,"1,000円未満",とても満足,親切だったから,とても満足,綺麗で居心地が良かった,感じなかった,,10,,また行きたい（1年以内）,夜、居酒屋ではない飲食店が閉まるのが早すぎる,女,1970,神奈川県,川崎市,300万円以上 400万円未満,"能登牛が当たる, 石川県のおすすめ観光スポットが見たい",,,
金沢エリア,金沢中央観光案内所,2024/03/03 20:04:54,同意する,2泊,2泊,金沢エリア  （湯涌温泉、深谷温泉、犀川温泉など）,石川県外には泊まらない,夫婦2人,"宿でのんびり過ごす, 地元の美味しいものを食べる, 名所、旧跡の観光",新幹線,"タクシー, 路線バス, 徒歩",満足,路線バスが時刻通りに来てくれるので、予定通り観光できる。,"5,000円以上 10,000円未満","20,000円以上 30,000円未満","20,000円以上 30,000円未満",初めて,"観光パンフレット・ポスター, インターネット・アプリ, タクシードライバーや地元の人",近江町市場,,兼六園,,"10,000円以上 20,000円未満",とても満足,私達に気遣いがあり、とても分かりやすく丁寧で、とても感謝してます。,とても満足,それぞれの資料が分かりやすく配置しており、とても見やすかった。,感じなかった,,10,居酒屋以外の飲食店の営業が終わるのが早すぎる,また行きたい（1年以内）,居酒屋以外の飲食店が閉まるのが早すぎる,男,1982,神奈川県,川崎市,300万円以上 400万円未満,能登牛が当たる,,,料理も美味しくまた雰囲気もとても素敵だと思うので、親戚一同連れてきてきたいと思いました。
金沢エリア,金沢中央観光案内所,2024/03/03 21:15:48,同意する,1泊,1泊,金沢エリア  （湯涌温泉、深谷温泉、犀川温泉など）,石川県外には泊まらない,友人,"温泉や露天風呂, 地元の美味しいものを食べる, まちあるき、都市散策, 各種体験（手作り、果物狩りなど）",新幹線,徒歩,,,"10,000円以上 20,000円未満","1,000円未満","3,000円以上 5,000円未満",初めて,観光していたらあったから,金沢21世紀美術館,,ひがし茶屋街,,使わない,とても満足,スタッフの対応,満足,きれい,感じなかった,,10,,機会があれば行きたい,地物,女,1971,埼玉県,さいたま市,600万円以上 700万円未満,能登牛が当たる,,,食べ物か美味しかった
金沢エリア,金沢中央観光案内所,2024/03/03 21:24:06,同意する,1泊,1泊,金沢エリア  （湯涌温泉、深谷温泉、犀川温泉など）,石川県外には泊まらない,娘,"地元の美味しいものを食べる, 名所、旧跡の観光, 買い物、アウトレット, まちあるき、都市散策",新幹線,徒歩,満足,歩いていた時に急に吹雪いて来たので休ませていただきました。混んでいなかったし、次の日にまわる所を考えるのに丁度良かったです。,"10,000円以上 20,000円未満","40,000円以上 50,000円未満","30,000円以上 40,000円未満",2～5回目,歩いていてたまたま見つけました,尾山神社,,選択なし/該当施設なし,彩の庭ホテル,使わない,どちらでもない,欲しい物が無かった。,満足,次に何処へ行こうかの参考になった。,感じなかった,,7,,機会があれば行きたい,美味しいお菓子とお茶を楽しみたい。,女,1962,東京都,杉並区,500万円以上 600万円未満,能登牛が当たる,,,美味しい和菓子が種類豊富にある。
金沢エリア,金沢中央観光案内所,2024/03/04 0:49:52,同意する,2泊,1泊,金沢エリア  （湯涌温泉、深谷温泉、犀川温泉など）,福井県,妻と娘,"宿でのんびり過ごす, 温泉や露天風呂, 地元の美味しいものを食べる, 名所、旧跡の観光, まちあるき、都市散策","レンタカー, 飛行機",徒歩,,,"20,000円以上 30,000円未満","30,000円以上 40,000円未満","20,000円以上 30,000円未満",初めて,町歩きで見つけました。,近江町市場,,選択なし/該当施設なし,おでん屋さん,使わない,満足,パンフレットが充実していた。,満足,施設全体が綺麗。,感じなかった,,8,,また行きたい（1年以内）,新鮮な海の幸,男,1960,神奈川県,横浜市,400万円以上 500万円未満,"能登牛が当たる, ひゃくまさんが好き",,,県内の観光情報
金沢エリア,金沢中央観光案内所,2024/03/05 13:11:20,同意する,2泊,2泊,金沢エリア  （湯涌温泉、深谷温泉、犀川温泉など）,石川県外には泊まらない,自分ひとり,"地元の美味しいものを食べる, 名所、旧跡の観光, まちあるき、都市散策",新幹線,"路線バス, 徒歩",,,"30,000円以上 40,000円未満","20,000円以上 30,000円未満","20,000円以上 30,000円未満",初めて,観光協会等の案内所,尾山神社,,ひがし茶屋街,,"1,000円未満",満足,対終してくださった方が丁寧だったから。,満足,建物も綺麗で、館内の居心地がよかったから。,感じなかった,,8,お土産が売ってるとは、このアンケートを答えて初めてしった( ´∀`),また行きたい（1年以内）,能登の復興を願います!サイクリングするにはとても良いところだと思ったからです!,女,1974,千葉県,千葉市,800万円以上 900万円未満,"能登牛が当たる, ひゃくまさんが好き, 石川県のおすすめ観光スポットが見たい",,,困ったことがあったら相談にのってくれるから。
金沢エリア,金沢中央観光案内所,2024/03/06 11:23:44,同意する,2泊,2泊,加賀エリア （山代温泉、山中温泉、片山津温泉、粟津温泉、辰口温泉、加賀市、小松市など）,石川県外には泊まらない,夫婦2人,"温泉や露天風呂, 地元の美味しいものを食べる, ",新幹線,タクシー,とても満足,皆さんとても親切です。,"100,000円以上","30,000円以上 40,000円未満","100,000円以上",初めて,観光展・物産展,兼六園,雨でしたが、梅が咲き美しい庭園にうっとりしました。,尾山神社,,"100,000円以上",とても満足,親切に案内してくださいました。,とても満足,とにかく美しく上品な街です。,感じなかった,,10,雨でも自由にあるけるような街つくり。タクシーがなかなか来なくて大変でした。,また行きたい（1年以内）,お寿司がおいしかったです。,女,1962,岩手県,奥州市,300万円以上 400万円未満,能登牛が当たる,,,温泉の質の良さ
金沢エリア,金沢中央観光案内所,2024/03/06 13:16:58,同意する,3泊,3泊,金沢エリア  （湯涌温泉、深谷温泉、犀川温泉など）,石川県外には泊まらない,自分ひとり,まちあるき、都市散策,新幹線,徒歩,満足,All good though it's raining ,"20,000円以上 30,000円未満","20,000円以上 30,000円未満","10,000円以上 20,000円未満",初めて,友人・知人,兼六園,Amazing garden ,ひがし茶屋街,,"5,000円以上 10,000円未満",とても満足,,満足,,感じなかった,,9,,機会があれば行きたい,I only wish the weather were better ,男,1984,茨城県,つくば市,600万円以上 700万円未満,"能登牛が当たる, 石川県のおすすめ観光スポットが見たい, 石川県の雑学を知りたい",,,
金沢エリア,金沢中央観光案内所,2024/03/07 13:51:45,同意する,1泊,1泊,金沢エリア  （湯涌温泉、深谷温泉、犀川温泉など）,石川県外には泊まらない,成人した子どもと,"宿でのんびり過ごす, 地元の美味しいものを食べる, まちあるき、都市散策",新幹線,徒歩,,,"5,000円以上 10,000円未満","20,000円以上 30,000円未満","10,000円以上 20,000円未満",2～5回目,新聞・雑誌・ガイドブック,尾山神社,,選択なし/該当施設なし,金沢駅,"1,000円未満",どちらでもない,,満足,,感じなかった,,8,,また行きたい（1年以内）,美味しいものが沢山あり、観光地も整備されて、予想以上に素晴らしかったです。冬のレンタカー運転に不安があったので、バスで問題なく観光地巡りができて良かったです。,女,1972,東京都,国分寺市,"1,000万円以上 1,200万円未満",能登牛が当たる,,,
金沢エリア,金沢中央観光案内所,2024/03/08 19:53:52,同意する,2泊,2泊,金沢エリア  （湯涌温泉、深谷温泉、犀川温泉など）,石川県外には泊まらない,恋人,"地元の美味しいものを食べる, 花見や紅葉などの自然鑑賞, 名所、旧跡の観光",新幹線,徒歩,とても満足,九谷焼を見れた,"50,000円以上 100,000円未満","50,000円以上 100,000円未満","50,000円以上 100,000円未満",2～5回目,"観光展・物産展, 新聞・雑誌・ガイドブック",兼六園,,兼六園,,"50,000円以上 100,000円未満",とても満足,情報が豊富,とても満足,キレイでわかりやすい,感じなかった,,10,,また行きたい（1年以内）,アウトドア、ウォーキング,男,1984,東京都,練馬区,"1,200万円以上 1,500万円未満","能登牛が当たる, ひゃくまさんが好き",,,
金沢エリア,金沢中央観光案内所,2024/03/08 19:56:16,同意する,2泊,2泊,金沢エリア  （湯涌温泉、深谷温泉、犀川温泉など）,石川県外には泊まらない,恋人,"地元の美味しいものを食べる, 名所、旧跡の観光, 買い物、アウトレット, まちあるき、都市散策",新幹線,徒歩,,,"50,000円以上 100,000円未満","30,000円以上 40,000円未満","20,000円以上 30,000円未満",初めて,観光展・物産展,尾山神社,,兼六園,,使わない,満足,パンフレットの充実,とても満足,館内がキレイ,感じなかった,,8,おいしいお店がわかるのでよかった,また行きたい（1年以内）,お寿司が美味しかった,女,1981,東京都,渋谷区,400万円以上 500万円未満,能登牛が当たる,,,街並みが素敵だった
金沢エリア,金沢中央観光案内所,2024/03/08 22:36:55,同意する,1泊,1泊,金沢エリア  （湯涌温泉、深谷温泉、犀川温泉など）,石川県外には泊まらない,親,"地元の美味しいものを食べる, 名所、旧跡の観光, 買い物、アウトレット, まちあるき、都市散策",新幹線,徒歩,,,"10,000円以上 20,000円未満","5,000円以上 10,000円未満","10,000円以上 20,000円未満",初めて,とくになし,尾山神社,,選択なし/該当施設なし,,使わない,どちらでもない,,満足,,感じなかった,,7,,機会があれば行きたい,特になし,無回答,1986,東京都,杉並区,500万円以上 600万円未満,"能登牛が当たる, ひゃくまさんが好き",,,
金沢エリア,金沢中央観光案内所,2024/03/09 14:02:44,同意する,1泊,1泊,金沢エリア  （湯涌温泉、深谷温泉、犀川温泉など）,石川県外には泊まらない,小学生以下連れの家族,"宿でのんびり過ごす, 地元の美味しいものを食べる, 名所、旧跡の観光",新幹線,"路線バス, 徒歩",満足,,"20,000円以上 30,000円未満","30,000円以上 40,000円未満","10,000円以上 20,000円未満",2～5回目,観光展・物産展,ひがし茶屋街,,近江町市場,,"1,000円未満",とても満足,,とても満足,,感じなかった,,8,,また行きたい（1年以内）,海鮮,女,1984,東京都,杉並区,"1,000万円以上 1,200万円未満",なんとなく,,,
金沢エリア,金沢中央観光案内所,2024/03/09 15:47:59,同意する,1泊,1泊,金沢エリア  （湯涌温泉、深谷温泉、犀川温泉など）,石川県外には泊まらない,恋人,"地元の美味しいものを食べる, 名所、旧跡の観光",在来線,"路線バス, 徒歩",満足,,"5,000円以上 10,000円未満","1,000円未満","5,000円以上 10,000円未満",初めて,見かけたから,尾山神社,,ひがし茶屋街,,"5,000円以上 10,000円未満",満足,,満足,,感じなかった,,7,,また行きたい（1年以内）,グルメの拡充,女,1994,岐阜県,岐阜市,300万円以上 400万円未満,能登牛が当たる,,,
金沢エリア,金沢中央観光案内所,2024/03/09 16:37:23,同意する,1泊,1泊,石川県内には宿泊しない,石川県外には泊まらない,親,地元の美味しいものを食べる,在来線,路線バス,とても満足,数が多い,"5,000円以上 10,000円未満","10,000円以上 20,000円未満","5,000円以上 10,000円未満",初めて,観光展・物産展,ひがし茶屋街,,選択なし/該当施設なし,,使わない,とても満足,,満足,,感じなかった,,5,,また行きたい（1年以内）,特にない,女,1965,大阪府,大阪府,"900万円以上 1,000万円未満",能登牛が当たる,,,
金沢エリア,金沢中央観光案内所,2024/03/10 5:56:46,同意する,日帰り,石川県内には宿泊しない,石川県内には宿泊しない,石川県外には泊まらない,夫婦2人,スポーツ観戦や芸術鑑賞（コンサート等）,自家用車,徒歩,,,使わない,"3,000円以上 5,000円未満","5,000円以上 10,000円未満",初めて,観光パンフレット・ポスター,選択なし/該当施設なし,,選択なし/該当施設なし,,"10,000円以上 20,000円未満",満足,,満足,,感じなかった,,8,,機会があれば行きたい,特に無し,女,1959,石川県,小松市,200万円以上 300万円未満,石川県のおすすめ観光スポットが見たい,,,
金沢エリア,金沢中央観光案内所,2024/03/10 14:26:38,同意する,2泊,2泊,加賀エリア （山代温泉、山中温泉、片山津温泉、粟津温泉、辰口温泉、加賀市、小松市など）,石川県外には泊まらない,恋人,"宿でのんびり過ごす, 温泉や露天風呂, 地元の美味しいものを食べる, まちあるき、都市散策",自家用車,徒歩,,,"10,000円以上 20,000円未満","10,000円以上 20,000円未満","20,000円以上 30,000円未満",初めて,観光協会等の案内所,尾山神社,,ひがし茶屋街,,使わない,どちらでもない,,満足,,感じなかった,,10,特にぬし,また行きたい（1年以内）,特になし,男,1986,滋賀県,栗東市,"1,000万円以上 1,200万円未満","能登牛が当たる, 石川県が好きだから",,,雰囲気が好きな街
金沢エリア,金沢中央観光案内所,2024/03/10 16:28:56,同意する,2泊,1泊,金沢エリア  （湯涌温泉、深谷温泉、犀川温泉など）,富山県,大学生の子ども,"地元の美味しいものを食べる, 名所、旧跡の観光, まちあるき、都市散策",新幹線,路線バス,満足,混んでる。オーバーツーリズム気味だと思うので地元の人は不便かも、と逆に心配です。,"10,000円以上 20,000円未満","10,000円以上 20,000円未満","20,000円以上 30,000円未満",初めて,新聞・雑誌・ガイドブック,兼六園,,近江町市場,,"1,000円未満",満足,,満足,,感じなかった,,8,,機会があれば行きたい,お寿司が楽しみ,女,1976,東京都,大田区,300万円以上 400万円未満,能登牛が当たる,,,
金沢エリア,金沢中央観光案内所,2024/03/10 17:04:39,同意する,2泊,2泊,金沢エリア  （湯涌温泉、深谷温泉、犀川温泉など）,石川県外には泊まらない,夫婦2人,"名所、旧跡の観光, テーマパーク（遊園地、動物園、博物館など）, まちあるき、都市散策",新幹線,徒歩,,,"10,000円以上 20,000円未満","20,000円以上 30,000円未満","10,000円以上 20,000円未満",初めて,新聞・雑誌・ガイドブック,尾山神社,,金沢21世紀美術館,,使わない,満足,情報が豊富,満足,建物、屋内がとてもきれい,感じなかった,ない,7,情報,機会があれば行きたい,クーポンがあれば嬉しい,男,1960,埼玉県,さいたま市,200万円以上 300万円未満,なんとなく,,,役に立つ
金沢エリア,金沢中央観光案内所,2024/03/11 13:55:01,同意する,1泊,1泊,金沢エリア  （湯涌温泉、深谷温泉、犀川温泉など）,石川県外には泊まらない,夫婦2人,"地元の美味しいものを食べる, まちあるき、都市散策",在来線,徒歩,,,"3,000円以上 5,000円未満",使わない,"50,000円以上 100,000円未満",初めて,たまたま通りかかった,近江町市場,,選択なし/該当施設なし,長町武家屋敷跡,使わない,満足,置いてある資料が良い,とても満足,資料が見やすい、施設が綺麗,感じなかった,,10,,また行きたい（1年以内）,能登応援メニューが金沢市内にもあれば、みなさん召し上がると思います,女,1970,京都府,右京区,"900万円以上 1,000万円未満",能登牛が当たる,,,靴ののさか　
金沢エリア,金沢中央観光案内所,2024/03/11 13:59:11,同意する,1泊,1泊,金沢エリア  （湯涌温泉、深谷温泉、犀川温泉など）,石川県外には泊まらない,夫婦2人,"地元の美味しいものを食べる, まちあるき、都市散策",在来線,徒歩,,,"3,000円以上 5,000円未満",使わない,"50,000円以上 100,000円未満",初めて,たまたま通りかかった,近江町市場,,選択なし/該当施設なし,長町,使わない,とても満足,置いてある資料がよい,とても満足,資料がみやすい　施設が綺麗,感じなかった,,10,,また行きたい（1年以内）,能登応援メニューが金沢でもあると良い,女,1970,京都府,右京区,"900万円以上 1,000万円未満",能登牛が当たる,,,靴ののさか　能登115
金沢エリア,金沢中央観光案内所,2024/03/11 13:59:55,同意する,1泊,1泊,金沢エリア  （湯涌温泉、深谷温泉、犀川温泉など）,石川県外には泊まらない,夫婦2人,"宿でのんびり過ごす, 地元の美味しいものを食べる, 名所、旧跡の観光, 買い物、アウトレット, まちあるき、都市散策",在来線,徒歩,,,"10,000円以上 20,000円未満","10,000円以上 20,000円未満","30,000円以上 40,000円未満",初めて,通りがかり,近江町市場,,金沢21世紀美術館,,使わない,とても満足,非常に分かりやすい情報提供,とても満足,チラシ類が豊富で探しやすく欲しい情報がすぐに見つかった,感じなかった,,10,,また行きたい（1年以内）,旬の魚介類を使った料理、地酒を堪能出来る飲食店と土産が買える店。センスの良い工芸品,男,1968,京都府,京都市,"1,000万円以上 1,200万円未満","能登牛が当たる, 石川県のおすすめ観光スポットが見たい",,,のと115の生椎茸。これまで干し椎茸しか買えたことが無かった
金沢エリア,金沢中央観光案内所,2024/03/11 16:27:59,同意する,1泊,1泊,金沢エリア  （湯涌温泉、深谷温泉、犀川温泉など）,石川県外には泊まらない,夫婦2人,"宿でのんびり過ごす, 地元の美味しいものを食べる, 名所、旧跡の観光",新幹線,"路線バス, 徒歩",満足,,"50,000円以上 100,000円未満","30,000円以上 40,000円未満","30,000円以上 40,000円未満",2～5回目,"新聞・雑誌・ガイドブック, 観光パンフレット・ポスター",近江町市場,,尾山神社,,"1,000円未満",満足,,満足,,感じなかった,,9,,また行きたい（1年以内）,鮮魚,女,1963,東京都,練馬区,200万円以上 300万円未満,ひゃくまさんが好き,,,
金沢エリア,金沢中央観光案内所,2024/03/11 16:56:21,同意する,1泊,1泊,金沢エリア  （湯涌温泉、深谷温泉、犀川温泉など）,石川県外には泊まらない,友人,"地元の美味しいものを食べる, 各種体験（手作り、果物狩りなど）",飛行機,路線バス,,,"10,000円以上 20,000円未満","20,000円以上 30,000円未満","30,000円以上 40,000円未満",2～5回目,友人・知人,ひがし茶屋街,,選択なし/該当施設なし,金沢駅,使わない,満足,トイレが綺麗,満足,たくさん情報やチラシがあるため,感じなかった,,10,,また行きたい（1年以内）,海鮮,女,1998,東京都,目黒区,500万円以上 600万円未満,能登牛が当たる,,,ご飯
金沢エリア,金沢中央観光案内所,2024/03/11 18:05:44,同意する,1泊,1泊,金沢エリア  （湯涌温泉、深谷温泉、犀川温泉など）,石川県外には泊まらない,自分ひとり,名所、旧跡の観光,自家用車,徒歩,,,"10,000円以上 20,000円未満","3,000円以上 5,000円未満","10,000円以上 20,000円未満",2～5回目,"観光展・物産展, 観光パンフレット・ポスター",近江町市場,,ひがし茶屋街,,使わない,とても満足,とてもきれい,とても満足,清潔,感じなかった,,10,,また行きたい（1年以内）,とくになし,男,1959,岐阜県,山県市,"1,200万円以上 1,500万円未満",能登牛が当たる,,,近江町市場の新鮮な魚
金沢エリア,金沢中央観光案内所,2024/03/11 19:24:15,同意する,3泊,2泊,金沢エリア  （湯涌温泉、深谷温泉、犀川温泉など）,福井県,自分ひとり,地元の美味しいものを食べる,新幹線,徒歩,,,"5,000円以上 10,000円未満","20,000円以上 30,000円未満","10,000円以上 20,000円未満",2～5回目,観光協会等の案内所,選択なし/該当施設なし,長町武家屋敷,選択なし/該当施設なし,,使わない,とても満足,,とても満足,,感じなかった,,10,,また行きたい（1年以内）,特になし,男,1991,埼玉県,草加市,500万円以上 600万円未満,ひゃくまさんが好き,,,
金沢エリア,金沢中央観光案内所,2024/03/12 12:21:27,同意する,4泊以上,2泊,金沢エリア  （湯涌温泉、深谷温泉、犀川温泉など）,岐阜県,友人,"花見や紅葉などの自然鑑賞, 名所、旧跡の観光, 買い物、アウトレット, まちあるき、都市散策","在来線, 飛行機",徒歩,満足,,"5,000円以上 10,000円未満","20,000円以上 30,000円未満","3,000円以上 5,000円未満",初めて,友人・知人,近江町市場,,尾山神社,,使わない,満足,,満足,,感じなかった,,1,,機会があれば行きたい,観光,女,1988,愛知県,名古屋市,100万円以上 200万円未満,"能登牛が当たる, 動く３Dひゃくまんさんを見たい",,,
金沢エリア,金沢中央観光案内所,2024/03/12 12:24:03,同意する,4泊以上,2泊,金沢エリア  （湯涌温泉、深谷温泉、犀川温泉など）,岐阜県,友人,"温泉や露天風呂, 地元の美味しいものを食べる, 名所、旧跡の観光, 買い物、アウトレット, まちあるき、都市散策",在来線,徒歩,,,"5,000円以上 10,000円未満","20,000円以上 30,000円未満","10,000円以上 20,000円未満",初めて,観光パンフレット・ポスター,兼六園,,尾山神社,,使わない,満足,,満足,,感じなかった,,8,,機会があれば行きたい,Nothing in particular ,女,1988,愛知県,名古屋市,100万円以上 200万円未満,なんとなく,,,
金沢エリア,金沢中央観光案内所,2024/03/13 13:28:07,同意する,2泊,3泊,金沢エリア  （湯涌温泉、深谷温泉、犀川温泉など）,富山県,自分ひとり,亡くなった人の為,在来線,在来線,どちらでもない,,"10,000円以上 20,000円未満","10,000円以上 20,000円未満","10,000円以上 20,000円未満",初めて,本人の希望,選択なし/該当施設なし,金沢城,兼六園,,使わない,満足,可愛いお姉さんがいた,とても満足,,感じなかった,携帯が充電出来た,8,飯がない,どちらともいえない,寿司,男,1970,愛知県,名古屋市,500万円以上 600万円未満,能登牛が当たる,,,
金沢エリア,金沢中央観光案内所,2024/03/13 13:37:02,同意する,2泊,2泊,金沢エリア  （湯涌温泉、深谷温泉、犀川温泉など）,石川県外には泊まらない,恋人,"地元の美味しいものを食べる, 名所、旧跡の観光",高速バス,徒歩,,,"10,000円以上 20,000円未満","10,000円以上 20,000円未満","5,000円以上 10,000円未満",初めて,観光パンフレット・ポスター,近江町市場,,兼六園,,使わない,どちらでもない,,どちらでもない,,感じなかった,,5,,どちらともいえない,観光名所がわかりやすく書かれたパンフレット,男,2004,東京都,大田区,"1,000万円以上 1,200万円未満",能登牛が当たる,,,
金沢エリア,金沢中央観光案内所,2024/03/13 13:38:23,同意する,2泊,2泊,金沢エリア  （湯涌温泉、深谷温泉、犀川温泉など）,石川県外には泊まらない,恋人,"宿でのんびり過ごす, 地元の美味しいものを食べる, 名所、旧跡の観光",夜行バス,徒歩,,,"5,000円以上 10,000円未満","20,000円以上 30,000円未満","5,000円以上 10,000円未満",初めて,ブログ,尾山神社,,近江町市場,,使わない,どちらでもない,,満足,,感じなかった,,3,,機会があれば行きたい,新鮮な海鮮、食べ物,女,2005,東京都,北区,800万円以上 900万円未満,能登牛が当たる,,,海鮮おいしい
金沢エリア,金沢中央観光案内所,2024/03/14 7:33:54,同意する,1泊,1泊,金沢エリア  （湯涌温泉、深谷温泉、犀川温泉など）,石川県外には泊まらない,自分ひとり,"宿でのんびり過ごす, 地元の美味しいものを食べる, 名所、旧跡の観光, まちあるき、都市散策",在来線,徒歩,,,"10,000円以上 20,000円未満","10,000円以上 20,000円未満","3,000円以上 5,000円未満",2～5回目,観光協会等の案内所,尾山神社,,近江町市場,,使わない,とても満足,スタッフが親切,とても満足,無料での利用,感じなかった,,10,,また行きたい（1年以内）,癒し,女,1963,大阪府,大阪市,100万円以上 200万円未満,能登牛が当たる,,,ひがし茶屋のちょう吉
金沢エリア,金沢中央観光案内所,2024/03/15 11:10:53,同意する,3泊,3泊,金沢エリア  （湯涌温泉、深谷温泉、犀川温泉など）,石川県外には泊まらない,友人,"地元の美味しいものを食べる, 名所、旧跡の観光, 能登半島地震ボランティア",自家用車,徒歩,,,"3,000円以上 5,000円未満","3,000円以上 5,000円未満","10,000円以上 20,000円未満",初めて,観光協会等の案内所,兼六園,,近江町市場,,使わない,とても満足,,とても満足,,感じなかった,,10,,また行きたい（1年以内）,美味しい食べ物と豊かな自然,男,2001,長野県,松本市,100万円未満,"石川県の雑学を知りたい, なんとなく",,,
金沢エリア,金沢中央観光案内所,2024/03/15 15:13:51,同意する,4泊以上,2泊,金沢エリア  （湯涌温泉、深谷温泉、犀川温泉など）,福井県,夫婦2人,"宿でのんびり過ごす, 温泉や露天風呂, 地元の美味しいものを食べる, 花見や紅葉などの自然鑑賞, 名所、旧跡の観光, お祭りやイベントへの参加・見物, まちあるき、都市散策",在来線,徒歩,,,"20,000円以上 30,000円未満","5,000円以上 10,000円未満","5,000円以上 10,000円未満",初めて,観光パンフレット・ポスター,尾山神社,,兼六園,,使わない,満足,,満足,,感じなかった,,9,初めて来たので特にありません。,機会があれば行きたい,大阪金沢間をできるだけ安く行き来したい,男,1969,大阪府,大阪市,300万円以上 400万円未満,"能登牛が当たる, ARでひゃくまんさんと写真が撮りたかった, 石川県のおすすめ観光スポットが見たい",,,
金沢エリア,金沢中央観光案内所,2024/03/16 11:53:29,同意する,日帰り,石川県内には宿泊しない,石川県内には宿泊しない,東京から日帰り,夫婦2人,地元の美味しいものを食べる,飛行機,徒歩,,,使わない,"5,000円以上 10,000円未満","5,000円以上 10,000円未満",11回目以上,セカンドハウス探し,金沢21世紀美術館,,選択なし/該当施設なし,カフェ,"5,000円以上 10,000円未満",とても満足,とても親切,とても満足,キレイ,感じなかった,,6,人柄、グルメ,また行きたい（1年以内）,毎月東京から金沢に来てます。,男,1969,東京都,世田谷区,"1,000万円以上 1,200万円未満",能登牛が当たる,,,
金沢エリア,金沢中央観光案内所,2024/03/16 12:51:50,同意する,2泊,2泊,金沢エリア  （湯涌温泉、深谷温泉、犀川温泉など）,石川県外には泊まらない,友人,"地元の美味しいものを食べる, 名所、旧跡の観光",自家用車,徒歩,,,"5,000円以上 10,000円未満","10,000円以上 20,000円未満","20,000円以上 30,000円未満",初めて,歩いてたら見つけた,尾山神社,,選択なし/該当施設なし,長町武家屋敷跡,"1,000円未満",どちらでもない,,とても満足,無料で利用でき、休憩スペースもあったので非常に助かりました,感じなかった,,8,,機会があれば行きたい,今のままで十分です,女,1983,神奈川県,藤沢市,200万円以上 300万円未満,能登牛が当たる,,,金沢城公園。広大でお散歩するにはとても気持ち良かったです。
金沢エリア,金沢中央観光案内所,2024/03/16 16:16:31,同意する,3泊,3泊,金沢エリア  （湯涌温泉、深谷温泉、犀川温泉など）,石川県外には泊まらない,中学生以下連れの家族,"地元の美味しいものを食べる, 名所、旧跡の観光, まちあるき、都市散策",飛行機,徒歩,,,"30,000円以上 40,000円未満","3,000円以上 5,000円未満","20,000円以上 30,000円未満",初めて,インターネット・アプリ,金沢21世紀美術館,,兼六園,,使わない,どちらでもない,課金サービルの種類があまりなかったため,満足,広々として情報も探しやすかったです。,感じなかった,,5,アートと伝統文化,また行きたい（1年以内）,特になし,女,1970,東京都,世田谷区,"1,500万円以上",能登牛が当たる,,,
金沢エリア,金沢中央観光案内所,2024/03/16 16:29:14,同意する,2泊,2泊,金沢エリア  （湯涌温泉、深谷温泉、犀川温泉など）,石川県外には泊まらない,中学生以下連れの家族,"地元の美味しいものを食べる, 花見や紅葉などの自然鑑賞, 名所、旧跡の観光, まちあるき、都市散策",新幹線,徒歩,,,"40,000円以上 50,000円未満","10,000円以上 20,000円未満","10,000円以上 20,000円未満",初めて,たまたま通りかかった,近江町市場,,ひがし茶屋街,,使わない,どちらでもない,ちょっと寄っただけだから,どちらでもない,同上,感じなかった,,4,,機会があれば行きたい,和菓子、和食、兼六園,女,2000,茨城県,土浦市,500万円以上 600万円未満,ひゃくまさんが好き,,,海鮮丼、大ぶりで美味しかった
金沢エリア,金沢中央観光案内所,2024/03/16 16:29:17,同意する,2泊,2泊,金沢エリア  （湯涌温泉、深谷温泉、犀川温泉など）,石川県外には泊まらない,親,"地元の美味しいものを食べる, 名所、旧跡の観光, 買い物、アウトレット","新幹線, 在来線",徒歩,,,"50,000円以上 100,000円未満","10,000円以上 20,000円未満","20,000円以上 30,000円未満",初めて,友人・知人,近江町市場,,ひがし茶屋街,,使わない,満足,パンフレットがたくさんあり他県から来てもわかりやすい,満足,とても綺麗で清潔感があるから,感じなかった,,10,完璧,機会があれば行きたい,特になし,男,2008,茨城県,霞ヶ浦市,"1,500万円以上",能登牛が当たる,,,近江町市場　普段の生活では味わえないから
金沢エリア,金沢中央観光案内所,2024/03/16 16:30:01,同意する,4泊以上,3泊,金沢エリア  （湯涌温泉、深谷温泉、犀川温泉など）,富山県,夫婦2人,"地元の美味しいものを食べる, 名所、旧跡の観光, まちあるき、都市散策","新幹線, 在来線","路線バス, 徒歩",満足,便利な場所にバス停があり利便性が良かった。,"50,000円以上 100,000円未満","50,000円以上 100,000円未満","40,000円以上 50,000円未満",初めて,"観光展・物産展, 観光パンフレット・ポスター, 観光協会等の案内所",近江町市場,,兼六園,,使わない,どちらでもない,,満足,,感じなかった,,7,,また行きたい（1年以内）,寿司、郷土料理、菓子、工芸品など,女,1965,京都府,南丹市,500万円以上 600万円未満,"能登牛が当たる, ひゃくまさんが好き",,,
金沢エリア,金沢中央観光案内所,2024/03/17 5:14:21,同意する,1泊,1泊,金沢エリア  （湯涌温泉、深谷温泉、犀川温泉など）,石川県外には泊まらない,夫婦2人,"地元の美味しいものを食べる, まちあるき、都市散策",在来線,路線バス,満足,バスの本数が多く、100円で利用できるバスもありよかった,"10,000円以上 20,000円未満","5,000円以上 10,000円未満","10,000円以上 20,000円未満",初めて,観光協会等の案内所,尾山神社,,金沢21世紀美術館,,使わない,満足,パンフレットが豊富,満足,観光の途中、トイレをお借りできる助かりました,感じなかった,,5,スマホでスタンプラリーが1月末で終わっていて残念,また行きたい（1年以内）,特産品を利用した料理を手軽に食べれるお店,女,1970,兵庫県,川西市,700万円以上 800万円未満,なんとなく,,,旅行の相談ができる
金沢エリア,金沢中央観光案内所,2024/03/17 11:42:16,同意する,1泊,1泊,金沢エリア  （湯涌温泉、深谷温泉、犀川温泉など）,石川県外には泊まらない,親,"地元の美味しいものを食べる, 名所、旧跡の観光, まちあるき、都市散策",在来線,徒歩,,,"10,000円以上 20,000円未満","1,000円未満","30,000円以上 40,000円未満",2～5回目,通りかかったから,尾山神社,,選択なし/該当施設なし,金沢駅,使わない,どちらでもない,パンフレットもらっただけ,満足,,感じなかった,,6,,機会があれば行きたい,特になし,女,1968,愛知県,尾張旭市,"1,200万円以上 1,500万円未満",ひゃくまんさんの折り紙を折ろうとしたら、アンケートを求められたから。,,,
金沢エリア,金沢中央観光案内所,2024/03/17 16:32:31,同意する,4泊以上,4泊以上,能登エリア （和倉温泉、七尾市、輪島市、珠洲市など）,石川県外には泊まらない,職場の同僚,出張など仕事関係,"自家用車, 在来線","自家用車, 在来線",とても満足,電車に座れる,"40,000円以上 50,000円未満","20,000円以上 30,000円未満","40,000円以上 50,000円未満",2～5回目,"観光展・物産展, TV・ラジオ番組やCM, 観光協会等の案内所",近江町市場,,兼六園,,"10,000円以上 20,000円未満",どちらでもない,,とても満足,,感じなかった,,10,,また行きたい（1年以内）,デカ盛りグルメを作って欲しい,男,1994,東京都,江戸川区,400万円以上 500万円未満,能登牛が当たる,,,
金沢エリア,金沢中央観光案内所,2024/03/18 8:50:09,同意する,1泊,1泊,金沢エリア  （湯涌温泉、深谷温泉、犀川温泉など）,石川県外には泊まらない,自分ひとり,"地元の美味しいものを食べる, サンダーバードに乗る",在来線,徒歩,,,"10,000円以上 20,000円未満","10,000円以上 20,000円未満","3,000円以上 5,000円未満",2～5回目,観光展・物産展,尾山神社,,近江町市場,,使わない,とても満足,親切に教えてくれるとても清潔,とても満足,とても清潔,感じなかった,,10,,また行きたい（1年以内）,ハントンライスを、いろんなお店で食べ比べしたい,男,1963,大阪府,大阪市,100万円未満,ひゃくまさんが好き,,,場所もわかりやすく、情報が多い
金沢エリア,金沢中央観光案内所,2024/03/18 14:30:46,同意する,2泊,2泊,金沢エリア  （湯涌温泉、深谷温泉、犀川温泉など）,石川県外には泊まらない,夫婦2人,"宿でのんびり過ごす, 名所、旧跡の観光",新幹線,"路線バス, 徒歩",満足,100円で観光地を巡ることができた。,"30,000円以上 40,000円未満","40,000円以上 50,000円未満","10,000円以上 20,000円未満",初めて,観光パンフレット・ポスター,尾山神社,,選択なし/該当施設なし,長町武家屋敷,使わない,とても満足,充電出来た。,とても満足,とてもきれい。,感じなかった,なし,10,歴史と文化に裏打ちされた素晴らしい施設を、わかりやすく説明した展示物があったり、簡単な飲食が出来るスペースがあったりするといいと思う。パンフレットはあるが、掲示物が合わせてあると分かりやすいです。,また行きたい（1年以内）,伝統工芸の体験がもっと安く短時間で出来るといいと思いました。擬似体験でもいいし、一部体験でもいいので。体験することで、その技術の素晴らしさが一層理解できると思います。,女,1959,福岡県,福岡市,500万円以上 600万円未満,能登牛が当たる,,,観光地のスケールが大きく、感動したから。
金沢エリア,金沢中央観光案内所,2024/03/18 21:00:35,同意する,日帰り,石川県内には宿泊しない,石川県内には宿泊しない,石川県外には泊まらない,中学生以下連れの家族,県内在住,県外から訪れていない（石川県内在住）,自家用車,,,使わない,使わない,使わない,2～5回目,通りすがり,選択なし/該当施設なし,,選択なし/該当施設なし,,使わない,どちらでもない,,どちらでもない,,感じなかった,,7,,石川県在住,特になし,女,1985,石川県,能美市,300万円以上 400万円未満,動く３Dひゃくまんさんを見たい,,,
金沢エリア,金沢中央観光案内所,2024/03/18 23:17:09,同意する,2泊,2泊,金沢エリア  （湯涌温泉、深谷温泉、犀川温泉など）,石川県外には泊まらない,友人,"名所、旧跡の観光, 買い物、アウトレット, 復興のため石川にお金を落とすため","新幹線, 在来線",徒歩,,,"20,000円以上 30,000円未満","20,000円以上 30,000円未満","50,000円以上 100,000円未満",2～5回目,"観光展・物産展, 新聞・雑誌・ガイドブック, 観光パンフレット・ポスター, インターネット・アプリ",選択なし/該当施設なし,,近江町市場,,"1,000円以上 3,000円未満",とても満足,,とても満足,,感じなかった,,10,,また行きたい（1年以内）,金沢の伝統,女,1987,山梨県,甲斐市,700万円以上 800万円未満,能登牛が当たる,,,
金沢エリア,金沢中央観光案内所,2024/03/18 23:28:22,同意する,2泊,2泊,金沢エリア  （湯涌温泉、深谷温泉、犀川温泉など）,石川県外には泊まらない,友人,"地元の美味しいものを食べる, 名所、旧跡の観光, 買い物、アウトレット, まちあるき、都市散策, 各種体験（手作り、果物狩りなど）","新幹線, 在来線",路線バス,どちらでもない,,"20,000円以上 30,000円未満","20,000円以上 30,000円未満","50,000円以上 100,000円未満",初めて,観光パンフレット・ポスター,尾山神社,,兼六園,,使わない,とても満足,,とても満足,,感じなかった,,10,,また行きたい（1年以内）,ひゃくまんさんグッズ購入,女,1983,愛知県,名古屋市,600万円以上 700万円未満,"ひゃくまさんが好き, ARでひゃくまんさんと写真が撮りたかった, 動く３Dひゃくまんさんを見たい, 石川県のおすすめ観光スポットが見たい",,,
金沢エリア,金沢中央観光案内所,2024/03/19 15:11:01,同意する,日帰り,石川県内には宿泊しない,石川県内には宿泊しない,石川県外には泊まらない,小学生以下連れの家族,"地元の美味しいものを食べる, 名所、旧跡の観光, 買い物、アウトレット, まちあるき、都市散策, 各種体験（手作り、果物狩りなど）",在来線,徒歩,,,"5,000円以上 10,000円未満","1,000円以上 3,000円未満","20,000円以上 30,000円未満",初めて,歩いていたら見つけた,近江町市場,エムザ,尾山神社,香林坊、片町きらり、東茶屋街、フォーラス,使わない,満足,ちょっと休むのにありがたい。,満足,閑散としている。,感じなかった,,6,東茶屋街以外にももう少し街中で食べ歩きしやすいカフェやお店がメインストリート沿いにあって欲しい。,また行きたい（1年以内）,近江町市場ももっと食べ歩き、体験できるものがあれば楽しい。,女,1986,富山県,高岡市,400万円以上 500万円未満,"能登牛が当たる, 石川県のおすすめ観光スポットが見たい, 石川県の雑学を知りたい, なんとなく",,,尾山神社
金沢エリア,金沢中央観光案内所,2024/03/19 22:49:05,同意する,日帰り,石川県内には宿泊しない,石川県内には宿泊しない,石川県外には泊まらない,夫婦2人,"地元の美味しいものを食べる, 名所、旧跡の観光, まちあるき、都市散策",在来線,在来線,とても満足,サンダーバードで金沢まで最後の旅になりました。,使わない,"20,000円以上 30,000円未満","20,000円以上 30,000円未満",初めて,観光協会等の案内所,兼六園,,尾山神社,,"1,000円未満",とても満足,ガイドさんに町を案内していただきました。,とても満足,パンフレット等が沢山ありました。,感じなかった,,10,カフェがあれば一息つけると思いました。,また行きたい（1年以内）,復興を応援しております。次は宿泊での観光にします。,女,1970,大阪府,大阪市,400万円以上 500万円未満,ARでひゃくまんさんと写真が撮りたかった,,,
金沢エリア,金沢中央観光案内所,2024/03/20 13:14:22,同意する,1泊,1泊,金沢エリア  （湯涌温泉、深谷温泉、犀川温泉など）,石川県外には泊まらない,子供,"地元の美味しいものを食べる, 名所、旧跡の観光",新幹線,"路線バス, 徒歩",とても満足,運転手さんがとにかく親切でした。地元の路線バスではあり得ないくらい感じが良い運転手さんに感動しました。,"5,000円以上 10,000円未満","20,000円以上 30,000円未満","40,000円以上 50,000円未満",初めて,"観光展・物産展, 観光パンフレット・ポスター",兼六園,,近江町市場,,使わない,とても満足,,とても満足,,感じなかった,,10,,また行きたい（1年以内）,特になし,女,1974,埼玉県,熊谷市,500万円以上 600万円未満,石川県のおすすめ観光スポットが見たい,,,
金沢エリア,金沢中央観光案内所,2024/03/20 20:39:46,同意する,1泊,1泊,金沢エリア  （湯涌温泉、深谷温泉、犀川温泉など）,石川県外には泊まらない,親,"宿でのんびり過ごす, 地元の美味しいものを食べる","新幹線, 在来線","路線バス, 徒歩",とても満足,バスが高頻度で回ってるから,"10,000円以上 20,000円未満","10,000円以上 20,000円未満","10,000円以上 20,000円未満",初めて,通りかかった,兼六園,,ひがし茶屋街,,"5,000円以上 10,000円未満",とても満足,分かりやすかった,とても満足,分かりやすかった,感じなかった,,10,体験,また行きたい（1年以内）,のどぐろがお土産に買いたい,女,1996,兵庫県,明石市,300万円以上 400万円未満,"能登牛が当たる, 石川県のおすすめ観光スポットが見たい",,,食べ物が美味しいし、観光もたのしい
金沢エリア,金沢中央観光案内所,2024/03/21 11:43:50,同意する,1泊,1泊,金沢エリア  （湯涌温泉、深谷温泉、犀川温泉など）,石川県外には泊まらない,恋人,"温泉や露天風呂, 地元の美味しいものを食べる, 名所、旧跡の観光",飛行機,徒歩,,,"10,000円以上 20,000円未満","20,000円以上 30,000円未満","10,000円以上 20,000円未満",2～5回目,観光協会等の案内所,近江町市場,,尾山神社,,使わない,満足,マップをいただけたから,満足,情報が多い,感じなかった,,8,恒常的なスタンプラリー,また行きたい（1年以内）,混雑しない工夫、待ち時間の少ない工夫,男,1991,東京都,江東区,"900万円以上 1,000万円未満",動く３Dひゃくまんさんを見たい,,,
金沢エリア,金沢中央観光案内所,2024/03/22 10:07:36,同意する,2泊,2泊,金沢エリア  （湯涌温泉、深谷温泉、犀川温泉など）,石川県外には泊まらない,恋人,"地元の美味しいものを食べる, 名所、旧跡の観光",新幹線,徒歩,,,"30,000円以上 40,000円未満","50,000円以上 100,000円未満","10,000円以上 20,000円未満",初めて,新聞・雑誌・ガイドブック,金沢21世紀美術館,,選択なし/該当施設なし,金沢駅,使わない,満足,折り紙折れる,とても満足,折り紙,感じなかった,ない,9,現在のままでよい,機会があれば行きたい,蟹,女,1985,東京都,世田谷区,700万円以上 800万円未満,ひゃくまさんが好き,,,カニが美味しい
金沢エリア,金沢中央観光案内所,2024/03/22 13:44:39,同意する,1泊,1泊,金沢エリア  （湯涌温泉、深谷温泉、犀川温泉など）,石川県外には泊まらない,姉,"地元の美味しいものを食べる, 各種体験（手作り、果物狩りなど）","新幹線, 在来線",徒歩,,,"10,000円以上 20,000円未満","10,000円以上 20,000円未満","10,000円以上 20,000円未満",初めて,通りがかり,選択なし/該当施設なし,カフェに行ってました,選択なし/該当施設なし,九谷焼絵付け体験をします,使わない,満足,お手洗いが清潔,満足,,感じなかった,,9,毱作りたいです,機会があれば行きたい,毱作りたいです,女,1989,京都府,下京区,400万円以上 500万円未満,能登牛が当たる,,,楽しかったから
金沢エリア,金沢中央観光案内所,2024/03/22 17:44:23,同意する,1泊,1泊,金沢エリア  （湯涌温泉、深谷温泉、犀川温泉など）,石川県外には泊まらない,友人,"宿でのんびり過ごす, 温泉や露天風呂, 地元の美味しいものを食べる, 花見や紅葉などの自然鑑賞, 名所、旧跡の観光, まちあるき、都市散策, 各種体験（手作り、果物狩りなど）","新幹線, 在来線",徒歩,満足,駅がきれい,"10,000円以上 20,000円未満","10,000円以上 20,000円未満","10,000円以上 20,000円未満",初めて,観光パンフレット・ポスター,兼六園,,近江町市場,,"1,000円以上 3,000円未満",満足,イベントが興味深い,満足,わかりやすい位置にある,感じなかった,,6,カフェがあると良い,また行きたい（1年以内）,日本酒、寿司、和菓子,女,1973,京都府,京都市,300万円以上 400万円未満,"能登牛が当たる, なんとなく",,,金沢全般。街も良いし食べ物も美味しい。
金沢エリア,金沢中央観光案内所,2024/03/22 17:46:47,同意する,1泊,1泊,金沢エリア  （湯涌温泉、深谷温泉、犀川温泉など）,石川県外には泊まらない,友人,"宿でのんびり過ごす, 温泉や露天風呂, 地元の美味しいものを食べる, 花見や紅葉などの自然鑑賞, 名所、旧跡の観光, 買い物、アウトレット, まちあるき、都市散策","新幹線, 在来線","路線バス, 徒歩",満足,町歩きが楽しい,"10,000円以上 20,000円未満","5,000円以上 10,000円未満","20,000円以上 30,000円未満",初めて,"新聞・雑誌・ガイドブック, 観光パンフレット・ポスター, 観光連盟やDMOのHP, X(旧：Twitter), 観光協会等の案内所",兼六園,,近江町市場,,"20,000円以上 30,000円未満",とても満足,ビデオが楽しみ,満足,情報を得やすいし、ホテルから近かった,感じなかった,,10,,また行きたい（1年以内）,海鮮,女,1974,東京都,東久留米市,"1,000万円以上 1,200万円未満",能登牛が当たる,,,尾山神社のステンドグラス
金沢エリア,金沢中央観光案内所,2024/03/23 10:20:16,同意する,3泊,3泊,金沢エリア  （湯涌温泉、深谷温泉、犀川温泉など）,石川県外には泊まらない,自分ひとり,出張など仕事関係,"新幹線, 在来線",路線バス,満足,まちバスはSuicaが使えるが、路線バスはSuicaが使えないから。,"10,000円以上 20,000円未満","10,000円以上 20,000円未満","10,000円以上 20,000円未満",初めて,たまたまホテルの一階だったため,選択なし/該当施設なし,,選択なし/該当施設なし,奥能登での復興支援,使わない,満足,スタッフさんから近隣の情報を教えてもらえた。,満足,,感じなかった,,8,,機会があれば行きたい,海鮮,男,1994,新潟県,十日町市,"1,000万円以上 1,200万円未満",能登牛が当たる,,,観光情報、特産品情報が揃っているから。
金沢エリア,金沢中央観光案内所,2024/03/23 11:24:42,同意する,1泊,1泊,石川県内には宿泊しない,石川県外には泊まらない,小学生以下連れの家族,地元の美味しいものを食べる,自家用車,徒歩,,楽しい旅になりました,"10,000円以上 20,000円未満","5,000円以上 10,000円未満","10,000円以上 20,000円未満",11回目以上,インターネット・アプリ,近江町市場,,尾山神社,,使わない,満足,,満足,,感じなかった,,10,,また行きたい（1年以内）,特になし,女,1982,岐阜県,本巣市,"1,000万円以上 1,200万円未満",能登牛が当たる,,,
金沢エリア,金沢中央観光案内所,2024/03/23 12:17:06,同意する,4泊以上,3泊,能登エリア （和倉温泉、七尾市、輪島市、珠洲市など）,石川県外には泊まらない,自分ひとり,災害ボランティア,新幹線,徒歩,,,"5,000円以上 10,000円未満","1,000円未満","20,000円以上 30,000円未満",初めて,観光展・物産展,兼六園,,選択なし/該当施設なし,,使わない,とても満足,,とても満足,,感じなかった,,10,,機会があれば行きたい,特になし,女,1994,大分県,臼杵市,400万円以上 500万円未満,"ひゃくまさんが好き, なんとなく",,,
金沢エリア,金沢中央観光案内所,2024/03/24 9:08:45,同意する,2泊,2泊,金沢エリア  （湯涌温泉、深谷温泉、犀川温泉など）,石川県外には泊まらない,夫婦2人,"地元の美味しいものを食べる, まちあるき、都市散策","新幹線, 飛行機",徒歩,,,"5,000円以上 10,000円未満","1,000円未満","10,000円以上 20,000円未満",初めて,インターネット・アプリ,選択なし/該当施設なし,,選択なし/該当施設なし,武家屋敷街,使わない,どちらでもない,観光パンフレットをいただいた程度です,どちらでもない,,感じなかった,,7,モデルコースの案内があるといいです,機会があれば行きたい,センスのいいお土産雑貨屋さんも多いのに見つけにくいと思うので案内があるといいですね,男,1976,東京都,練馬区,"1,200万円以上 1,500万円未満","能登牛が当たる, ひゃくまさんが好き",,,パンフレットが揃っている
金沢エリア,金沢中央観光案内所,2024/03/24 11:11:57,同意する,3泊,2泊,金沢エリア  （湯涌温泉、深谷温泉、犀川温泉など）,富山県,親,"宿でのんびり過ごす, 温泉や露天風呂, 地元の美味しいものを食べる",自家用車,自家用車,,,"50,000円以上 100,000円未満",使わない,"30,000円以上 40,000円未満",初めて,観光展・物産展,尾山神社,,選択なし/該当施設なし,,"20,000円以上 30,000円未満",とても満足,,とても満足,,感じなかった,,10,,また行きたい（1年以内）,その土地でしか食べられないもの,女,1995,神奈川県,横浜市,700万円以上 800万円未満,"ひゃくまさんが好き, ひゃくまんさんの名刺をコレクションしている",,,
金沢エリア,金沢中央観光案内所,2024/03/24 14:00:47,同意する,2泊,1泊,金沢エリア  （湯涌温泉、深谷温泉、犀川温泉など）,東京都,自分ひとり,"地元の美味しいものを食べる, 名所、旧跡の観光",新幹線,徒歩,,,"10,000円以上 20,000円未満","20,000円以上 30,000円未満","20,000円以上 30,000円未満",初めて,"観光パンフレット・ポスター, 観光協会等の案内所",選択なし/該当施設なし,,兼六園,,使わない,とても満足,金沢美味チケットが役に立った,とても満足,金沢城・兼六園のマップのチラシが置いてた,感じなかった,,7,ひゃくまんさんのお土産を売ってほしい,機会があれば行きたい,特になし,男,1999,青森県,青森市,200万円以上 300万円未満,ひゃくまさんが好き,,,初めて金沢に旅行する際、道に迷わないため
金沢エリア,金沢中央観光案内所,2024/03/24 20:35:02,同意する,2泊,2泊,金沢エリア  （湯涌温泉、深谷温泉、犀川温泉など）,石川県外には泊まらない,親,"地元の美味しいものを食べる, まちあるき、都市散策, 各種体験（手作り、果物狩りなど）",新幹線,徒歩,,,"20,000円以上 30,000円未満","20,000円以上 30,000円未満","10,000円以上 20,000円未満",2～5回目,観光展・物産展,近江町市場,,選択なし/該当施設なし,武家屋敷跡,使わない,満足,パンフレットが充実していたから,満足,お手洗いがきれいだったから,感じなかった,,8,,機会があれば行きたい,特になし,女,1999,東京都,中央区,"900万円以上 1,000万円未満",ひゃくまさんが好き,,,金沢茶寮
金沢エリア,金沢中央観光案内所,2024/03/24 20:39:27,同意する,2泊,2泊,金沢エリア  （湯涌温泉、深谷温泉、犀川温泉など）,石川県外には泊まらない,高校生以上連れの家族,"地元の美味しいものを食べる, 名所、旧跡の観光, まちあるき、都市散策",新幹線,"路線バス, 徒歩",どちらでもない,距離がバスを乗るまでもないが徒歩だと、トータル歩くことになってしまい、ばす券を買ってもお得にならなかった,"20,000円以上 30,000円未満","20,000円以上 30,000円未満","20,000円以上 30,000円未満",初めて,通りかかり,近江町市場,,選択なし/該当施設なし,にし茶屋街,使わない,どちらでもない,,どちらでもない,,感じなかった,,6,,機会があれば行きたい,特になし,女,1973,東京都,国分寺市,"900万円以上 1,000万円未満",なんとなく,,,
金沢エリア,金沢中央観光案内所,2024/03/25 12:55:58,同意する,2泊,1泊,金沢エリア  （湯涌温泉、深谷温泉、犀川温泉など）,富山県,自分ひとり,"名所、旧跡の観光, まちあるき、都市散策",新幹線,徒歩,,,"10,000円以上 20,000円未満","10,000円以上 20,000円未満","3,000円以上 5,000円未満",初めて,新聞・雑誌・ガイドブック,尾山神社,,選択なし/該当施設なし,,使わない,満足,,満足,,感じなかった,,8,,機会があれば行きたい,特になし,女,1975,広島県,尾道市,600万円以上 700万円未満,"能登牛が当たる, 石川県のおすすめ観光スポットが見たい",,,
金沢エリア,金沢中央観光案内所,2024/03/25 14:17:42,同意する,4泊以上,1泊,金沢エリア  （湯涌温泉、深谷温泉、犀川温泉など）,名古屋　広島,自分ひとり,初めての石川を楽しみたかったのと被災県応援になればと思ったので,"飛行機, 夜行バス","路線バス, レンタサイクル",不満,街乗り をお借りしましたが ポートが分かりにくく 探しているうちに課金されてミットしました,"5,000円以上 10,000円未満","20,000円以上 30,000円未満","5,000円以上 10,000円未満",初めて,自転車で走っていて見かけました 大変立派な建物だったのでよく目につきました,尾山神社,,兼六園,,使わない,どちらでもない,地図が欲しくてよっただけなので,満足,広くて綺麗だと思います,感じなかった,,8,和菓子なども置かれたらいかがdeshou,また行きたい（1年以内）,なし,女,1970,岩手県,盛岡市,400万円以上 500万円未満,時間があったから。世帯年収の必要性が知りたいですね,,,見所は こじんまりとしているので徒歩でも観光可なところがいいと思います
金沢エリア,金沢中央観光案内所,2024/03/25 15:58:16,同意する,1泊,1泊,金沢エリア  （湯涌温泉、深谷温泉、犀川温泉など）,石川県外には泊まらない,小学生以下連れの家族,"宿でのんびり過ごす, 地元の美味しいものを食べる, 名所、旧跡の観光, まちあるき、都市散策",新幹線,タクシー,満足,,"20,000円以上 30,000円未満","30,000円以上 40,000円未満","3,000円以上 5,000円未満",初めて,インターネット・アプリ,選択なし/該当施設なし,,選択なし/該当施設なし,,使わない,満足,,満足,,感じなかった,,8,,機会があれば行きたい,なし,女,1986,埼玉県,さいたま市,"1,500万円以上",能登牛が当たる,,,
金沢エリア,金沢中央観光案内所,2024/03/25 16:57:48,同意する,1泊,1泊,金沢エリア  （湯涌温泉、深谷温泉、犀川温泉など）,石川県外には泊まらない,友人,"地元の美味しいものを食べる, 名所、旧跡の観光",新幹線,徒歩,,,"30,000円以上 40,000円未満",使わない,"30,000円以上 40,000円未満",初めて,歩いていたら見つけた,兼六園,,選択なし/該当施設なし,,使わない,とても満足,,とても満足,,感じなかった,,10,,機会があれば行きたい,特になし,男,2005,大阪府,大阪市,400万円以上 500万円未満,なんとなく,,,
金沢エリア,金沢中央観光案内所,2024/03/25 17:08:45,同意する,1泊,1泊,金沢エリア  （湯涌温泉、深谷温泉、犀川温泉など）,石川県外には泊まらない,親,"地元の美味しいものを食べる, 名所、旧跡の観光","新幹線, 在来線",徒歩,,,"50,000円以上 100,000円未満","20,000円以上 30,000円未満","30,000円以上 40,000円未満",初めて,"観光展・物産展, 新聞・雑誌・ガイドブック, Instagram, TikTok",尾山神社,,兼六園,,"10,000円以上 20,000円未満",とても満足,,とても満足,みんな優しい　食べ物美味しい,感じなかった,,9,,また行きたい（1年以内）,店が閉まるのが早い,女,1995,大阪府,大阪市,600万円以上 700万円未満,"能登牛が当たる, ひゃくまさんが好き, なんとなく",,,
金沢エリア,金沢中央観光案内所,2024/03/25 17:54:41,同意する,1泊,1泊,金沢エリア  （湯涌温泉、深谷温泉、犀川温泉など）,石川県外には泊まらない,親,"宿でのんびり過ごす, 名所、旧跡の観光",新幹線,在来線,満足,,"50,000円以上 100,000円未満","3,000円以上 5,000円未満","5,000円以上 10,000円未満",初めて,歩いていたらあったので入ってみた。,尾山神社,,金沢21世紀美術館,,使わない,満足,,満足,,感じなかった,,8,,どちらともいえない,特になし,男,1992,千葉県,市川市,"900万円以上 1,000万円未満",折り紙を折るため,,,
金沢エリア,金沢中央観光案内所,2024/03/26 16:11:00,同意する,1泊,1泊,金沢エリア  （湯涌温泉、深谷温泉、犀川温泉など）,石川県外には泊まらない,親,"宿でのんびり過ごす, 地元の美味しいものを食べる, 名所、旧跡の観光, まちあるき、都市散策, 出張など仕事関係","新幹線, 在来線","路線バス, 徒歩",満足,,"10,000円以上 20,000円未満","5,000円以上 10,000円未満","10,000円以上 20,000円未満",初めて,観光パンフレット・ポスター,選択なし/該当施設なし,,尾山神社,,使わない,満足,,満足,,感じなかった,,7,,機会があれば行きたい,特になし,女,2009,神奈川県,横須賀市,"900万円以上 1,000万円未満",ひゃくまさんが好き,,,
金沢エリア,金沢中央観光案内所,2024/03/27 14:25:01,同意する,1泊,1泊,金沢エリア  （湯涌温泉、深谷温泉、犀川温泉など）,石川県外には泊まらない,恋人,"宿でのんびり過ごす, 地元の美味しいものを食べる, 名所、旧跡の観光, スポーツ観戦や芸術鑑賞（コンサート等）, まちあるき、都市散策, 各種体験（手作り、果物狩りなど）","新幹線, 在来線",徒歩,,,"5,000円以上 10,000円未満","20,000円以上 30,000円未満","10,000円以上 20,000円未満",初めて,インターネット・アプリ,金沢21世紀美術館,,近江町市場,,使わない,とても満足,,とても満足,,感じなかった,,10,,また行きたい（1年以内）,のどくろ,女,2000,東京都,渋谷区,300万円以上 400万円未満,"能登牛が当たる, ひゃくまさんが好き, 石川県のおすすめ観光スポットが見たい",,,
金沢エリア,金沢中央観光案内所,2024/03/27 18:24:25,同意する,4泊以上,4泊以上,能登エリア （和倉温泉、七尾市、輪島市、珠洲市など）,石川県外には泊まらない,自分ひとり,出張など仕事関係,新幹線,徒歩,満足,思い出に残る仕事でした,使わない,"1,000円以上 3,000円未満","10,000円以上 20,000円未満",初めて,観光展・物産展,兼六園,,近江町市場,,使わない,満足,,満足,,感じなかった,,10,,また行きたい（1年以内）,美味しいものが沢山ある,男,1966,東京都,練馬区,"900万円以上 1,000万円未満",能登牛が当たる,,,
金沢エリア,金沢中央観光案内所,2024/03/28 16:16:13,同意する,2泊,2泊,金沢エリア  （湯涌温泉、深谷温泉、犀川温泉など）,石川県外には泊まらない,夫婦2人,"地元の美味しいものを食べる, 花見や紅葉などの自然鑑賞, 名所、旧跡の観光, まちあるき、都市散策",自家用車,路線バス,とても満足,金沢一日フリー乗車券で、気軽に移動できる　,"3,000円以上 5,000円未満","10,000円以上 20,000円未満","10,000円以上 20,000円未満",初めて,市内観光中　見つけたので、ぶらっと入った,尾山神社,,選択なし/該当施設なし,ホテルに戻る,使わない,どちらでもない,,どちらでもない,,感じなかった,,8,,また行きたい（1年以内）,海鮮,女,1958,奈良県,奈良市,400万円以上 500万円未満,能登牛が当たる,,,街が整っている　庭園等歴史を感じる
金沢エリア,金沢中央観光案内所,2024/03/28 16:18:39,同意する,2泊,2泊,金沢エリア  （湯涌温泉、深谷温泉、犀川温泉など）,石川県外には泊まらない,夫婦2人,名所、旧跡の観光,自家用車,路線バス,満足,フリーバス乗車券があったのでうまく利用できたから。,"40,000円以上 50,000円未満","10,000円以上 20,000円未満","10,000円以上 20,000円未満",初めて,観光連盟やDMOのHP,尾山神社,,選択なし/該当施設なし,,使わない,どちらでもない,休憩と情報収集のため利用したから。,どちらでもない,十分理解していない。,感じなかった,,8,軽食を充実させてほしい。,機会があれば行きたい,特になし,男,1957,奈良県,奈良市,500万円以上 600万円未満,なんとなく,,,見どころの多さ。
金沢エリア,金沢中央観光案内所,2024/03/29 14:10:52,同意する,2泊,2泊,金沢エリア  （湯涌温泉、深谷温泉、犀川温泉など）,石川県外には泊まらない,夫婦、娘夫婦、孫２人,"地元の美味しいものを食べる, 名所、旧跡の観光, 友人・親戚を訪ねる",自家用車,徒歩,,,"10,000円以上 20,000円未満","1,000円以上 3,000円未満","20,000円以上 30,000円未満",初めて,歩いていたらちょうどあったので入ってみた,尾山神社,,選択なし/該当施設なし,武家屋敷,使わない,どちらでもない,,どちらでもない,,感じなかった,,8,特になし,機会があれば行きたい,お土産がどれも綺麗で美味しいそうなのでどれにしようかとてもまよいます,女,1954,静岡県,静岡市,100万円未満,石川県のおすすめ観光スポットが見たい,,,金沢城がとても良いから
金沢エリア,金沢中央観光案内所,2024/03/31 10:45:49,同意する,2泊,2泊,金沢エリア  （湯涌温泉、深谷温泉、犀川温泉など）,石川県外には泊まらない,恋人,"宿でのんびり過ごす, 温泉や露天風呂, 地元の美味しいものを食べる, 花見や紅葉などの自然鑑賞, 名所、旧跡の観光",新幹線,路線バス,,,"10,000円以上 20,000円未満","1,000円以上 3,000円未満","10,000円以上 20,000円未満",初めて,"観光パンフレット・ポスター, インターネット・アプリ, Instagram",近江町市場,,兼六園,,"1,000円未満",満足,たくさんのパンフレットがあったから。,満足,静かでゆっくりできる雰囲気だったから。,感じなかった,,9,飲食や土産で使えるクーポンがあるとよかったです。,また行きたい（1年以内）,カニを食べたい。,女,2001,熊本県,熊本市,"1,200万円以上 1,500万円未満",能登牛が当たる,,,お食事が美味しい。街並みが綺麗。
金沢エリア,金沢中央観光案内所,2024/03/31 16:36:37,同意する,1泊,1泊,金沢エリア  （湯涌温泉、深谷温泉、犀川温泉など）,石川県外には泊まらない,夫婦2人,"宿でのんびり過ごす, 地元の美味しいものを食べる, 名所、旧跡の観光, まちあるき、都市散策",新幹線,徒歩,どちらでもない,,"20,000円以上 30,000円未満","20,000円以上 30,000円未満","20,000円以上 30,000円未満",初めて,通りがかった,ひがし茶屋街,,近江町市場,,使わない,満足,,満足,,感じなかった,,8,,機会があれば行きたい,石川県らしいお土産屋がもっと増えて欲しい,男,1966,群馬県,高崎市,700万円以上 800万円未満,"能登牛が当たる, 石川県の雑学を知りたい, なんとなく",,,
金沢エリア,金沢中央観光案内所,2024/04/01 12:23:44,同意する,1泊,1泊,金沢エリア  （湯涌温泉、深谷温泉、犀川温泉など）,石川県外には泊まらない,恋人,"名所、旧跡の観光, まちあるき、都市散策, 各種体験（手作り、果物狩りなど）",新幹線,徒歩,満足,,"10,000円以上 20,000円未満","20,000円以上 30,000円未満","20,000円以上 30,000円未満",2～5回目,Instagram,選択なし/該当施設なし,,選択なし/該当施設なし,,使わない,どちらでもない,,満足,,感じなかった,,10,,機会があれば行きたい,地元の方々とお話できると充実感が増すため、ただ見る観光ではなく、体験やガイドツアーが増えるとよいと思います,女,1974,東京都,文京区,"1,200万円以上 1,500万円未満",能登牛が当たる,,,
金沢エリア,金沢中央観光案内所,2024/04/02 3:35:38,同意する,1泊,1泊,金沢エリア  （湯涌温泉、深谷温泉、犀川温泉など）,石川県外には泊まらない,自分ひとり,名所、旧跡の観光,新幹線,徒歩,,,"3,000円以上 5,000円未満","5,000円以上 10,000円未満","5,000円以上 10,000円未満",初めて,観光パンフレット・ポスター,選択なし/該当施設なし,小松の杜,兼六園,,使わない,満足,,満足,,感じなかった,,8,,機会があれば行きたい,城めぐり,男,1970,愛知県,豊橋市,500万円以上 600万円未満,能登牛が当たる,,,
金沢エリア,金沢中央観光案内所,2024/04/02 17:46:47,同意する,2泊,2泊,金沢エリア  （湯涌温泉、深谷温泉、犀川温泉など）,石川県外には泊まらない,中学生以下連れの家族,卒業旅行,新幹線,"タクシー, 徒歩",満足,流しのタクシーがあって良かった,"30,000円以上 40,000円未満","30,000円以上 40,000円未満","20,000円以上 30,000円未満",初めて,歩いていて偶然,尾山神社,,選択なし/該当施設なし,町屋ダイニング,使わない,とても満足,トイレも使えて休憩もできたから,とても満足,トイレが利用できて遅い時間まで開いている,感じなかった,,10,,また行きたい（1年以内）,回転寿司,女,1978,福岡県,朝倉市,"1,000万円以上 1,200万円未満",能登牛が当たる,,,
金沢エリア,金沢中央観光案内所,2024/04/05 22:26:32,同意する,2泊,2泊,金沢エリア  （湯涌温泉、深谷温泉、犀川温泉など）,石川県外には泊まらない,自分ひとり,"地元の美味しいものを食べる, 花見や紅葉などの自然鑑賞, 名所、旧跡の観光, テーマパーク（遊園地、動物園、博物館など）, まちあるき、都市散策","新幹線, 飛行機",徒歩,,,"5,000円以上 10,000円未満","20,000円以上 30,000円未満","10,000円以上 20,000円未満",初めて,香林坊に向かって歩いて見つけた,近江町市場,,兼六園,,"1,000円未満",満足,観光パンフレットが豊富に揃って、テーマ別にわかりやすく設置されて利用しやすかったです。,満足,ゆったりしたスペースで、時間に余裕があれば、ゆっくり活用することもできると思います,感じなかった,,9,気づかなかったかも知れませんがカフェがあればひと息つけそうです,また行きたい（1年以内）,北陸らしい海産物,女,1953,鹿児島県,鹿児島市,300万円以上 400万円未満,石川県のおすすめ観光スポットが見たい,満足,10,新旧の魅力がつまっている
金沢エリア,金沢中央観光案内所,2024/04/06 10:31:05,同意する,1泊,1泊,金沢エリア  （湯涌温泉、深谷温泉、犀川温泉など）,石川県外には泊まらない,親,"地元の美味しいものを食べる, 花見や紅葉などの自然鑑賞, 名所、旧跡の観光, ドライブ・ツーリング",自家用車,自家用車,,,"5,000円以上 10,000円未満","5,000円以上 10,000円未満","5,000円以上 10,000円未満",初めて,"観光展・物産展, 観光パンフレット・ポスター",尾山神社,,近江町市場,,使わない,満足,,満足,,感じなかった,,10,,機会があれば行きたい,特になし,女,2003,大阪府,大阪市,600万円以上 700万円未満,能登牛が当たる,とても満足,10,
金沢エリア,金沢中央観光案内所,2024/04/06 11:19:47,同意する,3泊,2泊,金沢エリア  （湯涌温泉、深谷温泉、犀川温泉など）,福井県,友人,"名所、旧跡の観光, まちあるき、都市散策, 北陸特急の最終日を見学、蓮ノ空女学院の聖地を巡礼","自家用車, 在来線","在来線, 路線バス",とても満足,,使わない,"1,000円以上 3,000円未満","5,000円以上 10,000円未満",2～5回目,前回訪問した際路線バスの路線マップがあったから,選択なし/該当施設なし,金沢駅,選択なし/該当施設なし,にし茶屋街,使わない,とても満足,,とても満足,,感じなかった,,10,,また行きたい（1年以内）,北陸本線を時速130kmでかっ飛ばす特急にまた乗りたいそして撮りたい,男,2006,新潟県,新潟市,100万円未満,"ひゃくまさんが好き, 石川県のおすすめ観光スポットが見たい, 石川県の雑学を知りたい",とても満足,10,はすのそらさいきょー
金沢エリア,金沢中央観光案内所,2024/04/06 14:46:28,同意する,1泊,1泊,金沢エリア  （湯涌温泉、深谷温泉、犀川温泉など）,石川県外には泊まらない,小学生以下連れの家族,"地元の美味しいものを食べる, 名所、旧跡の観光, 友人・親戚を訪ねる",新幹線,路線バス,どちらでもない,交通系ICカードが導入されるとより便利でした。,"5,000円以上 10,000円未満","1,000円以上 3,000円未満","20,000円以上 30,000円未満",初めて,友人・知人,尾山神社,,金沢21世紀美術館,,使わない,満足,,満足,,感じなかった,,5,,また行きたい（1年以内）,飲食や文化も、とても個性があって来て良かったと思っています。まだまだ時間が足りないので、また来たいと思います。新幹線ができて来県のハードルが下がりました。,女,1972,東京都,台東区,"1,500万円以上",能登牛が当たる,満足,10,
金沢エリア,金沢中央観光案内所,2024/04/06 17:17:43,同意する,2泊,2泊,金沢エリア  （湯涌温泉、深谷温泉、犀川温泉など）,石川県外には泊まらない,小学生以下連れの家族,"地元の美味しいものを食べる, 花見や紅葉などの自然鑑賞, まちあるき、都市散策",飛行機,徒歩,,,"20,000円以上 30,000円未満","20,000円以上 30,000円未満","40,000円以上 50,000円未満",初めて,観光展・物産展,金沢21世紀美術館,,ひがし茶屋街,,使わない,とても満足,ゆっくり観光情報を見ることができた,とても満足,静かでたくさんのパンフレットがありゆっくり見れた,感じなかった,,10,,機会があれば行きたい,新鮮な魚介類目当てで来ました,女,1990,福岡県,福岡市,700万円以上 800万円未満,"能登牛が当たる, 石川県のおすすめ観光スポットが見たい",とても満足,10,食べ物も美味しくゆっくり過ごすことができました
金沢エリア,金沢中央観光案内所,2024/04/07 13:50:54,同意する,2泊,2泊,金沢エリア  （湯涌温泉、深谷温泉、犀川温泉など）,石川県外には泊まらない,自分ひとり,まちあるき、都市散策,夜行バス,"路線バス, 徒歩",不満,全く時刻表の通りに来なかったです,"20,000円以上 30,000円未満","3,000円以上 5,000円未満","30,000円以上 40,000円未満",2～5回目,インターネット・アプリ,近江町市場,,兼六園,,使わない,とても満足,静かで清潔感のあるとてもいい施設と思いました。,とても満足,上と同じです。,感じなかった,,10,海を見たいです！,また行きたい（1年以内）,おでんが美味しかったので、ほかの具を注文したいです！,女,2003,埼玉県,さいたま市,300万円以上 400万円未満,ARでひゃくまんさんと写真が撮りたかった,とても満足,10,蓮ノ空のことが好きな人には絶対来てもらいたいです！
金沢エリア,金沢中央観光案内所,2024/04/07 15:20:34,同意する,日帰り,石川県内には宿泊しない,石川県内には宿泊しない,石川県外には泊まらない,友人,まちあるき、都市散策,自転車,自転車,とても満足,,使わない,使わない,"1,000円以上 3,000円未満",2～5回目,X(旧：Twitter),近江町市場,,兼六園,,使わない,とても満足,,とても満足,,感じなかった,,10,,また行きたい（1年以内）,特になし,男,2000,富山県,富山市,100万円未満,"能登牛が当たる, ひゃくまさんが好き, 石川県のおすすめ観光スポットが見たい",とても満足,10,
金沢エリア,金沢中央観光案内所,2024/04/07 15:21:35,同意する,日帰り,石川県内には宿泊しない,石川県内には宿泊しない,富山県,団体旅行,アウトドア（海水浴、釣り、登山など）,自転車,自転車,満足,,使わない,使わない,"1,000円未満",初めて,観光展・物産展,選択なし/該当施設なし,,兼六園,,"1,000円未満",とても満足,,とても満足,,感じなかった,,10,,また行きたい（1年以内）,特になし,男,2004,富山県,富山市,"1,500万円以上",能登牛が当たる,とても満足,10,
金沢エリア,金沢中央観光案内所,2024/04/07 15:23:39,同意する,日帰り,石川県内には宿泊しない,石川県内には宿泊しない,富山県,友人,アウトドア（海水浴、釣り、登山など）,自転車,自転車,とても満足,,使わない,使わない,"5,000円以上 10,000円未満",2～5回目,"X(旧：Twitter), 友人・知人",近江町市場,,近江町市場,,"1,000円未満",とても満足,,とても満足,,感じなかった,,10,,また行きたい（1年以内）,特になし,男,2001,富山県,富山市,100万円未満,"能登牛が当たる, 石川県のおすすめ観光スポットが見たい, なんとなく",とても満足,10,
金沢エリア,金沢中央観光案内所,2024/04/07 15:59:22,同意する,1泊,1泊,金沢エリア  （湯涌温泉、深谷温泉、犀川温泉など）,石川県外には泊まらない,夫婦2人,"お祭りやイベントへの参加・見物, まちあるき、都市散策, 各種体験（手作り、果物狩りなど）",新幹線,徒歩,,,"10,000円以上 20,000円未満","1,000円未満","5,000円以上 10,000円未満",初めて,タクシードライバーや地元の人,選択なし/該当施設なし,,近江町市場,,使わない,どちらでもない,,どちらでもない,,感じなかった,,6,,また行きたい（1年以内）,特になし,無回答,1991,東京都,八王子市,400万円以上 500万円未満,ひゃくまんさん折り紙の手順が知りたい,満足,8,
金沢エリア,金沢中央観光案内所,2024/04/08 14:34:33,同意する,1泊,1泊,金沢エリア  （湯涌温泉、深谷温泉、犀川温泉など）,石川県外には泊まらない,自分ひとり,"名所、旧跡の観光, お祭りやイベントへの参加・見物, まちあるき、都市散策, ドライブ・ツーリング",自家用車,徒歩,,,"5,000円以上 10,000円未満","1,000円以上 3,000円未満","5,000円以上 10,000円未満",2～5回目,"X(旧：Twitter), 蓮ノ空女学院スクールアイドルクラブとのコラボにて",選択なし/該当施設なし,金沢城公園,選択なし/該当施設なし,金沢駅,使わない,満足,石川県の観光スポットがパンフレットなどで情報を拾いやすくなっているため,満足,休憩スポットとしても利用できるため,感じなかった,,5,,また行きたい（1年以内）,金沢おでんや海産物が美味しいのでリピートしてしまいますね。,男,1975,愛知県,名古屋市,400万円以上 500万円未満,"ひゃくまさんが好き, ARでひゃくまんさんと写真が撮りたかった, 動く３Dひゃくまんさんを見たい",とても満足,10,観光スポットが多く、写真映えするので。
金沢エリア,金沢中央観光案内所,2024/04/09 20:41:35,同意する,2泊,2泊,金沢エリア  （湯涌温泉、深谷温泉、犀川温泉など）,石川県外には泊まらない,親,"花見や紅葉などの自然鑑賞, まちあるき、都市散策",新幹線,徒歩,,,"50,000円以上 100,000円未満","20,000円以上 30,000円未満","10,000円以上 20,000円未満",初めて,"観光展・物産展, 観光パンフレット・ポスター, X(旧：Twitter)",兼六園,,選択なし/該当施設なし,,使わない,とても満足,対応が丁寧,とても満足,施設が綺麗,感じなかった,,9,,機会があれば行きたい,飲食が高い,女,1997,栃木県,宇都宮市,300万円以上 400万円未満,能登牛が当たる,満足,8,桜のライトアップがとても綺麗
金沢エリア,金沢中央観光案内所,2024/04/09 20:41:38,同意する,2泊,2泊,金沢エリア  （湯涌温泉、深谷温泉、犀川温泉など）,石川県外には泊まらない,中学生以下連れの家族,"地元の美味しいものを食べる, 花見や紅葉などの自然鑑賞, 名所、旧跡の観光, まちあるき、都市散策, 各種体験（手作り、果物狩りなど）",新幹線,徒歩,,,"50,000円以上 100,000円未満","30,000円以上 40,000円未満","40,000円以上 50,000円未満",初めて,新聞・雑誌・ガイドブック,尾山神社,,兼六園,,使わない,満足,トイレもありパンフレットも充実していました。,満足,とてもキレイでした。。,感じなかった,,7,カフェがあるといいですね。,機会があれば行きたい,飲食関係はとても高過ぎると思います。,女,1967,栃木県,宇都宮市,400万円以上 500万円未満,"能登牛が当たる, ひゃくまさんが好き",満足,8,桜や庭園が素晴らしいです。
金沢エリア,金沢中央観光案内所,2024/04/10 16:50:29,同意する,3泊,3泊,金沢エリア  （湯涌温泉、深谷温泉、犀川温泉など）,石川県外には泊まらない,自分ひとり,"地元の美味しいものを食べる, 花見や紅葉などの自然鑑賞, まちあるき、都市散策","新幹線, 在来線","路線バス, 徒歩",満足,すぐバス来る,"30,000円以上 40,000円未満","10,000円以上 20,000円未満","10,000円以上 20,000円未満",6～10回目,"観光パンフレット・ポスター, 観光協会等の案内所",近江町市場,,金沢21世紀美術館,,使わない,満足,パンフ多い,満足,みやげもある,感じなかった,,7,椅子が欲しい、大きなロッカー欲しい,また行きたい（1年以内）,手軽にお茶飲みたい,女,1974,京都府,京都市,200万円以上 300万円未満,能登牛が当たる,満足,9,観光アクセスが良い
金沢エリア,金沢中央観光案内所,2024/04/11 18:23:40,同意する,日帰り,石川県内には宿泊しない,石川県内には宿泊しない,日帰り,友人,"地元の美味しいものを食べる, 名所、旧跡の観光, まちあるき、都市散策, 「蓮ノ空女学院スクールアイドルクラブ」の聖地巡礼とスタンプラリー",新幹線,"路線バス, 徒歩",不満,バスで使用できるICカードが限定されていたため。次回は用意したいと思います。,使わない,"10,000円以上 20,000円未満","10,000円以上 20,000円未満",2～5回目,インターネット・アプリ,近江町市場,,兼六園,,使わない,満足,,満足,金沢観光のパンフレット類が幅広く置かれていたため。,感じなかった,,10,,また行きたい（1年以内）,(飲食)アレルギーで魚が食べられないので、色々なものを取り上げて欲しいです。(アクティビティ)蓮ノ空スタンプラリーをぜひまたやってほしいです。,男,1999,埼玉県,さいたま市,400万円以上 500万円未満,"ARでひゃくまんさんと写真が撮りたかった, 動く３Dひゃくまんさんを見たい, 金沢観光が楽しかったから",とても満足,10,金沢城公園と兼六園。歴史的な景観と綺麗な自然を観ることができたから。
金沢エリア,金沢中央観光案内所,2024/04/12 11:13:17,同意する,1泊,1泊,金沢エリア  （湯涌温泉、深谷温泉、犀川温泉など）,石川県外には泊まらない,夫婦2人,"地元の美味しいものを食べる, 名所、旧跡の観光, まちあるき、都市散策",飛行機,"路線バス, 徒歩",とても満足,主要観光地に停留所があり利便性が良い,"10,000円以上 20,000円未満","3,000円以上 5,000円未満","20,000円以上 30,000円未満",初めて,通りがかり,選択なし/該当施設なし,,兼六園,,"1,000円未満",満足,欲しい情報がある,とても満足,広くてイス・テーブルがありゆっくり情報を探せました。,感じなかった,,10,,また行きたい（1年以内）,特になし,女,1967,千葉県,流山市,"1,500万円以上",なんとなく,満足,10,
金沢エリア,金沢中央観光案内所,2024/04/12 20:56:23,同意する,2泊,2泊,金沢エリア  （湯涌温泉、深谷温泉、犀川温泉など）,石川県外には泊まらない,夫婦2人,"地元の美味しいものを食べる, 花見や紅葉などの自然鑑賞, 名所、旧跡の観光, まちあるき、都市散策",自家用車,徒歩,,,"1,000円以上 3,000円未満","20,000円以上 30,000円未満","20,000円以上 30,000円未満",2～5回目,たまたま前を通ったから,尾山神社,,選択なし/該当施設なし,,使わない,どちらでもない,,どちらでもない,,感じなかった,,5,,また行きたい（1年以内）,特になし,女,1961,徳島県,徳島市,500万円以上 600万円未満,"ひゃくまさんが好き, ARでひゃくまんさんと写真が撮りたかった",とても満足,8,食べ物が美味しい。兼六園とお城の桜が綺麗だった。
金沢エリア,金沢中央観光案内所,2024/04/13 6:37:56,同意する,4泊以上,4泊以上,金沢エリア  （湯涌温泉、深谷温泉、犀川温泉など）,石川県外には泊まらない,自分ひとり,出張など仕事関係,"新幹線, 在来線","路線バス, 徒歩",とても満足,,"50,000円以上 100,000円未満","1,000円以上 3,000円未満","10,000円以上 20,000円未満",初めて,新聞・雑誌・ガイドブック,選択なし/該当施設なし,,選択なし/該当施設なし,,"5,000円以上 10,000円未満",とても満足,,とても満足,,感じなかった,,10,,また行きたい（1年以内）,特になし,女,1969,愛知県,名古屋市,700万円以上 800万円未満,ひゃくまさんが好き,満足,10,
金沢エリア,金沢中央観光案内所,2024/04/13 14:43:13,同意する,日帰り,石川県内には宿泊しない,石川県内には宿泊しない,石川県外には泊まらない,友人,まちあるき、都市散策,自家用車,自家用車,,,使わない,"5,000円以上 10,000円未満","5,000円以上 10,000円未満",2～5回目,観光展・物産展,近江町市場,,選択なし/該当施設なし,,使わない,とても満足,,とても満足,,感じなかった,,10,,また行きたい（1年以内）,特になし,男,1984,愛知県,豊橋市,700万円以上 800万円未満,ひゃくまさんが好き,とても満足,10,
金沢エリア,金沢中央観光案内所,2024/04/13 20:18:15,同意する,1泊,1泊,金沢エリア  （湯涌温泉、深谷温泉、犀川温泉など）,石川県外には泊まらない,親,"地元の美味しいものを食べる, 花見や紅葉などの自然鑑賞, 友人・親戚を訪ねる","新幹線, 在来線",徒歩,満足,道がわかりやすい,"5,000円以上 10,000円未満","3,000円以上 5,000円未満","10,000円以上 20,000円未満",初めて,観光展・物産展,兼六園,,近江町市場,,使わない,満足,知らなかった金沢の知識を教えてくれたから,満足,,感じなかった,,8,,機会があれば行きたい,特になし,男,1998,千葉県,千葉市,400万円以上 500万円未満,能登牛が当たる,とても満足,10,
金沢エリア,金沢中央観光案内所,2024/04/13 20:18:55,同意する,1泊,1泊,金沢エリア  （湯涌温泉、深谷温泉、犀川温泉など）,石川県外には泊まらない,友人,"宿でのんびり過ごす, 温泉や露天風呂, 地元の美味しいものを食べる, 花見や紅葉などの自然鑑賞, 名所、旧跡の観光, テーマパーク（遊園地、動物園、博物館など）, 買い物、アウトレット, お祭りやイベントへの参加・見物, スポーツ観戦や芸術鑑賞（コンサート等）, アウトドア（海水浴、釣り、登山など）, まちあるき、都市散策","新幹線, 在来線",徒歩,とても満足,,"10,000円以上 20,000円未満","20,000円以上 30,000円未満","20,000円以上 30,000円未満",初めて,インターネット・アプリ,ひがし茶屋街,,兼六園,,"1,000円未満",とても満足,,とても満足,,感じなかった,,10,,また行きたい（1年以内）,蓮ノ空きっかけで来ました！本当に楽しく、また来たいと友人と喋っています,男,1998,東京都,世田谷区,400万円以上 500万円未満,"ひゃくまさんが好き, ARでひゃくまんさんと写真が撮りたかった, ひゃくまんさんの名刺をコレクションしている, 動く３Dひゃくまんさんを見たい, 石川県のおすすめ観光スポットが見たい, 石川県の雑学を知りたい",とても満足,10,
金沢エリア,金沢中央観光案内所,2024/04/13 20:21:15,同意する,1泊,1泊,金沢エリア  （湯涌温泉、深谷温泉、犀川温泉など）,石川県外には泊まらない,友人,"宿でのんびり過ごす, 温泉や露天風呂, 地元の美味しいものを食べる, 花見や紅葉などの自然鑑賞, 名所、旧跡の観光, 蓮ノ空のスタンプラリー",新幹線,"路線バス, 徒歩",,,"10,000円以上 20,000円未満","1,000円以上 3,000円未満","5,000円以上 10,000円未満",初めて,"インターネット・アプリ, X(旧：Twitter)",近江町市場,,兼六園,,使わない,とても満足,加賀友禅について丁寧に教えていただいた。,とても満足,,感じなかった,,10,,また行きたい（1年以内）,特になし,男,1997,神奈川県,茅ヶ崎市,400万円以上 500万円未満,"ひゃくまさんが好き, ARでひゃくまんさんと写真が撮りたかった",とても満足,10,
金沢エリア,金沢中央観光案内所,2024/04/14 9:47:36,同意する,1泊,1泊,金沢エリア  （湯涌温泉、深谷温泉、犀川温泉など）,石川県外には泊まらない,夫婦2人,"地元の美味しいものを食べる, 花見や紅葉などの自然鑑賞",飛行機,"路線バス, 徒歩",とても満足,バスの本数も多く主要観光地にも必ず最寄りバス停がある。１日観光バスを利用した。,"10,000円以上 20,000円未満","20,000円以上 30,000円未満","20,000円以上 30,000円未満",初めて,新聞・雑誌・ガイドブック,尾山神社,,選択なし/該当施設なし,武家屋敷群,使わない,どちらでもない,,どちらでもない,,感じなかった,,7,,機会があれば行きたい,去年は雪の兼六園、今年は桜の時期、過去には夏訪れたから、次は秋の紅葉のころに訪れたい。また、かに、寿司、能登牛、和菓子全てが、美味しく何度来ても飽きないし、また来たくなる。,女,1971,千葉県,千葉市,"1,200万円以上 1,500万円未満",能登牛が当たる,とても満足,10,兼六園、金沢城の桜が美しく、夜のライトアップも幻想的で良い。その他のエリアも金沢市内全体、川沿いなど桜が他にない美しさ。
金沢エリア,金沢中央観光案内所,2024/04/14 15:25:31,同意する,1泊,1泊,金沢エリア  （湯涌温泉、深谷温泉、犀川温泉など）,石川県外には泊まらない,夫婦2人,"地元の美味しいものを食べる, 花見や紅葉などの自然鑑賞, テーマパーク（遊園地、動物園、博物館など）, 買い物、アウトレット, 各種体験（手作り、果物狩りなど）",新幹線,"路線バス, 徒歩",どちらでもない,路線バスが多く便利だか、初めて来た人間にはわかりにくい,"1,000円以上 3,000円未満","1,000円以上 3,000円未満","20,000円以上 30,000円未満",2～5回目,"観光展・物産展, TV・ラジオ番組やCM, インターネット・アプリ, 観光協会等の案内所",ひがし茶屋街,,選択なし/該当施設なし,武家屋敷,使わない,満足,Wi-Fiが使え、観光案内資料が揃っていた,満足,,感じなかった,,8,食べ物やお酒が美味しくなかった人も親切　物価が東京と変わらないのはびっくり,機会があれば行きたい,なし,無回答,1963,東京都,葛飾区,"1,000万円以上 1,200万円未満",なんとなく,満足,8,食べ物　美味しい
金沢エリア,金沢中央観光案内所,2024/04/14 21:27:37,同意する,3泊,3泊,金沢エリア  （湯涌温泉、深谷温泉、犀川温泉など）,石川県外には泊まらない,夫婦2人,"地元の美味しいものを食べる, 花見や紅葉などの自然鑑賞, 名所、旧跡の観光, まちあるき、都市散策",飛行機,徒歩,,,"30,000円以上 40,000円未満","30,000円以上 40,000円未満","30,000円以上 40,000円未満",初めて,通りすがり,兼六園,,選択なし/該当施設なし,武家屋敷,使わない,満足,外からひゃくまんさんが見えたので、写真を撮るために寄ってついでにトイレを借りたので満足です,満足,要望は叶えられたから,感じなかった,,3,,機会があれば行きたい,金沢市内は名所が比較的近くに集まっていて回りやすくとても良いなと思いました。今回はほとんど徒歩で移動しましたが、バスも充実しているし観光客にとっては嬉しい限りです！レンタサイクルを利用しようと思いましたが、歩道が狭いし車道も車の交通量が多いので断念しました。歩道を歩いていても自転車とすれ違ったり追い越されるときはドキッとすることもあったので残念でしたが仕方ないのかなとも感じました。,女,1976,北海道,旭川市,800万円以上 900万円未満,ひゃくまんさんが可愛いから,とても満足,10,桜の時期の兼六園、金沢城跡、市内も景色がキレイで気候もちょうど良いですし、食事もB級グルメから海鮮丼など高級グルメまでとても美味しくて大満足の旅行だったからです。
金沢エリア,金沢中央観光案内所,2024/04/15 14:26:26,同意する,2泊,2泊,金沢エリア  （湯涌温泉、深谷温泉、犀川温泉など）,新潟県,夫婦2人,"地元の美味しいものを食べる, 名所、旧跡の観光, まちあるき、都市散策, ドライブ・ツーリング",自家用車,徒歩,,,"20,000円以上 30,000円未満","5,000円以上 10,000円未満","20,000円以上 30,000円未満",初めて,"観光パンフレット・ポスター, タクシードライバーや地元の人",ひがし茶屋街,,選択なし/該当施設なし,武家屋敷,"1,000円未満",満足,道を尋ねた際にとても親切に教えて頂いた,満足,笑顔で丁寧に対応していただいたので,感じなかった,,10,特に今のところ困った事はないです,また行きたい（1年以内）,特にない,女,1958,神奈川県,平塚市,300万円以上 400万円未満,能登牛が当たる,満足,10,地元の人達も親切でいい感じだったのでおすすめします
金沢エリア,金沢中央観光案内所,2024/04/15 16:50:44,同意する,2泊,2泊,金沢エリア  （湯涌温泉、深谷温泉、犀川温泉など）,石川県外には泊まらない,自分ひとり,出張など仕事関係,新幹線,レンタサイクル,とても満足,便利な場所にポートがあった,"50,000円以上 100,000円未満","50,000円以上 100,000円未満","50,000円以上 100,000円未満",初めて,"観光展・物産展, 新聞・雑誌・ガイドブック, 観光パンフレット・ポスター",兼六園,,尾山神社,,"3,000円以上 5,000円未満",とても満足,品揃えが良かった,とても満足,,感じなかった,,10,,また行きたい（1年以内）,特になし,男,1970,東京都,港区,"1,500万円以上",石川県のおすすめ観光スポットが見たい,とても満足,10,
金沢エリア,金沢中央観光案内所,2024/04/17 11:03:07,同意する,3泊,3泊,金沢エリア  （湯涌温泉、深谷温泉、犀川温泉など）,石川県外には泊まらない,自分ひとり,"宿でのんびり過ごす, 地元の美味しいものを食べる, 復興支援",新幹線,"路線バス, レンタサイクル",満足,簡単で早い,"10,000円以上 20,000円未満","20,000円以上 30,000円未満","10,000円以上 20,000円未満",初めて,長町武家屋敷通から、たまたま通りかかっただけ,ひがし茶屋街,,金沢21世紀美術館,,使わない,満足,パンフレットが多彩、ロビーが広く気持ちよい,満足,ロビーが広く気持ちよい,感じなかった,無し,9,無し,機会があれば行きたい,浜野町商店街は有名だが全てが高い感じがした,男,1953,大分県,宇佐市,200万円以上 300万円未満,ひゃくまさんが好き,とても満足,9,のんびり、ゆっくり出来る町
金沢エリア,金沢中央観光案内所,2024/04/17 11:37:58,同意する,日帰り,石川県内には宿泊しない,石川県内には宿泊しない,石川県外には泊まらない,親,お祭りやイベントへの参加・見物,"新幹線, 在来線",路線バス,満足,,使わない,"10,000円以上 20,000円未満","5,000円以上 10,000円未満",初めて,インターネット・アプリ,近江町市場,,尾山神社,,使わない,満足,,満足,加賀友禅の暖簾が綺麗だった,感じなかった,,7,,機会があれば行きたい,特になし,男,1987,大阪府,堺市,600万円以上 700万円未満,ひゃくまさんが好き,とても満足,9,金沢城公園の庭の景色
金沢エリア,金沢中央観光案内所,2024/04/17 11:38:01,同意する,日帰り,石川県内には宿泊しない,石川県内には宿泊しない,石川県外には泊まらない,夫と子(成年),お祭りやイベントへの参加・見物,"新幹線, 在来線",路線バス,満足,バス停から近かった,使わない,"10,000円以上 20,000円未満","10,000円以上 20,000円未満",初めて,インターネット・アプリ,近江町市場,,尾山神社,,使わない,満足,加賀友禅の暖簾が美しかった,満足,綺麗な施設でした,感じなかった,,7,特になし,機会があれば行きたい,特になし,女,1957,大阪府,堺市,600万円以上 700万円未満,ひゃくまさんが好き,とても満足,10,美味しい食事と美しい景色
金沢エリア,金沢中央観光案内所,2024/04/17 15:13:26,同意する,2泊,2泊,金沢エリア  （湯涌温泉、深谷温泉、犀川温泉など）,石川県外には泊まらない,夫婦2人,"地元の美味しいものを食べる, 名所、旧跡の観光, まちあるき、都市散策, 友人・親戚を訪ねる",新幹線,徒歩,,,"50,000円以上 100,000円未満","50,000円以上 100,000円未満","20,000円以上 30,000円未満",初めて,"観光パンフレット・ポスター, ネット閲覧",尾山神社,,選択なし/該当施設なし,長町武家屋敷,"1,000円未満",満足,徒歩観光の合間にユックリ休めた,満足,綺麗,感じなかった,,6,なし,機会があれば行きたい,焼き物や菓子などが充実している,男,1953,千葉県,千葉市,300万円以上 400万円未満,ひゃくまさんが好き,とても満足,10,昔の風情
金沢エリア,金沢中央観光案内所,2024/04/18 8:44:01,同意する,3泊,3泊,金沢エリア  （湯涌温泉、深谷温泉、犀川温泉など）,石川県外には泊まらない,自分ひとり,"宿でのんびり過ごす, 地元の美味しいものを食べる, 名所、旧跡の観光","新幹線, 在来線","路線バス, 徒歩",満足,路線バスは本数も多く利用しやすい,"10,000円以上 20,000円未満","20,000円以上 30,000円未満","30,000円以上 40,000円未満",初めて,たまたま通りかけて立ち寄ってみた,ひがし茶屋街,,尾山神社,,使わない,満足,広くて気持ちがよく立ち寄るのに持ってこいな所。情報源もいっぱい,とても満足,さきに書いたように情報源がいっぱい,感じなかった,広くて気持ちいい,10,近江町市場は有名で、回遊してみたが全てが高く感じた,機会があれば行きたい,特になし,男,1953,大分県,宇佐市,200万円以上 300万円未満,ひゃくまさんが好き,満足,9,昔を偲ばせる静かでゆったりした街
金沢エリア,金沢中央観光案内所,2024/04/18 19:12:31,同意する,2泊,2泊,金沢エリア  （湯涌温泉、深谷温泉、犀川温泉など）,石川県外には泊まらない,自分ひとり,"地元の美味しいものを食べる, 名所、旧跡の観光, まちあるき、都市散策",新幹線,徒歩,,,"20,000円以上 30,000円未満","1,000円以上 3,000円未満","20,000円以上 30,000円未満",初めて,"新聞・雑誌・ガイドブック, 観光パンフレット・ポスター, インターネット・アプリ",兼六園,,選択なし/該当施設なし,武家屋敷跡,使わない,とても満足,親切に説明してくれる,とても満足,広くて椅子がある,感じなかった,,10,,機会があれば行きたい,石川でしか食べれない食材を食べたい。ガス海老,女,1968,東京都,杉並区,100万円未満,ひゃくまさんが好き,とても満足,10,金沢城跡の石垣の壮大さ。実際に見るとデカっ！昔の人の苦労を想像する。
金沢エリア,金沢中央観光案内所,2024/04/19 13:17:42,同意する,1泊,1泊,金沢エリア  （湯涌温泉、深谷温泉、犀川温泉など）,石川県外には泊まらない,恋人,名所、旧跡の観光,新幹線,路線バス,満足,１日乗車券でお得に回れるから,"10,000円以上 20,000円未満","20,000円以上 30,000円未満","30,000円以上 40,000円未満",2～5回目,"新聞・雑誌・ガイドブック, 観光パンフレット・ポスター, インターネット・アプリ",近江町市場,,尾山神社,,使わない,どちらでもない,,満足,,感じなかった,,7,,また行きたい（1年以内）,特になし,男,1957,兵庫県,西宮市,500万円以上 600万円未満,能登牛が当たる,満足,7,
金沢エリア,金沢中央観光案内所,2024/04/19 13:21:52,同意する,1泊,1泊,金沢エリア  （湯涌温泉、深谷温泉、犀川温泉など）,石川県外には泊まらない,親,"宿でのんびり過ごす, 温泉や露天風呂, 地元の美味しいものを食べる, 名所、旧跡の観光, まちあるき、都市散策, 各種体験（手作り、果物狩りなど）",新幹線,徒歩,,,"10,000円以上 20,000円未満","20,000円以上 30,000円未満","20,000円以上 30,000円未満",初めて,観光協会等の案内所,尾山神社,,兼六園,,使わない,満足,綺麗で入りやすい,満足,トイレも綺麗,感じなかった,,10,広くてよい,また行きたい（1年以内）,おいしい海鮮がたくさんたべたい,女,1985,栃木県,鹿沼市,300万円以上 400万円未満,"なんとなく, 暇つぶし",とても満足,10,コンパクト
金沢エリア,金沢中央観光案内所,2024/04/20 12:39:00,同意する,1泊,1泊,金沢エリア  （湯涌温泉、深谷温泉、犀川温泉など）,石川県外には泊まらない,自分ひとり,"地元の美味しいものを食べる, 買い物、アウトレット, スポーツ観戦や芸術鑑賞（コンサート等）, まちあるき、都市散策, 各種体験（手作り、果物狩りなど）, 出張など仕事関係","新幹線, 在来線",徒歩,,,"3,000円以上 5,000円未満","10,000円以上 20,000円未満","20,000円以上 30,000円未満",初めて,インターネット・アプリ,選択なし/該当施設なし,,選択なし/該当施設なし,伝統産業工芸館,使わない,とても満足,フリーWi-Fi、お手洗い、観光情報が充実,とても満足,美しくて広い,感じなかった,,8,,また行きたい（1年以内）,色々な伝統産業の体験ができるところがあればいいなと思います。あと、金沢港への金沢駅からのバスでのアクセスがもっと良ければ。。が,女,1972,京都府,京都市,800万円以上 900万円未満,能登牛が当たる,満足,10,美術館が充実している
金沢エリア,金沢中央観光案内所,2024/04/20 15:27:39,同意する,2泊,1泊,金沢エリア  （湯涌温泉、深谷温泉、犀川温泉など）,富山県,夫婦2人,"宿でのんびり過ごす, 地元の美味しいものを食べる",新幹線,"路線バス, 徒歩",満足,100円だから良い,"10,000円以上 20,000円未満","10,000円以上 20,000円未満","20,000円以上 30,000円未満",初めて,通りがかり,兼六園,,選択なし/該当施設なし,金沢駅,使わない,不満,何がどうなっているか分からない,満足,座って休める,感じなかった,,4,賑やかしさ,機会があれば行きたい,やっぱり魚介類！,男,1964,大阪府,吹田市,800万円以上 900万円未満,観光の記念に,満足,7,魚介は、やっぱり美味しい
金沢エリア,金沢中央観光案内所,2024/04/20 16:29:02,同意する,1泊,1泊,金沢エリア  （湯涌温泉、深谷温泉、犀川温泉など）,石川県外には泊まらない,友人,"地元の美味しいものを食べる, 名所、旧跡の観光","新幹線, 在来線","路線バス, 徒歩",満足,バス停、バスの頻度が高く利用しやすいが混雑していた,"5,000円以上 10,000円未満","20,000円以上 30,000円未満","10,000円以上 20,000円未満",初めて,友人・知人,尾山神社,,金沢21世紀美術館,,使わない,どちらでもない,,満足,施設がきれい,感じなかった,,8,,機会があれば行きたい,特になし,女,1983,神奈川県,相模原市,400万円以上 500万円未満,"能登牛が当たる, なんとなく",満足,10,食事
金沢エリア,金沢中央観光案内所,2024/04/21 12:14:40,同意する,2泊,2泊,金沢エリア  （湯涌温泉、深谷温泉、犀川温泉など）,石川県外には泊まらない,夫婦2人,"地元の美味しいものを食べる, 名所、旧跡の観光, スポーツ観戦や芸術鑑賞（コンサート等）, まちあるき、都市散策",飛行機,徒歩,満足,飛行機の便数もあり、空港からリムジンバスもあって便利だと思う。,"10,000円以上 20,000円未満",使わない,"20,000円以上 30,000円未満",初めて,新聞・雑誌・ガイドブック,近江町市場,,尾山神社,,使わない,満足,インフォメーションの方が親切です。パンフレットも日本語、外国語と揃っていた。,満足,座って調べられるのがよい。FREEWi-Fi、トイレ、自販機も便利です。,感じなかった,,10,今のままで十分です？,機会があれば行きたい,特になし,女,1971,東京都,北区,"1,200万円以上 1,500万円未満",ひゃくまさんが好き,満足,10,海鮮が美味しい
金沢エリア,金沢中央観光案内所,2024/04/21 12:34:19,同意する,1泊,1泊,金沢エリア  （湯涌温泉、深谷温泉、犀川温泉など）,石川県外には泊まらない,中学生以下連れの家族,"地元の美味しいものを食べる, 名所、旧跡の観光, テーマパーク（遊園地、動物園、博物館など）",新幹線,路線バス,満足,少しバスの乗り方がわかりにくかった,"20,000円以上 30,000円未満","1,000円以上 3,000円未満","10,000円以上 20,000円未満",初めて,観光協会等の案内所,尾山神社,,選択なし/該当施設なし,,使わない,どちらでもない,,どちらでもない,,感じなかった,,2,,機会があれば行きたい,海鮮が美味しかった,女,1979,茨城県,取手市,600万円以上 700万円未満,能登牛が当たる,とても満足,10,
金沢エリア,金沢中央観光案内所,2024/04/21 14:06:00,同意する,4泊以上,2泊,金沢エリア  （湯涌温泉、深谷温泉、犀川温泉など）,石川県外には泊まらない,自分ひとり,"名所、旧跡の観光, まちあるき、都市散策, 各種体験（手作り、果物狩りなど）","新幹線, 飛行機",徒歩,,,"1,000円以上 3,000円未満","1,000円以上 3,000円未満","5,000円以上 10,000円未満",初めて,観光パンフレット・ポスター,兼六園,,選択なし/該当施設なし,,"1,000円未満",満足,,満足,,感じなかった,,7,,機会があれば行きたい,N/a,女,1999,東京都,新宿区,200万円以上 300万円未満,"ひゃくまさんが好き, ひゃくまんさんの名刺をコレクションしている",とても満足,10,
金沢エリア,金沢中央観光案内所,2024/04/21 17:45:16,同意する,3泊,3泊,金沢エリア  （湯涌温泉、深谷温泉、犀川温泉など）,石川県外には泊まらない,従姉妹,"温泉や露天風呂, 地元の美味しいものを食べる, 名所、旧跡の観光, 買い物、アウトレット, 能登復興支援に金を落とす","在来線, 飛行機","路線バス, 徒歩",満足,空港からのリムジンバスに乗る際待っててくれた,"30,000円以上 40,000円未満","30,000円以上 40,000円未満","40,000円以上 50,000円未満",初めて,観光パンフレット・ポスター,兼六園,,選択なし/該当施設なし,これから夕食,使わない,満足,パンフがたくさん,満足,トイレの清潔感,感じなかった,,8,能登の品物を買いに来ましたが、品切れで、金沢のものを買って帰りますが、なんだか少し悔しいです,機会があれば行きたい,北海道から来て歴史の深さに感動しています。伝統を大事にしている姿は素晴らしいです。これからも頑張ってください。,女,1975,北海道,札幌市,200万円以上 300万円未満,能登牛が当たる,とても満足,10,居酒屋のグレードが高い。おいしい。
金沢エリア,金沢中央観光案内所,2024/04/22 14:30:48,同意する,2泊,2泊,金沢エリア  （湯涌温泉、深谷温泉、犀川温泉など）,石川県外には泊まらない,自分ひとり,友人・親戚を訪ねる,高速バス,徒歩,,,使わない,"10,000円以上 20,000円未満","10,000円以上 20,000円未満",2～5回目,インターネット・アプリ,選択なし/該当施設なし,金沢駅前のホテル,選択なし/該当施設なし,大和百貨店,使わない,どちらでもない,休憩を兼ねての情報収集のため,どちらでもない,観光案内所のサービスの全体像を知らないため,感じなかった,,2,特になし,また行きたい（1年以内）,新鮮な魚介類,女,1964,東京都,北区,500万円以上 600万円未満,なんとなく,どちらでもない,10,古い町並み
金沢エリア,金沢中央観光案内所,2024/04/22 16:59:56,同意する,4泊以上,2泊,金沢エリア  （湯涌温泉、深谷温泉、犀川温泉など）,富山県,自分ひとり,"名所、旧跡の観光, 買い物、アウトレット, まちあるき、都市散策",高速バス,"路線バス, 徒歩",満足,便が多かった,"5,000円以上 10,000円未満","10,000円以上 20,000円未満","5,000円以上 10,000円未満",初めて,"観光協会等の案内所, タクシードライバーや地元の人",選択なし/該当施設なし,,兼六園,,使わない,満足,,満足,,感じなかった,,9,,機会があれば行きたい,五郎島金時の焼き芋を安く食べられる場所,男,1992,茨城県,常陸太田市,"1,000万円以上 1,200万円未満","能登牛が当たる, 石川県のおすすめ観光スポットが見たい, 石川県の雑学を知りたい",満足,9,
金沢エリア,金沢中央観光案内所,2024/04/22 19:48:57,同意する,1泊,1泊,金沢エリア  （湯涌温泉、深谷温泉、犀川温泉など）,石川県外には泊まらない,夫婦2人,"地元の美味しいものを食べる, 名所、旧跡の観光, 買い物、アウトレット, まちあるき、都市散策",新幹線,徒歩,,,"3,000円以上 5,000円未満","20,000円以上 30,000円未満","10,000円以上 20,000円未満",初めて,観光パンフレット・ポスター,選択なし/該当施設なし,,兼六園,,"1,000円以上 3,000円未満",満足,文化の森パスを買いに行ったがすぐ対応してくれたので,満足,対応が早かったので,感じなかった,,9,石川県でしか食べれないものを食べたい,機会があれば行きたい,石川でしかできないこと、食べれないことをしたい,女,1986,静岡県,静岡市,500万円以上 600万円未満,能登牛が当たる,満足,9,バスを使って観光しやすいので
金沢エリア,金沢中央観光案内所,2024/04/23 11:45:45,同意する,4泊以上,4泊以上,金沢エリア  （湯涌温泉、深谷温泉、犀川温泉など）,石川県外には泊まらない,中学生以下連れの家族,"地元の美味しいものを食べる, まちあるき、都市散策",在来線,路線バス,,町並みがキレイ,"30,000円以上 40,000円未満","20,000円以上 30,000円未満","20,000円以上 30,000円未満",初めて,観光パンフレット・ポスター,近江町市場,,尾山神社,,"10,000円以上 20,000円未満",満足,,満足,,感じなかった,,7,,機会があれば行きたい,特になし,女,1988,大阪府,堺市,700万円以上 800万円未満,石川県のおすすめ観光スポットが見たい,満足,7,
金沢エリア,金沢中央観光案内所,2024/04/23 11:47:46,同意する,4泊以上,4泊以上,金沢エリア  （湯涌温泉、深谷温泉、犀川温泉など）,石川県外には泊まらない,兄弟,"宿でのんびり過ごす, 地元の美味しいものを食べる, 花見や紅葉などの自然鑑賞, 名所、旧跡の観光","新幹線, 在来線",徒歩,,,"50,000円以上 100,000円未満","20,000円以上 30,000円未満","30,000円以上 40,000円未満",初めて,"観光パンフレット・ポスター, 観光連盟やDMOのHP",近江町市場,,尾山神社,,使わない,満足,資料が豊富,とても満足,清潔で休憩スペースが多い,感じなかった,,10,,機会があれば行きたい,海の幸が豊富で美味しい,女,1983,大阪府,堺市,"1,000万円以上 1,200万円未満",石川県のおすすめ観光スポットが見たい,とても満足,10,
金沢エリア,金沢中央観光案内所,2024/04/23 13:15:14,同意する,2泊,2泊,金沢エリア  （湯涌温泉、深谷温泉、犀川温泉など）,石川県外には泊まらない,夫婦2人,"温泉や露天風呂, 地元の美味しいものを食べる",自家用車,"路線バス, 徒歩",,,"40,000円以上 50,000円未満","50,000円以上 100,000円未満","20,000円以上 30,000円未満",2～5回目,インターネット・アプリ,兼六園,,近江町市場,,"20,000円以上 30,000円未満",満足,Wifi がつながる。落ち着ける場所,満足,Fifiがちながり落ち着ける,感じなかった,,5,,また行きたい（1年以内）,特に無し,女,1960,静岡県,静岡市,400万円以上 500万円未満,能登牛が当たる,どちらでもない,5,
金沢エリア,金沢中央観光案内所,2024/04/24 0:02:05,同意する,2泊,2泊,金沢エリア  （湯涌温泉、深谷温泉、犀川温泉など）,石川県外には泊まらない,夫婦2人,"温泉や露天風呂, 名所、旧跡の観光, アウトドア（海水浴、釣り、登山など）, まちあるき、都市散策",自家用車,"自家用車, 徒歩",,,"10,000円以上 20,000円未満","5,000円以上 10,000円未満","5,000円以上 10,000円未満",初めて,観光協会等の案内所,兼六園,,金沢21世紀美術館,,使わない,満足,,満足,,感じなかった,,7,,また行きたい（1年以内）,釣り,男,1979,愛知県,一宮市,600万円以上 700万円未満,能登牛が当たる,とても満足,10,
金沢エリア,金沢中央観光案内所,2024/04/24 0:04:10,同意する,2泊,2泊,加賀エリア （山代温泉、山中温泉、片山津温泉、粟津温泉、辰口温泉、加賀市、小松市など）,石川県外には泊まらない,夫婦2人,"宿でのんびり過ごす, 温泉や露天風呂, 地元の美味しいものを食べる, 名所、旧跡の観光, まちあるき、都市散策, ドライブ・ツーリング",自家用車,"自家用車, 徒歩",,,"30,000円以上 40,000円未満","10,000円以上 20,000円未満","10,000円以上 20,000円未満",2～5回目,新聞・雑誌・ガイドブック,兼六園,,近江町市場,,使わない,とても満足,前日閉館10分前にお伺いしたところ嫌な顔せずなにかお探しのものありますかと声をかけてもらえました。時間がなかったので少し見させてもらい明日またお伺いしますと声をかけて出ました。とても感じよく対応していただけました。また色々な情報、地図がいただけて観光の助けになりました。,とても満足,店内が清潔感がありテーブルが設置してあるのでいただいた地図を見ながら観光の計画を立てることができました。,感じなかった,,10,,また行きたい（1年以内）,治部煮、金沢おでん初めて食べました。美味しかったです。観光は兼六園、公園、武家屋敷、近江町市場、美術館と一日中楽しめました。あとは魚釣りが好きなので釣りスポットを紹介してもらえると嬉しいです。,女,1982,愛知県,一宮市,700万円以上 800万円未満,"能登牛が当たる, 石川県のおすすめ観光スポットが見たい, 石川県の雑学を知りたい",とても満足,10,温泉でゆっくりと観光でアクティブにと両方楽しむことができたのでどちらの楽しみ方が好きな人にもおすすめできると思いました。
金沢エリア,金沢中央観光案内所,2024/04/24 17:42:13,同意する,1泊,1泊,金沢エリア  （湯涌温泉、深谷温泉、犀川温泉など）,石川県外には泊まらない,夫婦2人,"地元の美味しいものを食べる, 買い物、アウトレット, まちあるき、都市散策",自家用車,自家用車,満足,山道を越えて長距離ドライブなので疲れました,"20,000円以上 30,000円未満","5,000円以上 10,000円未満","10,000円以上 20,000円未満",初めて,歩いていて偶然見つけた,近江町市場,,選択なし/該当施設なし,飲食店（片町）,使わない,満足,係員が気さくに声を掛けてくれて調べ物に付き合ってくれた。嬉しい,どちらでもない,パンフレットが置かれていて自由に見る。がメインだったので可もなく不可もなく,感じなかった,,6,,また行きたい（1年以内）,棒茶が非常に美味しかった,男,1975,長野県,松本市,700万円以上 800万円未満,"能登牛が当たる, ひゃくまさんが好き",満足,10,お魚など食事が美味しかった
金沢エリア,金沢中央観光案内所,2024/04/25 18:49:42,同意する,3泊,3泊,加賀エリア （山代温泉、山中温泉、片山津温泉、粟津温泉、辰口温泉、加賀市、小松市など）,石川県外には泊まらない,自分ひとり,"宿でのんびり過ごす, 地元の美味しいものを食べる, 名所、旧跡の観光, まちあるき、都市散策","新幹線, 在来線",徒歩,,,"40,000円以上 50,000円未満","10,000円以上 20,000円未満","10,000円以上 20,000円未満",初めて,観光協会等の案内所,兼六園,,尾山神社,,使わない,満足,営業時間,満足,敷地の広さ,感じなかった,,5,,機会があれば行きたい,循環併用を掛け流しと言いはらない温泉旅館,男,1983,香川県,高松市,300万円以上 400万円未満,なんとなく,とても満足,8,
金沢エリア,金沢中央観光案内所,2024/04/26 8:24:58,同意する,1泊,1泊,金沢エリア  （湯涌温泉、深谷温泉、犀川温泉など）,石川県外には泊まらない,自分ひとり,お祭りやイベントへの参加・見物,自家用車,レンタサイクル,とても満足,レンタサイクルの場所が沢山あって使いやすかった,"3,000円以上 5,000円未満","20,000円以上 30,000円未満","5,000円以上 10,000円未満",2～5回目,インターネット・アプリ,近江町市場,,選択なし/該当施設なし,,使わない,どちらでもない,ラブライブ蓮ノ空のスタンプラリーで寄っただけなので,どちらでもない,ラブライブの蓮ノ空スタンプラリーで寄っただけなので,感じなかった,,5,,機会があれば行きたい,今のままでいいと思います,男,1979,宮城県,名取市,"1,000万円以上 1,200万円未満","能登牛が当たる, 石川県のおすすめ観光スポットが見たい, 石川県の雑学を知りたい",とても満足,10,金沢城や兼六園は時間を気にせずゆっくりと回るのに適しているので
金沢エリア,金沢中央観光案内所,2024/04/26 15:02:53,同意する,2泊,2泊,金沢エリア  （湯涌温泉、深谷温泉、犀川温泉など）,石川県外には泊まらない,親,"地元の美味しいものを食べる, まちあるき、都市散策",新幹線,"路線バス, 徒歩",満足,,"5,000円以上 10,000円未満","20,000円以上 30,000円未満","20,000円以上 30,000円未満",2～5回目,通りすがり,選択なし/該当施設なし,しいのき迎賓館,選択なし/該当施設なし,金沢駅,使わない,満足,,満足,,感じなかった,,9,,また行きたい（1年以内）,海無し県に住んでいるため、美味しい魚介を期待して訪れています。,女,1992,埼玉県,さいたま市,400万円以上 500万円未満,なんとなく,とても満足,10,食べ物が美味しい
金沢エリア,金沢中央観光案内所,2024/04/27 14:17:37,同意する,2泊,1泊,金沢エリア  （湯涌温泉、深谷温泉、犀川温泉など）,福井県,自分ひとり,"地元の美味しいものを食べる, スポーツ観戦や芸術鑑賞（コンサート等）, まちあるき、都市散策","自家用車, 新幹線",路線バス,満足,,"5,000円以上 10,000円未満","3,000円以上 5,000円未満","5,000円以上 10,000円未満",2～5回目,観光展・物産展,近江町市場,,選択なし/該当施設なし,,使わない,とても満足,,とても満足,,感じなかった,,10,,また行きたい（1年以内）,金沢駅の周辺にチャンカレがあると嬉しい…,男,1998,愛知県,西尾市,300万円以上 400万円未満,ひゃくまさんが好き,とても満足,10,
金沢エリア,金沢中央観光案内所,2024/04/27 18:41:20,同意する,4泊以上,4泊以上,金沢エリア  （湯涌温泉、深谷温泉、犀川温泉など）,石川県外には泊まらない,夫婦2人,地元の美味しいものを食べる,飛行機,"タクシー, 在来線",満足,タクシーなどで知らない情報も得られる,"20,000円以上 30,000円未満","10,000円以上 20,000円未満","50,000円以上 100,000円未満",2～5回目,"新聞・雑誌・ガイドブック, タクシードライバーや地元の人",近江町市場,,尾山神社,,使わない,どちらでもない,,満足,,感じなかった,,10,,また行きたい（1年以内）,食物が美味しい、ゆっくりすごすによい所でしさ,男,1965,神奈川県,厚木市,"1,200万円以上 1,500万円未満",能登牛が当たる,とても満足,10,
金沢エリア,金沢中央観光案内所,2024/04/27 19:16:04,同意する,2泊,2泊,金沢エリア  （湯涌温泉、深谷温泉、犀川温泉など）,石川県外には泊まらない,友人,"宿でのんびり過ごす, 地元の美味しいものを食べる, 花見や紅葉などの自然鑑賞, テーマパーク（遊園地、動物園、博物館など）, まちあるき、都市散策",飛行機,徒歩,,,"40,000円以上 50,000円未満","40,000円以上 50,000円未満","40,000円以上 50,000円未満",初めて,その場で見つけて利用しました,兼六園,,選択なし/該当施設なし,夕食(のど黒めし本舗　いたる),使わない,とても満足,館内が明るくて綺麗だった。ひゃくまんさんの折り紙が楽しかった。,とても満足,トイレも利用させていただきとても助かった。予約していた夕食までの間過ごさせていただきました。,感じなかった,,7,不自由なく利用させていただきました,機会があれば行きたい,伝統工芸体験にも興味があったが、あまり情報を見つけられなかった。InstagramやTwitterでそういった施設がわかるとありがたい。,女,1992,北海道,札幌市,500万円以上 600万円未満,"能登牛が当たる, ひゃくまさんが好き, 石川県の雑学を知りたい",とても満足,8,21世紀美術館。普段美術館に行く機会が少ないのだが、屋外屋内とても楽しめた。
金沢エリア,金沢中央観光案内所,2024/04/28 13:26:32,同意する,2泊,2泊,金沢エリア  （湯涌温泉、深谷温泉、犀川温泉など）,石川県外には泊まらない,自分ひとり,お祭りやイベントへの参加・見物,"新幹線, 在来線",路線バス,どちらでもない,混んでいる,"20,000円以上 30,000円未満","20,000円以上 30,000円未満","40,000円以上 50,000円未満",初めて,観光パンフレット・ポスター,尾山神社,金沢駐屯地,ひがし茶屋街,,使わない,満足,親切に応対してくれた,満足,きれい,感じなかった,,8,,また行きたい（1年以内）,美味しいもの,女,1969,和歌山県,橋本市,"1,500万円以上",能登牛が当たる,満足,8,観光名所が沢山ある
金沢エリア,金沢中央観光案内所,2024/04/28 17:32:32,同意する,1泊,1泊,金沢エリア  （湯涌温泉、深谷温泉、犀川温泉など）,石川県外には泊まらない,夫婦2人,"地元の美味しいものを食べる, 名所、旧跡の観光, まちあるき、都市散策",自家用車,徒歩,満足,,"10,000円以上 20,000円未満","10,000円以上 20,000円未満","40,000円以上 50,000円未満",初めて,インターネット・アプリ,選択なし/該当施設なし,,兼六園,,使わない,とても満足,,満足,,感じなかった,,8,,また行きたい（1年以内）,特になし,女,1979,大阪府,吹田市,"1,000万円以上 1,200万円未満","能登牛が当たる, なんとなく",とても満足,10,
金沢エリア,金沢中央観光案内所,2024/04/29 8:15:25,同意する,1泊,1泊,加賀エリア （山代温泉、山中温泉、片山津温泉、粟津温泉、辰口温泉、加賀市、小松市など）,石川県外には泊まらない,友人,"地元の美味しいものを食べる, お祭りやイベントへの参加・見物, 各種体験（手作り、果物狩りなど）",自家用車,"自家用車, 徒歩",,,"30,000円以上 40,000円未満","3,000円以上 5,000円未満","20,000円以上 30,000円未満",初めて,ブログ,近江町市場,,兼六園,,使わない,どちらでもない,スタンプラリーで寄っただけなのでそれ以外利用していない,どちらでもない,上記と同じ,感じなかった,,5,,機会があれば行きたい,特になし,男,2001,愛知県,豊田市,"1,000万円以上 1,200万円未満",ひゃくまさんが好き,とても満足,8,食べ物が美味しい
金沢エリア,金沢中央観光案内所,2024/04/29 10:47:36,同意する,1泊,1泊,金沢エリア  （湯涌温泉、深谷温泉、犀川温泉など）,石川県外には泊まらない,自分ひとり,"お祭りやイベントへの参加・見物, まちあるき、都市散策","自家用車, 新幹線",レンタサイクル,とても満足,,"5,000円以上 10,000円未満","3,000円以上 5,000円未満","10,000円以上 20,000円未満",初めて,インターネット・アプリ,尾山神社,,近江町市場,,使わない,とても満足,,とても満足,,感じなかった,,8,,また行きたい（1年以内）,特になし,男,1993,京都府,京都市,600万円以上 700万円未満,なんとなく,満足,8,
金沢エリア,金沢中央観光案内所,2024/04/29 18:30:03,同意する,3泊,3泊,金沢エリア  （湯涌温泉、深谷温泉、犀川温泉など）,石川県外には泊まらない,夫婦2人,"地元の美味しいものを食べる, 名所、旧跡の観光, 各種体験（手作り、果物狩りなど）","新幹線, 在来線",徒歩,,,"40,000円以上 50,000円未満","30,000円以上 40,000円未満","20,000円以上 30,000円未満",初めて,観光協会等の案内所,兼六園,,金沢21世紀美術館,,使わない,とても満足,,満足,,感じなかった,,8,,機会があれば行きたい,特になし,男,1989,熊本県,熊本市,800万円以上 900万円未満,ひゃくまさんが好き,とても満足,9,
金沢エリア,金沢中央観光案内所,2024/04/30 11:51:45,同意する,2泊,2泊,金沢エリア  （湯涌温泉、深谷温泉、犀川温泉など）,石川県外には泊まらない,自分ひとり,"温泉や露天風呂, 地元の美味しいものを食べる, 花見や紅葉などの自然鑑賞, 名所、旧跡の観光, 買い物、アウトレット, まちあるき、都市散策, 各種体験（手作り、果物狩りなど）",新幹線,徒歩,,,"10,000円以上 20,000円未満","30,000円以上 40,000円未満","40,000円以上 50,000円未満",初めて,観光協会等の案内所,選択なし/該当施設なし,物産館と成巽閣,近江町市場,,"1,000円未満",どちらでもない,,どちらでもない,,感じなかった,,8,,また行きたい（1年以内）,海鮮,女,1964,埼玉県,所沢市,300万円以上 400万円未満,能登牛が当たる,満足,10,街が綺麗で名所が多いので、又訪れたいと感じました。
金沢エリア,金沢中央観光案内所,2024/04/30 13:13:14,同意する,日帰り,4泊以上,石川県内には宿泊しない,石川県外には泊まらない,夫婦2人,"買い物、アウトレット, まちあるき、都市散策",飛行機,徒歩,,,"10,000円以上 20,000円未満","1,000円以上 3,000円未満","100,000円以上",初めて,友人・知人,兼六園,,尾山神社,,使わない,どちらでもない,,とても満足,,感じなかった,,10,,機会があれば行きたい,和菓子,女,1982,東京都,新宿区,500万円以上 600万円未満,能登牛が当たる,とても満足,10,
金沢エリア,金沢中央観光案内所,2024/05/01 13:11:20,同意する,4泊以上,4泊以上,金沢エリア  （湯涌温泉、深谷温泉、犀川温泉など）,石川県外には泊まらない,小学生以下連れの家族,"宿でのんびり過ごす, まちあるき、都市散策",飛行機,タクシー,満足,,"10,000円以上 20,000円未満","30,000円以上 40,000円未満","40,000円以上 50,000円未満",初めて,インターネット・アプリ,兼六園,,金沢21世紀美術館,,使わない,どちらでもない,,どちらでもない,,感じなかった,,10,,機会があれば行きたい,雨が降ったら、行くどころが少ないと思います,女,1991,東京都,目黒区,"900万円以上 1,000万円未満","能登牛が当たる, 動く３Dひゃくまんさんを見たい",満足,9,
金沢エリア,金沢中央観光案内所,2024/05/01 13:39:43,同意する,1泊,石川県内には宿泊しない,石川県内には宿泊しない,福井県,夫婦2人,"地元の美味しいものを食べる, 名所、旧跡の観光, まちあるき、都市散策, 能登支援",自家用車,路線バス,満足,一日乗車券の使い勝手が良いため,使わない,"5,000円以上 10,000円未満","10,000円以上 20,000円未満",初めて,観光展・物産展,兼六園,,近江町市場,,使わない,どちらでもない,休憩利用のため,満足,休憩できたため,感じなかった,,7,特産品等の取り扱いがあるとよい,機会があれば行きたい,金箔売り1択が自分には不要なので、他の種類が欲しい,男,1991,愛知県,名古屋市,800万円以上 900万円未満,なんとなく,満足,8,名所と一日乗車券の使い勝手の良さ
金沢エリア,金沢中央観光案内所,2024/05/02 15:55:17,同意する,2泊,2泊,金沢エリア  （湯涌温泉、深谷温泉、犀川温泉など）,石川県外には泊まらない,恋人,"地元の美味しいものを食べる, 名所、旧跡の観光, まちあるき、都市散策",新幹線,徒歩,,,"10,000円以上 20,000円未満","30,000円以上 40,000円未満","20,000円以上 30,000円未満",初めて,歩いている際に見つけた,兼六園,,近江町市場,,使わない,満足,綺麗で居心地が良い,満足,ゆっくりしながら街の情報が得られる,感じなかった,,6,,また行きたい（1年以内）,金沢駅付近にタワーなどがほしい,女,1999,神奈川県,川崎市,300万円以上 400万円未満,能登牛が当たる,とても満足,10,海鮮がとても美味しく安い
金沢エリア,金沢中央観光案内所,2024/05/02 18:08:37,同意する,1泊,1泊,金沢エリア  （湯涌温泉、深谷温泉、犀川温泉など）,石川県外には泊まらない,職場の同僚,"地元の美味しいものを食べる, 名所、旧跡の観光, お祭りやイベントへの参加・見物, まちあるき、都市散策",新幹線,自家用車,,,"5,000円以上 10,000円未満","10,000円以上 20,000円未満","10,000円以上 20,000円未満",初めて,友人・知人,尾山神社,,選択なし/該当施設なし,,使わない,満足,,満足,,感じなかった,,8,,機会があれば行きたい,お寿司,女,1992,神奈川県,青葉区,400万円以上 500万円未満,能登牛が当たる,とても満足,10,
金沢エリア,金沢中央観光案内所,2024/05/03 13:19:54,同意する,1泊,1泊,金沢エリア  （湯涌温泉、深谷温泉、犀川温泉など）,石川県外には泊まらない,娘　大学生,"地元の美味しいものを食べる, まちあるき、都市散策",旅行会社ツアーバス,"路線バス, 徒歩",どちらでもない,わかりづらい,"5,000円以上 10,000円未満","1,000円未満","5,000円以上 10,000円未満",初めて,インターネット・アプリ,近江町市場,,尾山神社,,"3,000円以上 5,000円未満",どちらでもない,,どちらでもない,,感じなかった,,6,ご当地グルメをもっと教えてほしい！,また行きたい（1年以内）,ほうじ茶スイーツ,女,1971,愛知県,名古屋市,800万円以上 900万円未満,能登牛が当たる,とても満足,10,市場です。品揃えはもちろん、コスパもよくてお土産までばっちり揃います！
金沢エリア,金沢中央観光案内所,2024/05/04 13:35:48,同意する,日帰り,石川県内には宿泊しない,石川県内には宿泊しない,富山県,夫婦2人,"地元の美味しいものを食べる, 花見や紅葉などの自然鑑賞, 名所、旧跡の観光, まちあるき、都市散策",新幹線,徒歩,,,使わない,"3,000円以上 5,000円未満","5,000円以上 10,000円未満",初めて,"観光展・物産展, 新聞・雑誌・ガイドブック",近江町市場,,兼六園,,使わない,とても満足,,とても満足,,感じなかった,,10,,また行きたい（1年以内）,エンターテイメント、ループなどのモビリティ,男,1986,東京都,目黒区,"1,500万円以上",なんとなく,とても満足,10,
金沢エリア,金沢中央観光案内所,2024/05/04 14:37:11,同意する,2泊,2泊,金沢エリア  （湯涌温泉、深谷温泉、犀川温泉など）,石川県外には泊まらない,夫婦2人,"地元の美味しいものを食べる, 名所、旧跡の観光",新幹線,路線バス,満足,本数が多い　フリーパスが使える,"20,000円以上 30,000円未満","20,000円以上 30,000円未満","10,000円以上 20,000円未満",初めて,観光展・物産展,尾山神社,,選択なし/該当施設なし,文芸館,使わない,満足,パンフレットが豊富,とても満足,広くてきれい　混んでいない,感じなかった,,7,,また行きたい（1年以内）,特になし,女,1968,群馬県,利根郡みなかみ町,"900万円以上 1,000万円未満",なんとなく,とても満足,9,"街の人が親切　海鮮が美味しいし安い
バスが便利"
金沢エリア,金沢中央観光案内所,2024/05/05 16:01:10,同意する,1泊,1泊,金沢エリア  （湯涌温泉、深谷温泉、犀川温泉など）,石川県外には泊まらない,夫婦2人,名所、旧跡の観光,新幹線,徒歩,どちらでもない,,"5,000円以上 10,000円未満","30,000円以上 40,000円未満","20,000円以上 30,000円未満",初めて,たまたま通りがかりにあった,尾山神社,,選択なし/該当施設なし,,"1,000円未満",満足,,満足,,感じなかった,,5,,また行きたい（1年以内）,和菓子,女,1972,神奈川県,鎌倉市,"1,200万円以上 1,500万円未満",なんとなく,満足,8,
金沢エリア,金沢中央観光案内所,2024/05/06 12:25:56,同意する,1泊,1泊,金沢エリア  （湯涌温泉、深谷温泉、犀川温泉など）,石川県外には泊まらない,中学生以下連れの家族,"地元の美味しいものを食べる, 名所、旧跡の観光, まちあるき、都市散策, 各種体験（手作り、果物狩りなど）",自家用車,徒歩,,,"5,000円以上 10,000円未満","5,000円以上 10,000円未満","10,000円以上 20,000円未満",初めて,蓮ノ空女学院スクールアイドルクラブ加賀友禅こらぼ,選択なし/該当施設なし,蓮ノ空女学院スクールアイドルクラブ加賀友禅こらぼスタンプラリーのスポット,近江町市場,,使わない,とても満足,地図などの資料がたくさんあったから。,満足,広々としていてわかりやすいから。,感じなかった,,7,,機会があれば行きたい,安くて美味しいご飯。石川県とアニメなどとのコラボ。,女,2009,栃木県,宇都宮市,"1,000万円以上 1,200万円未満","ひゃくまさんが好き, 動く３Dひゃくまんさんを見たい",とても満足,10,見どころがたくさんある。
金沢エリア,金沢中央観光案内所,2024/05/06 14:28:56,同意する,1泊,1泊,加賀エリア （山代温泉、山中温泉、片山津温泉、粟津温泉、辰口温泉、加賀市、小松市など）,石川県外には泊まらない,夫婦2人,宿でのんびり過ごす,県外から訪れていない（石川県内在住）,自家用車,,,"10,000円以上 20,000円未満","5,000円以上 10,000円未満","5,000円以上 10,000円未満",初めて,ブログ,尾山神社,,兼六園,,使わない,満足,,満足,,感じなかった,,8,,石川県在住,特になし,女,1965,石川県,金沢市,200万円以上 300万円未満,ひゃくまさんが好き,満足,9,
金沢エリア,金沢中央観光案内所,2024/05/08 10:49:05,同意する,日帰り,石川県内には宿泊しない,石川県内には宿泊しない,富山県,小学生以下連れの家族,"地元の美味しいものを食べる, 名所、旧跡の観光, まちあるき、都市散策",自家用車,"自家用車, 徒歩",,,"5,000円以上 10,000円未満","10,000円以上 20,000円未満","20,000円以上 30,000円未満",初めて,観光パンフレット・ポスター,兼六園,,選択なし/該当施設なし,金箔クレープ屋　カフェ,使わない,どちらでもない,何ができるか、わからなかったです。,どちらでもない,何ができるか、わからなかったです。,感じなかった,,2,金沢スイーツ、金沢飯を食べれる場所があれば嬉しいです。,また行きたい（1年以内）,スイーツ,女,1980,富山県,富山市,600万円以上 700万円未満,能登牛が当たる,満足,7,"和を感じる場所が多いからです。
"
金沢エリア,金沢中央観光案内所,2024/05/09 16:42:55,同意する,日帰り,石川県内には宿泊しない,石川県内には宿泊しない,石川県外には泊まらない,小学生以下連れの家族,買い物、アウトレット,自家用車,自家用車,,,"1,000円以上 3,000円未満",使わない,"5,000円以上 10,000円未満",初めて,偶然通りかかった,尾山神社,,選択なし/該当施設なし,,使わない,どちらでもない,,どちらでもない,,感じなかった,,5,,どちらともいえない,特になし,女,1992,石川県,野々市,700万円以上 800万円未満,なんとなく,どちらでもない,5,
金沢エリア,金沢中央観光案内所,2024/05/10 12:27:16,同意する,1泊,1泊,金沢エリア  （湯涌温泉、深谷温泉、犀川温泉など）,石川県外には泊まらない,夫婦2人,"地元の美味しいものを食べる, 名所、旧跡の観光, 各種体験（手作り、果物狩りなど）",新幹線,"タクシー, 路線バス",満足,バス本数が多い,"20,000円以上 30,000円未満","20,000円以上 30,000円未満","10,000円以上 20,000円未満",初めて,尾山神社,尾山神社,,ひがし茶屋街,,使わない,とても満足,,とても満足,,感じなかった,,8,,機会があれば行きたい,カニを食べたい,男,1963,千葉県,柏市,100万円未満,"能登牛が当たる, ひゃくまさんが好き",とても満足,10,
金沢エリア,金沢中央観光案内所,2024/05/10 18:44:27,同意する,2泊,2泊,金沢エリア  （湯涌温泉、深谷温泉、犀川温泉など）,石川県外には泊まらない,自分ひとり,"地元の美味しいものを食べる, 名所、旧跡の観光, お祭りやイベントへの参加・見物, まちあるき、都市散策, 各種体験（手作り、果物狩りなど）",旅行会社ツアーバス,レンタサイクル,とても満足,自転車数もポート数も多く使い勝手がいいから,"10,000円以上 20,000円未満","5,000円以上 10,000円未満","30,000円以上 40,000円未満",2～5回目,X(旧：Twitter),ひがし茶屋街,,選択なし/該当施設なし,しいのき迎賓館,使わない,どちらでもない,商品、サービスを利用していないから,どちらでもない,商品、サービスを利用していないから,感じなかった,,10,金沢の食をお得に楽しめる施策があると嬉しいと思った,また行きたい（1年以内）,特になし,男,2003,東京都,八王子市,100万円未満,なんとなく,とても満足,10,"食とアクティビティ
金沢の食べ物はとても美味しく、歴史ある街なので文化体験も複数楽しむことができたから"
金沢エリア,金沢中央観光案内所,2024/05/11 17:16:28,同意する,1泊,1泊,金沢エリア  （湯涌温泉、深谷温泉、犀川温泉など）,石川県外には泊まらない,恋人,"宿でのんびり過ごす, 地元の美味しいものを食べる",新幹線,徒歩,,,"10,000円以上 20,000円未満","20,000円以上 30,000円未満","10,000円以上 20,000円未満",2～5回目,"インターネット・アプリ, Instagram, 友人・知人",近江町市場,,ひがし茶屋街,,使わない,満足,,とても満足,,感じなかった,,8,,また行きたい（1年以内）,足湯,女,1998,大阪府,大阪市,300万円以上 400万円未満,能登牛が当たる,とても満足,9,
金沢エリア,金沢中央観光案内所,2024/05/12 12:37:06,同意する,2泊,1泊,金沢エリア  （湯涌温泉、深谷温泉、犀川温泉など）,福井県,夫婦2人,"地元の美味しいものを食べる, 名所、旧跡の観光","新幹線, 在来線","路線バス, 徒歩",満足,観光ポイントを回るので、わかりやすかった。,"3,000円以上 5,000円未満","3,000円以上 5,000円未満","3,000円以上 5,000円未満",6～10回目,"観光展・物産展, 観光パンフレット・ポスター",尾山神社,,ひがし茶屋街,,使わない,満足,,どちらでもない,,感じなかった,,5,,機会があれば行きたい,特になし,男,1967,大阪府,貝塚市,600万円以上 700万円未満,"能登牛が当たる, 石川県のおすすめ観光スポットが見たい",満足,8,
金沢エリア,金沢中央観光案内所,2024/05/12 13:11:43,同意する,1泊,1泊,金沢エリア  （湯涌温泉、深谷温泉、犀川温泉など）,石川県外には泊まらない,夫婦2人,"地元の美味しいものを食べる, 買い物、アウトレット, まちあるき、都市散策","新幹線, 在来線","路線バス, 徒歩",どちらでもない,ホテルから徒歩です。,"10,000円以上 20,000円未満","10,000円以上 20,000円未満","10,000円以上 20,000円未満",初めて,"新聞・雑誌・ガイドブック, 観光パンフレット・ポスター, インターネット・アプリ",尾山神社,,兼六園,,使わない,どちらでもない,購入等していないので,満足,観光ビデオが流れていてよかったです,感じなかった,,5,特になし,機会があれば行きたい,ゆっくり、街中を歩きたいですね。,女,1969,大阪府,枚方市,400万円以上 500万円未満,"ひゃくまさんが好き, なんとなく",満足,8,兼六園も良いですが、古い街中はよいです。
金沢エリア,金沢中央観光案内所,2024/05/12 16:11:38,同意する,日帰り,石川県内には宿泊しない,石川県内には宿泊しない,石川県外には泊まらない,親,"地元の美味しいものを食べる, お祭りやイベントへの参加・見物",自家用車,自家用車,,,使わない,使わない,"5,000円以上 10,000円未満",初めて,観光協会等の案内所,尾山神社,,選択なし/該当施設なし,,使わない,満足,,満足,,感じなかった,,5,,また行きたい（1年以内）,なし,女,1992,富山県,高岡市,300万円以上 400万円未満,能登牛が当たる,満足,7,
金沢エリア,金沢中央観光案内所,2024/05/13 5:17:47,同意する,2泊,2泊,金沢エリア  （湯涌温泉、深谷温泉、犀川温泉など）,石川県外には泊まらない,友人,"地元の美味しいものを食べる, 花見や紅葉などの自然鑑賞, 名所、旧跡の観光, 買い物、アウトレット, お祭りやイベントへの参加・見物, まちあるき、都市散策","レンタカー, 新幹線",レンタカー,とても満足,比較的安価な駐車場が多くて大変助かりました。,"10,000円以上 20,000円未満","10,000円以上 20,000円未満","40,000円以上 50,000円未満",初めて,"インターネット・アプリ, X(旧：Twitter)",兼六園,,ひがし茶屋街,,使わない,満足,今回は利用の機会がありませんでしたが、ナイトシアターやフリーパスの充実さがすごいと思いました。,とても満足,館内全体とても綺麗で入りやすい施設でした。,感じなかった,,8,ひゃくまんさんなどのお土産やちょっとした地元の軽食などが買えると嬉しいです。,また行きたい（1年以内）,これ以上望むものはありません！,男,2000,愛知県,蒲郡市,300万円以上 400万円未満,せっかく旅行に来たので回答しました。,とても満足,10,ご飯もよし、街並みもよし、文化もよしでとても良かったです。
金沢エリア,金沢中央観光案内所,2024/05/13 16:45:10,同意する,2泊,2泊,金沢エリア  （湯涌温泉、深谷温泉、犀川温泉など）,石川県外には泊まらない,娘,地元の美味しいものを食べる,飛行機,徒歩,,,"10,000円以上 20,000円未満","5,000円以上 10,000円未満","5,000円以上 10,000円未満",初めて,なし,近江町市場,,選択なし/該当施設なし,西茶屋街,使わない,どちらでもない,,どちらでもない,,感じなかった,,4,,あまり行きたいと思わない,特になし,女,1965,沖縄県,那覇市,400万円以上 500万円未満,能登牛が当たる,満足,4,
金沢エリア,金沢中央観光案内所,2024/05/14 11:43:30,同意する,1泊,1泊,金沢エリア  （湯涌温泉、深谷温泉、犀川温泉など）,石川県外には泊まらない,自分ひとり,蓮ノ空スタンプラリーへの参加,"新幹線, 在来線",徒歩,,,"5,000円以上 10,000円未満","30,000円以上 40,000円未満","20,000円以上 30,000円未満",2～5回目,"インターネット・アプリ, X(旧：Twitter)",近江町市場,,兼六園,,使わない,満足,対応が良かった,満足,施設自体がとても綺麗だし、スタッフの人が良かった,感じなかった,,7,,また行きたい（1年以内）,蓮ノ空とのコラボ商品,無回答,1999,茨城県,水戸市,200万円以上 300万円未満,ひゃくまさんが好き,満足,10,
金沢エリア,金沢中央観光案内所,2024/05/16 22:42:37,同意する,1泊,1泊,金沢エリア  （湯涌温泉、深谷温泉、犀川温泉など）,石川県外には泊まらない,夫婦2人,"地元の美味しいものを食べる, 名所、旧跡の観光, まちあるき、都市散策",新幹線,"路線バス, 徒歩",満足,1日乗り放題の周遊券を利用したが、あまり待たずにバスが来て有意義な旅行が楽しめました,"5,000円以上 10,000円未満","40,000円以上 50,000円未満","20,000円以上 30,000円未満",初めて,"新聞・雑誌・ガイドブック, TV・ラジオ番組やCM, インターネット・アプリ",金沢21世紀美術館,,尾山神社,,使わない,満足,,満足,パンフレットが充実していた,感じなかった,,10,,また行きたい（1年以内）,特に無し,女,1965,宮城県,大崎市,400万円以上 500万円未満,能登牛が当たる,とても満足,10,海鮮
金沢エリア,金沢中央観光案内所,2024/05/18 11:21:59,同意する,3泊,2泊,金沢エリア  （湯涌温泉、深谷温泉、犀川温泉など）,福井県,自分ひとり,"宿でのんびり過ごす, 地元の美味しいものを食べる, 買い物、アウトレット","新幹線, 在来線",徒歩,,,"10,000円以上 20,000円未満","10,000円以上 20,000円未満","30,000円以上 40,000円未満",初めて,X(旧：Twitter),兼六園,,選択なし/該当施設なし,金沢蓄音機館,使わない,どちらでもない,,満足,冷暖房設備が完備されており、座る場所が用意されていたため,感じなかった,,5,,機会があれば行きたい,特になし,男,2002,京都府,向日市,300万円以上 400万円未満,能登牛が当たる,とても満足,10,近江町市場のご飯がとても美味しかったため。
金沢エリア,金沢中央観光案内所,2024/05/19 13:30:38,同意する,1泊,1泊,金沢エリア  （湯涌温泉、深谷温泉、犀川温泉など）,石川県外には泊まらない,友人,"宿でのんびり過ごす, 地元の美味しいものを食べる, まちあるき、都市散策",高速バス,徒歩,,,"3,000円以上 5,000円未満","1,000円以上 3,000円未満","5,000円以上 10,000円未満",初めて,"友人・知人, 観光協会等の案内所, 通りすがり",選択なし/該当施設なし,成巽閣,近江町市場,,使わない,とても満足,資料が充実。職員さん優しい。,とても満足,,感じなかった,,9,,また行きたい（1年以内）,特に無し,女,1968,富山県,砺波市,300万円以上 400万円未満,能登牛が当たる,とても満足,9,成巽閣
金沢エリア,金沢中央観光案内所,2024/05/19 13:44:36,同意する,1泊,1泊,金沢エリア  （湯涌温泉、深谷温泉、犀川温泉など）,石川県外には泊まらない,友人,"宿でのんびり過ごす, 地元の美味しいものを食べる, 買い物、アウトレット",旅行会社ツアーバス,徒歩,,,"3,000円以上 5,000円未満","1,000円以上 3,000円未満","5,000円以上 10,000円未満",初めて,友人・知人,尾山神社,,選択なし/該当施設なし,成巽閣,使わない,とても満足,,とても満足,,感じなかった,,3,,また行きたい（1年以内）,特に無し,女,1968,富山県,砺波市,300万円以上 400万円未満,能登牛が当たる,とても満足,9,食べ物顔医師を
金沢エリア,金沢中央観光案内所,2024/05/19 14:29:17,同意する,3泊,3泊,金沢エリア  （湯涌温泉、深谷温泉、犀川温泉など）,石川県外には泊まらない,親,友人・親戚を訪ねる,新幹線,路線バス,満足,,"5,000円以上 10,000円未満","20,000円以上 30,000円未満","3,000円以上 5,000円未満",初めて,観光協会等の案内所,選択なし/該当施設なし,,近江町市場,,使わない,満足,,満足,,感じなかった,,8,,また行きたい（1年以内）,UFOに関すること,女,1987,新潟県,長岡市,"1,500万円以上",,満足,8,
金沢エリア,金沢中央観光案内所,2024/05/19 16:49:38,同意する,2泊,1泊,金沢エリア  （湯涌温泉、深谷温泉、犀川温泉など）,富山県,友人,地元の美味しいものを食べる,自家用車,徒歩,,,"5,000円以上 10,000円未満",使わない,"5,000円以上 10,000円未満",2～5回目,記憶,選択なし/該当施設なし,,選択なし/該当施設なし,金沢駅,使わない,満足,九谷焼のひゃくまんさんに会える,満足,九谷焼のひゃくまんさんに会える,感じなかった,,5,,機会があれば行きたい,特になし,女,1978,大阪府,大阪市,"1,500万円以上",ひゃくまさんが好き,満足,8,忍者寺
金沢エリア,金沢中央観光案内所,2024/05/19 16:52:19,同意する,2泊,1泊,金沢エリア  （湯涌温泉、深谷温泉、犀川温泉など）,富山県,夫婦2人,"地元の美味しいものを食べる, 名所、旧跡の観光, 買い物、アウトレット",自家用車,"自家用車, 徒歩",,,"5,000円以上 10,000円未満","5,000円以上 10,000円未満","20,000円以上 30,000円未満",2～5回目,"観光展・物産展, 観光パンフレット・ポスター",選択なし/該当施設なし,最初に訪れた場所,選択なし/該当施設なし,忍者寺,"1,000円未満",満足,パンフレットが多かった,満足,ホテルから近い,感じなかった,,10,,また行きたい（1年以内）,特になし,男,1975,大阪府,大阪市,"1,500万円以上","能登牛が当たる, ひゃくまさんが好き",とても満足,10,
金沢エリア,金沢中央観光案内所,2024/05/20 10:05:41,同意する,日帰り,石川県内には宿泊しない,石川県内には宿泊しない,石川県外には泊まらない,自分ひとり,買い物、アウトレット,自家用車,自家用車,とても満足,,"1,000円未満","1,000円未満","10,000円以上 20,000円未満",初めて,観光展・物産展,兼六園,,兼六園,,"1,000円未満",とても満足,,とても満足,,感じた,,10,,また行きたい（1年以内）,金箔,男,1988,石川県,金沢市,300万円以上 400万円未満,能登牛が当たる,とても満足,10,
金沢エリア,金沢中央観光案内所,2024/05/20 10:11:53,同意する,日帰り,石川県内には宿泊しない,石川県内には宿泊しない,石川県外には泊まらない,小学生以下連れの家族,買い物、アウトレット,自家用車,路線バス,とても満足,,"1,000円以上 3,000円未満","1,000円以上 3,000円未満","1,000円以上 3,000円未満",2～5回目,TV・ラジオ番組やCM,金沢21世紀美術館,,金沢21世紀美術館,,"1,000円以上 3,000円未満",とても満足,,とても満足,,感じた,,10,,また行きたい（1年以内）,雨,男,1994,石川県,金沢市,400万円以上 500万円未満,ひゃくまさんが好き,とても満足,10,
金沢エリア,金沢中央観光案内所,2024/05/20 22:47:12,同意する,3泊,3泊,加賀エリア （山代温泉、山中温泉、片山津温泉、粟津温泉、辰口温泉、加賀市、小松市など）,石川県外には泊まらない,夫婦2人,"地元の美味しいものを食べる, 名所、旧跡の観光, まちあるき、都市散策, 友人・親戚を訪ねる","新幹線, 在来線, 飛行機",徒歩,,,"10,000円以上 20,000円未満","50,000円以上 100,000円未満","30,000円以上 40,000円未満",初めて,観光パンフレット・ポスター,選択なし/該当施設なし,,金沢21世紀美術館,,使わない,満足,,満足,,感じなかった,,10,,また行きたい（1年以内）,特になし,女,1972,宮崎県,宮崎市,"1,000万円以上 1,200万円未満",能登牛が当たる,とても満足,10,街が綺麗で風情があり、食べ物が美味しい
金沢エリア,金沢中央観光案内所,2024/05/21 18:56:26,同意する,2泊,2泊,金沢エリア  （湯涌温泉、深谷温泉、犀川温泉など）,石川県外には泊まらない,友人,推しの生誕祭,自家用車,自家用車,とても満足,歩いても街並みがよく楽しい！,"1,000円未満","1,000円未満","1,000円未満",2～5回目,観光展・物産展,選択なし/該当施設なし,,金沢21世紀美術館,,"10,000円以上 20,000円未満",満足,町の人たちも優しくって楽しい,とても満足,,感じなかった,,10,,また行きたい（1年以内）,金沢限定の物。,男,1992,静岡県,浜松市,300万円以上 400万円未満,"能登牛が当たる, ひゃくまさんが好き, ARでひゃくまんさんと写真が撮りたかった, ひゃくまんさんの名刺をコレクションしている, 動く３Dひゃくまんさんを見たい, 石川県のおすすめ観光スポットが見たい, 石川県の雑学を知りたい",とても満足,10,
金沢エリア,金沢中央観光案内所,2024/05/22 20:26:33,同意する,1泊,1泊,金沢エリア  （湯涌温泉、深谷温泉、犀川温泉など）,石川県外には泊まらない,夫婦2人,"名所、旧跡の観光, まちあるき、都市散策",新幹線,徒歩,,,"5,000円以上 10,000円未満","30,000円以上 40,000円未満","5,000円以上 10,000円未満",初めて,観光協会等の案内所,尾山神社,,金沢21世紀美術館,,使わない,どちらでもない,,どちらでもない,,感じなかった,,4,,機会があれば行きたい,特になし,女,1963,宮城県,亘理郡亘理町,700万円以上 800万円未満,ひゃくまさんが好き,満足,5,
金沢エリア,金沢中央観光案内所,2024/05/25 10:29:34,同意する,1泊,1泊,金沢エリア  （湯涌温泉、深谷温泉、犀川温泉など）,石川県外には泊まらない,自分ひとり,宇喜多秀家正室の豪姫法要,新幹線,"路線バス, 徒歩",不満,バス停のバス停の行き先が分かりにくい,"1,000円以上 3,000円未満","1,000円以上 3,000円未満","20,000円以上 30,000円未満",2～5回目,行き当たりばったり,尾山神社,,選択なし/該当施設なし,本多博物館,"1,000円以上 3,000円未満",とても満足,お茶席の体験イベントとお茶席をさがしていただきました。,とても満足,休憩ができました。,感じなかった,,10,館内で飲食して良いかの標識が欲しいです。お土産のガチャガチャとかパンとかジュースの販売機がほしいです。,また行きたい（1年以内）,橋のたもとに観光地地図看板が欲しいです。,女,1989,東京都,町田市,300万円以上 400万円未満,５月23日の金沢市の大蓮寺での豪姫法要に多くの方に参列して頂きたいです。,とても満足,10,5月23日の金沢市大蓮寺での豪姫の法要に、もっと大勢のお客様にお越し頂きたいです。
金沢エリア,金沢中央観光案内所,2024/05/25 10:40:17,同意する,1泊,1泊,金沢エリア  （湯涌温泉、深谷温泉、犀川温泉など）,石川県外には泊まらない,自分ひとり,豪姫法要,新幹線,"路線バス, 徒歩",満足,,"3,000円以上 5,000円未満","1,000円以上 3,000円未満","20,000円以上 30,000円未満",2～5回目,行き当たりばったり,尾山神社,,選択なし/該当施設なし,本多博物館,"1,000円以上 3,000円未満",とても満足,,とても満足,,感じなかった,,10,,また行きたい（1年以内）,特になし,女,1989,東京都,町田市,300万円以上 400万円未満,能登牛が当たる,とても満足,10,
金沢エリア,金沢中央観光案内所,2024/05/25 13:18:22,同意する,1泊,1泊,金沢エリア  （湯涌温泉、深谷温泉、犀川温泉など）,石川県外には泊まらない,友人,"名所、旧跡の観光, まちあるき、都市散策",新幹線,"路線バス, 徒歩",どちらでもない,特に理由なし,"20,000円以上 30,000円未満","1,000円未満","10,000円以上 20,000円未満",初めて,X(旧：Twitter),兼六園,,ひがし茶屋街,,使わない,満足,めぐちゃんがいたから,満足,めぐちゃんがいたから,感じなかった,,6,特になし,また行きたい（1年以内）,海鮮系,男,1993,埼玉県,さいたま市,400万円以上 500万円未満,能登牛が当たる,とても満足,8,食べ物全般
金沢エリア,金沢中央観光案内所,2024/05/25 15:19:54,同意する,2泊,2泊,金沢エリア  （湯涌温泉、深谷温泉、犀川温泉など）,石川県外には泊まらない,自分ひとり,"地元の美味しいものを食べる, 花見や紅葉などの自然鑑賞, 名所、旧跡の観光, 買い物、アウトレット, お祭りやイベントへの参加・見物, まちあるき、都市散策, 蓮ノ空女学院スタンプラリー","新幹線, サンダーバード","路線バス, 徒歩",満足,行きたい観光地にだいたいいけるから。,"5,000円以上 10,000円未満","1,000円未満","20,000円以上 30,000円未満",初めて,"観光パンフレット・ポスター, X(旧：Twitter)",金沢21世紀美術館,,近江町市場,,"1,000円未満",どちらでもない,,満足,施設が綺麗だから,感じなかった,,4,,また行きたい（1年以内）,蓮ノ空女学院の舞台巡り、スタンプラリーはかなり良い観光の候補選定の指針になっています。ぜひもう一度別の機会をいただけると幸いです。,その他,1994,大阪府,箕面市,400万円以上 500万円未満,"能登牛が当たる, ひゃくまさんが好き, ARでひゃくまんさんと写真が撮りたかった, 石川県のおすすめ観光スポットが見たい, 金沢観光にもう一度来たいので、感想を残しておくため　蓮ノ空女学院のコラボが良かったことを残しておくため",とても満足,9,近江町市場　おでんがおいしい
金沢エリア,金沢中央観光案内所,2024/05/25 16:36:46,同意する,1泊,1泊,金沢エリア  （湯涌温泉、深谷温泉、犀川温泉など）,石川県外には泊まらない,友人,"地元の美味しいものを食べる, まちあるき、都市散策",新幹線,路線バス,満足,,"10,000円以上 20,000円未満","3,000円以上 5,000円未満","20,000円以上 30,000円未満",初めて,観光展・物産展,近江町市場,,兼六園,,使わない,どちらでもない,,満足,,感じなかった,,5,,機会があれば行きたい,特になし,男,1994,大阪府,大阪市,200万円以上 300万円未満,ひゃくまさんが好き,とても満足,10,
金沢エリア,金沢中央観光案内所,2024/05/25 18:02:15,同意する,2泊,2泊,金沢エリア  （湯涌温泉、深谷温泉、犀川温泉など）,石川県外には泊まらない,夫婦2人,"名所、旧跡の観光, まちあるき、都市散策",高速バス,徒歩,,,"10,000円以上 20,000円未満","5,000円以上 10,000円未満","10,000円以上 20,000円未満",初めて,インターネット・アプリ,選択なし/該当施設なし,金沢城,尾山神社,,使わない,満足,情報が沢山ある,満足,情報が沢山ある,感じなかった,,6,情報がありすぎて絞りきれない,機会があれば行きたい,特になし,女,1957,愛知県,名古屋市,500万円以上 600万円未満,能登牛が当たる,満足,8,ボランティアガイドの充実
金沢エリア,金沢中央観光案内所,2024/05/26 11:43:02,同意する,2泊,2泊,金沢エリア  （湯涌温泉、深谷温泉、犀川温泉など）,石川県外には泊まらない,自分ひとり,"地元の美味しいものを食べる, 名所、旧跡の観光, まちあるき、都市散策",飛行機,"路線バス, 徒歩",とても満足,バスの本数が多い,"10,000円以上 20,000円未満","20,000円以上 30,000円未満","30,000円以上 40,000円未満",2～5回目,観光パンフレット・ポスター,尾山神社,,ひがし茶屋街,,"1,000円未満",満足,,どちらでもない,,感じなかった,,7,,機会があれば行きたい,安くて旨い,男,1977,福岡県,福岡市,"1,200万円以上 1,500万円未満",なんとなく,とても満足,8,
金沢エリア,金沢中央観光案内所,2024/05/26 14:40:21,同意する,1泊,1泊,金沢エリア  （湯涌温泉、深谷温泉、犀川温泉など）,石川県外には泊まらない,恋人,"宿でのんびり過ごす, 地元の美味しいものを食べる, 名所、旧跡の観光",新幹線,徒歩,,,"5,000円以上 10,000円未満","10,000円以上 20,000円未満","20,000円以上 30,000円未満",初めて,"インターネット・アプリ, Instagram",尾山神社,,選択なし/該当施設なし,,使わない,満足,,満足,,感じなかった,,5,,機会があれば行きたい,海鮮料理,男,2002,長野県,飯山市,"1,200万円以上 1,500万円未満",能登牛が当たる,とても満足,10,
金沢エリア,金沢中央観光案内所,2024/05/26 15:15:15,同意する,2泊,2泊,金沢エリア  （湯涌温泉、深谷温泉、犀川温泉など）,石川県外には泊まらない,親と姉,"地元の美味しいものを食べる, 名所、旧跡の観光, 買い物、アウトレット, まちあるき、都市散策",新幹線,徒歩,,,"10,000円以上 20,000円未満","20,000円以上 30,000円未満","30,000円以上 40,000円未満",初めて,友人・知人,兼六園,,尾山神社,,使わない,不満,九谷焼ひゃくまんさんの写真を正面から撮ろうとした際に職員の方が前に立っていて場所をあけてくださらずとても撮りづらかった。,どちらでもない,立ち寄っただけではありますが、あまり親切な感じがしなかった,感じた,上述の通りで、職員の方は少し不親切に感じましたが、施設自体はとてもきれいで利用しやすかったです,6,ほうじ茶を飲める休憩スペースなどがあるといいと思いました,また行きたい（1年以内）,これ以上は特にないです。,女,1977,埼玉県,所沢市,"1,500万円以上",ひゃくまさんが好き,とても満足,10,金沢城公園が広くて自然も豊かでとても癒されました、食べ物も海鮮もの中心においしくとても楽しめました
金沢エリア,金沢中央観光案内所,2024/05/27 13:37:06,同意する,2泊,石川県内には宿泊しない,石川県内には宿泊しない,富山県,自分ひとり,まちあるき、都市散策,"新幹線, 在来線",徒歩,,,使わない,"30,000円以上 40,000円未満","3,000円以上 5,000円未満",初めて,蓮の空スタンプラリー,近江町市場,,選択なし/該当施設なし,金沢城公園,使わない,どちらでもない,,どちらでもない,,感じなかった,,6,,機会があれば行きたい,寿司,男,1984,静岡県,沼津市,800万円以上 900万円未満,能登牛が当たる,どちらでもない,6,
金沢エリア,金沢中央観光案内所,2024/05/27 21:18:08,同意する,2泊,2泊,金沢エリア  （湯涌温泉、深谷温泉、犀川温泉など）,石川県外には泊まらない,夫婦2人,"宿でのんびり過ごす, 地元の美味しいものを食べる",自家用車,徒歩,,,"30,000円以上 40,000円未満","5,000円以上 10,000円未満","40,000円以上 50,000円未満",初めて,目の前を通ったら見つけた,尾山神社,,ひがし茶屋街,,"1,000円未満",満足,知りたい情報が得られたから,満足,入りやすく利用しやすかったから,感じなかった,,9,昔からあるお土産がまとめて並んでいたり、昔からある建物など、歴史的なものに特化したパンフレットがあるとうれしい。,また行きたい（1年以内）,郷土料理や、加賀野菜が一目で分かって、それが食べれるお店のマップ付きなものが役立つ。,女,1979,愛知県,江南市,400万円以上 500万円未満,なんとなく,とても満足,9,料理やお店の人柄の良さを家族に伝えたい。
金沢エリア,金沢中央観光案内所,2024/05/29 14:40:27,同意する,3泊,3泊,金沢エリア  （湯涌温泉、深谷温泉、犀川温泉など）,富山県,自分ひとり,"地元の美味しいものを食べる, 名所、旧跡の観光, 買い物、アウトレット, お祭りやイベントへの参加・見物, スポーツ観戦や芸術鑑賞（コンサート等）, まちあるき、都市散策, 各種体験（手作り、果物狩りなど）, その他スポーツ（ゴルフ、テニスなど）",新幹線,"路線バス, レンタサイクル",満足,シェアサイクルはスマートフォンで完結する,"20,000円以上 30,000円未満","20,000円以上 30,000円未満","20,000円以上 30,000円未満",2～5回目,インターネット・アプリ,近江町市場,,選択なし/該当施設なし,金沢蓄音器館,"1,000円未満",満足,,とても満足,,感じなかった,,9,,また行きたい（1年以内）,特になし,男,1984,東京都,東村山市,300万円以上 400万円未満,折り紙,とても満足,10,金沢市の街としてのサイズ感が丁度良く、色々なものが楽しめる
金沢エリア,金沢中央観光案内所,2024/05/29 20:56:56,同意する,4泊以上,4泊以上,金沢エリア  （湯涌温泉、深谷温泉、犀川温泉など）,石川県外には泊まらない,友人,"宿でのんびり過ごす, 地元の美味しいものを食べる",新幹線,レンタカー,とても満足,新幹線が便利だった,"40,000円以上 50,000円未満","30,000円以上 40,000円未満","50,000円以上 100,000円未満",初めて,"観光展・物産展, 観光パンフレット・ポスター, Instagram",兼六園,,ひがし茶屋街,,"100,000円以上",とても満足,貸し傘がありがたかった,とても満足,,感じなかった,,10,,また行きたい（1年以内）,陶芸体験,女,1984,東京都,大田区,200万円以上 300万円未満,能登牛が当たる,とても満足,10,
金沢エリア,金沢中央観光案内所,2024/05/31 16:03:49,同意する,4泊以上,4泊以上,金沢エリア  （湯涌温泉、深谷温泉、犀川温泉など）,秋田県,友人,名所、旧跡の観光,新幹線,"路線バス, 徒歩",とても満足,,"5,000円以上 10,000円未満","1,000円以上 3,000円未満","1,000円以上 3,000円未満",初めて,友人・知人,兼六園,,ひがし茶屋街,,"3,000円以上 5,000円未満",とても満足,,とても満足,,感じなかった,,10,,また行きたい（1年以内）,特になし,その他,2004,長野県,長野市,"1,500万円以上",なんとなく,とても満足,10,
金沢エリア,金沢中央観光案内所,2024/05/31 16:05:25,同意する,4泊以上,4泊以上,金沢エリア  （湯涌温泉、深谷温泉、犀川温泉など）,東京都,自分ひとり,"宿でのんびり過ごす, 温泉や露天風呂, 地元の美味しいものを食べる, 名所、旧跡の観光, お祭りやイベントへの参加・見物",新幹線,タクシー,とても満足,,"50,000円以上 100,000円未満","50,000円以上 100,000円未満","50,000円以上 100,000円未満",11回目以上,"TV・ラジオ番組やCM, 友人・知人",兼六園,,ひがし茶屋街,,"5,000円以上 10,000円未満",とても満足,,とても満足,,感じなかった,,10,,また行きたい（1年以内）,特になし,男,2003,東京都,新宿区,"1,200万円以上 1,500万円未満",能登牛が当たる,とても満足,10,
金沢エリア,金沢中央観光案内所,2024/05/31 20:20:33,同意する,4泊以上,4泊以上,金沢エリア  （湯涌温泉、深谷温泉、犀川温泉など）,石川県外には泊まらない,自分ひとり,お祭りやイベントへの参加・見物,新幹線,徒歩,,,"100,000円以上","50,000円以上 100,000円未満","100,000円以上",2～5回目,たまたま見つけた,近江町市場,,選択なし/該当施設なし,ホテルに戻る,使わない,満足,何回か訪れたが一度だけ不親切な方がいらっしゃいましたので最高評価は控えました,とても満足,得る情報量が多い。お手洗いも綺麗。,感じた,たった一人だけ説明が不親切な方がいて道案内が大ざっぱ過ぎて目的地にたどり着くのが大変であった。が大ざっぱ過ぎて目的地にたどり着くのが大変であっただ,9,それらについては存在自体を知りません。,また行きたい（1年以内）,欲しいものが全て購入でき、買い物が楽しくてしょうがないほどである。,女,1958,宮城県,仙台市,700万円以上 800万円未満,百万さんの折り紙の折り方を知りたかった。百万さんが大好きです。,とても満足,9,金沢の方はほぼ100%とにかく優しくて、街自体が旅行者を温かく迎えてくれる。人が1番の魅力。観光する場所がコンパクトにまとまっているので観光しやすい。食が抜群に楽しめる。本当に素晴らしい場所と自信を持って薦められる。
金沢エリア,金沢中央観光案内所,2024/06/01 12:03:40,同意する,2泊,2泊,金沢エリア  （湯涌温泉、深谷温泉、犀川温泉など）,石川県外には泊まらない,自分ひとり,お祭りやイベントへの参加・見物,新幹線,徒歩,,,"10,000円以上 20,000円未満","20,000円以上 30,000円未満","100,000円以上",2～5回目,観光展・物産展,兼六園,,兼六園,,"1,000円以上 3,000円未満",どちらでもない,,どちらでもない,,感じなかった,,7,,また行きたい（1年以内）,特に無い,男,1954,福島県,いわき市,600万円以上 700万円未満,石川県のおすすめ観光スポットが見たい,満足,10,
金沢エリア,金沢中央観光案内所,2024/06/01 18:34:38,同意する,日帰り,石川県内には宿泊しない,石川県内には宿泊しない,岐阜県,小学生以下連れの家族,お祭りやイベントへの参加・見物,飛行機,自家用車,とても満足,,"10,000円以上 20,000円未満","30,000円以上 40,000円未満","1,000円以上 3,000円未満",初めて,友人・知人,金沢21世紀美術館,,ひがし茶屋街,,"30,000円以上 40,000円未満",とても満足,,満足,,感じなかった,,10,,また行きたい（1年以内）,プリン,女,1996,山形県,山形市,300万円以上 400万円未満,なんとなく,とても満足,10,
金沢エリア,金沢中央観光案内所,2024/06/01 19:13:34,同意する,2泊,2泊,金沢エリア  （湯涌温泉、深谷温泉、犀川温泉など）,石川県外には泊まらない,大学生の息子,"宿でのんびり過ごす, 温泉や露天風呂, 地元の美味しいものを食べる, お祭りやイベントへの参加・見物",自家用車,路線バス,どちらでもない,特に不満はなく自宅の方で通常乗っているバスと一緒だったから,"20,000円以上 30,000円未満","20,000円以上 30,000円未満","20,000円以上 30,000円未満",初めて,新聞・雑誌・ガイドブック,兼六園,名前は忘れたが桜の季節　川沿いに咲いてる桜がとてもきれいだった　金沢城　夜桜も美しい　,金沢21世紀美術館,,使わない,満足,,とても満足,,感じなかった,,10,何があるのかわからないけど、ロビーに色々パンフレットおいてあって、おもしろそうだった,また行きたい（1年以内）,食べ物も美味しいし、人が優しい,女,1964,静岡県,藤枝市,300万円以上 400万円未満,石川県のおすすめ観光スポットが見たい,とても満足,10,百万石祭り皆で練り歩いて楽しそうだった　まとまりがある
金沢エリア,金沢中央観光案内所,2024/06/02 11:22:12,同意する,1泊,1泊,金沢エリア  （湯涌温泉、深谷温泉、犀川温泉など）,石川県外には泊まらない,夫婦2人,"地元の美味しいものを食べる, 名所、旧跡の観光",自家用車,徒歩,,,"5,000円以上 10,000円未満","20,000円以上 30,000円未満","50,000円以上 100,000円未満",初めて,観光パンフレット・ポスター,選択なし/該当施設なし,武家屋敷,尾山神社,,使わない,とても満足,親切,とても満足,資料が豊富,感じなかった,,8,,また行きたい（1年以内）,特になし,男,1960,大阪府,吹田市,600万円以上 700万円未満,能登牛が当たる,とても満足,10,コンパクトに観光できる
金沢エリア,金沢中央観光案内所,2024/06/02 11:22:15,同意する,2泊,2泊,金沢エリア  （湯涌温泉、深谷温泉、犀川温泉など）,石川県外には泊まらない,夫婦2人,"地元の美味しいものを食べる, お祭りやイベントへの参加・見物, まちあるき、都市散策",自家用車,"自家用車, タクシー, 路線バス, 徒歩",不満,バス運賃に交通系ICカードが使えない,"1,000円未満","1,000円未満","40,000円以上 50,000円未満",初めて,友人・知人,選択なし/該当施設なし,武家屋敷,兼六園,,使わない,満足,トイレなど自由に使わせて頂ける,満足,トイレなど自由に使わせて頂ける,感じなかった,,8,,また行きたい（1年以内）,海鮮、街並み,女,1964,大阪府,吹田市,100万円以上 200万円未満,ひゃくまさんが好き,とても満足,10,海鮮
金沢エリア,金沢中央観光案内所,2024/06/06 17:34:22,同意する,2泊,2泊,金沢エリア  （湯涌温泉、深谷温泉、犀川温泉など）,石川県外には泊まらない,夫婦2人,"宿でのんびり過ごす, 地元の美味しいものを食べる, 名所、旧跡の観光, まちあるき、都市散策",飛行機,"路線バス, 徒歩",満足,郊外は行きづらい,"10,000円以上 20,000円未満","10,000円以上 20,000円未満","20,000円以上 30,000円未満",2～5回目,通りかかったので,選択なし/該当施設なし,武家屋敷跡野村家,尾山神社,,"1,000円以上 3,000円未満",満足,観光の参考になる資料がたくさんあった,満足,座りながら色々資料をみれた,感じなかった,なし,9,,また行きたい（1年以内）,特になし,女,1981,愛知県,名古屋市,"900万円以上 1,000万円未満",なんとなく,満足,8,美味しい海鮮。安くて美味しかったから。
金沢エリア,金沢中央観光案内所,2024/06/06 17:34:51,同意する,2泊,2泊,金沢エリア  （湯涌温泉、深谷温泉、犀川温泉など）,石川県外には泊まらない,夫婦2人,"地元の美味しいものを食べる, 花見や紅葉などの自然鑑賞, 名所、旧跡の観光",飛行機,徒歩,,,"10,000円以上 20,000円未満","10,000円以上 20,000円未満","30,000円以上 40,000円未満",初めて,偶然通りかかった,選択なし/該当施設なし,武家屋敷跡野村家,尾山神社,,使わない,満足,パンフレットがたくさんあった,満足,トイレがあっった,感じなかった,,6,,機会があれば行きたい,なし,男,1973,愛知県,名古屋市,"900万円以上 1,000万円未満",能登牛が当たる,満足,6,なし
金沢エリア,金沢中央観光案内所,2024/06/08 20:30:50,同意する,日帰り,石川県内には宿泊しない,石川県内には宿泊しない,石川県外には泊まらない,親,まちあるき、都市散策,自家用車,徒歩,,,使わない,使わない,"3,000円以上 5,000円未満",初めて,TV・ラジオ番組やCM,尾山神社,,選択なし/該当施設なし,,使わない,満足,,とても満足,,感じた,,4,,石川県在住,特になし,女,2007,石川県,能美市,100万円未満,なんとなく,とても満足,7,
金沢エリア,金沢中央観光案内所,2024/06/10 12:32:00,同意する,1泊,1泊,金沢エリア  （湯涌温泉、深谷温泉、犀川温泉など）,石川県外には泊まらない,親,"宿でのんびり過ごす, 地元の美味しいものを食べる, 名所、旧跡の観光, まちあるき、都市散策",新幹線,"路線バス, 徒歩, レンタサイクル",とても満足,レンタルは安くて、バスのように時刻を気にせず、また小回りが利くため大変便利でした。,"5,000円以上 10,000円未満","40,000円以上 50,000円未満","10,000円以上 20,000円未満",初めて,"インターネット・アプリ, 観光協会等の案内所",尾山神社,,ひがし茶屋街,,使わない,満足,外で買った和菓子をいただくことができたため。外が暑かったので、涼しいところで座ってゆっくりできて良かったです。,満足,涼しくてきれいでした。,感じなかった,特にないです。,7,無料の飲料スペースがあったらありがたかったです。和菓子処が多いため、外で買った和菓子と一緒に飲める無料のお茶があるとなお嬉かったです。,また行きたい（1年以内）,特になし。,女,1996,埼玉県,上尾市,800万円以上 900万円未満,能登牛が当たる,とても満足,10,美味しい和菓子です。色々なところに美味しい和菓子があり、和菓子屋さん巡りが楽しかったです。あと、出会った人がみな優しかったです。駅の観光センターの方を始め、武家屋敷の案内所や近江市場での食事屋さんや、温かく優しく接してくださいました。
金沢エリア,金沢中央観光案内所,2024/06/10 13:28:02,同意する,1泊,1泊,金沢エリア  （湯涌温泉、深谷温泉、犀川温泉など）,石川県外には泊まらない,親,スポーツ観戦や芸術鑑賞（コンサート等）,新幹線,在来線,とても満足,,"10,000円以上 20,000円未満","30,000円以上 40,000円未満","10,000円以上 20,000円未満",初めて,インターネット・アプリ,金沢21世紀美術館,,近江町市場,,使わない,満足,,満足,,感じなかった,,7,,機会があれば行きたい,海鮮,女,1987,東京都,板橋区,300万円以上 400万円未満,"能登牛が当たる, ひゃくまさんが好き",満足,10,
金沢エリア,金沢中央観光案内所,2024/06/15 11:03:30,同意する,2泊,2泊,金沢エリア  （湯涌温泉、深谷温泉、犀川温泉など）,石川県外には泊まらない,友人,"地元の美味しいものを食べる, 名所、旧跡の観光, まちあるき、都市散策",新幹線,"路線バス, 徒歩",,,"20,000円以上 30,000円未満","20,000円以上 30,000円未満","20,000円以上 30,000円未満",初めて,"観光展・物産展, 観光パンフレット・ポスター",尾山神社,,ひがし茶屋街,,使わない,とても満足,,とても満足,,感じなかった,,10,,また行きたい（1年以内）,ひゃくまんさんグッズが可愛いのでたくさん集めたくなりました!,女,1997,愛知県,中村区,500万円以上 600万円未満,ひゃくまさんが好き,とても満足,10,
金沢エリア,金沢中央観光案内所,2024/06/15 11:04:09,同意する,2泊,2泊,金沢エリア  （湯涌温泉、深谷温泉、犀川温泉など）,石川県外には泊まらない,友人,"地元の美味しいものを食べる, 名所、旧跡の観光","新幹線, 在来線","路線バス, 徒歩",満足,,"5,000円以上 10,000円未満","10,000円以上 20,000円未満","20,000円以上 30,000円未満",初めて,"インターネット・アプリ, X(旧：Twitter), Instagram",兼六園,,ひがし茶屋街,,使わない,とても満足,,とても満足,,感じなかった,,8,,機会があれば行きたい,ひゃくまんさんが可愛い,女,1998,静岡県,御前崎市,400万円以上 500万円未満,ひゃくまさんが好き,とても満足,10,
金沢エリア,金沢中央観光案内所,2024/06/17 12:40:36,同意する,日帰り,石川県内には宿泊しない,金沢エリア  （湯涌温泉、深谷温泉、犀川温泉など）,石川県外には泊まらない,自分ひとり,お祭りやイベントへの参加・見物,自家用車,自家用車,とても満足,,使わない,使わない,使わない,2～5回目,"観光パンフレット・ポスター, インターネット・アプリ, Instagram",選択なし/該当施設なし,,選択なし/該当施設なし,,使わない,とても満足,,とても満足,,感じなかった,,10,,また行きたい（1年以内）,なし,女,1976,石川県,金沢,800万円以上 900万円未満,"ひゃくまさんが好き, ARでひゃくまんさんと写真が撮りたかった, ひゃくまんさんの名刺をコレクションしている",とても満足,10,
金沢エリア,長町武家屋敷休憩館,2023/12/05 14:41:34,同意する,2泊,2泊,金沢エリア  （湯涌温泉、深谷温泉、犀川温泉など）,石川県外には泊まらない,友人,"地元の美味しいものを食べる, 花見や紅葉などの自然鑑賞, 名所、旧跡の観光",新幹線,路線バス,満足,バスの待ち時間がすくない,"10,000円以上 20,000円未満","30,000円以上 40,000円未満","20,000円以上 30,000円未満",初めて,観光パンフレット・ポスター,兼六園,,選択なし/該当施設なし,金沢駅,"1,000円以上 3,000円未満",満足,無料でありがたい,満足,トイレがきれい,感じなかった,,8,景観よく散策しやすい場所でした,機会があれば行きたい,美味しいものさがし,女,1969,群馬県,伊勢崎市,500万円以上 600万円未満,ひゃくまさんが好き,,,施設の充実度
金沢エリア,長町武家屋敷休憩館,2023/12/17 10:33:10,同意する,1泊,1泊,金沢エリア  （湯涌温泉、深谷温泉、犀川温泉など）,福井県,自分ひとり,名所、旧跡の観光,新幹線,路線バス,満足,フリー券がある。,"3,000円以上 5,000円未満","1,000円未満","3,000円以上 5,000円未満",初めて,インターネット・アプリ,ひがし茶屋街,,選択なし/該当施設なし,妙立寺,使わない,どちらでもない,特になし,満足,特になし,感じなかった,,7,特になし,また行きたい（1年以内）,温泉,男,1968,千葉県,柏市,300万円以上 400万円未満,能登牛が当たる,,,古い町並み
金沢エリア,長町武家屋敷休憩館,2023/12/25 12:02:26,同意する,2泊,1泊,金沢エリア  （湯涌温泉、深谷温泉、犀川温泉など）,富山県,恋人,"地元の美味しいものを食べる, 名所、旧跡の観光, まちあるき、都市散策",旅行会社ツアーバス,徒歩,,,"5,000円以上 10,000円未満","1,000円以上 3,000円未満","5,000円以上 10,000円未満",初めて,インターネット・アプリ,近江町市場,,ひがし茶屋街,,"1,000円未満",満足,,満足,,感じなかった,,10,,また行きたい（1年以内）,かに！,男,2001,千葉県,習志野市,"1,200万円以上 1,500万円未満",能登牛が当たる,,,
金沢エリア,長町武家屋敷休憩館,2023/12/27 11:23:50,同意する,3泊,2泊,加賀エリア （山代温泉、山中温泉、片山津温泉、粟津温泉、辰口温泉、加賀市、小松市など）,福井県,恋人,"温泉や露天風呂, 地元の美味しいものを食べる, 花見や紅葉などの自然鑑賞",飛行機,路線バス,満足,,"20,000円以上 30,000円未満","50,000円以上 100,000円未満","10,000円以上 20,000円未満",初めて,新聞・雑誌・ガイドブック,ひがし茶屋街,,兼六園,,"1,000円未満",満足,,満足,,感じなかった,,8,,また行きたい（1年以内）,海の幸がいい,女,1980,神奈川県,横浜市,500万円以上 600万円未満,"能登牛が当たる, 石川県のおすすめ観光スポットが見たい",,,
金沢エリア,長町武家屋敷休憩館,2023/12/28 17:15:21,同意する,2泊,2泊,金沢エリア  （湯涌温泉、深谷温泉、犀川温泉など）,石川県外には泊まらない,友人,"宿でのんびり過ごす, 地元の美味しいものを食べる, 名所、旧跡の観光, 買い物、アウトレット, まちあるき、都市散策",自家用車,徒歩,,,"10,000円以上 20,000円未満","10,000円以上 20,000円未満","20,000円以上 30,000円未満",初めて,観光パンフレット・ポスター,ひがし茶屋街,,尾山神社,,使わない,満足,町の案内や歴史について、丁寧に説明してくださったから。,満足,トイレをお借りしたのですが、綺麗でした。,感じなかった,,10,町の案内する方がとても気さくでお話ししやすい雰囲気で好感を持ちました。ありがとうございます。,また行きたい（1年以内）,とにかく食べ物何美味しいです。愛知県から来ましたが比べ物になりません。発酵食品もたくさんあるし、食べたいものはいっぱいあります。伝統工芸品も魅力的です。,女,1967,愛知県,犬山市,500万円以上 600万円未満,能登牛が当たる,,,地元の美味しいものの紹介や、街並みなどを紹介したいと思いました。自分が食べて美味しいものはやっぱり友人や家族にも紹介したいです。
金沢エリア,長町武家屋敷休憩館,2023/12/30 22:06:36,同意する,1泊,1泊,金沢エリア  （湯涌温泉、深谷温泉、犀川温泉など）,石川県外には泊まらない,恋人,"宿でのんびり過ごす, 地元の美味しいものを食べる, 名所、旧跡の観光, まちあるき、都市散策",新幹線,徒歩,,,"10,000円以上 20,000円未満","30,000円以上 40,000円未満","20,000円以上 30,000円未満",初めて,たまたま通りかかった,選択なし/該当施設なし,長町武家屋敷休憩館 が最初に訪れた場所です,選択なし/該当施設なし,,使わない,満足,,満足,,感じなかった,,7,,機会があれば行きたい,モダンな九谷焼の食器,女,1996,神奈川県,横浜市,500万円以上 600万円未満,"能登牛が当たる, なんとなく",,,
金沢エリア,長町武家屋敷休憩館,2024/01/04 20:00:40,同意する,1泊,1泊,金沢エリア  （湯涌温泉、深谷温泉、犀川温泉など）,石川県外には泊まらない,自分ひとり,"まちあるき、都市散策, 友人・親戚を訪ねる","自家用車, 在来線","徒歩, レンタサイクル",とても満足,,使わない,"3,000円以上 5,000円未満","1,000円以上 3,000円未満",初めて,地図アプリ,選択なし/該当施設なし,,選択なし/該当施設なし,足軽資料館,使わない,満足,,満足,,感じなかった,,9,,また行きたい（1年以内）,明治大正期の建築巡り,男,2004,北海道,札幌市,100万円未満,"能登牛が当たる, なんとなく",,,金沢は無料で入れるスポットが多く点在しており、その多くが金沢城跡周辺にあるため免許がなくても大変周遊しやすいから
金沢エリア,長町武家屋敷休憩館,2024/01/07 12:31:31,同意する,4泊以上,4泊以上,金沢エリア  （湯涌温泉、深谷温泉、犀川温泉など）,石川県外には泊まらない,恋人,"地元の美味しいものを食べる, 名所、旧跡の観光, まちあるき、都市散策",新幹線,徒歩,とても満足,,"50,000円以上 100,000円未満","10,000円以上 20,000円未満","20,000円以上 30,000円未満",初めて,"観光パンフレット・ポスター, 観光協会等の案内所",兼六園,,選択なし/該当施設なし,,使わない,とても満足,,とても満足,,感じなかった,,6,,また行きたい（1年以内）,Crabs are really delicious ,女,1995,東京都,新宿区,400万円以上 500万円未満,"ひゃくまさんが好き, 石川県の雑学を知りたい",,,
金沢エリア,長町武家屋敷休憩館,2024/01/16 12:08:34,同意する,1泊,1泊,金沢エリア  （湯涌温泉、深谷温泉、犀川温泉など）,石川県外には泊まらない,夫婦2人,"地元の美味しいものを食べる, 名所、旧跡の観光, まちあるき、都市散策",在来線,"路線バス, 徒歩",とても満足,金沢駅に近くバスの本数が多く訪れやすいと思います。,"5,000円以上 10,000円未満","5,000円以上 10,000円未満","20,000円以上 30,000円未満",初めて,インターネット・アプリ,兼六園,,選択なし/該当施設なし,,使わない,とても満足,無料で楽しめてふらっと寄ることができた。足軽について詳しく解説している所を訪れたのは初めてだった。,とても満足,スタッフの方に親切に話かけていただき、オススメスポットを教えていただいた。,感じなかった,,10,ひがし茶屋街にはオシャレなカフェが多いので、気軽に石川名物を楽しめる飲食店があると嬉しい。,機会があれば行きたい,今回の地震で能登について良く知る機会になったので、次回訪れる時は能登に関する催し物があれば嬉しい,男,1993,兵庫県,神戸市,800万円以上 900万円未満,"能登牛が当たる, なんとなく",,,街の雰囲気が凄く良かったです。古い町並みを散策できて楽しかった。
金沢エリア,長町武家屋敷休憩館,2024/01/20 16:31:56,同意する,3泊,2泊,金沢エリア  （湯涌温泉、深谷温泉、犀川温泉など）,兵庫県,夫婦2人,"地元の美味しいものを食べる, 名所、旧跡の観光, まちあるき、都市散策","在来線, 飛行機",徒歩,,,"20,000円以上 30,000円未満","20,000円以上 30,000円未満","20,000円以上 30,000円未満",2～5回目,歩いていてたまたま通りかかった。,兼六園,,近江町市場,,使わない,とても満足,トイレに行きたかったので。,とても満足,寒いなか館内が温かく良かった。,感じなかった,,10,トイレが使い易くて大変良かった。,また行きたい（1年以内）,今回の内容で満足した。,男,1964,東京都,西東京市,"1,200万円以上 1,500万円未満",能登牛が当たる,,,江戸時代の風情に落ち着く。
金沢エリア,長町武家屋敷休憩館,2024/01/20 16:33:40,同意する,2泊,2泊,金沢エリア  （湯涌温泉、深谷温泉、犀川温泉など）,石川県外には泊まらない,夫婦2人,"地元の美味しいものを食べる, 名所、旧跡の観光","新幹線, 飛行機",徒歩,とても満足,地震の影響かとてもすいていて、ゆっくりできた。,"50,000円以上 100,000円未満","30,000円以上 40,000円未満","50,000円以上 100,000円未満",2～5回目,タクシードライバーや地元の人,兼六園,,尾山神社,,"1,000円未満",とても満足,トイレをお借りしたが、とても感じよく接していただいた。,とても満足,トイレが綺麗で、展示物が読みやすかった。,感じなかった,,10,お土産があるとよい,また行きたい（1年以内）,特になし,女,1966,東京都,西東京市,"1,000万円以上 1,200万円未満",能登牛が当たる,,,何より暖かく、ゆっくりいられること。
金沢エリア,長町武家屋敷休憩館,2024/01/26 15:42:54,同意する,2泊,2泊,加賀エリア （山代温泉、山中温泉、片山津温泉、粟津温泉、辰口温泉、加賀市、小松市など）,石川県外には泊まらない,恋人,"温泉や露天風呂, 地元の美味しいものを食べる, 花見や紅葉などの自然鑑賞, 名所、旧跡の観光, まちあるき、都市散策","新幹線, 夜行バス（復路）",徒歩,,,"10,000円以上 20,000円未満","10,000円以上 20,000円未満","20,000円以上 30,000円未満",初めて,歩きながら見つけた,選択なし/該当施設なし,,ひがし茶屋街,,使わない,どちらでもない,,とても満足,,感じなかった,,10,,また行きたい（1年以内）,今のままでも十分満足です,女,2003,千葉県,千葉市,100万円未満,"能登牛が当たる, ひゃくまさんが好き",,,
金沢エリア,長町武家屋敷休憩館,2024/01/29 15:22:20,同意する,1泊,1泊,金沢エリア  （湯涌温泉、深谷温泉、犀川温泉など）,福井県,恋人,"宿でのんびり過ごす, 温泉や露天風呂",自家用車,自家用車,とても満足,武家屋敷面白い,"10,000円以上 20,000円未満","10,000円以上 20,000円未満","5,000円以上 10,000円未満",2～5回目,観光展・物産展,兼六園,,金沢21世紀美術館,,"3,000円以上 5,000円未満",満足,,満足,,感じた,,10,,また行きたい（1年以内）,なし,女,1994,神奈川県,横浜市,"1,000万円以上 1,200万円未満",能登牛が当たる,,,
金沢エリア,長町武家屋敷休憩館,2024/02/04 10:44:01,同意する,1泊,1泊,金沢エリア  （湯涌温泉、深谷温泉、犀川温泉など）,石川県外には泊まらない,友人,"地元の美味しいものを食べる, 名所、旧跡の観光",新幹線,"路線バス, 徒歩",とても満足,バスの本数が多く、とても便利でした。,"10,000円以上 20,000円未満","20,000円以上 30,000円未満","30,000円以上 40,000円未満",2～5回目,友人・知人,近江町市場,,選択なし/該当施設なし,にし茶屋街,使わない,とても満足,にし茶屋街までの行き方、獅子頭についてわかりやすく説明して下さいました,とても満足,館内は暖かく、助かりました,感じなかった,,10,,また行きたい（1年以内）,地のものをたくさん食べたい,女,1985,神奈川県,横浜市,300万円以上 400万円未満,"能登牛が当たる, ひゃくまさんが好き",,,街並みがとても素敵でした
金沢エリア,長町武家屋敷休憩館,2024/02/04 14:36:00,同意する,2泊,2泊,金沢エリア  （湯涌温泉、深谷温泉、犀川温泉など）,石川県外には泊まらない,恋人,"宿でのんびり過ごす, 温泉や露天風呂, 地元の美味しいものを食べる, 花見や紅葉などの自然鑑賞, 名所、旧跡の観光, テーマパーク（遊園地、動物園、博物館など）, 買い物、アウトレット","新幹線, 在来線","路線バス, 徒歩",とても満足,バスでも香林坊から歩いてすぐの立地にあるから。,"30,000円以上 40,000円未満","1,000円未満","40,000円以上 50,000円未満",初めて,"観光展・物産展, 新聞・雑誌・ガイドブック, 観光パンフレット・ポスター, Instagram",近江町市場,,選択なし/該当施設なし,県立美術館,使わない,とても満足,色々な商品を見ることができるため。,とても満足,色々な観光スポットを知ることができるから。,感じなかった,,9,食べ物の土産がもう少しあると嬉しい。街並みや九谷焼はとても素晴らしかった。,また行きたい（1年以内）,お寿司,男,1996,愛知県,豊橋市,400万円以上 500万円未満,"能登牛が当たる, ひゃくまさんが好き, 石川県のおすすめ観光スポットが見たい, 石川県の雑学を知りたい, なんとなく",,,近江町市場　のど黒やホタテ、海老がとても美味しかったから。
金沢エリア,長町武家屋敷休憩館,2024/02/04 14:37:02,同意する,2泊,2泊,金沢エリア  （湯涌温泉、深谷温泉、犀川温泉など）,石川県外には泊まらない,恋人,"宿でのんびり過ごす, 温泉や露天風呂, 地元の美味しいものを食べる, 買い物、アウトレット","新幹線, 在来線","路線バス, 徒歩",満足,一日乗車券を使用しました！使いやすかったです,"30,000円以上 40,000円未満","10,000円以上 20,000円未満","20,000円以上 30,000円未満",初めて,"新聞・雑誌・ガイドブック, 観光パンフレット・ポスター, インターネット・アプリ",近江町市場,,兼六園,,"1,000円未満",満足,マップが豊富にあったり、ガイドさんが紹介してくれるサービスがあること。親切に声をかけていただいたこと。,とても満足,ゆったりと過ごせる空間があり、暖かく、御手洗も貸していただきました！ありがとうございます,感じなかった,特にないです,9,写真を撮ってくれるサービスや冬は暖かい飲み物の提供があると嬉しいです,また行きたい（1年以内）,美味しい海鮮や、おでん、お肉や、加賀料理など豊富でとても大好きです。お土産も素敵なものが多くてたくさん買ってしまいました！,女,1996,愛知県,名古屋市,"900万円以上 1,000万円未満","能登牛が当たる, ひゃくまさんが好き",,,野村家の観光、昔ながらの建物が魅力的。豪華な庭園もあり素敵でした。
金沢エリア,長町武家屋敷休憩館,2024/02/07 14:46:38,同意する,1泊,1泊,金沢エリア  （湯涌温泉、深谷温泉、犀川温泉など）,石川県外には泊まらない,夫婦2人,"地元の美味しいものを食べる, 名所、旧跡の観光, サイコロ切符",サンダーバード,"路線バス, 徒歩",どちらでもない,海側のバスが本数が少なかった,"5,000円以上 10,000円未満","5,000円以上 10,000円未満","20,000円以上 30,000円未満",初めて,インターネット・アプリ,金沢21世紀美術館,,選択なし/該当施設なし,どんたく(スーパーマーケット),"1,000円以上 3,000円未満",とても満足,キレイで暖かい,とても満足,,感じなかった,,10,,機会があれば行きたい,定休日が集中してるので日程的に行けない所が多かった,女,1979,兵庫県,神戸市,800万円以上 900万円未満,休憩所がキレイだったので,,,
金沢エリア,長町武家屋敷休憩館,2024/02/14 14:05:00,同意する,4泊以上,4泊以上,金沢エリア  （湯涌温泉、深谷温泉、犀川温泉など）,石川県外には泊まらない,夫婦2人,"温泉や露天風呂, 地元の美味しいものを食べる, 名所、旧跡の観光, まちあるき、都市散策, 友人・親戚を訪ねる, 出張など仕事関係",新幹線,徒歩,,,"3,000円以上 5,000円未満","1,000円以上 3,000円未満","100,000円以上",初めて,観光協会等の案内所,近江町市場,,選択なし/該当施設なし,にし茶屋街,使わない,満足,展示品がキレイ,とても満足,トイレがキレイ,感じなかった,,10,,機会があれば行きたい,魚介の鮮度と美味しさ,女,1974,埼玉県,さいたま市,"1,500万円以上",能登牛が当たる,,,兼六園
金沢エリア,長町武家屋敷休憩館,2024/02/14 14:43:28,同意する,2泊,2泊,金沢エリア  （湯涌温泉、深谷温泉、犀川温泉など）,石川県外には泊まらない,夫婦2人,名所、旧跡の観光,新幹線,徒歩,,,"50,000円以上 100,000円未満","3,000円以上 5,000円未満","10,000円以上 20,000円未満",初めて,観光展・物産展,兼六園,忍者寺,兼六園,,"3,000円以上 5,000円未満",とても満足,,とても満足,,感じた,,10,,また行きたい（1年以内）,無し,男,1956,神奈川県,逗子市,200万円以上 300万円未満,"能登牛が当たる, なんとなく",,,
金沢エリア,長町武家屋敷休憩館,2024/02/18 16:13:03,同意する,日帰り,石川県内には宿泊しない,石川県内には宿泊しない,石川県外には泊まらない,小学生以下連れの家族,地元の美味しいものを食べる,自家用車,自家用車,とても満足,,使わない,使わない,"5,000円以上 10,000円未満",2～5回目,観光展・物産展,金沢21世紀美術館,,金沢21世紀美術館,,"1,000円未満",とても満足,,とても満足,,感じなかった,,10,,また行きたい（1年以内）,特になし,女,1985,石川県,金沢市,200万円以上 300万円未満,能登牛が当たる,,,
金沢エリア,長町武家屋敷休憩館,2024/02/19 21:58:56,同意する,2泊,2泊,金沢エリア  （湯涌温泉、深谷温泉、犀川温泉など）,石川県外には泊まらない,恋人,"宿でのんびり過ごす, 地元の美味しいものを食べる, 名所、旧跡の観光, テーマパーク（遊園地、動物園、博物館など）, まちあるき、都市散策, 各種体験（手作り、果物狩りなど）",在来線,徒歩,,,"10,000円以上 20,000円未満","10,000円以上 20,000円未満","10,000円以上 20,000円未満",初めて,インターネット・アプリ,尾山神社,,選択なし/該当施設なし,,"1,000円以上 3,000円未満",とても満足,無料で案内してもらえたし、カフェがステキだった。,とても満足,案内してもらえたから,感じなかった,,8,,機会があれば行きたい,十分たくさんあった,女,2002,兵庫県,神戸市,100万円未満,能登牛が当たる,,,カフェ
金沢エリア,長町武家屋敷休憩館,2024/02/19 22:01:41,同意する,2泊,2泊,金沢エリア  （湯涌温泉、深谷温泉、犀川温泉など）,石川県外には泊まらない,恋人,"地元の美味しいものを食べる, 名所、旧跡の観光, まちあるき、都市散策, 各種体験（手作り、果物狩りなど）",在来線,"在来線, 徒歩",満足,金沢駅から意外と近かったから,"10,000円以上 20,000円未満","10,000円以上 20,000円未満","10,000円以上 20,000円未満",初めて,インターネット・アプリ,近江町市場,,尾山神社,,使わない,とても満足,ボランティアの方の案内がとても勉強になった,とても満足,,感じなかった,,10,,機会があれば行きたい,景色が綺麗な場所（夜景スポット）,男,2002,大阪府,豊中市,100万円未満,能登牛が当たる,,,ボランティアの方の案内
金沢エリア,長町武家屋敷休憩館,2024/02/22 14:55:58,同意する,3泊,2泊,金沢エリア  （湯涌温泉、深谷温泉、犀川温泉など）,富山県,夫婦2人,"地元の美味しいものを食べる, 名所、旧跡の観光, まちあるき、都市散策","新幹線, 飛行機",レンタサイクル,とても満足,値段も安くて、電動自転車なので楽だったため。,"5,000円以上 10,000円未満","10,000円以上 20,000円未満","40,000円以上 50,000円未満",初めて,観光協会等の案内所,ひがし茶屋街,,近江町市場,,使わない,満足,とても清潔でした。,満足,良かった。,感じなかった,,7,ゴミ箱が欲しいです。,また行きたい（1年以内）,食べ歩き出来ると嬉しい。またそれに伴ってゴミ箱も設置していただけると助かります。,男,1978,東京都,足立区,400万円以上 500万円未満,"能登牛が当たる, ひゃくまさんが好き",,,休憩するには良いところだと思いました。
金沢エリア,長町武家屋敷休憩館,2024/02/23 17:45:00,同意する,日帰り,石川県内には宿泊しない,石川県内には宿泊しない,石川県外には泊まらない,親,宿でのんびり過ごす,"新幹線, 旅行会社ツアーバス",徒歩,とても満足,,"40,000円以上 50,000円未満","10,000円以上 20,000円未満","40,000円以上 50,000円未満",初めて,観光パンフレット・ポスター,近江町市場,,尾山神社,,"1,000円以上 3,000円未満",とても満足,,とても満足,,感じなかった,,9,,また行きたい（1年以内）,特に無し,男,1998,新潟県,長岡市,600万円以上 700万円未満,能登牛が当たる,,,
金沢エリア,長町武家屋敷休憩館,2024/02/29 13:15:21,同意する,4泊以上,4泊以上,金沢エリア  （湯涌温泉、深谷温泉、犀川温泉など）,石川県外には泊まらない,職場の同僚,避難所の食事作り,飛行機,レンタカー,満足,スムーズに来れたため,"100,000円以上","30,000円以上 40,000円未満","100,000円以上",初めて,たまたま通りかかった,選択なし/該当施設なし,避難所の仕事のため,兼六園,,使わない,どちらでもない,,満足,説明が丁寧でした,感じなかった,,7,,また行きたい（1年以内）,街の雰囲気自体が良いと思いました,男,1981,福岡県,福岡市,800万円以上 900万円未満,能登牛が当たる,,,歴史を知れるのは良いと思います。
金沢エリア,長町武家屋敷休憩館,2024/03/03 21:04:39,同意する,4泊以上,4泊以上,金沢エリア  （湯涌温泉、深谷温泉、犀川温泉など）,石川県外には泊まらない,夫婦2人,"地元の美味しいものを食べる, 花見や紅葉などの自然鑑賞, 名所、旧跡の観光",在来線,徒歩,満足,,"30,000円以上 40,000円未満","20,000円以上 30,000円未満","40,000円以上 50,000円未満",初めて,観光パンフレット・ポスター,選択なし/該当施設なし,,近江町市場,,使わない,どちらでもない,,どちらでもない,,感じなかった,,7,,また行きたい（1年以内）,宿泊税があるとは知らず、ホテルでいきなり請求されたため、正直気分が良くなかった。,男,1985,埼玉県,川口市,500万円以上 600万円未満,能登牛が当たる,,,
金沢エリア,長町武家屋敷休憩館,2024/03/07 11:00:25,同意する,4泊以上,4泊以上,金沢エリア  （湯涌温泉、深谷温泉、犀川温泉など）,石川県外には泊まらない,夫婦2人,"宿でのんびり過ごす, 地元の美味しいものを食べる, 買い物、アウトレット, まちあるき、都市散策",飛行機,"徒歩, レンタサイクル",とても満足,レンタサイクルはとても手軽で便利でした。,"30,000円以上 40,000円未満","20,000円以上 30,000円未満","30,000円以上 40,000円未満",2～5回目,散歩してたら見つけました。,尾山神社,,ひがし茶屋街,,使わない,とても満足,お手洗いがあり、助かりました。ありがとうございました。,満足,空調も効いていてホッとできました。,感じた,ちょっとした売店や自動販売機があると便利だと思いました。,10,無料wi-fiや自動販売機があると旅の中では大変便利だと思います。,また行きたい（1年以内）,健康に良い料理や食材をもっと詳しく知りたいです。,女,1981,東京都,調布市,500万円以上 600万円未満,"能登牛が当たる, ひゃくまさんが好き, 石川県のおすすめ観光スポットが見たい, 石川県の雑学を知りたい",,,料理の美味しさ
金沢エリア,長町武家屋敷休憩館,2024/03/10 16:20:19,同意する,2泊,2泊,金沢エリア  （湯涌温泉、深谷温泉、犀川温泉など）,石川県外には泊まらない,夫婦2人,"地元の美味しいものを食べる, 花見や紅葉などの自然鑑賞, 名所、旧跡の観光",飛行機,徒歩,,,"30,000円以上 40,000円未満","20,000円以上 30,000円未満","10,000円以上 20,000円未満",初めて,"新聞・雑誌・ガイドブック, 観光パンフレット・ポスター, 観光協会等の案内所",兼六園,,金沢21世紀美術館,,"3,000円以上 5,000円未満",とても満足,丁寧に対応してくださった。,満足,トイレが綺麗でした。,感じなかった,,10,,また行きたい（1年以内）,多少なりとも被災地支援になればと思っております。,女,1964,千葉県,四街道市,"1,000万円以上 1,200万円未満",能登牛が当たる,,,街全体が上品で落ち着ける。
金沢エリア,長町武家屋敷休憩館,2024/03/11 12:20:25,同意する,1泊,1泊,金沢エリア  （湯涌温泉、深谷温泉、犀川温泉など）,石川県外には泊まらない,自分ひとり,出張など仕事関係,新幹線,徒歩,,,"5,000円以上 10,000円未満",使わない,"3,000円以上 5,000円未満",初めて,観光パンフレット・ポスター,近江町市場,,兼六園,,使わない,とても満足,,とても満足,気軽に声をかけてくれて、 獅子頭の話をしてくれました,感じなかった,,10,和菓子とお茶が売ってたら、和菓子を食べながら、のんびり金沢のお話を聞きたいです。,また行きたい（1年以内）,金沢の歴史のお話を聞きたいです。,女,1965,東京都,品川区,600万円以上 700万円未満,石川県の雑学を知りたい,,,長町の用水路
金沢エリア,長町武家屋敷休憩館,2024/03/14 13:15:03,同意する,1泊,1泊,金沢エリア  （湯涌温泉、深谷温泉、犀川温泉など）,石川県外には泊まらない,親,"温泉や露天風呂, 地元の美味しいものを食べる, まちあるき、都市散策",自家用車,自家用車,,,"10,000円以上 20,000円未満","10,000円以上 20,000円未満","30,000円以上 40,000円未満",2～5回目,インターネット・アプリ,近江町市場,,選択なし/該当施設なし,山代温泉,"20,000円以上 30,000円未満",とても満足,欲しい九谷焼の器をたくさん購入することができたから,満足,トイレが綺麗,感じなかった,,10,,また行きたい（1年以内）,日本酒と美味しい魚やお肉を食べることができるので、とても良い。土産物も九谷焼を中心として様々なラインナップがあり楽しめる,女,2000,石川県,加賀市,200万円以上 300万円未満,能登牛が当たる,,,石川県の伝統を感じることができる
金沢エリア,長町武家屋敷休憩館,2024/03/16 15:04:10,同意する,1泊,1泊,金沢エリア  （湯涌温泉、深谷温泉、犀川温泉など）,富山県,夫婦2人,"温泉や露天風呂, 名所、旧跡の観光",自家用車,自家用車,とても満足,,"10,000円以上 20,000円未満","10,000円以上 20,000円未満","3,000円以上 5,000円未満",2～5回目,"新聞・雑誌・ガイドブック, X(旧：Twitter)",近江町市場,,近江町市場,,"10,000円以上 20,000円未満",満足,,とても満足,,感じた,まいどさんが大声で仲間内で話している。,9,,機会があれば行きたい,良かった,男,1959,石川県,金沢市,600万円以上 700万円未満,能登牛が当たる,,,
金沢エリア,長町武家屋敷休憩館,2024/03/17 10:59:56,同意する,1泊,1泊,金沢エリア  （湯涌温泉、深谷温泉、犀川温泉など）,石川県外には泊まらない,夫婦2人,名所、旧跡の観光,新幹線,徒歩,,,"5,000円以上 10,000円未満","10,000円以上 20,000円未満","10,000円以上 20,000円未満",初めて,観光パンフレット・ポスター,尾山神社,,ひがし茶屋街,,"3,000円以上 5,000円未満",とても満足,,とても満足,親切な観光案内,感じなかった,,10,コーヒー,また行きたい（1年以内）,ノドグロ,男,1957,東京都,足立区,"1,500万円以上",能登牛が当たる,,,金沢城、兼六園
金沢エリア,長町武家屋敷休憩館,2024/03/20 13:29:36,同意する,2泊,2泊,金沢エリア  （湯涌温泉、深谷温泉、犀川温泉など）,石川県外には泊まらない,友人,"地元の美味しいものを食べる, 名所、旧跡の観光",新幹線,徒歩,,,"10,000円以上 20,000円未満","10,000円以上 20,000円未満","5,000円以上 10,000円未満",6～10回目,友人・知人,選択なし/該当施設なし,,近江町市場,,"1,000円以上 3,000円未満",満足,,満足,,感じなかった,,8,,また行きたい（1年以内）,雨の日でも観光できるような室内のスポットがあると良いかも知れない,男,1994,東京都,日野市,400万円以上 500万円未満,能登牛が当たる,,,
金沢エリア,長町武家屋敷休憩館,2024/03/20 16:50:16,同意する,1泊,1泊,金沢エリア  （湯涌温泉、深谷温泉、犀川温泉など）,石川県外には泊まらない,親,名所、旧跡の観光,自家用車,徒歩,,,"30,000円以上 40,000円未満","20,000円以上 30,000円未満","10,000円以上 20,000円未満",初めて,観光連盟やDMOのHP,尾山神社,,近江町市場,,使わない,とても満足,金沢の歴史を知ることができました,とても満足,暖かかった,感じなかった,,10,長町武家屋敷周辺で当時飲食されていたものを実際に飲食してみたいです,また行きたい（1年以内）,歴史を体感したいです,男,1995,群馬県,前橋市,300万円以上 400万円未満,能登牛が当たる,,,日本の歴史を感じれるため、外国人に勧めたい
金沢エリア,長町武家屋敷休憩館,2024/03/20 17:39:35,同意する,1泊,1泊,金沢エリア  （湯涌温泉、深谷温泉、犀川温泉など）,石川県外には泊まらない,家族,"宿でのんびり過ごす, 地元の美味しいものを食べる",自家用車,自家用車,,,"30,000円以上 40,000円未満","10,000円以上 20,000円未満","10,000円以上 20,000円未満",初めて,"観光展・物産展, 観光パンフレット・ポスター, インターネット・アプリ",尾山神社,,兼六園,,"5,000円以上 10,000円未満",満足,座って休めた,満足,座って休めた,感じなかった,,8,もっと座れる場所がほしい,機会があれば行きたい,お土産買う場所がわからなくて困った,男,1965,群馬県,前橋市,800万円以上 900万円未満,能登牛が当たる,,,他では味わえない感じ
金沢エリア,長町武家屋敷休憩館,2024/03/21 14:05:00,同意する,2泊,2泊,金沢エリア  （湯涌温泉、深谷温泉、犀川温泉など）,石川県外には泊まらない,夫婦2人,"宿でのんびり過ごす, 温泉や露天風呂, 地元の美味しいものを食べる",飛行機,路線バス,満足,普通,"20,000円以上 30,000円未満","40,000円以上 50,000円未満","40,000円以上 50,000円未満",初めて,"観光展・物産展, インターネット・アプリ, Facebook",ひがし茶屋街,,近江町市場,,"1,000円未満",どちらでもない,,満足,,感じなかった,,6,,また行きたい（1年以内）,蟹,男,1994,神奈川県,横浜市,"1,000万円以上 1,200万円未満",能登牛が当たる,,,
金沢エリア,長町武家屋敷休憩館,2024/03/23 13:17:43,同意する,1泊,1泊,金沢エリア  （湯涌温泉、深谷温泉、犀川温泉など）,石川県外には泊まらない,恋人,"宿でのんびり過ごす, 地元の美味しいものを食べる, 名所、旧跡の観光","新幹線, 在来線",徒歩,,,"10,000円以上 20,000円未満","20,000円以上 30,000円未満","20,000円以上 30,000円未満",2～5回目,観光パンフレット・ポスター,兼六園,,ひがし茶屋街,,使わない,どちらでもない,何も買ってないから,どちらでもない,塩素の匂いがする,感じなかった,,6,カフェがもう少し欲しい,機会があれば行きたい,情緒あふれる街並み,女,1980,大阪府,大阪市,"900万円以上 1,000万円未満",能登牛が当たる,,,無料なので
金沢エリア,長町武家屋敷休憩館,2024/03/23 13:54:04,同意する,1泊,1泊,金沢エリア  （湯涌温泉、深谷温泉、犀川温泉など）,石川県外には泊まらない,恋人,地元の美味しいものを食べる,新幹線,徒歩,,,"10,000円以上 20,000円未満","1,000円未満","20,000円以上 30,000円未満",初めて,通りかかった,選択なし/該当施設なし,赤玉本店,金沢21世紀美術館,,使わない,どちらでもない,,どちらでもない,,感じなかった,,5,,機会があれば行きたい,新鮮な海産物,男,2000,埼玉県,さいたま市,100万円以上 200万円未満,なんとなく,,,
金沢エリア,長町武家屋敷休憩館,2024/03/24 13:02:38,同意する,2泊,1泊,金沢エリア  （湯涌温泉、深谷温泉、犀川温泉など）,福井県,夫婦2人,"温泉や露天風呂, 地元の美味しいものを食べる, テーマパーク（遊園地、動物園、博物館など）","レンタカー, 飛行機",徒歩,,,"20,000円以上 30,000円未満","10,000円以上 20,000円未満","20,000円以上 30,000円未満",初めて,"新聞・雑誌・ガイドブック, 観光パンフレット・ポスター",尾山神社,,ひがし茶屋街,,使わない,満足,,満足,,感じなかった,,10,,また行きたい（1年以内）,今度は能登方面へ。,男,1956,東京都,品川区,400万円以上 500万円未満,能登牛が当たる,,,ホテルの丁寧な接遇。
金沢エリア,長町武家屋敷休憩館,2024/03/24 13:05:14,同意する,2泊,1泊,加賀エリア （山代温泉、山中温泉、片山津温泉、粟津温泉、辰口温泉、加賀市、小松市など）,福井県,夫婦2人,温泉や露天風呂,"レンタカー, 飛行機",徒歩,満足,歩きながら景色を見られるから,"20,000円以上 30,000円未満","1,000円以上 3,000円未満","30,000円以上 40,000円未満",初めて,"新聞・雑誌・ガイドブック, 観光パンフレット・ポスター, インターネット・アプリ",尾山神社,お城から来ると下り道でよかった,ひがし茶屋街,,"1,000円以上 3,000円未満",満足,,満足,,感じなかった,,5,,また行きたい（1年以内）,甘みについて豊かな種類があり、良かった,女,1956,東京都,品川区,500万円以上 600万円未満,能登牛が当たる,,,
金沢エリア,長町武家屋敷休憩館,2024/03/24 14:06:53,同意する,1泊,石川県内には宿泊しない,金沢エリア  （湯涌温泉、深谷温泉、犀川温泉など）,石川県外には泊まらない,夫婦2人,"名所、旧跡の観光, まちあるき、都市散策",自家用車,路線バス,満足,バスの運転手さんの対応が、ガイドさんのようで親切でした。,"20,000円以上 30,000円未満","10,000円以上 20,000円未満","10,000円以上 20,000円未満",初めて,新聞・雑誌・ガイドブック,ひがし茶屋街,,尾山神社,,"1,000円以上 3,000円未満",どちらでもない,あまり他と特色はないため,満足,係の方が、気軽に話しかけてもらえました,感じなかった,,8,自動車の規制,また行きたい（1年以内）,とくになし,女,1972,愛知県,名古屋市,100万円未満,能登牛が当たる,,,
金沢エリア,長町武家屋敷休憩館,2024/03/26 11:02:45,同意する,2泊,2泊,金沢エリア  （湯涌温泉、深谷温泉、犀川温泉など）,石川県外には泊まらない,友人,まちあるき、都市散策,高速バス,徒歩,,,"10,000円以上 20,000円未満","5,000円以上 10,000円未満","5,000円以上 10,000円未満",2～5回目,観光展・物産展,近江町市場,,尾山神社,,使わない,満足,,満足,,感じなかった,,10,カフェ,また行きたい（1年以内）,なし,女,1947,岐阜県,岐阜市,100万円以上 200万円未満,能登牛が当たる,,,親切
金沢エリア,長町武家屋敷休憩館,2024/03/27 15:21:17,同意する,1泊,1泊,金沢エリア  （湯涌温泉、深谷温泉、犀川温泉など）,石川県外には泊まらない,夫婦2人,"宿でのんびり過ごす, 地元の美味しいものを食べる",自家用車,"自家用車, 徒歩",,,"30,000円以上 40,000円未満","10,000円以上 20,000円未満","20,000円以上 30,000円未満",初めて,通りがかり,選択なし/該当施設なし,金沢駅,選択なし/該当施設なし,宿屋,使わない,どちらでもない,特別に、印象にないため,どちらでもない,特にサービスを受けてないないため,感じなかった,,6,,機会があれば行きたい,特になし,男,1958,愛知県,一宮市,300万円以上 400万円未満,"能登牛が当たる, ひゃくまさんが好き, 石川県のおすすめ観光スポットが見たい",,,九谷焼、素晴らしいので
金沢エリア,長町武家屋敷休憩館,2024/03/27 15:25:49,同意する,1泊,1泊,金沢エリア  （湯涌温泉、深谷温泉、犀川温泉など）,石川県外には泊まらない,夫婦2人,"宿でのんびり過ごす, 地元の美味しいものを食べる",自家用車,"自家用車, 徒歩",,,"30,000円以上 40,000円未満","10,000円以上 20,000円未満","20,000円以上 30,000円未満",初めて,前を通った,選択なし/該当施設なし,金沢駅,選択なし/該当施設なし,宿屋,使わない,どちらでもない,特にサービスを受けていない,どちらでもない,飾ってあるものは立派でした。,感じなかった,,10,お土産どこにあるかわからないです。,機会があれば行きたい,まちまんさん、かわいい。,女,1962,愛知県,一宮市,300万円以上 400万円未満,能登牛が当たる,,,静かに回ることが出来た。
金沢エリア,長町武家屋敷休憩館,2024/03/30 22:23:14,同意する,4泊以上,4泊以上,金沢エリア  （湯涌温泉、深谷温泉、犀川温泉など）,石川県外には泊まらない,自分ひとり,"地元の美味しいものを食べる, 花見や紅葉などの自然鑑賞, 名所、旧跡の観光, まちあるき、都市散策",夜行バス,徒歩,,,"50,000円以上 100,000円未満","10,000円以上 20,000円未満","30,000円以上 40,000円未満",初めて,観光パンフレット・ポスター,選択なし/該当施設なし,,兼六園,,使わない,とても満足,ガイドさんが自分だけの為に、説明しながら歩いてくださって、自分独りでは気付けなかったものを知る事ができた。,とても満足,ガイドさんもトイレも完備していてありがたい。,感じなかった,,8,,機会があれば行きたい,伝統文化や工芸品作りの体験,女,1978,千葉県,勝浦市,300万円以上 400万円未満,"能登牛が当たる, ひゃくまさんが好き, 石川県のおすすめ観光スポットが見たい",,,まだ1日目なので、わかりかねます。
金沢エリア,西茶屋資料館,2023/12/04 16:21:49,同意する,3泊,3泊,金沢エリア  （湯涌温泉、深谷温泉、犀川温泉など）,石川県外には泊まらない,夫婦2人,"温泉や露天風呂, 地元の美味しいものを食べる, 名所、旧跡の観光, まちあるき、都市散策",新幹線,路線バス,満足,どこからでも便利にバスに乗れるので。,"50,000円以上 100,000円未満","20,000円以上 30,000円未満","30,000円以上 40,000円未満",初めて,新聞・雑誌・ガイドブック,選択なし/該当施設なし,ついてすぐに寿司 洋次郎に行き、次に西茶屋街に行きました。,選択なし/該当施設なし,長町の武家屋敷,"1,000円未満",満足,とても丁寧な街歩きの案内をしてくださいました。,満足,昔の作家の家を綺麗に残してあって良かったです。,感じなかった,,8,もう少しいろいろな種類のお店があると良いと思いました。,また行きたい（1年以内）,今回は四度目ですが、カニやノドグロなどの美味しい時期に来たいとおもっています。,女,1958,千葉県,千葉市,500万円以上 600万円未満,"能登牛が当たる, 石川県のおすすめ観光スポットが見たい, 石川県の雑学を知りたい",,,由緒あるお寺が多く、とても情緒のある街並みと美味しい食べ物がたくさんあり、少し足を延ばせば温泉もあるので楽しめると思います。
金沢エリア,西茶屋資料館,2023/12/04 16:27:48,同意する,3泊,3泊,加賀エリア （山代温泉、山中温泉、片山津温泉、粟津温泉、辰口温泉、加賀市、小松市など）,石川県外には泊まらない,夫婦2人,"宿でのんびり過ごす, 温泉や露天風呂, 地元の美味しいものを食べる, 名所、旧跡の観光, テーマパーク（遊園地、動物園、博物館など）, まちあるき、都市散策",新幹線,路線バス,不満,どのバスに乗れば良いのかわかりにくい,"50,000円以上 100,000円未満","20,000円以上 30,000円未満","30,000円以上 40,000円未満",初めて,"新聞・雑誌・ガイドブック, 観光パンフレット・ポスター",選択なし/該当施設なし,,選択なし/該当施設なし,長町,使わない,満足,親切に街歩きのご案内をしていただきました,満足,トイレが快適でした,感じなかった,,9,なし,また行きたい（1年以内）,飲食については、美味しそうなお店が沢山あり、できるだけ多く食べ歩きしてみたい。土産も駅構内でほとんど揃うとは思いますが、本店にも行って限定品などを買いたいと思います。各地に魅力的な温泉があるので湯めぐりしたいと思っています。,男,1959,千葉県,千葉市,200万円以上 300万円未満,能登牛が当たる,,,寿司などの食べ物は、現地でなければ味わえないから
金沢エリア,西茶屋資料館,2023/12/05 14:51:06,同意する,3泊,3泊,金沢エリア  （湯涌温泉、深谷温泉、犀川温泉など）,石川県外には泊まらない,自分ひとり,"温泉や露天風呂, 地元の美味しいものを食べる, 名所、旧跡の観光","新幹線, 在来線","路線バス, 徒歩",どちらでもない,せっかくバスが通っているのにバス停や路線がわかりにくい,"5,000円以上 10,000円未満","20,000円以上 30,000円未満","20,000円以上 30,000円未満",初めて,通りかかった,ひがし茶屋街,,ひがし茶屋街,,使わない,満足,,満足,,感じなかった,,6,,機会があれば行きたい,神社,女,1994,東京都,新宿区,400万円以上 500万円未満,能登牛が当たる,,,
金沢エリア,西茶屋資料館,2023/12/17 15:21:23,同意する,1泊,1泊,金沢エリア  （湯涌温泉、深谷温泉、犀川温泉など）,石川県外には泊まらない,親,"温泉や露天風呂, 地元の美味しいものを食べる, 名所、旧跡の観光",新幹線,徒歩,どちらでもない,,"3,000円以上 5,000円未満","5,000円以上 10,000円未満","5,000円以上 10,000円未満",初めて,通りかかったので,尾山神社,,ひがし茶屋街,,"1,000円未満",満足,,満足,,感じなかった,,8,,また行きたい（1年以内）,特に無し,女,1983,埼玉県,狭山市,500万円以上 600万円未満,能登牛が当たる,,,
金沢エリア,西茶屋資料館,2023/12/19 16:14:19,同意する,2泊,1泊,金沢エリア  （湯涌温泉、深谷温泉、犀川温泉など）,福井県,自分ひとり,"地元の美味しいものを食べる, 名所、旧跡の観光, 買い物、アウトレット, まちあるき、都市散策, 各種体験（手作り、果物狩りなど）",在来線,"路線バス, 徒歩",どちらでもない,バスが時刻通りに来ないので。,"5,000円以上 10,000円未満","1,000円以上 3,000円未満","5,000円以上 10,000円未満",初めて,"観光展・物産展, 観光パンフレット・ポスター, インターネット・アプリ",ひがし茶屋街,,近江町市場,,使わない,満足,室内が綺麗なので。,とても満足,見応えがあったので。,感じなかった,,10,楽しいです。,また行きたい（1年以内）,特になし,女,1989,埼玉県,川越市,200万円以上 300万円未満,ひゃくまさんが好き,,,無料で見学できる
金沢エリア,西茶屋資料館,2023/12/23 15:46:49,同意する,2泊,2泊,金沢エリア  （湯涌温泉、深谷温泉、犀川温泉など）,石川県外には泊まらない,夫婦2人,"地元の美味しいものを食べる, 名所、旧跡の観光",新幹線,路線バス,とても満足,フリーパスが使えるから,"10,000円以上 20,000円未満","10,000円以上 20,000円未満","50,000円以上 100,000円未満",初めて,街を訪ねた時に見かけて興味を持ったため,選択なし/該当施設なし,妙立寺,選択なし/該当施設なし,香林坊,使わない,どちらでもない,無料てお茶屋の雰囲気を見る事ができたから,どちらでもない,,感じなかった,,2,,機会があれば行きたい,観光地がコンパクトで良い。ただ、一度行ったらまた行こうとはならないかも。二度三度と行ってみたい所だと良いかも。,女,1964,東京都,中野区,"1,200万円以上 1,500万円未満",能登牛が当たる,,,
金沢エリア,西茶屋資料館,2023/12/23 17:02:07,同意する,2泊,1泊,金沢エリア  （湯涌温泉、深谷温泉、犀川温泉など）,長野県,夫婦2人,"地元の美味しいものを食べる, 名所、旧跡の観光",自家用車,自家用車,,,"10,000円以上 20,000円未満","10,000円以上 20,000円未満","30,000円以上 40,000円未満",初めて,インターネット・アプリ,尾山神社,,ひがし茶屋街,,"1,000円未満",とても満足,,満足,,感じなかった,,9,,また行きたい（1年以内）,香箱がに,男,1968,滋賀県,大津市,"1,200万円以上 1,500万円未満",能登牛が当たる,,,おいしい食事と文化
金沢エリア,西茶屋資料館,2023/12/24 12:23:32,同意する,2泊,石川県内には宿泊しない,石川県内には宿泊しない,岐阜県,恋人,"地元の美味しいものを食べる, 名所、旧跡の観光, 買い物、アウトレット, アウトドア（海水浴、釣り、登山など）","新幹線, 在来線","路線バス, 徒歩",満足,,"5,000円以上 10,000円未満","1,000円以上 3,000円未満","5,000円以上 10,000円未満",2～5回目,"新聞・雑誌・ガイドブック, 観光パンフレット・ポスター, インターネット・アプリ, 観光協会等の案内所",選択なし/該当施設なし,妙立寺,兼六園,,使わない,満足,無料で説明が聞けた,どちらでもない,丁寧な説明,感じなかった,,7,歴史的な雰囲気,また行きたい（1年以内）,カニなどの魚介、自然の見どころ,男,1971,神奈川県,小田原市,700万円以上 800万円未満,"能登牛が当たる, 石川県のおすすめ観光スポットが見たい, 石川県の雑学を知りたい",,,歴史の雰囲気
金沢エリア,西茶屋資料館,2023/12/24 15:07:32,同意する,2泊,石川県内には宿泊しない,石川県内には宿泊しない,富山と岐阜,恋人,"名所、旧跡の観光, まちあるき、都市散策","新幹線, 在来線",路線バス,とても満足,金沢駅のバス案内が分かりやすい。便数も多い。安価。,使わない,"10,000円以上 20,000円未満","5,000円以上 10,000円未満",初めて,"観光パンフレット・ポスター, インターネット・アプリ",選択なし/該当施設なし,最初にきたから。これから兼六園や東花街などに行きます。,兼六園,,使わない,とても満足,スタッフさんが親切丁寧フレンドリーだったからら,満足,ちょうど雪のあとで風情のある雰囲気。落ち着きます。,感じなかった,,10,資料館で飲食やお土産販売があることに気づかなかった。もう少し目立つようにしてもいいですね。,また行きたい（1年以内）,マイカーがなくても動き回れるようにバスやタクシー（定額など）があると助かります。レンタサイクルもいいですが冬はつらいですね。お土産は落雁を買いました。昔ながらのお菓子を手頃な値段（少量でもいいので）で多種買いたいです。,女,1970,東京都,杉並区,500万円以上 600万円未満,能登牛が当たる,,,町並み（古いものと新しいものの混ざり具合）、住民の方々との挨拶が心地よく歩いていて楽しい。
金沢エリア,西茶屋資料館,2024/01/05 22:05:28,同意する,1泊,1泊,金沢エリア  （湯涌温泉、深谷温泉、犀川温泉など）,岐阜県,自分ひとり,名所、旧跡の観光,在来線,徒歩,,,"3,000円以上 5,000円未満","3,000円以上 5,000円未満","1,000円以上 3,000円未満",初めて,観光展・物産展,近江町市場,,兼六園,,使わない,とても満足,,とても満足,,感じなかった,,8,ロシア文学を愛する日本人の凄さに感動しました。,また行きたい（1年以内）,グルメや文化施設、加賀の発展と様々な史料を通してたくさん知ることができました。,男,1999,東京都,足立区,200万円以上 300万円未満,"能登牛が当たる, 石川県のおすすめ観光スポットが見たい, 石川県の雑学を知りたい",,,兼六園やたくさんの美術館です。とても美しいからです。
金沢エリア,西茶屋資料館,2024/01/22 20:08:29,同意する,3泊,3泊,金沢エリア  （湯涌温泉、深谷温泉、犀川温泉など）,石川県外には泊まらない,夫婦2人,"地元の美味しいものを食べる, 名所、旧跡の観光","新幹線, 在来線",路線バス,満足,アクセスが良かった,"20,000円以上 30,000円未満","1,000円以上 3,000円未満","30,000円以上 40,000円未満",初めて,観光協会等の案内所,ひがし茶屋街,,金沢21世紀美術館,,使わない,どちらでもない,見学する所が少ない,どちらでもない,2階の部分をもう少し活用した方が良いとおもいます,感じなかった,,8,体験が出来る所があったら良かった,機会があれば行きたい,ひとつの場所で、体験が選べたら嬉しい,女,1959,熊本県,熊本市,200万円以上 300万円未満,能登牛が当たる,,,食べ物が美味しい
金沢エリア,西茶屋資料館,2024/01/28 11:39:58,同意する,1泊,1泊,金沢エリア  （湯涌温泉、深谷温泉、犀川温泉など）,石川県外には泊まらない,夫婦2人,"宿でのんびり過ごす, 温泉や露天風呂, 地元の美味しいものを食べる, 名所、旧跡の観光, まちあるき、都市散策",在来線,路線バス,満足,あまり待たされずにバスがやってきた,"10,000円以上 20,000円未満","5,000円以上 10,000円未満","10,000円以上 20,000円未満",初めて,新聞・雑誌・ガイドブック,兼六園,,選択なし/該当施設なし,金沢駅,"1,000円以上 3,000円未満",満足,雰囲気が良い,満足,散策にベスト,感じなかった,,6,もっとお店が開いていたらいい,また行きたい（1年以内）,特になし,女,1971,兵庫県,神戸市,400万円以上 500万円未満,能登牛が当たる,,,雰囲気が良い
金沢エリア,西茶屋資料館,2024/02/04 14:50:39,同意する,日帰り,石川県内には宿泊しない,石川県内には宿泊しない,石川県外には泊まらない,夫婦2人,お祭りやイベントへの参加・見物,新幹線,路線バス,満足,便利で安い,使わない,"3,000円以上 5,000円未満","30,000円以上 40,000円未満",2～5回目,インターネット・アプリ,選択なし/該当施設なし,,選択なし/該当施設なし,日航金沢のイベント,"1,000円以上 3,000円未満",満足,とても趣きがあります,とても満足,とても趣きがあります,感じなかった,,8,実際に見れたのがいいです,また行きたい（1年以内）,美味しいものを食べたい,男,1969,富山県,富山市,800万円以上 900万円未満,"能登牛が当たる, 石川県の雑学を知りたい",,,実際に見れるので
金沢エリア,西茶屋資料館,2024/02/06 12:28:28,同意する,日帰り,4泊以上,石川県内には宿泊しない,福井県,友人,"地元の美味しいものを食べる, 名所、旧跡の観光, まちあるき、都市散策",在来線,路線バス,満足,,"10,000円以上 20,000円未満","5,000円以上 10,000円未満","10,000円以上 20,000円未満",2～5回目,"観光展・物産展, 観光パンフレット・ポスター, 観光連盟やDMOのHP",近江町市場,,兼六園,,使わない,満足,,満足,,感じなかった,,7,,また行きたい（1年以内）,特になし,男,1974,京都府,伏見区,400万円以上 500万円未満,"能登牛が当たる, ひゃくまさんが好き, 石川県のおすすめ観光スポットが見たい",,,
金沢エリア,西茶屋資料館,2024/02/11 16:09:47,同意する,1泊,1泊,金沢エリア  （湯涌温泉、深谷温泉、犀川温泉など）,石川県外には泊まらない,夫婦2人,"地元の美味しいものを食べる, 名所、旧跡の観光, まちあるき、都市散策",自家用車,路線バス,どちらでもない,バスの本数が少ない,"5,000円以上 10,000円未満","5,000円以上 10,000円未満","20,000円以上 30,000円未満",初めて,"新聞・雑誌・ガイドブック, 観光パンフレット・ポスター",金沢21世紀美術館,,選択なし/該当施設なし,香林坊,"3,000円以上 5,000円未満",満足,美味しかった,満足,風情がある,感じなかった,,7,,また行きたい（1年以内）,バスをわかりやすくして欲しい,男,1967,新潟県,秋葉区,"1,000万円以上 1,200万円未満",能登牛が当たる,,,
金沢エリア,西茶屋資料館,2024/02/15 9:50:19,同意する,1泊,1泊,金沢エリア  （湯涌温泉、深谷温泉、犀川温泉など）,石川県外には泊まらない,夫婦2人,"地元の美味しいものを食べる, 名所、旧跡の観光, まちあるき、都市散策",自家用車,自家用車,とても満足,,"40,000円以上 50,000円未満","30,000円以上 40,000円未満","30,000円以上 40,000円未満",初めて,観光展・物産展,ひがし茶屋街,,近江町市場,,使わない,とても満足,,とても満足,,感じなかった,,10,,機会があれば行きたい,特になし,女,1996,新潟県,新潟市,"900万円以上 1,000万円未満",能登牛が当たる,,,
金沢エリア,西茶屋資料館,2024/02/15 13:37:06,同意する,日帰り,石川県内には宿泊しない,石川県内には宿泊しない,石川県外には泊まらない,自分ひとり,"地元の美味しいものを食べる, 名所、旧跡の観光",飛行機,徒歩,,,使わない,"30,000円以上 40,000円未満","10,000円以上 20,000円未満",初めて,"観光パンフレット・ポスター, 観光連盟やDMOのHP, 観光協会等の案内所",ひがし茶屋街,,尾山神社,,"1,000円以上 3,000円未満",とても満足,親切な人が多い,満足,内容が充実していた,感じなかった,,10,和風なカフェ,また行きたい（1年以内）,新鮮な魚介類を安い料金で提供してほしい,女,1958,東京都,大田区,500万円以上 600万円未満,能登牛が当たる,,,食べ物、きれいな街
金沢エリア,西茶屋資料館,2024/03/05 17:19:33,同意する,日帰り,石川県内には宿泊しない,石川県内には宿泊しない,石川県外には泊まらない,自分ひとり,"地元の美味しいものを食べる, 名所、旧跡の観光, まちあるき、都市散策",在来線,在来線,満足,金沢駅→西茶屋→野町駅→西金沢駅のルート使いやすかったです,使わない,"1,000円以上 3,000円未満","3,000円以上 5,000円未満",初めて,観光パンフレット・ポスター,近江町市場,,選択なし/該当施設なし,,使わない,とても満足,係員さんの案内はとても丁寧でした,とても満足,二階の展示は良かった。芸者さんの人形などあるとより良く雰囲気など伝わるかなと思います。,感じなかった,,7,,また行きたい（1年以内）,海鮮、お寿司,男,1993,愛知県,大府市,500万円以上 600万円未満,能登牛が当たる,,,
金沢エリア,西茶屋資料館,2024/03/09 13:59:43,同意する,2泊,2泊,金沢エリア  （湯涌温泉、深谷温泉、犀川温泉など）,石川県外には泊まらない,夫婦2人,名所、旧跡の観光,新幹線,路線バス,満足,,"10,000円以上 20,000円未満","10,000円以上 20,000円未満","5,000円以上 10,000円未満",初めて,観光展・物産展,兼六園,,選択なし/該当施設なし,,"1,000円以上 3,000円未満",どちらでもない,,どちらでもない,,感じなかった,,5,,機会があれば行きたい,特になし,男,1977,東京都,北区,"1,500万円以上",能登牛が当たる,,,
金沢エリア,西茶屋資料館,2024/03/09 14:00:28,同意する,2泊,2泊,金沢エリア  （湯涌温泉、深谷温泉、犀川温泉など）,石川県外には泊まらない,夫婦2人,"宿でのんびり過ごす, 名所、旧跡の観光, 買い物、アウトレット, まちあるき、都市散策",新幹線,路線バス,とても満足,とても親切な方が多い,"40,000円以上 50,000円未満","40,000円以上 50,000円未満","40,000円以上 50,000円未満",初めて,インターネット・アプリ,ひがし茶屋街,,選択なし/該当施設なし,,"3,000円以上 5,000円未満",とても満足,親切でした,とても満足,のんびりできた,感じなかった,,10,,また行きたい（1年以内）,輪島塗りが欲しかった,女,1976,東京都,北区,"1,500万円以上",能登牛が当たる,,,
金沢エリア,西茶屋資料館,2024/03/09 20:59:51,同意する,2泊,2泊,金沢エリア  （湯涌温泉、深谷温泉、犀川温泉など）,石川県外には泊まらない,友人,"名所、旧跡の観光, まちあるき、都市散策",在来線,"路線バス, 徒歩",満足,,"10,000円以上 20,000円未満","3,000円以上 5,000円未満","10,000円以上 20,000円未満",初めて,X(旧：Twitter),選択なし/該当施設なし,妙立寺,兼六園,,使わない,とても満足,,満足,,感じなかった,,10,,機会があれば行きたい,特産品について無知だったので、おでんやじぶ煮、ほうじ茶などもっとプロモーションされていてもいいと思った。,女,1999,奈良県,奈良市,200万円以上 300万円未満,能登牛が当たる,,,
金沢エリア,西茶屋資料館,2024/03/10 13:15:42,同意する,日帰り,石川県内には宿泊しない,石川県内には宿泊しない,石川県外には泊まらない,自分ひとり,名所、旧跡の観光,在来線,路線バス,満足,バス亭が近くて便利。雨だったので、助かった。,使わない,"1,000円以上 3,000円未満","1,000円以上 3,000円未満",初めて,観光パンフレット・ポスター,選択なし/該当施設なし,谷口吉郎・吉生記念金沢建築館に行ってから、歩いてここに来た。,近江町市場,,使わない,どちらでもない,購入予定がない。,満足,展示が分かりやすく、館内が綺麗,感じなかった,,7,東茶屋とは違う魅力を発信してほしい,また行きたい（1年以内）,新鮮で、郷土色溢れる食を味わいたい,女,1967,福井県,坂井市,300万円以上 400万円未満,能登牛が当たる,,,観光客があまり居ないので、ゆっくり茶屋街を観れる
金沢エリア,西茶屋資料館,2024/03/16 12:42:48,同意する,日帰り,石川県内には宿泊しない,石川県内には宿泊しない,石川県外には泊まらない,夫婦2人,"名所、旧跡の観光, まちあるき、都市散策, 北陸新幹線敦賀開業で1番列車に乗りに来た",新幹線,金沢周遊バス,満足,バス停が目的の名所に近かった,"3,000円以上 5,000円未満","5,000円以上 10,000円未満","3,000円以上 5,000円未満",2～5回目,"友人・知人, 以前に利用したバス旅行でのバスガイドの案内",選択なし/該当施設なし,寺町妙立寺,ひがし茶屋街,,"1,000円未満",どちらでもない,以前来たときよりもカフェが増えていたので気軽に中に入る事ができた,どちらでもない,古い町並みの造りが趣があって楽しい,感じなかった,特にない,7,芸妓さんとの触れ合いの機会があるといい,また行きたい（1年以内）,特になし,女,1975,福井県,福井市,400万円以上 500万円未満,"能登牛が当たる, 石川県のおすすめ観光スポットが見たい",,,繁華街片町から近いので気軽に古い町並みを訪れたい時に紹介すると思う
金沢エリア,西茶屋資料館,2024/03/16 13:11:31,同意する,4泊以上,4泊以上,金沢エリア  （湯涌温泉、深谷温泉、犀川温泉など）,石川県外には泊まらない,恋人,"宿でのんびり過ごす, 温泉や露天風呂, 地元の美味しいものを食べる, 花見や紅葉などの自然鑑賞, まちあるき、都市散策",在来線,レンタサイクル,満足,自転車で安く、早く来れたから。,使わない,"5,000円以上 10,000円未満","5,000円以上 10,000円未満",初めて,"観光展・物産展, 新聞・雑誌・ガイドブック",尾山神社,,ひがし茶屋街,,使わない,どちらでもない,何も購入していないから,満足,がっかりすることがなかったから,感じなかった,,8,,また行きたい（1年以内）,蟹,女,2001,大阪府,枚方市,500万円以上 600万円未満,"能登牛が当たる, なんとなく",,,魅力的な観光地が沢山あり、雰囲気も風情があるから。
金沢エリア,西茶屋資料館,2024/03/16 22:29:06,同意する,2泊,2泊,金沢エリア  （湯涌温泉、深谷温泉、犀川温泉など）,石川県外には泊まらない,親,友人・親戚を訪ねる,新幹線,徒歩,,,"10,000円以上 20,000円未満","3,000円以上 5,000円未満","5,000円以上 10,000円未満",初めて,"観光展・物産展, 観光パンフレット・ポスター",ひがし茶屋街,,ひがし茶屋街,,"3,000円以上 5,000円未満",どちらでもない,芸妓さんの写真など欲しかった,満足,雰囲気はよかった,感じた,ボランティアの人が無愛想だった。挨拶はしていただいたが、、,7,,また行きたい（1年以内）,じぶに。海鮮丼,女,1997,埼玉県,三郷市,300万円以上 400万円未満,"能登牛が当たる, ひゃくまさんが好き",,,西茶屋街の豆屋さん。入りやすかった
金沢エリア,西茶屋資料館,2024/03/17 12:11:58,同意する,1泊,1泊,金沢エリア  （湯涌温泉、深谷温泉、犀川温泉など）,石川県外には泊まらない,夫婦2人,"宿でのんびり過ごす, 地元の美味しいものを食べる",新幹線,路線バス,満足,路線バスも直ぐに来て　動きやすかった,"100,000円以上","10,000円以上 20,000円未満","100,000円以上",初めて,"観光展・物産展, 観光パンフレット・ポスター, インターネット・アプリ",兼六園,,金沢21世紀美術館,,"5,000円以上 10,000円未満",満足,親切でした,満足,説明もよく親切でした,感じなかった,,3,,また行きたい（1年以内）,特に無し,男,1959,滋賀県,草津市,"1,000万円以上 1,200万円未満",能登牛が当たる,,,
金沢エリア,西茶屋資料館,2024/03/25 15:20:26,同意する,1泊,1泊,金沢エリア  （湯涌温泉、深谷温泉、犀川温泉など）,石川県外には泊まらない,自分ひとり,"名所、旧跡の観光, まちあるき、都市散策","新幹線, 在来線",路線バス,不満,全国ICに対応していない上、車内で五千円札等の両替を行っておらず、かなり大変な思いをしたため。,"5,000円以上 10,000円未満","10,000円以上 20,000円未満","10,000円以上 20,000円未満",初めて,歩いてて見つけた,近江町市場,,選択なし/該当施設なし,イオンモール白山,使わない,どちらでもない,音声サービスなどもあれば良いと思った。,満足,,感じなかった,,5,若者にも興味を持ってもらえるような工夫を、失敗してもいいからあると良いと思った。,どちらともいえない,街全体を使ったイベント,男,1997,東京都,目黒区,600万円以上 700万円未満,能登牛が当たる,,,金沢駅のモニュメント
金沢エリア,西茶屋資料館,2024/03/26 7:50:33,同意する,2泊,2泊,金沢エリア  （湯涌温泉、深谷温泉、犀川温泉など）,石川県外には泊まらない,中学生以下連れの家族,"宿でのんびり過ごす, 地元の美味しいものを食べる, 名所、旧跡の観光, まちあるき、都市散策",新幹線,徒歩,とても満足,ホテルから近いから　Tマークシティホテル,"30,000円以上 40,000円未満","10,000円以上 20,000円未満","10,000円以上 20,000円未満",初めて,"観光展・物産展, インターネット・アプリ",兼六園,,近江町市場,,"1,000円以上 3,000円未満",満足,小さな商店街でしたが雰囲気がステキでした,とても満足,受付の方が大変丁寧でした。中学生の息子も興味を持って見学していました。初めてなので勉強になりました。,感じなかった,,9,少し調べては行きましたが実際に見るのとはまた違います。丁寧な説明もありおすすめです。,また行きたい（1年以内）,能登に行きたいと息子が言ってます。復興したらまた必ず東京から行きます！頑張って下さい^_^,女,1974,東京都,江戸川区,100万円以上 200万円未満,"能登牛が当たる, 復興を応援したいから！",,,東京から二泊で来ましたがのんびりまわることが出来ました。金沢の街は落ち着いています。お店でたくさん食べるよりおやつ、お茶など少しづつをおすすめします。
金沢エリア,西茶屋資料館,2024/03/27 14:56:23,同意する,2泊,2泊,金沢エリア  （湯涌温泉、深谷温泉、犀川温泉など）,石川県外には泊まらない,自分ひとり,友人・親戚を訪ねる,"自家用車, 新幹線",自家用車,,,"30,000円以上 40,000円未満","20,000円以上 30,000円未満","20,000円以上 30,000円未満",初めて,"新聞・雑誌・ガイドブック, インターネット・アプリ",選択なし/該当施設なし,香林坊,選択なし/該当施設なし,金沢駅前,使わない,満足,ガイドさんに話を聞けたから,満足,無料だから,感じなかった,,6,はじめきてとてもよいところだと思いました。おみやげやさんがあるともっとよいです。,また行きたい（1年以内）,若干美味しいものは多いですが、料金が高いと思います。,女,1970,山形県,山形市,"1,000万円以上 1,200万円未満",能登牛が当たる,,,町並みが素敵だから
金沢エリア,西茶屋資料館,2024/03/29 11:56:54,同意する,2泊,2泊,金沢エリア  （湯涌温泉、深谷温泉、犀川温泉など）,石川県外には泊まらない,小学生以下連れの家族,宿でのんびり過ごす,新幹線,徒歩,,,"100,000円以上","20,000円以上 30,000円未満","10,000円以上 20,000円未満",初めて,"観光展・物産展, 新聞・雑誌・ガイドブック",ひがし茶屋街,,選択なし/該当施設なし,,"1,000円未満",とても満足,,とても満足,,感じなかった,,8,,また行きたい（1年以内）,回転寿司の安価な店があるといい,女,1972,神奈川県,相模原市,100万円以上 200万円未満,能登牛が当たる,,,
金沢エリア,西茶屋資料館,2024/04/10 16:49:19,同意する,2泊,1泊,金沢エリア  （湯涌温泉、深谷温泉、犀川温泉など）,富山県,夫婦2人,"花見や紅葉などの自然鑑賞, まちあるき、都市散策",新幹線,徒歩,,風情が守られている,"5,000円以上 10,000円未満","30,000円以上 40,000円未満","10,000円以上 20,000円未満",初めて,観光中に見つけた,尾山神社,,兼六園,,使わない,満足,,満足,,感じなかった,,5,,また行きたい（1年以内）,特になし,男,1957,兵庫県,神戸市,400万円以上 500万円未満,能登牛が当たる,満足,7,
金沢エリア,西茶屋資料館,2024/04/14 23:48:48,同意する,1泊,1泊,金沢エリア  （湯涌温泉、深谷温泉、犀川温泉など）,石川県外には泊まらない,夫婦2人,"地元の美味しいものを食べる, 花見や紅葉などの自然鑑賞, 名所、旧跡の観光",新幹線,路線バス,満足,周遊バスではなく路線バスだと、バス停留所の名称が観光地ではなく町名なので、そのバスに乗っていいのかがその都度運転手さんへ確認しないと分からないので。,"5,000円以上 10,000円未満","10,000円以上 20,000円未満","30,000円以上 40,000円未満",初めて,新聞・雑誌・ガイドブック,ひがし茶屋街,,選択なし/該当施設なし,天徳院,使わない,満足,展示の内容がちょうど良い詳しさでした。,とても満足,お茶屋を無料で見学できて、石川県に関する文学についても学ぶことがことができたので。,感じなかった,,10,私が気づかなかっただけですが、飲食とお土産があるのは分かりませんでした。,また行きたい（1年以内）,和菓子のお土産ですが、その店のオススメを分かりやすく表示してあると嬉しいです。どれも美味しいのでしょうが、全てを買うことが出来ないのでコレは絶対買った方が良いというのが分かればありがたいです。,女,1986,神奈川県,横浜市,500万円以上 600万円未満,"能登牛が当たる, ひゃくまさんが好き",とても満足,10,金沢市内は観光地が近い範囲に密集しているので観光地しやすい点。街並も綺麗で食べ物も美味しいところが好きです。
金沢エリア,西茶屋資料館,2024/04/15 19:40:40,同意する,1泊,1泊,金沢エリア  （湯涌温泉、深谷温泉、犀川温泉など）,石川県外には泊まらない,夫婦2人,"地元の美味しいものを食べる, 花見や紅葉などの自然鑑賞, 名所、旧跡の観光, まちあるき、都市散策, ドライブ・ツーリング",新幹線,"徒歩, レンタサイクル",満足,施設の近くまでシェアサイクルで移動できたから,"10,000円以上 20,000円未満","20,000円以上 30,000円未満","20,000円以上 30,000円未満",初めて,通りがかり,選択なし/該当施設なし,薬局カフェ,選択なし/該当施設なし,武家屋敷群,使わない,満足,にし茶屋街の歴史や文豪などについて、無料で知ることができた。,満足,入館無料で、お手洗いも借りることができた。,感じなかった,,6,休憩しつつ、情報を得ること。,機会があれば行きたい,美味しい海鮮,男,1991,千葉県,市川市,"1,200万円以上 1,500万円未満",能登牛が当たる,とても満足,9,金沢市内で食べた食事が、どこも美味しかったです！
金沢エリア,西茶屋資料館,2024/04/23 14:32:11,同意する,2泊,1泊,金沢エリア  （湯涌温泉、深谷温泉、犀川温泉など）,滋賀県,親,"宿でのんびり過ごす, 温泉や露天風呂, 地元の美味しいものを食べる, 名所、旧跡の観光, まちあるき、都市散策",自家用車,自家用車,,,"30,000円以上 40,000円未満","1,000円以上 3,000円未満","10,000円以上 20,000円未満",初めて,新聞・雑誌・ガイドブック,近江町市場,妙立寺,選択なし/該当施設なし,,"1,000円以上 3,000円未満",満足,オシャレで美味しいカフェがあった,満足,趣のある街だった,感じなかった,,6,特産品などを置かれても良いかと思いました。,機会があれば行きたい,「小京都」を感じますが、京都から来た者としては若干の物足りなさも感じます。ですが、それはそれでいつもと違い良い気もしました。,女,1998,京都府,京都市,"900万円以上 1,000万円未満",能登牛が当たる,満足,8,妙立寺
金沢エリア,ひがし茶屋休憩館,2023/12/08 16:50:32,同意する,2泊,2泊,金沢エリア  （湯涌温泉、深谷温泉、犀川温泉など）,石川県外には泊まらない,小学生以下連れの家族,テーマパーク（遊園地、動物園、博物館など）,自家用車,自家用車,,,"10,000円以上 20,000円未満","5,000円以上 10,000円未満","5,000円以上 10,000円未満",2～5回目,インターネット・アプリ,選択なし/該当施設なし,月うさぎの里,選択なし/該当施設なし,ホテルに戻る,"1,000円未満",とても満足,,とても満足,,感じた,トイレに石鹸がない,8,,また行きたい（1年以内）,お寿司以外のグルメが知りたい,男,1987,埼玉県,川越市,"1,000万円以上 1,200万円未満",能登牛が当たる,,,
金沢エリア,ひがし茶屋休憩館,2023/12/14 12:33:54,同意する,1泊,1泊,金沢エリア  （湯涌温泉、深谷温泉、犀川温泉など）,石川県外には泊まらない,夫婦2人,名所、旧跡の観光,新幹線,徒歩,,,"5,000円以上 10,000円未満","20,000円以上 30,000円未満","5,000円以上 10,000円未満",初めて,観光展・物産展,金沢21世紀美術館,,近江町市場,,"3,000円以上 5,000円未満",とても満足,,とても満足,,感じなかった,,9,,また行きたい（1年以内）,キャンプ,女,1966,群馬県,吾妻郡長野原町,300万円以上 400万円未満,能登牛が当たる,,,
金沢エリア,ひがし茶屋休憩館,2023/12/16 12:02:40,同意する,1泊,1泊,金沢エリア  （湯涌温泉、深谷温泉、犀川温泉など）,石川県外には泊まらない,友人,"地元の美味しいものを食べる, 名所、旧跡の観光, まちあるき、都市散策",旅行会社ツアーバス,徒歩,満足,,"5,000円以上 10,000円未満","10,000円以上 20,000円未満","20,000円以上 30,000円未満",2～5回目,"新聞・雑誌・ガイドブック, 観光パンフレット・ポスター, インターネット・アプリ, Instagram",近江町市場,,選択なし/該当施設なし,,使わない,満足,,満足,,感じなかった,,8,,機会があれば行きたい,特になし,女,1975,愛知県,愛西市,400万円以上 500万円未満,ひゃくまさんが好き,,,
金沢エリア,ひがし茶屋休憩館,2023/12/16 12:06:54,同意する,1泊,1泊,石川県内には宿泊しない,石川県外には泊まらない,友人,まちあるき、都市散策,旅行会社ツアーバス,路線バス,満足,時間帯で開いてないところがあった,"10,000円以上 20,000円未満","1,000円未満","3,000円以上 5,000円未満",初めて,インターネット・アプリ,尾山神社,,ひがし茶屋街,,使わない,とても満足,案内のおじさんの声掛けが暖かかった！,とても満足,,感じなかった,,10,,また行きたい（1年以内）,特になし。十分満足です。,女,1975,愛知県,津島市,600万円以上 700万円未満,ひゃくまさんが好き,,,
金沢エリア,ひがし茶屋休憩館,2023/12/24 14:59:32,同意する,1泊,1泊,金沢エリア  （湯涌温泉、深谷温泉、犀川温泉など）,石川県外には泊まらない,夫婦と高校生の子どもと,"名所、旧跡の観光, まちあるき、都市散策",新幹線,路線バス,不満,バスが色々あってどれに乗ればいいのかよくわからない。,"30,000円以上 40,000円未満","30,000円以上 40,000円未満","10,000円以上 20,000円未満",初めて,たまたま通りがかった。,尾山神社,,選択なし/該当施設なし,,"1,000円以上 3,000円未満",満足,,満足,立ち寄りやすい場所にあり、入りやすい。,感じなかった,,8,場所にあった体験ができるといいと思った。,機会があれば行きたい,地産地消を大切にしていてとても良いと思った。,女,1975,千葉県,柏市,700万円以上 800万円未満,"能登牛が当たる, 石川県の雑学を知りたい",,,観光する場所も多く、歩きやバスなどで訪れやすい。
金沢エリア,ひがし茶屋休憩館,2023/12/26 13:46:59,同意する,2泊,2泊,金沢エリア  （湯涌温泉、深谷温泉、犀川温泉など）,石川県外には泊まらない,親,地元の美味しいものを食べる,飛行機,路線バス,満足,,"10,000円以上 20,000円未満","3,000円以上 5,000円未満","20,000円以上 30,000円未満",初めて,Instagram,兼六園,,選択なし/該当施設なし,,"5,000円以上 10,000円未満",とても満足,,とても満足,,感じなかった,,10,,機会があれば行きたい,和を感じられた,女,2010,神奈川県,横浜市,600万円以上 700万円未満,能登牛が当たる,,,
金沢エリア,ひがし茶屋休憩館,2023/12/28 14:12:40,同意する,2泊,2泊,加賀エリア （山代温泉、山中温泉、片山津温泉、粟津温泉、辰口温泉、加賀市、小松市など）,石川県外には泊まらない,恋人,"温泉や露天風呂, 地元の美味しいものを食べる, まちあるき、都市散策",在来線,"路線バス, 徒歩",どちらでもない,ICカードが使えるバスと、使えないバスがあってややこしかったです。,"10,000円以上 20,000円未満","10,000円以上 20,000円未満","10,000円以上 20,000円未満",2～5回目,"観光パンフレット・ポスター, X(旧：Twitter), 観光協会等の案内所",兼六園,,選択なし/該当施設なし,,"3,000円以上 5,000円未満",満足,,満足,,感じなかった,,9,,機会があれば行きたい,美味しいご飯、温泉、素敵な景色など。,男,1995,大阪府,大阪市,400万円以上 500万円未満,能登牛が当たる,,,温泉が良かったです。
金沢エリア,ひがし茶屋休憩館,2023/12/28 19:49:31,同意する,2泊,2泊,金沢エリア  （湯涌温泉、深谷温泉、犀川温泉など）,石川県外には泊まらない,夫婦2人,"温泉や露天風呂, 地元の美味しいものを食べる, 名所、旧跡の観光, まちあるき、都市散策",新幹線,徒歩,,,"50,000円以上 100,000円未満","40,000円以上 50,000円未満","20,000円以上 30,000円未満",初めて,通りがかり,近江町市場,,ひがし茶屋街,,使わない,満足,,満足,,感じなかった,,8,,機会があれば行きたい,新鮮な海産物だけでなく、地元のフルーツやお肉にももっとスポットライトがあたるといいなと思います,女,1991,東京都,品川区,"1,500万円以上",能登牛が当たる,,,
金沢エリア,ひがし茶屋休憩館,2023/12/28 19:55:23,同意する,2泊,2泊,加賀エリア （山代温泉、山中温泉、片山津温泉、粟津温泉、辰口温泉、加賀市、小松市など）,石川県外には泊まらない,夫婦2人,"地元の美味しいものを食べる, 名所、旧跡の観光, まちあるき、都市散策",新幹線,徒歩,,,"50,000円以上 100,000円未満","30,000円以上 40,000円未満","30,000円以上 40,000円未満",初めて,観光展・物産展,近江町市場,,ひがし茶屋街,,使わない,どちらでもない,休憩に使用した,とても満足,,感じなかった,,7,,機会があれば行きたい,特になし,男,1990,東京都,品川区,"1,500万円以上",なんとなく,,,
金沢エリア,ひがし茶屋休憩館,2023/12/31 13:13:24,同意する,2泊,2泊,加賀エリア （山代温泉、山中温泉、片山津温泉、粟津温泉、辰口温泉、加賀市、小松市など）,石川県外には泊まらない,小学生以下連れの家族,"宿でのんびり過ごす, 温泉や露天風呂, 地元の美味しいものを食べる, 名所、旧跡の観光, まちあるき、都市散策",新幹線,タクシー,とても満足,運転手の方が、観光名所や天候について教えてくれて親切。また、あまり待たずにタクシーが来る。,"30,000円以上 40,000円未満","30,000円以上 40,000円未満","30,000円以上 40,000円未満",初めて,インターネット・アプリ,兼六園,,選択なし/該当施設なし,,使わない,とても満足,昔の家屋を子どもに見せられて良かった,とても満足,係の方が親切,感じなかった,,8,休憩できるだけでちょうど良い,機会があれば行きたい,蟹,男,1976,東京都,港区,"1,500万円以上",能登牛が当たる,,,街並み全体が素晴らしい
金沢エリア,ひがし茶屋休憩館,2023/12/31 13:37:45,同意する,1泊,1泊,金沢エリア  （湯涌温泉、深谷温泉、犀川温泉など）,石川県外には泊まらない,友人,地元の美味しいものを食べる,飛行機,徒歩,,,"10,000円以上 20,000円未満","20,000円以上 30,000円未満","20,000円以上 30,000円未満",初めて,Instagram,近江町市場,,兼六園,,使わない,満足,,満足,,感じなかった,,5,,機会があれば行きたい,美味しい食事,女,1979,千葉県,君津市,200万円以上 300万円未満,能登牛が当たる,,,
金沢エリア,ひがし茶屋休憩館,2024/01/03 14:20:29,同意する,3泊,3泊,金沢エリア  （湯涌温泉、深谷温泉、犀川温泉など）,石川県外には泊まらない,夫婦2人,"名所、旧跡の観光, 買い物、アウトレット, スポーツ観戦や芸術鑑賞（コンサート等）, まちあるき、都市散策",新幹線,徒歩,,,"20,000円以上 30,000円未満","20,000円以上 30,000円未満","20,000円以上 30,000円未満",2～5回目,"新聞・雑誌・ガイドブック, 観光パンフレット・ポスター, インターネット・アプリ",選択なし/該当施設なし,金沢駅,近江町市場,,"3,000円以上 5,000円未満",とても満足,丁寧に説明していただきました,とても満足,良い状態で保存されてました,感じなかった,,3,,また行きたい（1年以内）,今のままで。,男,1964,東京都,杉並区,300万円以上 400万円未満,"能登牛が当たる, なんとなく",,,カウントダウンコンサート
金沢エリア,ひがし茶屋休憩館,2024/01/04 13:48:25,同意する,1泊,1泊,石川県内には宿泊しない,富山県,小学生以下連れの家族,温泉や露天風呂,新幹線,タクシー,とても満足,,使わない,"1,000円以上 3,000円未満","40,000円以上 50,000円未満",2～5回目,インターネット・アプリ,ひがし茶屋街,,兼六園,,使わない,どちらでもない,,とても満足,,感じなかった,,10,,また行きたい（1年以内）,海の幸,女,1981,埼玉県,さいたま市,"1,000万円以上 1,200万円未満",能登牛が当たる,,,
金沢エリア,ひがし茶屋休憩館,2024/02/10 15:19:38,同意する,日帰り,石川県内には宿泊しない,石川県内には宿泊しない,石川県外には泊まらない,自分ひとり,"地元の美味しいものを食べる, まちあるき、都市散策, 友人・親戚を訪ねる",県外から訪れていない（石川県内在住）,自家用車,,,"3,000円以上 5,000円未満","1,000円以上 3,000円未満","1,000円以上 3,000円未満",2～5回目,友人・知人,ひがし茶屋街,,選択なし/該当施設なし,,"1,000円未満",どちらでもない,そんなに物品もなく販売しているものが少ない,満足,休憩出来る場所なので,感じなかった,,8,,石川県在住,特になし,男,1979,石川県,野々市市,600万円以上 700万円未満,"能登牛が当たる, ひゃくまさんが好き",,,かむかむきゃっとという雑貨屋さんと喫茶店グライダー。いい店だから
金沢エリア,ひがし茶屋休憩館,2024/02/10 18:17:01,同意する,1泊,1泊,金沢エリア  （湯涌温泉、深谷温泉、犀川温泉など）,石川県外には泊まらない,友人,"地元の美味しいものを食べる, 名所、旧跡の観光",新幹線,タクシー,どちらでもない,大阪からサンダーバードは時間がかかりました。,"10,000円以上 20,000円未満","20,000円以上 30,000円未満","20,000円以上 30,000円未満",初めて,"新聞・雑誌・ガイドブック, インターネット・アプリ",近江町市場,,ひがし茶屋街,,使わない,とても満足,説明が丁寧でした。,満足,,感じなかった,,6,,機会があれば行きたい,目的の飲食店が予約でいっぱいだったため、予約推奨などの案内があるとうれしい。,女,1984,広島県,広島市,500万円以上 600万円未満,能登牛が当たる,,,
金沢エリア,ひがし茶屋休憩館,2024/02/15 14:44:06,同意する,4泊以上,4泊以上,金沢エリア  （湯涌温泉、深谷温泉、犀川温泉など）,関西地域,自分ひとり,"宿でのんびり過ごす, 地元の美味しいものを食べる, 名所、旧跡の観光, テーマパーク（遊園地、動物園、博物館など）, 買い物、アウトレット, お祭りやイベントへの参加・見物, アウトドア（海水浴、釣り、登山など）, まちあるき、都市散策, 各種体験（手作り、果物狩りなど）",飛行機,路線バス,とても満足,一日乗車券を利用しました。とても便利です。ダイヤのズレもないし、随時バスが来ていつでも乗れました。,"1,000円以上 3,000円未満","1,000円未満","50,000円以上 100,000円未満",初めて,偶然,選択なし/該当施設なし,石川県立図書館に行ってまいりました。観光地ではないスポットが欲しがったです。,選択なし/該当施設なし,西茶屋行きます。東と西を比べてみようかなと思ってます。,使わない,とても満足,説明が詳しい。職員さんがやさしい,とても満足,ちゃんと整ったという感じがします。環境整備に本気ですね。,感じなかった,,10,有料でも構わないからガイドさんがもっといらっしゃると助かります。,また行きたい（1年以内）,以外と石川の自慢は伝統文化ではなくて、自然豊かさだと思います。表は浜で裏側は山脈に囲まれているのが石川県の在り方です。そういう自然を積極的に活用してみればいかがですか。,男,1999,奈良県,奈良市,200万円以上 300万円未満,"動く３Dひゃくまんさんを見たい, 石川県のおすすめ観光スポットが見たい, 石川県の雑学を知りたい, 石川を応援したい。",,,年齢層に問わずに味わえる町です。親にぴったりです。
金沢エリア,ひがし茶屋休憩館,2024/02/18 10:05:59,同意する,日帰り,石川県内には宿泊しない,石川県内には宿泊しない,石川県外には泊まらない,自分ひとり,オフ会,在来線,在来線,,,使わない,"5,000円以上 10,000円未満","5,000円以上 10,000円未満",2～5回目,観光協会等の案内所,選択なし/該当施設なし,,ひがし茶屋街,,"5,000円以上 10,000円未満",満足,素敵な町並み,満足,素敵な町並み,感じなかった,,10,,機会があれば行きたい,特になし,女,1969,福井県,越前市,800万円以上 900万円未満,能登牛が当たる,,,素敵な町並みだから
金沢エリア,ひがし茶屋休憩館,2024/02/19 10:22:31,同意する,4泊以上,4泊以上,金沢エリア  （湯涌温泉、深谷温泉、犀川温泉など）,石川県外には泊まらない,自分ひとり,"地元の美味しいものを食べる, 災害ボランティア",新幹線,徒歩,,,使わない,使わない,"5,000円以上 10,000円未満",初めて,観光展・物産展,近江町市場,,兼六園,,"5,000円以上 10,000円未満",とても満足,,とても満足,,感じなかった,,10,,また行きたい（1年以内）,特になし,男,2001,千葉県,印西市,100万円以上 200万円未満,能登牛が当たる,,,
金沢エリア,ひがし茶屋休憩館,2024/03/10 15:28:13,同意する,2泊,1泊,金沢エリア  （湯涌温泉、深谷温泉、犀川温泉など）,富山県,自分ひとり,"宿でのんびり過ごす, 地元の美味しいものを食べる, 名所、旧跡の観光, 友人・親戚を訪ねる",新幹線,"路線バス, 徒歩",どちらでもない,,"10,000円以上 20,000円未満","1,000円以上 3,000円未満","3,000円以上 5,000円未満",初めて,インターネット・アプリ,兼六園,,ひがし茶屋街,,"1,000円未満",満足,,満足,,感じなかった,,8,,機会があれば行きたい,特になし,男,1977,東京都,豊島区,200万円以上 300万円未満,能登牛が当たる,,,
金沢エリア,ひがし茶屋休憩館,2024/03/11 15:07:45,同意する,2泊,石川県内には宿泊しない,石川県内には宿泊しない,富山県,自分ひとり,名所、旧跡の観光,"新幹線, 在来線",路線バス,満足,料金は良心的だが、バス停の案内が少し分かりにくかった。,使わない,"20,000円以上 30,000円未満","1,000円以上 3,000円未満",初めて,観光展・物産展,兼六園,,金沢21世紀美術館,,"1,000円未満",とても満足,久しぶりの抹茶と和菓子で美味しかった。,とても満足,アクセスがよく、期待以上に美しかった。,感じなかった,,10,有料でもいいからガイドツアーがいるとなお良い。,また行きたい（1年以内）,抹茶、和菓子,男,2000,山梨県,甲府市,100万円未満,"能登牛が当たる, 石川県のおすすめ観光スポットが見たい, 石川県の雑学を知りたい",,,東京からのアクセスがよく、価格に合うクオリティーだから。
金沢エリア,ひがし茶屋休憩館,2024/03/12 12:29:01,同意する,日帰り,石川県内には宿泊しない,石川県内には宿泊しない,石川県外には泊まらない,親,"地元の美味しいものを食べる, 花見や紅葉などの自然鑑賞, 名所、旧跡の観光, テーマパーク（遊園地、動物園、博物館など）, 買い物、アウトレット, まちあるき、都市散策, 各種体験（手作り、果物狩りなど）",在来線,路線バス,とても満足,周回バスが走っていて、快適に移動ができました！,使わない,"3,000円以上 5,000円未満","3,000円以上 5,000円未満",初めて,"新聞・雑誌・ガイドブック, インターネット・アプリ, X(旧：Twitter), Instagram",選択なし/該当施設なし,金沢駅,兼六園,,"1,000円以上 3,000円未満",とても満足,繊細で可愛らしくてついつい欲しくなるものが多かったから,とても満足,囲炉裏があったり段々式の階段があったりと古き良き時代を感じられたから。,感じなかった,,0,お茶ができる場所、伝統工芸体験施設,また行きたい（1年以内）,海鮮,男,1999,兵庫県,丹波篠山市,100万円以上 200万円未満,能登牛が当たる,,,タイムスリップしたかのように感じられる伝統建造物保存地区の街並み
金沢エリア,ひがし茶屋休憩館,2024/03/25 13:52:32,同意する,2泊,2泊,金沢エリア  （湯涌温泉、深谷温泉、犀川温泉など）,石川県外には泊まらない,恋人,"宿でのんびり過ごす, 温泉や露天風呂, 地元の美味しいものを食べる, 名所、旧跡の観光",旅行会社ツアーバス,旅行会社ツアーバス,満足,,"50,000円以上 100,000円未満","10,000円以上 20,000円未満","10,000円以上 20,000円未満",初めて,Instagram,ひがし茶屋街,,兼六園,,"1,000円以上 3,000円未満",とても満足,,とても満足,,感じなかった,,8,,また行きたい（1年以内）,特に無し,女,2003,埼玉県,加須市,100万円未満,能登牛が当たる,,,
金沢エリア,ひがし茶屋休憩館,2024/03/27 13:57:28,同意する,2泊,2泊,加賀エリア （山代温泉、山中温泉、片山津温泉、粟津温泉、辰口温泉、加賀市、小松市など）,石川県外には泊まらない,中学生以下連れの家族,"温泉や露天風呂, 地元の美味しいものを食べる, 買い物、アウトレット",自家用車,自家用車,とても満足,,"40,000円以上 50,000円未満","10,000円以上 20,000円未満","10,000円以上 20,000円未満",初めて,インターネット・アプリ,兼六園,,ひがし茶屋街,,"5,000円以上 10,000円未満",とても満足,,とても満足,,感じた,,10,,また行きたい（1年以内）,特になし,女,1988,神奈川県,横浜市,400万円以上 500万円未満,能登牛が当たる,,,
金沢エリア,ひがし茶屋休憩館,2024/03/28 10:08:20,同意する,4泊以上,3泊,金沢エリア  （湯涌温泉、深谷温泉、犀川温泉など）,東京,自分ひとり,"地元の美味しいものを食べる, 名所、旧跡の観光","新幹線, 飛行機",路線バス,満足,本数が多い,"30,000円以上 40,000円未満","10,000円以上 20,000円未満","20,000円以上 30,000円未満",初めて,インターネット・アプリ,金沢21世紀美術館,,近江町市場,,"3,000円以上 5,000円未満",満足,,満足,,感じなかった,,10,,機会があれば行きたい,能登牛最高,女,1966,北海道,上川郡東神楽町,500万円以上 600万円未満,能登牛が当たる,,,
金沢エリア,ひがし茶屋休憩館,2024/03/29 17:15:37,同意する,1泊,1泊,金沢エリア  （湯涌温泉、深谷温泉、犀川温泉など）,石川県外には泊まらない,親,"温泉や露天風呂, 地元の美味しいものを食べる, 花見や紅葉などの自然鑑賞, 名所、旧跡の観光",新幹線,徒歩,とても満足,,"40,000円以上 50,000円未満","20,000円以上 30,000円未満","30,000円以上 40,000円未満",初めて,"観光展・物産展, 新聞・雑誌・ガイドブック, TV・ラジオ番組やCM, 観光パンフレット・ポスター",兼六園,,金沢21世紀美術館,,使わない,とても満足,休憩場所の設置やガイドさんに道などを聞けたから,とても満足,趣のある形でよい,感じなかった,,8,現状をこれから維持し続けてほしい,機会があれば行きたい,特になし、今のままで十分！,男,2006,千葉県,松戸市,"1,000万円以上 1,200万円未満","能登牛が当たる, ひゃくまさんが好き",,,兼六園、時代を感じ心が清らかになる
金沢エリア,ひがし茶屋休憩館,2024/03/30 11:30:15,同意する,日帰り,1泊,加賀エリア （山代温泉、山中温泉、片山津温泉、粟津温泉、辰口温泉、加賀市、小松市など）,石川県外には泊まらない,親,"温泉や露天風呂, まちあるき、都市散策",自家用車,"自家用車, 徒歩",,,"3,000円以上 5,000円未満","1,000円未満","5,000円以上 10,000円未満",初めて,"観光展・物産展, 新聞・雑誌・ガイドブック, インターネット・アプリ, X(旧：Twitter), Instagram",ひがし茶屋街,,選択なし/該当施設なし,金沢駅,"1,000円以上 3,000円未満",満足,ボランティアの方に建物と茶屋街を説明していただき分かりやすかったです。茶屋街の入口に各店舗マップがあるとありがたいと思いました。,とても満足,上記参照,感じなかった,,7,,また行きたい（1年以内）,観光巡回バスがあると良いなと思いました。既にあったとしたら気づかなかったです。,女,1995,新潟県,新潟市,600万円以上 700万円未満,"能登牛が当たる, ひゃくまさんが好き, 石川県のおすすめ観光スポットが見たい, 石川県の雑学を知りたい",,,昔の街並みを友人と歩きたいから。
金沢エリア,ひがし茶屋休憩館,2024/03/30 12:33:32,同意する,日帰り,石川県内には宿泊しない,石川県内には宿泊しない,石川県外には泊まらない,自分ひとり,"地元の美味しいものを食べる, 花見や紅葉などの自然鑑賞, 名所、旧跡の観光, 買い物、アウトレット, まちあるき、都市散策","新幹線, 在来線",路線バス,満足,本数と混み具合がちょうどいいから,使わない,"10,000円以上 20,000円未満","5,000円以上 10,000円未満",2～5回目,新聞・雑誌・ガイドブック,ひがし茶屋街,,金沢21世紀美術館,,"3,000円以上 5,000円未満",とても満足,回るサイズ感に、雰囲気のよさから,とても満足,御飯も美味しいから,感じなかった,しいて言えば、トイレ,9,十分だが、しいて言えば、県の特産を扱う店もあってほしい。,機会があれば行きたい,物価高だが、観光地にしては良心価格です。満足度高い！,男,1979,京都府,向日市,"900万円以上 1,000万円未満","能登牛が当たる, ひゃくまさんが好き, なんとなく",,,お食事処と雰囲気、歩き回るサイズ感の良さから
金沢エリア,石川県政記念しいのき迎賓館,2023/12/09 18:54:38,同意する,1泊,1泊,金沢エリア  （湯涌温泉、深谷温泉、犀川温泉など）,岐阜県,親,地元の美味しいものを食べる,自家用車,路線バス,満足,,"50,000円以上 100,000円未満","10,000円以上 20,000円未満","5,000円以上 10,000円未満",初めて,観光展・物産展,近江町市場,,ひがし茶屋街,,"50,000円以上 100,000円未満",満足,,満足,,感じなかった,,8,,機会があれば行きたい,特になし,男,2000,石川県,金沢市,"1,000万円以上 1,200万円未満",能登牛が当たる,,,
金沢エリア,石川県政記念しいのき迎賓館,2023/12/09 18:58:47,同意する,1泊,1泊,金沢エリア  （湯涌温泉、深谷温泉、犀川温泉など）,石川県外には泊まらない,家族,温泉や露天風呂,自家用車,路線バス,どちらでもない,,"20,000円以上 30,000円未満","3,000円以上 5,000円未満","20,000円以上 30,000円未満",6～10回目,"インターネット・アプリ, Instagram",尾山神社,,選択なし/該当施設なし,,使わない,満足,観光パンフレットが充実,満足,,感じなかった,,8,,石川県在住,特になし,女,1973,石川県,金沢市,"1,500万円以上",能登牛が当たる,,,
金沢エリア,石川県政記念しいのき迎賓館,2023/12/10 18:53:04,同意する,2泊,2泊,金沢エリア  （湯涌温泉、深谷温泉、犀川温泉など）,石川県外には泊まらない,親,"地元の美味しいものを食べる, 名所、旧跡の観光, まちあるき、都市散策, ドライブ・ツーリング",新幹線,"自家用車, 路線バス, 徒歩",とても満足,路線バスの便数が十分にあり、満足です。,"50,000円以上 100,000円未満","40,000円以上 50,000円未満","40,000円以上 50,000円未満",2～5回目,Instagram,金沢21世紀美術館,,兼六園,,使わない,満足,,満足,,感じなかった,,7,,また行きたい（1年以内）,名所の観光、カニなどの旬な食材、千里浜海岸でのドライブ,男,2000,神奈川県,横須賀市,600万円以上 700万円未満,能登牛が当たる,,,
金沢エリア,石川県政記念しいのき迎賓館,2023/12/15 11:49:30,同意する,2泊,2泊,金沢エリア  （湯涌温泉、深谷温泉、犀川温泉など）,石川県外には泊まらない,恋人,地元の美味しいものを食べる,新幹線,タクシー,とても満足,早い,"10,000円以上 20,000円未満","3,000円以上 5,000円未満","40,000円以上 50,000円未満",6～10回目,Instagram,選択なし/該当施設なし,,尾山神社,,"20,000円以上 30,000円未満",とても満足,,とても満足,,感じなかった,,10,,また行きたい（1年以内）,加賀野菜の料理,女,1968,神奈川県,横浜市,800万円以上 900万円未満,能登牛が当たる,,,
金沢エリア,石川県政記念しいのき迎賓館,2023/12/16 3:32:18,同意する,2泊,2泊,金沢エリア  （湯涌温泉、深谷温泉、犀川温泉など）,石川県外には泊まらない,友人,"宿でのんびり過ごす, 地元の美味しいものを食べる, 名所、旧跡の観光","新幹線, 在来線",レンタカー,満足,停車数の少ない新幹線だったため移動時間が短く快適でしたので。,"10,000円以上 20,000円未満","5,000円以上 10,000円未満","20,000円以上 30,000円未満",6～10回目,友人・知人,兼六園,,金沢21世紀美術館,,"10,000円以上 20,000円未満",とても満足,歴史を感じさせる素敵な建物で良かったです。,とても満足,落ち着いた優雅な時間を過ごせたので。,感じなかった,特にありませんでした。,9,ポールボキューズ、美味しいのはもちろん、雰囲気も素敵なレストランでした。,また行きたい（1年以内）,地のもの、旬のものを味わい楽しみたいです。,女,1970,神奈川県,横浜市,300万円以上 400万円未満,"能登牛が当たる, 石川県のおすすめ観光スポットが見たい, 石川県の雑学を知りたい",,,一度体験してほしいと思うので。
金沢エリア,石川県政記念しいのき迎賓館,2023/12/16 13:39:44,同意する,日帰り,石川県内には宿泊しない,石川県内には宿泊しない,石川県外には泊まらない,夫婦2人,まちあるき、都市散策,県外から訪れていない（石川県内在住）,徒歩,,,使わない,使わない,"1,000円未満",11回目以上,友人・知人,選択なし/該当施設なし,,選択なし/該当施設なし,,使わない,満足,落ち着いている,満足,落ち着いている,感じなかった,,10,文化体験教室の常設,また行きたい（1年以内）,特になし,男,1967,石川県,金沢市,700万円以上 800万円未満,能登牛が当たる,,,建物そのもの
金沢エリア,石川県政記念しいのき迎賓館,2023/12/16 13:46:00,同意する,1泊,1泊,能登エリア （和倉温泉、七尾市、輪島市、珠洲市など）,岐阜県,友人,"温泉や露天風呂, 地元の美味しいものを食べる",自家用車,"自家用車, 徒歩",,,"5,000円以上 10,000円未満","1,000円以上 3,000円未満","1,000円以上 3,000円未満",11回目以上,"新聞・雑誌・ガイドブック, 観光パンフレット・ポスター, 友人・知人",金沢21世紀美術館,,尾山神社,,使わない,とても満足,様々な展示があり無料で楽しめるところ,とても満足,窓からの景色が自然豊かでゆったりできる,感じなかった,,10,,石川県在住,飲食がメディアに取り上げられる影響かどこも行列で嬉しい限りです,女,1974,石川県,金沢市,600万円以上 700万円未満,"能登牛が当たる, ARでひゃくまんさんと写真が撮りたかった",,,食べ物が最高！特に和菓子
金沢エリア,石川県政記念しいのき迎賓館,2023/12/17 23:50:01,同意する,4泊以上,4泊以上,金沢エリア  （湯涌温泉、深谷温泉、犀川温泉など）,石川県外には泊まらない,自分ひとり,"まちあるき、都市散策, 出張など仕事関係",飛行機,徒歩,どちらでもない,,"10,000円以上 20,000円未満","20,000円以上 30,000円未満","40,000円以上 50,000円未満",2～5回目,友人・知人,金沢21世紀美術館,,選択なし/該当施設なし,金沢駅,"1,000円未満",満足,,満足,,感じなかった,,10,,また行きたい（1年以内）,新鮮な魚などの食べ物、ひゃくまんさん,女,1974,北海道,札幌市,400万円以上 500万円未満,"能登牛が当たる, ひゃくまさんが好き, 石川県のおすすめ観光スポットが見たい",,,茶屋街の雰囲気
金沢エリア,石川県政記念しいのき迎賓館,2023/12/27 11:39:18,同意する,2泊,2泊,金沢エリア  （湯涌温泉、深谷温泉、犀川温泉など）,石川県外には泊まらない,夫婦2人,"宿でのんびり過ごす, 地元の美味しいものを食べる, 名所、旧跡の観光","新幹線, 在来線","路線バス, 徒歩",満足,金沢駅から分かりやすくて旅行客にとても便利,"5,000円以上 10,000円未満","20,000円以上 30,000円未満","10,000円以上 20,000円未満",初めて,通りすがり,近江町市場,,金沢21世紀美術館,,"1,000円以上 3,000円未満",とても満足,セレクトショップの説明が良かった,とても満足,リラックスでき、かつ石川県の勉強になる,感じなかった,,10,,また行きたい（1年以内）,美味しいものがいっぱいで困っています（笑）,男,1971,東京都,世田谷区,"1,500万円以上","能登牛が当たる, ひゃくまさんが好き",,,景観とセレクトショップ
金沢エリア,石川県政記念しいのき迎賓館,2023/12/27 15:12:07,同意する,4泊以上,4泊以上,金沢エリア  （湯涌温泉、深谷温泉、犀川温泉など）,岐阜県,夫婦2人,"温泉や露天風呂, 地元の美味しいものを食べる, 花見や紅葉などの自然鑑賞, 名所、旧跡の観光","レンタカー, 新幹線",自家用車,とても満足,街並みが綺麗でした,"40,000円以上 50,000円未満","20,000円以上 30,000円未満","30,000円以上 40,000円未満",初めて,観光展・物産展,近江町市場,,兼六園,,使わない,とても満足,,とても満足,,感じた,,10,,機会があれば行きたい,東京では食べれない新鮮な海鮮や、景色を楽しみたいです。,女,1993,東京都,世田谷区,"1,000万円以上 1,200万円未満","能登牛が当たる, ひゃくまさんが好き, 石川県のおすすめ観光スポットが見たい, 石川県の雑学を知りたい",,,
金沢エリア,石川県政記念しいのき迎賓館,2024/01/01 14:43:11,同意する,3泊,3泊,加賀エリア （山代温泉、山中温泉、片山津温泉、粟津温泉、辰口温泉、加賀市、小松市など）,石川県外には泊まらない,夫婦2人,"温泉や露天風呂, 地元の美味しいものを食べる",新幹線,自家用車,とても満足,綺麗,"20,000円以上 30,000円未満","20,000円以上 30,000円未満","5,000円以上 10,000円未満",6～10回目,観光展・物産展,近江町市場,,兼六園,,使わない,とても満足,,とても満足,,感じなかった,,10,,また行きたい（1年以内）,特になし,男,1958,石川県,白山市,300万円以上 400万円未満,能登牛が当たる,,,
金沢エリア,石川県政記念しいのき迎賓館,2024/01/06 14:34:42,同意する,1泊,1泊,金沢エリア  （湯涌温泉、深谷温泉、犀川温泉など）,石川県外には泊まらない,恋人,"名所、旧跡の観光, まちあるき、都市散策",新幹線,路線バス,満足,安くて便利,"10,000円以上 20,000円未満","1,000円以上 3,000円未満","10,000円以上 20,000円未満",2～5回目,観光パンフレット・ポスター,兼六園,,近江町市場,,使わない,満足,,満足,,感じなかった,,5,,また行きたい（1年以内）,寿司,女,1973,新潟県,長岡市,300万円以上 400万円未満,能登牛が当たる,,,
金沢エリア,石川県政記念しいのき迎賓館,2024/01/07 12:40:16,同意する,日帰り,石川県内には宿泊しない,石川県内には宿泊しない,石川県外には泊まらない,小学生以下連れの家族,"買い物、アウトレット, お祭りやイベントへの参加・見物",新幹線,"路線バス, 徒歩",満足,新幹線のオトクなきっぷがあったから。,使わない,"3,000円以上 5,000円未満","3,000円以上 5,000円未満",6～10回目,"インターネット・アプリ, ブログ",選択なし/該当施設なし,香林坊大和,選択なし/該当施設なし,金沢百番街,"1,000円以上 3,000円未満",不満,システムトラブルでカード決済ができなかった。,満足,美味しいレストランがある。,感じなかった,,7,現状で満足。,機会があれば行きたい,特になし。,男,1971,富山県,富山市,"900万円以上 1,000万円未満",能登牛が当たる,,,特になし。
金沢エリア,石川県政記念しいのき迎賓館,2024/01/25 14:03:57,同意する,日帰り,石川県内には宿泊しない,石川県内には宿泊しない,富山県,小学生以下連れの家族,地元の美味しいものを食べる,自家用車,自家用車,とても満足,雪でも除雪が完璧だった,"10,000円以上 20,000円未満","3,000円以上 5,000円未満","10,000円以上 20,000円未満",6～10回目,Instagram,選択なし/該当施設なし,今回はしいのきのポールポキューズのためだけにきた,兼六園,,"10,000円以上 20,000円未満",とても満足,ポールボキューズが大好き,とても満足,綺麗、駐車場からぬれずにこれる,感じた,1万円以上使っても駐車券が2時間分しかくれない,8,ポールボキューズがあればもうなにも。！,また行きたい（1年以内）,金沢といえば兼六園とポールポキューズが我が家の定番コース。図書館も大好きです。富山にいるうちにまたきます！,女,1991,富山県,富山市,600万円以上 700万円未満,"能登牛が当たる, ひゃくまさんが好き, なんとなく",,,本当に美味しかったからまたきたいしみんなにも食べてもらいたい
金沢エリア,石川県政記念しいのき迎賓館,2024/01/31 16:05:28,同意する,日帰り,石川県内には宿泊しない,石川県内には宿泊しない,石川県外には泊まらない,小学生以下連れの家族,地元の美味しいものを食べる,自家用車,自家用車,,,使わない,"1,000円以上 3,000円未満","5,000円以上 10,000円未満",6～10回目,"インターネット・アプリ, Instagram",選択なし/該当施設なし,,兼六園,,"5,000円以上 10,000円未満",とても満足,,満足,,感じなかった,,8,,また行きたい（1年以内）,地産食材の美味しい料理,男,1990,富山県,富山市,600万円以上 700万円未満,能登牛が当たる,,,
金沢エリア,石川県政記念しいのき迎賓館,2024/02/03 13:24:14,同意する,1泊,1泊,加賀エリア （山代温泉、山中温泉、片山津温泉、粟津温泉、辰口温泉、加賀市、小松市など）,石川県外には泊まらない,恋人,"宿でのんびり過ごす, 温泉や露天風呂",自家用車,自家用車,とても満足,,"30,000円以上 40,000円未満","1,000円以上 3,000円未満","10,000円以上 20,000円未満",6～10回目,友人・知人,選択なし/該当施設なし,,金沢21世紀美術館,,使わない,満足,,満足,,感じなかった,,8,,また行きたい（1年以内）,マルシェ,男,1996,石川県,白山市,"1,000万円以上 1,200万円未満","能登牛が当たる, ひゃくまさんが好き",,,
金沢エリア,石川県政記念しいのき迎賓館,2024/02/03 13:26:22,同意する,1泊,1泊,加賀エリア （山代温泉、山中温泉、片山津温泉、粟津温泉、辰口温泉、加賀市、小松市など）,石川県外には泊まらない,恋人,"宿でのんびり過ごす, 温泉や露天風呂",自家用車,自家用車,,,"20,000円以上 30,000円未満","5,000円以上 10,000円未満","10,000円以上 20,000円未満",2～5回目,友人・知人,兼六園,,近江町市場,,"1,000円未満",とても満足,,とても満足,,感じなかった,,10,,また行きたい（1年以内）,特になし,女,1996,石川県,白山市,400万円以上 500万円未満,"能登牛が当たる, ひゃくまさんが好き",,,
金沢エリア,石川県政記念しいのき迎賓館,2024/02/12 10:49:23,同意する,1泊,1泊,金沢エリア  （湯涌温泉、深谷温泉、犀川温泉など）,大阪府,自分ひとり,"宿でのんびり過ごす, まちあるき、都市散策",在来線,在来線,とても満足,のどかな街並みを見れ、美味しい寒鰤を食べれたため,"20,000円以上 30,000円未満","20,000円以上 30,000円未満","20,000円以上 30,000円未満",初めて,観光展・物産展,選択なし/該当施設なし,西茶屋街,近江町市場,,"3,000円以上 5,000円未満",満足,人混みが少なく綺麗なため,満足,光のアートが大変美しかったため,感じなかった,,10,,また行きたい（1年以内）,特になし,男,1992,大阪府,大阪市,500万円以上 600万円未満,能登牛が当たる,,,食事も景色も良いため
金沢エリア,石川県政記念しいのき迎賓館,2024/02/12 14:39:32,同意する,日帰り,石川県内には宿泊しない,石川県内には宿泊しない,石川県外には泊まらない,夫婦2人,お祭りやイベントへの参加・見物,県外から訪れていない（石川県内在住）,徒歩,,,"1,000円未満",使わない,"1,000円未満",11回目以上,観光パンフレット・ポスター,選択なし/該当施設なし,,選択なし/該当施設なし,,使わない,とても満足,のんびりできる,とても満足,ゆったりできる,感じなかった,,10,今のままで良い,石川県在住,現実逃避,男,1967,石川県,金沢市,300万円以上 400万円未満,能登牛が当たる,,,歴史的建物
金沢エリア,石川県政記念しいのき迎賓館,2024/02/12 16:18:05,同意する,1泊,1泊,金沢エリア  （湯涌温泉、深谷温泉、犀川温泉など）,石川県外には泊まらない,恋人,"地元の美味しいものを食べる, 名所、旧跡の観光",新幹線,路線バス,とても満足,定刻通りバスが運行されていた,"10,000円以上 20,000円未満","5,000円以上 10,000円未満","5,000円以上 10,000円未満",2～5回目,友人・知人,兼六園,,金沢21世紀美術館,,使わない,どちらでもない,,とても満足,清潔感がある,感じなかった,,10,,また行きたい（1年以内）,特になし,女,1974,石川県,金沢市,700万円以上 800万円未満,能登牛が当たる,,,いしがきが眺められのんびりできる
金沢エリア,石川県政記念しいのき迎賓館,2024/02/14 13:00:10,同意する,1泊,1泊,金沢エリア  （湯涌温泉、深谷温泉、犀川温泉など）,石川県外には泊まらない,職場の同僚,出張など仕事関係,新幹線,"タクシー, 徒歩",満足,主要観光地の案内があった,"10,000円以上 20,000円未満","20,000円以上 30,000円未満","5,000円以上 10,000円未満",初めて,タクシードライバーや地元の人,金沢21世紀美術館,,選択なし/該当施設なし,四高,使わない,どちらでもない,,満足,免震層の見学ができたこと,感じなかった,,5,,機会があれば行きたい,海鮮、カレー、酒,女,1997,東京都,江東区,400万円以上 500万円未満,なんとなく,,,金沢駅
金沢エリア,石川県政記念しいのき迎賓館,2024/02/16 14:55:40,同意する,1泊,1泊,金沢エリア  （湯涌温泉、深谷温泉、犀川温泉など）,石川県外には泊まらない,夫婦2人,"地元の美味しいものを食べる, 名所、旧跡の観光, まちあるき、都市散策",在来線,徒歩,,,"5,000円以上 10,000円未満","1,000円未満","20,000円以上 30,000円未満",初めて,クリームブリュレの看板に惹かれて入ったため特になし,近江町市場,,金沢21世紀美術館,,"1,000円未満",とても満足,レストランが静かで落ち着いた時間を過ごせた,とても満足,お手洗いが綺麗だった,感じなかった,,10,一目でわかる大きな周辺観光マップの設置があれば便利です(既にあれば申し訳ございません),また行きたい（1年以内）,特になし,女,1994,大阪府,大阪市,600万円以上 700万円未満,能登牛が当たる,,,食べ物。海鮮や能登牛など美味しいものが食べられるため
金沢エリア,石川県政記念しいのき迎賓館,2024/02/17 13:48:31,同意する,1泊,1泊,金沢エリア  （湯涌温泉、深谷温泉、犀川温泉など）,石川県外には泊まらない,小学生以下連れの家族,買い物、アウトレット,在来線,徒歩,,,"5,000円以上 10,000円未満","3,000円以上 5,000円未満","5,000円以上 10,000円未満",2～5回目,特にありません,選択なし/該当施設なし,新竪町商店街,選択なし/該当施設なし,金沢城公園,"1,000円以上 3,000円未満",満足,1歳の子どもとゆっくり食事がとれたので。おむつ替もできて助かりました,満足,混みすぎずゆっくりできました。,感じなかった,,8,,また行きたい（1年以内）,地元の食材が使われた、なるべく無添加のもの,女,1985,富山県,滑川市,300万円以上 400万円未満,能登牛が当たる,,,OMO5(新しい金沢の魅力が発見できました)金沢城やしいのき迎賓館(天気が良ければ散歩が楽しめます)
金沢エリア,石川県政記念しいのき迎賓館,2024/02/17 16:44:43,同意する,1泊,1泊,加賀エリア （山代温泉、山中温泉、片山津温泉、粟津温泉、辰口温泉、加賀市、小松市など）,石川県外には泊まらない,親,"宿でのんびり過ごす, 温泉や露天風呂, 地元の美味しいものを食べる, テーマパーク（遊園地、動物園、博物館など）",在来線,路線バス,満足,本数がおおいので,"20,000円以上 30,000円未満","10,000円以上 20,000円未満","5,000円以上 10,000円未満",初めて,インターネット・アプリ,兼六園,,ひがし茶屋街,,使わない,満足,パンフレットをいただきました,どちらでもない,建物は素敵ですがなにもすることがないので。,感じなかった,,5,おみやげが買えるといいと思いました。,また行きたい（1年以内）,温泉と海鮮が楽しみです,女,1973,京都府,京都市,400万円以上 500万円未満,能登牛が当たる,,,海鮮がおいしかったです。
金沢エリア,石川県政記念しいのき迎賓館,2024/02/17 17:59:57,同意する,3泊,3泊,金沢エリア  （湯涌温泉、深谷温泉、犀川温泉など）,石川県外には泊まらない,夫婦2人,"宿でのんびり過ごす, 温泉や露天風呂, 地元の美味しいものを食べる, 名所、旧跡の観光",新幹線,徒歩,,,"50,000円以上 100,000円未満","30,000円以上 40,000円未満","20,000円以上 30,000円未満",2～5回目,インターネット・アプリ,選択なし/該当施設なし,国立工芸館,尾山神社,,"1,000円未満",満足,,満足,,感じなかった,,5,,また行きたい（1年以内）,のどぐろ,男,1986,東京都,墨田区,"1,500万円以上",能登牛が当たる,,,
金沢エリア,石川県政記念しいのき迎賓館,2024/02/17 18:00:15,同意する,3泊,3泊,金沢エリア  （湯涌温泉、深谷温泉、犀川温泉など）,石川県外には泊まらない,夫婦2人,"温泉や露天風呂, 地元の美味しいものを食べる",新幹線,徒歩,,,"50,000円以上 100,000円未満","30,000円以上 40,000円未満","20,000円以上 30,000円未満",初めて,インターネット・アプリ,選択なし/該当施設なし,国立工芸館,尾山神社,,使わない,満足,,とても満足,,感じなかった,,8,,機会があれば行きたい,地元の食材を使った食事（魚、野菜、お肉なんでも美味しかったです！）,女,1985,東京都,墨田区,"1,500万円以上",能登牛が当たる,,,
金沢エリア,石川県政記念しいのき迎賓館,2024/02/24 14:01:43,同意する,2泊,2泊,金沢エリア  （湯涌温泉、深谷温泉、犀川温泉など）,石川県外には泊まらない,夫婦2人,"地元の美味しいものを食べる, 名所、旧跡の観光",在来線,路線バス,満足,いつバスが来るかがわかりやすいため,"40,000円以上 50,000円未満","10,000円以上 20,000円未満","20,000円以上 30,000円未満",初めて,"観光展・物産展, 観光パンフレット・ポスター, Instagram, ブログ, 友人・知人",兼六園,,ひがし茶屋街,,"1,000円以上 3,000円未満",とても満足,,とても満足,石川県の芸術を感じられるため。また、清潔感のある施設だったため。,感じなかった,,10,,また行きたい（1年以内）,星が綺麗な印象なので、星ツアーなどがあると嬉しいです。,女,1990,大阪府,大阪市,"1,500万円以上","能登牛が当たる, 石川県のおすすめ観光スポットが見たい",,,アクセスも良く、芸術を身近に感じられるため。
金沢エリア,石川県政記念しいのき迎賓館,2024/02/27 12:30:41,同意する,4泊以上,4泊以上,金沢エリア  （湯涌温泉、深谷温泉、犀川温泉など）,石川県外には泊まらない,自分ひとり,出張など仕事関係,飛行機,レンタサイクル,とても満足,台数もポートも多く便利,"10,000円以上 20,000円未満","3,000円以上 5,000円未満","40,000円以上 50,000円未満",初めて,友人・知人,金沢21世紀美術館,,尾山神社,,"30,000円以上 40,000円未満",とても満足,建物がすばらしい,とても満足,自由に休憩できて良い,感じなかった,,4,特になし,また行きたい（1年以内）,観光客価格で高い,女,1977,広島県,広島市,"1,500万円以上",能登牛が当たる,,,食べ物
金沢エリア,石川県政記念しいのき迎賓館,2024/03/03 10:38:11,同意する,1泊,1泊,金沢エリア  （湯涌温泉、深谷温泉、犀川温泉など）,石川県外には泊まらない,友人,"地元の美味しいものを食べる, 名所、旧跡の観光",新幹線,徒歩,満足,けんこう,"3,000円以上 5,000円未満","10,000円以上 20,000円未満","20,000円以上 30,000円未満",初めて,観光展・物産展,金沢21世紀美術館,,近江町市場,,"1,000円以上 3,000円未満",とても満足,ガイドの方,とても満足,時代を感じた,感じなかった,,8,免震構造,また行きたい（1年以内）,なし,女,1955,埼玉県,さいたま市,100万円未満,"能登牛が当たる, ひゃくまさんが好き, 石川県のおすすめ観光スポットが見たい, 石川県の雑学を知りたい",,,金沢城
金沢エリア,石川県政記念しいのき迎賓館,2024/03/03 10:38:41,同意する,1泊,1泊,金沢エリア  （湯涌温泉、深谷温泉、犀川温泉など）,石川県外には泊まらない,友人,地元の美味しいものを食べる,新幹線,徒歩,,,"10,000円以上 20,000円未満","20,000円以上 30,000円未満","10,000円以上 20,000円未満",初めて,観光パンフレット・ポスター,近江町市場,,近江町市場,,使わない,どちらでもない,,とても満足,,感じなかった,,10,,また行きたい（1年以内）,香箱かに　能登牛,男,1963,埼玉県,さいたま市,800万円以上 900万円未満,能登牛が当たる,,,金箔貼り体験　普段出来ないので
金沢エリア,石川県政記念しいのき迎賓館,2024/03/03 10:43:32,同意する,1泊,1泊,金沢エリア  （湯涌温泉、深谷温泉、犀川温泉など）,石川県外には泊まらない,友人,"地元の美味しいものを食べる, 名所、旧跡の観光, 各種体験（手作り、果物狩りなど）",新幹線,徒歩,,,"10,000円以上 20,000円未満","20,000円以上 30,000円未満","20,000円以上 30,000円未満",初めて,たまたま通りかかって,金沢21世紀美術館,,選択なし/該当施設なし,能登牛を食べに行って金沢駅で買い物,使わない,とても満足,しいのき迎賓館の案内をして頂いた。とても良かったです。,とても満足,同上,感じなかった,,10,奥能登支援出来ると良いと思います。,また行きたい（1年以内）,奥能登が復興できれば良いと思います。,女,1963,埼玉県,さいたま市,"1,200万円以上 1,500万円未満","能登牛が当たる, 石川県の雑学を知りたい",,,今まで何度も来ているか、初めて入ってガイドして頂いて、勉強になったし楽しかったです。
金沢エリア,石川県政記念しいのき迎賓館,2024/03/03 13:39:03,同意する,1泊,1泊,金沢エリア  （湯涌温泉、深谷温泉、犀川温泉など）,石川県外には泊まらない,夫婦2人,地元の美味しいものを食べる,在来線,"路線バス, 徒歩",,,"10,000円以上 20,000円未満","10,000円以上 20,000円未満","20,000円以上 30,000円未満",11回目以上,"新聞・雑誌・ガイドブック, 観光パンフレット・ポスター, インターネット・アプリ",金沢21世紀美術館,,金沢21世紀美術館,,"1,000円未満",とても満足,,とても満足,,感じなかった,,8,,また行きたい（1年以内）,寿司がおいしい！,女,1963,京都府,京都市,500万円以上 600万円未満,能登牛が当たる,,,
金沢エリア,石川県政記念しいのき迎賓館,2024/03/04 23:24:36,同意する,2泊,石川県内には宿泊しない,金沢エリア  （湯涌温泉、深谷温泉、犀川温泉など）,石川県外には泊まらない,友人,"地元の美味しいものを食べる, 名所、旧跡の観光, テーマパーク（遊園地、動物園、博物館など）, まちあるき、都市散策",県外から訪れていない（石川県内在住）,"路線バス, 徒歩",満足,本数はそれなりに揃っていて割と時間通りにくる。ただ夕方や朝方の出勤退勤の時間に重なると混んでいるため。,使わない,"3,000円以上 5,000円未満","3,000円以上 5,000円未満",初めて,バスのアナウンス,金沢21世紀美術館,,尾山神社,,"1,000円未満",どちらでもない,月曜日に訪れたためレストランがやっておらず、特に商品、サービスに触れなかったため。,満足,休憩できる場所がいくつかあったり、施設のデザインが綺麗だから。ただ、月曜に訪れたためか何をする場所なのかよくわからなかった。,感じた,無料で受付なく入っていい場所なのか最初戸惑いを感じた。,7,,石川県在住,飲食可能な休憩場所が増えて欲しい、柚蜜サイダーと生麩が大好きなのでこれらを手頃に買えるお土産が欲しい、,女,2004,石川県,金沢市,100万円未満,能登牛が当たる,,,夜の石垣のライトアップを休憩がてら観るのに最適な場所だったから。
金沢エリア,石川県政記念しいのき迎賓館,2024/03/05 8:03:01,同意する,日帰り,石川県内には宿泊しない,石川県内には宿泊しない,日帰り,友人,地元の美味しいものを食べる,在来線,徒歩,,,"10,000円以上 20,000円未満","3,000円以上 5,000円未満","10,000円以上 20,000円未満",初めて,通りがかり,近江町市場,,ひがし茶屋街,,使わない,満足,観光案内のパンフレットが充実している,とても満足,落ち着いた空間,感じなかった,,8,郷土料理の紹介やシアターでの街紹介,機会があれば行きたい,郷土料理や特産品を楽しみたい,女,1972,京都府,京都市,"900万円以上 1,000万円未満",能登牛が当たる,,,ゆったりと過ごせる
金沢エリア,石川県政記念しいのき迎賓館,2024/03/16 12:24:33,同意する,4泊以上,2泊,金沢エリア  （湯涌温泉、深谷温泉、犀川温泉など）,愛知県,友人,"温泉や露天風呂, 花見や紅葉などの自然鑑賞",新幹線,徒歩,,,"10,000円以上 20,000円未満","10,000円以上 20,000円未満","3,000円以上 5,000円未満",初めて,友人・知人,尾山神社,,金沢21世紀美術館,,使わない,とても満足,,とても満足,,感じなかった,,9,パンフレットなどの観光案内資料があり、非常に助かりました。,また行きたい（1年以内）,金沢おでん,女,2004,東京都,江東区,100万円未満,"能登牛が当たる, 動く３Dひゃくまんさんを見たい, 石川県のおすすめ観光スポットが見たい",,,街並みが綺麗で非常に落ち着く雰囲気が素敵だと思いました。
金沢エリア,石川県政記念しいのき迎賓館,2024/03/16 12:25:03,同意する,4泊以上,2泊,金沢エリア  （湯涌温泉、深谷温泉、犀川温泉など）,愛知,友人,"宿でのんびり過ごす, 地元の美味しいものを食べる, 名所、旧跡の観光",新幹線,徒歩,,,"10,000円以上 20,000円未満","3,000円以上 5,000円未満","10,000円以上 20,000円未満",初めて,通りすがった時に綺麗な建物だと思って入った,尾山神社,,金沢21世紀美術館,,使わない,どちらでもない,,とても満足,,感じなかった,,7,,また行きたい（1年以内）,金箔アイスや、食べ歩き、ゆったりできる雰囲気,女,2005,東京都,江東区,200万円以上 300万円未満,能登牛が当たる,,,外観がとても綺麗で中に入ってゆったりとすることができる。施設自体がとても綺麗。
金沢エリア,石川県政記念しいのき迎賓館,2024/03/16 18:29:06,同意する,3泊,3泊,金沢エリア  （湯涌温泉、深谷温泉、犀川温泉など）,石川県外には泊まらない,自分ひとり,"地元の美味しいものを食べる, 名所、旧跡の観光, まちあるき、都市散策, 災害ボランティア","新幹線, 高速バス","路線バス, 徒歩",満足,便数が多い,"10,000円以上 20,000円未満","10,000円以上 20,000円未満","20,000円以上 30,000円未満",初めて,"新聞・雑誌・ガイドブック, インターネット・アプリ",兼六園,,金沢21世紀美術館,,使わない,満足,,満足,,感じなかった,,8,,機会があれば行きたい,特になし,男,2001,岡山県,岡山市,100万円以上 200万円未満,能登牛が当たる,,,
金沢エリア,石川県政記念しいのき迎賓館,2024/04/07 12:37:13,同意する,1泊,1泊,金沢エリア  （湯涌温泉、深谷温泉、犀川温泉など）,石川県外には泊まらない,小学生以下連れの家族,"宿でのんびり過ごす, 温泉や露天風呂, 地元の美味しいものを食べる, 花見や紅葉などの自然鑑賞",自家用車,自家用車,どちらでもない,,"100,000円以上","1,000円以上 3,000円未満","10,000円以上 20,000円未満",2～5回目,"新聞・雑誌・ガイドブック, インターネット・アプリ",兼六園,,金沢21世紀美術館,,"1,000円以上 3,000円未満",どちらでもない,,満足,,感じなかった,,5,もっと飲食できるお店を増やしてもらいたいです,また行きたい（1年以内）,ちいかわとのコラボグッズ限定品を増やしてもらいたいです,女,1980,富山県,高岡市,800万円以上 900万円未満,能登牛が当たる,とても満足,8,湯涌温泉百楽荘に宿泊しましたが、とても良かったから。
金沢エリア,石川県政記念しいのき迎賓館,2024/04/08 21:46:32,同意する,3泊,3泊,金沢エリア  （湯涌温泉、深谷温泉、犀川温泉など）,石川県外には泊まらない,自分ひとり,"地元の美味しいものを食べる, 名所、旧跡の観光, 買い物、アウトレット, お祭りやイベントへの参加・見物, まちあるき、都市散策, 各種体験（手作り、果物狩りなど）",旅行会社ツアーバス,徒歩,,,"10,000円以上 20,000円未満","10,000円以上 20,000円未満","30,000円以上 40,000円未満",初めて,X(旧：Twitter),近江町市場,,ひがし茶屋街,,使わない,とても満足,,とても満足,,感じなかった,,10,,また行きたい（1年以内）,特になし,男,2002,香川県,仲多度郡まんのう町,200万円以上 300万円未満,"能登牛が当たる, ひゃくまさんが好き",とても満足,10,
金沢エリア,石川県政記念しいのき迎賓館,2024/04/16 7:08:40,同意する,2泊,2泊,金沢エリア  （湯涌温泉、深谷温泉、犀川温泉など）,石川県外には泊まらない,親,"地元の美味しいものを食べる, 花見や紅葉などの自然鑑賞, 名所、旧跡の観光, 買い物、アウトレット","新幹線, 在来線",路線バス,とても満足,車椅子でも気持ちよく乗せていただきました,"30,000円以上 40,000円未満","3,000円以上 5,000円未満","40,000円以上 50,000円未満",初めて,新聞・雑誌・ガイドブック,金沢21世紀美術館,,兼六園,,使わない,どちらでもない,特に何もなかった,不満,もう少し中を見学できるとかかと思っていた,感じた,段差が多い,6,フラットで見学しやすい雰囲気,機会があれば行きたい,金箔、お麩、輪島塗,女,1983,兵庫県,明石市,500万円以上 600万円未満,能登牛が当たる,とても満足,10,固まって色々あって見学しやすい
金沢エリア,石川県政記念しいのき迎賓館,2024/05/04 10:49:11,同意する,4泊以上,2泊,金沢エリア  （湯涌温泉、深谷温泉、犀川温泉など）,富山県,自分ひとり,"宿でのんびり過ごす, 地元の美味しいものを食べる, 名所、旧跡の観光, テーマパーク（遊園地、動物園、博物館など）, お祭りやイベントへの参加・見物, スポーツ観戦や芸術鑑賞（コンサート等）",自家用車,自家用車,とても満足,イベントいっぱい!!!。,"10,000円以上 20,000円未満","3,000円以上 5,000円未満","20,000円以上 30,000円未満",初めて,観光協会等の案内所,兼六園,,兼六園,,"1,000円以上 3,000円未満",とても満足,親切に教えてくれました,とても満足,同上,感じなかった,,10,キッチンカーがありました,また行きたい（1年以内）,美味しい,男,1963,秋田県,にかほ市,300万円以上 400万円未満,"能登牛が当たる, ひゃくまさんが好き, 動く３Dひゃくまんさんを見たい, 石川県のおすすめ観光スポットが見たい, 石川県の雑学を知りたい",とても満足,10,楽しい所がいっぱい
金沢エリア,石川県政記念しいのき迎賓館,2024/05/05 9:44:07,同意する,3泊,3泊,金沢エリア  （湯涌温泉、深谷温泉、犀川温泉など）,石川県外には泊まらない,夫婦2人,お祭りやイベントへの参加・見物,"自家用車, 新幹線",路線バス,満足,朝早くて比較的空いていた,使わない,"20,000円以上 30,000円未満","40,000円以上 50,000円未満",初めて,TV・ラジオ番組やCM,選択なし/該当施設なし,九谷焼まつり,近江町市場,,使わない,満足,,満足,,感じなかった,,7,特になしあ,また行きたい（1年以内）,お寿司、和菓子,女,1964,兵庫県,高砂市,"1,000万円以上 1,200万円未満",能登牛が当たる,満足,8,九谷焼まつり
金沢エリア,石川県政記念しいのき迎賓館,2024/05/05 9:55:23,同意する,4泊以上,4泊以上,金沢エリア  （湯涌温泉、深谷温泉、犀川温泉など）,石川県外には泊まらない,夫婦2人,"温泉や露天風呂, 地元の美味しいものを食べる, 九谷茶碗まつり、山中漆器まつり",自家用車,路線バス,満足,スムーズ,使わない,"5,000円以上 10,000円未満","30,000円以上 40,000円未満",初めて,珠洲焼き展示,選択なし/該当施設なし,,近江町市場,,使わない,満足,,とても満足,,感じなかった,,8,,石川県在住,特に無し,男,1961,石川県,金沢市,"1,000万円以上 1,200万円未満",能登牛が当たる,とても満足,10,食事
金沢エリア,石川県政記念しいのき迎賓館,2024/05/21 15:57:36,同意する,日帰り,石川県内には宿泊しない,石川県内には宿泊しない,石川県外には泊まらない,自分ひとり,"花見や紅葉などの自然鑑賞, お祭りやイベントへの参加・見物",県外から訪れていない（石川県内在住）,"路線バス, 徒歩",満足,,"3,000円以上 5,000円未満","1,000円未満","3,000円以上 5,000円未満",2～5回目,"観光パンフレット・ポスター, 友人・知人, 観光協会等の案内所, タクシードライバーや地元の人",選択なし/該当施設なし,大和,尾山神社,,使わない,満足,,満足,,感じなかった,,8,,石川県在住,特になし,その他,2001,石川県,金沢市,100万円未満,能登牛が当たる,満足,8,
金沢エリア,石川県政記念しいのき迎賓館,2024/05/25 17:32:11,同意する,4泊以上,4泊以上,金沢エリア  （湯涌温泉、深谷温泉、犀川温泉など）,石川県外には泊まらない,職場の同僚,出張など仕事関係,"新幹線, 在来線",徒歩,,,"100,000円以上","20,000円以上 30,000円未満","100,000円以上",初めて,インターネット・アプリ,尾山神社,,金沢21世紀美術館,,使わない,どちらでもない,,どちらでもない,,感じなかった,,5,,機会があれば行きたい,治部煮、寿司,男,1982,大阪府,岸和田市,500万円以上 600万円未満,能登牛が当たる,どちらでもない,5,美術館、博物館
金沢エリア,石川県立音楽堂,2023/12/13 21:13:17,同意する,日帰り,石川県内には宿泊しない,石川県内には宿泊しない,石川県外には泊まらない,自分ひとり,スポーツ観戦や芸術鑑賞（コンサート等）,"自家用車, 在来線","自家用車, 在来線",どちらでもない,,"1,000円以上 3,000円未満","1,000円未満","1,000円以上 3,000円未満",6～10回目,"観光パンフレット・ポスター, インターネット・アプリ",金沢21世紀美術館,,選択なし/該当施設なし,,"1,000円以上 3,000円未満",とても満足,25歳割り引きがある,とても満足,3階席からでもステージがよく見える,感じなかった,,10,今年のハープのデュオコンサートの時のような楽器の説明,また行きたい（1年以内）,芸術体験,女,2002,富山県,高岡市,100万円未満,石川県に貢献したい,,,感受性が豊かになり、毎日の生活が楽しくなった。興味のなかったジャンルの曲やクラシック音楽を聞くようになった。
金沢エリア,石川県立音楽堂,2023/12/16 15:40:12,同意する,1泊,1泊,金沢エリア  （湯涌温泉、深谷温泉、犀川温泉など）,石川県外には泊まらない,友人,お祭りやイベントへの参加・見物,夜行バス,徒歩,,,"5,000円以上 10,000円未満","1,000円以上 3,000円未満","5,000円以上 10,000円未満",初めて,インターネット・アプリ,近江町市場,,選択なし/該当施設なし,,"3,000円以上 5,000円未満",とても満足,とても良い会場で見やすかった。,とても満足,設備も綺麗で使いやすかった。,感じなかった,,9,,機会があれば行きたい,特になし。,女,2001,東京都,板橋区,600万円以上 700万円未満,能登牛が当たる,,,観光する場所が多くあったから。
金沢エリア,石川県立音楽堂,2023/12/16 15:40:44,同意する,1泊,1泊,金沢エリア  （湯涌温泉、深谷温泉、犀川温泉など）,石川県外には泊まらない,友人,"地元の美味しいものを食べる, 花見や紅葉などの自然鑑賞",旅行会社ツアーバス,旅行会社ツアーバス,満足,沢山眠れました☺︎,"5,000円以上 10,000円未満","5,000円以上 10,000円未満","20,000円以上 30,000円未満",初めて,X(旧：Twitter),近江町市場,,兼六園,,"5,000円以上 10,000円未満",とても満足,とても快適に過ごせました。,とても満足,全体的に静かで過ごしやすかったです。,感じなかった,,10,,また行きたい（1年以内）,今回の旅行中、大雨が降ってしまったため雨でも楽しめるスポットがあったら嬉しいです！,女,2002,東京都,板橋区,400万円以上 500万円未満,"ひゃくまさんが好き, ARでひゃくまんさんと写真が撮りたかった, 動く３Dひゃくまんさんを見たい",,,ご飯も空気もとっても美味しかったです☺︎ また絶対に来ます
金沢エリア,石川県立音楽堂,2023/12/24 13:41:50,同意する,2泊,2泊,金沢エリア  （湯涌温泉、深谷温泉、犀川温泉など）,石川県外には泊まらない,恋人,地元の美味しいものを食べる,"在来線, 飛行機","路線バス, 徒歩",満足,バスの乗り降りが楽だった,"5,000円以上 10,000円未満","10,000円以上 20,000円未満","30,000円以上 40,000円未満",初めて,Googleマップ,選択なし/該当施設なし,石川県に着いて初めて行った,選択なし/該当施設なし,特に決めていない,使わない,どちらでもない,楽器の展示とかがあったら面白かった,どちらでもない,楽器の展示とかがあったら面白かった,感じなかった,道案内の看板があったのでわかりやすかった。,4,カフェがあるといい,機会があれば行きたい,地元の人が集う居酒屋,男,2000,千葉県,大網白里市,200万円以上 300万円未満,,,,事前に下調べしないと厳しかったため
金沢エリア,石川県立音楽堂,2024/01/09 23:40:01,同意する,4泊以上,4泊以上,金沢エリア  （湯涌温泉、深谷温泉、犀川温泉など）,石川県外には泊まらない,自分ひとり,"地元の美味しいものを食べる, 名所、旧跡の観光, 出張など仕事関係","レンタカー, 飛行機",レンタカー,満足,レンタカー屋さんがとても親切だった,"30,000円以上 40,000円未満","100,000円以上","20,000円以上 30,000円未満",初めて,"新聞・雑誌・ガイドブック, Instagram, 友人・知人",ひがし茶屋街,,近江町市場,,"3,000円以上 5,000円未満",とても満足,窓口の方が丁寧,とても満足,音楽はもちろん、アクセスよく、美術館のような素敵な建物、待ち時間も展示が見れて。邦楽ホールの雰囲気も良かった,感じた,駐車場が少ない？,7,文化芸術の発信、若者の誘致や創造性を育てる取り組み,また行きたい（1年以内）,加賀友禅を着て和風写真とりたい、美味しいお寿司、ききちゃ,女,1983,福岡県,北九州市,200万円以上 300万円未満,"能登牛が当たる, 石川県のおすすめ観光スポットが見たい, 石川県の雑学を知りたい, なんとなく",,,観光地の雰囲気と繊細なお菓子
金沢エリア,石川県立音楽堂,2024/02/06 17:48:53,同意する,4泊以上,1泊,金沢エリア  （湯涌温泉、深谷温泉、犀川温泉など）,富山県,自分ひとり,スポーツ観戦や芸術鑑賞（コンサート等）,新幹線,徒歩,,,"5,000円以上 10,000円未満","20,000円以上 30,000円未満","5,000円以上 10,000円未満",2～5回目,インターネット・アプリ,選択なし/該当施設なし,金沢駅,選択なし/該当施設なし,ホテル,"5,000円以上 10,000円未満",満足,チケットセンターがよく対応してくれた,どちらでもない,休む場所がある,感じなかった,,10,,また行きたい（1年以内）,ゆっくり食事ができる,男,1958,東京都,足立区,400万円以上 500万円未満,石川県のおすすめ観光スポットが見たい,,,良い催し
金沢エリア,石川県立音楽堂,2024/02/10 13:39:41,同意する,2泊,1泊,金沢エリア  （湯涌温泉、深谷温泉、犀川温泉など）,東京,友人,地元の美味しいものを食べる,在来線,在来線,とても満足,サンダーバードで直通だから,"5,000円以上 10,000円未満","5,000円以上 10,000円未満","10,000円以上 20,000円未満",初めて,友人・知人,ひがし茶屋街,,選択なし/該当施設なし,,"1,000円以上 3,000円未満",とても満足,とても興味深い体験だった,とても満足,とても静かで落ち着いた雰囲気,感じなかった,,10,観光客へのホスピタリティに溢れている。何度でも来たい街,また行きたい（1年以内）,予約なしでも入れるお店がもっとあれば,女,1966,大阪府,大阪市,"1,000万円以上 1,200万円未満",ひゃくまさんが好き,,,ホスピタリティ
金沢エリア,石川県立音楽堂,2024/02/10 13:43:24,同意する,1泊,1泊,金沢エリア  （湯涌温泉、深谷温泉、犀川温泉など）,石川県外には泊まらない,友人,友人・親戚を訪ねる,新幹線,徒歩,,,"5,000円以上 10,000円未満","1,000円以上 3,000円未満","10,000円以上 20,000円未満",初めて,友人・知人,選択なし/該当施設なし,到着がすぐにきた,選択なし/該当施設なし,友人宅へ行く,"1,000円以上 3,000円未満",とても満足,雰囲気自体よかった,とても満足,絨毯、壁などなど,感じなかった,,10,なし,また行きたい（1年以内）,特になし,女,1966,京都府,長岡京市,400万円以上 500万円未満,能登牛が当たる,,,ご飯が美味しかった
金沢エリア,石川県立音楽堂,2024/02/18 16:02:29,同意する,日帰り,石川県内には宿泊しない,石川県内には宿泊しない,石川県外には泊まらない,姉妹,姉妹,自家用車,"自家用車, 徒歩",,,使わない,使わない,"1,000円以上 3,000円未満",11回目以上,新聞・雑誌・ガイドブック,金沢21世紀美術館,石川県立図書館,金沢21世紀美術館,石川県立図書,"1,000円以上 3,000円未満",満足,職員が礼儀正しい,満足,職員が礼儀正しい,感じなかった,,8,土産品記念品の充実,また行きたい（1年以内）,とくになし,女,1960,石川県,金沢市,400万円以上 500万円未満,"能登牛が当たる, なんとなく",,,石川県の財産だから知って欲しい
金沢エリア,石川県立音楽堂,2024/02/22 21:13:03,同意する,日帰り,石川県内には宿泊しない,石川県内には宿泊しない,石川県外には泊まらない,親,スポーツ観戦や芸術鑑賞（コンサート等）,県外から訪れていない（石川県内在住）,自家用車,,,使わない,"1,000円未満","5,000円以上 10,000円未満",11回目以上,友人・知人,選択なし/該当施設なし,,選択なし/該当施設なし,,"5,000円以上 10,000円未満",とても満足,,とても満足,,感じなかった,,10,,石川県在住,特になし,女,2001,石川県,白山市,800万円以上 900万円未満,"能登牛が当たる, ひゃくまさんが好き",,,
金沢エリア,石川県立音楽堂,2024/03/17 7:09:17,同意する,日帰り,石川県内には宿泊しない,石川県内には宿泊しない,石川県外には泊まらない,小学生以下連れの家族,お祭りやイベントへの参加・見物,在来線,在来線,不満,金沢駅のホームに登るエレベーターがわかりずらい。2番ホームに行きたかったけど新幹線のエレベーターに乗ってしまいわからなくなった。,使わない,"1,000円未満",使わない,6～10回目,"新聞・雑誌・ガイドブック, 観光パンフレット・ポスター, X(旧：Twitter)",選択なし/該当施設なし,,選択なし/該当施設なし,,使わない,満足,授乳室を貸してくれた。,満足,今日の催しが何なのか少しわかりずらかった,感じた,授乳室のイスは長いソファの方がいい,5,金沢駅コンコースで金沢芸妓やアイドルの出番のときたくさん人だかりができていたけど、県立音楽堂はそんなに使われてなかったので音楽堂の広いスペースも使ったらいいです。,また行きたい（1年以内）,金沢駅はデザイン的で映えるけど七尾駅は地味。もっと伝統的で美しい駅になってほしい。,女,1996,石川県,野々市市,700万円以上 800万円未満,"能登牛が当たる, ひゃくまさんが好き",,,金沢駅 金沢駅周辺でたくさんイベントやコンサートを楽しめたので、もっと他の人たちとも共有したくなりました
金沢エリア,石川県立音楽堂,2024/05/11 17:45:29,同意する,4泊以上,4泊以上,金沢エリア  （湯涌温泉、深谷温泉、犀川温泉など）,石川県外には泊まらない,自分ひとり,"名所、旧跡の観光, 出張など仕事関係, 美術館",新幹線,徒歩,,,"30,000円以上 40,000円未満","30,000円以上 40,000円未満","20,000円以上 30,000円未満",初めて,学会会場,金沢21世紀美術館,,選択なし/該当施設なし,成巽閣、石川県立美術館、大樋美術館,使わない,どちらでもない,,どちらでもない,,感じた,駅の方面が分からない,7,伝統芸能、パイプオルガンによる宗教音楽,機会があれば行きたい,美術館パスの参加施設を増やしてほしい,女,1988,鳥取県,鳥取市,500万円以上 600万円未満,能登牛が当たる,とても満足,10,食事が美味しく、伝統工芸品と美術、成巽閣が魅力的
金沢エリア,石川四高記念文化交流館,2023/12/09 10:21:12,同意する,2泊,2泊,金沢エリア  （湯涌温泉、深谷温泉、犀川温泉など）,石川県外には泊まらない,自分ひとり,"名所、旧跡の観光, 出張など仕事関係",新幹線,徒歩,,,"10,000円以上 20,000円未満","30,000円以上 40,000円未満","5,000円以上 10,000円未満",初めて,"観光パンフレット・ポスター, 観光協会等の案内所",兼六園,,選択なし/該当施設なし,能楽美術館,"1,000円未満",とても満足,展示,とても満足,,感じなかった,,8,,機会があれば行きたい,れきし,女,1965,静岡県,沼津市,"1,000万円以上 1,200万円未満",能登牛が当たる,,,建物と文学
金沢エリア,石川四高記念文化交流館,2023/12/09 11:13:40,同意する,2泊,2泊,加賀エリア （山代温泉、山中温泉、片山津温泉、粟津温泉、辰口温泉、加賀市、小松市など）,石川県外には泊まらない,自分ひとり,"友人・親戚を訪ねる, 出張など仕事関係",県外から訪れていない（石川県内在住）,自家用車,,,"3,000円以上 5,000円未満","3,000円以上 5,000円未満","5,000円以上 10,000円未満",2～5回目,職場,選択なし/該当施設なし,イオン等,選択なし/該当施設なし,能登,使わない,とても満足,,とても満足,,感じなかった,,7,,また行きたい（1年以内）,特になし,女,1999,石川県,輪島市,200万円以上 300万円未満,能登牛が当たる,,,
金沢エリア,石川四高記念文化交流館,2023/12/10 9:45:44,同意する,2泊,2泊,金沢エリア  （湯涌温泉、深谷温泉、犀川温泉など）,石川県外には泊まらない,親,"地元の美味しいものを食べる, 名所、旧跡の観光",在来線,徒歩,,,"10,000円以上 20,000円未満","10,000円以上 20,000円未満","20,000円以上 30,000円未満",初めて,タクシードライバーや地元の人,尾山神社,,ひがし茶屋街,,使わない,満足,,満足,,感じなかった,,7,一息つける珈琲や紅茶などあるといいな,また行きたい（1年以内）,街中はいいが、その他へのアクセスのバスが（車は乗らないため）、本数が少なく使用しづらい,女,1979,大阪府,阪南市,400万円以上 500万円未満,能登牛が当たる,,,
金沢エリア,石川四高記念文化交流館,2023/12/15 13:52:06,同意する,1泊,1泊,金沢エリア  （湯涌温泉、深谷温泉、犀川温泉など）,石川県外には泊まらない,友人,"地元の美味しいものを食べる, 名所、旧跡の観光",在来線,徒歩,,,"5,000円以上 10,000円未満","10,000円以上 20,000円未満","5,000円以上 10,000円未満",初めて,インターネット・アプリ,兼六園,,近江町市場,,使わない,満足,,満足,,感じなかった,,7,,機会があれば行きたい,旧跡・美術関連の観光地ばかりで、現代的な飲食店・アクティビティが無い。若者で旧跡・美術品の興味が無く、すぐに回り終えて暇になってしまった。,男,2002,三重県,津市,"1,000万円以上 1,200万円未満",能登牛が当たる,,,
金沢エリア,石川四高記念文化交流館,2023/12/16 11:43:57,同意する,1泊,1泊,金沢エリア  （湯涌温泉、深谷温泉、犀川温泉など）,石川県外には泊まらない,恋人,"地元の美味しいものを食べる, 名所、旧跡の観光",新幹線,徒歩,どちらでもない,,"10,000円以上 20,000円未満","1,000円以上 3,000円未満","10,000円以上 20,000円未満",初めて,通りすがり,尾山神社,,兼六園,,"1,000円以上 3,000円未満",どちらでもない,,どちらでもない,,感じなかった,,5,,また行きたい（1年以内）,風情があって素敵,男,1982,東京都,豊島区,"1,000万円以上 1,200万円未満",能登牛が当たる,,,
金沢エリア,石川四高記念文化交流館,2023/12/16 15:42:09,同意する,2泊,2泊,能登エリア （和倉温泉、七尾市、輪島市、珠洲市など）,石川県外には泊まらない,夫婦2人,"宿でのんびり過ごす, 温泉や露天風呂, 地元の美味しいものを食べる",新幹線,路線バス,どちらでもない,巨大なスーツケースを持った外国人客が優先席に座っていて降車客が滞り不快だった。,"50,000円以上 100,000円未満","20,000円以上 30,000円未満","10,000円以上 20,000円未満",初めて,歩いていてたまたま入館できることを知った,選択なし/該当施設なし,,金沢21世紀美術館,,使わない,満足,,満足,エレベータなど整備されていて便利。,感じなかった,,5,,また行きたい（1年以内）,美味しい魚介,男,1968,神奈川県,横浜市,600万円以上 700万円未満,能登牛が当たる,,,
金沢エリア,石川四高記念文化交流館,2023/12/19 14:36:24,同意する,3泊,3泊,金沢エリア  （湯涌温泉、深谷温泉、犀川温泉など）,石川県外には泊まらない,自分ひとり,"宿でのんびり過ごす, 温泉や露天風呂",飛行機,路線バス,満足,,"5,000円以上 10,000円未満","30,000円以上 40,000円未満","30,000円以上 40,000円未満",初めて,インターネット・アプリ,金沢21世紀美術館,,近江町市場,,"1,000円以上 3,000円未満",満足,,満足,,感じなかった,,7,,どちらともいえない,特になし,男,1995,東京都,港区,700万円以上 800万円未満,能登牛が当たる,,,
金沢エリア,石川四高記念文化交流館,2023/12/31 16:07:27,同意する,1泊,石川県内には宿泊しない,石川県内には宿泊しない,東京,夫婦2人,"地元の美味しいものを食べる, 名所、旧跡の観光",在来線,タクシー,満足,クレジットカードが使えない,使わない,"5,000円以上 10,000円未満","5,000円以上 10,000円未満",初めて,インターネット・アプリ,選択なし/該当施設なし,,選択なし/該当施設なし,,"1,000円未満",とても満足,4高の事が良くわかった,満足,入り口がわかりにくい,感じなかった,,5,なし,あまり行きたいと思わない,観光客が多いから,男,1962,滋賀県,大津市,300万円以上 400万円未満,能登牛が当たる,,,他に見所が多いので
金沢エリア,石川県立図書館,2023/12/06 14:56:32,同意する,日帰り,石川県内には宿泊しない,石川県内には宿泊しない,石川県外には泊まらない,夫婦2人,名所、旧跡の観光,自家用車,自家用車,満足,駐車場がある,使わない,"3,000円以上 5,000円未満","5,000円以上 10,000円未満",初めて,"TV・ラジオ番組やCM, 友人・知人",金沢21世紀美術館,,選択なし/該当施設なし,,"1,000円未満",満足,,とても満足,,感じなかった,,10,,機会があれば行きたい,特になし,男,1939,福井県,大野市,200万円以上 300万円未満,なんとなく,,,
金沢エリア,石川県立図書館,2023/12/08 13:51:02,同意する,日帰り,石川県内には宿泊しない,石川県内には宿泊しない,石川県外には泊まらない,小学生以下連れの家族,子どもの興味活動のため,県外から訪れていない（石川県内在住）,自家用車,,,使わない,"1,000円未満","1,000円以上 3,000円未満",11回目以上,インターネット・アプリ,選択なし/該当施設なし,,選択なし/該当施設なし,,"1,000円未満",とても満足,,とても満足,,感じなかった,,9,子どもが参加出来る食育活動、キッザニアのような体験、不登校になっている子が気軽に社会と接する事が出来るような活動、ボーイスカウトのような年齢の幅のある子どもが深く探求出来る体験型学習の機会など,石川県在住,オーガニックや無添加食品、持続可能性の高い品質のよいものにおけるより豊かなバリエーションが欲しいです。,女,1977,石川県,白山市,400万円以上 500万円未満,能登牛が当たる,,,
金沢エリア,石川県立図書館,2023/12/26 20:05:26,同意する,日帰り,石川県内には宿泊しない,石川県内には宿泊しない,石川県外には泊まらない,夫婦2人,"温泉や露天風呂, 地元の美味しいものを食べる","自家用車, 新幹線, 県外から訪れていない（石川県内在住）",徒歩,,,"1,000円未満","1,000円未満","1,000円未満",11回目以上,インターネット・アプリ,選択なし/該当施設なし,,選択なし/該当施設なし,,"1,000円未満",とても満足,,とても満足,,感じなかった,,10,,石川県在住,傘袋袋をリユースできたらいいなと思う。,女,1977,石川県,金沢市,200万円以上 300万円未満,"能登牛が当たる, ひゃくまさんが好き",,,
金沢エリア,石川県立図書館,2024/03/17 11:05:42,同意する,日帰り,石川県内には宿泊しない,石川県内には宿泊しない,石川県外には泊まらない,夫婦2人,名所、旧跡の観光,在来線,自家用車,満足,観光地がまとまっている,"3,000円以上 5,000円未満","5,000円以上 10,000円未満","3,000円以上 5,000円未満",2～5回目,観光パンフレット・ポスター,兼六園,,近江町市場,,使わない,とても満足,休憩スペースが充実,満足,落ち着いたデザイン,感じなかった,,10,現代アートにでの装飾,また行きたい（1年以内）,交通機関の充実,男,1960,石川県,金沢市,500万円以上 600万円未満,能登牛が当たる,,,まとまった観光地
金沢エリア,石川県立図書館,2024/03/20 11:22:00,同意する,日帰り,4泊以上,金沢エリア  （湯涌温泉、深谷温泉、犀川温泉など）,石川県外には泊まらない,自分ひとり,出張など仕事関係,自家用車,自家用車,,素敵な図書館でした,使わない,使わない,"1,000円以上 3,000円未満",11回目以上,観光パンフレット・ポスター,近江町市場,,近江町市場,,"1,000円以上 3,000円未満",とても満足,カフェも良かった,とても満足,素敵な図書館でした,感じなかった,,10,,石川県在住,近江町市場は飲食費が高い,男,1978,石川県,金沢市,600万円以上 700万円未満,能登牛が当たる,,,日本でもここにしか無い図書館でした
金沢エリア,石川県立図書館,2024/03/23 13:40:13,同意する,日帰り,石川県内には宿泊しない,石川県内には宿泊しない,岐阜県,自分ひとり,温泉や露天風呂,県外から訪れていない（石川県内在住）,自家用車,どちらでもない,,使わない,"1,000円未満","1,000円以上 3,000円未満",2～5回目,X(旧：Twitter),金沢21世紀美術館,,近江町市場,,使わない,満足,,満足,,感じなかった,,10,,石川県在住,おいしい海産物,その他,1980,石川県,金沢市,200万円以上 300万円未満,能登牛が当たる,,,
金沢エリア,石川県立歴史博物館,2023/12/06 10:58:15,同意する,日帰り,石川県内には宿泊しない,石川県内には宿泊しない,石川県外には泊まらない,友人,"地元の美味しいものを食べる, 名所、旧跡の観光, まちあるき、都市散策","自家用車, 県外から訪れていない（石川県内在住）","自家用車, 徒歩",とても満足,とても展示がよくできてすばらしい,"5,000円以上 10,000円未満","5,000円以上 10,000円未満","5,000円以上 10,000円未満",2～5回目,"新聞・雑誌・ガイドブック, インターネット・アプリ",兼六園,,近江町市場,,"5,000円以上 10,000円未満",とても満足,スタッフのみなさん親切です,とても満足,映像やジオラマなど駆使してすてきです,感じなかった,,5,,また行きたい（1年以内）,特になし,女,1957,石川県,金沢市,100万円未満,能登牛が当たる,,,金沢はみなさん親切です
金沢エリア,石川県立歴史博物館,2023/12/06 11:16:28,同意する,日帰り,石川県内には宿泊しない,石川県内には宿泊しない,石川県外には泊まらない,自分ひとり,地元の美味しいものを食べる,自家用車,自家用車,とても満足,落ち着けた,使わない,"5,000円以上 10,000円未満","1,000円未満",初めて,友人・知人,ひがし茶屋街,中村記念美術館,選択なし/該当施設なし,中村記念美術館,"1,000円未満",満足,同じ様な建物なのに　違う　博物館が入っていて　紛らわしい,満足,静かで落ち着けた,感じた,公共交通機関が少ない,10,,機会があれば行きたい,特になし,女,1953,愛知県,刈谷市,500万円以上 600万円未満,能登牛が当たる,,,静かで落ち着けた所
金沢エリア,石川県立歴史博物館,2023/12/06 11:36:08,同意する,日帰り,石川県内には宿泊しない,石川県内には宿泊しない,石川県外には泊まらない,夫婦2人,ドライブ・ツーリング,自家用車,自家用車,満足,,"1,000円未満","1,000円未満","1,000円未満",初めて,観光パンフレット・ポスター,兼六園,,ひがし茶屋街,,"1,000円未満",満足,,満足,,感じなかった,,3,,機会があれば行きたい,特になし,女,1953,愛知県,刈谷市,500万円以上 600万円未満,能登牛が当たる,,,
金沢エリア,石川県立歴史博物館,2023/12/10 13:57:11,同意する,3泊,3泊,金沢エリア  （湯涌温泉、深谷温泉、犀川温泉など）,石川県外には泊まらない,友人,"地元の美味しいものを食べる, 名所、旧跡の観光, 買い物、アウトレット","新幹線, 在来線",路線バス,不満,100円バスが非常に混んでいた,"30,000円以上 40,000円未満","5,000円以上 10,000円未満","40,000円以上 50,000円未満",初めて,新聞・雑誌・ガイドブック,兼六園,,近江町市場,,"1,000円未満",満足,,満足,,感じた,団体割引価格にするために、他施設の紙チケットを提示する必要があったが、紛失してしまい提示できず適用されなかった。電子決済など支払い履歴などで確認可能なのに、紙チケットか電子クーポン限定での適用なので不公平だ,7,広い空間で開放感があるし、屋内屋外での座れるカフェやキッチンカーなどで疲れた足を休めるスペースが欲しい,また行きたい（1年以内）,季節ごと美味しいお料理や観光をいつも楽しんでいます。新幹線開通し、関西からのサンダーバードで乗換なしが今後できなくなるようで残念です,女,1964,京都府,京都市,100万円以上 200万円未満,"能登牛が当たる, 石川県のおすすめ観光スポットが見たい, 石川県の雑学を知りたい",,,映像展示
金沢エリア,石川県立歴史博物館,2023/12/12 17:03:02,同意する,3泊,3泊,金沢エリア  （湯涌温泉、深谷温泉、犀川温泉など）,石川県外には泊まらない,夫婦2人,"地元の美味しいものを食べる, 名所、旧跡の観光, テーマパーク（遊園地、動物園、博物館など）, まちあるき、都市散策",飛行機,徒歩,,,"30,000円以上 40,000円未満","5,000円以上 10,000円未満","30,000円以上 40,000円未満",初めて,"新聞・雑誌・ガイドブック, 観光パンフレット・ポスター",金沢21世紀美術館,,ひがし茶屋街,,"1,000円未満",満足,,とても満足,,感じなかった,,10,時間がなく利用できず。,機会があれば行きたい,観光施設が充実していて良い,男,1946,山梨県,韮崎市,"1,000万円以上 1,200万円未満",能登牛が当たる,,,展示内容が分かりやすく充実している。
金沢エリア,石川県立歴史博物館,2023/12/14 11:29:15,同意する,2泊,2泊,金沢エリア  （湯涌温泉、深谷温泉、犀川温泉など）,石川県外には泊まらない,夫婦2人,"宿でのんびり過ごす, 名所、旧跡の観光",新幹線,路線バス,とても満足,,"50,000円以上 100,000円未満","10,000円以上 20,000円未満","30,000円以上 40,000円未満",2～5回目,"新聞・雑誌・ガイドブック, インターネット・アプリ",兼六園,,選択なし/該当施設なし,,"3,000円以上 5,000円未満",満足,,とても満足,,感じなかった,,10,,また行きたい（1年以内）,特になし,女,1969,長野県,長野市,300万円以上 400万円未満,ひゃくまさんが好き,,,
金沢エリア,石川県立歴史博物館,2024/01/20 13:21:12,同意する,日帰り,石川県内には宿泊しない,石川県内には宿泊しない,石川県外には泊まらない,自分ひとり,名所、旧跡の観光,自家用車,徒歩,,,使わない,使わない,"3,000円以上 5,000円未満",2～5回目,観光パンフレット・ポスター,選択なし/該当施設なし,,選択なし/該当施設なし,片町飲み,"1,000円未満",満足,レディーガガが見られた,どちらでもない,,感じなかった,,5,飲食スペースありがたい,機会があれば行きたい,特になし,女,1998,東京都,足立区,500万円以上 600万円未満,能登牛が当たる,,,キティがいい
金沢エリア,石川県立歴史博物館,2024/02/04 11:14:52,同意する,1泊,1泊,金沢エリア  （湯涌温泉、深谷温泉、犀川温泉など）,石川県外には泊まらない,友人,地元の美味しいものを食べる,自家用車,自家用車,,,"10,000円以上 20,000円未満","5,000円以上 10,000円未満","10,000円以上 20,000円未満",初めて,観光展・物産展,選択なし/該当施設なし,,選択なし/該当施設なし,,"1,000円以上 3,000円未満",とても満足,キティちゃんの歴史をじっくり見れた,とても満足,,感じなかった,,10,,石川県在住,体を動かして体験できたりするもの,女,1998,石川県,小松市,"1,200万円以上 1,500万円未満",能登牛が当たる,,,
金沢エリア,石川県立歴史博物館,2024/02/15 14:21:58,同意する,1泊,1泊,金沢エリア  （湯涌温泉、深谷温泉、犀川温泉など）,石川県外には泊まらない,親,スポーツ観戦や芸術鑑賞（コンサート等）,県外から訪れていない（石川県内在住）,路線バス,満足,バス停から近かったので,"10,000円以上 20,000円未満","1,000円未満","3,000円以上 5,000円未満",2～5回目,観光パンフレット・ポスター,選択なし/該当施設なし,,選択なし/該当施設なし,,使わない,満足,サンリオ展のグッズが充実していたから,満足,建物の外観も館内も素敵だったから,感じなかった,,10,,石川県在住,特になし,女,1990,石川県,金沢市,300万円以上 400万円未満,能登牛が当たる,,,歴史のある建物と見応えのあるサンリオ展
金沢エリア,石川県立歴史博物館,2024/02/15 16:42:08,同意する,1泊,1泊,金沢エリア  （湯涌温泉、深谷温泉、犀川温泉など）,石川県外には泊まらない,恋人,"名所、旧跡の観光, スポーツ観戦や芸術鑑賞（コンサート等）, まちあるき、都市散策",在来線,徒歩,,,"5,000円以上 10,000円未満","1,000円以上 3,000円未満","5,000円以上 10,000円未満",初めて,"観光パンフレット・ポスター, 観光連盟やDMOのHP, インターネット・アプリ",金沢21世紀美術館,,兼六園,,"1,000円未満",満足,美術品の間隔が広かったので集中して見やすかった。,満足,職員さんも丁寧で施設も綺麗だった。,感じなかった,,9,,機会があれば行きたい,金箔ソフトをもっと色々な店で提供して欲しい。,女,1999,大阪府,摂津市,300万円以上 400万円未満,能登牛が当たる,,,
金沢エリア,石川県立歴史博物館,2024/02/19 15:57:32,同意する,4泊以上,1泊,金沢エリア  （湯涌温泉、深谷温泉、犀川温泉など）,石川県外には泊まらない,小学生以下連れの家族,出張など仕事関係,自家用車,自家用車,満足,美味,"20,000円以上 30,000円未満",使わない,"40,000円以上 50,000円未満",2～5回目,"観光展・物産展, 友人・知人, 観光協会等の案内所, タクシードライバーや地元の人",ひがし茶屋街,,兼六園,,"40,000円以上 50,000円未満",満足,対応が丁寧,満足,サンリオがキレイな建物に展示されている,感じなかった,,7,限定品,機会があれば行きたい,美味,男,1988,長野県,安曇野市,600万円以上 700万円未満,能登牛が当たる,,,サンリオ
金沢エリア,石川県立歴史博物館,2024/02/21 10:49:01,同意する,日帰り,石川県内には宿泊しない,石川県内には宿泊しない,富山県,友人,"テーマパーク（遊園地、動物園、博物館など）, 買い物、アウトレット",自家用車,自家用車,,,使わない,"1,000円未満","1,000円以上 3,000円未満",初めて,観光展・物産展,選択なし/該当施設なし,そらみそ,選択なし/該当施設なし,,"1,000円以上 3,000円未満",満足,,とても満足,,感じなかった,,9,,また行きたい（1年以内）,美味しいものが食べられること,女,2001,富山県,射水市,"1,000万円以上 1,200万円未満",能登牛が当たる,,,
金沢エリア,石川県立歴史博物館,2024/02/21 15:56:33,同意する,1泊,1泊,金沢エリア  （湯涌温泉、深谷温泉、犀川温泉など）,石川県外には泊まらない,夫婦2人,"名所、旧跡の観光, まちあるき、都市散策",在来線,徒歩,,,"10,000円以上 20,000円未満","5,000円以上 10,000円未満","10,000円以上 20,000円未満",初めて,"観光展・物産展, 観光協会等の案内所",兼六園,,尾山神社,,"1,000円未満",満足,音声ガイド使った,満足,石川の歴史を簡潔に知ることができた,感じなかった,特にない,7,特にわからない,また行きたい（1年以内）,石川の復興を願う,男,1964,兵庫県,尼崎市,500万円以上 600万円未満,能登牛が当たる,,,歴史を知ると見るものも新鮮
金沢エリア,石川県立歴史博物館,2024/02/23 20:29:18,同意する,2泊,2泊,金沢エリア  （湯涌温泉、深谷温泉、犀川温泉など）,石川県外には泊まらない,親,"地元の美味しいものを食べる, 名所、旧跡の観光, まちあるき、都市散策",飛行機,"タクシー, 徒歩",,,"10,000円以上 20,000円未満","1,000円以上 3,000円未満","10,000円以上 20,000円未満",初めて,観光パンフレット・ポスター,選択なし/該当施設なし,ホテル,兼六園,,"1,000円以上 3,000円未満",満足,可愛かったので,満足,,感じなかった,,9,のどぐろ,機会があれば行きたい,特になし,女,2000,東京都,多摩市,"1,500万円以上",能登牛が当たる,,,
金沢エリア,石川県立歴史博物館,2024/02/25 0:20:33,同意する,2泊,1泊,金沢エリア  （湯涌温泉、深谷温泉、犀川温泉など）,富山県,自分ひとり,"宿でのんびり過ごす, 地元の美味しいものを食べる, 名所、旧跡の観光, まちあるき、都市散策",在来線,"路線バス, 徒歩",満足,バスターミナルでの誘導や案内表示が親切だと感じた。,"5,000円以上 10,000円未満","10,000円以上 20,000円未満","5,000円以上 10,000円未満",初めて,"観光パンフレット・ポスター, 観光協会等の案内所, Googleマップの口コミ",兼六園,,ひがし茶屋街,,"1,000円未満",満足,地域の歴史や文化を感じられる展示が充実していた。,満足,荷物預かりサービスや衛生面での満足度が高かった。館内で快適に過ごせた。,感じなかった,,9,,また行きたい（1年以内）,特になし 満足しています,女,1993,兵庫県,明石市,300万円以上 400万円未満,"能登牛が当たる, なんとなく",,,北陸新幹線の利用。今回は敦賀延伸前に一度は来ておきたいと思っての訪問だったが、新幹線のPRが目立ち来月の開業がより楽しみになりました。関西方面の友人知人でも楽しみにしている人がいるので、開業後の訪問もぜひいろんな人に勧めたいと思っています。
金沢エリア,石川県立歴史博物館,2024/03/03 12:56:12,同意する,日帰り,石川県内には宿泊しない,石川県内には宿泊しない,石川県外には泊まらない,親,名所、旧跡の観光,自家用車,自家用車,とても満足,,使わない,"1,000円未満","5,000円以上 10,000円未満",2～5回目,インターネット・アプリ,兼六園,,選択なし/該当施設なし,,"5,000円以上 10,000円未満",とても満足,,とても満足,,感じなかった,,8,,また行きたい（1年以内）,イベントがもっと多いと嬉しい,女,2005,石川県,金沢市,100万円未満,"能登牛が当たる, ひゃくまさんが好き, ARでひゃくまんさんと写真が撮りたかった, ひゃくまんさんの名刺をコレクションしている, 動く３Dひゃくまんさんを見たい, 石川県のおすすめ観光スポットが見たい, 石川県の雑学を知りたい",,,
金沢エリア,石川県立歴史博物館,2024/03/08 13:49:12,同意する,日帰り,石川県内には宿泊しない,石川県内には宿泊しない,福井県,恋人,"地元の美味しいものを食べる, 名所、旧跡の観光",在来線,徒歩,,,使わない,"1,000円未満","3,000円以上 5,000円未満",初めて,"TV・ラジオ番組やCM, 観光パンフレット・ポスター",金沢21世紀美術館,,近江町市場,,"1,000円以上 3,000円未満",どちらでもない,,どちらでもない,,感じた,ロッカーがない,7,,機会があれば行きたい,グルメ,男,1968,大阪府,豊中市,400万円以上 500万円未満,ひゃくまさんが好き,,,
金沢エリア,石川県立歴史博物館,2024/03/08 15:01:00,同意する,2泊,2泊,金沢エリア  （湯涌温泉、深谷温泉、犀川温泉など）,石川県外には泊まらない,家族,"地元の美味しいものを食べる, 花見や紅葉などの自然鑑賞, 名所、旧跡の観光, まちあるき、都市散策","新幹線, 在来線",徒歩,,,"10,000円以上 20,000円未満",使わない,"5,000円以上 10,000円未満",初めて,新聞・雑誌・ガイドブック,兼六園,,近江町市場,,使わない,満足,,満足,,感じなかった,,8,,また行きたい（1年以内）,特になし,女,2001,茨城県,牛久市,"1,000万円以上 1,200万円未満",能登牛が当たる,,,
金沢エリア,石川県立歴史博物館,2024/03/08 15:02:32,同意する,2泊,2泊,金沢エリア  （湯涌温泉、深谷温泉、犀川温泉など）,石川県外には泊まらない,家族,"宿でのんびり過ごす, 温泉や露天風呂, 地元の美味しいものを食べる, 名所、旧跡の観光, まちあるき、都市散策",新幹線,徒歩,,,"10,000円以上 20,000円未満",使わない,"3,000円以上 5,000円未満",初めて,新聞・雑誌・ガイドブック,兼六園,,近江町市場,,使わない,とても満足,,とても満足,,感じなかった,,10,,また行きたい（1年以内）,特になし,女,1971,茨城県,牛久市,"1,000万円以上 1,200万円未満","能登牛が当たる, 石川県のおすすめ観光スポットが見たい, 石川県の雑学を知りたい",,,
金沢エリア,石川県立歴史博物館,2024/03/09 11:48:33,同意する,3泊,3泊,金沢エリア  （湯涌温泉、深谷温泉、犀川温泉など）,石川県外には泊まらない,自分ひとり,"地元の美味しいものを食べる, 名所、旧跡の観光",在来線,在来線,満足,新幹線が開通すると北陸本線が利用できなくなるので最後な記念で来ました,"20,000円以上 30,000円未満","10,000円以上 20,000円未満","40,000円以上 50,000円未満",2～5回目,観光パンフレット・ポスター,兼六園,,選択なし/該当施設なし,金沢暮らしの博物館,"1,000円未満",どちらでもない,あまり興味のある分野ではない,どちらでもない,,感じなかった,,10,,機会があれば行きたい,茶道文化体験,無回答,1969,兵庫県,豊岡市,700万円以上 800万円未満,能登牛が当たる,,,金沢の茶道文化
金沢エリア,石川県立歴史博物館,2024/03/10 22:42:30,同意する,1泊,1泊,加賀エリア （山代温泉、山中温泉、片山津温泉、粟津温泉、辰口温泉、加賀市、小松市など）,石川県外には泊まらない,友人,お祭りやイベントへの参加・見物,新幹線,"路線バス, 徒歩",,,"5,000円以上 10,000円未満","20,000円以上 30,000円未満","20,000円以上 30,000円未満",初めて,観光パンフレット・ポスター,兼六園,,選択なし/該当施設なし,石川県立伝統産業工芸館,"3,000円以上 5,000円未満",とても満足,石川県をベースにした歴史館が見れること。日本史をその土地という主軸で愛でられたこと,とても満足,,感じなかった,,10,資料として歴史がまとまっている紙があると嬉しかったかも,また行きたい（1年以内）,特になし,女,1986,東京都,練馬区,"1,200万円以上 1,500万円未満",なんとなく,,,石川と日本のれきしを通じて見られ付
金沢エリア,石川県立歴史博物館,2024/03/11 12:10:10,同意する,3泊,3泊,金沢エリア  （湯涌温泉、深谷温泉、犀川温泉など）,石川県外には泊まらない,夫婦2人,"宿でのんびり過ごす, 地元の美味しいものを食べる, 名所、旧跡の観光, まちあるき、都市散策",在来線,"路線バス, 徒歩",満足,巡回バスは早く安いので,"10,000円以上 20,000円未満","10,000円以上 20,000円未満","50,000円以上 100,000円未満",初めて,新聞・雑誌・ガイドブック,兼六園,,選択なし/該当施設なし,,"1,000円未満",とても満足,映像シアターが迫力がありよかった,とても満足,展示物の種類が多かった,感じなかった,,10,,また行きたい（1年以内）,特になし,男,1968,大阪府,大阪市,"900万円以上 1,000万円未満","能登牛が当たる, ひゃくまさんが好き",,,兼六園がよかった
金沢エリア,石川県立歴史博物館,2024/03/11 12:11:35,同意する,3泊,3泊,金沢エリア  （湯涌温泉、深谷温泉、犀川温泉など）,石川県外には泊まらない,夫婦2人,"地元の美味しいものを食べる, 名所、旧跡の観光",在来線,路線バス,とても満足,循環バスが使いやすい,"30,000円以上 40,000円未満","50,000円以上 100,000円未満","30,000円以上 40,000円未満",初めて,観光連盟やDMOのHP,兼六園,,選択なし/該当施設なし,決めてない,使わない,とても満足,案内の方々が親切,とても満足,分かりやすい,感じなかった,,10,,機会があれば行きたい,特になし,女,1977,大阪府,大阪市,"900万円以上 1,000万円未満",能登牛が当たる,,,兼六園
金沢エリア,石川県立歴史博物館,2024/03/16 15:27:23,同意する,1泊,1泊,金沢エリア  （湯涌温泉、深谷温泉、犀川温泉など）,石川県外には泊まらない,恋人,"宿でのんびり過ごす, 地元の美味しいものを食べる, 花見や紅葉などの自然鑑賞, 名所、旧跡の観光, まちあるき、都市散策",新幹線,"路線バス, 徒歩",満足,バスがあるので色々動きやすいが、目的地の近くで降りるため歩くことが多いところ。,"10,000円以上 20,000円未満","10,000円以上 20,000円未満","10,000円以上 20,000円未満",初めて,友人・知人,兼六園,,選択なし/該当施設なし,長町武家屋敷跡,"3,000円以上 5,000円未満",満足,参勤交代など授業で習った内容が出てきて楽しかった。,満足,受付の方の声が小さく聞こえずらい。,感じた,声が聞き取りづらい。受付に時間がかかる？,8,,また行きたい（1年以内）,特になし,女,1998,神奈川県,横浜市,300万円以上 400万円未満,能登牛が当たる,,,観光地が集まっててかんこうしやすいところ
金沢エリア,石川県立歴史博物館,2024/03/23 13:46:20,同意する,2泊,2泊,金沢エリア  （湯涌温泉、深谷温泉、犀川温泉など）,石川県外には泊まらない,恋人,"地元の美味しいものを食べる, テーマパーク（遊園地、動物園、博物館など）, まちあるき、都市散策",自家用車,レンタサイクル,,,使わない,"1,000円未満","5,000円以上 10,000円未満",初めて,インターネット・アプリ,金沢21世紀美術館,,ひがし茶屋街,,使わない,とても満足,きれい　映像が短くて最後まで見れる,とても満足,,感じなかった,,10,,また行きたい（1年以内）,お茶（ほうじ茶）を飲みたい　スイーツもだけれど,女,1996,大阪府,守口市,500万円以上 600万円未満,能登牛が当たる,,,
金沢エリア,石川県立歴史博物館,2024/03/26 14:48:55,同意する,1泊,石川県内には宿泊しない,石川県内には宿泊しない,福井県,職場の同僚,"地元の美味しいものを食べる, テーマパーク（遊園地、動物園、博物館など）",自家用車,自家用車,,,"5,000円以上 10,000円未満","3,000円以上 5,000円未満","5,000円以上 10,000円未満",初めて,インターネット・アプリ,選択なし/該当施設なし,石川県立美術館,選択なし/該当施設なし,加賀本多博物館,使わない,どちらでもない,,とても満足,展示がみやすくわかりやすかった。とてもわくわくするような紹介のしかただった。,感じなかった,,7,,機会があれば行きたい,前田家やその周辺の歴史についてもっと知りたい,無回答,1980,愛知県,知立市,500万円以上 600万円未満,"能登牛が当たる, なんとなく",,,
金沢エリア,石川県立歴史博物館,2024/03/29 17:21:30,同意する,2泊,2泊,金沢エリア  （湯涌温泉、深谷温泉、犀川温泉など）,石川県外には泊まらない,夫婦2人,"花見や紅葉などの自然鑑賞, まちあるき、都市散策",自家用車,自家用車,,,"30,000円以上 40,000円未満","20,000円以上 30,000円未満","20,000円以上 30,000円未満",初めて,"新聞・雑誌・ガイドブック, インターネット・アプリ",兼六園,,ひがし茶屋街,,"1,000円以上 3,000円未満",満足,展示内容は充実していて素晴らしい博物館だと思います。,とても満足,親鸞・蓮如の時代から戦国時代に繋がる歴史が分かり、素晴らしい展示内容です。,感じなかった,,10,博物館での飲食は期待しません。,また行きたい（1年以内）,現在でとても充実しています。,男,1957,長野県,長野市,300万円以上 400万円未満,なんとなく,,,古からの歴史が分かる史料が多く残る地域はなかなか無いので、金沢の街で歴史探訪を経験できることを伝えたい。
金沢エリア,石川県立歴史博物館,2024/03/30 14:00:17,同意する,日帰り,石川県内には宿泊しない,石川県内には宿泊しない,石川県外には泊まらない,親,"名所、旧跡の観光, まちあるき、都市散策",自家用車,自家用車,,,"1,000円以上 3,000円未満","1,000円未満","1,000円以上 3,000円未満",初めて,友人・知人,選択なし/該当施設なし,,選択なし/該当施設なし,近くのカフェ,"1,000円未満",とても満足,とても対応が優しかった。,とても満足,とても綺麗だった。知らないことを知れたから。,感じなかった,,10,,石川県在住,体験型のものがあるといい。,女,1998,石川県,白山市,400万円以上 500万円未満,ひゃくまさんが好き,,,
金沢エリア,石川県立歴史博物館,2024/03/31 13:28:50,同意する,2泊,1泊,金沢エリア  （湯涌温泉、深谷温泉、犀川温泉など）,福井県,夫婦2人,"名所、旧跡の観光, テーマパーク（遊園地、動物園、博物館など）","新幹線, 在来線",路線バス,満足,本数が多い、混んではいるが普通に乗れる,"3,000円以上 5,000円未満","1,000円以上 3,000円未満","1,000円以上 3,000円未満",2～5回目,インターネット・アプリ,選択なし/該当施設なし,工芸館,近江町市場,,使わない,とても満足,荷物を預かってくれた,とても満足,展示がよかった、建物もキレイ,感じなかった,,10,,機会があれば行きたい,宿がすぐ埋まる！もうちょっと宿が取りやすいといいな,女,1992,神奈川県,横浜市,200万円以上 300万円未満,能登牛が当たる,,,
金沢エリア,石川県立美術館,2023/12/11 10:03:56,同意する,3泊,1泊,金沢エリア  （湯涌温泉、深谷温泉、犀川温泉など）,富山県,自分ひとり,"地元の美味しいものを食べる, 名所、旧跡の観光",飛行機,"路線バス, 徒歩",満足,バス停から歩いて程よい距離に美術館があったから,"3,000円以上 5,000円未満","1,000円以上 3,000円未満","5,000円以上 10,000円未満",初めて,観光パンフレット・ポスター,兼六園,,金沢21世紀美術館,,"1,000円未満",満足,落ち着いた雰囲気で楽しめたから,どちらでもない,特に他の美術館と比べて特筆すべき点がないから,感じなかった,,6,もう少しポップな土産物があると良いと思う,機会があれば行きたい,海の幸以外の郷土料理も食べたい,男,1982,沖縄県,那覇市,500万円以上 600万円未満,能登牛が当たる,,,工芸品好きには良いと思った、また本格的なカフェがあるのは良いと思ったから
金沢エリア,石川県立美術館,2023/12/11 13:14:21,同意する,日帰り,石川県内には宿泊しない,石川県内には宿泊しない,日帰り,恋人,"地元の美味しいものを食べる, 名所、旧跡の観光, まちあるき、都市散策",県外から訪れていない（石川県内在住）,自家用車,,,使わない,"1,000円未満","10,000円以上 20,000円未満",2～5回目,友人・知人,ひがし茶屋街,,金沢21世紀美術館,,"1,000円以上 3,000円未満",とても満足,静かでトイレがきれい,とても満足,,感じなかった,,8,,石川県在住,ネット予約が普及すること,女,1986,石川県,金沢市,600万円以上 700万円未満,"能登牛が当たる, ひゃくまんさんの名刺をコレクションしている",,,街中にあって連携無料駐車場が多くある
金沢エリア,石川県立美術館,2023/12/11 13:16:22,同意する,4泊以上,4泊以上,金沢エリア  （湯涌温泉、深谷温泉、犀川温泉など）,石川県外には泊まらない,恋人,地元の美味しいものを食べる,県外から訪れていない（石川県内在住）,自家用車,,,"10,000円以上 20,000円未満","1,000円未満","20,000円以上 30,000円未満",6～10回目,観光展・物産展,金沢21世紀美術館,,選択なし/該当施設なし,,"1,000円以上 3,000円未満",とても満足,,とても満足,,感じなかった,,10,落ち着いた雰囲気,また行きたい（1年以内）,六角堂のステージを頂きました。少し町から離れていますが、とても美味しく良いお店でした。,男,1988,石川県,金沢市,700万円以上 800万円未満,ひゃくまさんが好き,,,
金沢エリア,石川県立美術館,2023/12/12 14:06:41,同意する,4泊以上,4泊以上,石川県内には宿泊しない,石川県外には泊まらない,自分ひとり,"花見や紅葉などの自然鑑賞, 名所、旧跡の観光, テーマパーク（遊園地、動物園、博物館など）",飛行機,徒歩,とても満足,,"3,000円以上 5,000円未満","1,000円以上 3,000円未満","30,000円以上 40,000円未満",初めて,"観光協会等の案内所, internet",金沢21世紀美術館,,金沢21世紀美術館,,"1,000円未満",とても満足,,とても満足,,感じた,,8,none,また行きたい（1年以内）,none,女,1994,東京都,新宿区,400万円以上 500万円未満,能登牛が当たる,,,none
金沢エリア,石川県立美術館,2023/12/12 14:29:10,同意する,4泊以上,4泊以上,金沢エリア  （湯涌温泉、深谷温泉、犀川温泉など）,石川県外には泊まらない,自分ひとり,"花見や紅葉などの自然鑑賞, 名所、旧跡の観光",飛行機,"路線バス, 徒歩",とても満足,everything's pretty good,"3,000円以上 5,000円未満","3,000円以上 5,000円未満","10,000円以上 20,000円未満",初めて,internet,ひがし茶屋街,,金沢21世紀美術館,,"1,000円未満",とても満足,,とても満足,,感じた,,8,,また行きたい（1年以内）,none,女,1994,東京都,新宿区,400万円以上 500万円未満,能登牛が当たる,,,
金沢エリア,石川県立美術館,2023/12/14 15:51:36,同意する,1泊,1泊,金沢エリア  （湯涌温泉、深谷温泉、犀川温泉など）,友人宅,自分ひとり,"地元の美味しいものを食べる, 花見や紅葉などの自然鑑賞, 名所、旧跡の観光, まちあるき、都市散策, 友人・親戚を訪ねる",自家用車,"自家用車, 徒歩",,,"3,000円以上 5,000円未満","1,000円以上 3,000円未満","1,000円以上 3,000円未満",2～5回目,友人・知人,金沢21世紀美術館,,金沢21世紀美術館,,"1,000円未満",とても満足,スタッフが親切,とても満足,九谷焼が充実している,感じなかった,,10,ケーキが美味しい,また行きたい（1年以内）,美味しいもの,女,1954,長野県,北安曇郡小谷村,200万円以上 300万円未満,能登牛が当たる,,,駐車場が無料
金沢エリア,石川県立美術館,2023/12/16 13:48:47,同意する,4泊以上,3泊,金沢エリア  （湯涌温泉、深谷温泉、犀川温泉など）,富山県,夫婦2人,"地元の美味しいものを食べる, 名所、旧跡の観光, まちあるき、都市散策",在来線,"路線バス, 徒歩",どちらでもない,特に不満な点かないし、満足感もないので,"50,000円以上 100,000円未満","10,000円以上 20,000円未満","50,000円以上 100,000円未満",6～10回目,インターネット・アプリ,兼六園,,選択なし/該当施設なし,歴史博物館,使わない,どちらでもない,商品は見ていない。サービスとは何を指すのかがわからないから。,満足,ゆったりと鑑賞できるし、休憩スペースもたくさんあるから。,感じなかった,,10,特にありません。,また行きたい（1年以内）,価格を安くしてほしい。,男,1956,京都府,京都市,200万円以上 300万円未満,"能登牛が当たる, ひゃくまさんが好き, 石川県のおすすめ観光スポットが見たい",,,食べ物。特に魚介類は新鮮で美味しい。
金沢エリア,石川県立美術館,2024/01/05 12:51:52,同意する,1泊,1泊,金沢エリア  （湯涌温泉、深谷温泉、犀川温泉など）,石川県外には泊まらない,夫婦2人,"まちあるき、都市散策, 出張など仕事関係",自家用車,徒歩,,,"5,000円以上 10,000円未満","10,000円以上 20,000円未満","20,000円以上 30,000円未満",初めて,インターネット・アプリ,尾山神社,,近江町市場,,"1,000円未満",どちらでもない,,満足,静かでいい。,感じなかった,,8,美術館の一筆箋があるといい。,また行きたい（1年以内）,今回21世紀美術館が地震のため、休館だったので、次回は鑑賞したい。工芸館も。,女,1955,東京都,練馬区,600万円以上 700万円未満,"能登牛が当たる, ひゃくまさんが好き",,,ゆっくり散策できるのがいい。
金沢エリア,石川県立美術館,2024/01/06 13:25:05,同意する,3泊,2泊,金沢エリア  （湯涌温泉、深谷温泉、犀川温泉など）,福井県,夫婦2人,"地元の美味しいものを食べる, 名所、旧跡の観光",自家用車,自家用車,,,"30,000円以上 40,000円未満","3,000円以上 5,000円未満","50,000円以上 100,000円未満",6～10回目,"インターネット・アプリ, 友人・知人",尾山神社,,兼六園,,"1,000円以上 3,000円未満",満足,作品がよくレストランも福袋を購入できた,満足,施設もスタッフも良い,感じた,トイレがもう少し広ければ。,9,駐車場がもっと広ければ,また行きたい（1年以内）,単価が前より上がっているので上がったほしくないかな,男,1954,富山県,小谷部市,"900万円以上 1,000万円未満","ひゃくまさんが好き, なんとなく",,,人もよく歴史を感じる
金沢エリア,石川県立美術館,2024/01/07 18:53:30,同意する,1泊,1泊,金沢エリア  （湯涌温泉、深谷温泉、犀川温泉など）,石川県外には泊まらない,夫婦2人,お祭りやイベントへの参加・見物,新幹線,路線バス,どちらでもない,周遊バスが片方のルートしか運行されておらず不便を感じたため。,"5,000円以上 10,000円未満","20,000円以上 30,000円未満","10,000円以上 20,000円未満",初めて,インターネット・アプリ,選択なし/該当施設なし,エムザ,選択なし/該当施設なし,金沢駅,"1,000円未満",どちらでもない,作品の解説が少なかったから、もう少し色のある作品が見たかったから,満足,トイレが綺麗だったので,感じた,循環バスのバス停まで距離が長く、坂を上る（下る）必要があったため,4,クリアファイル（グッズ）の充実,機会があれば行きたい,御当地ポテトチップス,男,1980,東京都,荒川区,"1,200万円以上 1,500万円未満",能登牛が当たる,,,21世紀美術館がクローズしていたから
金沢エリア,石川県立美術館,2024/01/20 12:46:10,同意する,1泊,1泊,金沢エリア  （湯涌温泉、深谷温泉、犀川温泉など）,石川県外には泊まらない,自分ひとり,"名所、旧跡の観光, テーマパーク（遊園地、動物園、博物館など）, まちあるき、都市散策",夜行バス,徒歩,,,"3,000円以上 5,000円未満","10,000円以上 20,000円未満","20,000円以上 30,000円未満",初めて,"X(旧：Twitter), 友人・知人, 観光協会等の案内所",尾山神社,,兼六園,,"5,000円以上 10,000円未満",満足,修復工房が良い,とても満足,,感じなかった,,10,,また行きたい（1年以内）,カニ、近代建築巡り、博物館巡り、和菓子購入が目当て。いろいろあるので一度じゃ回りきれないので度々来ようと思います。,女,1996,東京都,品川区,200万円以上 300万円未満,なんとなく,,,修復工房
金沢エリア,石川県立美術館,2024/01/21 13:02:34,同意する,日帰り,石川県内には宿泊しない,石川県内には宿泊しない,石川県在住,自分ひとり,テーマパーク（遊園地、動物園、博物館など）,県外から訪れていない（石川県内在住）,自家用車,満足,美術館前に駐車場があり、今日は早くから来ている為スムーズに駐車できた為,使わない,"1,000円以上 3,000円未満","3,000円以上 5,000円未満",2～5回目,"観光パンフレット・ポスター, X(旧：Twitter)",選択なし/該当施設なし,歴史博物館,選択なし/該当施設なし,,"1,000円未満",満足,,満足,,感じた,チケットの購入場所が入り口から離れている為少し分かりにくかった,10,,石川県在住,特になし,女,1993,石川県,野々市市,300万円以上 400万円未満,"能登牛が当たる, ひゃくまさんが好き",,,
金沢エリア,石川県立美術館,2024/01/22 16:20:41,同意する,1泊,1泊,金沢エリア  （湯涌温泉、深谷温泉、犀川温泉など）,石川県外には泊まらない,母親、妹,"宿でのんびり過ごす, 名所、旧跡の観光, 災害の募金がてらの観光",新幹線,徒歩,,,"40,000円以上 50,000円未満","20,000円以上 30,000円未満","30,000円以上 40,000円未満",2～5回目,"新聞・雑誌・ガイドブック, X(旧：Twitter)",兼六園,,尾山神社,,"1,000円未満",どちらでもない,,どちらでもない,,感じなかった,,5,,機会があれば行きたい,特になし,女,1989,神奈川県,川崎市,500万円以上 600万円未満,なんとなく,,,
金沢エリア,石川県立美術館,2024/01/29 17:32:37,同意する,日帰り,石川県内には宿泊しない,石川県内には宿泊しない,石川県外には泊まらない,自分ひとり,テーマパーク（遊園地、動物園、博物館など）,県外から訪れていない（石川県内在住）,"路線バス, 徒歩",満足,便が多い,使わない,"1,000円以上 3,000円未満","1,000円以上 3,000円未満",11回目以上,"観光パンフレット・ポスター, X(旧：Twitter)",選択なし/該当施設なし,,選択なし/該当施設なし,,使わない,とても満足,展示と解説の質の高さ,とても満足,カフェもある。周囲の環境。静かさ。,感じなかった,,10,鴨居玲の特集展示をさらに、増やしてほしい。,石川県在住,海の幸、芸術,女,1969,石川県,金沢市,"1,000万円以上 1,200万円未満",能登牛が当たる,,,鴨居玲の作品
金沢エリア,石川県立美術館,2024/02/02 19:43:35,同意する,1泊,1泊,金沢エリア  （湯涌温泉、深谷温泉、犀川温泉など）,石川県外には泊まらない,自分ひとり,スポーツ観戦や芸術鑑賞（コンサート等）,在来線,徒歩,,,"1,000円以上 3,000円未満","3,000円以上 5,000円未満","10,000円以上 20,000円未満",2～5回目,X(旧：Twitter),尾山神社,,兼六園,,"1,000円以上 3,000円未満",とても満足,,とても満足,,感じなかった,,9,,また行きたい（1年以内）,刀剣の展示,女,1990,兵庫県,伊丹市,200万円以上 300万円未満,能登牛が当たる,,,
金沢エリア,石川県立美術館,2024/02/04 15:06:17,同意する,日帰り,石川県内には宿泊しない,石川県内には宿泊しない,福井県,友人,"宿でのんびり過ごす, 温泉や露天風呂, 地元の美味しいものを食べる",自家用車,"自家用車, 在来線",とても満足,,"10,000円以上 20,000円未満","3,000円以上 5,000円未満","3,000円以上 5,000円未満",11回目以上,"観光展・物産展, 新聞・雑誌・ガイドブック, 観光連盟やDMOのHP, インターネット・アプリ",近江町市場,,近江町市場,,"1,000円以上 3,000円未満",満足,,満足,,感じた,,9,,機会があれば行きたい,何でも美味しかったです,女,1980,石川県,加賀市,"1,000万円以上 1,200万円未満","能登牛が当たる, ひゃくまさんが好き, ひゃくまんさんの名刺をコレクションしている",,,
金沢エリア,石川県立美術館,2024/02/04 17:14:19,同意する,1泊,1泊,金沢エリア  （湯涌温泉、深谷温泉、犀川温泉など）,石川県外には泊まらない,恋人,宿でのんびり過ごす,新幹線,"徒歩, ",とても満足,,"5,000円以上 10,000円未満","10,000円以上 20,000円未満","10,000円以上 20,000円未満",初めて,観光展・物産展,兼六園,,近江町市場,,"1,000円以上 3,000円未満",とても満足,,とても満足,,感じなかった,,10,,また行きたい（1年以内）,特になし,女,1999,神奈川県,横浜市,300万円以上 400万円未満,能登牛が当たる,,,
金沢エリア,石川県立美術館,2024/02/04 17:15:26,同意する,1泊,1泊,金沢エリア  （湯涌温泉、深谷温泉、犀川温泉など）,石川県外には泊まらない,恋人,"地元の美味しいものを食べる, 名所、旧跡の観光, まちあるき、都市散策",新幹線,徒歩,とても満足,,"5,000円以上 10,000円未満","3,000円以上 5,000円未満","10,000円以上 20,000円未満",初めて,兼六園のチケット,兼六園,,選択なし/該当施設なし,,"1,000円未満",とても満足,,とても満足,,感じなかった,,8,,また行きたい（1年以内）,特になし,男,1996,神奈川県,横浜市,"900万円以上 1,000万円未満",能登牛が当たる,,,
金沢エリア,石川県立美術館,2024/02/05 10:43:31,同意する,日帰り,石川県内には宿泊しない,石川県内には宿泊しない,石川県外には泊まらない,自分ひとり,名所、旧跡の観光,自家用車,自家用車,,,使わない,"1,000円未満","1,000円未満",11回目以上,"インターネット・アプリ, X(旧：Twitter)",選択なし/該当施設なし,香林坊,選択なし/該当施設なし,片町,使わない,満足,,満足,古九谷があるから,感じなかった,,8,,石川県在住,地酒と菓子のペアリング店舗が欲しい,女,1973,石川県,野々市市,500万円以上 600万円未満,能登牛が当たる,,,古九谷が観れるる
金沢エリア,石川県立美術館,2024/02/05 13:19:37,同意する,1泊,1泊,金沢エリア  （湯涌温泉、深谷温泉、犀川温泉など）,石川県外には泊まらない,自分ひとり,"地元の美味しいものを食べる, 名所、旧跡の観光, まちあるき、都市散策",新幹線,"路線バス, 徒歩",とても満足,,"5,000円以上 10,000円未満","5,000円以上 10,000円未満","5,000円以上 10,000円未満",初めて,"新聞・雑誌・ガイドブック, 観光パンフレット・ポスター",兼六園,,近江町市場,,使わない,どちらでもない,,どちらでもない,,感じなかった,,7,,どちらともいえない,特になし,女,2003,東京都,練馬区,"900万円以上 1,000万円未満",能登牛が当たる,,,
金沢エリア,石川県立美術館,2024/02/08 11:38:31,同意する,1泊,1泊,金沢エリア  （湯涌温泉、深谷温泉、犀川温泉など）,石川県外には泊まらない,恋人,"宿でのんびり過ごす, 温泉や露天風呂, 地元の美味しいものを食べる, 花見や紅葉などの自然鑑賞, 名所、旧跡の観光, まちあるき、都市散策",飛行機,"路線バス, 徒歩",とても満足,平日なので静か、美味しい料理、綺麗な街並み,"10,000円以上 20,000円未満","10,000円以上 20,000円未満","10,000円以上 20,000円未満",初めて,"観光展・物産展, インターネット・アプリ, Instagram, ブログ",ひがし茶屋街,,兼六園,,"1,000円未満",満足,すごく綺麗、丁寧な対応,とても満足,,感じなかった,,9,,また行きたい（1年以内）,お酒、魚,男,1987,東京都,豊島区,700万円以上 800万円未満,"能登牛が当たる, ひゃくまさんが好き",,,美味しい宿、店、見つけたので紹介したい
金沢エリア,石川県立美術館,2024/02/08 11:42:12,同意する,1泊,1泊,金沢エリア  （湯涌温泉、深谷温泉、犀川温泉など）,石川県外には泊まらない,恋人,名所、旧跡の観光,飛行機,路線バス,とても満足,金沢駅のバス停の標示がわかりやすかった,使わない,"10,000円以上 20,000円未満","40,000円以上 50,000円未満",初めて,ホームページ,選択なし/該当施設なし,主計町,選択なし/該当施設なし,工芸館,"1,000円未満",とても満足,心優しかった,とても満足,国宝の写真を撮れることが嬉しい。見返しながら家でも思い出に浸れる,感じなかった,,10,アンケートプレゼントの栞をぜひ販売してほしい。ストックを揃えたい。,また行きたい（1年以内）,特に無し,女,1995,東京都,豊島区,800万円以上 900万円未満,能登牛が当たる,,,新旧入り交じる雰囲気が良かった。一日目はバスを使わず、歩きながら楽しんだ。気持ちよかった。それをおすすめしたい
金沢エリア,石川県立美術館,2024/02/11 13:14:44,同意する,日帰り,石川県内には宿泊しない,石川県内には宿泊しない,石川県外には泊まらない,中学生以下連れの家族,友人・親戚を訪ねる,自家用車,自家用車,とても満足,,"20,000円以上 30,000円未満","20,000円以上 30,000円未満","20,000円以上 30,000円未満",初めて,"ブログ, タクシードライバーや地元の人",近江町市場,,兼六園,,"20,000円以上 30,000円未満",満足,,満足,,感じなかった,,7,,機会があれば行きたい,海鮮丼,男,1978,石川県,金沢市,"900万円以上 1,000万円未満","能登牛が当たる, ひゃくまさんが好き",,,
金沢エリア,石川県立美術館,2024/02/12 12:45:30,同意する,日帰り,石川県内には宿泊しない,石川県内には宿泊しない,富山県,小学生以下連れの家族,"スポーツ観戦や芸術鑑賞（コンサート等）, まちあるき、都市散策",自家用車,自家用車,,,"5,000円以上 10,000円未満","10,000円以上 20,000円未満","10,000円以上 20,000円未満",初めて,観光協会等の案内所,金沢21世紀美術館,,尾山神社,,"1,000円未満",満足,,満足,,感じなかった,,9,,また行きたい（1年以内）,なし,女,1977,富山県,高岡市,700万円以上 800万円未満,能登牛が当たる,,,
金沢エリア,石川県立美術館,2024/02/17 10:40:40,同意する,2泊,2泊,金沢エリア  （湯涌温泉、深谷温泉、犀川温泉など）,石川県外には泊まらない,自分ひとり,"名所、旧跡の観光, まちあるき、都市散策, 各種体験（手作り、果物狩りなど）, 集まり",新幹線,"路線バス, 徒歩",どちらでもない,,"10,000円以上 20,000円未満","20,000円以上 30,000円未満","50,000円以上 100,000円未満",初めて,インターネット・アプリ,兼六園,,ひがし茶屋街,,"1,000円未満",満足,,満足,,感じなかった,,10,,機会があれば行きたい,都市部にもあるチェーン店の飲食店ではなく、石川県ならでの飲食店が金沢駅周辺に欲しい。,女,1962,東京都,品川区,600万円以上 700万円未満,能登牛が当たる,,,ゆったりとしている街、古き良き建物や美術品が多い
金沢エリア,石川県立美術館,2024/02/17 14:49:02,同意する,日帰り,石川県内には宿泊しない,石川県内には宿泊しない,石川県外には泊まらない,友人,スポーツ観戦や芸術鑑賞（コンサート等）,旅行会社ツアーバス,旅行会社ツアーバス,,,使わない,"20,000円以上 30,000円未満","5,000円以上 10,000円未満",初めて,観光パンフレット・ポスター,金沢21世紀美術館,,選択なし/該当施設なし,帰ります,"1,000円未満",満足,,満足,,感じなかった,,7,ゆったりできる場所,また行きたい（1年以内）,蟹などグルメ,女,1958,愛知県,津島市,400万円以上 500万円未満,能登牛が当たる,,,
金沢エリア,石川県立美術館,2024/02/17 14:49:24,同意する,日帰り,石川県内には宿泊しない,石川県内には宿泊しない,石川県外には泊まらない,友人,美術館,旅行会社ツアーバス,旅行会社ツアーバス,とても満足,,使わない,"5,000円以上 10,000円未満","3,000円以上 5,000円未満",初めて,インターネット・アプリ,金沢21世紀美術館,,選択なし/該当施設なし,,使わない,満足,,満足,観覧する物が豊富,感じなかった,,7,,また行きたい（1年以内）,時になあり。,女,1992,愛知県,愛西市,500万円以上 600万円未満,石川県のおすすめ観光スポットが見たい,,,観光地が、ちかくにある。
金沢エリア,石川県立美術館,2024/02/18 14:41:23,同意する,1泊,1泊,金沢エリア  （湯涌温泉、深谷温泉、犀川温泉など）,石川県外には泊まらない,中学生以下連れの家族,"地元の美味しいものを食べる, 名所、旧跡の観光, 買い物、アウトレット",新幹線,路線バス,満足,バスがとても混んでいたが、観光には便利,"10,000円以上 20,000円未満","20,000円以上 30,000円未満","40,000円以上 50,000円未満",2～5回目,観光パンフレット・ポスター,兼六園,,ひがし茶屋街,,"1,000円未満",とても満足,,とても満足,,感じなかった,,10,,また行きたい（1年以内）,海鮮。伝統工芸。,女,2000,東京都,江戸川区,300万円以上 400万円未満,"能登牛が当たる, ひゃくまさんが好き, 石川県のおすすめ観光スポットが見たい, 石川県の雑学を知りたい",,,
金沢エリア,石川県立美術館,2024/02/18 20:52:59,同意する,2泊,2泊,金沢エリア  （湯涌温泉、深谷温泉、犀川温泉など）,石川県外には泊まらない,友人,"地元の美味しいものを食べる, 名所、旧跡の観光",新幹線,路線バス,とても満足,金沢駅からバスで近かった、すぐにバスに乗れた,"5,000円以上 10,000円未満","3,000円以上 5,000円未満","20,000円以上 30,000円未満",初めて,インターネット・アプリ,金沢21世紀美術館,,兼六園,,"1,000円未満",とても満足,受付の方が親切、展示がよかった,満足,石川県の歴史等学べで楽しかったです。もう少し簡単で親しみやすい説明文だともっと楽しめたと思います。言い回しが難しかった,感じなかった,無料のロッカーが有り難かった！,7,お土産はポストカードくらいが買いやすいので、そのくらいの価格帯のものを記念に買ってかえりたい。ステッカーなど簡単に自分が来た記念に買ってしまうかも,また行きたい（1年以内）,鶴来駅から近くの神社に行きやすくなったら嬉しい。,女,1991,東京都,足立区,700万円以上 800万円未満,"能登牛が当たる, ひゃくまさんが好き",,,歴史や美術に興味がある友人には勧めたい。空いていてゆっくり見れたのもよかった。
金沢エリア,石川県立美術館,2024/02/22 10:52:10,同意する,1泊,1泊,金沢エリア  （湯涌温泉、深谷温泉、犀川温泉など）,石川県外には泊まらない,高校生の子供と,"宿でのんびり過ごす, まちあるき、都市散策, 各種体験（手作り、果物狩りなど）",新幹線,路線バス,不満,Suicaが使えない,"10,000円以上 20,000円未満","3,000円以上 5,000円未満","20,000円以上 30,000円未満",初めて,インターネット・アプリ,選択なし/該当施設なし,,ひがし茶屋街,,"1,000円未満",満足,,とても満足,,感じなかった,,9,,機会があれば行きたい,なし,女,1969,東京都,杉並区,"1,200万円以上 1,500万円未満","能登牛が当たる, ひゃくまさんが好き",,,国宝
金沢エリア,石川県立美術館,2024/02/23 16:45:24,同意する,1泊,1泊,金沢エリア  （湯涌温泉、深谷温泉、犀川温泉など）,石川県外には泊まらない,夫婦2人,地元の美味しいものを食べる,在来線,徒歩,,,"10,000円以上 20,000円未満","5,000円以上 10,000円未満","20,000円以上 30,000円未満",初めて,インターネット・アプリ,金沢21世紀美術館,,選択なし/該当施設なし,,"1,000円未満",満足,,満足,,感じなかった,,9,,機会があれば行きたい,美味しい海鮮が食べたい,女,1986,京都府,京都市,600万円以上 700万円未満,能登牛が当たる,,,
金沢エリア,石川県立美術館,2024/02/25 12:41:16,同意する,2泊,2泊,金沢エリア  （湯涌温泉、深谷温泉、犀川温泉など）,石川県外には泊まらない,夫婦2人,"温泉や露天風呂, 地元の美味しいものを食べる, 名所、旧跡の観光, まちあるき、都市散策",新幹線,自家用車,,,使わない,"1,000円以上 3,000円未満","10,000円以上 20,000円未満",初めて,"観光パンフレット・ポスター, 観光協会等の案内所",選択なし/該当施設なし,雨晴海岸,選択なし/該当施設なし,歴史博物館,"1,000円以上 3,000円未満",とても満足,展示品が素晴らしいです。,とても満足,きれいで落ち着く,感じなかった,,10,軽食がとれると嬉しいです。,また行きたい（1年以内）,いつも満足です。,女,1966,兵庫県,神戸市,"1,000万円以上 1,200万円未満",能登牛が当たる,,,どこも素晴らしいので
金沢エリア,石川県立美術館,2024/02/25 14:11:11,同意する,日帰り,石川県内には宿泊しない,石川県内には宿泊しない,石川県外には泊まらない,夫婦2人,名所、旧跡の観光,県外から訪れていない（石川県内在住）,路線バス,とても満足,わかりやすかった,使わない,使わない,"1,000円未満",11回目以上,友人・知人,選択なし/該当施設なし,,兼六園,,使わない,とても満足,表示がわかりやすい,とても満足,,感じなかった,,10,飲食の値段を手頃なものにして欲しい,石川県在住,特になし,女,1962,石川県,金沢市,500万円以上 600万円未満,能登牛が当たる,,,広さが手頃
金沢エリア,石川県立美術館,2024/02/25 14:13:37,同意する,日帰り,石川県内には宿泊しない,金沢エリア  （湯涌温泉、深谷温泉、犀川温泉など）,石川県外には泊まらない,夫婦2人,テーマパーク（遊園地、動物園、博物館など）,県外から訪れていない（石川県内在住）,"自家用車, 路線バス",どちらでもない,,"1,000円以上 3,000円未満","1,000円未満","1,000円未満",11回目以上,"新聞・雑誌・ガイドブック, 友人・知人",選択なし/該当施設なし,,兼六園,,使わない,どちらでもない,,満足,,感じなかった,,8,,石川県在住,文化的なものと生活的なものがもっとあると良い,男,1956,石川県,金沢市,300万円以上 400万円未満,能登牛が当たる,,,
金沢エリア,石川県立美術館,2024/02/26 7:47:22,同意する,日帰り,石川県内には宿泊しない,石川県内には宿泊しない,石川県外には泊まらない,夫婦2人,テーマパーク（遊園地、動物園、博物館など）,県外から訪れていない（石川県内在住）,"路線バス, 徒歩",,,使わない,"1,000円未満",使わない,11回目以上,友人・知人,選択なし/該当施設なし,,兼六園,,使わない,どちらでもない,,満足,,感じなかった,,8,,石川県在住,特になし,男,1956,石川県,金沢市,300万円以上 400万円未満,能登牛が当たる,,,
金沢エリア,石川県立美術館,2024/02/26 14:57:41,同意する,日帰り,石川県内には宿泊しない,石川県内には宿泊しない,石川県外には泊まらない,夫婦2人,地元の美味しいものを食べる,飛行機,路線バス,とても満足,,使わない,"3,000円以上 5,000円未満","10,000円以上 20,000円未満",初めて,観光パンフレット・ポスター,兼六園,,ひがし茶屋街,,"1,000円未満",とても満足,,とても満足,,感じなかった,,6,,また行きたい（1年以内）,海鮮,女,1971,東京都,豊島区,400万円以上 500万円未満,能登牛が当たる,,,
金沢エリア,石川県立美術館,2024/02/26 15:02:19,同意する,日帰り,石川県内には宿泊しない,石川県内には宿泊しない,石川県外には泊まらない,夫婦2人,地元の美味しいものを食べる,飛行機,路線バス,満足,目の前までこれた。,使わない,"3,000円以上 5,000円未満","10,000円以上 20,000円未満",初めて,観光パンフレット・ポスター,兼六園,,ひがし茶屋街,,"1,000円未満",満足,,満足,,感じなかった,,7,,また行きたい（1年以内）,なし,男,1970,東京都,豊島区,400万円以上 500万円未満,能登牛が当たる,,,
金沢エリア,石川県立美術館,2024/02/27 15:20:43,同意する,日帰り,石川県内には宿泊しない,石川県内には宿泊しない,石川県外には泊まらない,夫婦2人,"テーマパーク（遊園地、動物園、博物館など）, ドライブ・ツーリング",自家用車,自家用車,とても満足,迫力のある作品だった！,"3,000円以上 5,000円未満","1,000円以上 3,000円未満","5,000円以上 10,000円未満",初めて,新聞・雑誌・ガイドブック,兼六園,,尾山神社,,"3,000円以上 5,000円未満",とても満足,対応が丁寧,とても満足,綺麗だった,感じなかった,,10,,また行きたい（1年以内）,特になし,女,1983,石川県,金沢市,300万円以上 400万円未満,"能登牛が当たる, ひゃくまさんが好き, 石川県のおすすめ観光スポットが見たい, 石川県の雑学を知りたい",,,
金沢エリア,石川県立美術館,2024/02/27 15:55:21,同意する,日帰り,石川県内には宿泊しない,石川県内には宿泊しない,石川県外には泊まらない,恋人,暇つぶし,自家用車,自家用車,どちらでもない,,使わない,使わない,使わない,初めて,インターネット・アプリ,近江町市場,,近江町市場,,使わない,どちらでもない,,どちらでもない,,感じなかった,,5,,また行きたい（1年以内）,特になし,男,1969,石川県,金沢市,500万円以上 600万円未満,能登牛が当たる,,,
金沢エリア,石川県立美術館,2024/02/28 12:09:06,同意する,2泊,2泊,白山エリア （一里野温泉、白峰温泉、白山市など）,石川県外には泊まらない,自分ひとり,テーマパーク（遊園地、動物園、博物館など）,"新幹線, 在来線",徒歩,,,"5,000円以上 10,000円未満","20,000円以上 30,000円未満","20,000円以上 30,000円未満",初めて,観光協会等の案内所,兼六園,,選択なし/該当施設なし,県立博物館,"1,000円未満",とても満足,集中して鑑賞できたから,とても満足,集中して鑑賞できたから,感じなかった,,5,ごはん食べたい,機会があれば行きたい,特に無し,女,2001,東京都,江戸川区,100万円未満,能登牛が当たる,,,友人にデザイン系の進路に進んだ人がいるから
金沢エリア,石川県立美術館,2024/02/29 17:29:22,同意する,日帰り,石川県内には宿泊しない,石川県内には宿泊しない,石川県外には泊まらない,自分ひとり,"花見や紅葉などの自然鑑賞, 名所、旧跡の観光",在来線,レンタサイクル,どちらでもない,ドコモのバイクシェアだと明記しておいてほしい。重複して登録してしまい手間取った,使わない,"1,000円以上 3,000円未満","1,000円以上 3,000円未満",2～5回目,観光連盟やDMOのHP,兼六園,,選択なし/該当施設なし,香林坊,使わない,どちらでもない,カフェが5時までなのが残念,とても満足,椅子が楽,感じなかった,,10,写真撮影を可にしてほしい,また行きたい（1年以内）,ナンバーギョーザについて県・市として調べてほしい,男,1967,福井県,越前市,300万円以上 400万円未満,なんとなく,,,京都よりも空いている
金沢エリア,石川県立美術館,2024/02/29 20:34:46,同意する,1泊,1泊,金沢エリア  （湯涌温泉、深谷温泉、犀川温泉など）,石川県外には泊まらない,自分ひとり,"地元の美味しいものを食べる, まちあるき、都市散策",新幹線,"路線バス, 徒歩",満足,,"10,000円以上 20,000円未満","20,000円以上 30,000円未満","10,000円以上 20,000円未満",初めて,インターネット・アプリ,選択なし/該当施設なし,,選択なし/該当施設なし,国立工芸館,"1,000円未満",満足,,満足,,感じなかった,,5,,また行きたい（1年以内）,特になし,その他,1967,群馬県,桐生市,600万円以上 700万円未満,なんとなく,,,
金沢エリア,石川県立美術館,2024/03/02 15:02:04,同意する,2泊,2泊,金沢エリア  （湯涌温泉、深谷温泉、犀川温泉など）,石川県外には泊まらない,夫婦2人,"地元の美味しいものを食べる, 名所、旧跡の観光","在来線, 飛行機",路線バス,満足,本数が多くわかりやすい,"20,000円以上 30,000円未満","3,000円以上 5,000円未満","40,000円以上 50,000円未満",初めて,新聞・雑誌・ガイドブック,近江町市場,,選択なし/該当施設なし,駅周辺,"1,000円以上 3,000円未満",どちらでもない,該当するものが無かった,満足,広くて清潔、照明も良い,感じなかった,,8,石川の文化財を模したお土産など,また行きたい（1年以内）,地産地消的なもの,男,1968,茨城県,つくば市,"1,500万円以上","能登牛が当たる, 石川県のおすすめ観光スポットが見たい",,,文化が分かる
金沢エリア,石川県立美術館,2024/03/04 14:37:15,同意する,2泊,2泊,金沢エリア  （湯涌温泉、深谷温泉、犀川温泉など）,石川県外には泊まらない,高校生以上の子供、夫、両親,"地元の美味しいものを食べる, 名所、旧跡の観光, まちあるき、都市散策",在来線,徒歩,,,"10,000円以上 20,000円未満","3,000円以上 5,000円未満","10,000円以上 20,000円未満",初めて,"観光展・物産展, 観光パンフレット・ポスター",金沢21世紀美術館,,兼六園,,"1,000円未満",満足,,とても満足,,感じなかった,,10,,また行きたい（1年以内）,洋菓子の種類が増えたら嬉しいです,女,1969,鳥取県,鳥取市,"900万円以上 1,000万円未満",能登牛が当たる,,,
金沢エリア,石川県立美術館,2024/03/04 14:37:37,同意する,3泊,2泊,金沢エリア  （湯涌温泉、深谷温泉、犀川温泉など）,京都,親,"温泉や露天風呂, 名所、旧跡の観光, まちあるき、都市散策",在来線,徒歩,,,"5,000円以上 10,000円未満","10,000円以上 20,000円未満","20,000円以上 30,000円未満",初めて,インターネット・アプリ,金沢21世紀美術館,,尾山神社,,使わない,満足,,満足,,感じなかった,,8,,また行きたい（1年以内）,歴史の勉強になるような展示,男,1972,鳥取県,鳥取市,"900万円以上 1,000万円未満","能登牛が当たる, ひゃくまさんが好き, 石川県の雑学を知りたい",,,
金沢エリア,石川県立美術館,2024/03/06 12:03:51,同意する,2泊,2泊,金沢エリア  （湯涌温泉、深谷温泉、犀川温泉など）,石川県外には泊まらない,娘,受験付き添い,在来線,路線バス,満足,バス停からスグだったので。,"10,000円以上 20,000円未満","10,000円以上 20,000円未満","10,000円以上 20,000円未満",初めて,観光協会等の案内所,選択なし/該当施設なし,金澤神社,ひがし茶屋街,,"1,000円未満",満足,素敵な商品ばかりだったので,とても満足,展示が魅力的だった。,感じなかった,,9,,また行きたい（1年以内）,体験をしてみたいと思いました。,女,1966,愛知県,名古屋市,500万円以上 600万円未満,能登牛が当たる,,,魅力的な展示ばかりだったので。
金沢エリア,石川県立美術館,2024/03/06 12:55:47,同意する,3泊,1泊,金沢エリア  （湯涌温泉、深谷温泉、犀川温泉など）,東京,自分ひとり,"温泉や露天風呂, 地元の美味しいものを食べる, 名所、旧跡の観光",旅行会社ツアーバス,路線バス,どちらでもない,バス到着後、美術館への方向が分かりづらく、また上り坂もあるため,"5,000円以上 10,000円未満","10,000円以上 20,000円未満","10,000円以上 20,000円未満",初めて,"インターネット・アプリ, Googleマップ",兼六園,,選択なし/該当施設なし,,使わない,満足,スタッフらの接客はよかったが、時間の都合上商品はあまり見れなかったため,満足,良い作品もあったが、総展示数が少ないように感じたため,感じなかった,,7,,どちらともいえない,海鮮、能登牛、金沢カレー、観光地を模した造形品（スノードームとかで表現する）,女,2001,三重県,桑名市,"1,000万円以上 1,200万円未満",能登牛が当たる,,,金沢周辺での観光。交通ルートが整備されているので回りやすく
金沢エリア,石川県立美術館,2024/03/07 16:55:38,同意する,日帰り,石川県内には宿泊しない,石川県内には宿泊しない,日帰り,自分ひとり,裁判,深夜バス,路線バス,とても満足,待たずに乗れた,使わない,"5,000円以上 10,000円未満","3,000円以上 5,000円未満",6～10回目,観光協会等の案内所,兼六園,,選択なし/該当施設なし,,"1,000円未満",不満,ポストカードを増やして欲しい,とても満足,毎回　新しい作品に出会える,感じなかった,,2,お土産,また行きたい（1年以内）,ポストカード,女,1973,神奈川県,足柄上郡開成町,100万円未満,能登牛が当たる,,,石川の魅力が溢れているから
金沢エリア,石川県立美術館,2024/03/08 9:11:13,同意する,1泊,1泊,金沢エリア  （湯涌温泉、深谷温泉、犀川温泉など）,石川県外には泊まらない,自分ひとり,"地元の美味しいものを食べる, まちあるき、都市散策",新幹線,レンタサイクル,満足,,"5,000円以上 10,000円未満","3,000円以上 5,000円未満","20,000円以上 30,000円未満",2～5回目,観光パンフレット・ポスター,金沢21世紀美術館,,ひがし茶屋街,,"1,000円未満",不満,展示方法,どちらでもない,,感じた,作品が見にくい,6,,機会があれば行きたい,特にない,男,1965,神奈川県,川崎市,"1,500万円以上","能登牛が当たる, なんとなく",,,
金沢エリア,石川県立美術館,2024/03/10 17:59:00,同意する,2泊,2泊,金沢エリア  （湯涌温泉、深谷温泉、犀川温泉など）,石川県外には泊まらない,親,"地元の美味しいものを食べる, 名所、旧跡の観光",新幹線,徒歩,,,"5,000円以上 10,000円未満","5,000円以上 10,000円未満","10,000円以上 20,000円未満",初めて,"観光展・物産展, 新聞・雑誌・ガイドブック",兼六園,,尾山神社,,"1,000円未満",満足,,満足,,感じなかった,,7,石川県の工芸品をも土産として買いたい,また行きたい（1年以内）,庭、工芸品が素晴らしい、また来ます,女,1970,栃木県,下都賀郡壬生町,600万円以上 700万円未満,能登牛が当たる,,,兼六園の素晴らしさ、梅が綺麗だった
金沢エリア,石川県立美術館,2024/03/11 14:34:59,同意する,3泊,3泊,金沢エリア  （湯涌温泉、深谷温泉、犀川温泉など）,石川県外には泊まらない,親,"宿でのんびり過ごす, 地元の美味しいものを食べる","レンタカー, 新幹線",タクシー,満足,,"20,000円以上 30,000円未満","20,000円以上 30,000円未満","20,000円以上 30,000円未満",初めて,観光協会等の案内所,金沢21世紀美術館,,ひがし茶屋街,,"40,000円以上 50,000円未満",満足,,満足,,感じた,月曜休みの施設や休業の施設が多すぎてパスがほとんど使えなかった。,7,日展のようなものではなく石川県ならではの展示が見たい,機会があれば行きたい,酒造を巡るアクティブ,女,1990,神奈川県,鎌倉市,"1,000万円以上 1,200万円未満",能登牛が当たる,,,美味しいおでんを勧めたい
金沢エリア,石川県立美術館,2024/03/12 7:19:57,同意する,2泊,2泊,金沢エリア  （湯涌温泉、深谷温泉、犀川温泉など）,石川県外には泊まらない,中学生以下連れの家族,"名所、旧跡の観光, 友人・親戚を訪ねる",新幹線,徒歩,,,"20,000円以上 30,000円未満","10,000円以上 20,000円未満","5,000円以上 10,000円未満",初めて,観光展・物産展,兼六園,,兼六園,,使わない,どちらでもない,ショプやレストランには寄らず,とても満足,国宝が一つの部屋で飾られておりみやすくわかりやすかったが、きっと混雑してる時期は近くまで行くのにかなり時間を要することだろうと思いました,感じなかった,,10,きっと車椅子の人に子供には展示物見て回るのには少し掲示物特に真ん中にあるものは高さが見にくいのではと思いました。スロープや台をつけるといいのでは。,また行きたい（1年以内）,兼六園周りに哀しげな売り物件があったので兼六園見たあとなどに寄れる道の駅的なものを作ってくれると買い物や食べたり休憩できて良い,女,1974,埼玉県,越谷市,200万円以上 300万円未満,能登牛が当たる,,,映像での説明を見たあと展示物を見るべき
金沢エリア,石川県立美術館,2024/03/12 12:30:34,同意する,3泊,1泊,金沢エリア  （湯涌温泉、深谷温泉、犀川温泉など）,福井県,自分ひとり,"テーマパーク（遊園地、動物園、博物館など）, まちあるき、都市散策",新幹線,"路線バス, 徒歩",満足,バスの混雑が酷くなかった,"5,000円以上 10,000円未満","10,000円以上 20,000円未満","3,000円以上 5,000円未満",初めて,観光パンフレット・ポスター,選択なし/該当施設なし,赤レンガ美術館,近江町市場,,"1,000円以上 3,000円未満",満足,ゆっくりと鑑賞できた,満足,スペースがゆったり,感じなかった,,5,特にありません,機会があれば行きたい,観光　飲食,男,1956,神奈川県,川崎市,700万円以上 800万円未満,能登牛が当たる,,,特にありません
金沢エリア,石川県立美術館,2024/03/12 20:51:05,同意する,4泊以上,4泊以上,能登エリア （和倉温泉、七尾市、輪島市、珠洲市など）,石川県外には泊まらない,職場の同僚,災害支援,在来線,"タクシー, 在来線",満足,駅から早く着くことができたから。,"20,000円以上 30,000円未満","3,000円以上 5,000円未満","30,000円以上 40,000円未満",初めて,観光協会等の案内所,兼六園,,ひがし茶屋街,,使わない,満足,入場料が安いから。,満足,展示スペースが広く、展示作品も多岐にわたっているから。,感じなかった,,8,,また行きたい（1年以内）,他県での石川県の魅力をアピールするイベント,男,1967,三重県,伊賀市,800万円以上 900万円未満,"能登牛が当たる, 石川県のおすすめ観光スポットが見たい",,,兼六園等の観光スポットに近接している。
金沢エリア,石川県立美術館,2024/03/12 21:07:49,同意する,1泊,1泊,金沢エリア  （湯涌温泉、深谷温泉、犀川温泉など）,石川県外には泊まらない,恋人,"地元の美味しいものを食べる, 名所、旧跡の観光, まちあるき、都市散策",在来線,"徒歩, レンタサイクル",とても満足,自転車での移動は効率的でした,"5,000円以上 10,000円未満","10,000円以上 20,000円未満","10,000円以上 20,000円未満",初めて,インターネット・アプリ,選択なし/該当施設なし,,ひがし茶屋街,,"1,000円未満",とても満足,,とても満足,とてもゆったりとした空間で落ち着いて鑑賞できました,感じなかった,,10,工芸館へ行く予定でしたが閉館していたため訪れましたが古九谷など歴史を感じられてよかったです,また行きたい（1年以内）,お寿司がよかったです,女,1996,兵庫県,西宮市,500万円以上 600万円未満,石川県のおすすめ観光スポットが見たい,,,古九谷焼の展示と城跡の見学
金沢エリア,石川県立美術館,2024/03/13 12:43:03,同意する,日帰り,石川県内には宿泊しない,石川県内には宿泊しない,富山からきました,自分ひとり,"花見や紅葉などの自然鑑賞, 名所、旧跡の観光, お祭りやイベントへの参加・見物",自家用車,自家用車,満足,落ち着いて観光できました,使わない,"1,000円以上 3,000円未満","5,000円以上 10,000円未満",2～5回目,観光展・物産展,選択なし/該当施設なし,県立博物館,兼六園,,"1,000円以上 3,000円未満",満足,キレイでした,満足,,感じなかった,,9,,また行きたい（1年以内）,クラシックな観光を求めてます,男,1987,富山県,高岡市,400万円以上 500万円未満,能登牛が当たる,,,
金沢エリア,石川県立美術館,2024/03/14 12:03:28,同意する,1泊,1泊,金沢エリア  （湯涌温泉、深谷温泉、犀川温泉など）,石川県外には泊まらない,自分ひとり,地元の美味しいものを食べる,在来線,路線バス,不満,バス停から遠い　車椅子では不便,"10,000円以上 20,000円未満","10,000円以上 20,000円未満","3,000円以上 5,000円未満",6～10回目,観光パンフレット・ポスター,兼六園,,金沢21世紀美術館,,使わない,どちらでもない,,どちらでもない,,感じなかった,,8,,また行きたい（1年以内）,徳田八十吉,男,1954,兵庫県,尼崎市,200万円以上 300万円未満,能登牛が当たる,,,
金沢エリア,石川県立美術館,2024/03/15 13:20:39,同意する,日帰り,石川県内には宿泊しない,石川県内には宿泊しない,石川県外には泊まらない,自分ひとり,"名所、旧跡の観光, まちあるき、都市散策",バス,路線バス,満足,わかりやすい,"10,000円以上 20,000円未満","1,000円未満","10,000円以上 20,000円未満",初めて,観光パンフレット・ポスター,尾山神社,,金沢21世紀美術館,,"1,000円未満",どちらでもない,,満足,,感じなかった,,7,,また行きたい（1年以内）,体験をたくさんしたい,女,1962,富山県,富山市,400万円以上 500万円未満,能登牛が当たる,,,バスが充実
金沢エリア,石川県立美術館,2024/03/15 13:35:38,同意する,1泊,1泊,金沢エリア  （湯涌温泉、深谷温泉、犀川温泉など）,石川県外には泊まらない,自分ひとり,"名所、旧跡の観光, テーマパーク（遊園地、動物園、博物館など）, まちあるき、都市散策",在来線,"在来線, 路線バス",満足,サンダーバードに乗りたかった。直通ラストですね。駅でのバス案内が分かりやすくてよかったです。,"10,000円以上 20,000円未満","10,000円以上 20,000円未満","10,000円以上 20,000円未満",初めて,"観光パンフレット・ポスター, 観光協会等の案内所",兼六園,,選択なし/該当施設なし,国立工芸館,"3,000円以上 5,000円未満",満足,,とても満足,ゆっくりと鑑賞できた。良いもの、好きなものを沢山見ることができ大満足です。空間が広いのもいいです。心が洗われるようです。,感じなかった,,10,,また行きたい（1年以内）,特になし,女,1956,滋賀県,大津市,400万円以上 500万円未満,"能登牛が当たる, ひゃくまさんが好き",,,いいものに出会い、いい時間を過ごせるから。
金沢エリア,石川県立美術館,2024/03/17 23:44:10,同意する,1泊,1泊,金沢エリア  （湯涌温泉、深谷温泉、犀川温泉など）,石川県外には泊まらない,自分ひとり,"名所、旧跡の観光, お祭りやイベントへの参加・見物",在来線,徒歩,,,"1,000円以上 3,000円未満","10,000円以上 20,000円未満","5,000円以上 10,000円未満",2～5回目,観光パンフレット・ポスター,兼六園,,選択なし/該当施設なし,金沢城,使わない,どちらでもない,,満足,古九谷の名品を見られた。,感じなかった,,7,,機会があれば行きたい,リーズナブルで質の高い料理,男,1963,大阪府,堺市,"1,000万円以上 1,200万円未満",能登牛が当たる,,,展示品の充実具合
金沢エリア,石川県立美術館,2024/03/19 11:58:56,同意する,2泊,2泊,金沢エリア  （湯涌温泉、深谷温泉、犀川温泉など）,石川県外には泊まらない,友人,"宿でのんびり過ごす, 地元の美味しいものを食べる, 名所、旧跡の観光, テーマパーク（遊園地、動物園、博物館など）, まちあるき、都市散策",新幹線,徒歩,,近くに観光地が密集しており、回りやすい。,"10,000円以上 20,000円未満","20,000円以上 30,000円未満","10,000円以上 20,000円未満",初めて,"TV・ラジオ番組やCM, 観光パンフレット・ポスター, インターネット・アプリ",金沢21世紀美術館,,近江町市場,,"1,000円未満",満足,展示物のクオリティが良い,とても満足,,感じなかった,,6,,機会があれば行きたい,特になし,男,2004,東京都,大田区,100万円以上 200万円未満,なんとなく,,,
金沢エリア,石川県立美術館,2024/03/19 13:03:18,同意する,4泊以上,1泊,金沢エリア  （湯涌温泉、深谷温泉、犀川温泉など）,富山県,夫婦2人,"温泉や露天風呂, 地元の美味しいものを食べる, 名所、旧跡の観光",自家用車,自家用車,,,"30,000円以上 40,000円未満","1,000円以上 3,000円未満","3,000円以上 5,000円未満",初めて,"観光パンフレット・ポスター, インターネット・アプリ",兼六園,,兼六園,,"1,000円未満",満足,見学しやすい,とても満足,綺麗で見学しやすい,感じなかった,,10,,機会があれば行きたい,特になし,男,1956,茨城県,龍ヶ崎市,300万円以上 400万円未満,ひゃくまさんが好き,,,蒔絵
金沢エリア,石川県立美術館,2024/03/19 13:07:52,同意する,4泊以上,1泊,金沢エリア  （湯涌温泉、深谷温泉、犀川温泉など）,富山県,夫婦2人,"宿でのんびり過ごす, 温泉や露天風呂, 地元の美味しいものを食べる, 名所、旧跡の観光",自家用車,自家用車,とても満足,,"20,000円以上 30,000円未満","1,000円以上 3,000円未満","3,000円以上 5,000円未満",初めて,"観光連盟やDMOのHP, インターネット・アプリ",選択なし/該当施設なし,,兼六園,,"1,000円未満",満足,,満足,,感じなかった,,8,,機会があれば行きたい,特になし,男,1956,茨城県,龍ヶ崎市,300万円以上 400万円未満,能登牛が当たる,,,
金沢エリア,石川県立美術館,2024/03/20 14:22:54,同意する,3泊,2泊,金沢エリア  （湯涌温泉、深谷温泉、犀川温泉など）,富山県,恋人,"宿でのんびり過ごす, 温泉や露天風呂, 地元の美味しいものを食べる, 名所、旧跡の観光, 買い物、アウトレット, まちあるき、都市散策, 友人・親戚を訪ねる","自家用車, 新幹線","路線バス, 徒歩",とても満足,,"5,000円以上 10,000円未満","5,000円以上 10,000円未満","10,000円以上 20,000円未満",初めて,観光パンフレット・ポスター,金沢21世紀美術館,,兼六園,,"1,000円未満",とても満足,,とても満足,,感じなかった,,8,,機会があれば行きたい,金のリング,男,2002,長野県,長野市,"1,000万円以上 1,200万円未満",能登牛が当たる,,,
金沢エリア,石川県立美術館,2024/03/20 14:24:17,同意する,3泊,2泊,金沢エリア  （湯涌温泉、深谷温泉、犀川温泉など）,富山県,恋人,"宿でのんびり過ごす, 温泉や露天風呂, 地元の美味しいものを食べる, 名所、旧跡の観光, 買い物、アウトレット, まちあるき、都市散策, 各種体験（手作り、果物狩りなど）, 友人・親戚を訪ねる","自家用車, 新幹線","路線バス, 徒歩",とても満足,,"5,000円以上 10,000円未満","5,000円以上 10,000円未満","10,000円以上 20,000円未満",初めて,"観光パンフレット・ポスター, インターネット・アプリ",金沢21世紀美術館,,兼六園,,"1,000円未満",とても満足,,とても満足,,感じなかった,,8,,機会があれば行きたい,石川の伝統文化を紹介・体験できる総合施設(様々な文化を１箇所で体験できる施設),女,2002,長野県,松本市,100万円未満,能登牛が当たる,,,
金沢エリア,石川県立美術館,2024/03/20 15:33:46,同意する,2泊,2泊,金沢エリア  （湯涌温泉、深谷温泉、犀川温泉など）,石川県外には泊まらない,夫婦2人,"地元の美味しいものを食べる, 名所、旧跡の観光, まちあるき、都市散策",新幹線,"路線バス, 徒歩",満足,観光案内所での説明が丁寧だったので迷うことがなかったから,"10,000円以上 20,000円未満","20,000円以上 30,000円未満","10,000円以上 20,000円未満",初めて,家族,金沢21世紀美術館,,選択なし/該当施設なし,武家屋敷界隈,"1,000円以上 3,000円未満",満足,,満足,,感じなかった,,8,,機会があれば行きたい,特になし,無回答,1970,神奈川県,横浜市,600万円以上 700万円未満,能登牛が当たる,,,
金沢エリア,石川県立美術館,2024/03/20 15:34:25,同意する,2泊,2泊,金沢エリア  （湯涌温泉、深谷温泉、犀川温泉など）,石川県外には泊まらない,夫婦2人,"宿でのんびり過ごす, 地元の美味しいものを食べる, まちあるき、都市散策",新幹線,徒歩,満足,道の雰囲気が良い,"20,000円以上 30,000円未満","50,000円以上 100,000円未満","30,000円以上 40,000円未満",初めて,新聞・雑誌・ガイドブック,金沢21世紀美術館,,兼六園,,"20,000円以上 30,000円未満",とても満足,従業員の態度が良い,満足,カフェがあり展示物もスペースに余裕があった,感じなかった,,7,カフェのケーキが美味しかったです,機会があれば行きたい,いいと思う,男,1967,神奈川県,横浜市,700万円以上 800万円未満,能登牛が当たる,,,雰囲気が良い
金沢エリア,石川県立美術館,2024/03/28 14:14:01,同意する,日帰り,石川県内には宿泊しない,石川県内には宿泊しない,石川県外には泊まらない,自分ひとり,石川県立美術館での展示訪問,自家用車,自家用車,,,使わない,使わない,使わない,2～5回目,X(旧：Twitter),選択なし/該当施設なし,,選択なし/該当施設なし,,"1,000円以上 3,000円未満",とても満足,,とても満足,,感じなかった,,10,,石川県在住,刀剣の展示は全国から人を集めることができるので、これからもたくさんおこなってほしい。石川県という都市から離れた土地であっても、文化の面で活躍してほしい,女,2002,石川県,能美郡川北町,"1,000万円以上 1,200万円未満","能登牛が当たる, 石川県のおすすめ観光スポットが見たい",,,
金沢エリア,石川県立美術館,2024/03/29 7:47:33,同意する,1泊,1泊,金沢エリア  （湯涌温泉、深谷温泉、犀川温泉など）,石川県外には泊まらない,恋人,"地元の美味しいものを食べる, 名所、旧跡の観光, 買い物、アウトレット, まちあるき、都市散策",飛行機,徒歩,,,"5,000円以上 10,000円未満","1,000円以上 3,000円未満","40,000円以上 50,000円未満",初めて,兼六園と共通チケットで,金沢21世紀美術館,,尾山神社,,使わない,どちらでもない,魅力的なお土産があるともっと良かった,満足,施設は静かで、トイレも綺麗だった,感じなかった,,6,お土産がもう少し豊富にあると良かった,機会があれば行きたい,海鮮が楽しみで行きました,女,1973,神奈川県,川崎市,700万円以上 800万円未満,能登牛が当たる,,,今回一泊で、金沢駅周辺しか行けなかったので、ゆったりした広範囲の観光を勧めたい
金沢エリア,石川県立美術館,2024/03/29 12:21:11,同意する,1泊,1泊,金沢エリア  （湯涌温泉、深谷温泉、犀川温泉など）,石川県外には泊まらない,自分ひとり,"宿でのんびり過ごす, 地元の美味しいものを食べる, テーマパーク（遊園地、動物園、博物館など）, まちあるき、都市散策",飛行機,徒歩,,,"10,000円以上 20,000円未満","40,000円以上 50,000円未満","40,000円以上 50,000円未満",6～10回目,X(旧：Twitter),尾山神社,,選択なし/該当施設なし,文学館,"1,000円以上 3,000円未満",とても満足,展示が見やすかったです,とても満足,トイレがきれい　順路がわかりやすい,感じなかった,,10,,機会があれば行きたい,郷土料理が食べたいです。あと洋菓子が全体的に見た目も美しく美味しいですね,女,1981,福岡県,福岡市,"1,200万円以上 1,500万円未満",能登牛が当たる,,,
金沢エリア,石川県立美術館,2024/03/29 17:01:39,同意する,1泊,1泊,金沢エリア  （湯涌温泉、深谷温泉、犀川温泉など）,石川県外には泊まらない,小学生以下連れの家族,"温泉や露天風呂, 地元の美味しいものを食べる, 花見や紅葉などの自然鑑賞, 名所、旧跡の観光, まちあるき、都市散策, ドライブ・ツーリング",自家用車,自家用車,,,"5,000円以上 10,000円未満","5,000円以上 10,000円未満","20,000円以上 30,000円未満",2～5回目,"新聞・雑誌・ガイドブック, インターネット・アプリ",選択なし/該当施設なし,,兼六園,,"1,000円以上 3,000円未満",満足,,とても満足,,感じなかった,,8,,機会があれば行きたい,美味しいものを色々食べたいのですが、それぞれの場所が絶妙に離れていて車で行くにも歩くにもちょっと不便でした。文化施設がたくさんまとまってあって色々見れたのはよかったです。,女,1994,長野県,諏訪市,600万円以上 700万円未満,能登牛が当たる,,,
金沢エリア,石川県立美術館,2024/03/30 11:11:42,同意する,2泊,石川県内には宿泊しない,石川県内には宿泊しない,富山県,中学生以下連れの家族,"まちあるき、都市散策, 前田家の刀剣鑑賞",自家用車,自家用車,,,"10,000円以上 20,000円未満","20,000円以上 30,000円未満","30,000円以上 40,000円未満",6～10回目,"インターネット・アプリ, X(旧：Twitter)",選択なし/該当施設なし,,兼六園,,"5,000円以上 10,000円未満",とても満足,見たかった前田家の刀剣たちが見られた,満足,無料の駐車場がもう少し広いと有り難い,感じなかった,,10,白山吉光のグッズも欲しいです,また行きたい（1年以内）,特になし,女,1977,新潟県,新潟市,400万円以上 500万円未満,"能登牛が当たる, ひゃくまさんが好き",,,１日最大料金九百円で停められる駐車場が近くにある
金沢エリア,石川県立美術館,2024/03/31 11:00:15,同意する,1泊,石川県内には宿泊しない,石川県内には宿泊しない,夜行バスにて宿泊,自分ひとり,テーマパーク（遊園地、動物園、博物館など）,県外から訪れていない（石川県内在住）,"徒歩, 自転車",どちらでもない,坂があるので自転車では全て行くのは辞めたため,使わない,使わない,"1,000円以上 3,000円未満",6～10回目,X(旧：Twitter),近江町市場,,兼六園,,"1,000円以上 3,000円未満",とても満足,人が多すぎず、じっくりと何度もみれた,とても満足,無料ロッカーがあるので荷物を預けらて楽だった,感じなかった,,8,9年前はなかった刀剣乱舞とのコラボなどがあり、パネルやコラボグッズがあって良かった,石川県在住,特になし,女,1984,石川県,金沢市,100万円以上 200万円未満,"能登牛が当たる, ひゃくまさんが好き",,,数年ぶりに展示された刀があったから
金沢エリア,からくり記念館,2024/01/21 18:09:12,同意する,2泊,1泊,加賀エリア （山代温泉、山中温泉、片山津温泉、粟津温泉、辰口温泉、加賀市、小松市など）,愛知県(名古屋),自分ひとり,"温泉や露天風呂, 名所、旧跡の観光, まちあるき、都市散策","在来線, 飛行機",レンタカー,満足,金沢中心市街からは少し離れているものの、北陸道からのアクセスが良いため小松空港を往復する際の寄り道として訪問できたため。,"20,000円以上 30,000円未満","50,000円以上 100,000円未満","20,000円以上 30,000円未満",初めて,新聞・雑誌・ガイドブック,選択なし/該当施設なし,卯辰山公園見晴し台,選択なし/該当施設なし,,使わない,満足,,満足,,感じなかった,,9,,また行きたい（1年以内）,現状で満足のため特になし,男,1999,北海道,札幌市,300万円以上 400万円未満,"能登牛が当たる, ひゃくまさんが好き",,,
金沢エリア,からくり記念館,2024/02/04 15:30:56,同意する,2泊,2泊,金沢エリア  （湯涌温泉、深谷温泉、犀川温泉など）,石川県外には泊まらない,友人,"お祭りやイベントへの参加・見物, まちあるき、都市散策, 各種体験（手作り、果物狩りなど）, ラブライブ！の聖地巡礼",在来線,"路線バス, 徒歩",どちらでもない,バスの本数が少ないため,"5,000円以上 10,000円未満","5,000円以上 10,000円未満","20,000円以上 30,000円未満",初めて,X(旧：Twitter),近江町市場,,ひがし茶屋街,,"1,000円未満",とても満足,,とても満足,,感じなかった,,10,,また行きたい（1年以内）,特になし,男,1995,京都府,京都市,600万円以上 700万円未満,"能登牛が当たる, ひゃくまさんが好き",,,
金沢エリア,からくり記念館,2024/02/05 21:14:54,同意する,1泊,1泊,金沢エリア  （湯涌温泉、深谷温泉、犀川温泉など）,石川県外には泊まらない,小学生以下連れの家族,"地元の美味しいものを食べる, 名所、旧跡の観光, まちあるき、都市散策",在来線,"在来線, 路線バス",不満,バスの本数が少なく、また10時台にからくり記念館に行くバスが全くなく、大変でした。,"3,000円以上 5,000円未満","1,000円未満","10,000円以上 20,000円未満",初めて,インターネット・アプリ,選択なし/該当施設なし,,選択なし/該当施設なし,糀パーク,"1,000円未満",満足,からくり人形の実演をたまたま見ることができてとても良かったです。,満足,受付の方も大変丁寧で良かったです。,感じなかった,,8,からくり記念館ツアーやパズルの実演模範回答など見せて欲しかった。パズルなど大好きですが、旅行日程上、時間がとれずもっと遊びたかったのですが、一度に色々と知ることのできるツアーがあれば参加したかっです。,機会があれば行きたい,石川県の飲食は海の幸が豊富でとても良かったです、バイ貝を初めて知りました。めっちゃ美味しかったです。お土産に買った味噌饅頭、もっと食べたいくらい美味しかったのでまた買いに行きたいです！,男,1986,兵庫県,明石市,500万円以上 600万円未満,能登牛が当たる,,,パズルや仕掛けを見ることができ、面白い。
金沢エリア,からくり記念館,2024/02/10 14:01:29,同意する,2泊,2泊,金沢エリア  （湯涌温泉、深谷温泉、犀川温泉など）,石川県外には泊まらない,自分ひとり,"地元の美味しいものを食べる, 名所、旧跡の観光, 友人・親戚を訪ねる",新幹線,"レンタカー, レンタサイクル",満足,マイカー感覚で動けるので,"5,000円以上 10,000円未満","30,000円以上 40,000円未満","40,000円以上 50,000円未満",初めて,インターネット・アプリ,金沢城（金沢城公園）,,近江町市場,,"1,000円未満",満足,説明が丁寧で分かりやすかった,満足,展示が楽しかった,感じなかった,,7,入口すぐのからくりが動くところが見てみたかった,機会があれば行きたい,魚介類、甘味,男,1978,宮崎県,宮崎市,400万円以上 500万円未満,能登牛が当たる,,,単純に楽しい
金沢エリア,からくり記念館,2024/02/18 10:53:57,同意する,1泊,1泊,金沢エリア  （湯涌温泉、深谷温泉、犀川温泉など）,石川県外には泊まらない,友人,地元の美味しいものを食べる,"レンタカー, 在来線",レンタカー,とても満足,,"5,000円以上 10,000円未満","3,000円以上 5,000円未満","10,000円以上 20,000円未満",初めて,インターネット・アプリ,ひがし茶屋街,,選択なし/該当施設なし,,"1,000円未満",とても満足,,とても満足,,感じなかった,,9,,機会があれば行きたい,特になし,男,1991,大阪府,大阪市,700万円以上 800万円未満,能登牛が当たる,,,
金沢エリア,からくり記念館,2024/02/23 12:48:51,同意する,2泊,2泊,金沢エリア  （湯涌温泉、深谷温泉、犀川温泉など）,石川県外には泊まらない,自分ひとり,"宿でのんびり過ごす, 温泉や露天風呂, 名所、旧跡の観光, まちあるき、都市散策",新幹線,レンタサイクル,とても満足,ホテルの傍にポートがあって利用しやすかった,"30,000円以上 40,000円未満","30,000円以上 40,000円未満","10,000円以上 20,000円未満",初めて,"インターネット・アプリ, 地図アプリで見かけて",選択なし/該当施設なし,県庁（喫茶フロア）、まあ近江町市場にも行っていますが,選択なし/該当施設なし,兼六園,"1,000円未満",とても満足,展示が面白かった,満足,せっかくなのでグッズ的なものがあれば,感じなかった,,7,入館料は今が適正だと思います。展示が楽しめたので、せっかくなのでなにか買うものがあれば!,機会があれば行きたい,自転車で移動しましたが、意外と水はけが悪い。自転車道（ブルーライン）が分かりにくい。土産物販売場所があまりない感。,男,1984,東京都,杉並区,600万円以上 700万円未満,"能登牛が当たる, なんとなく",,,
金沢エリア,からくり記念館,2024/02/26 16:10:08,同意する,1泊,1泊,金沢エリア  （湯涌温泉、深谷温泉、犀川温泉など）,石川県外には泊まらない,小学生以下連れの家族,"宿でのんびり過ごす, 地元の美味しいものを食べる, 名所、旧跡の観光, まちあるき、都市散策","新幹線, 在来線","路線バス, 徒歩",どちらでもない,バスの本数が少ない,"20,000円以上 30,000円未満","5,000円以上 10,000円未満","10,000円以上 20,000円未満",初めて,インターネット・アプリ,選択なし/該当施設なし,,選択なし/該当施設なし,,"1,000円未満",満足,,満足,,感じなかった,,6,,機会があれば行きたい,なし,女,1986,大阪府,大阪市,"1,000万円以上 1,200万円未満","能登牛が当たる, 石川県のおすすめ観光スポットが見たい",,,
金沢エリア,からくり記念館,2024/03/09 13:13:04,同意する,1泊,1泊,金沢エリア  （湯涌温泉、深谷温泉、犀川温泉など）,石川県外には泊まらない,恋人,まちあるき、都市散策,自家用車,自家用車,,,"10,000円以上 20,000円未満","3,000円以上 5,000円未満","20,000円以上 30,000円未満",初めて,観光展・物産展,金沢城（金沢城公園）,,ひがし茶屋街,,"1,000円未満",満足,このような展示館は初めてで体験型なのが面白かった,満足,全体的に綺麗だったからです,感じた,廊下が寒かった,5,,また行きたい（1年以内）,海鮮、古き伝統,男,2001,岐阜県,下呂市,700万円以上 800万円未満,能登牛が当たる,,,楽しめたため子連れの方に勧めたい
金沢エリア,からくり記念館,2024/03/19 6:34:17,同意する,4泊以上,4泊以上,金沢エリア  （湯涌温泉、深谷温泉、犀川温泉など）,石川県外には泊まらない,職場の同僚,"名所、旧跡の観光, 買い物、アウトレット, まちあるき、都市散策",自家用車,自家用車,,,"40,000円以上 50,000円未満","30,000円以上 40,000円未満","40,000円以上 50,000円未満",初めて,インターネット・アプリ,金沢城（金沢城公園）,,ひがし茶屋街,,"1,000円未満",満足,カラクリ箱が面白かった。,満足,綺麗だったから。もう少し交通の便が良いところだともっと良かった。,感じた,立地場所が不便,9,カラクリ箱の回答を全て置いて欲しかったです。,機会があれば行きたい,Ｂ級グルメを食べたいです。,男,1978,千葉県,四街道市,800万円以上 900万円未満,"能登牛が当たる, 石川県のおすすめ観光スポットが見たい",,,金沢城跡。尾山神社側の庭園がとても綺麗だったから。
金沢エリア,からくり記念館,2024/03/20 11:18:12,同意する,1泊,1泊,金沢エリア  （湯涌温泉、深谷温泉、犀川温泉など）,石川県外には泊まらない,恋人,"温泉や露天風呂, 地元の美味しいものを食べる, 名所、旧跡の観光, テーマパーク（遊園地、動物園、博物館など）",自家用車,自家用車,,,"5,000円以上 10,000円未満","5,000円以上 10,000円未満","20,000円以上 30,000円未満",初めて,Googleマップ,尾山神社,,選択なし/該当施設なし,福井で寄り道しながら帰路につく,"1,000円以上 3,000円未満",とても満足,手で持って触って遊べるからくり遊びがたくさんあったから,とても満足,,感じなかった,,10,,機会があれば行きたい,忍者寺,女,1987,滋賀県,草津市,200万円以上 300万円未満,能登牛が当たる,,,雨の日の訪問場所として
金沢エリア,からくり記念館,2024/03/25 13:51:45,同意する,1泊,1泊,金沢エリア  （湯涌温泉、深谷温泉、犀川温泉など）,石川県外には泊まらない,小学生以下連れの家族,"温泉や露天風呂, 地元の美味しいものを食べる, テーマパーク（遊園地、動物園、博物館など）, 買い物、アウトレット, まちあるき、都市散策, 各種体験（手作り、果物狩りなど）",自家用車,自家用車,,,"5,000円以上 10,000円未満","10,000円以上 20,000円未満","30,000円以上 40,000円未満",初めて,インターネット・アプリ,近江町市場,,金沢21世紀美術館,,"1,000円未満",とても満足,色々なパズルやからくり宝箱を開けるのが楽しかった！,とても満足,安い上に楽しかった！,感じなかった,,10,,機会があれば行きたい,特になし,男,1974,大阪府,和泉市,"1,200万円以上 1,500万円未満",能登牛が当たる,,,
金沢エリア,からくり記念館,2024/04/05 17:12:13,同意する,2泊,1泊,金沢エリア  （湯涌温泉、深谷温泉、犀川温泉など）,富山県,友人,"地元の美味しいものを食べる, 名所、旧跡の観光, まちあるき、都市散策, ドライブ・ツーリング",飛行機,レンタカー,とても満足,公共交通機関に比べ、自由な移動が可能,"10,000円以上 20,000円未満","10,000円以上 20,000円未満","10,000円以上 20,000円未満",初めて,友人・知人,選択なし/該当施設なし,麹パーク、那谷寺,金沢21世紀美術館,,"1,000円未満",どちらでもない,あまり時間がなかったため、商品については何も見ていません,満足,いくもからくりの展示があり、楽しめました,感じた,パズルやからくり箱の開け方などの解説、解法が欲しい,7,近隣の醤油関連や漁港などの施設と連携した飲食があればよいかも。,機会があれば行きたい,飲食店の混雑具合がわかるようになるとうれしい,男,1984,神奈川県,相模原市,400万円以上 500万円未満,能登牛が当たる,満足,8,飯が美味い
金沢エリア,からくり記念館,2024/04/07 14:19:20,同意する,2泊,2泊,金沢エリア  （湯涌温泉、深谷温泉、犀川温泉など）,石川県外には泊まらない,夫婦、子供1人,"地元の美味しいものを食べる, 花見や紅葉などの自然鑑賞, スポーツ観戦や芸術鑑賞（コンサート等）, まちあるき、都市散策","新幹線, 在来線",路線バス,どちらでもない,バスの本数が少ないので、動きが制限されてしまう,"3,000円以上 5,000円未満","40,000円以上 50,000円未満","30,000円以上 40,000円未満",初めて,"TV・ラジオ番組やCM, 観光連盟やDMOのHP, Instagram, 友人・知人",ひがし茶屋街,主計茶屋街、金沢城,選択なし/該当施設なし,大野付近,使わない,満足,久しぶりに木製パズルに触れて、懐かしかった。頭の体操にもなった,満足,前述と同様,感じなかった,,7,からくり人形の実演時に、係の方の生での説明が聞きたかった,また行きたい（1年以内）,特になし,女,1962,長野県,松本市,700万円以上 800万円未満,"能登牛が当たる, ひゃくまさんが好き",とても満足,10,おいしい海鮮
金沢エリア,からくり記念館,2024/04/22 10:32:43,同意する,1泊,1泊,金沢エリア  （湯涌温泉、深谷温泉、犀川温泉など）,石川県外には泊まらない,夫婦2人,"温泉や露天風呂, 地元の美味しいものを食べる, 名所、旧跡の観光, まちあるき、都市散策",自家用車,自家用車,,,"40,000円以上 50,000円未満","20,000円以上 30,000円未満","20,000円以上 30,000円未満",初めて,インターネット・アプリ,選択なし/該当施設なし,一軒目です。,近江町市場,,"1,000円未満",満足,パズルの体験が意外と熱中しました,満足,建物の形が興味深かったです,感じなかった,,8,,また行きたい（1年以内）,現時点で満足しています。早い復興を願っています,男,1989,愛知県,知多市,"1,000万円以上 1,200万円未満","能登牛が当たる, 石川県のおすすめ観光スポットが見たい",とても満足,10,食事が美味しい
金沢エリア,からくり記念館,2024/04/25 12:13:36,同意する,日帰り,石川県内には宿泊しない,石川県内には宿泊しない,石川県外には泊まらない,家族,"テーマパーク（遊園地、動物園、博物館など）, 買い物、アウトレット, ドライブ・ツーリング, 病院の検査",自家用車,自家用車,,,使わない,"5,000円以上 10,000円未満","10,000円以上 20,000円未満",初めて,インターネット・アプリ,選択なし/該当施設なし,高岡市内の病院,選択なし/該当施設なし,小矢部アウトレット,"1,000円以上 3,000円未満",とても満足,からくりそのものが面白かった,とても満足,展示物も、建物自体も良かった,感じなかった,,8,,また行きたい（1年以内）,海産物など海の幸,男,1971,岐阜県,高山市,600万円以上 700万円未満,能登牛が当たる,満足,8,食べ物が美味しいことはもちろん、見るところがたくさんある
金沢エリア,からくり記念館,2024/04/27 11:55:54,同意する,2泊,2泊,能登エリア （和倉温泉、七尾市、輪島市、珠洲市など）,石川県外には泊まらない,友人,"温泉や露天風呂, 地元の美味しいものを食べる, お祭りやイベントへの参加・見物",バイク,バイク,満足,北陸道が少し渋滞していた,"3,000円以上 5,000円未満","5,000円以上 10,000円未満","20,000円以上 30,000円未満",初めて,友人・知人,選択なし/該当施設なし,金澤港いきいき魚市,選択なし/該当施設なし,ライダーハウスピースマリンベース,"1,000円未満",満足,からくり人形風のお土産売って欲しい,とても満足,建物が凝っていた,感じなかった,,8,からくり人形ストラップ　ソフトクリーム（人形が出してくれる）,また行きたい（1年以内）,能登牛が美味しいので、BBQやキャンプを楽しめる施設を充実して欲しい,女,1965,京都府,京都市,200万円以上 300万円未満,能登牛が当たる,とても満足,9,被災にも負けず頑張ってるので、もっと皆んなに来て欲しい
金沢エリア,からくり記念館,2024/04/27 11:55:59,同意する,3泊,2泊,能登エリア （和倉温泉、七尾市、輪島市、珠洲市など）,富山県,友人,"温泉や露天風呂, 地元の美味しいものを食べる, テーマパーク（遊園地、動物園、博物館など）, 買い物、アウトレット, アウトドア（海水浴、釣り、登山など）, ドライブ・ツーリング",自家用車,自家用車,,,"3,000円以上 5,000円未満","1,000円以上 3,000円未満","5,000円以上 10,000円未満",初めて,インターネット・アプリ,選択なし/該当施設なし,金沢港いきいき魚市,選択なし/該当施設なし,ライダーハウス ピースマリンベース,"1,000円未満",とても満足,実演が楽しかった,とても満足,建物が美しい,感じなかった,,9,段階人形のレプリカは欲しい,また行きたい（1年以内）,海岸線にある手掘りの隧道が楽しい,女,1967,京都府,京都市,300万円以上 400万円未満,能登牛が当たる,満足,9,魚介類の美味しさ
金沢エリア,からくり記念館,2024/04/28 12:06:15,同意する,日帰り,石川県内には宿泊しない,石川県内には宿泊しない,石川県外には泊まらない,小学生以下連れの家族,まちあるき、都市散策,"自家用車, 県外から訪れていない（石川県内在住）",自家用車,,,使わない,"3,000円以上 5,000円未満","3,000円以上 5,000円未満",初めて,友人・知人,金沢城（金沢城公園）,小松航空プラザ,選択なし/該当施設なし,,"1,000円未満",とても満足,かなり興味深い展示だった,とても満足,とてもおもしろかった,感じなかった,,9,,また行きたい（1年以内）,メジャーなものだけでなくマイナーなものももっとアピールしてほしい,男,1984,石川県,金沢市,600万円以上 700万円未満,"能登牛が当たる, ひゃくまさんが好き",とても満足,8,
金沢エリア,からくり記念館,2024/05/19 17:00:20,同意する,日帰り,石川県内には宿泊しない,石川県内には宿泊しない,石川県外には泊まらない,小学生以下連れの家族,"テーマパーク（遊園地、動物園、博物館など）, お祭りやイベントへの参加・見物",県外から訪れていない（石川県内在住）,自家用車,,,使わない,"1,000円未満","3,000円以上 5,000円未満",初めて,友人・知人,選択なし/該当施設なし,金沢21世紀美術館,選択なし/該当施設なし,,"1,000円未満",とても満足,,満足,,感じた,正解の写真が分かりにくい,8,,石川県在住,特になし,女,1977,石川県,小松市,700万円以上 800万円未満,"能登牛が当たる, ひゃくまさんが好き",とても満足,10,21世紀美術館　館外が思いの外楽しめた
金沢エリア,からくり記念館,2024/06/01 13:32:59,同意する,2泊,2泊,金沢エリア  （湯涌温泉、深谷温泉、犀川温泉など）,石川県外には泊まらない,恋人,名所、旧跡の観光,飛行機,旅行会社ツアーバス,満足,,"1,000円以上 3,000円未満","5,000円以上 10,000円未満","5,000円以上 10,000円未満",2～5回目,TV・ラジオ番組やCM,金沢城（金沢城公園）,,近江町市場,,"10,000円以上 20,000円未満",どちらでもない,,どちらでもない,,感じた,,10,,どちらともいえない,特になし,男,1991,大阪府,高石市,200万円以上 300万円未満,ひゃくまんさんの名刺をコレクションしている,どちらでもない,7,
金沢エリア,ホテル・トリフィート金沢,2023/12/21 23:05:48,同意する,2泊,2泊,加賀エリア （山代温泉、山中温泉、片山津温泉、粟津温泉、辰口温泉、加賀市、小松市など）,石川県外には泊まらない,家族,"宿でのんびり過ごす, 温泉や露天風呂",県外から訪れていない（石川県内在住）,自家用車,,,"5,000円以上 10,000円未満","1,000円以上 3,000円未満","5,000円以上 10,000円未満",2～5回目,友人・知人,選択なし/該当施設なし,山中温泉の温泉街,選択なし/該当施設なし,,"10,000円以上 20,000円未満",満足,温泉が気持ちよかった,満足,スタッフの対応が丁寧だった,感じなかった,,8,売店に売ってるお菓子の種類が豊富だった,石川県在住,特になし,女,1998,石川県,金沢市,100万円以上 200万円未満,"能登牛が当たる, ひゃくまんさんが好き, 石川県のおすすめ観光スポットが見たい, 石川県の雑学を知りたい",,,とてもゆっくり過ごせたから
金沢エリア,ホテル・トリフィート金沢,2023/12/21 23:26:06,同意する,1泊,1泊,金沢エリア  （湯涌温泉、深谷温泉、犀川温泉など）,石川県外には泊まらない,自分ひとり,宿でのんびり過ごす,県外から訪れていない（石川県内在住）,徒歩,,,"10,000円以上 20,000円未満",使わない,"5,000円以上 10,000円未満",初めて,Instagram,兼六園,,選択なし/該当施設なし,,"1,000円未満",とても満足,,とても満足,,感じなかった,,10,,石川県在住,室内施設,女,1996,石川県,金沢市,200万円以上 300万円未満,能登牛が当たる,,,
金沢エリア,ホテル・トリフィート金沢,2023/12/25 17:04:36,同意する,2泊,2泊,金沢エリア  （湯涌温泉、深谷温泉、犀川温泉など）,石川県外には泊まらない,夫婦2人,"宿でのんびり過ごす, 地元の美味しいものを食べる",飛行機,自家用車,,,"20,000円以上 30,000円未満","10,000円以上 20,000円未満","10,000円以上 20,000円未満",6～10回目,"Instagram, 友人・知人",近江町市場,,金沢21世紀美術館,,使わない,満足,,満足,,感じた,使用済みのタオルを回収するシステムがないこと,10,,また行きたい（1年以内）,特になし,女,1997,東京都,大田区,"1,000万円以上 1,200万円未満","能登牛が当たる, 石川県のおすすめ観光スポットが見たい",,,
金沢エリア,ホテル・トリフィート金沢,2023/12/25 17:10:11,同意する,2泊,2泊,金沢エリア  （湯涌温泉、深谷温泉、犀川温泉など）,石川県外には泊まらない,夫婦2人,"地元の美味しいものを食べる, 名所、旧跡の観光, 買い物、アウトレット, 友人・親戚を訪ねる",飛行機,在来線,満足,駅からのアクセス良し,"10,000円以上 20,000円未満","10,000円以上 20,000円未満","50,000円以上 100,000円未満",初めて,インターネット・アプリ,近江町市場,,選択なし/該当施設なし,片町エリア,"10,000円以上 20,000円未満",満足,大浴場良かったです,満足,綺麗でオシャレな雰囲気が良かった,感じなかった,,8,,また行きたい（1年以内）,駅から離れたエリアの美味しい飲食店をもっと開拓してみたい。そういった情報の発信があると嬉しい。,男,1982,東京都,大田区,"1,000万円以上 1,200万円未満",能登牛が当たる,,,
金沢エリア,ホテル・トリフィート金沢,2023/12/26 17:03:16,同意する,1泊,1泊,金沢エリア  （湯涌温泉、深谷温泉、犀川温泉など）,石川県外には泊まらない,自分ひとり,出張など仕事関係,自家用車,自家用車,,,"10,000円以上 20,000円未満","5,000円以上 10,000円未満","5,000円以上 10,000円未満",11回目以上,友人・知人,ひがし茶屋街,,兼六園,,"10,000円以上 20,000円未満",とても満足,,とても満足,,感じなかった,,10,,また行きたい（1年以内）,喫煙したい,男,1961,岐阜県,郡上市,"900万円以上 1,000万円未満",能登牛が当たる,,,
金沢エリア,ホテル・トリフィート金沢,2023/12/29 17:11:54,同意する,2泊,1泊,金沢エリア  （湯涌温泉、深谷温泉、犀川温泉など）,長野県,中学生以下連れの家族,"地元の美味しいものを食べる, 名所、旧跡の観光",新幹線,"タクシー, 徒歩",,,"30,000円以上 40,000円未満","10,000円以上 20,000円未満","30,000円以上 40,000円未満",初めて,インターネット・アプリ,尾山神社,,ひがし茶屋街,,"50,000円以上 100,000円未満",とても満足,清潔で駅まで近い,とても満足,広いし、温泉がある。,感じなかった,,10,ウェルカムドリンクの種類を増やしてほしい,また行きたい（1年以内）,今で充分満足,女,1969,神奈川県,川崎市,"1,500万円以上",能登牛が当たる,,,食べものが美味しい
金沢エリア,ホテル・トリフィート金沢,2024/01/02 18:20:10,同意する,4泊以上,2泊,金沢エリア  （湯涌温泉、深谷温泉、犀川温泉など）,福井県,夫婦2人,"地元の美味しいものを食べる, テーマパーク（遊園地、動物園、博物館など）, アウトドア（海水浴、釣り、登山など）",新幹線,徒歩,,,"20,000円以上 30,000円未満","5,000円以上 10,000円未満","50,000円以上 100,000円未満",初めて,インターネット・アプリ,選択なし/該当施設なし,,金沢21世紀美術館,,"10,000円以上 20,000円未満",満足,,満足,,感じなかった,,8,,また行きたい（1年以内）,突然の地震で予定がほぼ崩れてしまったけど、それでも自分なりに楽しんで帰りたい。,女,1986,東京都,江東区,"1,000万円以上 1,200万円未満",能登牛が当たる,,,
金沢エリア,ホテル・トリフィート金沢,2024/01/13 10:09:52,同意する,1泊,1泊,金沢エリア  （湯涌温泉、深谷温泉、犀川温泉など）,石川県外には泊まらない,自分ひとり,出張など仕事関係,自家用車,"自家用車, 徒歩",,,"10,000円以上 20,000円未満","3,000円以上 5,000円未満","10,000円以上 20,000円未満",初めて,インターネット・アプリ,選択なし/該当施設なし,,選択なし/該当施設なし,,"1,000円未満",とても満足,接客が素晴らしい、笑顔,とても満足,清潔感に溢れている,感じなかった,,10,コーヒーが美味しい,石川県在住,海や山など自然体験と農業、工芸体験,男,1976,石川県,小松市,"1,000万円以上 1,200万円未満",能登牛が当たる,,,食事の素晴らしさ
金沢エリア,ホテル・トリフィート金沢,2024/01/16 12:29:41,同意する,2泊,2泊,金沢エリア  （湯涌温泉、深谷温泉、犀川温泉など）,石川県外には泊まらない,夫婦2人,"地元の美味しいものを食べる, 名所、旧跡の観光, まちあるき、都市散策",飛行機,路線バス,満足,飛行機との乗り継ぎが良いため,"10,000円以上 20,000円未満","10,000円以上 20,000円未満","30,000円以上 40,000円未満",初めて,インターネット・アプリ,兼六園,,選択なし/該当施設なし,山代温泉,使わない,満足,小さいながらもキレイで程良いサービスが受けられるため,満足,,感じなかった,,7,,機会があれば行きたい,特になし,男,1975,東京都,目黒区,"1,500万円以上",能登牛が当たる,,,
金沢エリア,ホテル・トリフィート金沢,2024/01/16 14:26:18,同意する,2泊,2泊,金沢エリア  （湯涌温泉、深谷温泉、犀川温泉など）,石川県外には泊まらない,夫婦2人,"温泉や露天風呂, 地元の美味しいものを食べる, 名所、旧跡の観光, まちあるき、都市散策",飛行機,徒歩,,,"10,000円以上 20,000円未満","20,000円以上 30,000円未満","40,000円以上 50,000円未満",2～5回目,"新聞・雑誌・ガイドブック, インターネット・アプリ, Instagram, ブログ",兼六園,,選択なし/該当施設なし,,"1,000円以上 3,000円未満",とても満足,シャワーヘッドがミラブルだった,とても満足,コンパクトな部屋だが最低限のものが揃っていて、綺麗で居心地が良かった,感じなかった,,10,,機会があれば行きたい,美味しいお刺身、金沢おでん、B級グルメ、能登輪島の名産品、被災された地域の復興を心から願っています。地震の直後でしたが、キャンセルせずに訪れて良かったです。,女,1974,東京都,目黒区,"1,500万円以上","能登牛が当たる, ひゃくまんさんが好き, ARでひゃくまんさんと写真が撮りたかった",,,兼六園はどこを切り取っても絵になる素晴らしさでした。金澤神社の御朱印には金箔が貼られており、粋だなと思いました。山代温泉はタイムスリップしたようで癒されました。
金沢エリア,ホテル・トリフィート金沢,2024/01/22 19:52:47,同意する,2泊,2泊,金沢エリア  （湯涌温泉、深谷温泉、犀川温泉など）,石川県外には泊まらない,夫婦2人,"温泉や露天風呂, 地元の美味しいものを食べる, 名所、旧跡の観光",飛行機,在来線,満足,空港からバスでも在来線でも来れるので利便性が良かった,"20,000円以上 30,000円未満","20,000円以上 30,000円未満","30,000円以上 40,000円未満",初めて,インターネット・アプリ,選択なし/該当施設なし,加賀温泉の温泉巡り、飲食,近江町市場,,使わない,とても満足,エレベーター前にアメニティ等置いてあり動線が良い,満足,綺麗,感じなかった,,9,朝食が美味しく、食器がおしゃれ,機会があれば行きたい,美味しい物がいっぱいあるのでテレビ等でもう少し広げたら良いと思う,女,1967,千葉県,柏市,"1,000万円以上 1,200万円未満","能登牛が当たる, なんとなく",,,食べ物が美味しい。
金沢エリア,ホテル・トリフィート金沢,2024/01/25 17:48:36,同意する,2泊,2泊,金沢エリア  （湯涌温泉、深谷温泉、犀川温泉など）,石川県外には泊まらない,親,"宿でのんびり過ごす, 地元の美味しいものを食べる, 名所、旧跡の観光",飛行機,徒歩,,,"10,000円以上 20,000円未満","20,000円以上 30,000円未満","20,000円以上 30,000円未満",初めて,"新聞・雑誌・ガイドブック, TV・ラジオ番組やCM, 観光パンフレット・ポスター, インターネット・アプリ, Instagram, 友人・知人",近江町市場,,兼六園,,"5,000円以上 10,000円未満",とても満足,ご飯が美味しい,とても満足,とても綺麗でサービスもよい,感じなかった,,8,朝食とコーヒーが美味しい,機会があれば行きたい,次回は復興した能登半島などに訪れてみたい,女,1986,東京都,北区,600万円以上 700万円未満,"能登牛が当たる, 石川県の雑学を知りたい",,,金沢はとても楽しかったから
金沢エリア,ホテル・トリフィート金沢,2024/02/03 7:41:27,同意する,4泊以上,4泊以上,金沢エリア  （湯涌温泉、深谷温泉、犀川温泉など）,石川県外には泊まらない,職場の同僚,災害支援,飛行機,在来線,満足,駅から近い,"10,000円以上 20,000円未満","40,000円以上 50,000円未満","20,000円以上 30,000円未満",初めて,インターネット・アプリ,選択なし/該当施設なし,金沢駅,選択なし/該当施設なし,,使わない,満足,部屋がきれいで広い,満足,,感じた,バスルームのドアを開けた形で寝室へ行けない,9,,機会があれば行きたい,金沢おでんがおいしい。,女,1987,北海道,札幌市,500万円以上 600万円未満,能登牛が当たる,,,食事が美味しい
金沢エリア,ホテル・トリフィート金沢,2024/02/07 10:44:40,同意する,2泊,2泊,金沢エリア  （湯涌温泉、深谷温泉、犀川温泉など）,石川県外には泊まらない,高校生以上の家族,受験,新幹線,"タクシー, 徒歩",とても満足,タクシーアプリを使ったので配車まで3分くらい、支払いもすぐ済み便利だった,"10,000円以上 20,000円未満","5,000円以上 10,000円未満","10,000円以上 20,000円未満",初めて,インターネット・アプリ,兼六園,,近江町市場,,"1,000円未満",とても満足,リファのドライヤーやアイロン　シャンプーや洗顔などとてもよかったです。,満足,部屋が綺麗でよかったです。,感じなかった,,10,,機会があれば行きたい,お抹茶と和菓子が食べられてとてもよかったです。外国の観光客が多かったですが、皆さん日本の文化に触れて楽しそうにされていて日本人の自分も嬉しくなりました。,女,1976,岐阜県,飛騨市,"1,500万円以上","能登牛が当たる, ひゃくまんさんが好き",,,施設、部屋も綺麗で落ち着いた雰囲気だったこと。駅が近く便利な場所だったこと
金沢エリア,ホテル・トリフィート金沢,2024/02/11 20:10:59,同意する,2泊,2泊,金沢エリア  （湯涌温泉、深谷温泉、犀川温泉など）,石川県外には泊まらない,夫婦2人,"地元の美味しいものを食べる, 花見や紅葉などの自然鑑賞, 名所、旧跡の観光",自家用車,自家用車,,,"10,000円以上 20,000円未満","20,000円以上 30,000円未満","30,000円以上 40,000円未満",初めて,インターネット・アプリ,選択なし/該当施設なし,,兼六園,,使わない,とても満足,綺麗で駅から近くて、サービスや朝ごはんが美味しいから。,とても満足,過ごしやすい空間だったから。,感じなかった,,10,朝ごはんが健康的で美味しい。,また行きたい（1年以内）,美味しい海産物、わかりやすいお土産品。,女,1995,神奈川県,足柄上郡大井町,800万円以上 900万円未満,"能登牛が当たる, ひゃくまんさんが好き, 動く３Dひゃくまんさんを見たい, 石川県のおすすめ観光スポットが見たい",,,海産物のおいしさや見どころの多さ。
金沢エリア,ホテル・トリフィート金沢,2024/02/13 16:34:56,同意する,1泊,1泊,金沢エリア  （湯涌温泉、深谷温泉、犀川温泉など）,岐阜県,恋人,"宿でのんびり過ごす, 温泉や露天風呂, 名所、旧跡の観光","新幹線, 在来線, 飛行機","在来線, 路線バス",とても満足,,"10,000円以上 20,000円未満","20,000円以上 30,000円未満","30,000円以上 40,000円未満",2～5回目,"観光展・物産展, Instagram",近江町市場,,ひがし茶屋街,,"40,000円以上 50,000円未満",とても満足,,とても満足,,感じた,,9,,機会があれば行きたい,0,男,1992,東京都,新宿区,"1,500万円以上","能登牛が当たる, ひゃくまんさんが好き, ひゃくまんさんの名刺をコレクションしている, 石川県のおすすめ観光スポットが見たい",,,
金沢エリア,ホテル・トリフィート金沢,2024/02/23 16:49:12,同意する,3泊,3泊,金沢エリア  （湯涌温泉、深谷温泉、犀川温泉など）,石川県外には泊まらない,親,大学入試,新幹線,徒歩,,,"20,000円以上 30,000円未満","3,000円以上 5,000円未満","10,000円以上 20,000円未満",初めて,インターネット・アプリ,選択なし/該当施設なし,,ひがし茶屋街,,"20,000円以上 30,000円未満",とても満足,受付スタッフの対応が丁寧,満足,部屋の広さが十分,感じた,シーリングのスイッチがわかりにくい,8,アクティビティが充実している,また行きたい（1年以内）,外国人が多く来ているだけあって、接客が素晴らしいし、お土産も充実している,男,2005,青森県,八戸市,500万円以上 600万円未満,"能登牛が当たる, ひゃくまんさんが好き, 石川県のおすすめ観光スポットが見たい",,,駅に近い
金沢エリア,ホテル・トリフィート金沢,2024/02/26 13:44:52,同意する,2泊,2泊,金沢エリア  （湯涌温泉、深谷温泉、犀川温泉など）,石川県外には泊まらない,家族,"地元の美味しいものを食べる, まちあるき、都市散策, 受験の付き添い",在来線,在来線,満足,気楽,"10,000円以上 20,000円未満","5,000円以上 10,000円未満","20,000円以上 30,000円未満",初めて,旅行会社の推薦,選択なし/該当施設なし,金沢駅,選択なし/該当施設なし,金沢駅,"10,000円以上 20,000円未満",満足,部屋が快適だった。,満足,大浴場の蛇口の自動で止まるタイプ、とても面倒で、２日目利用しようとは思えなかった。,感じた,上記と同じ、大浴場について。,8,テレビで、映画のサービスがあると嬉しい。,また行きたい（1年以内）,既存のもので満足でした。,男,1970,岐阜県,岐阜市,600万円以上 700万円未満,能登牛が当たる,,,食事とお酒。とても美味しかった。
金沢エリア,ホテル・トリフィート金沢,2024/03/10 7:16:12,同意する,1泊,1泊,金沢エリア  （湯涌温泉、深谷温泉、犀川温泉など）,石川県外には泊まらない,自分ひとり,"宿でのんびり過ごす, まちあるき、都市散策","新幹線, 在来線",徒歩,満足,駅から近い,"10,000円以上 20,000円未満","20,000円以上 30,000円未満","20,000円以上 30,000円未満",2～5回目,"観光パンフレット・ポスター, インターネット・アプリ",近江町市場,,選択なし/該当施設なし,福井,"10,000円以上 20,000円未満",とても満足,朝ごはんが楽しかった,とても満足,部屋も広い,感じなかった,,9,部屋で飲めるコーヒーがあるとうれしい,また行きたい（1年以内）,今度は九谷焼の絵付けをしたい,女,1974,東京都,大田区,"1,000万円以上 1,200万円未満","能登牛が当たる, ひゃくまんさんが好き",,,朝ごはんがいろいろある
金沢エリア,ホテル・トリフィート金沢,2024/03/15 10:59:12,同意する,1泊,1泊,金沢エリア  （湯涌温泉、深谷温泉、犀川温泉など）,石川県外には泊まらない,小学生以下連れの家族,"地元の美味しいものを食べる, アウトドア（海水浴、釣り、登山など）",在来線,徒歩,,,"10,000円以上 20,000円未満","10,000円以上 20,000円未満","40,000円以上 50,000円未満",11回目以上,"観光パンフレット・ポスター, インターネット・アプリ, 友人・知人",近江町市場,,兼六園,,使わない,満足,清潔で快適　少し狭い,満足,,感じた,少し狭い,8,子供が遊べる施設があったらいいなぁ,また行きたい（1年以内）,新幹線,女,1976,大阪府,和泉市,"900万円以上 1,000万円未満",能登牛が当たる,,,食べ物　
金沢エリア,ホテル・トリフィート金沢,2024/03/16 17:02:13,同意する,2泊,2泊,金沢エリア  （湯涌温泉、深谷温泉、犀川温泉など）,石川県外には泊まらない,親,"地元の美味しいものを食べる, 名所、旧跡の観光, まちあるき、都市散策",新幹線,"路線バス, 徒歩",とても満足,バスの本数、ルートが充実していたため,"20,000円以上 30,000円未満","30,000円以上 40,000円未満","20,000円以上 30,000円未満",初めて,"インターネット・アプリ, 友人・知人",ひがし茶屋街,,近江町市場,,"10,000円以上 20,000円未満",満足,特になし,満足,駅から違い,感じなかった,,8,立地がとてもいい,機会があれば行きたい,特になし,女,1972,群馬県,前橋市,300万円以上 400万円未満,能登牛が当たる,,,美味しいものが多かったこと
金沢エリア,ホテル・トリフィート金沢,2024/03/24 8:48:13,同意する,2泊,2泊,金沢エリア  （湯涌温泉、深谷温泉、犀川温泉など）,石川県外には泊まらない,友人,"地元の美味しいものを食べる, 名所、旧跡の観光, まちあるき、都市散策",新幹線,徒歩,とても満足,,"10,000円以上 20,000円未満","20,000円以上 30,000円未満","20,000円以上 30,000円未満",初めて,"観光パンフレット・ポスター, インターネット・アプリ, X(旧：Twitter), Instagram, 友人・知人",兼六園,,ひがし茶屋街,,"10,000円以上 20,000円未満",とても満足,,とても満足,,感じなかった,,10,,また行きたい（1年以内）,海鮮,女,1995,東京都,中野区,"900万円以上 1,000万円未満",能登牛が当たる,,,ごはん
金沢エリア,ホテル・トリフィート金沢,2024/03/24 16:33:23,同意する,1泊,1泊,金沢エリア  （湯涌温泉、深谷温泉、犀川温泉など）,石川県外には泊まらない,夫婦2人,"宿でのんびり過ごす, 地元の美味しいものを食べる, まちあるき、都市散策",自家用車,自家用車,,,"5,000円以上 10,000円未満","1,000円以上 3,000円未満","20,000円以上 30,000円未満",2～5回目,インターネット・アプリ,金沢21世紀美術館,,ひがし茶屋街,,"10,000円以上 20,000円未満",とても満足,,とても満足,お部屋のグレードアップ,感じなかった,,10,,また行きたい（1年以内）,特になし,女,1989,静岡県,岐阜市,200万円以上 300万円未満,"能登牛が当たる, 石川県のおすすめ観光スポットが見たい",,,
金沢エリア,ホテル・トリフィート金沢,2024/03/25 21:09:24,同意する,1泊,1泊,金沢エリア  （湯涌温泉、深谷温泉、犀川温泉など）,石川県外には泊まらない,友人,"買い物、アウトレット, まちあるき、都市散策",新幹線,"路線バス, 徒歩",満足,少し混んではいたが、快適だった。交通系ICが使えるともっと混雑が避けられると思う。,"10,000円以上 20,000円未満","1,000円以上 3,000円未満","30,000円以上 40,000円未満",2～5回目,"インターネット・アプリ, Instagram, 友人・知人",近江町市場,,尾山神社,,"1,000円以上 3,000円未満",とても満足,アメニティのセンスがよく、使用して購入したいと思った。,とても満足,荷物お預かり等、旅行者が必要なサービスが適切に提供されていた。,感じた,タオルが２枚しかなく、大浴場を利用するときに使用したらお部屋のタオルが足りなくなったこと,10,加賀棒茶のサービスが嬉しかった,また行きたい（1年以内）,石川県ならではの体験ができる場所があれば是非何度も訪れたいと思います。,女,1991,大阪府,大阪市,"1,000万円以上 1,200万円未満",能登牛が当たる,,,とても綺麗に清掃されており、過ごしやすいホテルだったから。
金沢エリア,ホテル・トリフィート金沢,2024/03/27 13:20:06,同意する,1泊,1泊,金沢エリア  （湯涌温泉、深谷温泉、犀川温泉など）,石川県外には泊まらない,中学生以下連れの家族,お墓参り,新幹線,徒歩,,,"10,000円以上 20,000円未満","20,000円以上 30,000円未満","40,000円以上 50,000円未満",初めて,インターネット・アプリ,尾山神社,,兼六園,,"1,000円未満",とても満足,,とても満足,,感じなかった,,10,,また行きたい（1年以内）,寿司,女,1976,東京都,中野区,"1,000万円以上 1,200万円未満",ひゃくまんさんが好き,,,
金沢エリア,ホテル・トリフィート金沢,2024/03/27 23:37:19,同意する,1泊,1泊,金沢エリア  （湯涌温泉、深谷温泉、犀川温泉など）,石川県外には泊まらない,自分ひとり,宿でのんびり過ごす,"レンタカー, 石川県内です",自家用車,,,"5,000円以上 10,000円未満","1,000円未満","3,000円以上 5,000円未満",6～10回目,インターネット・アプリ,選択なし/該当施設なし,金沢は市内在住でホテルでゆとまくりする目的,選択なし/該当施設なし,観光ではなく息抜き,使わない,満足,,満足,,感じなかった,,8,朝御飯が美味しい,石川県在住,特に無し,女,1965,石川県,金沢市,300万円以上 400万円未満,能登牛が当たる,,,朝御飯とお風呂
金沢エリア,ホテル・トリフィート金沢,2024/04/10 14:26:57,同意する,1泊,1泊,金沢エリア  （湯涌温泉、深谷温泉、犀川温泉など）,石川県外には泊まらない,娘,"地元の美味しいものを食べる, 名所、旧跡の観光","新幹線, 夜行バス",夜行バス,満足,安くこられた,"5,000円以上 10,000円未満","3,000円以上 5,000円未満","10,000円以上 20,000円未満",初めて,インターネット・アプリ,兼六園,,金沢21世紀美術館,,"5,000円以上 10,000円未満",とても満足,部屋がおしゃれ、お風呂やアメニティも充実していて、朝食もとても美味しかった,満足,とても素敵だが、エレベーター待つので階段も使えたら良かった,感じなかった,,10,,また行きたい（1年以内）,がすえび、ホタルイカ最高に美味しかった！,女,1976,神奈川県,藤沢市,300万円以上 400万円未満,能登牛が当たる,とても満足,10,食べ物が美味しく、ゴミゴミしていない、交通の便がよい
金沢エリア,ホテル・トリフィート金沢,2024/04/12 7:23:26,同意する,2泊,2泊,金沢エリア  （湯涌温泉、深谷温泉、犀川温泉など）,石川県外には泊まらない,親,"地元の美味しいものを食べる, 花見や紅葉などの自然鑑賞, 名所、旧跡の観光",自家用車,自家用車,,,"10,000円以上 20,000円未満","5,000円以上 10,000円未満","20,000円以上 30,000円未満",2～5回目,"観光展・物産展, インターネット・アプリ, Instagram",金沢21世紀美術館,,近江町市場,,"20,000円以上 30,000円未満",とても満足,部屋がとても綺麗だし、立地も良い,とても満足,部屋がとても綺麗だし、立地も良い,感じなかった,,10,,機会があれば行きたい,特になし,女,1993,島根県,大田市,200万円以上 300万円未満,"能登牛が当たる, ひゃくまんさんが好き",とても満足,10,
金沢エリア,ホテル・トリフィート金沢,2024/04/12 7:29:10,同意する,2泊,2泊,金沢エリア  （湯涌温泉、深谷温泉、犀川温泉など）,石川県外には泊まらない,姉,"宿でのんびり過ごす, 地元の美味しいものを食べる, まちあるき、都市散策",自家用車,自家用車,,,"10,000円以上 20,000円未満","20,000円以上 30,000円未満","30,000円以上 40,000円未満",初めて,"インターネット・アプリ, Instagram, 友人・知人",選択なし/該当施設なし,,近江町市場,,"30,000円以上 40,000円未満",とても満足,お風呂のアメニティがすごく良かった。朝食が手間がかかってて美味しかった。,とても満足,朝食がどれも美味しかった。,感じた,パーキングが少し遠かった。,8,ゆっくり体を休めることができました。,機会があれば行きたい,お茶の美容品,女,1996,島根県,松江市,200万円以上 300万円未満,"能登牛が当たる, ひゃくまんさんが好き",満足,9,解散が美味しい。パーキングが比較的安い。
金沢エリア,ホテル・トリフィート金沢,2024/04/13 17:07:56,同意する,2泊,2泊,金沢エリア  （湯涌温泉、深谷温泉、犀川温泉など）,石川県外には泊まらない,友人,"地元の美味しいものを食べる, 花見や紅葉などの自然鑑賞, 名所、旧跡の観光, まちあるき、都市散策",新幹線,在来線,満足,北陸新幹線は乗り心地良かったが、サンダーバードから北陸新幹線への乗り換えが面倒でした。,"10,000円以上 20,000円未満","3,000円以上 5,000円未満","3,000円以上 5,000円未満",初めて,インターネット・アプリ,ひがし茶屋街,,兼六園,,"10,000円以上 20,000円未満",とても満足,清潔良かったです。,とても満足,駅近、清潔で良かった。,感じなかった,,5,利用していないのでわかりません,機会があれば行きたい,特になし,女,1971,大阪府,茨木市,"1,200万円以上 1,500万円未満",石川県のおすすめ観光スポットが見たい,とても満足,10,金沢の方がとても親切で良かった。
金沢エリア,ホテル・トリフィート金沢,2024/04/22 8:30:18,同意する,1泊,1泊,金沢エリア  （湯涌温泉、深谷温泉、犀川温泉など）,石川県外には泊まらない,恋人,"地元の美味しいものを食べる, 名所、旧跡の観光, まちあるき、都市散策",新幹線,徒歩,,,"5,000円以上 10,000円未満","10,000円以上 20,000円未満","5,000円以上 10,000円未満",初めて,インターネット・アプリ,選択なし/該当施設なし,,近江町市場,,使わない,とても満足,アメニティが充実,とても満足,部屋や大浴場が清潔,感じた,電気スイッチの位置がわかりにくかった,10,,機会があれば行きたい,特になし,女,1988,埼玉県,熊谷市,300万円以上 400万円未満,なんとなく,とても満足,10,美味しい郷土料理
金沢エリア,ホテル・トリフィート金沢,2024/04/22 8:58:05,同意する,2泊,1泊,金沢エリア  （湯涌温泉、深谷温泉、犀川温泉など）,富山県,小学生以下連れの家族,"宿でのんびり過ごす, 地元の美味しいものを食べる, 友人・親戚を訪ねる",自家用車,自家用車,,,"10,000円以上 20,000円未満","5,000円以上 10,000円未満","20,000円以上 30,000円未満",初めて,インターネット・アプリ,選択なし/該当施設なし,県立図書館,兼六園,,"10,000円以上 20,000円未満",とても満足,キレイでサービス対応がいい,とても満足,他県より宿泊施設が過ごしやすい,感じなかった,,10,,また行きたい（1年以内）,特になし,男,1983,新潟県,燕市,"1,500万円以上","能登牛が当たる, 石川県の雑学を知りたい, なんとなく",とても満足,10,
金沢エリア,ホテル・トリフィート金沢,2024/04/26 21:10:27,同意する,2泊,2泊,金沢エリア  （湯涌温泉、深谷温泉、犀川温泉など）,石川県外には泊まらない,家族,"地元の美味しいものを食べる, まちあるき、都市散策",飛行機,路線バス,とても満足,空港から近い,"20,000円以上 30,000円未満","20,000円以上 30,000円未満","20,000円以上 30,000円未満",初めて,"新聞・雑誌・ガイドブック, インターネット・アプリ, タクシードライバーや地元の人",兼六園,,ひがし茶屋街,,"30,000円以上 40,000円未満",満足,従業員の方が皆さんとても感じが良い,満足,清潔感がある,感じなかった,,7,食事はしてないのでわかりません,機会があれば行きたい,白えびホタルイカ白身のお魚が美味し買ったのでまた訪れたい,女,1961,千葉県,市川市,"1,000万円以上 1,200万円未満","能登牛が当たる, 石川県の雑学を知りたい",とても満足,10,街ののどかな雰囲気と優しい人柄
金沢エリア,ホテル・トリフィート金沢,2024/04/30 18:07:39,同意する,1泊,1泊,金沢エリア  （湯涌温泉、深谷温泉、犀川温泉など）,石川県外には泊まらない,恋人,"宿でのんびり過ごす, 地元の美味しいものを食べる, 名所、旧跡の観光",自家用車,自家用車,,,"5,000円以上 10,000円未満","5,000円以上 10,000円未満","20,000円以上 30,000円未満",初めて,インターネット・アプリ,ひがし茶屋街,,兼六園,,"5,000円以上 10,000円未満",満足,,とても満足,おしゃれで清潔感があり満足でした。,感じなかった,,10,朝ごはんがとても美味しかったです。お茶のサービスもありがたいです。,機会があれば行きたい,能登牛が食べれる場所をたくさん作って欲しい,女,1987,埼玉県,鴻巣市,400万円以上 500万円未満,能登牛が当たる,とても満足,10,"街の雰囲気が古風で好みでした。
のんびり出来ました。"
金沢エリア,ホテル・トリフィート金沢,2024/05/05 8:51:58,同意する,3泊,2泊,金沢エリア  （湯涌温泉、深谷温泉、犀川温泉など）,新潟,夫婦2人,"地元の美味しいものを食べる, 名所、旧跡の観光, まちあるき、都市散策",自家用車,自家用車,,,"30,000円以上 40,000円未満","1,000円以上 3,000円未満","30,000円以上 40,000円未満",2～5回目,インターネット・アプリ,ひがし茶屋街,,金沢21世紀美術館,,使わない,とても満足,,とても満足,,感じなかった,,10,,機会があれば行きたい,おもてなし,男,1979,福島県,郡山市,"1,000万円以上 1,200万円未満",なんとなく,とても満足,10,
金沢エリア,ホテル・トリフィート金沢,2024/05/05 9:01:34,同意する,3泊,2泊,金沢エリア  （湯涌温泉、深谷温泉、犀川温泉など）,新潟県,夫婦2人,"地元の美味しいものを食べる, 名所、旧跡の観光, まちあるき、都市散策",自家用車,自家用車,,,"10,000円以上 20,000円未満","10,000円以上 20,000円未満","20,000円以上 30,000円未満",2～5回目,"インターネット・アプリ, Instagram",ひがし茶屋街,,兼六園,,"10,000円以上 20,000円未満",とても満足,キレイで、気配りもあった。,とても満足,とにかくセンスがいい,感じなかった,,10,,機会があれば行きたい,なんでも美味しい。飲食店はカード決済が出来ないところが割とあった。ちょっと大変だなと感じた,女,1993,福島県,郡山市,700万円以上 800万円未満,なんとなく,とても満足,10,
金沢エリア,ホテル・トリフィート金沢,2024/05/05 16:48:14,同意する,1泊,1泊,金沢エリア  （湯涌温泉、深谷温泉、犀川温泉など）,石川県外には泊まらない,夫婦2人,"地元の美味しいものを食べる, 名所、旧跡の観光",新幹線,在来線,満足,美味しい食べ物,"20,000円以上 30,000円未満","5,000円以上 10,000円未満","40,000円以上 50,000円未満",2～5回目,TV・ラジオ番組やCM,ひがし茶屋街,,選択なし/該当施設なし,お土産買って帰ります,"20,000円以上 30,000円未満",満足,,満足,,感じなかった,,6,白エビうまい,機会があれば行きたい,特になし,男,1971,神奈川県,川崎市,"1,000万円以上 1,200万円未満",なんとなく,満足,6,ない
金沢エリア,ホテル・トリフィート金沢,2024/05/05 21:09:32,同意する,3泊,3泊,金沢エリア  （湯涌温泉、深谷温泉、犀川温泉など）,石川県外には泊まらない,夫婦2人,"地元の美味しいものを食べる, まちあるき、都市散策, 友人・親戚を訪ねる","新幹線, 在来線, 飛行機","路線バス, 徒歩",どちらでもない,道路の凹凸が多く、バスの乗り心地が良くなかった（地震の影響だと理解しています）,"10,000円以上 20,000円未満","20,000円以上 30,000円未満","20,000円以上 30,000円未満",初めて,"Instagram, 友人・知人",選択なし/該当施設なし,,ひがし茶屋街,,"10,000円以上 20,000円未満",満足,部屋に備え付けのお茶が嬉しかったです。,満足,駅からのアクセスが良く、大浴場があるのが魅力的でした。,感じた,スーツケースを広げる場所に困りました。,8,ウェルカムドリンクが嬉しかったです。また、部屋の清掃等のエコな取り組みには賛同できました。,また行きたい（1年以内）,地元野菜を使ったサラダボウルがあったら、ヘルシー思考の若者やベジタリアンにも人気が出ると思いました。,女,1991,東京都,板橋区,"1,000万円以上 1,200万円未満","ひゃくまんさんが好き, 石川県のおすすめ観光スポットが見たい",とても満足,10,食の美味しさと人々の親切心です。
金沢エリア,ホテル・トリフィート金沢,2024/05/15 10:57:32,同意する,1泊,1泊,金沢エリア  （湯涌温泉、深谷温泉、犀川温泉など）,石川県外には泊まらない,恋人,地元の美味しいものを食べる,自家用車,路線バス,満足,近くにパーキングがたくさんある,"5,000円以上 10,000円未満","5,000円以上 10,000円未満","10,000円以上 20,000円未満",6～10回目,"観光展・物産展, TV・ラジオ番組やCM, インターネット・アプリ",近江町市場,,金沢21世紀美術館,,"5,000円以上 10,000円未満",満足,,満足,,感じなかった,,8,,機会があれば行きたい,おいしい海鮮、金沢おでん、自然が豊か、金沢一つのエリアに観光地がまとまっている,女,1999,愛知県,豊田市,300万円以上 400万円未満,"能登牛が当たる, 石川県のおすすめ観光スポットが見たい",満足,8,
金沢エリア,ホテル・トリフィート金沢,2024/05/15 10:58:53,同意する,1泊,1泊,金沢エリア  （湯涌温泉、深谷温泉、犀川温泉など）,石川県外には泊まらない,恋人,"地元の美味しいものを食べる, 名所、旧跡の観光",自家用車,自家用車,とても満足,海鮮が美味しかった,"5,000円以上 10,000円未満","10,000円以上 20,000円未満","10,000円以上 20,000円未満",2～5回目,友人・知人,近江町市場,,金沢21世紀美術館,,"5,000円以上 10,000円未満",とても満足,綺麗な内装だった,とても満足,内装が綺麗だった,感じなかった,,10,すてきです,また行きたい（1年以内）,特になし。とてもいい場所でした,男,1999,愛知県,名古屋市,400万円以上 500万円未満,なんとなく,とても満足,10,"兼六園
とても綺麗だった"
金沢エリア,ホテル・トリフィート金沢,2024/05/15 13:33:58,同意する,2泊,2泊,金沢エリア  （湯涌温泉、深谷温泉、犀川温泉など）,石川県外には泊まらない,自分ひとり,"地元の美味しいものを食べる, 名所、旧跡の観光, 買い物、アウトレット",飛行機,路線バス,満足,混んでない,"10,000円以上 20,000円未満","1,000円以上 3,000円未満","5,000円以上 10,000円未満",初めて,"TV・ラジオ番組やCM, インターネット・アプリ",選択なし/該当施設なし,直でホテル,兼六園,,"1,000円以上 3,000円未満",満足,適切な価格,とても満足,広い,感じなかった,,10,,また行きたい（1年以内）,地元の人しかいかないいいところ,男,1981,東京都,品川区,400万円以上 500万円未満,なんとなく,とても満足,10,車なくても観光できる
金沢エリア,ホテル・トリフィート金沢,2024/05/20 7:25:43,同意する,1泊,1泊,金沢エリア  （湯涌温泉、深谷温泉、犀川温泉など）,石川県外には泊まらない,親,温泉や露天風呂,自家用車,徒歩,,,"5,000円以上 10,000円未満","1,000円以上 3,000円未満","3,000円以上 5,000円未満",初めて,インターネット・アプリ,選択なし/該当施設なし,あんと,選択なし/該当施設なし,いきいき魚市場,"5,000円以上 10,000円未満",どちらでもない,朝食場が混んでいてすぐに入れなかった。,満足,店員の対応が丁寧だった。,感じなかった,,7,飲み物の種類が充実していると良いと思った。,また行きたい（1年以内）,珈琲,女,1989,石川県,金沢市,"900万円以上 1,000万円未満",能登牛が当たる,満足,7,魚が美味しい
金沢エリア,ホテル・トリフィート金沢,2024/05/20 9:20:07,同意する,1泊,1泊,金沢エリア  （湯涌温泉、深谷温泉、犀川温泉など）,石川県外には泊まらない,家族,宿でのんびり過ごす,自家用車,自家用車,,,"1,000円以上 3,000円未満",使わない,"1,000円未満",初めて,インターネット・アプリ,兼六園,,兼六園,,"5,000円以上 10,000円未満",満足,,満足,,感じなかった,,7,,また行きたい（1年以内）,金沢らーめん,男,1958,石川県,金沢市,700万円以上 800万円未満,能登牛が当たる,満足,10,
金沢エリア,ホテル・トリフィート金沢,2024/05/20 9:27:36,同意する,1泊,1泊,金沢エリア  （湯涌温泉、深谷温泉、犀川温泉など）,石川県外には泊まらない,夫婦2人,"宿でのんびり過ごす, 買い物、アウトレット",自家用車,自家用車,満足,,"10,000円以上 20,000円未満","3,000円以上 5,000円未満","5,000円以上 10,000円未満",初めて,インターネット・アプリ,兼六園,,近江町市場,,"20,000円以上 30,000円未満",満足,,満足,,感じなかった,,9,,また行きたい（1年以内）,金沢パン,女,1963,石川県,金沢市,300万円以上 400万円未満,ひゃくまんさんが好き,とても満足,9,
金沢エリア,ホテル・トリフィート金沢,2024/05/25 17:14:18,同意する,2泊,2泊,金沢エリア  （湯涌温泉、深谷温泉、犀川温泉など）,石川県外には泊まらない,親,"地元の美味しいものを食べる, 名所、旧跡の観光, 買い物、アウトレット",飛行機,知人の自動車,とても満足,,"20,000円以上 30,000円未満","20,000円以上 30,000円未満","20,000円以上 30,000円未満",2～5回目,主人の実家がある,ひがし茶屋街,,選択なし/該当施設なし,,"20,000円以上 30,000円未満",とても満足,,とても満足,,感じなかった,,10,,機会があれば行きたい,特になし,女,1973,福岡県,福津市,300万円以上 400万円未満,"能登牛が当たる, ひゃくまんさんが好き",とても満足,10,
金沢エリア,ホテル・トリフィート金沢,2024/05/25 21:45:26,同意する,3泊,3泊,金沢エリア  （湯涌温泉、深谷温泉、犀川温泉など）,石川県外には泊まらない,小学生以下連れの家族,お祭りやイベントへの参加・見物,新幹線,徒歩,,,"40,000円以上 50,000円未満","1,000円以上 3,000円未満","5,000円以上 10,000円未満",2～5回目,"インターネット・アプリ, Instagram",選択なし/該当施設なし,日本自動車博物館,選択なし/該当施設なし,コマツ粟津工場開放デー,"40,000円以上 50,000円未満",満足,朝食がおいしく、シンプルでおしゃれなため,満足,,感じた,外国のかたが更に増えて、脱衣所へのサンダルでの立ち入り、脱衣所での携帯の使用などが見受けられたため,7,朝食がいつもおいしくて嬉しいです。お風呂でのビネガードリンクの提供がなくなっていて少し残念でした。,また行きたい（1年以内）,和菓子、海鮮,女,1992,千葉県,流山市,400万円以上 500万円未満,なんとなく,満足,8,
金沢エリア,ホテル・トリフィート金沢,2024/05/27 9:59:17,同意する,4泊以上,4泊以上,金沢エリア  （湯涌温泉、深谷温泉、犀川温泉など）,石川県外には泊まらない,息子,"宿でのんびり過ごす, 地元の美味しいものを食べる, 名所、旧跡の観光",新幹線,徒歩,,,"40,000円以上 50,000円未満","50,000円以上 100,000円未満","50,000円以上 100,000円未満",2～5回目,インターネット・アプリ,選択なし/該当施設なし,,選択なし/該当施設なし,鈴木大拙館,"10,000円以上 20,000円未満",とても満足,いつ泊まっても清潔でスタッフの方が親切,とても満足,とても清潔,感じなかった,,10,朝食はいつも大満足です。私のおすすめはめった汁です。,また行きたい（1年以内）,お寿司,女,1958,埼玉県,さいたま市,300万円以上 400万円未満,ひゃくまんさんが好き,とても満足,10,一人旅が多いのですが　バスが気軽に利用出来ることと　どのお店で食べても美味しい！
金沢エリア,ホテル・トリフィート金沢,2024/06/02 11:13:55,同意する,1泊,1泊,金沢エリア  （湯涌温泉、深谷温泉、犀川温泉など）,石川県外には泊まらない,母娘,地元の美味しいものを食べる,"新幹線, 新幹線と特急",徒歩,,,"5,000円以上 10,000円未満","10,000円以上 20,000円未満","20,000円以上 30,000円未満",初めて,インターネット・アプリ,近江町市場,,兼六園,,"10,000円以上 20,000円未満",とても満足,,とても満足,,感じなかった,,10,,また行きたい（1年以内）,海鮮　スィーツ,女,1972,愛知県,豊田市,800万円以上 900万円未満,"能登牛が当たる, 石川県のおすすめ観光スポットが見たい",とても満足,10,
金沢エリア,湯涌温泉かなや,2024/01/22 11:01:28,同意する,4泊以上,4泊以上,能登エリア （和倉温泉、七尾市、輪島市、珠洲市など）,石川県外には泊まらない,職場の同僚,出張など仕事関係,在来線,送迎バス,満足,迷わないから,使わない,"30,000円以上 40,000円未満","5,000円以上 10,000円未満",2～5回目,インターネット・アプリ,選択なし/該当施設なし,,選択なし/該当施設なし,,"1,000円以上 3,000円未満",とても満足,食事美味しい,とても満足,受入時の皆さんの笑顔,感じなかった,,6,,また行きたい（1年以内）,特に無し,女,1974,和歌山県,田辺市,500万円以上 600万円未満,なんとなく,,,温泉
金沢エリア,湯涌温泉かなや,2024/02/04 20:35:13,同意する,1泊,1泊,金沢エリア  （湯涌温泉、深谷温泉、犀川温泉など）,石川県外には泊まらない,恋人,宿でのんびり過ごす,自家用車,自家用車,満足,お料理が、とても美味しかったです。,"10,000円以上 20,000円未満",使わない,"10,000円以上 20,000円未満",初めて,観光連盟やDMOのHP,ひがし茶屋街,,近江町市場,,"10,000円以上 20,000円未満",満足,お風呂が少しぬるめですか、後でポカポカしてきました。,どちらでもない,お部屋が少し古いと思いました。,感じなかった,,5,お料理は、とても美味しかったので、満足ですが、部屋の作りが古いように思います。,機会があれば行きたい,特にない。,女,1958,富山県,富山市,400万円以上 500万円未満,能登牛が当たる,,,忍者寺
金沢エリア,湯涌温泉かなや,2024/03/17 20:11:58,同意する,2泊,1泊,金沢エリア  （湯涌温泉、深谷温泉、犀川温泉など）,福井県,親,"温泉や露天風呂, 北陸新幹線延伸開業日の乗車","新幹線, 在来線","在来線, 路線バス",満足,,"20,000円以上 30,000円未満","20,000円以上 30,000円未満","10,000円以上 20,000円未満",初めて,インターネット・アプリ,兼六園,,近江町市場,,"10,000円以上 20,000円未満",満足,,満足,,感じなかった,,9,,また行きたい（1年以内）,特になし,男,1999,千葉県,船橋市,200万円以上 300万円未満,ひゃくまんさんが好き,,,
金沢エリア,湯涌温泉かなや,2024/04/02 22:02:29,同意する,1泊,1泊,金沢エリア  （湯涌温泉、深谷温泉、犀川温泉など）,石川県外には泊まらない,夫婦2人,"宿でのんびり過ごす, 温泉や露天風呂, 地元の美味しいものを食べる, 名所、旧跡の観光, 買い物、アウトレット",自家用車,自家用車,,,"100,000円以上","5,000円以上 10,000円未満","20,000円以上 30,000円未満",初めて,"新聞・雑誌・ガイドブック, 観光パンフレット・ポスター, インターネット・アプリ",選択なし/該当施設なし,アウトレット小矢部,近江町市場,金沢駅,"5,000円以上 10,000円未満",満足,,とても満足,,感じなかった,,8,関東に比べ交通量も少なく良かったです,機会があれば行きたい,温泉気持ち良かった。ご飯美味しかった。交通量少ない。最高,男,1984,新潟県,長岡市,600万円以上 700万円未満,能登牛が当たる,,,ご飯が美味しかった
金沢エリア,湯涌温泉かなや,2024/05/18 16:37:36,同意する,1泊,1泊,金沢エリア  （湯涌温泉、深谷温泉、犀川温泉など）,石川県外には泊まらない,夫婦2人,"宿でのんびり過ごす, 温泉や露天風呂, 地元の美味しいものを食べる",自家用車,自家用車,,,"20,000円以上 30,000円未満",使わない,"5,000円以上 10,000円未満",初めて,インターネット・アプリ,選択なし/該当施設なし,能美市の九谷焼美術館,選択なし/該当施設なし,,"30,000円以上 40,000円未満",満足,宿の雰囲気はよいのだが、Wi-Fiがロビー等しか繋がらないから。,満足,昔ながらの雰囲気があるのがよいです。,感じた,Wi-Fiの接続,7,料理はとてもよいと思います。,また行きたい（1年以内）,歴史を感じるところを巡りたいです。あと、温泉も巡りたいです。,男,1964,岐阜県,岐阜市,"1,200万円以上 1,500万円未満","能登牛が当たる, 石川県のおすすめ観光スポットが見たい, 石川県の雑学を知りたい",満足,9,歴史のあるものが多くあるのがよいです。
金沢エリア,町家ホテル　町の踊場,2023/12/20 16:27:05,同意する,1泊,1泊,金沢エリア  （湯涌温泉、深谷温泉、犀川温泉など）,石川県外には泊まらない,恋人,"宿でのんびり過ごす, 温泉や露天風呂, 地元の美味しいものを食べる, 名所、旧跡の観光, まちあるき、都市散策",新幹線,徒歩,,,"20,000円以上 30,000円未満","20,000円以上 30,000円未満","10,000円以上 20,000円未満",初めて,インターネット・アプリ,ひがし茶屋街,,兼六園,,"20,000円以上 30,000円未満",とても満足,お部屋もお料理も素晴らしく、スタッフの方も親切なので,とても満足,お部屋やお庭が風情があって素敵です,感じなかった,,10,,また行きたい（1年以内）,特になし,女,1974,東京都,板橋区,400万円以上 500万円未満,"能登牛が当たる, 石川県のおすすめ観光スポットが見たい",,,
金沢エリア,町家ホテル　町の踊場,2023/12/24 16:25:46,同意する,2泊,2泊,金沢エリア  （湯涌温泉、深谷温泉、犀川温泉など）,石川県外には泊まらない,夫婦2人,"宿でのんびり過ごす, 温泉や露天風呂, 地元の美味しいものを食べる, 花見や紅葉などの自然鑑賞","新幹線, 在来線","タクシー, 路線バス",満足,バス停から近い,"50,000円以上 100,000円未満","50,000円以上 100,000円未満","20,000円以上 30,000円未満",初めて,"インターネット・アプリ, Instagram",金沢21世紀美術館,,金沢21世紀美術館,,"50,000円以上 100,000円未満",とても満足,丁寧な接客や落ち着くお部屋が良かった,とても満足,ゆったり落ち着いて過ごせた,感じなかった,,10,,また行きたい（1年以内）,海鮮やお肉,男,2002,広島県,広島市,600万円以上 700万円未満,"能登牛が当たる, 石川県のおすすめ観光スポットが見たい",,,食事や人柄が良かった
金沢エリア,町家ホテル　町の踊場,2023/12/24 16:29:24,同意する,2泊,2泊,金沢エリア  （湯涌温泉、深谷温泉、犀川温泉など）,石川県外には泊まらない,夫婦2人,"宿でのんびり過ごす, 温泉や露天風呂, 地元の美味しいものを食べる, 花見や紅葉などの自然鑑賞","新幹線, 在来線","タクシー, 路線バス, 徒歩",満足,バス停から程よく近い,"50,000円以上 100,000円未満","50,000円以上 100,000円未満","50,000円以上 100,000円未満",初めて,"インターネット・アプリ, Instagram",兼六園,,金沢21世紀美術館,,"50,000円以上 100,000円未満",とても満足,丁寧な接客と雰囲気が良かった,とても満足,ゆったり落ち着いて良かった,感じなかった,,10,,また行きたい（1年以内）,海鮮やお肉,男,2002,広島県,広島市,600万円以上 700万円未満,"能登牛が当たる, 石川県のおすすめ観光スポットが見たい",,,人柄や食事が良かった
金沢エリア,町家ホテル　町の踊場,2023/12/26 17:08:51,同意する,1泊,1泊,金沢エリア  （湯涌温泉、深谷温泉、犀川温泉など）,石川県外には泊まらない,家族４人(大人),"宿でのんびり過ごす, 名所、旧跡の観光, まちあるき、都市散策",在来線,"在来線, 路線バス, 徒歩",とても満足,,"20,000円以上 30,000円未満","10,000円以上 20,000円未満","10,000円以上 20,000円未満",初めて,インターネット・アプリ,金沢21世紀美術館,,ひがし茶屋街,,"20,000円以上 30,000円未満",とても満足,到着時からとても対応が良い。ウェルカムドリンクも丁寧に出された物で美味しかったです。,とても満足,1日2組で庭付き，お風呂付きでゆったりのんびり出来て皆満足です。,感じなかった,,10,,機会があれば行きたい,今でも十分ですが、もっと石川と言えばこれっていうのがあればなお良いかもです。,女,1965,大阪府,泉大津市,500万円以上 600万円未満,"能登牛が当たる, 動く３Dひゃくまんさんを見たい, 石川県のおすすめ観光スポットが見たい, 石川県の雑学を知りたい",,,のんびりゆったり家族で出来る、静かに過ごしたい方にお勧めしたい
金沢エリア,町家ホテル　町の踊場,2023/12/28 15:05:18,同意する,4泊以上,4泊以上,金沢エリア  （湯涌温泉、深谷温泉、犀川温泉など）,石川県外には泊まらない,恋人,"地元の美味しいものを食べる, 買い物、アウトレット, まちあるき、都市散策, 友人・親戚を訪ねる",自家用車,"自家用車, 路線バス",どちらでもない,,"10,000円以上 20,000円未満","3,000円以上 5,000円未満","10,000円以上 20,000円未満",初めて,友人・知人,兼六園,,ひがし茶屋街,,"1,000円未満",満足,,満足,,感じなかった,,7,,機会があれば行きたい,とてもおいしかったです！,女,2002,東京都,調布市,100万円未満,能登牛が当たる,,,
金沢エリア,町家ホテル　町の踊場,2023/12/31 15:17:45,同意する,2泊,2泊,金沢エリア  （湯涌温泉、深谷温泉、犀川温泉など）,石川県外には泊まらない,夫婦2人,"宿でのんびり過ごす, 温泉や露天風呂, 地元の美味しいものを食べる",新幹線,"タクシー, 徒歩",,,"50,000円以上 100,000円未満","10,000円以上 20,000円未満","20,000円以上 30,000円未満",初めて,"インターネット・アプリ, Instagram",ひがし茶屋街,,兼六園,,"3,000円以上 5,000円未満",とても満足,3月から予約させていただいて、色々とご相談させていただき、ホスピタリティの高さにも大変満足しております。チョコレートやコーヒーもとっても美味しいです。,とても満足,床暖房がついてるだけで、おもてなしされたーという印象もありましたし、蚊帳、お庭もとても素敵です。,感じなかった,,10,チョコレートが美味しくて、ルームサービスを頼んでしまいました。帰りには調味料と買いたくなりそうです。,機会があれば行きたい,特になし,女,1984,千葉県,習志野市,800万円以上 900万円未満,能登牛が当たる,,,1棟に二組しか入れないという事がプライベート感があって、非日常を味わえてとても良いです。
金沢エリア,町家ホテル　町の踊場,2024/01/14 9:39:55,同意する,1泊,1泊,金沢エリア  （湯涌温泉、深谷温泉、犀川温泉など）,石川県外には泊まらない,夫婦2人,"宿でのんびり過ごす, 温泉や露天風呂, 地元の美味しいものを食べる, 名所、旧跡の観光",新幹線,"タクシー, 徒歩",満足,利用しやすくサービスにも問題なかった,"20,000円以上 30,000円未満","20,000円以上 30,000円未満","30,000円以上 40,000円未満",初めて,インターネット・アプリ,選択なし/該当施設なし,,兼六園,,"20,000円以上 30,000円未満",満足,とても丁寧な接客で、食事等も美味しかった,満足,歴史を感じる建物でよく手入れされており、雰囲気もあり気持ちよく過ごせた。,感じなかった,,9,震災後間もない時期なので、訪問するか迷いましたが、温かくお迎えいただき、至る所にホスピタリティの高さを感じました。ありがとうございました。,また行きたい（1年以内）,海鮮、伝統和小物,女,1980,東京都,足立区,"900万円以上 1,000万円未満","能登牛が当たる, ひゃくまんさんが好き",,,金沢おでんと宿。
金沢エリア,町家ホテル　町の踊場,2024/02/05 20:16:56,同意する,1泊,1泊,金沢エリア  （湯涌温泉、深谷温泉、犀川温泉など）,石川県外には泊まらない,恋人,"温泉や露天風呂, 地元の美味しいものを食べる, 名所、旧跡の観光, 買い物、アウトレット, まちあるき、都市散策, 各種体験（手作り、果物狩りなど）, 友人・親戚を訪ねる",在来線,徒歩,,,"10,000円以上 20,000円未満","5,000円以上 10,000円未満","20,000円以上 30,000円未満",初めて,インターネット・アプリ,近江町市場,,ひがし茶屋街,,"10,000円以上 20,000円未満",満足,静かでゆったり過ごせた。,満足,温泉気持ちよかったです。,感じた,化粧水がアメニティとして欲しかった。,8,コーヒー美味しかったです。,また行きたい（1年以内）,特になし,女,1967,広島県,広島市,200万円以上 300万円未満,能登牛が当たる,,,ゆったりできる。家族で過ごすのは良さそう。
金沢エリア,町家ホテル　町の踊場,2024/02/16 23:01:55,同意する,1泊,1泊,金沢エリア  （湯涌温泉、深谷温泉、犀川温泉など）,石川県外には泊まらない,夫婦2人,"宿でのんびり過ごす, 温泉や露天風呂, 地元の美味しいものを食べる, 名所、旧跡の観光, まちあるき、都市散策",飛行機,"路線バス, 徒歩",,,"30,000円以上 40,000円未満","30,000円以上 40,000円未満","20,000円以上 30,000円未満",初めて,インターネット・アプリ,ひがし茶屋街,妙立寺,兼六園,,"20,000円以上 30,000円未満",満足,接客。部屋の質。,満足,接客。部屋の質。,感じた,コンビニが遠く、飲料水に困った。,8,露天風呂があれば最高,また行きたい（1年以内）,食良し、人良し。リピートするか否かは、土産や食やアクティビティではなく、とにかくヒトです！ ,男,1972,東京都,国分寺市,"1,200万円以上 1,500万円未満","能登牛が当たる, なんとなく",,,金沢の人、食。
金沢エリア,町家ホテル　町の踊場,2024/02/23 21:09:10,同意する,2泊,2泊,金沢エリア  （湯涌温泉、深谷温泉、犀川温泉など）,石川県外には泊まらない,恋人,"宿でのんびり過ごす, 地元の美味しいものを食べる, 名所、旧跡の観光",在来線,徒歩,とても満足,便利でした,"30,000円以上 40,000円未満","10,000円以上 20,000円未満","40,000円以上 50,000円未満",2～5回目,インターネット・アプリ,兼六園,,ひがし茶屋街,,"20,000円以上 30,000円未満",満足,,とても満足,,感じなかった,,10,,機会があれば行きたい,特に無し,女,1994,大阪府,大阪市,400万円以上 500万円未満,ひゃくまんさんが好き,,,
金沢エリア,町家ホテル　町の踊場,2024/02/23 21:11:29,同意する,2泊,2泊,金沢エリア  （湯涌温泉、深谷温泉、犀川温泉など）,石川県外には泊まらない,恋人,"宿でのんびり過ごす, 温泉や露天風呂, 地元の美味しいものを食べる, 名所、旧跡の観光, まちあるき、都市散策",在来線,在来線,満足,,"40,000円以上 50,000円未満","5,000円以上 10,000円未満","40,000円以上 50,000円未満",初めて,"新聞・雑誌・ガイドブック, インターネット・アプリ",兼六園,,ひがし茶屋街,,"10,000円以上 20,000円未満",とても満足,,とても満足,,感じなかった,,8,,また行きたい（1年以内）,海産物,男,1990,大阪府,堺市,"900万円以上 1,000万円未満",ひゃくまんさんが好き,,,
金沢エリア,町家ホテル　町の踊場,2024/03/05 7:03:02,同意する,2泊,1泊,金沢エリア  （湯涌温泉、深谷温泉、犀川温泉など）,富山県,夫婦2人,"宿でのんびり過ごす, 地元の美味しいものを食べる, まちあるき、都市散策",新幹線,徒歩,,,"50,000円以上 100,000円未満","20,000円以上 30,000円未満","20,000円以上 30,000円未満",初めて,インターネット・アプリ,尾山神社,,ひがし茶屋街,,"1,000円以上 3,000円未満",満足,宿　部屋が純和風でとても良かったです,満足,,感じた,隙間から風がはいってくる,7,夜の食事は良かったです,また行きたい（1年以内）,バスがSuicaが使えない　ほかの観光地は使える何処が多いと思います,男,1957,埼玉県,草加市,200万円以上 300万円未満,なんとなく,,,
金沢エリア,町家ホテル　町の踊場,2024/03/09 14:42:41,同意する,1泊,1泊,金沢エリア  （湯涌温泉、深谷温泉、犀川温泉など）,石川県外には泊まらない,夫と義母,"地元の美味しいものを食べる, 名所、旧跡の観光, まちあるき、都市散策",新幹線,タクシー,満足,,"30,000円以上 40,000円未満","3,000円以上 5,000円未満","20,000円以上 30,000円未満",2～5回目,"観光パンフレット・ポスター, インターネット・アプリ, タクシードライバーや地元の人",近江町市場,,金沢21世紀美術館,,"30,000円以上 40,000円未満",満足,,満足,,感じなかった,,8,,機会があれば行きたい,海の幸、漆器,女,1964,東京都,杉並区,800万円以上 900万円未満,能登牛が当たる,,,
金沢エリア,町家ホテル　町の踊場,2024/03/09 22:58:35,同意する,1泊,1泊,金沢エリア  （湯涌温泉、深谷温泉、犀川温泉など）,大阪,親,宿でのんびり過ごす,在来線,在来線,とても満足,快適だったため,"30,000円以上 40,000円未満","5,000円以上 10,000円未満","30,000円以上 40,000円未満",初めて,"観光パンフレット・ポスター, 友人・知人",金沢21世紀美術館,ミナペルホネン,ひがし茶屋街,,"30,000円以上 40,000円未満",とても満足,とても対応が良くお食事も大変美味しく,とても満足,心地よい雰囲気でした,感じなかった,,10,感動的に美味しかったです,また行きたい（1年以内）,とくになし,女,1984,鹿児島県,鹿児島市,600万円以上 700万円未満,"能登牛が当たる, 石川県のおすすめ観光スポットが見たい",,,海の幸が大変美味しかったので
金沢エリア,タウンホテル・フォーティワン,2024/03/30 15:34:32,同意する,1泊,1泊,金沢エリア  （湯涌温泉、深谷温泉、犀川温泉など）,石川県外には泊まらない,恋人,"地元の美味しいものを食べる, まちあるき、都市散策, 友人・親戚を訪ねる",飛行機,"徒歩, 高速バス",満足,街歩きがとても楽しかったです！,使わない,"30,000円以上 40,000円未満","30,000円以上 40,000円未満",初めて,"X(旧：Twitter), Instagram, 友人・知人",近江町市場,,兼六園,,"50,000円以上 100,000円未満",とても満足,親切な接客,とても満足,設備が充実していました！,感じなかった,,10,,また行きたい（1年以内）,日当たりが良い場所のカフェが欲しいです。,女,1991,東京都,葛飾区,500万円以上 600万円未満,"能登牛が当たる, ひゃくまんさんが好き",,,
金沢エリア,タウンホテル・フォーティワン,2024/03/31 4:18:09,同意する,1泊,1泊,金沢エリア  （湯涌温泉、深谷温泉、犀川温泉など）,新潟,自分ひとり,友人・親戚を訪ねる,"自家用車, 新幹線",タクシー,どちらでもない,歩ける距離だから,"10,000円以上 20,000円未満","20,000円以上 30,000円未満","100,000円以上",2～5回目,"X(旧：Twitter), Instagram",金沢21世紀美術館,,ひがし茶屋街,,"10,000円以上 20,000円未満",満足,,満足,,感じなかった,,5,,また行きたい（1年以内）,宿泊割がほしい,女,1995,新潟県,長岡市,400万円以上 500万円未満,能登牛が当たる,,,
金沢エリア,ＨＯＴＥＬゆめのゆ,2023/12/29 0:47:45,同意する,4泊以上,1泊,金沢エリア  （湯涌温泉、深谷温泉、犀川温泉など）,兵庫県,小学生以下連れの家族,新潟から兵庫県に向かう中間地点として,自家用車,自家用車,,,"30,000円以上 40,000円未満",使わない,"10,000円以上 20,000円未満",2～5回目,"新聞・雑誌・ガイドブック, インターネット・アプリ, 友人・知人",選択なし/該当施設なし,観光していない,選択なし/該当施設なし,観光しない,"30,000円以上 40,000円未満",とても満足,立地も便利で、部屋も良い,とても満足,家族で過ごしやすい,感じなかった,,10,お風呂よかった,また行きたい（1年以内）,お魚,女,1984,新潟県,新潟市,"1,500万円以上",能登牛が当たる,,,お寿司美味しい✨
金沢エリア,ＨＯＴＥＬゆめのゆ,2024/02/18 22:50:23,同意する,1泊,1泊,金沢エリア  （湯涌温泉、深谷温泉、犀川温泉など）,石川県外には泊まらない,自分ひとり,"地元の美味しいものを食べる, 花見や紅葉などの自然鑑賞, 名所、旧跡の観光",在来線,在来線,満足,電車の車窓の景色が良かった。,"5,000円以上 10,000円未満","1,000円以上 3,000円未満","5,000円以上 10,000円未満",初めて,"観光パンフレット・ポスター, インターネット・アプリ",選択なし/該当施設なし,加賀温泉、魯山人いろは草庵他,選択なし/該当施設なし,県立歴史博物館他,"5,000円以上 10,000円未満",満足,清潔で、食事も美味しかった。,満足,清潔だった。,感じなかった,,10,焼肉が美味しかった。,また行きたい（1年以内）,特になし,男,1952,奈良県,宇陀市,700万円以上 800万円未満,能登牛が当たる,,,景色と食事、博物館他
金沢エリア,ＨＯＴＥＬゆめのゆ,2024/02/29 18:50:26,同意する,1泊,1泊,金沢エリア  （湯涌温泉、深谷温泉、犀川温泉など）,石川県外には泊まらない,自分ひとり,宿でのんびり過ごす,県外から訪れていない（石川県内在住）,レンタサイクル,とても満足,満足,使わない,使わない,使わない,11回目以上,観光展・物産展,兼六園,,兼六園,,使わない,とても満足,,とても満足,,感じた,,10,,また行きたい（1年以内）,特になし,男,1992,石川県,金沢市,100万円未満,能登牛が当たる,,,
金沢エリア,ＨＯＴＥＬゆめのゆ,2024/03/05 17:01:17,同意する,1泊,1泊,金沢エリア  （湯涌温泉、深谷温泉、犀川温泉など）,富山県,自分ひとり,出張など仕事関係,自家用車,自家用車,,,"5,000円以上 10,000円未満",使わない,"1,000円以上 3,000円未満",11回目以上,仕事,選択なし/該当施設なし,,近江町市場,,"5,000円以上 10,000円未満",満足,対応が早い,満足,施設が整っている,感じなかった,,8,,機会があれば行きたい,市内の駐車料金が高い為、施設を利用しにくい。,男,1982,滋賀県,大津市,700万円以上 800万円未満,能登牛が当たる,,,
金沢エリア,ＨＯＴＥＬゆめのゆ,2024/04/05 17:50:39,同意する,1泊,1泊,金沢エリア  （湯涌温泉、深谷温泉、犀川温泉など）,富山県,自分ひとり,"宿でのんびり過ごす, 温泉や露天風呂, ドライブ・ツーリング",自家用車,自家用車,,,"3,000円以上 5,000円未満","1,000円以上 3,000円未満","5,000円以上 10,000円未満",初めて,インターネット・アプリ,兼六園,,選択なし/該当施設なし,,"3,000円以上 5,000円未満",満足,設備が充実しているから満足！,満足,部屋は広く、使いやすい。,感じなかった,,8,飲食メニューが充実している。,また行きたい（1年以内）,金沢城のツアーガイド付無料見学,男,1968,富山県,高岡市,600万円以上 700万円未満,能登牛が当たる,満足,8,"金沢ゆめのゆ、ホテルゆめのゆ
ホテルに宿泊しながら健康ランドが利用できて、とても良かった。"
金沢エリア,ＨＯＴＥＬゆめのゆ,2024/04/06 17:43:10,同意する,1泊,1泊,金沢エリア  （湯涌温泉、深谷温泉、犀川温泉など）,石川県外には泊まらない,小学生以下連れの家族,スポーツ観戦や芸術鑑賞（コンサート等）,自家用車,自家用車,,,"10,000円以上 20,000円未満","10,000円以上 20,000円未満","10,000円以上 20,000円未満",初めて,インターネット・アプリ,選択なし/該当施設なし,サッカースタジアム,選択なし/該当施設なし,,"10,000円以上 20,000円未満",満足,,満足,,感じなかった,,10,,機会があれば行きたい,美味しいものが食べたい,女,1979,長野県,茅野市,400万円以上 500万円未満,能登牛が当たる,満足,10,
金沢エリア,ＨＯＴＥＬゆめのゆ,2024/04/23 18:30:03,同意する,4泊以上,2泊,金沢エリア  （湯涌温泉、深谷温泉、犀川温泉など）,新潟県,夫婦2人,"温泉や露天風呂, 地元の美味しいものを食べる, 名所、旧跡の観光",自家用車,自家用車,,,"20,000円以上 30,000円未満","10,000円以上 20,000円未満","10,000円以上 20,000円未満",初めて,インターネット・アプリ,選択なし/該当施設なし,富山ガラス美術館,選択なし/該当施設なし,永平寺,"5,000円以上 10,000円未満",とても満足,飲食、入浴施設の利用時間に余裕があり、自分たちのペースで利用できる。,満足,部屋に髪の毛が落ちていたこと以外は文句ないです。,感じなかった,,10,隣接しているゲームセンターや施設内のお店なども多くあり、ゆっくり滞在できる。,また行きたい（1年以内）,酒造がおおく、日本酒が楽しめるのがありがたい。,男,1977,長野県,松本市,800万円以上 900万円未満,能登牛が当たる,とても満足,10,長野県からは高速を利用すると近いので、利用しやすい。
金沢エリア,ＨＯＴＥＬゆめのゆ,2024/04/24 16:20:47,同意する,3泊,2泊,金沢エリア  （湯涌温泉、深谷温泉、犀川温泉など）,富山県,夫婦2人,"温泉や露天風呂, 地元の美味しいものを食べる, 名所、旧跡の観光",自家用車,自家用車,,,"5,000円以上 10,000円未満","1,000円以上 3,000円未満","1,000円以上 3,000円未満",11回目以上,インターネット・アプリ,選択なし/該当施設なし,,選択なし/該当施設なし,,"10,000円以上 20,000円未満",満足,,満足,,感じなかった,,7,,機会があれば行きたい,特になし,女,1958,岐阜県,関市,500万円以上 600万円未満,能登牛が当たる,満足,7,
金沢エリア,ＨＯＴＥＬゆめのゆ,2024/04/24 19:59:13,同意する,3泊,3泊,加賀エリア （山代温泉、山中温泉、片山津温泉、粟津温泉、辰口温泉、加賀市、小松市など）,石川県外には泊まらない,夫婦2人,"宿でのんびり過ごす, 温泉や露天風呂, 地元の美味しいものを食べる",自家用車,自家用車,,,"10,000円以上 20,000円未満","5,000円以上 10,000円未満","10,000円以上 20,000円未満",11回目以上,インターネット・アプリ,選択なし/該当施設なし,,選択なし/該当施設なし,,"30,000円以上 40,000円未満",満足,,満足,,感じなかった,,8,,機会があれば行きたい,特になし,男,1954,岐阜県,関市,400万円以上 500万円未満,能登牛が当たる,満足,7,
金沢エリア,ＨＯＴＥＬゆめのゆ,2024/04/27 20:22:48,同意する,2泊,2泊,金沢エリア  （湯涌温泉、深谷温泉、犀川温泉など）,石川県外には泊まらない,夫婦2人,"宿でのんびり過ごす, 温泉や露天風呂, 地元の美味しいものを食べる, 名所、旧跡の観光, まちあるき、都市散策",自家用車,自家用車,,,"5,000円以上 10,000円未満","3,000円以上 5,000円未満","5,000円以上 10,000円未満",初めて,インターネット・アプリ,選択なし/該当施設なし,,兼六園,,"3,000円以上 5,000円未満",満足,,満足,,感じなかった,,10,,機会があれば行きたい,特になし,男,1975,兵庫県,神戸市,400万円以上 500万円未満,"能登牛が当たる, 石川県のおすすめ観光スポットが見たい, 石川県の雑学を知りたい, なんとなく",満足,10,
金沢エリア,ＨＯＴＥＬゆめのゆ,2024/04/27 20:24:46,同意する,2泊,2泊,金沢エリア  （湯涌温泉、深谷温泉、犀川温泉など）,石川県外には泊まらない,夫婦2人,"宿でのんびり過ごす, 温泉や露天風呂, 地元の美味しいものを食べる, 名所、旧跡の観光, まちあるき、都市散策",自家用車,自家用車,,,"30,000円以上 40,000円未満","20,000円以上 30,000円未満","10,000円以上 20,000円未満",2～5回目,インターネット・アプリ,選択なし/該当施設なし,２日目に兼六園散策,兼六園,,"20,000円以上 30,000円未満",とても満足,,とても満足,,感じなかった,,10,宿でご飯を食べましたがメニューがすごく豊富で味も普通に美味しく大満足でした。,機会があれば行きたい,海軍ミュージアムとかあっても楽しいかも(チューリップ園で海軍演奏を見ました),女,1974,和歌山県,神戸市,600万円以上 700万円未満,"能登牛が当たる, 石川県のおすすめ観光スポットが見たい",とても満足,10,観光名所が思っていたよりも多く良かった
金沢エリア,ＨＯＴＥＬゆめのゆ,2024/04/28 10:24:35,同意する,2泊,2泊,金沢エリア  （湯涌温泉、深谷温泉、犀川温泉など）,石川県外には泊まらない,夫婦2人,"温泉や露天風呂, 名所、旧跡の観光",飛行機,"路線バス, 徒歩",どちらでもない,乗り方がややこしい,"40,000円以上 50,000円未満","20,000円以上 30,000円未満","50,000円以上 100,000円未満",初めて,"新聞・雑誌・ガイドブック, 観光パンフレット・ポスター, インターネット・アプリ, 友人・知人, 観光協会等の案内所",近江町市場,,兼六園,,"40,000円以上 50,000円未満",満足,,満足,,感じなかった,,4,,どちらともいえない,バスの乗り方をもっとわかりやすくして欲しい,女,1960,千葉県,白井市,500万円以上 600万円未満,なんとなく,満足,8,
金沢エリア,ＨＯＴＥＬゆめのゆ,2024/05/03 17:42:05,同意する,2泊,1泊,金沢エリア  （湯涌温泉、深谷温泉、犀川温泉など）,富山県,親,"温泉や露天風呂, 地元の美味しいものを食べる, 名所、旧跡の観光, まちあるき、都市散策",自家用車,自家用車,,,"5,000円以上 10,000円未満","5,000円以上 10,000円未満","30,000円以上 40,000円未満",初めて,"新聞・雑誌・ガイドブック, TV・ラジオ番組やCM, インターネット・アプリ, Instagram",近江町市場,,選択なし/該当施設なし,,"5,000円以上 10,000円未満",とても満足,,とても満足,,感じなかった,,7,,また行きたい（1年以内）,海鮮料理や懐石料理がおいしかったです,女,1993,兵庫県,尼崎市,800万円以上 900万円未満,能登牛が当たる,とても満足,9,
金沢エリア,ＨＯＴＥＬゆめのゆ,2024/06/06 22:50:43,同意する,1泊,1泊,金沢エリア  （湯涌温泉、深谷温泉、犀川温泉など）,富山県,自分ひとり,"宿でのんびり過ごす, 温泉や露天風呂",自家用車,自家用車,,,"5,000円以上 10,000円未満",使わない,"5,000円以上 10,000円未満",6～10回目,以前から知ってる,選択なし/該当施設なし,,選択なし/該当施設なし,,"5,000円以上 10,000円未満",満足,もう少し安いといい,満足,息抜きに最高,感じた,ホテルとう　保冷庫じゃなく　冷蔵庫がいい,9,,また行きたい（1年以内）,特になし,男,1976,富山県,高岡市,500万円以上 600万円未満,能登牛が当たる,満足,9,飯がたくさんあっていい
金沢エリア,倶利伽羅塾,2023/12/22 15:53:36,同意する,日帰り,石川県内には宿泊しない,石川県内には宿泊しない,石川県外には泊まらない,自分ひとり,出張など仕事関係,県外から訪れていない（石川県内在住）,自家用車,,,使わない,使わない,使わない,11回目以上,友人・知人,兼六園,,ひがし茶屋街,,使わない,とても満足,,とても満足,,感じなかった,,10,,石川県在住,特になし,男,1996,石川県,河北郡津幡町,200万円以上 300万円未満,能登牛が当たる,,,
金沢エリア,倶利伽羅塾,2024/01/21 11:55:24,同意する,日帰り,石川県内には宿泊しない,石川県内には宿泊しない,石川県外には泊まらない,親,"温泉や露天風呂, 地元の美味しいものを食べる",自家用車,自家用車,,,使わない,"1,000円以上 3,000円未満","10,000円以上 20,000円未満",11回目以上,友人・知人,選択なし/該当施設なし,倶利伽羅,近江町市場,,"1,000円以上 3,000円未満",とても満足,,とても満足,,感じなかった,,10,,また行きたい（1年以内）,無し,女,1972,富山県,高岡市,"900万円以上 1,000万円未満",能登牛が当たる,,,
金沢エリア,倶利伽羅塾,2024/02/01 17:32:43,同意する,日帰り,石川県内には宿泊しない,加賀エリア （山代温泉、山中温泉、片山津温泉、粟津温泉、辰口温泉、加賀市、小松市など）,富山県,恋人,温泉や露天風呂,自家用車,自家用車,満足,道路が走りやすい,"5,000円以上 10,000円未満","3,000円以上 5,000円未満","5,000円以上 10,000円未満",2～5回目,友人・知人,兼六園,,ひがし茶屋街,,"10,000円以上 20,000円未満",満足,,どちらでもない,,感じた,風呂場の脱衣場が狭い,7,地産地消の土産等がたくさん売られていて目を引いた,また行きたい（1年以内）,能登地震での被害の復興に少しでも役立てれば良いです,女,1978,富山県,小矢部市,200万円以上 300万円未満,"能登牛が当たる, 石川県の雑学を知りたい",,,コストが安い
金沢エリア,倶利伽羅塾,2024/02/11 21:44:06,同意する,3泊,2泊,加賀エリア （山代温泉、山中温泉、片山津温泉、粟津温泉、辰口温泉、加賀市、小松市など）,福井県,小学生以下連れの家族,"温泉や露天風呂, 地元の美味しいものを食べる, 名所、旧跡の観光, 友人・親戚を訪ねる",飛行機,レンタカー,とても満足,金沢から近く、わかりやすかった,"10,000円以上 20,000円未満","5,000円以上 10,000円未満","5,000円以上 10,000円未満",初めて,"インターネット・アプリ, Instagram, 友人・知人",近江町市場,,選択なし/該当施設なし,,"10,000円以上 20,000円未満",とても満足,コスパが良く、食事も美味しかったので。,とても満足,清潔感があり、スタッフの方の感じも良いので,感じなかった,,10,とても安かったので心配でしたが食事も美味しく、快適に過ごせました,機会があれば行きたい,お手軽な九谷焼きを購入できる店舗があると嬉しいです。食洗機対応、電子レンジ対応もわかりやすくしてほしいです。,女,1987,埼玉県,さいたま市,600万円以上 700万円未満,"能登牛が当たる, ひゃくまんさんが好き",,,観光地での食べ歩きと宿泊施設の快適さ
金沢エリア,倶利伽羅塾,2024/02/20 10:58:38,同意する,4泊以上,4泊以上,金沢エリア  （湯涌温泉、深谷温泉、犀川温泉など）,石川県外には泊まらない,自分ひとり,"宿でのんびり過ごす, 温泉や露天風呂, 地元の美味しいものを食べる, 友人・親戚を訪ねる",自家用車,自家用車,とても満足,どこに行っても楽しかった,"10,000円以上 20,000円未満","3,000円以上 5,000円未満","5,000円以上 10,000円未満",11回目以上,"インターネット・アプリ, Instagram, Facebook, ブログ, 友人・知人",近江町市場,,兼六園,,"1,000円以上 3,000円未満",とても満足,,満足,お風呂のお客さんで自分の場所のようにふるまい小言をいう人がいた。老害,感じなかった,,9,魅力的な商品が多い。スタッフの対応も良い,また行きたい（1年以内）,美味しいご飯とお風呂,女,1977,富山県,射水市,"1,000万円以上 1,200万円未満",能登牛が当たる,,,体調を回復するため長期休み中
金沢エリア,倶利伽羅塾,2024/03/17 12:50:57,同意する,日帰り,石川県内には宿泊しない,白山エリア （一里野温泉、白峰温泉、白山市など）,岐阜県,親,買い物、アウトレット,旅行会社ツアーバス,旅行会社ツアーバス,とても満足,,使わない,"100,000円以上",使わない,初めて,TV・ラジオ番組やCM,金沢21世紀美術館,,ひがし茶屋街,,使わない,とても満足,,とても満足,,感じなかった,,4,,どちらともいえない,もう一度行きたいです。,男,1972,石川県,河北郡内灘町,100万円未満,"石川県のおすすめ観光スポットが見たい, なんとなく",,,
金沢エリア,倶利伽羅塾,2024/04/17 21:08:39,同意する,2泊,1泊,金沢エリア  （湯涌温泉、深谷温泉、犀川温泉など）,富山県,夫婦2人,まちあるき、都市散策,自家用車,自家用車,,,"10,000円以上 20,000円未満","3,000円以上 5,000円未満","5,000円以上 10,000円未満",初めて,インターネット・アプリ,選択なし/該当施設なし,,近江町市場,,"5,000円以上 10,000円未満",満足,夕食に牡蠣の治部煮と、ゼンマイの天麩羅が◎,満足,部屋のトイレが広く、ビックリしました。,感じた,大浴場が小さめで、日帰り温泉のお客様が多く、脱衣場、洗い場、ドライヤーと待つ事が多かった。,7,気になるお菓子がありました。,機会があれば行きたい,近江市場での食事が楽しみです。,女,1965,三重県,津市,100万円以上 200万円未満,能登牛が当たる,どちらでもない,7,未だ、出掛けていません。
金沢エリア,東横イン金沢兼六園香林坊,2024/01/15 23:46:36,同意する,1泊,1泊,金沢エリア  （湯涌温泉、深谷温泉、犀川温泉など）,石川県外には泊まらない,夫婦2人,"名所、旧跡の観光, お祭りやイベントへの参加・見物",レンタカー,レンタカー,満足,,"5,000円以上 10,000円未満","5,000円以上 10,000円未満","50,000円以上 100,000円未満",初めて,インターネット・アプリ,選択なし/該当施設なし,,兼六園,,"5,000円以上 10,000円未満",満足,,満足,,感じなかった,,9,,また行きたい（1年以内）,特に無し,男,1987,新潟県,佐渡市,600万円以上 700万円未満,ひゃくまんさんが好き,,,
金沢エリア,東横イン金沢兼六園香林坊,2024/01/17 17:19:19,同意する,1泊,1泊,金沢エリア  （湯涌温泉、深谷温泉、犀川温泉など）,石川県外には泊まらない,配偶者と私の実母と妹,"地元の美味しいものを食べる, 名所、旧跡の観光, 買い物、アウトレット, まちあるき、都市散策, 各種体験（手作り、果物狩りなど）","レンタカー, 船",レンタカー,とても満足,便利だったから,"3,000円以上 5,000円未満","3,000円以上 5,000円未満","10,000円以上 20,000円未満",初めて,"新聞・雑誌・ガイドブック, インターネット・アプリ, X(旧：Twitter), Instagram, 友人・知人, タクシードライバーや地元の人",選択なし/該当施設なし,,ひがし茶屋街,,"3,000円以上 5,000円未満",とても満足,良いホテルだったから,とても満足,朝ごはんが美味しかったし、そのほか不便なことはなかったから。,感じなかった,,10,事前に地震の影響の有無を確認させていただき、宿泊がご迷惑でないとのことでお邪魔しました。ホテルは観光したい場所に近くてとても便利でした。美味しい朝食後に兼六園・21世紀美術館に散歩に出かけました。良い場所にあってありがたかったです。金沢のお土産にチョコレートやみりん、巻鰤や輪島塗などを購入しました。食べるのが楽しみです。和菓子作り体験を行い、金沢の文化を楽しむことができました。大和で開催されていた呪術廻戦展にもすぐ行けて楽しい時間でした。,また行きたい（1年以内）,1つ前のページに記入しました。,女,1991,新潟県,佐渡市,500万円以上 600万円未満,能登牛が当たる,,,金澤市内の観光がとても楽しかったから。
金沢エリア,東横イン金沢兼六園香林坊,2024/03/09 14:41:14,同意する,3泊,3泊,金沢エリア  （湯涌温泉、深谷温泉、犀川温泉など）,石川県外には泊まらない,自分ひとり,"宿でのんびり過ごす, 温泉や露天風呂, 地元の美味しいものを食べる",飛行機,在来線,どちらでもない,,"20,000円以上 30,000円未満","3,000円以上 5,000円未満","10,000円以上 20,000円未満",2～5回目,インターネット・アプリ,尾山神社,,ひがし茶屋街,,"3,000円以上 5,000円未満",満足,,どちらでもない,,感じなかった,,8,良かったです。,また行きたい（1年以内）,楽しみです,男,1981,沖縄県,那覇市,100万円以上 200万円未満,"能登牛が当たる, ひゃくまんさんが好き",,,
金沢エリア,東横イン金沢兼六園香林坊,2024/03/09 15:39:59,同意する,4泊以上,4泊以上,金沢エリア  （湯涌温泉、深谷温泉、犀川温泉など）,石川県外には泊まらない,自分ひとり,"地元の美味しいものを食べる, 名所、旧跡の観光, テーマパーク（遊園地、動物園、博物館など）, 大学のサークル活動","新幹線, 在来線",路線バス,満足,新幹線は早くて快適。バスは本数が多くて良かったが、スイカが使えず、現金での支払いを余儀なくされたから。,"30,000円以上 40,000円未満","20,000円以上 30,000円未満","20,000円以上 30,000円未満",2～5回目,インターネット・アプリ,兼六園,,金沢21世紀美術館,,"1,000円以上 3,000円未満",満足,東横インだから,とても満足,東横インだから,感じなかった,,7,,機会があれば行きたい,バスに全国交通系ICカードを使え利用に強く希望する。現金だと大変です,男,2004,静岡県,三島市,100万円未満,"能登牛が当たる, なんとなく",,,兼六園や県立博物館が良かったから。香林坊や近江市場で美味しい店が多いから
金沢エリア,ダイワロイネットホテル金沢MIYABI,2023/12/25 11:13:29,同意する,2泊,2泊,金沢エリア  （湯涌温泉、深谷温泉、犀川温泉など）,石川県外には泊まらない,夫婦2人,"地元の美味しいものを食べる, 名所、旧跡の観光, 買い物、アウトレット, まちあるき、都市散策",新幹線,徒歩,,,"20,000円以上 30,000円未満","20,000円以上 30,000円未満","50,000円以上 100,000円未満",2～5回目,インターネット・アプリ,ひがし茶屋街,,近江町市場,,使わない,とても満足,,とても満足,,感じなかった,,10,,また行きたい（1年以内）,器作り、絵付け体験,男,1969,東京都,新宿区,"1,500万円以上",ひゃくまんさんが好き,,,
金沢エリア,ダイワロイネットホテル金沢MIYABI,2023/12/25 21:20:02,同意する,2泊,2泊,金沢エリア  （湯涌温泉、深谷温泉、犀川温泉など）,石川県外には泊まらない,中学生以下連れの家族,"地元の美味しいものを食べる, 名所、旧跡の観光, まちあるき、都市散策",新幹線,徒歩,,,"10,000円以上 20,000円未満","30,000円以上 40,000円未満","40,000円以上 50,000円未満",初めて,ブログ,兼六園,,ひがし茶屋街,,"20,000円以上 30,000円未満",どちらでもない,,満足,清潔,感じなかった,,9,,また行きたい（1年以内）,観光客価格が多い,女,1973,東京都,足立区,"1,000万円以上 1,200万円未満","能登牛が当たる, ひゃくまんさんが好き",,,交通の便
金沢エリア,ダイワロイネットホテル金沢MIYABI,2024/01/03 21:34:43,同意する,1泊,1泊,金沢エリア  （湯涌温泉、深谷温泉、犀川温泉など）,石川県外には泊まらない,夫婦2人,"地元の美味しいものを食べる, 友人・親戚を訪ねる","新幹線, 飛行機",在来線,とても満足,駅近,"20,000円以上 30,000円未満","3,000円以上 5,000円未満","30,000円以上 40,000円未満",初めて,"Instagram, 友人・知人",選択なし/該当施設なし,臨時休業で21世紀美術館に行けませんでした,選択なし/該当施設なし,飛行機が欠航になった為の宿泊のため自宅に戻るから,"10,000円以上 20,000円未満",とても満足,綺麗でスタッフの対応がとても良かったからです,とても満足,とても綺麗,感じなかった,,10,,また行きたい（1年以内）,特になし,女,1976,千葉県,市川市,"1,000万円以上 1,200万円未満",能登牛が当たる,,,蟹　お刺身
金沢エリア,ダイワロイネットホテル金沢MIYABI,2024/01/11 5:51:18,同意する,1泊,1泊,金沢エリア  （湯涌温泉、深谷温泉、犀川温泉など）,石川県外には泊まらない,小学生以下連れの家族,"温泉や露天風呂, 地元の美味しいものを食べる, まちあるき、都市散策",自家用車,自家用車,とても満足,,"10,000円以上 20,000円未満","5,000円以上 10,000円未満","5,000円以上 10,000円未満",初めて,観光展・物産展,兼六園,,兼六園,,"20,000円以上 30,000円未満",とても満足,,とても満足,,感じなかった,,10,,また行きたい（1年以内）,とくになし,男,1995,石川県,金沢市,300万円以上 400万円未満,能登牛が当たる,,,
金沢エリア,ダイワロイネットホテル金沢MIYABI,2024/01/28 17:10:29,同意する,1泊,1泊,金沢エリア  （湯涌温泉、深谷温泉、犀川温泉など）,石川県外には泊まらない,職場の同僚,"地元の美味しいものを食べる, 名所、旧跡の観光, 買い物、アウトレット, まちあるき、都市散策, 各種体験（手作り、果物狩りなど）",在来線,"在来線, 徒歩",満足,,"5,000円以上 10,000円未満","5,000円以上 10,000円未満","30,000円以上 40,000円未満",初めて,"観光展・物産展, インターネット・アプリ, X(旧：Twitter), YouTube",選択なし/該当施設なし,,兼六園,,使わない,満足,綺麗な部屋で、大浴場もあり満足です,とても満足,駅から近く、接客も丁寧,感じなかった,,10,,また行きたい（1年以内）,コンパクトに見所があり、一泊二日でも十分楽しめるよい観光地だと思いますが、バスだけでなく京都のようにもう少し鉄道が発達しているとありがたいです。,女,1990,兵庫県,尼崎市,700万円以上 800万円未満,"能登牛が当たる, ひゃくまんさんが好き",,,ご飯が美味しく観光地も多い
金沢エリア,ダイワロイネットホテル金沢MIYABI,2024/01/28 18:28:19,同意する,4泊以上,1泊,金沢エリア  （湯涌温泉、深谷温泉、犀川温泉など）,富山県,職場の同僚,出張など仕事関係,新幹線,タクシー,とても満足,大荷物なので、タクシーを呼びに係の人が走ってくれた。,"10,000円以上 20,000円未満","3,000円以上 5,000円未満","10,000円以上 20,000円未満",2～5回目,インターネット・アプリ,選択なし/該当施設なし,気多大社,選択なし/該当施設なし,,使わない,とても満足,,とても満足,,感じなかった,,10,,また行きたい（1年以内）,特になし,女,1969,宮城県,石巻市,300万円以上 400万円未満,"能登牛が当たる, ひゃくまんさんが好き",,,
金沢エリア,ダイワロイネットホテル金沢MIYABI,2024/01/28 18:29:21,同意する,1泊,4泊以上,能登エリア （和倉温泉、七尾市、輪島市、珠洲市など）,富山県,職場の同僚,災害救護活動です。,"レンタカー, 新幹線",タクシー,とても満足,皆さまとても親切に応じてくださるので快適でした。,"10,000円以上 20,000円未満","10,000円以上 20,000円未満","50,000円以上 100,000円未満",2～5回目,"インターネット・アプリ, X(旧：Twitter), Instagram, タクシードライバーや地元の人",選択なし/該当施設なし,気大大社,尾山神社,,"40,000円以上 50,000円未満",とても満足,入った瞬間からとてもいい香りがして、心の底から癒やされました。今日まで頑張ってきて良かったです。,とても満足,,感じた,,10,,また行きたい（1年以内）,美味しいものをたくさん買って行きます。,女,1982,宮城県,仙台市,800万円以上 900万円未満,"能登牛が当たる, ひゃくまんさんが好き, 石川県のおすすめ観光スポットが見たい",,,
金沢エリア,ダイワロイネットホテル金沢MIYABI,2024/01/28 22:15:36,同意する,1泊,1泊,金沢エリア  （湯涌温泉、深谷温泉、犀川温泉など）,石川県外には泊まらない,友人,"地元の美味しいものを食べる, 名所、旧跡の観光, 買い物、アウトレット",在来線,徒歩,,,"5,000円以上 10,000円未満","5,000円以上 10,000円未満","20,000円以上 30,000円未満",初めて,インターネット・アプリ,選択なし/該当施設なし,にし茶屋街、妙立寺,兼六園,,使わない,満足,,満足,清潔でした,感じなかった,,9,,機会があれば行きたい,バスでほとんどのICカードが使えないのがとても不便です。,無回答,1988,大阪府,茨木市,600万円以上 700万円未満,"能登牛が当たる, なんとなく",,,海鮮、おでん
金沢エリア,ダイワロイネットホテル金沢MIYABI,2024/02/03 10:23:53,同意する,1泊,1泊,金沢エリア  （湯涌温泉、深谷温泉、犀川温泉など）,石川県外には泊まらない,夫婦2人,"宿でのんびり過ごす, 温泉や露天風呂, 地元の美味しいものを食べる",在来線,在来線,とても満足,サンダーバード直通のため,"10,000円以上 20,000円未満","10,000円以上 20,000円未満","10,000円以上 20,000円未満",初めて,"インターネット・アプリ, X(旧：Twitter)",兼六園,,近江町市場,,"10,000円以上 20,000円未満",とても満足,温泉が綺麗,とても満足,設備が綺麗,感じなかった,,10,設備が綺麗,また行きたい（1年以内）,予約がインターネットでスムーズに出来れば良い,男,1988,兵庫県,尼崎市,"1,500万円以上",能登牛が当たる,,,食事が美味しい
金沢エリア,ダイワロイネットホテル金沢MIYABI,2024/02/03 10:30:37,同意する,2泊,2泊,金沢エリア  （湯涌温泉、深谷温泉、犀川温泉など）,石川県外には泊まらない,自分ひとり,"地元の美味しいものを食べる, 花見や紅葉などの自然鑑賞, 名所、旧跡の観光, お祭りやイベントへの参加・見物, まちあるき、都市散策, 友人・親戚を訪ねる",新幹線,徒歩,とても満足,,"20,000円以上 30,000円未満","20,000円以上 30,000円未満","40,000円以上 50,000円未満",6～10回目,"インターネット・アプリ, Instagram, 友人・知人",尾山神社,ほがらか村,ひがし茶屋街,,"20,000円以上 30,000円未満",とても満足,駅近く、大浴場、ヘアケア用品,とても満足,清潔感があり、部屋の間取りも良い,感じなかった,,10,大浴場前の休憩スペースで石川県オススメのお酒やビールなどの販売があると嬉しい,また行きたい（1年以内）,石川県内の神社や工芸が大好きです。ホテルに詳細のパンフレットや紹介冊子などあると嬉しい,女,1969,東京都,中野区,"1,000万円以上 1,200万円未満","能登牛が当たる, ひゃくまんさんが好き, 動く３Dひゃくまんさんを見たい",,,駅から近く、移動や飲食時とても便利
金沢エリア,ダイワロイネットホテル金沢MIYABI,2024/02/04 18:34:07,同意する,1泊,1泊,金沢エリア  （湯涌温泉、深谷温泉、犀川温泉など）,石川県外には泊まらない,友人,"地元の美味しいものを食べる, 名所、旧跡の観光, 買い物、アウトレット, まちあるき、都市散策",新幹線,徒歩,,,"10,000円以上 20,000円未満","10,000円以上 20,000円未満","10,000円以上 20,000円未満",初めて,"新聞・雑誌・ガイドブック, X(旧：Twitter)",ひがし茶屋街,,兼六園,,"10,000円以上 20,000円未満",満足,部屋がとても綺麗、ダイソンとリファのドライヤーが置いてあった,満足,,感じなかった,,10,朝ごはんがとても美味しかった、石川の名物が食べられて良かった,機会があれば行きたい,地震の影響で利用できない施設がいくつかあったので、利用再開したらまた体験してみたい,女,1995,東京都,江戸川区,400万円以上 500万円未満,"能登牛が当たる, ひゃくまんさんが好き",,,部屋の内装と大浴場が可愛い、
金沢エリア,ダイワロイネットホテル金沢MIYABI,2024/02/07 20:16:33,同意する,1泊,1泊,金沢エリア  （湯涌温泉、深谷温泉、犀川温泉など）,石川県外には泊まらない,職場の同僚,出張など仕事関係,在来線,徒歩,,,"10,000円以上 20,000円未満","1,000円以上 3,000円未満","100,000円以上",初めて,インターネット・アプリ,選択なし/該当施設なし,,選択なし/該当施設なし,,"10,000円以上 20,000円未満",満足,,満足,,感じなかった,,8,,また行きたい（1年以内）,特になし,男,1961,岐阜県,岐阜市,700万円以上 800万円未満,能登牛が当たる,,,
金沢エリア,ダイワロイネットホテル金沢MIYABI,2024/02/09 17:11:35,同意する,4泊以上,4泊以上,金沢エリア  （湯涌温泉、深谷温泉、犀川温泉など）,石川県外には泊まらない,職場の同僚,出張など仕事関係,給水車,徒歩,,,"50,000円以上 100,000円未満",使わない,"10,000円以上 20,000円未満",初めて,会社が用意,選択なし/該当施設なし,直行,尾山神社,,"40,000円以上 50,000円未満",とても満足,,満足,大浴場が良かった,感じなかった,,8,,機会があれば行きたい,海産物,男,1986,茨城県,水戸市,500万円以上 600万円未満,アンケートには極力回答するようにしている,,,
金沢エリア,ダイワロイネットホテル金沢MIYABI,2024/02/09 18:02:01,同意する,2泊,2泊,金沢エリア  （湯涌温泉、深谷温泉、犀川温泉など）,石川県外には泊まらない,職場の同僚,出張など仕事関係,在来線,徒歩,,,"20,000円以上 30,000円未満","10,000円以上 20,000円未満","30,000円以上 40,000円未満",初めて,インターネット・アプリ,選択なし/該当施設なし,,選択なし/該当施設なし,,使わない,とても満足,スタッフさんの対応が本当に素敵で、携帯電話を無くしたのですが丁寧にお手紙付きでご連絡下さいました。本当にありがとうございます。,とても満足,ホスピタリティがとても高く、部屋の清掃も丁寧にしていただいてました。全て満足です。,感じなかった,,10,,また行きたい（1年以内）,カニなどの海鮮料理,男,1986,大阪府,大阪市,700万円以上 800万円未満,スタッフさんにお礼を伝えたかった,,,スタッフさんの親切な対応と居心地の良さ
金沢エリア,ダイワロイネットホテル金沢MIYABI,2024/02/13 15:08:14,同意する,1泊,1泊,金沢エリア  （湯涌温泉、深谷温泉、犀川温泉など）,石川県外には泊まらない,親,"宿でのんびり過ごす, 地元の美味しいものを食べる, まちあるき、都市散策",在来線,在来線,満足,混雑しておらず、時間通り動けた,"10,000円以上 20,000円未満","3,000円以上 5,000円未満","30,000円以上 40,000円未満",6～10回目,"観光パンフレット・ポスター, X(旧：Twitter), Instagram",近江町市場,加賀友禅会館,選択なし/該当施設なし,,"5,000円以上 10,000円未満",とても満足,駅から近い,とても満足,大浴場,感じなかった,,10,セキュリティに配慮されているのが安心でした,また行きたい（1年以内）,バスの種類がわかりにくく、もう少し乗りこなせるようになる術があればいいなと思う,女,1983,京都府,京都市,600万円以上 700万円未満,能登牛が当たる,,,食べ物
金沢エリア,ダイワロイネットホテル金沢MIYABI,2024/02/15 8:35:13,同意する,2泊,2泊,金沢エリア  （湯涌温泉、深谷温泉、犀川温泉など）,大阪市北区,自分ひとり,出張など仕事関係,飛行機,路線バス,とても満足,,"5,000円以上 10,000円未満","20,000円以上 30,000円未満","5,000円以上 10,000円未満",初めて,友人・知人,兼六園,,ひがし茶屋街,,"5,000円以上 10,000円未満",とても満足,親切に応対してくれた。,満足,バスルームが良かった。,感じなかった,ない,3,,また行きたい（1年以内）,ホタルいか,男,1952,鹿児島県,日置市,400万円以上 500万円未満,能登牛が当たる,,,震災で能登に行けなかった。
金沢エリア,ダイワロイネットホテル金沢MIYABI,2024/02/16 21:12:07,同意する,2泊,2泊,金沢エリア  （湯涌温泉、深谷温泉、犀川温泉など）,石川県外には泊まらない,恋人,推しのライブ,"新幹線, 在来線",徒歩,,,"10,000円以上 20,000円未満","10,000円以上 20,000円未満","50,000円以上 100,000円未満",初めて,インターネット・アプリ,選択なし/該当施設なし,夜に金沢に着いたから,選択なし/該当施設なし,ほんだのもり,"40,000円以上 50,000円未満",満足,普通にいい,満足,きれい,感じなかった,,7,おふろがたのしみ,機会があれば行きたい,工芸品づくり体験,女,1981,埼玉県,さいたま市,300万円以上 400万円未満,能登牛が当たる,,,金沢駅きれいでたのしい
金沢エリア,ダイワロイネットホテル金沢MIYABI,2024/02/22 12:48:00,同意する,1泊,1泊,金沢エリア  （湯涌温泉、深谷温泉、犀川温泉など）,石川県外には泊まらない,親戚,地元の美味しいものを食べる,在来線,徒歩,,,"5,000円以上 10,000円未満","10,000円以上 20,000円未満","10,000円以上 20,000円未満",初めて,"新聞・雑誌・ガイドブック, TV・ラジオ番組やCM",選択なし/該当施設なし,,近江町市場,,使わない,満足,,満足,,感じなかった,,7,,機会があれば行きたい,特になし,女,1983,大阪府,泉北郡忠岡町,200万円以上 300万円未満,能登牛が当たる,,,
金沢エリア,ダイワロイネットホテル金沢MIYABI,2024/02/24 7:07:47,同意する,2泊,2泊,金沢エリア  （湯涌温泉、深谷温泉、犀川温泉など）,石川県外には泊まらない,夫婦2人,"地元の美味しいものを食べる, 買い物、アウトレット",新幹線,徒歩,,,"30,000円以上 40,000円未満","20,000円以上 30,000円未満","50,000円以上 100,000円未満",2～5回目,"インターネット・アプリ, Instagram, 友人・知人",ひがし茶屋街,,選択なし/該当施設なし,寿司屋,使わない,とても満足,ホテル自体が新しく、清潔感があった,とても満足,ドライヤー、ヘアアイロンが良かった,感じなかった,,9,,また行きたい（1年以内）,地元の美味しいお寿司を(できれば並ばずに)食べられる,女,1999,東京都,台東区,"1,500万円以上","能登牛が当たる, 石川県のおすすめ観光スポットが見たい",,,駅から近く、清潔で、コスパがよい
金沢エリア,ダイワロイネットホテル金沢MIYABI,2024/02/24 20:45:29,同意する,2泊,2泊,金沢エリア  （湯涌温泉、深谷温泉、犀川温泉など）,石川県外には泊まらない,夫婦2人,"温泉や露天風呂, 地元の美味しいものを食べる, 名所、旧跡の観光","新幹線, 在来線",徒歩,,,"20,000円以上 30,000円未満","20,000円以上 30,000円未満","20,000円以上 30,000円未満",初めて,"新聞・雑誌・ガイドブック, インターネット・アプリ, Instagram",ひがし茶屋街,大聖寺の九谷焼美術館,ひがし茶屋街,,"20,000円以上 30,000円未満",満足,駅近い,満足,,感じた,駅からの道中にすぐにコンビニを見つけられなかった,10,,機会があれば行きたい,魚,女,1973,広島県,広島市,"1,500万円以上","能登牛が当たる, なんとなく",,,魚が最高
金沢エリア,ダイワロイネットホテル金沢MIYABI,2024/03/02 11:42:35,同意する,1泊,1泊,金沢エリア  （湯涌温泉、深谷温泉、犀川温泉など）,石川県外には泊まらない,恋人,"地元の美味しいものを食べる, 名所、旧跡の観光",在来線,在来線,とても満足,大阪からサンダーバードですぐなので移動が楽です！,"5,000円以上 10,000円未満","5,000円以上 10,000円未満","30,000円以上 40,000円未満",初めて,友人・知人,兼六園,,金沢21世紀美術館,,"5,000円以上 10,000円未満",とても満足,,とても満足,,感じなかった,,7,,機会があれば行きたい,兼六園はとても良いです！,男,1989,大阪府,大東市,600万円以上 700万円未満,"能登牛が当たる, ひゃくまんさんが好き, 石川県のおすすめ観光スポットが見たい",,,
金沢エリア,ダイワロイネットホテル金沢MIYABI,2024/03/02 22:24:10,同意する,4泊以上,4泊以上,金沢エリア  （湯涌温泉、深谷温泉、犀川温泉など）,石川県外には泊まらない,自分ひとり,能登半島地震被災地支援活動,新幹線,徒歩,満足,駅前にあることは非常に有難いと感じました。,"100,000円以上","40,000円以上 50,000円未満","100,000円以上",初めて,インターネット・アプリ,選択なし/該当施設なし,被災地,選択なし/該当施設なし,,"50,000円以上 100,000円未満",満足,大浴場や部屋にリファ製品やダイソンなど時短かつケアできる製品があり満足度がありました。ただシャンプー類がもう少し良いものが利用できるとより満足度があがるなとかんじていました。,満足,朝食で天ぷらなどいただけて満足しました。ただ連絡していてもう少しタンパク質がとれる肉類等あるとより嬉しいと感じていました。,感じた,部屋の中にキーを刺したまま部屋を出てしまう、インキーをすると再発行料金が取られるとチェックイン時に聞いて他のホテルではマスターキーなどで解除いただけたので、結構厳しいと感じました。,10,大浴場はシンプルでしたが壁面が綺麗でした。,また行きたい（1年以内）,工芸品に触れたり、体験型のものをいつか行いたいと感じました。,女,1995,東京都,杉並区,400万円以上 500万円未満,"能登牛が当たる, ひゃくまんさんが好き",,,元々県外在住で、被災地支援活動を1月初旬からずっとさせていただいて2ヶ月石川で過ごしたのですが、魅力的な場所や人に溢れていると感じました。早く復興し石川に活気あふれることを祈ります。
金沢エリア,ダイワロイネットホテル金沢MIYABI,2024/03/03 10:16:24,同意する,1泊,1泊,金沢エリア  （湯涌温泉、深谷温泉、犀川温泉など）,石川県外には泊まらない,小学生以下連れの家族,"地元の美味しいものを食べる, 名所、旧跡の観光, テーマパーク（遊園地、動物園、博物館など）, まちあるき、都市散策",在来線,徒歩,,,"5,000円以上 10,000円未満","5,000円以上 10,000円未満","10,000円以上 20,000円未満",初めて,インターネット・アプリ,兼六園,,ひがし茶屋街,,"5,000円以上 10,000円未満",とても満足,大きなお風呂があり、サービスが行き届いていてゆっくりできたから,とても満足,,感じなかった,,10,魚介類が美味しかった。まいもん寿司さんでアレルギー対策をしっかりしていただけてありがたかった。,機会があれば行きたい,子どもと一緒に遊べるスポットがもっと欲しい,男,1978,兵庫県,西宮市,700万円以上 800万円未満,"能登牛が当たる, ひゃくまんさんが好き",,,
金沢エリア,ダイワロイネットホテル金沢MIYABI,2024/03/06 6:38:20,同意する,4泊以上,4泊以上,金沢エリア  （湯涌温泉、深谷温泉、犀川温泉など）,石川県外には泊まらない,職場の同僚,"宿でのんびり過ごす, 出張など仕事関係","在来線, 飛行機",レンタカー,満足,駅から近く近隣に大きなパーキングがある,"40,000円以上 50,000円未満","20,000円以上 30,000円未満","20,000円以上 30,000円未満",初めて,インターネット・アプリ,選択なし/該当施設なし,,選択なし/該当施設なし,被災地,"40,000円以上 50,000円未満",とても満足,温泉がありゆっくり足が伸ばせるので疲れがとれます。,とても満足,被災地から支援後帰ってきてゆっくりさせていただきました。,感じなかった,,10,食事はしてないのでわかりませんが、素敵な作りで日本や金沢の伝統を上手に取り入れていて安心感があるホテルでした。,また行きたい（1年以内）,何を食べても美味しく、家族に食べてもらいたいものや、見せたい場所が多いところでした。次は観光でいろんな伝統に触れ合うアクティビティをしてみたい,女,1979,高知県,土佐市,300万円以上 400万円未満,"能登牛が当たる, ひゃくまんさんが好き",,,駅から近くに美味しい食べ物屋さんが多く便利
金沢エリア,ダイワロイネットホテル金沢MIYABI,2024/03/09 12:06:44,同意する,1泊,1泊,金沢エリア  （湯涌温泉、深谷温泉、犀川温泉など）,石川県外には泊まらない,恋人,"宿でのんびり過ごす, 温泉や露天風呂, 地元の美味しいものを食べる",新幹線,在来線,とても満足,,"10,000円以上 20,000円未満","10,000円以上 20,000円未満","20,000円以上 30,000円未満",初めて,"観光展・物産展, 新聞・雑誌・ガイドブック, 観光連盟やDMOのHP, インターネット・アプリ",金沢21世紀美術館,,金沢21世紀美術館,,"10,000円以上 20,000円未満",とても満足,,とても満足,,感じなかった,,8,,また行きたい（1年以内）,海鮮,男,1998,東京都,大田区,300万円以上 400万円未満,"能登牛が当たる, ひゃくまんさんが好き",,,
金沢エリア,ダイワロイネットホテル金沢MIYABI,2024/03/09 16:58:32,同意する,1泊,1泊,金沢エリア  （湯涌温泉、深谷温泉、犀川温泉など）,石川県外には泊まらない,家族,"宿でのんびり過ごす, 買い物、アウトレット",県外から訪れていない（石川県内在住）,自家用車,,,"5,000円以上 10,000円未満","5,000円以上 10,000円未満","10,000円以上 20,000円未満",2～5回目,インターネット・アプリ,選択なし/該当施設なし,,選択なし/該当施設なし,,"20,000円以上 30,000円未満",とても満足,,とても満足,,感じなかった,,10,,石川県在住,特になし,男,2000,石川県,珠洲市,"900万円以上 1,000万円未満",能登牛が当たる,,,
金沢エリア,ダイワロイネットホテル金沢MIYABI,2024/03/10 4:03:45,同意する,1泊,4泊以上,金沢エリア  （湯涌温泉、深谷温泉、犀川温泉など）,石川県外には泊まらない,親,"地元の美味しいものを食べる, 買い物、アウトレット, まちあるき、都市散策, 友人・親戚を訪ねる",自家用車,自家用車,,,"30,000円以上 40,000円未満","5,000円以上 10,000円未満","50,000円以上 100,000円未満",2～5回目,"観光展・物産展, 新聞・雑誌・ガイドブック, Instagram",金沢21世紀美術館,,兼六園,,"40,000円以上 50,000円未満",とても満足,綺麗,とても満足,綺麗,感じなかった,,10,,また行きたい（1年以内）,特になし,女,1998,新潟県,阿賀野市,500万円以上 600万円未満,"能登牛が当たる, ひゃくまんさんが好き",,,綺麗だから。
金沢エリア,ダイワロイネットホテル金沢MIYABI,2024/03/11 8:25:59,同意する,2泊,2泊,金沢エリア  （湯涌温泉、深谷温泉、犀川温泉など）,石川県外には泊まらない,友人,"宿でのんびり過ごす, 地元の美味しいものを食べる",自家用車,"自家用車, レンタカー",,,"10,000円以上 20,000円未満","10,000円以上 20,000円未満","10,000円以上 20,000円未満",2～5回目,Instagram,尾山神社,,選択なし/該当施設なし,まいもん寿司,"20,000円以上 30,000円未満",とても満足,接客がとても良かった。,とても満足,温泉がある,感じた,エレベーターのカーペットが、汚い,10,朝ごはんのおでん、自治煮がおいしかった,また行きたい（1年以内）,特になし,女,1985,愛知県,春日井市,"1,200万円以上 1,500万円未満",能登牛が当たる,,,金沢の、ご飯がおいしい
金沢エリア,ダイワロイネットホテル金沢MIYABI,2024/03/11 10:40:09,同意する,1泊,1泊,金沢エリア  （湯涌温泉、深谷温泉、犀川温泉など）,石川県外には泊まらない,きょうだい,介護,新幹線,徒歩,,,"5,000円以上 10,000円未満","1,000円以上 3,000円未満","3,000円以上 5,000円未満",11回目以上,友人・知人,選択なし/該当施設なし,県立図書館,選択なし/該当施設なし,介護施設,"5,000円以上 10,000円未満",とても満足,部屋の設備が良い,とても満足,雰囲気が落ち着く,感じなかった,,10,,また行きたい（1年以内）,魚、大野醤油,女,1966,東京都,日野市,"900万円以上 1,000万円未満","能登牛が当たる, ひゃくまんさんが好き",,,駅近で、部屋も快適で居心地いい
金沢エリア,ダイワロイネットホテル金沢MIYABI,2024/03/13 9:01:46,同意する,2泊,2泊,金沢エリア  （湯涌温泉、深谷温泉、犀川温泉など）,石川県外には泊まらない,自分ひとり,"宿でのんびり過ごす, 地元の美味しいものを食べる",新幹線,徒歩,満足,近い,"30,000円以上 40,000円未満","30,000円以上 40,000円未満","10,000円以上 20,000円未満",2～5回目,インターネット・アプリ,兼六園,金沢城,選択なし/該当施設なし,,"5,000円以上 10,000円未満",満足,,とても満足,,感じなかった,,8,,また行きたい（1年以内）,鮮魚,男,1971,茨城県,つくば市,"900万円以上 1,000万円未満","能登牛が当たる, なんとなく",,,
金沢エリア,ダイワロイネットホテル金沢MIYABI,2024/03/14 21:36:22,同意する,4泊以上,1泊,石川県内には宿泊しない,石川県外には泊まらない,親,宿でのんびり過ごす,"新幹線, 飛行機",レンタカー,,,"40,000円以上 50,000円未満","30,000円以上 40,000円未満","50,000円以上 100,000円未満",初めて,"観光展・物産展, 新聞・雑誌・ガイドブック, TV・ラジオ番組やCM",金沢21世紀美術館,,近江町市場,,"30,000円以上 40,000円未満",とても満足,,とても満足,,感じなかった,,10,,また行きたい（1年以内）,吧,女,1978,宮城県,仙台市,"1,000万円以上 1,200万円未満",能登牛が当たる,,,
金沢エリア,ダイワロイネットホテル金沢MIYABI,2024/03/15 8:26:14,同意する,1泊,1泊,金沢エリア  （湯涌温泉、深谷温泉、犀川温泉など）,福井県,自分ひとり,"宿でのんびり過ごす, スポーツ観戦や芸術鑑賞（コンサート等）, アウトドア（海水浴、釣り、登山など）","レンタカー, 在来線","タクシー, 在来線",とても満足,,"20,000円以上 30,000円未満","10,000円以上 20,000円未満","5,000円以上 10,000円未満",2～5回目,観光展・物産展,兼六園,,兼六園,,"20,000円以上 30,000円未満",とても満足,,とても満足,,感じなかった,,10,,機会があれば行きたい,なし,男,1993,京都府,京都市,700万円以上 800万円未満,能登牛が当たる,,,
金沢エリア,ダイワロイネットホテル金沢MIYABI,2024/03/17 9:53:44,同意する,3泊,1泊,金沢エリア  （湯涌温泉、深谷温泉、犀川温泉など）,富山県,夫婦2人,"宿でのんびり過ごす, 温泉や露天風呂, 名所、旧跡の観光, まちあるき、都市散策, 出張など仕事関係","新幹線, 飛行機","タクシー, 在来線",満足,アクセスが、良い,"30,000円以上 40,000円未満","10,000円以上 20,000円未満","20,000円以上 30,000円未満",2～5回目,インターネット・アプリ,金沢21世紀美術館,,兼六園,,"3,000円以上 5,000円未満",満足,,とても満足,アクセスも良く　施設も満足,感じなかった,,10,,また行きたい（1年以内）,食べ物　景観全て満足,女,1947,北海道,札幌市,300万円以上 400万円未満,能登牛が当たる,,,
金沢エリア,ダイワロイネットホテル金沢MIYABI,2024/03/29 17:34:36,同意する,1泊,1泊,金沢エリア  （湯涌温泉、深谷温泉、犀川温泉など）,石川県外には泊まらない,小学生以下連れの家族,地元の美味しいものを食べる,新幹線,徒歩,,,"10,000円以上 20,000円未満","10,000円以上 20,000円未満","10,000円以上 20,000円未満",初めて,インターネット・アプリ,近江町市場,,選択なし/該当施設なし,,"10,000円以上 20,000円未満",満足,大浴場が欲しかった,満足,飲み物の無料サービスがあったのが嬉しかった,感じなかった,,8,,また行きたい（1年以内）,美味しい魚料理,女,1993,石川県,金沢市,800万円以上 900万円未満,能登牛が当たる,,,
金沢エリア,ダイワロイネットホテル金沢MIYABI,2024/04/03 0:19:15,同意する,2泊,2泊,金沢エリア  （湯涌温泉、深谷温泉、犀川温泉など）,石川県外には泊まらない,友人,"地元の美味しいものを食べる, 花見や紅葉などの自然鑑賞, 名所、旧跡の観光, まちあるき、都市散策","新幹線, 在来線",徒歩,,,"20,000円以上 30,000円未満","10,000円以上 20,000円未満","30,000円以上 40,000円未満",初めて,インターネット・アプリ,選択なし/該当施設なし,廻る富山湾 すし玉(すしたま) 金沢駅前店,選択なし/該当施設なし,金沢城公園,使わない,とても満足,広い部屋と心配りの行き届いた防犯設備、こんなサービスが欲しいが形になっており、快適だったため。,とても満足,2泊目の際、タオルを増やして欲しいという要望にこころよく対応していただいたため。,感じた,よく使うバスのロータリーがある駅の表側でなく、裏側だったため、歩く距離が長かった。そのために周りの環境が静かで快適でもあった。,9,,機会があれば行きたい,特になし,女,1995,神奈川県,横須賀市,400万円以上 500万円未満,"能登牛が当たる, 使用した宿泊施設が良かったため。",,,観光で疲れた体を癒せる大浴場、そして綺麗で広い部屋。最新のドライヤーやシャワーが使えるのも最高でした。
金沢エリア,ダイワロイネットホテル金沢MIYABI,2024/04/05 18:49:02,同意する,4泊以上,2泊,金沢エリア  （湯涌温泉、深谷温泉、犀川温泉など）,富山県,自分ひとり,"温泉や露天風呂, 地元の美味しいものを食べる, まちあるき、都市散策",自家用車,自家用車,,,"20,000円以上 30,000円未満","10,000円以上 20,000円未満","10,000円以上 20,000円未満",初めて,インターネット・アプリ,選択なし/該当施設なし,,兼六園,,"20,000円以上 30,000円未満",不満,各所で色々と不備があったため。,どちらでもない,不備はあったが、ごはんが美味しかったのでプラス評価です。,感じた,海外のかたが多く、マナーが伝わり切っていなかったです。,3,大浴場の浴槽デザインが良かったです。,機会があれば行きたい,能登応援メニューなどの充実。寄付メニューの食事は1回できましたが、特産品などはどこも入荷未定ばかりでした。,女,1981,岐阜県,中津川市,100万円以上 200万円未満,能登牛が当たる,満足,5,美しい街並みに観光客で活気にあふれる感じが良いと思いました。
金沢エリア,ダイワロイネットホテル金沢MIYABI,2024/04/10 13:34:48,同意する,3泊,1泊,金沢エリア  （湯涌温泉、深谷温泉、犀川温泉など）,富山県,夫婦2人,"地元の美味しいものを食べる, 花見や紅葉などの自然鑑賞, 名所、旧跡の観光",新幹線,徒歩,,,"10,000円以上 20,000円未満","30,000円以上 40,000円未満","5,000円以上 10,000円未満",2～5回目,インターネット・アプリ,兼六園,,近江町市場,,"10,000円以上 20,000円未満",とても満足,,とても満足,,感じなかった,,10,,機会があれば行きたい,温泉,女,1956,東京都,練馬区,800万円以上 900万円未満,能登牛が当たる,とても満足,10,
金沢エリア,ダイワロイネットホテル金沢MIYABI,2024/04/11 1:52:02,同意する,3泊,3泊,金沢エリア  （湯涌温泉、深谷温泉、犀川温泉など）,石川県外には泊まらない,小学生以下連れの家族,"地元の美味しいものを食べる, 友人・親戚を訪ねる",自家用車,自家用車,,,"5,000円以上 10,000円未満","10,000円以上 20,000円未満","20,000円以上 30,000円未満",初めて,一休,選択なし/該当施設なし,実家の輪島市への帰省,選択なし/該当施設なし,車多酒造、回転寿司屋,使わない,とても満足,深夜のチェックインにも快く丁寧に接客してくださり、また想い出帳にもご対応いただけたため。,とても満足,他とは違う和風のしつらえで、清潔なホテルだったので。大浴場にベビーベッドや、予備のタオルがあり助かりました。,感じなかった,,9,どれも利用していません,また行きたい（1年以内）,寿司、加賀棒茶や能登塩などを使った地域性あふれるお菓子,女,1992,埼玉県,入間市,"1,500万円以上","能登牛が当たる, ひゃくまんさんが好き, なんとなく",とても満足,10,今回は、帰省が目的でしたが、石川県は加賀能登金沢それぞれに文化や誇るべき食があり、何度来ても楽しい場所だと思うため。
金沢エリア,ダイワロイネットホテル金沢MIYABI,2024/04/14 8:01:16,同意する,1泊,1泊,金沢エリア  （湯涌温泉、深谷温泉、犀川温泉など）,石川県外には泊まらない,小学生以下連れの家族,"地元の美味しいものを食べる, 花見や紅葉などの自然鑑賞, 名所、旧跡の観光",自家用車,自家用車,,,"5,000円以上 10,000円未満","3,000円以上 5,000円未満","5,000円以上 10,000円未満",初めて,"インターネット・アプリ, Instagram",ひがし茶屋街,,兼六園,,"1,000円未満",満足,お部屋がきれいでした,満足,,感じなかった,,7,,機会があれば行きたい,ひゃくまんさんのお菓子がもっとあればいいと思います,女,1987,新潟県,新潟市,500万円以上 600万円未満,"能登牛が当たる, ひゃくまんさんが好き, ARでひゃくまんさんと写真が撮りたかった, 動く３Dひゃくまんさんを見たい",どちらでもない,6,
金沢エリア,ダイワロイネットホテル金沢MIYABI,2024/04/15 13:46:44,同意する,2泊,1泊,金沢エリア  （湯涌温泉、深谷温泉、犀川温泉など）,福井県,夫婦2人,"宿でのんびり過ごす, 温泉や露天風呂, 地元の美味しいものを食べる, 花見や紅葉などの自然鑑賞, 名所、旧跡の観光, 各種体験（手作り、果物狩りなど）",新幹線,徒歩,,,"5,000円以上 10,000円未満","3,000円以上 5,000円未満","10,000円以上 20,000円未満",2～5回目,インターネット・アプリ,選択なし/該当施設なし,,兼六園,,"5,000円以上 10,000円未満",満足,,満足,,感じなかった,,9,,また行きたい（1年以内）,特になし,女,1968,埼玉県,さいたま市,"1,000万円以上 1,200万円未満",なんとなく,満足,10,兼六園および金沢城公園のお花見と夜桜が素的です！
金沢エリア,ダイワロイネットホテル金沢MIYABI,2024/04/18 10:53:11,同意する,1泊,2泊,金沢エリア  （湯涌温泉、深谷温泉、犀川温泉など）,富山県,友人,"温泉や露天風呂, 地元の美味しいものを食べる, 名所、旧跡の観光",自家用車,自家用車,とても満足,,"20,000円以上 30,000円未満","10,000円以上 20,000円未満","10,000円以上 20,000円未満",2～5回目,"観光展・物産展, 新聞・雑誌・ガイドブック",選択なし/該当施設なし,,尾山神社,,"20,000円以上 30,000円未満",とても満足,,とても満足,,感じなかった,,9,,また行きたい（1年以内）,特になし,男,1969,福島県,郡山市,600万円以上 700万円未満,"能登牛が当たる, ひゃくまんさんが好き",とても満足,9,
金沢エリア,ダイワロイネットホテル金沢MIYABI,2024/04/18 11:00:46,同意する,4泊以上,2泊,金沢エリア  （湯涌温泉、深谷温泉、犀川温泉など）,富山県,夫婦2人,"温泉や露天風呂, 地元の美味しいものを食べる, テーマパーク（遊園地、動物園、博物館など）, まちあるき、都市散策, 各種体験（手作り、果物狩りなど）",自家用車,自家用車,とても満足,家族ともに満足　食べたものがおいしかった,"10,000円以上 20,000円未満","1,000円未満","10,000円以上 20,000円未満",初めて,"観光パンフレット・ポスター, インターネット・アプリ, 観光協会等の案内所",兼六園,,近江町市場,,"20,000円以上 30,000円未満",とても満足,広かったし、お風呂があった。部屋に洗濯きがついていて洗濯できて良かった,とても満足,同上,感じなかった,朝食会場が狭かった,10,金沢おでんなどもあり楽しかった,また行きたい（1年以内）,魚、豪華さ、歴史的,女,1977,福島県,郡山市,"1,500万円以上","能登牛が当たる, 石川県のおすすめ観光スポットが見たい, 石川県の雑学を知りたい, なんとなく, 石川県が好き、キャンペーンが好き",とても満足,10,街並み、食べ物
金沢エリア,ダイワロイネットホテル金沢MIYABI,2024/04/18 17:48:45,同意する,3泊,3泊,金沢エリア  （湯涌温泉、深谷温泉、犀川温泉など）,石川県外には泊まらない,親,"名所、旧跡の観光, 結婚式","飛行機, 旅行会社ツアーバス",徒歩,,,"5,000円以上 10,000円未満","10,000円以上 20,000円未満","30,000円以上 40,000円未満",初めて,"観光展・物産展, Instagram, 友人・知人",選択なし/該当施設なし,,兼六園,,"10,000円以上 20,000円未満",満足,,満足,,感じなかった,,9,,機会があれば行きたい,伝統芸能,女,2000,北海道,札幌市,800万円以上 900万円未満,なんとなく,満足,8,
金沢エリア,ダイワロイネットホテル金沢MIYABI,2024/04/22 8:30:50,同意する,2泊,2泊,金沢エリア  （湯涌温泉、深谷温泉、犀川温泉など）,石川県外には泊まらない,恋人,"地元の美味しいものを食べる, まちあるき、都市散策",飛行機,路線バス,満足,解りやすい,"20,000円以上 30,000円未満","30,000円以上 40,000円未満","20,000円以上 30,000円未満",初めて,"新聞・雑誌・ガイドブック, TV・ラジオ番組やCM",選択なし/該当施設なし,,尾山神社,,"1,000円以上 3,000円未満",とても満足,,とても満足,,感じなかった,,8,,どちらともいえない,特になし,男,1968,福岡県,久留米市,300万円以上 400万円未満,能登牛が当たる,満足,8,
金沢エリア,ダイワロイネットホテル金沢MIYABI,2024/04/26 22:32:46,同意する,1泊,1泊,金沢エリア  （湯涌温泉、深谷温泉、犀川温泉など）,石川県外には泊まらない,親,"宿でのんびり過ごす, 地元の美味しいものを食べる, 花見や紅葉などの自然鑑賞, 名所、旧跡の観光",新幹線,徒歩,満足,駅から近かったので,"10,000円以上 20,000円未満","20,000円以上 30,000円未満","20,000円以上 30,000円未満",初めて,"新聞・雑誌・ガイドブック, インターネット・アプリ",選択なし/該当施設なし,,尾山神社,,"10,000円以上 20,000円未満",満足,,とても満足,大浴場とルームウェアがありとても良かったのとお部屋も広くて快適でした,感じなかった,,8,,また行きたい（1年以内）,特になし,女,1993,茨城県,つくば市,"1,000万円以上 1,200万円未満","能登牛が当たる, なんとなく",とても満足,10,
金沢エリア,ダイワロイネットホテル金沢MIYABI,2024/04/29 7:53:26,同意する,1泊,1泊,金沢エリア  （湯涌温泉、深谷温泉、犀川温泉など）,福井県,夫婦2人,地元の美味しいものを食べる,自家用車,自家用車,,,"10,000円以上 20,000円未満","5,000円以上 10,000円未満","10,000円以上 20,000円未満",初めて,インターネット・アプリ,ひがし茶屋街,,近江町市場,,"10,000円以上 20,000円未満",とても満足,,満足,,感じなかった,,3,大浴場が良かったです,機会があれば行きたい,特になし,女,1969,愛知県,名古屋市,500万円以上 600万円未満,能登牛が当たる,満足,5,
金沢エリア,ダイワロイネットホテル金沢MIYABI,2024/05/05 10:17:57,同意する,3泊,1泊,金沢エリア  （湯涌温泉、深谷温泉、犀川温泉など）,長野県,職場の同僚,"地元の美味しいものを食べる, 名所、旧跡の観光, まちあるき、都市散策",自家用車,自家用車,,,"10,000円以上 20,000円未満","5,000円以上 10,000円未満","5,000円以上 10,000円未満",初めて,"インターネット・アプリ, Instagram",兼六園,,ひがし茶屋街,,"10,000円以上 20,000円未満",とても満足,,とても満足,設備・バイキング,感じなかった,,10,地産地消美味しかった,機会があれば行きたい,特になし,女,1977,宮城県,仙台市,200万円以上 300万円未満,能登牛が当たる,とても満足,10,食べ物も見るものも素敵
金沢エリア,ダイワロイネットホテル金沢MIYABI,2024/05/26 8:20:02,同意する,1泊,1泊,金沢エリア  （湯涌温泉、深谷温泉、犀川温泉など）,石川県外には泊まらない,中学生以下連れの家族,"宿でのんびり過ごす, 温泉や露天風呂, 名所、旧跡の観光",新幹線,徒歩,,すごく良かった。,"100,000円以上","5,000円以上 10,000円未満","10,000円以上 20,000円未満",初めて,新聞・雑誌・ガイドブック,兼六園,,ひがし茶屋街,,"5,000円以上 10,000円未満",とても満足,,とても満足,,感じた,,10,,また行きたい（1年以内）,すごく金沢は良かったと思います。,男,1989,大阪府,堺市北区,100万円以上 200万円未満,"能登牛が当たる, ひゃくまんさんが好き, 石川県のおすすめ観光スポットが見たい",とても満足,10,
金沢エリア,ダイワロイネットホテル金沢MIYABI,2024/05/26 9:04:10,同意する,1泊,1泊,金沢エリア  （湯涌温泉、深谷温泉、犀川温泉など）,石川県外には泊まらない,親,"宿でのんびり過ごす, 地元の美味しいものを食べる, 名所、旧跡の観光, まちあるき、都市散策",新幹線,徒歩,,,"10,000円以上 20,000円未満","10,000円以上 20,000円未満","10,000円以上 20,000円未満",初めて,新聞・雑誌・ガイドブック,金沢21世紀美術館,,ひがし茶屋街,,"100,000円以上",とても満足,,とても満足,,感じなかった,,10,,機会があれば行きたい,すごく金沢良かったと思います。,男,1989,大阪府,堺市北区,100万円以上 200万円未満,"能登牛が当たる, ひゃくまんさんが好き, 石川県のおすすめ観光スポットが見たい, 石川県の雑学を知りたい",とても満足,10,
金沢エリア,ダイワロイネットホテル金沢MIYABI,2024/06/05 6:55:30,同意する,日帰り,1泊,金沢エリア  （湯涌温泉、深谷温泉、犀川温泉など）,石川県外には泊まらない,職場の同僚,出張など仕事関係,新幹線,タクシー,どちらでもない,普通です,"10,000円以上 20,000円未満","3,000円以上 5,000円未満","30,000円以上 40,000円未満",初めて,インターネット・アプリ,選択なし/該当施設なし,仕事,選択なし/該当施設なし,仕事,使わない,とても満足,朝食が充実,とても満足,部屋も綺麗,感じなかった,,10,,また行きたい（1年以内）,なし,男,1971,東京都,荒川区,"1,500万円以上",能登牛が当たる,とても満足,10,観光名所が多く食事も美味しい
金沢エリア,ホテルインターゲート金沢,2023/12/20 22:56:58,同意する,1泊,1泊,金沢エリア  （湯涌温泉、深谷温泉、犀川温泉など）,石川県外には泊まらない,自分ひとり,名所、旧跡の観光,新幹線,徒歩,,,"30,000円以上 40,000円未満","20,000円以上 30,000円未満","20,000円以上 30,000円未満",初めて,インターネット・アプリ,金沢21世紀美術館,,金沢21世紀美術館,,"5,000円以上 10,000円未満",とても満足,,満足,,感じなかった,,10,,また行きたい（1年以内）,雨で靴と靴下びしょ濡れ。長靴を買える所が欲しい,男,1986,静岡県,袋井市,600万円以上 700万円未満,"能登牛が当たる, なんとなく",,,
金沢エリア,ホテルインターゲート金沢,2023/12/22 7:50:22,同意する,1泊,1泊,金沢エリア  （湯涌温泉、深谷温泉、犀川温泉など）,石川県外には泊まらない,職場の同僚,地元の美味しいものを食べる,在来線,タクシー,満足,goタクシーがあり、ﾖﾍﾞﾊﾞきてもらえた。,"5,000円以上 10,000円未満","10,000円以上 20,000円未満","5,000円以上 10,000円未満",2～5回目,インターネット・アプリ,兼六園,,金沢21世紀美術館,,"10,000円以上 20,000円未満",満足,,満足,,感じなかった,,3,,機会があれば行きたい,雪対策情報,男,1971,兵庫県,神戸市,"1,000万円以上 1,200万円未満",能登牛が当たる,,,
金沢エリア,ホテルインターゲート金沢,2023/12/25 17:38:18,同意する,3泊,2泊,金沢エリア  （湯涌温泉、深谷温泉、犀川温泉など）,富山県,職場の同僚,"地元の美味しいものを食べる, 買い物、アウトレット, 出張など仕事関係",自家用車,自家用車,,,"10,000円以上 20,000円未満","20,000円以上 30,000円未満","30,000円以上 40,000円未満",初めて,インターネット・アプリ,選択なし/該当施設なし,,選択なし/該当施設なし,,"10,000円以上 20,000円未満",満足,,満足,,感じた,冷蔵庫が冷えない,7,,また行きたい（1年以内）,ホテルが安価で綺麗で、海産物、お寿司やおでん、居酒屋も楽しみに来ています。,女,1985,大阪府,大阪市,600万円以上 700万円未満,"能登牛が当たる, ",,,
金沢エリア,ホテルインターゲート金沢,2023/12/25 17:43:27,同意する,2泊,2泊,金沢エリア  （湯涌温泉、深谷温泉、犀川温泉など）,富山県,職場の同僚,"地元の美味しいものを食べる, 名所、旧跡の観光, 買い物、アウトレット, まちあるき、都市散策, 出張など仕事関係",自家用車,"自家用車, 徒歩",,,"20,000円以上 30,000円未満","20,000円以上 30,000円未満","40,000円以上 50,000円未満",初めて,インターネット・アプリ,選択なし/該当施設なし,,近江町市場,自分自身調理師の為　食材などの調達も兼ねて,"20,000円以上 30,000円未満",満足,お迎えするにおもてなしやサービスが充実している,とても満足,予算的にもドリンクサービスなど上手く考えられている,感じなかった,,8,特に無いです,また行きたい（1年以内）,魚が美味いので年5回は来てます！,男,1976,大阪府,大阪市,600万円以上 700万円未満,"能登牛が当たる, なんとなく, ",,,リーズナブルでサービスが良い
金沢エリア,ホテルインターゲート金沢,2023/12/26 20:44:22,同意する,2泊,1泊,金沢エリア  （湯涌温泉、深谷温泉、犀川温泉など）,富山県,恋人,"地元の美味しいものを食べる, 名所、旧跡の観光",自家用車,自家用車,,,"5,000円以上 10,000円未満","10,000円以上 20,000円未満","10,000円以上 20,000円未満",初めて,インターネット・アプリ,尾山神社,,ひがし茶屋街,,"10,000円以上 20,000円未満",満足,,満足,,感じなかった,,7,無料サービスが充実,機会があれば行きたい,このままでいい,男,1973,新潟県,新潟市,600万円以上 700万円未満,能登牛が当たる,,,食事がいい
金沢エリア,ホテルインターゲート金沢,2023/12/28 11:33:20,同意する,1泊,1泊,金沢エリア  （湯涌温泉、深谷温泉、犀川温泉など）,岐阜県,友人,"地元の美味しいものを食べる, 名所、旧跡の観光, 買い物、アウトレット",新幹線,レンタカー,とても満足,雪が綺麗,"10,000円以上 20,000円未満","10,000円以上 20,000円未満","40,000円以上 50,000円未満",初めて,"観光展・物産展, 友人・知人",兼六園,,ひがし茶屋街,,"10,000円以上 20,000円未満",とても満足,,とても満足,,感じなかった,,8,,機会があれば行きたい,アウトドアの体験型parkがあればいい,男,1998,大阪府,東大阪市,400万円以上 500万円未満,能登牛が当たる,,,
金沢エリア,ホテルインターゲート金沢,2023/12/30 16:44:14,同意する,1泊,1泊,金沢エリア  （湯涌温泉、深谷温泉、犀川温泉など）,自宅,夫婦2人,地元の美味しいものを食べる,在来線,在来線,とても満足,本数が多い、迷わない。,"10,000円以上 20,000円未満","10,000円以上 20,000円未満","10,000円以上 20,000円未満",2～5回目,"観光展・物産展, 観光パンフレット・ポスター, インターネット・アプリ",ひがし茶屋街,,兼六園,,"20,000円以上 30,000円未満",とても満足,定宿から、違う所にとまったが、綺麗だった。,とても満足,綺麗だし、コーヒーとか、飲める,感じなかった,,9,,また行きたい（1年以内）,近江市場は、楽しいけど、少し割高になっている。,男,1960,大阪府,東大阪市,600万円以上 700万円未満,なんとなく,,,美味しい物が多く、楽しい。
金沢エリア,ホテルインターゲート金沢,2023/12/30 21:06:53,同意する,3泊,3泊,金沢エリア  （湯涌温泉、深谷温泉、犀川温泉など）,福井県,兄夫婦,"地元の美味しいものを食べる, 名所、旧跡の観光","レンタカー, 飛行機",レンタカー,とても満足,美味しい料理を食べられた,"5,000円以上 10,000円未満","50,000円以上 100,000円未満","5,000円以上 10,000円未満",2～5回目,インターネット・アプリ,兼六園,,兼六園,,"5,000円以上 10,000円未満",とても満足,きれい,とても満足,きれい,感じなかった,,10,,機会があれば行きたい,満足させていただきました,男,1973,千葉県,市原市,500万円以上 600万円未満,能登牛が当たる,,,食べ物が美味しい
金沢エリア,ホテルインターゲート金沢,2024/01/06 10:57:19,同意する,4泊以上,2泊,金沢エリア  （湯涌温泉、深谷温泉、犀川温泉など）,岐阜県,夫婦2人,"温泉や露天風呂, 地元の美味しいものを食べる, 名所、旧跡の観光, アウトドア（海水浴、釣り、登山など）","レンタカー, 飛行機",レンタカー,満足,大きな渋滞がなかった,"30,000円以上 40,000円未満","50,000円以上 100,000円未満","10,000円以上 20,000円未満",2～5回目,インターネット・アプリ,選択なし/該当施設なし,金剱宮,選択なし/該当施設なし,温泉,"3,000円以上 5,000円未満",満足,ラウンジサービスが充実,満足,コストパフォーマンスが良い,感じなかった,特になし,8,ラウンジサービスは他に類がない,また行きたい（1年以内）,今回は地震の影響で能登半島に行けなかったので、次回に訪れたい,男,1962,千葉県,松戸市,"1,000万円以上 1,200万円未満",能登牛が当たる,,,食事が美味しい。観光地、温泉もある。
金沢エリア,ホテルインターゲート金沢,2024/01/08 20:21:47,同意する,1泊,1泊,金沢エリア  （湯涌温泉、深谷温泉、犀川温泉など）,福井県,団体旅行,"宿でのんびり過ごす, 地元の美味しいものを食べる, 名所、旧跡の観光",飛行機,レンタカー,とても満足,,"30,000円以上 40,000円未満","20,000円以上 30,000円未満","10,000円以上 20,000円未満",初めて,"観光展・物産展, ブログ",兼六園,,近江町市場,,"5,000円以上 10,000円未満",とても満足,,とても満足,,感じなかった,,10,,また行きたい（1年以内）,特になし,男,1978,北海道,札幌市,700万円以上 800万円未満,能登牛が当たる,,,観光
金沢エリア,ホテルインターゲート金沢,2024/01/14 0:44:54,同意する,1泊,1泊,金沢エリア  （湯涌温泉、深谷温泉、犀川温泉など）,石川県外には泊まらない,恋人,買い物、アウトレット,県外から訪れていない（石川県内在住）,自家用車,,,"5,000円以上 10,000円未満","1,000円未満","3,000円以上 5,000円未満",2～5回目,観光展・物産展,ひがし茶屋街,,選択なし/該当施設なし,,"10,000円以上 20,000円未満",満足,,満足,,感じなかった,,8,,石川県在住,特になし,男,1997,石川県,金沢市,300万円以上 400万円未満,能登牛が当たる,,,
金沢エリア,ホテルインターゲート金沢,2024/01/14 17:23:33,同意する,2泊,2泊,金沢エリア  （湯涌温泉、深谷温泉、犀川温泉など）,石川県外には泊まらない,夫婦2人,地元の美味しいものを食べる,新幹線,路線バス,とても満足,料金が100円と安かった,"50,000円以上 100,000円未満","3,000円以上 5,000円未満","30,000円以上 40,000円未満",初めて,"インターネット・アプリ, Instagram",兼六園,,近江町市場,,"30,000円以上 40,000円未満",満足,立地が良かった,満足,無料サービスが充実していた,感じなかった,,10,とても魅力的なお土産、食べ物が多く、観光スポットもコンパクトにまとまっていて、観光もし易いと感じました大変満足しました,機会があれば行きたい,特になし,女,1984,福岡県,福岡市,400万円以上 500万円未満,"能登牛が当たる, ひゃくまんさんが好き",,,街並み、駅舎綺麗でした
金沢エリア,ホテルインターゲート金沢,2024/01/25 23:51:29,同意する,4泊以上,4泊以上,金沢エリア  （湯涌温泉、深谷温泉、犀川温泉など）,石川県外には泊まらない,職場の同僚,出張など仕事関係,飛行機,路線バス,どちらでもない,空港からの移動手段が高速バスのみである為、高速バスが満席気味。大勢の中国人との大移動で感染症対策に不安あり,"100,000円以上","50,000円以上 100,000円未満","50,000円以上 100,000円未満",初めて,災害復興支援のため,尾山神社,,兼六園,,"100,000円以上",とても満足,時間帯における無料サービスが行き届いてる。,とても満足,,感じなかった,,8,朝食に変わり映えがないが、その他の無料サービスには、満足している。スパークリングワインの時間帯を21:00までに延長してほしい。,機会があれば行きたい,観光地特有になりますが、町中の飲食費用が他の観光地と比較し割高と感じる。,男,1979,佐賀県,佐賀市,700万円以上 800万円未満,"能登牛が当たる, 石川県のおすすめ観光スポットが見たい, 石川県の雑学を知りたい",,,兼六園
金沢エリア,ホテルインターゲート金沢,2024/02/04 18:00:24,同意する,4泊以上,4泊以上,金沢エリア  （湯涌温泉、深谷温泉、犀川温泉など）,石川県外には泊まらない,自分ひとり,災害派遣,"新幹線, 在来線",徒歩,とても満足,,"30,000円以上 40,000円未満","10,000円以上 20,000円未満","5,000円以上 10,000円未満",初めて,災害派遣のため,選択なし/該当施設なし,災害派遣のため,選択なし/該当施設なし,穴水町,"3,000円以上 5,000円未満",とても満足,部屋もお風呂もとても綺麗,とても満足,疲れた体を休まれました,感じなかった,,10,,また行きたい（1年以内）,特になし,男,1996,静岡県,湖西市,500万円以上 600万円未満,能登牛が当たる,,,旅行でまたきたいと思いました
金沢エリア,ホテルインターゲート金沢,2024/02/05 22:00:25,同意する,4泊以上,4泊以上,金沢エリア  （湯涌温泉、深谷温泉、犀川温泉など）,石川県外には泊まらない,職場の同僚,能登地震災害支援,"新幹線, 在来線",レンタカー,どちらでもない,ホテルに駐車場がなかった。カーナビが狭い路地を指定して行きにくかった。,"40,000円以上 50,000円未満","20,000円以上 30,000円未満","30,000円以上 40,000円未満",初めて,職場の指定。,選択なし/該当施設なし,直接石川県に来ました。お仕事だったので観光は無し。,選択なし/該当施設なし,お仕事が終わった時には観光地は閉まっていて行けなかった。,使わない,とても満足,無料のサービスが沢山あった,とても満足,ホテルがきれいです。大浴場もあり、無料サービスも沢山あったからとても良かったです。,感じなかった,,10,お土産コーナーがなかったことは残念,また行きたい（1年以内）,和菓子が有名ですが、それ以外のお菓子がもっと欲しいです,女,1969,岡山県,岡山市,700万円以上 800万円未満,"能登牛が当たる, 石川県のおすすめ観光スポットが見たい, 石川県の雑学を知りたい",,,無料サービス
金沢エリア,ホテルインターゲート金沢,2024/02/10 22:27:53,同意する,2泊,2泊,金沢エリア  （湯涌温泉、深谷温泉、犀川温泉など）,石川県外には泊まらない,夫婦2人,"地元の美味しいものを食べる, まちあるき、都市散策",飛行機,"タクシー, 在来線",不満,バスを利用しましたがICが利用出来ないのは不便でした。,"20,000円以上 30,000円未満","30,000円以上 40,000円未満","40,000円以上 50,000円未満",初めて,インターネット・アプリ,近江町市場,,ひがし茶屋街,,"20,000円以上 30,000円未満",満足,大浴場があり部屋が綺麗だったこと,満足,大浴場があり部屋が綺麗だったこと,感じなかった,,8,,機会があれば行きたい,美味しい地物の海鮮,男,1985,東京都,清瀬市,"1,000万円以上 1,200万円未満",能登牛が当たる,,,グルメ
金沢エリア,ホテルインターゲート金沢,2024/02/12 21:12:35,同意する,4泊以上,4泊以上,金沢エリア  （湯涌温泉、深谷温泉、犀川温泉など）,石川県外には泊まらない,自分ひとり,出張など仕事関係,新幹線,路線バス,満足,バスの本数が多い所,"50,000円以上 100,000円未満","40,000円以上 50,000円未満","20,000円以上 30,000円未満",初めて,勤務先が手配,兼六園,,尾山神社,,使わない,とても満足,,とても満足,,感じなかった,,10,,機会があれば行きたい,ご飯の料金が高い,女,1981,福島県,福島市,500万円以上 600万円未満,能登牛が当たる,,,
金沢エリア,ホテルインターゲート金沢,2024/02/17 12:45:54,同意する,1泊,1泊,金沢エリア  （湯涌温泉、深谷温泉、犀川温泉など）,石川県外には泊まらない,友人,"地元の美味しいものを食べる, 名所、旧跡の観光",在来線,路線バス,満足,バスの本数が多い,"10,000円以上 20,000円未満","5,000円以上 10,000円未満","20,000円以上 30,000円未満",初めて,"TV・ラジオ番組やCM, インターネット・アプリ, Instagram",選択なし/該当施設なし,,近江町市場,,"10,000円以上 20,000円未満",満足,,満足,,感じなかった,,10,,機会があれば行きたい,能登牛が食べられるお店が増えたら嬉しい,男,1986,大阪府,八尾市,200万円以上 300万円未満,能登牛が当たる,,,ゆっくり観光ができる
金沢エリア,ホテルインターゲート金沢,2024/02/18 9:03:31,同意する,1泊,1泊,金沢エリア  （湯涌温泉、深谷温泉、犀川温泉など）,石川県外には泊まらない,夫婦2人,"宿でのんびり過ごす, 名所、旧跡の観光",自家用車,"自家用車, 在来線",,,"20,000円以上 30,000円未満","5,000円以上 10,000円未満","20,000円以上 30,000円未満",2～5回目,Instagram,兼六園,,金沢21世紀美術館,,"10,000円以上 20,000円未満",満足,,満足,,感じなかった,,9,,また行きたい（1年以内）,魚,男,1972,滋賀県,長浜市,700万円以上 800万円未満,能登牛が当たる,,,
金沢エリア,ホテルインターゲート金沢,2024/02/19 16:11:09,同意する,2泊,2泊,金沢エリア  （湯涌温泉、深谷温泉、犀川温泉など）,石川県外には泊まらない,夫婦2人,"地元の美味しいものを食べる, 友人・親戚を訪ねる",飛行機,"自家用車, 路線バス",満足,のんびり出来て安心だから,"10,000円以上 20,000円未満","3,000円以上 5,000円未満","5,000円以上 10,000円未満",2～5回目,インターネット・アプリ,選択なし/該当施設なし,こまつの杜,ひがし茶屋街,,使わない,とても満足,観光地にも近く食事の出来る所も多くある,とても満足,,感じなかった,,7,,機会があれば行きたい,お魚が美味しかった。,男,1967,福岡県,北九州市,800万円以上 900万円未満,能登牛が当たる,,,
金沢エリア,ホテルインターゲート金沢,2024/02/23 17:22:59,同意する,2泊,2泊,金沢エリア  （湯涌温泉、深谷温泉、犀川温泉など）,石川県外には泊まらない,夫婦2人,"宿でのんびり過ごす, 名所、旧跡の観光",新幹線,路線バス,満足,すぐ来た,"50,000円以上 100,000円未満","30,000円以上 40,000円未満","20,000円以上 30,000円未満",初めて,インターネット・アプリ,近江町市場,,金沢21世紀美術館,,"10,000円以上 20,000円未満",とても満足,サービスが良い,とても満足,チェックインが早かった,感じなかった,,10,海鮮がおおい,機会があれば行きたい,とくに無し,男,1962,千葉県,市川市,300万円以上 400万円未満,"能登牛が当たる, ひゃくまんさんが好き",,,
金沢エリア,ホテルインターゲート金沢,2024/03/09 16:55:30,同意する,2泊,2泊,金沢エリア  （湯涌温泉、深谷温泉、犀川温泉など）,石川県外には泊まらない,夫婦2人,"地元の美味しいものを食べる, 出張など仕事関係",新幹線,路線バス,どちらでもない,,"5,000円以上 10,000円未満","20,000円以上 30,000円未満","10,000円以上 20,000円未満",初めて,インターネット・アプリ,選択なし/該当施設なし,寿司屋,選択なし/該当施設なし,恐竜博物館,使わない,とても満足,,とても満足,,感じなかった,,10,,機会があれば行きたい,特になし,男,1988,栃木県,下都賀郡野木町,"1,000万円以上 1,200万円未満",能登牛が当たる,,,
金沢エリア,ホテルインターゲート金沢,2024/03/10 23:58:05,同意する,1泊,1泊,金沢エリア  （湯涌温泉、深谷温泉、犀川温泉など）,石川県外には泊まらない,夫婦2人,サンダーバードの乗り納め,在来線,"在来線, 路線バス",満足,近江町市場にも片町にも徒歩でアクセスできる点,"5,000円以上 10,000円未満","10,000円以上 20,000円未満","5,000円以上 10,000円未満",初めて,インターネット・アプリ,近江町市場,,金沢21世紀美術館,,"30,000円以上 40,000円未満",とても満足,ラウンジサービスが充実している点,とても満足,大浴場もあり、部屋も綺麗でとても満足している,感じなかった,,10,,また行きたい（1年以内）,特になし,男,1988,大阪府,豊中市,700万円以上 800万円未満,"能登牛が当たる, ひゃくまんさんが好き",,,街全体の小京都な感じがオシャレで、食べ物も美味しい点
金沢エリア,ホテルインターゲート金沢,2024/03/17 11:55:22,同意する,3泊,3泊,金沢エリア  （湯涌温泉、深谷温泉、犀川温泉など）,Tokyo,自分ひとり,"地元の美味しいものを食べる, 名所、旧跡の観光, まちあるき、都市散策",新幹線,徒歩,,,"5,000円以上 10,000円未満","1,000円未満","10,000円以上 20,000円未満",初めて,"観光連盟やDMOのHP, インターネット・アプリ, ブログ",近江町市場,,ひがし茶屋街,,"5,000円以上 10,000円未満",とても満足,,とても満足,,感じなかった,,10,,機会があれば行きたい,Wonderful experience in Kanazawa,男,1985,東京都,港区,"1,200万円以上 1,500万円未満",石川県のおすすめ観光スポットが見たい,,,
金沢エリア,ホテルインターゲート金沢,2024/03/17 18:14:28,同意する,4泊以上,4泊以上,金沢エリア  （湯涌温泉、深谷温泉、犀川温泉など）,石川県外には泊まらない,職場の同僚,"出張など仕事関係, 災害対応",自家用車,自家用車,満足,渋滞が少ない(日時による),"20,000円以上 30,000円未満","5,000円以上 10,000円未満","30,000円以上 40,000円未満",6～10回目,"インターネット・アプリ, Instagram",近江町市場,能登半島,金沢21世紀美術館,,"20,000円以上 30,000円未満",満足,1月のハッピーアワーで呑んだ日本酒があったら、とても満足,満足,アメニティをもっと豊富にしていただいたら、とても満足,感じなかった,,7,プレゼント(土産)が気持ち程度でもあればもっといい,また行きたい（1年以内）,各ホテルのサービスをもっと豊富に,男,1989,三重県,松阪市,700万円以上 800万円未満,能登牛が当たる,,,美術館、能登半島
金沢エリア,ホテルインターゲート金沢,2024/03/20 8:05:25,同意する,2泊,2泊,金沢エリア  （湯涌温泉、深谷温泉、犀川温泉など）,石川県外には泊まらない,自分ひとり,"宿でのんびり過ごす, 温泉や露天風呂, 地元の美味しいものを食べる, まちあるき、都市散策, 友人・親戚を訪ねる",飛行機,"路線バス, レンタサイクル",とても満足,路線バスの本数の多さとレンタサイクルは、行きたい場所へ簡単に移動できるのが魅力,"50,000円以上 100,000円未満","50,000円以上 100,000円未満","30,000円以上 40,000円未満",2～5回目,インターネット・アプリ,近江町市場,,選択なし/該当施設なし,,"40,000円以上 50,000円未満",満足,客室でゆっくりできるのと、朝食も美味しい,満足,宿泊料金にみあった施設、サービスの提供,感じなかった,,10,各時間帯でレストランで提供されているサービスは、非常にいいとおもう。,また行きたい（1年以内）,観光スポットをまだ回りきれていないので、次回以降にする,男,1975,北海道,中川郡幕別町,"1,200万円以上 1,500万円未満","能登牛が当たる, ひゃくまんさんが好き, 石川県のおすすめ観光スポットが見たい",,,金沢をお取れずれたことのない友人知人にはおすすめしたい。新旧が融合したきれいな町並みや、観光スポットもたくさんあり、是非一度は訪れたほうが良いと感じたため。
金沢エリア,ホテルインターゲート金沢,2024/03/24 17:46:23,同意する,2泊,2泊,金沢エリア  （湯涌温泉、深谷温泉、犀川温泉など）,石川県外には泊まらない,小学生以下連れの家族,"地元の美味しいものを食べる, まちあるき、都市散策","新幹線, 在来線","タクシー, 徒歩",とても満足,,"30,000円以上 40,000円未満","40,000円以上 50,000円未満","30,000円以上 40,000円未満",初めて,"インターネット・アプリ, Instagram",近江町市場,,ひがし茶屋街,,"5,000円以上 10,000円未満",とても満足,,とても満足,,感じた,風呂場にタオルを持って行くのが面倒,10,,機会があれば行きたい,特になし,男,1989,岡山県,総社市,"1,000万円以上 1,200万円未満",能登牛が当たる,,,
金沢エリア,ホテルインターゲート金沢,2024/03/27 13:06:34,同意する,2泊,2泊,金沢エリア  （湯涌温泉、深谷温泉、犀川温泉など）,石川県外には泊まらない,自分ひとり,"地元の美味しいものを食べる, 名所、旧跡の観光, 買い物、アウトレット, まちあるき、都市散策",新幹線,路線バス,満足,IC系交通カードを使えばいいと思う,"1,000円以上 3,000円未満","1,000円未満","30,000円以上 40,000円未満",初めて,"観光展・物産展, 新聞・雑誌・ガイドブック, Instagram, ブログ, 友人・知人",尾山神社,,兼六園,,"1,000円未満",とても満足,とても良かった。すごく便利だし、サービスもいいです。,とても満足,,感じなかった,,10,,また行きたい（1年以内）,特になし,女,2000,東京都,新宿区,200万円以上 300万円未満,"能登牛が当たる, 石川県のおすすめ観光スポットが見たい",,,
金沢エリア,ホテルインターゲート金沢,2024/04/08 16:53:25,同意する,1泊,1泊,金沢エリア  （湯涌温泉、深谷温泉、犀川温泉など）,富山県,兄弟,"地元の美味しいものを食べる, 名所、旧跡の観光",自家用車,自家用車,,,"10,000円以上 20,000円未満","1,000円以上 3,000円未満","10,000円以上 20,000円未満",2～5回目,友人・知人,選択なし/該当施設なし,岐阜県合掌村,兼六園,,"5,000円以上 10,000円未満",とても満足,スタッフの質が大変良かった。,とても満足,大浴場があって良かった。,感じなかった,,10,すごくよかった。,また行きたい（1年以内）,魚介類が大変美味しい。,男,1958,愛知県,知多郡南知多町,500万円以上 600万円未満,石川県のおすすめ観光スポットが見たい,とても満足,10,観光に力を入れているのが感じられた。
金沢エリア,ホテルインターゲート金沢,2024/04/10 18:09:05,同意する,2泊,2泊,金沢エリア  （湯涌温泉、深谷温泉、犀川温泉など）,石川県外には泊まらない,自分ひとり,"地元の美味しいものを食べる, 花見や紅葉などの自然鑑賞, 名所、旧跡の観光, まちあるき、都市散策, ドライブ・ツーリング",自家用車,自家用車,,,"10,000円以上 20,000円未満","1,000円未満","10,000円以上 20,000円未満",初めて,インターネット・アプリ,近江町市場,,兼六園,,使わない,どちらでもない,,どちらでもない,,感じなかった,,8,,また行きたい（1年以内）,特になし,女,1970,長野県,長野市,400万円以上 500万円未満,能登牛が当たる,満足,8,
金沢エリア,ホテルインターゲート金沢,2024/04/15 23:06:47,同意する,1泊,1泊,金沢エリア  （湯涌温泉、深谷温泉、犀川温泉など）,石川県外には泊まらない,恋人,地元の美味しいものを食べる,自家用車,自家用車,,,"30,000円以上 40,000円未満","10,000円以上 20,000円未満","20,000円以上 30,000円未満",初めて,"友人・知人, 観光協会等の案内所",ひがし茶屋街,,兼六園,,"20,000円以上 30,000円未満",とても満足,,とても満足,,感じなかった,,10,,また行きたい（1年以内）,魚美味しいね,男,1991,兵庫県,尼崎市,600万円以上 700万円未満,なんとなく,とても満足,10,
金沢エリア,ホテルインターゲート金沢,2024/04/17 19:15:31,同意する,1泊,1泊,金沢エリア  （湯涌温泉、深谷温泉、犀川温泉など）,石川県外には泊まらない,友人,"温泉や露天風呂, 地元の美味しいものを食べる",新幹線,タクシー,どちらでもない,タクシーさんが愛想が、ない,"10,000円以上 20,000円未満","20,000円以上 30,000円未満","30,000円以上 40,000円未満",初めて,インターネット・アプリ,近江町市場,,近江町市場,,"10,000円以上 20,000円未満",満足,,満足,,感じなかった,,7,,機会があれば行きたい,食べ物,女,1969,新潟県,新潟市,"900万円以上 1,000万円未満",能登牛が当たる,満足,8,
金沢エリア,ホテルインターゲート金沢,2024/04/18 8:30:51,同意する,1泊,1泊,金沢エリア  （湯涌温泉、深谷温泉、犀川温泉など）,石川県外には泊まらない,友人,地元の美味しいものを食べる,"新幹線, 在来線",タクシー,満足,食べ物とタクシーの方親切でした,"30,000円以上 40,000円未満","5,000円以上 10,000円未満","20,000円以上 30,000円未満",2～5回目,TV・ラジオ番組やCM,近江町市場,,金沢21世紀美術館,,"30,000円以上 40,000円未満",どちらでもない,,どちらでもない,,感じなかった,,6,,機会があれば行きたい,特になし,女,1960,新潟県,新発田市,"900万円以上 1,000万円未満",能登牛が当たる,満足,6,
金沢エリア,ホテルインターゲート金沢,2024/04/18 8:36:17,同意する,1泊,石川県内には宿泊しない,金沢エリア  （湯涌温泉、深谷温泉、犀川温泉など）,石川県外には泊まらない,友人,地元の美味しいものを食べる,新幹線,"在来線, ",とても満足,Keihigayasukudekita,"30,000円以上 40,000円未満","20,000円以上 30,000円未満","10,000円以上 20,000円未満",初めて,友人・知人,兼六園,,選択なし/該当施設なし,,"50,000円以上 100,000円未満",とても満足,,とても満足,Taberumonohofu,感じなかった,Hubennashi,4,Nanvoku,また行きたい（1年以内）,Imawanashi,女,1951,新潟県,新潟市,100万円以上 200万円未満,能登牛が当たる,とても不満,6,Ekinokenchi
金沢エリア,ホテルインターゲート金沢,2024/04/19 17:49:21,同意する,1泊,1泊,金沢エリア  （湯涌温泉、深谷温泉、犀川温泉など）,石川県外には泊まらない,夫婦2人,地元の美味しいものを食べる,自家用車,自家用車,,,"20,000円以上 30,000円未満","10,000円以上 20,000円未満","10,000円以上 20,000円未満",初めて,TV・ラジオ番組やCM,選択なし/該当施設なし,,兼六園,,"10,000円以上 20,000円未満",とても満足,対応が丁寧,とても満足,清潔感がありセキュリティがよい,感じなかった,,7,充実していて満足,機会があれば行きたい,特になし,男,1995,新潟県,新潟市,600万円以上 700万円未満,能登牛が当たる,満足,7,街並みが賑やか
金沢エリア,ホテルインターゲート金沢,2024/04/20 0:45:56,同意する,2泊,1泊,金沢エリア  （湯涌温泉、深谷温泉、犀川温泉など）,新潟県,夫婦2人,"名所、旧跡の観光, 買い物、アウトレット, まちあるき、都市散策",自家用車,自家用車,,,"5,000円以上 10,000円未満","5,000円以上 10,000円未満","5,000円以上 10,000円未満",初めて,"インターネット・アプリ, X(旧：Twitter)",兼六園,,近江町市場,,"1,000円以上 3,000円未満",どちらでもない,,満足,,感じなかった,,2,,機会があれば行きたい,特になし,男,1964,福井県,福井市,"1,000万円以上 1,200万円未満",能登牛が当たる,満足,7,
金沢エリア,ホテルインターゲート金沢,2024/04/21 6:31:53,同意する,1泊,1泊,金沢エリア  （湯涌温泉、深谷温泉、犀川温泉など）,石川県外には泊まらない,親,"宿でのんびり過ごす, 地元の美味しいものを食べる",自家用車,自家用車,,,"20,000円以上 30,000円未満","10,000円以上 20,000円未満","10,000円以上 20,000円未満",2～5回目,"新聞・雑誌・ガイドブック, インターネット・アプリ, X(旧：Twitter)",兼六園,,尾山神社,,"10,000円以上 20,000円未満",とても満足,おもてなしが最高,とても満足,綺麗で清潔感がある,感じなかった,,10,,機会があれば行きたい,特になし,女,1986,静岡県,浜松市,500万円以上 600万円未満,能登牛が当たる,満足,10,魚介類がおいしい
金沢エリア,ホテルインターゲート金沢,2024/04/21 8:52:24,同意する,1泊,1泊,金沢エリア  （湯涌温泉、深谷温泉、犀川温泉など）,石川県外には泊まらない,友人,宿でのんびり過ごす,新幹線,タクシー,どちらでもない,タクシーさんが愛想がない,"10,000円以上 20,000円未満","20,000円以上 30,000円未満","30,000円以上 40,000円未満",2～5回目,インターネット・アプリ,兼六園,,ひがし茶屋街,,"10,000円以上 20,000円未満",どちらでもない,ラウンジが口コミよりたいしたことがない,満足,お風呂は広くて気持ち良い,感じなかった,,5,飲食はコーヒーが、凄く美味しい,機会があれば行きたい,この度は震災後でホテルに宿泊しました、次は、旅館に泊まりたいです,女,1969,新潟県,新潟市,700万円以上 800万円未満,能登牛が当たる,満足,8,駅ナカが、凄く良かった
金沢エリア,ホテルインターゲート金沢,2024/04/30 17:48:36,同意する,2泊,2泊,金沢エリア  （湯涌温泉、深谷温泉、犀川温泉など）,石川県外には泊まらない,親,"宿でのんびり過ごす, 温泉や露天風呂, 地元の美味しいものを食べる, 名所、旧跡の観光, 買い物、アウトレット",新幹線,路線バス,とても満足,バス往来が多くすぐ乗れた,"30,000円以上 40,000円未満","40,000円以上 50,000円未満","20,000円以上 30,000円未満",初めて,"観光パンフレット・ポスター, X(旧：Twitter)",近江町市場,,兼六園,,"30,000円以上 40,000円未満",とても満足,綺麗でアメニティラインナップがよい,とても満足,ハッピーアワーがある,感じなかった,チェックインで予約が取れてないと言われた,8,,また行きたい（1年以内）,市場が良い,男,1985,神奈川県,座間市,500万円以上 600万円未満,能登牛が当たる,とても満足,9,街並みが良い
金沢エリア,ホテルインターゲート金沢,2024/05/01 9:13:53,同意する,3泊,2泊,金沢エリア  （湯涌温泉、深谷温泉、犀川温泉など）,富山県,夫婦2人,"温泉や露天風呂, 地元の美味しいものを食べる, 名所、旧跡の観光, まちあるき、都市散策",新幹線,路線バス,どちらでもない,交通系icカードが使えなかった,"20,000円以上 30,000円未満","3,000円以上 5,000円未満","20,000円以上 30,000円未満",2～5回目,インターネット・アプリ,金沢21世紀美術館,,兼六園,,"20,000円以上 30,000円未満",満足,サービスが充実している,満足,,感じなかった,,9,,機会があれば行きたい,食べ物,その他,1968,長野県,長野市,700万円以上 800万円未満,ひゃくまんさんが好き,満足,9,
金沢エリア,ホテルインターゲート金沢,2024/05/04 17:21:48,同意する,1泊,1泊,金沢エリア  （湯涌温泉、深谷温泉、犀川温泉など）,石川県外には泊まらない,親,"地元の美味しいものを食べる, まちあるき、都市散策",新幹線,徒歩,満足,歩きやすい,"10,000円以上 20,000円未満","5,000円以上 10,000円未満","10,000円以上 20,000円未満",2～5回目,"インターネット・アプリ, Instagram",兼六園,,ひがし茶屋街,,"10,000円以上 20,000円未満",満足,きれい,満足,きれい,感じなかった,,7,,機会があれば行きたい,魚,女,1993,千葉県,松戸市,"900万円以上 1,000万円未満",なんとなく,満足,8,
金沢エリア,ホテルインターゲート金沢,2024/05/05 18:02:32,同意する,1泊,1泊,金沢エリア  （湯涌温泉、深谷温泉、犀川温泉など）,石川県外には泊まらない,親,"地元の美味しいものを食べる, 名所、旧跡の観光",自家用車,"自家用車, 徒歩",,,"10,000円以上 20,000円未満","10,000円以上 20,000円未満","10,000円以上 20,000円未満",初めて,"インターネット・アプリ, Instagram",兼六園,,近江町市場,,"10,000円以上 20,000円未満",満足,一般的なホテルだと思う,満足,一般的なホテルだと思う,感じなかった,,7,,また行きたい（1年以内）,海鮮丼,男,2002,三重県,いなべ市,400万円以上 500万円未満,能登牛が当たる,満足,10,素敵な街並みと美味しい食べ物
金沢エリア,ホテルインターゲート金沢,2024/05/07 20:46:11,同意する,1泊,1泊,金沢エリア  （湯涌温泉、深谷温泉、犀川温泉など）,富山県,夫婦2人,まちあるき、都市散策,自家用車,自家用車,,,"10,000円以上 20,000円未満","1,000円以上 3,000円未満","10,000円以上 20,000円未満",11回目以上,"TV・ラジオ番組やCM, インターネット・アプリ",近江町市場,,ひがし茶屋街,,"10,000円以上 20,000円未満",とても満足,,とても満足,,感じなかった,,10,,また行きたい（1年以内）,特に無し,男,1964,富山県,砺波市,"900万円以上 1,000万円未満",能登牛が当たる,とても満足,10,
金沢エリア,ホテルインターゲート金沢,2024/05/19 15:40:51,同意する,1泊,1泊,金沢エリア  （湯涌温泉、深谷温泉、犀川温泉など）,石川県外には泊まらない,夫婦2人,まちあるき、都市散策,新幹線,徒歩,,,"10,000円以上 20,000円未満","20,000円以上 30,000円未満","10,000円以上 20,000円未満",初めて,インターネット・アプリ,兼六園,,金沢21世紀美術館,,"10,000円以上 20,000円未満",満足,,満足,,感じなかった,,8,,機会があれば行きたい,特になし,男,1973,愛知県,安城市,800万円以上 900万円未満,石川県のおすすめ観光スポットが見たい,満足,8,
金沢エリア,ホテルインターゲート金沢,2024/05/27 9:27:10,同意する,1泊,1泊,金沢エリア  （湯涌温泉、深谷温泉、犀川温泉など）,石川県外には泊まらない,夫婦2人,"地元の美味しいものを食べる, 名所、旧跡の観光, まちあるき、都市散策, 各種体験（手作り、果物狩りなど）","新幹線, 在来線","路線バス, 徒歩",満足,金沢駅から徒歩圏内ギリギリか。,"5,000円以上 10,000円未満","10,000円以上 20,000円未満","10,000円以上 20,000円未満",初めて,インターネット・アプリ,兼六園,,近江町市場,,使わない,満足,カーテンあったのか・・という感じです。少しわかりづらいかも,満足,,感じなかった,,7,,また行きたい（1年以内）,特になし,男,1996,大阪府,大阪市都島区,400万円以上 500万円未満,なんとなく,とても満足,10,総合的な街の雰囲気
金沢エリア,ホテルインターゲート金沢,2024/06/03 8:19:01,同意する,1泊,1泊,金沢エリア  （湯涌温泉、深谷温泉、犀川温泉など）,石川県外には泊まらない,夫婦2人,地元の美味しいものを食べる,自家用車,自家用車,,,"10,000円以上 20,000円未満","1,000円以上 3,000円未満","20,000円以上 30,000円未満",初めて,インターネット・アプリ,ひがし茶屋街,,選択なし/該当施設なし,,"1,000円未満",満足,,満足,,感じなかった,,10,,機会があれば行きたい,特にありません,女,1971,愛知県,津島市,300万円以上 400万円未満,能登牛が当たる,満足,10,
金沢エリア,ホテルインターゲート金沢,2024/06/16 10:19:27,同意する,1泊,1泊,金沢エリア  （湯涌温泉、深谷温泉、犀川温泉など）,石川県外には泊まらない,22歳の娘,"地元の美味しいものを食べる, お祭りやイベントへの参加・見物, まちあるき、都市散策, 各種体験（手作り、果物狩りなど）",新幹線,タクシー,満足,そんなに駅から遠くない,"10,000円以上 20,000円未満","5,000円以上 10,000円未満","20,000円以上 30,000円未満",初めて,インターネット・アプリ,選択なし/該当施設なし,石川産業展示館,金沢21世紀美術館,,"20,000円以上 30,000円未満",とても満足,朝ごはんがとても美味しかった,とても満足,部屋も綺麗,感じなかった,,10,ビュッフェも種類多くて大満足,機会があれば行きたい,車麩大好き。金沢おでんも朝食べたかった,女,1977,埼玉県,久喜市,300万円以上 400万円未満,能登牛が当たる,とても満足,10,金沢は美味しいものばかり
金沢エリア,ホテルインターゲート金沢,2024/06/17 21:01:07,同意する,2泊,1泊,金沢エリア  （湯涌温泉、深谷温泉、犀川温泉など）,富山県,夫婦2人,まちあるき、都市散策,自家用車,自家用車,,,"10,000円以上 20,000円未満","3,000円以上 5,000円未満","10,000円以上 20,000円未満",初めて,インターネット・アプリ,選択なし/該当施設なし,金沢駅,近江町市場,,"20,000円以上 30,000円未満",とても満足,無料サービスが凄い,とても満足,ウェルカムサービス,感じなかった,駐車場無し,10,ウェルカムサービス最高,機会があれば行きたい,意外と飲食が高い,男,1963,大阪府,堺市,600万円以上 700万円未満,石川県のおすすめ観光スポットが見たい,どちらでもない,8,街が全体的に洗練されている
金沢エリア,ホテルマイステイズプレミア金沢,2023/12/20 15:51:37,同意する,1泊,1泊,能登エリア （和倉温泉、七尾市、輪島市、珠洲市など）,石川県外には泊まらない,親,温泉や露天風呂,新幹線,自家用車,,,"10,000円以上 20,000円未満","10,000円以上 20,000円未満","20,000円以上 30,000円未満",6～10回目,"新聞・雑誌・ガイドブック, TV・ラジオ番組やCM",選択なし/該当施設なし,金沢港,近江町市場,,"20,000円以上 30,000円未満",とても満足,温泉が気持ちよく、スタッフの方も対応が丁寧でした,とても満足,前項目の理由に加えて、食事もブッフェで美味しいものがたくさんあったため,感じなかった,,8,もう少し席数があるといいかなと思いました,また行きたい（1年以内）,海鮮やお寿司が美味しい,男,1990,千葉県,柏市,500万円以上 600万円未満,能登牛が当たる,,,石川県の食事が美味しいものがたくさんあり温泉施設もたくさんあるため
金沢エリア,ホテルマイステイズプレミア金沢,2023/12/25 9:43:52,同意する,1泊,1泊,金沢エリア  （湯涌温泉、深谷温泉、犀川温泉など）,石川県外には泊まらない,親,宿でのんびり過ごす,自家用車,自家用車,,,"3,000円以上 5,000円未満","1,000円以上 3,000円未満","3,000円以上 5,000円未満",初めて,インターネット・アプリ,金沢21世紀美術館,,ひがし茶屋街,,"3,000円以上 5,000円未満",満足,,満足,,感じなかった,,7,,また行きたい（1年以内）,海鮮を食べる。,男,2002,石川県,金沢市,100万円未満,能登牛が当たる,,,
金沢エリア,ホテルマイステイズプレミア金沢,2023/12/25 9:47:47,同意する,2泊,2泊,金沢エリア  （湯涌温泉、深谷温泉、犀川温泉など）,石川県外には泊まらない,中学生以下連れの家族,息子の定期演奏会,自家用車,自家用車,,,"3,000円以上 5,000円未満","10,000円以上 20,000円未満","40,000円以上 50,000円未満",2～5回目,"インターネット・アプリ, Instagram",兼六園,,近江町市場,,"10,000円以上 20,000円未満",満足,質問に対する対応が優しく丁寧。,満足,室内のテーブル上に埃あり。,感じなかった,,10,,また行きたい（1年以内）,おでん,男,1967,茨城県,古河市,700万円以上 800万円未満,能登牛が当たる,,,駅に近いこと。スタッフの対応が丁寧なこと。
金沢エリア,ホテルマイステイズプレミア金沢,2023/12/25 9:55:47,同意する,4泊以上,3泊,金沢エリア  （湯涌温泉、深谷温泉、犀川温泉など）,岐阜県,中学生以下連れの家族,"お祭りやイベントへの参加・見物, 息子に会う",自家用車,自家用車,,,"20,000円以上 30,000円未満","10,000円以上 20,000円未満","10,000円以上 20,000円未満",2～5回目,インターネット・アプリ,金沢21世紀美術館,,ひがし茶屋街,,"10,000円以上 20,000円未満",満足,ケーキ用のナイフをお借りした際、とても丁寧に対応して頂きました,満足,,感じた,四人利用なので、お風呂利用中のトイレが困りました,7,,機会があれば行きたい,魚介です！,女,1971,茨城県,古河市,500万円以上 600万円未満,能登牛が当たる,,,リファのシャワーとドライヤー良かったです✨
金沢エリア,ホテルマイステイズプレミア金沢,2024/01/01 21:40:11,同意する,2泊,2泊,能登エリア （和倉温泉、七尾市、輪島市、珠洲市など）,石川県外には泊まらない,中学生以下連れの家族,帰省,飛行機,レンタカー,満足,使いやすかった,"10,000円以上 20,000円未満","20,000円以上 30,000円未満","10,000円以上 20,000円未満",初めて,友人・知人,ひがし茶屋街,,兼六園,,"10,000円以上 20,000円未満",どちらでもない,普通,どちらでもない,　可もなく不可もなく,感じなかった,,5,,機会があれば行きたい,美味しい食事,女,1970,東京都,世田谷区,"1,000万円以上 1,200万円未満",能登牛が当たる,,,地震に遭遇したのでそれどころではなかった
金沢エリア,ホテルマイステイズプレミア金沢,2024/01/10 6:54:14,同意する,4泊以上,4泊以上,金沢エリア  （湯涌温泉、深谷温泉、犀川温泉など）,石川県外には泊まらない,自分ひとり,出張など仕事関係,自家用車,自家用車,,,"1,000円以上 3,000円未満",使わない,"1,000円以上 3,000円未満",2～5回目,観光パンフレット・ポスター,尾山神社,,近江町市場,,"1,000円以上 3,000円未満",満足,,満足,部屋が広い,感じなかった,,5,,機会があれば行きたい,特になし,男,1970,石川県,七尾市,"1,000万円以上 1,200万円未満",能登牛が当たる,,,
金沢エリア,ホテルマイステイズプレミア金沢,2024/01/29 22:54:28,同意する,1泊,1泊,金沢エリア  （湯涌温泉、深谷温泉、犀川温泉など）,石川県外には泊まらない,妹2人,"地元の美味しいものを食べる, 名所、旧跡の観光, 買い物、アウトレット, まちあるき、都市散策, 友人・親戚を訪ねる",新幹線,徒歩,,,"5,000円以上 10,000円未満","1,000円未満","20,000円以上 30,000円未満",11回目以上,"新聞・雑誌・ガイドブック, TV・ラジオ番組やCM, 観光パンフレット・ポスター, インターネット・アプリ, 友人・知人, 観光協会等の案内所",兼六園,,金沢21世紀美術館,,"1,000円以上 3,000円未満",満足,,とても満足,,感じなかった,,8,,また行きたい（1年以内）,観光客向けの値段設定になっているお寿司とかがあり、がっかりする時がある,女,1962,千葉県,市川市,300万円以上 400万円未満,"能登牛が当たる, 石川県のおすすめ観光スポットが見たい",,,
金沢エリア,ホテルマイステイズプレミア金沢,2024/02/10 19:21:59,同意する,2泊,2泊,金沢エリア  （湯涌温泉、深谷温泉、犀川温泉など）,石川県外には泊まらない,恋人,"スキー・スノボ・マリンスポーツ, 友人・親戚を訪ねる","新幹線, 在来線",自家用車,,,"10,000円以上 20,000円未満","1,000円以上 3,000円未満","20,000円以上 30,000円未満",初めて,インターネット・アプリ,選択なし/該当施設なし,明日のスノボに向けて、スポーツデポにて買い物をした,選択なし/該当施設なし,イオックサローザ,"1,000円未満",とても満足,ドライヤーや充電ケーブルなどのアメニティが充実している、ヘアアイロンの貸出があるから,とても満足,広い部屋に対して安い価格で泊まれたから。,感じなかった,特になし,8,チェックアウトが11時である点は、朝の弱い人々からしてありがたいと思った。,また行きたい（1年以内）,なまものを気軽にお土産として持って帰れたらよい。,女,2003,山梨県,都留市,100万円以上 200万円未満,"能登牛が当たる, ひゃくまんさんが好き, ARでひゃくまんさんと写真が撮りたかった, 動く３Dひゃくまんさんを見たい",,,雨が降ってても楽しめた点、人の良さ
金沢エリア,ホテルマイステイズプレミア金沢,2024/02/11 7:58:27,同意する,1泊,1泊,金沢エリア  （湯涌温泉、深谷温泉、犀川温泉など）,石川県外には泊まらない,親,地元の美味しいものを食べる,新幹線,徒歩,,,"10,000円以上 20,000円未満","20,000円以上 30,000円未満","10,000円以上 20,000円未満",11回目以上,"観光展・物産展, 新聞・雑誌・ガイドブック",ひがし茶屋街,,金沢21世紀美術館,,"10,000円以上 20,000円未満",とても満足,部屋が広かった,とても満足,貸出品やアメニティが充実していた,感じなかった,,10,,また行きたい（1年以内）,海鮮が美味しい,女,2000,東京都,江東区,200万円以上 300万円未満,"能登牛が当たる, ひゃくまんさんが好き",,,
金沢エリア,ホテルマイステイズプレミア金沢,2024/02/11 20:32:23,同意する,2泊,1泊,金沢エリア  （湯涌温泉、深谷温泉、犀川温泉など）,福井県,友人,"温泉や露天風呂, 地元の美味しいものを食べる, 名所、旧跡の観光, まちあるき、都市散策","新幹線, 在来線",徒歩,,,"10,000円以上 20,000円未満","20,000円以上 30,000円未満","10,000円以上 20,000円未満",初めて,インターネット・アプリ,ひがし茶屋街,,選択なし/該当施設なし,,"10,000円以上 20,000円未満",満足,フロントスタッフの接客が良かった。入浴剤がもらえた。,満足,駅から近い。部屋が広かった。,感じなかった,,8,,機会があれば行きたい,ショッピングモールが駅にあるが、もう少し店が多く入っているといいと思います。,女,1996,石川県,金沢市,400万円以上 500万円未満,能登牛が当たる,,,近江町市場。駅から行きやすく、食べ歩きできるところや飲食店が多くあるため。
金沢エリア,ホテルマイステイズプレミア金沢,2024/02/14 7:27:07,同意する,4泊以上,4泊以上,金沢エリア  （湯涌温泉、深谷温泉、犀川温泉など）,石川県外には泊まらない,職場の同僚,出張など仕事関係,新幹線,徒歩,,,"50,000円以上 100,000円未満","10,000円以上 20,000円未満","20,000円以上 30,000円未満",2～5回目,"新聞・雑誌・ガイドブック, 観光パンフレット・ポスター, インターネット・アプリ",ひがし茶屋街,,近江町市場,,"50,000円以上 100,000円未満",満足,テレビがないのが不満ぐらい,満足,テレビがないのが不満ぐらい,感じなかった,,9,,また行きたい（1年以内）,めしがうまい,男,1975,千葉県,大網白里市,"1,000万円以上 1,200万円未満",能登牛が当たる,,,料理が旨い
金沢エリア,ホテルマイステイズプレミア金沢,2024/03/03 16:00:38,同意する,2泊,2泊,金沢エリア  （湯涌温泉、深谷温泉、犀川温泉など）,石川県外には泊まらない,中学生以下連れの家族,"地元の美味しいものを食べる, まちあるき、都市散策","新幹線, 在来線",徒歩,,,"50,000円以上 100,000円未満","5,000円以上 10,000円未満","10,000円以上 20,000円未満",初めて,インターネット・アプリ,選択なし/該当施設なし,,近江町市場,,"10,000円以上 20,000円未満",満足,,とても満足,,感じなかった,,10,設備に満足しています,機会があれば行きたい,海鮮丼は多いがカニ鍋やカニしゃぶしゃぶ　手軽に食べられる能登牛が食べられるお店が少なかった,女,1965,福岡県,福岡市,"1,500万円以上",能登牛が当たる,,,駅近で観光に最適
金沢エリア,ホテルマイステイズプレミア金沢,2024/03/03 23:46:46,同意する,4泊以上,4泊以上,金沢エリア  （湯涌温泉、深谷温泉、犀川温泉など）,石川県外には泊まらない,自分ひとり,宿でのんびり過ごす,飛行機,路線バス,満足,空港からのバスがやや時間がかかる,"50,000円以上 100,000円未満","50,000円以上 100,000円未満","40,000円以上 50,000円未満",6～10回目,"X(旧：Twitter), タクシードライバーや地元の人",尾山神社,,ひがし茶屋街,,"1,000円以上 3,000円未満",とても満足,入浴剤がついてた,とても満足,部屋が広くて快適,感じなかった,,10,,また行きたい（1年以内）,復興した能登に行きたいです。,男,1986,福岡県,福岡市,"1,000万円以上 1,200万円未満","能登牛が当たる, ひゃくまんさんが好き",,,風情のある街並みに感動しました
金沢エリア,ホテルマイステイズプレミア金沢,2024/03/04 19:50:09,同意する,3泊,3泊,金沢エリア  （湯涌温泉、深谷温泉、犀川温泉など）,石川県外には泊まらない,友人,宿でのんびり過ごす,新幹線,"在来線, 徒歩",とても満足,,"10,000円以上 20,000円未満","10,000円以上 20,000円未満","5,000円以上 10,000円未満",初めて,友人・知人,兼六園,,金沢21世紀美術館,,"5,000円以上 10,000円未満",とても満足,,とても満足,,感じなかった,,10,,また行きたい（1年以内）,特になし！ご飯おいしかった！,男,2005,神奈川県,横浜市,"900万円以上 1,000万円未満","能登牛が当たる, 石川県のおすすめ観光スポットが見たい, 石川県の雑学を知りたい, なんとなく",,,
金沢エリア,ホテルマイステイズプレミア金沢,2024/03/05 13:53:05,同意する,1泊,1泊,金沢エリア  （湯涌温泉、深谷温泉、犀川温泉など）,石川県外には泊まらない,家族4人,"温泉や露天風呂, 地元の美味しいものを食べる",飛行機,レンタカー,満足,駐車料金が少し高額と感じました,"3,000円以上 5,000円未満","30,000円以上 40,000円未満","10,000円以上 20,000円未満",2～5回目,"新聞・雑誌・ガイドブック, TV・ラジオ番組やCM, 観光パンフレット・ポスター, 観光連盟やDMOのHP, インターネット・アプリ",選択なし/該当施設なし,,近江町市場,,"3,000円以上 5,000円未満",満足,部屋が広く快適でした,満足,駅に近く、便利でした,感じなかった,,7,,機会があれば行きたい,特に無し,女,1967,東京都,世田谷区,"1,000万円以上 1,200万円未満","能登牛が当たる, 動く３Dひゃくまんさんを見たい",,,食事、温泉を楽しめて、くつろげるため
金沢エリア,ホテルマイステイズプレミア金沢,2024/03/05 13:53:35,同意する,1泊,1泊,金沢エリア  （湯涌温泉、深谷温泉、犀川温泉など）,石川県外には泊まらない,親,"温泉や露天風呂, 地元の美味しいものを食べる, 買い物、アウトレット",飛行機,レンタカー,とても満足,料金が安かった。,"3,000円以上 5,000円未満","10,000円以上 20,000円未満","5,000円以上 10,000円未満",2～5回目,"新聞・雑誌・ガイドブック, インターネット・アプリ",近江町市場,,兼六園,,"3,000円以上 5,000円未満",とても満足,ドライヤーやシャワーヘッドにこだわりを感じた。,とても満足,部屋が清潔で、駅から近かった。,感じなかった,,10,コーヒーや紅茶のティーバッグが揃っていて、好きなものを選べて良かった。,機会があれば行きたい,お土産にお菓子のビーバーを購入したが、全種類の味が揃っている店が少なかったため複数の店を訪れる必要があり、少し不便だった。,女,2003,東京都,世田谷区,500万円以上 600万円未満,"能登牛が当たる, 動く３Dひゃくまんさんを見たい",,,寿司と海鮮丼が非常に美味しかったため、海鮮を勧めたい。
金沢エリア,ホテルマイステイズプレミア金沢,2024/03/10 9:31:55,同意する,2泊,1泊,金沢エリア  （湯涌温泉、深谷温泉、犀川温泉など）,福井県,親,友人・親戚を訪ねる,"レンタカー, 新幹線",レンタカー,満足,駅から近かったから,"20,000円以上 30,000円未満","10,000円以上 20,000円未満","10,000円以上 20,000円未満",6～10回目,友人・知人,兼六園,,選択なし/該当施設なし,福井県,"10,000円以上 20,000円未満",とても満足,部屋が綺麗だったから,とても満足,部屋が綺麗だったから,感じなかった,,9,部屋が綺麗,また行きたい（1年以内）,海鮮,男,2001,千葉県,千葉市,200万円以上 300万円未満,能登牛が当たる,,,石川県には美味しいものが多いから
金沢エリア,ホテルマイステイズプレミア金沢,2024/03/20 14:03:05,同意する,3泊,3泊,金沢エリア  （湯涌温泉、深谷温泉、犀川温泉など）,石川県外には泊まらない,小学生以下連れの家族,"宿でのんびり過ごす, まちあるき、都市散策, 出張など仕事関係",新幹線,徒歩,,,"40,000円以上 50,000円未満","30,000円以上 40,000円未満","20,000円以上 30,000円未満",初めて,インターネット・アプリ,金沢21世紀美術館,,ひがし茶屋街,,使わない,とても満足,サービス、御飯,満足,部屋の広さが少しだけ子連れには狭かった,感じなかった,,8,,機会があれば行きたい,落ち着いて子供も遊べる観光の場所,男,1981,神奈川県,横浜市,"900万円以上 1,000万円未満","能登牛が当たる, なんとなく",,,和のおもてなし、落ち着いた雰囲気
金沢エリア,ホテルマイステイズプレミア金沢,2024/03/23 11:28:20,同意する,1泊,1泊,金沢エリア  （湯涌温泉、深谷温泉、犀川温泉など）,石川県外には泊まらない,親,"地元の美味しいものを食べる, 名所、旧跡の観光",新幹線,徒歩,,,"30,000円以上 40,000円未満","1,000円以上 3,000円未満","20,000円以上 30,000円未満",初めて,インターネット・アプリ,近江町市場,,兼六園,,"1,000円以上 3,000円未満",とても満足,朝食ブッフェが豪華でした。スタッフの方も優しく、満喫できました！,とても満足,丁寧な対応と清潔な環境で大満足です！,感じなかった,,9,朝食ブッフェも豪華で、2階のおでん屋さんも気になりました！,機会があれば行きたい,夜遅くまで開いている観光地があると嬉しいです！,女,1999,埼玉県,越谷市,"1,000万円以上 1,200万円未満","能登牛が当たる, ひゃくまんさんが好き, 石川県のおすすめ観光スポットが見たい",,,駅近くで観光名所を回れて、かつ美味しいグルメを食べられて満足だったからです！
金沢エリア,ホテルマイステイズプレミア金沢,2024/04/06 20:01:42,同意する,1泊,1泊,金沢エリア  （湯涌温泉、深谷温泉、犀川温泉など）,石川県外には泊まらない,中学生以下連れの家族,"地元の美味しいものを食べる, 花見や紅葉などの自然鑑賞, 名所、旧跡の観光, まちあるき、都市散策",新幹線,路線バス,満足,路線バスが多く助かるが、バス停や行き先が分かりづらく、Googlemap頼みで色々出かけた。,"10,000円以上 20,000円未満","10,000円以上 20,000円未満","10,000円以上 20,000円未満",初めて,"新聞・雑誌・ガイドブック, 観光パンフレット・ポスター, インターネット・アプリ, X(旧：Twitter)",兼六園,,金沢21世紀美術館,,"10,000円以上 20,000円未満",とても満足,,とても満足,,感じなかった,,9,,機会があれば行きたい,食も美味しく、街も綺麗で大変満足している。,男,1975,東京都,練馬区,"1,000万円以上 1,200万円未満","能登牛が当たる, ひゃくまんさんが好き",とても満足,10,
金沢エリア,ホテルマイステイズプレミア金沢,2024/04/06 20:01:50,同意する,1泊,1泊,金沢エリア  （湯涌温泉、深谷温泉、犀川温泉など）,石川県外には泊まらない,親,名所、旧跡の観光,新幹線,徒歩,,,"5,000円以上 10,000円未満","3,000円以上 5,000円未満","3,000円以上 5,000円未満",初めて,"TV・ラジオ番組やCM, 観光パンフレット・ポスター, X(旧：Twitter)",兼六園,,金沢21世紀美術館,,"5,000円以上 10,000円未満",とても満足,,とても満足,,感じなかった,,10,,また行きたい（1年以内）,特になし,男,2009,東京都,練馬区,"1,000万円以上 1,200万円未満",能登牛が当たる,とても満足,10,
金沢エリア,ホテルマイステイズプレミア金沢,2024/04/06 20:03:25,同意する,1泊,1泊,金沢エリア  （湯涌温泉、深谷温泉、犀川温泉など）,石川県外には泊まらない,中学生以下連れの家族,"地元の美味しいものを食べる, 花見や紅葉などの自然鑑賞, 名所、旧跡の観光, まちあるき、都市散策",新幹線,"路線バス, 徒歩",,,"10,000円以上 20,000円未満","10,000円以上 20,000円未満","5,000円以上 10,000円未満",初めて,"新聞・雑誌・ガイドブック, インターネット・アプリ, X(旧：Twitter), 観光協会等の案内所",近江町市場,,尾山神社,,"5,000円以上 10,000円未満",満足,,とても満足,,感じなかった,,9,,機会があれば行きたい,念願の海鮮丼や金沢のご当地グルメを満喫できて良かった。,女,1975,東京都,練馬区,800万円以上 900万円未満,"能登牛が当たる, ひゃくまんさんが好き, 石川県のおすすめ観光スポットが見たい",とても満足,10,
金沢エリア,ホテルマイステイズプレミア金沢,2024/04/07 9:52:40,同意する,2泊,2泊,金沢エリア  （湯涌温泉、深谷温泉、犀川温泉など）,石川県外には泊まらない,友人,"地元の美味しいものを食べる, 花見や紅葉などの自然鑑賞",新幹線,徒歩,,,"10,000円以上 20,000円未満","1,000円以上 3,000円未満","10,000円以上 20,000円未満",初めて,"インターネット・アプリ, Instagram",近江町市場,,兼六園,,使わない,満足,リファがついていた,満足,部屋が広かった,感じなかった,,2,,機会があれば行きたい,新鮮な海鮮,女,1995,東京都,台東区,400万円以上 500万円未満,ひゃくまんさんが好き,とても満足,7,食べ物も観光地も豊富だから
金沢エリア,ホテルマイステイズプレミア金沢,2024/04/09 8:01:48,同意する,2泊,2泊,金沢エリア  （湯涌温泉、深谷温泉、犀川温泉など）,石川県外には泊まらない,夫婦2人,"地元の美味しいものを食べる, 花見や紅葉などの自然鑑賞, 名所、旧跡の観光",自家用車,自家用車,,,"30,000円以上 40,000円未満","30,000円以上 40,000円未満","50,000円以上 100,000円未満",初めて,"観光パンフレット・ポスター, インターネット・アプリ",兼六園,武家屋敷街,近江町市場,,"1,000円以上 3,000円未満",満足,接客態度が良好,とても満足,,感じなかった,,8,,また行きたい（1年以内）,料金が高い。,男,1956,千葉県,千葉市,500万円以上 600万円未満,能登牛が当たる,とても満足,9,
金沢エリア,ホテルマイステイズプレミア金沢,2024/04/09 8:11:24,同意する,4泊以上,3泊,金沢エリア  （湯涌温泉、深谷温泉、犀川温泉など）,新潟県,夫婦2人,"花見や紅葉などの自然鑑賞, 名所、旧跡の観光, まちあるき、都市散策",自家用車,自家用車,,,"20,000円以上 30,000円未満","30,000円以上 40,000円未満","10,000円以上 20,000円未満",初めて,"観光連盟やDMOのHP, インターネット・アプリ",兼六園,,ひがし茶屋街,,"20,000円以上 30,000円未満",とても満足,接客がとても良かった。,とても満足,部屋や食事が良かった。,感じなかった,,10,,また行きたい（1年以内）,初めての訪問です。何処に行くのも近くほとんど徒歩で観光することができました。,女,1960,千葉県,千葉市,500万円以上 600万円未満,ひゃくまんさんが好き,とても満足,10,街並みがレトロなところと近代的なところがあり観光スポットのアクセスがいい。
金沢エリア,ホテルマイステイズプレミア金沢,2024/04/13 20:42:23,同意する,1泊,1泊,金沢エリア  （湯涌温泉、深谷温泉、犀川温泉など）,石川県外には泊まらない,恋人,"地元の美味しいものを食べる, 名所、旧跡の観光, まちあるき、都市散策",新幹線,徒歩,とても満足,北陸新幹線を利用しましたが、とても快適でした。,"5,000円以上 10,000円未満","20,000円以上 30,000円未満","10,000円以上 20,000円未満",初めて,インターネット・アプリ,金沢21世紀美術館,,近江町市場,,使わない,とても満足,部屋が想像以上に広くて、のびのび過ごせました。,とても満足,フロントの方がとても丁寧に対応してくださり、快適でした。,感じなかった,,10,,また行きたい（1年以内）,金沢駅周辺に観光名所が多いので、レンタサイクルが増えればより便利になるのにな、と思いました。,女,1996,東京都,練馬区,200万円以上 300万円未満,"石川県のおすすめ観光スポットが見たい, 石川県の雑学を知りたい",とても満足,10,海鮮が美味しいので、グルメを薦めたいと思います。
金沢エリア,ホテルマイステイズプレミア金沢,2024/04/20 19:48:00,同意する,2泊,2泊,金沢エリア  （湯涌温泉、深谷温泉、犀川温泉など）,石川県外には泊まらない,小学生以下連れの家族,"宿でのんびり過ごす, 地元の美味しいものを食べる, 名所、旧跡の観光",新幹線,徒歩,,,"5,000円以上 10,000円未満","10,000円以上 20,000円未満","5,000円以上 10,000円未満",初めて,インターネット・アプリ,選択なし/該当施設なし,,金沢21世紀美術館,,"10,000円以上 20,000円未満",満足,まずまずの食事,どちらでもない,,感じた,トイレと浴室が別れていない,5,,機会があれば行きたい,家族は生魚を食べられないので地元の魚介を使った洋食もあるとよいです。,男,1973,神奈川県,横浜市,700万円以上 800万円未満,能登牛が当たる,満足,5,
金沢エリア,ホテルマイステイズプレミア金沢,2024/04/21 17:18:50,同意する,1泊,1泊,金沢エリア  （湯涌温泉、深谷温泉、犀川温泉など）,石川県外には泊まらない,団体旅行,"地元の美味しいものを食べる, まちあるき、都市散策",新幹線,"タクシー, 在来線",満足,スムーズに目的地に到着したから。,"40,000円以上 50,000円未満","30,000円以上 40,000円未満","100,000円以上",初めて,震災があったから。,近江町市場,,兼六園,,"50,000円以上 100,000円未満",満足,,どちらでもない,,感じた,喫煙場所が少ない。,6,,機会があれば行きたい,京都とは違った感性を感じられる。,男,1974,岡山県,笠岡市,400万円以上 500万円未満,能登牛が当たる,満足,8,文化が独特な事と遺産が多い。
金沢エリア,ホテルマイステイズプレミア金沢,2024/04/21 22:19:13,同意する,1泊,1泊,金沢エリア  （湯涌温泉、深谷温泉、犀川温泉など）,石川県外には泊まらない,職場の同僚,"温泉や露天風呂, 地元の美味しいものを食べる, 買い物、アウトレット, まちあるき、都市散策","新幹線, 在来線",徒歩,,,"10,000円以上 20,000円未満","3,000円以上 5,000円未満","50,000円以上 100,000円未満",初めて,観光協会等の案内所,近江町市場,,ひがし茶屋街,,"3,000円以上 5,000円未満",とても満足,,とても満足,キレイでアメニティも豊富でした,感じなかった,,10,,機会があれば行きたい,特に無し,女,1975,岡山県,笠岡市,300万円以上 400万円未満,能登牛が当たる,とても満足,10,街がキレイ
金沢エリア,ホテルマイステイズプレミア金沢,2024/04/22 8:43:42,同意する,1泊,1泊,金沢エリア  （湯涌温泉、深谷温泉、犀川温泉など）,石川県外には泊まらない,小学生以下連れの家族,"宿でのんびり過ごす, 地元の美味しいものを食べる",新幹線,徒歩,とても満足,綺麗で清潔でした！子どもにも優しい！,"100,000円以上","20,000円以上 30,000円未満","40,000円以上 50,000円未満",初めて,友人・知人,金沢21世紀美術館,,兼六園,,"20,000円以上 30,000円未満",満足,,満足,,感じた,,10,,また行きたい（1年以内）,すごく楽しかった！,女,1991,神奈川県,横浜市,"900万円以上 1,000万円未満",ひゃくまんさんが好き,とても満足,10,
金沢エリア,ホテルマイステイズプレミア金沢,2024/04/22 20:10:37,同意する,1泊,1泊,金沢エリア  （湯涌温泉、深谷温泉、犀川温泉など）,石川県外には泊まらない,自分ひとり,"宿でのんびり過ごす, 地元の美味しいものを食べる, まちあるき、都市散策",新幹線,徒歩,,,"5,000円以上 10,000円未満","5,000円以上 10,000円未満","3,000円以上 5,000円未満",初めて,インターネット・アプリ,ひがし茶屋街,,選択なし/該当施設なし,,使わない,どちらでもない,,とても満足,過ごしやすかった,感じなかった,,7,朝食に地元の名物がたくさんありとても良かった,機会があれば行きたい,特になし,女,1990,神奈川県,横浜市,200万円以上 300万円未満,ひゃくまんさんが好き,満足,7,
金沢エリア,ホテルマイステイズプレミア金沢,2024/04/28 10:31:50,同意する,2泊,1泊,石川県内には宿泊しない,富山県,友人,"宿でのんびり過ごす, 地元の美味しいものを食べる, テーマパーク（遊園地、動物園、博物館など）",新幹線,自家用車,満足,アクセスしやすかった,"20,000円以上 30,000円未満","10,000円以上 20,000円未満","10,000円以上 20,000円未満",6～10回目,"観光展・物産展, 観光パンフレット・ポスター",選択なし/該当施設なし,内灘　ヤマト味噌のイベント,近江町市場,,"5,000円以上 10,000円未満",満足,宿泊に関してアナウンスが少なかった,満足,エレベーター内に入浴剤の案内が掲示されていた,感じなかった,なし,8,2階に居酒屋があり、便利だった,また行きたい（1年以内）,特にぬし,女,1971,長野県,諏訪市,400万円以上 500万円未満,"能登牛が当たる, ひゃくまんさんが好き",満足,8,観光スポットが多い
金沢エリア,ホテルマイステイズプレミア金沢,2024/05/03 18:13:31,同意する,2泊,2泊,金沢エリア  （湯涌温泉、深谷温泉、犀川温泉など）,石川県外には泊まらない,親,"地元の美味しいものを食べる, 名所、旧跡の観光, まちあるき、都市散策",高速バス,"路線バス, 徒歩",満足,路線バスの本数が多い,"20,000円以上 30,000円未満","20,000円以上 30,000円未満","20,000円以上 30,000円未満",初めて,インターネット・アプリ,ひがし茶屋街,,近江町市場,,"40,000円以上 50,000円未満",どちらでもない,繁忙期のためどうしても料金が高い,満足,清掃が行き届いている,感じなかった,,8,,機会があれば行きたい,地のものが食べられる、他の観光地ではできない体験ができる,男,1990,新潟県,新潟市,500万円以上 600万円未満,"能登牛が当たる, なんとなく",とても満足,9,景観と食事がよい
金沢エリア,ホテルマイステイズプレミア金沢,2024/05/06 10:25:52,同意する,2泊,2泊,金沢エリア  （湯涌温泉、深谷温泉、犀川温泉など）,石川県外には泊まらない,親,"まちあるき、都市散策, 友人・親戚を訪ねる",自家用車,自家用車,,,"30,000円以上 40,000円未満","10,000円以上 20,000円未満","30,000円以上 40,000円未満",2～5回目,友人・知人,兼六園,,金沢21世紀美術館,,"10,000円以上 20,000円未満",とても満足,マッサージがあったから,とても満足,部屋が綺麗,感じなかった,,10,,機会があれば行きたい,特になし,男,2010,京都府,宇治市,600万円以上 700万円未満,能登牛が当たる,とても満足,10,
金沢エリア,ホテルマイステイズプレミア金沢,2024/05/06 10:36:05,同意する,2泊,2泊,金沢エリア  （湯涌温泉、深谷温泉、犀川温泉など）,石川県外には泊まらない,親,"地元の美味しいものを食べる, 名所、旧跡の観光, 友人・親戚を訪ねる",自家用車,自家用車,,,"10,000円以上 20,000円未満","5,000円以上 10,000円未満","40,000円以上 50,000円未満",2～5回目,インターネット・アプリ,兼六園,,選択なし/該当施設なし,レストラン,"5,000円以上 10,000円未満",満足,キレイで使いやすい,満足,立地のわりに安い,感じなかった,,10,,また行きたい（1年以内）,特になし,女,1971,京都府,宇治市,"1,000万円以上 1,200万円未満",能登牛が当たる,満足,7,
金沢エリア,ホテルマイステイズプレミア金沢,2024/05/10 19:03:40,同意する,1泊,1泊,金沢エリア  （湯涌温泉、深谷温泉、犀川温泉など）,石川県外には泊まらない,自分ひとり,出張など仕事関係,新幹線,徒歩,,,"30,000円以上 40,000円未満","3,000円以上 5,000円未満","5,000円以上 10,000円未満",6～10回目,"観光展・物産展, TV・ラジオ番組やCM, 観光連盟やDMOのHP, インターネット・アプリ, X(旧：Twitter)",兼六園,,兼六園,,"1,000円以上 3,000円未満",とても満足,,とても満足,,感じなかった,,10,,また行きたい（1年以内）,特になし,男,1998,神奈川県,青葉区,700万円以上 800万円未満,能登牛が当たる,とても満足,10,
金沢エリア,ホテルマイステイズプレミア金沢,2024/05/15 11:32:30,同意する,1泊,1泊,金沢エリア  （湯涌温泉、深谷温泉、犀川温泉など）,石川県外には泊まらない,親,"宿でのんびり過ごす, 温泉や露天風呂, 地元の美味しいものを食べる",自家用車,自家用車,,,"10,000円以上 20,000円未満",使わない,"3,000円以上 5,000円未満",2～5回目,インターネット・アプリ,選択なし/該当施設なし,,選択なし/該当施設なし,,使わない,とても満足,入浴剤やヘアアイロンの貸出が豊富だから。アメニティが多く充実しているから。,とても満足,ホテルの真横にセブンイレブンがあるのが本当に便利だから,感じなかった,,10,ライブラリーやジム、コインランドリーがあるのは本当に他のホテルには中々ない事だと思うので素晴らしいです,石川県在住,地元の食材を使った料理が食べたい。例えば加賀野菜など,女,2003,石川県,金沢市,100万円未満,"能登牛が当たる, なんとなく",満足,10,
金沢エリア,ホテルマイステイズプレミア金沢,2024/05/24 22:30:12,同意する,4泊以上,4泊以上,加賀エリア （山代温泉、山中温泉、片山津温泉、粟津温泉、辰口温泉、加賀市、小松市など）,石川県外には泊まらない,夫婦2人,"温泉や露天風呂, 名所、旧跡の観光","新幹線, 在来線",徒歩,,,"50,000円以上 100,000円未満","40,000円以上 50,000円未満","10,000円以上 20,000円未満",初めて,インターネット・アプリ,選択なし/該当施設なし,,ひがし茶屋街,,使わない,満足,比較的部屋(34㎡)が広いので、ゆったりできる。,満足,清潔、綺麗だから。,感じなかった,,9,,また行きたい（1年以内）,特になし,男,1959,広島県,広島市,100万円未満,能登牛が当たる,とても満足,10,温泉が豊富。
金沢エリア,お宿やました,2023/12/21 15:17:34,同意する,1泊,1泊,加賀エリア （山代温泉、山中温泉、片山津温泉、粟津温泉、辰口温泉、加賀市、小松市など）,石川県外には泊まらない,中学生以下連れの家族,温泉や露天風呂,県外から訪れていない（石川県内在住）,自家用車,,,"10,000円以上 20,000円未満","1,000円未満","5,000円以上 10,000円未満",初めて,"インターネット・アプリ, Facebook, 友人・知人",選択なし/該当施設なし,加賀方面,近江町市場,,"10,000円以上 20,000円未満",満足,清潔感があった,満足,体験があり良かった,感じなかった,,9,,機会があれば行きたい,工芸体験や接客体験,女,1973,石川県,河北郡内灘町,200万円以上 300万円未満,能登牛が当たる,,,無料の体験や演出があった
金沢エリア,お宿やました,2024/03/20 17:14:54,同意する,1泊,1泊,金沢エリア  （湯涌温泉、深谷温泉、犀川温泉など）,石川県外には泊まらない,恋人,"宿でのんびり過ごす, 温泉や露天風呂","新幹線, 在来線",路線バス,満足,バス本数はやや少ないが、案内がわかりやすかった,"30,000円以上 40,000円未満","10,000円以上 20,000円未満","20,000円以上 30,000円未満",初めて,"観光展・物産展, Instagram",近江町市場,,兼六園,,"30,000円以上 40,000円未満",とても満足,とても丁寧であった,とても満足,気持ちの良い接客であった,感じなかった,,8,,機会があれば行きたい,日持ちのするお土産,女,2003,兵庫県,伊丹市,700万円以上 800万円未満,石川県のおすすめ観光スポットが見たい,,,趣がある
金沢エリア,お宿やました,2024/03/21 9:58:46,同意する,1泊,1泊,金沢エリア  （湯涌温泉、深谷温泉、犀川温泉など）,石川県外には泊まらない,親,宿でのんびり過ごす,自家用車,自家用車,,,"10,000円以上 20,000円未満","1,000円以上 3,000円未満",使わない,初めて,"新聞・雑誌・ガイドブック, インターネット・アプリ",選択なし/該当施設なし,,選択なし/該当施設なし,,"1,000円未満",とても満足,,とても満足,,感じなかった,,10,,石川県在住,特になし,女,2002,石川県,加賀市,100万円未満,能登牛が当たる,,,自然がいっぱいだから。
金沢エリア,お宿やました,2024/03/30 22:05:38,同意する,3泊,3泊,金沢エリア  （湯涌温泉、深谷温泉、犀川温泉など）,石川県外には泊まらない,小学生以下連れの家族,"宿でのんびり過ごす, 地元の美味しいものを食べる, 友人・親戚を訪ねる",自家用車,自家用車,,,"50,000円以上 100,000円未満","50,000円以上 100,000円未満","30,000円以上 40,000円未満",初めて,"インターネット・アプリ, Instagram",選択なし/該当施設なし,ホリ牧場,選択なし/該当施設なし,トレインパーク,"50,000円以上 100,000円未満",とても満足,サービスが行き届いている,とても満足,ご飯が美味しい よく気がついて動いてもらえる,感じなかった,,10,飲食はとにかく良かった。,また行きたい（1年以内）,お土産はイメージで金箔関連,女,1989,岐阜県,不破郡,400万円以上 500万円未満,"能登牛が当たる, なんとなく",,,食べ物が美味しい
金沢エリア,お宿やました,2024/04/11 10:03:43,同意する,1泊,1泊,金沢エリア  （湯涌温泉、深谷温泉、犀川温泉など）,長野県,夫婦2人,"宿でのんびり過ごす, 温泉や露天風呂, 地元の美味しいものを食べる",自家用車,自家用車,とても満足,,"20,000円以上 30,000円未満","1,000円以上 3,000円未満","3,000円以上 5,000円未満",2～5回目,"観光展・物産展, 新聞・雑誌・ガイドブック, 観光パンフレット・ポスター",尾山神社,,兼六園,,"5,000円以上 10,000円未満",とても満足,,とても満足,料理が、美味しかったです。,感じなかった,,4,,また行きたい（1年以内）,美味しい物を販売する所,男,1953,石川県,金沢市,400万円以上 500万円未満,能登牛が当たる,とても満足,4,
金沢エリア,INOVA金沢駅前ホテルsuite,2023/12/24 8:15:49,同意する,1泊,1泊,能登エリア （和倉温泉、七尾市、輪島市、珠洲市など）,石川県外には泊まらない,小学生以下連れの家族,"地元の美味しいものを食べる, ドライブ・ツーリング",県外から訪れていない（石川県内在住）,自家用車,,,"20,000円以上 30,000円未満","5,000円以上 10,000円未満","10,000円以上 20,000円未満",6～10回目,"X(旧：Twitter), Instagram",選択なし/該当施設なし,,選択なし/該当施設なし,,"5,000円以上 10,000円未満",とても満足,,とても満足,,感じなかった,,7,,石川県在住,既に満足,男,2000,石川県,金沢市,500万円以上 600万円未満,能登牛が当たる,,,
金沢エリア,INOVA金沢駅前ホテルsuite,2024/03/25 21:01:16,同意する,1泊,1泊,金沢エリア  （湯涌温泉、深谷温泉、犀川温泉など）,石川県外には泊まらない,夫婦2人,地元の美味しいものを食べる,"新幹線, 在来線",在来線,どちらでもない,,"20,000円以上 30,000円未満","10,000円以上 20,000円未満","1,000円以上 3,000円未満",初めて,インターネット・アプリ,近江町市場,,兼六園,,"3,000円以上 5,000円未満",とても満足,,とても満足,,感じなかった,,8,,機会があれば行きたい,特になし,女,1970,奈良県,奈良市,"1,500万円以上",なんとなく,,,
金沢エリア,チサンバジェット金沢駅前,2023/12/21 18:27:02,同意する,2泊,2泊,金沢エリア  （湯涌温泉、深谷温泉、犀川温泉など）,石川県外には泊まらない,自分ひとり,出張など仕事関係,新幹線,徒歩,,,"5,000円以上 10,000円未満","30,000円以上 40,000円未満","10,000円以上 20,000円未満",6～10回目,友人・知人,選択なし/該当施設なし,,選択なし/該当施設なし,仕事で来ている,"5,000円以上 10,000円未満",満足,立地が良い,満足,立地が良い,感じなかった,,7,,また行きたい（1年以内）,特になし,男,1991,埼玉県,朝霞市,"900万円以上 1,000万円未満",能登牛が当たる,,,
金沢エリア,チサンバジェット金沢駅前,2023/12/22 7:46:52,同意する,2泊,2泊,能登エリア （和倉温泉、七尾市、輪島市、珠洲市など）,石川県外には泊まらない,友人,"宿でのんびり過ごす, 温泉や露天風呂, 花見や紅葉などの自然鑑賞",新幹線,旅行会社ツアーバス,,,"5,000円以上 10,000円未満","5,000円以上 10,000円未満","5,000円以上 10,000円未満",初めて,観光パンフレット・ポスター,近江町市場,,兼六園,,"3,000円以上 5,000円未満",どちらでもない,,どちらでもない,,感じた,,10,,また行きたい（1年以内）,雪の大自然,女,1988,大阪府,中央区,500万円以上 600万円未満,能登牛が当たる,,,
金沢エリア,チサンバジェット金沢駅前,2023/12/22 10:43:56,同意する,4泊以上,4泊以上,金沢エリア  （湯涌温泉、深谷温泉、犀川温泉など）,石川県外には泊まらない,学校関係（修学旅行・社会科見学等）,その他スポーツ（ゴルフ、テニスなど）,在来線,在来線,満足,,"20,000円以上 30,000円未満","1,000円以上 3,000円未満","20,000円以上 30,000円未満",初めて,友人・知人,選択なし/該当施設なし,,選択なし/該当施設なし,,"10,000円以上 20,000円未満",満足,,満足,,感じなかった,,8,,機会があれば行きたい,特になし,女,2006,大阪府,東淀川区,700万円以上 800万円未満,"能登牛が当たる, ひゃくまんさんが好き",,,
金沢エリア,チサンバジェット金沢駅前,2023/12/23 20:43:38,同意する,4泊以上,4泊以上,金沢エリア  （湯涌温泉、深谷温泉、犀川温泉など）,石川県外には泊まらない,自分ひとり,"宿でのんびり過ごす, 出張など仕事関係",県外から訪れていない（石川県内在住）,在来線,どちらでもない,,"50,000円以上 100,000円未満","1,000円以上 3,000円未満","3,000円以上 5,000円未満",6～10回目,インターネット・アプリ,選択なし/該当施設なし,,選択なし/該当施設なし,,"50,000円以上 100,000円未満",どちらでもない,,どちらでもない,,感じなかった,,5,,石川県在住,特になし,無回答,1990,石川県,七尾市,200万円以上 300万円未満,"能登牛が当たる, ひゃくまんさんが好き",,,
金沢エリア,チサンバジェット金沢駅前,2023/12/23 23:01:53,同意する,3泊,3泊,金沢エリア  （湯涌温泉、深谷温泉、犀川温泉など）,石川県外には泊まらない,自分ひとり,出張など仕事関係,在来線,徒歩,,,"3,000円以上 5,000円未満",使わない,"10,000円以上 20,000円未満",2～5回目,インターネット・アプリ,選択なし/該当施設なし,,選択なし/該当施設なし,,"10,000円以上 20,000円未満",とても満足,コスパ,満足,風呂の排水溝が少し汚い,感じなかった,,9,,また行きたい（1年以内）,金沢らしさを感じれる,男,1986,大阪府,和泉市,700万円以上 800万円未満,能登牛が当たる,,,コスパ
金沢エリア,チサンバジェット金沢駅前,2023/12/24 9:44:47,同意する,1泊,1泊,金沢エリア  （湯涌温泉、深谷温泉、犀川温泉など）,石川県外には泊まらない,恋人,"地元の美味しいものを食べる, 名所、旧跡の観光, 出張など仕事関係",新幹線,徒歩,,,"3,000円以上 5,000円未満","20,000円以上 30,000円未満","10,000円以上 20,000円未満",初めて,インターネット・アプリ,選択なし/該当施設なし,小松市,近江町市場,,"3,000円以上 5,000円未満",満足,不足はなく、シンプルな設計で、過ごしやすい,満足,荷物のチェックイン・アウト後の預かりがあること,感じた,トイレがやや狭い,8,,また行きたい（1年以内）,海鮮、日本酒、雪の兼六園、,女,1997,神奈川県,横浜市,"900万円以上 1,000万円未満","能登牛が当たる, 石川県のおすすめ観光スポットが見たい, なんとなく",,,20代の旅行や、出張の際には、ちょうどいいから。
金沢エリア,チサンバジェット金沢駅前,2023/12/24 9:44:55,同意する,1泊,1泊,金沢エリア  （湯涌温泉、深谷温泉、犀川温泉など）,石川県外には泊まらない,恋人,"地元の美味しいものを食べる, 名所、旧跡の観光",新幹線,徒歩,とても満足,駅から近くで便利だった。,"3,000円以上 5,000円未満","20,000円以上 30,000円未満","10,000円以上 20,000円未満",初めて,インターネット・アプリ,金沢21世紀美術館,,近江町市場,,"5,000円以上 10,000円未満",とても満足,清掃十分、荷物預け入れも快く対応してくれた。,とても満足,新しくて綺麗、コンパクトにまとまっていたので不満なし,感じた,全体的にスペースが若干狭い。特にバスルーム。,10,,また行きたい（1年以内）,次来る時は歴史的な場所ももっと見てみたい,男,1996,神奈川県,横浜市,400万円以上 500万円未満,能登牛が当たる,,,食べ物が美味しい
金沢エリア,チサンバジェット金沢駅前,2023/12/25 6:29:39,同意する,4泊以上,4泊以上,金沢エリア  （湯涌温泉、深谷温泉、犀川温泉など）,石川県外には泊まらない,自分ひとり,出張など仕事関係,"新幹線, 在来線",徒歩,,,"5,000円以上 10,000円未満","3,000円以上 5,000円未満","100,000円以上",2～5回目,"観光パンフレット・ポスター, インターネット・アプリ, 友人・知人",兼六園,,選択なし/該当施設なし,県立図書館,"100,000円以上",どちらでもない,ビジネスだから仕方ない,どちらでもない,ビジネスだから仕方ない,感じた,コインランドリーがなかなか空いていない,5,,どちらともいえない,仕事で長期で来ているので食事のデリバリーをしてほしい,女,1956,愛知県,知多郡,200万円以上 300万円未満,能登牛が当たる,,,
金沢エリア,チサンバジェット金沢駅前,2023/12/26 1:19:00,同意する,2泊,2泊,金沢エリア  （湯涌温泉、深谷温泉、犀川温泉など）,石川県外には泊まらない,夫婦2人,"名所、旧跡の観光, まちあるき、都市散策",旅行会社ツアーバス,在来線,とても満足,無理な運転をせずにほぼ予定通りに移動できたから。,"20,000円以上 30,000円未満","20,000円以上 30,000円未満","20,000円以上 30,000円未満",初めて,旅行社のツアーに組み込まれていた。,選択なし/該当施設なし,能登鉄道中島駅,金沢21世紀美術館,,"1,000円未満",どちらでもない,夫婦2人だったが、シングル2部屋だったから。,満足,清潔,感じた,表通りではなかったので、ホテルを出た時、目的地の方向が分かりにくかった。,6,特になし。,機会があれば行きたい,主に魚介類の食事の充実。しかし今は関西からは特急で2時間ほどで来れるが、来年春以降は敦賀で新幹線に乗り換えることになり、首都圏からは便利かもしれないが、関西方面からは乗り換えが面倒で、来る機会が減る気がする。,男,1956,京都府,宇治市,500万円以上 600万円未満,能登牛が当たる,,,駅近なので、ビジネスホテルとしてはいいと思う。
金沢エリア,チサンバジェット金沢駅前,2023/12/26 7:18:52,同意する,2泊,2泊,能登エリア （和倉温泉、七尾市、輪島市、珠洲市など）,石川県外には泊まらない,夫婦2人,"温泉や露天風呂, 地元の美味しいものを食べる, 名所、旧跡の観光","在来線, 旅行会社ツアーバス","在来線, 旅行会社ツアーバス",満足,時間的な余裕もあり、ちょうど良かった,"10,000円以上 20,000円未満","20,000円以上 30,000円未満","5,000円以上 10,000円未満",初めて,新聞・雑誌・ガイドブック,選択なし/該当施設なし,まだ、行っていないから,兼六園,,"5,000円以上 10,000円未満",満足,とてもシンプルで、綺麗で、気持ち良い,満足,最小限の施設ですが、必要なものはあるから。,感じなかった,,8,朝食もシンプルだけど、味は良かった。,機会があれば行きたい,特になし,女,1958,兵庫県,神戸市,300万円以上 400万円未満,能登牛が当たる,,,綺麗でシンプル、省エネでとても現代風
金沢エリア,チサンバジェット金沢駅前,2023/12/27 0:07:21,同意する,2泊,2泊,金沢エリア  （湯涌温泉、深谷温泉、犀川温泉など）,石川県外には泊まらない,自分ひとり,友人・親戚を訪ねる,新幹線,徒歩,,,"5,000円以上 10,000円未満","1,000円以上 3,000円未満","30,000円以上 40,000円未満",初めて,観光協会等の案内所,選択なし/該当施設なし,,選択なし/該当施設なし,,"20,000円以上 30,000円未満",満足,,満足,,感じなかった,,8,,また行きたい（1年以内）,特になし,女,1987,岡山県,倉敷市,500万円以上 600万円未満,能登牛が当たる,,,
金沢エリア,チサンバジェット金沢駅前,2023/12/29 7:33:33,同意する,2泊,1泊,金沢エリア  （湯涌温泉、深谷温泉、犀川温泉など）,富山県,自分ひとり,まちあるき、都市散策,在来線,在来線,とても満足,北陸本線に乗るための旅でした,"3,000円以上 5,000円未満","3,000円以上 5,000円未満","1,000円未満",初めて,インターネット・アプリ,選択なし/該当施設なし,,選択なし/該当施設なし,,"3,000円以上 5,000円未満",満足,コスパがよい,満足,設備新しい,感じなかった,,2,食事は利用しませんでした,機会があれば行きたい,北陸本線が第三セクター化されると青春18切符利用者には訪れにくくなります。,男,1979,大阪府,高石市,"1,000万円以上 1,200万円未満",石川県の雑学を知りたい,,,グルメが魅力的
金沢エリア,チサンバジェット金沢駅前,2023/12/29 9:23:24,同意する,1泊,1泊,金沢エリア  （湯涌温泉、深谷温泉、犀川温泉など）,石川県外には泊まらない,自分ひとり,出張など仕事関係,新幹線,徒歩,,,"5,000円以上 10,000円未満","10,000円以上 20,000円未満","5,000円以上 10,000円未満",初めて,インターネット・アプリ,選択なし/該当施設なし,金沢駅付近のショッピングやカフェ巡り,ひがし茶屋街,,"5,000円以上 10,000円未満",満足,料金それなり,満足,,感じた,エレベーターの混雑,8,,また行きたい（1年以内）,食巡り,女,1992,長野県,長野市,100万円以上 200万円未満,能登牛が当たる,,,
金沢エリア,チサンバジェット金沢駅前,2023/12/29 22:18:41,同意する,3泊,3泊,金沢エリア  （湯涌温泉、深谷温泉、犀川温泉など）,石川県外には泊まらない,自分ひとり,"名所、旧跡の観光, 友人・親戚を訪ねる",在来線,"在来線, 徒歩, 高速バス",満足,接続が良い,"10,000円以上 20,000円未満","10,000円以上 20,000円未満","30,000円以上 40,000円未満",6～10回目,"TV・ラジオ番組やCM, インターネット・アプリ, 友人・知人",近江町市場,,兼六園,,"10,000円以上 20,000円未満",満足,清潔,満足,こじんまりだがわかりやすい,感じなかった,,10,利用しなかった,また行きたい（1年以内）,価格が適当で美味しいもの。(観光地価格で高い),男,1977,京都府,舞鶴市,800万円以上 900万円未満,能登牛が当たる,,,比咩神社
金沢エリア,チサンバジェット金沢駅前,2023/12/29 22:28:17,同意する,2泊,2泊,金沢エリア  （湯涌温泉、深谷温泉、犀川温泉など）,石川県外には泊まらない,自分ひとり,"地元の美味しいものを食べる, 買い物、アウトレット, まちあるき、都市散策",県外から訪れていない（石川県内在住）,"自家用車, 在来線",満足,市内の渋滞に巻き込まれないから,"5,000円以上 10,000円未満","1,000円未満","5,000円以上 10,000円未満",2～5回目,X(旧：Twitter),選択なし/該当施設なし,,選択なし/該当施設なし,,"5,000円以上 10,000円未満",満足,コスパがよかった,満足,コスパがよかった,感じなかった,,8,特にない,また行きたい（1年以内）,たまに美味しくなくて、高いお店がある。このような店は石川の魅力を下げているように思える。,男,1979,石川県,能美市,700万円以上 800万円未満,"能登牛が当たる, ひゃくまんさんが好き",,,美味しい飲食が多い
金沢エリア,チサンバジェット金沢駅前,2023/12/30 17:40:01,同意する,1泊,2泊,金沢エリア  （湯涌温泉、深谷温泉、犀川温泉など）,石川県外には泊まらない,親,"温泉や露天風呂, 地元の美味しいものを食べる","在来線, 旅行会社ツアーバス",自家用車,とても満足,,"10,000円以上 20,000円未満","1,000円以上 3,000円未満","10,000円以上 20,000円未満",初めて,"観光展・物産展, 新聞・雑誌・ガイドブック, TV・ラジオ番組やCM",兼六園,,近江町市場,,"10,000円以上 20,000円未満",とても満足,,とても満足,,感じなかった,,8,,また行きたい（1年以内）,特になし,男,1969,兵庫県,芦屋市,"900万円以上 1,000万円未満","能登牛が当たる, ひゃくまんさんが好き",,,
金沢エリア,チサンバジェット金沢駅前,2023/12/31 11:41:35,同意する,3泊,2泊,金沢エリア  （湯涌温泉、深谷温泉、犀川温泉など）,富山県,自分ひとり,帰省,在来線,徒歩,,,"5,000円以上 10,000円未満","10,000円以上 20,000円未満","20,000円以上 30,000円未満",6～10回目,インターネット・アプリ,選択なし/該当施設なし,実家,選択なし/該当施設なし,,"5,000円以上 10,000円未満",どちらでもない,最低限の設備なので,どちらでもない,価格を考えたら妥当,感じた,テーブルに鏡がない,5,コンビニがもう少し近くにあると助かるなと思いました,また行きたい（1年以内）,得に思いつきません,女,1971,大阪府,大阪市,300万円以上 400万円未満,"能登牛が当たる, なんとなく",,,能登牛のお店が安くて美味しかった
金沢エリア,チサンバジェット金沢駅前,2023/12/31 20:08:32,同意する,3泊,3泊,金沢エリア  （湯涌温泉、深谷温泉、犀川温泉など）,石川県外には泊まらない,夫婦2人,"地元の美味しいものを食べる, 名所、旧跡の観光, まちあるき、都市散策",在来線,徒歩,,,"10,000円以上 20,000円未満","20,000円以上 30,000円未満","30,000円以上 40,000円未満",2～5回目,"インターネット・アプリ, Instagram",選択なし/該当施設なし,,近江町市場,,"20,000円以上 30,000円未満",満足,,満足,,感じなかった,,8,,機会があれば行きたい,海鮮,女,1994,愛知県,豊川市,"1,200万円以上 1,500万円未満",能登牛が当たる,,,
金沢エリア,チサンバジェット金沢駅前,2024/01/03 11:01:32,同意する,4泊以上,4泊以上,金沢エリア  （湯涌温泉、深谷温泉、犀川温泉など）,石川県外には泊まらない,自分ひとり,友人・親戚を訪ねる,"新幹線, 在来線",徒歩,,,"20,000円以上 30,000円未満","20,000円以上 30,000円未満","20,000円以上 30,000円未満",11回目以上,インターネット・アプリ,近江町市場,,尾山神社,,"20,000円以上 30,000円未満",とても満足,簡素だけど綺麗なホテル,とても満足,,感じなかった,,10,,また行きたい（1年以内）,特になし,男,1968,広島県,広島市,800万円以上 900万円未満,能登牛が当たる,,,
金沢エリア,チサンバジェット金沢駅前,2024/01/06 6:22:46,同意する,1泊,1泊,金沢エリア  （湯涌温泉、深谷温泉、犀川温泉など）,石川県外には泊まらない,自分ひとり,出張など仕事関係,飛行機,路線バス,満足,空港からのアクセスが良い,"3,000円以上 5,000円未満","20,000円以上 30,000円未満","5,000円以上 10,000円未満",11回目以上,インターネット・アプリ,選択なし/該当施設なし,空港からすぐにホテルに来ました,選択なし/該当施設なし,仕事で金沢にきたので、観光はしていません,使わない,満足,きれいで、手続きがシンプル,満足,綺麗,感じなかった,,5,もう少し部屋が広かったら最高です,また行きたい（1年以内）,新鮮な魚,女,1967,東京都,立川市,300万円以上 400万円未満,能登牛が当たる,,,駅からのアクセスと安さ
金沢エリア,チサンバジェット金沢駅前,2024/01/10 17:27:08,同意する,1泊,1泊,金沢エリア  （湯涌温泉、深谷温泉、犀川温泉など）,石川県外には泊まらない,中学生以下連れの家族,"宿でのんびり過ごす, 地元の美味しいものを食べる, 買い物、アウトレット",自家用車,自家用車,,,"5,000円以上 10,000円未満","1,000円以上 3,000円未満","10,000円以上 20,000円未満",11回目以上,"新聞・雑誌・ガイドブック, インターネット・アプリ",近江町市場,,選択なし/該当施設なし,,"20,000円以上 30,000円未満",満足,美味しいものが食べられたから,どちらでもない,,感じた,団体客がおり混んでいた,8,,石川県在住,かに等の美味しいものを食べる,女,1972,石川県,加賀市,"1,000万円以上 1,200万円未満",能登牛が当たる,,,
金沢エリア,チサンバジェット金沢駅前,2024/01/11 20:38:07,同意する,1泊,1泊,金沢エリア  （湯涌温泉、深谷温泉、犀川温泉など）,石川県外には泊まらない,自分ひとり,出張など仕事関係,自家用車,自家用車,,,"5,000円以上 10,000円未満","1,000円以上 3,000円未満","3,000円以上 5,000円未満",6～10回目,インターネット・アプリ,選択なし/該当施設なし,,選択なし/該当施設なし,,使わない,どちらでもない,,どちらでもない,,感じた,アメニティ,3,,また行きたい（1年以内）,仕事,男,1971,新潟県,上越市,"1,000万円以上 1,200万円未満",能登牛が当たる,,,
金沢エリア,チサンバジェット金沢駅前,2024/01/12 17:26:27,同意する,2泊,2泊,金沢エリア  （湯涌温泉、深谷温泉、犀川温泉など）,石川県外には泊まらない,自分ひとり,"友人・親戚を訪ねる, 出張など仕事関係",在来線,徒歩,満足,サンダーバードは快適です。,"10,000円以上 20,000円未満","10,000円以上 20,000円未満","100,000円以上",11回目以上,インターネット・アプリ,近江町市場,,選択なし/該当施設なし,近江町以外では片町に行きます。,"100,000円以上",満足,比較的に安価で宿泊できるので。,満足,ズボンプレッサーをフロントで借りて部屋まで持って行く以外はとても良いです。,感じなかった,特にありません。,8,駅から近くてとても良いと思います。朝ごはんも普通に食べる事が出来ます。,機会があれば行きたい,アントて良く金粉カステラを土産に買いますが、皆さん喜ばれます。,男,1965,京都府,京都市,"1,500万円以上",能登牛が当たる,,,いつもチサンバジェットさんを利用させていただいていて、駅も近く快適なので。
金沢エリア,チサンバジェット金沢駅前,2024/01/14 20:31:11,同意する,4泊以上,4泊以上,金沢エリア  （湯涌温泉、深谷温泉、犀川温泉など）,名古屋,職場の同僚,出張など仕事関係,自家用車,自家用車,どちらでもない,,"40,000円以上 50,000円未満","5,000円以上 10,000円未満","10,000円以上 20,000円未満",初めて,新聞・雑誌・ガイドブック,選択なし/該当施設なし,金沢駅,近江町市場,,"30,000円以上 40,000円未満",不満,大浴場とサウナがない,満足,部屋が清潔で綺麗,感じなかった,車まだ遠い,10,,機会があれば行きたい,海鮮が美味しくて最高,男,1986,愛知県,丹羽郡大口町,600万円以上 700万円未満,能登牛が当たる,,,駅周辺が綺麗
金沢エリア,チサンバジェット金沢駅前,2024/01/16 17:44:52,同意する,3泊,2泊,金沢エリア  （湯涌温泉、深谷温泉、犀川温泉など）,富山県,自分ひとり,出張など仕事関係,"レンタカー, 新幹線",レンタカー,満足,除雪の良さ,"10,000円以上 20,000円未満","40,000円以上 50,000円未満","20,000円以上 30,000円未満",6～10回目,インターネット・アプリ,選択なし/該当施設なし,市場近くの食堂,選択なし/該当施設なし,得意先予約の寿司屋,"5,000円以上 10,000円未満",満足,清潔,満足,,感じた,スリッパ,10,,また行きたい（1年以内）,旨い魚介類,男,1975,神奈川県,横浜市,600万円以上 700万円未満,能登牛が当たる,,,
金沢エリア,チサンバジェット金沢駅前,2024/01/18 8:11:11,同意する,4泊以上,4泊以上,金沢エリア  （湯涌温泉、深谷温泉、犀川温泉など）,石川県外には泊まらない,職場の同僚,出張など仕事関係,レンタカー,レンタカー,満足,料金優待のある提携駐車場を利用できたため,"5,000円以上 10,000円未満","3,000円以上 5,000円未満","10,000円以上 20,000円未満",2～5回目,職場の手配,選択なし/該当施設なし,石川県庁,選択なし/該当施設なし,職場帰任,"5,000円以上 10,000円未満",とても満足,ほぼ通常のサービスを受けることができた,とても満足,同上,感じなかった,なし,10,特になし,また行きたい（1年以内）,民芸品に興味あり,男,1970,新潟県,新潟市,700万円以上 800万円未満,"能登牛が当たる, 石川県のおすすめ観光スポットが見たい, 石川県の雑学を知りたい",,,丁寧な接客っ
金沢エリア,チサンバジェット金沢駅前,2024/01/19 2:04:39,同意する,1泊,1泊,金沢エリア  （湯涌温泉、深谷温泉、犀川温泉など）,石川県外には泊まらない,自分ひとり,出張など仕事関係,自家用車,自家用車,,,"10,000円以上 20,000円未満","5,000円以上 10,000円未満","5,000円以上 10,000円未満",初めて,友人・知人,選択なし/該当施設なし,石川県庁,近江町市場,,"10,000円以上 20,000円未満",満足,チェックインが遅れても快く対応してくれた,満足,シンプルなデザインがいい,感じた,風呂トイレが狭い,6,,石川県在住,観光地価格ではないおいしい新鮮な海産物が食べられるところがたくさんある。金沢市中心部は除く。,男,1991,石川県,加賀市,800万円以上 900万円未満,能登牛が当たる,,,
金沢エリア,チサンバジェット金沢駅前,2024/01/19 8:27:03,同意する,2泊,2泊,金沢エリア  （湯涌温泉、深谷温泉、犀川温泉など）,石川県外には泊まらない,自分ひとり,出張など仕事関係,新幹線,徒歩,,,"3,000円以上 5,000円未満","1,000円以上 3,000円未満","5,000円以上 10,000円未満",初めて,"インターネット・アプリ, タクシードライバーや地元の人",選択なし/該当施設なし,,選択なし/該当施設なし,自宅に戻る予定。,"5,000円以上 10,000円未満",満足,新しく綺麗だった。,満足,全体的に綺麗でした。,感じなかった,,10,,機会があれば行きたい,特になし。,男,1969,東京都,立川市,600万円以上 700万円未満,能登牛が当たる,,,駅からも近く、宿泊費も安いから。
金沢エリア,チサンバジェット金沢駅前,2024/01/23 23:35:49,同意する,2泊,1泊,金沢エリア  （湯涌温泉、深谷温泉、犀川温泉など）,新潟県,職場の同僚,出張など仕事関係,営業車,営業車,とても満足,道路が広く運転しやすい,"10,000円以上 20,000円未満","10,000円以上 20,000円未満","3,000円以上 5,000円未満",11回目以上,インターネット・アプリ,選択なし/該当施設なし,金沢市内取引先,選択なし/該当施設なし,金沢市内取引先,"30,000円以上 40,000円未満",満足,駐車場が近い,満足,清潔感がある,感じなかった,,10,,また行きたい（1年以内）,リーズナブルな居酒屋,男,1979,新潟県,新潟市,"900万円以上 1,000万円未満",能登牛が当たる,,,温泉
金沢エリア,チサンバジェット金沢駅前,2024/01/24 8:27:05,同意する,3泊,2泊,金沢エリア  （湯涌温泉、深谷温泉、犀川温泉など）,富山県,友人,"温泉や露天風呂, 地元の美味しいものを食べる","レンタカー, 在来線","レンタカー, 在来線",どちらでもない,サンダーバードは揺れるから心地よくない,"10,000円以上 20,000円未満","20,000円以上 30,000円未満","10,000円以上 20,000円未満",2～5回目,インターネット・アプリ,兼六園,,近江町市場,,"10,000円以上 20,000円未満",満足,駅から近い,満足,交通アクセスが便利,感じなかった,特になし,8,,機会があれば行きたい,特になし,女,1977,大阪府,大阪市,600万円以上 700万円未満,能登牛が当たる,,,食べ物がおいしく、雪化粧がきれい
金沢エリア,チサンバジェット金沢駅前,2024/01/25 17:51:38,同意する,4泊以上,4泊以上,金沢エリア  （湯涌温泉、深谷温泉、犀川温泉など）,石川県外には泊まらない,職場の同僚,出張など仕事関係,自家用車,タクシー,満足,高速は距離かあったが快適ではあった,"5,000円以上 10,000円未満","3,000円以上 5,000円未満","100,000円以上",初めて,インターネット・アプリ,近江町市場,,選択なし/該当施設なし,能登,"5,000円以上 10,000円未満",どちらでもない,部屋が狭く簡素,どちらでもない,大浴場が欲しい,感じなかった,,8,特に特筆するものはない,また行きたい（1年以内）,美味しい食べ物と酒,男,1977,東京都,中野区,"900万円以上 1,000万円未満",能登牛が当たる,,,能登の自然と人の良さ
金沢エリア,チサンバジェット金沢駅前,2024/01/25 18:14:38,同意する,4泊以上,4泊以上,能登エリア （和倉温泉、七尾市、輪島市、珠洲市など）,石川県外には泊まらない,他の職場の方,能登半島地震での被災地へボランティア派遣,"新幹線, 在来線","レンタカー, 在来線",満足,空調もしっかりしており、時間通りの運行だったから,"5,000円以上 10,000円未満","10,000円以上 20,000円未満","5,000円以上 10,000円未満",初めて,インターネット・アプリ,選択なし/該当施設なし,,選択なし/該当施設なし,,"5,000円以上 10,000円未満",満足,何不自由なく過ごせた,満足,,感じなかった,,8,,また行きたい（1年以内）,特になし,男,1994,愛知県,名古屋市,700万円以上 800万円未満,能登牛が当たる,,,
金沢エリア,チサンバジェット金沢駅前,2024/01/26 1:00:32,同意する,4泊以上,4泊以上,金沢エリア  （湯涌温泉、深谷温泉、犀川温泉など）,石川県外には泊まらない,震災支援ボランティア,震災支援,レンタカー,レンタカー,どちらでもない,,"10,000円以上 20,000円未満","10,000円以上 20,000円未満","10,000円以上 20,000円未満",初めて,インターネット・アプリ,選択なし/該当施設なし,,選択なし/該当施設なし,,"10,000円以上 20,000円未満",どちらでもない,,どちらでもない,,感じなかった,,6,,また行きたい（1年以内）,温泉,男,1966,神奈川県,横浜市,"900万円以上 1,000万円未満",能登牛が当たる,,,
金沢エリア,チサンバジェット金沢駅前,2024/01/26 12:36:46,同意する,4泊以上,2泊,金沢エリア  （湯涌温泉、深谷温泉、犀川温泉など）,富山県,職場の同僚,"地元の美味しいものを食べる, 名所、旧跡の観光",自家用車,自家用車,,,"40,000円以上 50,000円未満","10,000円以上 20,000円未満","30,000円以上 40,000円未満",初めて,インターネット・アプリ,近江町市場,,ひがし茶屋街,,"50,000円以上 100,000円未満",満足,フロントが丁寧で気持ちよく過ごせた。,とても満足,建物が新しく、清潔感があったから。,感じた,アメニティが少ない。（リンス単体がない）,10,立地がよくて観光にするには便利でした。近くの飲食店マップも参考になりました。,また行きたい（1年以内）,美味しい海の幸と、伝統やモダン問わずの芸術文化を満喫したいです、、,女,1998,三重県,四日市市,300万円以上 400万円未満,能登牛が当たる,,,海鮮と和菓子が美味しいので、グルメを満喫してほしい。
金沢エリア,チサンバジェット金沢駅前,2024/01/26 20:29:45,同意する,4泊以上,4泊以上,金沢エリア  （湯涌温泉、深谷温泉、犀川温泉など）,石川県外には泊まらない,職場の同僚,出張など仕事関係,レンタカー,レンタカー,満足,道路事情に支障がなかったから,"5,000円以上 10,000円未満","5,000円以上 10,000円未満","10,000円以上 20,000円未満",2～5回目,職場の手配,選択なし/該当施設なし,,選択なし/該当施設なし,石川県庁,"1,000円以上 3,000円未満",満足,丁寧な接客,満足,衛生的な居室,感じなかった,,9,なし,また行きたい（1年以内）,寒ブリを食べる,男,1970,新潟県,新潟市,800万円以上 900万円未満,"能登牛が当たる, 石川県の雑学を知りたい",,,利便性
金沢エリア,チサンバジェット金沢駅前,2024/01/27 7:07:20,同意する,1泊,1泊,金沢エリア  （湯涌温泉、深谷温泉、犀川温泉など）,石川県外には泊まらない,自分ひとり,"宿でのんびり過ごす, 地元の美味しいものを食べる","在来線, 飛行機",徒歩,満足,アクセスのし易さ、快適さ,"10,000円以上 20,000円未満","10,000円以上 20,000円未満","5,000円以上 10,000円未満",初めて,予約サイト,ひがし茶屋街,,近江町市場,,"10,000円以上 20,000円未満",満足,丁度よさ,満足,きれい,感じなかった,,8,特になし,また行きたい（1年以内）,特になし,男,1976,千葉県,船橋市,700万円以上 800万円未満,能登牛が当たる,,,食について
金沢エリア,チサンバジェット金沢駅前,2024/01/29 8:37:55,同意する,4泊以上,4泊以上,金沢エリア  （湯涌温泉、深谷温泉、犀川温泉など）,石川県外には泊まらない,職場の同僚,出張など仕事関係,"新幹線, 在来線","在来線, 徒歩",,,"50,000円以上 100,000円未満","50,000円以上 100,000円未満","20,000円以上 30,000円未満",初めて,TV・ラジオ番組やCM,選択なし/該当施設なし,,選択なし/該当施設なし,,"50,000円以上 100,000円未満",満足,,満足,,感じなかった,,8,,機会があれば行きたい,特になし,男,1978,広島県,呉市,600万円以上 700万円未満,能登牛が当たる,,,
金沢エリア,チサンバジェット金沢駅前,2024/02/01 12:50:37,同意する,1泊,1泊,金沢エリア  （湯涌温泉、深谷温泉、犀川温泉など）,石川県外には泊まらない,子供,友人・親戚を訪ねる,自家用車,自家用車,,,"5,000円以上 10,000円未満","3,000円以上 5,000円未満","5,000円以上 10,000円未満",初めて,インターネット・アプリ,選択なし/該当施設なし,,尾山神社,,"5,000円以上 10,000円未満",どちらでもない,部屋に何も無さすぎ,どちらでもない,,感じなかった,,7,無し,機会があれば行きたい,今震災後なので観光してもと思いましたが来ることで石川の経済が回ればいいかなぁと。施設も壁にヒビが入っていたところもあったので早く元に戻ることを願っております。例えばお酒とか売り場に少なかった。,女,1967,福井県,南条郡南越前町,800万円以上 900万円未満,なんとなく,,,尾山神社　梅がチラホラ咲き始めていた
金沢エリア,チサンバジェット金沢駅前,2024/02/01 22:38:19,同意する,1泊,1泊,金沢エリア  （湯涌温泉、深谷温泉、犀川温泉など）,石川県外には泊まらない,自分ひとり,出張など仕事関係,自家用車,自家用車,,,"5,000円以上 10,000円未満","3,000円以上 5,000円未満","5,000円以上 10,000円未満",2～5回目,インターネット・アプリ,選択なし/該当施設なし,観光をしていない,選択なし/該当施設なし,仕事の為、寄らない,"5,000円以上 10,000円未満",満足,フロント対応が丁寧,満足,きれい,感じなかった,,9,,また行きたい（1年以内）,特に無い,男,1978,長野県,松本市,400万円以上 500万円未満,"能登牛が当たる, ひゃくまんさんが好き",,,
金沢エリア,チサンバジェット金沢駅前,2024/02/03 14:27:47,同意する,2泊,2泊,金沢エリア  （湯涌温泉、深谷温泉、犀川温泉など）,石川県外には泊まらない,夫婦2人,"地元の美味しいものを食べる, まちあるき、都市散策",自家用車,自家用車,,,"10,000円以上 20,000円未満","3,000円以上 5,000円未満","50,000円以上 100,000円未満",初めて,インターネット・アプリ,近江町市場,,ひがし茶屋街,,"1,000円以上 3,000円未満",満足,,どちらでもない,,感じた,ユニットバスが狭い,10,,また行きたい（1年以内）,金沢おでんをもっと広がってほしい,男,1978,富山県,富山市,400万円以上 500万円未満,能登牛が当たる,,,歴史ある建造物や美味しい食べ物
金沢エリア,チサンバジェット金沢駅前,2024/02/05 22:07:24,同意する,3泊,3泊,金沢エリア  （湯涌温泉、深谷温泉、犀川温泉など）,石川県外には泊まらない,自分ひとり,出張など仕事関係,新幹線,徒歩,,,"5,000円以上 10,000円未満","1,000円未満","10,000円以上 20,000円未満",初めて,社内サイト,選択なし/該当施設なし,,選択なし/該当施設なし,,使わない,満足,,満足,,感じなかった,,7,,また行きたい（1年以内）,ひゃくまんさんのグッズ,女,1988,東京都,品川区,"900万円以上 1,000万円未満","能登牛が当たる, ひゃくまんさんが好き, ARでひゃくまんさんと写真が撮りたかった, 動く３Dひゃくまんさんを見たい",,,
金沢エリア,チサンバジェット金沢駅前,2024/02/06 19:15:50,同意する,1泊,1泊,金沢エリア  （湯涌温泉、深谷温泉、犀川温泉など）,石川県外には泊まらない,自分ひとり,出張など仕事関係,新幹線,在来線,,,使わない,使わない,使わない,初めて,インターネット・アプリ,選択なし/該当施設なし,,選択なし/該当施設なし,,使わない,満足,,満足,,感じなかった,,7,,また行きたい（1年以内）,とくになし,無回答,1972,新潟県,新潟市,800万円以上 900万円未満,能登牛が当たる,,,
金沢エリア,チサンバジェット金沢駅前,2024/02/06 19:33:32,同意する,2泊,2泊,金沢エリア  （湯涌温泉、深谷温泉、犀川温泉など）,石川県外には泊まらない,職場の同僚,"地元の美味しいものを食べる, 名所、旧跡の観光, まちあるき、都市散策","在来線, サンダーバード","在来線, サンダーバード",とても満足,京都から2時間半で到着するし、車内も快適に過ごせたから,"20,000円以上 30,000円未満","10,000円以上 20,000円未満","20,000円以上 30,000円未満",初めて,インターネット・アプリ,ひがし茶屋街,,近江町市場,,"20,000円以上 30,000円未満",とても満足,アメニティも充実していてよかった,とても満足,部屋も清潔感があり居心地の良いホテルでした,感じなかった,,10,このホテルでは残念ながら食事やお土産の買い物などはしていません,また行きたい（1年以内）,やはり海鮮と美味しいお酒,男,1986,奈良県,天理市,200万円以上 300万円未満,"能登牛が当たる, 石川県のおすすめ観光スポットが見たい, 石川県の雑学を知りたい",,,金沢駅から近くスタッフの対応もよく居心地がよかったから
金沢エリア,チサンバジェット金沢駅前,2024/02/06 21:12:03,同意する,2泊,2泊,金沢エリア  （湯涌温泉、深谷温泉、犀川温泉など）,石川県外には泊まらない,自分ひとり,出張など仕事関係,新幹線,徒歩,,,"10,000円以上 20,000円未満","1,000円以上 3,000円未満","5,000円以上 10,000円未満",初めて,インターネット・アプリ,選択なし/該当施設なし,松任城址公園,選択なし/該当施設なし,,"10,000円以上 20,000円未満",満足,,満足,新しいホテルできれい,感じなかった,,8,,また行きたい（1年以内）,海鮮,男,1963,神奈川県,横浜市,700万円以上 800万円未満,能登牛が当たる,,,
金沢エリア,チサンバジェット金沢駅前,2024/02/07 21:16:14,同意する,1泊,1泊,金沢エリア  （湯涌温泉、深谷温泉、犀川温泉など）,石川県外には泊まらない,自分ひとり,出張など仕事関係,新幹線,徒歩,,,"10,000円以上 20,000円未満","20,000円以上 30,000円未満","3,000円以上 5,000円未満",2～5回目,インターネット・アプリ,選択なし/該当施設なし,,選択なし/該当施設なし,,"1,000円未満",満足,必要にして十分。出張なので,満足,必要にして十分。出張なので,感じなかった,,6,,機会があれば行きたい,グルメ,男,1974,東京都,板橋区,"1,200万円以上 1,500万円未満",ひゃくまんさんが好き,,,
金沢エリア,チサンバジェット金沢駅前,2024/02/08 7:45:25,同意する,4泊以上,4泊以上,金沢エリア  （湯涌温泉、深谷温泉、犀川温泉など）,石川県外には泊まらない,自分ひとり,"地元の美味しいものを食べる, 出張など仕事関係, 七尾市のボランティア",新幹線,徒歩,,,"50,000円以上 100,000円未満","40,000円以上 50,000円未満","40,000円以上 50,000円未満",11回目以上,"インターネット・アプリ, Instagram, 友人・知人",ひがし茶屋街,,近江町市場,,"30,000円以上 40,000円未満",とても満足,連泊が初めてだったが、案内が丁寧で分かりやすかったため,とても満足,朝食メニューが毎日少しずつではあったが変わっていたので飽きずに食べられた。ボランティアできたので、昼食がコンビニ弁当のため、温かい朝ごはんはありがたかった。,感じなかった,,10,コーヒーをお部屋に持っていけるので、朝の支度をしながらゆっくり飲めて良かったです！,また行きたい（1年以内）,新潟県にないちょっと豪華な感じのおみやげ、みんなに喜ばれます。,女,1971,新潟県,燕市,400万円以上 500万円未満,能登牛が当たる,,,駅、駐車場からの利便の良さ
金沢エリア,チサンバジェット金沢駅前,2024/02/08 8:12:19,同意する,2泊,2泊,金沢エリア  （湯涌温泉、深谷温泉、犀川温泉など）,石川県外には泊まらない,職場の同僚,出張など仕事関係,自家用車,自家用車,,,"5,000円以上 10,000円未満",使わない,使わない,6～10回目,友人・知人,選択なし/該当施設なし,,選択なし/該当施設なし,,"1,000円以上 3,000円未満",どちらでもない,,満足,,感じなかった,,9,,また行きたい（1年以内）,特になし,男,1961,長野県,長野市,"1,200万円以上 1,500万円未満",能登牛が当たる,,,
金沢エリア,チサンバジェット金沢駅前,2024/02/09 6:58:57,同意する,1泊,1泊,金沢エリア  （湯涌温泉、深谷温泉、犀川温泉など）,石川県外には泊まらない,自分ひとり,出張など仕事関係,在来線,在来線,満足,大阪からサンダーバードで乗換なしで便利。,"5,000円以上 10,000円未満","20,000円以上 30,000円未満","5,000円以上 10,000円未満",11回目以上,インターネット・アプリ,兼六園,,近江町市場,,"5,000円以上 10,000円未満",不満,アメニティー、朝食にしても貧相,不満,宿泊コストに見合っておらず、割高。,感じた,コンセントの位置、テレビが小さい、水回りも扱いづらい。,0,,また行きたい（1年以内）,日本酒,男,1969,大阪府,大阪市,"1,200万円以上 1,500万円未満",能登牛が当たる,,,能登牛、蟹、おでん。
金沢エリア,チサンバジェット金沢駅前,2024/02/10 7:31:10,同意する,3泊,1泊,金沢エリア  （湯涌温泉、深谷温泉、犀川温泉など）,兵庫,自分ひとり,出張など仕事関係,"新幹線, 在来線",徒歩,,,"5,000円以上 10,000円未満","30,000円以上 40,000円未満","5,000円以上 10,000円未満",11回目以上,インターネット・アプリ,選択なし/該当施設なし,,選択なし/該当施設なし,,"5,000円以上 10,000円未満",満足,ゆっくり休めたから,満足,ゆっくり休めたから,感じなかった,,7,,機会があれば行きたい,なし,男,1982,新潟県,上越市,"900万円以上 1,000万円未満",なんとなく,,,
金沢エリア,チサンバジェット金沢駅前,2024/02/10 8:15:22,同意する,4泊以上,4泊以上,金沢エリア  （湯涌温泉、深谷温泉、犀川温泉など）,石川県外には泊まらない,自分ひとり,受験,自家用車,路線バス,,,使わない,"1,000円未満","1,000円以上 3,000円未満",6～10回目,Instagram,近江町市場,,選択なし/該当施設なし,,"20,000円以上 30,000円未満",満足,施設設備が綺麗でアメニティが充実しているから。,満足,,感じなかった,,9,,また行きたい（1年以内）,金沢おでんを食べにきたいです。,女,2001,富山県,富山市,100万円未満,能登牛が当たる,,,
金沢エリア,チサンバジェット金沢駅前,2024/02/10 8:27:29,同意する,4泊以上,4泊以上,金沢エリア  （湯涌温泉、深谷温泉、犀川温泉など）,石川県外には泊まらない,職場の同僚,出張など仕事関係,新幹線,"タクシー, 路線バス",とても満足,分かりやすく親切だった,"50,000円以上 100,000円未満","3,000円以上 5,000円未満","20,000円以上 30,000円未満",初めて,"新聞・雑誌・ガイドブック, インターネット・アプリ, タクシードライバーや地元の人",兼六園,,近江町市場,,"5,000円以上 10,000円未満",とても満足,,とても満足,,感じなかった,,10,,機会があれば行きたい,特になし,女,1996,秋田県,秋田市,300万円以上 400万円未満,能登牛が当たる,,,
金沢エリア,チサンバジェット金沢駅前,2024/02/10 20:43:14,同意する,1泊,1泊,金沢エリア  （湯涌温泉、深谷温泉、犀川温泉など）,石川県外には泊まらない,恋人,"宿でのんびり過ごす, 地元の美味しいものを食べる, 買い物、アウトレット",自家用車,徒歩,,,"5,000円以上 10,000円未満","3,000円以上 5,000円未満","20,000円以上 30,000円未満",初めて,"インターネット・アプリ, 友人・知人",ひがし茶屋街,フォーラス,兼六園,,"5,000円以上 10,000円未満",とても満足,綺麗でゆったりできた,とても満足,清潔だった,感じなかった,,8,飲食はしなかったためわからない,また行きたい（1年以内）,美味しい魚やスイーツ、兼六園などの名所など和と近代的なところ,女,2000,長野県,長野市,100万円以上 200万円未満,"能登牛が当たる, 石川県のおすすめ観光スポットが見たい",,,駅に近い為公共交通機関で来ても楽に動けて良い
金沢エリア,チサンバジェット金沢駅前,2024/02/12 6:16:33,同意する,4泊以上,4泊以上,金沢エリア  （湯涌温泉、深谷温泉、犀川温泉など）,石川県外には泊まらない,団体の仲間,復興支援,在来線,在来線,満足,楽でした,"10,000円以上 20,000円未満","5,000円以上 10,000円未満","100,000円以上",初めて,団体の情報,選択なし/該当施設なし,被災地,兼六園,,"10,000円以上 20,000円未満",とても不満,,どちらでもない,,感じた,水はでなかった,9,,また行きたい（1年以内）,いいところです,男,1971,広島県,広島市,600万円以上 700万円未満,ひゃくまんさんが好き,,,
金沢エリア,チサンバジェット金沢駅前,2024/02/12 20:53:21,同意する,4泊以上,4泊以上,金沢エリア  （湯涌温泉、深谷温泉、犀川温泉など）,石川県外には泊まらない,職場の同僚,"まちあるき、都市散策, 出張など仕事関係",新幹線,レンタカー,とても満足,燃費もよく快適,"10,000円以上 20,000円未満","1,000円以上 3,000円未満","3,000円以上 5,000円未満",初めて,インターネット・アプリ,ひがし茶屋街,,近江町市場,,"1,000円以上 3,000円未満",どちらでもない,ちょっと狭い感じがしました,満足,清潔な感じ,感じなかった,,7,特に利用してないです,機会があれば行きたい,特に無し,男,1964,千葉県,柏市,500万円以上 600万円未満,能登牛が当たる,,,キレイな街だし、観光名所も近い
金沢エリア,チサンバジェット金沢駅前,2024/02/13 17:52:22,同意する,4泊以上,4泊以上,金沢エリア  （湯涌温泉、深谷温泉、犀川温泉など）,石川県外には泊まらない,災害派遣,出張など仕事関係,"新幹線, 飛行機",徒歩,どちらでもない,,"50,000円以上 100,000円未満","50,000円以上 100,000円未満","20,000円以上 30,000円未満",初めて,人事課手配,選択なし/該当施設なし,,選択なし/該当施設なし,,"5,000円以上 10,000円未満",どちらでもない,,どちらでもない,,感じなかった,,5,,機会があれば行きたい,特になし,男,1998,島根県,浜田市,300万円以上 400万円未満,なんとなく,,,
金沢エリア,チサンバジェット金沢駅前,2024/02/13 23:21:54,同意する,2泊,2泊,金沢エリア  （湯涌温泉、深谷温泉、犀川温泉など）,石川県外には泊まらない,自分ひとり,出張など仕事関係,"新幹線, 在来線",在来線,満足,特急と新幹線で組み合わせることで短時間で移動出来たから,"20,000円以上 30,000円未満","10,000円以上 20,000円未満","20,000円以上 30,000円未満",6～10回目,インターネット・アプリ,選択なし/該当施設なし,仕事先,近江町市場,,"10,000円以上 20,000円未満",満足,意外と綺麗だったから,満足,スタッフの対応が良い,感じなかった,,6,購入していない,機会があれば行きたい,金澤ならではのお土産,女,1967,愛知県,中村区,"1,000万円以上 1,200万円未満",能登牛が当たる,,,食事
金沢エリア,チサンバジェット金沢駅前,2024/02/15 3:30:38,同意する,1泊,1泊,金沢エリア  （湯涌温泉、深谷温泉、犀川温泉など）,石川県外には泊まらない,自分ひとり,"地元の美味しいものを食べる, 出張など仕事関係",新幹線,"路線バス, 徒歩",,,"10,000円以上 20,000円未満","1,000円以上 3,000円未満","10,000円以上 20,000円未満",初めて,インターネット・アプリ,選択なし/該当施設なし,県庁,近江町市場,県庁,使わない,どちらでもない,シャンプー・リンスは持参必須,どちらでもない,シャンプー・リンスは持参必須だから,感じた,シャンプー・リンスをコンビニに買いに行った,5,,機会があれば行きたい,鮮魚,無回答,1989,東京都,世田谷区,700万円以上 800万円未満,"ひゃくまんさんが好き, なんとなく",,,
金沢エリア,チサンバジェット金沢駅前,2024/02/15 8:28:45,同意する,4泊以上,4泊以上,金沢エリア  （湯涌温泉、深谷温泉、犀川温泉など）,石川県外には泊まらない,職場の同僚,出張など仕事関係,"新幹線, 在来線",徒歩,,,"10,000円以上 20,000円未満","20,000円以上 30,000円未満","20,000円以上 30,000円未満",初めて,インターネット・アプリ,兼六園,,ひがし茶屋街,,"1,000円以上 3,000円未満",どちらでもない,,どちらでもない,,感じた,スリッパが歩きにくい,3,,また行きたい（1年以内）,土地のならではの食べ物,女,1972,香川県,綾歌郡綾川町,400万円以上 500万円未満,能登牛が当たる,,,
金沢エリア,チサンバジェット金沢駅前,2024/02/15 10:02:49,同意する,4泊以上,4泊以上,金沢エリア  （湯涌温泉、深谷温泉、犀川温泉など）,石川県外には泊まらない,自分ひとり,出張など仕事関係,"在来線, 飛行機",徒歩,,,"30,000円以上 40,000円未満","50,000円以上 100,000円未満","40,000円以上 50,000円未満",初めて,友人・知人,選択なし/該当施設なし,,尾山神社,,"30,000円以上 40,000円未満",どちらでもない,,不満,,感じた,,1,,機会があれば行きたい,特になし,男,1965,愛媛県,松山市,"900万円以上 1,000万円未満",能登牛が当たる,,,
金沢エリア,チサンバジェット金沢駅前,2024/02/15 13:44:31,同意する,1泊,1泊,金沢エリア  （湯涌温泉、深谷温泉、犀川温泉など）,石川県外には泊まらない,自分ひとり,出張など仕事関係,新幹線,徒歩,,,"5,000円以上 10,000円未満","20,000円以上 30,000円未満","5,000円以上 10,000円未満",初めて,インターネット・アプリ,選択なし/該当施設なし,特に訪問箇所はない,選択なし/該当施設なし,特に訪問箇所はない,"5,000円以上 10,000円未満",不満,ウォシュレットの水が冷たかった,不満,価格に対して設備の品質が不十分,感じた,ウォシュレットの水が冷たかった,7,,また行きたい（1年以内）,駅弁の種類が豊富にあると良い,男,1962,東京都,江戸川区,700万円以上 800万円未満,能登牛が当たる,,,食事:ゴリ、ホタルイカなど
金沢エリア,チサンバジェット金沢駅前,2024/02/16 21:19:37,同意する,4泊以上,4泊以上,能登エリア （和倉温泉、七尾市、輪島市、珠洲市など）,石川県外には泊まらない,職場の同僚,出張など仕事関係,飛行機,レンタカー,どちらでもない,空港から遠い,"30,000円以上 40,000円未満","5,000円以上 10,000円未満","40,000円以上 50,000円未満",初めて,友人・知人,選択なし/該当施設なし,復興支援のため,選択なし/該当施設なし,復興支援のため,"5,000円以上 10,000円未満",とても満足,値段がリーズナブル,とても満足,部屋が綺麗,感じなかった,,10,,機会があれば行きたい,特になし,男,1976,熊本県,荒尾市,400万円以上 500万円未満,石川県のおすすめ観光スポットが見たい,,,次は観光で来たい
金沢エリア,チサンバジェット金沢駅前,2024/02/17 2:25:24,同意する,4泊以上,4泊以上,能登エリア （和倉温泉、七尾市、輪島市、珠洲市など）,石川県外には泊まらない,職場の同僚,出張など仕事関係,新幹線,レンタカー,とても満足,特に不便を感じなかったから,"5,000円以上 10,000円未満","100,000円以上","20,000円以上 30,000円未満",2～5回目,インターネット・アプリ,選択なし/該当施設なし,,兼六園,,使わない,とても満足,,とても満足,,感じなかった,,10,,また行きたい（1年以内）,特になし,女,1974,熊本県,熊本市,"1,000万円以上 1,200万円未満",能登牛が当たる,,,
金沢エリア,チサンバジェット金沢駅前,2024/02/17 17:00:38,同意する,1泊,1泊,金沢エリア  （湯涌温泉、深谷温泉、犀川温泉など）,石川県外には泊まらない,自分ひとり,出張など仕事関係,飛行機,"路線バス, 徒歩",どちらでもない,乗り場がわかりにくい,"5,000円以上 10,000円未満","30,000円以上 40,000円未満","20,000円以上 30,000円未満",11回目以上,友人・知人,選択なし/該当施設なし,武蔵の会議施設,ひがし茶屋街,,"5,000円以上 10,000円未満",とても満足,駅地下清潔,とても満足,清潔,感じなかった,,10,シンプルなシステムで使いやすい,また行きたい（1年以内）,能登方面の観光にまた訪れたい,男,1974,東京都,板橋区,"1,500万円以上","能登牛が当たる, ひゃくまんさんが好き",,,海山の幸
金沢エリア,チサンバジェット金沢駅前,2024/02/17 17:33:46,同意する,1泊,1泊,金沢エリア  （湯涌温泉、深谷温泉、犀川温泉など）,石川県外には泊まらない,職場の同僚,"地元の美味しいものを食べる, 名所、旧跡の観光",新幹線,徒歩,,,"10,000円以上 20,000円未満","30,000円以上 40,000円未満","10,000円以上 20,000円未満",初めて,"新聞・雑誌・ガイドブック, X(旧：Twitter)",ひがし茶屋街,,尾山神社,,"20,000円以上 30,000円未満",満足,,満足,部屋が綺麗でした,感じなかった,,9,大浴場,また行きたい（1年以内）,海鮮,男,1969,東京都,江戸川区,600万円以上 700万円未満,能登牛が当たる,,,家族
金沢エリア,チサンバジェット金沢駅前,2024/02/18 7:15:27,同意する,4泊以上,4泊以上,能登エリア （和倉温泉、七尾市、輪島市、珠洲市など）,石川県外には泊まらない,職場の同僚,出張など仕事関係,"新幹線, 在来線",徒歩,,,"100,000円以上","50,000円以上 100,000円未満","20,000円以上 30,000円未満",初めて,インターネット・アプリ,近江町市場,,選択なし/該当施設なし,,"100,000円以上",とても満足,接客が丁寧,満足,お風呂が狭い,感じた,トイレが狭い,10,,機会があれば行きたい,金沢駅周辺にお土産屋さんを増やてほしい,男,1999,熊本県,熊本市,700万円以上 800万円未満,なんとなく,,,このえいちば
金沢エリア,チサンバジェット金沢駅前,2024/02/18 19:15:11,同意する,4泊以上,4泊以上,金沢エリア  （湯涌温泉、深谷温泉、犀川温泉など）,石川県外には泊まらない,団体旅行,"地元の美味しいものを食べる, 出張など仕事関係","新幹線, 在来線",徒歩,,,"30,000円以上 40,000円未満","40,000円以上 50,000円未満","50,000円以上 100,000円未満",2～5回目,"TV・ラジオ番組やCM, Instagram",近江町市場,,兼六園,,"30,000円以上 40,000円未満",満足,,満足,シンプルで便利,感じた,ユニットバスが狭い,7,,また行きたい（1年以内）,城下町、のどぐろ,女,1997,東京都,江東区,"1,000万円以上 1,200万円未満","能登牛が当たる, ひゃくまんさんが好き",,,
金沢エリア,チサンバジェット金沢駅前,2024/02/19 7:25:47,同意する,1泊,1泊,金沢エリア  （湯涌温泉、深谷温泉、犀川温泉など）,石川県外には泊まらない,自分ひとり,テーマパーク（遊園地、動物園、博物館など）,新幹線,徒歩,,,"30,000円以上 40,000円未満","20,000円以上 30,000円未満","10,000円以上 20,000円未満",初めて,"インターネット・アプリ, 友人・知人",金沢21世紀美術館,音楽堂,ひがし茶屋街,,"10,000円以上 20,000円未満",どちらでもない,あれこれ考えず、駅から徒歩で空いている宿をさがしたから。,どちらでもない,お茶パックよろしからず、スリッパはきにくいシニア世代の私はつっかかり転倒しそうになつた。危険かも,感じた,上記のスリッパです。,7,朝食、フルーツがなくて残念。,機会があれば行きたい,金沢21世紀美術館はとてもよい。オーケストラアンサンブル金沢のコンサートも素晴らしいです。休憩時に能登支援のカンパをしたのもよかった！85万円集まったとか。多くを占める石川県民の被災した人々を思うあたたかさだとおもいます。ささやかに私もかんぱ。ゆたかな文化を育んできた土地柄とりかあしました。とらトラアンサンブル金沢のコンサートも素晴らしい。ささえている多くの地元企業や個人がいればこそ。コンサートの休憩時に能登支援のカンパを募り,女,1955,神奈川県,横浜市,200万円以上 300万円未満,"石川県のおすすめ観光スポットが見たい, 石川県の雑学を知りたい",,,美術館よし！音楽堂、オーケストラアンサンブル金沢の演奏会素晴らしかったブラボー！
金沢エリア,チサンバジェット金沢駅前,2024/02/19 17:57:35,同意する,3泊,3泊,金沢エリア  （湯涌温泉、深谷温泉、犀川温泉など）,石川県外には泊まらない,自分ひとり,出張など仕事関係,在来線,徒歩,,,"10,000円以上 20,000円未満","1,000円以上 3,000円未満","5,000円以上 10,000円未満",初めて,指定された,選択なし/該当施設なし,いしかわスポーツセンター,選択なし/該当施設なし,いしかわスポーツセンター,"1,000円以上 3,000円未満",とても満足,部屋がちょうどいい,とても満足,駅から近い,感じなかった,,8,利用なし,機会があれば行きたい,特になし,女,1995,福井県,福井市,"900万円以上 1,000万円未満",能登牛が当たる,,,駅からのちかさ
金沢エリア,チサンバジェット金沢駅前,2024/02/20 8:02:57,同意する,3泊,1泊,金沢エリア  （湯涌温泉、深谷温泉、犀川温泉など）,富山県,職場の同僚,出張など仕事関係,"新幹線, 在来線",自家用車,,,"5,000円以上 10,000円未満","20,000円以上 30,000円未満","1,000円以上 3,000円未満",初めて,インターネット・アプリ,選択なし/該当施設なし,仕事のため,選択なし/該当施設なし,仕事のため,"1,000円以上 3,000円未満",とても不満,エアコンも埃だらけで最悪,とても不満,宿泊代に見合わない部屋,感じた,補助電気もつかない、エアコンもつかない,0,このホテルは二度と利用しません,どちらともいえない,特になし,男,1972,愛知県,豊橋市,"900万円以上 1,000万円未満",能登牛が当たる,,,
金沢エリア,チサンバジェット金沢駅前,2024/02/22 22:23:20,同意する,3泊,3泊,金沢エリア  （湯涌温泉、深谷温泉、犀川温泉など）,石川県外には泊まらない,職場の同僚,出張など仕事関係,新幹線,徒歩,,,"20,000円以上 30,000円未満","30,000円以上 40,000円未満","20,000円以上 30,000円未満",初めて,友人・知人,選択なし/該当施設なし,能登半島,選択なし/該当施設なし,,"5,000円以上 10,000円未満",どちらでもない,,どちらでもない,,感じた,アメニティ交換の非効率性,6,,機会があれば行きたい,季節によるがカニを食べたい,男,1967,東京都,多摩市,600万円以上 700万円未満,能登牛が当たる,,,
金沢エリア,チサンバジェット金沢駅前,2024/02/22 22:24:22,同意する,4泊以上,4泊以上,金沢エリア  （湯涌温泉、深谷温泉、犀川温泉など）,石川県外には泊まらない,自分ひとり,出張など仕事関係,新幹線,徒歩,,,"100,000円以上","30,000円以上 40,000円未満","50,000円以上 100,000円未満",初めて,"インターネット・アプリ, Instagram, 友人・知人",近江町市場,,ひがし茶屋街,,"50,000円以上 100,000円未満",満足,スタッフが優しかったから,満足,シンプルで余計なものがなくて過ごしやすいから,感じた,お部屋にスタッフに繋なぐ電話がないこと。,10,朝食食べてみたかったです,また行きたい（1年以内）,お魚、お肉、和菓子、お酒最高でした,女,1996,埼玉県,北本市,400万円以上 500万円未満,能登牛が当たる,,,美味しいものがたくさんあって、観光地も近くにあって回りやすいから。
金沢エリア,チサンバジェット金沢駅前,2024/02/22 23:58:02,同意する,4泊以上,4泊以上,金沢エリア  （湯涌温泉、深谷温泉、犀川温泉など）,石川県外には泊まらない,職場の同僚,出張など仕事関係,新幹線,レンタカー,とても満足,駅にレンタカーショップが隣接している,"50,000円以上 100,000円未満","50,000円以上 100,000円未満","30,000円以上 40,000円未満",初めて,友人・知人,金沢21世紀美術館,,近江町市場,,使わない,とても満足,接客が丁寧,とても満足,清掃が行き届いている,感じなかった,,10,特になし,また行きたい（1年以内）,金沢を拠点にしたが、観光地が近く多数の名所を巡れる,男,1987,佐賀県,佐賀市,600万円以上 700万円未満,能登牛が当たる,,,金沢駅周辺に観光地がある
金沢エリア,チサンバジェット金沢駅前,2024/02/24 15:51:11,同意する,1泊,1泊,金沢エリア  （湯涌温泉、深谷温泉、犀川温泉など）,石川県外には泊まらない,自分ひとり,宿でのんびり過ごす,新幹線,徒歩,,,"10,000円以上 20,000円未満","10,000円以上 20,000円未満","10,000円以上 20,000円未満",初めて,インターネット・アプリ,兼六園,,近江町市場,,"1,000円未満",満足,,満足,,感じなかった,,8,,また行きたい（1年以内）,お土産における洋菓子と伝統菓子の割合を一緒にして欲しい,男,2004,静岡県,静岡市,100万円未満,"能登牛が当たる, 石川県のおすすめ観光スポットが見たい",,,
金沢エリア,チサンバジェット金沢駅前,2024/02/24 20:57:21,同意する,2泊,2泊,金沢エリア  （湯涌温泉、深谷温泉、犀川温泉など）,石川県外には泊まらない,自分ひとり,"地元の美味しいものを食べる, 買い物、アウトレット, 被災地の様子見",新幹線,徒歩,,,"10,000円以上 20,000円未満","20,000円以上 30,000円未満","10,000円以上 20,000円未満",初めて,インターネット・アプリ,選択なし/該当施設なし,,選択なし/該当施設なし,七尾市,"1,000円以上 3,000円未満",とても満足,清掃もきちんとされていて、特に問題なく滞在できました。,とても満足,清掃もきちんとされていて、特に問題なく滞在できました。,感じなかった,,10,,また行きたい（1年以内）,駅中の飲食店が人の多さに対して少ないように感じた。勝手な想像ですが、乗降客数に対して駅が小さい？ような感じでした。混雑して大変。,女,1992,東京都,目黒区,200万円以上 300万円未満,能登牛が当たる,,,のどぐろはやはり美味しかったです
金沢エリア,チサンバジェット金沢駅前,2024/02/26 4:32:38,同意する,2泊,2泊,能登エリア （和倉温泉、七尾市、輪島市、珠洲市など）,石川県外には泊まらない,自分ひとり,友人・親戚を訪ねる,"新幹線, 在来線",徒歩,,,"5,000円以上 10,000円未満","40,000円以上 50,000円未満","20,000円以上 30,000円未満",初めて,インターネット・アプリ,近江町市場,,選択なし/該当施設なし,被災した輪島の親戚2家族に会うのが今回の目的なので。,"1,000円以上 3,000円未満",とても満足,今回は急遽決まったのですが自分で調べていた時にとても清潔感を感じる写真であったし旅行会社の担当者の方もとても綺麗なお部屋写真と言ってくれてて即決でした。,とても満足,スタッフさん方々のとても親戚でスムーズな対応をして頂いたので。,感じなかった,,10,,また行きたい（1年以内）,故母方の実家が輪島朝市通りの場所だった為小さい頃から石川県には良く来ていてお爺さん、親戚関連共に輪島塗り沈金職人さんの為間近に伝統工芸を体感していたり海、山自然豊かな場所を自転車でよく走り周っていました。朝市の活気ある雰囲気、金沢武家屋敷など遊びに来ては楽しませて貰った場所は多々ある石川県なので是非復活を心から願っています。,男,1973,神奈川県,横須賀市,500万円以上 600万円未満,"能登牛が当たる, ひゃくまんさんが好き, なんとなく",,,駅から近く写真を見た以上に綺麗でしたしスタッフさん方々の対応がほんととても良かったので。
金沢エリア,チサンバジェット金沢駅前,2024/02/26 8:15:53,同意する,3泊,3泊,金沢エリア  （湯涌温泉、深谷温泉、犀川温泉など）,石川県外には泊まらない,職場の同僚,"出張など仕事関係, 被災地支援",新幹線,レンタカー,満足,シェアカー利用。スムーズだった。,"5,000円以上 10,000円未満","20,000円以上 30,000円未満","40,000円以上 50,000円未満",初めて,友人・知人,選択なし/該当施設なし,被災地支援活動のため役所や福祉避難所訪問,選択なし/該当施設なし,香土,"5,000円以上 10,000円未満",不満,照明が明るすぎる。もう一段調節などできたら良かった。,どちらでもない,フロントで色々備品を持っていくシステムは構わないが、それに協力しただけのメリットをあまり感じられなかった（だから宿泊費がリーズナブルor朝食が美味しいもしくは飲料水のサービスがあるとか）,感じた,主に照明の件,4,,また行きたい（1年以内）,能登丼、ってなんだろう。次回食べてみたい。,女,1975,東京都,稲城市,200万円以上 300万円未満,能登牛が当たる,,,清潔な点は評価ポイント。スタッフも良い。
金沢エリア,チサンバジェット金沢駅前,2024/02/27 6:47:32,同意する,2泊,2泊,金沢エリア  （湯涌温泉、深谷温泉、犀川温泉など）,石川県外には泊まらない,職場の同僚,出張など仕事関係,新幹線,レンタカー,満足,快適に目的地に向かえたから,"10,000円以上 20,000円未満","30,000円以上 40,000円未満","20,000円以上 30,000円未満",2～5回目,インターネット・アプリ,近江町市場,,兼六園,,"40,000円以上 50,000円未満",満足,喫煙ルームもあり、快適だったから,とても満足,綺麗で快適、朝食も美味しかったから,感じなかった,,8,朝食のカレーが美味しかった。,また行きたい（1年以内）,次回はゴルフもしてみたい,男,1976,埼玉県,さいたま市,"1,500万円以上",能登牛が当たる,,,食事が美味しい。特にのどぐろが美味しかった。
金沢エリア,チサンバジェット金沢駅前,2024/02/28 7:53:08,同意する,2泊,2泊,金沢エリア  （湯涌温泉、深谷温泉、犀川温泉など）,石川県外には泊まらない,自分ひとり,"各種体験（手作り、果物狩りなど）, 出張など仕事関係",在来線,在来線,とても満足,サンダーバードに乗ってみたかった,"10,000円以上 20,000円未満","1,000円以上 3,000円未満","20,000円以上 30,000円未満",6～10回目,インターネット・アプリ,近江町市場,,兼六園,,"5,000円以上 10,000円未満",不満,部屋のコンセントの位置が使いにくい,満足,部屋がシンプルできれい,感じた,部屋の机に鏡が欲しい,10,,機会があれば行きたい,伝統工芸の体験がもっとやりたい,女,1969,京都府,京都市,400万円以上 500万円未満,能登牛が当たる,,,海鮮が美味しい
金沢エリア,チサンバジェット金沢駅前,2024/02/29 8:35:59,同意する,1泊,1泊,金沢エリア  （湯涌温泉、深谷温泉、犀川温泉など）,石川県外には泊まらない,自分ひとり,出張など仕事関係,新幹線,徒歩,とても満足,,"10,000円以上 20,000円未満","3,000円以上 5,000円未満","5,000円以上 10,000円未満",初めて,インターネット・アプリ,近江町市場,,ひがし茶屋街,,"5,000円以上 10,000円未満",とても満足,,とても満足,,感じなかった,,10,,また行きたい（1年以内）,カニ,男,1976,神奈川県,逗子市,"1,500万円以上",能登牛が当たる,,,
金沢エリア,チサンバジェット金沢駅前,2024/02/29 18:23:48,同意する,4泊以上,4泊以上,金沢エリア  （湯涌温泉、深谷温泉、犀川温泉など）,石川県外には泊まらない,職場の同僚,出張など仕事関係,"新幹線, 在来線","自家用車, 徒歩",,,"20,000円以上 30,000円未満","20,000円以上 30,000円未満","20,000円以上 30,000円未満",初めて,"友人・知人, タクシードライバーや地元の人",選択なし/該当施設なし,七尾市役所,選択なし/該当施設なし,七尾市役所,"1,000円以上 3,000円未満",満足,ストレスがなかった,満足,ストレスがなかった,感じなかった,,9,みそまん,石川県在住,ふあんてん,男,1983,香川県,丸亀市,500万円以上 600万円未満,能登牛が当たる,,,観光
金沢エリア,チサンバジェット金沢駅前,2024/03/01 16:51:33,同意する,1泊,3泊,能登エリア （和倉温泉、七尾市、輪島市、珠洲市など）,石川県外には泊まらない,職場の同僚,震災支援,新幹線,徒歩,,,"5,000円以上 10,000円未満",使わない,"3,000円以上 5,000円未満",初めて,インターネット・アプリ,選択なし/該当施設なし,,選択なし/該当施設なし,輪島市,"10,000円以上 20,000円未満",どちらでもない,シンプルだった,どちらでもない,,感じた,朝食が取れなかった,6,,機会があれば行きたい,特に無し,男,1971,長野県,長野市,"900万円以上 1,000万円未満",能登牛が当たる,,,震災支援
金沢エリア,チサンバジェット金沢駅前,2024/03/02 0:57:49,同意する,2泊,2泊,金沢エリア  （湯涌温泉、深谷温泉、犀川温泉など）,石川県外には泊まらない,チーム,その他スポーツ（ゴルフ、テニスなど）,自家用車,自家用車,,,"10,000円以上 20,000円未満","30,000円以上 40,000円未満","3,000円以上 5,000円未満",2～5回目,"観光展・物産展, 観光パンフレット・ポスター, インターネット・アプリ",選択なし/該当施設なし,金沢駅前,選択なし/該当施設なし,金沢市総合体育館,"5,000円以上 10,000円未満",満足,,満足,,感じなかった,,8,,機会があれば行きたい,色々見れて楽しく過ごせました,女,1970,広島県,広島市,300万円以上 400万円未満,石川県のおすすめ観光スポットが見たい,,,
金沢エリア,チサンバジェット金沢駅前,2024/03/02 6:59:04,同意する,2泊,2泊,金沢エリア  （湯涌温泉、深谷温泉、犀川温泉など）,石川県外には泊まらない,夫婦2人,スポーツ観戦や芸術鑑賞（コンサート等）,自家用車,自家用車,,町が綺麗に整備されている,"10,000円以上 20,000円未満","30,000円以上 40,000円未満","10,000円以上 20,000円未満",2～5回目,インターネット・アプリ,近江町市場,善光寺,選択なし/該当施設なし,金沢駅周辺,"5,000円以上 10,000円未満",満足,衛生的,満足,清掃が行き届いている,感じなかった,,5,牛乳が無いのが残念,機会があれば行きたい,特になし,男,1952,広島県,広島市,300万円以上 400万円未満,能登牛が当たる,,,善光寺
金沢エリア,チサンバジェット金沢駅前,2024/03/04 17:52:36,同意する,2泊,2泊,金沢エリア  （湯涌温泉、深谷温泉、犀川温泉など）,石川県外には泊まらない,自分ひとり,名所、旧跡の観光,在来線,"在来線, 徒歩",満足,電車での旅行は久しぶりでゆっくりできた,"10,000円以上 20,000円未満","10,000円以上 20,000円未満","5,000円以上 10,000円未満",初めて,インターネット・アプリ,選択なし/該当施設なし,大野湊神社,兼六園,,"10,000円以上 20,000円未満",どちらでもない,スーツケースを置く台がない。お茶はあったがコーヒーがなかった。,どちらでもない,料金が手頃だったので金額相応？,感じた,スーツケースとバッグが直置きだった,3,なし,機会があれば行きたい,海産物が美味しそうだった。お土産物が沢山あって迷う。,女,1962,愛知県,弥富市,"900万円以上 1,000万円未満",なんとなく,,,
金沢エリア,チサンバジェット金沢駅前,2024/03/04 19:24:04,同意する,4泊以上,4泊以上,金沢エリア  （湯涌温泉、深谷温泉、犀川温泉など）,石川県外には泊まらない,職場の同僚,出張など仕事関係,新幹線,徒歩,,,"50,000円以上 100,000円未満","50,000円以上 100,000円未満","20,000円以上 30,000円未満",初めて,友人・知人,選択なし/該当施設なし,,選択なし/該当施設なし,,"50,000円以上 100,000円未満",満足,,満足,,感じなかった,,7,,機会があれば行きたい,特になし,女,1992,秋田県,大仙市,400万円以上 500万円未満,能登牛が当たる,,,
金沢エリア,チサンバジェット金沢駅前,2024/03/05 20:04:54,同意する,2泊,2泊,金沢エリア  （湯涌温泉、深谷温泉、犀川温泉など）,石川県外には泊まらない,職場の同僚,出張など仕事関係,新幹線,徒歩,,,"10,000円以上 20,000円未満","20,000円以上 30,000円未満","10,000円以上 20,000円未満",6～10回目,友人・知人,選択なし/該当施設なし,寿司屋,選択なし/該当施設なし,,"20,000円以上 30,000円未満",不満,少しチープな感じがした。,どちらでもない,,感じなかった,,2,,また行きたい（1年以内）,寿司などの美味しい食べ物,男,1990,東京都,調布市,600万円以上 700万円未満,能登牛が当たる,,,
金沢エリア,チサンバジェット金沢駅前,2024/03/06 23:38:46,同意する,4泊以上,4泊以上,金沢エリア  （湯涌温泉、深谷温泉、犀川温泉など）,石川県外には泊まらない,職場の同僚,出張など仕事関係,新幹線,徒歩,,,"50,000円以上 100,000円未満","50,000円以上 100,000円未満","30,000円以上 40,000円未満",2～5回目,"観光パンフレット・ポスター, インターネット・アプリ",金沢21世紀美術館,,兼六園,,"50,000円以上 100,000円未満",満足,最上階でトレインビューの部屋だったから,満足,,感じた,洗濯機がいつも埋まっていた,7,,機会があれば行きたい,特になし,男,1966,秋田県,秋田市,"1,000万円以上 1,200万円未満",能登牛が当たる,,,海鮮が美味しい
金沢エリア,チサンバジェット金沢駅前,2024/03/07 17:18:07,同意する,1泊,1泊,金沢エリア  （湯涌温泉、深谷温泉、犀川温泉など）,石川県外には泊まらない,自分ひとり,出張など仕事関係,在来線,徒歩,,,"5,000円以上 10,000円未満","3,000円以上 5,000円未満","5,000円以上 10,000円未満",初めて,宿泊サイト,選択なし/該当施設なし,能登,近江町市場,,"5,000円以上 10,000円未満",満足,観光目的では無いビジネスマンからすると十分に感じるため,満足,清潔感あるため,感じなかった,,5,,また行きたい（1年以内）,大人のインスタ映え,男,1992,愛知県,名古屋市,200万円以上 300万円未満,能登牛が当たる,,,今後しらさぎが福井止まりになるため名古屋から向かうのに不便、
金沢エリア,チサンバジェット金沢駅前,2024/03/10 16:35:13,同意する,2泊,1泊,石川県内には宿泊しない,富山県,夫婦2人,地元の美味しいものを食べる,在来線,在来線,どちらでもない,金沢駅から少し遠い,"3,000円以上 5,000円未満",使わない,"10,000円以上 20,000円未満",初めて,インターネット・アプリ,近江町市場,,近江町市場,,使わない,どちらでもない,少し狭い。,満足,コスパは良いため,感じなかった,,5,,機会があれば行きたい,特になし,女,1993,愛知県,岩倉市,800万円以上 900万円未満,能登牛が当たる,,,安いため
金沢エリア,チサンバジェット金沢駅前,2024/03/10 18:27:16,同意する,4泊以上,4泊以上,金沢エリア  （湯涌温泉、深谷温泉、犀川温泉など）,石川県外には泊まらない,職場の同僚,災害復旧,社用車,社用車,どちらでもない,今回始めて,"5,000円以上 10,000円未満","10,000円以上 20,000円未満","1,000円未満",初めて,会災害復旧社,選択なし/該当施設なし,災害復旧,選択なし/該当施設なし,災害復旧,"1,000円未満",どちらでもない,,どちらでもない,,感じなかった,災害復旧,2,災害復旧,どちらともいえない,災害復旧,男,1972,千葉県,浦安市,200万円以上 300万円未満,能登牛が当たる,,,災害復旧
金沢エリア,チサンバジェット金沢駅前,2024/03/12 20:55:38,同意する,2泊,2泊,金沢エリア  （湯涌温泉、深谷温泉、犀川温泉など）,石川県外には泊まらない,自分ひとり,出張など仕事関係,新幹線,徒歩,,,"10,000円以上 20,000円未満",使わない,"5,000円以上 10,000円未満",11回目以上,インターネット・アプリ,選択なし/該当施設なし,,選択なし/該当施設なし,,使わない,満足,,満足,,感じなかった,,10,,また行きたい（1年以内）,美味しい肴と酒が楽しめること,男,1992,神奈川県,川崎市,800万円以上 900万円未満,能登牛が当たる,,,
金沢エリア,チサンバジェット金沢駅前,2024/03/13 7:51:24,同意する,4泊以上,4泊以上,能登エリア （和倉温泉、七尾市、輪島市、珠洲市など）,石川県外には泊まらない,職場の同僚,出張など仕事関係,"新幹線, 在来線",在来線,満足,もう少しスピードアップしてほしい,"30,000円以上 40,000円未満","10,000円以上 20,000円未満","20,000円以上 30,000円未満",初めて,自分では選んでいない,選択なし/該当施設なし,到着してすぐにチェックインした,近江町市場,,使わない,とても満足,駅から近くて良かった,とても満足,立地,感じた,コーヒーが飲みたかった,7,駅の土産物が充実していて良かった,また行きたい（1年以内）,お茶、芸者などの古典文化,女,1971,福岡県,福岡市,400万円以上 500万円未満,能登牛が当たる,,,金沢城
金沢エリア,チサンバジェット金沢駅前,2024/03/13 22:39:55,同意する,1泊,1泊,金沢エリア  （湯涌温泉、深谷温泉、犀川温泉など）,石川県外には泊まらない,自分ひとり,"まちあるき、都市散策, 各種体験（手作り、果物狩りなど）",在来線,徒歩,,,"5,000円以上 10,000円未満","1,000円未満","5,000円以上 10,000円未満",6～10回目,"インターネット・アプリ, 観光協会等の案内所, 未だ訪れたことの無い場所を探しました",選択なし/該当施設なし,最初,選択なし/該当施設なし,にし茶屋街,使わない,満足,部屋が広い,満足,,感じなかった,,7,,機会があれば行きたい,伝統工芸の体験,女,1977,大阪府,大阪市,300万円以上 400万円未満,能登牛が当たる,,,
金沢エリア,チサンバジェット金沢駅前,2024/03/14 20:55:18,同意する,4泊以上,4泊以上,金沢エリア  （湯涌温泉、深谷温泉、犀川温泉など）,石川県外には泊まらない,自分ひとり,出張など仕事関係,新幹線,レンタカー,とても満足,安い,"50,000円以上 100,000円未満","30,000円以上 40,000円未満","20,000円以上 30,000円未満",2～5回目,観光展・物産展,ひがし茶屋街,,近江町市場,,"10,000円以上 20,000円未満",満足,,満足,,感じなかった,,9,,また行きたい（1年以内）,特になし,男,1997,東京都,東村山市,"900万円以上 1,000万円未満","能登牛が当たる, 石川県のおすすめ観光スポットが見たい",,,
金沢エリア,チサンバジェット金沢駅前,2024/03/16 21:52:47,同意する,1泊,1泊,金沢エリア  （湯涌温泉、深谷温泉、犀川温泉など）,石川県外には泊まらない,自分ひとり,"地元の美味しいものを食べる, 名所、旧跡の観光, 買い物、アウトレット, お祭りやイベントへの参加・見物, まちあるき、都市散策",新幹線,徒歩,,,"50,000円以上 100,000円未満","30,000円以上 40,000円未満","5,000円以上 10,000円未満",初めて,イベントでここのホテルが指定されたので,選択なし/該当施設なし,,ひがし茶屋街,,"50,000円以上 100,000円未満",満足,駅から近く、部屋の清掃が行き届いている。部屋が狭い。,満足,受付対応がスムーズで良かったです。大浴場などの大きいお風呂があると更に良いと思いました。,感じなかった,,9,,機会があれば行きたい,特になし,女,1993,神奈川県,横浜市,100万円以上 200万円未満,能登牛が当たる,,,ひがし茶屋街を薦めたいです。昔ながらの街並みを楽しみながら地元グルメを味わったり、お土産を買うことができるからです。
金沢エリア,チサンバジェット金沢駅前,2024/03/16 22:46:33,同意する,1泊,1泊,金沢エリア  （湯涌温泉、深谷温泉、犀川温泉など）,石川県外には泊まらない,学校関係（修学旅行・社会科見学等）,お祭りやイベントへの参加・見物,新幹線,徒歩,満足,昨年も来させて頂いたが、時間が短縮された。構内も非常に綺麗であった。,"10,000円以上 20,000円未満","20,000円以上 30,000円未満","30,000円以上 40,000円未満",2～5回目,"インターネット・アプリ, 観光協会等の案内所",選択なし/該当施設なし,能美根上公民館,兼六園,,"10,000円以上 20,000円未満",どちらでもない,,どちらでもない,,感じなかった,,5,,また行きたい（1年以内）,特に無し,男,1992,愛知県,名古屋市,500万円以上 600万円未満,"能登牛が当たる, ひゃくまんさんが好き",,,
金沢エリア,チサンバジェット金沢駅前,2024/03/28 7:48:26,同意する,1泊,1泊,金沢エリア  （湯涌温泉、深谷温泉、犀川温泉など）,石川県外には泊まらない,友人,"地元の美味しいものを食べる, 名所、旧跡の観光, テーマパーク（遊園地、動物園、博物館など）",新幹線,路線バス,満足,半数が多い,"10,000円以上 20,000円未満","10,000円以上 20,000円未満","20,000円以上 30,000円未満",2～5回目,インターネット・アプリ,金沢21世紀美術館,,尾山神社,,使わない,とても満足,スタッフの対応がいい,満足,綺麗,感じなかった,,10,,また行きたい（1年以内）,ご当地があるのがいい,男,1978,京都府,亀岡市,500万円以上 600万円未満,なんとなく,,,観光するところが多い
金沢エリア,チサンバジェット金沢駅前,2024/04/09 8:44:55,同意する,1泊,1泊,金沢エリア  （湯涌温泉、深谷温泉、犀川温泉など）,石川県,夫婦2人,宿でのんびり過ごす,自家用車,自家用車,満足,ゆっくり出来ました,"10,000円以上 20,000円未満","1,000円未満","10,000円以上 20,000円未満",2～5回目,口コミ,選択なし/該当施設なし,金沢駅周辺,近江町市場,,"10,000円以上 20,000円未満",満足,金沢地ビール,満足,カレービーバー,感じなかった,,7,,機会があれば行きたい,農口尚彦研究所,男,1968,石川県,金沢市,800万円以上 900万円未満,能登牛が当たる,満足,7,
金沢エリア,チサンバジェット金沢駅前,2024/04/09 8:47:41,同意する,1泊,1泊,金沢エリア  （湯涌温泉、深谷温泉、犀川温泉など）,石川県外には泊まらない,夫婦2人,"宿でのんびり過ごす, 地元の美味しいものを食べる, 買い物、アウトレット, まちあるき、都市散策",自家用車,自家用車,,,"3,000円以上 5,000円未満","1,000円未満","3,000円以上 5,000円未満",2～5回目,"友人・知人, クチコミ",選択なし/該当施設なし,金沢フォーラス りんと,選択なし/該当施設なし,既に行ったから,"3,000円以上 5,000円未満",満足,ビール、ビーバーが付いてるプランに満足した,どちらでもない,朝ごはんが残念だった,感じた,ベルーガカフェの雰囲気はいいのに、お料理があまりに不満,5,駅から近いのはとてもいい。値段も良い。朝ごはんは、ほんとに残念。,また行きたい（1年以内）,ゆっくりすごせた,女,1983,富山県,射水市,800万円以上 900万円未満,"能登牛が当たる, なんとなく",とても満足,5,北陸割りはすごい
金沢エリア,チサンバジェット金沢駅前,2024/04/09 12:15:31,同意する,4泊以上,4泊以上,金沢エリア  （湯涌温泉、深谷温泉、犀川温泉など）,石川県外には泊まらない,自分ひとり,"地元の美味しいものを食べる, 花見や紅葉などの自然鑑賞, まちあるき、都市散策",飛行機,"在来線, 徒歩",不満,小松空港から小松駅までのバスを利用したが、出発が遅れて乗り継ぎの電車までダッシュした。乗り継ぎが不便,"20,000円以上 30,000円未満","1,000円以上 3,000円未満","10,000円以上 20,000円未満",初めて,インターネット・アプリ,ひがし茶屋街,,選択なし/該当施設なし,,"5,000円以上 10,000円未満",不満,デスクまわりの大きい鏡や、調整できる証明、ものを置く場所など一般的なホテルにはあるものがなくてとても不便に感じました。   ,不満,設備の簡素さの割に料金は安くない,感じた,窓の開閉がわかりずらく、また開けるのに力が必要で苦労した,2,朝食にはもっと野菜や果物があった方がいい,どちらともいえない,観光客が増えているようなので、ハイシーズンはバスの本数を増やした方がいいと思う,女,1977,北海道,千歳市,700万円以上 800万円未満,能登牛が当たる,満足,8,兼六園
金沢エリア,チサンバジェット金沢駅前,2024/04/09 13:24:12,同意する,1泊,1泊,金沢エリア  （湯涌温泉、深谷温泉、犀川温泉など）,石川県外には泊まらない,夫婦2人,宿でのんびり過ごす,自家用車,自家用車,,,"10,000円以上 20,000円未満","10,000円以上 20,000円未満","10,000円以上 20,000円未満",2～5回目,口コミ,選択なし/該当施設なし,,近江町市場,,"10,000円以上 20,000円未満",満足,金沢地ビール,満足,カレービーバー,感じなかった,,7,,機会があれば行きたい,美味しいもの,男,1968,石川県,金沢市,800万円以上 900万円未満,能登牛が当たる,満足,7,のんびり過ごせる
金沢エリア,チサンバジェット金沢駅前,2024/04/13 8:51:11,同意する,1泊,1泊,金沢エリア  （湯涌温泉、深谷温泉、犀川温泉など）,富山県,団体旅行,"地元の美味しいものを食べる, 名所、旧跡の観光",旅行会社ツアーバス,旅行会社ツアーバス,満足,,"20,000円以上 30,000円未満","20,000円以上 30,000円未満","10,000円以上 20,000円未満",6～10回目,観光展・物産展,兼六園,,金沢21世紀美術館,,"30,000円以上 40,000円未満",満足,,満足,,感じなかった,,2,,また行きたい（1年以内）,きんつば,男,1956,京都府,亀岡市,800万円以上 900万円未満,石川県のおすすめ観光スポットが見たい,満足,2,
金沢エリア,チサンバジェット金沢駅前,2024/04/13 17:17:05,同意する,1泊,1泊,金沢エリア  （湯涌温泉、深谷温泉、犀川温泉など）,石川県外には泊まらない,団体旅行,その他スポーツ（ゴルフ、テニスなど）,新幹線,徒歩,,,"5,000円以上 10,000円未満","30,000円以上 40,000円未満","20,000円以上 30,000円未満",2～5回目,インターネット・アプリ,兼六園,,選択なし/該当施設なし,,"10,000円以上 20,000円未満",とても満足,,とても満足,,感じなかった,,8,,また行きたい（1年以内）,特になし,女,1972,東京都,世田谷区,500万円以上 600万円未満,ひゃくまんさんが好き,とても満足,10,
金沢エリア,チサンバジェット金沢駅前,2024/04/14 17:22:33,同意する,1泊,1泊,金沢エリア  （湯涌温泉、深谷温泉、犀川温泉など）,石川県外には泊まらない,自分ひとり,ボランティア,新幹線,徒歩,,,"3,000円以上 5,000円未満","30,000円以上 40,000円未満","5,000円以上 10,000円未満",2～5回目,"インターネット・アプリ, Instagram",選択なし/該当施設なし,ボランティアできているので,選択なし/該当施設なし,ボランティアできているので,"1,000円未満",どちらでもない,,満足,綺麗な所,感じなかった,入り口がわかりずらかった事,10,特にないです,また行きたい（1年以内）,ありすぎて迷う,女,1976,千葉県,市川市,400万円以上 500万円未満,"能登牛が当たる, ひゃくまんさんが好き",満足,10,食べ物が美味しい
金沢エリア,チサンバジェット金沢駅前,2024/04/16 7:31:24,同意する,4泊以上,4泊以上,金沢エリア  （湯涌温泉、深谷温泉、犀川温泉など）,石川県外には泊まらない,自分ひとり,出張など仕事関係,"新幹線, 在来線",徒歩,,,"30,000円以上 40,000円未満","20,000円以上 30,000円未満","30,000円以上 40,000円未満",2～5回目,"新聞・雑誌・ガイドブック, インターネット・アプリ",兼六園,,選択なし/該当施設なし,,"5,000円以上 10,000円未満",どちらでもない,,どちらでもない,,感じた,荷物台が有ればなおよかった。,5,,また行きたい（1年以内）,特になし,男,1963,大阪府,大阪市,800万円以上 900万円未満,チラシがあったから,満足,8,
金沢エリア,チサンバジェット金沢駅前,2024/04/20 20:11:00,同意する,3泊,1泊,金沢エリア  （湯涌温泉、深谷温泉、犀川温泉など）,新潟,自分ひとり,"地元の美味しいものを食べる, まちあるき、都市散策",新幹線,徒歩,,,"5,000円以上 10,000円未満","10,000円以上 20,000円未満","5,000円以上 10,000円未満",初めて,インターネット・アプリ,選択なし/該当施設なし,謎屋珈琲店,選択なし/該当施設なし,,"3,000円以上 5,000円未満",満足,,満足,,感じた,入口までの道路案内が不明瞭だった（どこを渡ったらいいのかわからない、HPにも記載なし）,6,,また行きたい（1年以内）,体験クーポン(3箇所割引クーポンみたいなもの）があるといいが欲しい,男,1991,東京都,江戸川区,300万円以上 400万円未満,"なんとなく, 世帯年収聞く必要ありますか??項目に答えたくないが欲しい",満足,9,
金沢エリア,チサンバジェット金沢駅前,2024/04/21 6:31:24,同意する,1泊,1泊,金沢エリア  （湯涌温泉、深谷温泉、犀川温泉など）,石川県外には泊まらない,自分ひとり,"温泉や露天風呂, 地元の美味しいものを食べる, 買い物、アウトレット, まちあるき、都市散策","在来線, 飛行機",在来線,満足,近場に名勝が多い,"10,000円以上 20,000円未満","3,000円以上 5,000円未満","10,000円以上 20,000円未満",2～5回目,"観光パンフレット・ポスター, ブログ",兼六園,,金沢21世紀美術館,,"5,000円以上 10,000円未満",満足,清潔感がある,満足,温泉があると嬉しい,感じなかった,特にない,7,特にない,機会があれば行きたい,お魚が美味しい,男,1977,東京都,府中市,"1,000万円以上 1,200万円未満","石川県のおすすめ観光スポットが見たい, 石川県の雑学を知りたい",満足,8,観光地として魅力的
金沢エリア,チサンバジェット金沢駅前,2024/04/24 9:19:30,同意する,4泊以上,4泊以上,金沢エリア  （湯涌温泉、深谷温泉、犀川温泉など）,石川県外には泊まらない,自分ひとり,"名所、旧跡の観光, まちあるき、都市散策",飛行機,在来線,どちらでもない,小松駅での空港連絡バスから在来線への乗り換えがわかりづらい,"40,000円以上 50,000円未満","5,000円以上 10,000円未満","20,000円以上 30,000円未満",初めて,インターネット・アプリ,選択なし/該当施設なし,,選択なし/該当施設なし,犀川、野町,使わない,どちらでもない,連泊なのに窓が潰れた部屋だったから,不満,連泊なのに窓が潰れた部屋だったから,感じなかった,,3,ポットの集中管理は衛生的でよい。スリッパが履きづらい。,また行きたい（1年以内）,街全体の活気。雑多でごちゃごちゃしたところ。歴史。美術工芸。それらのギャップ。,男,1967,北海道,釧路市,100万円未満,なんとなく,とても満足,10,街全体の活気。理由はなし。
金沢エリア,チサンバジェット金沢駅前,2024/04/25 18:03:11,同意する,2泊,2泊,金沢エリア  （湯涌温泉、深谷温泉、犀川温泉など）,石川県外には泊まらない,自分ひとり,出張など仕事関係,在来線,"徒歩, ",とても満足,新幹線がくつろげる,使わない,"10,000円以上 20,000円未満","10,000円以上 20,000円未満",2～5回目,友人・知人,ひがし茶屋街,,選択なし/該当施設なし,,使わない,満足,シンプルなつくりとシンプルな接客,とても満足,必要な物は揃っており、駅から近い,感じなかった,,8,ウェルカムドリンクあると嬉しいですね。,機会があれば行きたい,特になし,女,1957,東京都,豊島区,400万円以上 500万円未満,能登牛が当たる,どちらでもない,8,食事は美味しい、駅前にはホテルや飲食、ショッピング　便利
金沢エリア,チサンバジェット金沢駅前,2024/04/26 0:01:20,同意する,2泊,1泊,金沢エリア  （湯涌温泉、深谷温泉、犀川温泉など）,福井県,自分ひとり,"温泉や露天風呂, 地元の美味しいものを食べる, まちあるき、都市散策","新幹線, 在来線",在来線,満足,特に不便はない,"10,000円以上 20,000円未満","3,000円以上 5,000円未満","10,000円以上 20,000円未満",初めて,インターネット・アプリ,兼六園,,ひがし茶屋街,,"1,000円以上 3,000円未満",とても満足,,とても満足,,感じなかった,,9,,また行きたい（1年以内）,のんびり観光,女,1975,千葉県,市川市,"900万円以上 1,000万円未満",石川県のおすすめ観光スポットが見たい,とても満足,10,
金沢エリア,チサンバジェット金沢駅前,2024/04/26 0:21:26,同意する,3泊,2泊,金沢エリア  （湯涌温泉、深谷温泉、犀川温泉など）,福井県,友人,"温泉や露天風呂, 地元の美味しいものを食べる, 名所、旧跡の観光, 買い物、アウトレット, まちあるき、都市散策",新幹線,徒歩,,,"50,000円以上 100,000円未満","20,000円以上 30,000円未満","40,000円以上 50,000円未満",2～5回目,"観光パンフレット・ポスター, インターネット・アプリ, Instagram, TikTokも",近江町市場,,選択なし/該当施設なし,加賀温泉から山中温泉,"10,000円以上 20,000円未満",満足,必要最低限ではあるが、自ら欲しい物だけをフロント横から持って行ける,満足,新幹線とセットで値段が安いわりに、綺麗で駅からも近いので、荷物を部屋に置いて観光できた。,感じた,歩きで出かけ、部屋に戻って涼みたかったが全館空調で冷房がかからなかった,8,安価な価格で朝食がつけられたのは嬉しい。自販機飲料も安くてコンビニに行かず助かった,また行きたい（1年以内）,海鮮と雅なイメージの和食とどちらも一度に味わえる和食プレートももっとあれば嬉しいです。加賀パフェのお店をもう少し増やしたり、金沢でも認定パフェを作ったら女性目線で嬉しいです。　,女,1988,東京都,墨田区,100万円未満,"能登牛が当たる, 石川県のおすすめ観光スポットが見たい, 石川県の雑学を知りたい",とても満足,10,"加賀温泉吉祥なかやまさんのおもてなしに感動した。
無料サービスが充実していて付加価値が高い。
バス路線で大体の名所は網羅できるので、レンタカー等無くとも周りやすい為、免許のない方にも行きやすい
"
金沢エリア,チサンバジェット金沢駅前,2024/04/26 0:39:32,同意する,2泊,2泊,金沢エリア  （湯涌温泉、深谷温泉、犀川温泉など）,石川県外には泊まらない,自分ひとり,"温泉や露天風呂, 地元の美味しいものを食べる, 花見や紅葉などの自然鑑賞, 名所、旧跡の観光, まちあるき、都市散策","新幹線, 在来線",タクシー,どちらでもない,,"10,000円以上 20,000円未満","20,000円以上 30,000円未満","40,000円以上 50,000円未満",初めて,"インターネット・アプリ, 友人・知人",ひがし茶屋街,,兼六園,,"50,000円以上 100,000円未満",満足,,満足,,感じなかった,,9,,機会があれば行きたい,特になし,女,1978,千葉県,佐倉市,700万円以上 800万円未満,"能登牛が当たる, 石川県のおすすめ観光スポットが見たい",満足,8,
金沢エリア,チサンバジェット金沢駅前,2024/04/26 6:41:36,同意する,1泊,1泊,金沢エリア  （湯涌温泉、深谷温泉、犀川温泉など）,石川県外には泊まらない,自分ひとり,地元の美味しいものを食べる,新幹線,タクシー,とても満足,タクシー親切,"30,000円以上 40,000円未満","3,000円以上 5,000円未満","5,000円以上 10,000円未満",初めて,新聞・雑誌・ガイドブック,兼六園,,選択なし/該当施設なし,なし,"5,000円以上 10,000円未満",とても満足,親切,とても満足,親切,感じなかった,なし,10,,また行きたい（1年以内）,なし,女,1974,千葉県,松戸市,"1,000万円以上 1,200万円未満",能登牛が当たる,とても満足,10,親切
金沢エリア,チサンバジェット金沢駅前,2024/05/01 9:58:00,同意する,4泊以上,1泊,金沢エリア  （湯涌温泉、深谷温泉、犀川温泉など）,新潟県,夫婦2人,"地元の美味しいものを食べる, まちあるき、都市散策",自家用車,"自家用車, 徒歩",,,"5,000円以上 10,000円未満","5,000円以上 10,000円未満","10,000円以上 20,000円未満",初めて,"X(旧：Twitter), Instagram",選択なし/該当施設なし,町中のカフェなど,兼六園,,"1,000円未満",不満,コンパクトすぎて荷物の置き場所、椅子など二人で泊まるには足りないものが多かった,どちらでもない,値段が安かったので仕方がないかと思う,感じた,駐車場が近くにないこと,5,駅に近くてお土産を買いやすかった。,また行きたい（1年以内）,おしゃれでレベルの高いお店が多かった。また行きたいお店もあるし、行けなかったお店にぜひとも行きたいと思う。,女,1987,滋賀県,彦根市,600万円以上 700万円未満,"能登牛が当たる, なんとなく",どちらでもない,6,行きたいお店が夜やっていなくて、夜の過ごし方に困ったからです。
金沢エリア,チサンバジェット金沢駅前,2024/05/01 11:49:33,同意する,1泊,1泊,金沢エリア  （湯涌温泉、深谷温泉、犀川温泉など）,石川県外には泊まらない,友人,"宿でのんびり過ごす, 温泉や露天風呂, 地元の美味しいものを食べる",新幹線,タクシー,満足,特に不可も無かったので,"10,000円以上 20,000円未満","3,000円以上 5,000円未満","20,000円以上 30,000円未満",初めて,友人・知人,兼六園,,ひがし茶屋街,,"10,000円以上 20,000円未満",満足,食べ物が美味しい,満足,予想通り,感じなかった,,10,ゆっくりできた,また行きたい（1年以内）,美味しい,女,1972,千葉県,千葉市,500万円以上 600万円未満,能登牛が当たる,とても満足,10,食事
金沢エリア,チサンバジェット金沢駅前,2024/05/11 18:35:25,同意する,2泊,2泊,金沢エリア  （湯涌温泉、深谷温泉、犀川温泉など）,石川県外には泊まらない,職場の同僚,出張など仕事関係,"新幹線, 飛行機",在来線,とても満足,駅から近かった,"10,000円以上 20,000円未満","40,000円以上 50,000円未満","20,000円以上 30,000円未満",初めて,インターネット・アプリ,尾山神社,金沢城,選択なし/該当施設なし,帰宅,"40,000円以上 50,000円未満",満足,対応が親切だった,満足,よかった,感じなかった,,6,,また行きたい（1年以内）,特になし,女,1971,長崎県,長崎市,400万円以上 500万円未満,能登牛が当たる,満足,7,
金沢エリア,チサンバジェット金沢駅前,2024/05/12 10:32:18,同意する,2泊,2泊,金沢エリア  （湯涌温泉、深谷温泉、犀川温泉など）,石川県外には泊まらない,仕事関係の友人,出張など仕事関係,"新幹線, 飛行機",徒歩,,,"10,000円以上 20,000円未満","1,000円未満","1,000円以上 3,000円未満",2～5回目,インターネット・アプリ,選択なし/該当施設なし,金沢城,選択なし/該当施設なし,帰宅,"10,000円以上 20,000円未満",どちらでもない,浴室が狭い,どちらでもない,他の施設と変わらない,感じなかった,,5,,機会があれば行きたい,特に無い,男,1959,長崎県,長崎市,200万円以上 300万円未満,能登牛が当たる,満足,7,金沢城は全国の城の中で非常に華麗
金沢エリア,チサンバジェット金沢駅前,2024/05/19 13:01:30,同意する,2泊,2泊,金沢エリア  （湯涌温泉、深谷温泉、犀川温泉など）,石川県外には泊まらない,友人,"地元の美味しいものを食べる, 名所、旧跡の観光, まちあるき、都市散策, 出張など仕事関係",新幹線,徒歩,,,"40,000円以上 50,000円未満","5,000円以上 10,000円未満","40,000円以上 50,000円未満",初めて,"観光パンフレット・ポスター, インターネット・アプリ, 友人・知人, 観光協会等の案内所",兼六園,,ひがし茶屋街,,"3,000円以上 5,000円未満",満足,コンパクトな部屋がとても綺麗でした。,満足,フロントスタッフの接客態度,感じなかった,,8,,また行きたい（1年以内）,のどぐろがもう少し手軽に食せるとありがたいかと…。,女,1977,東京都,足立区,"1,000万円以上 1,200万円未満","能登牛が当たる, 石川県のおすすめ観光スポットが見たい",満足,9,市場や他にも、美味しいモノがたくさんありました。そして、みんな親切でした。
金沢エリア,チサンバジェット金沢駅前,2024/05/25 10:37:41,同意する,2泊,2泊,金沢エリア  （湯涌温泉、深谷温泉、犀川温泉など）,石川県外には泊まらない,職場の同僚,ボランティア,新幹線,レンタカー,とても満足,金沢駅周辺は賑わってました。,"10,000円以上 20,000円未満","10,000円以上 20,000円未満","10,000円以上 20,000円未満",初めて,観光パンフレット・ポスター,兼六園,,兼六園,,"10,000円以上 20,000円未満",満足,,満足,,感じなかった,,10,,また行きたい（1年以内）,どこも美味い,男,1970,茨城県,水戸市,"900万円以上 1,000万円未満",なんとなく,とても満足,10,
金沢エリア,チサンバジェット金沢駅前,2024/05/30 16:19:20,同意する,4泊以上,4泊以上,金沢エリア  （湯涌温泉、深谷温泉、犀川温泉など）,石川県外には泊まらない,自分ひとり,出張など仕事関係,新幹線,タクシー,とても満足,親切,"100,000円以上","40,000円以上 50,000円未満","100,000円以上",初めて,インターネット・アプリ,ひがし茶屋街,,兼六園,,"100,000円以上",どちらでもない,,満足,きれい,感じた,チェックインまでの時間が長い,6,,また行きたい（1年以内）,特に無し,男,1994,千葉県,千葉市,700万円以上 800万円未満,なんとなく,どちらでもない,9,飯
金沢エリア,チサンバジェット金沢駅前,2024/06/01 8:03:19,同意する,1泊,1泊,金沢エリア  （湯涌温泉、深谷温泉、犀川温泉など）,石川県外には泊まらない,恋人,"地元の美味しいものを食べる, お祭りやイベントへの参加・見物",自家用車,自家用車,,,"5,000円以上 10,000円未満","1,000円以上 3,000円未満","10,000円以上 20,000円未満",初めて,インターネット・アプリ,選択なし/該当施設なし,,選択なし/該当施設なし,百万石祭り,"3,000円以上 5,000円未満",どちらでもない,朝食の値段の割に種類が少ない,どちらでもない,ユニットバスが小さい,感じた,卓上鏡がない,5,,また行きたい（1年以内）,今のままで良い,男,1970,福井県,坂井市,700万円以上 800万円未満,能登牛が当たる,満足,8,
金沢エリア,チサンバジェット金沢駅前,2024/06/05 19:38:54,同意する,1泊,1泊,金沢エリア  （湯涌温泉、深谷温泉、犀川温泉など）,神戸、大阪、広島,夫婦2人,"地元の美味しいものを食べる, 名所、旧跡の観光, スポーツ観戦や芸術鑑賞（コンサート等）, まちあるき、都市散策","新幹線, 在来線, 飛行機, 旅行会社ツアーバス","旅行会社ツアーバス, 徒歩",とても満足,事故やトラブルなく移動できたら十分です,"3,000円以上 5,000円未満","3,000円以上 5,000円未満","10,000円以上 20,000円未満",初めて,インターネット・アプリ,近江町市場,片町,尾山神社,,"3,000円以上 5,000円未満",とても満足,部屋も綺麗で接客もよかった,とても満足,上記と同じ,感じなかった,,10,,また行きたい（1年以内）,食べ物はどれも美味しいですが、魚介系は流石に高すぎるかなと思う,男,1983,北海道,札幌市,300万円以上 400万円未満,"能登牛が当たる, ひゃくまんさんが好き, 石川県の雑学を知りたい",とても満足,10,街のキレイさ。
金沢エリア,チサンバジェット金沢駅前,2024/06/05 19:38:54,同意する,1泊,1泊,金沢エリア  （湯涌温泉、深谷温泉、犀川温泉など）,大阪,夫婦2人,"地元の美味しいものを食べる, 名所、旧跡の観光, まちあるき、都市散策",旅行会社ツアーバス,旅行会社ツアーバス,とても満足,あっという間に到着した感覚がありました。,"3,000円以上 5,000円未満","3,000円以上 5,000円未満","10,000円以上 20,000円未満",初めて,インターネット・アプリ,近江町市場,,ひがし茶屋街,,"3,000円以上 5,000円未満",とても満足,とても居心地の良いホテルでした。スタッフの方の対応も丁寧でした。,とても満足,駅から近くて便利でした。,感じなかった,,10,,また行きたい（1年以内）,のどぐろ、白エビなどの新鮮な魚介,女,1990,北海道,札幌市,200万円以上 300万円未満,能登牛が当たる,とても満足,10,父に勧めたいです。食事が美味しくて、観光しやすいからです。
金沢エリア,チサンバジェット金沢駅前,2024/06/08 7:44:36,同意する,2泊,2泊,金沢エリア  （湯涌温泉、深谷温泉、犀川温泉など）,石川県外には泊まらない,自分ひとり,"温泉や露天風呂, 地元の美味しいものを食べる, 名所、旧跡の観光, 出張など仕事関係",新幹線,徒歩,,,"5,000円以上 10,000円未満","30,000円以上 40,000円未満","30,000円以上 40,000円未満",11回目以上,"インターネット・アプリ, Instagram",ひがし茶屋街,,選択なし/該当施設なし,白山神社,"5,000円以上 10,000円未満",どちらでもない,タオルが少ない,どちらでもない,部屋がきれい,感じた,タオルが少ない,6,内容と価格があっていない,また行きたい（1年以内）,年々飲食が「観光地価格」化してるのが気になります,男,1971,東京都,新宿区,"900万円以上 1,000万円未満",能登牛が当たる,満足,8,街がきれい
金沢エリア,チサンバジェット金沢駅前,2024/06/10 0:11:38,同意する,1泊,1泊,金沢エリア  （湯涌温泉、深谷温泉、犀川温泉など）,石川県外には泊まらない,自分ひとり,地元の美味しいものを食べる,県外から訪れていない（石川県内在住）,"在来線, ",とても満足,新幹線便利ですね,"5,000円以上 10,000円未満","5,000円以上 10,000円未満","3,000円以上 5,000円未満",11回目以上,"新聞・雑誌・ガイドブック, インターネット・アプリ",選択なし/該当施設なし,金沢駅,選択なし/該当施設なし,金沢駅,"3,000円以上 5,000円未満",とても満足,北陸応援割りを使えたから,とても満足,安かった,感じなかった,,10,もっとバリエーションあってもいい,また行きたい（1年以内）,白山市をもっと活用して！札幌市はロープウェイを活用してる獅子吼高原があるじゃないか,女,1971,石川県,白山市,700万円以上 800万円未満,能登牛が当たる,とても満足,10,金沢駅　綺麗かっこいい
金沢エリア,ホテルトレンド金沢駅前,2024/01/08 21:06:58,同意する,4泊以上,4泊以上,金沢エリア  （湯涌温泉、深谷温泉、犀川温泉など）,石川県外には泊まらない,職場の同僚,出張など仕事関係,新幹線,レンタカー,満足,,"30,000円以上 40,000円未満","30,000円以上 40,000円未満","20,000円以上 30,000円未満",初めて,他の人が予約してくれた,選択なし/該当施設なし,石川県庁,選択なし/該当施設なし,石川県庁,"20,000円以上 30,000円未満",とても満足,ドリンクサービスが良いです,とても満足,清潔で過ごしやすいです,感じなかった,,8,,また行きたい（1年以内）,美味しいものが多いイメージなのでまたゆっくり観光目的で来たいです,女,1993,岡山県,岡山市,"1,000万円以上 1,200万円未満",能登牛が当たる,,,
金沢エリア,ホテルトレンド金沢駅前,2024/01/10 21:44:16,同意する,1泊,1泊,金沢エリア  （湯涌温泉、深谷温泉、犀川温泉など）,石川県外には泊まらない,友人,"地元の美味しいものを食べる, まちあるき、都市散策",在来線,在来線,とても満足,安く行けるため,"3,000円以上 5,000円未満","5,000円以上 10,000円未満","20,000円以上 30,000円未満",初めて,"TV・ラジオ番組やCM, インターネット・アプリ, 友人・知人",近江町市場,,ひがし茶屋街,,"3,000円以上 5,000円未満",とても満足,料金がお手頃,とても満足,お手頃価格なため,感じなかった,,9,,また行きたい（1年以内）,特になし,男,1994,大阪府,大阪市,800万円以上 900万円未満,"能登牛が当たる, ひゃくまんさんが好き",,,安いため
金沢エリア,ホテルトレンド金沢駅前,2024/01/28 11:57:11,同意する,2泊,2泊,加賀エリア （山代温泉、山中温泉、片山津温泉、粟津温泉、辰口温泉、加賀市、小松市など）,石川県外には泊まらない,恋人,"宿でのんびり過ごす, 温泉や露天風呂, 地元の美味しいものを食べる",新幹線,在来線,とても満足,サンダーバードが広かった,"10,000円以上 20,000円未満","5,000円以上 10,000円未満","10,000円以上 20,000円未満",初めて,インターネット・アプリ,近江町市場,,ひがし茶屋街,,"5,000円以上 10,000円未満",とても満足,対応がとても良かった,とても満足,対応がとても良かった,感じなかった,,10,,また行きたい（1年以内）,とても大満足です,女,1991,兵庫県,尼崎市,600万円以上 700万円未満,能登牛が当たる,,,ご飯
金沢エリア,ホテルトレンド金沢駅前,2024/01/28 22:26:44,同意する,4泊以上,4泊以上,金沢エリア  （湯涌温泉、深谷温泉、犀川温泉など）,石川県外には泊まらない,職場の同僚,出張など仕事関係,自家用車,自家用車,どちらでもない,公共交通機関で楽に移動したいから,"30,000円以上 40,000円未満","10,000円以上 20,000円未満","20,000円以上 30,000円未満",初めて,インターネット・アプリ,選択なし/該当施設なし,中能登町,近江町市場,,"30,000円以上 40,000円未満",どちらでもない,駅前直近なので仕方ないが、施設の割に値段が割高。,どちらでもない,駅前直近なので仕方ないが、施設の割に値段が割高。,感じた,無理駐車場がない。,8,,また行きたい（1年以内）,特になし,男,1975,三重県,南牟婁郡紀宝町,500万円以上 600万円未満,"能登牛が当たる, 石川県のおすすめ観光スポットが見たい, 石川県の雑学を知りたい",,,食べ物がおいしく、すしべんや、カレー、いしるなど、魅力的なグルメが多い。
金沢エリア,ホテルトレンド金沢駅前,2024/02/14 10:59:49,同意する,1泊,1泊,金沢エリア  （湯涌温泉、深谷温泉、犀川温泉など）,石川県外には泊まらない,職場の同僚,出張など仕事関係,"新幹線, 在来線",徒歩,,,使わない,"1,000円以上 3,000円未満","10,000円以上 20,000円未満",2～5回目,会社指定,選択なし/該当施設なし,,選択なし/該当施設なし,,使わない,満足,朝食がホテル外,満足,洗面所が狭い,感じた,部屋に全身鏡が無い,5,,また行きたい（1年以内）,特になし,女,1973,愛媛県,西条市,300万円以上 400万円未満,能登牛が当たる,,,
金沢エリア,ホテルトレンド金沢駅前,2024/02/23 8:26:09,同意する,4泊以上,4泊以上,金沢エリア  （湯涌温泉、深谷温泉、犀川温泉など）,石川県外には泊まらない,自分ひとり,出張など仕事関係,新幹線,"在来線, 徒歩",,,"50,000円以上 100,000円未満","30,000円以上 40,000円未満","10,000円以上 20,000円未満",初めて,インターネット・アプリ,近江町市場,,ひがし茶屋街,,"50,000円以上 100,000円未満",どちらでもない,宿泊費が高いです。,どちらでもない,部屋は綺麗ですが宿泊費と比べると高く感じました。,感じなかった,,7,寝泊まりだけなので特にございません。,また行きたい（1年以内）,金沢駅の兼六園と反対側は安くて、美味しそうないさがあり次回の楽しみができました。,男,1966,東京都,世田谷区,"1,000万円以上 1,200万円未満",能登牛が当たる,,,石川県は良いところなので応援したいです。
金沢エリア,ホテルトレンド金沢駅前,2024/03/08 18:57:23,同意する,1泊,1泊,金沢エリア  （湯涌温泉、深谷温泉、犀川温泉など）,石川県外には泊まらない,自分ひとり,"宿でのんびり過ごす, 地元の美味しいものを食べる, 名所、旧跡の観光",自家用車,自家用車,とても満足,食べ物が美味しい,"5,000円以上 10,000円未満","1,000円未満","1,000円以上 3,000円未満",2～5回目,新聞・雑誌・ガイドブック,金沢21世紀美術館,,兼六園,,"1,000円未満",とても満足,従業員が素晴らしい,とても満足,,感じなかった,,10,,また行きたい（1年以内）,特になし,男,1978,石川県,金沢市,500万円以上 600万円未満,"能登牛が当たる, ひゃくまんさんが好き",,,食べ物
金沢エリア,ホテルトレンド金沢駅前,2024/03/11 19:02:50,同意する,4泊以上,4泊以上,能登エリア （和倉温泉、七尾市、輪島市、珠洲市など）,石川県外には泊まらない,職場の同僚,出張など仕事関係,レンタカー,"在来線, 徒歩",満足,,"10,000円以上 20,000円未満","30,000円以上 40,000円未満","3,000円以上 5,000円未満",初めて,会社の勧め,選択なし/該当施設なし,,選択なし/該当施設なし,仕事のため,使わない,満足,,満足,,感じなかった,,7,,機会があれば行きたい,特になし,女,1981,高知県,宿毛市,600万円以上 700万円未満,"能登牛が当たる, ひゃくまんさんが好き",,,交通が便利
金沢エリア,アパホテル〈金沢野町〉,2024/03/02 19:05:56,同意する,4泊以上,4泊以上,金沢エリア  （湯涌温泉、深谷温泉、犀川温泉など）,石川県外には泊まらない,職場の同僚,出張など仕事関係,自家用車,自家用車,とても満足,食事がおいしい,"50,000円以上 100,000円未満","30,000円以上 40,000円未満","30,000円以上 40,000円未満",初めて,インターネット・アプリ,近江町市場,,近江町市場,,"30,000円以上 40,000円未満",とても満足,接客が丁寧,とても満足,,感じなかった,,10,,また行きたい（1年以内）,特になし,男,1984,和歌山県,和歌山市,400万円以上 500万円未満,能登牛が当たる,,,
金沢エリア,ホテル金沢,2023/12/21 11:37:30,同意する,1泊,1泊,金沢エリア  （湯涌温泉、深谷温泉、犀川温泉など）,富山県,自分ひとり,"宿でのんびり過ごす, 温泉や露天風呂, 地元の美味しいものを食べる","自家用車, 新幹線",自家用車,とても満足,,"5,000円以上 10,000円未満","5,000円以上 10,000円未満","1,000円以上 3,000円未満",初めて,観光展・物産展,兼六園,,ひがし茶屋街,,"3,000円以上 5,000円未満",とても満足,,とても満足,,感じた,,10,,機会があれば行きたい,観光地が増えればいいと思う,女,2000,富山県,富山市,100万円以上 200万円未満,能登牛が当たる,,,
金沢エリア,ホテル金沢,2023/12/25 22:46:01,同意する,2泊,2泊,金沢エリア  （湯涌温泉、深谷温泉、犀川温泉など）,石川県外には泊まらない,職場の同僚,出張など仕事関係,新幹線,徒歩,満足,,"10,000円以上 20,000円未満","30,000円以上 40,000円未満","20,000円以上 30,000円未満",初めて,旅行業者,兼六園,,近江町市場,,"20,000円以上 30,000円未満",満足,,満足,,感じなかった,,7,,機会があれば行きたい,美味しいご飯,女,1972,東京都,台東区,"1,000万円以上 1,200万円未満",能登牛が当たる,,,
金沢エリア,Blue Hour Kanazawa,2023/12/29 22:01:38,同意する,4泊以上,4泊以上,金沢エリア  （湯涌温泉、深谷温泉、犀川温泉など）,石川県外には泊まらない,自分ひとり,"宿でのんびり過ごす, 温泉や露天風呂, 地元の美味しいものを食べる, 名所、旧跡の観光, まちあるき、都市散策, 各種体験（手作り、果物狩りなど）",新幹線,在来線,どちらでもない,Had to stand for the beginning of Shinkansen. Also a little too warm inside. ,"10,000円以上 20,000円未満","10,000円以上 20,000円未満","10,000円以上 20,000円未満",2～5回目,"観光パンフレット・ポスター, 観光協会等の案内所",兼六園,,兼六園,,"10,000円以上 20,000円未満",どちらでもない,I haven’t experienced it yet. ,どちらでもない,I haven’t experienced it yet. ,感じなかった,,6,,機会があれば行きたい,Delicious seafood and local specialties. ,女,1990,栃木県,足利市,100万円未満,"能登牛が当たる, 石川県のおすすめ観光スポットが見たい, 石川県の雑学を知りたい",,,
金沢エリア,Blue Hour Kanazawa,2023/12/31 17:16:42,同意する,3泊,3泊,金沢エリア  （湯涌温泉、深谷温泉、犀川温泉など）,石川県外には泊まらない,自分ひとり,"地元の美味しいものを食べる, 名所、旧跡の観光",新幹線,徒歩,,,"5,000円以上 10,000円未満","40,000円以上 50,000円未満","10,000円以上 20,000円未満",初めて,インターネット・アプリ,近江町市場,,尾山神社,,"5,000円以上 10,000円未満",とても満足,安くてきれい,とても満足,安くてきれい,感じなかった,,5,とても安い、そして清潔感がある。一人旅におすすめ。,また行きたい（1年以内）,近江町市場の海鮮丼おいしかった。,男,2001,福岡県,北九州市,500万円以上 600万円未満,能登牛が当たる,,,近江町市場　とても活気があり美味しいものがたくさんあるから。
金沢エリア,Blue Hour Kanazawa,2024/02/01 15:43:08,同意する,1泊,1泊,金沢エリア  （湯涌温泉、深谷温泉、犀川温泉など）,石川県外には泊まらない,自分ひとり,"地元の美味しいものを食べる, 名所、旧跡の観光",高速バス,徒歩,満足,わかりやすかったから。,"3,000円以上 5,000円未満","5,000円以上 10,000円未満","3,000円以上 5,000円未満",初めて,インターネット・アプリ,選択なし/該当施設なし,,兼六園,,"3,000円以上 5,000円未満",満足,駅チカリーズナブルだから。,満足,素泊まりにちょうど良いから。,感じなかった,,9,金沢グルメも満喫出来て、お土産もたくさんあって迷いました。,また行きたい（1年以内）,特になし。,女,1981,富山県,富山市,100万円以上 200万円未満,能登牛が当たる,,,駅が立派なのでそれだけでも金沢っぽくていいなと思う。
金沢エリア,Blue Hour Kanazawa,2024/02/02 21:02:10,同意する,1泊,1泊,金沢エリア  （湯涌温泉、深谷温泉、犀川温泉など）,石川県外には泊まらない,友人,地元の美味しいものを食べる,飛行機,徒歩,,,"3,000円以上 5,000円未満","5,000円以上 10,000円未満","10,000円以上 20,000円未満",初めて,観光展・物産展,選択なし/該当施設なし,,ひがし茶屋街,,"3,000円以上 5,000円未満",どちらでもない,,どちらでもない,,感じなかった,,6,,機会があれば行きたい,特になし,男,1972,北海道,練馬区,"1,000万円以上 1,200万円未満",能登牛が当たる,,,
金沢エリア,Blue Hour Kanazawa,2024/02/28 9:48:15,同意する,2泊,1泊,金沢エリア  （湯涌温泉、深谷温泉、犀川温泉など）,石川県外には泊まらない,自分ひとり,"宿でのんびり過ごす, 地元の美味しいものを食べる","在来線, 飛行機","在来線, 徒歩",とても満足,大阪駅から乗り換えなしで辿り着けること,"1,000円以上 3,000円未満","5,000円以上 10,000円未満","5,000円以上 10,000円未満",初めて,インターネット・アプリ,近江町市場,,選択なし/該当施設なし,,"1,000円以上 3,000円未満",とても満足,,とても満足,,感じなかった,,10,,機会があれば行きたい,特になし,男,2003,東京都,八王子市,100万円未満,能登牛が当たる,,,
金沢エリア,Blue Hour Kanazawa,2024/03/07 15:20:09,同意する,2泊,2泊,金沢エリア  （湯涌温泉、深谷温泉、犀川温泉など）,石川県外には泊まらない,自分ひとり,出張など仕事関係,飛行機,路線バス,どちらでもない,至って普通,"5,000円以上 10,000円未満","1,000円以上 3,000円未満","1,000円以上 3,000円未満",2～5回目,インターネット・アプリ,選択なし/該当施設なし,国立工芸館,金沢21世紀美術館,,使わない,どちらでもない,期待ほどでなかった,どちらでもない,期待ほどでなかった,感じなかった,,6,,機会があれば行きたい,質の高い食べ物,女,1977,北海道,帯広市,500万円以上 600万円未満,能登牛が当たる,,,値段の割に質の高い食べ物
金沢エリア,Blue Hour Kanazawa,2024/04/03 10:23:34,同意する,2泊,2泊,金沢エリア  （湯涌温泉、深谷温泉、犀川温泉など）,石川県外には泊まらない,自分ひとり,"宿でのんびり過ごす, まちあるき、都市散策, 出張など仕事関係","新幹線, 在来線",徒歩,,,"5,000円以上 10,000円未満","10,000円以上 20,000円未満","10,000円以上 20,000円未満",11回目以上,"友人・知人, 現地の人の意見",選択なし/該当施設なし,直接宿泊施設に行った,選択なし/該当施設なし,居酒屋,"5,000円以上 10,000円未満",満足,安い。,満足,駅から近い,感じなかった,,6,,また行きたい（1年以内）,能登の酒蔵巡りが気軽にできればなぁ。,男,1978,兵庫県,小野市,200万円以上 300万円未満,なんとなく,,,観光地価格になってきた。旅行者が増えてオーバツーリズムに向かっていると思う。（外人さんのマナーの悪さ）
金沢エリア,Blue Hour Kanazawa,2024/04/07 23:45:29,同意する,3泊,1泊,金沢エリア  （湯涌温泉、深谷温泉、犀川温泉など）,大阪,自分ひとり,"名所、旧跡の観光, まちあるき、都市散策",新幹線,"徒歩, レンタサイクル",とても満足,小回りが利くため,"1,000円以上 3,000円未満","20,000円以上 30,000円未満","1,000円以上 3,000円未満",初めて,以前来た事がある,ひがし茶屋街,,選択なし/該当施設なし,輪島,使わない,満足,狭いため,とても満足,フリードリンクがある,感じなかった,若干見つけづらい,9,,また行きたい（1年以内）,金沢おでんがあまり口に合わなかった… 魚介類が嫌いな人間には、魚だらけの食事はきついです。,男,1969,千葉県,柏市,300万円以上 400万円未満,"能登牛が当たる, なんとなく",満足,8,金沢城の夜桜
金沢エリア,Blue Hour Kanazawa,2024/04/19 9:10:15,同意する,2泊,2泊,金沢エリア  （湯涌温泉、深谷温泉、犀川温泉など）,石川県外には泊まらない,自分ひとり,"地元の美味しいものを食べる, まちあるき、都市散策, 友人・親戚を訪ねる","新幹線, 飛行機",徒歩,満足,,"10,000円以上 20,000円未満","3,000円以上 5,000円未満","20,000円以上 30,000円未満",初めて,インターネット・アプリ,選択なし/該当施設なし,駅から宿へ直行した,ひがし茶屋街,,"3,000円以上 5,000円未満",満足,コストパフォーマンスが良い。,満足,リーズナブル,感じた,２人ほどイビキが凄かった,8,問題なし,機会があれば行きたい,海鮮，居酒屋、お酒,男,1967,東京都,目黒区,800万円以上 900万円未満,"能登牛が当たる, 動く３Dひゃくまんさんを見たい, なんとなく",満足,8,食事
金沢エリア,Blue Hour Kanazawa,2024/04/28 23:46:39,同意する,1泊,1泊,金沢エリア  （湯涌温泉、深谷温泉、犀川温泉など）,新潟県,自分ひとり,スポーツ観戦や芸術鑑賞（コンサート等）,新幹線,徒歩,,,"1,000円以上 3,000円未満","20,000円以上 30,000円未満","1,000円以上 3,000円未満",初めて,"観光パンフレット・ポスター, インターネット・アプリ",兼六園,,選択なし/該当施設なし,,"1,000円以上 3,000円未満",とても満足,安くて駅に近い,満足,,感じなかった,,10,,機会があれば行きたい,サイクリング,男,1985,埼玉県,さいたま市,500万円以上 600万円未満,"能登牛が当たる, なんとなく",とても満足,10,
金沢エリア,Blue Hour Kanazawa,2024/04/29 7:57:36,同意する,1泊,1泊,金沢エリア  （湯涌温泉、深谷温泉、犀川温泉など）,石川県外には泊まらない,自分ひとり,地元の美味しいものを食べる,在来線,在来線,満足,,"3,000円以上 5,000円未満","5,000円以上 10,000円未満","10,000円以上 20,000円未満",2～5回目,観光パンフレット・ポスター,近江町市場,,選択なし/該当施設なし,,"3,000円以上 5,000円未満",とても満足,,満足,,感じなかった,,7,,機会があれば行きたい,市内外へのアクセス,女,1990,兵庫県,伊丹市,200万円以上 300万円未満,能登牛が当たる,満足,7,
金沢エリア,Blue Hour Kanazawa,2024/05/02 16:10:29,同意する,4泊以上,1泊,金沢エリア  （湯涌温泉、深谷温泉、犀川温泉など）,京都,友人,"地元の美味しいものを食べる, 名所、旧跡の観光",新幹線,"徒歩, レンタサイクル",とても満足,サイクルの充実さ,"3,000円以上 5,000円未満","10,000円以上 20,000円未満","10,000円以上 20,000円未満",初めて,インターネット・アプリ,尾山神社,,兼六園,,使わない,とても満足,安価,とても不満,エレベーターがない,感じた,エレベーターがない,6,,また行きたい（1年以内）,21世紀美術館の復活を期待します,女,1980,東京都,豊島区,400万円以上 500万円未満,"能登牛が当たる, 石川県のおすすめ観光スポットが見たい, 石川県の雑学を知りたい",とても満足,10,妙立寺。ガイド案内が良い。
金沢エリア,Blue Hour Kanazawa,2024/05/09 19:01:46,同意する,3泊,3泊,金沢エリア  （湯涌温泉、深谷温泉、犀川温泉など）,石川県外には泊まらない,自分ひとり,出張など仕事関係,新幹線,徒歩,,,"30,000円以上 40,000円未満","20,000円以上 30,000円未満","10,000円以上 20,000円未満",2～5回目,Instagram,ひがし茶屋街,,選択なし/該当施設なし,,"3,000円以上 5,000円未満",満足,,満足,,感じなかった,,8,,また行きたい（1年以内）,寿司や能登牛、九谷焼などです。,女,1995,東京都,目黒区,400万円以上 500万円未満,能登牛が当たる,とても満足,10,
金沢エリア,Good Neighbors,2024/04/01 7:31:08,同意する,3泊,3泊,金沢エリア  （湯涌温泉、深谷温泉、犀川温泉など）,石川県外には泊まらない,自分ひとり,ボランティア,新幹線,徒歩,,,"5,000円以上 10,000円未満","30,000円以上 40,000円未満","10,000円以上 20,000円未満",初めて,"インターネット・アプリ, 友人・知人, ",選択なし/該当施設なし,金石,兼六園,,使わない,満足,清潔,満足,清潔である。アメニティが揃っている。洗濯機がある。,感じなかった,,8,ドリップコーヒーまで置いてあるのには、感動した。,機会があれば行きたい,特になし,女,1961,東京都,日野市,100万円未満,能登牛が当たる,,,安い。駅から近い。清潔である。
金沢エリア,Good Neighbors,2024/04/22 8:19:51,同意する,2泊,2泊,金沢エリア  （湯涌温泉、深谷温泉、犀川温泉など）,石川県外には泊まらない,友人,地元の美味しいものを食べる,新幹線,"路線バス, 徒歩",満足,ICカードが使えない所があった、ため、,"5,000円以上 10,000円未満","10,000円以上 20,000円未満","40,000円以上 50,000円未満",2～5回目,"観光連盟やDMOのHP, インターネット・アプリ",ひがし茶屋街,,選択なし/該当施設なし,かほく市のお寿司屋さん。,"3,000円以上 5,000円未満",とても満足,お値段以上。,とても満足,布団がふかふかとても良い。また、シャワー24時間は最高。まったり過ごせる。,感じなかった,,10,,また行きたい（1年以内）,特になし。,女,1996,長野県,長野市,200万円以上 300万円未満,なんとなく,満足,8,休憩スペースが沢山あるので、少し空いた時間の調整に使いやすかった。
金沢エリア,Good Neighbors,2024/05/15 2:12:24,同意する,4泊以上,2泊,金沢エリア  （湯涌温泉、深谷温泉、犀川温泉など）,岐阜県,自分ひとり,"宿でのんびり過ごす, 地元の美味しいものを食べる, アウトドア（海水浴、釣り、登山など）, まちあるき、都市散策","飛行機, 旅行会社ツアーバス","旅行会社ツアーバス, 路線バス, 徒歩",満足,,"5,000円以上 10,000円未満","5,000円以上 10,000円未満","3,000円以上 5,000円未満",初めて,"インターネット・アプリ, X(旧：Twitter), Instagram, Facebook, ブログ",選択なし/該当施設なし,ショッピングセンター,兼六園,,"5,000円以上 10,000円未満",満足,,満足,,感じなかった,,8,甘いカレー、素晴らしい建物,機会があれば行きたい,ナイス,女,1991,北海道,上川郡東川町,200万円以上 300万円未満,"動く３Dひゃくまんさんを見たい, 石川県のおすすめ観光スポットが見たい, 石川県の雑学を知りたい",満足,8,市民が冷たい
金沢エリア,SAKON UKON,2024/01/14 23:33:58,同意する,4泊以上,4泊以上,金沢エリア  （湯涌温泉、深谷温泉、犀川温泉など）,No,友人,"宿でのんびり過ごす, 地元の美味しいものを食べる, 友人・親戚を訪ねる",新幹線,徒歩,満足,,"10,000円以上 20,000円未満","10,000円以上 20,000円未満","20,000円以上 30,000円未満",初めて,友人・知人,ひがし茶屋街,,ひがし茶屋街,,"50,000円以上 100,000円未満",とても満足,,とても満足,,感じた,,10,,機会があれば行きたい,I Love 石川,女,1994,沖縄県,那覇市,100万円未満,能登牛が当たる,,,
金沢エリア,ゲストルーム金沢心音,2023/12/24 9:08:30,同意する,2泊,2泊,金沢エリア  （湯涌温泉、深谷温泉、犀川温泉など）,石川県外には泊まらない,友人,"地元の美味しいものを食べる, 名所、旧跡の観光, 買い物、アウトレット",自家用車,自家用車,満足,除雪がもう少し行き届いているといいです。,"10,000円以上 20,000円未満","5,000円以上 10,000円未満","30,000円以上 40,000円未満",2～5回目,"TV・ラジオ番組やCM, インターネット・アプリ, 友人・知人",近江町市場,,兼六園,,"10,000円以上 20,000円未満",とても満足,部屋がとても綺麗でした。夜は静かで過ごしやすかったです。,とても満足,食器類、家具全て揃っていてとても便利でした。,感じなかった,,10,とても良かったです。,また行きたい（1年以内）,魚料理、地ビールや地酒をもっと県外に勧めてほしいです。,男,1998,新潟県,新潟市,400万円以上 500万円未満,能登牛が当たる,,,金沢駅周辺の居酒屋、エアビー
金沢エリア,トリフィートホテル&ポッド金沢百万石通,2023/12/21 20:20:57,同意する,2泊,2泊,金沢エリア  （湯涌温泉、深谷温泉、犀川温泉など）,石川県外には泊まらない,自分ひとり,出張など仕事関係,県外から訪れていない（石川県内在住）,路線バス,とても満足,バス停が目の前,"1,000円以上 3,000円未満","1,000円未満","10,000円以上 20,000円未満",6～10回目,インターネット・アプリ,選択なし/該当施設なし,会社,選択なし/該当施設なし,自宅に帰る,"5,000円以上 10,000円未満",とても満足,コスパが良い　快適,とても満足,キレイで大浴場がある　部屋も広い,感じなかった,,10,ロビーが充実してて良いです,石川県在住,食べ物はオイシイですが、他県に比べると高いイメージ,女,1972,石川県,金沢市,800万円以上 900万円未満,能登牛が当たる,,,快適にすごせる
金沢エリア,トリフィートホテル&ポッド金沢百万石通,2023/12/22 8:57:39,同意する,1泊,1泊,金沢エリア  （湯涌温泉、深谷温泉、犀川温泉など）,石川県外には泊まらない,自分ひとり,宿でのんびり過ごす,レンタカー,レンタカー,満足,,"5,000円以上 10,000円未満",使わない,"5,000円以上 10,000円未満",6～10回目,"観光展・物産展, インターネット・アプリ",近江町市場,,兼六園,,"1,000円以上 3,000円未満",満足,,満足,,感じなかった,,9,,また行きたい（1年以内）,無し,男,1971,大阪府,交野市,700万円以上 800万円未満,能登牛が当たる,,,
金沢エリア,トリフィートホテル&ポッド金沢百万石通,2023/12/27 16:03:49,同意する,1泊,1泊,金沢エリア  （湯涌温泉、深谷温泉、犀川温泉など）,石川県外には泊まらない,自分ひとり,地元の美味しいものを食べる,在来線,自転車,満足,自分の自転車だから,"3,000円以上 5,000円未満","5,000円以上 10,000円未満","5,000円以上 10,000円未満",初めて,インターネット・アプリ,ひがし茶屋街,,近江町市場,,"3,000円以上 5,000円未満",満足,ウェルカムドリンクサービス,満足,価格が安い,感じなかった,,5,,機会があれば行きたい,カニ、ノドグロ,男,1964,京都府,京都市,100万円未満,能登牛が当たる,,,
金沢エリア,トリフィートホテル&ポッド金沢百万石通,2023/12/29 18:27:20,同意する,3泊,2泊,金沢エリア  （湯涌温泉、深谷温泉、犀川温泉など）,愛知県,自分ひとり,"温泉や露天風呂, 地元の美味しいものを食べる, 買い物、アウトレット, まちあるき、都市散策",在来線,在来線,満足,交通費が節約出来るから,"3,000円以上 5,000円未満","5,000円以上 10,000円未満","5,000円以上 10,000円未満",2～5回目,インターネット・アプリ,選択なし/該当施設なし,,近江町市場,,"1,000円以上 3,000円未満",満足,施設が綺麗だから,満足,宿泊費が節約出来るから,感じなかった,,8,,また行きたい（1年以内）,季節毎の旬の食材を堪能したい,男,1968,大阪府,泉佐野市,600万円以上 700万円未満,"能登牛が当たる, ひゃくまんさんが好き, 石川県の雑学を知りたい",,,宿泊費が節約出来るから
金沢エリア,トリフィートホテル&ポッド金沢百万石通,2023/12/30 10:09:38,同意する,3泊,3泊,金沢エリア  （湯涌温泉、深谷温泉、犀川温泉など）,石川県外には泊まらない,友人,"地元の美味しいものを食べる, 名所、旧跡の観光",バス,タクシー,とても満足,,"10,000円以上 20,000円未満","20,000円以上 30,000円未満","10,000円以上 20,000円未満",初めて,"新聞・雑誌・ガイドブック, Instagram",尾山神社,,兼六園,,"10,000円以上 20,000円未満",とても満足,,とても満足,,感じなかった,,10,,機会があれば行きたい,特になし,女,1993,茨城県,土浦市,100万円以上 200万円未満,能登牛が当たる,,,美食美味しい
金沢エリア,トリフィートホテル&ポッド金沢百万石通,2024/01/06 9:38:25,同意する,2泊,2泊,金沢エリア  （湯涌温泉、深谷温泉、犀川温泉など）,石川県外には泊まらない,自分ひとり,"温泉や露天風呂, 地元の美味しいものを食べる, 名所、旧跡の観光, まちあるき、都市散策",在来線,"路線バス, 徒歩",満足,,"3,000円以上 5,000円未満","10,000円以上 20,000円未満","10,000円以上 20,000円未満",11回目以上,"友人・知人, 観光協会等の案内所",兼六園,,選択なし/該当施設なし,,使わない,とても満足,,とても満足,,感じなかった,,8,,また行きたい（1年以内）,特になし,女,1987,京都府,京都市,200万円以上 300万円未満,ひゃくまんさんが好き,,,
金沢エリア,トリフィートホテル&ポッド金沢百万石通,2024/01/08 6:48:01,同意する,2泊,2泊,金沢エリア  （湯涌温泉、深谷温泉、犀川温泉など）,石川県外には泊まらない,友人,"地元の美味しいものを食べる, ラブライブ！作品の聖地巡礼",在来線,路線バス,満足,,"5,000円以上 10,000円未満","10,000円以上 20,000円未満","10,000円以上 20,000円未満",2～5回目,"インターネット・アプリ, X(旧：Twitter), 友人・知人",近江町市場,,尾山神社,,"5,000円以上 10,000円未満",満足,,満足,,感じなかった,,9,,また行きたい（1年以内）,地元の名産を食べるのが目的,男,1985,東京都,日野市,300万円以上 400万円未満,なんとなく,,,
金沢エリア,トリフィートホテル&ポッド金沢百万石通,2024/01/09 11:23:54,同意する,4泊以上,2泊,金沢エリア  （湯涌温泉、深谷温泉、犀川温泉など）,愛知県、新潟県,自分ひとり,"地元の美味しいものを食べる, テーマパーク（遊園地、動物園、博物館など）, まちあるき、都市散策, 友人・親戚を訪ねる, 震災支援観光",在来線,"在来線, 路線バス",どちらでもない,まあまあ本数があるので,"3,000円以上 5,000円未満","5,000円以上 10,000円未満","5,000円以上 10,000円未満",11回目以上,"X(旧：Twitter), 友人・知人, 観光協会等の案内所, タクシードライバーや地元の人, 元金沢工業大学生",近江町市場,手取フィッシュランド,尾山神社,,"1,000円未満",満足,安くて綺麗でアクセス良し,満足,安くて綺麗でアクセス良し,感じた,着替え等を入れるトートバッグ的なものがあると嬉しい,10,ドリンクバー的なものがあると嬉しい,また行きたい（1年以内）,今回青春18きっぷを使って来たが、北陸新幹線が開業してしまうと、敦賀〜金沢がJRでは無くなってしまう為に、来づらくなってしまう。関東在住だが既に富山側の在来線が第三セクターになっている為に、青春18きっぷ旅が出来ず辛い。例えばJRの青春18きっぷシーズンのみ、旧北陸本線の在来線が安く乗り放題出来る切符が出てくれると有り難い。宿泊税について。宿代を先払いしているのにチェックイン時に別に200円を徴収されるのが面倒。払うのは構わないが宿代に込にしてもらいたい。バスの1日乗車券が便利だが認知度は低いと思う。もっと宣伝をするべき。百万石まつりに毎回行ってます。楽しいのでもっと県外に宣伝をするべき。あと以前の様な撮影禁止が無いように。,男,1989,山梨県,上野原市,300万円以上 400万円未満,"能登牛が当たる, ひゃくまんさんが好き, 石川県のおすすめ観光スポットが見たい, 石川県の雑学を知りたい, なんとなく",,,手取フィッシュランド。震災支援観光。
金沢エリア,トリフィートホテル&ポッド金沢百万石通,2024/01/24 11:49:47,同意する,4泊以上,1泊,金沢エリア  （湯涌温泉、深谷温泉、犀川温泉など）,"福井県,、さらに大宮折り返しで、宮城まで行く。",自分ひとり,地元の美味しいものを食べる,在来線,徒歩,,,"3,000円以上 5,000円未満","20,000円以上 30,000円未満","10,000円以上 20,000円未満",6～10回目,"新聞・雑誌・ガイドブック, Instagram, Facebook, 友人・知人",選択なし/該当施設なし,,選択なし/該当施設なし,片町、宇宙軒食堂。,"3,000円以上 5,000円未満",満足,安くてきれい。対応が簡易。,満足,サウナもある。,感じなかった,,8,宿泊施設では飲食してないが、これで十分。,また行きたい（1年以内）,今度はいい九谷焼を買いたい。,男,1961,東京都,調布市,300万円以上 400万円未満,能登牛が当たる,,,サウナがある。
金沢エリア,トリフィートホテル&ポッド金沢百万石通,2024/01/28 9:59:57,同意する,1泊,1泊,金沢エリア  （湯涌温泉、深谷温泉、犀川温泉など）,石川県外には泊まらない,職場の同僚,地元の美味しいものを食べる,自家用車,自家用車,,,"5,000円以上 10,000円未満","1,000円以上 3,000円未満","10,000円以上 20,000円未満",初めて,"インターネット・アプリ, 友人・知人",選択なし/該当施設なし,片町,選択なし/該当施設なし,,"3,000円以上 5,000円未満",とても不満,空調が悪いので,どちらでもない,,感じた,,7,,機会があれば行きたい,市場の商品が、もっと安くなればいい。地元住民の台所になれば。,男,1966,富山県,富山市,600万円以上 700万円未満,能登牛が当たる,,,
金沢エリア,トリフィートホテル&ポッド金沢百万石通,2024/01/31 15:55:26,同意する,1泊,1泊,金沢エリア  （湯涌温泉、深谷温泉、犀川温泉など）,石川県外には泊まらない,夫婦2人,名所、旧跡の観光,在来線,在来線,満足,計画的に動ける,"10,000円以上 20,000円未満","5,000円以上 10,000円未満","30,000円以上 40,000円未満",6～10回目,"新聞・雑誌・ガイドブック, 観光パンフレット・ポスター, インターネット・アプリ",兼六園,,ひがし茶屋街,,"50,000円以上 100,000円未満",満足,当地グルメと土産,満足,安い,感じなかった,,8,,また行きたい（1年以内）,特になし,男,1961,大阪府,箕面市,500万円以上 600万円未満,能登牛が当たる,,,安い
金沢エリア,トリフィートホテル&ポッド金沢百万石通,2024/02/08 21:22:01,同意する,4泊以上,4泊以上,加賀エリア （山代温泉、山中温泉、片山津温泉、粟津温泉、辰口温泉、加賀市、小松市など）,石川県外には泊まらない,自分ひとり,出張など仕事関係,"レンタカー, 新幹線","レンタカー, 路線バス",不満,バスでスイカが使えない,"10,000円以上 20,000円未満","20,000円以上 30,000円未満","30,000円以上 40,000円未満",6～10回目,インターネット・アプリ,選択なし/該当施設なし,小松駅,選択なし/該当施設なし,金沢駅,"5,000円以上 10,000円未満",どちらでもない,観光客一杯なので、,満足,観光客一杯なので大変そうです,感じなかった,予約がわからないと2拍目で言われました,10,金沢は大好きです。プライベートで来たいです,また行きたい（1年以内）,キャンプ,男,1972,東京都,練馬区,"1,200万円以上 1,500万円未満",能登牛が当たる,,,是非、飲みに来たいです
金沢エリア,トリフィートホテル&ポッド金沢百万石通,2024/02/10 21:40:01,同意する,2泊,2泊,金沢エリア  （湯涌温泉、深谷温泉、犀川温泉など）,石川県外には泊まらない,自分ひとり,被災地でのボランティア,新幹線,路線バス,満足,コミュニティバスのような100円バスがあり、到着時は雨が降っていたが宿泊場所近くまで問題なく移動できた。,"5,000円以上 10,000円未満","30,000円以上 40,000円未満","30,000円以上 40,000円未満",初めて,予約サイト,ひがし茶屋街,,選択なし/該当施設なし,能登半島,"10,000円以上 20,000円未満",どちらでもない,カプセルホテル形式でもスペースはゆったりしている。一方で、個室(カプセル)に鍵がかけられない、コモンルームの雰囲気が暗い、館内の英語での説明が不十分であることなど、改善して欲しい点は多いため,どちらでもない,,感じた,荷物(スーツケースやバックパック)を入れておくロッカーがないこと、ウェルカムコーヒーの使用済みカップ置き場に日本語表記しかないこと、置いてある雑誌は乱雑にラックに配置されていること、カードキーと個室の金庫の鍵がバラバラであること(同一の鍵で対応できるようにするべき)、他,7,特になし,また行きたい（1年以内）,民芸品を作っている工房を訪れたり制作体験を行うこと、有名ではないけれど趣のある路地散策,女,1983,東京都,文京区,100万円未満,"能登牛が当たる, アンケートに関するコメントですが、最後に世帯年収を聞いてくる自治体実施のアンケートはなんだかいい印象をもてません。「回答したくない」という選択肢がないことにも違和感がありました。回答したくなかったため、一番上に書いてあった選択肢を選びました。",,,新鮮な海鮮類
金沢エリア,トリフィートホテル&ポッド金沢百万石通,2024/02/11 9:11:47,同意する,1泊,1泊,金沢エリア  （湯涌温泉、深谷温泉、犀川温泉など）,石川県外には泊まらない,夫婦2人,地元の美味しいものを食べる,自家用車,"自家用車, 徒歩",,,"5,000円以上 10,000円未満","1,000円以上 3,000円未満","10,000円以上 20,000円未満",初めて,インターネット・アプリ,近江町市場,,兼六園,,"5,000円以上 10,000円未満",満足,お手頃。,満足,清潔。,感じなかった,,7,そこそこ。,また行きたい（1年以内）,さすが百万石。,男,1968,富山県,富山市,500万円以上 600万円未満,能登牛が当たる,,,魅力ある街。
金沢エリア,トリフィートホテル&ポッド金沢百万石通,2024/02/15 6:08:45,同意する,1泊,1泊,金沢エリア  （湯涌温泉、深谷温泉、犀川温泉など）,石川県外には泊まらない,自分ひとり,出張など仕事関係,在来線,路線バス,不満,ICカードが使えない,"5,000円以上 10,000円未満","10,000円以上 20,000円未満","5,000円以上 10,000円未満",初めて,インターネット・アプリ,近江町市場,,尾山神社,,"5,000円以上 10,000円未満",満足,リーズナブル,満足,リーズナブル,感じなかった,,7,,また行きたい（1年以内）,食事,男,1962,兵庫県,芦屋市,700万円以上 800万円未満,能登牛が当たる,,,
金沢エリア,トリフィートホテル&ポッド金沢百万石通,2024/02/17 22:33:27,同意する,4泊以上,4泊以上,金沢エリア  （湯涌温泉、深谷温泉、犀川温泉など）,石川県外には泊まらない,職場の同僚,出張など仕事関係,レンタカー,レンタカー,とても満足,車を停めるところがたくさんあったから,"5,000円以上 10,000円未満","5,000円以上 10,000円未満","10,000円以上 20,000円未満",初めて,インターネット・アプリ,選択なし/該当施設なし,仕事の関係,選択なし/該当施設なし,仕事なので,"20,000円以上 30,000円未満",とても満足,ご飯が美味しい,とても満足,値段も料理もいい,感じなかった,,9,海鮮がよかった,また行きたい（1年以内）,特にない,男,1995,愛知県,北名古屋市,300万円以上 400万円未満,"能登牛が当たる, 石川県のおすすめ観光スポットが見たい",,,ご飯が美味しいから
金沢エリア,トリフィートホテル&ポッド金沢百万石通,2024/02/23 17:36:30,同意する,1泊,1泊,金沢エリア  （湯涌温泉、深谷温泉、犀川温泉など）,石川県外には泊まらない,友人,"地元の美味しいものを食べる, 名所、旧跡の観光",在来線,在来線,満足,サンダーバードはまずまず良かった,"3,000円以上 5,000円未満","20,000円以上 30,000円未満","20,000円以上 30,000円未満",初めて,"インターネット・アプリ, 友人・知人",尾山神社,,ひがし茶屋街,,"3,000円以上 5,000円未満",とても満足,清潔、リーズナブル,とても満足,清潔,感じなかった,,9,,また行きたい（1年以内）,伝統　文化,女,1970,三重県,伊勢市,300万円以上 400万円未満,能登牛が当たる,,,観光しがいがある
金沢エリア,トリフィートホテル&ポッド金沢百万石通,2024/02/24 8:58:59,同意する,1泊,1泊,金沢エリア  （湯涌温泉、深谷温泉、犀川温泉など）,石川県外には泊まらない,友人,"宿でのんびり過ごす, 地元の美味しいものを食べる, 名所、旧跡の観光",飛行機,徒歩,,,"5,000円以上 10,000円未満","10,000円以上 20,000円未満","20,000円以上 30,000円未満",2～5回目,"インターネット・アプリ, 友人・知人",兼六園,,近江町市場,,"5,000円以上 10,000円未満",とても満足,,とても満足,,感じなかった,,10,,また行きたい（1年以内）,特になし,男,1969,大阪府,大阪市,600万円以上 700万円未満,能登牛が当たる,,,
金沢エリア,トリフィートホテル&ポッド金沢百万石通,2024/03/03 6:13:27,同意する,1泊,1泊,金沢エリア  （湯涌温泉、深谷温泉、犀川温泉など）,石川県外には泊まらない,夫婦2人,宿でのんびり過ごす,自家用車,自家用車,,,"1,000円以上 3,000円未満","5,000円以上 10,000円未満","100,000円以上",2～5回目,インターネット・アプリ,兼六園,,金沢21世紀美術館,,"10,000円以上 20,000円未満",満足,ホテルマンの親切さ,満足,清潔感と立地条件が、良い,感じなかった,,6,,機会があれば行きたい,特に無し,男,1964,京都府,京都市,"1,000万円以上 1,200万円未満",なんとなく,,,食べ物が、良い
金沢エリア,トリフィートホテル&ポッド金沢百万石通,2024/03/03 11:06:37,同意する,2泊,2泊,金沢エリア  （湯涌温泉、深谷温泉、犀川温泉など）,石川県外には泊まらない,自分ひとり,"地元の美味しいものを食べる, 買い物、アウトレット, スポーツ観戦や芸術鑑賞（コンサート等）, まちあるき、都市散策",新幹線,"タクシー, 徒歩",どちらでもない,夜９時以降の金沢駅～香林坊までのバスなどが無いので、タクシーに乗ることになってしまう,"5,000円以上 10,000円未満","20,000円以上 30,000円未満","40,000円以上 50,000円未満",2～5回目,"観光パンフレット・ポスター, 観光協会等の案内所, タクシードライバーや地元の人",近江町市場,,近江町市場,,"3,000円以上 5,000円未満",満足,大浴場もあり、せキュリーもしっかりしていて、寝具なども清潔感があった,満足,,感じなかった,,10,,また行きたい（1年以内）,海外からの観光客が増えると行きたい店やどこに行っても混んでてマナーが悪い方も多くなり、せっかくの旅行が台無しになるので、海外の観光客に分かりやすいようなマナーなど周知してほしい,女,1969,東京都,国分寺市,800万円以上 900万円未満,能登牛が当たる,,,食べ物は美味しいし、街の雰囲気もいい
金沢エリア,トリフィートホテル&ポッド金沢百万石通,2024/03/05 11:02:39,同意する,1泊,2泊,金沢エリア  （湯涌温泉、深谷温泉、犀川温泉など）,福井県,自分ひとり,地元の美味しいものを食べる,新幹線,徒歩,とても満足,こちらのホテルはとてもクリーンで空調もよく満足しています,"10,000円以上 20,000円未満","50,000円以上 100,000円未満","20,000円以上 30,000円未満",11回目以上,新聞・雑誌・ガイドブック,兼六園,,ひがし茶屋街,,"50,000円以上 100,000円未満",とても満足,,とても満足,,感じなかった,全くない。,10,金箔の入ったお菓子,また行きたい（1年以内）,なし,女,1998,東京都,新宿区,"1,500万円以上",時間があったから。,,,
金沢エリア,トリフィートホテル&ポッド金沢百万石通,2024/03/09 22:52:08,同意する,2泊,1泊,金沢エリア  （湯涌温泉、深谷温泉、犀川温泉など）,福井県,自分ひとり,"地元の美味しいものを食べる, 買い物、アウトレット, 北陸本線の乗り納め",在来線,在来線,満足,今回の旅行の目的であるサンダーバードとしらさぎ号に乗れて満足です。,"5,000円以上 10,000円未満","10,000円以上 20,000円未満","20,000円以上 30,000円未満",2～5回目,"観光パンフレット・ポスター, インターネット・アプリ, X(旧：Twitter)",選択なし/該当施設なし,,選択なし/該当施設なし,,"5,000円以上 10,000円未満",満足,清潔感があり交通の便も良いので,満足,清潔感があるので,感じなかった,,7,特に無し,また行きたい（1年以内）,お菓子などは県外生産の物もちらほら見受けられるので、もっと地元で生産されたお土産の選択肢が増えるといいと思います。,男,1990,愛知県,名古屋市,500万円以上 600万円未満,能登牛が当たる,,,夕飯の選択肢の多さ
金沢エリア,トリフィートホテル&ポッド金沢百万石通,2024/03/12 3:36:32,同意する,4泊以上,3泊,金沢エリア  （湯涌温泉、深谷温泉、犀川温泉など）,富山県,自分ひとり,"地元の美味しいものを食べる, 名所、旧跡の観光, テーマパーク（遊園地、動物園、博物館など）, アウトドア（海水浴、釣り、登山など）","在来線, 飛行機","在来線, 徒歩",満足,駅から歩けないほどの距離ではなかったので,"30,000円以上 40,000円未満","20,000円以上 30,000円未満","10,000円以上 20,000円未満",2～5回目,インターネット・アプリ,選択なし/該当施設なし,県外よりそのままチェックインした為,尾山神社,,"10,000円以上 20,000円未満",満足,必要十分のアメニティでしたので,満足,必要十分のアメニティでしたので,感じなかった,,5,カードキー持たずに出そうになった時にアナウンスが出たりするといいかもしれません,どちらともいえない,九谷焼関係は公共交通機関でのアクセス困難と思います。この辺の横の動線になりうるバスがもう少しあれば、と思いました,男,1974,熊本県,菊池郡大津町,"1,000万円以上 1,200万円未満",能登牛が当たる,,,街に行ってみたいお店が多いことでしょうか
金沢エリア,トリフィートホテル&ポッド金沢百万石通,2024/03/14 11:39:19,同意する,4泊以上,4泊以上,能登エリア （和倉温泉、七尾市、輪島市、珠洲市など）,石川県外には泊まらない,自分ひとり,災害ボランティアの為,夜行バス,夜行バス,どちらでもない,座席幅狭いこと,"20,000円以上 30,000円未満","5,000円以上 10,000円未満","1,000円以上 3,000円未満",初めて,インターネット・アプリ,選択なし/該当施設なし,県のボランティアバスで奥能登ベースキャンプから金沢駅に着いて直接やって来た。,選択なし/該当施設なし,駅からボランティアバスに乗るため。,"1,000円未満",とても満足,低価格の割にフロントの水準が高い。,とても満足,設備全般の水準が高い,感じなかった,,10,レストランの席が自由に使えて良い。,また行きたい（1年以内）,酒魚が旨い。,男,1959,千葉県,柏市,300万円以上 400万円未満,能登牛が当たる,,,駅から少し離れているが、雰囲気が良い。
金沢エリア,トリフィートホテル&ポッド金沢百万石通,2024/03/17 23:34:35,同意する,2泊,1泊,金沢エリア  （湯涌温泉、深谷温泉、犀川温泉など）,福井県,自分ひとり,"地元の美味しいものを食べる, 名所、旧跡の観光",新幹線,路線バス,とても満足,,"10,000円以上 20,000円未満","20,000円以上 30,000円未満","5,000円以上 10,000円未満",初めて,インターネット・アプリ,選択なし/該当施設なし,,兼六園,,"3,000円以上 5,000円未満",とても満足,,満足,,感じなかった,,10,,また行きたい（1年以内）,特になし。着いたばかりで、明日から観光をするので,男,1994,長野県,上田市,100万円未満,能登牛が当たる,,,鼓門のライトアップが良かった
金沢エリア,トリフィートホテル&ポッド金沢百万石通,2024/03/22 10:57:07,同意する,1泊,1泊,金沢エリア  （湯涌温泉、深谷温泉、犀川温泉など）,石川県外には泊まらない,友人,地元の美味しいものを食べる,自家用車,路線バス,満足,バスがたくさんある,"5,000円以上 10,000円未満","1,000円未満","10,000円以上 20,000円未満",初めて,インターネット・アプリ,尾山神社,,ひがし茶屋街,,"5,000円以上 10,000円未満",満足,親切丁寧,満足,綺麗で清潔感がある,感じなかった,,10,,また行きたい（1年以内）,海鮮が美味しかった,男,1963,石川県,金沢市,500万円以上 600万円未満,"能登牛が当たる, ひゃくまんさんが好き",,,いろんな観光ができる
金沢エリア,トリフィートホテル&ポッド金沢百万石通,2024/03/24 9:45:25,同意する,2泊,2泊,金沢エリア  （湯涌温泉、深谷温泉、犀川温泉など）,石川県外には泊まらない,自分ひとり,"地元の美味しいものを食べる, 買い物、アウトレット, まちあるき、都市散策","在来線, 飛行機",路線バス,とても満足,歩いても行ける距離だがバス停が目の前で利便性が高い,"10,000円以上 20,000円未満","50,000円以上 100,000円未満","30,000円以上 40,000円未満",2～5回目,"インターネット・アプリ, Instagram, Facebook",兼六園,美しく見応えがあった,近江町市場,,"10,000円以上 20,000円未満",とても満足,清掃が行き届いており、清潔感があった,とても満足,スタッフも親切な方で、とても気持ちよく会話できた,感じなかった,特になし,10,ウェルカムドリンクの種類も豊富だった,機会があれば行きたい,土産は沢山の種類があり目移りする。充分かと,女,1986,熊本県,上益城郡益城町,"1,200万円以上 1,500万円未満",同じ地震を経験した身として、石川に対して何かできることはないかと思ったから。応援しています！,,,食べ物も美味しくコンパクトにまとまった観光が可能
金沢エリア,トリフィートホテル&ポッド金沢百万石通,2024/03/24 12:16:17,同意する,2泊,1泊,金沢エリア  （湯涌温泉、深谷温泉、犀川温泉など）,富山県,自分ひとり,"まちあるき、都市散策, 珠洲に支援にいく中継地として",新幹線,"在来線, 路線バス",満足,土日100円のバスはありがたかった,"3,000円以上 5,000円未満","20,000円以上 30,000円未満","10,000円以上 20,000円未満",2～5回目,インターネット・アプリ,尾山神社,香林坊,近江町市場,,"3,000円以上 5,000円未満",満足,サウナがある,満足,,感じなかった,,10,,また行きたい（1年以内）,喫茶店,女,1978,長野県,諏訪郡下諏訪町,300万円以上 400万円未満,能登牛が当たる,,,
金沢エリア,トリフィートホテル&ポッド金沢百万石通,2024/03/30 11:14:08,同意する,1泊,1泊,金沢エリア  （湯涌温泉、深谷温泉、犀川温泉など）,石川県外には泊まらない,家族4人,"温泉や露天風呂, 地元の美味しいものを食べる, 花見や紅葉などの自然鑑賞, 名所、旧跡の観光, 買い物、アウトレット",自家用車,徒歩,満足,観光地がコンパクト,"10,000円以上 20,000円未満","10,000円以上 20,000円未満","20,000円以上 30,000円未満",2～5回目,"観光展・物産展, 新聞・雑誌・ガイドブック, TV・ラジオ番組やCM, 観光パンフレット・ポスター, インターネット・アプリ",兼六園,,ひがし茶屋街,,"10,000円以上 20,000円未満",とても満足,綺麗,とても満足,犬OK,感じた,洗面が別,10,,また行きたい（1年以内）,スイカが使えるように,男,1968,神奈川県,藤沢市,"1,500万円以上","能登牛が当たる, ひゃくまんさんが好き, ARでひゃくまんさんと写真が撮りたかった, 石川県のおすすめ観光スポットが見たい, 石川県の雑学を知りたい",,,
金沢エリア,トリフィートホテル&ポッド金沢百万石通,2024/03/30 11:17:37,同意する,1泊,1泊,金沢エリア  （湯涌温泉、深谷温泉、犀川温泉など）,石川県外には泊まらない,親,"地元の美味しいものを食べる, 花見や紅葉などの自然鑑賞, 名所、旧跡の観光, まちあるき、都市散策, ドライブ・ツーリング",自家用車,自家用車,,,"3,000円以上 5,000円未満","10,000円以上 20,000円未満","40,000円以上 50,000円未満",初めて,インターネット・アプリ,尾山神社,,兼六園,,"3,000円以上 5,000円未満",満足,,満足,,感じなかった,,8,,また行きたい（1年以内）,鮮度の高い海鮮が魅力です。弥助寿司という森本駅近くの個人店がとても美味しかったです。,女,2004,神奈川県,藤沢市,"1,000万円以上 1,200万円未満","能登牛が当たる, 石川県のおすすめ観光スポットが見たい",,,
金沢エリア,トリフィートホテル&ポッド金沢百万石通,2024/03/30 13:02:50,同意する,1泊,1泊,金沢エリア  （湯涌温泉、深谷温泉、犀川温泉など）,石川県外には泊まらない,家族4人,"地元の美味しいものを食べる, 名所、旧跡の観光, 復興支援",自家用車,自家用車,,,"20,000円以上 30,000円未満","20,000円以上 30,000円未満","40,000円以上 50,000円未満",2～5回目,"インターネット・アプリ, Instagram",尾山神社,,兼六園,,"20,000円以上 30,000円未満",とても満足,愛犬と家族でゆっくり過ごせた,とても満足,,感じた,洗面、トイレが部屋に欲しかった,10,,また行きたい（1年以内）,海鮮、おでん、能登牛、地酒など堪能したい。街並みがとてもキレイなので是非また訪れたい,女,1975,神奈川県,藤沢市,"1,200万円以上 1,500万円未満","能登牛が当たる, 石川県のおすすめ観光スポットが見たい, 石川県の雑学を知りたい",,,
金沢エリア,トリフィートホテル&ポッド金沢百万石通,2024/03/30 23:38:59,同意する,3泊,3泊,金沢エリア  （湯涌温泉、深谷温泉、犀川温泉など）,石川県外には泊まらない,家族4人　夫婦　大学生　高校生,息子の進学引越し,飛行機,"路線バス, 徒歩",満足,,"50,000円以上 100,000円未満","20,000円以上 30,000円未満","40,000円以上 50,000円未満",初めて,"新聞・雑誌・ガイドブック, インターネット・アプリ",選択なし/該当施設なし,,兼六園,,"1,000円以上 3,000円未満",とても満足,綺麗で部屋が広い。お風呂が清潔。,とても満足,新しくて綺麗,感じなかった,,10,ロビーにあるボードゲームが楽しい,また行きたい（1年以内）,こんかをお土産に買いたい,男,1973,北海道,名寄市,"1,500万円以上",能登牛が当たる,,,食事も美味しく、見どころが沢山ある
金沢エリア,トリフィートホテル&ポッド金沢百万石通,2024/04/01 11:57:40,同意する,1泊,1泊,金沢エリア  （湯涌温泉、深谷温泉、犀川温泉など）,石川県外には泊まらない,大学生・高校生計4人,"地元の美味しいものを食べる, 花見や紅葉などの自然鑑賞, 名所、旧跡の観光, 買い物、アウトレット",自家用車,徒歩,,,"10,000円以上 20,000円未満","5,000円以上 10,000円未満","20,000円以上 30,000円未満",初めて,"観光展・物産展, 新聞・雑誌・ガイドブック, 観光パンフレット・ポスター, 観光協会等の案内所",兼六園,,ひがし茶屋街,,"5,000円以上 10,000円未満",とても満足,奇麗だった,とても満足,犬OKがいい,感じた,洗面欲しい,10,朝食もっとおかず欲しかった,また行きたい（1年以内）,自転車の設置場所が、よく分からず結局使えなかった。提携駐車場が欲しい,男,1968,神奈川県,藤沢市,"1,500万円以上","能登牛が当たる, 石川県のおすすめ観光スポットが見たい, 石川県の雑学を知りたい",,,犬もOKで、きれいだったので
金沢エリア,トリフィートホテル&ポッド金沢百万石通,2024/04/03 23:31:39,同意する,2泊,2泊,金沢エリア  （湯涌温泉、深谷温泉、犀川温泉など）,石川県外には泊まらない,自分ひとり,地元の美味しいものを食べる,新幹線,"タクシー, 路線バス",どちらでもない,路線バスがわからず、現金払いだったので。,"10,000円以上 20,000円未満","50,000円以上 100,000円未満","40,000円以上 50,000円未満",2～5回目,インターネット・アプリ,選択なし/該当施設なし,,近江町市場,,"10,000円以上 20,000円未満",満足,,満足,,感じた,トイレの数,8,,また行きたい（1年以内）,特になし,女,1966,長崎県,対馬市,700万円以上 800万円未満,能登牛が当たる,,,
金沢エリア,トリフィートホテル&ポッド金沢百万石通,2024/04/05 16:18:44,同意する,2泊,1泊,金沢エリア  （湯涌温泉、深谷温泉、犀川温泉など）,富山県,自分ひとり,"地元の美味しいものを食べる, 花見や紅葉などの自然鑑賞, 名所、旧跡の観光, 買い物、アウトレット, まちあるき、都市散策","新幹線, 在来線",路線バス,満足,利用時のわかりやすさ、バスの頻度、バス停の位置、運転手さんの丁寧さ、suicaがつかえれば完璧です！,"5,000円以上 10,000円未満","1,000円以上 3,000円未満","20,000円以上 30,000円未満",2～5回目,インターネット・アプリ,近江町市場,,選択なし/該当施設なし,チェックアウト後預けていた荷物を受け取って金沢駅から帰宅,"5,000円以上 10,000円未満",とても満足,大浴場もありながら良心的な値段。また使いたい,とても満足,観光地への場所、交通アクセスが大変よい。施設もとてもきれい。,感じなかった,,8,,また行きたい（1年以内）,能登牛をテイクアウトなどで気軽に食べられる場所があれば利用してみたい。本格的な食事だと、他のものが食べられなくなるため。,女,1982,東京都,新宿区,800万円以上 900万円未満,能登牛が当たる,とても満足,10,桜の時期の金沢は格別。街中にきれいな休憩場所がたくさんあり、お散歩が楽しかった。お魚もおいしい。
金沢エリア,トリフィートホテル&ポッド金沢百万石通,2024/04/09 21:51:16,同意する,2泊,1泊,金沢エリア  （湯涌温泉、深谷温泉、犀川温泉など）,新潟県,自分ひとり,"花見や紅葉などの自然鑑賞, 蓮ノ空女学院スクールアイドルクラブの聖地巡礼",在来線,レンタサイクル,とても満足,ポートも多く便利,"1,000円以上 3,000円未満","5,000円以上 10,000円未満","3,000円以上 5,000円未満",2～5回目,インターネット・アプリ,兼六園,,近江町市場,,"1,000円以上 3,000円未満",とても満足,安価,とても満足,,感じなかった,,10,,また行きたい（1年以内）,湯涌方面にもサイクルポートがほしい　加賀温泉から金沢市内の宿への手荷物回送サービスがあれば回遊しやすい,男,1989,兵庫県,神戸市,"900万円以上 1,000万円未満","能登牛が当たる, 動く３Dひゃくまんさんを見たい",とても満足,10,
金沢エリア,トリフィートホテル&ポッド金沢百万石通,2024/04/10 8:01:10,同意する,1泊,1泊,金沢エリア  （湯涌温泉、深谷温泉、犀川温泉など）,福井県,職場の同僚,出張など仕事関係,新幹線,"路線バス, 徒歩",不満,とても混んでいたから,"5,000円以上 10,000円未満","10,000円以上 20,000円未満","3,000円以上 5,000円未満",初めて,インターネット・アプリ,選択なし/該当施設なし,,選択なし/該当施設なし,,"3,000円以上 5,000円未満",とても満足,,とても満足,,感じなかった,,8,,また行きたい（1年以内）,特になし,女,2002,福井県,福井市,400万円以上 500万円未満,"能登牛が当たる, ひゃくまんさんが好き",どちらでもない,6,
金沢エリア,トリフィートホテル&ポッド金沢百万石通,2024/04/10 18:16:38,同意する,2泊,2泊,金沢エリア  （湯涌温泉、深谷温泉、犀川温泉など）,石川県外には泊まらない,自分ひとり,災害ボランティア,高速バス,徒歩,,,"3,000円以上 5,000円未満","10,000円以上 20,000円未満","20,000円以上 30,000円未満",初めて,インターネット・アプリ,選択なし/該当施設なし,,近江町市場,,"3,000円以上 5,000円未満",満足,,満足,,感じなかった,,10,,機会があれば行きたい,特になし,男,1964,群馬県,沼田市,600万円以上 700万円未満,能登牛が当たる,満足,9,
金沢エリア,トリフィートホテル&ポッド金沢百万石通,2024/04/12 7:31:08,同意する,1泊,1泊,金沢エリア  （湯涌温泉、深谷温泉、犀川温泉など）,石川県外には泊まらない,自分ひとり,出張など仕事関係,自家用車,自家用車,,,"5,000円以上 10,000円未満","1,000円以上 3,000円未満","10,000円以上 20,000円未満",初めて,じゃらん,選択なし/該当施設なし,石川県庁,選択なし/該当施設なし,珠洲市に行くため,"5,000円以上 10,000円未満",満足,格安だったのと綺麗だったため,満足,特に無し,感じなかった,,8,,また行きたい（1年以内）,海鮮,男,1972,福井県,坂井市,800万円以上 900万円未満,能登牛が当たる,満足,8,
金沢エリア,トリフィートホテル&ポッド金沢百万石通,2024/04/12 21:22:10,同意する,1泊,1泊,金沢エリア  （湯涌温泉、深谷温泉、犀川温泉など）,石川県外には泊まらない,自分ひとり,"地元の美味しいものを食べる, 名所、旧跡の観光",新幹線,徒歩,,,"5,000円以上 10,000円未満","1,000円未満","5,000円以上 10,000円未満",初めて,インターネット・アプリ,選択なし/該当施設なし,,金沢21世紀美術館,,"1,000円未満",満足,,満足,立地が良い、安い、清潔感ある、大浴場ある,感じた,ベッドが硬い、うるさい(ポッドは別にうるさくないが、前に大きい道路があるのが気になった),7,ウェルカムドリンクがうれしかった,機会があれば行きたい,色々楽しめるパス的なものがあるとうれしい,女,1982,神奈川県,茅ヶ崎市,700万円以上 800万円未満,"能登牛が当たる, 石川県のおすすめ観光スポットが見たい, 宿のラウンジで目に止まったので",満足,9,美味しいものがたくさんあるので、グルメを楽しんで欲しい
金沢エリア,トリフィートホテル&ポッド金沢百万石通,2024/04/18 12:18:48,同意する,1泊,1泊,金沢エリア  （湯涌温泉、深谷温泉、犀川温泉など）,石川県外には泊まらない,自分ひとり,出張など仕事関係,自家用車,自家用車,,,"20,000円以上 30,000円未満","10,000円以上 20,000円未満","3,000円以上 5,000円未満",2～5回目,インターネット・アプリ,兼六園,,ひがし茶屋街,,"1,000円未満",とても満足,,とても満足,,感じなかった,,10,,また行きたい（1年以内）,食べる温泉重視,女,1969,石川県,かほく市,400万円以上 500万円未満,石川県のおすすめ観光スポットが見たい,とても満足,10,
金沢エリア,トリフィートホテル&ポッド金沢百万石通,2024/04/20 6:06:13,同意する,2泊,1泊,金沢エリア  （湯涌温泉、深谷温泉、犀川温泉など）,新潟,友人,宿でのんびり過ごす,自家用車,自家用車,,,"1,000円以上 3,000円未満","3,000円以上 5,000円未満","1,000円未満",初めて,インターネット・アプリ,選択なし/該当施設なし,,選択なし/該当施設なし,,"1,000円以上 3,000円未満",とても満足,受付の方がとても親切,とても満足,内装が綺麗で衛生,感じなかった,,9,特にありません,また行きたい（1年以内）,堅豆腐、なめこ,男,1960,愛知県,名古屋市,700万円以上 800万円未満,能登牛が当たる,とても満足,10,親戚が石川県にいるので、石川県のすべての良さを伝えてあげたい
金沢エリア,トリフィートホテル&ポッド金沢百万石通,2024/04/21 2:46:54,同意する,1泊,1泊,金沢エリア  （湯涌温泉、深谷温泉、犀川温泉など）,石川県外には泊まらない,友人,"地元の美味しいものを食べる, まちあるき、都市散策",新幹線,徒歩,,,"5,000円以上 10,000円未満","10,000円以上 20,000円未満","20,000円以上 30,000円未満",2～5回目,"インターネット・アプリ, 友人・知人",近江町市場,,兼六園,,"1,000円以上 3,000円未満",満足,客層が良く、迷惑だと感じることがなかった,とても満足,リーズナブルでリラックスできる,感じなかった,,9,,また行きたい（1年以内）,特になし,男,1969,栃木県,宇都宮市,"900万円以上 1,000万円未満","能登牛が当たる, 石川県の雑学を知りたい, なんとなく",とても満足,10,街全体が建築美を意識しているように感じ、散策が楽しい。
金沢エリア,トリフィートホテル&ポッド金沢百万石通,2024/04/27 15:57:32,同意する,2泊,2泊,金沢エリア  （湯涌温泉、深谷温泉、犀川温泉など）,石川県外には泊まらない,自分ひとり,"地元の美味しいものを食べる, まちあるき、都市散策",新幹線,徒歩,,,"5,000円以上 10,000円未満",使わない,"20,000円以上 30,000円未満",初めて,インターネット・アプリ,近江町市場,,ひがし茶屋街,,"10,000円以上 20,000円未満",満足,,満足,,感じなかった,,7,,また行きたい（1年以内）,特になし,男,1969,茨城県,神栖市,"1,200万円以上 1,500万円未満",能登牛が当たる,満足,10,
金沢エリア,トリフィートホテル&ポッド金沢百万石通,2024/04/29 15:41:07,同意する,2泊,1泊,金沢エリア  （湯涌温泉、深谷温泉、犀川温泉など）,福井県,自分ひとり,"地元の美味しいものを食べる, 花見や紅葉などの自然鑑賞, 名所、旧跡の観光, まちあるき、都市散策",新幹線,徒歩,,,"30,000円以上 40,000円未満","20,000円以上 30,000円未満","10,000円以上 20,000円未満",2～5回目,"新聞・雑誌・ガイドブック, 観光パンフレット・ポスター, インターネット・アプリ, 友人・知人",近江町市場,,兼六園,,"5,000円以上 10,000円未満",とても満足,,とても満足,,感じなかった,,8,,機会があれば行きたい,特になし,男,1991,東京都,北区,500万円以上 600万円未満,"石川県のおすすめ観光スポットが見たい, 石川県の雑学を知りたい, なんとなく",とても満足,10,
金沢エリア,トリフィートホテル&ポッド金沢百万石通,2024/05/07 18:20:21,同意する,2泊,1泊,加賀エリア （山代温泉、山中温泉、片山津温泉、粟津温泉、辰口温泉、加賀市、小松市など）,石川県外には泊まらない,中学生以下連れの家族,"温泉や露天風呂, 地元の美味しいものを食べる, 名所、旧跡の観光, まちあるき、都市散策, 各種体験（手作り、果物狩りなど）",自家用車,自家用車,満足,家族旅行では車が便利。犬もいっしょなので。,"5,000円以上 10,000円未満","20,000円以上 30,000円未満","20,000円以上 30,000円未満",2～5回目,"新聞・雑誌・ガイドブック, インターネット・アプリ",近江町市場,犬が泊まれるホテル,金沢21世紀美術館,,"1,000円以上 3,000円未満",とても満足,全てが揃っていて立地がいい,とても満足,サービスがいい,感じなかった,,10,,また行きたい（1年以内）,地場の特産物や工芸,女,1975,大阪府,大阪市,400万円以上 500万円未満,"能登牛が当たる, ひゃくまんさんが好き",とても満足,10,街並み　観光コンテンツ
金沢エリア,トリフィートホテル&ポッド金沢百万石通,2024/05/23 15:56:22,同意する,2泊,2泊,金沢エリア  （湯涌温泉、深谷温泉、犀川温泉など）,石川県外には泊まらない,自分ひとり,"宿でのんびり過ごす, 温泉や露天風呂, 地元の美味しいものを食べる, まちあるき、都市散策, 各種体験（手作り、果物狩りなど）","新幹線, 高速バス",徒歩,,,"10,000円以上 20,000円未満","1,000円以上 3,000円未満","30,000円以上 40,000円未満",初めて,インターネット・アプリ,近江町市場,,尾山神社,,使わない,満足,,どちらでもない,支払い方法等の案内が分かりづらい,感じなかった,,4,,また行きたい（1年以内）,景観や雰囲気(もてなし),男,2000,東京都,江東区,400万円以上 500万円未満,"能登牛が当たる, ひゃくまんさんが好き, 石川県のおすすめ観光スポットが見たい",とても満足,10,
金沢エリア,トリフィートホテル&ポッド金沢百万石通,2024/05/25 9:32:46,同意する,1泊,1泊,金沢エリア  （湯涌温泉、深谷温泉、犀川温泉など）,石川県外には泊まらない,恋人,"宿でのんびり過ごす, 温泉や露天風呂, 地元の美味しいものを食べる, 花見や紅葉などの自然鑑賞, 名所、旧跡の観光",夜行バス,徒歩,,,"5,000円以上 10,000円未満","5,000円以上 10,000円未満","5,000円以上 10,000円未満",初めて,インターネット・アプリ,兼六園,,金沢21世紀美術館,,"1,000円未満",満足,ゆっくり出来たから,満足,ゆっくり出来たから,感じなかった,,8,,機会があれば行きたい,特になし,男,2002,千葉県,千葉市,"1,000万円以上 1,200万円未満",能登牛が当たる,満足,8,色々な観光スポットがあるから
金沢エリア,BENJAMIN HOTEL,2024/04/26 22:53:24,同意する,1泊,1泊,金沢エリア  （湯涌温泉、深谷温泉、犀川温泉など）,石川県外には泊まらない,友人,"地元の美味しいものを食べる, 花見や紅葉などの自然鑑賞, 名所、旧跡の観光",夜行バス,旅行会社ツアーバス,不満,予約した3列独立夜行バスが4列に変わった,"10,000円以上 20,000円未満","1,000円未満","5,000円以上 10,000円未満",2～5回目,"Instagram, 友人・知人",兼六園,,近江町市場,,"1,000円以上 3,000円未満",満足,,どちらでもない,部屋の中に洗面台があるとより便利、壁紙が少し汚かった,感じた,部屋の中に洗面台がない,7,,機会があれば行きたい,特になし,女,2001,東京都,杉並区,500万円以上 600万円未満,能登牛が当たる,とても満足,10,観光地が割と全て近い距離にある為、移動に交通費もあまりかからず、複数の観光地を街並みを楽しみながら歩いて回ることもできるため
金沢エリア,金沢東急ホテル,2023/12/24 4:15:35,同意する,日帰り,石川県内には宿泊しない,石川県内には宿泊しない,石川県外には泊まらない,親,地元の美味しいものを食べる,自家用車,"自家用車, 路線バス",とても満足,食べ物が美味しいから,"5,000円以上 10,000円未満","1,000円以上 3,000円未満","5,000円以上 10,000円未満",2～5回目,"観光展・物産展, 新聞・雑誌・ガイドブック, インターネット・アプリ",近江町市場,,兼六園,,"5,000円以上 10,000円未満",とても満足,,とても満足,,感じなかった,,10,ランチもお手頃で美味しい所が多い,石川県在住,金沢駅の地下をもう少し色々開発してほしい,女,1967,石川県,金沢市,200万円以上 300万円未満,"能登牛が当たる, 動く３Dひゃくまんさんを見たい, 石川県のおすすめ観光スポットが見たい",,,金沢城から兼六園に向けて新しい発見と観光スポットが多い
金沢エリア,金沢東急ホテル,2023/12/27 7:55:46,同意する,2泊,2泊,金沢エリア  （湯涌温泉、深谷温泉、犀川温泉など）,富山県,夫婦2人,"宿でのんびり過ごす, 温泉や露天風呂, 地元の美味しいものを食べる",在来線,送迎,とても満足,スムーズに移動できた,"30,000円以上 40,000円未満","1,000円以上 3,000円未満","20,000円以上 30,000円未満",2～5回目,友人・知人,金沢21世紀美術館,,兼六園,,"5,000円以上 10,000円未満",とても満足,スタッフの方が親切,満足,段差などがあり、とても満足とはいえない,感じなかった,,10,朝ご飯、おいしかった,また行きたい（1年以内）,酒蔵見学、ひとりでも飲める居酒屋,女,1969,京都府,京都市,800万円以上 900万円未満,良い観光都市になってほしいから,,,便利な場所にあるし、スタッフの目が行き届いているから
金沢エリア,金沢東急ホテル,2023/12/30 14:43:26,同意する,1泊,1泊,金沢エリア  （湯涌温泉、深谷温泉、犀川温泉など）,石川県外には泊まらない,親,地元の美味しいものを食べる,県外から訪れていない（石川県内在住）,自家用車,,,"30,000円以上 40,000円未満","1,000円未満","30,000円以上 40,000円未満",11回目以上,Instagram,兼六園,,近江町市場,,"30,000円以上 40,000円未満",とても満足,,とても満足,,感じなかった,,8,,石川県在住,高くても良いもの,女,1992,石川県,野々市市,"1,200万円以上 1,500万円未満",能登牛が当たる,,,
金沢エリア,金沢東急ホテル,2024/01/14 0:18:13,同意する,1泊,1泊,金沢エリア  （湯涌温泉、深谷温泉、犀川温泉など）,石川県外には泊まらない,親,"地元の美味しいものを食べる, 名所、旧跡の観光, 買い物、アウトレット",新幹線,徒歩,,,"5,000円以上 10,000円未満","30,000円以上 40,000円未満","50,000円以上 100,000円未満",11回目以上,"インターネット・アプリ, X(旧：Twitter)",尾山神社,,兼六園,,使わない,とても満足,金沢に訪れる際はいつも利用しており、期待以上の丁寧なサービスを受けることができている。朝食が素晴らしい。,とても満足,,感じなかった,,10,,また行きたい（1年以内）,飲食が特に素晴らしいと感じている。現在大変な状況であるが、これからも頑張ってほしい。また、土産では色々な人に漆器をより身近に感じられるようにしてほしい。,女,1984,東京都,荒川区,600万円以上 700万円未満,"能登牛が当たる, ひゃくまんさんが好き",,,食事が美味しいこと。観光施設がコンパクトにまとまっており目的と旅程を設定しやすいこと
金沢エリア,金沢東急ホテル,2024/01/26 16:44:58,同意する,3泊,1泊,金沢エリア  （湯涌温泉、深谷温泉、犀川温泉など）,大阪府,友人,地元の美味しいものを食べる,在来線,路線バス,どちらでもない,,"10,000円以上 20,000円未満","5,000円以上 10,000円未満","5,000円以上 10,000円未満",2～5回目,"インターネット・アプリ, Instagram, 友人・知人",ひがし茶屋街,,金沢21世紀美術館,,"5,000円以上 10,000円未満",とても満足,,満足,,感じなかった,,7,,また行きたい（1年以内）,地震後に来たので、能登地方に関連したものを、これから加賀地方でも関われたらいいなと思いました。,無回答,2000,東京都,世田谷区,700万円以上 800万円未満,"能登牛が当たる, なんとなく",,,
金沢エリア,金沢東急ホテル,2024/01/27 9:32:19,同意する,1泊,1泊,金沢エリア  （湯涌温泉、深谷温泉、犀川温泉など）,石川県外には泊まらない,夫婦2人,"地元の美味しいものを食べる, まちあるき、都市散策",在来線,"在来線, 路線バス",満足,スムーズな移動だったので。雪の心配もなかった。,"10,000円以上 20,000円未満","3,000円以上 5,000円未満","30,000円以上 40,000円未満",2～5回目,"インターネット・アプリ, 友人・知人",近江町市場,,近江町市場,西茶屋街,"20,000円以上 30,000円未満",とても満足,ゆつたしている、朝食が美味しい。,とても満足,ゆっくりすごせる。立地が良い。,感じなかった,,8,朝ご飯に　地元のものがあって、嬉しいです。,また行きたい（1年以内）,海鮮、和菓子が美味しい。,女,1957,岐阜県,可児市,400万円以上 500万円未満,"能登牛が当たる, 石川県の雑学を知りたい, アンケートに答えて、いろいろ改善されて行くかもしれないので、積極的に答えるようにしてます。",,,遠くにいる友人。
金沢エリア,金沢東急ホテル,2024/03/03 10:51:01,同意する,1泊,1泊,加賀エリア （山代温泉、山中温泉、片山津温泉、粟津温泉、辰口温泉、加賀市、小松市など）,石川県外には泊まらない,中学生以下連れの家族,"宿でのんびり過ごす, 温泉や露天風呂, 地元の美味しいものを食べる, アウトドア（海水浴、釣り、登山など）, スキー・スノボ・マリンスポーツ",県外から訪れていない（石川県内在住）,"自家用車, 徒歩",とても満足,,"10,000円以上 20,000円未満","1,000円以上 3,000円未満","10,000円以上 20,000円未満",2～5回目,"観光展・物産展, インターネット・アプリ, X(旧：Twitter), Instagram, Facebook",近江町市場,,金沢21世紀美術館,,"5,000円以上 10,000円未満",とても満足,,とても満足,,感じなかった,,10,,また行きたい（1年以内）,特になし,男,1988,石川県,白山市,"900万円以上 1,000万円未満","能登牛が当たる, 石川県のおすすめ観光スポットが見たい, 石川県の観光がもっと賑わってほしいので",,,
金沢エリア,金沢東急ホテル,2024/03/12 17:43:00,同意する,1泊,1泊,金沢エリア  （湯涌温泉、深谷温泉、犀川温泉など）,石川県外には泊まらない,取引先,"地元の美味しいものを食べる, まちあるき、都市散策",新幹線,タクシー,とても満足,タクシーも多く、早い,"20,000円以上 30,000円未満","10,000円以上 20,000円未満","20,000円以上 30,000円未満",初めて,友人・知人,近江町市場,,金沢21世紀美術館,,"10,000円以上 20,000円未満",とても満足,綺麗、おもてなしがいい,とても満足,ひのきの香りや、金箔のしつらえ,感じなかった,,10,,また行きたい（1年以内）,温泉と地酒と地魚が最高です,女,1994,兵庫県,明石市,700万円以上 800万円未満,"能登牛が当たる, 石川県のおすすめ観光スポットが見たい, なんとなく",,,
金沢エリア,金沢東急ホテル,2024/03/29 11:30:51,同意する,日帰り,石川県内には宿泊しない,石川県内には宿泊しない,石川県外には泊まらない,夫婦2人,"地元の美味しいものを食べる, 買い物、アウトレット, まちあるき、都市散策",自家用車,自家用車,,,使わない,"3,000円以上 5,000円未満","10,000円以上 20,000円未満",初めて,"観光展・物産展, 新聞・雑誌・ガイドブック, 観光パンフレット・ポスター",選択なし/該当施設なし,,近江町市場,,使わない,とても満足,,とても満足,,感じなかった,,10,,石川県在住,特になし,男,1971,石川県,河北郡内灘町,200万円以上 300万円未満,ひゃくまんさんが好き,,,
金沢エリア,金沢東急ホテル,2024/03/29 22:49:05,同意する,2泊,2泊,金沢エリア  （湯涌温泉、深谷温泉、犀川温泉など）,富山県,友人,"宿でのんびり過ごす, 地元の美味しいものを食べる",新幹線,徒歩,とても満足,,"10,000円以上 20,000円未満","30,000円以上 40,000円未満","3,000円以上 5,000円未満",初めて,X(旧：Twitter),尾山神社,,金沢21世紀美術館,,"30,000円以上 40,000円未満",不満,,不満,,感じた,,4,,どちらともいえない,さっぷ,その他,2002,茨城県,水戸市,100万円以上 200万円未満,"ひゃくまんさんが好き, ARでひゃくまんさんと写真が撮りたかった",,,
金沢エリア,金沢東急ホテル,2024/04/10 22:14:10,同意する,2泊,2泊,金沢エリア  （湯涌温泉、深谷温泉、犀川温泉など）,石川県外には泊まらない,夫婦2人,"宿でのんびり過ごす, 花見や紅葉などの自然鑑賞",飛行機,路線バス,とても満足,利便性が良かった,"40,000円以上 50,000円未満","10,000円以上 20,000円未満","20,000円以上 30,000円未満",6～10回目,"新聞・雑誌・ガイドブック, インターネット・アプリ",ひがし茶屋街,,兼六園,,"20,000円以上 30,000円未満",とても満足,お部屋とサービスが快適,とても満足,繁華街にあり便利,感じなかった,,10,サービス対応が良かった,また行きたい（1年以内）,地元素材を活かした食事,女,1973,東京都,港区,"1,000万円以上 1,200万円未満","能登牛が当たる, ひゃくまんさんが好き",とても満足,10,観光が充実、物価がお値打ちで贅沢な飲食ができる。人が優しい。
金沢エリア,金沢東急ホテル,2024/04/10 22:16:41,同意する,2泊,2泊,金沢エリア  （湯涌温泉、深谷温泉、犀川温泉など）,石川県外には泊まらない,恋人,"地元の美味しいものを食べる, 花見や紅葉などの自然鑑賞, 名所、旧跡の観光",飛行機,路線バス,とても満足,バスの本数が多く、路線も充実して便利でした,"20,000円以上 30,000円未満","20,000円以上 30,000円未満","30,000円以上 40,000円未満",初めて,"新聞・雑誌・ガイドブック, 友人・知人",ひがし茶屋街,,兼六園,,"20,000円以上 30,000円未満",とても満足,スタッフの皆さまか元気で笑顔が素晴らしい,とても満足,どこも清潔で古さを全く感じません,感じなかった,,10,立地がいいので、周辺観光のベースにも最適です,また行きたい（1年以内）,早く全体が復興して自由に周れるようになって欲しいです,男,1968,神奈川県,横浜市,"1,500万円以上","能登牛が当たる, ひゃくまんさんが好き, 石川県のおすすめ観光スポットが見たい, 石川県の雑学を知りたい",とても満足,10,人が優しい。食べ物がみな美味しく美しい
金沢エリア,金沢東急ホテル,2024/04/19 22:52:19,同意する,2泊,2泊,金沢エリア  （湯涌温泉、深谷温泉、犀川温泉など）,石川県外には泊まらない,夫婦2人,"宿でのんびり過ごす, 地元の美味しいものを食べる, 名所、旧跡の観光, テーマパーク（遊園地、動物園、博物館など）, まちあるき、都市散策, ドライブ・ツーリング",自家用車,自家用車,,,"20,000円以上 30,000円未満","5,000円以上 10,000円未満","20,000円以上 30,000円未満",初めて,インターネット・アプリ,近江町市場,白山市まいもん寿司,選択なし/該当施設なし,新幹線新駅,"10,000円以上 20,000円未満",満足,ホテルの規模が大きく、手厚いおもてなし,満足,立地がよく広い,感じた,駐車料金が高い、宿泊者は500円にすべし,7,朝食か美味しくスタッフが親切,また行きたい（1年以内）,コスパと美味しさを兼ねた美味しい食べ物,男,1964,滋賀県,彦根市,600万円以上 700万円未満,"石川県のおすすめ観光スポットが見たい, 石川県の雑学を知りたい",とても満足,9,街が綺麗でオールドモダンが素敵
金沢エリア,金沢東急ホテル,2024/04/20 14:54:43,同意する,1泊,1泊,金沢エリア  （湯涌温泉、深谷温泉、犀川温泉など）,石川県外には泊まらない,自分ひとり,宿でのんびり過ごす,県外から訪れていない（石川県内在住）,路線バス,どちらでもない,可もなく不可もないから,"10,000円以上 20,000円未満","1,000円以上 3,000円未満","20,000円以上 30,000円未満",2～5回目,インターネット・アプリ,尾山神社,,選択なし/該当施設なし,,"5,000円以上 10,000円未満",満足,食事が美味しかったから,満足,食事が美味しかったから,感じなかった,,8,,石川県在住,飲食や土産は申し分ありませんが、アクティビティの点においてもっと力を入れたほうがよいかなと思います。,男,1980,石川県,金沢市,500万円以上 600万円未満,能登牛が当たる,満足,9,兼六園は見所が多く、四季も感じられるためおすすめです。
金沢エリア,金沢東急ホテル,2024/04/29 8:25:55,同意する,2泊,2泊,金沢エリア  （湯涌温泉、深谷温泉、犀川温泉など）,石川県外には泊まらない,小学生以下連れの家族,"地元の美味しいものを食べる, 名所、旧跡の観光, まちあるき、都市散策, 各種体験（手作り、果物狩りなど）",自家用車,自家用車,,,"40,000円以上 50,000円未満","5,000円以上 10,000円未満","20,000円以上 30,000円未満",初めて,インターネット・アプリ,選択なし/該当施設なし,滞在二日目に散策したから,尾山神社,,"50,000円以上 100,000円未満",満足,,とても満足,,感じなかった,,9,,また行きたい（1年以内）,地元のものを使った品物,女,1983,神奈川県,鎌倉市,700万円以上 800万円未満,"能登牛が当たる, ひゃくまんさんが好き",とても満足,10,
金沢エリア,金沢東急ホテル,2024/05/12 14:48:00,同意する,1泊,1泊,金沢エリア  （湯涌温泉、深谷温泉、犀川温泉など）,石川県外には泊まらない,友人,宿でのんびり過ごす,県外から訪れていない（石川県内在住）,自家用車,,,"10,000円以上 20,000円未満","1,000円未満","10,000円以上 20,000円未満",6～10回目,インターネット・アプリ,近江町市場,,選択なし/該当施設なし,,"10,000円以上 20,000円未満",満足,接客がとても丁寧です。,満足,お風呂が古い。,感じなかった,,8,朝食は最高に美味しい,石川県在住,食事がどこも器から素敵です。,女,1971,石川県,金沢市,400万円以上 500万円未満,能登牛が当たる,とても満足,9,食事
金沢エリア,金沢東急ホテル,2024/05/25 21:44:51,同意する,1泊,1泊,金沢エリア  （湯涌温泉、深谷温泉、犀川温泉など）,石川県外には泊まらない,夫婦2人,"地元の美味しいものを食べる, 名所、旧跡の観光","新幹線, 在来線","路線バス, 徒歩, レンタサイクル",とても満足,レンタサイクルが観光名所の付近ならどこでもある,"20,000円以上 30,000円未満","10,000円以上 20,000円未満","10,000円以上 20,000円未満",2～5回目,"観光展・物産展, インターネット・アプリ",兼六園,,金沢21世紀美術館,,"10,000円以上 20,000円未満",満足,値段の割にとても良い部屋,とても満足,綺麗で良い,感じなかった,,8,,また行きたい（1年以内）,夜ご飯など、おすすめがまとまったサイトがあれば嬉しい,男,1998,大阪府,大阪市,400万円以上 500万円未満,能登牛が当たる,とても満足,8,東茶屋の志摩
金沢エリア,金沢東急ホテル,2024/06/16 7:37:12,同意する,2泊,2泊,金沢エリア  （湯涌温泉、深谷温泉、犀川温泉など）,石川県外には泊まらない,夫婦2人,"宿でのんびり過ごす, 地元の美味しいものを食べる, 花見や紅葉などの自然鑑賞, 名所、旧跡の観光, まちあるき、都市散策",自家用車,"自家用車, 新幹線",満足,速く着くので。,"50,000円以上 100,000円未満","10,000円以上 20,000円未満","20,000円以上 30,000円未満",初めて,"新聞・雑誌・ガイドブック, TV・ラジオ番組やCM, 観光パンフレット・ポスター, インターネット・アプリ, ブログ, 友人・知人, 観光協会等の案内所",選択なし/該当施設なし,金沢港,ひがし茶屋街,,"20,000円以上 30,000円未満",とても満足,接客も良く、部屋も良い,とても満足,観光しやすい,感じなかった,,10,朝食が美味しかった,また行きたい（1年以内）,お手頃な海鮮の店,女,1965,長野県,長野市,"1,000万円以上 1,200万円未満",能登牛が当たる,とても満足,10,町並みが素敵
金沢エリア,ホテルエコノ金沢駅前,2023/12/21 18:14:34,同意する,1泊,1泊,金沢エリア  （湯涌温泉、深谷温泉、犀川温泉など）,石川県外には泊まらない,自分ひとり,名所、旧跡の観光,自家用車,自家用車,どちらでもない,,"5,000円以上 10,000円未満","1,000円未満","10,000円以上 20,000円未満",初めて,インターネット・アプリ,兼六園,,ひがし茶屋街,,"10,000円以上 20,000円未満",とても満足,値段が安く、リーズナブル、朝食無料,とても満足,チャンピオンカレーが美味しかった,感じなかった,,10,無料朝食が美味しかった,また行きたい（1年以内）,食べ物が美味しい,女,1959,石川県,小松市,300万円以上 400万円未満,能登牛が当たる,,,朝食無料でリーズナブル
金沢エリア,ホテルエコノ金沢駅前,2023/12/24 16:20:28,同意する,1泊,1泊,金沢エリア  （湯涌温泉、深谷温泉、犀川温泉など）,石川県外には泊まらない,中学生以下連れの家族,"地元の美味しいものを食べる, まちあるき、都市散策",在来線,在来線,どちらでもない,サンダーバードが古い,"5,000円以上 10,000円未満","10,000円以上 20,000円未満","10,000円以上 20,000円未満",初めて,"新聞・雑誌・ガイドブック, Instagram",近江町市場,,兼六園,,"5,000円以上 10,000円未満",満足,接客が良かった,満足,挨拶がフレンドリーで良かった,感じなかった,,8,,また行きたい（1年以内）,近江町市場は観光地化していて価格が高い,男,1975,大阪府,泉南郡岬町,"1,000万円以上 1,200万円未満","能登牛が当たる, 石川県のおすすめ観光スポットが見たい",,,観光施設がコンパクトにまとまり、回り易い
金沢エリア,ホテルエコノ金沢駅前,2023/12/26 7:16:03,同意する,1泊,1泊,金沢エリア  （湯涌温泉、深谷温泉、犀川温泉など）,石川県外には泊まらない,自分ひとり,"地元の美味しいものを食べる, 買い物、アウトレット, まちあるき、都市散策",新幹線,徒歩,,,"3,000円以上 5,000円未満","20,000円以上 30,000円未満","3,000円以上 5,000円未満",2～5回目,"観光展・物産展, インターネット・アプリ, X(旧：Twitter), 友人・知人, 観光協会等の案内所, タクシードライバーや地元の人",近江町市場,,ひがし茶屋街,,"1,000円以上 3,000円未満",とても満足,,とても満足,,感じなかった,,10,,また行きたい（1年以内）,美味しい海鮮、定食、眺めの良い景色,男,2003,埼玉県,東松山市,"900万円以上 1,000万円未満",能登牛が当たる,,,
金沢エリア,ホテルエコノ金沢駅前,2023/12/31 8:44:45,同意する,1泊,1泊,金沢エリア  （湯涌温泉、深谷温泉、犀川温泉など）,石川県外には泊まらない,友人,"地元の美味しいものを食べる, 名所、旧跡の観光, まちあるき、都市散策",自家用車,自家用車,,,"10,000円以上 20,000円未満","20,000円以上 30,000円未満","30,000円以上 40,000円未満",初めて,インターネット・アプリ,兼六園,,選択なし/該当施設なし,,"20,000円以上 30,000円未満",どちらでもない,ユニットバスにカビが結構付いていた,どちらでもない,,感じた,アメニティが少ない,7,なし,機会があれば行きたい,白えびは美味しかった,女,1970,愛知県,名古屋市,100万円以上 200万円未満,"能登牛が当たる, ひゃくまんさんが好き",,,観光地が良かった
金沢エリア,ホテルエコノ金沢駅前,2024/01/14 15:19:25,同意する,1泊,1泊,金沢エリア  （湯涌温泉、深谷温泉、犀川温泉など）,石川県外には泊まらない,自分ひとり,"地元の美味しいものを食べる, 名所、旧跡の観光, 買い物、アウトレット, まちあるき、都市散策",旅行会社ツアーバス,徒歩,,,"5,000円以上 10,000円未満","20,000円以上 30,000円未満","10,000円以上 20,000円未満",初めて,インターネット・アプリ,選択なし/該当施設なし,金沢中央卸売市場,ひがし茶屋街,,"5,000円以上 10,000円未満",満足,リーズナブル、朝食つき,どちらでもない,古い、大浴場がほしい,感じなかった,,8,チャンピオンカレーがうれしい,また行きたい（1年以内）,アイドルマスターとのコラボ,男,1988,東京都,足立区,400万円以上 500万円未満,"能登牛が当たる, なんとなく",,,寿司など海鮮、安い
金沢エリア,ホテルエコノ金沢駅前,2024/01/25 19:21:21,同意する,1泊,1泊,金沢エリア  （湯涌温泉、深谷温泉、犀川温泉など）,石川県外には泊まらない,親,親の医者の関係,県外から訪れていない（石川県内在住）,"自家用車, 在来線",満足,楽,"10,000円以上 20,000円未満","10,000円以上 20,000円未満","20,000円以上 30,000円未満",初めて,インターネット・アプリ,選択なし/該当施設なし,観光目的でない,選択なし/該当施設なし,観光目的でない,"1,000円以上 3,000円未満",満足,広い,満足,楽,感じなかった,,8,もう少しかわいいお土産あってもいいかな,石川県在住,かわいいの,女,1986,石川県,羽咋郡宝達志水町,100万円以上 200万円未満,"能登牛が当たる, ひゃくまんさんが好き",,,駅から近い
金沢エリア,ホテルエコノ金沢駅前,2024/02/08 7:21:25,同意する,4泊以上,4泊以上,金沢エリア  （湯涌温泉、深谷温泉、犀川温泉など）,石川県外には泊まらない,自分ひとり,"地元の美味しいものを食べる, 名所、旧跡の観光, まちあるき、都市散策, 出張など仕事関係","新幹線, 飛行機",徒歩,,,"50,000円以上 100,000円未満","50,000円以上 100,000円未満","50,000円以上 100,000円未満",2～5回目,インターネット・アプリ,兼六園,,近江町市場,,"50,000円以上 100,000円未満",満足,朝食も美味しく快適,満足,快適,感じなかった,,8,朝食が美味しい,また行きたい（1年以内）,満足してます,女,1973,長崎県,諫早市,700万円以上 800万円未満,"能登牛が当たる, 石川県のおすすめ観光スポットが見たい",,,快適で場所もいい
金沢エリア,ホテルエコノ金沢駅前,2024/02/12 22:40:46,同意する,4泊以上,4泊以上,能登エリア （和倉温泉、七尾市、輪島市、珠洲市など）,石川県外には泊まらない,自分ひとり,被災地で炊き出し,飛行機,"在来線, 路線バス",満足,,使わない,"40,000円以上 50,000円未満","10,000円以上 20,000円未満",初めて,"観光展・物産展, X(旧：Twitter), Instagram",選択なし/該当施設なし,,選択なし/該当施設なし,,"10,000円以上 20,000円未満",満足,,満足,,感じなかった,,10,,また行きたい（1年以内）,復興,男,1971,沖縄県,那覇市,200万円以上 300万円未満,"能登牛が当たる, ひゃくまんさんが好き, ARでひゃくまんさんと写真が撮りたかった, ひゃくまんさんの名刺をコレクションしている, 動く３Dひゃくまんさんを見たい, 石川県のおすすめ観光スポットが見たい, 石川県の雑学を知りたい",,,
金沢エリア,ホテルエコノ金沢駅前,2024/02/20 8:09:14,同意する,1泊,1泊,金沢エリア  （湯涌温泉、深谷温泉、犀川温泉など）,富山県,自分ひとり,出張など仕事関係,新幹線,徒歩,,,"5,000円以上 10,000円未満","1,000円以上 3,000円未満","1,000円以上 3,000円未満",2～5回目,インターネット・アプリ,選択なし/該当施設なし,仕事のため特になし,選択なし/該当施設なし,仕事のため特になし,"30,000円以上 40,000円未満",満足,朝食のチャンピオンカレー,満足,古いけど綺麗にしてる,感じなかった,,9,,また行きたい（1年以内）,海鮮,男,1969,東京都,品川区,800万円以上 900万円未満,なんとなく,,,海鮮が美味しい
金沢エリア,ホテルエコノ金沢駅前,2024/03/20 17:55:07,同意する,2泊,2泊,金沢エリア  （湯涌温泉、深谷温泉、犀川温泉など）,石川県外には泊まらない,職場の同僚,出張など仕事関係,新幹線,徒歩,,,"10,000円以上 20,000円未満","20,000円以上 30,000円未満","10,000円以上 20,000円未満",初めて,インターネット・アプリ,選択なし/該当施設なし,,選択なし/該当施設なし,輪島,"1,000円未満",とても満足,ウェルカムコーヒーがある。丁寧な接客。,満足,駅から近い,感じなかった,,7,特にありません,機会があれば行きたい,美味しい海産物が魅力,男,1970,東京都,調布市,800万円以上 900万円未満,"能登牛が当たる, なんとなく",,,駅から近い
金沢エリア,ホテルエコノ金沢駅前,2024/03/23 7:51:32,同意する,4泊以上,4泊以上,金沢エリア  （湯涌温泉、深谷温泉、犀川温泉など）,石川県外には泊まらない,親子,"まちあるき、都市散策, ボランティア",自家用車,徒歩,,,"30,000円以上 40,000円未満","5,000円以上 10,000円未満","40,000円以上 50,000円未満",初めて,インターネット・アプリ,金沢21世紀美術館,,近江町市場,なぎさドライブウェイ,"20,000円以上 30,000円未満",満足,安価,満足,部屋が広かった,感じなかった,,8,,また行きたい（1年以内）,和菓子が美味しい,男,1969,三重県,鈴鹿市,800万円以上 900万円未満,能登牛が当たる,,,お値段
金沢エリア,ホテルエコノ金沢駅前,2024/03/23 18:03:45,同意する,2泊,2泊,金沢エリア  （湯涌温泉、深谷温泉、犀川温泉など）,石川県外には泊まらない,中学生以下連れの家族,"温泉や露天風呂, 地元の美味しいものを食べる, 名所、旧跡の観光, 買い物、アウトレット, まちあるき、都市散策, 各種体験（手作り、果物狩りなど）",飛行機,徒歩,,,"3,000円以上 5,000円未満","10,000円以上 20,000円未満","40,000円以上 50,000円未満",初めて,"新聞・雑誌・ガイドブック, TV・ラジオ番組やCM, 観光パンフレット・ポスター, インターネット・アプリ, X(旧：Twitter), Instagram, Facebook, ブログ",選択なし/該当施設なし,金沢駅東口,兼六園,,"5,000円以上 10,000円未満",とても満足,ウェルカムコーヒ等のサービスが到着したての体に嬉しかったです！,とても満足,コンパクトでありながら清潔感があり過ごしやすいです。,感じなかった,,10,ベットが調子良かったのが嬉しいです！,機会があれば行きたい,海の幸とお肉に目がないのでグルメがより強化されると嬉しいです！,女,1986,北海道,空知郡南幌町,700万円以上 800万円未満,"能登牛が当たる, なんとなく",,,完全に思いつきの旅行で行き当たりばったりで北海道から来ましたがもう石川県並びに金沢のファンになりました！市内の要所がコンパクトに動けて助かりました！
金沢エリア,ホテルエコノ金沢駅前,2024/03/24 8:13:28,同意する,2泊,2泊,金沢エリア  （湯涌温泉、深谷温泉、犀川温泉など）,石川県外には泊まらない,小学生以下連れの家族,"地元の美味しいものを食べる, 名所、旧跡の観光",新幹線,徒歩,,,"10,000円以上 20,000円未満","40,000円以上 50,000円未満","10,000円以上 20,000円未満",初めて,"観光パンフレット・ポスター, インターネット・アプリ",選択なし/該当施設なし,,兼六園,,"10,000円以上 20,000円未満",とても満足,,とても満足,サービスが充実,感じなかった,,10,値段は安く、朝ごはんが無料でつき、添い寝2人分のタオルも貸し出しありで、値段以上のサービスだった。,機会があれば行きたい,子どもが遊べる施設,女,1987,茨城県,ひたちなか市,500万円以上 600万円未満,能登牛が当たる,,,兼六園が素晴らしかった
金沢エリア,ホテルエコノ金沢駅前,2024/03/31 9:03:58,同意する,2泊,1泊,金沢エリア  （湯涌温泉、深谷温泉、犀川温泉など）,長野県,夫婦2人,"地元の美味しいものを食べる, 花見や紅葉などの自然鑑賞, まちあるき、都市散策",自家用車,自家用車,,,"10,000円以上 20,000円未満","1,000円未満","10,000円以上 20,000円未満",初めて,インターネット・アプリ,選択なし/該当施設なし,タンポポのアトリエHIMITOにいきました！,兼六園,近江市場も、ばすでいきます！,"30,000円以上 40,000円未満",満足,スタッフさんの対応がていねい。,満足,駅に近い。,感じた,ハンガーの数が少ない,5,朝食は美味しくいただきました！ご馳走さまでした！,また行きたい（1年以内）,美味しい海鮮料理をたべたり、着物で古い町並みをあるく！,女,1970,愛知県,名古屋市,300万円以上 400万円未満,"能登牛が当たる, ひゃくまんさんが好き",,,駅に近い。
金沢エリア,ホテルエコノ金沢駅前,2024/04/09 23:45:21,同意する,4泊以上,4泊以上,金沢エリア  （湯涌温泉、深谷温泉、犀川温泉など）,石川県外には泊まらない,自分ひとり,出張など仕事関係,新幹線,徒歩,,,"100,000円以上","30,000円以上 40,000円未満","40,000円以上 50,000円未満",2～5回目,"インターネット・アプリ, Instagram, 友人・知人, タクシードライバーや地元の人",選択なし/該当施設なし,県庁,兼六園,,"100,000円以上",どちらでもない,基本的には満足していますが、朝食の種類がもう少し多いと嬉しいです。,満足,値段に比べてきれいで過ごしやすい宿でした。,感じなかった,,7,今回2度目の利用ですがまた利用しようとおもいます！,また行きたい（1年以内）,もう少し飲食店が夜遅くまでやっていると助かります,男,1995,東京都,世田谷区,500万円以上 600万円未満,"能登牛が当たる, 石川県の雑学を知りたい",満足,10,町並みに情緒があり、ご飯が美味しいところ
金沢エリア,ホテルエコノ金沢駅前,2024/04/19 19:22:14,同意する,4泊以上,4泊以上,金沢エリア  （湯涌温泉、深谷温泉、犀川温泉など）,東京,自分ひとり,"地元の美味しいものを食べる, 名所、旧跡の観光, 出張など仕事関係","新幹線, 在来線",徒歩,,,"40,000円以上 50,000円未満","40,000円以上 50,000円未満","20,000円以上 30,000円未満",初めて,インターネット・アプリ,金沢21世紀美術館,,兼六園,,"40,000円以上 50,000円未満",どちらでもない,,どちらでもない,,感じなかった,,4,,機会があれば行きたい,なし,女,1975,山形県,酒田市,700万円以上 800万円未満,"ひゃくまんさんが好き, ARでひゃくまんさんと写真が撮りたかった, ひゃくまんさんの名刺をコレクションしている, 動く３Dひゃくまんさんを見たい",とても満足,10,
金沢エリア,群青の月,2024/01/16 20:14:30,同意する,3泊,3泊,金沢エリア  （湯涌温泉、深谷温泉、犀川温泉など）,石川県外には泊まらない,病院からの災害派遣(DMAT),出張など仕事関係,DMAT車,DMAT車,とても満足,時間外から対応してくださり、感謝です。,"5,000円以上 10,000円未満","5,000円以上 10,000円未満","20,000円以上 30,000円未満",2～5回目,"TV・ラジオ番組やCM, インターネット・アプリ",金沢21世紀美術館,,選択なし/該当施設なし,,"40,000円以上 50,000円未満",満足,時間外から対応してくださり、ありがたかったです。,満足,ゆっくりできました。,感じなかった,,8,綺麗で快適です！,また行きたい（1年以内）,紅葉！,男,1992,兵庫県,丹波篠山市,800万円以上 900万円未満,能登牛が当たる,,,人の温かみを感じました。
金沢エリア,群青の月,2024/05/18 9:42:07,同意する,1泊,1泊,金沢エリア  （湯涌温泉、深谷温泉、犀川温泉など）,石川県外には泊まらない,夫婦2人,"宿でのんびり過ごす, 地元の美味しいものを食べる",自家用車,自家用車,,,"20,000円以上 30,000円未満","3,000円以上 5,000円未満","40,000円以上 50,000円未満",2～5回目,Instagram,兼六園,,選択なし/該当施設なし,,"30,000円以上 40,000円未満",とても満足,,とても満足,,感じなかった,,10,,石川県在住,寿司,女,1965,石川県,中能登町,"900万円以上 1,000万円未満",石川県のおすすめ観光スポットが見たい,とても満足,10,
金沢エリア,金沢カプセルホテル武蔵町,2024/01/08 1:49:52,同意する,2泊,1泊,金沢エリア  （湯涌温泉、深谷温泉、犀川温泉など）,愛知県,自分ひとり,"地元の美味しいものを食べる, まちあるき、都市散策",在来線,"在来線, 徒歩",満足,欠便があったのがマイナス,"1,000円以上 3,000円未満","3,000円以上 5,000円未満","1,000円以上 3,000円未満",初めて,インターネット・アプリ,選択なし/該当施設なし,京都河原町,近江町市場,,"1,000円以上 3,000円未満",満足,物販も欲しいかも,満足,,感じなかった,,8,,また行きたい（1年以内）,特に無し,男,1974,東京都,北区,100万円以上 200万円未満,能登牛が当たる,,,
金沢エリア,金沢カプセルホテル武蔵町,2024/01/17 19:09:50,同意する,4泊以上,4泊以上,能登エリア （和倉温泉、七尾市、輪島市、珠洲市など）,石川県外には泊まらない,団体旅行,災害支援,レンタカー,レンタカー,とても満足,レンタカーに最新の機能が搭載されていたから,"3,000円以上 5,000円未満","5,000円以上 10,000円未満","3,000円以上 5,000円未満",初めて,インターネット・アプリ,選択なし/該当施設なし,珠洲市,選択なし/該当施設なし,金沢城,"3,000円以上 5,000円未満",とても満足,清潔感があったから,とても満足,周辺へのアクセスがよい,感じなかった,,9,コスパが大変よい,また行きたい（1年以内）,おしゃれな本屋カフェ,男,1995,静岡県,浜松市,300万円以上 400万円未満,能登牛が当たる,,,金沢城 無料で楽しめるから
金沢エリア,金沢カプセルホテル武蔵町,2024/02/03 7:43:31,同意する,1泊,1泊,金沢エリア  （湯涌温泉、深谷温泉、犀川温泉など）,石川県外には泊まらない,自分ひとり,"地元の美味しいものを食べる, 出張など仕事関係","レンタカー, 在来線",在来線,満足,金沢駅からのバスが多い,"1,000円以上 3,000円未満","3,000円以上 5,000円未満","10,000円以上 20,000円未満",2～5回目,"TV・ラジオ番組やCM, X(旧：Twitter)",近江町市場,,選択なし/該当施設なし,,"1,000円以上 3,000円未満",満足,寝る場所だけで十分なため、安く泊まることが出来たたため。,満足,清潔感のある施設だったため。,感じなかった,,9,,機会があれば行きたい,観光地が少ないので、リピーターになると食事目的になってしまうところが少し残念です。,男,1992,静岡県,焼津市,400万円以上 500万円未満,能登牛が当たる,,,食事が美味しかったが、観光地がリピーターには少ないと思う。
金沢エリア,金沢カプセルホテル武蔵町,2024/02/15 15:18:47,同意する,1泊,1泊,金沢エリア  （湯涌温泉、深谷温泉、犀川温泉など）,石川県外には泊まらない,友人,"花見や紅葉などの自然鑑賞, 名所、旧跡の観光, お祭りやイベントへの参加・見物",夜行バス,徒歩,,,"1,000円以上 3,000円未満","1,000円未満","5,000円以上 10,000円未満",6～10回目,"インターネット・アプリ, ラブライブ！蓮ノ空",近江町市場,,ひがし茶屋街,,使わない,どちらでもない,,どちらでもない,,感じなかった,,6,,また行きたい（1年以内）,のどぐろ,男,1998,埼玉県,川越市,500万円以上 600万円未満,能登牛が当たる,,,
金沢エリア,金沢カプセルホテル武蔵町,2024/02/15 15:20:24,同意する,2泊,2泊,金沢エリア  （湯涌温泉、深谷温泉、犀川温泉など）,石川県外には泊まらない,友人,"地元の美味しいものを食べる, 名所、旧跡の観光, お祭りやイベントへの参加・見物, まちあるき、都市散策","新幹線, 在来線",徒歩,,,"5,000円以上 10,000円未満","10,000円以上 20,000円未満","10,000円以上 20,000円未満",2～5回目,Link Like LoveLive! アプリの舞台,近江町市場,,ひがし茶屋街,,使わない,どちらでもない,,どちらでもない,,感じなかった,,9,,また行きたい（1年以内）,舞台探訪,男,1998,愛知県,名古屋市,400万円以上 500万円未満,"能登牛が当たる, ひゃくまんさんが好き",,,
金沢エリア,金沢カプセルホテル武蔵町,2024/03/20 16:23:02,同意する,4泊以上,4泊以上,金沢エリア  （湯涌温泉、深谷温泉、犀川温泉など）,京都,娘、母,"地元の美味しいものを食べる, 友人・親戚を訪ねる",飛行機,"路線バス, 徒歩",どちらでもない,一般的,"30,000円以上 40,000円未満","100,000円以上","100,000円以上",初めて,"Instagram, 友人・知人",ひがし茶屋街,,尾山神社,,"3,000円以上 5,000円未満",満足,一般的,満足,一般的,感じなかった,,10,,また行きたい（1年以内）,特になし,女,1975,沖縄県,うるま市,400万円以上 500万円未満,能登牛が当たる,,,食べ物、人、全てよし
金沢エリア,金沢カプセルホテル武蔵町,2024/03/24 9:01:51,同意する,2泊,2泊,金沢エリア  （湯涌温泉、深谷温泉、犀川温泉など）,石川県外には泊まらない,自分ひとり,地元の美味しいものを食べる,自家用車,自家用車,,,"3,000円以上 5,000円未満","1,000円未満","3,000円以上 5,000円未満",初めて,インターネット・アプリ,兼六園,,近江町市場,,"3,000円以上 5,000円未満",とても満足,,とても満足,,感じなかった,,10,,また行きたい（1年以内）,特になし,男,1996,岐阜県,美濃市,400万円以上 500万円未満,能登牛が当たる,,,
金沢エリア,金沢カプセルホテル武蔵町,2024/03/27 18:48:23,同意する,1泊,1泊,金沢エリア  （湯涌温泉、深谷温泉、犀川温泉など）,石川県外には泊まらない,自分ひとり,"地元の美味しいものを食べる, 花見や紅葉などの自然鑑賞, 名所、旧跡の観光, まちあるき、都市散策",在来線,"在来線, 徒歩",どちらでもない,のんびり電車に乗ることは楽しいが、せっかくICカードにチャージしたのにハピラインふくいの乗り継ぎがややこしい,"3,000円以上 5,000円未満","10,000円以上 20,000円未満","5,000円以上 10,000円未満",2～5回目,"観光パンフレット・ポスター, インターネット・アプリ",近江町市場,,金沢21世紀美術館,,"1,000円未満",満足,リーズナブル,満足,リーズナブルで、予約もしやすい,感じなかった,,10,宿泊目的以外のコンテンツが無いので、飲食スペース等がもう少し広ければいいかも,機会があれば行きたい,美味しい寿司とスイーツ,男,1984,和歌山県,和歌山市,700万円以上 800万円未満,石川県のおすすめ観光スポットが見たい,,,徒歩圏内に素晴らしい観光名所がある
金沢エリア,金沢カプセルホテル武蔵町,2024/04/04 22:20:53,同意する,1泊,1泊,金沢エリア  （湯涌温泉、深谷温泉、犀川温泉など）,石川県外には泊まらない,自分ひとり,名所、旧跡の観光,新幹線,"路線バス, 徒歩",どちらでもない,特になし,"3,000円以上 5,000円未満","5,000円以上 10,000円未満","1,000円以上 3,000円未満",2～5回目,"新聞・雑誌・ガイドブック, 観光協会等の案内所",近江町市場,,兼六園,,"3,000円以上 5,000円未満",どちらでもない,特になし,どちらでもない,特になし,感じた,Wi-Fiが遅い,5,,どちらともいえない,金箔,男,1973,大阪府,東大阪市,300万円以上 400万円未満,能登牛が当たる,,,特になし
金沢エリア,金沢カプセルホテル武蔵町,2024/05/24 23:23:06,同意する,2泊,2泊,金沢エリア  （湯涌温泉、深谷温泉、犀川温泉など）,石川県外には泊まらない,自分ひとり,"名所、旧跡の観光, テーマパーク（遊園地、動物園、博物館など）, まちあるき、都市散策",夜行バス,徒歩,,,"5,000円以上 10,000円未満","5,000円以上 10,000円未満","30,000円以上 40,000円未満",初めて,"観光展・物産展, インターネット・アプリ, X(旧：Twitter), 観光協会等の案内所",選択なし/該当施設なし,,尾山神社,,"5,000円以上 10,000円未満",満足,,満足,,感じなかった,,7,,機会があれば行きたい,特になし,女,1988,千葉県,野田市,300万円以上 400万円未満,なんとなく,満足,8,観光スポットがまとまっているので、土地勘がなくても行動に困らない
金沢エリア,金沢カプセルホテル武蔵町,2024/06/08 21:30:51,同意する,1泊,1泊,金沢エリア  （湯涌温泉、深谷温泉、犀川温泉など）,石川県外には泊まらない,自分ひとり,まちあるき、都市散策,飛行機,徒歩,,,"3,000円以上 5,000円未満","1,000円以上 3,000円未満","10,000円以上 20,000円未満",初めて,インターネット・アプリ,選択なし/該当施設なし,,選択なし/該当施設なし,,使わない,満足,,満足,,感じなかった,,8,,機会があれば行きたい,特になし,女,1997,北海道,豊平区,500万円以上 600万円未満,"能登牛が当たる, 石川県のおすすめ観光スポットが見たい",満足,10,
金沢エリア,KOKOHOTEL Premier 金沢香林坊,2023/12/23 18:22:16,同意する,1泊,1泊,金沢エリア  （湯涌温泉、深谷温泉、犀川温泉など）,石川県外には泊まらない,自分ひとり,"宿でのんびり過ごす, 出張など仕事関係",在来線,在来線,満足,電車の本数がちょうどいい,"3,000円以上 5,000円未満","10,000円以上 20,000円未満","20,000円以上 30,000円未満",2～5回目,ホテルアプリ,尾山神社,,近江町市場,,"5,000円以上 10,000円未満",満足,ホテル施設が値段の割にものすごくよい,満足,シャワーブースまでついてるところがよい,感じなかった,,10,,また行きたい（1年以内）,とくにない,女,1999,愛知県,名古屋市,400万円以上 500万円未満,能登牛が当たる,,,移動時間や金額がちょうどいい
金沢エリア,KOKOHOTEL Premier 金沢香林坊,2023/12/24 8:08:57,同意する,1泊,1泊,金沢エリア  （湯涌温泉、深谷温泉、犀川温泉など）,石川県外には泊まらない,夫婦2人,"宿でのんびり過ごす, 地元の美味しいものを食べる",自家用車,自家用車,,,"10,000円以上 20,000円未満","1,000円未満","20,000円以上 30,000円未満",初めて,友人・知人,選択なし/該当施設なし,香林坊大和,選択なし/該当施設なし,珠洲,"5,000円以上 10,000円未満",とても満足,綺麗、朝食が美味しい,とても満足,快適,感じなかった,,10,ご飯美味しかったし、アメニティも充実していて満足しました。快適でした。,また行きたい（1年以内）,金沢を感じられるカフェがもっと増えて欲しい。,女,1994,石川県,白山市,700万円以上 800万円未満,能登牛が当たる,,,
金沢エリア,KOKOHOTEL Premier 金沢香林坊,2023/12/25 7:21:04,同意する,1泊,1泊,金沢エリア  （湯涌温泉、深谷温泉、犀川温泉など）,石川県外には泊まらない,友人,地元の美味しいものを食べる,自家用車,自家用車,,,"3,000円以上 5,000円未満","1,000円以上 3,000円未満","3,000円以上 5,000円未満",11回目以上,インターネット・アプリ,選択なし/該当施設なし,牡蠣(中島町),選択なし/該当施設なし,,"3,000円以上 5,000円未満",満足,,満足,,感じなかった,,8,,また行きたい（1年以内）,金沢市の宿泊税を廃止してほしい。,男,1961,富山県,小矢部市,300万円以上 400万円未満,能登牛が当たる,,,
金沢エリア,KOKOHOTEL Premier 金沢香林坊,2023/12/26 9:26:46,同意する,4泊以上,3泊,能登エリア （和倉温泉、七尾市、輪島市、珠洲市など）,京都,小学生以下連れの家族,"宿でのんびり過ごす, 地元の美味しいものを食べる",飛行機,タクシー,満足,わりと便利,"10,000円以上 20,000円未満","30,000円以上 40,000円未満","20,000円以上 30,000円未満",2～5回目,友人・知人,兼六園,輪島,金沢21世紀美術館,,"10,000円以上 20,000円未満",満足,清潔感がとてもよい,満足,朝ご飯も美味しい,感じなかった,,9,,機会があれば行きたい,とくになし,女,1981,東京都,北区,"1,500万円以上","能登牛が当たる, ひゃくまんさんが好き",,,このホテル、コスパがよい
金沢エリア,KOKOHOTEL Premier 金沢香林坊,2023/12/26 16:10:04,同意する,1泊,1泊,金沢エリア  （湯涌温泉、深谷温泉、犀川温泉など）,石川県外には泊まらない,恋人,"地元の美味しいものを食べる, まちあるき、都市散策",自家用車,自家用車,,,"10,000円以上 20,000円未満","10,000円以上 20,000円未満","20,000円以上 30,000円未満",2～5回目,"インターネット・アプリ, Instagram",近江町市場,,選択なし/該当施設なし,,"5,000円以上 10,000円未満",とても満足,,とても満足,,感じなかった,,9,,機会があれば行きたい,ほうじ茶,女,1998,兵庫県,三田市,500万円以上 600万円未満,能登牛が当たる,,,海鮮がおいしい
金沢エリア,KOKOHOTEL Premier 金沢香林坊,2023/12/26 19:20:33,同意する,4泊以上,1泊,金沢エリア  （湯涌温泉、深谷温泉、犀川温泉など）,富山県,恋人,"地元の美味しいものを食べる, 名所、旧跡の観光",自家用車,自家用車,,,"5,000円以上 10,000円未満","10,000円以上 20,000円未満","10,000円以上 20,000円未満",初めて,インターネット・アプリ,近江町市場,,金沢21世紀美術館,,使わない,とても満足,誤って喫煙ルームを予約してしまったが、空いている部屋があったので快く禁煙ルームに変更してくれた。,満足,清潔感がある。,感じなかった,,8,グルメを楽しみたい,機会があれば行きたい,グルメを楽しみたい,女,1991,千葉県,木更津市,600万円以上 700万円未満,能登牛が当たる,,,リーズナブルであるが、それ以上に快適だと感じたため。
金沢エリア,KOKOHOTEL Premier 金沢香林坊,2023/12/26 19:20:57,同意する,4泊以上,1泊,金沢エリア  （湯涌温泉、深谷温泉、犀川温泉など）,富山県,恋人,"地元の美味しいものを食べる, 名所、旧跡の観光",自家用車,自家用車,,,"3,000円以上 5,000円未満","10,000円以上 20,000円未満","20,000円以上 30,000円未満",初めて,インターネット・アプリ,近江町市場,,金沢21世紀美術館,,"3,000円以上 5,000円未満",とても満足,丁寧,とても満足,綺麗、心地よい,感じなかった,,8,食べ物が豊富、観光名所がおおい,機会があれば行きたい,安くて、美味しい,男,1975,千葉県,木更津市,"1,000万円以上 1,200万円未満",能登牛が当たる,,,食べ物が美味しい、楽しい
金沢エリア,KOKOHOTEL Premier 金沢香林坊,2023/12/29 22:19:10,同意する,2泊,1泊,金沢エリア  （湯涌温泉、深谷温泉、犀川温泉など）,福井県,夫婦2人,"温泉や露天風呂, 地元の美味しいものを食べる, 花見や紅葉などの自然鑑賞, 名所、旧跡の観光",自家用車,自家用車,,,"10,000円以上 20,000円未満","10,000円以上 20,000円未満","10,000円以上 20,000円未満",2～5回目,"観光展・物産展, 新聞・雑誌・ガイドブック, TV・ラジオ番組やCM, インターネット・アプリ",近江町市場,,選択なし/該当施設なし,,"5,000円以上 10,000円未満",満足,,どちらでもない,,感じなかった,,5,,機会があれば行きたい,魚介の美味しさ、コスパ,女,1975,兵庫県,川西市,300万円以上 400万円未満,能登牛が当たる,,,
金沢エリア,KOKOHOTEL Premier 金沢香林坊,2023/12/29 22:23:17,同意する,2泊,1泊,金沢エリア  （湯涌温泉、深谷温泉、犀川温泉など）,長野,夫婦2人,地元の美味しいものを食べる,自家用車,自家用車,,,"5,000円以上 10,000円未満","1,000円以上 3,000円未満","10,000円以上 20,000円未満",初めて,インターネット・アプリ,選択なし/該当施設なし,金沢城,選択なし/該当施設なし,とれとれ市場,"5,000円以上 10,000円未満",満足,,どちらでもない,,感じなかった,,6,,機会があれば行きたい,玉泉院丸のライトアップ、22時までと案内板に書いてたので21時50分頃に行ったら既に消灯されていた。,男,1975,兵庫県,川西市,"1,500万円以上",なんとなく,,,
金沢エリア,KOKOHOTEL Premier 金沢香林坊,2023/12/30 9:53:02,同意する,4泊以上,4泊以上,金沢エリア  （湯涌温泉、深谷温泉、犀川温泉など）,石川県外には泊まらない,小学生以下連れの家族,"宿でのんびり過ごす, 温泉や露天風呂, 地元の美味しいものを食べる, 買い物、アウトレット, 友人・親戚を訪ねる",自家用車,自家用車,,,"20,000円以上 30,000円未満","20,000円以上 30,000円未満","20,000円以上 30,000円未満",初めて,インターネット・アプリ,選択なし/該当施設なし,イオンモールなど,選択なし/該当施設なし,実家,"5,000円以上 10,000円未満",とても満足,部屋、食事、雰囲気　全て良かった,とても満足,気持ち良く過ごせました。,感じなかった,,10,強いて言えば、朝食の白米がもうちょっと良かったら、と感じました。,また行きたい（1年以内）,石川県は広く、各地の特徴的な食文化があるが、あまり知られておらず、その地に行って初めて知ることが多いので、もっと事前に知れたいいなと思います。,男,1973,大阪府,貝塚市,"1,200万円以上 1,500万円未満",石川県のおすすめ観光スポットが見たい,,,食べ物が美味しい
金沢エリア,KOKOHOTEL Premier 金沢香林坊,2023/12/30 15:40:11,同意する,2泊,2泊,金沢エリア  （湯涌温泉、深谷温泉、犀川温泉など）,石川県外には泊まらない,恋人,"温泉や露天風呂, 地元の美味しいものを食べる","レンタカー, 新幹線",レンタカー,,,"100,000円以上","50,000円以上 100,000円未満","100,000円以上",2～5回目,"観光展・物産展, インターネット・アプリ, Instagram",近江町市場,,兼六園,,"5,000円以上 10,000円未満",満足,お湯がなかったので減点させていただきました。,満足,寝泊まりするには申し分ない施設でした。部屋が狭かったので減点させていただきました。,感じた,お湯が欲しかった。,9,特になし,機会があれば行きたい,カニが名物であるから、もう少しカニをリーズナブルに食べれる場所が欲しい,男,1998,東京都,千代田区,500万円以上 600万円未満,能登牛が当たる,,,人の優しさ、海鮮料理の美味しさ
金沢エリア,KOKOHOTEL Premier 金沢香林坊,2023/12/31 21:08:05,同意する,4泊以上,4泊以上,金沢エリア  （湯涌温泉、深谷温泉、犀川温泉など）,新潟県,恋人,"名所、旧跡の観光, 買い物、アウトレット, まちあるき、都市散策","自家用車, 新幹線",自家用車,,,"10,000円以上 20,000円未満","50,000円以上 100,000円未満","100,000円以上",2～5回目,"観光連盟やDMOのHP, インターネット・アプリ",選択なし/該当施設なし,,近江町市場,,"20,000円以上 30,000円未満",満足,前泊者の忘れ物があり、掃除が行き届いてない,とても満足,シャワー、浴槽が別々で入浴しやすかった,感じた,自家用車で来る機会が多いので駐車場の確保が難しい,9,,また行きたい（1年以内）,片町周辺は、飲食店などが豊富で良いのですが多少治安の悪さが気になりました。,男,1975,新潟県,妙高市,400万円以上 500万円未満,"能登牛が当たる, 石川県のおすすめ観光スポットが見たい",,,観光地が多く素敵な思い出ができます。そして食事も美味しい
金沢エリア,KOKOHOTEL Premier 金沢香林坊,2024/01/02 16:22:57,同意する,4泊以上,4泊以上,金沢エリア  （湯涌温泉、深谷温泉、犀川温泉など）,北海道,恋人,"宿でのんびり過ごす, 温泉や露天風呂, 地元の美味しいものを食べる, 名所、旧跡の観光","新幹線, 飛行機","レンタカー, 在来線",とても満足,,"50,000円以上 100,000円未満","50,000円以上 100,000円未満","40,000円以上 50,000円未満",初めて,"観光展・物産展, インターネット・アプリ, 友人・知人",兼六園,,金沢21世紀美術館,,"50,000円以上 100,000円未満",とても満足,,とても満足,,感じた,,10,,また行きたい（1年以内）,のんびりできて良い,男,1983,兵庫県,神戸市,"1,200万円以上 1,500万円未満","能登牛が当たる, 石川県のおすすめ観光スポットが見たい",,,
金沢エリア,KOKOHOTEL Premier 金沢香林坊,2024/01/02 16:49:23,同意する,4泊以上,3泊,金沢エリア  （湯涌温泉、深谷温泉、犀川温泉など）,富山県,自分ひとり,"宿でのんびり過ごす, 地元の美味しいものを食べる, 名所、旧跡の観光, 買い物、アウトレット",新幹線,徒歩,,,"20,000円以上 30,000円未満","30,000円以上 40,000円未満","10,000円以上 20,000円未満",初めて,TV・ラジオ番組やCM,兼六園,鶴来から参拝コース、金沢市内街をぶらぶら、駅近くをぶらぶら,選択なし/該当施設なし,鶴来,"30,000円以上 40,000円未満",とても満足,従業員の対応が的確で親切、アメニティが有難いです,とても満足,とてもきれいなホテル、今回地震があって感じたことなのですがしっかりとした構造だったので安心感がありました,感じなかった,,10,食事もそばもおいしかったです。,機会があれば行きたい,今回いけなかった場所がたくさんあるので、武家屋敷や牛丼のお店やいろいろ行きたいです,女,1978,東京都,大田区,500万円以上 600万円未満,"能登牛が当たる, ひゃくまんさんが好き, ARでひゃくまんさんと写真が撮りたかった, 石川県のおすすめ観光スポットが見たい, 石川県の雑学を知りたい",,,地震の中も従業員の方が気遣うようなこともありました。またお水を出してくださったり配慮いただきましてありがとうございました。
金沢エリア,KOKOHOTEL Premier 金沢香林坊,2024/01/03 13:19:30,同意する,2泊,2泊,金沢エリア  （湯涌温泉、深谷温泉、犀川温泉など）,石川県外には泊まらない,夫婦2人,まちあるき、都市散策,在来線,"路線バス, 徒歩",満足,1日はバスがなく徒歩だけどバスだったら簡単で良い,"3,000円以上 5,000円未満","3,000円以上 5,000円未満","5,000円以上 10,000円未満",初めて,インターネット・アプリ,選択なし/該当施設なし,街歩き、カフェやレストラン、ショッピングなど,選択なし/該当施設なし,まっすぐ帰る,使わない,満足,,満足,清潔,感じなかった,部屋以外で喫煙可能な場所があるのかわからなかった,8,とくになし,機会があれば行きたい,特になし,女,1986,福井県,福井市,800万円以上 900万円未満,能登牛が当たる,,,ホテルの場所が良い
金沢エリア,KOKOHOTEL Premier 金沢香林坊,2024/01/04 19:17:27,同意する,4泊以上,2泊,金沢エリア  （湯涌温泉、深谷温泉、犀川温泉など）,愛知県,恋人,"宿でのんびり過ごす, 地元の美味しいものを食べる, 花見や紅葉などの自然鑑賞, まちあるき、都市散策",旅行会社ツアーバス,徒歩,,,"10,000円以上 20,000円未満","1,000円以上 3,000円未満","10,000円以上 20,000円未満",11回目以上,"インターネット・アプリ, X(旧：Twitter), Instagram, 友人・知人",選択なし/該当施設なし,,尾山神社,,"10,000円以上 20,000円未満",満足,,満足,落ち着いた雰囲気、ウェルカムドリンクがよい,感じた,ランドリーがない,9,,また行きたい（1年以内）,石川の日本酒,男,1982,東京都,杉並区,200万円以上 300万円未満,"能登牛が当たる, ひゃくまんさんが好き",,,美味しい食べのも、お酒、街中の雪吊り
金沢エリア,KOKOHOTEL Premier 金沢香林坊,2024/01/05 9:34:35,同意する,1泊,1泊,金沢エリア  （湯涌温泉、深谷温泉、犀川温泉など）,石川県外には泊まらない,夫婦2人,被災地復旧,新幹線,レンタカー,満足,,"1,000円以上 3,000円未満","50,000円以上 100,000円未満","10,000円以上 20,000円未満",初めて,インターネット・アプリ,選択なし/該当施設なし,,選択なし/該当施設なし,,使わない,満足,,満足,,感じた,コインランドリーがない,8,,また行きたい（1年以内）,観光客目当てで中身のない商品、サービスが増えたと感じる。,男,1985,千葉県,市原市,700万円以上 800万円未満,能登牛が当たる,,,
金沢エリア,KOKOHOTEL Premier 金沢香林坊,2024/01/09 8:23:12,同意する,1泊,1泊,金沢エリア  （湯涌温泉、深谷温泉、犀川温泉など）,石川県外には泊まらない,大学生のの子連れ家族,"地元の美味しいものを食べる, 名所、旧跡の観光",自家用車,自家用車,,,"10,000円以上 20,000円未満","10,000円以上 20,000円未満","20,000円以上 30,000円未満",初めて,インターネット・アプリ,選択なし/該当施設なし,,兼六園,,"10,000円以上 20,000円未満",とても満足,お部屋も素敵で食事も美味しく、ウェルカムドリンクのサービスまであってとても満足しました。,とても満足,バス、トイレ別でお風呂が洗い場と浴槽が別なのも良かった,感じた,駐車場に忘れ物を取りに行けないのが困った,10,朝食に金沢ならではのものが沢山あり、どれも美味しくてとても良かったです。,また行きたい（1年以内）,今まで何度か石川県を訪れていますが、いつも良い思い出ばかりで今の所どのホテルも飲食店も素晴らしいと思いました。,女,1973,三重県,熊野市,700万円以上 800万円未満,"能登牛が当たる, なんとなく",,,サービスが良い
金沢エリア,KOKOHOTEL Premier 金沢香林坊,2024/01/09 17:24:28,同意する,2泊,2泊,金沢エリア  （湯涌温泉、深谷温泉、犀川温泉など）,石川県外には泊まらない,自分ひとり,友人・親戚を訪ねる,新幹線,路線バス,とても満足,安い,"10,000円以上 20,000円未満","20,000円以上 30,000円未満","10,000円以上 20,000円未満",11回目以上,友人・知人,尾山神社,,選択なし/該当施設なし,,"10,000円以上 20,000円未満",どちらでもない,エセ東京,満足,従業員,感じなかった,,7,,機会があれば行きたい,魚,男,1972,東京都,台東区,"1,500万円以上",なんとなく,,,オシャレ
金沢エリア,KOKOHOTEL Premier 金沢香林坊,2024/01/10 0:49:05,同意する,1泊,1泊,金沢エリア  （湯涌温泉、深谷温泉、犀川温泉など）,石川県外には泊まらない,友人,地元の美味しいものを食べる,県外から訪れていない（石川県内在住）,路線バス,どちらでもない,雪が降るかもしれなかったので、自家用車はださなかった。,"3,000円以上 5,000円未満","1,000円未満","10,000円以上 20,000円未満",6～10回目,インターネット・アプリ,選択なし/該当施設なし,家から。,選択なし/該当施設なし,家に帰る。,"10,000円以上 20,000円未満",満足,金沢駅は高くて、こちらの希望額だったから。,満足,綺麗である。,感じなかった,,10,アメニティが充実している。,石川県在住,美味しいご飯。,女,1970,石川県,金沢市,300万円以上 400万円未満,能登牛が当たる,,,美味しいご飯。
金沢エリア,KOKOHOTEL Premier 金沢香林坊,2024/01/11 7:37:32,同意する,4泊以上,2泊,石川県内には宿泊しない,富山県,自分ひとり,出張など仕事関係,"レンタカー, 新幹線",レンタカー,満足,自由に動けるから,"30,000円以上 40,000円未満","40,000円以上 50,000円未満","20,000円以上 30,000円未満",2～5回目,インターネット・アプリ,選択なし/該当施設なし,,尾山神社,,"10,000円以上 20,000円未満",満足,トラスティの時から利用してるホテルなので,満足,トラスティの時から利用してるホテルなので,感じた,朝食時にテイクアウトのカップを頼まないといけない,7,,また行きたい（1年以内）,食事が美味しい,無回答,1975,東京都,台東区,700万円以上 800万円未満,能登牛が当たる,,,観光施設も近いから
金沢エリア,KOKOHOTEL Premier 金沢香林坊,2024/01/11 10:54:07,同意する,2泊,2泊,金沢エリア  （湯涌温泉、深谷温泉、犀川温泉など）,石川県外には泊まらない,夫婦2人,友人・親戚を訪ねる,自家用車,自家用車,,,"5,000円以上 10,000円未満","10,000円以上 20,000円未満","10,000円以上 20,000円未満",初めて,インターネット・アプリ,選択なし/該当施設なし,親戚の自宅,金沢21世紀美術館,,"10,000円以上 20,000円未満",とても満足,清潔感,とても満足,便利,感じなかった,,10,,また行きたい（1年以内）,オシャレ感,男,1972,京都府,舞鶴市,600万円以上 700万円未満,ひゃくまんさんが好き,,,利便性
金沢エリア,KOKOHOTEL Premier 金沢香林坊,2024/01/11 10:54:19,同意する,2泊,2泊,金沢エリア  （湯涌温泉、深谷温泉、犀川温泉など）,石川県外には泊まらない,夫婦2人,友人・親戚を訪ねる,自家用車,自家用車,,,"5,000円以上 10,000円未満","10,000円以上 20,000円未満","10,000円以上 20,000円未満",初めて,インターネット・アプリ,選択なし/該当施設なし,親戚の自宅,金沢21世紀美術館,,"10,000円以上 20,000円未満",とても満足,清潔感,とても満足,便利,感じなかった,,10,,また行きたい（1年以内）,オシャレ感,男,1972,京都府,舞鶴市,600万円以上 700万円未満,ひゃくまんさんが好き,,,利便性
金沢エリア,KOKOHOTEL Premier 金沢香林坊,2024/01/11 10:54:28,同意する,2泊,2泊,金沢エリア  （湯涌温泉、深谷温泉、犀川温泉など）,石川県外には泊まらない,夫婦2人,友人・親戚を訪ねる,自家用車,自家用車,,,"5,000円以上 10,000円未満","10,000円以上 20,000円未満","10,000円以上 20,000円未満",初めて,インターネット・アプリ,選択なし/該当施設なし,親戚の自宅,金沢21世紀美術館,,"10,000円以上 20,000円未満",とても満足,清潔感,とても満足,便利,感じなかった,,10,,また行きたい（1年以内）,オシャレ感,男,1972,京都府,舞鶴市,600万円以上 700万円未満,ひゃくまんさんが好き,,,利便性
金沢エリア,KOKOHOTEL Premier 金沢香林坊,2024/01/13 9:40:19,同意する,2泊,2泊,金沢エリア  （湯涌温泉、深谷温泉、犀川温泉など）,石川県外には泊まらない,夫婦2人,"地元の美味しいものを食べる, 買い物、アウトレット",新幹線,タクシー,とても満足,,"5,000円以上 10,000円未満","20,000円以上 30,000円未満","30,000円以上 40,000円未満",初めて,インターネット・アプリ,選択なし/該当施設なし,,近江町市場,,使わない,とても満足,,とても満足,,感じなかった,,10,,また行きたい（1年以内）,地元の海産物,男,1990,福島県,福島市,"1,000万円以上 1,200万円未満",能登牛が当たる,,,
金沢エリア,KOKOHOTEL Premier 金沢香林坊,2024/01/13 19:25:59,同意する,1泊,1泊,金沢エリア  （湯涌温泉、深谷温泉、犀川温泉など）,石川県外には泊まらない,夫婦2人,"宿でのんびり過ごす, 地元の美味しいものを食べる",在来線,路線バス,満足,バス停から近い,"5,000円以上 10,000円未満","1,000円以上 3,000円未満","10,000円以上 20,000円未満",初めて,インターネット・アプリ,近江町市場,,近江町市場,香林坊と金沢駅周辺,"1,000円未満",満足,ウェルカムドリンクとおつまみ,満足,天井が高く、静かで綺麗,感じなかった,,3,,また行きたい（1年以内）,柴舟が最高,男,1955,兵庫県,神戸市,200万円以上 300万円未満,能登牛が当たる,,,金沢駅から分かりやすい立地
金沢エリア,KOKOHOTEL Premier 金沢香林坊,2024/01/13 19:29:33,同意する,1泊,1泊,金沢エリア  （湯涌温泉、深谷温泉、犀川温泉など）,石川県外には泊まらない,夫婦2人,地元の美味しいものを食べる,在来線,在来線,満足,,"5,000円以上 10,000円未満","5,000円以上 10,000円未満","10,000円以上 20,000円未満",2～5回目,新聞・雑誌・ガイドブック,兼六園,,ひがし茶屋街,,"5,000円以上 10,000円未満",満足,,とても満足,,感じなかった,,9,,また行きたい（1年以内）,特になし,女,1956,兵庫県,神戸市,500万円以上 600万円未満,能登牛が当たる,,,
金沢エリア,KOKOHOTEL Premier 金沢香林坊,2024/01/14 8:51:55,同意する,4泊以上,4泊以上,金沢エリア  （湯涌温泉、深谷温泉、犀川温泉など）,大阪府,職場の同僚,出張など仕事関係,新幹線,徒歩,,,"100,000円以上","20,000円以上 30,000円未満","30,000円以上 40,000円未満",11回目以上,毎年何度も来るので定宿にしてあるので。,金沢21世紀美術館,,金沢21世紀美術館,,"100,000円以上",満足,清潔、朝食が良い。,満足,雰囲気、清潔感。,感じなかった,,10,特にありません。食事レベル維持して欲しい。時間と共にレベルが下がるホテルがありますので。,また行きたい（1年以内）,夜の食事の件で、飲み屋が多く一人の時食事だけで食べたい時手頃な定食など食べれるところが少ないと思います。,男,1954,東京都,葛飾区,400万円以上 500万円未満,石川県の雑学を知りたい,,,朝食が美味しい点。清潔感。
金沢エリア,KOKOHOTEL Premier 金沢香林坊,2024/01/14 17:59:30,同意する,2泊,2泊,金沢エリア  （湯涌温泉、深谷温泉、犀川温泉など）,石川県外には泊まらない,夫婦2人,名所、旧跡の観光,自家用車,自家用車,,,"5,000円以上 10,000円未満","5,000円以上 10,000円未満","10,000円以上 20,000円未満",初めて,"新聞・雑誌・ガイドブック, X(旧：Twitter), Instagram",ひがし茶屋街,,近江町市場,,"20,000円以上 30,000円未満",とても満足,アメニティやウェルカムドリンクなどのもてなしが凄くよいです,とても満足,部屋が広くゆったりできた,感じなかった,,10,石川おでんを初めて食べましたが、美味しいです。,また行きたい（1年以内）,かに面,男,1971,岐阜県,岐阜市,600万円以上 700万円未満,能登牛が当たる,,,自宅から意外と時間か掛からず効率がよい
金沢エリア,KOKOHOTEL Premier 金沢香林坊,2024/01/15 21:23:04,同意する,1泊,1泊,金沢エリア  （湯涌温泉、深谷温泉、犀川温泉など）,石川県外には泊まらない,友人,"地元の美味しいものを食べる, 名所、旧跡の観光, まちあるき、都市散策",在来線,自家用車,,,"5,000円以上 10,000円未満","10,000円以上 20,000円未満","5,000円以上 10,000円未満",初めて,友人・知人,尾山神社,,選択なし/該当施設なし,,"5,000円以上 10,000円未満",満足,,とても満足,,感じなかった,,8,,また行きたい（1年以内）,特になし,女,1990,京都府,京都市,300万円以上 400万円未満,能登牛が当たる,,,
金沢エリア,KOKOHOTEL Premier 金沢香林坊,2024/01/17 6:55:18,同意する,4泊以上,4泊以上,金沢エリア  （湯涌温泉、深谷温泉、犀川温泉など）,石川県外には泊まらない,災害支援チーム,災害支援,自家用車,自家用車,満足,便利,"40,000円以上 50,000円未満","20,000円以上 30,000円未満","30,000円以上 40,000円未満",11回目以上,インターネット・アプリ,近江町市場,,選択なし/該当施設なし,,"40,000円以上 50,000円未満",とても満足,快適に過ごせています,とても満足,,感じなかった,,8,,機会があれば行きたい,名物,男,1981,滋賀県,守山市,600万円以上 700万円未満,"能登牛が当たる, ひゃくまんさんが好き",,,
金沢エリア,KOKOHOTEL Premier 金沢香林坊,2024/01/17 7:34:35,同意する,4泊以上,4泊以上,金沢エリア  （湯涌温泉、深谷温泉、犀川温泉など）,石川県外には泊まらない,友人,避難所支援,自家用車,自家用車,,,"5,000円以上 10,000円未満","1,000円未満","10,000円以上 20,000円未満",2～5回目,"新聞・雑誌・ガイドブック, 観光パンフレット・ポスター",選択なし/該当施設なし,避難者以外回っていない。,選択なし/該当施設なし,,"40,000円以上 50,000円未満",とても満足,,とても満足,,感じなかった,,10,お土産物売り場を設けて欲しい,また行きたい（1年以内）,次は温泉に浸かりたい,男,1979,大阪府,大阪市,700万円以上 800万円未満,"能登牛が当たる, ひゃくまんさんが好き",,,金沢駅にも近く、色々なところに行きやすい
金沢エリア,KOKOHOTEL Premier 金沢香林坊,2024/01/17 8:12:30,同意する,1泊,1泊,金沢エリア  （湯涌温泉、深谷温泉、犀川温泉など）,石川県外には泊まらない,自分ひとり,"宿でのんびり過ごす, 地元の美味しいものを食べる, 出張など仕事関係",在来線,"在来線, 路線バス",満足,時間どおりに到着できたので,"3,000円以上 5,000円未満","1,000円以上 3,000円未満","5,000円以上 10,000円未満",6～10回目,"新聞・雑誌・ガイドブック, TV・ラジオ番組やCM, 観光パンフレット・ポスター, インターネット・アプリ",選択なし/該当施設なし,,近江町市場,,"3,000円以上 5,000円未満",満足,フロントの応対がきちんとしていたので。,とても満足,"街中にありロケーションが良く,室内も綺麗であり,アメニティも豊富であることから。",感じなかった,,10,利用なしです。,また行きたい（1年以内）,特にありません,女,1977,富山県,魚津市,600万円以上 700万円未満,ひゃくまんさんが好き,,,ビジネスホテル並みの料金でありながら、施設(室内)はシティホテル以上の洗練さがあったので。
金沢エリア,KOKOHOTEL Premier 金沢香林坊,2024/01/17 19:35:43,同意する,4泊以上,4泊以上,金沢エリア  （湯涌温泉、深谷温泉、犀川温泉など）,石川県外には泊まらない,職場の同僚,出張など仕事関係,飛行機,路線バス,満足,小松空港から一本で楽だった。,"100,000円以上",使わない,"50,000円以上 100,000円未満",11回目以上,"新聞・雑誌・ガイドブック, Instagram",選択なし/該当施設なし,,選択なし/該当施設なし,,"3,000円以上 5,000円未満",とても満足,清潔感があり、快適に過ごせる,とても満足,清潔感があり、静か。,感じなかった,,10,,また行きたい（1年以内）,海鮮。,男,2000,福岡県,北九州市,400万円以上 500万円未満,"能登牛が当たる, ひゃくまんさんが好き",,,美しい景色が多く、出張できても幸せに感じる瞬間が多かった。
金沢エリア,KOKOHOTEL Premier 金沢香林坊,2024/01/18 8:49:09,同意する,4泊以上,4泊以上,金沢エリア  （湯涌温泉、深谷温泉、犀川温泉など）,富山県,職場の同僚,出張など仕事関係,新幹線,タクシー,とても満足,,"5,000円以上 10,000円未満","10,000円以上 20,000円未満","20,000円以上 30,000円未満",6～10回目,インターネット・アプリ,選択なし/該当施設なし,出張のため,選択なし/該当施設なし,出張のため,"1,000円以上 3,000円未満",とても満足,朝食が美味しい,とても満足,室内が綺麗,感じなかった,,10,,また行きたい（1年以内）,特になし,女,1961,東京都,葛飾区,"1,500万円以上",石川県の雑学を知りたい,,,
金沢エリア,KOKOHOTEL Premier 金沢香林坊,2024/01/19 8:09:20,同意する,4泊以上,4泊以上,金沢エリア  （湯涌温泉、深谷温泉、犀川温泉など）,石川県外には泊まらない,災害支援チーム,"出張など仕事関係, 災害支援",自家用車,自家用車,満足,,"40,000円以上 50,000円未満","20,000円以上 30,000円未満","30,000円以上 40,000円未満",初めて,インターネット・アプリ,選択なし/該当施設なし,,近江町市場,,"40,000円以上 50,000円未満",とても満足,,とても満足,,感じなかった,,8,,機会があれば行きたい,石川名物の料理が美味しかった,男,1981,滋賀県,守山市,600万円以上 700万円未満,"能登牛が当たる, ひゃくまんさんが好き",,,
金沢エリア,KOKOHOTEL Premier 金沢香林坊,2024/01/19 12:50:54,同意する,2泊,2泊,金沢エリア  （湯涌温泉、深谷温泉、犀川温泉など）,石川県外には泊まらない,夫婦2人,"地元の美味しいものを食べる, まちあるき、都市散策, 友人・親戚を訪ねる",自家用車,自家用車,とても満足,食べるが満たされます。,"20,000円以上 30,000円未満",使わない,"40,000円以上 50,000円未満",11回目以上,友人・知人,ひがし茶屋街,,選択なし/該当施設なし,上記全て訪問,"10,000円以上 20,000円未満",とても満足,清潔感,満足,こんなもんで良い,感じなかった,,8,,また行きたい（1年以内）,特に無い,男,1953,京都府,京都市,700万円以上 800万円未満,能登牛が当たる,,,
金沢エリア,KOKOHOTEL Premier 金沢香林坊,2024/01/19 20:55:01,同意する,2泊,2泊,金沢エリア  （湯涌温泉、深谷温泉、犀川温泉など）,石川県外には泊まらない,恋人,地元の美味しいものを食べる,新幹線,自家用車,とても満足,,"10,000円以上 20,000円未満","5,000円以上 10,000円未満","20,000円以上 30,000円未満",2～5回目,インターネット・アプリ,選択なし/該当施設なし,,選択なし/該当施設なし,,"10,000円以上 20,000円未満",満足,,満足,,感じなかった,,10,,また行きたい（1年以内）,おでん,女,1979,石川県,金沢市,200万円以上 300万円未満,能登牛が当たる,,,
金沢エリア,KOKOHOTEL Premier 金沢香林坊,2024/01/20 20:51:11,同意する,2泊,2泊,金沢エリア  （湯涌温泉、深谷温泉、犀川温泉など）,石川県外には泊まらない,恋人,地元の美味しいものを食べる,自家用車,自家用車,,,"10,000円以上 20,000円未満","20,000円以上 30,000円未満","10,000円以上 20,000円未満",2～5回目,"観光展・物産展, インターネット・アプリ, X(旧：Twitter)",兼六園,,近江町市場,,"10,000円以上 20,000円未満",満足,,満足,,感じなかった,,8,,また行きたい（1年以内）,特になし,女,1998,東京都,町田市,100万円未満,能登牛が当たる,,,食べ物がとても美味しい
金沢エリア,KOKOHOTEL Premier 金沢香林坊,2024/01/21 12:07:55,同意する,2泊,2泊,金沢エリア  （湯涌温泉、深谷温泉、犀川温泉など）,石川県外には泊まらない,夫婦2人,"地元の美味しいものを食べる, 名所、旧跡の観光, まちあるき、都市散策",新幹線,路線バス,とても満足,雨降りの時に傘を開かずに、目的地の近くまで行く事が出来る。必ず時間毎に巡回しているからありがたいです。,"10,000円以上 20,000円未満","10,000円以上 20,000円未満","20,000円以上 30,000円未満",2～5回目,"新聞・雑誌・ガイドブック, Instagram",選択なし/該当施設なし,金沢市中央卸売市場の道沿いにある食堂。,ひがし茶屋街,主計町の中にあるあかり坂,"5,000円以上 10,000円未満",とても満足,宿泊時に必要な入浴必需品や他のアメニティーが自分で揃える事が出来る。,とても満足,宿泊の予約時にこちらから希望していた部屋だった。,感じた,非常時の時に使用するかもしれない懐中電灯の場所がわからなかった。,8,welcomeドリンクが選ぶ事ができて、おつまみがある。,機会があれば行きたい,のどぐろの色々な食べ方を体験して、麩を買って帰り家で金沢おでんを作ってみる。,男,1958,長野県,松本市,100万円以上 200万円未満,"能登牛が当たる, 動く３Dひゃくまんさんを見たい",,,街中でどの観光地に行くにも徒歩やバス利用できるから。
金沢エリア,KOKOHOTEL Premier 金沢香林坊,2024/01/21 20:16:08,同意する,4泊以上,4泊以上,金沢エリア  （湯涌温泉、深谷温泉、犀川温泉など）,石川県外には泊まらない,職場の同僚,出張など仕事関係,在来線,徒歩,,,使わない,"5,000円以上 10,000円未満","10,000円以上 20,000円未満",初めて,友人・知人,選択なし/該当施設なし,,選択なし/該当施設なし,,使わない,満足,,満足,,感じた,コインランドリーが遠い,9,,また行きたい（1年以内）,ニューたぬきが美味かった,男,1998,大阪府,大阪市,500万円以上 600万円未満,"能登牛が当たる, ひゃくまんさんが好き",,,グルメ
金沢エリア,KOKOHOTEL Premier 金沢香林坊,2024/01/21 23:46:40,同意する,2泊,2泊,金沢エリア  （湯涌温泉、深谷温泉、犀川温泉など）,石川県外には泊まらない,自分ひとり,"宿でのんびり過ごす, 地元の美味しいものを食べる, 花見や紅葉などの自然鑑賞, 名所、旧跡の観光, 買い物、アウトレット, まちあるき、都市散策, 各種体験（手作り、果物狩りなど）","在来線, サンダーバード","徒歩, レンタサイクル",満足,雨が降っていたため活用機会は少なかったが、レンタサイクルのポート数が少ないため、とても快適に訪れることができた。,"10,000円以上 20,000円未満","10,000円以上 20,000円未満","40,000円以上 50,000円未満",2～5回目,"観光展・物産展, 観光パンフレット・ポスター, インターネット・アプリ, X(旧：Twitter), 観光協会等の案内所",近江町市場,,兼六園,,"10,000円以上 20,000円未満",とても満足,広々とした部屋とバスルームに、豊富なアメニティがあった。また、従業員の方も親切に対応してくださった。,とても満足,宿泊先としてここを選択して大成功だと思うようなホスピタリティを感じたため。また泊まりたいと言う気持ちや、知り合いに勧めたいとも思った。,感じなかった,,10,,また行きたい（1年以内）,勝手な願いとして、金沢だけしか訪れていないのですが、このような観光産業や伝統工芸品、昔ながらの街並みを将来世代まで残していって欲しいです。,男,1999,大阪府,吹田市,200万円以上 300万円未満,"ひゃくまんさんが好き, 石川県のおすすめ観光スポットが見たい, 石川県の雑学を知りたい",,,旅行先の拠点がしっかりしていること、観光産業が発達していること、街の人々のホスピタリティが感じやすいこと。
金沢エリア,KOKOHOTEL Premier 金沢香林坊,2024/01/24 18:26:32,同意する,1泊,1泊,金沢エリア  （湯涌温泉、深谷温泉、犀川温泉など）,石川県外には泊まらない,恋人,宿でのんびり過ごす,自家用車,自家用車,,,"3,000円以上 5,000円未満",使わない,"3,000円以上 5,000円未満",11回目以上,インターネット・アプリ,兼六園,,選択なし/該当施設なし,,"3,000円以上 5,000円未満",とても満足,,とても満足,いつも綺麗で、スタッフと親切,感じなかった,,10,,石川県在住,どこもおいしい,女,1995,石川県,白山市,500万円以上 600万円未満,能登牛が当たる,,,
金沢エリア,KOKOHOTEL Premier 金沢香林坊,2024/01/26 5:00:30,同意する,4泊以上,4泊以上,金沢エリア  （湯涌温泉、深谷温泉、犀川温泉など）,石川県外には泊まらない,職場の同僚,出張など仕事関係,在来線,"タクシー, 路線バス",不満,全国の交通ICが使えないため、バス利用が不便,"10,000円以上 20,000円未満","1,000円以上 3,000円未満","100,000円以上",初めて,インターネット・アプリ,兼六園,,ひがし茶屋街,,"10,000円以上 20,000円未満",どちらでもない,非常に綺麗で気分が上がる。暖房が暖まりにくい,満足,暖房以外は最高でした,感じなかった,,10,,また行きたい（1年以内）,特になし。,男,1999,長崎県,長崎市,600万円以上 700万円未満,"能登牛が当たる, なんとなく",,,街全体があたたかい。
金沢エリア,KOKOHOTEL Premier 金沢香林坊,2024/01/26 19:13:36,同意する,4泊以上,4泊以上,金沢エリア  （湯涌温泉、深谷温泉、犀川温泉など）,福井県,自分ひとり,出張など仕事関係,新幹線,路線バス,とても満足,ホテルの前に停留場があった為,"50,000円以上 100,000円未満","20,000円以上 30,000円未満","100,000円以上",2～5回目,インターネット・アプリ,近江町市場,買い物をしたかったから,選択なし/該当施設なし,,"50,000円以上 100,000円未満",満足,きれい,満足,,感じなかった,,10,,また行きたい（1年以内）,グルメ,男,1981,埼玉県,大宮市,600万円以上 700万円未満,能登牛が当たる,,,
金沢エリア,KOKOHOTEL Premier 金沢香林坊,2024/01/27 9:02:29,同意する,1泊,1泊,加賀エリア （山代温泉、山中温泉、片山津温泉、粟津温泉、辰口温泉、加賀市、小松市など）,石川県外には泊まらない,職場の同僚,出張など仕事関係,"レンタカー, 飛行機",レンタカー,満足,スムーズだったから。,"10,000円以上 20,000円未満","50,000円以上 100,000円未満","10,000円以上 20,000円未満",初めて,インターネット・アプリ,選択なし/該当施設なし,旅行ではなく、時間もなかった。,選択なし/該当施設なし,時間がない,"10,000円以上 20,000円未満",とても満足,スタッフの方がとても親切だった。,とても満足,くつろがことができた。,感じなかった,,8,,機会があれば行きたい,特になし。,男,1982,北海道,札幌市,600万円以上 700万円未満,能登牛が当たる,,,時間があれば観光したかった。人柄が良かった。
金沢エリア,KOKOHOTEL Premier 金沢香林坊,2024/01/27 22:42:33,同意する,3泊,3泊,金沢エリア  （湯涌温泉、深谷温泉、犀川温泉など）,岐阜県,友人,"名所、旧跡の観光, テーマパーク（遊園地、動物園、博物館など）, お祭りやイベントへの参加・見物",新幹線,"路線バス, 徒歩",満足,,"10,000円以上 20,000円未満","10,000円以上 20,000円未満","100,000円以上",初めて,"観光展・物産展, Instagram, Facebook, 友人・知人",尾山神社,,兼六園,,"20,000円以上 30,000円未満",とても満足,,とても満足,,感じた,,9,,また行きたい（1年以内）,Beautiful city,女,1982,大阪府,大阪市,"1,500万円以上",石川県のおすすめ観光スポットが見たい,,,
金沢エリア,KOKOHOTEL Premier 金沢香林坊,2024/01/28 0:52:13,同意する,2泊,2泊,金沢エリア  （湯涌温泉、深谷温泉、犀川温泉など）,石川県外には泊まらない,自分ひとり,"宿でのんびり過ごす, 地元の美味しいものを食べる, 花見や紅葉などの自然鑑賞, 名所、旧跡の観光, お祭りやイベントへの参加・見物, まちあるき、都市散策","新幹線, 在来線",路線バス,とても不満,交通系ICが使えず精算が面倒だった。,"20,000円以上 30,000円未満","10,000円以上 20,000円未満","50,000円以上 100,000円未満",初めて,"観光パンフレット・ポスター, 観光連盟やDMOのHP, 観光協会等の案内所",近江町市場,,兼六園,,"1,000円未満",どちらでもない,可もなく不可もなく。ただし外国人団体客は煩い。,どちらでもない,設備は値段相応,感じなかった,,4,,機会があれば行きたい,どの観光地にも言えることですが、外国人向けの商売を続けるのはそろそろ辞めた方が良いと思います。,男,1981,福岡県,福岡市,600万円以上 700万円未満,"能登牛が当たる, なんとなく",,,
金沢エリア,KOKOHOTEL Premier 金沢香林坊,2024/01/28 14:17:01,同意する,4泊以上,4泊以上,金沢エリア  （湯涌温泉、深谷温泉、犀川温泉など）,富山県,自分ひとり,"宿でのんびり過ごす, 地元の美味しいものを食べる, 出張など仕事関係","新幹線, 在来線","自家用車, 在来線",どちらでもない,北陸本線を使用しましたが、車内は暖かく良かったですが、本数が少ないため不便でした。,"10,000円以上 20,000円未満","30,000円以上 40,000円未満","40,000円以上 50,000円未満",2～5回目,"インターネット・アプリ, 友人・知人",選択なし/該当施設なし,,選択なし/該当施設なし,金沢駅、松葉屋,"5,000円以上 10,000円未満",とても満足,ウェルカムドリンクが充実している。アメニティが充実している。,とても満足,館内がきれい。,感じなかった,,10,,また行きたい（1年以内）,地震の復興割などがあれば回数を増やして訪問したい。,男,1990,栃木県,小山市,700万円以上 800万円未満,能登牛が当たる,,,片町のおでん。美味しかったので。
金沢エリア,KOKOHOTEL Premier 金沢香林坊,2024/01/28 21:58:43,同意する,2泊,2泊,金沢エリア  （湯涌温泉、深谷温泉、犀川温泉など）,石川県外には泊まらない,夫婦2人,"地元の美味しいものを食べる, 名所、旧跡の観光, まちあるき、都市散策",飛行機,路線バス,とても満足,ホテル前がバス停だったから,"10,000円以上 20,000円未満","3,000円以上 5,000円未満","10,000円以上 20,000円未満",初めて,"新聞・雑誌・ガイドブック, TV・ラジオ番組やCM, 観光連盟やDMOのHP",選択なし/該当施設なし,金沢駅,兼六園,,"10,000円以上 20,000円未満",とても満足,バス停、観光地や飲食店が近くて便利,とても満足,値段が安いのに綺麗,感じた,やり方を間違えたのかもですが、リラックスからの宿泊予約で、なぜか禁煙室が取れなかったので、喫煙の部屋になってしまった。空気清浄機を用意して頂き有難うございます。,9,温泉では無いけど、柑橘の入浴剤が良かった。朝食の金沢おでんの車麩が良かった。部屋のベッドが良かった。コーヒーは美味しくない。,機会があれば行きたい,3年前に能登、七尾が良かったので、海の近くにまた行きたいです。,女,1968,神奈川県,海老名市,400万円以上 500万円未満,能登牛が当たる,,,物産館での和菓子作り体験が、楽しかった。金沢城が思った以上に広くて綺麗だった。
金沢エリア,KOKOHOTEL Premier 金沢香林坊,2024/01/28 23:34:44,同意する,4泊以上,4泊以上,金沢エリア  （湯涌温泉、深谷温泉、犀川温泉など）,石川県外には泊まらない,職場の同僚,出張など仕事関係,飛行機,"タクシー, 路線バス",満足,スムーズに移動できた。,"50,000円以上 100,000円未満","50,000円以上 100,000円未満","30,000円以上 40,000円未満",初めて,インターネット・アプリ,兼六園,,選択なし/該当施設なし,金沢城跡,"50,000円以上 100,000円未満",満足,清潔,満足,もう少し広ければなお良い,感じなかった,,10,,また行きたい（1年以内）,特になし,男,1979,福岡県,古賀市,700万円以上 800万円未満,能登牛が当たる,,,復興支援のため
金沢エリア,KOKOHOTEL Premier 金沢香林坊,2024/01/29 23:53:43,同意する,4泊以上,4泊以上,金沢エリア  （湯涌温泉、深谷温泉、犀川温泉など）,石川県外には泊まらない,職場の同僚,能登半島地震支援,在来線,"在来線, 路線バス",不満,バスでICOCAが使えなかった,"5,000円以上 10,000円未満","3,000円以上 5,000円未満","30,000円以上 40,000円未満",初めて,会社の指定,選択なし/該当施設なし,青の洞窟,近江町市場,,"10,000円以上 20,000円未満",とても満足,サービスが素晴らしい。朝食が充実。,とても満足,部屋が広くゆったりとした夜が過ごせる,感じなかった,,10,ウェルカムドリンクが素晴らしい。今までにないサービス内容。,機会があれば行きたい,いつの間にか高級魚になったノドグロよりも魅力的な食べ物が多い。能登牡蠣の方がうまい。,男,1967,山口県,美祢市,"1,000万円以上 1,200万円未満","能登牛が当たる, 石川県のおすすめ観光スポットが見たい",,,兼六園以外の魅力がたくさんあった
金沢エリア,KOKOHOTEL Premier 金沢香林坊,2024/01/31 18:07:22,同意する,3泊,3泊,白山エリア （一里野温泉、白峰温泉、白山市など）,石川県外には泊まらない,恋人,"地元の美味しいものを食べる, 名所、旧跡の観光",新幹線,路線バス,不満,ICカードが使えないため,"20,000円以上 30,000円未満","3,000円以上 5,000円未満","3,000円以上 5,000円未満",初めて,インターネット・アプリ,ひがし茶屋街,,近江町市場,,"5,000円以上 10,000円未満",満足,設備が整っているため,満足,ホスピタリティがしっかりしているため,感じなかった,,8,スタッフの方の接客が良かった。,また行きたい（1年以内）,アスレチック,男,2003,東京都,文京区,200万円以上 300万円未満,能登牛が当たる,,,街並みが綺麗、人が少ない
金沢エリア,KOKOHOTEL Premier 金沢香林坊,2024/01/31 18:07:34,同意する,2泊,2泊,金沢エリア  （湯涌温泉、深谷温泉、犀川温泉など）,石川県外には泊まらない,恋人,"地元の美味しいものを食べる, 名所、旧跡の観光",新幹線,路線バス,不満,北鉄路線バスの支払い方法がICaしかないのが不便だった。,"10,000円以上 20,000円未満","20,000円以上 30,000円未満","10,000円以上 20,000円未満",初めて,インターネット・アプリ,近江町市場,,兼六園,,使わない,とても満足,誤って喫煙で予約してしまったが、禁煙の部屋が空いていたのでそちらに変更して頂いた。丁寧でスムーズな対応でした。,とても満足,お風呂が綺麗で使いやすかった。,感じなかった,,8,とても素敵なホテルでした。ありがとうございました。,また行きたい（1年以内）,特になし,女,2002,東京都,文京区,400万円以上 500万円未満,能登牛が当たる,,,入浴剤などもアメニティとして配布していて良かったから。
金沢エリア,KOKOHOTEL Premier 金沢香林坊,2024/02/02 5:13:39,同意する,2泊,2泊,金沢エリア  （湯涌温泉、深谷温泉、犀川温泉など）,石川県外には泊まらない,職場の同僚,出張など仕事関係,自家用車,自家用車,,満足,"10,000円以上 20,000円未満","20,000円以上 30,000円未満","20,000円以上 30,000円未満",2～5回目,"観光パンフレット・ポスター, インターネット・アプリ",兼六園,,近江町市場,,"5,000円以上 10,000円未満",満足,,満足,,感じなかった,,9,,また行きたい（1年以内）,特になし,男,1966,茨城県,古河市,400万円以上 500万円未満,能登牛が当たる,,,
金沢エリア,KOKOHOTEL Premier 金沢香林坊,2024/02/02 9:49:03,同意する,1泊,1泊,金沢エリア  （湯涌温泉、深谷温泉、犀川温泉など）,石川県外には泊まらない,恋人,友人・親戚を訪ねる,自家用車,"自家用車, 徒歩",とても満足,,"5,000円以上 10,000円未満","1,000円以上 3,000円未満","10,000円以上 20,000円未満",初めて,インターネット・アプリ,選択なし/該当施設なし,,選択なし/該当施設なし,,"10,000円以上 20,000円未満",とても満足,,とても満足,,感じなかった,,10,,石川県在住,能登牡蠣食べたい,女,1976,石川県,輪島市,300万円以上 400万円未満,能登牛が当たる,,,
金沢エリア,KOKOHOTEL Premier 金沢香林坊,2024/02/02 19:58:45,同意する,4泊以上,4泊以上,金沢エリア  （湯涌温泉、深谷温泉、犀川温泉など）,石川県外には泊まらない,自分ひとり,1.5次避難所支援（介護）,新幹線,タクシー,とても満足,困ることはなかったから,"50,000円以上 100,000円未満","30,000円以上 40,000円未満","20,000円以上 30,000円未満",初めて,インターネット・アプリ,選択なし/該当施設なし,,選択なし/該当施設なし,,"10,000円以上 20,000円未満",とても満足,,とても満足,,感じた,部屋の明かりが暗い。もう少し明るいと作業しやすい。,10,,また行きたい（1年以内）,特になし,男,1975,神奈川県,伊勢原市,300万円以上 400万円未満,能登牛が当たる,,,避難所支援のため観光等がわからない。
金沢エリア,KOKOHOTEL Premier 金沢香林坊,2024/02/02 20:36:14,同意する,2泊,2泊,金沢エリア  （湯涌温泉、深谷温泉、犀川温泉など）,石川県外には泊まらない,自分ひとり,"出張など仕事関係, 受験の傍ら",新幹線,"路線バス, 徒歩, シェアサイクル",不満,パスモカードを使えないバスもある,"10,000円以上 20,000円未満","20,000円以上 30,000円未満","10,000円以上 20,000円未満",初めて,"新聞・雑誌・ガイドブック, TV・ラジオ番組やCM, タクシードライバーや地元の人",選択なし/該当施設なし,金沢大学キャンパス,兼六園,,"10,000円以上 20,000円未満",とても満足,きれいで暖かい,満足,サービルがいい,感じなかった,,10,宿泊税金を取り消ししたらいい,また行きたい（1年以内）,地元の料理をもっと宣伝しよう、店が探し難い,男,2000,埼玉県,所沢市,100万円未満,"能登牛が当たる, 石川県の雑学を知りたい",,,立地がいいし、ホテル自体もいい
金沢エリア,KOKOHOTEL Premier 金沢香林坊,2024/02/03 23:08:37,同意する,1泊,1泊,金沢エリア  （湯涌温泉、深谷温泉、犀川温泉など）,石川県外には泊まらない,中学生以下連れの家族,名所、旧跡の観光,新幹線,路線バス,満足,,"5,000円以上 10,000円未満","5,000円以上 10,000円未満","20,000円以上 30,000円未満",初めて,"観光パンフレット・ポスター, インターネット・アプリ",ひがし茶屋街,,選択なし/該当施設なし,,"10,000円以上 20,000円未満",とても満足,,とても満足,,感じなかった,,10,,機会があれば行きたい,海産物をはじめ美味しいものばかりで、魅力的な観光資源だと思う。,男,1974,神奈川県,川崎市,"1,200万円以上 1,500万円未満",能登牛が当たる,,,
金沢エリア,KOKOHOTEL Premier 金沢香林坊,2024/02/04 18:26:05,同意する,4泊以上,4泊以上,金沢エリア  （湯涌温泉、深谷温泉、犀川温泉など）,石川県外には泊まらない,職場の同僚,出張など仕事関係,社用車,貸切バス,とても満足,時間通りだから   ,"50,000円以上 100,000円未満","20,000円以上 30,000円未満","20,000円以上 30,000円未満",初めて,会社が予約したので,兼六園,,近江町市場,,"50,000円以上 100,000円未満",とても満足,,とても満足,,感じなかった,,10,,機会があれば行きたい,能登牛,男,1985,兵庫県,西宮市,700万円以上 800万円未満,"能登牛が当たる, ひゃくまんさんが好き",,,
金沢エリア,KOKOHOTEL Premier 金沢香林坊,2024/02/07 7:34:52,同意する,4泊以上,4泊以上,金沢エリア  （湯涌温泉、深谷温泉、犀川温泉など）,石川県外には泊まらない,災害支援,災害支援,"新幹線, 在来線",レンタカー,どちらでもない,,"50,000円以上 100,000円未満","50,000円以上 100,000円未満","30,000円以上 40,000円未満",初めて,インターネット・アプリ,選択なし/該当施設なし,,選択なし/該当施設なし,,"50,000円以上 100,000円未満",とても満足,,とても満足,,感じなかった,,10,,また行きたい（1年以内）,食べ物が美味しいのでもっとアピールしてほしい,男,1975,福岡県,中央区,800万円以上 900万円未満,能登牛が当たる,,,
金沢エリア,KOKOHOTEL Premier 金沢香林坊,2024/02/07 20:49:51,同意する,4泊以上,4泊以上,金沢エリア  （湯涌温泉、深谷温泉、犀川温泉など）,石川県外には泊まらない,自分ひとり,"出張など仕事関係, 震災支援","新幹線, 在来線","タクシー, 在来線",とても満足,街の様子を聞くことができた,"10,000円以上 20,000円未満","10,000円以上 20,000円未満","20,000円以上 30,000円未満",初めて,インターネット・アプリ,選択なし/該当施設なし,観光していない…,選択なし/該当施設なし,仕事と支援のみ。個人でまた来ます！,"3,000円以上 5,000円未満",満足,居心地よかったです。,とても満足,寝に帰るのがメインでしたが部屋内の施設など満足,感じなかった,,10,アメニティ、風呂がきれい、ドリンクサービスも充実,また行きたい（1年以内）,駅近辺だけでも観光、食事がしたかった,男,1968,静岡県,静岡市,600万円以上 700万円未満,能登牛が当たる,,,観光、食事を満喫したかった！
金沢エリア,KOKOHOTEL Premier 金沢香林坊,2024/02/08 9:19:31,同意する,2泊,2泊,金沢エリア  （湯涌温泉、深谷温泉、犀川温泉など）,石川県外には泊まらない,自分ひとり,出張など仕事関係,自家用車,自家用車,,,"5,000円以上 10,000円未満","5,000円以上 10,000円未満","10,000円以上 20,000円未満",初めて,X(旧：Twitter),選択なし/該当施設なし,災害派遣のため,選択なし/該当施設なし,災害派遣のため,"10,000円以上 20,000円未満",とても満足,施設が清潔,とても満足,ウェルカムドリンクに日本酒がある,感じなかった,,10,清潔でホテルの方が親切でした,また行きたい（1年以内）,安くて美味しく、とても満足してます,男,1974,福井県,敦賀市,"900万円以上 1,000万円未満",能登牛が当たる,,,治部煮
金沢エリア,KOKOHOTEL Premier 金沢香林坊,2024/02/09 8:15:28,同意する,2泊,1泊,金沢エリア  （湯涌温泉、深谷温泉、犀川温泉など）,富山県,自分ひとり,出張など仕事関係,社用車,社用車,どちらでもない,どちらでもない,"5,000円以上 10,000円未満","20,000円以上 30,000円未満","10,000円以上 20,000円未満",11回目以上,インターネット・アプリ,選択なし/該当施設なし,香林坊,選択なし/該当施設なし,すべて訪問済み,"5,000円以上 10,000円未満",どちらでもない,どちらでもないから,どちらでもない,部屋が汚い,感じた,水回りが汚い,3,,また行きたい（1年以内）,今のままで満足,男,1980,兵庫県,伊丹市,600万円以上 700万円未満,"ひゃくまんさんが好き, 石川県の雑学を知りたい",,,食事
金沢エリア,KOKOHOTEL Premier 金沢香林坊,2024/02/10 22:28:15,同意する,1泊,石川県内には宿泊しない,金沢エリア  （湯涌温泉、深谷温泉、犀川温泉など）,石川県外には泊まらない,夫婦と大人の子ども,"地元の美味しいものを食べる, 名所、旧跡の観光","新幹線, 在来線","タクシー, 徒歩",満足,タクシーの運転手は普通に親切でした。,"5,000円以上 10,000円未満","10,000円以上 20,000円未満","1,000円以上 3,000円未満",初めて,インターネット・アプリ,兼六園,,選択なし/該当施設なし,武家屋敷、大樋焼き美術館,"1,000円未満",とても満足,きちんと最低限のものが揃っていて、受付の人も親切でした。立地が便利。ウェルカムドリンクのサービスが嬉しいでした。,とても満足,立地が良く、便利で嬉しかったです。,感じなかった,,10,ウェルカムドリンクサービスには驚きました。,また行きたい（1年以内）,新鮮な美味しい魚とお野菜、そして素晴らしい文化芸術歴史の,女,1956,愛知県,長久手市,500万円以上 600万円未満,"能登牛が当たる, ARでひゃくまんさんと写真が撮りたかった, 石川県のおすすめ観光スポットが見たい, 石川県の雑学を知りたい",,,往復の交通費がついて、ホテルもとてもリーズナブルに予約できて最高でした。
金沢エリア,KOKOHOTEL Premier 金沢香林坊,2024/02/11 17:40:37,同意する,1泊,1泊,金沢エリア  （湯涌温泉、深谷温泉、犀川温泉など）,石川県外には泊まらない,夫婦2人,"地元の美味しいものを食べる, 名所、旧跡の観光","新幹線, 在来線",タクシー,とても満足,ホテル側の観光スポットを教えてくれた,"30,000円以上 40,000円未満","10,000円以上 20,000円未満","10,000円以上 20,000円未満",初めて,インターネット・アプリ,選択なし/該当施設なし,京都,兼六園,,"30,000円以上 40,000円未満",とても満足,アメニティの充実,とても満足,清潔感がありスタッフの対応も良かった,感じなかった,,10,良かった,また行きたい（1年以内）,特になし,女,1972,東京都,大田区,300万円以上 400万円未満,能登牛が当たる,,,美味しい食べ物
金沢エリア,KOKOHOTEL Premier 金沢香林坊,2024/02/12 20:42:06,同意する,1泊,1泊,金沢エリア  （湯涌温泉、深谷温泉、犀川温泉など）,石川県外には泊まらない,自分ひとり,"地元の美味しいものを食べる, まちあるき、都市散策",在来線,路線バス,どちらでもない,周遊バスが片方運休してた。,"5,000円以上 10,000円未満","10,000円以上 20,000円未満","10,000円以上 20,000円未満",2～5回目,"観光展・物産展, インターネット・アプリ",近江町市場,,兼六園,,使わない,とても不満,チェクイン時間（15:30頃）なのに、部屋がまだ準備出来てなくて待ち時間があった。,不満,ウェルカムドリンクのソフトドリンクが少ない。コーヒーがなかった。,感じた,海外旅行客の団体でエレベーターが利用するのに並んだ。,5,,また行きたい（1年以内）,地元の特産物を使った料理,男,1979,大阪府,大阪市,600万円以上 700万円未満,能登牛が当たる,,,寿司
金沢エリア,KOKOHOTEL Premier 金沢香林坊,2024/02/13 19:25:31,同意する,4泊以上,4泊以上,金沢エリア  （湯涌温泉、深谷温泉、犀川温泉など）,石川県外には泊まらない,職場の同僚,出張など仕事関係,飛行機,レンタカー,,,"50,000円以上 100,000円未満","5,000円以上 10,000円未満","30,000円以上 40,000円未満",初めて,"インターネット・アプリ, Instagram",選択なし/該当施設なし,どこにもいっていない。額谷ふれあい体育館,選択なし/該当施設なし,,"50,000円以上 100,000円未満",とても満足,毎日清掃が入る。ウェルカムドリンクが充実している。,とても満足,,感じなかった,,10,,また行きたい（1年以内）,なし,女,1998,北海道,旭川市,200万円以上 300万円未満,"能登牛が当たる, ひゃくまんさんが好き",,,ご飯が美味しい。
金沢エリア,KOKOHOTEL Premier 金沢香林坊,2024/02/13 21:34:10,同意する,1泊,1泊,金沢エリア  （湯涌温泉、深谷温泉、犀川温泉など）,石川県外には泊まらない,親,宿でのんびり過ごす,新幹線,路線バス,どちらでもない,,"10,000円以上 20,000円未満","10,000円以上 20,000円未満","1,000円以上 3,000円未満",初めて,インターネット・アプリ,選択なし/該当施設なし,,兼六園,,使わない,満足,,満足,,感じた,清掃汚い,5,,機会があれば行きたい,特になし,女,2003,富山県,富山市,100万円未満,能登牛が当たる,,,
金沢エリア,KOKOHOTEL Premier 金沢香林坊,2024/02/14 8:46:56,同意する,4泊以上,4泊以上,金沢エリア  （湯涌温泉、深谷温泉、犀川温泉など）,石川県外には泊まらない,職場の同僚,"出張など仕事関係, 復興支援","レンタカー, 飛行機",レンタカー,とても満足,走りやすい,"50,000円以上 100,000円未満","50,000円以上 100,000円未満","40,000円以上 50,000円未満",初めて,"観光展・物産展, インターネット・アプリ",選択なし/該当施設なし,額谷ふれあい体育館,選択なし/該当施設なし,帰る,"5,000円以上 10,000円未満",とても満足,色々行き届いている,とても満足,不自由がない,感じなかった,,10,,機会があれば行きたい,海産物,男,1981,北海道,旭川市,500万円以上 600万円未満,能登牛が当たる,,,食べ物
金沢エリア,KOKOHOTEL Premier 金沢香林坊,2024/02/16 19:43:57,同意する,1泊,1泊,金沢エリア  （湯涌温泉、深谷温泉、犀川温泉など）,福井県,自分ひとり,宿でのんびり過ごす,新幹線,タクシー,とても満足,親切でした。案内が！,"5,000円以上 10,000円未満","20,000円以上 30,000円未満","20,000円以上 30,000円未満",2～5回目,X(旧：Twitter),近江町市場,谷口吉郎建築館,金沢21世紀美術館,,"10,000円以上 20,000円未満",とても満足,とても丁寧！,とても満足,とてもきれいで、トイレがよい,感じなかった,,10,市場の魚が美味しかったです,また行きたい（1年以内）,市場の時間を長くして欲しい！夜とか！,男,1988,東京都,練馬区,"1,000万円以上 1,200万円未満",ひゃくまんさんが好き,,,谷口吉郎建築館の展示！
金沢エリア,KOKOHOTEL Premier 金沢香林坊,2024/02/16 23:13:20,同意する,3泊,3泊,金沢エリア  （湯涌温泉、深谷温泉、犀川温泉など）,石川県外には泊まらない,自分ひとり,"宿でのんびり過ごす, 地元の美味しいものを食べる",在来線,タクシー,とても満足,いつもタクシードライバーの感じがいいです,"30,000円以上 40,000円未満","10,000円以上 20,000円未満","50,000円以上 100,000円未満",11回目以上,インターネット・アプリ,尾山神社,,兼六園,,"30,000円以上 40,000円未満",とても満足,毎回同じホテルを利用。安心して泊まれる。立地も良い,とても満足,ホテル名は変わったが、部屋が落ち着く。前ホテルから10年くらい利用している,感じなかった,,9,朝食も良い,また行きたい（1年以内）,歴史あるモノ古いモノと、新しいモノのバランスを大事にしてほしい,女,1962,滋賀県,大津市,"1,500万円以上",能登牛が当たる,,,海鮮以外にも、イタリアン、フレンチと美味しい店がある。
金沢エリア,KOKOHOTEL Premier 金沢香林坊,2024/02/17 10:07:58,同意する,3泊,2泊,金沢エリア  （湯涌温泉、深谷温泉、犀川温泉など）,岐阜県,恋人,"温泉や露天風呂, 地元の美味しいものを食べる, 名所、旧跡の観光, テーマパーク（遊園地、動物園、博物館など）, 買い物、アウトレット",レンタカー,レンタカー,満足,,"1,000円以上 3,000円未満","10,000円以上 20,000円未満","100,000円以上",初めて,小红书 Red Book App,金沢21世紀美術館,,兼六園,,"10,000円以上 20,000円未満",どちらでもない,朝食は普通で、部屋の面積が小さすぎます,満足,,感じた,まだL.O.に着いていません。時間、多くの朝食メニューがなくなりました。,8,朝食が気に入らない、他は大丈夫です。,機会があれば行きたい,特になし,男,1992,岐阜県,高山市,"1,500万円以上",能登牛が当たる,,,兼六園は風景が美しく、交通が便利です。
金沢エリア,KOKOHOTEL Premier 金沢香林坊,2024/02/18 7:59:33,同意する,4泊以上,4泊以上,金沢エリア  （湯涌温泉、深谷温泉、犀川温泉など）,石川県外には泊まらない,職場の同僚,出張など仕事関係,"新幹線, 飛行機","レンタカー, タクシー",満足,交通の便が良かった,"50,000円以上 100,000円未満","40,000円以上 50,000円未満","10,000円以上 20,000円未満",初めて,"インターネット・アプリ, X(旧：Twitter), ブログ",兼六園,,金沢21世紀美術館,,"100,000円以上",とても満足,朝食が美味しく種類が豊富だった、浴室の作り上ゆっくりと湯船に浸かることができた,とても満足,6泊したが過ごしやすかった,感じなかった,,8,21世紀美術館が震災の影響で一部閉館していたので今後ぜひ全館を回りたい,また行きたい（1年以内）,特になし,女,1996,長崎県,諫早市,300万円以上 400万円未満,"能登牛が当たる, ARでひゃくまんさんと写真が撮りたかった",,,兼六園が綺麗でホテル近くにあり過ごしやすい
金沢エリア,KOKOHOTEL Premier 金沢香林坊,2024/02/19 10:05:34,同意する,1泊,1泊,金沢エリア  （湯涌温泉、深谷温泉、犀川温泉など）,石川県外には泊まらない,夫婦2人,宿でのんびり過ごす,県外から訪れていない（石川県内在住）,自家用車,,,"10,000円以上 20,000円未満","1,000円未満","3,000円以上 5,000円未満",初めて,友人・知人,選択なし/該当施設なし,宿の選択肢があまり無かった,選択なし/該当施設なし,ゆっくりするための宿泊だから,"10,000円以上 20,000円未満",満足,バストイレがセパレートタイプだったから,満足,バストイレがセパレートタイプだったから,感じなかった,,8,特に利用無し,石川県在住,リアルに地元っぽく ,男,1967,石川県,金沢市,300万円以上 400万円未満,"能登牛が当たる, ひゃくまんさんが好き",,,香林坊のど真ん中でいい感じ
金沢エリア,KOKOHOTEL Premier 金沢香林坊,2024/02/19 10:08:42,同意する,1泊,1泊,金沢エリア  （湯涌温泉、深谷温泉、犀川温泉など）,石川県外には泊まらない,夫婦2人,友人・親戚を訪ねる,自家用車,自家用車,,,"5,000円以上 10,000円未満",使わない,"5,000円以上 10,000円未満",初めて,インターネット・アプリ,近江町市場,,兼六園,,"5,000円以上 10,000円未満",満足,スタッフの対応が良かった,満足,施設が綺麗,感じなかった,,8,使用なし,石川県在住,地酒飲み比べ,女,1971,石川県,珠洲市,300万円以上 400万円未満,能登牛が当たる,,,宿泊施設　立地が良く、値段がお値打ち
金沢エリア,KOKOHOTEL Premier 金沢香林坊,2024/02/20 20:07:59,同意する,1泊,1泊,金沢エリア  （湯涌温泉、深谷温泉、犀川温泉など）,石川県外には泊まらない,自分ひとり,出張など仕事関係,"新幹線, 在来線",タクシー,満足,道もスムーズでストレスなく目的地に着けたから。,"5,000円以上 10,000円未満","10,000円以上 20,000円未満","10,000円以上 20,000円未満",初めて,インターネット・アプリ,選択なし/該当施設なし,ビジネス目的のみ,選択なし/該当施設なし,ビジネスのみ。,"5,000円以上 10,000円未満",どちらでもない,可もなく不可もなく,どちらでもない,特になし。,感じた,非喫煙者だが喫煙ルームしか空きがなかった。,8,特になし。,また行きたい（1年以内）,海鮮、加賀郷土工芸品。,男,1978,愛知県,名古屋市,"1,000万円以上 1,200万円未満",能登牛が当たる,,,街並みがきれいで食べ物が美味しいから。
金沢エリア,KOKOHOTEL Premier 金沢香林坊,2024/02/20 20:44:14,同意する,4泊以上,3泊,金沢エリア  （湯涌温泉、深谷温泉、犀川温泉など）,名古屋,自分ひとり,出張など仕事関係,"新幹線, 在来線",在来線,どちらでもない,疲れる,"5,000円以上 10,000円未満","50,000円以上 100,000円未満","40,000円以上 50,000円未満",11回目以上,観光展・物産展,近江町市場,,近江町市場,,"50,000円以上 100,000円未満",満足,特に無し　,満足,綺麗,感じなかった,,9,金沢はいい街です。,また行きたい（1年以内）,新鮮な食べ物,男,1964,和歌山県,岩出市,"1,000万円以上 1,200万円未満",能登牛が当たる,,,食べ物　魚など
金沢エリア,KOKOHOTEL Premier 金沢香林坊,2024/02/21 20:14:18,同意する,2泊,2泊,金沢エリア  （湯涌温泉、深谷温泉、犀川温泉など）,石川県外には泊まらない,自分ひとり,出張など仕事関係,飛行機,"在来線, 路線バス",どちらでもない,,"10,000円以上 20,000円未満","10,000円以上 20,000円未満","1,000円以上 3,000円未満",初めて,インターネット・アプリ,選択なし/該当施設なし,,選択なし/該当施設なし,,使わない,満足,,満足,,感じた,照明が暗かった,8,,機会があれば行きたい,安くておいしい食事,女,1977,北海道,帯広市,500万円以上 600万円未満,能登牛が当たる,,,
金沢エリア,KOKOHOTEL Premier 金沢香林坊,2024/02/22 0:12:22,同意する,1泊,1泊,金沢エリア  （湯涌温泉、深谷温泉、犀川温泉など）,石川県外には泊まらない,自分ひとり,出張など仕事関係,在来線,レンタカー,満足,公共交通機関が発達していないので、車は利便性が有る。,"5,000円以上 10,000円未満","30,000円以上 40,000円未満","20,000円以上 30,000円未満",11回目以上,インターネット・アプリ,選択なし/該当施設なし,仕事の関係先,選択なし/該当施設なし,仕事の関係先,"10,000円以上 20,000円未満",満足,利便性、綺麗,満足,利便性、綺麗,感じた,ハイルーフ車の駐車場が無い。,10,利用履歴無し。,また行きたい（1年以内）,特に無し,男,1966,大阪府,大阪市,"1,200万円以上 1,500万円未満",能登牛が当たる,,,食材が新鮮で美味しい。
金沢エリア,KOKOHOTEL Premier 金沢香林坊,2024/02/22 18:52:19,同意する,4泊以上,4泊以上,金沢エリア  （湯涌温泉、深谷温泉、犀川温泉など）,石川県外には泊まらない,自分ひとり,出張など仕事関係,在来線,路線バス,満足,バスの頻度は良いが、Suicaが使えなかった,"20,000円以上 30,000円未満","1,000円以上 3,000円未満","20,000円以上 30,000円未満",初めて,友人・知人,選択なし/該当施設なし,,選択なし/該当施設なし,,"1,000円未満",とても満足,新しい、綺麗、部屋が広い、立地、タオル交換等のサービス、朝食の種類、無料ドリンク(酒類含む)など、全てが良かった,とても満足,,感じなかった,,10,,石川県在住,ソウルフードが食べられる飲食店(昔ながらの)にはHPに詳細がなく見つけにくいもの,女,1985,石川県,加賀市,500万円以上 600万円未満,能登牛が当たる,,,宿泊料金以上のサービス、クオリティでとても満足だったため
金沢エリア,KOKOHOTEL Premier 金沢香林坊,2024/02/23 20:08:21,同意する,1泊,1泊,金沢エリア  （湯涌温泉、深谷温泉、犀川温泉など）,石川県外には泊まらない,夫婦2人,"地元の美味しいものを食べる, 名所、旧跡の観光",新幹線,路線バス,どちらでもない,普通です。,"5,000円以上 10,000円未満","10,000円以上 20,000円未満","30,000円以上 40,000円未満",初めて,インターネット・アプリ,選択なし/該当施設なし,武家屋敷跡,兼六園,,"5,000円以上 10,000円未満",どちらでもない,普通です。,どちらでもない,普通です。,感じなかった,,7,普通です。,機会があれば行きたい,食べ物が美味しい。,男,1964,茨城県,龍ヶ崎市,"1,000万円以上 1,200万円未満",能登牛が当たる,,,食べ物が美味しい。
金沢エリア,KOKOHOTEL Premier 金沢香林坊,2024/02/23 22:20:42,同意する,2泊,2泊,金沢エリア  （湯涌温泉、深谷温泉、犀川温泉など）,石川県外には泊まらない,自分ひとり,出張など仕事関係,在来線,在来線,満足,タクシーも台数が多い,"20,000円以上 30,000円未満","10,000円以上 20,000円未満","30,000円以上 40,000円未満",2～5回目,"TV・ラジオ番組やCM, インターネット・アプリ, Instagram",ひがし茶屋街,,選択なし/該当施設なし,,"20,000円以上 30,000円未満",満足,部屋も綺麗だし、交通の便もいい！！,満足,移動がしやすい,感じなかった,,8,,また行きたい（1年以内）,特になし,男,1986,愛知県,名古屋市,"900万円以上 1,000万円未満","能登牛が当たる, 石川県のおすすめ観光スポットが見たい, 石川県の雑学を知りたい",,,街が綺麗で楽しい
金沢エリア,KOKOHOTEL Premier 金沢香林坊,2024/02/24 22:57:57,同意する,2泊,2泊,金沢エリア  （湯涌温泉、深谷温泉、犀川温泉など）,石川県外には泊まらない,恋人,地元の美味しいものを食べる,新幹線,路線バス,満足,交通の便が良いから,"10,000円以上 20,000円未満","5,000円以上 10,000円未満","30,000円以上 40,000円未満",2～5回目,インターネット・アプリ,ひがし茶屋街,,選択なし/該当施設なし,石川県立図書館,"10,000円以上 20,000円未満",満足,アメニティが充実、ウェルカムドリンクが美味しい,満足,綺麗,感じなかった,,8,ドライヤーをもう少し良いものにして欲しい、スマホの充電ケーブルの貸し出しをして欲しい、USBを直接さして充電出来るコンセントがあったら良い,また行きたい（1年以内）,地物の野菜、魚、お酒,女,1974,東京都,文京区,"1,500万円以上",能登牛が当たる,,,金沢の観光地へのアクセスが良い
金沢エリア,KOKOHOTEL Premier 金沢香林坊,2024/02/25 6:09:00,同意する,4泊以上,4泊以上,金沢エリア  （湯涌温泉、深谷温泉、犀川温泉など）,石川県外には泊まらない,自分ひとり,出張など仕事関係,新幹線,路線バス,満足,バス停がホテルから近いので快適でした,"100,000円以上","40,000円以上 50,000円未満","20,000円以上 30,000円未満",初めて,インターネット・アプリ,選択なし/該当施設なし,石川県庁で災害支援に従事していました,選択なし/該当施設なし,今度は観光で訪れたいと思います,"1,000円未満",とても満足,部屋もロビーもスタッフの方も綺麗で慣れない土地での仕事でしたが快適に過ごさせていただきました。,とても満足,スタッフの対応と施設の設備が素晴らしい。,感じなかった,,10,,また行きたい（1年以内）,カニ,男,1975,宮城県,仙台市,800万円以上 900万円未満,能登牛が当たる,,,金沢はとても良いところだと思ったのと、能登半島の復旧に携わり、今後の復興を応援していきたい。
金沢エリア,KOKOHOTEL Premier 金沢香林坊,2024/02/25 9:47:41,同意する,2泊,2泊,金沢エリア  （湯涌温泉、深谷温泉、犀川温泉など）,石川県外には泊まらない,恋人,"宿でのんびり過ごす, 温泉や露天風呂, 地元の美味しいものを食べる, 花見や紅葉などの自然鑑賞, 名所、旧跡の観光, まちあるき、都市散策",新幹線,路線バス,不満,支払いが現金なのは不便,"40,000円以上 50,000円未満","30,000円以上 40,000円未満","100,000円以上",初めて,"新聞・雑誌・ガイドブック, インターネット・アプリ",兼六園,,金沢21世紀美術館,,"30,000円以上 40,000円未満",満足,,満足,,感じなかった,,5,,機会があれば行きたい,インバウンド需要で宿泊施設など連休中は値段が高く気軽に来られる値段設定にして欲しいです。,男,1972,東京都,江東区,800万円以上 900万円未満,能登牛が当たる,,,
金沢エリア,KOKOHOTEL Premier 金沢香林坊,2024/02/25 11:26:37,同意する,3泊,3泊,金沢エリア  （湯涌温泉、深谷温泉、犀川温泉など）,石川県外には泊まらない,子供,大学受験,新幹線,路線バス,満足,新幹線ですごく早く来ることができた,"20,000円以上 30,000円未満","20,000円以上 30,000円未満","20,000円以上 30,000円未満",2～5回目,インターネット・アプリ,選択なし/該当施設なし,,兼六園,,"20,000円以上 30,000円未満",とても満足,複数回の予約に分かれてしまったが、部屋を融通していただけ、同じ部屋に連泊にする事ができた,満足,部屋が広くきれい,感じた,コインランドリーがあると助かる,9,利用しておらず、回答なし,機会があれば行きたい,特になし,男,1970,茨城県,取手市,"1,000万円以上 1,200万円未満",能登牛が当たる,,,街の雰囲気がよい
金沢エリア,KOKOHOTEL Premier 金沢香林坊,2024/02/26 10:22:57,同意する,2泊,2泊,金沢エリア  （湯涌温泉、深谷温泉、犀川温泉など）,石川県外には泊まらない,夫婦2人,"宿でのんびり過ごす, 地元の美味しいものを食べる",自家用車,自家用車,,,"10,000円以上 20,000円未満","1,000円以上 3,000円未満","50,000円以上 100,000円未満",2～5回目,"インターネット・アプリ, Instagram, Facebook",近江町市場,,ひがし茶屋街,,"30,000円以上 40,000円未満",満足,,満足,ウェルカムドリンク、,感じなかった,,6,,また行きたい（1年以内）,飲食、観光、土産、全て良し,男,1975,兵庫県,赤穂市,700万円以上 800万円未満,能登牛が当たる,,,
金沢エリア,KOKOHOTEL Premier 金沢香林坊,2024/02/26 10:23:54,同意する,1泊,1泊,金沢エリア  （湯涌温泉、深谷温泉、犀川温泉など）,石川県外には泊まらない,家族,友人・親戚を訪ねる,自家用車,自家用車,,,"3,000円以上 5,000円未満","3,000円以上 5,000円未満","30,000円以上 40,000円未満",初めて,インターネット・アプリ,選択なし/該当施設なし,,選択なし/該当施設なし,金沢城,"3,000円以上 5,000円未満",とても満足,とても親切で綺麗な宿泊施設で良かった,とても満足,フロントの方がとても親切でした。事前に荷物を預かってもらえるか確認した事を次の方に連絡しておいてくださり、お預かりの荷物はどちらですか？と確認していただけて、とても良かったです。,感じなかった,,9,,また行きたい（1年以内）,棒茶はお土産に良い。美味しいし、日持ちするし。駅前のはす家さんは美味しくて店員さんも感じ良くてとても良かった。,女,1970,京都府,宮津市,500万円以上 600万円未満,能登牛が当たる,,,食事は、駅前のはす家さんが良かったです
金沢エリア,KOKOHOTEL Premier 金沢香林坊,2024/02/26 16:27:31,同意する,1泊,1泊,金沢エリア  （湯涌温泉、深谷温泉、犀川温泉など）,石川県外には泊まらない,親,"宿でのんびり過ごす, 温泉や露天風呂, 地元の美味しいものを食べる, まちあるき、都市散策",新幹線,徒歩,,,"5,000円以上 10,000円未満","5,000円以上 10,000円未満","20,000円以上 30,000円未満",初めて,インターネット・アプリ,兼六園,,ひがし茶屋街,,"5,000円以上 10,000円未満",とても満足,とても綺麗な部屋で、お風呂が広々していてよかった,とても満足,スッキリしていて綺麗だから,感じなかった,,10,,また行きたい（1年以内）,魚介類が豊富でとても美味しい。近江町市場が少し金額が高いようであるが美味しいから、我慢できるかな,女,1959,大阪府,大阪市,100万円以上 200万円未満,能登牛が当たる,,,
金沢エリア,KOKOHOTEL Premier 金沢香林坊,2024/02/28 13:25:50,同意する,2泊,2泊,金沢エリア  （湯涌温泉、深谷温泉、犀川温泉など）,石川県外には泊まらない,夫婦2人,"地元の美味しいものを食べる, 名所、旧跡の観光",在来線,タクシー,満足,,"10,000円以上 20,000円未満","10,000円以上 20,000円未満","20,000円以上 30,000円未満",初めて,"新聞・雑誌・ガイドブック, 観光パンフレット・ポスター, インターネット・アプリ",選択なし/該当施設なし,糀パーク,近江町市場,,"10,000円以上 20,000円未満",満足,,満足,,感じなかった,,5,,機会があれば行きたい,特になし,男,1966,京都府,京都市,"1,500万円以上",能登牛が当たる,,,
金沢エリア,KOKOHOTEL Premier 金沢香林坊,2024/02/28 17:53:46,同意する,1泊,1泊,金沢エリア  （湯涌温泉、深谷温泉、犀川温泉など）,石川県外には泊まらない,自分ひとり,出張など仕事関係,新幹線,タクシー,とても満足,,"20,000円以上 30,000円未満","20,000円以上 30,000円未満","20,000円以上 30,000円未満",初めて,"インターネット・アプリ, X(旧：Twitter), Instagram, Facebook",兼六園,,近江町市場,,"10,000円以上 20,000円未満",満足,,満足,,感じなかった,,10,,また行きたい（1年以内）,食べ物が美味しくて充実しているので良いと思います,男,1978,千葉県,我孫子市,"1,200万円以上 1,500万円未満","能登牛が当たる, ひゃくまんさんが好き",,,
金沢エリア,KOKOHOTEL Premier 金沢香林坊,2024/02/29 15:39:01,同意する,1泊,1泊,金沢エリア  （湯涌温泉、深谷温泉、犀川温泉など）,石川県外には泊まらない,自分ひとり,"温泉や露天風呂, 地元の美味しいものを食べる, 花見や紅葉などの自然鑑賞, 出張など仕事関係",自家用車,自家用車,,,"5,000円以上 10,000円未満","5,000円以上 10,000円未満","5,000円以上 10,000円未満",初めて,"インターネット・アプリ, Instagram",ひがし茶屋街,,兼六園,,"1,000円以上 3,000円未満",とても満足,ウェルカムドリンクやアメニティ【髪に優しいシャンプー】あった為,とても満足,駐車場やフロントでの対応が非常に優しく丁寧で気持ちよかったです。,感じなかった,,10,朝食がとても美味しく、朝からモチベーション上がりました。,また行きたい（1年以内）,ラーメン、お寿司、お肉,男,1997,岐阜県,岐阜市,300万円以上 400万円未満,能登牛が当たる,,,ホテルの高級感やスタッフの対応の良さです。
金沢エリア,KOKOHOTEL Premier 金沢香林坊,2024/03/01 18:56:59,同意する,2泊,2泊,金沢エリア  （湯涌温泉、深谷温泉、犀川温泉など）,石川県外には泊まらない,夫婦2人,"宿でのんびり過ごす, 地元の美味しいものを食べる, まちあるき、都市散策",自家用車,自家用車,,,"10,000円以上 20,000円未満","1,000円未満","10,000円以上 20,000円未満",初めて,"観光展・物産展, インターネット・アプリ, X(旧：Twitter)",近江町市場,,ひがし茶屋街,,"10,000円以上 20,000円未満",満足,ウェルカムドリンクがあるから,満足,部屋が広くきれい,感じなかった,,8,,機会があれば行きたい,あまり高級すぎなく美味しい和食店、地域の有名な和菓子,男,1978,富山県,砺波市,500万円以上 600万円未満,"能登牛が当たる, ひゃくまんさんが好き",,,美味しいお店が多いから
金沢エリア,KOKOHOTEL Premier 金沢香林坊,2024/03/03 10:54:59,同意する,1泊,1泊,金沢エリア  （湯涌温泉、深谷温泉、犀川温泉など）,石川県外には泊まらない,成人の娘,"宿でのんびり過ごす, 地元の美味しいものを食べる, 買い物、アウトレット",自家用車,自家用車,満足,立地もよく便利がいい,"5,000円以上 10,000円未満","3,000円以上 5,000円未満","50,000円以上 100,000円未満",2～5回目,インターネット・アプリ,選択なし/該当施設なし,行きつけの料理店,選択なし/該当施設なし,行きつけの料理店,"5,000円以上 10,000円未満",満足,立地がいい,満足,立地,感じなかった,,10,特になし,また行きたい（1年以内）,今のままで十分,女,1969,福井県,福井市,"1,000万円以上 1,200万円未満",能登牛が当たる,,,立地
金沢エリア,KOKOHOTEL Premier 金沢香林坊,2024/03/03 19:38:41,同意する,1泊,1泊,金沢エリア  （湯涌温泉、深谷温泉、犀川温泉など）,石川県外には泊まらない,家族,地元の美味しいものを食べる,自家用車,自家用車,,,"5,000円以上 10,000円未満","5,000円以上 10,000円未満","20,000円以上 30,000円未満",2～5回目,毎回訪れる,選択なし/該当施設なし,,ひがし茶屋街,,"5,000円以上 10,000円未満",どちらでもない,,どちらでもない,,感じなかった,,10,,また行きたい（1年以内）,情緒のある資源を大切にしてください,男,1967,奈良県,葛󠄀城市,"1,000万円以上 1,200万円未満","能登牛が当たる, なんとなく",,,
金沢エリア,KOKOHOTEL Premier 金沢香林坊,2024/03/04 0:44:10,同意する,1泊,1泊,金沢エリア  （湯涌温泉、深谷温泉、犀川温泉など）,石川県外には泊まらない,恋人,"宿でのんびり過ごす, 温泉や露天風呂, 名所、旧跡の観光",新幹線,レンタカー,とても満足,,"100,000円以上","30,000円以上 40,000円未満","100,000円以上",11回目以上,"観光展・物産展, 新聞・雑誌・ガイドブック, 観光パンフレット・ポスター, インターネット・アプリ, X(旧：Twitter)",金沢21世紀美術館,,兼六園,,"30,000円以上 40,000円未満",とても満足,,とても満足,,感じた,,10,,また行きたい（1年以内）,テーマパーク,男,1999,東京都,品川区,"1,500万円以上",なんとなく,,,
金沢エリア,KOKOHOTEL Premier 金沢香林坊,2024/03/04 17:20:01,同意する,1泊,1泊,金沢エリア  （湯涌温泉、深谷温泉、犀川温泉など）,石川県外には泊まらない,自分ひとり,"地元の美味しいものを食べる, 名所、旧跡の観光, まちあるき、都市散策",新幹線,"路線バス, 徒歩",,,"5,000円以上 10,000円未満","1,000円以上 3,000円未満","10,000円以上 20,000円未満",2～5回目,"インターネット・アプリ, Instagram",ひがし茶屋街,,尾山神社,,"5,000円以上 10,000円未満",とても満足,,とても満足,,感じなかった,,10,,また行きたい（1年以内）,海鮮、能登牛、加賀棒茶、体験、観光,女,1999,東京都,板橋区,200万円以上 300万円未満,"能登牛が当たる, なんとなく",,,
金沢エリア,KOKOHOTEL Premier 金沢香林坊,2024/03/04 18:32:19,同意する,1泊,1泊,金沢エリア  （湯涌温泉、深谷温泉、犀川温泉など）,石川県外には泊まらない,学校関係（修学旅行・社会科見学等）,"地元の美味しいものを食べる, 出張など仕事関係","新幹線, 在来線",路線バス,どちらでもない,バスで交通系icが使えなかった,"5,000円以上 10,000円未満","10,000円以上 20,000円未満","3,000円以上 5,000円未満",初めて,tiktok,選択なし/該当施設なし,,兼六園,,"1,000円未満",満足,施設が綺麗だった、朝食が種類が多くて良かった,満足,,感じた,ヘアアイロンの貸出を行なっていない,9,お土産が売ってなかったので、ホテルで買えたら嬉しいなと感じました。朝食で金沢おでんがあったのが良かったです。,機会があれば行きたい,金沢駅近くで金箔のソフトクリームが食べれたら良かった,女,1999,岐阜県,羽島市,100万円未満,能登牛が当たる,,,安くて綺麗な施設だったから
金沢エリア,KOKOHOTEL Premier 金沢香林坊,2024/03/06 10:13:30,同意する,2泊,2泊,金沢エリア  （湯涌温泉、深谷温泉、犀川温泉など）,石川県外には泊まらない,自分ひとり,地元の美味しいものを食べる,新幹線,"タクシー, 徒歩",満足,天候が悪く移動手段が限られた,"5,000円以上 10,000円未満","30,000円以上 40,000円未満","20,000円以上 30,000円未満",2～5回目,インターネット・アプリ,兼六園,,選択なし/該当施設なし,能登半島へ移動したから,"5,000円以上 10,000円未満",とても満足,綺麗で使いやすい場所だから,とても満足,毎回利用しているから,感じなかった,なし,10,なし,また行きたい（1年以内）,宿泊税は考えものです。また安いホテルがないのでちょくちょくと行くには厳しいと考える,男,1977,千葉県,柏市,300万円以上 400万円未満,能登牛が当たる,,,なし
金沢エリア,KOKOHOTEL Premier 金沢香林坊,2024/03/09 2:42:13,同意する,4泊以上,1泊,金沢エリア  （湯涌温泉、深谷温泉、犀川温泉など）,富山県,恋人,"地元の美味しいものを食べる, 名所、旧跡の観光",飛行機,路線バス,満足,乗り継ぎなしで空港からホテルまで移動でき、便利だったから。,"3,000円以上 5,000円未満","10,000円以上 20,000円未満","3,000円以上 5,000円未満",初めて,"観光連盟やDMOのHP, インターネット・アプリ",選択なし/該当施設なし,,兼六園,,"3,000円以上 5,000円未満",とても満足,値段が安いにも関わらず、綺麗で比較的広い部屋や浴室、豊富なウェルカムドリンクが楽しめ、快適だったから。,とても満足,,感じなかった,,8,,機会があれば行きたい,のどぐろが名物であるが、どの店も値段が高くなかなか手が出しにくい。少量の味見程度で良いので手軽に食べられたら良いなと思った。,男,2003,北海道,札幌市,100万円以上 200万円未満,能登牛が当たる,,,のどぐろ飯　値は張るが北陸ならではの食べ物であり、脂がとてものっていて美味しかったから。
金沢エリア,KOKOHOTEL Premier 金沢香林坊,2024/03/09 8:01:52,同意する,4泊以上,2泊,金沢エリア  （湯涌温泉、深谷温泉、犀川温泉など）,宮城県,自分ひとり,"地元の美味しいものを食べる, スポーツ観戦や芸術鑑賞（コンサート等）, 復興支援",新幹線,タクシー,とても満足,運転が丁寧だった。,"30,000円以上 40,000円未満","10,000円以上 20,000円未満","10,000円以上 20,000円未満",初めて,"新聞・雑誌・ガイドブック, インターネット・アプリ",選択なし/該当施設なし,初日は移動のみ,兼六園,,"20,000円以上 30,000円未満",満足,朝食に金沢グルメが一杯あった。,満足,綺麗だった。,感じなかった,,7,立地と朝食が良かった。,機会があれば行きたい,特になし。また来ます。,男,1973,静岡県,浜松市,"1,200万円以上 1,500万円未満",能登牛が当たる,,,金沢の雰囲気
金沢エリア,KOKOHOTEL Premier 金沢香林坊,2024/03/10 11:11:56,同意する,1泊,1泊,金沢エリア  （湯涌温泉、深谷温泉、犀川温泉など）,石川県外には泊まらない,自分ひとり,出張など仕事関係,在来線,レンタカー,満足,,"5,000円以上 10,000円未満","10,000円以上 20,000円未満","30,000円以上 40,000円未満",11回目以上,友人・知人,選択なし/該当施設なし,かほく市を仕事で訪問,選択なし/該当施設なし,かほく市を仕事で訪問,"1,000円未満",とても満足,清潔感あり、宿泊代が手頃。,とても満足,利便性が高い。,感じなかった,,10,,また行きたい（1年以内）,新鮮な食材,男,1966,大阪府,大阪市,"1,000万円以上 1,200万円未満",能登牛が当たる,,,食材が新鮮で美味しい。
金沢エリア,KOKOHOTEL Premier 金沢香林坊,2024/03/10 16:51:15,同意する,2泊,2泊,金沢エリア  （湯涌温泉、深谷温泉、犀川温泉など）,石川県外には泊まらない,恋人,地元の美味しいものを食べる,在来線,在来線,満足,広くて快適,"10,000円以上 20,000円未満","10,000円以上 20,000円未満","30,000円以上 40,000円未満",2～5回目,Instagram,金沢21世紀美術館,,尾山神社,,"10,000円以上 20,000円未満",とても満足,,とても満足,,感じなかった,,10,,また行きたい（1年以内）,特になし,女,1975,大阪府,大阪市,300万円以上 400万円未満,能登牛が当たる,,,
金沢エリア,KOKOHOTEL Premier 金沢香林坊,2024/03/11 8:53:54,同意する,1泊,1泊,金沢エリア  （湯涌温泉、深谷温泉、犀川温泉など）,石川県外には泊まらない,夫婦2人,友人・親戚を訪ねる,自家用車,自家用車,,,"5,000円以上 10,000円未満","10,000円以上 20,000円未満","10,000円以上 20,000円未満",初めて,友人・知人,選択なし/該当施設なし,,選択なし/該当施設なし,大野,"10,000円以上 20,000円未満",満足,ウェルカムドリンクが嬉しい,満足,,感じなかった,,10,モーニングが豪華,また行きたい（1年以内）,特になし,女,1997,愛知県,名古屋市,600万円以上 700万円未満,能登牛が当たる,,,海鮮が美味しい。混みすぎてない
金沢エリア,KOKOHOTEL Premier 金沢香林坊,2024/03/11 21:56:40,同意する,1泊,1泊,金沢エリア  （湯涌温泉、深谷温泉、犀川温泉など）,石川県外には泊まらない,自分ひとり,出張など仕事関係,飛行機,"タクシー, 徒歩",満足,駅から近い,"10,000円以上 20,000円未満","40,000円以上 50,000円未満","10,000円以上 20,000円未満",初めて,インターネット・アプリ,兼六園,,選択なし/該当施設なし,,"10,000円以上 20,000円未満",満足,スタッフの好対応。,満足,綺麗。リーズナブル。,感じなかった,,9,不満はありません,また行きたい（1年以内）,新鮮な魚介類。美味しい日本酒,男,1962,神奈川県,横浜市,"1,500万円以上","能登牛が当たる, ひゃくまんさんが好き, 石川県のおすすめ観光スポットが見たい",,,食事が美味しい。人が優しい。復興支援の意味でも。
金沢エリア,KOKOHOTEL Premier 金沢香林坊,2024/03/13 23:25:49,同意する,4泊以上,4泊以上,金沢エリア  （湯涌温泉、深谷温泉、犀川温泉など）,石川県外には泊まらない,ボランティア団,"出張など仕事関係, 被災地支援",旅行会社ツアーバス,旅行会社ツアーバス,どちらでもない,移動時間が長かった。,"30,000円以上 40,000円未満",使わない,"30,000円以上 40,000円未満",初めて,"インターネット・アプリ, X(旧：Twitter)",選択なし/該当施設なし,,兼六園,,使わない,とても満足,アメニティが充実している,とても満足,部屋が広くてオシャレ,感じなかった,,10,,また行きたい（1年以内）,値段を書いてほしい,男,1979,鳥取県,鳥取市,400万円以上 500万円未満,"能登牛が当たる, なんとなく",,,魚が美味しい
金沢エリア,KOKOHOTEL Premier 金沢香林坊,2024/03/14 11:38:44,同意する,2泊,2泊,金沢エリア  （湯涌温泉、深谷温泉、犀川温泉など）,石川県外には泊まらない,家族4人,"地元の美味しいものを食べる, 名所、旧跡の観光, まちあるき、都市散策",自家用車,"自家用車, 在来線",,,"50,000円以上 100,000円未満","5,000円以上 10,000円未満","100,000円以上",11回目以上,インターネット・アプリ,ひがし茶屋街,,近江町市場,,"50,000円以上 100,000円未満",満足,片町に近くて便利,どちらでもない,経営者が代わりサービスの内容が変わった,感じた,駐車出来る台数が少ない,8,インバウンドで物価が高くなって困った,また行きたい（1年以内）,海産物,男,1967,栃木県,栃木市,500万円以上 600万円未満,能登牛が当たる,,,一度は来ていい場所だから
金沢エリア,KOKOHOTEL Premier 金沢香林坊,2024/03/14 13:01:53,同意する,1泊,1泊,金沢エリア  （湯涌温泉、深谷温泉、犀川温泉など）,石川県外には泊まらない,自分ひとり,"地元の美味しいものを食べる, 名所、旧跡の観光, テーマパーク（遊園地、動物園、博物館など）, まちあるき、都市散策",夜行バス,徒歩,,,"5,000円以上 10,000円未満","5,000円以上 10,000円未満","20,000円以上 30,000円未満",初めて,"観光パンフレット・ポスター, インターネット・アプリ",兼六園,,ひがし茶屋街,,"5,000円以上 10,000円未満",とても満足,綺麗、接客が丁寧でアメニティも充実していて助かりました。,とても満足,立地が良くて助かりました。お部屋も綺麗で、ホテルスタッフさんの接客も丁寧でよかったと思います。,感じなかった,,9,,機会があれば行きたい,特になし。,女,2003,東京都,江戸川区,100万円未満,"能登牛が当たる, なんとなく",,,立地が良くで便利でした。
金沢エリア,KOKOHOTEL Premier 金沢香林坊,2024/03/15 16:25:27,同意する,3泊,3泊,金沢エリア  （湯涌温泉、深谷温泉、犀川温泉など）,石川県外には泊まらない,自分ひとり,"宿でのんびり過ごす, 地元の美味しいものを食べる",在来線,"タクシー, 在来線",満足,サンダーバード一本で来たので楽でした,"40,000円以上 50,000円未満","10,000円以上 20,000円未満","50,000円以上 100,000円未満",11回目以上,"インターネット・アプリ, Instagram, Facebook, タクシードライバーや地元の人",選択なし/該当施設なし,,選択なし/該当施設なし,,"50,000円以上 100,000円未満",とても満足,いつも利用している。安心で利便性も良い,とても満足,静か。アメニティの充実。スタッフの対応。清潔,感じなかった,,10,ウェルカムドリンクは良い,また行きたい（1年以内）,満足しています。これから関西からの来訪が不便なことが心配,女,1962,滋賀県,大津市,"1,500万円以上","能登牛が当たる, 石川県の雑学を知りたい",,,食事。海鮮やおでん以外にも美味しいもんがたくさんある。早朝の兼六園
金沢エリア,KOKOHOTEL Premier 金沢香林坊,2024/03/16 19:22:41,同意する,2泊,2泊,金沢エリア  （湯涌温泉、深谷温泉、犀川温泉など）,石川県外には泊まらない,息子,"地元の美味しいものを食べる, 名所、旧跡の観光, まちあるき、都市散策",新幹線,"路線バス, 徒歩",満足,路線バスが15分おきに走っており、スムーズに移動でき計画通り行きたい場所へ行くことができよかったです。,"50,000円以上 100,000円未満","5,000円以上 10,000円未満","50,000円以上 100,000円未満",初めて,"新聞・雑誌・ガイドブック, TV・ラジオ番組やCM, インターネット・アプリ",近江町市場,,兼六園,,"50,000円以上 100,000円未満",満足,フロントスタッフの方の対応が親切で安心して宿泊できました。,満足,2泊でお掃除をお願いしなかったのですが、バスタオルなど部屋の前に置いて置いてくれ助かりました。,感じなかった,,5,ウェルカムドリンクが良かった,機会があれば行きたい,金沢の食器や食べ物はホテルから宅急便で送れるとありがたいです。,女,1971,静岡県,富士市,400万円以上 500万円未満,能登牛が当たる,,,街の中で便が良かったが、ホテルから兼六園等見えると勘違いしており景観が良ければ知人にも紹介したいと思う。
金沢エリア,KOKOHOTEL Premier 金沢香林坊,2024/03/17 19:13:42,同意する,2泊,2泊,金沢エリア  （湯涌温泉、深谷温泉、犀川温泉など）,石川県外には泊まらない,夫婦2人,名所、旧跡の観光,自家用車,自家用車,,,"10,000円以上 20,000円未満","10,000円以上 20,000円未満","20,000円以上 30,000円未満",2～5回目,観光展・物産展,金沢21世紀美術館,,兼六園,,"40,000円以上 50,000円未満",とても満足,リーズナブル,とても満足,リーズナブル,感じなかった,,9,特になし,機会があれば行きたい,特になし,男,1962,京都府,京都市,600万円以上 700万円未満,能登牛が当たる,,,特になし
金沢エリア,KOKOHOTEL Premier 金沢香林坊,2024/03/17 22:11:05,同意する,1泊,1泊,金沢エリア  （湯涌温泉、深谷温泉、犀川温泉など）,石川県外には泊まらない,夫婦2人,"地元の美味しいものを食べる, 名所、旧跡の観光, まちあるき、都市散策","新幹線, 在来線",路線バス,満足,土曜で車内も大混雑していたが、バスの運賃が100円と安かった為,"10,000円以上 20,000円未満","10,000円以上 20,000円未満","10,000円以上 20,000円未満",初めて,インターネット・アプリ,選択なし/該当施設なし,にし茶屋街、妙立寺,兼六園,,"5,000円以上 10,000円未満",満足,北陸割を宿泊予約時にしていたが、チェックイン時に北陸割は使われますか？と聞かれ、適用されていなかったトラブルはあったが、ウェルカムドリンクのサービスや朝食が美味しかった。,とても満足,立地がとても良かった。また、お風呂場がトイレとドアで少し区切りがあり、簡単なシャワールームとして使用できた。,感じなかった,,8,朝食に、金沢の有名なおでんやカレーなどの提供もあり楽しめた。また、パンの種類も豊富で選ぶのに迷った。,機会があれば行きたい,特になし,女,1991,大阪府,大阪市,600万円以上 700万円未満,能登牛が当たる,,,立地とウェルカムドリンクが色々あり、良かった。
金沢エリア,KOKOHOTEL Premier 金沢香林坊,2024/03/18 17:47:41,同意する,1泊,1泊,金沢エリア  （湯涌温泉、深谷温泉、犀川温泉など）,石川県外には泊まらない,恋人,"宿でのんびり過ごす, 地元の美味しいものを食べる",県外から訪れていない（石川県内在住）,徒歩,,,"5,000円以上 10,000円未満",使わない,"5,000円以上 10,000円未満",2～5回目,友人・知人,尾山神社,,選択なし/該当施設なし,片町,"3,000円以上 5,000円未満",とても満足,,とても満足,,感じなかった,,8,ウェルカムドリンクとしてロビーで自由にお酒が飲めるシステムが気に入りました。,石川県在住,特に無し,女,1998,石川県,金沢市,300万円以上 400万円未満,能登牛が当たる,,,香林坊に宿を借りて、片町でのんびり飲みに出かけるのがおすすめです。徒歩圏内に美術館や兼六園、尾山神社やおしゃれなカフェがたくさんあるため翌日のお出かけ場所も充実しています。
金沢エリア,KOKOHOTEL Premier 金沢香林坊,2024/03/18 17:49:41,同意する,2泊,2泊,金沢エリア  （湯涌温泉、深谷温泉、犀川温泉など）,石川県外には泊まらない,恋人,宿でのんびり過ごす,"新幹線, 在来線",在来線,満足,スムーズに乗り換えができた,"30,000円以上 40,000円未満","10,000円以上 20,000円未満","20,000円以上 30,000円未満",初めて,"観光展・物産展, Instagram",選択なし/該当施設なし,,金沢21世紀美術館,,"10,000円以上 20,000円未満",とても満足,綺麗だから,とても満足,きれいだから,感じなかった,,10,,また行きたい（1年以内）,特になし,女,2001,徳島県,徳島市,100万円未満,能登牛が当たる,,,
金沢エリア,KOKOHOTEL Premier 金沢香林坊,2024/03/18 22:57:41,同意する,2泊,2泊,金沢エリア  （湯涌温泉、深谷温泉、犀川温泉など）,石川県外には泊まらない,自分ひとり,"地元の美味しいものを食べる, 名所、旧跡の観光, まちあるき、都市散策",在来線,"在来線, 路線バス",どちらでもない,バスでICカードが使えなかったため,"20,000円以上 30,000円未満","5,000円以上 10,000円未満","20,000円以上 30,000円未満",初めて,インターネット・アプリ,金沢21世紀美術館,,近江町市場,,使わない,とても満足,ウェルカムドリンク、スタッフの対応がよかった,満足,スタッフの対応がよかった,感じなかった,,9,ウェルカムドリンクのクオリティが高い,機会があれば行きたい,美味しいお寿司,その他,1980,和歌山県,和歌山市,400万円以上 500万円未満,石川県のおすすめ観光スポットが見たい,,,まち歩きが楽しい
金沢エリア,KOKOHOTEL Premier 金沢香林坊,2024/03/19 8:21:11,同意する,1泊,1泊,金沢エリア  （湯涌温泉、深谷温泉、犀川温泉など）,石川県外には泊まらない,友人,"買い物、アウトレット, まちあるき、都市散策, 食べ歩き",新幹線,タクシー,とても満足,運転手さん親切,"10,000円以上 20,000円未満","20,000円以上 30,000円未満","20,000円以上 30,000円未満",初めて,インターネット・アプリ,近江町市場,,ひがし茶屋街,,"10,000円以上 20,000円未満",とても満足,きれいな部屋,とても満足,ロケーションがよい,感じなかった,,9,食べ物旨い,また行きたい（1年以内）,魚に肉、酒旨い,男,1965,千葉県,習志野市,400万円以上 500万円未満,能登牛が当たる,,,北陸応援
金沢エリア,KOKOHOTEL Premier 金沢香林坊,2024/03/19 9:40:28,同意する,1泊,1泊,金沢エリア  （湯涌温泉、深谷温泉、犀川温泉など）,石川県外には泊まらない,小学生以下連れの家族,宿でのんびり過ごす,自家用車,自家用車,,,"10,000円以上 20,000円未満","5,000円以上 10,000円未満","20,000円以上 30,000円未満",初めて,インターネット・アプリ,選択なし/該当施設なし,エムザのキッズセンター,選択なし/該当施設なし,テルメ金沢,使わない,満足,子供用の歯ブラシを追加で頂け良かったです,満足,子供をお風呂に入れるのが少し難しかった,感じた,子供連れだとお風呂で体を洗うのが難しい,8,,石川県在住,特になし,女,1983,石川県,珠洲市,300万円以上 400万円未満,能登牛が当たる,,,ワインなどのサービスとおつまみまであるのがすごいと思いました
金沢エリア,KOKOHOTEL Premier 金沢香林坊,2024/03/20 8:39:36,同意する,2泊,2泊,金沢エリア  （湯涌温泉、深谷温泉、犀川温泉など）,石川県外には泊まらない,夫婦2人,"地元の美味しいものを食べる, 名所、旧跡の観光, テーマパーク（遊園地、動物園、博物館など）, まちあるき、都市散策","レンタカー, 飛行機",レンタカー,満足,郊外へのアクセスが便利,"5,000円以上 10,000円未満","10,000円以上 20,000円未満","30,000円以上 40,000円未満",初めて,インターネット・アプリ,選択なし/該当施設なし,金劔宮,選択なし/該当施設なし,宇宙科学博物館,使わない,とても満足,接客対応、フリードリンクサービス,とても満足,利便性,感じなかった,特になし,10,,機会があれば行きたい,特になし,男,1973,神奈川県,川崎市,"1,000万円以上 1,200万円未満","能登牛が当たる, 石川県のおすすめ観光スポットが見たい",,,利便性、値段、ドリンクサービス
金沢エリア,KOKOHOTEL Premier 金沢香林坊,2024/03/20 19:00:42,同意する,1泊,2泊,金沢エリア  （湯涌温泉、深谷温泉、犀川温泉など）,石川県外には泊まらない,恋人,宿でのんびり過ごす,自家用車,自家用車,,,"10,000円以上 20,000円未満","10,000円以上 20,000円未満","10,000円以上 20,000円未満",2～5回目,友人・知人,金沢21世紀美術館,,兼六園,,"5,000円以上 10,000円未満",とても満足,,とても満足,,感じなかった,,9,,また行きたい（1年以内）,特になし,男,1998,大阪府,泉大津市,500万円以上 600万円未満,"能登牛が当たる, ひゃくまんさんが好き",,,北陸応援割引
金沢エリア,KOKOHOTEL Premier 金沢香林坊,2024/03/20 19:01:35,同意する,1泊,2泊,金沢エリア  （湯涌温泉、深谷温泉、犀川温泉など）,石川県外には泊まらない,恋人,地元の美味しいものを食べる,自家用車,自家用車,,,"20,000円以上 30,000円未満","10,000円以上 20,000円未満","20,000円以上 30,000円未満",初めて,インターネット・アプリ,ひがし茶屋街,,尾山神社,,"3,000円以上 5,000円未満",とても満足,無料のウェルカムドリンクが最高だった,とても満足,部屋も綺麗！立地もいい,感じなかった,,10,金沢土産がたくさん置かれていたらいいなと思った,また行きたい（1年以内）,海鮮料理を食べたい,女,2000,大阪府,泉大津市,200万円以上 300万円未満,能登牛が当たる,,,コスパの良さ、立地の良さ、サービスの良さ
金沢エリア,KOKOHOTEL Premier 金沢香林坊,2024/03/20 21:31:46,同意する,2泊,2泊,金沢エリア  （湯涌温泉、深谷温泉、犀川温泉など）,石川県外には泊まらない,夫婦2人,"地元の美味しいものを食べる, 名所、旧跡の観光, テーマパーク（遊園地、動物園、博物館など）",飛行機,レンタカー,とても満足,郊外で行きたい所にレンタカーで行けたので満足,"5,000円以上 10,000円未満","10,000円以上 20,000円未満","20,000円以上 30,000円未満",初めて,ホテルサイト,選択なし/該当施設なし,東尋坊、金劔宮,兼六園,,使わない,とても不満,立地が最高、キレイ、不満要素がない,満足,コインランドリーがあると良かったかも,感じなかった,,10,,また行きたい（1年以内）,金沢市立安江金箔工芸館が休館中で行けずに残念でした。食のレベルが高くて感激しましたし、オシャレなお店も多く、歴史的な街と上手く溶け合っていると感じた所もあり、お若い方達も被災を乗り越えて力を合わせて頑張ってるお話しを聞けて良かったです。石川の歴史的な点をもっと知りたいと思ったし、お若い方達のお店なども探ってみたいと思います。,女,1972,神奈川県,川崎市,"1,000万円以上 1,200万円未満",能登牛が当たる,,,食べ物が美味しい、京都より人混みが少ないから良い
金沢エリア,KOKOHOTEL Premier 金沢香林坊,2024/03/20 23:28:18,同意する,1泊,1泊,金沢エリア  （湯涌温泉、深谷温泉、犀川温泉など）,石川県外には泊まらない,自分ひとり,出張など仕事関係,新幹線,"タクシー, 在来線",満足,,"10,000円以上 20,000円未満","10,000円以上 20,000円未満","20,000円以上 30,000円未満",2～5回目,インターネット・アプリ,選択なし/該当施設なし,,選択なし/該当施設なし,,"10,000円以上 20,000円未満",満足,,満足,,感じなかった,,10,,また行きたい（1年以内）,特になし。現状満足。,女,1979,東京都,渋谷区,"1,000万円以上 1,200万円未満",能登牛が当たる,,,
金沢エリア,KOKOHOTEL Premier 金沢香林坊,2024/03/23 1:15:55,同意する,2泊,2泊,金沢エリア  （湯涌温泉、深谷温泉、犀川温泉など）,石川県外には泊まらない,夫婦2人,お祭りやイベントへの参加・見物,"レンタカー, 飛行機",レンタカー,満足,どこへでも自由に行けるので。,"20,000円以上 30,000円未満","10,000円以上 20,000円未満","10,000円以上 20,000円未満",初めて,インターネット・アプリ,選択なし/該当施設なし,こども大学の卒業式に出席するため,選択なし/該当施設なし,こどもの家に行くため,"1,000円未満",満足,北陸応援割が使用できた,満足,お部屋が美しい,感じなかった,,8,化粧品の品質が良い,また行きたい（1年以内）,海鮮せんべいが美味しい,女,1971,北海道,旭川市,200万円以上 300万円未満,石川県のおすすめ観光スポットが見たい,,,北陸応援割が使えた事。
金沢エリア,KOKOHOTEL Premier 金沢香林坊,2024/03/23 16:56:52,同意する,2泊,2泊,金沢エリア  （湯涌温泉、深谷温泉、犀川温泉など）,石川県外には泊まらない,夫婦2人,地元の美味しいものを食べる,自家用車,自家用車,どちらでもない,車が多くて大変だった。,"10,000円以上 20,000円未満","5,000円以上 10,000円未満","50,000円以上 100,000円未満",初めて,"観光展・物産展, Instagram, 友人・知人",近江町市場,,兼六園,,"30,000円以上 40,000円未満",とても満足,ウェルカムドリンで地酒を飲めたから,とても満足,綺麗で接客が良かった,感じなかった,,10,なんでもあるから何回でも来たくなりました。,また行きたい（1年以内）,アクティビティがあまりわからなかった。,男,1994,愛知県,名古屋市,"1,000万円以上 1,200万円未満","能登牛が当たる, ひゃくまんさんが好き, 石川県のおすすめ観光スポットが見たい, 石川県の雑学を知りたい",,,ご飯が美味しい
金沢エリア,KOKOHOTEL Premier 金沢香林坊,2024/03/23 18:53:40,同意する,1泊,1泊,金沢エリア  （湯涌温泉、深谷温泉、犀川温泉など）,石川県外には泊まらない,友人,"地元の美味しいものを食べる, 名所、旧跡の観光, まちあるき、都市散策, 各種体験（手作り、果物狩りなど）",自家用車,自家用車,どちらでもない,中心部での交通が難しい,"5,000円以上 10,000円未満","3,000円以上 5,000円未満","10,000円以上 20,000円未満",2～5回目,Instagram,ひがし茶屋街,,ひがし茶屋街,,"10,000円以上 20,000円未満",とても満足,喫煙ルームでも匂いが気にならなかった,とても満足,ラウンジの利用ができ楽しかった,感じなかった,,7,,また行きたい（1年以内）,石川県で有名な何かと流行っているデザイナーとのコラボ商品など,女,1998,愛知県,名古屋市,300万円以上 400万円未満,能登牛が当たる,,,名古屋からのアクセスがいいので遊びに行くにはちょうど良い
金沢エリア,KOKOHOTEL Premier 金沢香林坊,2024/03/23 19:27:16,同意する,4泊以上,4泊以上,金沢エリア  （湯涌温泉、深谷温泉、犀川温泉など）,石川県外には泊まらない,職場の同僚,出張など仕事関係,旅行会社ツアーバス,旅行会社ツアーバス,とても満足,バス移動がしやすかったから,"50,000円以上 100,000円未満","1,000円未満","5,000円以上 10,000円未満",初めて,友人・知人,選択なし/該当施設なし,,金沢21世紀美術館,,"10,000円以上 20,000円未満",とても満足,清潔感がありとても綺麗,とても満足,スタッフの対応もとても良い,感じた,自動販売機や電子レンジ等がとても少なく混雑していて使いにくかった,10,,また行きたい（1年以内）,商業施設がもっとあれば楽しいかなと思った,女,1999,鳥取県,鳥取市,800万円以上 900万円未満,石川県のおすすめ観光スポットが見たい,,,街並みの綺麗さや落ち着いた雰囲気がとてもよかったから
金沢エリア,KOKOHOTEL Premier 金沢香林坊,2024/03/24 10:26:39,同意する,1泊,1泊,金沢エリア  （湯涌温泉、深谷温泉、犀川温泉など）,石川県外には泊まらない,恋人,"宿でのんびり過ごす, 温泉や露天風呂",新幹線,レンタサイクル,,,"50,000円以上 100,000円未満","30,000円以上 40,000円未満","20,000円以上 30,000円未満",6～10回目,観光展・物産展,近江町市場,,尾山神社,,"50,000円以上 100,000円未満",満足,,とても満足,,感じなかった,,6,,また行きたい（1年以内）,なし,女,1987,東京都,足立区,400万円以上 500万円未満,能登牛が当たる,,,
金沢エリア,KOKOHOTEL Premier 金沢香林坊,2024/03/24 12:16:50,同意する,2泊,2泊,金沢エリア  （湯涌温泉、深谷温泉、犀川温泉など）,石川県外には泊まらない,恋人,"宿でのんびり過ごす, 地元の美味しいものを食べる, 名所、旧跡の観光, まちあるき、都市散策",旅行会社ツアーバス,徒歩,,,"10,000円以上 20,000円未満","3,000円以上 5,000円未満","20,000円以上 30,000円未満",初めて,インターネット・アプリ,近江町市場,,ひがし茶屋街,,"5,000円以上 10,000円未満",とても満足,とてもきれいで朝食のおでんなど地元の名物があってとても美味しかったです。,とても満足,きれいで質素で過ごしやすかった,感じなかった,,10,とても充実していて、また、泊まりにきたいです。,機会があれば行きたい,特になし,女,1996,愛知県,北区,300万円以上 400万円未満,なんとなく,,,7年ぶりに旅行にきて、変わってないところと変わってるところが新鮮に感じ、日本の文化の奥深さなども感じられたから。
金沢エリア,KOKOHOTEL Premier 金沢香林坊,2024/03/24 21:47:15,同意する,1泊,1泊,金沢エリア  （湯涌温泉、深谷温泉、犀川温泉など）,石川県外には泊まらない,友人,地元の美味しいものを食べる,自家用車,自家用車,,,"10,000円以上 20,000円未満","10,000円以上 20,000円未満","40,000円以上 50,000円未満",初めて,インターネット・アプリ,近江町市場,,ひがし茶屋街,,使わない,満足,綺麗,どちらでもない,空気清浄機があったほうが良さった,感じなかった,,10,わからない,また行きたい（1年以内）,とくになし,女,1969,大阪府,大阪市,500万円以上 600万円未満,能登牛が当たる,,,美味しいものがいっぱいとみるものがたくさんある
金沢エリア,KOKOHOTEL Premier 金沢香林坊,2024/03/24 21:48:41,同意する,1泊,1泊,金沢エリア  （湯涌温泉、深谷温泉、犀川温泉など）,石川県外には泊まらない,恋人,"地元の美味しいものを食べる, 名所、旧跡の観光, まちあるき、都市散策",新幹線,"在来線, 徒歩",満足,駅から近い場所に観光地がある,"5,000円以上 10,000円未満","20,000円以上 30,000円未満","30,000円以上 40,000円未満",初めて,"インターネット・アプリ, 友人・知人",近江町市場,,金沢21世紀美術館,,"40,000円以上 50,000円未満",満足,,満足,,感じなかった,,2,,機会があれば行きたい,エリア別の食事マップとかあると助かる,女,2001,神奈川県,川崎市,300万円以上 400万円未満,なんとなく,,,
金沢エリア,KOKOHOTEL Premier 金沢香林坊,2024/03/26 19:28:48,同意する,2泊,2泊,金沢エリア  （湯涌温泉、深谷温泉、犀川温泉など）,石川県外には泊まらない,自分ひとり,地元の美味しいものを食べる,飛行機,路線バス,満足,朝が道が混んでいて思った以上に駅に出るまでに時間が掛かったので。,"10,000円以上 20,000円未満","30,000円以上 40,000円未満","10,000円以上 20,000円未満",6～10回目,"インターネット・アプリ, 観光協会等の案内所",選択なし/該当施設なし,,近江町市場,,"10,000円以上 20,000円未満",とても満足,ヘアーオイル、ホットココアまであるアメニティが充実,満足,リニューアルしているので綺麗だが、エレベーターが二基しかなく結構待つのと、バスタブ周りのメジが汚かったところが残念,感じなかった,,9,ワイン等が飲めたけど、時間に間に合わず利用が出来なくて残念でした。,また行きたい（1年以内）,やはり寿司、生麩、値段が高くなっていて、もう少し手軽に食べれるようにして欲しい。,女,1971,神奈川県,川崎市,"1,500万円以上","能登牛が当たる, ひゃくまんさんが好き",,,日本の小京都と言われるだけあって、なかなか雰囲気飲んだ良い街であるところ。有名な菊一に並ばずに入れて堪能出来たところ。
金沢エリア,KOKOHOTEL Premier 金沢香林坊,2024/03/27 7:50:02,同意する,1泊,1泊,金沢エリア  （湯涌温泉、深谷温泉、犀川温泉など）,石川県外には泊まらない,夫婦2人,"地元の美味しいものを食べる, 名所、旧跡の観光, 買い物、アウトレット, まちあるき、都市散策","新幹線, 在来線","路線バス, 徒歩",どちらでもない,バス利用の際、交通系カードが使えなかった,"10,000円以上 20,000円未満","30,000円以上 40,000円未満","20,000円以上 30,000円未満",2～5回目,新聞・雑誌・ガイドブック,兼六園,,ひがし茶屋街,,"1,000円未満",どちらでもない,大浴場がないこと,満足,朝食が充実していた。,感じなかった,,6,朝食が良かったこと,機会があれば行きたい,魚が新鮮で美味しい,男,1955,大阪府,箕面市,"1,200万円以上 1,500万円未満",能登牛が当たる,,,北陸応援割を活用出来ること。朝食が良かったこと
金沢エリア,KOKOHOTEL Premier 金沢香林坊,2024/03/27 10:59:04,同意する,4泊以上,2泊,金沢エリア  （湯涌温泉、深谷温泉、犀川温泉など）,静岡,夫婦2人,"地元の美味しいものを食べる, 名所、旧跡の観光, まちあるき、都市散策",自家用車,自家用車,,,"10,000円以上 20,000円未満","1,000円以上 3,000円未満","5,000円以上 10,000円未満",2～5回目,インターネット・アプリ,近江町市場,福光屋酒蔵見学,近江町市場,,"5,000円以上 10,000円未満",満足,ズームな対応,満足,,感じた,駐車場料金が高い,10,傘の取り扱いに厳しい,機会があれば行きたい,お酒なしで楽しめる食事,女,1962,秋田県,秋田市,200万円以上 300万円未満,能登牛が当たる,,,バスが意外に便利
金沢エリア,KOKOHOTEL Premier 金沢香林坊,2024/03/27 18:04:14,同意する,3泊,1泊,金沢エリア  （湯涌温泉、深谷温泉、犀川温泉など）,福井県,自分ひとり,"地元の美味しいものを食べる, 名所、旧跡の観光, テーマパーク（遊園地、動物園、博物館など）",新幹線,徒歩,,,"5,000円以上 10,000円未満","5,000円以上 10,000円未満","10,000円以上 20,000円未満",初めて,インターネット・アプリ,尾山神社,,ひがし茶屋街,,"10,000円以上 20,000円未満",満足,,満足,,感じなかった,,8,,機会があれば行きたい,特になし,男,1955,茨城県,取手市,200万円以上 300万円未満,石川県の雑学を知りたい,,,
金沢エリア,KOKOHOTEL Premier 金沢香林坊,2024/03/27 20:27:00,同意する,1泊,1泊,金沢エリア  （湯涌温泉、深谷温泉、犀川温泉など）,石川県外には泊まらない,姉,"地元の美味しいものを食べる, 名所、旧跡の観光, まちあるき、都市散策","新幹線, 在来線","路線バス, 徒歩",満足,,"5,000円以上 10,000円未満","1,000円以上 3,000円未満","10,000円以上 20,000円未満",初めて,Instagram,兼六園,,ひがし茶屋街,,"5,000円以上 10,000円未満",とても満足,,とても満足,,感じなかった,,10,,また行きたい（1年以内）,体験ができればなお楽しめると思った,女,2005,京都府,上京区,"900万円以上 1,000万円未満","能登牛が当たる, なんとなく",,,
金沢エリア,KOKOHOTEL Premier 金沢香林坊,2024/03/28 18:12:57,同意する,1泊,1泊,金沢エリア  （湯涌温泉、深谷温泉、犀川温泉など）,石川県外には泊まらない,妹,"温泉や露天風呂, 地元の美味しいものを食べる, 名所、旧跡の観光, まちあるき、都市散策",新幹線,"路線バス, 徒歩",とても満足,安く、本数も多かった,"5,000円以上 10,000円未満","1,000円未満","10,000円以上 20,000円未満",初めて,"インターネット・アプリ, Instagram",兼六園,,ひがし茶屋街,,使わない,とても満足,部屋も綺麗で良かった,満足,アメニティも充実していた,感じなかった,,10,おでんや海鮮がとても美味しく、楽しめました！,また行きたい（1年以内）,ロープウェイやリフトなど、景色を楽しめたらいいなと思います。,女,2001,東京都,大田区,600万円以上 700万円未満,能登牛が当たる,,,食べ物と風情ある街並み
金沢エリア,KOKOHOTEL Premier 金沢香林坊,2024/03/28 23:22:12,同意する,4泊以上,4泊以上,金沢エリア  （湯涌温泉、深谷温泉、犀川温泉など）,石川県外には泊まらない,恋人,"地元の美味しいものを食べる, 名所、旧跡の観光",新幹線,路線バス,不満,終電が早すぎる、23時位まであると有難い。,"50,000円以上 100,000円未満","30,000円以上 40,000円未満","50,000円以上 100,000円未満",初めて,"観光展・物産展, 観光パンフレット・ポスター",ひがし茶屋街,,兼六園,,"30,000円以上 40,000円未満",どちらでもない,フロントの対応が少し冷たく感じた。,満足,部屋が綺麗、ロビーの香りが素敵。,感じなかった,,8,,機会があれば行きたい,九谷焼が好きなので、もう少しPRを頑張っていただいて、金沢のいろんな場所で買えるようにしてほしい。,男,1999,東京都,武蔵野市,300万円以上 400万円未満,"能登牛が当たる, なんとなく",,,食事と歴史のある町並み
金沢エリア,KOKOHOTEL Premier 金沢香林坊,2024/03/29 8:45:51,同意する,1泊,1泊,金沢エリア  （湯涌温泉、深谷温泉、犀川温泉など）,富山県,自分ひとり,"宿でのんびり過ごす, 地元の美味しいものを食べる, 友人・親戚を訪ねる",新幹線,タクシー,どちらでもない,タクシー代がもう少し安かったら…,"10,000円以上 20,000円未満","20,000円以上 30,000円未満","30,000円以上 40,000円未満",初めて,"観光連盟やDMOのHP, Instagram",選択なし/該当施設なし,townforks coffee ,選択なし/該当施設なし,金沢駅,"10,000円以上 20,000円未満",満足,朝食のクオリティをもう少し上げて欲しい,満足,,感じた,,7,,また行きたい（1年以内）,特にぬし,女,1975,東京都,新宿区,"1,200万円以上 1,500万円未満","能登牛が当たる, 石川県のおすすめ観光スポットが見たい",,,
金沢エリア,KOKOHOTEL Premier 金沢香林坊,2024/03/29 8:53:59,同意する,1泊,1泊,金沢エリア  （湯涌温泉、深谷温泉、犀川温泉など）,石川県外には泊まらない,自分ひとり,"地元の美味しいものを食べる, 名所、旧跡の観光",新幹線,徒歩,,,"5,000円以上 10,000円未満","30,000円以上 40,000円未満","30,000円以上 40,000円未満",2～5回目,インターネット・アプリ,兼六園,,近江町市場,,"5,000円以上 10,000円未満",とても満足,今回はたのまなかったが、マッサージがついてて、疲れた際には非常にいいものになると思う。さらに朝食も豪華で良さそうだった。,とても満足,ベッドも広く、お風呂も気持ちよかった。,感じなかった,,10,,また行きたい（1年以内）,特になし,男,1999,東京都,八王子市,300万円以上 400万円未満,なんとなく,,,住まいの東京から新幹線ですぐに行けて、観光地もあちこちに無いので、旅行しやすい。
金沢エリア,KOKOHOTEL Premier 金沢香林坊,2024/03/30 8:10:09,同意する,3泊,3泊,金沢エリア  （湯涌温泉、深谷温泉、犀川温泉など）,石川県外には泊まらない,恋人,宿でのんびり過ごす,飛行機,レンタカー,満足,楽である,"20,000円以上 30,000円未満","10,000円以上 20,000円未満","40,000円以上 50,000円未満",11回目以上,インターネット・アプリ,兼六園,,ひがし茶屋街,,"20,000円以上 30,000円未満",不満,,どちらでもない,,感じた,洗濯機無し,7,,また行きたい（1年以内）,6時に閉まるのは残念,男,1963,北海道,札幌市,600万円以上 700万円未満,石川県のおすすめ観光スポットが見たい,,,
金沢エリア,KOKOHOTEL Premier 金沢香林坊,2024/03/30 8:45:13,同意する,1泊,1泊,金沢エリア  （湯涌温泉、深谷温泉、犀川温泉など）,石川県外には泊まらない,夫婦2人,"地元の美味しいものを食べる, 名所、旧跡の観光",新幹線,"タクシー, 路線バス",満足,バスもタクシーも乗ることに困る事ないくらい充実していた,"5,000円以上 10,000円未満","20,000円以上 30,000円未満","20,000円以上 30,000円未満",初めて,インターネット・アプリ,兼六園,,ひがし茶屋街,,"10,000円以上 20,000円未満",とても満足,接客とホテルが移動しやすい場所にある,とても満足,館内静かで過ごせて良かった,感じなかった,,5,,機会があれば行きたい,特にないです,女,1972,長野県,南佐久郡川上村,800万円以上 900万円未満,能登牛が当たる,,,観光のし易さ
金沢エリア,KOKOHOTEL Premier 金沢香林坊,2024/03/30 16:27:51,同意する,3泊,1泊,金沢エリア  （湯涌温泉、深谷温泉、犀川温泉など）,富山県,夫婦2人,"地元の美味しいものを食べる, 名所、旧跡の観光",自家用車,自家用車,,,"5,000円以上 10,000円未満","3,000円以上 5,000円未満","10,000円以上 20,000円未満",2～5回目,インターネット・アプリ,兼六園,,近江町市場,,"5,000円以上 10,000円未満",満足,,満足,,感じなかった,,8,特に無し,機会があれば行きたい,特に無し,男,1980,広島県,福山市,600万円以上 700万円未満,能登牛が当たる,,,観光スポットがたくさんあるから。
金沢エリア,KOKOHOTEL Premier 金沢香林坊,2024/03/30 16:28:49,同意する,3泊,1泊,金沢エリア  （湯涌温泉、深谷温泉、犀川温泉など）,富山県,夫婦2人,"地元の美味しいものを食べる, 名所、旧跡の観光, テーマパーク（遊園地、動物園、博物館など）, まちあるき、都市散策",自家用車,自家用車,,,"5,000円以上 10,000円未満","5,000円以上 10,000円未満","5,000円以上 10,000円未満",初めて,"インターネット・アプリ, Instagram",兼六園,,選択なし/該当施設なし,西茶屋街,"5,000円以上 10,000円未満",満足,,満足,,感じなかった,,10,,また行きたい（1年以内）,地場の物がお安く飲食できるようにしてほしい。,女,1984,広島県,福山市,800万円以上 900万円未満,なんとなく,,,
金沢エリア,KOKOHOTEL Premier 金沢香林坊,2024/03/30 20:00:54,同意する,1泊,1泊,金沢エリア  （湯涌温泉、深谷温泉、犀川温泉など）,石川県外には泊まらない,夫婦2人,"宿でのんびり過ごす, 地元の美味しいものを食べる, 名所、旧跡の観光, まちあるき、都市散策","新幹線, 在来線",路線バス,満足,まちバスを利用できた,"5,000円以上 10,000円未満","10,000円以上 20,000円未満","20,000円以上 30,000円未満",初めて,インターネット・アプリ,選択なし/該当施設なし,金沢港、ヤマト糀パーク,金沢21世紀美術館,,"5,000円以上 10,000円未満",満足,ラウンジが使えてよかった,満足,部屋の匂いが気になった,感じなかった,,10,,機会があれば行きたい,特になし,女,1992,神奈川県,横浜市,"1,000万円以上 1,200万円未満",能登牛が当たる,,,金沢ならではのグルメが多く楽しめる
金沢エリア,KOKOHOTEL Premier 金沢香林坊,2024/03/31 9:17:20,同意する,1泊,2泊,金沢エリア  （湯涌温泉、深谷温泉、犀川温泉など）,石川県外には泊まらない,夫婦2人,"名所、旧跡の観光, まちあるき、都市散策, 両親との顔合わせ","新幹線, 飛行機",タクシー,とても満足,小京都としての和を感じる,"50,000円以上 100,000円未満","30,000円以上 40,000円未満","20,000円以上 30,000円未満",初めて,Facebook,ひがし茶屋街,,兼六園,,"20,000円以上 30,000円未満",とても満足,,とても満足,,感じなかった,,10,,また行きたい（1年以内）,金箔を使った料理,男,1980,東京都,武蔵野市,"1,200万円以上 1,500万円未満",かぶら寿しが食べたかった,,,武家屋敷
金沢エリア,KOKOHOTEL Premier 金沢香林坊,2024/03/31 22:42:27,同意する,1泊,1泊,金沢エリア  （湯涌温泉、深谷温泉、犀川温泉など）,石川県外には泊まらない,夫婦2人,コンサート,自家用車,"自家用車, 在来線",どちらでもない,,"20,000円以上 30,000円未満",使わない,"20,000円以上 30,000円未満",2～5回目,インターネット・アプリ,選択なし/該当施設なし,,尾山神社,,"10,000円以上 20,000円未満",どちらでもない,,どちらでもない,,感じなかった,,6,,また行きたい（1年以内）,特になし,男,1959,富山県,氷見市,300万円以上 400万円未満,なんとなく,,,
金沢エリア,KOKOHOTEL Premier 金沢香林坊,2024/04/01 10:03:05,同意する,1泊,1泊,金沢エリア  （湯涌温泉、深谷温泉、犀川温泉など）,石川県外には泊まらない,夫婦2人,スポーツ観戦や芸術鑑賞（コンサート等）,自家用車,自家用車,,,"10,000円以上 20,000円未満","1,000円以上 3,000円未満","20,000円以上 30,000円未満",2～5回目,インターネット・アプリ,近江町市場,,尾山神社,,"10,000円以上 20,000円未満",どちらでもない,部屋の清掃　埃がたくさんあった,どちらでもない,部屋が狭い　,感じた,部屋が狭くて二人すりかえできない,0,食事は大変美味しく満足です,また行きたい（1年以内）,魅力のあるものが多く、お土産も喜ばれそうです,女,1961,富山県,氷見市,100万円以上 200万円未満,能登牛が当たる,,,尾山神社　綺麗に整えられていて良かった
金沢エリア,KOKOHOTEL Premier 金沢香林坊,2024/04/02 8:17:01,同意する,1泊,1泊,金沢エリア  （湯涌温泉、深谷温泉、犀川温泉など）,石川県外には泊まらない,夫婦2人,"宿でのんびり過ごす, 地元の美味しいものを食べる, 名所、旧跡の観光","新幹線, 在来線",徒歩,,,"5,000円以上 10,000円未満","30,000円以上 40,000円未満","10,000円以上 20,000円未満",初めて,インターネット・アプリ,兼六園,,金沢21世紀美術館,,使わない,とても満足,,とても満足,,感じなかった,,7,,機会があれば行きたい,特になし,男,1966,愛知県,豊田市,200万円以上 300万円未満,なんとなく,,,
金沢エリア,KOKOHOTEL Premier 金沢香林坊,2024/04/02 17:06:07,同意する,2泊,2泊,金沢エリア  （湯涌温泉、深谷温泉、犀川温泉など）,石川県外には泊まらない,家族と奥さんの親2人,還暦祝いの旅行,自家用車,自家用車,,,"10,000円以上 20,000円未満","20,000円以上 30,000円未満","20,000円以上 30,000円未満",初めて,"新聞・雑誌・ガイドブック, インターネット・アプリ",兼六園,,金沢21世紀美術館,,"10,000円以上 20,000円未満",とても満足,宿泊施設はとてもキレイで、スタッフの接客も素晴らしいです。,とても満足,フロントの対応も素晴らしく、無料のアメニティも良い。,感じなかった,,10,,また行きたい（1年以内）,豊富な魚や野菜も、地元の特産品もたくさんあり、恵まれていると思います。お土産も和菓子などたくさんあり、よい観光名所だとおもいました！,男,1983,静岡県,静岡市,700万円以上 800万円未満,"能登牛が当たる, ひゃくまんさんが好き",,,観光名所もたくさんあり、食べ物もおいしいです。
金沢エリア,KOKOHOTEL Premier 金沢香林坊,2024/04/02 19:36:21,同意する,2泊,1泊,金沢エリア  （湯涌温泉、深谷温泉、犀川温泉など）,京都,娘,"地元の美味しいものを食べる, 花見や紅葉などの自然鑑賞",自家用車,自家用車,,,"5,000円以上 10,000円未満","10,000円以上 20,000円未満","10,000円以上 20,000円未満",初めて,インターネット・アプリ,選択なし/該当施設なし,,選択なし/該当施設なし,,"5,000円以上 10,000円未満",どちらでもない,,どちらでもない,,感じなかった,,5,香林坊に近く駐車場が完備されている,また行きたい（1年以内）,金沢おでんは又食べに来たい,女,1960,大阪府,岸和田市,300万円以上 400万円未満,能登牛が当たる,,,
金沢エリア,KOKOHOTEL Premier 金沢香林坊,2024/04/03 3:23:58,同意する,2泊,2泊,金沢エリア  （湯涌温泉、深谷温泉、犀川温泉など）,石川県外には泊まらない,恋人,"地元の美味しいものを食べる, 花見や紅葉などの自然鑑賞, 名所、旧跡の観光, 買い物、アウトレット, まちあるき、都市散策","新幹線, 在来線",徒歩,,,"5,000円以上 10,000円未満","1,000円未満","30,000円以上 40,000円未満",初めて,Instagram,近江町市場,,ひがし茶屋街,,"30,000円以上 40,000円未満",とても満足,,とても満足,,感じなかった,,10,,機会があれば行きたい,特になし,女,2002,岡山県,倉敷市,"1,500万円以上",能登牛が当たる,,,
金沢エリア,KOKOHOTEL Premier 金沢香林坊,2024/04/04 9:16:31,同意する,1泊,1泊,金沢エリア  （湯涌温泉、深谷温泉、犀川温泉など）,石川県外には泊まらない,恋人,"地元の美味しいものを食べる, 花見や紅葉などの自然鑑賞, まちあるき、都市散策",自家用車,自家用車,,,"10,000円以上 20,000円未満","10,000円以上 20,000円未満","30,000円以上 40,000円未満",初めて,インターネット・アプリ,兼六園,,近江町市場,,"20,000円以上 30,000円未満",とても満足,,とても満足,,感じなかった,,10,,また行きたい（1年以内）,特になし,男,1960,新潟県,長岡市,500万円以上 600万円未満,能登牛が当たる,,,
金沢エリア,KOKOHOTEL Premier 金沢香林坊,2024/04/05 17:40:04,同意する,2泊,2泊,金沢エリア  （湯涌温泉、深谷温泉、犀川温泉など）,石川県外には泊まらない,親,"地元の美味しいものを食べる, 名所、旧跡の観光, 各種体験（手作り、果物狩りなど）","新幹線, 在来線",路線バス,とても満足,たくさん本数があった,"10,000円以上 20,000円未満","10,000円以上 20,000円未満","40,000円以上 50,000円未満",初めて,"観光展・物産展, インターネット・アプリ, Instagram, 友人・知人",兼六園,,選択なし/該当施設なし,金沢城公園,使わない,満足,N.Ishiharaさんがとても親切にかつ分かりやすく、詳しく案内をしてくださってとてもありがたかったです。夜ご飯のお店への行き方はわざわざ調べて頂いてとても助かったのですが、金沢城公園のライトアップは、昼間は入れる入口が閉まっていたせいで教えていただいた道では行けず、結局ほぼ1周することになってしまいました。今後のためにご確認いただけると幸いです。 4/4の18時頃来ましたが、入口入ってすぐ左の施設？の女性スタッフとドア付近にいた男性スタッフが客の目の前で手を振りあったり、談笑したり、スタッフとお客さんごっこみたいなことをしていたりしていて不快でした。暇なのかなと思います。 部屋の清掃はとても綺麗で良かったです。 ロビーのソファが謎のシミがあってちょっと微妙でした。,満足,立地がいいし、アクセスしやすい。アメニティが多い。部屋はあまり広くないが綺麗。,感じなかった,,8,朝食はとても美味しかった,機会があれば行きたい,たまに観光客向けの割高なものがあったのが、仕方ないが驚いた。ひがし茶屋街では甘いものだけでなく、しょっぱいものの軽食や食べ歩き系フードがあると良かった。,女,2002,茨城県,つくば市,"1,000万円以上 1,200万円未満",ひゃくまんさんが好き,とても満足,9,水引アクセサリーや和菓子の体験。特に水引アクセサリーはあまり作る機会がなく、場所も近江町市場の近くでやったためよりやすく、とにかく楽しかった
金沢エリア,KOKOHOTEL Premier 金沢香林坊,2024/04/07 7:00:49,同意する,2泊,1泊,金沢エリア  （湯涌温泉、深谷温泉、犀川温泉など）,福井県,夫婦2人,"温泉や露天風呂, 地元の美味しいものを食べる, スポーツ観戦や芸術鑑賞（コンサート等）",自家用車,自家用車,,,"10,000円以上 20,000円未満","5,000円以上 10,000円未満","10,000円以上 20,000円未満",初めて,インターネット・アプリ,尾山神社,,兼六園,,"30,000円以上 40,000円未満",とても満足,スタッフが親切でした,とても満足,ホテルが新しくとても快適でした,感じなかった,,10,朝食いただきましたがとても美味しかったです,機会があれば行きたい,特になし,女,1971,新潟県,妙高市,100万円以上 200万円未満,能登牛が当たる,とても満足,9,金沢の町の趣ある雰囲気を満喫できました
金沢エリア,KOKOHOTEL Premier 金沢香林坊,2024/04/07 23:53:28,同意する,4泊以上,4泊以上,金沢エリア  （湯涌温泉、深谷温泉、犀川温泉など）,富山県,自分ひとり,出張など仕事関係,新幹線,タクシー,どちらでもない,ホテルを通り越した,"100,000円以上","3,000円以上 5,000円未満","40,000円以上 50,000円未満",2～5回目,インターネット・アプリ,兼六園,,金沢21世紀美術館,,"1,000円未満",どちらでもない,コインランドリーがあると良い,満足,特に不満なし,感じた,コインランドリー,8,特になし,また行きたい（1年以内）,特になし,男,1968,愛知県,安城市,"1,200万円以上 1,500万円未満",能登牛が当たる,どちらでもない,9,桜がきれい
金沢エリア,KOKOHOTEL Premier 金沢香林坊,2024/04/08 18:48:59,同意する,3泊,2泊,加賀エリア （山代温泉、山中温泉、片山津温泉、粟津温泉、辰口温泉、加賀市、小松市など）,福井県,恋人,"温泉や露天風呂, 地元の美味しいものを食べる, 花見や紅葉などの自然鑑賞","自家用車, 新幹線",自家用車,,,"5,000円以上 10,000円未満","10,000円以上 20,000円未満","1,000円以上 3,000円未満",初めて,友人・知人,選択なし/該当施設なし,,兼六園,,"5,000円以上 10,000円未満",とても満足,,とても満足,,感じなかった,,9,,また行きたい（1年以内）,特になし,女,2001,神奈川県,相模原市,100万円未満,なんとなく,とても満足,9,
金沢エリア,KOKOHOTEL Premier 金沢香林坊,2024/04/10 8:13:49,同意する,4泊以上,1泊,金沢エリア  （湯涌温泉、深谷温泉、犀川温泉など）,日本各地,夫婦2人,"宿でのんびり過ごす, 花見や紅葉などの自然鑑賞, 名所、旧跡の観光, まちあるき、都市散策",自家用車,自家用車,,,"50,000円以上 100,000円未満","50,000円以上 100,000円未満","5,000円以上 10,000円未満",2～5回目,インターネット・アプリ,尾山神社,,選択なし/該当施設なし,気多大社,"5,000円以上 10,000円未満",とても満足,ホテルの洗い場が広くて良い。,とても満足,ウエルカムドリンクサービスが充実していた。,感じなかった,,10,物を置けるスペースがあればもっと良い。,機会があれば行きたい,高いグルメだけでなく、下品にならない位のお得なグルメがあれば良い。,女,1973,大阪府,豊中市,400万円以上 500万円未満,能登牛が当たる,満足,9,街が綺麗。歴史がある。
金沢エリア,KOKOHOTEL Premier 金沢香林坊,2024/04/11 4:44:55,同意する,1泊,1泊,金沢エリア  （湯涌温泉、深谷温泉、犀川温泉など）,富山県,自分ひとり,"宿でのんびり過ごす, 名所、旧跡の観光",自家用車,自家用車,とても満足,親切,"5,000円以上 10,000円未満","20,000円以上 30,000円未満","20,000円以上 30,000円未満",2～5回目,"新聞・雑誌・ガイドブック, インターネット・アプリ",兼六園,,金沢21世紀美術館,,"5,000円以上 10,000円未満",とても満足,親切,とても満足,,感じなかった,,9,,機会があれば行きたい,特に無し,男,1961,兵庫県,神戸市,"1,200万円以上 1,500万円未満","能登牛が当たる, 石川県の雑学を知りたい, なんとなく",とても満足,9,
金沢エリア,KOKOHOTEL Premier 金沢香林坊,2024/04/11 8:50:13,同意する,2泊,2泊,金沢エリア  （湯涌温泉、深谷温泉、犀川温泉など）,石川県外には泊まらない,自分ひとり,宿でのんびり過ごす,新幹線,自家用車,,,"20,000円以上 30,000円未満","20,000円以上 30,000円未満","30,000円以上 40,000円未満",2～5回目,インターネット・アプリ,兼六園,,尾山神社,,"20,000円以上 30,000円未満",不満,駐車場の回転が悪い,どちらでもない,駐車場が良ければ満足,感じた,駐車場の回転が悪い,8,,機会があれば行きたい,特になし,男,1962,京都府,中京区,600万円以上 700万円未満,能登牛が当たる,満足,8,
金沢エリア,KOKOHOTEL Premier 金沢香林坊,2024/04/11 17:36:04,同意する,4泊以上,4泊以上,金沢エリア  （湯涌温泉、深谷温泉、犀川温泉など）,沖縄、九州、四国、大阪、京都,恋人,"地元の美味しいものを食べる, 花見や紅葉などの自然鑑賞, 名所、旧跡の観光, まちあるき、都市散策",新幹線,タクシー,とても満足,名所を親切にいくつも教えてくれました。,"5,000円以上 10,000円未満","1,000円以上 3,000円未満","40,000円以上 50,000円未満",初めて,インターネット・アプリ,選択なし/該当施設なし,,兼六園,,"40,000円以上 50,000円未満",とても満足,とても清潔で狭すぎず、丁寧に接客していただいています。,とても満足,清潔なことと、適切なサービス,感じた,Netflixなど、外国語のものがテレビで視聴出来ませんでした。,10,ウェルカムドリンクのお酒とブラックティーがとても美味しかったです。,また行きたい（1年以内）,どちらのお店も閉店時間が早かったり、ランチ後からディナーまで閉店したり、週に３日閉店していたりして、レストラン探しに困ることが多かったです。,女,1973,埼玉県,さいたま市,800万円以上 900万円未満,能登牛が当たる,とても満足,10,兼六園が特に桜の時期だったこともあり素晴らしかったことと、市場や茶屋街、武家屋敷跡など見るところも食べるべきものもたくさんあることです。
金沢エリア,KOKOHOTEL Premier 金沢香林坊,2024/04/12 8:22:09,同意する,2泊,1泊,金沢エリア  （湯涌温泉、深谷温泉、犀川温泉など）,福井県,親,"地元の美味しいものを食べる, まちあるき、都市散策",新幹線,"レンタカー, 徒歩",とても満足,道が混んでいなかった,"5,000円以上 10,000円未満","30,000円以上 40,000円未満","10,000円以上 20,000円未満",初めて,インターネット・アプリ,選択なし/該当施設なし,福井県,尾山神社,,使わない,とても満足,きれい,とても満足,きれい,感じなかった,,10,朝食が美味しかった,また行きたい（1年以内）,特になし,女,1981,埼玉県,志木市,300万円以上 400万円未満,能登牛が当たる,とても満足,10,徒歩圏内で見るところがたくさんある
金沢エリア,KOKOHOTEL Premier 金沢香林坊,2024/04/13 10:15:48,同意する,1泊,1泊,金沢エリア  （湯涌温泉、深谷温泉、犀川温泉など）,石川県外には泊まらない,職場の同僚,"地元の美味しいものを食べる, 出張など仕事関係",新幹線,タクシー,どちらでもない,タクシーの態度が悪い,"10,000円以上 20,000円未満","30,000円以上 40,000円未満","30,000円以上 40,000円未満",初めて,インターネット・アプリ,選択なし/該当施設なし,,兼六園,,"10,000円以上 20,000円未満",とても満足,施設、サービス、食事、ホスピタリティ全て満足,とても満足,,感じなかった,,10,,機会があれば行きたい,特になし,男,1966,神奈川県,横浜市,"1,000万円以上 1,200万円未満",能登牛が当たる,満足,8,県民性
金沢エリア,KOKOHOTEL Premier 金沢香林坊,2024/04/13 17:06:02,同意する,1泊,1泊,金沢エリア  （湯涌温泉、深谷温泉、犀川温泉など）,石川県外には泊まらない,友人,"地元の美味しいものを食べる, 花見や紅葉などの自然鑑賞",新幹線,徒歩,,,"5,000円以上 10,000円未満","10,000円以上 20,000円未満","5,000円以上 10,000円未満",初めて,Instagram,兼六園,,近江町市場,,使わない,満足,,満足,,感じなかった,,8,,機会があれば行きたい,煎餅,女,1997,東京都,板橋区,200万円以上 300万円未満,"能登牛が当たる, 石川県のおすすめ観光スポットが見たい",満足,8,
金沢エリア,KOKOHOTEL Premier 金沢香林坊,2024/04/14 8:04:54,同意する,1泊,1泊,金沢エリア  （湯涌温泉、深谷温泉、犀川温泉など）,石川県外には泊まらない,友人,"地元の美味しいものを食べる, 名所、旧跡の観光",新幹線,徒歩,とても満足,新幹線ですですぐ着く,"10,000円以上 20,000円未満","10,000円以上 20,000円未満","10,000円以上 20,000円未満",初めて,TV・ラジオ番組やCM,兼六園,,ひがし茶屋街,,"10,000円以上 20,000円未満",とても満足,綺麗、スタッフさんが丁寧,とても満足,綺麗,感じなかった,,10,,また行きたい（1年以内）,特になし,女,2002,栃木県,宇都宮市,500万円以上 600万円未満,なんとなく,とても満足,10,観光するところがたくさんある
金沢エリア,KOKOHOTEL Premier 金沢香林坊,2024/04/14 13:31:34,同意する,3泊,3泊,金沢エリア  （湯涌温泉、深谷温泉、犀川温泉など）,石川県外には泊まらない,夫婦2人,"宿でのんびり過ごす, 温泉や露天風呂, 地元の美味しいものを食べる, 花見や紅葉などの自然鑑賞, 名所、旧跡の観光, 買い物、アウトレット, アウトドア（海水浴、釣り、登山など）, まちあるき、都市散策","自家用車, 飛行機",レンタカー,どちらでもない,駐車場が、ちょっと高い,"10,000円以上 20,000円未満","40,000円以上 50,000円未満","30,000円以上 40,000円未満",2～5回目,"インターネット・アプリ, 友人・知人",兼六園,,ひがし茶屋街,,"10,000円以上 20,000円未満",満足,朝食が良かった,満足,,感じなかった,,9,部屋が静か,また行きたい（1年以内）,ノドグロが美味しかった。山もキレイ,男,1962,北海道,札幌市,"1,000万円以上 1,200万円未満","石川県の雑学を知りたい, なんとなく",とても満足,9,食事
金沢エリア,KOKOHOTEL Premier 金沢香林坊,2024/04/14 13:33:18,同意する,3泊,3泊,金沢エリア  （湯涌温泉、深谷温泉、犀川温泉など）,石川県外には泊まらない,夫婦2人,"宿でのんびり過ごす, 地元の美味しいものを食べる, 花見や紅葉などの自然鑑賞, 名所、旧跡の観光, 買い物、アウトレット, アウトドア（海水浴、釣り、登山など）, まちあるき、都市散策","レンタカー, 飛行機",レンタカー,とても満足,レンタカーで快適に移動ができて良かった,"20,000円以上 30,000円未満","40,000円以上 50,000円未満","10,000円以上 20,000円未満",初めて,インターネット・アプリ,兼六園,,ひがし茶屋街,,"5,000円以上 10,000円未満",とても満足,朝食に野菜や海産物が多く使われていて美味しかった,とても満足,部屋が綺麗で静か快適でした,感じなかった,,10,,機会があれば行きたい,特に無し,女,1962,北海道,札幌市,"1,000万円以上 1,200万円未満",能登牛が当たる,とても満足,10,食事が美味しかった
金沢エリア,KOKOHOTEL Premier 金沢香林坊,2024/04/14 17:53:31,同意する,4泊以上,4泊以上,金沢エリア  （湯涌温泉、深谷温泉、犀川温泉など）,石川県外には泊まらない,自分ひとり,"宿でのんびり過ごす, 地元の美味しいものを食べる",新幹線,タクシー,満足,対応が丁寧だった,"50,000円以上 100,000円未満","30,000円以上 40,000円未満","100,000円以上",11回目以上,インターネット・アプリ,近江町市場,,尾山神社,,"50,000円以上 100,000円未満",満足,丁寧な対応,満足,妥当な宿泊費用だから,感じなかった,,10,浴室がキレイで広い,また行きたい（1年以内）,このままで観光向けの価格にならないで欲しい,男,1961,東京都,台東区,"1,200万円以上 1,500万円未満",能登牛が当たる,満足,9,食べ物が美味しくて安い
金沢エリア,KOKOHOTEL Premier 金沢香林坊,2024/04/15 15:52:47,同意する,1泊,1泊,金沢エリア  （湯涌温泉、深谷温泉、犀川温泉など）,石川県外には泊まらない,自分ひとり,石川県立美術館での刀剣展示,新幹線,"路線バス, 徒歩",,,"40,000円以上 50,000円未満","40,000円以上 50,000円未満","10,000円以上 20,000円未満",初めて,"友人・知人, Googleマップ",兼六園,,近江町市場,,"10,000円以上 20,000円未満",満足,,満足,,感じなかった,,7,,機会があれば行きたい,歴史、伝統を重視していたので今の姿で大満足です。ただ気になるものが多いので今回だけでは足りず、また機会を作って訪れたいと思いました。,女,1993,千葉県,松戸市,"1,000万円以上 1,200万円未満","能登牛が当たる, なんとなく",とても満足,10,
金沢エリア,KOKOHOTEL Premier 金沢香林坊,2024/04/16 21:00:42,同意する,1泊,1泊,金沢エリア  （湯涌温泉、深谷温泉、犀川温泉など）,富山県,職場の同僚,出張など仕事関係,自家用車,自家用車,,,"5,000円以上 10,000円未満","10,000円以上 20,000円未満","5,000円以上 10,000円未満",2～5回目,"インターネット・アプリ, 友人・知人",金沢21世紀美術館,,選択なし/該当施設なし,,"1,000円未満",とても満足,綺麗、ウェルカムドリンクあり,とても満足,スタッフの対応良い,感じなかった,,8,,また行きたい（1年以内）,海鮮類、名所観光,男,1993,愛知県,名古屋市,500万円以上 600万円未満,なんとなく,とても満足,10,見どころ多く、アクセス良い
金沢エリア,KOKOHOTEL Premier 金沢香林坊,2024/04/17 8:48:50,同意する,2泊,2泊,金沢エリア  （湯涌温泉、深谷温泉、犀川温泉など）,石川県外には泊まらない,夫婦2人,地元の美味しいものを食べる,"新幹線, 在来線","在来線, 路線バス",とても満足,スムーズに移動できた,"5,000円以上 10,000円未満","20,000円以上 30,000円未満","30,000円以上 40,000円未満",初めて,インターネット・アプリ,兼六園,,近江町市場,,"3,000円以上 5,000円未満",満足,,満足,,感じなかった,,8,,機会があれば行きたい,特になし,男,1962,鳥取県,鳥取市,700万円以上 800万円未満,なんとなく,満足,9,
金沢エリア,KOKOHOTEL Premier 金沢香林坊,2024/04/17 10:27:20,同意する,2泊,2泊,金沢エリア  （湯涌温泉、深谷温泉、犀川温泉など）,石川県外には泊まらない,恋人,"宿でのんびり過ごす, 地元の美味しいものを食べる",飛行機,在来線,とても満足,,"3,000円以上 5,000円未満","30,000円以上 40,000円未満","1,000円以上 3,000円未満",6～10回目,"インターネット・アプリ, X(旧：Twitter), Instagram",尾山神社,もりの里　学生街,ひがし茶屋街,,"30,000円以上 40,000円未満",とても満足,,とても満足,施設がきれいでアメニティがそろっている,感じなかった,,10,近くの銭湯のちらしがおいてあり、実際にいけてとてもよかだた。,また行きたい（1年以内）,美味しいグルメが沢山あるが、一食で満腹になってしまう。少量を多種類食べられる仕組みがあれば嬉しい。,男,1996,神奈川県,横浜市,500万円以上 600万円未満,"能登牛が当たる, ひゃくまんさんが好き, 石川県の雑学を知りたい",とても満足,10,かきのき畑のリトルスパイスというタイ料理屋。最高においしい。
金沢エリア,KOKOHOTEL Premier 金沢香林坊,2024/04/18 9:05:31,同意する,2泊,2泊,白山エリア （一里野温泉、白峰温泉、白山市など）,石川県外には泊まらない,自分ひとり,社宅契約,新幹線,"自家用車, タクシー",とても満足,運転手さんの案内が親切でした,"50,000円以上 100,000円未満","5,000円以上 10,000円未満","5,000円以上 10,000円未満",初めて,"観光展・物産展, インターネット・アプリ, 友人・知人",兼六園,,尾山神社,,"5,000円以上 10,000円未満",とても満足,,とても満足,職員の対応がとても良かった,感じなかった,,10,,また行きたい（1年以内）,特になし,男,1971,東京都,江東区,"1,000万円以上 1,200万円未満",能登牛が当たる,とても満足,10,街を見せたい
金沢エリア,KOKOHOTEL Premier 金沢香林坊,2024/04/18 19:57:40,同意する,2泊,2泊,金沢エリア  （湯涌温泉、深谷温泉、犀川温泉など）,石川県外には泊まらない,友人,"温泉や露天風呂, 地元の美味しいものを食べる, まちあるき、都市散策","自家用車, 新幹線",徒歩,,,"10,000円以上 20,000円未満","1,000円以上 3,000円未満","3,000円以上 5,000円未満",2～5回目,"新聞・雑誌・ガイドブック, X(旧：Twitter), Instagram",尾山神社,,選択なし/該当施設なし,山代温泉,使わない,満足,,とても満足,,感じなかった,,5,,機会があれば行きたい,おでんをもっと食べたい,女,1992,福井県,敦賀市,700万円以上 800万円未満,能登牛が当たる,とても満足,10,
金沢エリア,KOKOHOTEL Premier 金沢香林坊,2024/04/18 20:25:04,同意する,2泊,2泊,金沢エリア  （湯涌温泉、深谷温泉、犀川温泉など）,石川県外には泊まらない,友人,"地元の美味しいものを食べる, まちあるき、都市散策",新幹線,徒歩,,,"10,000円以上 20,000円未満","10,000円以上 20,000円未満","20,000円以上 30,000円未満",2～5回目,"新聞・雑誌・ガイドブック, インターネット・アプリ, X(旧：Twitter)",尾山神社,,選択なし/該当施設なし,選択なし,"10,000円以上 20,000円未満",とても満足,アメニティも充実していてウェルカムドリンクも珍しく美味しいものが多かった,とても満足,部屋が広く快適,感じなかった,,10,,機会があれば行きたい,特になし,女,1983,千葉県,千葉市,400万円以上 500万円未満,"石川県のおすすめ観光スポットが見たい, 石川県の雑学を知りたい",とても満足,10,街歩きが楽しい、特に雑貨巡りが好きなので満足感が高い
金沢エリア,KOKOHOTEL Premier 金沢香林坊,2024/04/19 7:30:35,同意する,1泊,1泊,金沢エリア  （湯涌温泉、深谷温泉、犀川温泉など）,石川県外には泊まらない,友人,地元の美味しいものを食べる,自家用車,徒歩,,,"10,000円以上 20,000円未満","10,000円以上 20,000円未満","20,000円以上 30,000円未満",初めて,新聞・雑誌・ガイドブック,金沢21世紀美術館,,選択なし/該当施設なし,何処に行くか悩み中、時間的都合で回りきれない,"10,000円以上 20,000円未満",とても満足,丁寧で、また来たいと思えるような対応で満足,とても満足,清潔感、スタッフの感じとても良い,感じなかった,,8,,機会があれば行きたい,あまり、知らないので、もっとアピールして情報を発信して欲しいです。,男,1972,兵庫県,姫路市,500万円以上 600万円未満,石川県のおすすめ観光スポットが見たい,満足,9,食べ物が美味しく、幸せを感じました。人間、美味しい物を食べてる時は幸せを感じるものですね 是非、他の人にも幸せを感じてもらいたいです。
金沢エリア,KOKOHOTEL Premier 金沢香林坊,2024/04/19 16:27:06,同意する,1泊,1泊,金沢エリア  （湯涌温泉、深谷温泉、犀川温泉など）,石川県外には泊まらない,小学生以下連れの家族,宿でのんびり過ごす,県外から訪れていない（石川県内在住）,路線バス,満足,バス亭から近い,"5,000円以上 10,000円未満","1,000円未満","5,000円以上 10,000円未満",初めて,インターネット・アプリ,選択なし/該当施設なし,,選択なし/該当施設なし,,"5,000円以上 10,000円未満",どちらでもない,部屋にコーヒーがない,満足,,感じなかった,,8,,どちらともいえない,金沢おでん,女,1960,石川県,金沢市,400万円以上 500万円未満,能登牛が当たる,どちらでもない,7,
金沢エリア,KOKOHOTEL Premier 金沢香林坊,2024/04/19 16:30:49,同意する,1泊,1泊,金沢エリア  （湯涌温泉、深谷温泉、犀川温泉など）,石川県外には泊まらない,小学生以下連れの家族,"宿でのんびり過ごす, 地元の美味しいものを食べる",県外から訪れていない（石川県内在住）,自家用車,,,"5,000円以上 10,000円未満",使わない,"20,000円以上 30,000円未満",初めて,Instagram,選択なし/該当施設なし,,選択なし/該当施設なし,,"10,000円以上 20,000円未満",どちらでもない,,どちらでもない,,感じた,お部屋にドリンクがなかった,3,,石川県在住,特になし,女,1988,石川県,金沢市,500万円以上 600万円未満,"ひゃくまんさんが好き, 動く３Dひゃくまんさんを見たい",とても満足,8,
金沢エリア,KOKOHOTEL Premier 金沢香林坊,2024/04/20 22:16:29,同意する,2泊,2泊,金沢エリア  （湯涌温泉、深谷温泉、犀川温泉など）,石川県外には泊まらない,友人,"地元の美味しいものを食べる, 名所、旧跡の観光",新幹線,路線バス,満足,,"20,000円以上 30,000円未満","20,000円以上 30,000円未満","10,000円以上 20,000円未満",初めて,インターネット・アプリ,選択なし/該当施設なし,,金沢21世紀美術館,,使わない,満足,,満足,,感じなかった,,8,,機会があれば行きたい,伝統を取り入れた、オリジナルのおしゃれな土産,女,1971,栃木県,足利市,400万円以上 500万円未満,なんとなく,満足,8,徒歩でいろいろな所に効率よくまわれる
金沢エリア,KOKOHOTEL Premier 金沢香林坊,2024/04/21 21:04:04,同意する,2泊,2泊,金沢エリア  （湯涌温泉、深谷温泉、犀川温泉など）,石川県外には泊まらない,親,"地元の美味しいものを食べる, 名所、旧跡の観光",飛行機,"在来線, 路線バス",不満,Suicaが使えないのが不便。,"30,000円以上 40,000円未満","5,000円以上 10,000円未満","20,000円以上 30,000円未満",2～5回目,"新聞・雑誌・ガイドブック, Instagram, 友人・知人",近江町市場,,兼六園,,"50,000円以上 100,000円未満",とても満足,,とても満足,,感じなかった,,7,,また行きたい（1年以内）,魚がとにかく美味しかった！観光地も回りやすく、かなり楽しめた。また行きたいし、友達にもすすめたい。,女,1997,神奈川県,川崎市,400万円以上 500万円未満,能登牛が当たる,とても満足,10,
金沢エリア,KOKOHOTEL Premier 金沢香林坊,2024/04/21 21:12:59,同意する,1泊,1泊,金沢エリア  （湯涌温泉、深谷温泉、犀川温泉など）,石川県外には泊まらない,友人,"地元の美味しいものを食べる, 名所、旧跡の観光, まちあるき、都市散策",新幹線,"路線バス, 徒歩",,,"5,000円以上 10,000円未満","10,000円以上 20,000円未満","10,000円以上 20,000円未満",初めて,"新聞・雑誌・ガイドブック, 観光パンフレット・ポスター, インターネット・アプリ, 観光協会等の案内所",兼六園,,近江町市場,,"10,000円以上 20,000円未満",とても満足,,とても満足,,感じなかった,,10,,また行きたい（1年以内）,特になし,女,1976,群馬県,北群馬郡吉岡町,100万円以上 200万円未満,"能登牛が当たる, ひゃくまんさんが好き",とても満足,10,子供に伝えたい　夜の街も見せたい
金沢エリア,KOKOHOTEL Premier 金沢香林坊,2024/04/21 21:36:40,同意する,2泊,2泊,金沢エリア  （湯涌温泉、深谷温泉、犀川温泉など）,石川県外には泊まらない,娘,地元の美味しいものを食べる,在来線,路線バス,どちらでもない,駅からホテルが遠かったから,"5,000円以上 10,000円未満","3,000円以上 5,000円未満","20,000円以上 30,000円未満",初めて,インターネット・アプリ,近江町市場,,兼六園,,"20,000円以上 30,000円未満",満足,,満足,,感じなかった,,9,,また行きたい（1年以内）,食べ物が美味しい,女,1972,神奈川県,川崎市,500万円以上 600万円未満,能登牛が当たる,とても満足,10,
金沢エリア,KOKOHOTEL Premier 金沢香林坊,2024/04/22 7:47:20,同意する,1泊,1泊,金沢エリア  （湯涌温泉、深谷温泉、犀川温泉など）,石川県外には泊まらない,友人,"地元の美味しいものを食べる, 買い物、アウトレット","新幹線, 在来線",レンタカー,不満,バスしかなかったから,"5,000円以上 10,000円未満","10,000円以上 20,000円未満","10,000円以上 20,000円未満",2～5回目,インターネット・アプリ,尾山神社,,近江町市場,,"1,000円以上 3,000円未満",満足,,満足,,感じなかった,,7,,機会があれば行きたい,リーズナブルな食事,女,1963,岐阜県,各務原市,300万円以上 400万円未満,"能登牛が当たる, なんとなく",どちらでもない,6,
金沢エリア,KOKOHOTEL Premier 金沢香林坊,2024/04/23 8:09:31,同意する,1泊,1泊,金沢エリア  （湯涌温泉、深谷温泉、犀川温泉など）,石川県外には泊まらない,自分ひとり,"地元の美味しいものを食べる, 名所、旧跡の観光, 出張など仕事関係",新幹線,在来線,満足,大宮から一本で行ける,"20,000円以上 30,000円未満","10,000円以上 20,000円未満","10,000円以上 20,000円未満",初めて,"Instagram, 友人・知人",選択なし/該当施設なし,ミュゼドゥアッシュ,選択なし/該当施設なし,能登ミルク,使わない,満足,,満足,,感じなかった,,9,,機会があれば行きたい,能登ミルクせせらぎ本当に良かったです,男,1980,埼玉県,川越市,600万円以上 700万円未満,石川県のおすすめ観光スポットが見たい,とても満足,9,名所
金沢エリア,KOKOHOTEL Premier 金沢香林坊,2024/04/23 8:23:45,同意する,1泊,1泊,金沢エリア  （湯涌温泉、深谷温泉、犀川温泉など）,石川県外には泊まらない,自分ひとり,"地元の美味しいものを食べる, まちあるき、都市散策, 出張など仕事関係",新幹線,徒歩,,,"5,000円以上 10,000円未満","10,000円以上 20,000円未満","20,000円以上 30,000円未満",初めて,インターネット・アプリ,選択なし/該当施設なし,仕事があったため観光施設には寄れなかった,近江町市場,,"5,000円以上 10,000円未満",満足,ウェルカムドリンクがよかった,満足,清潔、立地がよい、適度な距離感,感じなかった,,8,,また行きたい（1年以内）,海産物,女,1979,長野県,長野市,400万円以上 500万円未満,能登牛が当たる,満足,9,街歩きが楽しい
金沢エリア,KOKOHOTEL Premier 金沢香林坊,2024/04/25 19:28:10,同意する,3泊,3泊,金沢エリア  （湯涌温泉、深谷温泉、犀川温泉など）,石川県外には泊まらない,自分ひとり,"宿でのんびり過ごす, 地元の美味しいものを食べる, まちあるき、都市散策","新幹線, 在来線",タクシー,とても満足,サンダーバードが敦賀までになり乗り換えが不便と思っていたが、意外と良かった,"30,000円以上 40,000円未満","3,000円以上 5,000円未満","30,000円以上 40,000円未満",11回目以上,"インターネット・アプリ, タクシードライバーや地元の人",選択なし/該当施設なし,駅からホテルに入ったので,尾山神社,,"30,000円以上 40,000円未満",とても満足,毎回気持ち良く泊まれる。立地もいい,とても満足,清潔,感じなかった,,10,,また行きたい（1年以内）,変わらないでいてほしい,女,1962,滋賀県,大津市,"1,200万円以上 1,500万円未満",能登牛が当たる,とても満足,10,美味しい。海鮮以外も美味しい店がたくさんある
金沢エリア,KOKOHOTEL Premier 金沢香林坊,2024/04/26 21:43:36,同意する,4泊以上,1泊,金沢エリア  （湯涌温泉、深谷温泉、犀川温泉など）,秋田,夫婦2人,帰省途中,自家用車,自家用車,,,"5,000円以上 10,000円未満","10,000円以上 20,000円未満","30,000円以上 40,000円未満",初めて,"観光展・物産展, 観光パンフレット・ポスター",選択なし/該当施設なし,,ひがし茶屋街,,"10,000円以上 20,000円未満",満足,対応がよかった,満足,,感じなかった,,7,,機会があれば行きたい,特になし,男,1954,奈良県,生駒市,500万円以上 600万円未満,なんとなく,満足,8,駅前
金沢エリア,KOKOHOTEL Premier 金沢香林坊,2024/04/27 21:44:49,同意する,3泊,1泊,金沢エリア  （湯涌温泉、深谷温泉、犀川温泉など）,船中泊,夫婦2人,地元の美味しいものを食べる,"自家用車, 船",自家用車,,,"10,000円以上 20,000円未満","50,000円以上 100,000円未満","20,000円以上 30,000円未満",初めて,インターネット・アプリ,選択なし/該当施設なし,,兼六園,,"10,000円以上 20,000円未満",とても満足,室内の清潔感、ウエルカムドリンク,とても満足,立地が良い,感じなかった,,9,,機会があれば行きたい,情報がわかりにくい。,女,1970,北海道,札幌市,300万円以上 400万円未満,なんとなく,満足,8,
金沢エリア,KOKOHOTEL Premier 金沢香林坊,2024/04/28 7:36:44,同意する,2泊,2泊,金沢エリア  （湯涌温泉、深谷温泉、犀川温泉など）,石川県外には泊まらない,夫婦2人,"地元の美味しいものを食べる, 名所、旧跡の観光",新幹線,路線バス,とても満足,バスが100円で乗れたこと。バスの案内係の方と運転手さんが非常に親切だったこと。,"30,000円以上 40,000円未満","50,000円以上 100,000円未満","50,000円以上 100,000円未満",初めて,"観光連盟やDMOのHP, Instagram",ひがし茶屋街,,兼六園,,"1,000円未満",満足,自動販売機は品揃えも良く、満足,とても満足,施設は清潔感があり、部屋の設備も整っており満足。また、受付の方も親切にご対応いただき、誠にありがとうございました。,感じなかった,,10,,機会があれば行きたい,特になし,男,1995,千葉県,浦安市,"1,200万円以上 1,500万円未満",能登牛が当たる,とても満足,10,"街並みの美しさと美味しいご飯。
観光名所だけでなく、街全体が美しい景観で、散歩をしているだけで楽しくなりました。
ご飯は、海鮮・お肉両方大満足でした。"
金沢エリア,KOKOHOTEL Premier 金沢香林坊,2024/04/28 9:26:09,同意する,4泊以上,3泊,金沢エリア  （湯涌温泉、深谷温泉、犀川温泉など）,長野県,夫婦2人,地元の美味しいものを食べる,自家用車,自家用車,,,"50,000円以上 100,000円未満","20,000円以上 30,000円未満","40,000円以上 50,000円未満",初めて,Web,選択なし/該当施設なし,能登半島被災地,近江町市場,,"50,000円以上 100,000円未満",満足,値段以上の施設とサービス,とても満足,,感じた,駐車場,10,朝食は他のkokoホテルよりも内容がよく満足できるものであった。但し、海産系のものがほぼなく、地元のPRがカレーのみでは寂しい、多少の値段アップでも楽しめる朝食になるとよい,また行きたい（1年以内）,ここでしか味わえない発見できるもの、都会に出店しない地元ならではのものが堪能できるようにしてもらいたい。どこでも味わえると、一見手軽だが地方の味がなくなる,男,1967,神奈川県,横浜市,"1,200万円以上 1,500万円未満",Hotel内の掲示を観て,満足,8,歴史と文化、風景、食事の美味しさなど
金沢エリア,KOKOHOTEL Premier 金沢香林坊,2024/04/29 8:02:04,同意する,2泊,1泊,金沢エリア  （湯涌温泉、深谷温泉、犀川温泉など）,福井県,小学生以下連れの家族,"地元の美味しいものを食べる, 名所、旧跡の観光",自家用車,自家用車,,,"10,000円以上 20,000円未満","3,000円以上 5,000円未満","10,000円以上 20,000円未満",2～5回目,"新聞・雑誌・ガイドブック, インターネット・アプリ, Instagram",選択なし/該当施設なし,長町,選択なし/該当施設なし,福井県立恐竜博物館,"10,000円以上 20,000円未満",満足,ただ、ウェルカムドリンクに子どもが飲める種類がなかった,とても満足,,感じなかった,,9,,また行きたい（1年以内）,和菓子とか焼き物の繊細な体験だったり塩作りの力が必要な体験だったり、もっと幼児期の子が参加できるものがあれば。,男,1983,長野県,中野市,"1,000万円以上 1,200万円未満",能登牛が当たる,満足,10,
金沢エリア,KOKOHOTEL Premier 金沢香林坊,2024/04/29 8:28:59,同意する,1泊,1泊,金沢エリア  （湯涌温泉、深谷温泉、犀川温泉など）,富山県,恋人,"宿でのんびり過ごす, 温泉や露天風呂",自家用車,自家用車,満足,綺麗,"10,000円以上 20,000円未満","10,000円以上 20,000円未満","3,000円以上 5,000円未満",初めて,観光展・物産展,近江町市場,,近江町市場,,"3,000円以上 5,000円未満",満足,対応が良い,満足,なし,感じなかった,なし,8,,機会があれば行きたい,なし,男,1988,大阪府,堺市,600万円以上 700万円未満,ひゃくまんさんが好き,満足,8,景色
金沢エリア,KOKOHOTEL Premier 金沢香林坊,2024/04/29 8:58:52,同意する,1泊,1泊,金沢エリア  （湯涌温泉、深谷温泉、犀川温泉など）,石川県外には泊まらない,夫婦2人,"地元の美味しいものを食べる, 名所、旧跡の観光, まちあるき、都市散策",新幹線,タクシー,とても満足,運転手の方が丁寧親切でした,"10,000円以上 20,000円未満","20,000円以上 30,000円未満","20,000円以上 30,000円未満",初めて,"新聞・雑誌・ガイドブック, インターネット・アプリ",兼六園,,金沢21世紀美術館,,"10,000円以上 20,000円未満",とても満足,とてもリーズナブルで、スタッフも機能的で親切,とても満足,とてもリーズナブルで、スタッフも機能的で親切,感じた,11階道路側でしたので、車やバイクの改造マフラーの音が煩いと感じました,10,朝食バイキングが楽しめました,機会があれば行きたい,子供（孫）が楽しめるものがあればと思います,男,1982,兵庫県,神戸市,"1,200万円以上 1,500万円未満",なんとなく,とても満足,9,歴史ある名所が纏りある空間にある
金沢エリア,KOKOHOTEL Premier 金沢香林坊,2024/04/29 9:21:15,同意する,2泊,2泊,金沢エリア  （湯涌温泉、深谷温泉、犀川温泉など）,兵庫、岐阜,親,"地元の美味しいものを食べる, 名所、旧跡の観光",レンタカー,"タクシー, 徒歩",満足,,"10,000円以上 20,000円未満","5,000円以上 10,000円未満","5,000円以上 10,000円未満",初めて,"観光展・物産展, 新聞・雑誌・ガイドブック, 観光パンフレット・ポスター, インターネット・アプリ, Instagram, Facebook, 友人・知人",兼六園,,尾山神社,,"5,000円以上 10,000円未満",どちらでもない,,どちらでもない,部屋すごく狭いです。,感じなかった,,6,,機会があれば行きたい,美味しい料理美味しい日本酒,男,1986,神奈川県,川崎市,700万円以上 800万円未満,,満足,8,
金沢エリア,KOKOHOTEL Premier 金沢香林坊,2024/04/30 6:38:18,同意する,1泊,1泊,金沢エリア  （湯涌温泉、深谷温泉、犀川温泉など）,石川県外には泊まらない,友人,災害見舞い,レンタカー,レンタカー,満足,特になし,"10,000円以上 20,000円未満","20,000円以上 30,000円未満","5,000円以上 10,000円未満",初めて,TV・ラジオ番組やCM,選択なし/該当施設なし,王将寿司,選択なし/該当施設なし,曽々木,"5,000円以上 10,000円未満",満足,アメニティ種類が多くて良い,満足,四ツ星ホテルだけあって高級感があって近くになんでもあるというのが良い,感じなかった,,8,特になし,機会があれば行きたい,特になし,男,1999,神奈川県,横浜市,300万円以上 400万円未満,"能登牛が当たる, ひゃくまんさんが好き, 石川県の雑学を知りたい",満足,8,能登の方は被災する前に何度か行ったところだから
金沢エリア,KOKOHOTEL Premier 金沢香林坊,2024/04/30 19:00:45,同意する,3泊,3泊,金沢エリア  （湯涌温泉、深谷温泉、犀川温泉など）,石川県外には泊まらない,恋人,地元の美味しいものを食べる,自家用車,"自家用車, 在来線",,,"5,000円以上 10,000円未満","20,000円以上 30,000円未満","5,000円以上 10,000円未満",2～5回目,インターネット・アプリ,金沢21世紀美術館,,尾山神社,,"3,000円以上 5,000円未満",とても満足,ホテルがとても綺麗で、ウェルカムサービスもあるため,とても満足,上記の理由と同様,感じなかった,,10,,また行きたい（1年以内）,マリンスポーツ,男,1995,埼玉県,行田市,300万円以上 400万円未満,ひゃくまんさんが好き,とても満足,8,海鮮料理
金沢エリア,KOKOHOTEL Premier 金沢香林坊,2024/05/01 21:34:02,同意する,4泊以上,1泊,金沢エリア  （湯涌温泉、深谷温泉、犀川温泉など）,石川県外には泊まらない,小学生以下連れの家族,地元の美味しいものを食べる,新幹線,自家用車,,,"5,000円以上 10,000円未満","20,000円以上 30,000円未満","10,000円以上 20,000円未満",初めて,インターネット・アプリ,選択なし/該当施設なし,白山市のカフェ、和菓子屋,選択なし/該当施設なし,家族の実家,使わない,満足,アメニティが選択できるところがよい,満足,ウェルカムドリンクが子供が飲めるジュース類が欲しかった,感じなかった,,8,,また行きたい（1年以内）,グルテンフリーのもの、和菓子でも添加物がないものをお土産に求めています,女,1987,千葉県,船橋市,"1,500万円以上",能登牛が当たる,満足,10,刺身が美味しい
金沢エリア,KOKOHOTEL Premier 金沢香林坊,2024/05/02 11:16:39,同意する,2泊,2泊,金沢エリア  （湯涌温泉、深谷温泉、犀川温泉など）,石川県外には泊まらない,恋人,"地元の美味しいものを食べる, 名所、旧跡の観光, 買い物、アウトレット",自家用車,自家用車,とても満足,,"20,000円以上 30,000円未満","10,000円以上 20,000円未満","20,000円以上 30,000円未満",初めて,"TV・ラジオ番組やCM, X(旧：Twitter), Instagram",兼六園,,金沢21世紀美術館,,"3,000円以上 5,000円未満",満足,,とても満足,,感じなかった,,9,,また行きたい（1年以内）,特になし,男,2000,三重県,津市,700万円以上 800万円未満,能登牛が当たる,満足,9,
金沢エリア,KOKOHOTEL Premier 金沢香林坊,2024/05/02 19:36:22,同意する,2泊,2泊,金沢エリア  （湯涌温泉、深谷温泉、犀川温泉など）,石川県外には泊まらない,夫婦2人,"地元の美味しいものを食べる, まちあるき、都市散策, 友人・親戚を訪ねる, 祖母のお葬式のため",自家用車,自家用車,,,"10,000円以上 20,000円未満","20,000円以上 30,000円未満","30,000円以上 40,000円未満",2～5回目,"新聞・雑誌・ガイドブック, TV・ラジオ番組やCM, Instagram",近江町市場,,ひがし茶屋街,,"5,000円以上 10,000円未満",とても満足,ウェルカムスペースやアメニティも豊富で充実していた,とても満足,雰囲気や施設が綺麗で快適に過ごせました！,感じなかった,,10,,また行きたい（1年以内）,特になし,女,1996,兵庫県,加古川市,300万円以上 400万円未満,"能登牛が当たる, ひゃくまんさんが好き",とても満足,10,海鮮や金沢カレーなど金沢名物が美味しいものばかりだったのでお薦めしたいです！
金沢エリア,KOKOHOTEL Premier 金沢香林坊,2024/05/06 10:09:53,同意する,2泊,2泊,金沢エリア  （湯涌温泉、深谷温泉、犀川温泉など）,石川県外には泊まらない,夫婦2人,"地元の美味しいものを食べる, 名所、旧跡の観光, 買い物、アウトレット, まちあるき、都市散策","新幹線, 在来線","在来線, 路線バス",とても満足,楽でした,"10,000円以上 20,000円未満","5,000円以上 10,000円未満","20,000円以上 30,000円未満",2～5回目,"インターネット・アプリ, Instagram",選択なし/該当施設なし,県立美術館,近江町市場,,"10,000円以上 20,000円未満",満足,,満足,快適でした,感じなかった,,8,ウェルカムドリンクが便利,機会があれば行きたい,街並み,女,1969,兵庫県,神戸市,300万円以上 400万円未満,なんとなく,とても満足,9,街歩きが楽しかった
金沢エリア,KOKOHOTEL Premier 金沢香林坊,2024/05/08 8:37:02,同意する,1泊,1泊,金沢エリア  （湯涌温泉、深谷温泉、犀川温泉など）,石川県外には泊まらない,夫婦2人,買い物、アウトレット,自家用車,自家用車,,,"5,000円以上 10,000円未満","5,000円以上 10,000円未満","10,000円以上 20,000円未満",初めて,インターネット・アプリ,選択なし/該当施設なし,,選択なし/該当施設なし,,"40,000円以上 50,000円未満",とても満足,,とても満足,,感じなかった,,10,,また行きたい（1年以内）,特になし,女,1972,石川県,鳳珠郡穴水町,700万円以上 800万円未満,能登牛が当たる,とても満足,10,
金沢エリア,KOKOHOTEL Premier 金沢香林坊,2024/05/09 6:44:12,同意する,2泊,2泊,金沢エリア  （湯涌温泉、深谷温泉、犀川温泉など）,石川県外には泊まらない,自分ひとり,"地元の美味しいものを食べる, 名所、旧跡の観光, まちあるき、都市散策","新幹線, 飛行機","タクシー, 徒歩",満足,石川県民のタクシー丁寧でした,"30,000円以上 40,000円未満","30,000円以上 40,000円未満","20,000円以上 30,000円未満",初めて,インターネット・アプリ,近江町市場,,兼六園,,"20,000円以上 30,000円未満",どちらでもない,お風呂が広くてよかった,どちらでもない,いいホテルなのに、スタッフがあまりよくなかった,感じた,お風呂が広くてよかったけど、蛇口を洗うと黒カビがたくさんでてきて浴槽に浮いてました。本当に怖かったです。,7,コスメプランが女性には人気だと思いました,また行きたい（1年以内）,もっと地元店を知りたい。また、太郎という鍋屋さんが最高に良かったです。,女,1982,東京都,港区,400万円以上 500万円未満,能登牛が当たる,とても満足,10,ご飯がおいしい！人が優しい！
金沢エリア,KOKOHOTEL Premier 金沢香林坊,2024/05/09 22:22:04,同意する,1泊,1泊,金沢エリア  （湯涌温泉、深谷温泉、犀川温泉など）,石川県外には泊まらない,自分ひとり,"宿でのんびり過ごす, 地元の美味しいものを食べる, 名所、旧跡の観光, まちあるき、都市散策",自家用車,自家用車,,,"20,000円以上 30,000円未満","20,000円以上 30,000円未満","30,000円以上 40,000円未満",初めて,"TV・ラジオ番組やCM, インターネット・アプリ",金沢21世紀美術館,,尾山神社,,"10,000円以上 20,000円未満",どちらでもない,,満足,,感じなかった,,6,,また行きたい（1年以内）,寿司,男,1976,大阪府,茨木市,"900万円以上 1,000万円未満",なんとなく,とても満足,8,
金沢エリア,KOKOHOTEL Premier 金沢香林坊,2024/05/10 10:39:26,同意する,1泊,1泊,金沢エリア  （湯涌温泉、深谷温泉、犀川温泉など）,石川県外には泊まらない,自分ひとり,宿でのんびり過ごす,"新幹線, 在来線",タクシー,とても満足,コンパクトシティで動きやすい、渋滞ストレスなし,"5,000円以上 10,000円未満","20,000円以上 30,000円未満","50,000円以上 100,000円未満",11回目以上,友人・知人,選択なし/該当施設なし,片町飲み屋街,近江町市場,,使わない,とても満足,きれい,とても満足,サービスが良い,感じなかった,,10,,また行きたい（1年以内）,中田屋きんつば,男,1971,愛知県,北名古屋市,"1,000万円以上 1,200万円未満",能登牛が当たる,とても満足,10,
金沢エリア,KOKOHOTEL Premier 金沢香林坊,2024/05/10 23:50:18,同意する,1泊,1泊,金沢エリア  （湯涌温泉、深谷温泉、犀川温泉など）,石川県外には泊まらない,中学生以下連れの家族,進学,自家用車,自家用車,とても満足,場所が良い,"5,000円以上 10,000円未満","10,000円以上 20,000円未満","10,000円以上 20,000円未満",2～5回目,進学,選択なし/該当施設なし,金沢学院,選択なし/該当施設なし,なし,"10,000円以上 20,000円未満",とても満足,対応が良い,とても満足,対応が良い,感じなかった,,10,,また行きたい（1年以内）,なし,男,1976,三重県,亀山市,700万円以上 800万円未満,石川県のおすすめ観光スポットが見たい,とても満足,10,食べ物
金沢エリア,KOKOHOTEL Premier 金沢香林坊,2024/05/11 11:02:59,同意する,1泊,1泊,金沢エリア  （湯涌温泉、深谷温泉、犀川温泉など）,石川県外には泊まらない,夫婦2人,"宿でのんびり過ごす, 地元の美味しいものを食べる",自家用車,徒歩,,,"5,000円以上 10,000円未満","5,000円以上 10,000円未満","10,000円以上 20,000円未満",初めて,インターネット・アプリ,選択なし/該当施設なし,,近江町市場,にし茶屋街,"5,000円以上 10,000円未満",とても満足,部屋も広く、設備も良い,満足,,感じた,エレベーターの使い勝手,9,,また行きたい（1年以内）,食事もデザートも豊富,男,1962,長野県,北安曇郡白馬村,400万円以上 500万円未満,能登牛が当たる,とても満足,10,整備された観光地
金沢エリア,KOKOHOTEL Premier 金沢香林坊,2024/05/14 21:37:26,同意する,1泊,1泊,金沢エリア  （湯涌温泉、深谷温泉、犀川温泉など）,石川県外には泊まらない,友人,復興支援,旅行会社ツアーバス,旅行会社ツアーバス,どちらでもない,,"10,000円以上 20,000円未満","20,000円以上 30,000円未満","50,000円以上 100,000円未満",2～5回目,友人・知人,選択なし/該当施設なし,輪島ボランティア,兼六園,,使わない,満足,入浴剤がある,満足,接客が丁寧,感じなかった,外線からの問い合わせが自動音声,7,,また行きたい（1年以内）,イカの干物,男,1970,和歌山県,和歌山市,300万円以上 400万円未満,能登牛が当たる,満足,8,"街の美観
"
金沢エリア,KOKOHOTEL Premier 金沢香林坊,2024/05/16 5:19:15,同意する,2泊,2泊,金沢エリア  （湯涌温泉、深谷温泉、犀川温泉など）,石川県外には泊まらない,自分ひとり,出張など仕事関係,自家用車,自家用車,満足,色々立ち寄れる,"20,000円以上 30,000円未満","3,000円以上 5,000円未満","3,000円以上 5,000円未満",初めて,インターネット・アプリ,近江町市場,,選択なし/該当施設なし,,"1,000円以上 3,000円未満",満足,部屋の設備、朝食,満足,,感じなかった,,6,,機会があれば行きたい,普段使いの飲食店,男,1967,愛知県,名古屋市,"1,500万円以上",能登牛が当たる,満足,8,街並み
金沢エリア,KOKOHOTEL Premier 金沢香林坊,2024/05/18 21:20:19,同意する,1泊,1泊,金沢エリア  （湯涌温泉、深谷温泉、犀川温泉など）,石川県外には泊まらない,友人,"地元の美味しいものを食べる, 名所、旧跡の観光",新幹線,レンタカー,とても満足,,"5,000円以上 10,000円未満","10,000円以上 20,000円未満","5,000円以上 10,000円未満",初めて,友人・知人,近江町市場,,兼六園,,使わない,とても満足,,とても満足,,感じなかった,,10,,また行きたい（1年以内）,土産,女,2001,東京都,板橋区,500万円以上 600万円未満,,とても満足,10,
金沢エリア,KOKOHOTEL Premier 金沢香林坊,2024/05/19 8:54:14,同意する,2泊,1泊,金沢エリア  （湯涌温泉、深谷温泉、犀川温泉など）,東京都,団体旅行,"地元の美味しいものを食べる, 名所、旧跡の観光","新幹線, 飛行機",タクシー,満足,兼六園の案内等,"10,000円以上 20,000円未満","1,000円以上 3,000円未満","50,000円以上 100,000円未満",初めて,観光パンフレット・ポスター,兼六園,,近江町市場,,"10,000円以上 20,000円未満",満足,綺麗,満足,,感じなかった,,8,,機会があれば行きたい,特になし,男,1978,北海道,山越郡長万部町,"1,500万円以上",石川県の雑学を知りたい,とても満足,8,歴史に触れて感銘を受けた
金沢エリア,KOKOHOTEL Premier 金沢香林坊,2024/05/20 9:22:09,同意する,2泊,1泊,金沢エリア  （湯涌温泉、深谷温泉、犀川温泉など）,福井県,恋人,"名所、旧跡の観光, まちあるき、都市散策",自家用車,自家用車,,,"10,000円以上 20,000円未満","5,000円以上 10,000円未満","10,000円以上 20,000円未満",初めて,インターネット・アプリ,兼六園,,金沢21世紀美術館,,"10,000円以上 20,000円未満",とても満足,,とても満足,,感じなかった,,10,,また行きたい（1年以内）,バスの間隔を10-15にしてほしい,男,1998,大阪府,吹田市,600万円以上 700万円未満,"能登牛が当たる, ひゃくまんさんが好き",とても満足,10,
金沢エリア,KOKOHOTEL Premier 金沢香林坊,2024/05/22 19:02:59,同意する,1泊,1泊,金沢エリア  （湯涌温泉、深谷温泉、犀川温泉など）,石川県外には泊まらない,自分ひとり,名所、旧跡の観光,新幹線,路線バス,満足,乗り場が分かりやすかったです。,"10,000円以上 20,000円未満","1,000円以上 3,000円未満","20,000円以上 30,000円未満",初めて,"新聞・雑誌・ガイドブック, インターネット・アプリ",ひがし茶屋街,,金沢21世紀美術館,,"10,000円以上 20,000円未満",満足,ウェルカムドリンクもノンアルコールから日本酒まで、幅広い層へ対応可能でした。,満足,部屋もホテル全体もキレイでした。,感じなかった,特にございませんでした。,9,お土産やアクティビティは、特にございませんでした。,機会があれば行きたい,食事施設が観光地仕様が多く、地元の方が行かれるお店も行ってみたいです。,男,1974,東京都,世田谷区,"1,200万円以上 1,500万円未満","能登牛が当たる, ひゃくまんさんが好き, 石川県のおすすめ観光スポットが見たい, 石川県の雑学を知りたい",満足,9,"街に活気がありました。
また、文化や芸術も感じることができ、個人的には大好きです。"
金沢エリア,KOKOHOTEL Premier 金沢香林坊,2024/05/23 1:14:27,同意する,1泊,1泊,金沢エリア  （湯涌温泉、深谷温泉、犀川温泉など）,石川県外には泊まらない,自分ひとり,出張など仕事関係,新幹線,路線バス,満足,利便性が良い,"5,000円以上 10,000円未満","10,000円以上 20,000円未満","20,000円以上 30,000円未満",11回目以上,自分で気になるホテルをいくつか泊まった中で気に入りました,兼六園,ヤマト・糀パーク,選択なし/該当施設なし,,"5,000円以上 10,000円未満",とても満足,いつも泊まっているので満足してます,とても満足,ウェルカムドリンクが加賀鳶なのが嬉しいです,感じなかった,,10,,また行きたい（1年以内）,繁華街以外でも美味しい店があるので色々な人にオススメしたいです,男,1971,東京都,新宿区,"1,200万円以上 1,500万円未満",なんとなく,満足,10,仕事で来ているので旅行とは違いますが食事がとにかく美味しい
金沢エリア,KOKOHOTEL Premier 金沢香林坊,2024/05/23 7:54:54,同意する,2泊,1泊,石川県内には宿泊しない,富山県,自分ひとり,温泉や露天風呂,自家用車,自家用車,とても満足,,"10,000円以上 20,000円未満","30,000円以上 40,000円未満","5,000円以上 10,000円未満",2～5回目,観光展・物産展,兼六園,,選択なし/該当施設なし,,"3,000円以上 5,000円未満",とても満足,,とても満足,,感じなかった,,8,,また行きたい（1年以内）,金沢カレー,男,1984,愛知県,名古屋市,500万円以上 600万円未満,能登牛が当たる,とても満足,10,
金沢エリア,KOKOHOTEL Premier 金沢香林坊,2024/05/26 23:24:21,同意する,1泊,1泊,金沢エリア  （湯涌温泉、深谷温泉、犀川温泉など）,石川県外には泊まらない,団体旅行,地元の美味しいものを食べる,旅行会社ツアーバス,旅行会社ツアーバス,とても満足,団体で移動できる安心感,"10,000円以上 20,000円未満","10,000円以上 20,000円未満","20,000円以上 30,000円未満",11回目以上,新聞・雑誌・ガイドブック,近江町市場,,兼六園,,"10,000円以上 20,000円未満",とても満足,,とても満足,,感じなかった,,10,,また行きたい（1年以内）,美味しい海産物,男,1972,愛知県,高浜市,600万円以上 700万円未満,なんとなく,とても満足,10,
金沢エリア,KOKOHOTEL Premier 金沢香林坊,2024/05/29 19:27:36,同意する,1泊,1泊,金沢エリア  （湯涌温泉、深谷温泉、犀川温泉など）,石川県外には泊まらない,自分ひとり,出張など仕事関係,自家用車,自家用車,,,"10,000円以上 20,000円未満","5,000円以上 10,000円未満","5,000円以上 10,000円未満",11回目以上,インターネット・アプリ,選択なし/該当施設なし,旅客船ターミナル、石川県庁,選択なし/該当施設なし,石川県庁,"10,000円以上 20,000円未満",満足,アメニティが豊富、ミネラルのサービス,満足,綺麗なホテル、隣の音も静、観光,感じなかった,,8,チェックイン時のワインやジュース、おつまみが無料が嬉しい,また行きたい（1年以内）,能登復興、頑張って欲しい。炊き出しに5回もいきました。,男,1957,富山県,富山市,"1,200万円以上 1,500万円未満",石川県の雑学を知りたい,満足,8,立地とサービス、繁華街の中など
金沢エリア,KOKOHOTEL Premier 金沢香林坊,2024/05/30 21:39:30,同意する,1泊,1泊,金沢エリア  （湯涌温泉、深谷温泉、犀川温泉など）,石川県外には泊まらない,自分ひとり,出張など仕事関係,新幹線,路線バス,不満,バス乗場が分かりにくい。(金沢駅に限らず),"5,000円以上 10,000円未満","20,000円以上 30,000円未満","5,000円以上 10,000円未満",初めて,ホームページ,選択なし/該当施設なし,仕事先,近江町市場,,使わない,満足,,満足,,感じなかった,,8,,また行きたい（1年以内）,もう少しゆとりがあればよい,男,1973,東京都,八王子市,800万円以上 900万円未満,ひゃくまんさんが好き,満足,8,
金沢エリア,KOKOHOTEL Premier 金沢香林坊,2024/06/02 9:01:27,同意する,1泊,1泊,金沢エリア  （湯涌温泉、深谷温泉、犀川温泉など）,石川県外には泊まらない,夫婦2人,"地元の美味しいものを食べる, 名所、旧跡の観光",新幹線,"タクシー, 徒歩",,,"20,000円以上 30,000円未満","20,000円以上 30,000円未満","50,000円以上 100,000円未満",2～5回目,"新聞・雑誌・ガイドブック, 観光パンフレット・ポスター, インターネット・アプリ",ひがし茶屋街,,ひがし茶屋街,,"1,000円未満",どちらでもない,,どちらでもない,,感じなかった,,5,,機会があれば行きたい,特に無し,男,1957,福島県,福島市,"1,000万円以上 1,200万円未満","ひゃくまんさんが好き, なんとなく",満足,9,
金沢エリア,KOKOHOTEL Premier 金沢香林坊,2024/06/02 9:32:25,同意する,1泊,1泊,金沢エリア  （湯涌温泉、深谷温泉、犀川温泉など）,石川県外には泊まらない,大学生の息子,"地元の美味しいものを食べる, 名所、旧跡の観光, お祭りやイベントへの参加・見物",新幹線,徒歩,,,"10,000円以上 20,000円未満","20,000円以上 30,000円未満","10,000円以上 20,000円未満",初めて,インターネット・アプリ,近江町市場,,兼六園,,"10,000円以上 20,000円未満",満足,,満足,,感じなかった,,8,トイレットペーパーがシングルだったことが不満,機会があれば行きたい,美味しいが、値段が高すぎる,女,1974,群馬県,前橋市,"900万円以上 1,000万円未満",能登牛が当たる,満足,8,
金沢エリア,KOKOHOTEL Premier 金沢香林坊,2024/06/02 10:29:53,同意する,1泊,1泊,金沢エリア  （湯涌温泉、深谷温泉、犀川温泉など）,石川県外には泊まらない,小学生以下連れの家族,"地元の美味しいものを食べる, 名所、旧跡の観光, スポーツ観戦や芸術鑑賞（コンサート等）",自家用車,自家用車,,,"10,000円以上 20,000円未満","5,000円以上 10,000円未満","40,000円以上 50,000円未満",初めて,"インターネット・アプリ, Instagram",選択なし/該当施設なし,ミリオンロックフェス,兼六園,,"10,000円以上 20,000円未満",満足,立地が良い,満足,アメニティが充実している,感じた,清掃があまい,7,,機会があれば行きたい,美味しいご飯をもっとアピールした方がいい！,女,1984,愛知県,名古屋市,700万円以上 800万円未満,なんとなく,満足,9,ミリオンロックフェスが家族向けで良い
金沢エリア,KOKOHOTEL Premier 金沢香林坊,2024/06/02 10:35:49,同意する,1泊,1泊,金沢エリア  （湯涌温泉、深谷温泉、犀川温泉など）,石川県,夫婦2人,"地元の美味しいものを食べる, 名所、旧跡の観光, 友人・親戚を訪ねる","新幹線, 在来線","路線バス, 徒歩",,,"5,000円以上 10,000円未満","1,000円未満","10,000円以上 20,000円未満",初めて,インターネット・アプリ,ひがし茶屋街,,兼六園,,"1,000円未満",満足,ふとんと枕が心地よき,満足,清掃が行き届いている,感じなかった,,8,,機会があれば行きたい,九谷焼で飲めるカフェ,女,1969,山梨県,大月市,600万円以上 700万円未満,能登牛が当たる,満足,8,海鮮ものが美味しい
金沢エリア,KOKOHOTEL Premier 金沢香林坊,2024/06/02 10:45:29,同意する,2泊,2泊,金沢エリア  （湯涌温泉、深谷温泉、犀川温泉など）,石川県外には泊まらない,自分ひとり,"地元の美味しいものを食べる, 名所、旧跡の観光, 出張など仕事関係",新幹線,徒歩,,,"20,000円以上 30,000円未満","1,000円未満","10,000円以上 20,000円未満",初めて,インターネット・アプリ,近江町市場,,兼六園,,"1,000円未満",満足,ウェルカムドリンクサービス,満足,ウェルカムドリンクサービス,感じた,シャワーの水圧、水量が弱い,7,,機会があれば行きたい,料理がおいしい、街並みがきれい,男,1989,東京都,練馬区,600万円以上 700万円未満,"能登牛が当たる, 石川県のおすすめ観光スポットが見たい, 石川県の雑学を知りたい",満足,10,料理が美味しい
金沢エリア,KOKOHOTEL Premier 金沢香林坊,2024/06/03 11:26:30,同意する,3泊,3泊,金沢エリア  （湯涌温泉、深谷温泉、犀川温泉など）,石川県外には泊まらない,恋人,名所、旧跡の観光,新幹線,"路線バス, レンタサイクル",満足,,"10,000円以上 20,000円未満","20,000円以上 30,000円未満","20,000円以上 30,000円未満",初めて,"Instagram, 友人・知人",金沢21世紀美術館,,兼六園,,"1,000円未満",とても満足,入浴剤があった,満足,綺麗,感じなかった,,5,何もみてない。,機会があれば行きたい,特になし。,男,2004,大阪府,東大阪市,200万円以上 300万円未満,石川県の観光施策に協力したいと思ったからです。,とても満足,10,美術館が良かった。
金沢エリア,KOKOHOTEL Premier 金沢香林坊,2024/06/04 15:58:37,同意する,1泊,1泊,金沢エリア  （湯涌温泉、深谷温泉、犀川温泉など）,石川県外には泊まらない,親,"地元の美味しいものを食べる, 名所、旧跡の観光, まちあるき、都市散策, 金沢百万石まつり","新幹線, 在来線",徒歩,どちらでもない,,"10,000円以上 20,000円未満","1,000円未満","3,000円以上 5,000円未満",初めて,インターネット・アプリ,選択なし/該当施設なし,金沢百万石まつり,近江町市場,,使わない,満足,,満足,,感じなかった,,5,,機会があれば行きたい,特になし,男,2004,神奈川県,横浜市,600万円以上 700万円未満,なんとなく,満足,6,
金沢エリア,KOKOHOTEL Premier 金沢香林坊,2024/06/05 8:21:48,同意する,2泊,1泊,金沢エリア  （湯涌温泉、深谷温泉、犀川温泉など）,長野県,夫婦2人,"地元の美味しいものを食べる, 名所、旧跡の観光",自家用車,自家用車,,,"5,000円以上 10,000円未満","5,000円以上 10,000円未満","5,000円以上 10,000円未満",初めて,インターネット・アプリ,選択なし/該当施設なし,,近江町市場,,"10,000円以上 20,000円未満",とても満足,,とても満足,,感じなかった,,10,,また行きたい（1年以内）,特になし,男,1953,兵庫県,たつの市,600万円以上 700万円未満,石川県のおすすめ観光スポットが見たい,とても満足,10,
金沢エリア,KOKOHOTEL Premier 金沢香林坊,2024/06/05 20:52:22,同意する,2泊,1泊,金沢エリア  （湯涌温泉、深谷温泉、犀川温泉など）,富山県,自分ひとり,出張など仕事関係,飛行機,レンタカー,どちらでもない,普段からレンタカーをよく利用するので。,"5,000円以上 10,000円未満","20,000円以上 30,000円未満","3,000円以上 5,000円未満",2～5回目,インターネット・アプリ,尾山神社,,選択なし/該当施設なし,,"5,000円以上 10,000円未満",満足,,満足,,感じなかった,,7,,また行きたい（1年以内）,海鮮,男,1975,大阪府,北区,800万円以上 900万円未満,"能登牛が当たる, ひゃくまんさんが好き",満足,10,
金沢エリア,KOKOHOTEL Premier 金沢香林坊,2024/06/06 23:38:29,同意する,4泊以上,4泊以上,金沢エリア  （湯涌温泉、深谷温泉、犀川温泉など）,石川県外には泊まらない,職場上司,"地元の美味しいものを食べる, 名所、旧跡の観光, 買い物、アウトレット, 各種体験（手作り、果物狩りなど）, 出張など仕事関係",新幹線,タクシー,満足,金沢の観光を説明いただきました,"50,000円以上 100,000円未満","10,000円以上 20,000円未満","50,000円以上 100,000円未満",2～5回目,agoda,兼六園,,金沢21世紀美術館,能登半島,使わない,満足,外国に泊まったようなインターナショナル感,満足,チェックイン前に荷物預かりを電話したらインフォメーションで流れた,感じた,絨毯の汚れ、フロントが外人だったためスピーディーにチェックインができない。,9,,また行きたい（1年以内）,富山に比べ鱒寿司や氷見うどん、日本酒の石川名産がいまいちわからない、リカーポケットみずはたさんのような酒屋さんがない事,女,1962,東京都,世田谷区,"1,000万円以上 1,200万円未満","能登牛が当たる, 石川県のおすすめ観光スポットが見たい, 石川県の雑学を知りたい, 富山で名産氷見うどんセットや豚肉セットに応募したから石川県でも応募してみた",満足,8,ミネラルウォーターサービス、静か、兼六園や金沢城の景色がよい、15-20時までのワイン加賀鳶サービス
金沢エリア,KOKOHOTEL Premier 金沢香林坊,2024/06/07 13:11:50,同意する,2泊,1泊,金沢エリア  （湯涌温泉、深谷温泉、犀川温泉など）,福井県,職場の同僚,出張など仕事関係,自家用車,自家用車,,,"5,000円以上 10,000円未満","5,000円以上 10,000円未満","20,000円以上 30,000円未満",初めて,インターネット・アプリ,ひがし茶屋街,,兼六園,,"20,000円以上 30,000円未満",満足,観光地として美しいから,満足,とにかく良かった,感じなかった,,8,とても美味しい,また行きたい（1年以内）,金沢おでん,男,1967,京都府,綴喜郡宇治田原町,"1,000万円以上 1,200万円未満",能登牛が当たる,とても満足,10,香林坊での飲食
金沢エリア,KOKOHOTEL Premier 金沢香林坊,2024/06/07 17:26:59,同意する,2泊,2泊,金沢エリア  （湯涌温泉、深谷温泉、犀川温泉など）,石川県外には泊まらない,自分ひとり,"地元の美味しいものを食べる, 友人・親戚を訪ねる, 出張など仕事関係",自家用車,自家用車,,,"10,000円以上 20,000円未満","20,000円以上 30,000円未満","30,000円以上 40,000円未満",6～10回目,インターネット・アプリ,ひがし茶屋街,,尾山神社,,"10,000円以上 20,000円未満",満足,片町、観光にも便利な場所にあり、かつ値段が安い,満足,,感じなかった,,8,,また行きたい（1年以内）,お土産の購入で、もっと集中した物産館の様な建物があると嬉しい　現状は駅ぐらいしか大型のお土産売場がないと思うので,男,1990,神奈川県,横浜市青葉区,"1,200万円以上 1,500万円未満",能登牛が当たる,とても満足,8,
金沢エリア,KOKOHOTEL Premier 金沢香林坊,2024/06/08 7:39:23,同意する,1泊,1泊,金沢エリア  （湯涌温泉、深谷温泉、犀川温泉など）,石川県外には泊まらない,夫婦2人,"地元の美味しいものを食べる, 買い物、アウトレット, ドライブ・ツーリング",自家用車,自家用車,,,"5,000円以上 10,000円未満","10,000円以上 20,000円未満","40,000円以上 50,000円未満",初めて,"観光パンフレット・ポスター, インターネット・アプリ, Instagram, 観光協会等の案内所",ひがし茶屋街,,金沢21世紀美術館,,"40,000円以上 50,000円未満",とても満足,,とても満足,,感じなかった,,10,,また行きたい（1年以内）,特になし,男,1957,新潟県,新潟市,"900万円以上 1,000万円未満","能登牛が当たる, ひゃくまんさんが好き, ARでひゃくまんさんと写真が撮りたかった, 動く３Dひゃくまんさんを見たい",満足,9,
金沢エリア,KOKOHOTEL Premier 金沢香林坊,2024/06/10 13:41:00,同意する,1泊,1泊,金沢エリア  （湯涌温泉、深谷温泉、犀川温泉など）,石川県外には泊まらない,恋人,"地元の美味しいものを食べる, まちあるき、都市散策",自家用車,自家用車,,,"10,000円以上 20,000円未満","3,000円以上 5,000円未満","10,000円以上 20,000円未満",2～5回目,友人・知人,兼六園,,近江町市場,,"10,000円以上 20,000円未満",とても満足,コスパが良い,とても満足,立地が良い,感じなかった,,10,,また行きたい（1年以内）,特になし,男,1975,富山県,高岡市,700万円以上 800万円未満,能登牛が当たる,とても満足,10,地元の料理
金沢エリア,KOKOHOTEL Premier 金沢香林坊,2024/06/10 17:50:27,同意する,1泊,1泊,金沢エリア  （湯涌温泉、深谷温泉、犀川温泉など）,石川県外には泊まらない,自分ひとり,"地元の美味しいものを食べる, スポーツ観戦や芸術鑑賞（コンサート等）, まちあるき、都市散策",旅行会社ツアーバス,"路線バス, レンタサイクル",満足,バスの本数はとても多く、レンタサイクルの台数も申し分ないと思います。バスの運賃が現金とアイカのみなのがちょっと面倒くさいかなと。,"5,000円以上 10,000円未満","10,000円以上 20,000円未満","20,000円以上 30,000円未満",2～5回目,"観光連盟やDMOのHP, X(旧：Twitter), 友人・知人, タクシードライバーや地元の人",選択なし/該当施設なし,,,,,,,,,,,,,,,,,,,,,,,